0.0 71.7003346
0.01 71.7003824
0.02 71.7004541
0.03 71.7005019
0.04 71.7005497
0.05 71.7005975
0.06 71.7006453
0.07 71.7006931
0.08 71.7007648
0.09 71.7008126
0.1 71.7008604
0.11 71.7009082
0.12 71.700956
0.13 71.7010038
0.14 71.7010755
0.15 71.7011233
0.16 71.7011711
0.17 71.7012189
0.18 71.7012667
0.19 71.7013145
0.2 71.7013862
0.21 71.701434
0.22 71.7014818
0.23 71.7015296
0.24 71.7015774
0.25 71.7016252
0.26 71.7016969
0.27 71.7017447
0.28 71.7017925
0.29 71.7018403
0.3 71.7018881
0.31 71.7019359
0.32 71.7020076
0.33 71.7020554
0.34 71.7021032
0.35 71.702151
0.36 71.7021988
0.37 71.7022466
0.38 71.7023183
0.39 71.7023661
0.4 71.7024139
0.41 71.7024617
0.42 71.7025095
0.43 71.7025812
0.44 71.702629
0.45 71.7026768
0.46 71.7027246
0.47 71.7027724
0.48 71.7028202
0.49 71.7028919
0.5 71.7029397
0.51 71.7029875
0.52 71.7030353
0.53 71.7030831
0.54 71.7031309
0.55 71.7032026
0.56 71.7032504
0.57 71.7032982
0.58 71.703346
0.59 71.7033938
0.6 71.7034416
0.61 71.7035133
0.62 71.7035611
0.63 71.7036089
0.64 71.7036567
0.65 71.7037045
0.66 71.7037523
0.67 71.703824
0.68 71.7038718
0.69 71.7039196
0.7 71.7039674
0.71 71.7040152
0.72 71.704063
0.73 71.7041108
0.74 71.7041825
0.75 71.7042303
0.76 71.7042781
0.77 71.7043259
0.78 71.7043737
0.79 71.7044215
0.8 71.7044932
0.81 71.704541
0.82 71.7045888
0.83 71.7046366
0.84 71.7046844
0.85 71.7047322
0.86 71.7048039
0.87 71.7048517
0.88 71.7048995
0.89 71.7049473
0.9 71.7049951
0.91 71.7050429
0.92 71.7051146
0.93 71.7051624
0.94 71.7052102
0.95 71.705258
0.96 71.7053058
0.97 71.7053536
0.98 71.7054253
0.99 71.7054731
1.0 71.7055209
1.01 71.7055687
1.02 71.7056165
1.03 71.7056643
1.04 71.7057121
1.05 71.7057838
1.06 71.7058316
1.07 71.7058794
1.08 71.7059272
1.09 71.705975
1.1 71.7060228
1.11 71.7060945
1.12 71.7061423
1.13 71.7061901
1.14 71.7062379
1.15 71.7062857
1.16 71.7063335
1.17 71.7063813
1.18 71.706453
1.19 71.7065008
1.2 71.7065486
1.21 71.7065964
1.22 71.7066442
1.23 71.706692
1.24 71.7067637
1.25 71.7068115
1.26 71.7068593
1.27 71.7069071
1.28 71.7069549
1.29 71.7070027
1.3 71.7070505
1.31 71.7071222
1.32 71.70717
1.33 71.7072178
1.34 71.7072656
1.35 71.7073134
1.36 71.7073612
1.37 71.707409
1.38 71.7074807
1.39 71.7075285
1.4 71.7075763
1.41 71.7076241
1.42 71.7076719
1.43 71.7077197
1.44 71.7077914
1.45 71.7078392
1.46 71.707887
1.47 71.7079348
1.48 71.7079826
1.49 71.7080304
1.5 71.7080782
1.51 71.7081499
1.52 71.7081977
1.53 71.7082455
1.54 71.7082933
1.55 71.7083411
1.56 71.7083889
1.57 71.7084367
1.58 71.7084845
1.59 71.7085562
1.6 71.708604
1.61 71.7086518
1.62 71.7086996
1.63 71.7087474
1.64 71.7087952
1.65 71.708843
1.66 71.7089147
1.67 71.7089625
1.68 71.7090103
1.69 71.7090581
1.7 71.7091059
1.71 71.7091537
1.72 71.7092015
1.73 71.7092732
1.74 71.709321
1.75 71.7093688
1.76 71.7094166
1.77 71.7094644
1.78 71.7095122
1.79 71.70956
1.8 71.7096078
1.81 71.7096795
1.82 71.7097273
1.83 71.7097751
1.84 71.7098229
1.85 71.7098707
1.86 71.7099185
1.87 71.7099663
1.88 71.7100141
1.89 71.7100858
1.9 71.7101336
1.91 71.7101814
1.92 71.7102292
1.93 71.710277
1.94 71.7103248
1.95 71.7103726
1.96 71.7104204
1.97 71.7104921
1.98 71.7105399
1.99 71.7105877
2.0 71.7106355
2.01 71.7106833
2.02 71.7107311
2.03 71.7107789
2.04 71.7108267
2.05 71.7108984
2.06 71.7109462
2.07 71.710994
2.08 71.7110418
2.09 71.7110896
2.1 71.7111374
2.11 71.7111852
2.12 71.711233
2.13 71.7112808
2.14 71.7113525
2.15 71.7114003
2.16 71.7114481
2.17 71.7114959
2.18 71.7115437
2.19 71.7115915
2.2 71.7116393
2.21 71.7116871
2.22 71.7117349
2.23 71.7118066
2.24 71.7118544
2.25 71.7119022
2.26 71.71195
2.27 71.7119978
2.28 71.7120456
2.29 71.7120934
2.3 71.7121412
2.31 71.712189
2.32 71.7122607
2.33 71.7123085
2.34 71.7123563
2.35 71.7124041
2.36 71.7124519
2.37 71.7124997
2.38 71.7125475
2.39 71.7125953
2.4 71.7126431
2.41 71.7126909
2.42 71.7127626
2.43 71.7128104
2.44 71.7128582
2.45 71.712906
2.46 71.7129538
2.47 71.7130016
2.48 71.7130494
2.49 71.7130972
2.5 71.713145
2.51 71.7131928
2.52 71.7132406
2.53 71.7133123
2.54 71.7133601
2.55 71.7134079
2.56 71.7134557
2.57 71.7135035
2.58 71.7135513
2.59 71.7135991
2.6 71.7136469
2.61 71.7136947
2.62 71.7137425
2.63 71.7137903
2.64 71.713862
2.65 71.7139098
2.66 71.7139576
2.67 71.7140054
2.68 71.7140532
2.69 71.714101
2.7 71.7141488
2.71 71.7141966
2.72 71.7142444
2.73 71.7142922
2.74 71.71434
2.75 71.7143878
2.76 71.7144356
2.77 71.7145073
2.78 71.7145551
2.79 71.7146029
2.8 71.7146507
2.81 71.7146985
2.82 71.7147463
2.83 71.7147941
2.84 71.7148419
2.85 71.7148897
2.86 71.7149375
2.87 71.7149853
2.88 71.7150331
2.89 71.7150809
2.9 71.7151287
2.91 71.7152004
2.92 71.7152482
2.93 71.715296
2.94 71.7153438
2.95 71.7153916
2.96 71.7154394
2.97 71.7154872
2.98 71.715535
2.99 71.7155828
3.0 71.7156306
3.01 71.7156784
3.02 71.7157262
3.03 71.715774
3.04 71.7158218
3.05 71.7158696
3.06 71.7159174
3.07 71.7159652
3.08 71.716013
3.09 71.7160847
3.1 71.7161325
3.11 71.7161803
3.12 71.7162281
3.13 71.7162759
3.14 71.7163237
3.15 71.7163715
3.16 71.7164193
3.17 71.7164671
3.18 71.7165149
3.19 71.7165627
3.2 71.7166105
3.21 71.7166583
3.22 71.7167061
3.23 71.7167539
3.24 71.7168017
3.25 71.7168495
3.26 71.7168973
3.27 71.7169451
3.28 71.7169929
3.29 71.7170407
3.3 71.7170885
3.31 71.7171363
3.32 71.717208
3.33 71.7172558
3.34 71.7173036
3.35 71.7173514
3.36 71.7173992
3.37 71.717447
3.38 71.7174948
3.39 71.7175426
3.4 71.7175904
3.41 71.7176382
3.42 71.717686
3.43 71.7177338
3.44 71.7177816
3.45 71.7178294
3.46 71.7178772
3.47 71.717925
3.48 71.7179728
3.49 71.7180206
3.5 71.7180684
3.51 71.7181162
3.52 71.718164
3.53 71.7182118
3.54 71.7182596
3.55 71.7183074
3.56 71.7183552
3.57 71.718403
3.58 71.7184508
3.59 71.7184986
3.6 71.7185464
3.61 71.7185942
3.62 71.718642
3.63 71.7186898
3.64 71.7187376
3.65 71.7187854
3.66 71.7188332
3.67 71.718881
3.68 71.7189288
3.69 71.7189766
3.7 71.7190244
3.71 71.7190722
3.72 71.71912
3.73 71.7191678
3.74 71.7192156
3.75 71.7192634
3.76 71.7193112
3.77 71.719359
3.78 71.7194068
3.79 71.7194546
3.8 71.7195024
3.81 71.7195502
3.82 71.719598
3.83 71.7196458
3.84 71.7196936
3.85 71.7197414
3.86 71.7197892
3.87 71.719837
3.88 71.7198848
3.89 71.7199326
3.9 71.7199804
3.91 71.7200282
3.92 71.720076
3.93 71.7201238
3.94 71.7201716
3.95 71.7202194
3.96 71.7202672
3.97 71.720315
3.98 71.7203628
3.99 71.7204106
4.0 71.7204584
4.01 71.7205062
4.02 71.720554
4.03 71.7206018
4.04 71.7206496
4.05 71.7206735
4.06 71.7207213
4.07 71.7207691
4.08 71.7208169
4.09 71.7208647
4.1 71.7209125
4.11 71.7209603
4.12 71.7210081
4.13 71.7210559
4.14 71.7211037
4.15 71.7211515
4.16 71.7211993
4.17 71.7212471
4.18 71.7212949
4.19 71.7213427
4.2 71.7213905
4.21 71.7214383
4.22 71.7214861
4.23 71.7215339
4.24 71.7215817
4.25 71.7216295
4.26 71.7216773
4.27 71.7217012
4.28 71.721749
4.29 71.7217968
4.3 71.7218446
4.31 71.7218924
4.32 71.7219402
4.33 71.721988
4.34 71.7220358
4.35 71.7220836
4.36 71.7221314
4.37 71.7221792
4.38 71.722227
4.39 71.7222748
4.4 71.7223226
4.41 71.7223704
4.42 71.7223943
4.43 71.7224421
4.44 71.7224899
4.45 71.7225377
4.46 71.7225855
4.47 71.7226333
4.48 71.7226811
4.49 71.7227289
4.5 71.7227767
4.51 71.7228245
4.52 71.7228723
4.53 71.7229201
4.54 71.722944
4.55 71.7229918
4.56 71.7230396
4.57 71.7230874
4.58 71.7231352
4.59 71.723183
4.6 71.7232308
4.61 71.7232786
4.62 71.7233264
4.63 71.7233742
4.64 71.723422
4.65 71.7234459
4.66 71.7234937
4.67 71.7235415
4.68 71.7235893
4.69 71.7236371
4.7 71.7236849
4.71 71.7237327
4.72 71.7237805
4.73 71.7238283
4.74 71.7238522
4.75 71.7239
4.76 71.7239478
4.77 71.7239956
4.78 71.7240434
4.79 71.7240912
4.8 71.724139
4.81 71.7241629
4.82 71.7242107
4.83 71.7242585
4.84 71.7243063
4.85 71.7243541
4.86 71.7244019
4.87 71.7244258
4.88 71.7244736
4.89 71.7245214
4.9 71.7245692
4.91 71.724617
4.92 71.7246409
4.93 71.7246887
4.94 71.7247365
4.95 71.7247843
4.96 71.7248321
4.97 71.724856
4.98 71.7249038
4.99 71.7249516
5.0 71.7249994
5.01 71.7250233
5.02 71.7250711
5.03 71.7251189
5.04 71.7251428
5.05 71.7251906
5.06 71.7252384
5.07 71.7252623
5.08 71.7253101
5.09 71.7253579
5.1 71.7253818
5.11 71.7254296
5.12 71.7254774
5.13 71.7255013
5.14 71.7255491
5.15 71.7255969
5.16 71.7256208
5.17 71.7256686
5.18 71.7256925
5.19 71.7257403
5.2 71.7257642
5.21 71.725812
5.22 71.7258359
5.23 71.7258837
5.24 71.7259076
5.25 71.7259554
5.26 71.7259793
5.27 71.7260271
5.28 71.726051
5.29 71.7260988
5.3 71.7261227
5.31 71.7261705
5.32 71.7261944
5.33 71.7262183
5.34 71.7262661
5.35 71.72629
5.36 71.7263139
5.37 71.7263617
5.38 71.7263856
5.39 71.7264095
5.4 71.7264573
5.41 71.7264812
5.42 71.7265051
5.43 71.726529
5.44 71.7265768
5.45 71.7266007
5.46 71.7266246
5.47 71.7266485
5.48 71.7266724
5.49 71.7266963
5.5 71.7267441
5.51 71.726768
5.52 71.7267919
5.53 71.7268158
5.54 71.7268397
5.55 71.7268636
5.56 71.7268875
5.57 71.7269114
5.58 71.7269353
5.59 71.7269592
5.6 71.7269831
5.61 71.727007
5.62 71.7270309
5.63 71.7270548
5.64 71.7270548
5.65 71.7270787
5.66 71.7271026
5.67 71.7271265
5.68 71.7271504
5.69 71.7271743
5.7 71.7271743
5.71 71.7271982
5.72 71.7272221
5.73 71.727246
5.74 71.727246
5.75 71.7272699
5.76 71.7272699
5.77 71.7272938
5.78 71.7273177
5.79 71.7273177
5.8 71.7273416
5.81 71.7273416
5.82 71.7273655
5.83 71.7273655
5.84 71.7273894
5.85 71.7273894
5.86 71.7274133
5.87 71.7274133
5.88 71.7274133
5.89 71.7274372
5.9 71.7274372
5.91 71.7274372
5.92 71.7274611
5.93 71.7274611
5.94 71.7274611
5.95 71.7274611
5.96 71.727485
5.97 71.727485
5.98 71.727485
5.99 71.727485
6.0 71.727485
6.01 71.727485
6.02 71.727485
6.03 71.727485
6.04 71.727485
6.05 71.727485
6.06 71.727485
6.07 71.727485
6.08 71.727485
6.09 71.727485
6.1 71.7274611
6.11 71.7274611
6.12 71.7274611
6.13 71.7274611
6.14 71.7274372
6.15 71.7274372
6.16 71.7274372
6.17 71.7274133
6.18 71.7274133
6.19 71.7274133
6.2 71.7273894
6.21 71.7273894
6.22 71.7273655
6.23 71.7273655
6.24 71.7273416
6.25 71.7273177
6.26 71.7273177
6.27 71.7272938
6.28 71.7272699
6.29 71.7272699
6.3 71.727246
6.31 71.7272221
6.32 71.7271982
6.33 71.7271982
6.34 71.7271743
6.35 71.7271504
6.36 71.7271265
6.37 71.7271026
6.38 71.7270787
6.39 71.7270548
6.4 71.7270309
6.41 71.727007
6.42 71.7269831
6.43 71.7269353
6.44 71.7269114
6.45 71.7268875
6.46 71.7268636
6.47 71.7268158
6.48 71.7267919
6.49 71.726768
6.5 71.7267202
6.51 71.7266963
6.52 71.7266485
6.53 71.7266246
6.54 71.7265768
6.55 71.7265529
6.56 71.7265051
6.57 71.7264812
6.58 71.7264334
6.59 71.7263856
6.6 71.7263378
6.61 71.7263139
6.62 71.7262661
6.63 71.7262183
6.64 71.7261705
6.65 71.7261227
6.66 71.7260749
6.67 71.7260271
6.68 71.7259793
6.69 71.7259315
6.7 71.7258837
6.71 71.7258359
6.72 71.7257881
6.73 71.7257164
6.74 71.7256686
6.75 71.7256208
6.76 71.7255491
6.77 71.7255013
6.78 71.7254535
6.79 71.7253818
6.8 71.725334
6.81 71.7252623
6.82 71.7252145
6.83 71.7251428
6.84 71.7250711
6.85 71.7250233
6.86 71.7249516
6.87 71.7248799
6.88 71.7248082
6.89 71.7247365
6.9 71.7246887
6.91 71.724617
6.92 71.7245453
6.93 71.7244736
6.94 71.7244019
6.95 71.7243063
6.96 71.7242346
6.97 71.7241629
6.98 71.7240912
6.99 71.7240195
7.0 71.7239239
7.01 71.7238522
7.02 71.7237805
7.03 71.7236849
7.04 71.7236132
7.05 71.7235176
7.06 71.7234459
7.07 71.7233503
7.08 71.7232547
7.09 71.723183
7.1 71.7230874
7.11 71.7229918
7.12 71.7228962
7.13 71.7228006
7.14 71.722705
7.15 71.7226094
7.16 71.7225138
7.17 71.7224182
7.18 71.7223226
7.19 71.722227
7.2 71.7221314
7.21 71.7220358
7.22 71.7219163
7.23 71.7218207
7.24 71.7217251
7.25 71.7216056
7.26 71.72151
7.27 71.7213905
7.28 71.7212949
7.29 71.7211754
7.3 71.7210559
7.31 71.7209603
7.32 71.7208408
7.33 71.7207213
7.34 71.7206018
7.35 71.7204823
7.36 71.7203628
7.37 71.7202433
7.38 71.7201238
7.39 71.7200043
7.4 71.7198848
7.41 71.7197653
7.42 71.7196219
7.43 71.7195024
7.44 71.7193829
7.45 71.7192395
7.46 71.71912
7.47 71.7189766
7.48 71.7188571
7.49 71.7187137
7.5 71.7185703
7.51 71.7184508
7.52 71.7183074
7.53 71.718164
7.54 71.7180206
7.55 71.7178772
7.56 71.7177338
7.57 71.7175904
7.58 71.717447
7.59 71.7173036
7.6 71.7171602
7.61 71.7170168
7.62 71.7168495
7.63 71.7167061
7.64 71.7165627
7.65 71.7163954
7.66 71.716252
7.67 71.7160847
7.68 71.7159174
7.69 71.715774
7.7 71.7156067
7.71 71.7154394
7.72 71.7152721
7.73 71.7151287
7.74 71.7149614
7.75 71.7147941
7.76 71.7146268
7.77 71.7144356
7.78 71.7142683
7.79 71.714101
7.8 71.7139337
7.81 71.7137425
7.82 71.7135752
7.83 71.7134079
7.84 71.7132167
7.85 71.7130255
7.86 71.7128582
7.87 71.712667
7.88 71.7124758
7.89 71.7123085
7.9 71.7121173
7.91 71.7119261
7.92 71.7117349
7.93 71.7115437
7.94 71.7113525
7.95 71.7111374
7.96 71.7109462
7.97 71.710755
7.98 71.7105638
7.99 71.7103487
8.0 71.7101575
8.01 71.7099424
8.02 71.7097512
8.03 71.7095361
8.04 71.709321
8.05 71.7091298
8.06 71.7089147
8.07 71.7086996
8.08 71.7084845
8.09 71.7082694
8.1 71.7080543
8.11 71.7078392
8.12 71.7076241
8.13 71.7073851
8.14 71.70717
8.15 71.7069549
8.16 71.7067159
8.17 71.7065008
8.18 71.7062618
8.19 71.7060228
8.2 71.7058077
8.21 71.7055687
8.22 71.7053297
8.23 71.7050907
8.24 71.7048517
8.25 71.7046127
8.26 71.7043737
8.27 71.7041347
8.28 71.7038957
8.29 71.7036567
8.3 71.7033938
8.31 71.7031548
8.32 71.7028919
8.33 71.7026529
8.34 71.70239
8.35 71.702151
8.36 71.7018881
8.37 71.7016252
8.38 71.7013623
8.39 71.7010994
8.4 71.7008365
8.41 71.7005736
8.42 71.7003107
8.43 71.7000478
8.44 71.6997849
8.45 71.6994981
8.46 71.6992352
8.47 71.6989484
8.48 71.6986855
8.49 71.6983987
8.5 71.6981358
8.51 71.697849
8.52 71.6975622
8.53 71.6972754
8.54 71.6969886
8.55 71.6967018
8.56 71.696415
8.57 71.6961282
8.58 71.6958414
8.59 71.6955307
8.6 71.6952439
8.61 71.6949332
8.62 71.6946464
8.63 71.6943357
8.64 71.6940489
8.65 71.6937382
8.66 71.6934275
8.67 71.6931168
8.68 71.6928061
8.69 71.6924954
8.7 71.6921847
8.71 71.691874
8.72 71.6915633
8.73 71.6912526
8.74 71.690918
8.75 71.6906073
8.76 71.6902727
8.77 71.689962
8.78 71.6896274
8.79 71.6892928
8.8 71.6889582
8.81 71.6886236
8.82 71.688289
8.83 71.6879544
8.84 71.6876198
8.85 71.6872852
8.86 71.6869506
8.87 71.6865921
8.88 71.6862575
8.89 71.685899
8.9 71.6855644
8.91 71.6852059
8.92 71.6848713
8.93 71.6845128
8.94 71.6841543
8.95 71.6837958
8.96 71.6834373
8.97 71.6830788
8.98 71.6827203
8.99 71.6823379
9.0 71.6819794
9.01 71.6816209
9.02 71.6812385
9.03 71.6808561
9.04 71.6804976
9.05 71.6801152
9.06 71.6797328
9.07 71.6793504
9.08 71.678968
9.09 71.6785856
9.1 71.6782032
9.11 71.6778208
9.12 71.6774384
9.13 71.6770321
9.14 71.6766497
9.15 71.6762434
9.16 71.675861
9.17 71.6754547
9.18 71.6750484
9.19 71.6746421
9.2 71.6742597
9.21 71.6738534
9.22 71.6734232
9.23 71.6730169
9.24 71.6726106
9.25 71.6722043
9.26 71.6717741
9.27 71.6713678
9.28 71.6709376
9.29 71.6705074
9.3 71.6701011
9.31 71.6696709
9.32 71.6692407
9.33 71.6688105
9.34 71.6683803
9.35 71.6679501
9.36 71.6675199
9.37 71.6670658
9.38 71.6666356
9.39 71.6661815
9.4 71.6657513
9.41 71.6652972
9.42 71.6648431
9.43 71.6644129
9.44 71.6639588
9.45 71.6635047
9.46 71.6630506
9.47 71.6625965
9.48 71.6621185
9.49 71.6616644
9.5 71.6612103
9.51 71.6607323
9.52 71.6602782
9.53 71.6598002
9.54 71.6593222
9.55 71.6588681
9.56 71.6583901
9.57 71.6579121
9.58 71.6574341
9.59 71.6569561
9.6 71.6564781
9.61 71.6559762
9.62 71.6554982
9.63 71.6550202
9.64 71.6545183
9.65 71.6540164
9.66 71.6535384
9.67 71.6530365
9.68 71.6525346
9.69 71.6520327
9.7 71.6515308
9.71 71.6510289
9.72 71.650527
9.73 71.6500251
9.74 71.6495232
9.75 71.6489974
9.76 71.6484955
9.77 71.6479697
9.78 71.6474439
9.79 71.646942
9.8 71.6464162
9.81 71.6458904
9.82 71.6453646
9.83 71.6448388
9.84 71.644313
9.85 71.6437872
9.86 71.6432614
9.87 71.6427117
9.88 71.6421859
9.89 71.6416362
9.9 71.6411104
9.91 71.6405607
9.92 71.640011
9.93 71.6394613
9.94 71.6389116
9.95 71.6383619
9.96 71.6378122
9.97 71.6372625
9.98 71.6367128
9.99 71.6361631
10.0 71.6355895
10.01 71.6350398
10.02 71.6344662
10.03 71.6339165
10.04 71.6333429
10.05 71.6327693
10.06 71.6321957
10.07 71.6316221
10.08 71.6310485
10.09 71.6304749
10.1 71.6299013
10.11 71.6293277
10.12 71.6287302
10.13 71.6281566
10.14 71.6275591
10.15 71.6269855
10.16 71.626388
10.17 71.6257905
10.18 71.6252169
10.19 71.6246194
10.2 71.6240219
10.21 71.6234244
10.22 71.622803
10.23 71.6222055
10.24 71.621608
10.25 71.6210105
10.26 71.6203891
10.27 71.6197916
10.28 71.6191702
10.29 71.6185488
10.3 71.6179274
10.31 71.6173299
10.32 71.6167085
10.33 71.6160871
10.34 71.6154657
10.35 71.6148204
10.36 71.614199
10.37 71.6135776
10.38 71.6129323
10.39 71.6123109
10.4 71.6116656
10.41 71.6110442
10.42 71.6103989
10.43 71.6097536
10.44 71.6091083
10.45 71.608463
10.46 71.6078177
10.47 71.6071724
10.48 71.6065271
10.49 71.6058818
10.5 71.6052126
10.51 71.6045673
10.52 71.6038981
10.53 71.6032528
10.54 71.6025836
10.55 71.6019144
10.56 71.6012691
10.57 71.6005999
10.58 71.5999307
10.59 71.5992615
10.6 71.5985923
10.61 71.5978992
10.62 71.59723
10.63 71.5965608
10.64 71.5958677
10.65 71.5951985
10.66 71.5945054
10.67 71.5938123
10.68 71.5931431
10.69 71.59245
10.7 71.5917569
10.71 71.5910638
10.72 71.5903707
10.73 71.5896776
10.74 71.5889606
10.75 71.5882675
10.76 71.5875744
10.77 71.5868574
10.78 71.5861643
10.79 71.5854473
10.8 71.5847303
10.81 71.5840372
10.82 71.5833202
10.83 71.5826032
10.84 71.5818862
10.85 71.5811692
10.86 71.5804522
10.87 71.5797113
10.88 71.5789943
10.89 71.5782773
10.9 71.5775364
10.91 71.5768194
10.92 71.5760785
10.93 71.5753376
10.94 71.5745967
10.95 71.5738797
10.96 71.5731388
10.97 71.5723979
10.98 71.5716331
10.99 71.5708922
11.0 71.5701513
11.01 71.5694104
11.02 71.5686456
11.03 71.5679047
11.04 71.5671399
11.05 71.566399
11.06 71.5656342
11.07 71.5648694
11.08 71.5641046
11.09 71.5633398
11.1 71.562575
11.11 71.5618102
11.12 71.5610454
11.13 71.5602806
11.14 71.5594919
11.15 71.5587271
11.16 71.5579623
11.17 71.5571736
11.18 71.5563849
11.19 71.5556201
11.2 71.5548314
11.21 71.5540427
11.22 71.553254
11.23 71.5524653
11.24 71.5516766
11.25 71.5508879
11.26 71.5500753
11.27 71.5492866
11.28 71.5484979
11.29 71.5476853
11.3 71.5468966
11.31 71.546084
11.32 71.5452714
11.33 71.5444827
11.34 71.5436701
11.35 71.5428575
11.36 71.5420449
11.37 71.5412323
11.38 71.5403958
11.39 71.5395832
11.4 71.5387706
11.41 71.5379341
11.42 71.5371215
11.43 71.536285
11.44 71.5354724
11.45 71.5346359
11.46 71.5337994
11.47 71.5329629
11.48 71.5321503
11.49 71.5313138
11.5 71.5304534
11.51 71.5296169
11.52 71.5287804
11.53 71.5279439
11.54 71.5270835
11.55 71.526247
11.56 71.5253866
11.57 71.5245501
11.58 71.5236897
11.59 71.5228293
11.6 71.5219689
11.61 71.5211085
11.62 71.5202481
11.63 71.5193877
11.64 71.5185273
11.65 71.5176669
11.66 71.5168065
11.67 71.5159222
11.68 71.5150618
11.69 71.5141775
11.7 71.5133171
11.71 71.5124328
11.72 71.5115485
11.73 71.5106881
11.74 71.5098038
11.75 71.5089195
11.76 71.5080352
11.77 71.507127
11.78 71.5062427
11.79 71.5053584
11.8 71.5044741
11.81 71.5035659
11.82 71.5026816
11.83 71.5017734
11.84 71.5008652
11.85 71.4999809
11.86 71.4990727
11.87 71.4981645
11.88 71.4972563
11.89 71.4963481
11.9 71.4954399
11.91 71.4945317
11.92 71.4935996
11.93 71.4926914
11.94 71.4917832
11.95 71.4908511
11.96 71.4899429
11.97 71.4890108
11.98 71.4880787
11.99 71.4871705
12.0 71.4862384
12.01 71.4853063
12.02 71.4843742
12.03 71.4834421
12.04 71.4824861
12.05 71.481554
12.06 71.4806219
12.07 71.4796898
12.08 71.4787338
12.09 71.4778017
12.1 71.4768457
12.11 71.4758897
12.12 71.4749576
12.13 71.4740016
12.14 71.4730456
12.15 71.4720896
12.16 71.4711336
12.17 71.4701776
12.18 71.4691977
12.19 71.4682417
12.2 71.4672857
12.21 71.4663058
12.22 71.4653498
12.23 71.4643699
12.24 71.4634139
12.25 71.462434
12.26 71.4614541
12.27 71.4604742
12.28 71.4594943
12.29 71.4585144
12.3 71.4575345
12.31 71.4565546
12.32 71.4555747
12.33 71.4545709
12.34 71.453591
12.35 71.4526111
12.36 71.4516073
12.37 71.4506035
12.38 71.4496236
12.39 71.4486198
12.4 71.447616
12.41 71.4466122
12.42 71.4456084
12.43 71.4446046
12.44 71.4436008
12.45 71.442597
12.46 71.4415932
12.47 71.4405655
12.48 71.4395617
12.49 71.438534
12.5 71.4375302
12.51 71.4365025
12.52 71.4354748
12.53 71.434471
12.54 71.4334433
12.55 71.4324156
12.56 71.4313879
12.57 71.4303602
12.58 71.4293325
12.59 71.4282809
12.6 71.4272532
12.61 71.4262255
12.62 71.4251739
12.63 71.4241462
12.64 71.4230946
12.65 71.422043
12.66 71.4210153
12.67 71.4199637
12.68 71.4189121
12.69 71.4178605
12.7 71.4168089
12.71 71.4157573
12.72 71.4147057
12.73 71.4136302
12.74 71.4125786
12.75 71.411527
12.76 71.4104515
12.77 71.4093999
12.78 71.4083244
12.79 71.4072489
12.8 71.4061973
12.81 71.4051218
12.82 71.4040463
12.83 71.4029708
12.84 71.4018953
12.85 71.4008198
12.86 71.3997204
12.87 71.3986449
12.88 71.3975694
12.89 71.39647
12.9 71.3953945
12.91 71.3942951
12.92 71.3932196
12.93 71.3921202
12.94 71.3910208
12.95 71.3899214
12.96 71.388822
12.97 71.3877226
12.98 71.3866232
12.99 71.3855238
13.0 71.3844244
13.01 71.383325
13.02 71.3822017
13.03 71.3811023
13.04 71.379979
13.05 71.3788796
13.06 71.3777563
13.07 71.376633
13.08 71.3755336
13.09 71.3744103
13.1 71.373287
13.11 71.3721637
13.12 71.3710404
13.13 71.3699171
13.14 71.3687699
13.15 71.3676466
13.16 71.3665233
13.17 71.3653761
13.18 71.3642528
13.19 71.3631056
13.2 71.3619584
13.21 71.3608351
13.22 71.3596879
13.23 71.3585407
13.24 71.3573935
13.25 71.3562463
13.26 71.3550991
13.27 71.3539519
13.28 71.3528047
13.29 71.3516336
13.3 71.3504864
13.31 71.3493153
13.32 71.3481681
13.33 71.346997
13.34 71.3458498
13.35 71.3446787
13.36 71.3435076
13.37 71.3423365
13.38 71.3411654
13.39 71.3399943
13.4 71.3388232
13.41 71.3376521
13.42 71.336481
13.43 71.3353099
13.44 71.3341149
13.45 71.3329438
13.46 71.3317488
13.47 71.3305777
13.48 71.3293827
13.49 71.3281877
13.5 71.3269927
13.51 71.3258216
13.52 71.3246266
13.53 71.3234316
13.54 71.3222127
13.55 71.3210177
13.56 71.3198227
13.57 71.3186277
13.58 71.3174088
13.59 71.3162138
13.6 71.3149949
13.61 71.3137999
13.62 71.312581
13.63 71.3113621
13.64 71.3101671
13.65 71.3089482
13.66 71.3077293
13.67 71.3065104
13.68 71.3052915
13.69 71.3040726
13.7 71.3028298
13.71 71.3016109
13.72 71.300392
13.73 71.2991492
13.74 71.2979303
13.75 71.2966875
13.76 71.2954686
13.77 71.2942258
13.78 71.292983
13.79 71.2917402
13.8 71.2904974
13.81 71.2892546
13.82 71.2880118
13.83 71.286769
13.84 71.2855262
13.85 71.2842834
13.86 71.2830167
13.87 71.2817739
13.88 71.2805072
13.89 71.2792644
13.9 71.2779977
13.91 71.276731
13.92 71.2754882
13.93 71.2742215
13.94 71.2729548
13.95 71.2716881
13.96 71.2704214
13.97 71.2691547
13.98 71.267888
13.99 71.2665974
14.0 71.2653307
14.01 71.264064
14.02 71.2627734
14.03 71.2615067
14.04 71.2602161
14.05 71.2589255
14.06 71.2576588
14.07 71.2563682
14.08 71.2550776
14.09 71.253787
14.1 71.2524964
14.11 71.2512058
14.12 71.2499152
14.13 71.2486007
14.14 71.2473101
14.15 71.2460195
14.16 71.244705
14.17 71.2434144
14.18 71.2420999
14.19 71.2408093
14.2 71.2394948
14.21 71.2381803
14.22 71.2368658
14.23 71.2355513
14.24 71.2342368
14.25 71.2329223
14.26 71.2316078
14.27 71.2302933
14.28 71.2289788
14.29 71.2276404
14.3 71.2263259
14.31 71.2249875
14.32 71.223673
14.33 71.2223346
14.34 71.2210201
14.35 71.2196817
14.36 71.2183433
14.37 71.2170049
14.38 71.2156665
14.39 71.2143281
14.4 71.2129897
14.41 71.2116513
14.42 71.2103129
14.43 71.2089506
14.44 71.2076122
14.45 71.2062499
14.46 71.2049115
14.47 71.2035492
14.48 71.2022108
14.49 71.2008485
14.5 71.1994862
14.51 71.1981239
14.52 71.1967616
14.53 71.1953993
14.54 71.194037
14.55 71.1926747
14.56 71.1913124
14.57 71.1899501
14.58 71.1885639
14.59 71.1872016
14.6 71.1858154
14.61 71.1844531
14.62 71.1830669
14.63 71.1817046
14.64 71.1803184
14.65 71.1789322
14.66 71.177546
14.67 71.1761598
14.68 71.1747736
14.69 71.1733874
14.7 71.1720012
14.71 71.170615
14.72 71.1692049
14.73 71.1678187
14.74 71.1664325
14.75 71.1650224
14.76 71.1636362
14.77 71.1622261
14.78 71.160816
14.79 71.1594298
14.8 71.1580197
14.81 71.1566096
14.82 71.1551995
14.83 71.1537894
14.84 71.1523793
14.85 71.1509453
14.86 71.1495352
14.87 71.1481251
14.88 71.146715
14.89 71.145281
14.9 71.1438709
14.91 71.1424369
14.92 71.1410029
14.93 71.1395928
14.94 71.1381588
14.95 71.1367248
14.96 71.1352908
14.97 71.1338568
14.98 71.1324228
14.99 71.1309888
15.0 71.1295548
15.01 71.1281208
15.02 71.1266629
15.03 71.1252289
15.04 71.123771
15.05 71.122337
15.06 71.1208791
15.07 71.1194451
15.08 71.1179872
15.09 71.1165293
15.1 71.1150714
15.11 71.1136135
15.12 71.1121556
15.13 71.1106977
15.14 71.1092398
15.15 71.1077819
15.16 71.106324
15.17 71.1048422
15.18 71.1033843
15.19 71.1019025
15.2 71.1004446
15.21 71.0989628
15.22 71.0975049
15.23 71.0960231
15.24 71.0945413
15.25 71.0930595
15.26 71.0915777
15.27 71.0900959
15.28 71.0886141
15.29 71.0871323
15.3 71.0856505
15.31 71.0841687
15.32 71.082663
15.33 71.0811812
15.34 71.0796755
15.35 71.0781937
15.36 71.076688
15.37 71.0752062
15.38 71.0737005
15.39 71.0721948
15.4 71.0706891
15.41 71.0691834
15.42 71.0676777
15.43 71.066172
15.44 71.0646663
15.45 71.0631606
15.46 71.0616549
15.47 71.0601253
15.48 71.0586196
15.49 71.0571139
15.5 71.0555843
15.51 71.0540547
15.52 71.052549
15.53 71.0510194
15.54 71.0494898
15.55 71.0479602
15.56 71.0464545
15.57 71.0449249
15.58 71.0433714
15.59 71.0418418
15.6 71.0403122
15.61 71.0387826
15.62 71.037253
15.63 71.0356995
15.64 71.0341699
15.65 71.0326164
15.66 71.0310868
15.67 71.0295333
15.68 71.0279798
15.69 71.0264502
15.7 71.0248967
15.71 71.0233432
15.72 71.0217897
15.73 71.0202362
15.74 71.0186827
15.75 71.0171292
15.76 71.0155518
15.77 71.0139983
15.78 71.0124448
15.79 71.0108674
15.8 71.0093139
15.81 71.0077365
15.82 71.006183
15.83 71.0046056
15.84 71.0030282
15.85 71.0014508
15.86 70.9998734
15.87 70.998296
15.88 70.9967186
15.89 70.9951412
15.9 70.9935638
15.91 70.9919864
15.92 70.990409
15.93 70.9888077
15.94 70.9872303
15.95 70.985629
15.96 70.9840516
15.97 70.9824503
15.98 70.9808729
15.99 70.9792716
16.0 70.9776703
16.01 70.976069
16.02 70.9744677
16.03 70.9728664
16.04 70.9712651
16.05 70.9696638
16.06 70.9680625
16.07 70.9664612
16.08 70.964836
16.09 70.9632347
16.1 70.9616334
16.11 70.9600082
16.12 70.958383
16.13 70.9567817
16.14 70.9551565
16.15 70.9535313
16.16 70.95193
16.17 70.9503048
16.18 70.9486796
16.19 70.9470544
16.2 70.9454292
16.21 70.9437801
16.22 70.9421549
16.23 70.9405297
16.24 70.9389045
16.25 70.9372554
16.26 70.9356302
16.27 70.9339811
16.28 70.9323559
16.29 70.9307068
16.3 70.9290577
16.31 70.9274086
16.32 70.9257595
16.33 70.9241343
16.34 70.9224852
16.35 70.9208361
16.36 70.9191631
16.37 70.917514
16.38 70.9158649
16.39 70.9142158
16.4 70.9125428
16.41 70.9108937
16.42 70.9092207
16.43 70.9075716
16.44 70.9058986
16.45 70.9042256
16.46 70.9025765
16.47 70.9009035
16.48 70.8992305
16.49 70.8975575
16.5 70.8958845
16.51 70.8942115
16.52 70.8925385
16.53 70.8908655
16.54 70.8891686
16.55 70.8874956
16.56 70.8858226
16.57 70.8841257
16.58 70.8824527
16.59 70.8807558
16.6 70.8790589
16.61 70.8773859
16.62 70.875689
16.63 70.8739921
16.64 70.8722952
16.65 70.8705983
16.66 70.8689014
16.67 70.8672045
16.68 70.8655076
16.69 70.8638107
16.7 70.8621138
16.71 70.860393
16.72 70.8586961
16.73 70.8569753
16.74 70.8552784
16.75 70.8535576
16.76 70.8518607
16.77 70.8501399
16.78 70.8484191
16.79 70.8466983
16.8 70.8449775
16.81 70.8432567
16.82 70.8415359
16.83 70.8398151
16.84 70.8380943
16.85 70.8363735
16.86 70.8346527
16.87 70.832908
16.88 70.8311872
16.89 70.8294425
16.9 70.8277217
16.91 70.825977
16.92 70.8242562
16.93 70.8225115
16.94 70.8207668
16.95 70.8190221
16.96 70.8172774
16.97 70.8155327
16.98 70.813788
16.99 70.8120433
17.0 70.8102986
17.01 70.8085539
17.02 70.8068092
17.03 70.8050406
17.04 70.8032959
17.05 70.8015273
17.06 70.7997826
17.07 70.798014
17.08 70.7962693
17.09 70.7945007
17.1 70.7927321
17.11 70.7909635
17.12 70.7891949
17.13 70.7874263
17.14 70.7856577
17.15 70.7838891
17.16 70.7821205
17.17 70.7803519
17.18 70.7785833
17.19 70.7767908
17.2 70.7750222
17.21 70.7732297
17.22 70.7714611
17.23 70.7696686
17.24 70.7679
17.25 70.7661075
17.26 70.764315
17.27 70.7625225
17.28 70.76073
17.29 70.7589614
17.3 70.7571689
17.31 70.7553525
17.32 70.75356
17.33 70.7517675
17.34 70.749975
17.35 70.7481825
17.36 70.7463661
17.37 70.7445736
17.38 70.7427572
17.39 70.7409647
17.4 70.7391483
17.41 70.7373319
17.42 70.7355394
17.43 70.733723
17.44 70.7319066
17.45 70.7300902
17.46 70.7282738
17.47 70.7264574
17.48 70.724641
17.49 70.7228246
17.5 70.7209843
17.51 70.7191679
17.52 70.7173515
17.53 70.7155112
17.54 70.7136948
17.55 70.7118545
17.56 70.7100381
17.57 70.7081978
17.58 70.7063575
17.59 70.7045172
17.6 70.7027008
17.61 70.7008605
17.62 70.6990202
17.63 70.6971799
17.64 70.6953396
17.65 70.6934754
17.66 70.6916351
17.67 70.6897948
17.68 70.6879545
17.69 70.6860903
17.7 70.68425
17.71 70.6823858
17.72 70.6805455
17.73 70.6786813
17.74 70.6768171
17.75 70.6749529
17.76 70.6731126
17.77 70.6712484
17.78 70.6693842
17.79 70.66752
17.8 70.6656558
17.81 70.6637916
17.82 70.6619035
17.83 70.6600393
17.84 70.6581751
17.85 70.6563109
17.86 70.6544228
17.87 70.6525586
17.88 70.6506705
17.89 70.6487824
17.9 70.6469182
17.91 70.6450301
17.92 70.643142
17.93 70.6412539
17.94 70.6393897
17.95 70.6375016
17.96 70.6356135
17.97 70.6337015
17.98 70.6318134
17.99 70.6299253
18.0 70.6280372
18.01 70.6261491
18.02 70.6242371
18.03 70.622349
18.04 70.620437
18.05 70.6185489
18.06 70.6166369
18.07 70.6147249
18.08 70.6128368
18.09 70.6109248
18.1 70.6090128
18.11 70.6071008
18.12 70.6051888
18.13 70.6032768
18.14 70.6013648
18.15 70.5994528
18.16 70.5975169
18.17 70.5956049
18.18 70.5936929
18.19 70.591757
18.2 70.589845
18.21 70.5879091
18.22 70.5859971
18.23 70.5840612
18.24 70.5821492
18.25 70.5802133
18.26 70.5782774
18.27 70.5763415
18.28 70.5744056
18.29 70.5724697
18.3 70.5705338
18.31 70.5685979
18.32 70.566662
18.33 70.5647261
18.34 70.5627663
18.35 70.5608304
18.36 70.5588945
18.37 70.5569347
18.38 70.5549988
18.39 70.553039
18.4 70.5510792
18.41 70.5491433
18.42 70.5471835
18.43 70.5452237
18.44 70.5432639
18.45 70.5413041
18.46 70.5393443
18.47 70.5373845
18.48 70.5354247
18.49 70.5334649
18.5 70.5315051
18.51 70.5295453
18.52 70.5275616
18.53 70.5256018
18.54 70.5236181
18.55 70.5216583
18.56 70.5196746
18.57 70.5177148
18.58 70.5157311
18.59 70.5137474
18.6 70.5117637
18.61 70.50978
18.62 70.5078202
18.63 70.5058365
18.64 70.5038528
18.65 70.5018452
18.66 70.4998615
18.67 70.4978778
18.68 70.4958941
18.69 70.4938865
18.7 70.4919028
18.71 70.4899191
18.72 70.4879115
18.73 70.4859039
18.74 70.4839202
18.75 70.4819126
18.76 70.479905
18.77 70.4779213
18.78 70.4759137
18.79 70.4739061
18.8 70.4718985
18.81 70.4698909
18.82 70.4678833
18.83 70.4658757
18.84 70.4638442
18.85 70.4618366
18.86 70.459829
18.87 70.4577975
18.88 70.4557899
18.89 70.4537823
18.9 70.4517508
18.91 70.4497193
18.92 70.4477117
18.93 70.4456802
18.94 70.4436487
18.95 70.4416172
18.96 70.4395857
18.97 70.4375781
18.98 70.4355466
18.99 70.4334912
19.0 70.4314597
19.01 70.4294282
19.02 70.4273967
19.03 70.4253652
19.04 70.4233098
19.05 70.4212783
19.06 70.4192229
19.07 70.4171914
19.08 70.415136
19.09 70.4131045
19.1 70.4110491
19.11 70.4089937
19.12 70.4069383
19.13 70.4048829
19.14 70.4028514
19.15 70.400796
19.16 70.3987406
19.17 70.3966613
19.18 70.3946059
19.19 70.3925505
19.2 70.3904951
19.21 70.3884158
19.22 70.3863604
19.23 70.384305
19.24 70.3822257
19.25 70.3801703
19.26 70.378091
19.27 70.3760117
19.28 70.3739563
19.29 70.371877
19.3 70.3697977
19.31 70.3677184
19.32 70.3656391
19.33 70.3635598
19.34 70.3614805
19.35 70.3594012
19.36 70.3573219
19.37 70.3552426
19.38 70.3531394
19.39 70.3510601
19.4 70.3489808
19.41 70.3468776
19.42 70.3447983
19.43 70.3426951
19.44 70.3405919
19.45 70.3385126
19.46 70.3364094
19.47 70.3343062
19.48 70.332203
19.49 70.3300998
19.5 70.3279966
19.51 70.3258934
19.52 70.3237902
19.53 70.321687
19.54 70.3195838
19.55 70.3174806
19.56 70.3153535
19.57 70.3132503
19.58 70.3111471
19.59 70.30902
19.6 70.3069168
19.61 70.3047897
19.62 70.3026626
19.63 70.3005594
19.64 70.2984323
19.65 70.2963052
19.66 70.2941781
19.67 70.292051
19.68 70.2899478
19.69 70.2877968
19.7 70.2856697
19.71 70.2835426
19.72 70.2814155
19.73 70.2792884
19.74 70.2771613
19.75 70.2750103
19.76 70.2728832
19.77 70.2707322
19.78 70.2686051
19.79 70.2664541
19.8 70.264327
19.81 70.262176
19.82 70.260025
19.83 70.257874
19.84 70.255723
19.85 70.253572
19.86 70.2514449
19.87 70.24927
19.88 70.247119
19.89 70.244968
19.9 70.242817
19.91 70.240666
19.92 70.238515
19.93 70.2363401
19.94 70.2341891
19.95 70.2320142
19.96 70.2298632
19.97 70.2276883
19.98 70.2255373
19.99 70.2233624
20.0 70.2211875
20.01 70.2190126
20.02 70.2168377
20.03 70.2146867
20.04 70.2125118
20.05 70.2103369
20.06 70.208162
20.07 70.2059632
20.08 70.2037883
20.09 70.2016134
20.1 70.1994385
20.11 70.1972397
20.12 70.1950648
20.13 70.1928899
20.14 70.1906911
20.15 70.1884923
20.16 70.1863174
20.17 70.1841186
20.18 70.1819198
20.19 70.1797449
20.2 70.1775461
20.21 70.1753473
20.22 70.1731485
20.23 70.1709497
20.24 70.1687509
20.25 70.1665521
20.26 70.1643533
20.27 70.1621306
20.28 70.1599318
20.29 70.157733
20.3 70.1555103
20.31 70.1533115
20.32 70.1511127
20.33 70.14889
20.34 70.1466673
20.35 70.1444685
20.36 70.1422458
20.37 70.1400231
20.38 70.1378004
20.39 70.1356016
20.4 70.1333789
20.41 70.1311562
20.42 70.1289335
20.43 70.1267108
20.44 70.1244642
20.45 70.1222415
20.46 70.1200188
20.47 70.1177961
20.48 70.1155495
20.49 70.1133268
20.5 70.1111041
20.51 70.1088575
20.52 70.1066109
20.53 70.1043882
20.54 70.1021416
20.55 70.099895
20.56 70.0976723
20.57 70.0954257
20.58 70.0931791
20.59 70.0909325
20.6 70.0886859
20.61 70.0864393
20.62 70.0841927
20.63 70.0819461
20.64 70.0796756
20.65 70.077429
20.66 70.0751824
20.67 70.0729358
20.68 70.0706653
20.69 70.0684187
20.7 70.0661482
20.71 70.0639016
20.72 70.0616311
20.73 70.0593606
20.74 70.0570901
20.75 70.0548435
20.76 70.052573
20.77 70.0503025
20.78 70.048032
20.79 70.0457615
20.8 70.043491
20.81 70.0412205
20.82 70.03895
20.83 70.0366556
20.84 70.0343851
20.85 70.0321146
20.86 70.0298202
20.87 70.0275497
20.88 70.0252553
20.89 70.0229848
20.9 70.0206904
20.91 70.0184199
20.92 70.0161255
20.93 70.0138311
20.94 70.0115367
20.95 70.0092662
20.96 70.0069718
20.97 70.0046774
20.98 70.002383
20.99 70.0000886
21.0 69.9977942
21.01 69.9954759
21.02 69.9931815
21.03 69.9908871
21.04 69.9885927
21.05 69.9862744
21.06 69.98398
21.07 69.9816617
21.08 69.9793673
21.09 69.977049
21.1 69.9747546
21.11 69.9724363
21.12 69.970118
21.13 69.9677997
21.14 69.9654814
21.15 69.963187
21.16 69.9608687
21.17 69.9585504
21.18 69.9562321
21.19 69.9538899
21.2 69.9515716
21.21 69.9492533
21.22 69.946935
21.23 69.9445928
21.24 69.9422745
21.25 69.9399562
21.26 69.937614
21.27 69.9352957
21.28 69.9329535
21.29 69.9306113
21.3 69.928293
21.31 69.9259508
21.32 69.9236086
21.33 69.9212664
21.34 69.9189481
21.35 69.9166059
21.36 69.9142637
21.37 69.9119215
21.38 69.9095554
21.39 69.9072132
21.4 69.904871
21.41 69.9025288
21.42 69.9001866
21.43 69.8978205
21.44 69.8954783
21.45 69.8931122
21.46 69.89077
21.47 69.8884039
21.48 69.8860617
21.49 69.8836956
21.5 69.8813295
21.51 69.8789873
21.52 69.8766212
21.53 69.8742551
21.54 69.871889
21.55 69.8695229
21.56 69.8671568
21.57 69.8647907
21.58 69.8624246
21.59 69.8600585
21.6 69.8576685
21.61 69.8553024
21.62 69.8529363
21.63 69.8505463
21.64 69.8481802
21.65 69.8458141
21.66 69.8434241
21.67 69.8410341
21.68 69.838668
21.69 69.836278
21.7 69.833888
21.71 69.8315219
21.72 69.8291319
21.73 69.8267419
21.74 69.8243519
21.75 69.8219619
21.76 69.8195719
21.77 69.8171819
21.78 69.8147919
21.79 69.812378
21.8 69.809988
21.81 69.807598
21.82 69.805208
21.83 69.8027941
21.84 69.8004041
21.85 69.7979902
21.86 69.7956002
21.87 69.7931863
21.88 69.7907724
21.89 69.7883824
21.9 69.7859685
21.91 69.7835546
21.92 69.7811407
21.93 69.7787268
21.94 69.7763129
21.95 69.773899
21.96 69.7714851
21.97 69.7690712
21.98 69.7666573
21.99 69.7642434
22.0 69.7618295
22.01 69.7593917
22.02 69.7569778
22.03 69.7545639
22.04 69.7521261
22.05 69.7497122
22.06 69.7472744
22.07 69.7448605
22.08 69.7424227
22.09 69.7399849
22.1 69.7375471
22.11 69.7351332
22.12 69.7326954
22.13 69.7302576
22.14 69.7278198
22.15 69.725382
22.16 69.7229442
22.17 69.7205064
22.18 69.7180686
22.19 69.7156069
22.2 69.7131691
22.21 69.7107313
22.22 69.7082696
22.23 69.7058318
22.24 69.703394
22.25 69.7009323
22.26 69.6984945
22.27 69.6960328
22.28 69.6935711
22.29 69.6911333
22.3 69.6886716
22.31 69.6862099
22.32 69.6837482
22.33 69.6812865
22.34 69.6788248
22.35 69.6763631
22.36 69.6739014
22.37 69.6714397
22.38 69.668978
22.39 69.6665163
22.4 69.6640546
22.41 69.661569
22.42 69.6591073
22.43 69.6566456
22.44 69.65416
22.45 69.6516983
22.46 69.6492127
22.47 69.6467271
22.48 69.6442654
22.49 69.6417798
22.5 69.6392942
22.51 69.6368325
22.52 69.6343469
22.53 69.6318613
22.54 69.6293757
22.55 69.6268901
22.56 69.6244045
22.57 69.6219189
22.58 69.6194333
22.59 69.6169238
22.6 69.6144382
22.61 69.6119526
22.62 69.609467
22.63 69.6069575
22.64 69.6044719
22.65 69.6019624
22.66 69.5994768
22.67 69.5969673
22.68 69.5944817
22.69 69.5919722
22.7 69.5894627
22.71 69.5869532
22.72 69.5844676
22.73 69.5819581
22.74 69.5794486
22.75 69.5769391
22.76 69.5744296
22.77 69.5719201
22.78 69.5694106
22.79 69.5669011
22.8 69.5643677
22.81 69.5618582
22.82 69.5593487
22.83 69.5568153
22.84 69.5543058
22.85 69.5517963
22.86 69.5492629
22.87 69.5467295
22.88 69.54422
22.89 69.5416866
22.9 69.5391771
22.91 69.5366437
22.92 69.5341103
22.93 69.5315769
22.94 69.5290435
22.95 69.5265101
22.96 69.5239767
22.97 69.5214433
22.98 69.5189099
22.99 69.5163765
23.0 69.5138431
23.01 69.5113097
23.02 69.5087524
23.03 69.506219
23.04 69.5036856
23.05 69.5011283
23.06 69.4985949
23.07 69.4960376
23.08 69.4935042
23.09 69.4909469
23.1 69.4883896
23.11 69.4858562
23.12 69.4832989
23.13 69.4807416
23.14 69.4781843
23.15 69.475627
23.16 69.4730936
23.17 69.4705363
23.18 69.4679551
23.19 69.4653978
23.2 69.4628405
23.21 69.4602832
23.22 69.4577259
23.23 69.4551686
23.24 69.4525874
23.25 69.4500301
23.26 69.4474489
23.27 69.4448916
23.28 69.4423104
23.29 69.4397531
23.3 69.4371719
23.31 69.4346146
23.32 69.4320334
23.33 69.4294522
23.34 69.426871
23.35 69.4242898
23.36 69.4217325
23.37 69.4191513
23.38 69.4165701
23.39 69.4139889
23.4 69.4113838
23.41 69.4088026
23.42 69.4062214
23.43 69.4036402
23.44 69.401059
23.45 69.3984539
23.46 69.3958727
23.47 69.3932915
23.48 69.3906864
23.49 69.3881052
23.5 69.3855001
23.51 69.382895
23.52 69.3803138
23.53 69.3777087
23.54 69.3751036
23.55 69.3724985
23.56 69.3699173
23.57 69.3673122
23.58 69.3647071
23.59 69.362102
23.6 69.3594969
23.61 69.3568918
23.62 69.3542867
23.63 69.3516577
23.64 69.3490526
23.65 69.3464475
23.66 69.3438424
23.67 69.3412134
23.68 69.3386083
23.69 69.3359793
23.7 69.3333742
23.71 69.3307452
23.72 69.3281401
23.73 69.3255111
23.74 69.3228821
23.75 69.320277
23.76 69.317648
23.77 69.315019
23.78 69.31239
23.79 69.309761
23.8 69.307132
23.81 69.304503
23.82 69.301874
23.83 69.299245
23.84 69.296616
23.85 69.293987
23.86 69.2913341
23.87 69.2887051
23.88 69.2860761
23.89 69.2834232
23.9 69.2807942
23.91 69.2781652
23.92 69.2755123
23.93 69.2728594
23.94 69.2702304
23.95 69.2675775
23.96 69.2649246
23.97 69.2622956
23.98 69.2596427
23.99 69.2569898
24.0 69.2543369
24.01 69.251684
24.02 69.2490311
24.03 69.2463782
24.04 69.2437253
24.05 69.2410724
24.06 69.2384195
24.07 69.2357666
24.08 69.2330898
24.09 69.2304369
24.1 69.227784
24.11 69.2251072
24.12 69.2224543
24.13 69.2197775
24.14 69.2171246
24.15 69.2144478
24.16 69.2117949
24.17 69.2091181
24.18 69.2064413
24.19 69.2037645
24.2 69.2011116
24.21 69.1984348
24.22 69.195758
24.23 69.1930812
24.24 69.1904044
24.25 69.1877276
24.26 69.1850508
24.27 69.182374
24.28 69.1796733
24.29 69.1769965
24.3 69.1743197
24.31 69.1716429
24.32 69.1689422
24.33 69.1662654
24.34 69.1635647
24.35 69.1608879
24.36 69.1581872
24.37 69.1555104
24.38 69.1528097
24.39 69.1501329
24.4 69.1474322
24.41 69.1447315
24.42 69.1420308
24.43 69.1393301
24.44 69.1366294
24.45 69.1339526
24.46 69.1312519
24.47 69.1285512
24.48 69.1258266
24.49 69.1231259
24.5 69.1204252
24.51 69.1177245
24.52 69.1150238
24.53 69.1122992
24.54 69.1095985
24.55 69.1068978
24.56 69.1041732
24.57 69.1014725
24.58 69.0987479
24.59 69.0960472
24.6 69.0933226
24.61 69.090598
24.62 69.0878973
24.63 69.0851727
24.64 69.0824481
24.65 69.0797235
24.66 69.0769989
24.67 69.0742743
24.68 69.0715497
24.69 69.0688251
24.7 69.0661005
24.71 69.0633759
24.72 69.0606513
24.73 69.0579267
24.74 69.0552021
24.75 69.0524536
24.76 69.049729
24.77 69.0470044
24.78 69.0442559
24.79 69.0415313
24.8 69.0387828
24.81 69.0360582
24.82 69.0333097
24.83 69.0305612
24.84 69.0278366
24.85 69.0250881
24.86 69.0223396
24.87 69.0195911
24.88 69.0168426
24.89 69.0140941
24.9 69.0113695
24.91 69.008621
24.92 69.0058486
24.93 69.0031001
24.94 69.0003516
24.95 68.9976031
24.96 68.9948546
24.97 68.9921061
24.98 68.9893337
24.99 68.9865852
25.0 68.9838367
25.01 68.9810643
25.02 68.9783158
25.03 68.9755434
25.04 68.9727949
25.05 68.9700225
25.06 68.9672501
25.07 68.9645016
25.08 68.9617292
25.09 68.9589568
25.1 68.9561844
25.11 68.953412
25.12 68.9506396
25.13 68.9478672
25.14 68.9450948
25.15 68.9423224
25.16 68.93955
25.17 68.9367776
25.18 68.9340052
25.19 68.9312328
25.2 68.9284365
25.21 68.9256641
25.22 68.9228917
25.23 68.9200954
25.24 68.917323
25.25 68.9145267
25.26 68.9117543
25.27 68.908958
25.28 68.9061856
25.29 68.9033893
25.3 68.900593
25.31 68.8978206
25.32 68.8950243
25.33 68.892228
25.34 68.8894317
25.35 68.8866354
25.36 68.8838391
25.37 68.8810428
25.38 68.8782465
25.39 68.8754502
25.4 68.8726539
25.41 68.8698576
25.42 68.8670613
25.43 68.8642411
25.44 68.8614448
25.45 68.8586485
25.46 68.8558283
25.47 68.853032
25.48 68.8502118
25.49 68.8474155
25.5 68.8445953
25.51 68.841799
25.52 68.8389788
25.53 68.8361586
25.54 68.8333623
25.55 68.8305421
25.56 68.8277219
25.57 68.8249017
25.58 68.8220815
25.59 68.8192613
25.6 68.8164411
25.61 68.8136209
25.62 68.8108007
25.63 68.8079805
25.64 68.8051603
25.65 68.8023401
25.66 68.7995199
25.67 68.7966758
25.68 68.7938556
25.69 68.7910354
25.7 68.7881913
25.71 68.7853711
25.72 68.782527
25.73 68.7797068
25.74 68.7768627
25.75 68.7740425
25.76 68.7711984
25.77 68.7683543
25.78 68.7655341
25.79 68.76269
25.8 68.7598459
25.81 68.7570018
25.82 68.7541577
25.83 68.7513136
25.84 68.7484695
25.85 68.7456254
25.86 68.7427813
25.87 68.7399372
25.88 68.7370931
25.89 68.734249
25.9 68.731381
25.91 68.7285369
25.92 68.7256928
25.93 68.7228248
25.94 68.7199807
25.95 68.7171366
25.96 68.7142686
25.97 68.7114006
25.98 68.7085565
25.99 68.7056885
26.0 68.7028444
26.01 68.6999764
26.02 68.6971084
26.03 68.6942404
26.04 68.6913963
26.05 68.6885283
26.06 68.6856603
26.07 68.6827923
26.08 68.6799243
26.09 68.6770563
26.1 68.6741883
26.11 68.6713203
26.12 68.6684284
26.13 68.6655604
26.14 68.6626924
26.15 68.6598244
26.16 68.6569325
26.17 68.6540645
26.18 68.6511965
26.19 68.6483046
26.2 68.6454366
26.21 68.6425447
26.22 68.6396767
26.23 68.6367848
26.24 68.6338929
26.25 68.6310249
26.26 68.628133
26.27 68.6252411
26.28 68.6223492
26.29 68.6194812
26.3 68.6165893
26.31 68.6136974
26.32 68.6108055
26.33 68.6079136
26.34 68.6050217
26.35 68.6021298
26.36 68.599214
26.37 68.5963221
26.38 68.5934302
26.39 68.5905383
26.4 68.5876225
26.41 68.5847306
26.42 68.5818387
26.43 68.5789229
26.44 68.576031
26.45 68.5731152
26.46 68.5702233
26.47 68.5673075
26.48 68.5644156
26.49 68.5614998
26.5 68.558584
26.51 68.5556682
26.52 68.5527763
26.53 68.5498605
26.54 68.5469447
26.55 68.5440289
26.56 68.5411131
26.57 68.5381973
26.58 68.5352815
26.59 68.5323657
26.6 68.5294499
26.61 68.5265341
26.62 68.5236183
26.63 68.5206786
26.64 68.5177628
26.65 68.514847
26.66 68.5119073
26.67 68.5089915
26.68 68.5060757
26.69 68.503136
26.7 68.5002202
26.71 68.4972805
26.72 68.4943647
26.73 68.491425
26.74 68.4884853
26.75 68.4855695
26.76 68.4826298
26.77 68.4796901
26.78 68.4767504
26.79 68.4738107
26.8 68.470871
26.81 68.4679313
26.82 68.4649916
26.83 68.4620519
26.84 68.4591122
26.85 68.4561725
26.86 68.4532328
26.87 68.4502931
26.88 68.4473534
26.89 68.4443898
26.9 68.4414501
26.91 68.4385104
26.92 68.4355468
26.93 68.4326071
26.94 68.4296674
26.95 68.4267038
26.96 68.4237641
26.97 68.4208005
26.98 68.4178369
26.99 68.4148972
27.0 68.4119336
27.01 68.40897
27.02 68.4060303
27.03 68.4030667
27.04 68.4001031
27.05 68.3971395
27.06 68.3941759
27.07 68.3912123
27.08 68.3882487
27.09 68.3852851
27.1 68.3823215
27.11 68.3793579
27.12 68.3763943
27.13 68.3734307
27.14 68.3704432
27.15 68.3674796
27.16 68.364516
27.17 68.3615285
27.18 68.3585649
27.19 68.3556013
27.2 68.3526138
27.21 68.3496502
27.22 68.3466627
27.23 68.3436752
27.24 68.3407116
27.25 68.3377241
27.26 68.3347366
27.27 68.331773
27.28 68.3287855
27.29 68.325798
27.3 68.3228105
27.31 68.319823
27.32 68.3168355
27.33 68.313848
27.34 68.3108605
27.35 68.307873
27.36 68.3048855
27.37 68.301898
27.38 68.2989105
27.39 68.295923
27.4 68.2929355
27.41 68.2899241
27.42 68.2869366
27.43 68.2839491
27.44 68.2809377
27.45 68.2779502
27.46 68.2749388
27.47 68.2719513
27.48 68.2689399
27.49 68.2659524
27.5 68.262941
27.51 68.2599535
27.52 68.2569421
27.53 68.2539307
27.54 68.2509193
27.55 68.2479318
27.56 68.2449204
27.57 68.241909
27.58 68.2388976
27.59 68.2358862
27.6 68.2328748
27.61 68.2298634
27.62 68.226852
27.63 68.2238406
27.64 68.2208292
27.65 68.2177939
27.66 68.2147825
27.67 68.2117711
27.68 68.2087597
27.69 68.2057244
27.7 68.202713
27.71 68.1997016
27.72 68.1966663
27.73 68.1936549
27.74 68.1906196
27.75 68.1876082
27.76 68.1845729
27.77 68.1815615
27.78 68.1785262
27.79 68.1754909
27.8 68.1724795
27.81 68.1694442
27.82 68.1664089
27.83 68.1633736
27.84 68.1603383
27.85 68.157303
27.86 68.1542916
27.87 68.1512563
27.88 68.148221
27.89 68.1451857
27.9 68.1421265
27.91 68.1390912
27.92 68.1360559
27.93 68.1330206
27.94 68.1299853
27.95 68.12695
27.96 68.1238908
27.97 68.1208555
27.98 68.1178202
27.99 68.114761
28.0 68.1117257
28.01 68.1086665
28.02 68.1056312
28.03 68.102572
28.04 68.0995367
28.05 68.0964775
28.06 68.0934422
28.07 68.090383
28.08 68.0873238
28.09 68.0842885
28.1 68.0812293
28.11 68.0781701
28.12 68.0751109
28.13 68.0720756
28.14 68.0690164
28.15 68.0659572
28.16 68.062898
28.17 68.0598388
28.18 68.0567796
28.19 68.0537204
28.2 68.0506612
28.21 68.047602
28.22 68.0445189
28.23 68.0414597
28.24 68.0384005
28.25 68.0353413
28.26 68.0322821
28.27 68.029199
28.28 68.0261398
28.29 68.0230806
28.3 68.0199975
28.31 68.0169383
28.32 68.0138552
28.33 68.010796
28.34 68.0077129
28.35 68.0046537
28.36 68.0015706
28.37 67.9985114
28.38 67.9954283
28.39 67.9923452
28.4 67.9892621
28.41 67.9862029
28.42 67.9831198
28.43 67.9800367
28.44 67.9769536
28.45 67.9738705
28.46 67.9708113
28.47 67.9677282
28.48 67.9646451
28.49 67.961562
28.5 67.9584789
28.51 67.9553958
28.52 67.9523127
28.53 67.9492057
28.54 67.9461226
28.55 67.9430395
28.56 67.9399564
28.57 67.9368733
28.58 67.9337663
28.59 67.9306832
28.6 67.9276001
28.61 67.924517
28.62 67.92141
28.63 67.9183269
28.64 67.9152199
28.65 67.9121368
28.66 67.9090298
28.67 67.9059467
28.68 67.9028397
28.69 67.8997566
28.7 67.8966496
28.71 67.8935426
28.72 67.8904595
28.73 67.8873525
28.74 67.8842455
28.75 67.8811624
28.76 67.8780554
28.77 67.8749484
28.78 67.8718414
28.79 67.8687344
28.8 67.8656274
28.81 67.8625443
28.82 67.8594373
28.83 67.8563303
28.84 67.8532233
28.85 67.8501163
28.86 67.8470093
28.87 67.8438784
28.88 67.8407714
28.89 67.8376644
28.9 67.8345574
28.91 67.8314504
28.92 67.8283434
28.93 67.8252125
28.94 67.8221055
28.95 67.8189985
28.96 67.8158676
28.97 67.8127606
28.98 67.8096536
28.99 67.8065227
29.0 67.8034157
29.01 67.8002848
29.02 67.7971778
29.03 67.7940469
29.04 67.7909399
29.05 67.787809
29.06 67.784702
29.07 67.7815711
29.08 67.7784402
29.09 67.7753332
29.1 67.7722023
29.11 67.7690714
29.12 67.7659644
29.13 67.7628335
29.14 67.7597026
29.15 67.7565717
29.16 67.7534408
29.17 67.7503099
29.18 67.7472029
29.19 67.744072
29.2 67.7409411
29.21 67.7378102
29.22 67.7346793
29.23 67.7315484
29.24 67.7284175
29.25 67.7252866
29.26 67.7221318
29.27 67.7190009
29.28 67.71587
29.29 67.7127391
29.3 67.7096082
29.31 67.7064773
29.32 67.7033225
29.33 67.7001916
29.34 67.6970607
29.35 67.6939059
29.36 67.690775
29.37 67.6876441
29.38 67.6844893
29.39 67.6813584
29.4 67.6782036
29.41 67.6750727
29.42 67.6719418
29.43 67.668787
29.44 67.6656322
29.45 67.6625013
29.46 67.6593465
29.47 67.6562156
29.48 67.6530608
29.49 67.649906
29.5 67.6467751
29.51 67.6436203
29.52 67.6404655
29.53 67.6373346
29.54 67.6341798
29.55 67.631025
29.56 67.6278702
29.57 67.6247154
29.58 67.6215845
29.59 67.6184297
29.6 67.6152749
29.61 67.6121201
29.62 67.6089653
29.63 67.6058105
29.64 67.6026557
29.65 67.5995009
29.66 67.5963461
29.67 67.5931913
29.68 67.5900365
29.69 67.5868817
29.7 67.5837269
29.71 67.5805721
29.72 67.5773934
29.73 67.5742386
29.74 67.5710838
29.75 67.567929
29.76 67.5647742
29.77 67.5615955
29.78 67.5584407
29.79 67.5552859
29.8 67.5521072
29.81 67.5489524
29.82 67.5457976
29.83 67.5426189
29.84 67.5394641
29.85 67.5362854
29.86 67.5331306
29.87 67.5299758
29.88 67.5267971
29.89 67.5236423
29.9 67.5204636
29.91 67.5172849
29.92 67.5141301
29.93 67.5109514
29.94 67.5077966
29.95 67.5046179
29.96 67.5014392
29.97 67.4982844
29.98 67.4951057
29.99 67.491927
30.0 67.4887722
30.01 67.4855935
30.02 67.4824148
30.03 67.4792361
30.04 67.4760813
30.05 67.4729026
30.06 67.4697239
30.07 67.4665452
30.08 67.4633665
30.09 67.4601878
30.1 67.4570091
30.11 67.4538543
30.12 67.4506756
30.13 67.4474969
30.14 67.4443182
30.15 67.4411395
30.16 67.4379608
30.17 67.4347821
30.18 67.4316034
30.19 67.4284247
30.2 67.4252221
30.21 67.4220434
30.22 67.4188647
30.23 67.415686
30.24 67.4125073
30.25 67.4093286
30.26 67.4061499
30.27 67.4029473
30.28 67.3997686
30.29 67.3965899
30.3 67.3934112
30.31 67.3902086
30.32 67.3870299
30.33 67.3838512
30.34 67.3806486
30.35 67.3774699
30.36 67.3742912
30.37 67.3710886
30.38 67.3679099
30.39 67.3647312
30.4 67.3615286
30.41 67.3583499
30.42 67.3551473
30.43 67.3519686
30.44 67.348766
30.45 67.3455873
30.46 67.3423847
30.47 67.339206
30.48 67.3360034
30.49 67.3328247
30.5 67.3296221
30.51 67.3264195
30.52 67.3232408
30.53 67.3200382
30.54 67.3168356
30.55 67.3136569
30.56 67.3104543
30.57 67.3072517
30.58 67.304073
30.59 67.3008704
30.6 67.2976678
30.61 67.2944891
30.62 67.2912865
30.63 67.2880839
30.64 67.2848813
30.65 67.2816787
30.66 67.2785
30.67 67.2752974
30.68 67.2720948
30.69 67.2688922
30.7 67.2656896
30.71 67.262487
30.72 67.2593083
30.73 67.2561057
30.74 67.2529031
30.75 67.2497005
30.76 67.2464979
30.77 67.2432953
30.78 67.2400927
30.79 67.2368901
30.8 67.2336875
30.81 67.2304849
30.82 67.2272823
30.83 67.2240797
30.84 67.2208771
30.85 67.2176745
30.86 67.2144719
30.87 67.2112693
30.88 67.2080667
30.89 67.2048641
30.9 67.2016615
30.91 67.1984589
30.92 67.1952563
30.93 67.1920298
30.94 67.1888272
30.95 67.1856246
30.96 67.182422
30.97 67.1792194
30.98 67.1760168
30.99 67.1728142
31.0 67.1695877
31.01 67.1663851
31.02 67.1631825
31.03 67.1599799
31.04 67.1567773
31.05 67.1535508
31.06 67.1503482
31.07 67.1471456
31.08 67.143943
31.09 67.1407404
31.1 67.1375139
31.11 67.1343113
31.12 67.1311087
31.13 67.1279061
31.14 67.1246796
31.15 67.121477
31.16 67.1182744
31.17 67.1150718
31.18 67.1118453
31.19 67.1086427
31.2 67.1054401
31.21 67.1022136
31.22 67.099011
31.23 67.0958084
31.24 67.0925819
31.25 67.0893793
31.26 67.0861767
31.27 67.0829502
31.28 67.0797476
31.29 67.076545
31.3 67.0733185
31.31 67.0701159
31.32 67.0669133
31.33 67.0636868
31.34 67.0604842
31.35 67.0572816
31.36 67.0540551
31.37 67.0508525
31.38 67.0476499
31.39 67.0444234
31.4 67.0412208
31.41 67.0380182
31.42 67.0347917
31.43 67.0315891
31.44 67.0283865
31.45 67.02516
31.46 67.0219574
31.47 67.0187309
31.48 67.0155283
31.49 67.0123257
31.5 67.0090992
31.51 67.0058966
31.52 67.002694
31.53 66.9994675
31.54 66.9962649
31.55 66.9930623
31.56 66.9898358
31.57 66.9866332
31.58 66.9834067
31.59 66.9802041
31.6 66.9770015
31.61 66.973775
31.62 66.9705724
31.63 66.9673698
31.64 66.9641433
31.65 66.9609407
31.66 66.9577381
31.67 66.9545116
31.68 66.951309
31.69 66.9480825
31.7 66.9448799
31.71 66.9416773
31.72 66.9384508
31.73 66.9352482
31.74 66.9320456
31.75 66.9288191
31.76 66.9256165
31.77 66.9224139
31.78 66.9191874
31.79 66.9159848
31.8 66.9127822
31.81 66.9095796
31.82 66.9063531
31.83 66.9031505
31.84 66.8999479
31.85 66.8967214
31.86 66.8935188
31.87 66.8903162
31.88 66.8871136
31.89 66.8838871
31.9 66.8806845
31.91 66.8774819
31.92 66.8742793
31.93 66.8710528
31.94 66.8678502
31.95 66.8646476
31.96 66.861445
31.97 66.8582185
31.98 66.8550159
31.99 66.8518133
32.0 66.8486107
32.01 66.8454081
32.02 66.8421816
32.03 66.838979
32.04 66.8357764
32.05 66.8325738
32.06 66.8293712
32.07 66.8261686
32.08 66.822966
32.09 66.8197395
32.1 66.8165369
32.11 66.8133343
32.12 66.8101317
32.13 66.8069291
32.14 66.8037265
32.15 66.8005239
32.16 66.7973213
32.17 66.7941187
32.18 66.7909161
32.19 66.7877135
32.2 66.7845109
32.21 66.7813083
32.22 66.7781057
32.23 66.7749031
32.24 66.7717005
32.25 66.7684979
32.26 66.7652953
32.27 66.7620927
32.28 66.7588901
32.29 66.7556875
32.3 66.7524849
32.31 66.7492823
32.32 66.7460797
32.33 66.742901
32.34 66.7396984
32.35 66.7364958
32.36 66.7332932
32.37 66.7300906
32.38 66.726888
32.39 66.7237093
32.4 66.7205067
32.41 66.7173041
32.42 66.7141015
32.43 66.7109228
32.44 66.7077202
32.45 66.7045176
32.46 66.701315
32.47 66.6981363
32.48 66.6949337
32.49 66.6917311
32.5 66.6885524
32.51 66.6853498
32.52 66.6821711
32.53 66.6789685
32.54 66.6757659
32.55 66.6725872
32.56 66.6693846
32.57 66.6662059
32.58 66.6630033
32.59 66.6598246
32.6 66.656622
32.61 66.6534433
32.62 66.6502407
32.63 66.647062
32.64 66.6438833
32.65 66.6406807
32.66 66.637502
32.67 66.6342994
32.68 66.6311207
32.69 66.627942
32.7 66.6247394
32.71 66.6215607
32.72 66.618382
32.73 66.6152033
32.74 66.6120007
32.75 66.608822
32.76 66.6056433
32.77 66.6024646
32.78 66.5992859
32.79 66.5961072
32.8 66.5929046
32.81 66.5897259
32.82 66.5865472
32.83 66.5833685
32.84 66.5801898
32.85 66.5770111
32.86 66.5738324
32.87 66.5706537
32.88 66.567475
32.89 66.5642963
32.9 66.5611176
32.91 66.5579389
32.92 66.5547841
32.93 66.5516054
32.94 66.5484267
32.95 66.545248
32.96 66.5420693
32.97 66.5388906
32.98 66.5357358
32.99 66.5325571
33.0 66.5293784
33.01 66.5262236
33.02 66.5230449
33.03 66.5198662
33.04 66.5167114
33.05 66.5135327
33.06 66.5103779
33.07 66.5071992
33.08 66.5040444
33.09 66.5008657
33.1 66.4977109
33.11 66.4945322
33.12 66.4913774
33.13 66.4881987
33.14 66.4850439
33.15 66.4818891
33.16 66.4787104
33.17 66.4755556
33.18 66.4724008
33.19 66.469246
33.2 66.4660673
33.21 66.4629125
33.22 66.4597577
33.23 66.4566029
33.24 66.4534481
33.25 66.4502933
33.26 66.4471385
33.27 66.4439837
33.28 66.4408289
33.29 66.4376741
33.3 66.4345193
33.31 66.4313645
33.32 66.4282097
33.33 66.4250549
33.34 66.4219001
33.35 66.4187453
33.36 66.4155905
33.37 66.4124596
33.38 66.4093048
33.39 66.40615
33.4 66.4030191
33.41 66.3998643
33.42 66.3967095
33.43 66.3935786
33.44 66.3904238
33.45 66.3872929
33.46 66.3841381
33.47 66.3810072
33.48 66.3778524
33.49 66.3747215
33.5 66.3715667
33.51 66.3684358
33.52 66.3653049
33.53 66.3621501
33.54 66.3590192
33.55 66.3558883
33.56 66.3527574
33.57 66.3496265
33.58 66.3464717
33.59 66.3433408
33.6 66.3402099
33.61 66.337079
33.62 66.3339481
33.63 66.3308172
33.64 66.3276863
33.65 66.3245554
33.66 66.3214245
33.67 66.3183175
33.68 66.3151866
33.69 66.3120557
33.7 66.3089248
33.71 66.3057939
33.72 66.3026869
33.73 66.299556
33.74 66.2964251
33.75 66.2933181
33.76 66.2901872
33.77 66.2870563
33.78 66.2839493
33.79 66.2808184
33.8 66.2777114
33.81 66.2745805
33.82 66.2714496
33.83 66.2683426
33.84 66.2652356
33.85 66.2621047
33.86 66.2589977
33.87 66.2558668
33.88 66.2527598
33.89 66.2496289
33.9 66.2465219
33.91 66.2434149
33.92 66.240284
33.93 66.237177
33.94 66.23407
33.95 66.230963
33.96 66.2278321
33.97 66.2247251
33.98 66.2216181
33.99 66.2185111
34.0 66.2154041
34.01 66.2122732
34.02 66.2091662
34.03 66.2060592
34.04 66.2029522
34.05 66.1998452
34.06 66.1967382
34.07 66.1936312
34.08 66.1905242
34.09 66.1873933
34.1 66.1842863
34.11 66.1811793
34.12 66.1780723
34.13 66.1749653
34.14 66.1718583
34.15 66.1687513
34.16 66.1656443
34.17 66.1625373
34.18 66.1594303
34.19 66.1563233
34.2 66.1532163
34.21 66.1501093
34.22 66.1470023
34.23 66.1438953
34.24 66.1407883
34.25 66.1376813
34.26 66.1345982
34.27 66.1314912
34.28 66.1283842
34.29 66.1252772
34.3 66.1221702
34.31 66.1190632
34.32 66.1159562
34.33 66.1128492
34.34 66.1097422
34.35 66.1066352
34.36 66.1035282
34.37 66.1004212
34.38 66.0973381
34.39 66.0942311
34.4 66.0911241
34.41 66.0880171
34.42 66.0849101
34.43 66.0818031
34.44 66.0786961
34.45 66.0755891
34.46 66.0724821
34.47 66.0693751
34.48 66.0662681
34.49 66.0631611
34.5 66.0600541
34.51 66.056971
34.52 66.053864
34.53 66.050757
34.54 66.04765
34.55 66.044543
34.56 66.041436
34.57 66.038329
34.58 66.035222
34.59 66.032115
34.6 66.029008
34.61 66.025901
34.62 66.022794
34.63 66.019687
34.64 66.01658
34.65 66.013473
34.66 66.010366
34.67 66.0072351
34.68 66.0041281
34.69 66.0010211
34.7 65.9979141
34.71 65.9948071
34.72 65.9917001
34.73 65.9885931
34.74 65.9854861
34.75 65.9823791
34.76 65.9792482
34.77 65.9761412
34.78 65.9730342
34.79 65.9699272
34.8 65.9667963
34.81 65.9636893
34.82 65.9605823
34.83 65.9574753
34.84 65.9543444
34.85 65.9512374
34.86 65.9481304
34.87 65.9449995
34.88 65.9418925
34.89 65.9387616
34.9 65.9356546
34.91 65.9325476
34.92 65.9294167
34.93 65.9263097
34.94 65.9231788
34.95 65.9200718
34.96 65.9169409
34.97 65.9138339
34.98 65.910703
34.99 65.9075721
35.0 65.9044651
35.01 65.9013342
35.02 65.8982033
35.03 65.8950963
35.04 65.8919654
35.05 65.8888345
35.06 65.8857036
35.07 65.8825727
35.08 65.8794657
35.09 65.8763348
35.1 65.8732039
35.11 65.870073
35.12 65.8669421
35.13 65.8638112
35.14 65.8606803
35.15 65.8575494
35.16 65.8544185
35.17 65.8512876
35.18 65.8481567
35.19 65.8450258
35.2 65.841871
35.21 65.8387401
35.22 65.8356092
35.23 65.8324783
35.24 65.8293235
35.25 65.8261926
35.26 65.8230617
35.27 65.8199069
35.28 65.816776
35.29 65.8136212
35.3 65.8104903
35.31 65.8073355
35.32 65.8042046
35.33 65.8010498
35.34 65.797895
35.35 65.7947641
35.36 65.7916093
35.37 65.7884545
35.38 65.7852997
35.39 65.7821449
35.4 65.779014
35.41 65.7758592
35.42 65.7727044
35.43 65.7695496
35.44 65.7663948
35.45 65.76324
35.46 65.7600613
35.47 65.7569065
35.48 65.7537517
35.49 65.7505969
35.5 65.7474182
35.51 65.7442634
35.52 65.7411086
35.53 65.7379299
35.54 65.7347751
35.55 65.7315964
35.56 65.7284416
35.57 65.7252629
35.58 65.7221081
35.59 65.7189294
35.6 65.7157507
35.61 65.712572
35.62 65.7094172
35.63 65.7062385
35.64 65.7030598
35.65 65.6998811
35.66 65.6967024
35.67 65.6935237
35.68 65.690345
35.69 65.6871424
35.7 65.6839637
35.71 65.680785
35.72 65.6776063
35.73 65.6744037
35.74 65.671225
35.75 65.6680224
35.76 65.6648437
35.77 65.6616411
35.78 65.6584385
35.79 65.6552598
35.8 65.6520572
35.81 65.6488546
35.82 65.645652
35.83 65.6424733
35.84 65.6392707
35.85 65.6360681
35.86 65.6328416
35.87 65.629639
35.88 65.6264364
35.89 65.6232338
35.9 65.6200312
35.91 65.6168047
35.92 65.6136021
35.93 65.6103756
35.94 65.607173
35.95 65.6039465
35.96 65.6007439
35.97 65.5975174
35.98 65.5942909
35.99 65.5910644
36.0 65.5878379
36.01 65.5846114
36.02 65.5813849
36.03 65.5781584
36.04 65.5749319
36.05 65.5717054
36.06 65.5684789
36.07 65.5652285
36.08 65.562002
36.09 65.5587516
36.1 65.5555251
36.11 65.5522747
36.12 65.5490482
36.13 65.5457978
36.14 65.5425474
36.15 65.539297
36.16 65.5360466
36.17 65.5327962
36.18 65.5295458
36.19 65.5262954
36.2 65.523045
36.21 65.5197946
36.22 65.5165203
36.23 65.5132699
36.24 65.5099956
36.25 65.5067452
36.26 65.5034709
36.27 65.5001966
36.28 65.4969462
36.29 65.4936719
36.3 65.4903976
36.31 65.4871233
36.32 65.483849
36.33 65.4805747
36.34 65.4772765
36.35 65.4740022
36.36 65.4707279
36.37 65.4674297
36.38 65.4641554
36.39 65.4608572
36.4 65.4575829
36.41 65.4542847
36.42 65.4509865
36.43 65.4476883
36.44 65.4443901
36.45 65.4410919
36.46 65.4377937
36.47 65.4344955
36.48 65.4311734
36.49 65.4278752
36.5 65.424577
36.51 65.4212549
36.52 65.4179328
36.53 65.4146346
36.54 65.4113125
36.55 65.4079904
36.56 65.4046683
36.57 65.4013462
36.58 65.3980241
36.59 65.394702
36.6 65.391356
36.61 65.3880339
36.62 65.3847118
36.63 65.3813658
36.64 65.3780198
36.65 65.3746977
36.66 65.3713517
36.67 65.3680057
36.68 65.3646597
36.69 65.3613137
36.7 65.3579677
36.71 65.3545978
36.72 65.3512518
36.73 65.3478819
36.74 65.3445359
36.75 65.341166
36.76 65.3377961
36.77 65.3344262
36.78 65.3310563
36.79 65.3276625
36.8 65.3242926
36.81 65.3208988
36.82 65.3175289
36.83 65.3141351
36.84 65.3107413
36.85 65.3073475
36.86 65.3039298
36.87 65.300536
36.88 65.2971422
36.89 65.2937245
36.9 65.2903068
36.91 65.2868891
36.92 65.2834714
36.93 65.2800298
36.94 65.2766121
36.95 65.2731705
36.96 65.2697289
36.97 65.2662873
36.98 65.2628457
36.99 65.2594041
37.0 65.2559386
37.01 65.2524731
37.02 65.2490076
37.03 65.2455421
37.04 65.2420766
37.05 65.2385872
37.06 65.2350978
37.07 65.2316323
37.08 65.228119
37.09 65.2246296
37.1 65.2211163
37.11 65.2176269
37.12 65.2141136
37.13 65.2106003
37.14 65.2070631
37.15 65.2035259
37.16 65.2000126
37.17 65.1964754
37.18 65.1929143
37.19 65.1893771
37.2 65.185816
37.21 65.1822549
37.22 65.1786938
37.23 65.1751088
37.24 65.1715238
37.25 65.1679388
37.26 65.1643538
37.27 65.1607688
37.28 65.1571599
37.29 65.153551
37.3 65.1499421
37.31 65.1463093
37.32 65.1426765
37.33 65.1390437
37.34 65.1354109
37.35 65.1317542
37.36 65.1281214
37.37 65.1244408
37.38 65.1207841
37.39 65.1171035
37.4 65.1134229
37.41 65.1097423
37.42 65.1060378
37.43 65.1023572
37.44 65.0986288
37.45 65.0949243
37.46 65.0911959
37.47 65.0874675
37.48 65.0837391
37.49 65.0799868
37.5 65.0762345
37.51 65.0724822
37.52 65.068706
37.53 65.0649298
37.54 65.0611536
37.55 65.0573535
37.56 65.0535773
37.57 65.0497533
37.58 65.0459532
37.59 65.0421292
37.6 65.0383052
37.61 65.0344573
37.62 65.0306094
37.63 65.0267615
37.64 65.0228897
37.65 65.0190179
37.66 65.0151461
37.67 65.0112504
37.68 65.0073547
37.69 65.003459
37.7 64.9995394
37.71 64.9956198
37.72 64.9917002
37.73 64.9877567
37.74 64.9838132
37.75 64.9798458
37.76 64.9758784
37.77 64.971911
37.78 64.9679197
37.79 64.9639284
37.8 64.9599132
37.81 64.955898
37.82 64.9518828
37.83 64.9478437
37.84 64.9438046
37.85 64.9397655
37.86 64.9357025
37.87 64.9316395
37.88 64.9275526
37.89 64.9234657
37.9 64.9193549
37.91 64.9152441
37.92 64.9111333
37.93 64.9069986
37.94 64.9028639
37.95 64.8987053
37.96 64.8945467
37.97 64.8903881
37.98 64.8862056
37.99 64.8820231
38.0 64.8778167
38.01 64.8736103
38.02 64.86938
38.03 64.8651497
38.04 64.8608955
38.05 64.8566413
38.06 64.8523871
38.07 64.848109
38.08 64.843807
38.09 64.839505
38.1 64.835203
38.11 64.8308771
38.12 64.8265512
38.13 64.8222014
38.14 64.8178516
38.15 64.8134779
38.16 64.8091042
38.17 64.8047305
38.18 64.800309
38.19 64.7959114
38.2 64.7914899
38.21 64.7870445
38.22 64.7825991
38.23 64.7781298
38.24 64.7736605
38.25 64.7691912
38.26 64.764698
38.27 64.7601809
38.28 64.7556638
38.29 64.7511228
38.3 64.7465818
38.31 64.7420169
38.32 64.737452
38.33 64.7328632
38.34 64.7282744
38.35 64.7236617
38.36 64.719049
38.37 64.7144124
38.38 64.7097758
38.39 64.7051153
38.4 64.7004309
38.41 64.6957465
38.42 64.6910621
38.43 64.6863538
38.44 64.6816216
38.45 64.6768894
38.46 64.6721333
38.47 64.6673772
38.48 64.6625972
38.49 64.6577933
38.5 64.6529894
38.51 64.6481855
38.52 64.6433577
38.53 64.638506
38.54 64.6336543
38.55 64.6287787
38.56 64.6238792
38.57 64.6189797
38.58 64.6140802
38.59 64.6091329
38.6 64.6041856
38.61 64.5992383
38.62 64.5942671
38.63 64.589272
38.64 64.5842769
38.65 64.5792579
38.66 64.5742389
38.67 64.569196
38.68 64.5641292
38.69 64.5590624
38.7 64.5539717
38.71 64.5488571
38.72 64.5437425
38.73 64.538604
38.74 64.5334655
38.75 64.5283031
38.76 64.5231168
38.77 64.5179305
38.78 64.5127203
38.79 64.5074862
38.8 64.5022521
38.81 64.4969941
38.82 64.4917361
38.83 64.4864542
38.84 64.4811484
38.85 64.4758187
38.86 64.470489
38.87 64.4651354
38.88 64.4597818
38.89 64.4544043
38.9 64.4490029
38.91 64.4435776
38.92 64.4381523
38.93 64.4327031
38.94 64.4272539
38.95 64.4217808
38.96 64.4162838
38.97 64.4107629
38.98 64.405242
38.99 64.3996972
39.0 64.3941285
39.01 64.3885598
39.02 64.3829672
39.03 64.3773507
39.04 64.3717342
39.05 64.3660699
39.06 64.3604056
39.07 64.3547413
39.08 64.3490531
39.09 64.343341
39.1 64.337605
39.11 64.3318451
39.12 64.3260852
39.13 64.3203014
39.14 64.3144937
39.15 64.308686
39.16 64.3028544
39.17 64.2969989
39.18 64.2911195
39.19 64.2852401
39.2 64.2793368
39.21 64.2734096
39.22 64.2674585
39.23 64.2615074
39.24 64.2555324
39.25 64.2495335
39.26 64.2435107
39.27 64.2374879
39.28 64.2314412
39.29 64.2253706
39.3 64.2192761
39.31 64.2131816
39.32 64.2070393
39.33 64.200897
39.34 64.1947308
39.35 64.1885646
39.36 64.1823506
39.37 64.1761366
39.38 64.1698987
39.39 64.1636369
39.4 64.1573751
39.41 64.1510655
39.42 64.1447559
39.43 64.1384224
39.44 64.132065
39.45 64.1257076
39.46 64.1193024
39.47 64.1128972
39.48 64.1064681
39.49 64.1000151
39.5 64.0935382
39.51 64.0870613
39.52 64.0805605
39.53 64.0740119
39.54 64.0674633
39.55 64.0608908
39.56 64.0543183
39.57 64.047698
39.58 64.0410777
39.59 64.0344335
39.6 64.0277415
39.61 64.0210495
39.62 64.0143575
39.63 64.0076177
39.64 64.000854
39.65 63.9940903
39.66 63.9873027
39.67 63.9804912
39.68 63.9736558
39.69 63.9667965
39.7 63.9599133
39.71 63.9530301
39.72 63.9460991
39.73 63.9391681
39.74 63.9322132
39.75 63.9252344
39.76 63.9182317
39.77 63.9112051
39.78 63.9041546
39.79 63.8971041
39.8 63.8900297
39.81 63.8829075
39.82 63.8757853
39.83 63.8686392
39.84 63.8614931
39.85 63.8542992
39.86 63.8470814
39.87 63.8398636
39.88 63.8326219
39.89 63.8253563
39.9 63.8180668
39.91 63.8107534
39.92 63.8034161
39.93 63.7960788
39.94 63.7887176
39.95 63.7813086
39.96 63.7738996
39.97 63.7664667
39.98 63.7590338
39.99 63.7515531
40.0 63.7440724
40.01 63.7365439
40.02 63.7290154
40.03 63.721463
40.04 63.7138867
40.05 63.7063104
40.06 63.6986863
40.07 63.6910622
40.08 63.6833903
40.09 63.6757184
40.1 63.6680226
40.11 63.6603268
40.12 63.6525832
40.13 63.6448396
40.14 63.6370482
40.15 63.6292568
40.16 63.6214415
40.17 63.6136023
40.18 63.6057631
40.19 63.5978761
40.2 63.5899891
40.21 63.5820782
40.22 63.5741434
40.23 63.5661847
40.24 63.5582021
40.25 63.5502195
40.26 63.5421891
40.27 63.5341587
40.28 63.5261044
40.29 63.5180262
40.3 63.5099241
40.31 63.501822
40.32 63.493696
40.33 63.4855222
40.34 63.4773484
40.35 63.4691507
40.36 63.460953
40.37 63.4527075
40.38 63.444462
40.39 63.4361926
40.4 63.4278993
40.41 63.4195821
40.42 63.411241
40.43 63.4028999
40.44 63.394511
40.45 63.3861221
40.46 63.3777093
40.47 63.3692726
40.48 63.3608359
40.49 63.3523514
40.5 63.3438669
40.51 63.3353585
40.52 63.3268262
40.53 63.31827
40.54 63.3097138
40.55 63.3011098
40.56 63.2925058
40.57 63.2838779
40.58 63.2752261
40.59 63.2665743
40.6 63.2578747
40.61 63.2491751
40.62 63.2404516
40.63 63.2317042
40.64 63.2229329
40.65 63.2141377
40.66 63.2053425
40.67 63.1965234
40.68 63.1876804
40.69 63.1788135
40.7 63.1699227
40.71 63.1610319
40.72 63.1521172
40.73 63.1431786
40.74 63.1342161
40.75 63.1252297
40.76 63.1162433
40.77 63.1072091
40.78 63.0981749
40.79 63.0891168
40.8 63.0800587
40.81 63.0709528
40.82 63.0618469
40.83 63.0527171
40.84 63.0435634
40.85 63.0343858
40.86 63.0251843
40.87 63.0159828
40.88 63.0067574
40.89 62.9975081
40.9 62.9882349
40.91 62.9789617
40.92 62.9696407
40.93 62.9603197
40.94 62.9509748
40.95 62.941606
40.96 62.9322372
40.97 62.9228206
40.98 62.913404
40.99 62.9039635
41.0 62.8944991
41.01 62.8850347
41.02 62.8755464
41.03 62.8660103
41.04 62.8564742
41.05 62.8469381
41.06 62.8373542
41.07 62.8277703
41.08 62.8181625
41.09 62.8085308
41.1 62.7988752
41.11 62.7892196
41.12 62.7795162
41.13 62.7698128
41.14 62.7601094
41.15 62.7503582
41.16 62.7405831
41.17 62.730808
41.18 62.721009
41.19 62.7111861
41.2 62.7013632
41.21 62.6915164
41.22 62.6816218
41.23 62.6717272
41.24 62.6618326
41.25 62.6518902
41.26 62.6419478
41.27 62.6319815
41.28 62.6219913
41.29 62.6120011
41.3 62.6019631
41.31 62.5919251
41.32 62.5818632
41.33 62.5717774
41.34 62.5616916
41.35 62.551558
41.36 62.5414244
41.37 62.5312908
41.38 62.5211094
41.39 62.5109041
41.4 62.5006988
41.41 62.4904696
41.42 62.4802404
41.43 62.4699634
41.44 62.4596864
41.45 62.4493855
41.46 62.4390607
41.47 62.428712
41.48 62.4183633
41.49 62.4079907
41.5 62.3975942
41.51 62.3871738
41.52 62.3767534
41.53 62.3663091
41.54 62.3558409
41.55 62.3453488
41.56 62.3348567
41.57 62.3243168
41.58 62.3137769
41.59 62.303237
41.6 62.2926493
41.61 62.2820616
41.62 62.27145
41.63 62.2608145
41.64 62.2501551
41.65 62.2394957
41.66 62.2288124
41.67 62.2181052
41.68 62.2073741
41.69 62.196643
41.7 62.1858641
41.71 62.1750852
41.72 62.1643063
41.73 62.1534796
41.74 62.1426529
41.75 62.1318023
41.76 62.1209278
41.77 62.1100533
41.78 62.0991549
41.79 62.0882326
41.8 62.0772864
41.81 62.0663402
41.82 62.0553462
41.83 62.0443522
41.84 62.0333582
41.85 62.0223164
41.86 62.0112746
41.87 62.0002089
41.88 61.9891193
41.89 61.9780297
41.9 61.9668923
41.91 61.9557549
41.92 61.9446175
41.93 61.9334323
41.94 61.9222471
41.95 61.911038
41.96 61.899805
41.97 61.888572
41.98 61.8773151
41.99 61.8660343
42.0 61.8547296
42.01 61.8434249
42.02 61.8320724
42.03 61.8207438
42.04 61.8093674
42.05 61.7979671
42.06 61.7865668
42.07 61.7751426
42.08 61.7637184
42.09 61.7522464
42.1 61.7407744
42.11 61.7293024
42.12 61.7177826
42.13 61.7062628
42.14 61.6947191
42.15 61.6831515
42.16 61.67156
42.17 61.6599685
42.18 61.6483531
42.19 61.6367377
42.2 61.6250745
42.21 61.6134113
42.22 61.6017242
42.23 61.5900132
42.24 61.5783022
42.25 61.5665673
42.26 61.5548085
42.27 61.5430497
42.28 61.5312431
42.29 61.5194365
42.3 61.5076299
42.31 61.4957755
42.32 61.4839211
42.33 61.4720428
42.34 61.4601406
42.35 61.4482384
42.36 61.4363123
42.37 61.4243623
42.38 61.4124123
42.39 61.4004384
42.4 61.3884406
42.41 61.3764189
42.42 61.3643733
42.43 61.3523277
42.44 61.3402821
42.45 61.3281887
42.46 61.3160953
42.47 61.303978
42.48 61.2918368
42.49 61.2796956
42.5 61.2675066
42.51 61.2553415
42.52 61.2431286
42.53 61.2309157
42.54 61.2186789
42.55 61.2064182
42.56 61.1941575
42.57 61.181849
42.58 61.1695644
42.59 61.157232
42.6 61.1448996
42.61 61.1325433
42.62 61.1201631
42.63 61.1077829
42.64 61.0953788
42.65 61.0829508
42.66 61.0704989
42.67 61.058047
42.68 61.0455712
42.69 61.0330715
42.7 61.0205718
42.71 61.0080482
42.72 60.9955007
42.73 60.9829532
42.74 60.9703818
42.75 60.9577865
42.76 60.9451673
42.77 60.9325481
42.78 60.919905
42.79 60.907238
42.8 60.894571
42.81 60.8818801
42.82 60.8691653
42.83 60.8564505
42.84 60.8436879
42.85 60.8309253
42.86 60.8181627
42.87 60.8053762
42.88 60.7925658
42.89 60.7797315
42.9 60.7668972
42.91 60.754039
42.92 60.7411569
42.93 60.7282748
42.94 60.7153449
42.95 60.7024389
42.96 60.6894851
42.97 60.6765313
42.98 60.6635536
42.99 60.6505759
43.0 60.6375504
43.01 60.6245249
43.02 60.6114994
43.03 60.5984261
43.04 60.5853528
43.05 60.5722795
43.06 60.5591584
43.07 60.5460373
43.08 60.5328923
43.09 60.5197473
43.1 60.5065784
43.11 60.4933856
43.12 60.4801928
43.13 60.4669522
43.14 60.4537355
43.15 60.440471
43.16 60.4272065
43.17 60.4139181
43.18 60.4006058
43.19 60.3872935
43.2 60.3739573
43.21 60.3606211
43.22 60.3472371
43.23 60.3338531
43.24 60.3204691
43.25 60.3070373
43.26 60.2936055
43.27 60.2801737
43.28 60.2666941
43.29 60.2532145
43.3 60.2397349
43.31 60.2262075
43.32 60.2126801
43.33 60.1991527
43.34 60.1855775
43.35 60.1720023
43.36 60.1584271
43.37 60.1448041
43.38 60.1311811
43.39 60.1175342
43.4 60.1038873
43.41 60.0902165
43.42 60.0765218
43.43 60.0628271
43.44 60.0491085
43.45 60.035366
43.46 60.0216235
43.47 60.0078571
43.48 59.9940668
43.49 59.9802765
43.5 59.9664623
43.51 59.9526242
43.52 59.9387861
43.53 59.9249241
43.54 59.9110382
43.55 59.8971523
43.56 59.8832425
43.57 59.8693088
43.58 59.8553751
43.59 59.8414175
43.6 59.827436
43.61 59.8134545
43.62 59.7994491
43.63 59.7854198
43.64 59.7713905
43.65 59.7573373
43.66 59.7432841
43.67 59.7291831
43.68 59.715106
43.69 59.7009811
43.7 59.6868562
43.71 59.6727074
43.72 59.6585586
43.73 59.6443859
43.74 59.6301893
43.75 59.6159688
43.76 59.6017483
43.77 59.5875278
43.78 59.5732595
43.79 59.5589912
43.8 59.5447229
43.81 59.5304068
43.82 59.5160907
43.83 59.5017746
43.84 59.4874346
43.85 59.4730707
43.86 59.4586829
43.87 59.4442951
43.88 59.4298834
43.89 59.4154717
43.9 59.4010361
43.91 59.3865766
43.92 59.3721171
43.93 59.3576337
43.94 59.3431264
43.95 59.3286191
43.96 59.3140879
43.97 59.2995328
43.98 59.2849777
43.99 59.2703987
44.0 59.2558197
44.01 59.2412168
44.02 59.22659
44.03 59.2119632
44.04 59.1973125
44.05 59.1826379
44.06 59.1679633
44.07 59.1532648
44.08 59.1385424
44.09 59.12382
44.1 59.1090976
44.11 59.0943274
44.12 59.0795572
44.13 59.0647631
44.14 59.049969
44.15 59.035151
44.16 59.020333
44.17 59.0054672
44.18 58.9906253
44.19 58.9757356
44.2 58.9608459
44.21 58.9459323
44.22 58.9310187
44.23 58.9160812
44.24 58.9011437
44.25 58.8861823
44.26 58.871197
44.27 58.8561878
44.28 58.8411786
44.29 58.8261694
44.3 58.8111124
44.31 58.7960793
44.32 58.7809984
44.33 58.7659175
44.34 58.7508127
44.35 58.7357079
44.36 58.7205792
44.37 58.7054266
44.38 58.690274
44.39 58.6750975
44.4 58.659921
44.41 58.6447206
44.42 58.6294963
44.43 58.614272
44.44 58.5990238
44.45 58.5837517
44.46 58.5684796
44.47 58.5532075
44.48 58.5378876
44.49 58.5225677
44.5 58.5072478
44.51 58.491904
44.52 58.4765363
44.53 58.4611686
44.54 58.445777
44.55 58.4303615
44.56 58.414946
44.57 58.3995066
44.58 58.3840672
44.59 58.3686039
44.6 58.3531167
44.61 58.3376295
44.62 58.3221184
44.63 58.3066073
44.64 58.2910723
44.65 58.2755134
44.66 58.2599545
44.67 58.2443717
44.68 58.2287889
44.69 58.2131822
44.7 58.1975516
44.71 58.181921
44.72 58.1662665
44.73 58.150612
44.74 58.1349336
44.75 58.1192313
44.76 58.103529
44.77 58.0878028
44.78 58.0720766
44.79 58.0563265
44.8 58.0405525
44.81 58.0247785
44.82 58.0089806
44.83 57.9931827
44.84 57.9773609
44.85 57.9615391
44.86 57.9456934
44.87 57.9298238
44.88 57.9139542
44.89 57.8980607
44.9 57.8821433
44.91 57.8662259
44.92 57.8503085
44.93 57.8343433
44.94 57.818402
44.95 57.8024129
44.96 57.7864238
44.97 57.7704347
44.98 57.7544217
44.99 57.7383848
45.0 57.7223479
45.01 57.7062871
45.02 57.6902024
45.03 57.6741177
45.04 57.658033
45.05 57.6419244
45.06 57.6257919
45.07 57.6096355
45.08 57.593503
45.09 57.5773227
45.1 57.5611424
45.11 57.5449382
45.12 57.528734
45.13 57.5125059
45.14 57.4962778
45.15 57.4800258
45.16 57.4637499
45.17 57.447474
45.18 57.4311981
45.19 57.4148744
45.2 57.3985746
45.21 57.382227
45.22 57.3658794
45.23 57.3495318
45.24 57.3331603
45.25 57.3167649
45.26 57.3003695
45.27 57.2839502
45.28 57.2675309
45.29 57.2510877
45.3 57.2346206
45.31 57.2181535
45.32 57.2016864
45.33 57.1851715
45.34 57.1686805
45.35 57.1521417
45.36 57.1356268
45.37 57.1190641
45.38 57.1025014
45.39 57.0859387
45.4 57.0693282
45.41 57.0527416
45.42 57.0361311
45.43 57.0194967
45.44 57.0028384
45.45 56.9861801
45.46 56.9695218
45.47 56.9528396
45.48 56.9361335
45.49 56.9194274
45.5 56.9027213
45.51 56.8859674
45.52 56.8692374
45.53 56.8524596
45.54 56.8356818
45.55 56.818904
45.56 56.8021023
45.57 56.7852767
45.58 56.7684511
45.59 56.7516016
45.6 56.7347521
45.61 56.7179026
45.62 56.7010053
45.63 56.684108
45.64 56.6672107
45.65 56.6502895
45.66 56.6333683
45.67 56.6163993
45.68 56.5994542
45.69 56.5824852
45.7 56.5654923
45.71 56.5484994
45.72 56.5314826
45.73 56.5144658
45.74 56.4974251
45.75 56.4803844
45.76 56.4633198
45.77 56.4462313
45.78 56.4291428
45.79 56.4120543
45.8 56.3949419
45.81 56.3778056
45.82 56.3606693
45.83 56.3435091
45.84 56.3263489
45.85 56.3091648
45.86 56.2919807
45.87 56.2747727
45.88 56.2575647
45.89 56.2403328
45.9 56.223077
45.91 56.2058212
45.92 56.1885654
45.93 56.1712857
45.94 56.1539821
45.95 56.1366785
45.96 56.119351
45.97 56.1020235
45.98 56.0846721
45.99 56.0673207
46.0 56.0499693
46.01 56.0325701
46.02 56.0151709
46.03 55.9977717
46.04 55.9803486
46.05 55.9629255
46.06 55.9454785
46.07 55.9280315
46.08 55.9105606
46.09 55.8930658
46.1 55.875571
46.11 55.8580762
46.12 55.8405575
46.13 55.8230149
46.14 55.8054723
46.15 55.7879058
46.16 55.7703393
46.17 55.7527728
46.18 55.7351585
46.19 55.7175681
46.2 55.6999299
46.21 55.6823156
46.22 55.6646774
46.23 55.6470153
46.24 55.6293532
46.25 55.6116672
46.26 55.5939573
46.27 55.5762713
46.28 55.5585375
46.29 55.5408276
46.3 55.5230699
46.31 55.5053122
46.32 55.4875545
46.33 55.4697729
46.34 55.4519913
46.35 55.4341858
46.36 55.4163564
46.37 55.398527
46.38 55.3806976
46.39 55.3628443
46.4 55.344991
46.41 55.3271138
46.42 55.3092127
46.43 55.2913116
46.44 55.2734105
46.45 55.2554855
46.46 55.2375605
46.47 55.2196116
46.48 55.2016388
46.49 55.183666
46.5 55.1656932
46.51 55.1476965
46.52 55.1296759
46.53 55.1116553
46.54 55.0936347
46.55 55.0755902
46.56 55.0575218
46.57 55.0394534
46.58 55.021385
46.59 55.0032927
46.6 54.9852004
46.61 54.9670842
46.62 54.9489441
46.63 54.930804
46.64 54.9126639
46.65 54.8944999
46.66 54.876312
46.67 54.858148
46.68 54.8399362
46.69 54.8217244
46.7 54.8035126
46.71 54.7852769
46.72 54.7670412
46.73 54.7487816
46.74 54.7304981
46.75 54.7122385
46.76 54.6939311
46.77 54.6756476
46.78 54.6573163
46.79 54.6390089
46.8 54.6206537
46.81 54.6023224
46.82 54.5839433
46.83 54.5655881
46.84 54.5471851
46.85 54.528806
46.86 54.510403
46.87 54.4919761
46.88 54.4735492
46.89 54.4550984
46.9 54.4366476
46.91 54.4181968
46.92 54.3997221
46.93 54.3812235
46.94 54.3627249
46.95 54.3442263
46.96 54.3257038
46.97 54.3071574
46.98 54.288611
46.99 54.2700646
47.0 54.2514943
47.01 54.232924
47.02 54.2143298
47.03 54.1957356
47.04 54.1771175
47.05 54.1584994
47.06 54.1398574
47.07 54.1212154
47.08 54.1025495
47.09 54.0838836
47.1 54.0652177
47.11 54.0465279
47.12 54.0278142
47.13 54.0091005
47.14 53.9903868
47.15 53.9716492
47.16 53.9529116
47.17 53.9341501
47.18 53.9153647
47.19 53.8966032
47.2 53.8777939
47.21 53.8590085
47.22 53.8401992
47.23 53.821366
47.24 53.8025328
47.25 53.7836757
47.26 53.7648186
47.27 53.7459615
47.28 53.7270805
47.29 53.7081995
47.3 53.6892946
47.31 53.6703897
47.32 53.6514609
47.33 53.6325321
47.34 53.6135794
47.35 53.5946267
47.36 53.5756501
47.37 53.5566735
47.38 53.5376969
47.39 53.5186964
47.4 53.4996959
47.41 53.4806715
47.42 53.4616232
47.43 53.4425988
47.44 53.4235505
47.45 53.4044783
47.46 53.3854061
47.47 53.36631
47.48 53.3472139
47.49 53.3281178
47.5 53.3089978
47.51 53.2898778
47.52 53.2707339
47.53 53.25159
47.54 53.2324222
47.55 53.2132544
47.56 53.1940627
47.57 53.174871
47.58 53.1556793
47.59 53.1364637
47.6 53.1172481
47.61 53.0980086
47.62 53.0787691
47.63 53.0595057
47.64 53.0402423
47.65 53.020955
47.66 53.0016677
47.67 52.9823804
47.68 52.9630692
47.69 52.943758
47.7 52.9244229
47.71 52.9050878
47.72 52.8857288
47.73 52.8663698
47.74 52.8470108
47.75 52.8276279
47.76 52.808245
47.77 52.7888382
47.78 52.7694314
47.79 52.7500007
47.8 52.73057
47.81 52.7111393
47.82 52.6916847
47.83 52.6722062
47.84 52.6527516
47.85 52.6332492
47.86 52.6137707
47.87 52.5942683
47.88 52.574742
47.89 52.5552157
47.9 52.5356894
47.91 52.5161392
47.92 52.496589
47.93 52.4770149
47.94 52.4574408
47.95 52.4378667
47.96 52.4182687
47.97 52.3986707
47.98 52.3790488
47.99 52.3594269
48.0 52.3397811
48.01 52.3201353
48.02 52.3004895
48.03 52.2808198
48.04 52.2611501
48.05 52.2414565
48.06 52.2217629
48.07 52.2020693
48.08 52.1823518
48.09 52.1626104
48.1 52.1428929
48.11 52.1231276
48.12 52.1033862
48.13 52.0836209
48.14 52.0638317
48.15 52.0440664
48.16 52.0242533
48.17 52.0044641
48.18 51.984651
48.19 51.964814
48.2 51.944977
48.21 51.92514
48.22 51.9052791
48.23 51.8854182
48.24 51.8655573
48.25 51.8456725
48.26 51.8257877
48.27 51.805879
48.28 51.7859703
48.29 51.7660377
48.3 51.7461051
48.31 51.7261725
48.32 51.706216
48.33 51.6862595
48.34 51.6662791
48.35 51.6462987
48.36 51.6263183
48.37 51.606314
48.38 51.5863097
48.39 51.5663054
48.4 51.5462772
48.41 51.5262251
48.42 51.5061969
48.43 51.4861209
48.44 51.4660688
48.45 51.4459928
48.46 51.4259168
48.47 51.4058169
48.48 51.385717
48.49 51.3655932
48.5 51.3454694
48.51 51.3253456
48.52 51.3051979
48.53 51.2850502
48.54 51.2649025
48.55 51.2447309
48.56 51.2245354
48.57 51.2043638
48.58 51.1841683
48.59 51.1639489
48.6 51.1437295
48.61 51.1235101
48.62 51.1032907
48.63 51.0830474
48.64 51.0627802
48.65 51.0425369
48.66 51.0222458
48.67 51.0019786
48.68 50.9816875
48.69 50.9613964
48.7 50.9410814
48.71 50.9207664
48.72 50.9004275
48.73 50.8801125
48.74 50.8597497
48.75 50.8394108
48.76 50.819048
48.77 50.7986613
48.78 50.7782985
48.79 50.7579118
48.8 50.7375012
48.81 50.7170906
48.82 50.69668
48.83 50.6762455
48.84 50.655811
48.85 50.6353765
48.86 50.6149181
48.87 50.5944597
48.88 50.5740013
48.89 50.553519
48.9 50.5330367
48.91 50.5125305
48.92 50.4920243
48.93 50.4715181
48.94 50.450988
48.95 50.4304579
48.96 50.4099039
48.97 50.3893738
48.98 50.3687959
48.99 50.3482419
49.0 50.327664
49.01 50.3070861
49.02 50.2864843
49.03 50.2658825
49.04 50.2452568
49.05 50.224655
49.06 50.2040293
49.07 50.1833797
49.08 50.1627301
49.09 50.1420805
49.1 50.121407
49.11 50.1007574
49.12 50.08006
49.13 50.0593865
49.14 50.0386891
49.15 50.0179678
49.16 49.9972465
49.17 49.9765252
49.18 49.9558039
49.19 49.9350587
49.2 49.9143135
49.21 49.8935444
49.22 49.8727992
49.23 49.8520062
49.24 49.8312371
49.25 49.8104441
49.26 49.7896511
49.27 49.7688342
49.28 49.7480173
49.29 49.7272004
49.3 49.7063596
49.31 49.6855188
49.32 49.664678
49.33 49.6438133
49.34 49.6229486
49.35 49.60206
49.36 49.5811714
49.37 49.5602828
49.38 49.5393942
49.39 49.5184817
49.4 49.4975692
49.41 49.4766328
49.42 49.4556964
49.43 49.43476
49.44 49.4138236
49.45 49.3928633
49.46 49.371903
49.47 49.3509188
49.48 49.3299346
49.49 49.3089504
49.5 49.2879423
49.51 49.2669342
49.52 49.2459261
49.53 49.2248941
49.54 49.2038621
49.55 49.1828301
49.56 49.1617981
49.57 49.1407422
49.58 49.1196624
49.59 49.0986065
49.6 49.0775267
49.61 49.056423
49.62 49.0353432
49.63 49.0142395
49.64 48.9931119
49.65 48.9720082
49.66 48.9508806
49.67 48.929753
49.68 48.9086015
49.69 48.88745
49.7 48.8662985
49.71 48.8451231
49.72 48.8239477
49.73 48.8027723
49.74 48.781573
49.75 48.7603737
49.76 48.7391744
49.77 48.7179751
49.78 48.6967519
49.79 48.6755048
49.8 48.6542816
49.81 48.6330345
49.82 48.6117874
49.83 48.5905164
49.84 48.5692454
49.85 48.5479744
49.86 48.5267034
49.87 48.5054085
49.88 48.4841136
49.89 48.4627948
49.9 48.4414999
49.91 48.4201811
49.92 48.3988384
49.93 48.3774957
49.94 48.356153
49.95 48.3348103
49.96 48.3134437
49.97 48.2920771
49.98 48.2707105
49.99 48.24932
50.0 48.2279534
50.01 48.206539
50.02 48.1851485
50.03 48.1637341
50.04 48.1423197
50.05 48.1208814
50.06 48.0994431
50.07 48.0780048
50.08 48.0565665
50.09 48.0351043
50.1 48.0136421
50.11 47.9921799
50.12 47.9706938
50.13 47.9492077
50.14 47.9277216
50.15 47.9062355
50.16 47.8847255
50.17 47.8631916
50.18 47.8416816
50.19 47.8201477
50.2 47.7986138
50.21 47.7770799
50.22 47.7555221
50.23 47.7339643
50.24 47.7124065
50.25 47.6908248
50.26 47.6692431
50.27 47.6476614
50.28 47.6260797
50.29 47.6044741
50.3 47.5828685
50.31 47.5612629
50.32 47.5396334
50.33 47.5180039
50.34 47.4963744
50.35 47.474721
50.36 47.4530676
50.37 47.4314142
50.38 47.4097608
50.39 47.3880835
50.4 47.3664062
50.41 47.3447289
50.42 47.3230277
50.43 47.3013265
50.44 47.2796253
50.45 47.2579241
50.46 47.236199
50.47 47.2144739
50.48 47.1927249
50.49 47.1709998
50.5 47.1492508
50.51 47.1275018
50.52 47.1057289
50.53 47.083956
50.54 47.0621831
50.55 47.0404102
50.56 47.0186134
50.57 46.9968405
50.58 46.9750198
50.59 46.953223
50.6 46.9314023
50.61 46.9095816
50.62 46.8877609
50.63 46.8659163
50.64 46.8440717
50.65 46.8222271
50.66 46.8003825
50.67 46.778514
50.68 46.7566455
50.69 46.734777
50.7 46.7128846
50.71 46.6910161
50.72 46.6691237
50.73 46.6472074
50.74 46.625315
50.75 46.6033987
50.76 46.5814824
50.77 46.5595422
50.78 46.537602
50.79 46.5156618
50.8 46.4937216
50.81 46.4717814
50.82 46.4498173
50.83 46.4278532
50.84 46.4058652
50.85 46.3839011
50.86 46.3619131
50.87 46.3399251
50.88 46.3179371
50.89 46.2959252
50.9 46.2739133
50.91 46.2519014
50.92 46.2298656
50.93 46.2078537
50.94 46.1858179
50.95 46.1637582
50.96 46.1417224
50.97 46.1196627
50.98 46.097603
50.99 46.0755433
51.0 46.0534597
51.01 46.0313761
51.02 46.0092925
51.03 45.9872089
51.04 45.9651014
51.05 45.9430178
51.06 45.9209103
51.07 45.8987789
51.08 45.8766714
51.09 45.85454
51.1 45.8324086
51.11 45.8102533
51.12 45.7881219
51.13 45.7659666
51.14 45.7438113
51.15 45.7216321
51.16 45.6994768
51.17 45.6772976
51.18 45.6551184
51.19 45.6329153
51.2 45.6107361
51.21 45.588533
51.22 45.5663299
51.23 45.5441029
51.24 45.5218998
51.25 45.4996728
51.26 45.4774458
51.27 45.4551949
51.28 45.4329679
51.29 45.410717
51.3 45.3884661
51.31 45.3661913
51.32 45.3439404
51.33 45.3216656
51.34 45.2993908
51.35 45.277116
51.36 45.2548173
51.37 45.2325186
51.38 45.2102199
51.39 45.1879212
51.4 45.1656225
51.41 45.1432999
51.42 45.1209773
51.43 45.0986547
51.44 45.0763082
51.45 45.0539856
51.46 45.0316391
51.47 45.0092926
51.48 44.9869222
51.49 44.9645757
51.5 44.9422053
51.51 44.9198349
51.52 44.8974406
51.53 44.8750702
51.54 44.8526759
51.55 44.8302816
51.56 44.8078873
51.57 44.7854691
51.58 44.7630748
51.59 44.7406566
51.6 44.7182384
51.61 44.6957963
51.62 44.6733781
51.63 44.650936
51.64 44.6284939
51.65 44.6060518
51.66 44.5835858
51.67 44.5611198
51.68 44.5386538
51.69 44.5161878
51.7 44.4937218
51.71 44.4712319
51.72 44.448742
51.73 44.4262521
51.74 44.4037622
51.75 44.3812723
51.76 44.3587585
51.77 44.3362447
51.78 44.3137309
51.79 44.2911932
51.8 44.2686794
51.81 44.2461417
51.82 44.223604
51.83 44.2010663
51.84 44.1785047
51.85 44.155967
51.86 44.1334054
51.87 44.1108438
51.88 44.0882822
51.89 44.0656967
51.9 44.0431112
51.91 44.0205257
51.92 43.9979402
51.93 43.9753547
51.94 43.9527453
51.95 43.9301598
51.96 43.9075504
51.97 43.8849171
51.98 43.8623077
51.99 43.8396744
52.0 43.817065
52.01 43.7944317
52.02 43.7717745
52.03 43.7491412
52.04 43.726484
52.05 43.7038507
52.06 43.6811935
52.07 43.6585124
52.08 43.6358552
52.09 43.6131741
52.1 43.590493
52.11 43.5678119
52.12 43.5451308
52.13 43.5224497
52.14 43.4997447
52.15 43.4770397
52.16 43.4543347
52.17 43.4316297
52.18 43.4089247
52.19 43.3861958
52.2 43.3634669
52.21 43.340738
52.22 43.3180091
52.23 43.2952802
52.24 43.2725274
52.25 43.2497746
52.26 43.2270218
52.27 43.204269
52.28 43.1815162
52.29 43.1587395
52.3 43.1359867
52.31 43.11321
52.32 43.0904333
52.33 43.0676327
52.34 43.044856
52.35 43.0220554
52.36 42.9992548
52.37 42.9764542
52.38 42.9536536
52.39 42.930853
52.4 42.9080285
52.41 42.885204
52.42 42.8623795
52.43 42.839555
52.44 42.8167305
52.45 42.7938821
52.46 42.7710337
52.47 42.7482092
52.48 42.7253608
52.49 42.7024885
52.5 42.6796401
52.51 42.6567678
52.52 42.6339194
52.53 42.6110471
52.54 42.5881509
52.55 42.5652786
52.56 42.5424063
52.57 42.5195101
52.58 42.4966139
52.59 42.4737177
52.6 42.4508215
52.61 42.4279253
52.62 42.4050052
52.63 42.3820851
52.64 42.3591889
52.65 42.3362688
52.66 42.3133248
52.67 42.2904047
52.68 42.2674607
52.69 42.2445406
52.7 42.2215966
52.71 42.1986526
52.72 42.1757086
52.73 42.1527407
52.74 42.1297967
52.75 42.1068288
52.76 42.0838609
52.77 42.060893
52.78 42.0379251
52.79 42.0149333
52.8 41.9919654
52.81 41.9689736
52.82 41.9459818
52.83 41.92299
52.84 41.8999982
52.85 41.8770064
52.86 41.8539907
52.87 41.8309989
52.88 41.8079832
52.89 41.7849675
52.9 41.7619518
52.91 41.7389122
52.92 41.7158965
52.93 41.6928569
52.94 41.6698173
52.95 41.6468016
52.96 41.6237381
52.97 41.6006985
52.98 41.5776589
52.99 41.5545954
53.0 41.5315558
53.01 41.5084923
53.02 41.4854288
53.03 41.4623653
53.04 41.4392779
53.05 41.4162144
53.06 41.393127
53.07 41.3700635
53.08 41.3469761
53.09 41.3238887
53.1 41.3008013
53.11 41.27769
53.12 41.2546026
53.13 41.2314913
53.14 41.20838
53.15 41.1852687
53.16 41.1621574
53.17 41.1390461
53.18 41.1159348
53.19 41.0927996
53.2 41.0696883
53.21 41.0465531
53.22 41.0234179
53.23 41.0002827
53.24 40.9771475
53.25 40.9540123
53.26 40.9308532
53.27 40.9076941
53.28 40.8845589
53.29 40.8613998
53.3 40.8382407
53.31 40.8150816
53.32 40.7918986
53.33 40.7687395
53.34 40.7455565
53.35 40.7223974
53.36 40.6992144
53.37 40.6760314
53.38 40.6528484
53.39 40.6296654
53.4 40.6064585
53.41 40.5832755
53.42 40.5600686
53.43 40.5368856
53.44 40.5136787
53.45 40.4904718
53.46 40.4672649
53.47 40.4440341
53.48 40.4208272
53.49 40.3976203
53.5 40.3743895
53.51 40.3511587
53.52 40.3279279
53.53 40.3046971
53.54 40.2814663
53.55 40.2582355
53.56 40.2350047
53.57 40.21175
53.58 40.1885192
53.59 40.1652645
53.6 40.1420098
53.61 40.1187551
53.62 40.0955004
53.63 40.0722457
53.64 40.0489671
53.65 40.0257124
53.66 40.0024338
53.67 39.9791791
53.68 39.9559005
53.69 39.9326219
53.7 39.9093433
53.71 39.8860647
53.72 39.8627861
53.73 39.8394836
53.74 39.816205
53.75 39.7929025
53.76 39.7696239
53.77 39.7463214
53.78 39.7230189
53.79 39.6997164
53.8 39.6764139
53.81 39.6530875
53.82 39.629785
53.83 39.6064825
53.84 39.5831561
53.85 39.5598297
53.86 39.5365272
53.87 39.5132008
53.88 39.4898744
53.89 39.466548
53.9 39.4432216
53.91 39.4198713
53.92 39.3965449
53.93 39.3731946
53.94 39.3498682
53.95 39.3265179
53.96 39.3031676
53.97 39.2798173
53.98 39.256467
53.99 39.2331167
54.0 39.2097664
54.01 39.1864161
54.02 39.1630419
54.03 39.1396916
54.04 39.1163174
54.05 39.0929432
54.06 39.0695929
54.07 39.0462187
54.08 39.0228445
54.09 38.9994703
54.1 38.9760961
54.11 38.952698
54.12 38.9293238
54.13 38.9059496
54.14 38.8825515
54.15 38.8591534
54.16 38.8357792
54.17 38.8123811
54.18 38.788983
54.19 38.7655849
54.2 38.7421868
54.21 38.7187887
54.22 38.6953906
54.23 38.6719686
54.24 38.6485705
54.25 38.6251485
54.26 38.6017504
54.27 38.5783284
54.28 38.5549064
54.29 38.5314844
54.3 38.5080863
54.31 38.4846643
54.32 38.4612184
54.33 38.4377964
54.34 38.4143744
54.35 38.3909524
54.36 38.3675065
54.37 38.3440845
54.38 38.3206386
54.39 38.2972166
54.4 38.2737707
54.41 38.2503248
54.42 38.2268789
54.43 38.203433
54.44 38.1799871
54.45 38.1565412
54.46 38.1330953
54.47 38.1096494
54.48 38.0862035
54.49 38.0627337
54.5 38.0392878
54.51 38.015818
54.52 37.9923721
54.53 37.9689023
54.54 37.9454325
54.55 37.9219627
54.56 37.8985168
54.57 37.875047
54.58 37.8515772
54.59 37.8281074
54.6 37.8046137
54.61 37.7811439
54.62 37.7576741
54.63 37.7342043
54.64 37.7107106
54.65 37.6872408
54.66 37.6637471
54.67 37.6402773
54.68 37.6167836
54.69 37.5932899
54.7 37.5697962
54.71 37.5463264
54.72 37.5228327
54.73 37.499339
54.74 37.4758453
54.75 37.4523516
54.76 37.428834
54.77 37.4053403
54.78 37.3818466
54.79 37.3583529
54.8 37.3348353
54.81 37.3113416
54.82 37.2878479
54.83 37.2643303
54.84 37.2408127
54.85 37.217319
54.86 37.1938014
54.87 37.1702838
54.88 37.1467901
54.89 37.1232725
54.9 37.0997549
54.91 37.0762373
54.92 37.0527197
54.93 37.0292021
54.94 37.0056845
54.95 36.9821669
54.96 36.9586493
54.97 36.9351078
54.98 36.9115902
54.99 36.8880726
55.0 36.8645311
55.01 36.8410135
55.02 36.8174959
55.03 36.7939544
55.04 36.7704368
55.05 36.7468953
55.06 36.7233538
55.07 36.6998362
55.08 36.6762947
55.09 36.6527532
55.1 36.6292117
55.11 36.6056941
55.12 36.5821526
55.13 36.5586111
55.14 36.5350696
55.15 36.5115281
55.16 36.4879866
55.17 36.4644451
55.18 36.4409036
55.19 36.4173621
55.2 36.3938206
55.21 36.3702552
55.22 36.3467137
55.23 36.3231722
55.24 36.2996307
55.25 36.2760653
55.26 36.2525238
55.27 36.2289823
55.28 36.2054169
55.29 36.1818754
55.3 36.15831
55.31 36.1347685
55.32 36.1112031
55.33 36.0876616
55.34 36.0640962
55.35 36.0405547
55.36 36.0169893
55.37 35.9934239
55.38 35.9698824
55.39 35.946317
55.4 35.9227516
55.41 35.8992101
55.42 35.8756447
55.43 35.8520793
55.44 35.8285139
55.45 35.8049485
55.46 35.781407
55.47 35.7578416
55.48 35.7342762
55.49 35.7107108
55.5 35.6871454
55.51 35.66358
55.52 35.6400146
55.53 35.6164492
55.54 35.5928838
55.55 35.5693184
55.56 35.545753
55.57 35.5221876
55.58 35.4986222
55.59 35.4750568
55.6 35.4514914
55.61 35.427926
55.62 35.4043606
55.63 35.3807952
55.64 35.3572298
55.65 35.3336405
55.66 35.3100751
55.67 35.2865097
55.68 35.2629443
55.69 35.2393789
55.7 35.2158135
55.71 35.1922242
55.72 35.1686588
55.73 35.1450934
55.74 35.121528
55.75 35.0979626
55.76 35.0743733
55.77 35.0508079
55.78 35.0272425
55.79 35.0036771
55.8 34.9801117
55.81 34.9565224
55.82 34.932957
55.83 34.9093916
55.84 34.8858262
55.85 34.8622608
55.86 34.8386715
55.87 34.8151061
55.88 34.7915407
55.89 34.7679753
55.9 34.7444099
55.91 34.7208206
55.92 34.6972552
55.93 34.6736898
55.94 34.6501244
55.95 34.626559
55.96 34.6029697
55.97 34.5794043
55.98 34.5558389
55.99 34.5322735
56.0 34.5087081
56.01 34.4851427
56.02 34.4615534
56.03 34.437988
56.04 34.4144226
56.05 34.3908572
56.06 34.3672918
56.07 34.3437264
56.08 34.320161
56.09 34.2965956
56.1 34.2730302
56.11 34.2494648
56.12 34.2258994
56.13 34.202334
56.14 34.1787686
56.15 34.1552032
56.16 34.1316378
56.17 34.1080724
56.18 34.084507
56.19 34.0609416
56.2 34.0374001
56.21 34.0138347
56.22 33.9902693
56.23 33.9667039
56.24 33.9431385
56.25 33.919597
56.26 33.8960316
56.27 33.8724662
56.28 33.8489247
56.29 33.8253593
56.3 33.8017939
56.31 33.7782524
56.32 33.754687
56.33 33.7311216
56.34 33.7075801
56.35 33.6840147
56.36 33.6604732
56.37 33.6369317
56.38 33.6133663
56.39 33.5898248
56.4 33.5662594
56.41 33.5427179
56.42 33.5191764
56.43 33.4956349
56.44 33.4720695
56.45 33.448528
56.46 33.4249865
56.47 33.401445
56.48 33.3779035
56.49 33.354362
56.5 33.3308205
56.51 33.307279
56.52 33.2837375
56.53 33.260196
56.54 33.2366545
56.55 33.213113
56.56 33.1895715
56.57 33.1660539
56.58 33.1425124
56.59 33.1189709
56.6 33.0954533
56.61 33.0719118
56.62 33.0483703
56.63 33.0248527
56.64 33.0013112
56.65 32.9777936
56.66 32.954276
56.67 32.9307345
56.68 32.9072169
56.69 32.8836993
56.7 32.8601817
56.71 32.8366402
56.72 32.8131226
56.73 32.789605
56.74 32.7660874
56.75 32.7425698
56.76 32.7190522
56.77 32.6955585
56.78 32.6720409
56.79 32.6485233
56.8 32.6250057
56.81 32.601512
56.82 32.5779944
56.83 32.5544768
56.84 32.5309831
56.85 32.5074894
56.86 32.4839718
56.87 32.4604781
56.88 32.4369844
56.89 32.4134668
56.9 32.3899731
56.91 32.3664794
56.92 32.3429857
56.93 32.319492
56.94 32.2959983
56.95 32.2725046
56.96 32.2490109
56.97 32.2255411
56.98 32.2020474
56.99 32.1785537
57.0 32.1550839
57.01 32.1315902
57.02 32.1081204
57.03 32.0846506
57.04 32.0611569
57.05 32.0376871
57.06 32.0142173
57.07 31.9907475
57.08 31.9672777
57.09 31.9438079
57.1 31.9203381
57.11 31.8968683
57.12 31.8733985
57.13 31.8499526
57.14 31.8264828
57.15 31.803013
57.16 31.7795671
57.17 31.7560973
57.18 31.7326514
57.19 31.7092055
57.2 31.6857596
57.21 31.6622898
57.22 31.6388439
57.23 31.615398
57.24 31.591976
57.25 31.5685301
57.26 31.5450842
57.27 31.5216383
57.28 31.4982163
57.29 31.4747704
57.3 31.4513484
57.31 31.4279025
57.32 31.4044805
57.33 31.3810585
57.34 31.3576365
57.35 31.3342145
57.36 31.3107925
57.37 31.2873705
57.38 31.2639485
57.39 31.2405265
57.4 31.2171284
57.41 31.1937064
57.42 31.1703083
57.43 31.1469102
57.44 31.1234882
57.45 31.1000901
57.46 31.076692
57.47 31.0532939
57.48 31.0298958
57.49 31.0064977
57.5 30.9830996
57.51 30.9597254
57.52 30.9363273
57.53 30.9129531
57.54 30.889555
57.55 30.8661808
57.56 30.8428066
57.57 30.8194324
57.58 30.7960582
57.59 30.772684
57.6 30.7493098
57.61 30.7259356
57.62 30.7025853
57.63 30.6792111
57.64 30.6558608
57.65 30.6324866
57.66 30.6091363
57.67 30.585786
57.68 30.5624357
57.69 30.5390854
57.7 30.5157351
57.71 30.4923848
57.72 30.4690584
57.73 30.4457081
57.74 30.4223817
57.75 30.3990314
57.76 30.375705
57.77 30.3523786
57.78 30.3290522
57.79 30.3057258
57.8 30.2823994
57.81 30.259073
57.82 30.2357705
57.83 30.2124441
57.84 30.1891416
57.85 30.1658152
57.86 30.1425127
57.87 30.1192102
57.88 30.0959077
57.89 30.0726052
57.9 30.0493266
57.91 30.0260241
57.92 30.0027455
57.93 29.979443
57.94 29.9561644
57.95 29.9328858
57.96 29.9096072
57.97 29.8863286
57.98 29.86305
57.99 29.8397714
58.0 29.8164928
58.01 29.7932381
58.02 29.7699834
58.03 29.7467048
58.04 29.7234501
58.05 29.7001954
58.06 29.6769407
58.07 29.653686
58.08 29.6304552
58.09 29.6072005
58.1 29.5839697
58.11 29.5607389
58.12 29.5374842
58.13 29.5142534
58.14 29.4910226
58.15 29.4678157
58.16 29.4445849
58.17 29.4213541
58.18 29.3981472
58.19 29.3749403
58.2 29.3517334
58.21 29.3285026
58.22 29.3053196
58.23 29.2821127
58.24 29.2589058
58.25 29.2357228
58.26 29.2125159
58.27 29.1893329
58.28 29.1661499
58.29 29.1429669
58.3 29.1197839
58.31 29.0966009
58.32 29.0734418
58.33 29.0502588
58.34 29.0270997
58.35 29.0039406
58.36 28.9807576
58.37 28.9576224
58.38 28.9344633
58.39 28.9113042
58.4 28.888169
58.41 28.8650099
58.42 28.8418747
58.43 28.8187395
58.44 28.7956043
58.45 28.7724691
58.46 28.7493339
58.47 28.7262226
58.48 28.7030874
58.49 28.6799761
58.5 28.6568648
58.51 28.6337535
58.52 28.6106422
58.53 28.5875548
58.54 28.5644435
58.55 28.5413561
58.56 28.5182448
58.57 28.4951574
58.58 28.47207
58.59 28.4490065
58.6 28.4259191
58.61 28.4028317
58.62 28.3797682
58.63 28.3567047
58.64 28.3336412
58.65 28.3105777
58.66 28.2875142
58.67 28.2644507
58.68 28.2414111
58.69 28.2183715
58.7 28.1953319
58.71 28.1722923
58.72 28.1492527
58.73 28.1262131
58.74 28.1031974
58.75 28.0801578
58.76 28.0571421
58.77 28.0341264
58.78 28.0111107
58.79 27.988095
58.8 27.9651032
58.81 27.9420875
58.82 27.9190957
58.83 27.8961039
58.84 27.8731121
58.85 27.8501203
58.86 27.8271524
58.87 27.8041606
58.88 27.7811927
58.89 27.7582248
58.9 27.7352569
58.91 27.712289
58.92 27.6893211
58.93 27.6663771
58.94 27.6434331
58.95 27.6204652
58.96 27.5975212
58.97 27.5746011
58.98 27.5516571
58.99 27.528737
59.0 27.505793
59.01 27.4828729
59.02 27.4599528
59.03 27.4370566
59.04 27.4141365
59.05 27.3912164
59.06 27.3683202
59.07 27.345424
59.08 27.3225278
59.09 27.2996555
59.1 27.2767593
59.11 27.253887
59.12 27.2309908
59.13 27.2081185
59.14 27.1852462
59.15 27.1623978
59.16 27.1395255
59.17 27.1166771
59.18 27.0938287
59.19 27.0709803
59.2 27.0481319
59.21 27.0253074
59.22 27.002459
59.23 26.9796345
59.24 26.95681
59.25 26.9339855
59.26 26.911161
59.27 26.8883604
59.28 26.8655359
59.29 26.8427353
59.3 26.8199347
59.31 26.797158
59.32 26.7743574
59.33 26.7515807
59.34 26.7287801
59.35 26.7060034
59.36 26.6832506
59.37 26.6604739
59.38 26.6377211
59.39 26.6149444
59.4 26.5921916
59.41 26.5694388
59.42 26.5467099
59.43 26.5239571
59.44 26.5012282
59.45 26.4784993
59.46 26.4557704
59.47 26.4330415
59.48 26.4103365
59.49 26.3876315
59.5 26.3649026
59.51 26.3421976
59.52 26.3195165
59.53 26.2968115
59.54 26.2741304
59.55 26.2514493
59.56 26.2287682
59.57 26.2060871
59.58 26.1834299
59.59 26.1607488
59.6 26.1380916
59.61 26.1154344
59.62 26.0928011
59.63 26.0701439
59.64 26.0475106
59.65 26.0248773
59.66 26.002244
59.67 25.9796107
59.68 25.9570013
59.69 25.934368
59.7 25.9117586
59.71 25.8891492
59.72 25.8665637
59.73 25.8439543
59.74 25.8213688
59.75 25.7987833
59.76 25.7761978
59.77 25.7536362
59.78 25.7310507
59.79 25.7084891
59.8 25.6859275
59.81 25.6633659
59.82 25.6408282
59.83 25.6182905
59.84 25.5957289
59.85 25.5732151
59.86 25.5506774
59.87 25.5281397
59.88 25.5056259
59.89 25.4831121
59.9 25.4605983
59.91 25.4381084
59.92 25.4155946
59.93 25.3931047
59.94 25.3706148
59.95 25.3481488
59.96 25.3256589
59.97 25.3031929
59.98 25.2807269
59.99 25.2582609
60.0 25.2357949
60.01 25.2133528
60.02 25.1909107
60.03 25.1684686
60.04 25.1460265
60.05 25.1236083
60.06 25.1011662
60.07 25.078748
60.08 25.0563537
60.09 25.0339355
60.1 25.0115412
60.11 24.9891469
60.12 24.9667526
60.13 24.9443583
60.14 24.9219879
60.15 24.8996175
60.16 24.8772471
60.17 24.8548767
60.18 24.8325063
60.19 24.8101598
60.2 24.7878133
60.21 24.7654668
60.22 24.7431442
60.23 24.7208216
60.24 24.6984751
60.25 24.6761764
60.26 24.6538538
60.27 24.6315551
60.28 24.6092564
60.29 24.5869577
60.3 24.564659
60.31 24.5423842
60.32 24.5200855
60.33 24.4978346
60.34 24.4755598
60.35 24.453285
60.36 24.4310341
60.37 24.4087832
60.38 24.3865562
60.39 24.3643053
60.4 24.3420783
60.41 24.3198513
60.42 24.2976243
60.43 24.2754212
60.44 24.2531942
60.45 24.2309911
60.46 24.2088119
60.47 24.1866088
60.48 24.1644296
60.49 24.1422504
60.5 24.1200712
60.51 24.0979159
60.52 24.0757606
60.53 24.0536053
60.54 24.03145
60.55 24.0092947
60.56 23.9871633
60.57 23.9650319
60.58 23.9429005
60.59 23.920793
60.6 23.8986855
60.61 23.876578
60.62 23.8544705
60.63 23.8323869
60.64 23.8102794
60.65 23.7882197
60.66 23.7661361
60.67 23.7440525
60.68 23.7219928
60.69 23.6999331
60.7 23.6778973
60.71 23.6558376
60.72 23.6338018
60.73 23.6117899
60.74 23.5897541
60.75 23.5677422
60.76 23.5457303
60.77 23.5237184
60.78 23.5017065
60.79 23.4797185
60.8 23.4577305
60.81 23.4357425
60.82 23.4137784
60.83 23.3918143
60.84 23.3698502
60.85 23.3478861
60.86 23.3259459
60.87 23.3040057
60.88 23.2820655
60.89 23.2601253
60.9 23.238209
60.91 23.2162927
60.92 23.1943764
60.93 23.172484
60.94 23.1505916
60.95 23.1286992
60.96 23.1068068
60.97 23.0849383
60.98 23.0630698
60.99 23.0412013
61.0 23.0193328
61.01 22.9974882
61.02 22.9756436
61.03 22.953799
61.04 22.9319783
61.05 22.9101576
61.06 22.8883369
61.07 22.8665162
61.08 22.8447194
61.09 22.8229226
61.1 22.8011258
61.11 22.7793529
61.12 22.75758
61.13 22.7358071
61.14 22.7140342
61.15 22.6922852
61.16 22.6705362
61.17 22.6487872
61.18 22.6270382
61.19 22.6053131
61.2 22.583588
61.21 22.5618868
61.22 22.5401856
61.23 22.5184844
61.24 22.4967832
61.25 22.475082
61.26 22.4534047
61.27 22.4317274
61.28 22.410074
61.29 22.3884206
61.3 22.3667672
61.31 22.3451138
61.32 22.3234604
61.33 22.3018309
61.34 22.2802253
61.35 22.2585958
61.36 22.2369902
61.37 22.2153846
61.38 22.193779
61.39 22.1721973
61.4 22.1506156
61.41 22.1290339
61.42 22.1074761
61.43 22.0859183
61.44 22.0643605
61.45 22.0428027
61.46 22.0212688
61.47 21.9997349
61.48 21.9782249
61.49 21.956691
61.5 21.935181
61.51 21.9136949
61.52 21.8921849
61.53 21.8706988
61.54 21.8492127
61.55 21.8277505
61.56 21.8062883
61.57 21.7848261
61.58 21.7633639
61.59 21.7419256
61.6 21.7204873
61.61 21.6990729
61.62 21.6776346
61.63 21.6562202
61.64 21.6348297
61.65 21.6134153
61.66 21.5920248
61.67 21.5706343
61.68 21.5492677
61.69 21.5279011
61.7 21.5065345
61.71 21.4851918
61.72 21.4638252
61.73 21.4425064
61.74 21.4211637
61.75 21.3998449
61.76 21.3785261
61.77 21.3572073
61.78 21.3359124
61.79 21.3146175
61.8 21.2933226
61.81 21.2720516
61.82 21.2507806
61.83 21.2295096
61.84 21.2082625
61.85 21.1870154
61.86 21.1657683
61.87 21.1445451
61.88 21.1233219
61.89 21.1020987
61.9 21.0808994
61.91 21.0597001
61.92 21.0385008
61.93 21.0173254
61.94 20.9961261
61.95 20.9749746
61.96 20.9537992
61.97 20.9326477
61.98 20.9114962
61.99 20.8903686
62.0 20.869241
62.01 20.8481134
62.02 20.8270097
62.03 20.8058821
62.04 20.7848023
62.05 20.7636986
62.06 20.7426188
62.07 20.721539
62.08 20.7004831
62.09 20.6794272
62.1 20.6583713
62.11 20.6373393
62.12 20.6162834
62.13 20.5952753
62.14 20.5742433
62.15 20.5532352
62.16 20.5322271
62.17 20.5112429
62.18 20.4902587
62.19 20.4692745
62.2 20.4483142
62.21 20.4273539
62.22 20.4063936
62.23 20.3854572
62.24 20.3645208
62.25 20.3435844
62.26 20.3226719
62.27 20.3017594
62.28 20.2808469
62.29 20.2599583
62.3 20.2390697
62.31 20.2181811
62.32 20.1973164
62.33 20.1764517
62.34 20.155587
62.35 20.1347462
62.36 20.1139054
62.37 20.0930885
62.38 20.0722716
62.39 20.0514547
62.4 20.0306617
62.41 20.0098448
62.42 19.9890757
62.43 19.9682827
62.44 19.9475136
62.45 19.9267684
62.46 19.9059993
62.47 19.8852541
62.48 19.8645328
62.49 19.8437876
62.5 19.8230902
62.51 19.8023689
62.52 19.7816715
62.53 19.7609741
62.54 19.7403006
62.55 19.7196271
62.56 19.6989536
62.57 19.6782801
62.58 19.6576305
62.59 19.6370048
62.6 19.6163552
62.61 19.5957534
62.62 19.5751277
62.63 19.5545259
62.64 19.5339241
62.65 19.5133462
62.66 19.4927444
62.67 19.4721904
62.68 19.4516125
62.69 19.4310585
62.7 19.4105284
62.71 19.3899744
62.72 19.3694682
62.73 19.3489381
62.74 19.3284319
62.75 19.3079257
62.76 19.2874434
62.77 19.2669611
62.78 19.2464788
62.79 19.2260204
62.8 19.205562
62.81 19.1851036
62.82 19.1646691
62.83 19.1442346
62.84 19.123824
62.85 19.1034134
62.86 19.0830028
62.87 19.0626161
62.88 19.0422294
62.89 19.0218666
62.9 19.0014799
62.91 18.981141
62.92 18.9607782
62.93 18.9404393
62.94 18.9201243
62.95 18.8997854
62.96 18.8794704
62.97 18.8591793
62.98 18.8388882
62.99 18.8185971
63.0 18.7983299
63.01 18.7780627
63.02 18.7577955
63.03 18.7375522
63.04 18.7173089
63.05 18.6970895
63.06 18.6768701
63.07 18.6566507
63.08 18.6364552
63.09 18.6162597
63.1 18.5960881
63.11 18.5759165
63.12 18.5557449
63.13 18.5355972
63.14 18.5154495
63.15 18.4953018
63.16 18.475178
63.17 18.4550781
63.18 18.4349543
63.19 18.4148544
63.2 18.3947784
63.21 18.3747024
63.22 18.3546264
63.23 18.3345743
63.24 18.3145222
63.25 18.2944701
63.26 18.2744419
63.27 18.2544137
63.28 18.2344094
63.29 18.2144051
63.3 18.1944247
63.31 18.1744204
63.32 18.1544639
63.33 18.1344835
63.34 18.114527
63.35 18.0945944
63.36 18.0746618
63.37 18.0547292
63.38 18.0348205
63.39 18.0149118
63.4 17.9950031
63.41 17.9751183
63.42 17.9552574
63.43 17.9353726
63.44 17.9155117
63.45 17.8956747
63.46 17.8758377
63.47 17.8560007
63.48 17.8361876
63.49 17.8163745
63.5 17.7965853
63.51 17.7767961
63.52 17.7570069
63.53 17.7372416
63.54 17.7174763
63.55 17.6977349
63.56 17.6779935
63.57 17.6582521
63.58 17.6385346
63.59 17.618841
63.6 17.5991235
63.61 17.5794299
63.62 17.5597602
63.63 17.5400905
63.64 17.5204208
63.65 17.500775
63.66 17.4811292
63.67 17.4615073
63.68 17.4418854
63.69 17.4222874
63.7 17.4026894
63.71 17.3830914
63.72 17.3635173
63.73 17.3439432
63.74 17.324393
63.75 17.3048428
63.76 17.2852926
63.77 17.2657663
63.78 17.24624
63.79 17.2267376
63.8 17.2072352
63.81 17.1877567
63.82 17.1682782
63.83 17.1487997
63.84 17.1293451
63.85 17.1098905
63.86 17.0904598
63.87 17.0710291
63.88 17.0516223
63.89 17.0322155
63.9 17.0128326
63.91 16.9934258
63.92 16.9740668
63.93 16.9547078
63.94 16.9353488
63.95 16.9159898
63.96 16.8966547
63.97 16.8773435
63.98 16.8580323
63.99 16.8387211
64.0 16.8194338
64.01 16.8001465
64.02 16.7808831
64.03 16.7616197
64.04 16.7423802
64.05 16.7231407
64.06 16.7039012
64.07 16.6846856
64.08 16.6654939
64.09 16.6463022
64.1 16.6271105
64.11 16.6079188
64.12 16.5887749
64.13 16.5696071
64.14 16.5504632
64.15 16.5313432
64.16 16.5122232
64.17 16.4931032
64.18 16.4740071
64.19 16.454911
64.2 16.4358388
64.21 16.4167666
64.22 16.3977183
64.23 16.37867
64.24 16.3596217
64.25 16.3405973
64.26 16.3215729
64.27 16.3025724
64.28 16.2835958
64.29 16.2645953
64.3 16.2456426
64.31 16.226666
64.32 16.2077133
64.33 16.1887845
64.34 16.1698557
64.35 16.1509508
64.36 16.1320459
64.37 16.113141
64.38 16.09426
64.39 16.075379
64.4 16.0565219
64.41 16.0376648
64.42 16.0188316
64.43 15.9999984
64.44 15.9811891
64.45 15.9623798
64.46 15.9435944
64.47 15.924809
64.48 15.9060236
64.49 15.8872621
64.5 15.8685006
64.51 15.849763
64.52 15.8310493
64.53 15.8123356
64.54 15.7936219
64.55 15.7749321
64.56 15.7562423
64.57 15.7375764
64.58 15.7189105
64.59 15.7002446
64.6 15.6816026
64.61 15.6629845
64.62 15.6443664
64.63 15.6257722
64.64 15.607178
64.65 15.5885838
64.66 15.5700135
64.67 15.5514432
64.68 15.5328968
64.69 15.5143743
64.7 15.4958279
64.71 15.4773293
64.72 15.4588307
64.73 15.4403321
64.74 15.4218574
64.75 15.4033827
64.76 15.3849319
64.77 15.3664811
64.78 15.3480303
64.79 15.3296273
64.8 15.3112004
64.81 15.2927974
64.82 15.2744183
64.83 15.2560392
64.84 15.237684
64.85 15.2193288
64.86 15.2009736
64.87 15.1826423
64.88 15.1643349
64.89 15.1460275
64.9 15.1277201
64.91 15.1094366
64.92 15.0911531
64.93 15.0728935
64.94 15.0546578
64.95 15.0364221
64.96 15.0181864
64.97 14.9999746
64.98 14.9817628
64.99 14.9635749
65.0 14.9454109
65.01 14.927223
65.02 14.9090829
65.03 14.8909428
65.04 14.8728027
65.05 14.8546865
65.06 14.8365703
65.07 14.818478
65.08 14.8003857
65.09 14.7823173
65.1 14.7642489
65.11 14.7462044
65.12 14.7281838
65.13 14.7101393
65.14 14.6921426
65.15 14.674122
65.16 14.6561492
65.17 14.6381764
65.18 14.6202036
65.19 14.6022547
65.2 14.5843058
65.21 14.5663808
65.22 14.5484558
65.23 14.5305547
65.24 14.5126536
65.25 14.4947764
65.26 14.4768992
65.27 14.4590459
65.28 14.4412165
65.29 14.4233632
65.3 14.4055577
65.31 14.3877522
65.32 14.3699467
65.33 14.3521651
65.34 14.3343835
65.35 14.3166258
65.36 14.298892
65.37 14.2811582
65.38 14.2634244
65.39 14.2457145
65.4 14.2280285
65.41 14.2103425
65.42 14.1926565
65.43 14.1749944
65.44 14.1573562
65.45 14.139718
65.46 14.1220798
65.47 14.1044655
65.48 14.0868751
65.49 14.0692847
65.5 14.0517182
65.51 14.0341517
65.52 14.0166091
65.53 13.9990665
65.54 13.9815239
65.55 13.9640291
65.56 13.9465104
65.57 13.9290395
65.58 13.9115686
65.59 13.8940977
65.6 13.8766507
65.61 13.8592037
65.62 13.8417806
65.63 13.8243575
65.64 13.8069583
65.65 13.789583
65.66 13.7722077
65.67 13.7548324
65.68 13.7375049
65.69 13.7201535
65.7 13.702826
65.71 13.6855224
65.72 13.6682188
65.73 13.6509391
65.74 13.6336594
65.75 13.6164036
65.76 13.5991478
65.77 13.5819159
65.78 13.564684
65.79 13.547476
65.8 13.5302919
65.81 13.5131078
65.82 13.4959237
65.83 13.4787635
65.84 13.4616272
65.85 13.4444909
65.86 13.4273785
65.87 13.4102661
65.88 13.3931776
65.89 13.3760891
65.9 13.3590245
65.91 13.3419599
65.92 13.3249192
65.93 13.3078785
65.94 13.2908617
65.95 13.2738688
65.96 13.2568759
65.97 13.2399069
65.98 13.2229379
65.99 13.2059928
66.0 13.1890477
66.01 13.1721265
66.02 13.1552053
66.03 13.138308
66.04 13.1214107
66.05 13.1045373
66.06 13.0876878
66.07 13.0708383
66.08 13.0540127
66.09 13.0371871
66.1 13.0203854
66.11 13.0035837
66.12 12.9868059
66.13 12.9700281
66.14 12.9532742
66.15 12.9365442
66.16 12.9198142
66.17 12.9030842
66.18 12.8863781
66.19 12.8696959
66.2 12.8530137
66.21 12.8363554
66.22 12.819721
66.23 12.8030866
66.24 12.7864522
66.25 12.7698417
66.26 12.7532551
66.27 12.7366685
66.28 12.7201058
66.29 12.7035431
66.3 12.6870043
66.31 12.6704655
66.32 12.6539506
66.33 12.6374596
66.34 12.6209686
66.35 12.6045015
66.36 12.5880344
66.37 12.5715912
66.38 12.555148
66.39 12.5387287
66.4 12.5223333
66.41 12.5059379
66.42 12.4895425
66.43 12.4731949
66.44 12.4568234
66.45 12.4404997
66.46 12.424176
66.47 12.4078523
66.48 12.3915525
66.49 12.3752766
66.5 12.3590007
66.51 12.3427487
66.52 12.3264967
66.53 12.3102686
66.54 12.2940644
66.55 12.2778602
66.56 12.2616799
66.57 12.2454996
66.58 12.2293432
66.59 12.2131868
66.6 12.1970543
66.61 12.1809457
66.62 12.1648371
66.63 12.1487285
66.64 12.1326677
66.65 12.1166069
66.66 12.1005461
66.67 12.0845092
66.68 12.0684962
66.69 12.0524832
66.7 12.0364941
66.71 12.020505
66.72 12.0045398
66.73 11.9885746
66.74 11.9726572
66.75 11.9567159
66.76 11.9408224
66.77 11.924905
66.78 11.9090354
66.79 11.8931658
66.8 11.8773201
66.81 11.8614744
66.82 11.8456526
66.83 11.8298308
66.84 11.8140329
66.85 11.7982589
66.86 11.7824849
66.87 11.7667348
66.88 11.7509847
66.89 11.7352585
66.9 11.7195323
66.91 11.7038539
66.92 11.6881516
66.93 11.6724971
66.94 11.6568426
66.95 11.6411881
66.96 11.6255575
66.97 11.6099508
66.98 11.5943441
66.99 11.5787613
67.0 11.5632024
67.01 11.5476435
67.02 11.5321085
67.03 11.5165735
67.04 11.5010624
67.05 11.4855513
67.06 11.4700641
67.07 11.4546008
67.08 11.4391614
67.09 11.423722
67.1 11.4082826
67.11 11.3928671
67.12 11.3774755
67.13 11.3620839
67.14 11.3467162
67.15 11.3313724
67.16 11.3160286
67.17 11.3007087
67.18 11.2853888
67.19 11.2700928
67.2 11.2548207
67.21 11.2395486
67.22 11.2243004
67.23 11.2090522
67.24 11.1938279
67.25 11.1786275
67.26 11.1634271
67.27 11.1482506
67.28 11.133098
67.29 11.1179454
67.3 11.1028167
67.31 11.087688
67.32 11.0725832
67.33 11.0575023
67.34 11.0424214
67.35 11.0273644
67.36 11.0123074
67.37 10.9972743
67.38 10.9822651
67.39 10.9672559
67.4 10.9522706
67.41 10.9373092
67.42 10.9223478
67.43 10.9074103
67.44 10.8924728
67.45 10.8775592
67.46 10.8626695
67.47 10.8477798
67.48 10.832914
67.49 10.8180721
67.5 10.8032302
67.51 10.7883883
67.52 10.7735942
67.53 10.7588001
67.54 10.7440299
67.55 10.7292597
67.56 10.7145134
67.57 10.6997671
67.58 10.6850686
67.59 10.6703462
67.6 10.6556716
67.61 10.640997
67.62 10.6263463
67.63 10.6116956
67.64 10.5970688
67.65 10.5824659
67.66 10.567863
67.67 10.553284
67.68 10.538705
67.69 10.5241738
67.7 10.5096187
67.71 10.4951114
67.72 10.4806041
67.73 10.4661207
67.74 10.4516373
67.75 10.4371778
67.76 10.4227422
67.77 10.4083066
67.78 10.3938949
67.79 10.3794832
67.8 10.3650954
67.81 10.3507315
67.82 10.3363915
67.83 10.3220515
67.84 10.3077354
67.85 10.2934193
67.86 10.2791271
67.87 10.2648588
67.88 10.2505905
67.89 10.2363461
67.9 10.2221256
67.91 10.2079051
67.92 10.1937085
67.93 10.1795358
67.94 10.1653631
67.95 10.1512143
67.96 10.1370655
67.97 10.1229645
67.98 10.1088396
67.99 10.0947625
68.0 10.0806854
68.01 10.0666322
68.02 10.052579
68.03 10.0385497
68.04 10.0245443
68.05 10.0105628
68.06 9.9965813
68.07 9.9826237
68.08 9.9686661
68.09 9.9547324
68.1 9.9408226
68.11 9.9269128
68.12 9.9130269
68.13 9.8991649
68.14 9.8853029
68.15 9.8714648
68.16 9.8576506
68.17 9.8438364
68.18 9.8300461
68.19 9.8162797
68.2 9.8025133
68.21 9.7887708
68.22 9.7750522
68.23 9.7613336
68.24 9.7476389
68.25 9.7339681
68.26 9.7202973
68.27 9.7066504
68.28 9.6930274
68.29 9.6794044
68.3 9.6658053
68.31 9.6522301
68.32 9.6386549
68.33 9.6251036
68.34 9.6115762
68.35 9.5980488
68.36 9.5845453
68.37 9.5710657
68.38 9.5575861
68.39 9.5441304
68.4 9.5306986
68.41 9.5172668
68.42 9.5038589
68.43 9.4904749
68.44 9.4770909
68.45 9.4637308
68.46 9.4503946
68.47 9.4370823
68.48 9.42377
68.49 9.4104816
68.5 9.3971932
68.51 9.3839287
68.52 9.3706881
68.53 9.3574714
68.54 9.3442547
68.55 9.3310619
68.56 9.3178691
68.57 9.3047241
68.58 9.2915552
68.59 9.2784341
68.6 9.265313
68.61 9.2522158
68.62 9.2391425
68.63 9.2260692
68.64 9.2130198
68.65 9.1999943
68.66 9.1869927
68.67 9.1739911
68.68 9.1610134
68.69 9.1480357
68.7 9.1350819
68.71 9.122152
68.72 9.109246
68.73 9.09634
68.74 9.0834579
68.75 9.0705997
68.76 9.0577415
68.77 9.0449072
68.78 9.0320968
68.79 9.0192864
68.8 9.0064999
68.81 8.9937373
68.82 8.9809986
68.83 8.9682599
68.84 8.9555451
68.85 8.9428303
68.86 8.9301633
68.87 8.9174963
68.88 8.9048293
68.89 8.8922101
68.9 8.8795909
68.91 8.8669956
68.92 8.8544003
68.93 8.8418289
68.94 8.8292814
68.95 8.8167578
68.96 8.8042342
68.97 8.7917345
68.98 8.7792587
68.99 8.7668068
69.0 8.7543549
69.01 8.7419269
69.02 8.7294989
69.03 8.7170948
69.04 8.7047146
69.05 8.6923583
69.06 8.680002
69.07 8.6676935
69.08 8.6553611
69.09 8.6430765
69.1 8.6307919
69.11 8.6185312
69.12 8.6062944
69.13 8.5940576
69.14 8.5818447
69.15 8.5696557
69.16 8.5574906
69.17 8.5453255
69.18 8.5331843
69.19 8.521067
69.2 8.5089497
69.21 8.4968563
69.22 8.4847868
69.23 8.4727173
69.24 8.4606956
69.25 8.4486739
69.26 8.4366522
69.27 8.4246783
69.28 8.4127044
69.29 8.4007544
69.3 8.3888044
69.31 8.3769022
69.32 8.365
69.33 8.3531217
69.34 8.3412434
69.35 8.329389
69.36 8.3175585
69.37 8.3057519
69.38 8.2939453
69.39 8.2821865
69.4 8.2704038
69.41 8.2586689
69.42 8.246934
69.43 8.235223
69.44 8.2235359
69.45 8.2118727
69.46 8.2002095
69.47 8.1885702
69.48 8.1769309
69.49 8.1653394
69.5 8.1537479
69.51 8.1421803
69.52 8.1306366
69.53 8.1190929
69.54 8.1075731
69.55 8.0960772
69.56 8.0846052
69.57 8.0731332
69.58 8.0616851
69.59 8.0502609
69.6 8.0388367
69.61 8.0274364
69.62 8.01606
69.63 8.0047075
69.64 7.9933789
69.65 7.9820503
69.66 7.9707456
69.67 7.9594648
69.68 7.948184
69.69 7.9369271
69.7 7.9256941
69.71 7.914485
69.72 7.9032759
69.73 7.8921146
69.74 7.8809294
69.75 7.869792
69.76 7.8586785
69.77 7.847565
69.78 7.8364754
69.79 7.8253858
69.8 7.814344
69.81 7.8033022
69.82 7.7922843
69.83 7.7812664
69.84 7.7702963
69.85 7.7593262
69.86 7.74838
69.87 7.7374577
69.88 7.7265354
69.89 7.715637
69.9 7.7047625
69.91 7.6939119
69.92 7.6830613
69.93 7.6722585
69.94 7.6614557
69.95 7.6506529
69.96 7.6398979
69.97 7.6291429
69.98 7.6184118
69.99 7.6077046
70.0 7.5969974
70.01 7.586338
70.02 7.5756786
70.03 7.5650192
70.04 7.5544076
70.05 7.543796
70.06 7.5332083
70.07 7.5226445
70.08 7.5121046
70.09 7.5015647
70.1 7.4910487
70.11 7.4805566
70.12 7.4700884
70.13 7.4596441
70.14 7.4491998
70.15 7.4387794
70.16 7.428359
70.17 7.4179864
70.18 7.4076138
70.19 7.3972651
70.2 7.3869403
70.21 7.3766394
70.22 7.3663385
70.23 7.3560615
70.24 7.3458084
70.25 7.3355792
70.26 7.32535
70.27 7.3151686
70.28 7.3049872
70.29 7.2948297
70.3 7.2846722
70.31 7.2745386
70.32 7.2644528
70.33 7.2543431
70.34 7.2442812
70.35 7.2342432
70.36 7.2242052
70.37 7.2141911
70.38 7.2042009
70.39 7.1942107
70.4 7.1842683
70.41 7.1743259
70.42 7.1644074
70.43 7.1545128
70.44 7.1446182
70.45 7.1347475
70.46 7.1249007
70.47 7.1150778
70.48 7.1052788
70.49 7.0954798
70.5 7.0857286
70.51 7.0759774
70.52 7.0662262
70.53 7.0565228
70.54 7.0468194
70.55 7.0371399
70.56 7.0274843
70.57 7.0178526
70.58 7.0082448
70.59 6.998637
70.6 6.9890531
70.61 6.9794931
70.62 6.969957
70.63 6.9604209
70.64 6.9509087
70.65 6.9414443
70.66 6.931956
70.67 6.9225155
70.68 6.9130989
70.69 6.9036823
70.7 6.8942896
70.71 6.8849208
70.72 6.8755759
70.73 6.866231
70.74 6.85691
70.75 6.8476129
70.76 6.8383397
70.77 6.8290904
70.78 6.8198411
70.79 6.8106396
70.8 6.8014381
70.81 6.7922605
70.82 6.7830829
70.83 6.7739531
70.84 6.7648233
70.85 6.7557174
70.86 6.7466354
70.87 6.7375773
70.88 6.7285192
70.89 6.7195089
70.9 6.7104986
70.91 6.7015122
70.92 6.6925258
70.93 6.6835872
70.94 6.6746486
70.95 6.6657578
70.96 6.656867
70.97 6.6479762
70.98 6.6391332
70.99 6.6303141
71.0 6.621495
71.01 6.6126998
71.02 6.6039285
71.03 6.5951572
71.04 6.5864337
71.05 6.5777102
71.06 6.5690106
71.07 6.5603349
71.08 6.5516831
71.09 6.5430552
71.1 6.5344273
71.11 6.5258233
71.12 6.5172671
71.13 6.508687
71.14 6.5001547
71.15 6.4916463
71.16 6.4831379
71.17 6.4746534
71.18 6.4661928
71.19 6.4577561
71.2 6.4493433
71.21 6.4409305
71.22 6.4325416
71.23 6.4242005
71.24 6.4158355
71.25 6.4075183
71.26 6.399225
71.27 6.3909317
71.28 6.3826862
71.29 6.3744407
71.3 6.3662191
71.31 6.3579975
71.32 6.3498237
71.33 6.3416499
71.34 6.3335239
71.35 6.3253979
71.36 6.3172958
71.37 6.3091937
71.38 6.3011394
71.39 6.2930851
71.4 6.2850786
71.41 6.2770721
71.42 6.2690895
71.43 6.2611069
71.44 6.2531721
71.45 6.2452373
71.46 6.2373503
71.47 6.2294633
71.48 6.2216002
71.49 6.213761
71.5 6.2059218
71.51 6.1981304
71.52 6.190339
71.53 6.1825715
71.54 6.1748279
71.55 6.1671082
71.56 6.1594124
71.57 6.1517166
71.58 6.1440686
71.59 6.1364206
71.6 6.1287965
71.61 6.1211963
71.62 6.11362
71.63 6.1060437
71.64 6.0985152
71.65 6.0909867
71.66 6.0834821
71.67 6.0760014
71.68 6.0685446
71.69 6.0611117
71.7 6.0536788
71.71 6.0462937
71.72 6.0389086
71.73 6.0315474
71.74 6.0242101
71.75 6.0168967
71.76 6.0096072
71.77 6.0023177
71.78 5.995076
71.79 5.9878343
71.8 5.9806165
71.81 5.9734226
71.82 5.9662526
71.83 5.9590826
71.84 5.9519604
71.85 5.9448382
71.86 5.9377638
71.87 5.9306894
71.88 5.9236389
71.89 5.9166123
71.9 5.9095857
71.91 5.9026069
71.92 5.8956281
71.93 5.8886971
71.94 5.8817661
71.95 5.874859
71.96 5.8679758
71.97 5.8610926
71.98 5.8542572
71.99 5.8474218
72.0 5.8406342
72.01 5.8338466
72.02 5.8270829
72.03 5.8203431
72.04 5.8136272
72.05 5.8069352
72.06 5.8002432
72.07 5.793599
72.08 5.7869548
72.09 5.7803345
72.1 5.7737381
72.11 5.7671656
72.12 5.760617
72.13 5.7540923
72.14 5.7475676
72.15 5.7410907
72.16 5.7346138
72.17 5.7281608
72.18 5.7217317
72.19 5.7153265
72.2 5.7089452
72.21 5.7025878
72.22 5.6962304
72.23 5.6899208
72.24 5.6836112
72.25 5.6773255
72.26 5.6710637
72.27 5.6648258
72.28 5.6586118
72.29 5.6524217
72.3 5.6462555
72.31 5.6400893
72.32 5.6339709
72.33 5.6278525
72.34 5.621758
72.35 5.6156874
72.36 5.6096407
72.37 5.6036179
72.38 5.597619
72.39 5.5916201
72.4 5.585669
72.41 5.5797179
72.42 5.5737907
72.43 5.5679113
72.44 5.5620319
72.45 5.5561764
72.46 5.5503448
72.47 5.5445132
72.48 5.5387294
72.49 5.5329456
72.5 5.5272096
72.51 5.5214736
72.52 5.5157615
72.53 5.5100733
72.54 5.504409
72.55 5.4987686
72.56 5.4931521
72.57 5.4875595
72.58 5.4819669
72.59 5.4764221
72.6 5.4708773
72.61 5.4653803
72.62 5.4598833
72.63 5.4544102
72.64 5.448961
72.65 5.4435357
72.66 5.4381343
72.67 5.4327329
72.68 5.4273793
72.69 5.4220496
72.7 5.4167199
72.71 5.4114141
72.72 5.4061561
72.73 5.4008981
72.74 5.395664
72.75 5.3904538
72.76 5.3852675
72.77 5.3800812
72.78 5.3749427
72.79 5.3698281
72.8 5.3647135
72.81 5.3596467
72.82 5.3545799
72.83 5.349537
72.84 5.344518
72.85 5.3395229
72.86 5.3345517
72.87 5.3296044
72.88 5.324681
72.89 5.3197815
72.9 5.314882
72.91 5.3100303
72.92 5.3051786
72.93 5.3003747
72.94 5.2955708
72.95 5.2907908
72.96 5.2860586
72.97 5.2813264
72.98 5.2766181
72.99 5.2719098
73.0 5.2672493
73.01 5.2626127
73.02 5.258
73.03 5.2533873
73.04 5.2488224
73.05 5.2442575
73.06 5.2397404
73.07 5.2352233
73.08 5.2307301
73.09 5.2262608
73.1 5.2218154
73.11 5.2173939
73.12 5.2129963
73.13 5.2086226
73.14 5.2042728
73.15 5.1999469
73.16 5.195621
73.17 5.1913429
73.18 5.1870648
73.19 5.1828345
73.2 5.1786042
73.21 5.1744217
73.22 5.1702392
73.23 5.1660806
73.24 5.1619459
73.25 5.1578351
73.26 5.1537482
73.27 5.1496852
73.28 5.1456461
73.29 5.141607
73.3 5.1376157
73.31 5.1336483
73.32 5.1296809
73.33 5.1257374
73.34 5.1218417
73.35 5.117946
73.36 5.1140742
73.37 5.1102263
73.38 5.1064023
73.39 5.1026022
73.4 5.0988021
73.41 5.0950498
73.42 5.0912975
73.43 5.087593
73.44 5.0838885
73.45 5.0802079
73.46 5.0765512
73.47 5.0729184
73.48 5.0692856
73.49 5.0657006
73.5 5.0621156
73.51 5.0585784
73.52 5.0550412
73.53 5.0515279
73.54 5.0480385
73.55 5.0445491
73.56 5.0411075
73.57 5.0376659
73.58 5.0342721
73.59 5.0308783
73.6 5.0275084
73.61 5.0241624
73.62 5.0208164
73.63 5.0175182
73.64 5.01422
73.65 5.0109457
73.66 5.0076953
73.67 5.0044688
73.68 5.0012662
73.69 4.9980636
73.7 4.9948849
73.71 4.9917301
73.72 4.9885992
73.73 4.9854922
73.74 4.9823852
73.75 4.979326
73.76 4.9762668
73.77 4.9732315
73.78 4.9701962
73.79 4.9672087
73.8 4.9642212
73.81 4.9612576
73.82 4.9583179
73.83 4.9554021
73.84 4.9524863
73.85 4.9495944
73.86 4.9467264
73.87 4.9438823
73.88 4.9410621
73.89 4.9382419
73.9 4.9354456
73.91 4.9326732
73.92 4.9299008
73.93 4.9271762
73.94 4.9244516
73.95 4.9217509
73.96 4.9190502
73.97 4.9163973
73.98 4.9137444
73.99 4.9110915
74.0 4.9084864
74.01 4.9058813
74.02 4.9033001
74.03 4.9007428
74.04 4.8982094
74.05 4.895676
74.06 4.8931665
74.07 4.890657
74.08 4.8881953
74.09 4.8857336
74.1 4.8832958
74.11 4.880858
74.12 4.8784441
74.13 4.8760541
74.14 4.873688
74.15 4.8713219
74.16 4.8689797
74.17 4.8666614
74.18 4.8643431
74.19 4.8620487
74.2 4.8597782
74.21 4.8575316
74.22 4.855285
74.23 4.8530623
74.24 4.8508396
74.25 4.8486408
74.26 4.8464659
74.27 4.844291
74.28 4.8421639
74.29 4.8400129
74.3 4.8379097
74.31 4.8358065
74.32 4.8337272
74.33 4.8316479
74.34 4.8295925
74.35 4.827561
74.36 4.8255295
74.37 4.8235219
74.38 4.8215382
74.39 4.8195545
74.4 4.8175947
74.41 4.8156349
74.42 4.813699
74.43 4.811787
74.44 4.809875
74.45 4.8079869
74.46 4.8061227
74.47 4.8042585
74.48 4.8024182
74.49 4.8005779
74.5 4.7987615
74.51 4.796969
74.52 4.7951765
74.53 4.7934079
74.54 4.7916393
74.55 4.7898946
74.56 4.7881738
74.57 4.786453
74.58 4.7847561
74.59 4.7830592
74.6 4.7813862
74.61 4.7797132
74.62 4.7780641
74.63 4.7764389
74.64 4.7748137
74.65 4.7731885
74.66 4.7716111
74.67 4.7700098
74.68 4.7684563
74.69 4.7669028
74.7 4.7653493
74.71 4.7638197
74.72 4.762314
74.73 4.7608083
74.74 4.7593026
74.75 4.7578208
74.76 4.7563629
74.77 4.754905
74.78 4.753471
74.79 4.752037
74.8 4.7506269
74.81 4.7492168
74.82 4.7478306
74.83 4.7464444
74.84 4.7450821
74.85 4.7437198
74.86 4.7423814
74.87 4.741043
74.88 4.7397285
74.89 4.7384379
74.9 4.7371234
74.91 4.7358567
74.92 4.7345661
74.93 4.7333233
74.94 4.7320566
74.95 4.7308138
74.96 4.7295949
74.97 4.728376
74.98 4.727181
74.99 4.725986
75.0 4.7248149
75.01 4.7236438
75.02 4.7224727
75.03 4.7213255
75.04 4.7201783
75.05 4.719055
75.06 4.7179317
75.07 4.7168323
75.08 4.7157329
75.09 4.7146574
75.1 4.7135819
75.11 4.7125064
75.12 4.7114548
75.13 4.7104271
75.14 4.7093755
75.15 4.7083717
75.16 4.707344
75.17 4.7063402
75.18 4.7053603
75.19 4.7043565
75.2 4.7034005
75.21 4.7024206
75.22 4.7014646
75.23 4.7005325
75.24 4.6996004
75.25 4.6986683
75.26 4.6977601
75.27 4.6968519
75.28 4.6959437
75.29 4.6950594
75.3 4.6941751
75.31 4.6933147
75.32 4.6924304
75.33 4.6915939
75.34 4.6907335
75.35 4.6899209
75.36 4.6890844
75.37 4.6882718
75.38 4.6874592
75.39 4.6866466
75.4 4.6858579
75.41 4.6850692
75.42 4.6843044
75.43 4.6835396
75.44 4.6827748
75.45 4.6820339
75.46 4.681293
75.47 4.6805521
75.48 4.6798112
75.49 4.6790942
75.5 4.6783772
75.51 4.6776841
75.52 4.676991
75.53 4.6762979
75.54 4.6756287
75.55 4.6749356
75.56 4.6742903
75.57 4.6736211
75.58 4.6729758
75.59 4.6723305
75.6 4.6716852
75.61 4.6710638
75.62 4.6704424
75.63 4.669821
75.64 4.6691996
75.65 4.6686021
75.66 4.6680046
75.67 4.667431
75.68 4.6668335
75.69 4.6662599
75.7 4.6656863
75.71 4.6651366
75.72 4.6645869
75.73 4.6640372
75.74 4.6634875
75.75 4.6629378
75.76 4.662412
75.77 4.6618862
75.78 4.6613604
75.79 4.6608585
75.8 4.6603566
75.81 4.6598547
75.82 4.6593528
75.83 4.6588509
75.84 4.6583729
75.85 4.6578949
75.86 4.6574169
75.87 4.6569389
75.88 4.6564848
75.89 4.6560307
75.9 4.6555766
75.91 4.6551225
75.92 4.6546923
75.93 4.6542382
75.94 4.653808
75.95 4.6533778
75.96 4.6529715
75.97 4.6525413
75.98 4.652135
75.99 4.6517287
76.0 4.6513224
76.01 4.6509161
76.02 4.6505098
76.03 4.6501274
76.04 4.649745
76.05 4.6493626
76.06 4.6489802
76.07 4.6485978
76.08 4.6482393
76.09 4.6478569
76.1 4.6474984
76.11 4.6471399
76.12 4.6467814
76.13 4.6464229
76.14 4.6460883
76.15 4.6457298
76.16 4.6453952
76.17 4.6450606
76.18 4.644726
76.19 4.6443914
76.2 4.6440568
76.21 4.6437461
76.22 4.6434115
76.23 4.6431008
76.24 4.6427901
76.25 4.6424555
76.26 4.6421448
76.27 4.641858
76.28 4.6415473
76.29 4.6412366
76.3 4.6409498
76.31 4.6406391
76.32 4.6403523
76.33 4.6400655
76.34 4.6397548
76.35 4.639468
76.36 4.6391812
76.37 4.6389183
76.38 4.6386315
76.39 4.6383447
76.4 4.6380818
76.41 4.637795
76.42 4.6375321
76.43 4.6372692
76.44 4.6369824
76.45 4.6367195
76.46 4.6364566
76.47 4.6361937
76.48 4.6359308
76.49 4.6356918
76.5 4.6354289
76.51 4.635166
76.52 4.634927
76.53 4.6346641
76.54 4.6344251
76.55 4.6341622
76.56 4.6339232
76.57 4.6336842
76.58 4.6334213
76.59 4.6331823
76.6 4.6329433
76.61 4.6327043
76.62 4.6324653
76.63 4.6322263
76.64 4.6319873
76.65 4.6317483
76.66 4.6315332
76.67 4.6312942
76.68 4.6310552
76.69 4.6308162
76.7 4.6306011
76.71 4.6303621
76.72 4.630147
76.73 4.629908
76.74 4.6296929
76.75 4.6294539
76.76 4.6292388
76.77 4.6289998
76.78 4.6287847
76.79 4.6285696
76.8 4.6283306
76.81 4.6281155
76.82 4.6279004
76.83 4.6276853
76.84 4.6274463
76.85 4.6272312
76.86 4.6270161
76.87 4.626801
76.88 4.626562
76.89 4.6263469
76.9 4.6261318
76.91 4.6259167
76.92 4.6257016
76.93 4.6254626
76.94 4.6252475
76.95 4.6250324
76.96 4.6248173
76.97 4.6246022
76.98 4.6243632
76.99 4.6241481
77.0 4.623933
77.01 4.6237179
77.02 4.6234789
77.03 4.6232638
77.04 4.6230487
77.05 4.6228097
77.06 4.6225946
77.07 4.6223795
77.08 4.6221405
77.09 4.6219254
77.1 4.6216864
77.11 4.6214713
77.12 4.6212323
77.13 4.6210172
77.14 4.6207782
77.15 4.6205631
77.16 4.6203241
77.17 4.6200851
77.18 4.6198461
77.19 4.619631
77.2 4.619392
77.21 4.619153
77.22 4.618914
77.23 4.618675
77.24 4.618436
77.25 4.618197
77.26 4.6179341
77.27 4.6176951
77.28 4.6174561
77.29 4.6172171
77.3 4.6169542
77.31 4.6167152
77.32 4.6164523
77.33 4.6161894
77.34 4.6159504
77.35 4.6156875
77.36 4.6154246
77.37 4.6151617
77.38 4.6148988
77.39 4.6146359
77.4 4.614373
77.41 4.6141101
77.42 4.6138233
77.43 4.6135604
77.44 4.6132736
77.45 4.6130107
77.46 4.6127239
77.47 4.6124371
77.48 4.6121503
77.49 4.6118635
77.5 4.6115767
77.51 4.6112899
77.52 4.6110031
77.53 4.6107163
77.54 4.6104056
77.55 4.6100949
77.56 4.6098081
77.57 4.6094974
77.58 4.6091867
77.59 4.608876
77.6 4.6085653
77.61 4.6082546
77.62 4.60792
77.63 4.6076093
77.64 4.6072747
77.65 4.6069401
77.66 4.6066055
77.67 4.6062709
77.68 4.6059363
77.69 4.6056017
77.7 4.6052432
77.71 4.6049086
77.72 4.6045501
77.73 4.6041916
77.74 4.6038331
77.75 4.6034746
77.76 4.6031161
77.77 4.6027576
77.78 4.6023752
77.79 4.6019928
77.8 4.6016104
77.81 4.601228
77.82 4.6008456
77.83 4.6004632
77.84 4.6000569
77.85 4.5996745
77.86 4.5992682
77.87 4.5988619
77.88 4.5984556
77.89 4.5980493
77.9 4.5976191
77.91 4.5972128
77.92 4.5967826
77.93 4.5963524
77.94 4.5959222
77.95 4.5954681
77.96 4.5950379
77.97 4.5945838
77.98 4.5941297
77.99 4.5936756
78.0 4.5932215
78.01 4.5927435
78.02 4.5922894
78.03 4.5918114
78.04 4.5913334
78.05 4.5908554
78.06 4.5903535
78.07 4.5898755
78.08 4.5893736
78.09 4.5888717
78.1 4.5883698
78.11 4.5878679
78.12 4.5873421
78.13 4.5868163
78.14 4.5862905
78.15 4.5857647
78.16 4.585215
78.17 4.5846892
78.18 4.5841395
78.19 4.5835898
78.2 4.5830162
78.21 4.5824665
78.22 4.5818929
78.23 4.5813193
78.24 4.5807457
78.25 4.5801721
78.26 4.5795746
78.27 4.5789771
78.28 4.5783796
78.29 4.5777582
78.3 4.5771607
78.31 4.5765393
78.32 4.5759179
78.33 4.5752965
78.34 4.5746512
78.35 4.5740059
78.36 4.5733606
78.37 4.5727153
78.38 4.5720461
78.39 4.5713769
78.4 4.5707077
78.41 4.5700385
78.42 4.5693454
78.43 4.5686523
78.44 4.5679592
78.45 4.5672661
78.46 4.5665491
78.47 4.5658321
78.48 4.5651151
78.49 4.5643981
78.5 4.5636572
78.51 4.5629163
78.52 4.5621754
78.53 4.5614106
78.54 4.5606458
78.55 4.559881
78.56 4.5591162
78.57 4.5583275
78.58 4.5575388
78.59 4.5567501
78.6 4.5559614
78.61 4.5551488
78.62 4.5543362
78.63 4.5534997
78.64 4.5526871
78.65 4.5518506
78.66 4.5509902
78.67 4.5501537
78.68 4.5492933
78.69 4.5484329
78.7 4.5475486
78.71 4.5466882
78.72 4.5458039
78.73 4.5448957
78.74 4.5440114
78.75 4.5431032
78.76 4.5421711
78.77 4.5412629
78.78 4.5403308
78.79 4.5393748
78.8 4.5384427
78.81 4.5374867
78.82 4.5365307
78.83 4.5355508
78.84 4.5345948
78.85 4.533591
78.86 4.5326111
78.87 4.5316073
78.88 4.5306035
78.89 4.5295997
78.9 4.528572
78.91 4.5275443
78.92 4.5264927
78.93 4.525465
78.94 4.5243895
78.95 4.5233379
78.96 4.5222624
78.97 4.5211869
78.98 4.5201114
78.99 4.519012
79.0 4.5179126
79.01 4.5167893
79.02 4.515666
79.03 4.5145427
79.04 4.5134194
79.05 4.5122722
79.06 4.5111011
79.07 4.5099539
79.08 4.5087828
79.09 4.5075878
79.1 4.5064167
79.11 4.5052217
79.12 4.5040028
79.13 4.5028078
79.14 4.501565
79.15 4.5003461
79.16 4.4991033
79.17 4.4978605
79.18 4.4965938
79.19 4.4953271
79.2 4.4940604
79.21 4.4927698
79.22 4.4914792
79.23 4.4901886
79.24 4.4888741
79.25 4.4875596
79.26 4.4862212
79.27 4.4848828
79.28 4.4835444
79.29 4.4821821
79.3 4.4808198
79.31 4.4794336
79.32 4.4780474
79.33 4.4766612
79.34 4.4752511
79.35 4.473841
79.36 4.472407
79.37 4.470973
79.38 4.469539
79.39 4.4680811
79.4 4.4666232
79.41 4.4651653
79.42 4.4636835
79.43 4.4622017
79.44 4.460696
79.45 4.4591903
79.46 4.4576846
79.47 4.456155
79.48 4.4546254
79.49 4.4530719
79.5 4.4515423
79.51 4.4499649
79.52 4.4484114
79.53 4.446834
79.54 4.4452327
79.55 4.4436314
79.56 4.4420301
79.57 4.4404288
79.58 4.4388036
79.59 4.4371545
79.6 4.4355293
79.61 4.4338802
79.62 4.4322072
79.63 4.4305342
79.64 4.4288612
79.65 4.4271882
79.66 4.4254913
79.67 4.4237705
79.68 4.4220736
79.69 4.4203528
79.7 4.4186081
79.71 4.4168873
79.72 4.4151426
79.73 4.413374
79.74 4.4116054
79.75 4.4098368
79.76 4.4080682
79.77 4.4062757
79.78 4.4044593
79.79 4.4026668
79.8 4.4008504
79.81 4.3990101
79.82 4.3971937
79.83 4.3953534
79.84 4.3934892
79.85 4.391625
79.86 4.3897608
79.87 4.3878966
79.88 4.3860085
79.89 4.3841204
79.9 4.3822084
79.91 4.3802964
79.92 4.3783844
79.93 4.3764485
79.94 4.3745365
79.95 4.3725767
79.96 4.3706408
79.97 4.368681
79.98 4.3666973
79.99 4.3647375
80.0 4.3627538
80.01 4.3607462
80.02 4.3587386
80.03 4.356731
80.04 4.3547234
80.05 4.3526919
80.06 4.3506604
80.07 4.3486289
80.08 4.3465735
80.09 4.3445181
80.1 4.3424627
80.11 4.3403834
80.12 4.3383041
80.13 4.3362009
80.14 4.3340977
80.15 4.3319945
80.16 4.3298913
80.17 4.3277642
80.18 4.3256371
80.19 4.32351
80.2 4.321359
80.21 4.319208
80.22 4.3170331
80.23 4.3148821
80.24 4.3127072
80.25 4.3105084
80.26 4.3083096
80.27 4.3061108
80.28 4.303912
80.29 4.3016893
80.3 4.2994666
80.31 4.2972439
80.32 4.2949973
80.33 4.2927507
80.34 4.2905041
80.35 4.2882336
80.36 4.2859631
80.37 4.2836926
80.38 4.2814221
80.39 4.2791277
80.4 4.2768333
80.41 4.274515
80.42 4.2721967
80.43 4.2698784
80.44 4.2675601
80.45 4.2652179
80.46 4.2628757
80.47 4.2605096
80.48 4.2581674
80.49 4.2558013
80.5 4.2534113
80.51 4.2510452
80.52 4.2486552
80.53 4.2462413
80.54 4.2438513
80.55 4.2414374
80.56 4.2390235
80.57 4.2365857
80.58 4.2341718
80.59 4.231734
80.6 4.2292723
80.61 4.2268345
80.62 4.2243728
80.63 4.2218872
80.64 4.2194255
80.65 4.2169399
80.66 4.2144543
80.67 4.2119448
80.68 4.2094592
80.69 4.2069497
80.7 4.2044163
80.71 4.2019068
80.72 4.1993734
80.73 4.1968161
80.74 4.1942827
80.75 4.1917254
80.76 4.1891681
80.77 4.1866108
80.78 4.1840296
80.79 4.1814484
80.8 4.1788672
80.81 4.1762621
80.82 4.1736809
80.83 4.1710519
80.84 4.1684468
80.85 4.1658178
80.86 4.1632127
80.87 4.1605598
80.88 4.1579308
80.89 4.1552779
80.9 4.152625
80.91 4.1499721
80.92 4.1472953
80.93 4.1446185
80.94 4.1419417
80.95 4.1392649
80.96 4.1365642
80.97 4.1338635
80.98 4.1311628
80.99 4.1284382
81.0 4.1257136
81.01 4.122989
81.02 4.1202644
81.03 4.1175159
81.04 4.1147674
81.05 4.1120189
81.06 4.1092704
81.07 4.106498
81.08 4.1037256
81.09 4.1009532
81.1 4.0981569
81.11 4.0953845
81.12 4.0925882
81.13 4.089768
81.14 4.0869717
81.15 4.0841515
81.16 4.0813313
81.17 4.0785111
81.18 4.075667
81.19 4.0728229
81.2 4.0699788
81.21 4.0671347
81.22 4.0642667
81.23 4.0613987
81.24 4.0585307
81.25 4.0556627
81.26 4.0527708
81.27 4.0498789
81.28 4.046987
81.29 4.0440951
81.3 4.0411793
81.31 4.0382635
81.32 4.0353477
81.33 4.0324319
81.34 4.0294922
81.35 4.0265525
81.36 4.0236128
81.37 4.0206731
81.38 4.0177095
81.39 4.0147459
81.4 4.0117823
81.41 4.0088187
81.42 4.0058312
81.43 4.0028676
81.44 3.9998801
81.45 3.9968687
81.46 3.9938812
81.47 3.9908698
81.48 3.9878584
81.49 3.984847
81.5 3.9818117
81.51 3.9787764
81.52 3.975765
81.53 3.9727058
81.54 3.9696705
81.55 3.9666113
81.56 3.9635521
81.57 3.9604929
81.58 3.9574337
81.59 3.9543506
81.6 3.9512914
81.61 3.9482083
81.62 3.9451013
81.63 3.9420182
81.64 3.9389112
81.65 3.9358042
81.66 3.9326972
81.67 3.9295902
81.68 3.9264593
81.69 3.9233284
81.7 3.9201975
81.71 3.9170666
81.72 3.9139118
81.73 3.9107809
81.74 3.9076261
81.75 3.9044713
81.76 3.9012926
81.77 3.8981378
81.78 3.8949591
81.79 3.8917804
81.8 3.8886017
81.81 3.8853991
81.82 3.8822204
81.83 3.8790178
81.84 3.8758152
81.85 3.8726126
81.86 3.8693861
81.87 3.8661596
81.88 3.862957
81.89 3.8597066
81.9 3.8564801
81.91 3.8532536
81.92 3.8500032
81.93 3.8467528
81.94 3.8435024
81.95 3.8402281
81.96 3.8369777
81.97 3.8337034
81.98 3.8304291
81.99 3.8271548
82.0 3.8238805
82.01 3.8205823
82.02 3.817308
82.03 3.8140098
82.04 3.8106877
82.05 3.8073895
82.06 3.8040913
82.07 3.8007692
82.08 3.7974471
82.09 3.794125
82.1 3.7908029
82.11 3.7874569
82.12 3.7841109
82.13 3.7807888
82.14 3.7774428
82.15 3.7740729
82.16 3.7707269
82.17 3.767357
82.18 3.7639871
82.19 3.7606172
82.2 3.7572473
82.21 3.7538774
82.22 3.7504836
82.23 3.7471137
82.24 3.7437199
82.25 3.7403261
82.26 3.7369084
82.27 3.7335146
82.28 3.7300969
82.29 3.7267031
82.3 3.7232854
82.31 3.7198438
82.32 3.7164261
82.33 3.7130084
82.34 3.7095668
82.35 3.7061252
82.36 3.7026836
82.37 3.699242
82.38 3.6957765
82.39 3.6923349
82.4 3.6888694
82.41 3.6854039
82.42 3.6819384
82.43 3.6784729
82.44 3.6750074
82.45 3.671518
82.46 3.6680286
82.47 3.6645392
82.48 3.6610498
82.49 3.6575604
82.5 3.654071
82.51 3.6505577
82.52 3.6470683
82.53 3.643555
82.54 3.6400417
82.55 3.6365284
82.56 3.6330151
82.57 3.6294779
82.58 3.6259646
82.59 3.6224274
82.6 3.6188902
82.61 3.615353
82.62 3.6118158
82.63 3.6082786
82.64 3.6047175
82.65 3.6011803
82.66 3.5976192
82.67 3.5940581
82.68 3.5905209
82.69 3.5869359
82.7 3.5833748
82.71 3.5798137
82.72 3.5762287
82.73 3.5726676
82.74 3.5690826
82.75 3.5654976
82.76 3.5619126
82.77 3.5583276
82.78 3.5547426
82.79 3.5511576
82.8 3.5475487
82.81 3.5439637
82.82 3.5403548
82.83 3.5367459
82.84 3.5331609
82.85 3.529552
82.86 3.5259192
82.87 3.5223103
82.88 3.5187014
82.89 3.5150686
82.9 3.5114597
82.91 3.5078269
82.92 3.504218
82.93 3.5005852
82.94 3.4969524
82.95 3.4933196
82.96 3.4896868
82.97 3.4860301
82.98 3.4823973
82.99 3.4787645
83.0 3.4751078
83.01 3.4714511
83.02 3.4678183
83.03 3.4641616
83.04 3.4605049
83.05 3.4568482
83.06 3.4531915
83.07 3.4495348
83.08 3.4458781
83.09 3.4422214
83.1 3.4385408
83.11 3.4348841
83.12 3.4312035
83.13 3.4275468
83.14 3.4238662
83.15 3.4201856
83.16 3.4165289
83.17 3.4128483
83.18 3.4091677
83.19 3.4054871
83.2 3.4018065
83.21 3.3981259
83.22 3.3944214
83.23 3.3907408
83.24 3.3870602
83.25 3.3833557
83.26 3.3796751
83.27 3.3759945
83.28 3.37229
83.29 3.3686094
83.3 3.3649049
83.31 3.3612004
83.32 3.3574959
83.33 3.3538153
83.34 3.3501108
83.35 3.3464063
83.36 3.3427018
83.37 3.3389973
83.38 3.3352928
83.39 3.3315883
83.4 3.3278838
83.41 3.3241793
83.42 3.3204748
83.43 3.3167703
83.44 3.3130658
83.45 3.3093374
83.46 3.3056329
83.47 3.3019284
83.48 3.2982239
83.49 3.2944955
83.5 3.290791
83.51 3.2870865
83.52 3.2833581
83.53 3.2796536
83.54 3.2759252
83.55 3.2722207
83.56 3.2685162
83.57 3.2647878
83.58 3.2610833
83.59 3.2573549
83.6 3.2536504
83.61 3.249922
83.62 3.2462175
83.63 3.2424891
83.64 3.2387846
83.65 3.2350562
83.66 3.2313517
83.67 3.2276233
83.68 3.2239188
83.69 3.2201904
83.7 3.2164859
83.71 3.2127575
83.72 3.209053
83.73 3.2053485
83.74 3.2016201
83.75 3.1979156
83.76 3.1941872
83.77 3.1904827
83.78 3.1867782
83.79 3.1830498
83.8 3.1793453
83.81 3.1756408
83.82 3.1719124
83.83 3.1682079
83.84 3.1645034
83.85 3.1607989
83.86 3.1570705
83.87 3.153366
83.88 3.1496615
83.89 3.145957
83.9 3.1422525
83.91 3.138548
83.92 3.1348435
83.93 3.131139
83.94 3.1274345
83.95 3.12373
83.96 3.1200494
83.97 3.1163449
83.98 3.1126404
83.99 3.1089359
84.0 3.1052553
84.01 3.1015508
84.02 3.0978702
84.03 3.0941657
84.04 3.0904851
84.05 3.0868045
84.06 3.0831
84.07 3.0794194
84.08 3.0757388
84.09 3.0720582
84.1 3.0683776
84.11 3.064697
84.12 3.0610164
84.13 3.0573358
84.14 3.0536552
84.15 3.0499746
84.16 3.0463179
84.17 3.0426373
84.18 3.0389806
84.19 3.0353
84.2 3.0316433
84.21 3.0279866
84.22 3.024306
84.23 3.0206493
84.24 3.0169926
84.25 3.0133359
84.26 3.0097031
84.27 3.0060464
84.28 3.0023897
84.29 2.9987569
84.3 2.9951002
84.31 2.9914674
84.32 2.9878107
84.33 2.9841779
84.34 2.9805451
84.35 2.9769123
84.36 2.9732795
84.37 2.9696467
84.38 2.9660378
84.39 2.962405
84.4 2.9587722
84.41 2.9551633
84.42 2.9515544
84.43 2.9479455
84.44 2.9443366
84.45 2.9407277
84.46 2.9371188
84.47 2.9335099
84.48 2.929901
84.49 2.926316
84.5 2.922731
84.51 2.9191221
84.52 2.9155371
84.53 2.9119521
84.54 2.9083671
84.55 2.904806
84.56 2.901221
84.57 2.897636
84.58 2.8940749
84.59 2.8905138
84.6 2.8869527
84.61 2.8833916
84.62 2.8798305
84.63 2.8762694
84.64 2.8727322
84.65 2.8691711
84.66 2.8656339
84.67 2.8620967
84.68 2.8585595
84.69 2.8550223
84.7 2.851509
84.71 2.8479718
84.72 2.8444585
84.73 2.8409213
84.74 2.837408
84.75 2.8338947
84.76 2.8304053
84.77 2.826892
84.78 2.8234026
84.79 2.8198893
84.8 2.8163999
84.81 2.8129105
84.82 2.8094211
84.83 2.8059556
84.84 2.8024662
84.85 2.7990007
84.86 2.7955352
84.87 2.7920697
84.88 2.7886042
84.89 2.7851626
84.9 2.7816971
84.91 2.7782555
84.92 2.7748139
84.93 2.7713723
84.94 2.7679307
84.95 2.764513
84.96 2.7610953
84.97 2.7576537
84.98 2.754236
84.99 2.7508422
85.0 2.7474245
85.01 2.7440307
85.02 2.7406369
85.03 2.7372431
85.04 2.7338493
85.05 2.7304555
85.06 2.7270856
85.07 2.7237157
85.08 2.7203458
85.09 2.7169759
85.1 2.713606
85.11 2.71026
85.12 2.706914
85.13 2.703568
85.14 2.700222
85.15 2.696876
85.16 2.6935539
85.17 2.6902318
85.18 2.6869097
85.19 2.6835876
85.2 2.6802894
85.21 2.6769912
85.22 2.6736691
85.23 2.6703948
85.24 2.6670966
85.25 2.6638223
85.26 2.660548
85.27 2.6572737
85.28 2.6539994
85.29 2.650749
85.3 2.6474747
85.31 2.6442243
85.32 2.6409978
85.33 2.6377474
85.34 2.6345209
85.35 2.6312944
85.36 2.6280679
85.37 2.6248653
85.38 2.6216388
85.39 2.6184362
85.4 2.6152575
85.41 2.6120549
85.42 2.6088762
85.43 2.6056975
85.44 2.6025188
85.45 2.5993401
85.46 2.5961853
85.47 2.5930305
85.48 2.5898757
85.49 2.5867448
85.5 2.58359
85.51 2.5804591
85.52 2.5773521
85.53 2.5742212
85.54 2.5711142
85.55 2.5680072
85.56 2.5649002
85.57 2.5618171
85.58 2.5587101
85.59 2.555627
85.6 2.5525678
85.61 2.5494847
85.62 2.5464255
85.63 2.5433663
85.64 2.540331
85.65 2.5372718
85.66 2.5342365
85.67 2.5312012
85.68 2.5281659
85.69 2.5251545
85.7 2.5221431
85.71 2.5191317
85.72 2.5161442
85.73 2.5131328
85.74 2.5101453
85.75 2.5071578
85.76 2.5041942
85.77 2.5012306
85.78 2.498267
85.79 2.4953034
85.8 2.4923637
85.81 2.4894001
85.82 2.4864604
85.83 2.4835446
85.84 2.4806049
85.85 2.4776891
85.86 2.4747733
85.87 2.4718814
85.88 2.4689656
85.89 2.4660737
85.9 2.4632057
85.91 2.4603138
85.92 2.4574458
85.93 2.4545778
85.94 2.4517098
85.95 2.4488657
85.96 2.4460216
85.97 2.4431775
85.98 2.4403334
85.99 2.4375132
86.0 2.434693
86.01 2.4318728
86.02 2.4290765
86.03 2.4262563
86.04 2.42346
86.05 2.4206876
86.06 2.4178913
86.07 2.4151189
86.08 2.4123465
86.09 2.409598
86.1 2.4068256
86.11 2.4040771
86.12 2.4013525
86.13 2.398604
86.14 2.3958794
86.15 2.3931548
86.16 2.3904302
86.17 2.3877295
86.18 2.3850288
86.19 2.3823281
86.2 2.3796513
86.21 2.3769745
86.22 2.3742977
86.23 2.3716209
86.24 2.368968
86.25 2.3662912
86.26 2.3636622
86.27 2.3610093
86.28 2.3583803
86.29 2.3557513
86.3 2.3531223
86.31 2.3505172
86.32 2.3479121
86.33 2.345307
86.34 2.3427019
86.35 2.3401207
86.36 2.3375395
86.37 2.3349822
86.38 2.332401
86.39 2.3298437
86.4 2.3272864
86.41 2.324753
86.42 2.3222196
86.43 2.3196862
86.44 2.3171528
86.45 2.3146433
86.46 2.3121338
86.47 2.3096243
86.48 2.3071387
86.49 2.3046292
86.5 2.3021436
86.51 2.2996819
86.52 2.2972202
86.53 2.2947585
86.54 2.2922968
86.55 2.2898351
86.56 2.2873973
86.57 2.2849834
86.58 2.2825456
86.59 2.2801317
86.6 2.2777178
86.61 2.2753039
86.62 2.2729139
86.63 2.2705239
86.64 2.2681339
86.65 2.2657678
86.66 2.2634017
86.67 2.2610356
86.68 2.2586695
86.69 2.2563273
86.7 2.2539851
86.71 2.2516429
86.72 2.2493246
86.73 2.2470063
86.74 2.244688
86.75 2.2423936
86.76 2.2400992
86.77 2.2378048
86.78 2.2355104
86.79 2.2332399
86.8 2.2309694
86.81 2.2287228
86.82 2.2264523
86.83 2.2242057
86.84 2.221983
86.85 2.2197364
86.86 2.2175137
86.87 2.215291
86.88 2.2130922
86.89 2.2108934
86.9 2.2086946
86.91 2.2064958
86.92 2.2043209
86.93 2.202146
86.94 2.199995
86.95 2.1978201
86.96 2.1956691
86.97 2.193542
86.98 2.191391
86.99 2.1892639
87.0 2.1871368
87.01 2.1850336
87.02 2.1829304
87.03 2.1808272
87.04 2.1787479
87.05 2.1766447
87.06 2.1745654
87.07 2.17251
87.08 2.1704546
87.09 2.1683992
87.1 2.1663438
87.11 2.1643123
87.12 2.1622808
87.13 2.1602493
87.14 2.1582417
87.15 2.1562341
87.16 2.1542265
87.17 2.1522428
87.18 2.1502591
87.19 2.1482754
87.2 2.1463156
87.21 2.1443558
87.22 2.142396
87.23 2.1404362
87.24 2.1385003
87.25 2.1365644
87.26 2.1346524
87.27 2.1327404
87.28 2.1308284
87.29 2.1289164
87.3 2.1270283
87.31 2.1251402
87.32 2.123276
87.33 2.1213879
87.34 2.1195476
87.35 2.1176834
87.36 2.1158431
87.37 2.1140028
87.38 2.1121625
87.39 2.1103461
87.4 2.1085297
87.41 2.1067133
87.42 2.1049208
87.43 2.1031283
87.44 2.1013597
87.45 2.0995672
87.46 2.0977986
87.47 2.0960539
87.48 2.0942853
87.49 2.0925406
87.5 2.0908198
87.51 2.0890751
87.52 2.0873543
87.53 2.0856574
87.54 2.0839366
87.55 2.0822397
87.56 2.0805667
87.57 2.0788698
87.58 2.0771968
87.59 2.0755477
87.6 2.0738986
87.61 2.0722495
87.62 2.0706004
87.63 2.0689752
87.64 2.06735
87.65 2.0657248
87.66 2.0641235
87.67 2.0625222
87.68 2.0609209
87.69 2.0593435
87.7 2.0577661
87.71 2.0561887
87.72 2.0546352
87.73 2.0530817
87.74 2.0515521
87.75 2.0499986
87.76 2.048469
87.77 2.0469633
87.78 2.0454576
87.79 2.0439519
87.8 2.0424462
87.81 2.0409644
87.82 2.0394826
87.83 2.0380247
87.84 2.0365668
87.85 2.0351089
87.86 2.033651
87.87 2.032217
87.88 2.030783
87.89 2.0293729
87.9 2.0279628
87.91 2.0265527
87.92 2.0251426
87.93 2.0237564
87.94 2.0223941
87.95 2.0210079
87.96 2.0196456
87.97 2.0182833
87.98 2.0169449
87.99 2.0156065
88.0 2.0142681
88.01 2.0129536
88.02 2.0116391
88.03 2.0103246
88.04 2.009034
88.05 2.0077434
88.06 2.0064767
88.07 2.0051861
88.08 2.0039194
88.09 2.0026766
88.1 2.0014338
88.11 2.000191
88.12 1.9989482
88.13 1.9977293
88.14 1.9965104
88.15 1.9953154
88.16 1.9941204
88.17 1.9929254
88.18 1.9917304
88.19 1.9905593
88.2 1.9893882
88.21 1.988241
88.22 1.9870938
88.23 1.9859466
88.24 1.9848233
88.25 1.9837
88.26 1.9825767
88.27 1.9814773
88.28 1.9803779
88.29 1.9792785
88.3 1.978203
88.31 1.9771275
88.32 1.9760759
88.33 1.9750243
88.34 1.9739727
88.35 1.9729211
88.36 1.9718934
88.37 1.9708657
88.38 1.9698619
88.39 1.9688581
88.4 1.9678543
88.41 1.9668505
88.42 1.9658706
88.43 1.9649146
88.44 1.9639347
88.45 1.9629787
88.46 1.9620466
88.47 1.9611145
88.48 1.9601824
88.49 1.9592503
88.5 1.9583421
88.51 1.9574339
88.52 1.9565257
88.53 1.9556414
88.54 1.9547571
88.55 1.9538967
88.56 1.9530363
88.57 1.9521759
88.58 1.9513394
88.59 1.9505029
88.6 1.9496664
88.61 1.9488299
88.62 1.9480173
88.63 1.9472286
88.64 1.946416
88.65 1.9456273
88.66 1.9448625
88.67 1.9440738
88.68 1.943309
88.69 1.9425681
88.7 1.9418033
88.71 1.9410624
88.72 1.9403454
88.73 1.9396045
88.74 1.9388875
88.75 1.9381944
88.76 1.9375013
88.77 1.9368082
88.78 1.9361151
88.79 1.9354459
88.8 1.9347767
88.81 1.9341075
88.82 1.9334622
88.83 1.9328169
88.84 1.9321716
88.85 1.9315502
88.86 1.9309288
88.87 1.9303074
88.88 1.9297099
88.89 1.9291124
88.9 1.9285149
88.91 1.9279413
88.92 1.9273677
88.93 1.9267941
88.94 1.9262444
88.95 1.9256947
88.96 1.925145
88.97 1.9245953
88.98 1.9240695
88.99 1.9235437
89.0 1.9230418
89.01 1.9225399
89.02 1.922038
89.03 1.9215361
89.04 1.9210581
89.05 1.9205801
89.06 1.920126
89.07 1.9196719
89.08 1.9192178
89.09 1.9187637
89.1 1.9183335
89.11 1.9179033
89.12 1.9174731
89.13 1.9170668
89.14 1.9166366
89.15 1.9162542
89.16 1.9158479
89.17 1.9154655
89.18 1.9150831
89.19 1.9147246
89.2 1.9143422
89.21 1.9139837
89.22 1.9136491
89.23 1.9132906
89.24 1.912956
89.25 1.9126453
89.26 1.9123107
89.27 1.912
89.28 1.9116893
89.29 1.9114025
89.3 1.9111157
89.31 1.9108289
89.32 1.9105421
89.33 1.9102792
89.34 1.9100163
89.35 1.9097534
89.36 1.9094905
89.37 1.9092515
89.38 1.9090125
89.39 1.9087974
89.4 1.9085584
89.41 1.9083433
89.42 1.9081521
89.43 1.907937
89.44 1.9077458
89.45 1.9075546
89.46 1.9073873
89.47 1.9071961
89.48 1.9070288
89.49 1.9068854
89.5 1.9067181
89.51 1.9065747
89.52 1.9064313
89.53 1.9063118
89.54 1.9061684
89.55 1.9060489
89.56 1.9059533
89.57 1.9058338
89.58 1.9057382
89.59 1.9056426
89.6 1.9055709
89.61 1.9054753
89.62 1.9054036
89.63 1.9053319
89.64 1.9052841
89.65 1.9052363
89.66 1.9051885
89.67 1.9051407
89.68 1.9051168
89.69 1.905069
89.7 1.905069
89.71 1.9050451
89.72 1.9050451
89.73 1.9050451
89.74 1.9050451
89.75 1.9050451
89.76 1.905069
89.77 1.9050929
89.78 1.9051168
89.79 1.9051646
89.8 1.9051885
89.81 1.9052602
89.82 1.905308
89.83 1.9053558
89.84 1.9054275
89.85 1.9054992
89.86 1.9055948
89.87 1.9056665
89.88 1.9057621
89.89 1.9058577
89.9 1.9059772
89.91 1.9060728
89.92 1.9061923
89.93 1.9063357
89.94 1.9064552
89.95 1.9065986
89.96 1.906742
89.97 1.9068854
89.98 1.9070288
89.99 1.9071961
90.0 1.9073634
90.01 1.9075307
90.02 1.907698
90.03 1.9078892
90.04 1.9080804
90.05 1.9082716
90.06 1.9084867
90.07 1.9086779
90.08 1.908893
90.09 1.9091081
90.1 1.9093471
90.11 1.9095622
90.12 1.9098012
90.13 1.9100402
90.14 1.9103031
90.15 1.9105421
90.16 1.910805
90.17 1.9110679
90.18 1.9113308
90.19 1.9116176
90.2 1.9119044
90.21 1.9121912
90.22 1.912478
90.23 1.9127887
90.24 1.9130755
90.25 1.9133862
90.26 1.9137208
90.27 1.9140315
90.28 1.9143661
90.29 1.9146768
90.3 1.9150353
90.31 1.9153699
90.32 1.9157284
90.33 1.916063
90.34 1.9164215
90.35 1.9168039
90.36 1.9171624
90.37 1.9175448
90.38 1.9179272
90.39 1.9183096
90.4 1.918692
90.41 1.9190983
90.42 1.9195046
90.43 1.9199109
90.44 1.9203172
90.45 1.9207474
90.46 1.9211537
90.47 1.9215839
90.48 1.9220141
90.49 1.9224682
90.5 1.9228984
90.51 1.9233525
90.52 1.9238066
90.53 1.9242607
90.54 1.9247387
90.55 1.9251928
90.56 1.9256708
90.57 1.9261488
90.58 1.9266507
90.59 1.9271287
90.6 1.9276306
90.61 1.9281325
90.62 1.9286344
90.63 1.9291363
90.64 1.9296621
90.65 1.930164
90.66 1.9306898
90.67 1.9312395
90.68 1.9317653
90.69 1.9322911
90.7 1.9328408
90.71 1.9333905
90.72 1.9339402
90.73 1.9345138
90.74 1.9350635
90.75 1.9356371
90.76 1.9362107
90.77 1.9367843
90.78 1.9373818
90.79 1.9379554
90.8 1.9385529
90.81 1.9391504
90.82 1.9397479
90.83 1.9403454
90.84 1.9409668
90.85 1.9415882
90.86 1.9421857
90.87 1.942831
90.88 1.9434524
90.89 1.9440738
90.9 1.9447191
90.91 1.9453644
90.92 1.9460097
90.93 1.946655
90.94 1.9473242
90.95 1.9479695
90.96 1.9486387
90.97 1.9493079
90.98 1.9499771
90.99 1.9506463
91.0 1.9513394
91.01 1.9520325
91.02 1.9527256
91.03 1.9534187
91.04 1.9541118
91.05 1.9548049
91.06 1.9555219
91.07 1.9562389
91.08 1.9569559
91.09 1.9576729
91.1 1.9583899
91.11 1.9591308
91.12 1.9598478
91.13 1.9605887
91.14 1.9613296
91.15 1.9620705
91.16 1.9628353
91.17 1.9635762
91.18 1.964341
91.19 1.9651058
91.2 1.9658706
91.21 1.9666354
91.22 1.9674002
91.23 1.9681889
91.24 1.9689776
91.25 1.9697663
91.26 1.970555
91.27 1.9713437
91.28 1.9721324
91.29 1.972945
91.3 1.9737337
91.31 1.9745463
91.32 1.9753589
91.33 1.9761715
91.34 1.977008
91.35 1.9778206
91.36 1.9786571
91.37 1.9794936
91.38 1.9803301
91.39 1.9811666
91.4 1.9820031
91.41 1.9828396
91.42 1.9837
91.43 1.9845604
91.44 1.9853969
91.45 1.9862812
91.46 1.9871416
91.47 1.988002
91.48 1.9888624
91.49 1.9897467
91.5 1.990631
91.51 1.9915153
91.52 1.9923996
91.53 1.9932839
91.54 1.9941682
91.55 1.9950764
91.56 1.9959846
91.57 1.9968689
91.58 1.9977771
91.59 1.9986853
91.6 1.9996174
91.61 2.0005256
91.62 2.0014577
91.63 2.0023659
91.64 2.003298
91.65 2.0042301
91.66 2.0051622
91.67 2.0060943
91.68 2.0070503
91.69 2.0079824
91.7 2.0089384
91.71 2.0098944
91.72 2.0108504
91.73 2.0118064
91.74 2.0127624
91.75 2.0137184
91.76 2.0146983
91.77 2.0156543
91.78 2.0166342
91.79 2.0176141
91.8 2.018594
91.81 2.0195739
91.82 2.0205538
91.83 2.0215576
91.84 2.0225375
91.85 2.0235413
91.86 2.0245451
91.87 2.0255489
91.88 2.0265527
91.89 2.0275565
91.9 2.0285842
91.91 2.029588
91.92 2.0306157
91.93 2.0316434
91.94 2.0326472
91.95 2.0336749
91.96 2.0347265
91.97 2.0357542
91.98 2.0367819
91.99 2.0378335
92.0 2.0388851
92.01 2.0399128
92.02 2.0409644
92.03 2.042016
92.04 2.0430676
92.05 2.0441431
92.06 2.0451947
92.07 2.0462702
92.08 2.0473218
92.09 2.0483973
92.1 2.0494728
92.11 2.0505483
92.12 2.0516477
92.13 2.0527232
92.14 2.0537987
92.15 2.0548981
92.16 2.0559975
92.17 2.057073
92.18 2.0581724
92.19 2.0592718
92.2 2.0603712
92.21 2.0614945
92.22 2.0625939
92.23 2.0637172
92.24 2.0648166
92.25 2.0659399
92.26 2.0670632
92.27 2.0681865
92.28 2.0693098
92.29 2.0704331
92.3 2.0715803
92.31 2.0727036
92.32 2.0738508
92.33 2.074998
92.34 2.0761213
92.35 2.0772685
92.36 2.0784396
92.37 2.0795868
92.38 2.080734
92.39 2.0818812
92.4 2.0830523
92.41 2.0842234
92.42 2.0853706
92.43 2.0865417
92.44 2.0877128
92.45 2.0888839
92.46 2.090055
92.47 2.09125
92.48 2.0924211
92.49 2.0936161
92.5 2.0947872
92.51 2.0959822
92.52 2.0971772
92.53 2.0983722
92.54 2.0995672
92.55 2.1007622
92.56 2.1019572
92.57 2.1031761
92.58 2.1043711
92.59 2.10559
92.6 2.1068089
92.61 2.1080039
92.62 2.1092228
92.63 2.1104417
92.64 2.1116845
92.65 2.1129034
92.66 2.1141223
92.67 2.1153651
92.68 2.116584
92.69 2.1178268
92.7 2.1190457
92.71 2.1202885
92.72 2.1215313
92.73 2.1227741
92.74 2.1240169
92.75 2.1252836
92.76 2.1265264
92.77 2.1277692
92.78 2.1290359
92.79 2.1303026
92.8 2.1315454
92.81 2.1328121
92.82 2.1340788
92.83 2.1353455
92.84 2.1366122
92.85 2.1378789
92.86 2.1391695
92.87 2.1404362
92.88 2.1417029
92.89 2.1429935
92.9 2.1442841
92.91 2.1455508
92.92 2.1468414
92.93 2.148132
92.94 2.1494226
92.95 2.1507132
92.96 2.1520277
92.97 2.1533183
92.98 2.1546089
92.99 2.1559234
93.0 2.157214
93.01 2.1585285
93.02 2.159843
93.03 2.1611575
93.04 2.1624481
93.05 2.1637626
93.06 2.165101
93.07 2.1664155
93.08 2.16773
93.09 2.1690445
93.1 2.1703829
93.11 2.1716974
93.12 2.1730358
93.13 2.1743503
93.14 2.1756887
93.15 2.1770271
93.16 2.1783655
93.17 2.1797039
93.18 2.1810423
93.19 2.1823807
93.2 2.1837191
93.21 2.1850814
93.22 2.1864198
93.23 2.1877821
93.24 2.1891205
93.25 2.1904828
93.26 2.1918212
93.27 2.1931835
93.28 2.1945458
93.29 2.1959081
93.3 2.1972704
93.31 2.1986327
93.32 2.199995
93.33 2.2013573
93.34 2.2027435
93.35 2.2041058
93.36 2.205492
93.37 2.2068543
93.38 2.2082405
93.39 2.2096028
93.4 2.210989
93.41 2.2123752
93.42 2.2137614
93.43 2.2151476
93.44 2.2165338
93.45 2.21792
93.46 2.2193062
93.47 2.2206924
93.48 2.2220786
93.49 2.2234887
93.5 2.2248749
93.51 2.226285
93.52 2.2276712
93.53 2.2290813
93.54 2.2304675
93.55 2.2318776
93.56 2.2332877
93.57 2.2346978
93.58 2.2361079
93.59 2.237518
93.6 2.2389281
93.61 2.2403382
93.62 2.2417483
93.63 2.2431584
93.64 2.2445924
93.65 2.2460025
93.66 2.2474365
93.67 2.2488466
93.68 2.2502806
93.69 2.2516907
93.7 2.2531247
93.71 2.2545348
93.72 2.2559688
93.73 2.2574028
93.74 2.2588368
93.75 2.2602708
93.76 2.2617048
93.77 2.2631388
93.78 2.2645728
93.79 2.2660068
93.8 2.2674408
93.81 2.2688987
93.82 2.2703327
93.83 2.2717667
93.84 2.2732246
93.85 2.2746586
93.86 2.2761165
93.87 2.2775505
93.88 2.2790084
93.89 2.2804663
93.9 2.2819003
93.91 2.2833582
93.92 2.2848161
93.93 2.286274
93.94 2.2877319
93.95 2.2891898
93.96 2.2906477
93.97 2.2921056
93.98 2.2935635
93.99 2.2950214
94.0 2.2964793
94.01 2.2979611
94.02 2.299419
94.03 2.3008769
94.04 2.3023587
94.05 2.3038166
94.06 2.3052745
94.07 2.3067563
94.08 2.3082142
94.09 2.309696
94.1 2.3111778
94.11 2.3126357
94.12 2.3141175
94.13 2.3155993
94.14 2.3170811
94.15 2.318539
94.16 2.3200208
94.17 2.3215026
94.18 2.3229844
94.19 2.3244662
94.2 2.325948
94.21 2.3274298
94.22 2.3289116
94.23 2.3303934
94.24 2.3318752
94.25 2.3333809
94.26 2.3348627
94.27 2.3363445
94.28 2.3378263
94.29 2.339332
94.3 2.3408138
94.31 2.3422956
94.32 2.3438013
94.33 2.3452831
94.34 2.3467888
94.35 2.3482706
94.36 2.3497763
94.37 2.3512581
94.38 2.3527638
94.39 2.3542695
94.4 2.3557513
94.41 2.357257
94.42 2.3587627
94.43 2.3602445
94.44 2.3617502
94.45 2.3632559
94.46 2.3647616
94.47 2.3662434
94.48 2.3677491
94.49 2.3692548
94.5 2.3707605
94.51 2.3722662
94.52 2.3737719
94.53 2.3752776
94.54 2.3767833
94.55 2.378289
94.56 2.3797947
94.57 2.3813004
94.58 2.3828061
94.59 2.3843118
94.6 2.3858175
94.61 2.3873471
94.62 2.3888528
94.63 2.3903585
94.64 2.3918642
94.65 2.3933699
94.66 2.3948995
94.67 2.3964052
94.68 2.3979109
94.69 2.3994166
94.7 2.4009462
94.71 2.4024519
94.72 2.4039576
94.73 2.4054872
94.74 2.4069929
94.75 2.4084986
94.76 2.4100282
94.77 2.4115339
94.78 2.4130635
94.79 2.4145692
94.8 2.4160988
94.81 2.4176045
94.82 2.4191341
94.83 2.4206398
94.84 2.4221694
94.85 2.423699
94.86 2.4252047
94.87 2.4267343
94.88 2.42824
94.89 2.4297696
94.9 2.4312992
94.91 2.4328049
94.92 2.4343345
94.93 2.4358641
94.94 2.4373937
94.95 2.4388994
94.96 2.440429
94.97 2.4419586
94.98 2.4434882
94.99 2.4449939
95.0 2.4465235
95.01 2.4480531
95.02 2.4495827
95.03 2.4511123
95.04 2.4526419
95.05 2.4541715
95.06 2.4557011
95.07 2.4572307
95.08 2.4587603
95.09 2.4602899
95.1 2.4618195
95.11 2.4633491
95.12 2.4648787
95.13 2.4664083
95.14 2.4679379
95.15 2.4694675
95.16 2.4709971
95.17 2.4725267
95.18 2.4740563
95.19 2.4755859
95.2 2.4771155
95.21 2.4786451
95.22 2.4801986
95.23 2.4817282
95.24 2.4832578
95.25 2.4847874
95.26 2.486317
95.27 2.4878705
95.28 2.4894001
95.29 2.4909297
95.3 2.4924593
95.31 2.4940128
95.32 2.4955424
95.33 2.497072
95.34 2.4986016
95.35 2.5001551
95.36 2.5016847
95.37 2.5032382
95.38 2.5047678
95.39 2.5062974
95.4 2.5078509
95.41 2.5093805
95.42 2.5109101
95.43 2.5124636
95.44 2.5139932
95.45 2.5155467
95.46 2.5170763
95.47 2.5186298
95.48 2.5201594
95.49 2.5217129
95.5 2.5232425
95.51 2.524796
95.52 2.5263256
95.53 2.5278791
95.54 2.5294087
95.55 2.5309622
95.56 2.5325157
95.57 2.5340453
95.58 2.5355988
95.59 2.5371284
95.6 2.5386819
95.61 2.5402354
95.62 2.541765
95.63 2.5433185
95.64 2.5448481
95.65 2.5464016
95.66 2.5479551
95.67 2.5495086
95.68 2.5510382
95.69 2.5525917
95.7 2.5541452
95.71 2.5556748
95.72 2.5572283
95.73 2.5587818
95.74 2.5603353
95.75 2.5618649
95.76 2.5634184
95.77 2.5649719
95.78 2.5665254
95.79 2.568055
95.8 2.5696085
95.81 2.571162
95.82 2.5727155
95.83 2.574269
95.84 2.5757986
95.85 2.5773521
95.86 2.5789056
95.87 2.5804591
95.88 2.5820126
95.89 2.5835661
95.9 2.5851196
95.91 2.5866731
95.92 2.5882027
95.93 2.5897562
95.94 2.5913097
95.95 2.5928632
95.96 2.5944167
95.97 2.5959702
95.98 2.5975237
95.99 2.5990772
96.0 2.6006307
96.01 2.6021842
96.02 2.6037377
96.03 2.6052912
96.04 2.6068447
96.05 2.6083982
96.06 2.6099517
96.07 2.6115052
96.08 2.6130587
96.09 2.6146122
96.1 2.6161657
96.11 2.6177192
96.12 2.6192727
96.13 2.6208262
96.14 2.6223797
96.15 2.6239332
96.16 2.6254867
96.17 2.6270402
96.18 2.6285937
96.19 2.6301472
96.2 2.6317007
96.21 2.6332542
96.22 2.6348077
96.23 2.6363612
96.24 2.6379147
96.25 2.6394682
96.26 2.6410217
96.27 2.6425752
96.28 2.6441287
96.29 2.6456822
96.3 2.6472596
96.31 2.6488131
96.32 2.6503666
96.33 2.6519201
96.34 2.6534736
96.35 2.6550271
96.36 2.6565806
96.37 2.6581341
96.38 2.6596876
96.39 2.6612411
96.4 2.6628185
96.41 2.664372
96.42 2.6659255
96.43 2.667479
96.44 2.6690325
96.45 2.670586
96.46 2.6721395
96.47 2.673693
96.48 2.6752704
96.49 2.6768239
96.5 2.6783774
96.51 2.6799309
96.52 2.6814844
96.53 2.6830379
96.54 2.6845914
96.55 2.6861688
96.56 2.6877223
96.57 2.6892758
96.58 2.6908293
96.59 2.6923828
96.6 2.6939363
96.61 2.6954898
96.62 2.6970672
96.63 2.6986207
96.64 2.7001742
96.65 2.7017277
96.66 2.7032812
96.67 2.7048347
96.68 2.7063882
96.69 2.7079656
96.7 2.7095191
96.71 2.7110726
96.72 2.7126261
96.73 2.7141796
96.74 2.7157331
96.75 2.7172866
96.76 2.718864
96.77 2.7204175
96.78 2.721971
96.79 2.7235245
96.8 2.725078
96.81 2.7266315
96.82 2.728185
96.83 2.7297385
96.84 2.7313159
96.85 2.7328694
96.86 2.7344229
96.87 2.7359764
96.88 2.7375299
96.89 2.7390834
96.9 2.7406369
96.91 2.7421904
96.92 2.7437678
96.93 2.7453213
96.94 2.7468748
96.95 2.7484283
96.96 2.7499818
96.97 2.7515353
96.98 2.7530888
96.99 2.7546423
97.0 2.7561958
97.01 2.7577493
97.02 2.7593028
97.03 2.7608802
97.04 2.7624337
97.05 2.7639872
97.06 2.7655407
97.07 2.7670942
97.08 2.7686477
97.09 2.7702012
97.1 2.7717547
97.11 2.7733082
97.12 2.7748617
97.13 2.7764152
97.14 2.7779687
97.15 2.7795222
97.16 2.7810757
97.17 2.7826292
97.18 2.7841827
97.19 2.7857362
97.2 2.7872897
97.21 2.7888432
97.22 2.7904206
97.23 2.7919741
97.24 2.7935276
97.25 2.7950811
97.26 2.7966346
97.27 2.7981881
97.28 2.7997416
97.29 2.8012951
97.3 2.8028486
97.31 2.8044021
97.32 2.8059556
97.33 2.8075091
97.34 2.8090626
97.35 2.8106161
97.36 2.8121696
97.37 2.8137231
97.38 2.8152766
97.39 2.8168301
97.4 2.8183597
97.41 2.8199132
97.42 2.8214667
97.43 2.8230202
97.44 2.8245737
97.45 2.8261272
97.46 2.8276807
97.47 2.8292342
97.48 2.8307877
97.49 2.8323412
97.5 2.8338947
97.51 2.8354482
97.52 2.8370017
97.53 2.8385552
97.54 2.8401087
97.55 2.8416622
97.56 2.8432157
97.57 2.8447692
97.58 2.8462988
97.59 2.8478523
97.6 2.8494058
97.61 2.8509593
97.62 2.8525128
97.63 2.8540663
97.64 2.8556198
97.65 2.8571733
97.66 2.8587268
97.67 2.8602803
97.68 2.8618099
97.69 2.8633634
97.7 2.8649169
97.71 2.8664704
97.72 2.8680239
97.73 2.8695774
97.74 2.8711309
97.75 2.8726844
97.76 2.874214
97.77 2.8757675
97.78 2.877321
97.79 2.8788745
97.8 2.880428
97.81 2.8819815
97.82 2.8835111
97.83 2.8850646
97.84 2.8866181
97.85 2.8881716
97.86 2.8897012
97.87 2.8912547
97.88 2.8928082
97.89 2.8943617
97.9 2.8958913
97.91 2.8974448
97.92 2.8989983
97.93 2.9005518
97.94 2.9020814
97.95 2.9036349
97.96 2.9051884
97.97 2.906718
97.98 2.9082715
97.99 2.909825
98.0 2.9113546
98.01 2.9129081
98.02 2.9144616
98.03 2.9159912
98.04 2.9175447
98.05 2.9190743
98.06 2.9206278
98.07 2.9221813
98.08 2.9237109
98.09 2.9252644
98.1 2.926794
98.11 2.9283475
98.12 2.9298771
98.13 2.9314306
98.14 2.9329602
98.15 2.9345137
98.16 2.9360433
98.17 2.9375968
98.18 2.9391264
98.19 2.940656
98.2 2.9422095
98.21 2.9437391
98.22 2.9452926
98.23 2.9468222
98.24 2.9483518
98.25 2.9499053
98.26 2.9514349
98.27 2.9529645
98.28 2.9544941
98.29 2.9560476
98.3 2.9575772
98.31 2.9591068
98.32 2.9606364
98.33 2.962166
98.34 2.9637195
98.35 2.9652491
98.36 2.9667787
98.37 2.9683083
98.38 2.9698379
98.39 2.9713675
98.4 2.9728971
98.41 2.9744267
98.42 2.9759563
98.43 2.9774859
98.44 2.9790155
98.45 2.9805451
98.46 2.9820747
98.47 2.9836043
98.48 2.9851339
98.49 2.9866635
98.5 2.9881931
98.51 2.9896988
98.52 2.9912284
98.53 2.992758
98.54 2.9942876
98.55 2.9958172
98.56 2.9973229
98.57 2.9988525
98.58 3.0003821
98.59 3.0018878
98.6 3.0034174
98.61 3.0049231
98.62 3.0064527
98.63 3.0079823
98.64 3.009488
98.65 3.0110176
98.66 3.0125233
98.67 3.0140529
98.68 3.0155586
98.69 3.0170643
98.7 3.0185939
98.71 3.0200996
98.72 3.0216292
98.73 3.0231349
98.74 3.0246406
98.75 3.0261463
98.76 3.0276759
98.77 3.0291816
98.78 3.0306873
98.79 3.032193
98.8 3.0336987
98.81 3.0352044
98.82 3.0367101
98.83 3.0382158
98.84 3.0397215
98.85 3.0412272
98.86 3.0427329
98.87 3.0442386
98.88 3.0457443
98.89 3.04725
98.9 3.0487557
98.91 3.0502614
98.92 3.0517671
98.93 3.0532489
98.94 3.0547546
98.95 3.0562603
98.96 3.0577421
98.97 3.0592478
98.98 3.0607535
98.99 3.0622353
99.0 3.063741
99.01 3.0652228
99.02 3.0667285
99.03 3.0682103
99.04 3.0696921
99.05 3.0711978
99.06 3.0726796
99.07 3.0741853
99.08 3.0756671
99.09 3.0771489
99.1 3.0786307
99.11 3.0801125
99.12 3.0816182
99.13 3.0831
99.14 3.0845818
99.15 3.0860636
99.16 3.0875454
99.17 3.0890272
99.18 3.090509
99.19 3.0919908
99.2 3.0934487
99.21 3.0949305
99.22 3.0964123
99.23 3.0978941
99.24 3.0993759
99.25 3.1008338
99.26 3.1023156
99.27 3.1037735
99.28 3.1052553
99.29 3.1067371
99.3 3.108195
99.31 3.1096529
99.32 3.1111347
99.33 3.1125926
99.34 3.1140744
99.35 3.1155323
99.36 3.1169902
99.37 3.1184481
99.38 3.1199299
99.39 3.1213878
99.4 3.1228457
99.41 3.1243036
99.42 3.1257615
99.43 3.1272194
99.44 3.1286773
99.45 3.1301352
99.46 3.1315931
99.47 3.1330271
99.48 3.134485
99.49 3.1359429
99.5 3.1374008
99.51 3.1388348
99.52 3.1402927
99.53 3.1417506
99.54 3.1431846
99.55 3.1446425
99.56 3.1460765
99.57 3.1475105
99.58 3.1489684
99.59 3.1504024
99.6 3.1518364
99.61 3.1532943
99.62 3.1547283
99.63 3.1561623
99.64 3.1575963
99.65 3.1590303
99.66 3.1604643
99.67 3.1618983
99.68 3.1633323
99.69 3.1647663
99.7 3.1662003
99.71 3.1676104
99.72 3.1690444
99.73 3.1704784
99.74 3.1718885
99.75 3.1733225
99.76 3.1747326
99.77 3.1761666
99.78 3.1775767
99.79 3.1790107
99.8 3.1804208
99.81 3.1818309
99.82 3.1832649
99.83 3.184675
99.84 3.1860851
99.85 3.1874952
99.86 3.1889053
99.87 3.1903154
99.88 3.1917255
99.89 3.1931356
99.9 3.1945457
99.91 3.1959558
99.92 3.1973659
99.93 3.1987521
99.94 3.2001622
99.95 3.2015484
99.96 3.2029585
99.97 3.2043686
99.98 3.2057548
99.99 3.207141
100.0 3.2085511
100.01 3.2099373
100.02 3.2113235
100.03 3.2127097
100.04 3.2141198
100.05 3.215506
100.06 3.2168922
100.07 3.2182784
100.08 3.2196646
100.09 3.2210269
100.1 3.2224131
100.11 3.2237993
100.12 3.2251855
100.13 3.2265478
100.14 3.227934
100.15 3.2292963
100.16 3.2306825
100.17 3.2320448
100.18 3.233431
100.19 3.2347933
100.2 3.2361556
100.21 3.2375179
100.22 3.2389041
100.23 3.2402664
100.24 3.2416287
100.25 3.242991
100.26 3.2443533
100.27 3.2456917
100.28 3.247054
100.29 3.2484163
100.3 3.2497786
100.31 3.251117
100.32 3.2524793
100.33 3.2538177
100.34 3.25518
100.35 3.2565184
100.36 3.2578807
100.37 3.2592191
100.38 3.2605575
100.39 3.2618959
100.4 3.2632343
100.41 3.2645727
100.42 3.2659111
100.43 3.2672495
100.44 3.2685879
100.45 3.2699263
100.46 3.2712408
100.47 3.2725792
100.48 3.2739176
100.49 3.2752321
100.5 3.2765705
100.51 3.277885
100.52 3.2791995
100.53 3.2805379
100.54 3.2818524
100.55 3.2831669
100.56 3.2844814
100.57 3.2857959
100.58 3.2871104
100.59 3.2884249
100.6 3.2897394
100.61 3.2910539
100.62 3.2923445
100.63 3.293659
100.64 3.2949735
100.65 3.2962641
100.66 3.2975786
100.67 3.2988692
100.68 3.3001598
100.69 3.3014504
100.7 3.3027649
100.71 3.3040555
100.72 3.3053461
100.73 3.3066367
100.74 3.3079273
100.75 3.3092179
100.76 3.3104846
100.77 3.3117752
100.78 3.3130658
100.79 3.3143325
100.8 3.3156231
100.81 3.3168898
100.82 3.3181565
100.83 3.3194471
100.84 3.3207138
100.85 3.3219805
100.86 3.3232472
100.87 3.3245139
100.88 3.3257806
100.89 3.3270473
100.9 3.3282901
100.91 3.3295568
100.92 3.3308235
100.93 3.3320663
100.94 3.3333091
100.95 3.3345758
100.96 3.3358186
100.97 3.3370614
100.98 3.3383042
100.99 3.339547
101.0 3.3407898
101.01 3.3420326
101.02 3.3432754
101.03 3.3444943
101.04 3.3457371
101.05 3.3469799
101.06 3.3481988
101.07 3.3494177
101.08 3.3506605
101.09 3.3518794
101.1 3.3530983
101.11 3.3543172
101.12 3.3555361
101.13 3.356755
101.14 3.35795
101.15 3.3591689
101.16 3.3603639
101.17 3.3615828
101.18 3.3627778
101.19 3.3639967
101.2 3.3651917
101.21 3.3663867
101.22 3.3675817
101.23 3.3687767
101.24 3.3699478
101.25 3.3711428
101.26 3.3723378
101.27 3.3735089
101.28 3.3747039
101.29 3.375875
101.3 3.3770461
101.31 3.3782172
101.32 3.3793883
101.33 3.3805594
101.34 3.3817305
101.35 3.3829016
101.36 3.3840727
101.37 3.3852199
101.38 3.386391
101.39 3.3875382
101.4 3.3886854
101.41 3.3898326
101.42 3.3909798
101.43 3.392127
101.44 3.3932742
101.45 3.3944214
101.46 3.3955447
101.47 3.3966919
101.48 3.3978152
101.49 3.3989385
101.5 3.4000857
101.51 3.401209
101.52 3.4023323
101.53 3.4034317
101.54 3.404555
101.55 3.4056783
101.56 3.4067777
101.57 3.407901
101.58 3.4090004
101.59 3.4100998
101.6 3.4111992
101.61 3.4122986
101.62 3.413398
101.63 3.4144974
101.64 3.4155729
101.65 3.4166723
101.66 3.4177478
101.67 3.4188472
101.68 3.4199227
101.69 3.4209982
101.7 3.4220737
101.71 3.4231492
101.72 3.4242008
101.73 3.4252763
101.74 3.4263279
101.75 3.4274034
101.76 3.428455
101.77 3.4295066
101.78 3.4305582
101.79 3.4316098
101.8 3.4326375
101.81 3.4336891
101.82 3.4347407
101.83 3.4357684
101.84 3.4367961
101.85 3.4378238
101.86 3.4388515
101.87 3.4398792
101.88 3.4409069
101.89 3.4419107
101.9 3.4429384
101.91 3.4439422
101.92 3.4449699
101.93 3.4459737
101.94 3.4469775
101.95 3.4479813
101.96 3.4489612
101.97 3.449965
101.98 3.4509449
101.99 3.4519487
102.0 3.4529286
102.01 3.4539085
102.02 3.4548884
102.03 3.4558683
102.04 3.4568243
102.05 3.4578042
102.06 3.4587602
102.07 3.4597162
102.08 3.4606961
102.09 3.4616521
102.1 3.4625842
102.11 3.4635402
102.12 3.4644962
102.13 3.4654283
102.14 3.4663843
102.15 3.4673164
102.16 3.4682485
102.17 3.4691806
102.18 3.4700888
102.19 3.4710209
102.2 3.471953
102.21 3.4728612
102.22 3.4737694
102.23 3.4746776
102.24 3.4755858
102.25 3.476494
102.26 3.4773783
102.27 3.4782865
102.28 3.4791708
102.29 3.4800551
102.3 3.4809633
102.31 3.4818237
102.32 3.482708
102.33 3.4835923
102.34 3.4844527
102.35 3.485337
102.36 3.4861974
102.37 3.4870578
102.38 3.4879182
102.39 3.4887547
102.4 3.4896151
102.41 3.4904516
102.42 3.491312
102.43 3.4921485
102.44 3.492985
102.45 3.4938215
102.46 3.4946341
102.47 3.4954706
102.48 3.4962832
102.49 3.4970958
102.5 3.4979084
102.51 3.498721
102.52 3.4995336
102.53 3.5003462
102.54 3.5011349
102.55 3.5019236
102.56 3.5027123
102.57 3.503501
102.58 3.5042897
102.59 3.5050784
102.6 3.5058432
102.61 3.5066319
102.62 3.5073967
102.63 3.5081615
102.64 3.5089263
102.65 3.5096672
102.66 3.510432
102.67 3.5111729
102.68 3.5119138
102.69 3.5126547
102.7 3.5133956
102.71 3.5141365
102.72 3.5148774
102.73 3.5155944
102.74 3.5163114
102.75 3.5170284
102.76 3.5177454
102.77 3.5184624
102.78 3.5191555
102.79 3.5198725
102.8 3.5205656
102.81 3.5212587
102.82 3.5219518
102.83 3.5226449
102.84 3.5233141
102.85 3.5239833
102.86 3.5246764
102.87 3.5253456
102.88 3.5259909
102.89 3.5266601
102.9 3.5273293
102.91 3.5279746
102.92 3.5286199
102.93 3.5292652
102.94 3.5299105
102.95 3.5305558
102.96 3.5311772
102.97 3.5317986
102.98 3.53242
102.99 3.5330414
103.0 3.5336628
103.01 3.5342842
103.02 3.5348817
103.03 3.5354792
103.04 3.5360767
103.05 3.5366742
103.06 3.5372717
103.07 3.5378453
103.08 3.5384189
103.09 3.5390164
103.1 3.53959
103.11 3.5401397
103.12 3.5407133
103.13 3.541263
103.14 3.5418127
103.15 3.5423624
103.16 3.5429121
103.17 3.5434618
103.18 3.5439876
103.19 3.5445373
103.2 3.5450631
103.21 3.5455889
103.22 3.5460908
103.23 3.5466166
103.24 3.5471185
103.25 3.5476204
103.26 3.5481223
103.27 3.5486242
103.28 3.5491261
103.29 3.5496041
103.3 3.5500821
103.31 3.5505601
103.32 3.5510381
103.33 3.5515161
103.34 3.5519702
103.35 3.5524243
103.36 3.5528784
103.37 3.5533325
103.38 3.5537866
103.39 3.5542168
103.4 3.5546709
103.41 3.5551011
103.42 3.5555074
103.43 3.5559376
103.44 3.5563678
103.45 3.5567741
103.46 3.5571804
103.47 3.5575867
103.48 3.5579691
103.49 3.5583754
103.5 3.5587578
103.51 3.5591402
103.52 3.5595226
103.53 3.559905
103.54 3.5602635
103.55 3.560622
103.56 3.5609805
103.57 3.561339
103.58 3.5616975
103.59 3.5620321
103.6 3.5623906
103.61 3.5627252
103.62 3.5630359
103.63 3.5633705
103.64 3.5636812
103.65 3.5640158
103.66 3.5643265
103.67 3.5646133
103.68 3.564924
103.69 3.5652108
103.7 3.5654976
103.71 3.5657844
103.72 3.5660712
103.73 3.5663341
103.74 3.5666209
103.75 3.5668838
103.76 3.5671467
103.77 3.5673857
103.78 3.5676486
103.79 3.5678876
103.8 3.5681266
103.81 3.5683656
103.82 3.5686046
103.83 3.5688197
103.84 3.5690348
103.85 3.5692499
103.86 3.569465
103.87 3.5696562
103.88 3.5698713
103.89 3.5700625
103.9 3.5702537
103.91 3.5704449
103.92 3.5706122
103.93 3.5707795
103.94 3.5709707
103.95 3.571138
103.96 3.5712814
103.97 3.5714487
103.98 3.5715921
103.99 3.5717355
104.0 3.5718789
104.01 3.5720223
104.02 3.5721418
104.03 3.5722852
104.04 3.5724047
104.05 3.5725242
104.06 3.5726198
104.07 3.5727393
104.08 3.5728349
104.09 3.5729305
104.1 3.5730261
104.11 3.5731217
104.12 3.5731934
104.13 3.5732651
104.14 3.5733607
104.15 3.5734085
104.16 3.5734802
104.17 3.5735519
104.18 3.5735997
104.19 3.5736475
104.2 3.5736953
104.21 3.5737431
104.22 3.573767
104.23 3.5738148
104.24 3.5738387
104.25 3.5738626
104.26 3.5738626
104.27 3.5738865
104.28 3.5738865
104.29 3.5738865
104.3 3.5738865
104.31 3.5738865
104.32 3.5738865
104.33 3.5738626
104.34 3.5738387
104.35 3.5738148
104.36 3.5737909
104.37 3.573767
104.38 3.5737192
104.39 3.5736953
104.4 3.5736475
104.41 3.5735997
104.42 3.573528
104.43 3.5734802
104.44 3.5734085
104.45 3.5733368
104.46 3.5732651
104.47 3.5731934
104.48 3.5730978
104.49 3.5730261
104.5 3.5729305
104.51 3.5728349
104.52 3.5727393
104.53 3.5726437
104.54 3.5725242
104.55 3.5724047
104.56 3.5722852
104.57 3.5721657
104.58 3.5720462
104.59 3.5719267
104.6 3.5717833
104.61 3.5716399
104.62 3.5714965
104.63 3.5713531
104.64 3.5712097
104.65 3.5710424
104.66 3.5708751
104.67 3.5707078
104.68 3.5705405
104.69 3.5703732
104.7 3.5702059
104.71 3.5700147
104.72 3.5698235
104.73 3.5696323
104.74 3.5694411
104.75 3.5692499
104.76 3.5690348
104.77 3.5688436
104.78 3.5686285
104.79 3.5684134
104.8 3.5681983
104.81 3.5679593
104.82 3.5677442
104.83 3.5675052
104.84 3.5672662
104.85 3.5670272
104.86 3.5667882
104.87 3.5665492
104.88 3.5662863
104.89 3.5660234
104.9 3.5657605
104.91 3.5654976
104.92 3.5652347
104.93 3.5649718
104.94 3.564685
104.95 3.5643982
104.96 3.5641114
104.97 3.5638246
104.98 3.5635378
104.99 3.5632271
105.0 3.5629403
105.01 3.5626296
105.02 3.5623189
105.03 3.5620082
105.04 3.5616975
105.05 3.5613629
105.06 3.5610522
105.07 3.5607176
105.08 3.560383
105.09 3.5600484
105.1 3.5597138
105.11 3.5593553
105.12 3.5590207
105.13 3.5586622
105.14 3.5583037
105.15 3.5579452
105.16 3.5575867
105.17 3.5572043
105.18 3.5568458
105.19 3.5564634
105.2 3.556081
105.21 3.5556986
105.22 3.5553162
105.23 3.5549099
105.24 3.5545275
105.25 3.5541212
105.26 3.5537149
105.27 3.5533086
105.28 3.5529023
105.29 3.552496
105.3 3.5520658
105.31 3.5516595
105.32 3.5512293
105.33 3.5507991
105.34 3.5503689
105.35 3.5499387
105.36 3.5494846
105.37 3.5490544
105.38 3.5486003
105.39 3.5481462
105.4 3.5476921
105.41 3.547238
105.42 3.5467839
105.43 3.5463059
105.44 3.5458279
105.45 3.5453738
105.46 3.5448958
105.47 3.5444178
105.48 3.5439159
105.49 3.5434379
105.5 3.542936
105.51 3.542458
105.52 3.5419561
105.53 3.5414542
105.54 3.5409523
105.55 3.5404504
105.56 3.5399246
105.57 3.5394227
105.58 3.5388969
105.59 3.5383711
105.6 3.5378453
105.61 3.5373195
105.62 3.5367698
105.63 3.536244
105.64 3.5356943
105.65 3.5351685
105.66 3.5346188
105.67 3.5340691
105.68 3.5335194
105.69 3.5329458
105.7 3.5323961
105.71 3.5318225
105.72 3.5312489
105.73 3.5306992
105.74 3.5301256
105.75 3.5295281
105.76 3.5289545
105.77 3.5283809
105.78 3.5277834
105.79 3.5271859
105.8 3.5265884
105.81 3.5259909
105.82 3.5253934
105.83 3.5247959
105.84 3.5241984
105.85 3.523577
105.86 3.5229556
105.87 3.5223581
105.88 3.5217367
105.89 3.5210914
105.9 3.52047
105.91 3.5198486
105.92 3.5192033
105.93 3.5185819
105.94 3.5179366
105.95 3.5172913
105.96 3.516646
105.97 3.5160007
105.98 3.5153315
105.99 3.5146862
106.0 3.514017
106.01 3.5133717
106.02 3.5127025
106.03 3.5120333
106.04 3.5113641
106.05 3.5106949
106.06 3.5100018
106.07 3.5093326
106.08 3.5086395
106.09 3.5079464
106.1 3.5072533
106.11 3.5065602
106.12 3.5058671
106.13 3.505174
106.14 3.5044809
106.15 3.5037639
106.16 3.5030708
106.17 3.5023538
106.18 3.5016368
106.19 3.5009198
106.2 3.5002028
106.21 3.4994619
106.22 3.4987449
106.23 3.4980279
106.24 3.497287
106.25 3.4965461
106.26 3.4958052
106.27 3.4950643
106.28 3.4943234
106.29 3.4935825
106.3 3.4928416
106.31 3.4920768
106.32 3.491312
106.33 3.4905711
106.34 3.4898063
106.35 3.4890415
106.36 3.4882767
106.37 3.4875119
106.38 3.4867232
106.39 3.4859584
106.4 3.4851697
106.41 3.4844049
106.42 3.4836162
106.43 3.4828275
106.44 3.4820388
106.45 3.4812501
106.46 3.4804614
106.47 3.4796488
106.48 3.4788601
106.49 3.4780475
106.5 3.4772588
106.51 3.4764462
106.52 3.4756336
106.53 3.474821
106.54 3.4740084
106.55 3.4731958
106.56 3.4723593
106.57 3.4715467
106.58 3.4707102
106.59 3.4698976
106.6 3.4690611
106.61 3.4682246
106.62 3.4673881
106.63 3.4665516
106.64 3.4657151
106.65 3.4648547
106.66 3.4640182
106.67 3.4631578
106.68 3.4623213
106.69 3.4614609
106.7 3.4606005
106.71 3.4597401
106.72 3.4588797
106.73 3.4580193
106.74 3.4571589
106.75 3.4562985
106.76 3.4554142
106.77 3.4545538
106.78 3.4536695
106.79 3.4527852
106.8 3.4519248
106.81 3.4510405
106.82 3.4501562
106.83 3.449248
106.84 3.4483637
106.85 3.4474794
106.86 3.4465951
106.87 3.4456869
106.88 3.4447787
106.89 3.4438944
106.9 3.4429862
106.91 3.442078
106.92 3.4411698
106.93 3.4402616
106.94 3.4393534
106.95 3.4384452
106.96 3.4375131
106.97 3.4366049
106.98 3.4356728
106.99 3.4347646
107.0 3.4338325
107.01 3.4329004
107.02 3.4319683
107.03 3.4310601
107.04 3.4301041
107.05 3.429172
107.06 3.4282399
107.07 3.4273078
107.08 3.4263518
107.09 3.4254197
107.1 3.4244637
107.11 3.4235316
107.12 3.4225756
107.13 3.4216196
107.14 3.4206636
107.15 3.4197076
107.16 3.4187516
107.17 3.4177956
107.18 3.4168396
107.19 3.4158836
107.2 3.4149037
107.21 3.4139477
107.22 3.4129678
107.23 3.4120118
107.24 3.4110319
107.25 3.410052
107.26 3.4090721
107.27 3.4080922
107.28 3.4071123
107.29 3.4061324
107.3 3.4051525
107.31 3.4041726
107.32 3.4031927
107.33 3.4021889
107.34 3.401209
107.35 3.4002052
107.36 3.3992253
107.37 3.3982215
107.38 3.3972177
107.39 3.3962378
107.4 3.395234
107.41 3.3942302
107.42 3.3932264
107.43 3.3922226
107.44 3.3911949
107.45 3.3901911
107.46 3.3891873
107.47 3.3881835
107.48 3.3871558
107.49 3.386152
107.5 3.3851243
107.51 3.3840966
107.52 3.3830928
107.53 3.3820651
107.54 3.3810374
107.55 3.3800097
107.56 3.378982
107.57 3.3779543
107.58 3.3769266
107.59 3.3758989
107.6 3.3748712
107.61 3.3738435
107.62 3.3727919
107.63 3.3717642
107.64 3.3707365
107.65 3.3696849
107.66 3.3686572
107.67 3.3676056
107.68 3.366554
107.69 3.3655024
107.7 3.3644747
107.71 3.3634231
107.72 3.3623715
107.73 3.3613199
107.74 3.3602683
107.75 3.3592167
107.76 3.3581651
107.77 3.3571135
107.78 3.356038
107.79 3.3549864
107.8 3.3539348
107.81 3.3528593
107.82 3.3518077
107.83 3.3507322
107.84 3.3496806
107.85 3.3486051
107.86 3.3475535
107.87 3.346478
107.88 3.3454025
107.89 3.344327
107.9 3.3432754
107.91 3.3421999
107.92 3.3411244
107.93 3.3400489
107.94 3.3389734
107.95 3.3378979
107.96 3.3368224
107.97 3.3357469
107.98 3.3346475
107.99 3.333572
108.0 3.3324965
108.01 3.3313971
108.02 3.3303216
108.03 3.3292461
108.04 3.3281467
108.05 3.3270712
108.06 3.3259718
108.07 3.3248963
108.08 3.3237969
108.09 3.3226975
108.1 3.321622
108.11 3.3205226
108.12 3.3194232
108.13 3.3183238
108.14 3.3172483
108.15 3.3161489
108.16 3.3150495
108.17 3.3139501
108.18 3.3128507
108.19 3.3117513
108.2 3.3106519
108.21 3.3095525
108.22 3.3084531
108.23 3.3073298
108.24 3.3062304
108.25 3.305131
108.26 3.3040316
108.27 3.3029083
108.28 3.3018089
108.29 3.3007095
108.3 3.2995862
108.31 3.2984868
108.32 3.2973874
108.33 3.2962641
108.34 3.2951647
108.35 3.2940414
108.36 3.292942
108.37 3.2918187
108.38 3.2906954
108.39 3.289596
108.4 3.2884727
108.41 3.2873733
108.42 3.28625
108.43 3.2851267
108.44 3.2840034
108.45 3.282904
108.46 3.2817807
108.47 3.2806574
108.48 3.2795341
108.49 3.2784108
108.5 3.2773114
108.51 3.2761881
108.52 3.2750648
108.53 3.2739415
108.54 3.2728182
108.55 3.2716949
108.56 3.2705716
108.57 3.2694483
108.58 3.268325
108.59 3.2672017
108.6 3.2660784
108.61 3.2649551
108.62 3.2638318
108.63 3.2627085
108.64 3.2615852
108.65 3.2604619
108.66 3.2593147
108.67 3.2581914
108.68 3.2570681
108.69 3.2559448
108.7 3.2548215
108.71 3.2536982
108.72 3.252551
108.73 3.2514277
108.74 3.2503044
108.75 3.2491811
108.76 3.2480578
108.77 3.2469106
108.78 3.2457873
108.79 3.244664
108.8 3.2435407
108.81 3.2423935
108.82 3.2412702
108.83 3.2401469
108.84 3.2390236
108.85 3.2378764
108.86 3.2367531
108.87 3.2356298
108.88 3.2344826
108.89 3.2333593
108.9 3.232236
108.91 3.2311127
108.92 3.2299655
108.93 3.2288422
108.94 3.2277189
108.95 3.2265717
108.96 3.2254484
108.97 3.2243251
108.98 3.2231779
108.99 3.2220546
109.0 3.2209313
109.01 3.219808
109.02 3.2186608
109.03 3.2175375
109.04 3.2164142
109.05 3.215267
109.06 3.2141437
109.07 3.2130204
109.08 3.2118971
109.09 3.2107499
109.1 3.2096266
109.11 3.2085033
109.12 3.20738
109.13 3.2062567
109.14 3.2051095
109.15 3.2039862
109.16 3.2028629
109.17 3.2017396
109.18 3.2006163
109.19 3.1994691
109.2 3.1983458
109.21 3.1972225
109.22 3.1960992
109.23 3.1949759
109.24 3.1938526
109.25 3.1927293
109.26 3.191606
109.27 3.1904827
109.28 3.1893594
109.29 3.1882361
109.3 3.1871128
109.31 3.1859895
109.32 3.1848662
109.33 3.1837429
109.34 3.1826196
109.35 3.1814963
109.36 3.180373
109.37 3.1792497
109.38 3.1781264
109.39 3.177027
109.4 3.1759037
109.41 3.1747804
109.42 3.1736571
109.43 3.1725338
109.44 3.1714344
109.45 3.1703111
109.46 3.1691878
109.47 3.1680884
109.48 3.1669651
109.49 3.1658418
109.5 3.1647424
109.51 3.1636191
109.52 3.1625197
109.53 3.1613964
109.54 3.160297
109.55 3.1591737
109.56 3.1580743
109.57 3.1569749
109.58 3.1558516
109.59 3.1547522
109.6 3.1536528
109.61 3.1525295
109.62 3.1514301
109.63 3.1503307
109.64 3.1492313
109.65 3.1481319
109.66 3.1470325
109.67 3.1459331
109.68 3.1448337
109.69 3.1437343
109.7 3.1426349
109.71 3.1415355
109.72 3.1404361
109.73 3.1393367
109.74 3.1382373
109.75 3.1371379
109.76 3.1360624
109.77 3.134963
109.78 3.1338636
109.79 3.1327881
109.8 3.1316887
109.81 3.1305893
109.82 3.1295138
109.83 3.1284144
109.84 3.1273389
109.85 3.1262634
109.86 3.125164
109.87 3.1240885
109.88 3.123013
109.89 3.1219375
109.9 3.1208381
109.91 3.1197626
109.92 3.1186871
109.93 3.1176116
109.94 3.1165361
109.95 3.1154606
109.96 3.1143851
109.97 3.1133096
109.98 3.1122341
109.99 3.1111825
110.0 3.110107
110.01 3.1090315
110.02 3.107956
110.03 3.1069044
110.04 3.1058289
110.05 3.1047773
110.06 3.1037018
110.07 3.1026502
110.08 3.1015747
110.09 3.1005231
110.1 3.0994715
110.11 3.098396
110.12 3.0973444
110.13 3.0962928
110.14 3.0952412
110.15 3.0941896
110.16 3.093138
110.17 3.0920864
110.18 3.0910348
110.19 3.0899832
110.2 3.0889316
110.21 3.08788
110.22 3.0868284
110.23 3.0857768
110.24 3.0847491
110.25 3.0836975
110.26 3.0826459
110.27 3.0816182
110.28 3.0805666
110.29 3.0795389
110.3 3.0784873
110.31 3.0774596
110.32 3.0764319
110.33 3.0753803
110.34 3.0743526
110.35 3.0733249
110.36 3.0722972
110.37 3.0712695
110.38 3.0702418
110.39 3.0692141
110.4 3.0681864
110.41 3.0671587
110.42 3.066131
110.43 3.0651033
110.44 3.0640756
110.45 3.0630479
110.46 3.0620441
110.47 3.0610164
110.48 3.0599887
110.49 3.0589849
110.5 3.0579572
110.51 3.0569534
110.52 3.0559257
110.53 3.0549219
110.54 3.0539181
110.55 3.0528904
110.56 3.0518866
110.57 3.0508828
110.58 3.049879
110.59 3.0488752
110.6 3.0478714
110.61 3.0468676
110.62 3.0458638
110.63 3.04486
110.64 3.0438562
110.65 3.0428524
110.66 3.0418486
110.67 3.0408687
110.68 3.0398649
110.69 3.0388611
110.7 3.0378812
110.71 3.0368774
110.72 3.0358975
110.73 3.0348937
110.74 3.0339138
110.75 3.0329339
110.76 3.031954
110.77 3.0309502
110.78 3.0299703
110.79 3.0289904
110.8 3.0280105
110.81 3.0270306
110.82 3.0260507
110.83 3.0250708
110.84 3.0240909
110.85 3.023111
110.86 3.022155
110.87 3.0211751
110.88 3.0201952
110.89 3.0192153
110.9 3.0182593
110.91 3.0172794
110.92 3.0163234
110.93 3.0153435
110.94 3.0143875
110.95 3.0134315
110.96 3.0124516
110.97 3.0114956
110.98 3.0105396
110.99 3.0095836
111.0 3.0086276
111.01 3.0076716
111.02 3.0067156
111.03 3.0057596
111.04 3.0048036
111.05 3.0038476
111.06 3.0028916
111.07 3.0019356
111.08 3.0009796
111.09 3.0000475
111.1 2.9990915
111.11 2.9981594
111.12 2.9972034
111.13 2.9962474
111.14 2.9953153
111.15 2.9943832
111.16 2.9934272
111.17 2.9924951
111.18 2.991563
111.19 2.990607
111.2 2.9896749
111.21 2.9887428
111.22 2.9878107
111.23 2.9868786
111.24 2.9859465
111.25 2.9850144
111.26 2.9840823
111.27 2.9831502
111.28 2.9822181
111.29 2.9813099
111.3 2.9803778
111.31 2.9794457
111.32 2.9785136
111.33 2.9776054
111.34 2.9766733
111.35 2.9757651
111.36 2.974833
111.37 2.9739248
111.38 2.9730166
111.39 2.9720845
111.4 2.9711763
111.41 2.9702681
111.42 2.969336
111.43 2.9684278
111.44 2.9675196
111.45 2.9666114
111.46 2.9657032
111.47 2.964795
111.48 2.9638868
111.49 2.9629786
111.5 2.9620704
111.51 2.9611861
111.52 2.9602779
111.53 2.9593697
111.54 2.9584615
111.55 2.9575772
111.56 2.956669
111.57 2.9557608
111.58 2.9548765
111.59 2.9539683
111.6 2.953084
111.61 2.9521997
111.62 2.9512915
111.63 2.9504072
111.64 2.9495229
111.65 2.9486147
111.66 2.9477304
111.67 2.9468461
111.68 2.9459618
111.69 2.9450775
111.7 2.9441932
111.71 2.9433089
111.72 2.9424246
111.73 2.9415403
111.74 2.940656
111.75 2.9397717
111.76 2.9389113
111.77 2.938027
111.78 2.9371427
111.79 2.9362584
111.8 2.935398
111.81 2.9345137
111.82 2.9336533
111.83 2.932769
111.84 2.9319086
111.85 2.9310243
111.86 2.9301639
111.87 2.9293035
111.88 2.9284192
111.89 2.9275588
111.9 2.9266984
111.91 2.925838
111.92 2.9249537
111.93 2.9240933
111.94 2.9232329
111.95 2.9223725
111.96 2.9215121
111.97 2.9206517
111.98 2.9197913
111.99 2.9189548
112.0 2.9180944
112.01 2.917234
112.02 2.9163736
112.03 2.9155132
112.04 2.9146767
112.05 2.9138163
112.06 2.9129559
112.07 2.9121194
112.08 2.911259
112.09 2.9104225
112.1 2.9095621
112.11 2.9087256
112.12 2.9078891
112.13 2.9070287
112.14 2.9061922
112.15 2.9053557
112.16 2.9044953
112.17 2.9036588
112.18 2.9028223
112.19 2.9019858
112.2 2.9011493
112.21 2.9003128
112.22 2.8994763
112.23 2.8986398
112.24 2.8978033
112.25 2.8969668
112.26 2.8961303
112.27 2.8952938
112.28 2.8944573
112.29 2.8936447
112.3 2.8928082
112.31 2.8919717
112.32 2.8911352
112.33 2.8903226
112.34 2.8894861
112.35 2.8886735
112.36 2.887837
112.37 2.8870244
112.38 2.8861879
112.39 2.8853753
112.4 2.8845388
112.41 2.8837262
112.42 2.8829136
112.43 2.8820771
112.44 2.8812645
112.45 2.8804519
112.46 2.8796393
112.47 2.8788267
112.48 2.8780141
112.49 2.8772015
112.5 2.876365
112.51 2.8755524
112.52 2.8747398
112.53 2.8739511
112.54 2.8731385
112.55 2.8723259
112.56 2.8715133
112.57 2.8707007
112.58 2.8698881
112.59 2.8690994
112.6 2.8682868
112.61 2.8674742
112.62 2.8666855
112.63 2.8658729
112.64 2.8650603
112.65 2.8642716
112.66 2.863459
112.67 2.8626703
112.68 2.8618577
112.69 2.861069
112.7 2.8602803
112.71 2.8594677
112.72 2.858679
112.73 2.8578903
112.74 2.8570777
112.75 2.856289
112.76 2.8555003
112.77 2.8547116
112.78 2.8539229
112.79 2.8531342
112.8 2.8523455
112.81 2.8515329
112.82 2.8507442
112.83 2.8499555
112.84 2.8491907
112.85 2.848402
112.86 2.8476133
112.87 2.8468246
112.88 2.8460359
112.89 2.8452472
112.9 2.8444824
112.91 2.8436937
112.92 2.842905
112.93 2.8421163
112.94 2.8413515
112.95 2.8405628
112.96 2.839798
112.97 2.8390093
112.98 2.8382206
112.99 2.8374558
113.0 2.836691
113.01 2.8359023
113.02 2.8351375
113.03 2.8343488
113.04 2.833584
113.05 2.8328192
113.06 2.8320305
113.07 2.8312657
113.08 2.8305009
113.09 2.8297361
113.1 2.8289713
113.11 2.8282065
113.12 2.8274178
113.13 2.826653
113.14 2.8258882
113.15 2.8251234
113.16 2.8243586
113.17 2.8235938
113.18 2.8228529
113.19 2.8220881
113.2 2.8213233
113.21 2.8205585
113.22 2.8197937
113.23 2.8190289
113.24 2.818288
113.25 2.8175232
113.26 2.8167584
113.27 2.8160175
113.28 2.8152527
113.29 2.8145118
113.3 2.813747
113.31 2.8130061
113.32 2.8122413
113.33 2.8115004
113.34 2.8107356
113.35 2.8099947
113.36 2.8092299
113.37 2.808489
113.38 2.8077481
113.39 2.8070072
113.4 2.8062424
113.41 2.8055015
113.42 2.8047606
113.43 2.8040197
113.44 2.8032788
113.45 2.8025379
113.46 2.801797
113.47 2.8010561
113.48 2.8003152
113.49 2.7995743
113.5 2.7988334
113.51 2.7980925
113.52 2.7973516
113.53 2.7966107
113.54 2.7958698
113.55 2.7951528
113.56 2.7944119
113.57 2.793671
113.58 2.792954
113.59 2.7922131
113.6 2.7914722
113.61 2.7907552
113.62 2.7900143
113.63 2.7892973
113.64 2.7885564
113.65 2.7878394
113.66 2.7871224
113.67 2.7863815
113.68 2.7856645
113.69 2.7849236
113.7 2.7842066
113.71 2.7834896
113.72 2.7827726
113.73 2.7820556
113.74 2.7813147
113.75 2.7805977
113.76 2.7798807
113.77 2.7791637
113.78 2.7784467
113.79 2.7777297
113.8 2.7770127
113.81 2.7762957
113.82 2.7755787
113.83 2.7748617
113.84 2.7741686
113.85 2.7734516
113.86 2.7727346
113.87 2.7720176
113.88 2.7713245
113.89 2.7706075
113.9 2.7698905
113.91 2.7691974
113.92 2.7684804
113.93 2.7677634
113.94 2.7670703
113.95 2.7663533
113.96 2.7656602
113.97 2.7649671
113.98 2.7642501
113.99 2.763557
114.0 2.7628639
114.01 2.7621469
114.02 2.7614538
114.03 2.7607607
114.04 2.7600676
114.05 2.7593506
114.06 2.7586575
114.07 2.7579644
114.08 2.7572713
114.09 2.7565782
114.1 2.7558851
114.11 2.755192
114.12 2.7544989
114.13 2.7538058
114.14 2.7531127
114.15 2.7524435
114.16 2.7517504
114.17 2.7510573
114.18 2.7503642
114.19 2.749695
114.2 2.7490019
114.21 2.7483088
114.22 2.7476396
114.23 2.7469465
114.24 2.7462534
114.25 2.7455842
114.26 2.7448911
114.27 2.7442219
114.28 2.7435527
114.29 2.7428596
114.3 2.7421904
114.31 2.7415212
114.32 2.7408281
114.33 2.7401589
114.34 2.7394897
114.35 2.7388205
114.36 2.7381274
114.37 2.7374582
114.38 2.736789
114.39 2.7361198
114.4 2.7354506
114.41 2.7347814
114.42 2.7341122
114.43 2.733443
114.44 2.7327738
114.45 2.7321285
114.46 2.7314593
114.47 2.7307901
114.48 2.7301209
114.49 2.7294756
114.5 2.7288064
114.51 2.7281372
114.52 2.7274919
114.53 2.7268227
114.54 2.7261535
114.55 2.7255082
114.56 2.724839
114.57 2.7241937
114.58 2.7235245
114.59 2.7228792
114.6 2.7222339
114.61 2.7215647
114.62 2.7209194
114.63 2.7202741
114.64 2.7196288
114.65 2.7189596
114.66 2.7183143
114.67 2.717669
114.68 2.7170237
114.69 2.7163784
114.7 2.7157331
114.71 2.7150878
114.72 2.7144425
114.73 2.7137972
114.74 2.7131519
114.75 2.7125066
114.76 2.7118852
114.77 2.7112399
114.78 2.7105946
114.79 2.7099493
114.8 2.7093279
114.81 2.7086826
114.82 2.7080373
114.83 2.7074159
114.84 2.7067706
114.85 2.7061492
114.86 2.7055039
114.87 2.7048825
114.88 2.7042372
114.89 2.7036158
114.9 2.7029944
114.91 2.7023491
114.92 2.7017277
114.93 2.7011063
114.94 2.700461
114.95 2.6998396
114.96 2.6992182
114.97 2.6985968
114.98 2.6979754
114.99 2.697354
115.0 2.6967326
115.01 2.6961112
115.02 2.6954898
115.03 2.6948684
115.04 2.694247
115.05 2.6936256
115.06 2.6930281
115.07 2.6924067
115.08 2.6917853
115.09 2.6911639
115.1 2.6905664
115.11 2.689945
115.12 2.6893236
115.13 2.6887261
115.14 2.6881047
115.15 2.6875072
115.16 2.6868858
115.17 2.6862883
115.18 2.6856669
115.19 2.6850694
115.2 2.6844719
115.21 2.6838505
115.22 2.683253
115.23 2.6826555
115.24 2.682058
115.25 2.6814605
115.26 2.680863
115.27 2.6802416
115.28 2.6796441
115.29 2.6790466
115.3 2.6784491
115.31 2.6778516
115.32 2.677278
115.33 2.6766805
115.34 2.676083
115.35 2.6754855
115.36 2.674888
115.37 2.6742905
115.38 2.6737169
115.39 2.6731194
115.4 2.6725219
115.41 2.6719483
115.42 2.6713508
115.43 2.6707772
115.44 2.6701797
115.45 2.6696061
115.46 2.6690086
115.47 2.668435
115.48 2.6678614
115.49 2.6672639
115.5 2.6666903
115.51 2.6661167
115.52 2.6655192
115.53 2.6649456
115.54 2.664372
115.55 2.6637984
115.56 2.6632248
115.57 2.6626512
115.58 2.6620776
115.59 2.661504
115.6 2.6609304
115.61 2.6603568
115.62 2.6597832
115.63 2.6592335
115.64 2.6586599
115.65 2.6580863
115.66 2.6575127
115.67 2.656963
115.68 2.6563894
115.69 2.6558158
115.7 2.6552661
115.71 2.6546925
115.72 2.6541428
115.73 2.6535931
115.74 2.6530195
115.75 2.6524698
115.76 2.6518962
115.77 2.6513465
115.78 2.6507968
115.79 2.6502471
115.8 2.6496974
115.81 2.6491238
115.82 2.6485741
115.83 2.6480244
115.84 2.6474747
115.85 2.646925
115.86 2.6463753
115.87 2.6458495
115.88 2.6452998
115.89 2.6447501
115.9 2.6442004
115.91 2.6436507
115.92 2.6431249
115.93 2.6425752
115.94 2.6420494
115.95 2.6414997
115.96 2.64095
115.97 2.6404242
115.98 2.6398984
115.99 2.6393487
116.0 2.6388229
116.01 2.6382732
116.02 2.6377474
116.03 2.6372216
116.04 2.6366958
116.05 2.63617
116.06 2.6356442
116.07 2.6350945
116.08 2.6345687
116.09 2.6340429
116.1 2.6335171
116.11 2.6329913
116.12 2.6324894
116.13 2.6319636
116.14 2.6314378
116.15 2.630912
116.16 2.6303862
116.17 2.6298843
116.18 2.6293585
116.19 2.6288327
116.2 2.6283308
116.21 2.627805
116.22 2.6273031
116.23 2.6267773
116.24 2.6262754
116.25 2.6257496
116.26 2.6252477
116.27 2.6247458
116.28 2.62422
116.29 2.6237181
116.3 2.6232162
116.31 2.6227143
116.32 2.6222124
116.33 2.6217105
116.34 2.6211847
116.35 2.6206828
116.36 2.6201809
116.37 2.619679
116.38 2.6191771
116.39 2.6186991
116.4 2.6181972
116.41 2.6176953
116.42 2.6171934
116.43 2.6166915
116.44 2.6162135
116.45 2.6157116
116.46 2.6152097
116.47 2.6147317
116.48 2.6142298
116.49 2.6137279
116.5 2.6132499
116.51 2.612748
116.52 2.61227
116.53 2.6117681
116.54 2.6112901
116.55 2.6108121
116.56 2.6103102
116.57 2.6098322
116.58 2.6093542
116.59 2.6088523
116.6 2.6083743
116.61 2.6078963
116.62 2.6074183
116.63 2.6069403
116.64 2.6064623
116.65 2.6059843
116.66 2.6055063
116.67 2.6050283
116.68 2.6045503
116.69 2.6040723
116.7 2.6035943
116.71 2.6031163
116.72 2.6026383
116.73 2.6021603
116.74 2.6016823
116.75 2.6012282
116.76 2.6007502
116.77 2.6002722
116.78 2.5997942
116.79 2.5993401
116.8 2.5988621
116.81 2.598408
116.82 2.59793
116.83 2.597452
116.84 2.5969979
116.85 2.5965199
116.86 2.5960658
116.87 2.5956117
116.88 2.5951337
116.89 2.5946796
116.9 2.5942016
116.91 2.5937475
116.92 2.5932934
116.93 2.5928393
116.94 2.5923613
116.95 2.5919072
116.96 2.5914531
116.97 2.590999
116.98 2.5905449
116.99 2.5900908
117.0 2.5896128
117.01 2.5891587
117.02 2.5887046
117.03 2.5882505
117.04 2.5877964
117.05 2.5873423
117.06 2.5868882
117.07 2.586458
117.08 2.5860039
117.09 2.5855498
117.1 2.5850957
117.11 2.5846416
117.12 2.5841875
117.13 2.5837573
117.14 2.5833032
117.15 2.5828491
117.16 2.582395
117.17 2.5819648
117.18 2.5815107
117.19 2.5810805
117.2 2.5806264
117.21 2.5801723
117.22 2.5797421
117.23 2.579288
117.24 2.5788578
117.25 2.5784037
117.26 2.5779735
117.27 2.5775194
117.28 2.5770892
117.29 2.576659
117.3 2.5762049
117.31 2.5757747
117.32 2.5753206
117.33 2.5748904
117.34 2.5744602
117.35 2.57403
117.36 2.5735759
117.37 2.5731457
117.38 2.5727155
117.39 2.5722853
117.4 2.5718312
117.41 2.571401
117.42 2.5709708
117.43 2.5705406
117.44 2.5701104
117.45 2.5696802
117.46 2.56925
117.47 2.5688198
117.48 2.5683896
117.49 2.5679594
117.5 2.5675292
117.51 2.567099
117.52 2.5666688
117.53 2.5662386
117.54 2.5658084
117.55 2.5653782
117.56 2.564948
117.57 2.5645178
117.58 2.5641115
117.59 2.5636813
117.6 2.5632511
117.61 2.5628209
117.62 2.5623907
117.63 2.5619844
117.64 2.5615542
117.65 2.561124
117.66 2.5606938
117.67 2.5602875
117.68 2.5598573
117.69 2.5594271
117.7 2.5590208
117.71 2.5585906
117.72 2.5581604
117.73 2.5577541
117.74 2.5573239
117.75 2.5569176
117.76 2.5564874
117.77 2.5560811
117.78 2.5556509
117.79 2.5552446
117.8 2.5548144
117.81 2.5544081
117.82 2.5539779
117.83 2.5535716
117.84 2.5531414
117.85 2.5527351
117.86 2.5523049
117.87 2.5518986
117.88 2.5514923
117.89 2.5510621
117.9 2.5506558
117.91 2.5502256
117.92 2.5498193
117.93 2.549413
117.94 2.5489828
117.95 2.5485765
117.96 2.5481702
117.97 2.5477639
117.98 2.5473337
117.99 2.5469274
118.0 2.5465211
118.01 2.5461148
118.02 2.5456846
118.03 2.5452783
118.04 2.544872
118.05 2.5444657
118.06 2.5440594
118.07 2.5436292
118.08 2.5432229
118.09 2.5428166
118.1 2.5424103
118.11 2.542004
118.12 2.5415977
118.13 2.5411914
118.14 2.5407612
118.15 2.5403549
118.16 2.5399486
118.17 2.5395423
118.18 2.539136
118.19 2.5387297
118.2 2.5383234
118.21 2.5379171
118.22 2.5375108
118.23 2.5371045
118.24 2.5366982
118.25 2.5362919
118.26 2.5358856
118.27 2.5354793
118.28 2.535073
118.29 2.5346667
118.3 2.5342604
118.31 2.5338541
118.32 2.5334478
118.33 2.5330415
118.34 2.5326352
118.35 2.5322289
118.36 2.5318226
118.37 2.5314163
118.38 2.53101
118.39 2.5306037
118.4 2.5302213
118.41 2.529815
118.42 2.5294087
118.43 2.5290024
118.44 2.5285961
118.45 2.5281898
118.46 2.5277835
118.47 2.5273772
118.48 2.5269709
118.49 2.5265646
118.5 2.5261822
118.51 2.5257759
118.52 2.5253696
118.53 2.5249633
118.54 2.524557
118.55 2.5241507
118.56 2.5237444
118.57 2.523362
118.58 2.5229557
118.59 2.5225494
118.6 2.5221431
118.61 2.5217368
118.62 2.5213305
118.63 2.5209481
118.64 2.5205418
118.65 2.5201355
118.66 2.5197292
118.67 2.5193229
118.68 2.5189405
118.69 2.5185342
118.7 2.5181279
118.71 2.5177216
118.72 2.5173153
118.73 2.516909
118.74 2.5165266
118.75 2.5161203
118.76 2.515714
118.77 2.5153077
118.78 2.5149014
118.79 2.514519
118.8 2.5141127
118.81 2.5137064
118.82 2.5133001
118.83 2.5128938
118.84 2.5124875
118.85 2.5121051
118.86 2.5116988
118.87 2.5112925
118.88 2.5108862
118.89 2.5104799
118.9 2.5100975
118.91 2.5096912
118.92 2.5092849
118.93 2.5088786
118.94 2.5084723
118.95 2.508066
118.96 2.5076836
118.97 2.5072773
118.98 2.506871
118.99 2.5064647
119.0 2.5060584
119.01 2.5056521
119.02 2.5052697
119.03 2.5048634
119.04 2.5044571
119.05 2.5040508
119.06 2.5036445
119.07 2.5032382
119.08 2.5028319
119.09 2.5024256
119.1 2.5020432
119.11 2.5016369
119.12 2.5012306
119.13 2.5008243
119.14 2.500418
119.15 2.5000117
119.16 2.4996054
119.17 2.4991991
119.18 2.4987928
119.19 2.4984104
119.2 2.4980041
119.21 2.4975978
119.22 2.4971915
119.23 2.4967852
119.24 2.4963789
119.25 2.4959726
119.26 2.4955663
119.27 2.49516
119.28 2.4947537
119.29 2.4943474
119.3 2.4939411
119.31 2.4935348
119.32 2.4931524
119.33 2.4927461
119.34 2.4923398
119.35 2.4919335
119.36 2.4915272
119.37 2.4911209
119.38 2.4907146
119.39 2.4903083
119.4 2.489902
119.41 2.4894957
119.42 2.4890894
119.43 2.4886831
119.44 2.4882768
119.45 2.4878705
119.46 2.4874642
119.47 2.4870579
119.48 2.4866516
119.49 2.4862453
119.5 2.485839
119.51 2.4854327
119.52 2.4850264
119.53 2.4846201
119.54 2.4842138
119.55 2.4838075
119.56 2.4834012
119.57 2.4829949
119.58 2.4825886
119.59 2.4821823
119.6 2.481776
119.61 2.4813697
119.62 2.4809634
119.63 2.4805571
119.64 2.4801508
119.65 2.4797445
119.66 2.4793382
119.67 2.4789319
119.68 2.4785256
119.69 2.4781193
119.7 2.477713
119.71 2.4773067
119.72 2.4769004
119.73 2.4764941
119.74 2.4760878
119.75 2.4756815
119.76 2.4752752
119.77 2.4748689
119.78 2.4744626
119.79 2.4740563
119.8 2.4736261
119.81 2.4732198
119.82 2.4728135
119.83 2.4724072
119.84 2.4720009
119.85 2.4715946
119.86 2.4711883
119.87 2.470782
119.88 2.4703757
119.89 2.4699694
119.9 2.4695631
119.91 2.4691568
119.92 2.4687505
119.93 2.4683442
119.94 2.467914
119.95 2.4675077
119.96 2.4671014
119.97 2.4666951
119.98 2.4662888
119.99 2.4658825
120.0 2.4654762
120.01 2.4650699
120.02 2.4646636
120.03 2.4642573
120.04 2.463851
120.05 2.4634208
120.06 2.4630145
120.07 2.4626082
120.08 2.4622019
120.09 2.4617956
120.1 2.4613893
120.11 2.460983
120.12 2.4605767
120.13 2.4601465
120.14 2.4597402
120.15 2.4593339
120.16 2.4589276
120.17 2.4585213
120.18 2.458115
120.19 2.4577087
120.2 2.4573024
120.21 2.4568722
120.22 2.4564659
120.23 2.4560596
120.24 2.4556533
120.25 2.455247
120.26 2.4548407
120.27 2.4544344
120.28 2.4540042
120.29 2.4535979
120.3 2.4531916
120.31 2.4527853
120.32 2.452379
120.33 2.4519727
120.34 2.4515425
120.35 2.4511362
120.36 2.4507299
120.37 2.4503236
120.38 2.4499173
120.39 2.4494871
120.4 2.4490808
120.41 2.4486745
120.42 2.4482682
120.43 2.4478619
120.44 2.4474317
120.45 2.4470254
120.46 2.4466191
120.47 2.4462128
120.48 2.4458065
120.49 2.4453763
120.5 2.44497
120.51 2.4445637
120.52 2.4441574
120.53 2.4437272
120.54 2.4433209
120.55 2.4429146
120.56 2.4425083
120.57 2.442102
120.58 2.4416718
120.59 2.4412655
120.6 2.4408592
120.61 2.4404529
120.62 2.4400227
120.63 2.4396164
120.64 2.4392101
120.65 2.4387799
120.66 2.4383736
120.67 2.4379673
120.68 2.437561
120.69 2.4371308
120.7 2.4367245
120.71 2.4363182
120.72 2.435888
120.73 2.4354817
120.74 2.4350754
120.75 2.4346691
120.76 2.4342389
120.77 2.4338326
120.78 2.4334263
120.79 2.4329961
120.8 2.4325898
120.81 2.4321835
120.82 2.4317533
120.83 2.431347
120.84 2.4309407
120.85 2.4305105
120.86 2.4301042
120.87 2.4296979
120.88 2.4292677
120.89 2.4288614
120.9 2.4284551
120.91 2.4280249
120.92 2.4276186
120.93 2.4271884
120.94 2.4267821
120.95 2.4263758
120.96 2.4259456
120.97 2.4255393
120.98 2.4251091
120.99 2.4247028
121.0 2.4242965
121.01 2.4238663
121.02 2.42346
121.03 2.4230298
121.04 2.4226235
121.05 2.4222172
121.06 2.421787
121.07 2.4213807
121.08 2.4209505
121.09 2.4205442
121.1 2.420114
121.11 2.4197077
121.12 2.4193014
121.13 2.4188712
121.14 2.4184649
121.15 2.4180347
121.16 2.4176284
121.17 2.4171982
121.18 2.4167919
121.19 2.4163617
121.2 2.4159554
121.21 2.4155252
121.22 2.4151189
121.23 2.4146887
121.24 2.4142824
121.25 2.4138522
121.26 2.4134459
121.27 2.4130157
121.28 2.4126094
121.29 2.4121792
121.3 2.4117729
121.31 2.4113427
121.32 2.4109364
121.33 2.4105062
121.34 2.410076
121.35 2.4096697
121.36 2.4092395
121.37 2.4088332
121.38 2.408403
121.39 2.4079967
121.4 2.4075665
121.41 2.4071363
121.42 2.40673
121.43 2.4062998
121.44 2.4058935
121.45 2.4054633
121.46 2.4050331
121.47 2.4046268
121.48 2.4041966
121.49 2.4037664
121.5 2.4033601
121.51 2.4029299
121.52 2.4025236
121.53 2.4020934
121.54 2.4016632
121.55 2.4012569
121.56 2.4008267
121.57 2.4003965
121.58 2.3999902
121.59 2.39956
121.6 2.3991298
121.61 2.3986996
121.62 2.3982933
121.63 2.3978631
121.64 2.3974329
121.65 2.3970266
121.66 2.3965964
121.67 2.3961662
121.68 2.395736
121.69 2.3953297
121.7 2.3948995
121.71 2.3944693
121.72 2.3940391
121.73 2.3936328
121.74 2.3932026
121.75 2.3927724
121.76 2.3923422
121.77 2.3919359
121.78 2.3915057
121.79 2.3910755
121.8 2.3906453
121.81 2.3902151
121.82 2.3898088
121.83 2.3893786
121.84 2.3889484
121.85 2.3885182
121.86 2.388088
121.87 2.3876578
121.88 2.3872276
121.89 2.3868213
121.9 2.3863911
121.91 2.3859609
121.92 2.3855307
121.93 2.3851005
121.94 2.3846703
121.95 2.3842401
121.96 2.3838099
121.97 2.3834036
121.98 2.3829734
121.99 2.3825432
122.0 2.382113
122.01 2.3816828
122.02 2.3812526
122.03 2.3808224
122.04 2.3803922
122.05 2.379962
122.06 2.3795318
122.07 2.3791016
122.08 2.3786714
122.09 2.3782412
122.1 2.377811
122.11 2.3773808
122.12 2.3769506
122.13 2.3765204
122.14 2.3760902
122.15 2.37566
122.16 2.3752298
122.17 2.3747996
122.18 2.3743694
122.19 2.3739392
122.2 2.373509
122.21 2.3730788
122.22 2.3726486
122.23 2.3722184
122.24 2.3717882
122.25 2.371358
122.26 2.3709278
122.27 2.3704737
122.28 2.3700435
122.29 2.3696133
122.3 2.3691831
122.31 2.3687529
122.32 2.3683227
122.33 2.3678925
122.34 2.3674623
122.35 2.3670321
122.36 2.3666019
122.37 2.3661478
122.38 2.3657176
122.39 2.3652874
122.4 2.3648572
122.41 2.364427
122.42 2.3639968
122.43 2.3635666
122.44 2.3631125
122.45 2.3626823
122.46 2.3622521
122.47 2.3618219
122.48 2.3613917
122.49 2.3609615
122.5 2.3605074
122.51 2.3600772
122.52 2.359647
122.53 2.3592168
122.54 2.3587866
122.55 2.3583564
122.56 2.3579023
122.57 2.3574721
122.58 2.3570419
122.59 2.3566117
122.6 2.3561815
122.61 2.3557274
122.62 2.3552972
122.63 2.354867
122.64 2.3544368
122.65 2.3540066
122.66 2.3535525
122.67 2.3531223
122.68 2.3526921
122.69 2.3522619
122.7 2.3518317
122.71 2.3513776
122.72 2.3509474
122.73 2.3505172
122.74 2.350087
122.75 2.3496329
122.76 2.3492027
122.77 2.3487725
122.78 2.3483423
122.79 2.3479121
122.8 2.347458
122.81 2.3470278
122.82 2.3465976
122.83 2.3461674
122.84 2.3457133
122.85 2.3452831
122.86 2.3448529
122.87 2.3444227
122.88 2.3439925
122.89 2.3435384
122.9 2.3431082
122.91 2.342678
122.92 2.3422478
122.93 2.3417937
122.94 2.3413635
122.95 2.3409333
122.96 2.3405031
122.97 2.3400729
122.98 2.3396188
122.99 2.3391886
123.0 2.3387584
123.01 2.3383282
123.02 2.3378741
123.03 2.3374439
123.04 2.3370137
123.05 2.3365835
123.06 2.3361533
123.07 2.3356992
123.08 2.335269
123.09 2.3348388
123.1 2.3344086
123.11 2.3339784
123.12 2.3335243
123.13 2.3330941
123.14 2.3326639
123.15 2.3322337
123.16 2.3318035
123.17 2.3313494
123.18 2.3309192
123.19 2.330489
123.2 2.3300588
123.21 2.3296286
123.22 2.3291745
123.23 2.3287443
123.24 2.3283141
123.25 2.3278839
123.26 2.3274537
123.27 2.3270235
123.28 2.3265694
123.29 2.3261392
123.3 2.325709
123.31 2.3252788
123.32 2.3248486
123.33 2.3244184
123.34 2.3239882
123.35 2.3235341
123.36 2.3231039
123.37 2.3226737
123.38 2.3222435
123.39 2.3218133
123.4 2.3213831
123.41 2.3209529
123.42 2.3205227
123.43 2.3200686
123.44 2.3196384
123.45 2.3192082
123.46 2.318778
123.47 2.3183478
123.48 2.3179176
123.49 2.3174874
123.5 2.3170572
123.51 2.316627
123.52 2.3161968
123.53 2.3157666
123.54 2.3153364
123.55 2.3149062
123.56 2.3144521
123.57 2.3140219
123.58 2.3135917
123.59 2.3131615
123.6 2.3127313
123.61 2.3123011
123.62 2.3118709
123.63 2.3114407
123.64 2.3110105
123.65 2.3105803
123.66 2.3101501
123.67 2.3097199
123.68 2.3092897
123.69 2.3088595
123.7 2.3084293
123.71 2.308023
123.72 2.3075928
123.73 2.3071626
123.74 2.3067324
123.75 2.3063022
123.76 2.305872
123.77 2.3054418
123.78 2.3050116
123.79 2.3045814
123.8 2.3041512
123.81 2.303721
123.82 2.3032908
123.83 2.3028845
123.84 2.3024543
123.85 2.3020241
123.86 2.3015939
123.87 2.3011637
123.88 2.3007335
123.89 2.3003033
123.9 2.299897
123.91 2.2994668
123.92 2.2990366
123.93 2.2986064
123.94 2.2981762
123.95 2.2977699
123.96 2.2973397
123.97 2.2969095
123.98 2.2964793
123.99 2.296073
124.0 2.2956428
124.01 2.2952126
124.02 2.2947824
124.03 2.2943761
124.04 2.2939459
124.05 2.2935157
124.06 2.2931094
124.07 2.2926792
124.08 2.292249
124.09 2.2918427
124.1 2.2914125
124.11 2.2909823
124.12 2.290576
124.13 2.2901458
124.14 2.2897156
124.15 2.2893093
124.16 2.2888791
124.17 2.2884728
124.18 2.2880426
124.19 2.2876363
124.2 2.2872061
124.21 2.2867759
124.22 2.2863696
124.23 2.2859394
124.24 2.2855331
124.25 2.2851029
124.26 2.2846966
124.27 2.2842664
124.28 2.2838601
124.29 2.2834538
124.3 2.2830236
124.31 2.2826173
124.32 2.2821871
124.33 2.2817808
124.34 2.2813506
124.35 2.2809443
124.36 2.280538
124.37 2.2801078
124.38 2.2797015
124.39 2.2792952
124.4 2.278865
124.41 2.2784587
124.42 2.2780524
124.43 2.2776222
124.44 2.2772159
124.45 2.2768096
124.46 2.2763794
124.47 2.2759731
124.48 2.2755668
124.49 2.2751605
124.5 2.2747542
124.51 2.274324
124.52 2.2739177
124.53 2.2735114
124.54 2.2731051
124.55 2.2726988
124.56 2.2722925
124.57 2.2718623
124.58 2.271456
124.59 2.2710497
124.6 2.2706434
124.61 2.2702371
124.62 2.2698308
124.63 2.2694245
124.64 2.2690182
124.65 2.2686119
124.66 2.2682056
124.67 2.2677993
124.68 2.267393
124.69 2.2669867
124.7 2.2665804
124.71 2.2661741
124.72 2.2657678
124.73 2.2653615
124.74 2.2649552
124.75 2.2645728
124.76 2.2641665
124.77 2.2637602
124.78 2.2633539
124.79 2.2629476
124.8 2.2625413
124.81 2.2621589
124.82 2.2617526
124.83 2.2613463
124.84 2.26094
124.85 2.2605576
124.86 2.2601513
124.87 2.259745
124.88 2.2593387
124.89 2.2589563
124.9 2.25855
124.91 2.2581437
124.92 2.2577613
124.93 2.257355
124.94 2.2569726
124.95 2.2565663
124.96 2.25616
124.97 2.2557776
124.98 2.2553713
124.99 2.2549889
125.0 2.2545826
125.01 2.2542002
125.02 2.2537939
125.03 2.2534115
125.04 2.2530052
125.05 2.2526228
125.06 2.2522165
125.07 2.2518341
125.08 2.2514517
125.09 2.2510454
125.1 2.250663
125.11 2.2502806
125.12 2.2498743
125.13 2.2494919
125.14 2.2491095
125.15 2.2487032
125.16 2.2483208
125.17 2.2479384
125.18 2.247556
125.19 2.2471497
125.2 2.2467673
125.21 2.2463849
125.22 2.2460025
125.23 2.2456201
125.24 2.2452377
125.25 2.2448314
125.26 2.244449
125.27 2.2440666
125.28 2.2436842
125.29 2.2433018
125.3 2.2429194
125.31 2.242537
125.32 2.2421546
125.33 2.2417722
125.34 2.2414137
125.35 2.2410313
125.36 2.2406489
125.37 2.2402665
125.38 2.2398841
125.39 2.2395256
125.4 2.2391432
125.41 2.2387608
125.42 2.2383784
125.43 2.2380199
125.44 2.2376375
125.45 2.2372551
125.46 2.2368966
125.47 2.2365142
125.48 2.2361557
125.49 2.2357733
125.5 2.2354148
125.51 2.2350324
125.52 2.2346739
125.53 2.2343154
125.54 2.233933
125.55 2.2335745
125.56 2.233216
125.57 2.2328336
125.58 2.2324751
125.59 2.2321166
125.6 2.2317581
125.61 2.2313996
125.62 2.2310411
125.63 2.2306826
125.64 2.2303241
125.65 2.2299656
125.66 2.2296071
125.67 2.2292486
125.68 2.2288901
125.69 2.2285316
125.7 2.2281731
125.71 2.2278385
125.72 2.22748
125.73 2.2271215
125.74 2.2267869
125.75 2.2264284
125.76 2.2260699
125.77 2.2257353
125.78 2.2253768
125.79 2.2250422
125.8 2.2246837
125.81 2.2243491
125.82 2.2240145
125.83 2.2236799
125.84 2.2233214
125.85 2.2229868
125.86 2.2226522
125.87 2.2223176
125.88 2.221983
125.89 2.2216484
125.9 2.2213138
125.91 2.2209792
125.92 2.2206446
125.93 2.22031
125.94 2.2199754
125.95 2.2196408
125.96 2.2193301
125.97 2.2189955
125.98 2.2186609
125.99 2.2183502
126.0 2.2180156
126.01 2.2177049
126.02 2.2173703
126.03 2.2170596
126.04 2.2167489
126.05 2.2164143
126.06 2.2161036
126.07 2.2157929
126.08 2.2154822
126.09 2.2151715
126.1 2.2148608
126.11 2.2145501
126.12 2.2142394
126.13 2.2139287
126.14 2.213618
126.15 2.2133073
126.16 2.2130205
126.17 2.2127098
126.18 2.2123991
126.19 2.2121123
126.2 2.2118016
126.21 2.2115148
126.22 2.2112041
126.23 2.2109173
126.24 2.2106305
126.25 2.2103198
126.26 2.210033
126.27 2.2097462
126.28 2.2094594
126.29 2.2091726
126.3 2.2088858
126.31 2.208599
126.32 2.2083122
126.33 2.2080493
126.34 2.2077625
126.35 2.2074757
126.36 2.2072128
126.37 2.206926
126.38 2.2066631
126.39 2.2063763
126.4 2.2061134
126.41 2.2058505
126.42 2.2055637
126.43 2.2053008
126.44 2.2050379
126.45 2.204775
126.46 2.2045121
126.47 2.2042492
126.48 2.2039863
126.49 2.2037473
126.5 2.2034844
126.51 2.2032215
126.52 2.2029825
126.53 2.2027196
126.54 2.2024806
126.55 2.2022177
126.56 2.2019787
126.57 2.2017397
126.58 2.2015007
126.59 2.2012617
126.6 2.2010227
126.61 2.2007837
126.62 2.2005447
126.63 2.2003057
126.64 2.2000667
126.65 2.1998277
126.66 2.1996126
126.67 2.1993736
126.68 2.1991585
126.69 2.1989195
126.7 2.1987044
126.71 2.1984893
126.72 2.1982742
126.73 2.1980352
126.74 2.1978201
126.75 2.197605
126.76 2.1973899
126.77 2.1971987
126.78 2.1969836
126.79 2.1967685
126.8 2.1965773
126.81 2.1963622
126.82 2.196171
126.83 2.1959559
126.84 2.1957647
126.85 2.1955735
126.86 2.1953823
126.87 2.1951911
126.88 2.1949999
126.89 2.1948087
126.9 2.1946175
126.91 2.1944263
126.92 2.194259
126.93 2.1940678
126.94 2.1939005
126.95 2.1937093
126.96 2.193542
126.97 2.1933747
126.98 2.1931835
126.99 2.1930162
127.0 2.1928489
127.01 2.1926816
127.02 2.1925382
127.03 2.1923709
127.04 2.1922036
127.05 2.1920602
127.06 2.1918929
127.07 2.1917495
127.08 2.1915822
127.09 2.1914388
127.1 2.1912954
127.11 2.191152
127.12 2.1910086
127.13 2.1908652
127.14 2.1907218
127.15 2.1905784
127.16 2.1904589
127.17 2.1903155
127.18 2.190196
127.19 2.1900526
127.2 2.1899331
127.21 2.1898136
127.22 2.1896941
127.23 2.1895746
127.24 2.1894551
127.25 2.1893356
127.26 2.18924
127.27 2.1891205
127.28 2.189001
127.29 2.1889054
127.3 2.1888098
127.31 2.1886903
127.32 2.1885947
127.33 2.1884991
127.34 2.1884035
127.35 2.1883079
127.36 2.1882123
127.37 2.1881406
127.38 2.188045
127.39 2.1879733
127.4 2.1878777
127.41 2.187806
127.42 2.1877343
127.43 2.1876626
127.44 2.1875909
127.45 2.1875192
127.46 2.1874475
127.47 2.1873758
127.48 2.187328
127.49 2.1872563
127.5 2.1872085
127.51 2.1871368
127.52 2.187089
127.53 2.1870412
127.54 2.1869934
127.55 2.1869456
127.56 2.1868978
127.57 2.1868739
127.58 2.1868261
127.59 2.1868022
127.6 2.1867544
127.61 2.1867305
127.62 2.1867066
127.63 2.1866827
127.64 2.1866588
127.65 2.1866349
127.66 2.186611
127.67 2.186611
127.68 2.1865871
127.69 2.1865871
127.7 2.1865632
127.71 2.1865632
127.72 2.1865632
127.73 2.1865632
127.74 2.1865632
127.75 2.1865632
127.76 2.1865871
127.77 2.1865871
127.78 2.186611
127.79 2.186611
127.8 2.1866349
127.81 2.1866588
127.82 2.1866827
127.83 2.1867066
127.84 2.1867305
127.85 2.1867783
127.86 2.1868022
127.87 2.18685
127.88 2.1868739
127.89 2.1869217
127.9 2.1869695
127.91 2.1870173
127.92 2.1870651
127.93 2.1871368
127.94 2.1871846
127.95 2.1872324
127.96 2.1873041
127.97 2.1873758
127.98 2.1874475
127.99 2.1875192
128.0 2.1875909
128.01 2.1876626
128.02 2.1877343
128.03 2.1878299
128.04 2.1879016
128.05 2.1879972
128.06 2.1880928
128.07 2.1881884
128.08 2.188284
128.09 2.1883796
128.1 2.1884752
128.11 2.1885947
128.12 2.1886903
128.13 2.1888098
128.14 2.1889054
128.15 2.1890249
128.16 2.1891444
128.17 2.1892878
128.18 2.1894073
128.19 2.1895268
128.2 2.1896702
128.21 2.1897897
128.22 2.1899331
128.23 2.1900765
128.24 2.1902199
128.25 2.1903633
128.26 2.1905067
128.27 2.190674
128.28 2.1908174
128.29 2.1909847
128.3 2.1911281
128.31 2.1912954
128.32 2.1914627
128.33 2.19163
128.34 2.1917973
128.35 2.1919885
128.36 2.1921558
128.37 2.192347
128.38 2.1925143
128.39 2.1927055
128.4 2.1928967
128.41 2.1930879
128.42 2.1932791
128.43 2.1934703
128.44 2.1936615
128.45 2.1938766
128.46 2.1940678
128.47 2.1942829
128.48 2.1944741
128.49 2.1946892
128.5 2.1949043
128.51 2.1951194
128.52 2.1953345
128.53 2.1955735
128.54 2.1957886
128.55 2.1960037
128.56 2.1962427
128.57 2.1964817
128.58 2.1966968
128.59 2.1969358
128.6 2.1971748
128.61 2.1974138
128.62 2.1976767
128.63 2.1979157
128.64 2.1981547
128.65 2.1984176
128.66 2.1986566
128.67 2.1989195
128.68 2.1991824
128.69 2.1994453
128.7 2.1997082
128.71 2.1999711
128.72 2.200234
128.73 2.2004969
128.74 2.2007837
128.75 2.2010466
128.76 2.2013334
128.77 2.2016202
128.78 2.2018831
128.79 2.2021699
128.8 2.2024567
128.81 2.2027435
128.82 2.2030303
128.83 2.203341
128.84 2.2036278
128.85 2.2039146
128.86 2.2042253
128.87 2.2045121
128.88 2.2048228
128.89 2.2051335
128.9 2.2054442
128.91 2.2057549
128.92 2.2060656
128.93 2.2063763
128.94 2.206687
128.95 2.2070216
128.96 2.2073323
128.97 2.207643
128.98 2.2079776
128.99 2.2083122
129.0 2.2086229
129.01 2.2089575
129.02 2.2092921
129.03 2.2096267
129.04 2.2099613
129.05 2.2102959
129.06 2.2106544
129.07 2.210989
129.08 2.2113236
129.09 2.2116821
129.1 2.2120406
129.11 2.2123752
129.12 2.2127337
129.13 2.2130922
129.14 2.2134507
129.15 2.2138092
129.16 2.2141677
129.17 2.2145262
129.18 2.2148847
129.19 2.2152432
129.2 2.2156256
129.21 2.2159841
129.22 2.2163665
129.23 2.216725
129.24 2.2171074
129.25 2.2174898
129.26 2.2178483
129.27 2.2182307
129.28 2.2186131
129.29 2.2189955
129.3 2.2193779
129.31 2.2197842
129.32 2.2201666
129.33 2.220549
129.34 2.2209314
129.35 2.2213377
129.36 2.2217201
129.37 2.2221264
129.38 2.2225327
129.39 2.2229151
129.4 2.2233214
129.41 2.2237277
129.42 2.224134
129.43 2.2245403
129.44 2.2249466
129.45 2.2253529
129.46 2.2257831
129.47 2.2261894
129.48 2.2265957
129.49 2.2270259
129.5 2.2274322
129.51 2.2278624
129.52 2.2282687
129.53 2.2286989
129.54 2.2291291
129.55 2.2295354
129.56 2.2299656
129.57 2.2303958
129.58 2.230826
129.59 2.2312562
129.6 2.2316864
129.61 2.2321166
129.62 2.2325707
129.63 2.2330009
129.64 2.2334311
129.65 2.2338852
129.66 2.2343154
129.67 2.2347695
129.68 2.2351997
129.69 2.2356538
129.7 2.2361079
129.71 2.2365381
129.72 2.2369922
129.73 2.2374463
129.74 2.2379004
129.75 2.2383545
129.76 2.2388086
129.77 2.2392627
129.78 2.2397168
129.79 2.2401948
129.8 2.2406489
129.81 2.241103
129.82 2.241581
129.83 2.2420351
129.84 2.2424892
129.85 2.2429672
129.86 2.2434452
129.87 2.2438993
129.88 2.2443773
129.89 2.2448553
129.9 2.2453094
129.91 2.2457874
129.92 2.2462654
129.93 2.2467434
129.94 2.2472214
129.95 2.2476994
129.96 2.2481774
129.97 2.2486554
129.98 2.2491573
129.99 2.2496353
130.0 2.2501133
130.01 2.2505913
130.02 2.2510932
130.03 2.2515712
130.04 2.2520731
130.05 2.2525511
130.06 2.253053
130.07 2.253531
130.08 2.2540329
130.09 2.2545348
130.1 2.2550367
130.11 2.2555147
130.12 2.2560166
130.13 2.2565185
130.14 2.2570204
130.15 2.2575223
130.16 2.2580242
130.17 2.2585261
130.18 2.259028
130.19 2.2595299
130.2 2.2600318
130.21 2.2605337
130.22 2.2610595
130.23 2.2615614
130.24 2.2620633
130.25 2.2625891
130.26 2.263091
130.27 2.2636168
130.28 2.2641187
130.29 2.2646445
130.3 2.2651464
130.31 2.2656722
130.32 2.2661741
130.33 2.2666999
130.34 2.2672257
130.35 2.2677276
130.36 2.2682534
130.37 2.2687792
130.38 2.269305
130.39 2.2698308
130.4 2.2703327
130.41 2.2708585
130.42 2.2713843
130.43 2.2719101
130.44 2.2724359
130.45 2.2729617
130.46 2.2735114
130.47 2.2740372
130.48 2.274563
130.49 2.2750888
130.5 2.2756146
130.51 2.2761404
130.52 2.2766901
130.53 2.2772159
130.54 2.2777417
130.55 2.2782914
130.56 2.2788172
130.57 2.279343
130.58 2.2798927
130.59 2.2804185
130.6 2.2809682
130.61 2.281494
130.62 2.2820437
130.63 2.2825934
130.64 2.2831192
130.65 2.2836689
130.66 2.2841947
130.67 2.2847444
130.68 2.2852941
130.69 2.2858199
130.7 2.2863696
130.71 2.2869193
130.72 2.287469
130.73 2.2879948
130.74 2.2885445
130.75 2.2890942
130.76 2.2896439
130.77 2.2901936
130.78 2.2907433
130.79 2.291293
130.8 2.2918427
130.81 2.2923924
130.82 2.2929421
130.83 2.2934918
130.84 2.2940415
130.85 2.2945912
130.86 2.2951409
130.87 2.2956906
130.88 2.2962403
130.89 2.29679
130.9 2.2973397
130.91 2.2978894
130.92 2.2984391
130.93 2.2989888
130.94 2.2995624
130.95 2.3001121
130.96 2.3006618
130.97 2.3012115
130.98 2.3017612
130.99 2.3023348
131.0 2.3028845
131.01 2.3034342
131.02 2.3039839
131.03 2.3045575
131.04 2.3051072
131.05 2.3056569
131.06 2.3062305
131.07 2.3067802
131.08 2.3073299
131.09 2.3079035
131.1 2.3084532
131.11 2.3090029
131.12 2.3095765
131.13 2.3101262
131.14 2.3106759
131.15 2.3112495
131.16 2.3117992
131.17 2.3123728
131.18 2.3129225
131.19 2.3134722
131.2 2.3140458
131.21 2.3145955
131.22 2.3151691
131.23 2.3157188
131.24 2.3162924
131.25 2.3168421
131.26 2.3174157
131.27 2.3179654
131.28 2.3185151
131.29 2.3190887
131.3 2.3196384
131.31 2.320212
131.32 2.3207617
131.33 2.3213353
131.34 2.321885
131.35 2.3224586
131.36 2.3230083
131.37 2.3235819
131.38 2.3241316
131.39 2.3247052
131.4 2.3252549
131.41 2.3258285
131.42 2.3263782
131.43 2.3269518
131.44 2.3275015
131.45 2.3280751
131.46 2.3286248
131.47 2.3291984
131.48 2.3297481
131.49 2.3303217
131.5 2.3308714
131.51 2.331445
131.52 2.3319947
131.53 2.3325683
131.54 2.333118
131.55 2.3336916
131.56 2.3342413
131.57 2.3348149
131.58 2.3353646
131.59 2.3359382
131.6 2.3364879
131.61 2.3370615
131.62 2.3376112
131.63 2.3381848
131.64 2.3387345
131.65 2.3393081
131.66 2.3398578
131.67 2.3404314
131.68 2.3409811
131.69 2.3415547
131.7 2.3421044
131.71 2.342678
131.72 2.3432277
131.73 2.3438013
131.74 2.344351
131.75 2.3449246
131.76 2.3454743
131.77 2.3460479
131.78 2.3465976
131.79 2.3471712
131.8 2.3477209
131.81 2.3482945
131.82 2.3488442
131.83 2.3494178
131.84 2.3499675
131.85 2.3505411
131.86 2.3510908
131.87 2.3516644
131.88 2.3522141
131.89 2.3527638
131.9 2.3533374
131.91 2.3538871
131.92 2.3544607
131.93 2.3550104
131.94 2.355584
131.95 2.3561337
131.96 2.3567073
131.97 2.357257
131.98 2.3578067
131.99 2.3583803
132.0 2.35893
132.01 2.3595036
132.02 2.3600533
132.03 2.360603
132.04 2.3611766
132.05 2.3617263
132.06 2.362276
132.07 2.3628496
132.08 2.3633993
132.09 2.3639729
132.1 2.3645226
132.11 2.3650723
132.12 2.3656459
132.13 2.3661956
132.14 2.3667453
132.15 2.367295
132.16 2.3678686
132.17 2.3684183
132.18 2.368968
132.19 2.3695416
132.2 2.3700913
132.21 2.370641
132.22 2.3711907
132.23 2.3717643
132.24 2.372314
132.25 2.3728637
132.26 2.3734134
132.27 2.373987
132.28 2.3745367
132.29 2.3750864
132.3 2.3756361
132.31 2.3761858
132.32 2.3767355
132.33 2.3773091
132.34 2.3778588
132.35 2.3784085
132.36 2.3789582
132.37 2.3795079
132.38 2.3800576
132.39 2.3806073
132.4 2.381157
132.41 2.3817067
132.42 2.3822564
132.43 2.38283
132.44 2.3833797
132.45 2.3839294
132.46 2.3844791
132.47 2.3850288
132.48 2.3855785
132.49 2.3861282
132.5 2.3866779
132.51 2.3872276
132.52 2.3877534
132.53 2.3883031
132.54 2.3888528
132.55 2.3894025
132.56 2.3899522
132.57 2.3905019
132.58 2.3910516
132.59 2.3916013
132.6 2.392151
132.61 2.3926768
132.62 2.3932265
132.63 2.3937762
132.64 2.3943259
132.65 2.3948756
132.66 2.3954014
132.67 2.3959511
132.68 2.3965008
132.69 2.3970505
132.7 2.3975763
132.71 2.398126
132.72 2.3986757
132.73 2.3992015
132.74 2.3997512
132.75 2.4003009
132.76 2.4008267
132.77 2.4013764
132.78 2.4019022
132.79 2.4024519
132.8 2.4029777
132.81 2.4035274
132.82 2.4040771
132.83 2.4046029
132.84 2.4051526
132.85 2.4056784
132.86 2.4062042
132.87 2.4067539
132.88 2.4072797
132.89 2.4078294
132.9 2.4083552
132.91 2.4089049
132.92 2.4094307
132.93 2.4099565
132.94 2.4105062
132.95 2.411032
132.96 2.4115578
132.97 2.4120836
132.98 2.4126333
132.99 2.4131591
133.0 2.4136849
133.01 2.4142107
133.02 2.4147365
133.03 2.4152862
133.04 2.415812
133.05 2.4163378
133.06 2.4168636
133.07 2.4173894
133.08 2.4179152
133.09 2.418441
133.1 2.4189668
133.11 2.4194926
133.12 2.4200184
133.13 2.4205442
133.14 2.42107
133.15 2.4215958
133.16 2.4221216
133.17 2.4226474
133.18 2.4231732
133.19 2.4236751
133.2 2.4242009
133.21 2.4247267
133.22 2.4252525
133.23 2.4257783
133.24 2.4262802
133.25 2.426806
133.26 2.4273318
133.27 2.4278337
133.28 2.4283595
133.29 2.4288853
133.3 2.4293872
133.31 2.429913
133.32 2.4304149
133.33 2.4309407
133.34 2.4314426
133.35 2.4319684
133.36 2.4324703
133.37 2.4329961
133.38 2.433498
133.39 2.4340238
133.4 2.4345257
133.41 2.4350276
133.42 2.4355534
133.43 2.4360553
133.44 2.4365572
133.45 2.437083
133.46 2.4375849
133.47 2.4380868
133.48 2.4385887
133.49 2.4390906
133.5 2.4395925
133.51 2.4401183
133.52 2.4406202
133.53 2.4411221
133.54 2.441624
133.55 2.4421259
133.56 2.4426278
133.57 2.4431297
133.58 2.4436316
133.59 2.4441096
133.6 2.4446115
133.61 2.4451134
133.62 2.4456153
133.63 2.4461172
133.64 2.4466191
133.65 2.4470971
133.66 2.447599
133.67 2.4481009
133.68 2.4485789
133.69 2.4490808
133.7 2.4495827
133.71 2.4500607
133.72 2.4505626
133.73 2.4510406
133.74 2.4515425
133.75 2.4520205
133.76 2.4525224
133.77 2.4530004
133.78 2.4534784
133.79 2.4539803
133.8 2.4544583
133.81 2.4549363
133.82 2.4554382
133.83 2.4559162
133.84 2.4563942
133.85 2.4568722
133.86 2.4573741
133.87 2.4578521
133.88 2.4583301
133.89 2.4588081
133.9 2.4592861
133.91 2.4597641
133.92 2.4602421
133.93 2.4607201
133.94 2.4611981
133.95 2.4616761
133.96 2.4621302
133.97 2.4626082
133.98 2.4630862
133.99 2.4635642
134.0 2.4640183
134.01 2.4644963
134.02 2.4649743
134.03 2.4654284
134.04 2.4659064
134.05 2.4663844
134.06 2.4668385
134.07 2.4673165
134.08 2.4677706
134.09 2.4682486
134.1 2.4687027
134.11 2.4691568
134.12 2.4696348
134.13 2.4700889
134.14 2.470543
134.15 2.471021
134.16 2.4714751
134.17 2.4719292
134.18 2.4723833
134.19 2.4728374
134.2 2.4732915
134.21 2.4737456
134.22 2.4741997
134.23 2.4746538
134.24 2.4751079
134.25 2.475562
134.26 2.4760161
134.27 2.4764702
134.28 2.4769243
134.29 2.4773545
134.3 2.4778086
134.31 2.4782627
134.32 2.4787168
134.33 2.479147
134.34 2.4796011
134.35 2.4800313
134.36 2.4804854
134.37 2.4809156
134.38 2.4813697
134.39 2.4817999
134.4 2.482254
134.41 2.4826842
134.42 2.4831144
134.43 2.4835685
134.44 2.4839987
134.45 2.4844289
134.46 2.4848591
134.47 2.4852893
134.48 2.4857195
134.49 2.4861497
134.5 2.4865799
134.51 2.4870101
134.52 2.4874403
134.53 2.4878705
134.54 2.4883007
134.55 2.4887309
134.56 2.4891611
134.57 2.4895674
134.58 2.4899976
134.59 2.4904278
134.6 2.4908341
134.61 2.4912643
134.62 2.4916706
134.63 2.4921008
134.64 2.4925071
134.65 2.4929373
134.66 2.4933436
134.67 2.4937499
134.68 2.4941801
134.69 2.4945864
134.7 2.4949927
134.71 2.495399
134.72 2.4958053
134.73 2.4962116
134.74 2.4966179
134.75 2.4970242
134.76 2.4974305
134.77 2.4978368
134.78 2.4982431
134.79 2.4986494
134.8 2.4990557
134.81 2.4994381
134.82 2.4998444
134.83 2.5002507
134.84 2.5006331
134.85 2.5010394
134.86 2.5014218
134.87 2.5018281
134.88 2.5022105
134.89 2.5026168
134.9 2.5029992
134.91 2.5033816
134.92 2.503764
134.93 2.5041464
134.94 2.5045527
134.95 2.5049351
134.96 2.5053175
134.97 2.5056999
134.98 2.5060823
134.99 2.5064647
135.0 2.5068232
135.01 2.5072056
135.02 2.507588
135.03 2.5079704
135.04 2.5083289
135.05 2.5087113
135.06 2.5090937
135.07 2.5094522
135.08 2.5098346
135.09 2.5101931
135.1 2.5105516
135.11 2.510934
135.12 2.5112925
135.13 2.511651
135.14 2.5120095
135.15 2.512368
135.16 2.5127265
135.17 2.513085
135.18 2.5134435
135.19 2.513802
135.2 2.5141605
135.21 2.514519
135.22 2.5148775
135.23 2.5152121
135.24 2.5155706
135.25 2.5159291
135.26 2.5162637
135.27 2.5166222
135.28 2.5169568
135.29 2.5173153
135.3 2.5176499
135.31 2.5179845
135.32 2.518343
135.33 2.5186776
135.34 2.5190122
135.35 2.5193468
135.36 2.5196814
135.37 2.520016
135.38 2.5203506
135.39 2.5206852
135.4 2.5209959
135.41 2.5213305
135.42 2.5216651
135.43 2.5219997
135.44 2.5223104
135.45 2.522645
135.46 2.5229557
135.47 2.5232903
135.48 2.523601
135.49 2.5239117
135.5 2.5242463
135.51 2.524557
135.52 2.5248677
135.53 2.5251784
135.54 2.5254891
135.55 2.5257998
135.56 2.5261105
135.57 2.5264212
135.58 2.526708
135.59 2.5270187
135.6 2.5273294
135.61 2.5276162
135.62 2.5279269
135.63 2.5282376
135.64 2.5285244
135.65 2.5288112
135.66 2.5291219
135.67 2.5294087
135.68 2.5296955
135.69 2.5299823
135.7 2.5302691
135.71 2.5305559
135.72 2.5308427
135.73 2.5311295
135.74 2.5314163
135.75 2.5317031
135.76 2.5319899
135.77 2.5322528
135.78 2.5325396
135.79 2.5328025
135.8 2.5330893
135.81 2.5333522
135.82 2.533639
135.83 2.5339019
135.84 2.5341648
135.85 2.5344277
135.86 2.5346906
135.87 2.5349535
135.88 2.5352164
135.89 2.5354793
135.9 2.5357422
135.91 2.5360051
135.92 2.536268
135.93 2.536507
135.94 2.5367699
135.95 2.5370089
135.96 2.5372718
135.97 2.5375108
135.98 2.5377737
135.99 2.5380127
136.0 2.5382517
136.01 2.5384907
136.02 2.5387297
136.03 2.5389687
136.04 2.5392077
136.05 2.5394467
136.06 2.5396857
136.07 2.5399247
136.08 2.5401398
136.09 2.5403788
136.1 2.5406178
136.11 2.5408329
136.12 2.541048
136.13 2.541287
136.14 2.5415021
136.15 2.5417172
136.16 2.5419323
136.17 2.5421474
136.18 2.5423625
136.19 2.5425776
136.2 2.5427927
136.21 2.5430078
136.22 2.5432229
136.23 2.5434141
136.24 2.5436292
136.25 2.5438204
136.26 2.5440355
136.27 2.5442267
136.28 2.5444418
136.29 2.544633
136.3 2.5448242
136.31 2.5450154
136.32 2.5452066
136.33 2.5453978
136.34 2.545589
136.35 2.5457802
136.36 2.5459475
136.37 2.5461387
136.38 2.5463299
136.39 2.5464972
136.4 2.5466884
136.41 2.5468557
136.42 2.547023
136.43 2.5471903
136.44 2.5473815
136.45 2.5475488
136.46 2.5477161
136.47 2.5478834
136.48 2.5480268
136.49 2.5481941
136.5 2.5483614
136.51 2.5485287
136.52 2.5486721
136.53 2.5488394
136.54 2.5489828
136.55 2.5491262
136.56 2.5492935
136.57 2.5494369
136.58 2.5495803
136.59 2.5497237
136.6 2.5498671
136.61 2.5500105
136.62 2.55013
136.63 2.5502734
136.64 2.5504168
136.65 2.5505363
136.66 2.5506797
136.67 2.5507992
136.68 2.5509426
136.69 2.5510621
136.7 2.5511816
136.71 2.5513011
136.72 2.5514206
136.73 2.5515401
136.74 2.5516596
136.75 2.5517791
136.76 2.5518986
136.77 2.5519942
136.78 2.5521137
136.79 2.5522093
136.8 2.5523288
136.81 2.5524244
136.82 2.55252
136.83 2.5526156
136.84 2.5527112
136.85 2.5528068
136.86 2.5529024
136.87 2.552998
136.88 2.5530936
136.89 2.5531653
136.9 2.5532609
136.91 2.5533565
136.92 2.5534282
136.93 2.5534999
136.94 2.5535955
136.95 2.5536672
136.96 2.5537389
136.97 2.5538106
136.98 2.5538823
136.99 2.553954
137.0 2.5540018
137.01 2.5540735
137.02 2.5541452
137.03 2.554193
137.04 2.5542647
137.05 2.5543125
137.06 2.5543603
137.07 2.5544081
137.08 2.5544559
137.09 2.5545037
137.1 2.5545515
137.11 2.5545993
137.12 2.5546471
137.13 2.5546949
137.14 2.5547188
137.15 2.5547666
137.16 2.5547905
137.17 2.5548144
137.18 2.5548622
137.19 2.5548861
137.2 2.55491
137.21 2.5549339
137.22 2.5549578
137.23 2.5549578
137.24 2.5549817
137.25 2.5550056
137.26 2.5550056
137.27 2.5550295
137.28 2.5550295
137.29 2.5550295
137.3 2.5550534
137.31 2.5550534
137.32 2.5550534
137.33 2.5550534
137.34 2.5550295
137.35 2.5550295
137.36 2.5550295
137.37 2.5550056
137.38 2.5550056
137.39 2.5549817
137.4 2.5549578
137.41 2.5549578
137.42 2.5549339
137.43 2.55491
137.44 2.5548861
137.45 2.5548622
137.46 2.5548383
137.47 2.5547905
137.48 2.5547666
137.49 2.5547427
137.5 2.5546949
137.51 2.5546471
137.52 2.5546232
137.53 2.5545754
137.54 2.5545276
137.55 2.5544798
137.56 2.554432
137.57 2.5543842
137.58 2.5543364
137.59 2.5542886
137.6 2.5542169
137.61 2.5541691
137.62 2.5541213
137.63 2.5540496
137.64 2.5539779
137.65 2.5539301
137.66 2.5538584
137.67 2.5537867
137.68 2.553715
137.69 2.5536433
137.7 2.5535716
137.71 2.5534999
137.72 2.5534282
137.73 2.5533326
137.74 2.5532609
137.75 2.5531892
137.76 2.5530936
137.77 2.552998
137.78 2.5529263
137.79 2.5528307
137.8 2.5527351
137.81 2.5526395
137.82 2.5525439
137.83 2.5524483
137.84 2.5523527
137.85 2.5522571
137.86 2.5521615
137.87 2.5520659
137.88 2.5519464
137.89 2.5518508
137.9 2.5517313
137.91 2.5516357
137.92 2.5515162
137.93 2.5514206
137.94 2.5513011
137.95 2.5511816
137.96 2.5510621
137.97 2.5509426
137.98 2.5508231
137.99 2.5507036
138.0 2.5505841
138.01 2.5504646
138.02 2.5503212
138.03 2.5502017
138.04 2.5500822
138.05 2.5499388
138.06 2.5498193
138.07 2.5496759
138.08 2.5495325
138.09 2.549413
138.1 2.5492696
138.11 2.5491262
138.12 2.5489828
138.13 2.5488394
138.14 2.548696
138.15 2.5485526
138.16 2.5484092
138.17 2.5482658
138.18 2.5481224
138.19 2.5479551
138.2 2.5478117
138.21 2.5476683
138.22 2.547501
138.23 2.5473576
138.24 2.5471903
138.25 2.5470469
138.26 2.5468796
138.27 2.5467123
138.28 2.546545
138.29 2.5464016
138.3 2.5462343
138.31 2.546067
138.32 2.5458997
138.33 2.5457324
138.34 2.5455651
138.35 2.5453739
138.36 2.5452066
138.37 2.5450393
138.38 2.544872
138.39 2.5446808
138.4 2.5445135
138.41 2.5443223
138.42 2.544155
138.43 2.5439638
138.44 2.5437965
138.45 2.5436053
138.46 2.5434141
138.47 2.5432468
138.48 2.5430556
138.49 2.5428644
138.5 2.5426732
138.51 2.542482
138.52 2.5422908
138.53 2.5420996
138.54 2.5419084
138.55 2.5417172
138.56 2.541526
138.57 2.5413348
138.58 2.5411436
138.59 2.5409285
138.6 2.5407373
138.61 2.5405461
138.62 2.540331
138.63 2.5401398
138.64 2.5399247
138.65 2.5397335
138.66 2.5395184
138.67 2.5393272
138.68 2.5391121
138.69 2.538897
138.7 2.5387058
138.71 2.5384907
138.72 2.5382756
138.73 2.5380605
138.74 2.5378693
138.75 2.5376542
138.76 2.5374391
138.77 2.537224
138.78 2.5370089
138.79 2.5367938
138.8 2.5365787
138.81 2.5363636
138.82 2.5361485
138.83 2.5359334
138.84 2.5357183
138.85 2.5355032
138.86 2.5352642
138.87 2.5350491
138.88 2.534834
138.89 2.5346189
138.9 2.5343799
138.91 2.5341648
138.92 2.5339497
138.93 2.5337107
138.94 2.5334956
138.95 2.5332805
138.96 2.5330415
138.97 2.5328264
138.98 2.5325874
138.99 2.5323723
139.0 2.5321333
139.01 2.5319182
139.02 2.5316792
139.03 2.5314641
139.04 2.5312251
139.05 2.5309861
139.06 2.530771
139.07 2.530532
139.08 2.530293
139.09 2.5300779
139.1 2.5298389
139.11 2.5295999
139.12 2.5293848
139.13 2.5291458
139.14 2.5289068
139.15 2.5286678
139.16 2.5284527
139.17 2.5282137
139.18 2.5279747
139.19 2.5277357
139.2 2.5274967
139.21 2.5272816
139.22 2.5270426
139.23 2.5268036
139.24 2.5265646
139.25 2.5263256
139.26 2.5260866
139.27 2.5258715
139.28 2.5256325
139.29 2.5253935
139.3 2.5251545
139.31 2.5249155
139.32 2.5246765
139.33 2.5244375
139.34 2.5241985
139.35 2.5239595
139.36 2.5237205
139.37 2.5235054
139.38 2.5232664
139.39 2.5230274
139.4 2.5227884
139.41 2.5225494
139.42 2.5223104
139.43 2.5220714
139.44 2.5218324
139.45 2.5215934
139.46 2.5213544
139.47 2.5211393
139.48 2.5209003
139.49 2.5206613
139.5 2.5204223
139.51 2.5201833
139.52 2.5199443
139.53 2.5197053
139.54 2.5194663
139.55 2.5192512
139.56 2.5190122
139.57 2.5187732
139.58 2.5185342
139.59 2.5182952
139.6 2.5180801
139.61 2.5178411
139.62 2.5176021
139.63 2.5173631
139.64 2.517148
139.65 2.516909
139.66 2.51667
139.67 2.516431
139.68 2.5162159
139.69 2.5159769
139.7 2.5157379
139.71 2.5155228
139.72 2.5152838
139.73 2.5150448
139.74 2.5148297
139.75 2.5145907
139.76 2.5143756
139.77 2.5141366
139.78 2.5139215
139.79 2.5136825
139.8 2.5134674
139.81 2.5132284
139.82 2.5130133
139.83 2.5127743
139.84 2.5125592
139.85 2.5123441
139.86 2.5121051
139.87 2.51189
139.88 2.5116749
139.89 2.5114359
139.9 2.5112208
139.91 2.5110057
139.92 2.5107906
139.93 2.5105516
139.94 2.5103365
139.95 2.5101214
139.96 2.5099063
139.97 2.5096912
139.98 2.5094761
139.99 2.509261
140.0 2.5090459
140.01 2.5088308
140.02 2.5086157
140.03 2.5084006
140.04 2.5082094
140.05 2.5079943
140.06 2.5077792
140.07 2.5075641
140.08 2.507349
140.09 2.5071578
140.1 2.5069427
140.11 2.5067515
140.12 2.5065364
140.13 2.5063452
140.14 2.5061301
140.15 2.5059389
140.16 2.5057238
140.17 2.5055326
140.18 2.5053175
140.19 2.5051263
140.2 2.5049351
140.21 2.5047439
140.22 2.5045527
140.23 2.5043376
140.24 2.5041464
140.25 2.5039552
140.26 2.503764
140.27 2.5035728
140.28 2.5034055
140.29 2.5032143
140.3 2.5030231
140.31 2.5028319
140.32 2.5026407
140.33 2.5024734
140.34 2.5022822
140.35 2.5021149
140.36 2.5019237
140.37 2.5017564
140.38 2.5015652
140.39 2.5013979
140.4 2.5012067
140.41 2.5010394
140.42 2.5008721
140.43 2.5007048
140.44 2.5005375
140.45 2.5003702
140.46 2.5002029
140.47 2.5000356
140.48 2.4998922
140.49 2.4997249
140.5 2.4995815
140.51 2.4994142
140.52 2.4992708
140.53 2.4991274
140.54 2.4989601
140.55 2.4988167
140.56 2.4986733
140.57 2.4985538
140.58 2.4984104
140.59 2.498267
140.6 2.4981475
140.61 2.4980041
140.62 2.4978846
140.63 2.4977651
140.64 2.4976456
140.65 2.4975261
140.66 2.4974305
140.67 2.497311
140.68 2.4971915
140.69 2.4970959
140.7 2.4970003
140.71 2.4969047
140.72 2.4968091
140.73 2.4967135
140.74 2.4966418
140.75 2.4965462
140.76 2.4964745
140.77 2.4964028
140.78 2.4963311
140.79 2.4962594
140.8 2.4961877
140.81 2.4961399
140.82 2.4960921
140.83 2.4960443
140.84 2.4959965
140.85 2.4959487
140.86 2.4959009
140.87 2.495877
140.88 2.4958531
140.89 2.4958292
140.9 2.4958053
140.91 2.4958053
140.92 2.4957814
140.93 2.4957814
140.94 2.4957814
140.95 2.4957814
140.96 2.4958053
140.97 2.4958053
140.98 2.4958292
140.99 2.4958531
141.0 2.4959009
141.01 2.4959248
141.02 2.4959726
141.03 2.4960204
141.04 2.4960682
141.05 2.4961399
141.06 2.4961877
141.07 2.4962594
141.08 2.496355
141.09 2.4964267
141.1 2.4965223
141.11 2.4966179
141.12 2.4967135
141.13 2.4968091
141.14 2.4969286
141.15 2.4970481
141.16 2.4971676
141.17 2.497311
141.18 2.4974305
141.19 2.4975978
141.2 2.4977412
141.21 2.4978846
141.22 2.4980519
141.23 2.4982431
141.24 2.4984104
141.25 2.4986016
141.26 2.4987928
141.27 2.498984
141.28 2.4991991
141.29 2.4994142
141.3 2.4996293
141.31 2.4998444
141.32 2.5000834
141.33 2.5003224
141.34 2.5005853
141.35 2.5008482
141.36 2.5011111
141.37 2.501374
141.38 2.5016608
141.39 2.5019476
141.4 2.5022344
141.41 2.5025451
141.42 2.5028558
141.43 2.5031904
141.44 2.5035011
141.45 2.5038357
141.46 2.5041942
141.47 2.5045527
141.48 2.5049112
141.49 2.5052697
141.5 2.5056521
141.51 2.5060345
141.52 2.5064408
141.53 2.5068471
141.54 2.5072534
141.55 2.5076836
141.56 2.5081138
141.57 2.508544
141.58 2.5089981
141.59 2.5094522
141.6 2.5099302
141.61 2.5103843
141.62 2.5108862
141.63 2.5113642
141.64 2.51189
141.65 2.5123919
141.66 2.5129177
141.67 2.5134435
141.68 2.5139932
141.69 2.5145429
141.7 2.5151165
141.71 2.5156662
141.72 2.5162637
141.73 2.5168612
141.74 2.5174587
141.75 2.5180562
141.76 2.5186776
141.77 2.5193229
141.78 2.5199682
141.79 2.5206135
141.8 2.5212827
141.81 2.5219519
141.82 2.5226211
141.83 2.5233381
141.84 2.5240312
141.85 2.5247482
141.86 2.5254652
141.87 2.5262061
141.88 2.5269709
141.89 2.5277118
141.9 2.5285005
141.91 2.5292653
141.92 2.5300779
141.93 2.5308666
141.94 2.5316792
141.95 2.5325157
141.96 2.5333522
141.97 2.5342126
141.98 2.535073
141.99 2.5359334
142.0 2.5368177
142.01 2.5377259
142.02 2.5386341
142.03 2.5395423
142.04 2.5404744
142.05 2.5414304
142.06 2.5423864
142.07 2.5433424
142.08 2.5443223
142.09 2.5453261
142.1 2.5463299
142.11 2.5473576
142.12 2.5483853
142.13 2.549413
142.14 2.5504646
142.15 2.5515401
142.16 2.5526156
142.17 2.553715
142.18 2.5548144
142.19 2.5559377
142.2 2.5570849
142.21 2.5582082
142.22 2.5593793
142.23 2.5605504
142.24 2.5617454
142.25 2.5629404
142.26 2.5641354
142.27 2.5653782
142.28 2.5665971
142.29 2.5678638
142.3 2.5691305
142.31 2.5703972
142.32 2.5716878
142.33 2.5730023
142.34 2.5743168
142.35 2.5756552
142.36 2.5769936
142.37 2.5783559
142.38 2.5797421
142.39 2.5811283
142.4 2.5825384
142.41 2.5839485
142.42 2.5853825
142.43 2.5868404
142.44 2.5882983
142.45 2.5897801
142.46 2.5912619
142.47 2.5927676
142.48 2.5942972
142.49 2.5958268
142.5 2.5973803
142.51 2.5989577
142.52 2.6005351
142.53 2.6021364
142.54 2.6037377
142.55 2.6053629
142.56 2.607012
142.57 2.6086611
142.58 2.6103341
142.59 2.612031
142.6 2.6137279
142.61 2.6154487
142.62 2.6171695
142.63 2.6189381
142.64 2.6206828
142.65 2.6224753
142.66 2.6242678
142.67 2.6260842
142.68 2.6279245
142.69 2.6297648
142.7 2.631629
142.71 2.6334932
142.72 2.6354052
142.73 2.6373172
142.74 2.6392292
142.75 2.6411651
142.76 2.6431488
142.77 2.6451086
142.78 2.6471162
142.79 2.6491238
142.8 2.6511553
142.81 2.6531868
142.82 2.6552422
142.83 2.6573215
142.84 2.6594247
142.85 2.6615279
142.86 2.663655
142.87 2.665806
142.88 2.6679809
142.89 2.6701558
142.9 2.6723546
142.91 2.6745773
142.92 2.6768
142.93 2.6790466
142.94 2.6813171
142.95 2.6836115
142.96 2.6859059
142.97 2.6882242
142.98 2.6905664
142.99 2.6929325
143.0 2.6952986
143.01 2.6977125
143.02 2.7001264
143.03 2.7025403
143.04 2.705002
143.05 2.7074637
143.06 2.7099493
143.07 2.7124588
143.08 2.7149683
143.09 2.7175256
143.1 2.7200829
143.11 2.7226641
143.12 2.7252453
143.13 2.7278743
143.14 2.7305033
143.15 2.7331562
143.16 2.735833
143.17 2.7385337
143.18 2.7412344
143.19 2.7439829
143.2 2.7467314
143.21 2.7495038
143.22 2.7522762
143.23 2.7550964
143.24 2.7579166
143.25 2.7607607
143.26 2.7636287
143.27 2.7665206
143.28 2.7694364
143.29 2.7723522
143.3 2.7753158
143.31 2.7782794
143.32 2.7812669
143.33 2.7842544
143.34 2.7872897
143.35 2.7903489
143.36 2.7934081
143.37 2.7964912
143.38 2.7995982
143.39 2.8027291
143.4 2.8058839
143.41 2.8090387
143.42 2.8122413
143.43 2.8154439
143.44 2.8186704
143.45 2.8219208
143.46 2.8251951
143.47 2.8284933
143.48 2.8317915
143.49 2.8351375
143.5 2.8384835
143.51 2.8418534
143.52 2.8452472
143.53 2.8486649
143.54 2.8520826
143.55 2.8555481
143.56 2.8590136
143.57 2.8625269
143.58 2.8660402
143.59 2.8695535
143.6 2.8731146
143.61 2.8766996
143.62 2.8802846
143.63 2.8839174
143.64 2.8875502
143.65 2.8912069
143.66 2.8948636
143.67 2.8985681
143.68 2.9022965
143.69 2.9060249
143.7 2.9097772
143.71 2.9135534
143.72 2.9173535
143.73 2.9211775
143.74 2.9250015
143.75 2.9288733
143.76 2.9327451
143.77 2.9366408
143.78 2.9405604
143.79 2.9445039
143.8 2.9484474
143.81 2.9524387
143.82 2.95643
143.83 2.9604452
143.84 2.9644843
143.85 2.9685473
143.86 2.9726103
143.87 2.9767211
143.88 2.9808319
143.89 2.9849666
143.9 2.9891252
143.91 2.9933077
143.92 2.9975141
143.93 3.0017205
143.94 3.0059508
143.95 3.010205
143.96 3.0144831
143.97 3.0187851
143.98 3.023111
143.99 3.0274369
144.0 3.0317867
144.01 3.0361604
144.02 3.040558
144.03 3.0449795
144.04 3.0494249
144.05 3.0538703
144.06 3.0583396
144.07 3.0628328
144.08 3.0673499
144.09 3.0718909
144.1 3.0764558
144.11 3.0810207
144.12 3.0856095
144.13 3.0902222
144.14 3.0948588
144.15 3.0995193
144.16 3.1041798
144.17 3.1088642
144.18 3.1135725
144.19 3.1183047
144.2 3.1230608
144.21 3.1278408
144.22 3.1326208
144.23 3.1374247
144.24 3.1422525
144.25 3.1471042
144.26 3.1519798
144.27 3.1568554
144.28 3.1617788
144.29 3.1667022
144.3 3.1716495
144.31 3.1766207
144.32 3.1815919
144.33 3.1866109
144.34 3.1916299
144.35 3.1966728
144.36 3.2017396
144.37 3.2068064
144.38 3.211921
144.39 3.2170356
144.4 3.2221741
144.41 3.2273365
144.42 3.2325228
144.43 3.2377091
144.44 3.2429432
144.45 3.2481773
144.46 3.2534353
144.47 3.2586933
144.48 3.2639991
144.49 3.2693049
144.5 3.2746585
144.51 3.2800121
144.52 3.2853657
144.53 3.2907671
144.54 3.2961685
144.55 3.3016177
144.56 3.3070669
144.57 3.31254
144.58 3.3180131
144.59 3.323534
144.6 3.3290549
144.61 3.3345997
144.62 3.3401684
144.63 3.3457371
144.64 3.3513536
144.65 3.3569701
144.66 3.3626105
144.67 3.3682748
144.68 3.373963
144.69 3.3796512
144.7 3.3853872
144.71 3.3911232
144.72 3.3968592
144.73 3.402643
144.74 3.4084507
144.75 3.4142584
144.76 3.42009
144.77 3.4259455
144.78 3.431801
144.79 3.4377043
144.8 3.4436076
144.81 3.4495348
144.82 3.4554859
144.83 3.4614609
144.84 3.4674359
144.85 3.4734348
144.86 3.4794576
144.87 3.4855043
144.88 3.4915749
144.89 3.4976455
144.9 3.50374
144.91 3.5098584
144.92 3.5160007
144.93 3.522143
144.94 3.5283331
144.95 3.5345232
144.96 3.5407372
144.97 3.5469512
144.98 3.553213
144.99 3.5594748
145.0 3.5657605
145.01 3.5720701
145.02 3.5784036
145.03 3.5847371
145.04 3.5910945
145.05 3.5974758
145.06 3.603881
145.07 3.6103101
145.08 3.6167392
145.09 3.6231922
145.1 3.6296691
145.11 3.6361699
145.12 3.6426707
145.13 3.6491954
145.14 3.655744
145.15 3.6623165
145.16 3.6689129
145.17 3.6755093
145.18 3.6821296
145.19 3.6887738
145.2 3.6954419
145.21 3.7021339
145.22 3.7088259
145.23 3.7155418
145.24 3.7222816
145.25 3.7290214
145.26 3.735809
145.27 3.7425966
145.28 3.7494081
145.29 3.7562196
145.3 3.7630789
145.31 3.7699382
145.32 3.7768214
145.33 3.7837285
145.34 3.7906356
145.35 3.7975905
145.36 3.8045454
145.37 3.8115242
145.38 3.818503
145.39 3.8255296
145.4 3.8325562
145.41 3.8396067
145.42 3.8466811
145.43 3.8537555
145.44 3.8608538
145.45 3.8679999
145.46 3.8751221
145.47 3.8822921
145.48 3.8894621
145.49 3.896656
145.5 3.9038738
145.51 3.9111155
145.52 3.9183572
145.53 3.9256228
145.54 3.9329123
145.55 3.9402257
145.56 3.9475391
145.57 3.9549003
145.58 3.9622615
145.59 3.9696227
145.6 3.9770317
145.61 3.9844407
145.62 3.9918736
145.63 3.9993304
145.64 4.0067872
145.65 4.0142918
145.66 4.0217964
145.67 4.0293249
145.68 4.0368534
145.69 4.0444058
145.7 4.052006
145.71 4.0595823
145.72 4.0672064
145.73 4.0748305
145.74 4.0824785
145.75 4.0901504
145.76 4.0978462
145.77 4.105542
145.78 4.1132617
145.79 4.1210053
145.8 4.1287728
145.81 4.1365403
145.82 4.1443317
145.83 4.152147
145.84 4.1599862
145.85 4.1678254
145.86 4.1756885
145.87 4.1835755
145.88 4.1914864
145.89 4.1993973
145.9 4.207356
145.91 4.2152908
145.92 4.2232734
145.93 4.231256
145.94 4.2392864
145.95 4.2472929
145.96 4.2553472
145.97 4.2634015
145.98 4.2715036
145.99 4.2795818
146.0 4.2877078
146.01 4.2958338
146.02 4.3039837
146.03 4.3121575
146.04 4.3203552
146.05 4.3285529
146.06 4.3367745
146.07 4.34502
146.08 4.3532894
146.09 4.3615588
146.1 4.3698521
146.11 4.3781693
146.12 4.3864865
146.13 4.3948276
146.14 4.4031926
146.15 4.4115815
146.16 4.4199704
146.17 4.4284071
146.18 4.4368438
146.19 4.4452805
146.2 4.453765
146.21 4.4622495
146.22 4.4707579
146.23 4.4792663
146.24 4.4878225
146.25 4.4963787
146.26 4.5049349
146.27 4.5135389
146.28 4.5221429
146.29 4.5307708
146.3 4.5394226
146.31 4.5480744
146.32 4.556774
146.33 4.5654497
146.34 4.5741732
146.35 4.5829206
146.36 4.591668
146.37 4.6004154
146.38 4.6092106
146.39 4.6180058
146.4 4.6268249
146.41 4.6356679
146.42 4.6445348
146.43 4.6534017
146.44 4.6622925
146.45 4.6711833
146.46 4.6801219
146.47 4.6890605
146.48 4.698023
146.49 4.7069855
146.5 4.7159719
146.51 4.7249822
146.52 4.7340164
146.53 4.7430745
146.54 4.7521326
146.55 4.7612146
146.56 4.7702966
146.57 4.7794264
146.58 4.7885562
146.59 4.797686
146.6 4.8068636
146.61 4.8160412
146.62 4.8252427
146.63 4.8344681
146.64 4.8436935
146.65 4.8529428
146.66 4.862216
146.67 4.8714892
146.68 4.8807863
146.69 4.8901073
146.7 4.8994522
146.71 4.9087971
146.72 4.9181659
146.73 4.9275586
146.74 4.9369752
146.75 4.9463918
146.76 4.9558323
146.77 4.9652728
146.78 4.9747611
146.79 4.9842494
146.8 4.9937616
146.81 5.0032738
146.82 5.0128099
146.83 5.0223699
146.84 5.0319538
146.85 5.0415377
146.86 5.0511455
146.87 5.0607772
146.88 5.0704089
146.89 5.0800645
146.9 5.089744
146.91 5.0994474
146.92 5.1091508
146.93 5.1188781
146.94 5.1286293
146.95 5.1383805
146.96 5.1481556
146.97 5.1579546
146.98 5.1677536
146.99 5.1775765
147.0 5.1874233
147.01 5.197294
147.02 5.2071647
147.03 5.2170593
147.04 5.2269778
147.05 5.2368963
147.06 5.2468387
147.07 5.256805
147.08 5.2667952
147.09 5.2767854
147.1 5.2867995
147.11 5.2968136
147.12 5.3068516
147.13 5.3169135
147.14 5.3269993
147.15 5.3370851
147.16 5.3471948
147.17 5.3573284
147.18 5.3674859
147.19 5.3776434
147.2 5.3878009
147.21 5.3980062
147.22 5.4082115
147.23 5.4184407
147.24 5.4286938
147.25 5.4389469
147.26 5.4492239
147.27 5.4595248
147.28 5.4698257
147.29 5.4801505
147.3 5.4904992
147.31 5.5008479
147.32 5.5112205
147.33 5.521617
147.34 5.5320135
147.35 5.5424578
147.36 5.5529021
147.37 5.5633464
147.38 5.5738146
147.39 5.5843067
147.4 5.5948227
147.41 5.6053387
147.42 5.6158786
147.43 5.6264424
147.44 5.6370062
147.45 5.6475939
147.46 5.6582055
147.47 5.6688171
147.48 5.6794526
147.49 5.690112
147.5 5.7007714
147.51 5.7114547
147.52 5.7221619
147.53 5.732893
147.54 5.7436241
147.55 5.7543791
147.56 5.7651341
147.57 5.775913
147.58 5.7867158
147.59 5.7975425
147.6 5.8083692
147.61 5.8192198
147.62 5.8300704
147.63 5.8409449
147.64 5.8518433
147.65 5.8627656
147.66 5.8736879
147.67 5.8846341
147.68 5.8956042
147.69 5.9065743
147.7 5.9175683
147.71 5.9285623
147.72 5.9396041
147.73 5.9506459
147.74 5.9616877
147.75 5.9727534
147.76 5.983843
147.77 5.9949565
147.78 6.00607
147.79 6.0172074
147.8 6.0283687
147.81 6.03953
147.82 6.0507152
147.83 6.0619243
147.84 6.0731334
147.85 6.0843664
147.86 6.0956233
147.87 6.1068802
147.88 6.118161
147.89 6.1294657
147.9 6.1407704
147.91 6.152099
147.92 6.1634276
147.93 6.174804
147.94 6.1861804
147.95 6.1975568
147.96 6.2089571
147.97 6.2203813
147.98 6.2318294
147.99 6.2432775
148.0 6.2547495
148.01 6.2662454
148.02 6.2777413
148.03 6.2892611
148.04 6.3007809
148.05 6.3123246
148.06 6.3238922
148.07 6.3354837
148.08 6.3470752
148.09 6.3586906
148.1 6.370306
148.11 6.3819453
148.12 6.3936085
148.13 6.4052717
148.14 6.4169588
148.15 6.4286698
148.16 6.4404047
148.17 6.4521396
148.18 6.4638745
148.19 6.4756572
148.2 6.4874399
148.21 6.4992226
148.22 6.5110292
148.23 6.5228597
148.24 6.5347141
148.25 6.5465685
148.26 6.5584468
148.27 6.570349
148.28 6.5822512
148.29 6.5941773
148.3 6.6061034
148.31 6.6180534
148.32 6.6300273
148.33 6.6420012
148.34 6.653999
148.35 6.6660207
148.36 6.6780424
148.37 6.690088
148.38 6.7021575
148.39 6.714227
148.4 6.7263204
148.41 6.7384377
148.42 6.750555
148.43 6.7626962
148.44 6.7748374
148.45 6.7870025
148.46 6.7991915
148.47 6.8113805
148.48 6.8235934
148.49 6.8358302
148.5 6.848067
148.51 6.8603277
148.52 6.8726123
148.53 6.8848969
148.54 6.8972054
148.55 6.9095139
148.56 6.9218463
148.57 6.9342026
148.58 6.9465828
148.59 6.958963
148.6 6.9713432
148.61 6.9837712
148.62 6.9961753
148.63 7.0086272
148.64 7.0210791
148.65 7.0335549
148.66 7.0460307
148.67 7.0585543
148.68 7.071054
148.69 7.0836015
148.7 7.096149
148.71 7.1086965
148.72 7.1212679
148.73 7.1338632
148.74 7.1464824
148.75 7.1591016
148.76 7.1717447
148.77 7.1843878
148.78 7.1970548
148.79 7.2097218
148.8 7.2224366
148.81 7.2351514
148.82 7.2478662
148.83 7.2606049
148.84 7.2733675
148.85 7.2861301
148.86 7.2989166
148.87 7.311727
148.88 7.3245374
148.89 7.3373717
148.9 7.350206
148.91 7.3630642
148.92 7.3759463
148.93 7.3888284
148.94 7.4017344
148.95 7.4146643
148.96 7.4275942
148.97 7.440548
148.98 7.4535018
148.99 7.4664795
149.0 7.4794811
149.01 7.4924827
149.02 7.5055082
149.03 7.5185576
149.04 7.531607
149.05 7.5446564
149.06 7.5577536
149.07 7.5708508
149.08 7.583948
149.09 7.5970691
149.1 7.6102141
149.11 7.623383
149.12 7.6365519
149.13 7.6497208
149.14 7.6629136
149.15 7.6761303
149.16 7.6893709
149.17 7.7026115
149.18 7.7158521
149.19 7.7291405
149.2 7.742405
149.21 7.7557173
149.22 7.7690296
149.23 7.7823658
149.24 7.795702
149.25 7.8090621
149.26 7.8224461
149.27 7.8358301
149.28 7.8492141
149.29 7.8626459
149.3 7.8760777
149.31 7.8895095
149.32 7.9029652
149.33 7.9164448
149.34 7.9299244
149.35 7.9434279
149.36 7.9569553
149.37 7.9704827
149.38 7.984034
149.39 7.9975853
149.4 8.0111605
149.41 8.0247596
149.42 8.0383587
149.43 8.0519817
149.44 8.0656047
149.45 8.0792516
149.46 8.0928985
149.47 8.1065693
149.48 8.120264
149.49 8.1339826
149.5 8.1476773
149.51 8.1614198
149.52 8.1751623
149.53 8.1889287
149.54 8.2026951
149.55 8.2164854
149.56 8.2302757
149.57 8.2441138
149.58 8.257928
149.59 8.2717661
149.6 8.2856281
149.61 8.299514
149.62 8.3133999
149.63 8.3272858
149.64 8.3412195
149.65 8.3551293
149.66 8.3690869
149.67 8.3830445
149.68 8.3970021
149.69 8.4109836
149.7 8.424989
149.71 8.4389944
149.72 8.4530237
149.73 8.4670769
149.74 8.4811301
149.75 8.4952072
149.76 8.5092843
149.77 8.5233853
149.78 8.5374863
149.79 8.5516112
149.8 8.56576
149.81 8.5799088
149.82 8.5940815
149.83 8.6082542
149.84 8.6224508
149.85 8.6366474
149.86 8.6508679
149.87 8.6651123
149.88 8.6793567
149.89 8.693625
149.9 8.7078933
149.91 8.7221855
149.92 8.7365016
149.93 8.7508177
149.94 8.7651577
149.95 8.7794977
149.96 8.7938616
149.97 8.8082255
149.98 8.8226133
149.99 8.837025
150.0 8.8514367
150.01 8.8658484
150.02 8.8803079
150.03 8.8947674
150.04 8.9092269
150.05 8.9237103
150.06 8.9382176
150.07 8.9527249
150.08 8.9672322
150.09 8.9817873
150.1 8.9963424
150.11 9.0108975
150.12 9.0254765
150.13 9.0400555
150.14 9.0546823
150.15 9.0692852
150.16 9.0839359
150.17 9.0985627
150.18 9.1132373
150.19 9.1279119
150.2 9.1425865
150.21 9.157285
150.22 9.1720074
150.23 9.1867298
150.24 9.2014761
150.25 9.2162224
150.26 9.2309926
150.27 9.2457867
150.28 9.2605808
150.29 9.2753749
150.3 9.2901929
150.31 9.3050348
150.32 9.3198767
150.33 9.3347425
150.34 9.3496322
150.35 9.364498
150.36 9.3794116
150.37 9.3943252
150.38 9.4092627
150.39 9.4242002
150.4 9.4391616
150.41 9.454123
150.42 9.4691083
150.43 9.4840936
150.44 9.4991028
150.45 9.5141359
150.46 9.529169
150.47 9.5442021
150.48 9.5592591
150.49 9.57434
150.5 9.5894209
150.51 9.6045257
150.52 9.6196544
150.53 9.6347831
150.54 9.6499118
150.55 9.6650644
150.56 9.6802409
150.57 9.6954174
150.58 9.7105939
150.59 9.7258182
150.6 9.7410425
150.61 9.7562668
150.62 9.771515
150.63 9.7867632
150.64 9.8020353
150.65 9.8173313
150.66 9.8326273
150.67 9.8479233
150.68 9.8632432
150.69 9.878587
150.7 9.8939308
150.71 9.9092985
150.72 9.9246662
150.73 9.9400578
150.74 9.9554733
150.75 9.9708888
150.76 9.9863043
150.77 10.0017437
150.78 10.017207
150.79 10.0326703
150.8 10.0481575
150.81 10.0636447
150.82 10.0791319
150.83 10.0946669
150.84 10.1102019
150.85 10.1257369
150.86 10.1412958
150.87 10.1568547
150.88 10.1724375
150.89 10.1880442
150.9 10.2036509
150.91 10.2192576
150.92 10.2348882
150.93 10.2505427
150.94 10.2661972
150.95 10.2818756
150.96 10.297554
150.97 10.3132563
150.98 10.3289586
150.99 10.3446848
151.0 10.360411
151.01 10.3761611
151.02 10.3919351
151.03 10.4077091
151.04 10.4234831
151.05 10.439281
151.06 10.4551028
151.07 10.4709246
151.08 10.4867464
151.09 10.5025921
151.1 10.5184617
151.11 10.5343313
151.12 10.5502248
151.13 10.5661183
151.14 10.5820357
151.15 10.5979531
151.16 10.6138944
151.17 10.6298357
151.18 10.6458009
151.19 10.6617661
151.2 10.6777552
151.21 10.6937682
151.22 10.7097812
151.23 10.7257942
151.24 10.7418311
151.25 10.7578919
151.26 10.7739527
151.27 10.7900135
151.28 10.8060982
151.29 10.8222068
151.3 10.8383154
151.31 10.8544479
151.32 10.8705804
151.33 10.8867129
151.34 10.9028932
151.35 10.9190496
151.36 10.9352299
151.37 10.9514341
151.38 10.9676383
151.39 10.9838664
151.4 11.0000945
151.41 11.0163465
151.42 11.0325985
151.43 11.0488744
151.44 11.0651503
151.45 11.0814501
151.46 11.0977738
151.47 11.1140736
151.48 11.1304212
151.49 11.1467688
151.5 11.1631164
151.51 11.1794879
151.52 11.1958594
151.53 11.2122548
151.54 11.2286741
151.55 11.2450934
151.56 11.2615127
151.57 11.2779559
151.58 11.2943991
151.59 11.3108662
151.6 11.3273572
151.61 11.3438482
151.62 11.3603392
151.63 11.3768541
151.64 11.3933929
151.65 11.4099317
151.66 11.4264705
151.67 11.4430332
151.68 11.4596198
151.69 11.4761825
151.7 11.492793
151.71 11.5094035
151.72 11.526014
151.73 11.5426484
151.74 11.5593067
151.75 11.575965
151.76 11.5926233
151.77 11.6093055
151.78 11.6260116
151.79 11.6427177
151.8 11.6594238
151.81 11.6761538
151.82 11.6929077
151.83 11.7096616
151.84 11.7264155
151.85 11.7431933
151.86 11.759995
151.87 11.7767728
151.88 11.7935984
151.89 11.810424
151.9 11.8272496
151.91 11.8440991
151.92 11.8609725
151.93 11.877822
151.94 11.8947193
151.95 11.9116166
151.96 11.9285139
151.97 11.9454351
151.98 11.9623563
151.99 11.9793014
152.0 11.9962465
152.01 12.0132155
152.02 12.0302084
152.03 12.0471774
152.04 12.0641942
152.05 12.0811871
152.06 12.0982278
152.07 12.1152446
152.08 12.1323092
152.09 12.1493499
152.1 12.1664145
152.11 12.183503
152.12 12.2005915
152.13 12.2177039
152.14 12.2348163
152.15 12.2519526
152.16 12.2690889
152.17 12.2862252
152.18 12.3033854
152.19 12.3205695
152.2 12.3377536
152.21 12.3549377
152.22 12.3721457
152.23 12.3893776
152.24 12.4066095
152.25 12.4238414
152.26 12.4410972
152.27 12.458353
152.28 12.4756327
152.29 12.4929124
152.3 12.510216
152.31 12.5275196
152.32 12.5448471
152.33 12.5621746
152.34 12.579526
152.35 12.5968774
152.36 12.6142527
152.37 12.631628
152.38 12.6490272
152.39 12.6664264
152.4 12.6838256
152.41 12.7012487
152.42 12.7186957
152.43 12.7361188
152.44 12.7535897
152.45 12.7710606
152.46 12.7885315
152.47 12.8060263
152.48 12.8235211
152.49 12.8410398
152.5 12.8585585
152.51 12.8761011
152.52 12.8936437
152.53 12.9112102
152.54 12.9287767
152.55 12.9463432
152.56 12.9639336
152.57 12.9815479
152.58 12.9991622
152.59 13.0167765
152.6 13.0344147
152.61 13.0520529
152.62 13.069715
152.63 13.0873771
152.64 13.1050631
152.65 13.1227491
152.66 13.140459
152.67 13.1581689
152.68 13.1758788
152.69 13.1936126
152.7 13.2113703
152.71 13.229128
152.72 13.2468857
152.73 13.2646673
152.74 13.2824489
152.75 13.3002544
152.76 13.3180599
152.77 13.3358893
152.78 13.3537187
152.79 13.371572
152.8 13.3894253
152.81 13.4072786
152.82 13.4251558
152.83 13.443033
152.84 13.4609341
152.85 13.4788352
152.86 13.4967602
152.87 13.5146852
152.88 13.5326341
152.89 13.550583
152.9 13.5685558
152.91 13.5865286
152.92 13.6045014
152.93 13.6224981
152.94 13.6404948
152.95 13.6585154
152.96 13.676536
152.97 13.6945805
152.98 13.712625
152.99 13.7306934
153.0 13.7487618
153.01 13.7668302
153.02 13.7849225
153.03 13.8030387
153.04 13.821131
153.05 13.8392711
153.06 13.8573873
153.07 13.8755513
153.08 13.8936914
153.09 13.9118554
153.1 13.9300433
153.11 13.9482073
153.12 13.9664191
153.13 13.9846309
153.14 14.0028427
153.15 14.0210545
153.16 14.0393141
153.17 14.0575498
153.18 14.0758094
153.19 14.0940929
153.2 14.1123525
153.21 14.1306599
153.22 14.1489434
153.23 14.1672747
153.24 14.1855821
153.25 14.2039134
153.26 14.2222686
153.27 14.2406238
153.28 14.258979
153.29 14.2773581
153.3 14.2957372
153.31 14.3141402
153.32 14.3325432
153.33 14.3509462
153.34 14.3693731
153.35 14.3878
153.36 14.4062508
153.37 14.4247016
153.38 14.4431763
153.39 14.461651
153.4 14.4801496
153.41 14.4986482
153.42 14.5171468
153.43 14.5356693
153.44 14.5541918
153.45 14.5727382
153.46 14.5912846
153.47 14.609831
153.48 14.6284013
153.49 14.6469955
153.5 14.6655658
153.51 14.6841839
153.52 14.7027781
153.53 14.7213962
153.54 14.7400382
153.55 14.7586802
153.56 14.7773222
153.57 14.7959881
153.58 14.814654
153.59 14.8333199
153.6 14.8520097
153.61 14.8707234
153.62 14.8894371
153.63 14.9081508
153.64 14.9268884
153.65 14.945626
153.66 14.9643636
153.67 14.9831251
153.68 15.0019105
153.69 15.020672
153.7 15.0394813
153.71 15.0582667
153.72 15.077076
153.73 15.0959092
153.74 15.1147185
153.75 15.1335756
153.76 15.1524088
153.77 15.1712659
153.78 15.1901469
153.79 15.2090279
153.8 15.2279089
153.81 15.2468138
153.82 15.2657187
153.83 15.2846475
153.84 15.3035763
153.85 15.3225051
153.86 15.3414578
153.87 15.3604105
153.88 15.3793632
153.89 15.3983398
153.9 15.4173403
153.91 15.4363408
153.92 15.4553413
153.93 15.4743657
153.94 15.4933901
153.95 15.5124145
153.96 15.5314628
153.97 15.5505111
153.98 15.5695833
153.99 15.5886555
154.0 15.6077277
154.01 15.6268238
154.02 15.6459438
154.03 15.6650399
154.04 15.6841599
154.05 15.7033038
154.06 15.7224477
154.07 15.7415916
154.08 15.7607594
154.09 15.7799272
154.1 15.799095
154.11 15.8182867
154.12 15.8374784
154.13 15.856694
154.14 15.8759096
154.15 15.8951491
154.16 15.9143647
154.17 15.9336281
154.18 15.9528676
154.19 15.972131
154.2 15.9914183
154.21 16.0107056
154.22 16.0299929
154.23 16.0493041
154.24 16.0686153
154.25 16.0879265
154.26 16.1072616
154.27 16.1265967
154.28 16.1459557
154.29 16.1653147
154.3 16.1846737
154.31 16.2040566
154.32 16.2234395
154.33 16.2428224
154.34 16.2622292
154.35 16.2816599
154.36 16.3010667
154.37 16.3204974
154.38 16.339952
154.39 16.3594066
154.4 16.3788612
154.41 16.3983397
154.42 16.4178182
154.43 16.4372967
154.44 16.4567991
154.45 16.4763015
154.46 16.4958278
154.47 16.5153541
154.48 16.5348804
154.49 16.5544306
154.5 16.5739808
154.51 16.593531
154.52 16.6131051
154.53 16.6326792
154.54 16.6522772
154.55 16.6718752
154.56 16.6914732
154.57 16.7110951
154.58 16.730717
154.59 16.7503628
154.6 16.7699847
154.61 16.7896544
154.62 16.8093002
154.63 16.8289699
154.64 16.8486635
154.65 16.8683571
154.66 16.8880507
154.67 16.9077443
154.68 16.9274618
154.69 16.9471793
154.7 16.9669207
154.71 16.9866621
154.72 17.0064035
154.73 17.0261688
154.74 17.0459341
154.75 17.0657233
154.76 17.0855125
154.77 17.1053017
154.78 17.1251148
154.79 17.1449279
154.8 17.164741
154.81 17.184578
154.82 17.204415
154.83 17.224252
154.84 17.2441129
154.85 17.2639738
154.86 17.2838586
154.87 17.3037434
154.88 17.3236282
154.89 17.3435369
154.9 17.3634456
154.91 17.3833543
154.92 17.4032869
154.93 17.4232195
154.94 17.4431521
154.95 17.4631086
154.96 17.4830651
154.97 17.5030455
154.98 17.5230259
154.99 17.5430063
155.0 17.5630106
155.01 17.5830149
155.02 17.6030192
155.03 17.6230474
155.04 17.6430756
155.05 17.6631038
155.06 17.6831559
155.07 17.703208
155.08 17.723284
155.09 17.74336
155.1 17.763436
155.11 17.7835359
155.12 17.8036358
155.13 17.8237357
155.14 17.8438595
155.15 17.8639833
155.16 17.8841071
155.17 17.9042548
155.18 17.9244025
155.19 17.9445502
155.2 17.9647218
155.21 17.9848934
155.22 18.005065
155.23 18.0252605
155.24 18.045456
155.25 18.0656754
155.26 18.0858948
155.27 18.1061142
155.28 18.1263575
155.29 18.1466008
155.3 18.1668441
155.31 18.1870874
155.32 18.2073546
155.33 18.2276457
155.34 18.2479129
155.35 18.268204
155.36 18.288519
155.37 18.3088101
155.38 18.3291251
155.39 18.349464
155.4 18.3698029
155.41 18.3901418
155.42 18.4104807
155.43 18.4308435
155.44 18.4512063
155.45 18.4715691
155.46 18.4919558
155.47 18.5123425
155.48 18.5327531
155.49 18.5531637
155.5 18.5735743
155.51 18.5939849
155.52 18.6144194
155.53 18.6348539
155.54 18.6553123
155.55 18.6757468
155.56 18.6962291
155.57 18.7166875
155.58 18.7371698
155.59 18.7576521
155.6 18.7781583
155.61 18.7986406
155.62 18.8191707
155.63 18.8396769
155.64 18.860207
155.65 18.8807371
155.66 18.9012911
155.67 18.9218451
155.68 18.9423991
155.69 18.9629531
155.7 18.983531
155.71 19.0041089
155.72 19.0247107
155.73 19.0453125
155.74 19.0659143
155.75 19.0865161
155.76 19.1071418
155.77 19.1277675
155.78 19.1484171
155.79 19.1690428
155.8 19.1897163
155.81 19.2103659
155.82 19.2310394
155.83 19.2517129
155.84 19.2723864
155.85 19.2930838
155.86 19.3137812
155.87 19.3344786
155.88 19.3551999
155.89 19.3759212
155.9 19.3966664
155.91 19.4173877
155.92 19.4381329
155.93 19.458902
155.94 19.4796472
155.95 19.5004163
155.96 19.5212093
155.97 19.5419784
155.98 19.5627714
155.99 19.5835644
156.0 19.6043813
156.01 19.6251982
156.02 19.6460151
156.03 19.666832
156.04 19.6876728
156.05 19.7085136
156.06 19.7293783
156.07 19.750243
156.08 19.7711077
156.09 19.7919724
156.1 19.812861
156.11 19.8337496
156.12 19.8546382
156.13 19.8755507
156.14 19.8964632
156.15 19.9173757
156.16 19.9383121
156.17 19.9592485
156.18 19.9801849
156.19 20.0011213
156.2 20.0220816
156.21 20.0430419
156.22 20.0640261
156.23 20.0850103
156.24 20.1059945
156.25 20.1269787
156.26 20.1479868
156.27 20.1689949
156.28 20.190003
156.29 20.211035
156.3 20.232067
156.31 20.253099
156.32 20.274131
156.33 20.2951869
156.34 20.3162428
156.35 20.3373226
156.36 20.3583785
156.37 20.3794822
156.38 20.400562
156.39 20.4216418
156.4 20.4427455
156.41 20.4638731
156.42 20.4849768
156.43 20.5061044
156.44 20.527232
156.45 20.5483835
156.46 20.5695111
156.47 20.5906626
156.48 20.611838
156.49 20.6329895
156.5 20.6541649
156.51 20.6753403
156.52 20.6965396
156.53 20.7177389
156.54 20.7389382
156.55 20.7601375
156.56 20.7813607
156.57 20.8025839
156.58 20.8238071
156.59 20.8450542
156.6 20.8663013
156.61 20.8875484
156.62 20.9087955
156.63 20.9300665
156.64 20.9513375
156.65 20.9726085
156.66 20.9939034
156.67 21.0151983
156.68 21.0364932
156.69 21.057812
156.7 21.0791069
156.71 21.1004257
156.72 21.1217684
156.73 21.1430872
156.74 21.1644299
156.75 21.1857965
156.76 21.2071392
156.77 21.2285058
156.78 21.2498724
156.79 21.271239
156.8 21.2926295
156.81 21.31402
156.82 21.3354105
156.83 21.356801
156.84 21.3782154
156.85 21.3996298
156.86 21.4210681
156.87 21.4424825
156.88 21.4639208
156.89 21.4853591
156.9 21.5068213
156.91 21.5282596
156.92 21.5497218
156.93 21.5712079
156.94 21.5926701
156.95 21.6141562
156.96 21.6356423
156.97 21.6571523
156.98 21.6786384
156.99 21.7001484
157.0 21.7216584
157.01 21.7431923
157.02 21.7647262
157.03 21.7862601
157.04 21.807794
157.05 21.8293518
157.06 21.8509096
157.07 21.8724674
157.08 21.8940252
157.09 21.9156069
157.1 21.9371886
157.11 21.9587703
157.12 21.980352
157.13 22.0019576
157.14 22.0235632
157.15 22.0451688
157.16 22.0667983
157.17 22.0884278
157.18 22.1100573
157.19 22.1316868
157.2 22.1533402
157.21 22.1749936
157.22 22.196647
157.23 22.2183243
157.24 22.2399777
157.25 22.261655
157.26 22.2833323
157.27 22.3050335
157.28 22.3267347
157.29 22.3484359
157.3 22.3701371
157.31 22.3918622
157.32 22.4135634
157.33 22.4352885
157.34 22.4570375
157.35 22.4787626
157.36 22.5005116
157.37 22.5222606
157.38 22.5440335
157.39 22.5657825
157.4 22.5875554
157.41 22.6093283
157.42 22.6311251
157.43 22.652898
157.44 22.6746948
157.45 22.6964916
157.46 22.7183123
157.47 22.740133
157.48 22.7619537
157.49 22.7837744
157.5 22.8055951
157.51 22.8274397
157.52 22.8492843
157.53 22.8711289
157.54 22.8929974
157.55 22.914842
157.56 22.9367105
157.57 22.958579
157.58 22.9804714
157.59 23.0023638
157.6 23.0242562
157.61 23.0461486
157.62 23.068041
157.63 23.0899573
157.64 23.1118736
157.65 23.1337899
157.66 23.1557301
157.67 23.1776464
157.68 23.1995866
157.69 23.2215268
157.7 23.2434909
157.71 23.265455
157.72 23.2873952
157.73 23.3093832
157.74 23.3313473
157.75 23.3533353
157.76 23.3753233
157.77 23.3973113
157.78 23.4192993
157.79 23.4413112
157.8 23.4633231
157.81 23.485335
157.82 23.5073469
157.83 23.5293827
157.84 23.5514185
157.85 23.5734543
157.86 23.5954901
157.87 23.6175498
157.88 23.6395856
157.89 23.6616453
157.9 23.6837289
157.91 23.7057886
157.92 23.7278722
157.93 23.7499558
157.94 23.7720394
157.95 23.7941469
157.96 23.8162305
157.97 23.838338
157.98 23.8604455
157.99 23.8825769
158.0 23.9046844
158.01 23.9268158
158.02 23.9489472
158.03 23.9710786
158.04 23.9932339
158.05 24.0153892
158.06 24.0375445
158.07 24.0596998
158.08 24.0818551
158.09 24.1040343
158.1 24.1262135
158.11 24.1483927
158.12 24.1705958
158.13 24.192775
158.14 24.2149781
158.15 24.2371812
158.16 24.2593843
158.17 24.2816113
158.18 24.3038383
158.19 24.3260653
158.2 24.3482923
158.21 24.3705193
158.22 24.3927702
158.23 24.4150211
158.24 24.437272
158.25 24.4595229
158.26 24.4817738
158.27 24.5040486
158.28 24.5263234
158.29 24.5485982
158.3 24.5708969
158.31 24.5931717
158.32 24.6154704
158.33 24.6377691
158.34 24.6600917
158.35 24.6823904
158.36 24.704713
158.37 24.7270356
158.38 24.7493582
158.39 24.7716808
158.4 24.7940273
158.41 24.8163738
158.42 24.8387203
158.43 24.8610668
158.44 24.8834133
158.45 24.9057837
158.46 24.9281541
158.47 24.9505245
158.48 24.9728949
158.49 24.9952892
158.5 25.0176596
158.51 25.0400539
158.52 25.0624482
158.53 25.0848664
158.54 25.1072607
158.55 25.1296789
158.56 25.1520971
158.57 25.1745153
158.58 25.1969574
158.59 25.2193756
158.6 25.2418177
158.61 25.2642598
158.62 25.2867019
158.63 25.3091679
158.64 25.33161
158.65 25.354076
158.66 25.376542
158.67 25.399008
158.68 25.4214979
158.69 25.4439639
158.7 25.4664538
158.71 25.4889437
158.72 25.5114575
158.73 25.5339474
158.74 25.5564612
158.75 25.578975
158.76 25.6014888
158.77 25.6240026
158.78 25.6465164
158.79 25.6690541
158.8 25.6915918
158.81 25.7141295
158.82 25.7366672
158.83 25.7592288
158.84 25.7817665
158.85 25.8043281
158.86 25.8268897
158.87 25.8494513
158.88 25.8720368
158.89 25.8945984
158.9 25.9171839
158.91 25.9397694
158.92 25.9623549
158.93 25.9849643
158.94 26.0075498
158.95 26.0301592
158.96 26.0527686
158.97 26.075378
158.98 26.0980113
158.99 26.1206207
159.0 26.143254
159.01 26.1658873
159.02 26.1885206
159.03 26.2111539
159.04 26.2338111
159.05 26.2564683
159.06 26.2791016
159.07 26.3017827
159.08 26.3244399
159.09 26.3470971
159.1 26.3697782
159.11 26.3924593
159.12 26.4151404
159.13 26.4378215
159.14 26.4605026
159.15 26.4832076
159.16 26.5058887
159.17 26.5285937
159.18 26.5512987
159.19 26.5740276
159.2 26.5967326
159.21 26.6194615
159.22 26.6421904
159.23 26.6649193
159.24 26.6876482
159.25 26.7103771
159.26 26.7331299
159.27 26.7558588
159.28 26.7786116
159.29 26.8013644
159.3 26.8241411
159.31 26.8468939
159.32 26.8696706
159.33 26.8924234
159.34 26.9152001
159.35 26.9380007
159.36 26.9607774
159.37 26.9835541
159.38 27.0063547
159.39 27.0291553
159.4 27.0519559
159.41 27.0747565
159.42 27.0975571
159.43 27.1203816
159.44 27.1432061
159.45 27.1660067
159.46 27.1888312
159.47 27.2116796
159.48 27.2345041
159.49 27.2573525
159.5 27.280177
159.51 27.3030254
159.52 27.3258738
159.53 27.3487222
159.54 27.3715945
159.55 27.3944429
159.56 27.4173152
159.57 27.4401875
159.58 27.4630598
159.59 27.4859321
159.6 27.5088283
159.61 27.5317006
159.62 27.5545968
159.63 27.577493
159.64 27.6003892
159.65 27.6232854
159.66 27.6461816
159.67 27.6691017
159.68 27.6919979
159.69 27.714918
159.7 27.7378381
159.71 27.7607582
159.72 27.7837022
159.73 27.8066223
159.74 27.8295663
159.75 27.8525103
159.76 27.8754543
159.77 27.8983983
159.78 27.9213423
159.79 27.9442863
159.8 27.9672542
159.81 27.9902221
159.82 28.01319
159.83 28.0361579
159.84 28.0591258
159.85 28.0820937
159.86 28.1050855
159.87 28.1280534
159.88 28.1510452
159.89 28.174037
159.9 28.1970288
159.91 28.2200445
159.92 28.2430363
159.93 28.266052
159.94 28.2890438
159.95 28.3120595
159.96 28.3350752
159.97 28.3580909
159.98 28.3811305
159.99 28.4041462
160.0 28.4271858
160.01 28.4502015
160.02 28.4732411
160.03 28.4962807
160.04 28.5193442
160.05 28.5423838
160.06 28.5654234
160.07 28.5884869
160.08 28.6115504
160.09 28.6346139
160.1 28.6576774
160.11 28.6807409
160.12 28.7038044
160.13 28.7268918
160.14 28.7499553
160.15 28.7730427
160.16 28.7961301
160.17 28.8192175
160.18 28.8423049
160.19 28.8654162
160.2 28.8885036
160.21 28.9116149
160.22 28.9347262
160.23 28.9578136
160.24 28.9809249
160.25 29.0040601
160.26 29.0271714
160.27 29.0502827
160.28 29.0734179
160.29 29.0965531
160.3 29.1196883
160.31 29.1427996
160.32 29.1659587
160.33 29.1890939
160.34 29.2122291
160.35 29.2353882
160.36 29.2585234
160.37 29.2816825
160.38 29.3048416
160.39 29.3280007
160.4 29.3511598
160.41 29.3743428
160.42 29.3975019
160.43 29.4206849
160.44 29.443844
160.45 29.467027
160.46 29.49021
160.47 29.513393
160.48 29.536576
160.49 29.5597829
160.5 29.5829659
160.51 29.6061728
160.52 29.6293558
160.53 29.6525627
160.54 29.6757696
160.55 29.6989765
160.56 29.7221834
160.57 29.7454142
160.58 29.7686211
160.59 29.7918519
160.6 29.8150588
160.61 29.8382896
160.62 29.8615204
160.63 29.8847512
160.64 29.907982
160.65 29.9312367
160.66 29.9544675
160.67 29.9776983
160.68 30.000953
160.69 30.0242077
160.7 30.0474624
160.71 30.0707171
160.72 30.0939718
160.73 30.1172265
160.74 30.1404812
160.75 30.1637598
160.76 30.1870384
160.77 30.2102931
160.78 30.2335717
160.79 30.2568503
160.8 30.2801289
160.81 30.3034075
160.82 30.3266861
160.83 30.3499886
160.84 30.3732672
160.85 30.3965697
160.86 30.4198722
160.87 30.4431508
160.88 30.4664533
160.89 30.4897558
160.9 30.5130583
160.91 30.5363847
160.92 30.5596872
160.93 30.5830136
160.94 30.6063161
160.95 30.6296425
160.96 30.6529689
160.97 30.6762953
160.98 30.6996217
160.99 30.7229481
161.0 30.7462745
161.01 30.7696009
161.02 30.7929512
161.03 30.8162776
161.04 30.8396279
161.05 30.8629782
161.06 30.8863046
161.07 30.9096549
161.08 30.9330052
161.09 30.9563555
161.1 30.9797297
161.11 31.00308
161.12 31.0264542
161.13 31.0498045
161.14 31.0731787
161.15 31.096529
161.16 31.1199032
161.17 31.1432774
161.18 31.1666516
161.19 31.1900258
161.2 31.2134239
161.21 31.2367981
161.22 31.2601723
161.23 31.2835704
161.24 31.3069446
161.25 31.3303427
161.26 31.3537408
161.27 31.3771389
161.28 31.400537
161.29 31.4239351
161.3 31.4473332
161.31 31.4707313
161.32 31.4941533
161.33 31.5175514
161.34 31.5409734
161.35 31.5643715
161.36 31.5877935
161.37 31.6112155
161.38 31.6346375
161.39 31.6580595
161.4 31.6814815
161.41 31.7049035
161.42 31.7283255
161.43 31.7517475
161.44 31.7751934
161.45 31.7986154
161.46 31.8220613
161.47 31.8455072
161.48 31.8689292
161.49 31.8923751
161.5 31.915821
161.51 31.9392669
161.52 31.9627128
161.53 31.9861587
161.54 32.0096285
161.55 32.0330744
161.56 32.0565203
161.57 32.0799901
161.58 32.103436
161.59 32.1269058
161.6 32.1503756
161.61 32.1738454
161.62 32.1973152
161.63 32.220785
161.64 32.2442548
161.65 32.2677246
161.66 32.2911944
161.67 32.3146642
161.68 32.3381579
161.69 32.3616277
161.7 32.3850975
161.71 32.4085912
161.72 32.4320849
161.73 32.4555547
161.74 32.4790484
161.75 32.5025421
161.76 32.5260358
161.77 32.5495295
161.78 32.5730232
161.79 32.5965169
161.8 32.6200345
161.81 32.6435282
161.82 32.6670219
161.83 32.6905395
161.84 32.7140332
161.85 32.7375508
161.86 32.7610445
161.87 32.7845621
161.88 32.8080797
161.89 32.8315973
161.9 32.8551149
161.91 32.8786325
161.92 32.9021501
161.93 32.9256677
161.94 32.9491853
161.95 32.9727029
161.96 32.9962444
161.97 33.019762
161.98 33.0432796
161.99 33.0668211
162.0 33.0903387
162.01 33.1138802
162.02 33.1374217
162.03 33.1609632
162.04 33.1844808
162.05 33.2080223
162.06 33.2315638
162.07 33.2551053
162.08 33.2786468
162.09 33.3021883
162.1 33.3257298
162.11 33.3492952
162.12 33.3728367
162.13 33.3963782
162.14 33.4199436
162.15 33.4434851
162.16 33.4670505
162.17 33.490592
162.18 33.5141574
162.19 33.5376989
162.2 33.5612643
162.21 33.5848297
162.22 33.6083951
162.23 33.6319605
162.24 33.6555259
162.25 33.6790913
162.26 33.7026567
162.27 33.7262221
162.28 33.7497875
162.29 33.7733529
162.3 33.7969183
162.31 33.8204837
162.32 33.844073
162.33 33.8676384
162.34 33.8912277
162.35 33.9147931
162.36 33.9383824
162.37 33.9619478
162.38 33.9855371
162.39 34.0091025
162.4 34.0326918
162.41 34.0562811
162.42 34.0798704
162.43 34.1034597
162.44 34.1270251
162.45 34.1506144
162.46 34.1742037
162.47 34.197793
162.48 34.2213823
162.49 34.2449716
162.5 34.2685848
162.51 34.2921741
162.52 34.3157634
162.53 34.3393527
162.54 34.3629659
162.55 34.3865552
162.56 34.4101445
162.57 34.4337577
162.58 34.457347
162.59 34.4809602
162.6 34.5045495
162.61 34.5281627
162.62 34.551752
162.63 34.5753652
162.64 34.5989784
162.65 34.6225677
162.66 34.6461809
162.67 34.6697941
162.68 34.6934073
162.69 34.7169966
162.7 34.7406098
162.71 34.764223
162.72 34.7878362
162.73 34.8114494
162.74 34.8350626
162.75 34.8586758
162.76 34.882289
162.77 34.9059022
162.78 34.9295154
162.79 34.9531286
162.8 34.9767657
162.81 35.0003789
162.82 35.0239921
162.83 35.0476053
162.84 35.0712424
162.85 35.0948556
162.86 35.1184688
162.87 35.1421059
162.88 35.1657191
162.89 35.1893323
162.9 35.2129694
162.91 35.2365826
162.92 35.2602197
162.93 35.2838329
162.94 35.30747
162.95 35.3310832
162.96 35.3547203
162.97 35.3783335
162.98 35.4019706
162.99 35.4256077
163.0 35.4492209
163.01 35.472858
163.02 35.4964951
163.03 35.5201083
163.04 35.5437454
163.05 35.5673825
163.06 35.5910196
163.07 35.6146328
163.08 35.6382699
163.09 35.661907
163.1 35.6855441
163.11 35.7091812
163.12 35.7327944
163.13 35.7564315
163.14 35.7800686
163.15 35.8037057
163.16 35.8273428
163.17 35.8509799
163.18 35.874617
163.19 35.8982541
163.2 35.9218912
163.21 35.9455283
163.22 35.9691654
163.23 35.9928025
163.24 36.0164157
163.25 36.0400528
163.26 36.0636899
163.27 36.0873509
163.28 36.110988
163.29 36.1346251
163.3 36.1582622
163.31 36.1818993
163.32 36.2055364
163.33 36.2291735
163.34 36.2528106
163.35 36.2764477
163.36 36.3000848
163.37 36.3237219
163.38 36.347359
163.39 36.3709961
163.4 36.3946332
163.41 36.4182703
163.42 36.4419074
163.43 36.4655684
163.44 36.4892055
163.45 36.5128426
163.46 36.5364797
163.47 36.5601168
163.48 36.5837539
163.49 36.607391
163.5 36.6310281
163.51 36.6546652
163.52 36.6783023
163.53 36.7019394
163.54 36.7255765
163.55 36.7492375
163.56 36.7728746
163.57 36.7965117
163.58 36.8201488
163.59 36.8437859
163.6 36.867423
163.61 36.8910601
163.62 36.9146972
163.63 36.9383343
163.64 36.9619714
163.65 36.9856085
163.66 37.0092456
163.67 37.0328827
163.68 37.0565198
163.69 37.0801569
163.7 37.103794
163.71 37.1274311
163.72 37.1510682
163.73 37.1747053
163.74 37.1983424
163.75 37.2219795
163.76 37.2455927
163.77 37.2692298
163.78 37.2928669
163.79 37.316504
163.8 37.3401411
163.81 37.3637782
163.82 37.3873914
163.83 37.4110285
163.84 37.4346656
163.85 37.4583027
163.86 37.4819398
163.87 37.505553
163.88 37.5291901
163.89 37.5528272
163.9 37.5764404
163.91 37.6000775
163.92 37.6237146
163.93 37.6473278
163.94 37.6709649
163.95 37.6945781
163.96 37.7182152
163.97 37.7418523
163.98 37.7654655
163.99 37.7891026
164.0 37.8127158
164.01 37.836329
164.02 37.8599661
164.03 37.8835793
164.04 37.9072164
164.05 37.9308296
164.06 37.9544428
164.07 37.9780799
164.08 38.0016931
164.09 38.0253063
164.1 38.0489195
164.11 38.0725327
164.12 38.0961698
164.13 38.119783
164.14 38.1433962
164.15 38.1670094
164.16 38.1906226
164.17 38.2142358
164.18 38.237849
164.19 38.2614622
164.2 38.2850754
164.21 38.3086886
164.22 38.3323018
164.23 38.3558911
164.24 38.3795043
164.25 38.4031175
164.26 38.4267307
164.27 38.45032
164.28 38.4739332
164.29 38.4975464
164.3 38.5211357
164.31 38.5447489
164.32 38.5683382
164.33 38.5919514
164.34 38.6155407
164.35 38.63913
164.36 38.6627432
164.37 38.6863325
164.38 38.7099218
164.39 38.733535
164.4 38.7571243
164.41 38.7807136
164.42 38.8043029
164.43 38.8278922
164.44 38.8514815
164.45 38.8750708
164.46 38.8986601
164.47 38.9222494
164.48 38.9458387
164.49 38.969428
164.5 38.9929934
164.51 39.0165827
164.52 39.040172
164.53 39.0637613
164.54 39.0873267
164.55 39.110916
164.56 39.1344814
164.57 39.1580707
164.58 39.1816361
164.59 39.2052015
164.6 39.2287908
164.61 39.2523562
164.62 39.2759216
164.63 39.299487
164.64 39.3230524
164.65 39.3466417
164.66 39.3702071
164.67 39.3937486
164.68 39.417314
164.69 39.4408794
164.7 39.4644448
164.71 39.4880102
164.72 39.5115517
164.73 39.5351171
164.74 39.5586825
164.75 39.582224
164.76 39.6057894
164.77 39.6293309
164.78 39.6528963
164.79 39.6764378
164.8 39.6999793
164.81 39.7235208
164.82 39.7470623
164.83 39.7706038
164.84 39.7941453
164.85 39.8176868
164.86 39.8412283
164.87 39.8647698
164.88 39.8883113
164.89 39.9118528
164.9 39.9353704
164.91 39.9589119
164.92 39.9824295
164.93 40.005971
164.94 40.0294886
164.95 40.0530301
164.96 40.0765477
164.97 40.1000653
164.98 40.1235829
164.99 40.1471005
165.0 40.1706181
165.01 40.1941357
165.02 40.2176533
165.03 40.2411709
165.04 40.2646885
165.05 40.2882061
165.06 40.3116998
165.07 40.3352174
165.08 40.3587111
165.09 40.3822287
165.1 40.4057224
165.11 40.4292161
165.12 40.4527098
165.13 40.4762274
165.14 40.4997211
165.15 40.5232148
165.16 40.5467085
165.17 40.5701783
165.18 40.593672
165.19 40.6171657
165.2 40.6406355
165.21 40.6641292
165.22 40.687599
165.23 40.7110927
165.24 40.7345625
165.25 40.7580323
165.26 40.781526
165.27 40.8049958
165.28 40.8284656
165.29 40.8519354
165.3 40.8753813
165.31 40.8988511
165.32 40.9223209
165.33 40.9457907
165.34 40.9692366
165.35 40.9927064
165.36 41.0161523
165.37 41.0395982
165.38 41.0630441
165.39 41.0865139
165.4 41.1099598
165.41 41.1334057
165.42 41.1568277
165.43 41.1802736
165.44 41.2037195
165.45 41.2271654
165.46 41.2505874
165.47 41.2740333
165.48 41.2974553
165.49 41.3208773
165.5 41.3442993
165.51 41.3677452
165.52 41.3911672
165.53 41.4145892
165.54 41.4379873
165.55 41.4614093
165.56 41.4848313
165.57 41.5082294
165.58 41.5316514
165.59 41.5550495
165.6 41.5784715
165.61 41.6018696
165.62 41.6252677
165.63 41.6486658
165.64 41.6720639
165.65 41.695462
165.66 41.7188601
165.67 41.7422343
165.68 41.7656324
165.69 41.7890066
165.7 41.8124047
165.71 41.8357789
165.72 41.8591531
165.73 41.8825273
165.74 41.9059015
165.75 41.9292757
165.76 41.9526499
165.77 41.9760241
165.78 41.9993744
165.79 42.0227486
165.8 42.0460989
165.81 42.0694492
165.82 42.0928234
165.83 42.1161737
165.84 42.139524
165.85 42.1628743
165.86 42.1862007
165.87 42.209551
165.88 42.2329013
165.89 42.2562277
165.9 42.2795541
165.91 42.3029044
165.92 42.3262308
165.93 42.3495572
165.94 42.3728836
165.95 42.39621
165.96 42.4195364
165.97 42.4428389
165.98 42.4661653
165.99 42.4894678
166.0 42.5127703
166.01 42.5360967
166.02 42.5593992
166.03 42.5827017
166.04 42.6060042
166.05 42.6292828
166.06 42.6525853
166.07 42.6758878
166.08 42.6991664
166.09 42.722445
166.1 42.7457475
166.11 42.7690261
166.12 42.7923047
166.13 42.8155594
166.14 42.838838
166.15 42.8621166
166.16 42.8853713
166.17 42.9086499
166.18 42.9319046
166.19 42.9551593
166.2 42.978414
166.21 43.0016687
166.22 43.0249234
166.23 43.0481781
166.24 43.0714089
166.25 43.0946636
166.26 43.1178944
166.27 43.1411491
166.28 43.1643799
166.29 43.1876107
166.3 43.2108176
166.31 43.2340484
166.32 43.2572792
166.33 43.2804861
166.34 43.3037169
166.35 43.3269238
166.36 43.3501307
166.37 43.3733376
166.38 43.3965445
166.39 43.4197514
166.4 43.4429344
166.41 43.4661413
166.42 43.4893243
166.43 43.5125312
166.44 43.5357142
166.45 43.5588972
166.46 43.5820802
166.47 43.6052393
166.48 43.6284223
166.49 43.6516053
166.5 43.6747644
166.51 43.6979235
166.52 43.7210826
166.53 43.7442417
166.54 43.7674008
166.55 43.7905599
166.56 43.8136951
166.57 43.8368542
166.58 43.8599894
166.59 43.8831246
166.6 43.9062598
166.61 43.929395
166.62 43.9525302
166.63 43.9756654
166.64 43.9987767
166.65 44.0219119
166.66 44.0450232
166.67 44.0681345
166.68 44.0912458
166.69 44.1143571
166.7 44.1374445
166.71 44.1605558
166.72 44.1836432
166.73 44.2067545
166.74 44.2298419
166.75 44.2529293
166.76 44.2760167
166.77 44.2990802
166.78 44.3221676
166.79 44.3452311
166.8 44.3683185
166.81 44.391382
166.82 44.4144455
166.83 44.437509
166.84 44.4605486
166.85 44.4836121
166.86 44.5066517
166.87 44.5297152
166.88 44.5527548
166.89 44.5757944
166.9 44.5988101
166.91 44.6218497
166.92 44.6448893
166.93 44.667905
166.94 44.6909207
166.95 44.7139364
166.96 44.7369521
166.97 44.7599678
166.98 44.7829835
166.99 44.8059753
167.0 44.828991
167.01 44.8519828
167.02 44.8749746
167.03 44.8979664
167.04 44.9209582
167.05 44.9439261
167.06 44.9669179
167.07 44.9898858
167.08 45.0128537
167.09 45.0358216
167.1 45.0587895
167.11 45.0817335
167.12 45.1047014
167.13 45.1276454
167.14 45.1506133
167.15 45.1735573
167.16 45.1964774
167.17 45.2194214
167.18 45.2423654
167.19 45.2652855
167.2 45.2882056
167.21 45.3111257
167.22 45.3340458
167.23 45.3569659
167.24 45.379886
167.25 45.4027822
167.26 45.4256784
167.27 45.4485985
167.28 45.4714947
167.29 45.494367
167.3 45.5172632
167.31 45.5401355
167.32 45.5630317
167.33 45.585904
167.34 45.6087763
167.35 45.6316486
167.36 45.654497
167.37 45.6773693
167.38 45.7002177
167.39 45.7230661
167.4 45.7459145
167.41 45.7687629
167.42 45.7916113
167.43 45.8144358
167.44 45.8372603
167.45 45.8600848
167.46 45.8829093
167.47 45.9057338
167.48 45.9285583
167.49 45.9513589
167.5 45.9741834
167.51 45.996984
167.52 46.0197846
167.53 46.0425613
167.54 46.0653619
167.55 46.0881386
167.56 46.1109153
167.57 46.1337159
167.58 46.1564687
167.59 46.1792454
167.6 46.2020221
167.61 46.2247749
167.62 46.2475277
167.63 46.2702805
167.64 46.2930333
167.65 46.3157861
167.66 46.338515
167.67 46.3612439
167.68 46.3839728
167.69 46.4067017
167.7 46.4294306
167.71 46.4521595
167.72 46.4748645
167.73 46.4975695
167.74 46.5202745
167.75 46.5429795
167.76 46.5656845
167.77 46.5883656
167.78 46.6110467
167.79 46.6337517
167.8 46.6564089
167.81 46.67909
167.82 46.7017711
167.83 46.7244283
167.84 46.7470855
167.85 46.7697427
167.86 46.7923999
167.87 46.8150571
167.88 46.8376904
167.89 46.8603237
167.9 46.882957
167.91 46.9055903
167.92 46.9282236
167.93 46.950833
167.94 46.9734424
167.95 46.9960757
167.96 47.0186612
167.97 47.0412706
167.98 47.06388
167.99 47.0864655
168.0 47.109051
168.01 47.1316365
168.02 47.154222
168.03 47.1767836
168.04 47.1993691
168.05 47.2219307
168.06 47.2444923
168.07 47.26703
168.08 47.2895916
168.09 47.3121293
168.1 47.3346909
168.11 47.3572286
168.12 47.3797424
168.13 47.4022801
168.14 47.4247939
168.15 47.4473077
168.16 47.4698215
168.17 47.4923353
168.18 47.5148491
168.19 47.537339
168.2 47.5598289
168.21 47.5823188
168.22 47.6048087
168.23 47.6272747
168.24 47.6497646
168.25 47.6722306
168.26 47.6946966
168.27 47.7171626
168.28 47.7396047
168.29 47.7620707
168.3 47.7845128
168.31 47.8069549
168.32 47.8293731
168.33 47.8518152
168.34 47.8742334
168.35 47.8966516
168.36 47.9190698
168.37 47.941488
168.38 47.9638823
168.39 47.9862766
168.4 48.0086709
168.41 48.0310652
168.42 48.0534595
168.43 48.0758299
168.44 48.0982003
168.45 48.1205707
168.46 48.1429411
168.47 48.1653115
168.48 48.187658
168.49 48.2100045
168.5 48.232351
168.51 48.2546975
168.52 48.2770201
168.53 48.2993666
168.54 48.3216892
168.55 48.3439879
168.56 48.3663105
168.57 48.3886092
168.58 48.4109318
168.59 48.4332305
168.6 48.4555053
168.61 48.477804
168.62 48.5000788
168.63 48.5223536
168.64 48.5446284
168.65 48.5669032
168.66 48.5891541
168.67 48.611405
168.68 48.6336559
168.69 48.6559068
168.7 48.6781577
168.71 48.7003847
168.72 48.7226117
168.73 48.7448387
168.74 48.7670418
168.75 48.7892688
168.76 48.8114719
168.77 48.833675
168.78 48.8558781
168.79 48.8780573
168.8 48.9002365
168.81 48.9224157
168.82 48.9445949
168.83 48.9667741
168.84 48.9889294
168.85 49.0110847
168.86 49.03324
168.87 49.0553953
168.88 49.0775267
168.89 49.099682
168.9 49.1217895
168.91 49.1439209
168.92 49.1660523
168.93 49.1881598
168.94 49.2102673
168.95 49.2323748
168.96 49.2544584
168.97 49.2765659
168.98 49.2986495
168.99 49.3207331
169.0 49.3427928
169.01 49.3648764
169.02 49.3869361
169.03 49.4089958
169.04 49.4310316
169.05 49.4530913
169.06 49.4751271
169.07 49.4971629
169.08 49.5191987
169.09 49.5412106
169.1 49.5632464
169.11 49.5852583
169.12 49.6072463
169.13 49.6292582
169.14 49.6512462
169.15 49.6732342
169.16 49.6952222
169.17 49.7172102
169.18 49.7391743
169.19 49.7611384
169.2 49.7831025
169.21 49.8050427
169.22 49.8270068
169.23 49.848947
169.24 49.8708872
169.25 49.8928035
169.26 49.9147198
169.27 49.93666
169.28 49.9585524
169.29 49.9804687
169.3 50.0023611
169.31 50.0242535
169.32 50.0461459
169.33 50.0680383
169.34 50.0899068
169.35 50.1117753
169.36 50.1336438
169.37 50.1555123
169.38 50.1773569
169.39 50.1992015
169.4 50.2210461
169.41 50.2428907
169.42 50.2647114
169.43 50.2865321
169.44 50.3083528
169.45 50.3301496
169.46 50.3519703
169.47 50.3737671
169.48 50.3955639
169.49 50.4173368
169.5 50.4391097
169.51 50.4609065
169.52 50.4826555
169.53 50.5044284
169.54 50.5261774
169.55 50.5479264
169.56 50.5696754
169.57 50.5914005
169.58 50.6131256
169.59 50.6348507
169.6 50.6565758
169.61 50.6783009
169.62 50.7000021
169.63 50.7217033
169.64 50.7433806
169.65 50.7650818
169.66 50.7867591
169.67 50.8084364
169.68 50.8300898
169.69 50.8517432
169.7 50.8733966
169.71 50.89505
169.72 50.9167034
169.73 50.9383329
169.74 50.9599624
169.75 50.9815919
169.76 51.0031975
169.77 51.0248031
169.78 51.0464087
169.79 51.0680143
169.8 51.089596
169.81 51.1111777
169.82 51.1327594
169.83 51.1543411
169.84 51.1758989
169.85 51.1974567
169.86 51.2190145
169.87 51.2405484
169.88 51.2620823
169.89 51.2836162
169.9 51.3051501
169.91 51.3266601
169.92 51.3481701
169.93 51.3696801
169.94 51.3911901
169.95 51.4126762
169.96 51.4341623
169.97 51.4556484
169.98 51.4771106
169.99 51.4985728
170.0 51.520035
170.01 51.5414972
170.02 51.5629355
170.03 51.5843738
170.04 51.6058121
170.05 51.6272265
170.06 51.6486648
170.07 51.6700792
170.08 51.6914697
170.09 51.7128841
170.1 51.7342746
170.11 51.7556412
170.12 51.7770317
170.13 51.7983983
170.14 51.8197649
170.15 51.8411315
170.16 51.8624742
170.17 51.8838169
170.18 51.9051596
170.19 51.9264784
170.2 51.9478211
170.21 51.9691399
170.22 51.9904348
170.23 52.0117536
170.24 52.0330485
170.25 52.0543195
170.26 52.0756144
170.27 52.0968854
170.28 52.1181564
170.29 52.1394274
170.3 52.1606745
170.31 52.1819216
170.32 52.2031687
170.33 52.2243919
170.34 52.2456151
170.35 52.2668383
170.36 52.2880615
170.37 52.3092608
170.38 52.3304601
170.39 52.3516594
170.4 52.3728348
170.41 52.3940102
170.42 52.4151856
170.43 52.4363371
170.44 52.4575125
170.45 52.4786401
170.46 52.4997916
170.47 52.5209192
170.48 52.5420468
170.49 52.5631744
170.5 52.5842781
170.51 52.6054057
170.52 52.6264855
170.53 52.6475892
170.54 52.668669
170.55 52.6897488
170.56 52.7108047
170.57 52.7318845
170.58 52.7529404
170.59 52.7739724
170.6 52.7950283
170.61 52.8160603
170.62 52.8370923
170.63 52.8581004
170.64 52.8791085
170.65 52.9001166
170.66 52.9211247
170.67 52.9421089
170.68 52.9630931
170.69 52.9840534
170.7 53.0050376
170.71 53.0259979
170.72 53.0469343
170.73 53.0678946
170.74 53.088831
170.75 53.1097674
170.76 53.1306799
170.77 53.1515924
170.78 53.1725049
170.79 53.1934174
170.8 53.214306
170.81 53.2351946
170.82 53.2560593
170.83 53.2769479
170.84 53.2978126
170.85 53.3186534
170.86 53.3394942
170.87 53.3603589
170.88 53.3811758
170.89 53.4020166
170.9 53.4228335
170.91 53.4436265
170.92 53.4644434
170.93 53.4852364
170.94 53.5060294
170.95 53.5267985
170.96 53.5475915
170.97 53.5683606
170.98 53.5891058
170.99 53.6098749
171.0 53.6306201
171.01 53.6513414
171.02 53.6720866
171.03 53.6928079
171.04 53.7135292
171.05 53.7342266
171.06 53.754924
171.07 53.7756214
171.08 53.7963188
171.09 53.8169923
171.1 53.8376897
171.11 53.8583393
171.12 53.8790128
171.13 53.8996624
171.14 53.920312
171.15 53.9409616
171.16 53.9615873
171.17 53.982213
171.18 54.0028387
171.19 54.0234644
171.2 54.0440662
171.21 54.064668
171.22 54.0852698
171.23 54.1058477
171.24 54.1264256
171.25 54.1470035
171.26 54.1675814
171.27 54.1881354
171.28 54.2086894
171.29 54.2292434
171.3 54.2497735
171.31 54.2703275
171.32 54.2908576
171.33 54.3113877
171.34 54.3318939
171.35 54.3524001
171.36 54.3729063
171.37 54.3934125
171.38 54.4138948
171.39 54.434401
171.4 54.4548833
171.41 54.4753417
171.42 54.495824
171.43 54.5162824
171.44 54.5367408
171.45 54.5571992
171.46 54.5776337
171.47 54.5980682
171.48 54.6185027
171.49 54.6389372
171.5 54.6593478
171.51 54.6797584
171.52 54.700169
171.53 54.7205796
171.54 54.7409902
171.55 54.7613769
171.56 54.7817636
171.57 54.8021503
171.58 54.8225131
171.59 54.8428759
171.6 54.8632387
171.61 54.8836015
171.62 54.9039643
171.63 54.9243032
171.64 54.9446421
171.65 54.964981
171.66 54.9853199
171.67 55.0056349
171.68 55.0259738
171.69 55.0462888
171.7 55.0665799
171.71 55.0868949
171.72 55.107186
171.73 55.127501
171.74 55.1477682
171.75 55.1680593
171.76 55.1883504
171.77 55.2086176
171.78 55.2288848
171.79 55.249152
171.8 55.2693953
171.81 55.2896625
171.82 55.3099058
171.83 55.3301491
171.84 55.3503924
171.85 55.3706118
171.86 55.3908551
171.87 55.4110745
171.88 55.4312939
171.89 55.4515133
171.9 55.4717088
171.91 55.4919043
171.92 55.5121237
171.93 55.5323192
171.94 55.5524908
171.95 55.5726863
171.96 55.5928579
171.97 55.6130534
171.98 55.633225
171.99 55.6533727
172.0 55.6735443
172.01 55.693692
172.02 55.7138636
172.03 55.7340113
172.04 55.754159
172.05 55.7742828
172.06 55.7944305
172.07 55.8145543
172.08 55.8346781
172.09 55.8548019
172.1 55.8749257
172.11 55.8950256
172.12 55.9151494
172.13 55.9352493
172.14 55.9553492
172.15 55.9754491
172.16 55.995549
172.17 56.015625
172.18 56.0357249
172.19 56.0558009
172.2 56.0758769
172.21 56.0959529
172.22 56.1160289
172.23 56.136081
172.24 56.156157
172.25 56.1762091
172.26 56.1962612
172.27 56.2163133
172.28 56.2363654
172.29 56.2563936
172.3 56.2764457
172.31 56.2964739
172.32 56.3165021
172.33 56.3365303
172.34 56.3565585
172.35 56.3765628
172.36 56.396591
172.37 56.4165953
172.38 56.4365996
172.39 56.4566278
172.4 56.4766082
172.41 56.4966125
172.42 56.5166168
172.43 56.5365972
172.44 56.5566015
172.45 56.5765819
172.46 56.5965623
172.47 56.6165427
172.48 56.6365231
172.49 56.6564796
172.5 56.67646
172.51 56.6964165
172.52 56.716373
172.53 56.7363534
172.54 56.7563099
172.55 56.7762425
172.56 56.796199
172.57 56.8161555
172.58 56.8360881
172.59 56.8560446
172.6 56.8759772
172.61 56.8959098
172.62 56.9158424
172.63 56.935775
172.64 56.9557076
172.65 56.9756163
172.66 56.9955489
172.67 57.0154576
172.68 57.0353663
172.69 57.0552989
172.7 57.0752076
172.71 57.0951163
172.72 57.1150011
172.73 57.1349098
172.74 57.1548185
172.75 57.1747033
172.76 57.194612
172.77 57.2144968
172.78 57.2343816
172.79 57.2542664
172.8 57.2741512
172.81 57.294036
172.82 57.3139208
172.83 57.3338056
172.84 57.3536665
172.85 57.3735513
172.86 57.3934122
172.87 57.4132731
172.88 57.4331579
172.89 57.4530188
172.9 57.4728797
172.91 57.4927406
172.92 57.5125776
172.93 57.5324385
172.94 57.5522994
172.95 57.5721364
172.96 57.5919973
172.97 57.6118343
172.98 57.6316952
172.99 57.6515322
173.0 57.6713692
173.01 57.6912062
173.02 57.7110432
173.03 57.7308802
173.04 57.7507172
173.05 57.7705542
173.06 57.7903912
173.07 57.8102043
173.08 57.8300413
173.09 57.8498544
173.1 57.8696914
173.11 57.8895045
173.12 57.9093176
173.13 57.9291546
173.14 57.9489677
173.15 57.9687808
173.16 57.9885939
173.17 58.008407
173.18 58.0282201
173.19 58.0480332
173.2 58.0678224
173.21 58.0876355
173.22 58.1074486
173.23 58.1272378
173.24 58.1470509
173.25 58.166864
173.26 58.1866532
173.27 58.2064424
173.28 58.2262555
173.29 58.2460447
173.3 58.2658339
173.31 58.285647
173.32 58.3054362
173.33 58.3252254
173.34 58.3450146
173.35 58.3648038
173.36 58.384593
173.37 58.4043822
173.38 58.4241714
173.39 58.4439606
173.4 58.4637498
173.41 58.483539
173.42 58.5033282
173.43 58.5230935
173.44 58.5428827
173.45 58.5626719
173.46 58.5824372
173.47 58.6022264
173.48 58.6220156
173.49 58.6417809
173.5 58.6615701
173.51 58.6813354
173.52 58.7011246
173.53 58.7208899
173.54 58.7406791
173.55 58.7604444
173.56 58.7802336
173.57 58.7999989
173.58 58.8197881
173.59 58.8395534
173.6 58.8593187
173.61 58.8791079
173.62 58.8988732
173.63 58.9186385
173.64 58.9384277
173.65 58.958193
173.66 58.9779583
173.67 58.9977475
173.68 59.0175128
173.69 59.0372781
173.7 59.0570673
173.71 59.0768326
173.72 59.0965979
173.73 59.1163632
173.74 59.1361524
173.75 59.1559177
173.76 59.175683
173.77 59.1954722
173.78 59.2152375
173.79 59.2350028
173.8 59.254792
173.81 59.2745573
173.82 59.2943226
173.83 59.3141118
173.84 59.3338771
173.85 59.3536424
173.86 59.3734316
173.87 59.3931969
173.88 59.4129622
173.89 59.4327514
173.9 59.4525167
173.91 59.4723059
173.92 59.4920712
173.93 59.5118604
173.94 59.5316257
173.95 59.5514149
173.96 59.5711802
173.97 59.5909694
173.98 59.6107586
173.99 59.6305239
174.0 59.6503131
174.01 59.6701023
174.02 59.6898676
174.03 59.7096568
174.04 59.729446
174.05 59.7492352
174.06 59.7690005
174.07 59.7887897
174.08 59.8085789
174.09 59.8283681
174.1 59.8481573
174.11 59.8679465
174.12 59.8877357
174.13 59.907501
174.14 59.9272902
174.15 59.9470794
174.16 59.9668686
174.17 59.9866578
174.18 60.0064709
174.19 60.0262601
174.2 60.0460493
174.21 60.0658385
174.22 60.0856277
174.23 60.1054169
174.24 60.1252061
174.25 60.1450192
174.26 60.1648084
174.27 60.1845976
174.28 60.2043868
174.29 60.2241999
174.3 60.2439891
174.31 60.2637783
174.32 60.2835914
174.33 60.3033806
174.34 60.3231937
174.35 60.3429829
174.36 60.362796
174.37 60.3825852
174.38 60.4023983
174.39 60.4221875
174.4 60.4420006
174.41 60.4617898
174.42 60.4816029
174.43 60.501416
174.44 60.5212052
174.45 60.5410183
174.46 60.5608314
174.47 60.5806445
174.48 60.6004576
174.49 60.6202468
174.5 60.6400599
174.51 60.659873
174.52 60.6796861
174.53 60.6994992
174.54 60.7193123
174.55 60.7391254
174.56 60.7589385
174.57 60.7787516
174.58 60.7985647
174.59 60.8183778
174.6 60.8381909
174.61 60.8580279
174.62 60.877841
174.63 60.8976541
174.64 60.9174672
174.65 60.9373042
174.66 60.9571173
174.67 60.9769304
174.68 60.9967674
174.69 61.0165805
174.7 61.0363936
174.71 61.0562306
174.72 61.0760437
174.73 61.0958807
174.74 61.1156938
174.75 61.1355308
174.76 61.1553678
174.77 61.1751809
174.78 61.1950179
174.79 61.2148549
174.8 61.234668
174.81 61.254505
174.82 61.274342
174.83 61.294179
174.84 61.314016
174.85 61.333853
174.86 61.35369
174.87 61.373527
174.88 61.393364
174.89 61.413201
174.9 61.433038
174.91 61.452875
174.92 61.472712
174.93 61.492549
174.94 61.512386
174.95 61.532223
174.96 61.5520839
174.97 61.5719209
174.98 61.5917579
174.99 61.6116188
175.0 61.6314558
175.01 61.6513167
175.02 61.6711537
175.03 61.6910146
175.04 61.7108516
175.05 61.7307125
175.06 61.7505495
175.07 61.7704104
175.08 61.7902713
175.09 61.8101083
175.1 61.8299692
175.11 61.8498301
175.12 61.869691
175.13 61.889528
175.14 61.9093889
175.15 61.9292498
175.16 61.9491107
175.17 61.9689716
175.18 61.9888325
175.19 62.0086934
175.2 62.0285543
175.21 62.0484391
175.22 62.0683
175.23 62.0881609
175.24 62.1080218
175.25 62.1278827
175.26 62.1477675
175.27 62.1676284
175.28 62.1875132
175.29 62.2073741
175.3 62.227235
175.31 62.2471198
175.32 62.2670046
175.33 62.2868655
175.34 62.3067503
175.35 62.3266112
175.36 62.346496
175.37 62.3663808
175.38 62.3862656
175.39 62.4061265
175.4 62.4260113
175.41 62.4458961
175.42 62.4657809
175.43 62.4856657
175.44 62.5055505
175.45 62.5254353
175.46 62.5453201
175.47 62.5652049
175.48 62.5851136
175.49 62.6049984
175.5 62.6248832
175.51 62.644768
175.52 62.6646767
175.53 62.6845615
175.54 62.7044702
175.55 62.724355
175.56 62.7442637
175.57 62.7641485
175.58 62.7840572
175.59 62.803942
175.6 62.8238507
175.61 62.8437594
175.62 62.8636681
175.63 62.8835529
175.64 62.9034616
175.65 62.9233703
175.66 62.943279
175.67 62.9631877
175.68 62.9830964
175.69 63.0030051
175.7 63.0229138
175.71 63.0428225
175.72 63.0627312
175.73 63.0826638
175.74 63.1025725
175.75 63.1224812
175.76 63.1424138
175.77 63.1623225
175.78 63.1822312
175.79 63.2021638
175.8 63.2220964
175.81 63.2420051
175.82 63.2619377
175.83 63.2818464
175.84 63.301779
175.85 63.3217116
175.86 63.3416442
175.87 63.3615768
175.88 63.3814855
175.89 63.4014181
175.9 63.4213507
175.91 63.4412833
175.92 63.4612159
175.93 63.4811724
175.94 63.501105
175.95 63.5210376
175.96 63.5409702
175.97 63.5609267
175.98 63.5808593
175.99 63.6007919
176.0 63.6207484
176.01 63.640681
176.02 63.6606375
176.03 63.6805701
176.04 63.7005266
176.05 63.7204831
176.06 63.7404396
176.07 63.7603722
176.08 63.7803287
176.09 63.8002852
176.1 63.8202417
176.11 63.8401982
176.12 63.8601547
176.13 63.8801112
176.14 63.9000677
176.15 63.9200242
176.16 63.9400046
176.17 63.9599611
176.18 63.9799176
176.19 63.999898
176.2 64.0198545
176.21 64.039811
176.22 64.0597914
176.23 64.0797718
176.24 64.0997283
176.25 64.1197087
176.26 64.1396891
176.27 64.1596456
176.28 64.179626
176.29 64.1996064
176.3 64.2195868
176.31 64.2395672
176.32 64.2595476
176.33 64.279528
176.34 64.2995084
176.35 64.3194888
176.36 64.3394931
176.37 64.3594735
176.38 64.3794539
176.39 64.3994582
176.4 64.4194386
176.41 64.4394429
176.42 64.4594233
176.43 64.4794276
176.44 64.499408
176.45 64.5194123
176.46 64.5394166
176.47 64.5594209
176.48 64.5794252
176.49 64.5994295
176.5 64.6194338
176.51 64.6394381
176.52 64.6594424
176.53 64.6794467
176.54 64.699451
176.55 64.7194553
176.56 64.7394835
176.57 64.7594878
176.58 64.7794921
176.59 64.7995203
176.6 64.8195246
176.61 64.8395528
176.62 64.859581
176.63 64.8795853
176.64 64.8996135
176.65 64.9196417
176.66 64.9396699
176.67 64.9596742
176.68 64.9797024
176.69 64.9997306
176.7 65.0197827
176.71 65.0398109
176.72 65.0598391
176.73 65.0798673
176.74 65.0998955
176.75 65.1199476
176.76 65.1399758
176.77 65.1600279
176.78 65.1800561
176.79 65.2001082
176.8 65.2201364
176.81 65.2401885
176.82 65.2602406
176.83 65.2802927
176.84 65.3003448
176.85 65.3203969
176.86 65.340449
176.87 65.3605011
176.88 65.3805532
176.89 65.4006053
176.9 65.4206574
176.91 65.4407095
176.92 65.4607855
176.93 65.4808376
176.94 65.5009136
176.95 65.5209657
176.96 65.5410417
176.97 65.5610938
176.98 65.5811698
176.99 65.6012458
177.0 65.6213218
177.01 65.6413978
177.02 65.6614738
177.03 65.6815498
177.04 65.7016258
177.05 65.7217018
177.06 65.7417778
177.07 65.7618538
177.08 65.7819298
177.09 65.8020297
177.1 65.8221057
177.11 65.8422056
177.12 65.8622816
177.13 65.8823815
177.14 65.9024575
177.15 65.9225574
177.16 65.9426573
177.17 65.9627572
177.18 65.9828571
177.19 66.0029331
177.2 66.023033
177.21 66.0431329
177.22 66.0632328
177.23 66.0833566
177.24 66.1034565
177.25 66.1235564
177.26 66.1436563
177.27 66.1637801
177.28 66.18388
177.29 66.2040038
177.3 66.2241037
177.31 66.2442275
177.32 66.2643274
177.33 66.2844512
177.34 66.304575
177.35 66.3246749
177.36 66.3447987
177.37 66.3649225
177.38 66.3850463
177.39 66.4051701
177.4 66.4252939
177.41 66.4454177
177.42 66.4655415
177.43 66.4856653
177.44 66.505813
177.45 66.5259368
177.46 66.5460606
177.47 66.5661844
177.48 66.5863321
177.49 66.6064559
177.5 66.6266036
177.51 66.6467274
177.52 66.6668751
177.53 66.6870228
177.54 66.7071466
177.55 66.7272943
177.56 66.747442
177.57 66.7675897
177.58 66.7877374
177.59 66.8078851
177.6 66.8280328
177.61 66.8481805
177.62 66.8683282
177.63 66.8884759
177.64 66.9086236
177.65 66.9287952
177.66 66.9489429
177.67 66.9690906
177.68 66.9892622
177.69 67.0094099
177.7 67.0295576
177.71 67.0497292
177.72 67.0698769
177.73 67.0900485
177.74 67.1102201
177.75 67.1303678
177.76 67.1505394
177.77 67.170711
177.78 67.1908826
177.79 67.2110542
177.8 67.2312019
177.81 67.2513735
177.82 67.2715451
177.83 67.2917167
177.84 67.3119122
177.85 67.3320838
177.86 67.3522554
177.87 67.372427
177.88 67.3925986
177.89 67.4127941
177.9 67.4329657
177.91 67.4531373
177.92 67.4733328
177.93 67.4935044
177.94 67.5136999
177.95 67.5338715
177.96 67.554067
177.97 67.5742386
177.98 67.5944341
177.99 67.6146296
178.0 67.6348012
178.01 67.6549967
178.02 67.6751922
178.03 67.6953877
178.04 67.7155832
178.05 67.7357787
178.06 67.7559742
178.07 67.7761697
178.08 67.7963652
178.09 67.8165607
178.1 67.8367562
178.11 67.8569517
178.12 67.8771472
178.13 67.8973427
178.14 67.9175621
178.15 67.9377576
178.16 67.9579531
178.17 67.9781725
178.18 67.998368
178.19 68.0185874
178.2 68.0387829
178.21 68.0590023
178.22 68.0791978
178.23 68.0994172
178.24 68.1196127
178.25 68.1398321
178.26 68.1600515
178.27 68.180247
178.28 68.2004664
178.29 68.2206858
178.3 68.2409052
178.31 68.2611246
178.32 68.2813201
178.33 68.3015395
178.34 68.3217589
178.35 68.3419783
178.36 68.3621977
178.37 68.3824171
178.38 68.4026365
178.39 68.4228798
178.4 68.4430992
178.41 68.4633186
178.42 68.483538
178.43 68.5037574
178.44 68.5240007
178.45 68.5442201
178.46 68.5644395
178.47 68.5846828
178.48 68.6049022
178.49 68.6251216
178.5 68.6453649
178.51 68.6655843
178.52 68.6858276
178.53 68.706047
178.54 68.7262903
178.55 68.7465097
178.56 68.766753
178.57 68.7869963
178.58 68.8072157
178.59 68.827459
178.6 68.8477023
178.61 68.8679456
178.62 68.888165
178.63 68.9084083
178.64 68.9286516
178.65 68.9488949
178.66 68.9691382
178.67 68.9893815
178.68 69.0096248
178.69 69.0298681
178.7 69.0501114
178.71 69.0703547
178.72 69.090598
178.73 69.1108413
178.74 69.1310846
178.75 69.1513279
178.76 69.1715712
178.77 69.1918145
178.78 69.2120817
178.79 69.232325
178.8 69.2525683
178.81 69.2728116
178.82 69.2930788
178.83 69.3133221
178.84 69.3335654
178.85 69.3538326
178.86 69.3740759
178.87 69.3943192
178.88 69.4145864
178.89 69.4348297
178.9 69.4550969
178.91 69.4753402
178.92 69.4956074
178.93 69.5158507
178.94 69.5361179
178.95 69.5563612
178.96 69.5766284
178.97 69.5968956
178.98 69.6171389
178.99 69.6374061
179.0 69.6576733
179.01 69.6779166
179.02 69.6981838
179.03 69.718451
179.04 69.7387182
179.05 69.7589615
179.06 69.7792287
179.07 69.7994959
179.08 69.8197631
179.09 69.8400303
179.1 69.8602736
179.11 69.8805408
179.12 69.900808
179.13 69.9210752
179.14 69.9413424
179.15 69.9616096
179.16 69.9818768
179.17 70.002144
179.18 70.0224112
179.19 70.0426784
179.2 70.0629456
179.21 70.0832128
179.22 70.10348
179.23 70.1237472
179.24 70.1440144
179.25 70.1642816
179.26 70.1845727
179.27 70.2048399
179.28 70.2251071
179.29 70.2453743
179.3 70.2656415
179.31 70.2859087
179.32 70.3061998
179.33 70.326467
179.34 70.3467342
179.35 70.3670014
179.36 70.3872925
179.37 70.4075597
179.38 70.4278269
179.39 70.4480941
179.4 70.4683852
179.41 70.4886524
179.42 70.5089196
179.43 70.5292107
179.44 70.5494779
179.45 70.5697451
179.46 70.5900362
179.47 70.6103034
179.48 70.6305945
179.49 70.6508617
179.5 70.6711289
179.51 70.69142
179.52 70.7116872
179.53 70.7319783
179.54 70.7522455
179.55 70.7725366
179.56 70.7928038
179.57 70.8130949
179.58 70.8333621
179.59 70.8536532
179.6 70.8739204
179.61 70.8942115
179.62 70.9144787
179.63 70.9347698
179.64 70.955037
179.65 70.9753281
179.66 70.9955953
179.67 71.0158864
179.68 71.0361536
179.69 71.0564447
179.7 71.0767119
179.71 71.097003
179.72 71.1172941
179.73 71.1375613
179.74 71.1578524
179.75 71.1781196
179.76 71.1984107
179.77 71.2187018
179.78 71.238969
179.79 71.2592601
179.8 71.2795512
179.81 71.2998184
179.82 71.3201095
179.83 71.3403767
179.84 71.3606678
179.85 71.3809589
179.86 71.4012261
179.87 71.4215172
179.88 71.4418083
179.89 71.4620755
179.9 71.4823666
179.91 71.5026577
179.92 71.5229249
179.93 71.543216
179.94 71.5635071
179.95 71.5837743
179.96 71.6040654
179.97 71.6243565
179.98 71.6446237
179.99 71.6649148
180.0 71.6852059
180.01 71.6852059
