0.0 71.7001673
0.01 71.7001434
0.02 71.7001434
0.03 71.7001434
0.04 71.7001434
0.05 71.7001434
0.06 71.7001434
0.07 71.7001434
0.08 71.7001434
0.09 71.7001434
0.1 71.7001434
0.11 71.7001434
0.12 71.7001434
0.13 71.7001434
0.14 71.7001434
0.15 71.7001434
0.16 71.7001434
0.17 71.7001434
0.18 71.7001434
0.19 71.7001434
0.2 71.7001434
0.21 71.7001195
0.22 71.7001195
0.23 71.7001195
0.24 71.7001195
0.25 71.7001195
0.26 71.7001195
0.27 71.7001195
0.28 71.7001195
0.29 71.7001195
0.3 71.7001195
0.31 71.7001195
0.32 71.7001195
0.33 71.7001195
0.34 71.7001195
0.35 71.7001195
0.36 71.7001195
0.37 71.7001195
0.38 71.7001195
0.39 71.7001195
0.4 71.7000956
0.41 71.7000956
0.42 71.7000956
0.43 71.7000956
0.44 71.7000956
0.45 71.7000956
0.46 71.7000956
0.47 71.7000956
0.48 71.7000956
0.49 71.7000956
0.5 71.7000956
0.51 71.7000956
0.52 71.7000956
0.53 71.7000956
0.54 71.7000956
0.55 71.7000956
0.56 71.7000956
0.57 71.7000956
0.58 71.7000956
0.59 71.7000717
0.6 71.7000717
0.61 71.7000717
0.62 71.7000717
0.63 71.7000717
0.64 71.7000717
0.65 71.7000717
0.66 71.7000717
0.67 71.7000717
0.68 71.7000717
0.69 71.7000717
0.7 71.7000717
0.71 71.7000717
0.72 71.7000717
0.73 71.7000717
0.74 71.7000717
0.75 71.7000717
0.76 71.7000717
0.77 71.7000478
0.78 71.7000478
0.79 71.7000478
0.8 71.7000478
0.81 71.7000478
0.82 71.7000478
0.83 71.7000478
0.84 71.7000478
0.85 71.7000478
0.86 71.7000478
0.87 71.7000478
0.88 71.7000478
0.89 71.7000478
0.9 71.7000478
0.91 71.7000478
0.92 71.7000478
0.93 71.7000478
0.94 71.7000239
0.95 71.7000239
0.96 71.7000239
0.97 71.7000239
0.98 71.7000239
0.99 71.7000239
1.0 71.7000239
1.01 71.7000239
1.02 71.7000239
1.03 71.7000239
1.04 71.7000239
1.05 71.7000239
1.06 71.7000239
1.07 71.7000239
1.08 71.7000239
1.09 71.7000239
1.1 71.7000239
1.11 71.7
1.12 71.7
1.13 71.7
1.14 71.7
1.15 71.7
1.16 71.7
1.17 71.7
1.18 71.7
1.19 71.7
1.2 71.7
1.21 71.7
1.22 71.7
1.23 71.7
1.24 71.7
1.25 71.7
1.26 71.7
1.27 71.6999761
1.28 71.6999761
1.29 71.6999761
1.3 71.6999761
1.31 71.6999761
1.32 71.6999761
1.33 71.6999761
1.34 71.6999761
1.35 71.6999761
1.36 71.6999761
1.37 71.6999761
1.38 71.6999761
1.39 71.6999761
1.4 71.6999761
1.41 71.6999761
1.42 71.6999522
1.43 71.6999522
1.44 71.6999522
1.45 71.6999522
1.46 71.6999522
1.47 71.6999522
1.48 71.6999522
1.49 71.6999522
1.5 71.6999522
1.51 71.6999522
1.52 71.6999522
1.53 71.6999522
1.54 71.6999522
1.55 71.6999522
1.56 71.6999283
1.57 71.6999283
1.58 71.6999283
1.59 71.6999283
1.6 71.6999283
1.61 71.6999283
1.62 71.6999283
1.63 71.6999283
1.64 71.6999283
1.65 71.6999283
1.66 71.6999283
1.67 71.6999283
1.68 71.6999283
1.69 71.6999283
1.7 71.6999044
1.71 71.6999044
1.72 71.6999044
1.73 71.6999044
1.74 71.6999044
1.75 71.6999044
1.76 71.6999044
1.77 71.6999044
1.78 71.6999044
1.79 71.6999044
1.8 71.6999044
1.81 71.6999044
1.82 71.6999044
1.83 71.6998805
1.84 71.6998805
1.85 71.6998805
1.86 71.6998805
1.87 71.6998805
1.88 71.6998805
1.89 71.6998805
1.9 71.6998805
1.91 71.6998805
1.92 71.6998805
1.93 71.6998805
1.94 71.6998805
1.95 71.6998566
1.96 71.6998566
1.97 71.6998566
1.98 71.6998566
1.99 71.6998566
2.0 71.6998566
2.01 71.6998566
2.02 71.6998566
2.03 71.6998566
2.04 71.6998566
2.05 71.6998566
2.06 71.6998566
2.07 71.6998327
2.08 71.6998327
2.09 71.6998327
2.1 71.6998327
2.11 71.6998327
2.12 71.6998327
2.13 71.6998327
2.14 71.6998327
2.15 71.6998327
2.16 71.6998327
2.17 71.6998327
2.18 71.6998088
2.19 71.6998088
2.2 71.6998088
2.21 71.6998088
2.22 71.6998088
2.23 71.6998088
2.24 71.6998088
2.25 71.6998088
2.26 71.6998088
2.27 71.6998088
2.28 71.6998088
2.29 71.6997849
2.3 71.6997849
2.31 71.6997849
2.32 71.6997849
2.33 71.6997849
2.34 71.6997849
2.35 71.6997849
2.36 71.6997849
2.37 71.6997849
2.38 71.6997849
2.39 71.699761
2.4 71.699761
2.41 71.699761
2.42 71.699761
2.43 71.699761
2.44 71.699761
2.45 71.699761
2.46 71.699761
2.47 71.699761
2.48 71.699761
2.49 71.6997371
2.5 71.6997371
2.51 71.6997371
2.52 71.6997371
2.53 71.6997371
2.54 71.6997371
2.55 71.6997371
2.56 71.6997371
2.57 71.6997371
2.58 71.6997132
2.59 71.6997132
2.6 71.6997132
2.61 71.6997132
2.62 71.6997132
2.63 71.6997132
2.64 71.6997132
2.65 71.6997132
2.66 71.6997132
2.67 71.6996893
2.68 71.6996893
2.69 71.6996893
2.7 71.6996893
2.71 71.6996893
2.72 71.6996893
2.73 71.6996893
2.74 71.6996893
2.75 71.6996893
2.76 71.6996654
2.77 71.6996654
2.78 71.6996654
2.79 71.6996654
2.8 71.6996654
2.81 71.6996654
2.82 71.6996654
2.83 71.6996654
2.84 71.6996415
2.85 71.6996415
2.86 71.6996415
2.87 71.6996415
2.88 71.6996415
2.89 71.6996415
2.9 71.6996415
2.91 71.6996415
2.92 71.6996176
2.93 71.6996176
2.94 71.6996176
2.95 71.6996176
2.96 71.6996176
2.97 71.6996176
2.98 71.6996176
2.99 71.6996176
3.0 71.6995937
3.01 71.6995937
3.02 71.6995937
3.03 71.6995937
3.04 71.6995937
3.05 71.6995937
3.06 71.6995937
3.07 71.6995937
3.08 71.6995698
3.09 71.6995698
3.1 71.6995698
3.11 71.6995698
3.12 71.6995698
3.13 71.6995698
3.14 71.6995698
3.15 71.6995459
3.16 71.6995459
3.17 71.6995459
3.18 71.6995459
3.19 71.6995459
3.2 71.6995459
3.21 71.6995459
3.22 71.6995459
3.23 71.699522
3.24 71.699522
3.25 71.699522
3.26 71.699522
3.27 71.699522
3.28 71.699522
3.29 71.699522
3.3 71.6994981
3.31 71.6994981
3.32 71.6994981
3.33 71.6994981
3.34 71.6994981
3.35 71.6994981
3.36 71.6994981
3.37 71.6994742
3.38 71.6994742
3.39 71.6994742
3.4 71.6994742
3.41 71.6994742
3.42 71.6994742
3.43 71.6994503
3.44 71.6994503
3.45 71.6994503
3.46 71.6994503
3.47 71.6994503
3.48 71.6994503
3.49 71.6994503
3.5 71.6994264
3.51 71.6994264
3.52 71.6994264
3.53 71.6994264
3.54 71.6994264
3.55 71.6994264
3.56 71.6994264
3.57 71.6994025
3.58 71.6994025
3.59 71.6994025
3.6 71.6994025
3.61 71.6994025
3.62 71.6994025
3.63 71.6993786
3.64 71.6993786
3.65 71.6993786
3.66 71.6993786
3.67 71.6993786
3.68 71.6993786
3.69 71.6993547
3.7 71.6993547
3.71 71.6993547
3.72 71.6993547
3.73 71.6993547
3.74 71.6993547
3.75 71.6993547
3.76 71.6993308
3.77 71.6993308
3.78 71.6993308
3.79 71.6993308
3.8 71.6993308
3.81 71.6993308
3.82 71.6993069
3.83 71.6993069
3.84 71.6993069
3.85 71.6993069
3.86 71.6993069
3.87 71.6993069
3.88 71.699283
3.89 71.699283
3.9 71.699283
3.91 71.699283
3.92 71.699283
3.93 71.699283
3.94 71.6992591
3.95 71.6992591
3.96 71.6992591
3.97 71.6992591
3.98 71.6992591
3.99 71.6992591
4.0 71.6992352
4.01 71.6992352
4.02 71.6992352
4.03 71.6992352
4.04 71.6992352
4.05 71.6992352
4.06 71.6992113
4.07 71.6992113
4.08 71.6992113
4.09 71.6992113
4.1 71.6992113
4.11 71.6992113
4.12 71.6991874
4.13 71.6991874
4.14 71.6991874
4.15 71.6991874
4.16 71.6991874
4.17 71.6991635
4.18 71.6991635
4.19 71.6991635
4.2 71.6991635
4.21 71.6991635
4.22 71.6991635
4.23 71.6991396
4.24 71.6991396
4.25 71.6991396
4.26 71.6991396
4.27 71.6991396
4.28 71.6991396
4.29 71.6991157
4.3 71.6991157
4.31 71.6991157
4.32 71.6991157
4.33 71.6991157
4.34 71.6991157
4.35 71.6990918
4.36 71.6990918
4.37 71.6990918
4.38 71.6990918
4.39 71.6990918
4.4 71.6990679
4.41 71.6990679
4.42 71.6990679
4.43 71.6990679
4.44 71.6990679
4.45 71.6990679
4.46 71.699044
4.47 71.699044
4.48 71.699044
4.49 71.699044
4.5 71.699044
4.51 71.6990201
4.52 71.6990201
4.53 71.6990201
4.54 71.6990201
4.55 71.6990201
4.56 71.6990201
4.57 71.6989962
4.58 71.6989962
4.59 71.6989962
4.6 71.6989962
4.61 71.6989962
4.62 71.6989962
4.63 71.6989723
4.64 71.6989723
4.65 71.6989723
4.66 71.6989723
4.67 71.6989723
4.68 71.6989484
4.69 71.6989484
4.7 71.6989484
4.71 71.6989484
4.72 71.6989484
4.73 71.6989484
4.74 71.6989245
4.75 71.6989245
4.76 71.6989245
4.77 71.6989245
4.78 71.6989245
4.79 71.6989006
4.8 71.6989006
4.81 71.6989006
4.82 71.6989006
4.83 71.6989006
4.84 71.6989006
4.85 71.6988767
4.86 71.6988767
4.87 71.6988767
4.88 71.6988767
4.89 71.6988767
4.9 71.6988528
4.91 71.6988528
4.92 71.6988528
4.93 71.6988528
4.94 71.6988528
4.95 71.6988528
4.96 71.6988289
4.97 71.6988289
4.98 71.6988289
4.99 71.6988289
5.0 71.6988289
5.01 71.698805
5.02 71.698805
5.03 71.698805
5.04 71.698805
5.05 71.698805
5.06 71.698805
5.07 71.6987811
5.08 71.6987811
5.09 71.6987811
5.1 71.6987811
5.11 71.6987811
5.12 71.6987572
5.13 71.6987572
5.14 71.6987572
5.15 71.6987572
5.16 71.6987572
5.17 71.6987572
5.18 71.6987333
5.19 71.6987333
5.2 71.6987333
5.21 71.6987333
5.22 71.6987333
5.23 71.6987094
5.24 71.6987094
5.25 71.6987094
5.26 71.6987094
5.27 71.6987094
5.28 71.6987094
5.29 71.6986855
5.3 71.6986855
5.31 71.6986855
5.32 71.6986855
5.33 71.6986855
5.34 71.6986855
5.35 71.6986616
5.36 71.6986616
5.37 71.6986616
5.38 71.6986616
5.39 71.6986616
5.4 71.6986377
5.41 71.6986377
5.42 71.6986377
5.43 71.6986377
5.44 71.6986377
5.45 71.6986377
5.46 71.6986138
5.47 71.6986138
5.48 71.6986138
5.49 71.6986138
5.5 71.6986138
5.51 71.6986138
5.52 71.6985899
5.53 71.6985899
5.54 71.6985899
5.55 71.6985899
5.56 71.6985899
5.57 71.698566
5.58 71.698566
5.59 71.698566
5.6 71.698566
5.61 71.698566
5.62 71.698566
5.63 71.6985421
5.64 71.6985421
5.65 71.6985421
5.66 71.6985421
5.67 71.6985421
5.68 71.6985421
5.69 71.6985182
5.7 71.6985182
5.71 71.6985182
5.72 71.6985182
5.73 71.6985182
5.74 71.6984943
5.75 71.6984943
5.76 71.6984943
5.77 71.6984943
5.78 71.6984943
5.79 71.6984943
5.8 71.6984704
5.81 71.6984704
5.82 71.6984704
5.83 71.6984704
5.84 71.6984704
5.85 71.6984704
5.86 71.6984465
5.87 71.6984465
5.88 71.6984465
5.89 71.6984465
5.9 71.6984465
5.91 71.6984465
5.92 71.6984226
5.93 71.6984226
5.94 71.6984226
5.95 71.6984226
5.96 71.6984226
5.97 71.6984226
5.98 71.6983987
5.99 71.6983987
6.0 71.6983987
6.01 71.6983987
6.02 71.6983987
6.03 71.6983987
6.04 71.6983748
6.05 71.6983748
6.06 71.6983748
6.07 71.6983748
6.08 71.6983748
6.09 71.6983748
6.1 71.6983509
6.11 71.6983509
6.12 71.6983509
6.13 71.6983509
6.14 71.6983509
6.15 71.6983509
6.16 71.698327
6.17 71.698327
6.18 71.698327
6.19 71.698327
6.2 71.698327
6.21 71.698327
6.22 71.698327
6.23 71.6983031
6.24 71.6983031
6.25 71.6983031
6.26 71.6983031
6.27 71.6983031
6.28 71.6983031
6.29 71.6982792
6.3 71.6982792
6.31 71.6982792
6.32 71.6982792
6.33 71.6982792
6.34 71.6982792
6.35 71.6982792
6.36 71.6982553
6.37 71.6982553
6.38 71.6982553
6.39 71.6982553
6.4 71.6982553
6.41 71.6982553
6.42 71.6982553
6.43 71.6982314
6.44 71.6982314
6.45 71.6982314
6.46 71.6982314
6.47 71.6982314
6.48 71.6982314
6.49 71.6982314
6.5 71.6982075
6.51 71.6982075
6.52 71.6982075
6.53 71.6982075
6.54 71.6982075
6.55 71.6982075
6.56 71.6982075
6.57 71.6982075
6.58 71.6981836
6.59 71.6981836
6.6 71.6981836
6.61 71.6981836
6.62 71.6981836
6.63 71.6981836
6.64 71.6981836
6.65 71.6981836
6.66 71.6981597
6.67 71.6981597
6.68 71.6981597
6.69 71.6981597
6.7 71.6981597
6.71 71.6981597
6.72 71.6981597
6.73 71.6981597
6.74 71.6981597
6.75 71.6981597
6.76 71.6981358
6.77 71.6981358
6.78 71.6981358
6.79 71.6981358
6.8 71.6981358
6.81 71.6981358
6.82 71.6981358
6.83 71.6981358
6.84 71.6981358
6.85 71.6981358
6.86 71.6981358
6.87 71.6981119
6.88 71.6981119
6.89 71.6981119
6.9 71.6981119
6.91 71.6981119
6.92 71.6981119
6.93 71.6981119
6.94 71.6981119
6.95 71.6981119
6.96 71.6981119
6.97 71.6981119
6.98 71.6981119
6.99 71.6981119
7.0 71.6981119
7.01 71.6981119
7.02 71.6981119
7.03 71.6981119
7.04 71.698088
7.05 71.698088
7.06 71.698088
7.07 71.698088
7.08 71.698088
7.09 71.698088
7.1 71.698088
7.11 71.698088
7.12 71.698088
7.13 71.698088
7.14 71.698088
7.15 71.698088
7.16 71.698088
7.17 71.698088
7.18 71.698088
7.19 71.698088
7.2 71.698088
7.21 71.698088
7.22 71.698088
7.23 71.698088
7.24 71.698088
7.25 71.698088
7.26 71.698088
7.27 71.698088
7.28 71.698088
7.29 71.698088
7.3 71.698088
7.31 71.698088
7.32 71.698088
7.33 71.698088
7.34 71.698088
7.35 71.698088
7.36 71.6981119
7.37 71.6981119
7.38 71.6981119
7.39 71.6981119
7.4 71.6981119
7.41 71.6981119
7.42 71.6981119
7.43 71.6981119
7.44 71.6981119
7.45 71.6981119
7.46 71.6981119
7.47 71.6981119
7.48 71.6981119
7.49 71.6981119
7.5 71.6981119
7.51 71.6981358
7.52 71.6981358
7.53 71.6981358
7.54 71.6981358
7.55 71.6981358
7.56 71.6981358
7.57 71.6981358
7.58 71.6981358
7.59 71.6981358
7.6 71.6981358
7.61 71.6981597
7.62 71.6981597
7.63 71.6981597
7.64 71.6981597
7.65 71.6981597
7.66 71.6981597
7.67 71.6981597
7.68 71.6981836
7.69 71.6981836
7.7 71.6981836
7.71 71.6981836
7.72 71.6981836
7.73 71.6981836
7.74 71.6982075
7.75 71.6982075
7.76 71.6982075
7.77 71.6982075
7.78 71.6982075
7.79 71.6982075
7.8 71.6982314
7.81 71.6982314
7.82 71.6982314
7.83 71.6982314
7.84 71.6982314
7.85 71.6982553
7.86 71.6982553
7.87 71.6982553
7.88 71.6982553
7.89 71.6982792
7.9 71.6982792
7.91 71.6982792
7.92 71.6982792
7.93 71.6982792
7.94 71.6983031
7.95 71.6983031
7.96 71.6983031
7.97 71.698327
7.98 71.698327
7.99 71.698327
8.0 71.698327
8.01 71.6983509
8.02 71.6983509
8.03 71.6983509
8.04 71.6983509
8.05 71.6983748
8.06 71.6983748
8.07 71.6983748
8.08 71.6983987
8.09 71.6983987
8.1 71.6983987
8.11 71.6984226
8.12 71.6984226
8.13 71.6984226
8.14 71.6984465
8.15 71.6984465
8.16 71.6984465
8.17 71.6984704
8.18 71.6984704
8.19 71.6984704
8.2 71.6984943
8.21 71.6984943
8.22 71.6984943
8.23 71.6985182
8.24 71.6985182
8.25 71.6985421
8.26 71.6985421
8.27 71.6985421
8.28 71.698566
8.29 71.698566
8.3 71.6985899
8.31 71.6985899
8.32 71.6985899
8.33 71.6986138
8.34 71.6986138
8.35 71.6986377
8.36 71.6986377
8.37 71.6986616
8.38 71.6986616
8.39 71.6986855
8.4 71.6986855
8.41 71.6987094
8.42 71.6987094
8.43 71.6987094
8.44 71.6987333
8.45 71.6987333
8.46 71.6987572
8.47 71.6987572
8.48 71.6987811
8.49 71.6987811
8.5 71.698805
8.51 71.698805
8.52 71.6988289
8.53 71.6988528
8.54 71.6988528
8.55 71.6988767
8.56 71.6988767
8.57 71.6989006
8.58 71.6989006
8.59 71.6989245
8.6 71.6989245
8.61 71.6989484
8.62 71.6989723
8.63 71.6989723
8.64 71.6989962
8.65 71.6989962
8.66 71.6990201
8.67 71.699044
8.68 71.699044
8.69 71.6990679
8.7 71.6990679
8.71 71.6990918
8.72 71.6991157
8.73 71.6991157
8.74 71.6991396
8.75 71.6991635
8.76 71.6991635
8.77 71.6991874
8.78 71.6992113
8.79 71.6992113
8.8 71.6992352
8.81 71.6992591
8.82 71.6992591
8.83 71.699283
8.84 71.6993069
8.85 71.6993069
8.86 71.6993308
8.87 71.6993547
8.88 71.6993786
8.89 71.6993786
8.9 71.6994025
8.91 71.6994264
8.92 71.6994503
8.93 71.6994503
8.94 71.6994742
8.95 71.6994981
8.96 71.699522
8.97 71.6995459
8.98 71.6995459
8.99 71.6995698
9.0 71.6995937
9.01 71.6996176
9.02 71.6996415
9.03 71.6996415
9.04 71.6996654
9.05 71.6996893
9.06 71.6997132
9.07 71.6997371
9.08 71.699761
9.09 71.6997849
9.1 71.6997849
9.11 71.6998088
9.12 71.6998327
9.13 71.6998566
9.14 71.6998805
9.15 71.6999044
9.16 71.6999283
9.17 71.6999522
9.18 71.6999761
9.19 71.7
9.2 71.7
9.21 71.7000239
9.22 71.7000478
9.23 71.7000717
9.24 71.7000956
9.25 71.7001195
9.26 71.7001434
9.27 71.7001673
9.28 71.7001912
9.29 71.7002151
9.3 71.700239
9.31 71.7002629
9.32 71.7002868
9.33 71.7003107
9.34 71.7003346
9.35 71.7003585
9.36 71.7003824
9.37 71.7004302
9.38 71.7004541
9.39 71.700478
9.4 71.7005019
9.41 71.7005258
9.42 71.7005497
9.43 71.7005736
9.44 71.7005975
9.45 71.7006214
9.46 71.7006453
9.47 71.7006931
9.48 71.700717
9.49 71.7007409
9.5 71.7007648
9.51 71.7007887
9.52 71.7008126
9.53 71.7008365
9.54 71.7008843
9.55 71.7009082
9.56 71.7009321
9.57 71.700956
9.58 71.7009799
9.59 71.7010277
9.6 71.7010516
9.61 71.7010755
9.62 71.7010994
9.63 71.7011472
9.64 71.7011711
9.65 71.701195
9.66 71.7012189
9.67 71.7012667
9.68 71.7012906
9.69 71.7013145
9.7 71.7013623
9.71 71.7013862
9.72 71.7014101
9.73 71.7014579
9.74 71.7014818
9.75 71.7015057
9.76 71.7015535
9.77 71.7015774
9.78 71.7016013
9.79 71.7016491
9.8 71.701673
9.81 71.7017208
9.82 71.7017447
9.83 71.7017686
9.84 71.7018164
9.85 71.7018403
9.86 71.7018881
9.87 71.701912
9.88 71.7019598
9.89 71.7019837
9.9 71.7020076
9.91 71.7020554
9.92 71.7020793
9.93 71.7021271
9.94 71.702151
9.95 71.7021988
9.96 71.7022227
9.97 71.7022705
9.98 71.7023183
9.99 71.7023422
10.0 71.70239
10.01 71.7024139
10.02 71.7024617
10.03 71.7024856
10.04 71.7025334
10.05 71.7025812
10.06 71.7026051
10.07 71.7026529
10.08 71.7026768
10.09 71.7027246
10.1 71.7027724
10.11 71.7027963
10.12 71.7028441
10.13 71.7028919
10.14 71.7029158
10.15 71.7029636
10.16 71.7030114
10.17 71.7030353
10.18 71.7030831
10.19 71.7031309
10.2 71.7031787
10.21 71.7032026
10.22 71.7032504
10.23 71.7032982
10.24 71.703346
10.25 71.7033699
10.26 71.7034177
10.27 71.7034655
10.28 71.7035133
10.29 71.7035611
10.3 71.703585
10.31 71.7036328
10.32 71.7036806
10.33 71.7037284
10.34 71.7037762
10.35 71.703824
10.36 71.7038718
10.37 71.7038957
10.38 71.7039435
10.39 71.7039913
10.4 71.7040391
10.41 71.7040869
10.42 71.7041347
10.43 71.7041825
10.44 71.7042303
10.45 71.7042781
10.46 71.7043259
10.47 71.7043737
10.48 71.7044215
10.49 71.7044693
10.5 71.7045171
10.51 71.7045649
10.52 71.7046127
10.53 71.7046605
10.54 71.7047083
10.55 71.7047561
10.56 71.7048039
10.57 71.7048517
10.58 71.7048995
10.59 71.7049473
10.6 71.705019
10.61 71.7050668
10.62 71.7051146
10.63 71.7051624
10.64 71.7052102
10.65 71.705258
10.66 71.7053058
10.67 71.7053775
10.68 71.7054253
10.69 71.7054731
10.7 71.7055209
10.71 71.7055687
10.72 71.7056404
10.73 71.7056882
10.74 71.705736
10.75 71.7057838
10.76 71.7058555
10.77 71.7059033
10.78 71.7059511
10.79 71.7060228
10.8 71.7060706
10.81 71.7061184
10.82 71.7061901
10.83 71.7062379
10.84 71.7062857
10.85 71.7063574
10.86 71.7064052
10.87 71.706453
10.88 71.7065247
10.89 71.7065725
10.9 71.7066442
10.91 71.706692
10.92 71.7067398
10.93 71.7068115
10.94 71.7068593
10.95 71.706931
10.96 71.7069788
10.97 71.7070505
10.98 71.7070983
10.99 71.70717
11.0 71.7072178
11.01 71.7072895
11.02 71.7073373
11.03 71.707409
11.04 71.7074807
11.05 71.7075285
11.06 71.7076002
11.07 71.707648
11.08 71.7077197
11.09 71.7077914
11.1 71.7078392
11.11 71.7079109
11.12 71.7079587
11.13 71.7080304
11.14 71.7081021
11.15 71.7081738
11.16 71.7082216
11.17 71.7082933
11.18 71.708365
11.19 71.7084128
11.2 71.7084845
11.21 71.7085562
11.22 71.7086279
11.23 71.7086757
11.24 71.7087474
11.25 71.7088191
11.26 71.7088908
11.27 71.7089625
11.28 71.7090103
11.29 71.709082
11.3 71.7091537
11.31 71.7092254
11.32 71.7092971
11.33 71.7093688
11.34 71.7094405
11.35 71.7095122
11.36 71.7095839
11.37 71.7096556
11.38 71.7097034
11.39 71.7097751
11.4 71.7098468
11.41 71.7099185
11.42 71.7099902
11.43 71.7100619
11.44 71.7101336
11.45 71.7102053
11.46 71.7103009
11.47 71.7103726
11.48 71.7104443
11.49 71.710516
11.5 71.7105877
11.51 71.7106594
11.52 71.7107311
11.53 71.7108028
11.54 71.7108745
11.55 71.7109462
11.56 71.7110418
11.57 71.7111135
11.58 71.7111852
11.59 71.7112569
11.6 71.7113286
11.61 71.7114242
11.62 71.7114959
11.63 71.7115676
11.64 71.7116393
11.65 71.7117349
11.66 71.7118066
11.67 71.7118783
11.68 71.7119739
11.69 71.7120456
11.7 71.7121173
11.71 71.7122129
11.72 71.7122846
11.73 71.7123563
11.74 71.7124519
11.75 71.7125236
11.76 71.7125953
11.77 71.7126909
11.78 71.7127626
11.79 71.7128582
11.8 71.7129299
11.81 71.7130255
11.82 71.7130972
11.83 71.7131928
11.84 71.7132645
11.85 71.7133601
11.86 71.7134318
11.87 71.7135274
11.88 71.7135991
11.89 71.7136947
11.9 71.7137903
11.91 71.713862
11.92 71.7139576
11.93 71.7140293
11.94 71.7141249
11.95 71.7142205
11.96 71.7142922
11.97 71.7143878
11.98 71.7144834
11.99 71.7145551
12.0 71.7146507
12.01 71.7147463
12.02 71.7148419
12.03 71.7149136
12.04 71.7150092
12.05 71.7151048
12.06 71.7152004
12.07 71.7152721
12.08 71.7153677
12.09 71.7154633
12.1 71.7155589
12.11 71.7156545
12.12 71.7157501
12.13 71.7158457
12.14 71.7159413
12.15 71.716013
12.16 71.7161086
12.17 71.7162042
12.18 71.7162998
12.19 71.7163954
12.2 71.716491
12.21 71.7165866
12.22 71.7166822
12.23 71.7167778
12.24 71.7168734
12.25 71.716969
12.26 71.7170646
12.27 71.7171602
12.28 71.7172797
12.29 71.7173753
12.3 71.7174709
12.31 71.7175665
12.32 71.7176621
12.33 71.7177577
12.34 71.7178533
12.35 71.7179489
12.36 71.7180684
12.37 71.718164
12.38 71.7182596
12.39 71.7183552
12.4 71.7184508
12.41 71.7185703
12.42 71.7186659
12.43 71.7187615
12.44 71.7188571
12.45 71.7189766
12.46 71.7190722
12.47 71.7191678
12.48 71.7192873
12.49 71.7193829
12.5 71.7194785
12.51 71.719598
12.52 71.7196936
12.53 71.7197892
12.54 71.7199087
12.55 71.7200043
12.56 71.7200999
12.57 71.7202194
12.58 71.720315
12.59 71.7204106
12.6 71.7205301
12.61 71.7206257
12.62 71.7207452
12.63 71.7208408
12.64 71.7209364
12.65 71.7210559
12.66 71.7211515
12.67 71.721271
12.68 71.7213666
12.69 71.7214861
12.7 71.7215817
12.71 71.7217012
12.72 71.7217968
12.73 71.7219163
12.74 71.7220119
12.75 71.7221314
12.76 71.722227
12.77 71.7223465
12.78 71.7224421
12.79 71.7225616
12.8 71.7226572
12.81 71.7227767
12.82 71.7228723
12.83 71.7229918
12.84 71.7230874
12.85 71.7232069
12.86 71.7233025
12.87 71.723422
12.88 71.7235176
12.89 71.7236371
12.9 71.7237327
12.91 71.7238522
12.92 71.7239478
12.93 71.7240673
12.94 71.7241868
12.95 71.7242824
12.96 71.7244019
12.97 71.7244975
12.98 71.724617
12.99 71.7247126
13.0 71.7248321
13.01 71.7249277
13.02 71.7250472
13.03 71.7251428
13.04 71.7252623
13.05 71.7253818
13.06 71.7254774
13.07 71.7255969
13.08 71.7256925
13.09 71.725812
13.1 71.7259076
13.11 71.7260271
13.12 71.7261466
13.13 71.7262422
13.14 71.7263617
13.15 71.7264573
13.16 71.7265768
13.17 71.7266724
13.18 71.7267919
13.19 71.7268875
13.2 71.727007
13.21 71.7271026
13.22 71.7272221
13.23 71.7273177
13.24 71.7274372
13.25 71.7275567
13.26 71.7276523
13.27 71.7277718
13.28 71.7278674
13.29 71.7279869
13.3 71.7280825
13.31 71.728202
13.32 71.7282976
13.33 71.7284171
13.34 71.7285127
13.35 71.7286322
13.36 71.7287278
13.37 71.7288473
13.38 71.7289429
13.39 71.7290385
13.4 71.729158
13.41 71.7292536
13.42 71.7293731
13.43 71.7294687
13.44 71.7295882
13.45 71.7296838
13.46 71.7298033
13.47 71.7298989
13.48 71.7299945
13.49 71.730114
13.5 71.7302096
13.51 71.7303291
13.52 71.7304247
13.53 71.7305203
13.54 71.7306398
13.55 71.7307354
13.56 71.730831
13.57 71.7309505
13.58 71.7310461
13.59 71.7311417
13.6 71.7312612
13.61 71.7313568
13.62 71.7314524
13.63 71.731548
13.64 71.7316675
13.65 71.7317631
13.66 71.7318587
13.67 71.7319782
13.68 71.7320738
13.69 71.7321694
13.7 71.732265
13.71 71.7323606
13.72 71.7324801
13.73 71.7325757
13.74 71.7326713
13.75 71.7327669
13.76 71.7328625
13.77 71.7329581
13.78 71.7330776
13.79 71.7331732
13.8 71.7332688
13.81 71.7333644
13.82 71.73346
13.83 71.7335556
13.84 71.7336512
13.85 71.7337468
13.86 71.7338424
13.87 71.733938
13.88 71.7340336
13.89 71.7341292
13.9 71.7342248
13.91 71.7343204
13.92 71.734416
13.93 71.7345116
13.94 71.7346072
13.95 71.7347028
13.96 71.7347984
13.97 71.7348701
13.98 71.7349657
13.99 71.7350613
14.0 71.7351569
14.01 71.7352525
14.02 71.7353481
14.03 71.7354198
14.04 71.7355154
14.05 71.735611
14.06 71.7357066
14.07 71.7357783
14.08 71.7358739
14.09 71.7359695
14.1 71.7360412
14.11 71.7361368
14.12 71.7362324
14.13 71.7363041
14.14 71.7363997
14.15 71.7364714
14.16 71.736567
14.17 71.7366626
14.18 71.7367343
14.19 71.7368299
14.2 71.7369016
14.21 71.7369972
14.22 71.7370689
14.23 71.7371406
14.24 71.7372362
14.25 71.7373079
14.26 71.7374035
14.27 71.7374752
14.28 71.7375469
14.29 71.7376425
14.3 71.7377142
14.31 71.7377859
14.32 71.7378576
14.33 71.7379532
14.34 71.7380249
14.35 71.7380966
14.36 71.7381683
14.37 71.73824
14.38 71.7383117
14.39 71.7384073
14.4 71.738479
14.41 71.7385507
14.42 71.7386224
14.43 71.7386941
14.44 71.7387658
14.45 71.7388375
14.46 71.7389092
14.47 71.7389809
14.48 71.7390526
14.49 71.7391004
14.5 71.7391721
14.51 71.7392438
14.52 71.7393155
14.53 71.7393872
14.54 71.739435
14.55 71.7395067
14.56 71.7395784
14.57 71.7396501
14.58 71.7396979
14.59 71.7397696
14.6 71.7398413
14.61 71.7398891
14.62 71.7399608
14.63 71.7400086
14.64 71.7400803
14.65 71.7401281
14.66 71.7401998
14.67 71.7402476
14.68 71.7403193
14.69 71.7403671
14.7 71.7404149
14.71 71.7404866
14.72 71.7405344
14.73 71.7405822
14.74 71.74063
14.75 71.7407017
14.76 71.7407495
14.77 71.7407973
14.78 71.7408451
14.79 71.7408929
14.8 71.7409407
14.81 71.7409885
14.82 71.7410363
14.83 71.7410841
14.84 71.7411319
14.85 71.7411797
14.86 71.7412275
14.87 71.7412753
14.88 71.7413231
14.89 71.7413709
14.9 71.7414187
14.91 71.7414426
14.92 71.7414904
14.93 71.7415382
14.94 71.741586
14.95 71.7416099
14.96 71.7416577
14.97 71.7416816
14.98 71.7417294
14.99 71.7417533
15.0 71.7418011
15.01 71.741825
15.02 71.7418728
15.03 71.7418967
15.04 71.7419445
15.05 71.7419684
15.06 71.7419923
15.07 71.7420162
15.08 71.742064
15.09 71.7420879
15.1 71.7421118
15.11 71.7421357
15.12 71.7421596
15.13 71.7421835
15.14 71.7422074
15.15 71.7422313
15.16 71.7422552
15.17 71.7422791
15.18 71.742303
15.19 71.7423269
15.2 71.7423508
15.21 71.7423747
15.22 71.7423747
15.23 71.7423986
15.24 71.7424225
15.25 71.7424225
15.26 71.7424464
15.27 71.7424703
15.28 71.7424703
15.29 71.7424942
15.3 71.7424942
15.31 71.7425181
15.32 71.7425181
15.33 71.7425181
15.34 71.742542
15.35 71.742542
15.36 71.742542
15.37 71.742542
15.38 71.742542
15.39 71.7425659
15.4 71.7425659
15.41 71.7425659
15.42 71.7425659
15.43 71.7425659
15.44 71.742542
15.45 71.742542
15.46 71.742542
15.47 71.742542
15.48 71.7425181
15.49 71.7425181
15.5 71.7425181
15.51 71.7424942
15.52 71.7424942
15.53 71.7424703
15.54 71.7424464
15.55 71.7424464
15.56 71.7424225
15.57 71.7423986
15.58 71.7423747
15.59 71.7423508
15.6 71.7423269
15.61 71.742303
15.62 71.7422791
15.63 71.7422552
15.64 71.7422313
15.65 71.7422074
15.66 71.7421596
15.67 71.7421357
15.68 71.7421118
15.69 71.742064
15.7 71.7420401
15.71 71.7419923
15.72 71.7419445
15.73 71.7419206
15.74 71.7418728
15.75 71.741825
15.76 71.7417772
15.77 71.7417294
15.78 71.7416816
15.79 71.7416338
15.8 71.7415621
15.81 71.7415143
15.82 71.7414665
15.83 71.7413948
15.84 71.741347
15.85 71.7412753
15.86 71.7412036
15.87 71.7411558
15.88 71.7410841
15.89 71.7410124
15.9 71.7409407
15.91 71.740869
15.92 71.7407973
15.93 71.7407256
15.94 71.74063
15.95 71.7405583
15.96 71.7404866
15.97 71.740391
15.98 71.7403193
15.99 71.7402237
16.0 71.7401281
16.01 71.7400325
16.02 71.7399369
16.03 71.7398413
16.04 71.7397457
16.05 71.7396501
16.06 71.7395545
16.07 71.7394589
16.08 71.7393394
16.09 71.7392438
16.1 71.7391243
16.11 71.7390048
16.12 71.7388853
16.13 71.7387897
16.14 71.7386702
16.15 71.7385507
16.16 71.7384073
16.17 71.7382878
16.18 71.7381683
16.19 71.7380249
16.2 71.7379054
16.21 71.737762
16.22 71.7376425
16.23 71.7374991
16.24 71.7373557
16.25 71.7372123
16.26 71.7370689
16.27 71.7369016
16.28 71.7367582
16.29 71.7366148
16.3 71.7364475
16.31 71.7363041
16.32 71.7361368
16.33 71.7359695
16.34 71.7358022
16.35 71.7356349
16.36 71.7354676
16.37 71.7353003
16.38 71.7351091
16.39 71.7349418
16.4 71.7347506
16.41 71.7345833
16.42 71.7343921
16.43 71.7342009
16.44 71.7340097
16.45 71.7338185
16.46 71.7336273
16.47 71.7334122
16.48 71.733221
16.49 71.7330059
16.5 71.7328147
16.51 71.7325996
16.52 71.7323845
16.53 71.7321694
16.54 71.7319543
16.55 71.7317392
16.56 71.7315002
16.57 71.7312851
16.58 71.7310461
16.59 71.730831
16.6 71.730592
16.61 71.730353
16.62 71.730114
16.63 71.7298511
16.64 71.7296121
16.65 71.7293731
16.66 71.7291102
16.67 71.7288473
16.68 71.7286083
16.69 71.7283454
16.7 71.7280825
16.71 71.7277957
16.72 71.7275328
16.73 71.7272699
16.74 71.7269831
16.75 71.7266963
16.76 71.7264095
16.77 71.7261227
16.78 71.7258359
16.79 71.7255491
16.8 71.7252623
16.81 71.7249516
16.82 71.7246648
16.83 71.7243541
16.84 71.7240434
16.85 71.7237327
16.86 71.723422
16.87 71.7230874
16.88 71.7227767
16.89 71.7224421
16.9 71.7221314
16.91 71.7217968
16.92 71.7214622
16.93 71.7211276
16.94 71.7207691
16.95 71.7204345
16.96 71.720076
16.97 71.7197414
16.98 71.7193829
16.99 71.7190244
17.0 71.718642
17.01 71.7182835
17.02 71.717925
17.03 71.7175426
17.04 71.7171602
17.05 71.7167778
17.06 71.7163954
17.07 71.716013
17.08 71.7156306
17.09 71.7152243
17.1 71.7148419
17.11 71.7144356
17.12 71.7140293
17.13 71.713623
17.14 71.7132167
17.15 71.7127865
17.16 71.7123802
17.17 71.71195
17.18 71.7115198
17.19 71.7110896
17.2 71.7106594
17.21 71.7102053
17.22 71.7097751
17.23 71.709321
17.24 71.7088669
17.25 71.7084128
17.26 71.7079587
17.27 71.7075046
17.28 71.7070266
17.29 71.7065725
17.3 71.7060945
17.31 71.7056165
17.32 71.7051385
17.33 71.7046366
17.34 71.7041586
17.35 71.7036567
17.36 71.7031787
17.37 71.7026768
17.38 71.702151
17.39 71.7016491
17.4 71.7011472
17.41 71.7006214
17.42 71.7000956
17.43 71.6995698
17.44 71.699044
17.45 71.6985182
17.46 71.6979685
17.47 71.6974188
17.48 71.6968691
17.49 71.6963194
17.5 71.6957697
17.51 71.69522
17.52 71.6946464
17.53 71.6940728
17.54 71.6934992
17.55 71.6929256
17.56 71.692352
17.57 71.6917545
17.58 71.6911809
17.59 71.6905834
17.6 71.6899859
17.61 71.6893884
17.62 71.688767
17.63 71.6881695
17.64 71.6875481
17.65 71.6869267
17.66 71.6863053
17.67 71.68566
17.68 71.6850386
17.69 71.6843933
17.7 71.683748
17.71 71.6831027
17.72 71.6824574
17.73 71.6817882
17.74 71.6811429
17.75 71.6804737
17.76 71.6798045
17.77 71.6791114
17.78 71.6784422
17.79 71.6777491
17.8 71.6770799
17.81 71.6763868
17.82 71.6756698
17.83 71.6749767
17.84 71.6742597
17.85 71.6735427
17.86 71.6728257
17.87 71.6721087
17.88 71.6713917
17.89 71.6706508
17.9 71.6699099
17.91 71.669169
17.92 71.6684281
17.93 71.6676872
17.94 71.6669224
17.95 71.6661576
17.96 71.6653928
17.97 71.664628
17.98 71.6638393
17.99 71.6630745
18.0 71.6622858
18.01 71.6614971
18.02 71.6606845
18.03 71.6598958
18.04 71.6590832
18.05 71.6582706
18.06 71.657458
18.07 71.6566215
18.08 71.6558089
18.09 71.6549724
18.1 71.6541359
18.11 71.6532994
18.12 71.652439
18.13 71.6516025
18.14 71.6507421
18.15 71.6498817
18.16 71.6489974
18.17 71.648137
18.18 71.6472527
18.19 71.6463684
18.2 71.6454841
18.21 71.6445998
18.22 71.6436916
18.23 71.6427834
18.24 71.6418752
18.25 71.640967
18.26 71.6400349
18.27 71.6391028
18.28 71.6381707
18.29 71.6372386
18.3 71.6363065
18.31 71.6353505
18.32 71.6343945
18.33 71.6334385
18.34 71.6324825
18.35 71.6315026
18.36 71.6305227
18.37 71.6295428
18.38 71.6285629
18.39 71.6275591
18.4 71.6265792
18.41 71.6255754
18.42 71.6245716
18.43 71.6235439
18.44 71.6225401
18.45 71.6215124
18.46 71.6204847
18.47 71.6194331
18.48 71.6184054
18.49 71.6173538
18.5 71.6163022
18.51 71.6152506
18.52 71.6141751
18.53 71.6131235
18.54 71.612048
18.55 71.6109486
18.56 71.6098731
18.57 71.6087976
18.58 71.6076982
18.59 71.6065988
18.6 71.6054755
18.61 71.6043761
18.62 71.6032528
18.63 71.6021295
18.64 71.6010062
18.65 71.5998829
18.66 71.5987357
18.67 71.5975885
18.68 71.5964413
18.69 71.5952941
18.7 71.594123
18.71 71.5929758
18.72 71.5918047
18.73 71.5906097
18.74 71.5894386
18.75 71.5882436
18.76 71.5870486
18.77 71.5858536
18.78 71.5846586
18.79 71.5834397
18.8 71.5822447
18.81 71.5810258
18.82 71.579783
18.83 71.5785641
18.84 71.5773213
18.85 71.5760785
18.86 71.5748357
18.87 71.5735929
18.88 71.5723262
18.89 71.5710834
18.9 71.5698167
18.91 71.5685261
18.92 71.5672594
18.93 71.5659688
18.94 71.5646782
18.95 71.5633876
18.96 71.562097
18.97 71.5607825
18.98 71.559468
18.99 71.5581535
19.0 71.556839
19.01 71.5555245
19.02 71.5541861
19.03 71.5528477
19.04 71.5515093
19.05 71.550147
19.06 71.5488086
19.07 71.5474463
19.08 71.546084
19.09 71.5447217
19.1 71.5433355
19.11 71.5419732
19.12 71.540587
19.13 71.5392008
19.14 71.5377907
19.15 71.5364045
19.16 71.5349944
19.17 71.5335843
19.18 71.5321503
19.19 71.5307402
19.2 71.5293062
19.21 71.5278722
19.22 71.5264382
19.23 71.5250042
19.24 71.5235463
19.25 71.5221123
19.26 71.5206544
19.27 71.5191726
19.28 71.5177147
19.29 71.5162329
19.3 71.5147511
19.31 71.5132693
19.32 71.5117875
19.33 71.5102818
19.34 71.5087761
19.35 71.5072704
19.36 71.5057647
19.37 71.504259
19.38 71.5027294
19.39 71.5011998
19.4 71.4996702
19.41 71.4981406
19.42 71.4965871
19.43 71.4950336
19.44 71.4934801
19.45 71.4919266
19.46 71.4903731
19.47 71.4887957
19.48 71.4872183
19.49 71.4856409
19.5 71.4840635
19.51 71.4824622
19.52 71.4808848
19.53 71.4792835
19.54 71.4776583
19.55 71.476057
19.56 71.4744318
19.57 71.4728305
19.58 71.4712053
19.59 71.4695562
19.6 71.467931
19.61 71.4662819
19.62 71.4646328
19.63 71.4629837
19.64 71.4613346
19.65 71.4596616
19.66 71.4579886
19.67 71.4563156
19.68 71.4546426
19.69 71.4529696
19.7 71.4512727
19.71 71.4495758
19.72 71.4478789
19.73 71.446182
19.74 71.4444612
19.75 71.4427404
19.76 71.4410196
19.77 71.4392988
19.78 71.437578
19.79 71.4358333
19.8 71.4340886
19.81 71.4323439
19.82 71.4305992
19.83 71.4288545
19.84 71.4270859
19.85 71.4253173
19.86 71.4235487
19.87 71.4217562
19.88 71.4199876
19.89 71.4181951
19.9 71.4164026
19.91 71.4146101
19.92 71.4128176
19.93 71.4110012
19.94 71.4091848
19.95 71.4073684
19.96 71.405552
19.97 71.4037117
19.98 71.4018714
19.99 71.4000311
20.0 71.3981908
20.01 71.3963505
20.02 71.3944863
20.03 71.392646
20.04 71.3907818
20.05 71.3888937
20.06 71.3870295
20.07 71.3851414
20.08 71.3832533
20.09 71.3813652
20.1 71.3794771
20.11 71.377589
20.12 71.375677
20.13 71.373765
20.14 71.371853
20.15 71.3699171
20.16 71.3680051
20.17 71.3660692
20.18 71.3641333
20.19 71.3621974
20.2 71.3602376
20.21 71.3583017
20.22 71.3563419
20.23 71.3543821
20.24 71.3523984
20.25 71.3504386
20.26 71.3484549
20.27 71.3464712
20.28 71.3444875
20.29 71.3425038
20.3 71.3404962
20.31 71.3385125
20.32 71.3365049
20.33 71.3344734
20.34 71.3324658
20.35 71.3304343
20.36 71.3284028
20.37 71.3263713
20.38 71.3243398
20.39 71.3223083
20.4 71.3202529
20.41 71.3181975
20.42 71.3161421
20.43 71.3140867
20.44 71.3120074
20.45 71.3099281
20.46 71.3078488
20.47 71.3057695
20.48 71.3036902
20.49 71.301587
20.5 71.2995077
20.51 71.2974045
20.52 71.2952774
20.53 71.2931742
20.54 71.2910471
20.55 71.28892
20.56 71.2867929
20.57 71.2846658
20.58 71.2825387
20.59 71.2803877
20.6 71.2782367
20.61 71.2760857
20.62 71.2739347
20.63 71.2717598
20.64 71.2695849
20.65 71.26741
20.66 71.2652351
20.67 71.2630602
20.68 71.2608614
20.69 71.2586626
20.7 71.2564638
20.71 71.254265
20.72 71.2520662
20.73 71.2498435
20.74 71.2476208
20.75 71.2453981
20.76 71.2431754
20.77 71.2409527
20.78 71.2387061
20.79 71.2364595
20.8 71.2342129
20.81 71.2319663
20.82 71.2296958
20.83 71.2274253
20.84 71.2251787
20.85 71.2228843
20.86 71.2206138
20.87 71.2183433
20.88 71.2160489
20.89 71.2137545
20.9 71.2114601
20.91 71.2091418
20.92 71.2068474
20.93 71.2045291
20.94 71.2022108
20.95 71.1998925
20.96 71.1975503
20.97 71.195232
20.98 71.1928898
20.99 71.1905476
21.0 71.1882054
21.01 71.1858393
21.02 71.1834732
21.03 71.181131
21.04 71.1787649
21.05 71.1763749
21.06 71.1740088
21.07 71.1716188
21.08 71.1692288
21.09 71.1668388
21.1 71.1644488
21.11 71.1620349
21.12 71.1596449
21.13 71.157231
21.14 71.1547932
21.15 71.1523793
21.16 71.1499654
21.17 71.1475276
21.18 71.1450898
21.19 71.142652
21.2 71.1401903
21.21 71.1377525
21.22 71.1352908
21.23 71.1328291
21.24 71.1303674
21.25 71.1279057
21.26 71.1254201
21.27 71.1229345
21.28 71.1204489
21.29 71.1179633
21.3 71.1154777
21.31 71.1129682
21.32 71.1104587
21.33 71.1079492
21.34 71.1054397
21.35 71.1029063
21.36 71.1003968
21.37 71.0978634
21.38 71.09533
21.39 71.0927966
21.4 71.0902393
21.41 71.0877059
21.42 71.0851486
21.43 71.0825913
21.44 71.0800101
21.45 71.0774528
21.46 71.0748716
21.47 71.0722904
21.48 71.0697092
21.49 71.067128
21.5 71.0645229
21.51 71.0619417
21.52 71.0593366
21.53 71.0567315
21.54 71.0541025
21.55 71.0514974
21.56 71.0488684
21.57 71.0462394
21.58 71.0436104
21.59 71.0409814
21.6 71.0383285
21.61 71.0356995
21.62 71.0330466
21.63 71.0303937
21.64 71.0277169
21.65 71.025064
21.66 71.0223872
21.67 71.0197104
21.68 71.0170336
21.69 71.0143568
21.7 71.0116561
21.71 71.0089793
21.72 71.0062786
21.73 71.003554
21.74 71.0008533
21.75 70.9981526
21.76 70.995428
21.77 70.9927034
21.78 70.9899788
21.79 70.9872303
21.8 70.9845057
21.81 70.9817572
21.82 70.9790087
21.83 70.9762602
21.84 70.9735117
21.85 70.9707393
21.86 70.9679908
21.87 70.9652184
21.88 70.9624221
21.89 70.9596497
21.9 70.9568773
21.91 70.954081
21.92 70.9512847
21.93 70.9484884
21.94 70.9456682
21.95 70.9428719
21.96 70.9400517
21.97 70.9372315
21.98 70.9344113
21.99 70.9315911
22.0 70.928747
22.01 70.9259268
22.02 70.9230827
22.03 70.9202386
22.04 70.9173706
22.05 70.9145265
22.06 70.9116585
22.07 70.9087905
22.08 70.9059225
22.09 70.9030545
22.1 70.9001626
22.11 70.8972707
22.12 70.8944027
22.13 70.8914869
22.14 70.888595
22.15 70.8857031
22.16 70.8827873
22.17 70.8798715
22.18 70.8769557
22.19 70.8740399
22.2 70.8711002
22.21 70.8681605
22.22 70.8652447
22.23 70.862305
22.24 70.8593414
22.25 70.8564017
22.26 70.8534381
22.27 70.8504745
22.28 70.8475109
22.29 70.8445473
22.3 70.8415598
22.31 70.8385962
22.32 70.8356087
22.33 70.8326212
22.34 70.8296337
22.35 70.8266223
22.36 70.8236348
22.37 70.8206234
22.38 70.817612
22.39 70.8146006
22.4 70.8115653
22.41 70.8085539
22.42 70.8055186
22.43 70.8024833
22.44 70.799448
22.45 70.7963888
22.46 70.7933535
22.47 70.7902943
22.48 70.7872351
22.49 70.7841759
22.5 70.7810928
22.51 70.7780336
22.52 70.7749505
22.53 70.7718674
22.54 70.7687843
22.55 70.7657012
22.56 70.7625942
22.57 70.7594872
22.58 70.7563802
22.59 70.7532732
22.6 70.7501662
22.61 70.7470353
22.62 70.7439283
22.63 70.7407974
22.64 70.7376665
22.65 70.7345356
22.66 70.7313808
22.67 70.728226
22.68 70.7250951
22.69 70.7219164
22.7 70.7187616
22.71 70.7156068
22.72 70.7124281
22.73 70.7092494
22.74 70.7060707
22.75 70.702892
22.76 70.6997133
22.77 70.6965107
22.78 70.6933081
22.79 70.6901055
22.8 70.6869029
22.81 70.6837003
22.82 70.6804738
22.83 70.6772712
22.84 70.6740447
22.85 70.6708182
22.86 70.6675678
22.87 70.6643413
22.88 70.6610909
22.89 70.6578405
22.9 70.6545901
22.91 70.6513397
22.92 70.6480654
22.93 70.644815
22.94 70.6415407
22.95 70.6382664
22.96 70.6349682
22.97 70.6316939
22.98 70.6283957
22.99 70.6251214
23.0 70.6218232
23.01 70.6185011
23.02 70.6152029
23.03 70.6118808
23.04 70.6085826
23.05 70.6052605
23.06 70.6019384
23.07 70.5985924
23.08 70.5952703
23.09 70.5919243
23.1 70.5885783
23.11 70.5852323
23.12 70.5818863
23.13 70.5785164
23.14 70.5751704
23.15 70.5718005
23.16 70.5684306
23.17 70.5650607
23.18 70.5616669
23.19 70.5582731
23.2 70.5549032
23.21 70.5515094
23.22 70.5481156
23.23 70.5446979
23.24 70.5413041
23.25 70.5378864
23.26 70.5344687
23.27 70.531051
23.28 70.5276333
23.29 70.5241917
23.3 70.5207501
23.31 70.5173085
23.32 70.5138669
23.33 70.5104253
23.34 70.5069837
23.35 70.5035182
23.36 70.5000527
23.37 70.4965872
23.38 70.4931217
23.39 70.4896562
23.4 70.4861668
23.41 70.4826774
23.42 70.4792119
23.43 70.4756986
23.44 70.4722092
23.45 70.4687198
23.46 70.4652065
23.47 70.4616932
23.48 70.4581799
23.49 70.4546666
23.5 70.4511294
23.51 70.4476161
23.52 70.4440789
23.53 70.4405417
23.54 70.4370045
23.55 70.4334434
23.56 70.4299062
23.57 70.4263451
23.58 70.422784
23.59 70.4192229
23.6 70.4156618
23.61 70.4120768
23.62 70.4085157
23.63 70.4049307
23.64 70.4013457
23.65 70.3977607
23.66 70.3941518
23.67 70.3905668
23.68 70.3869579
23.69 70.383349
23.7 70.3797401
23.71 70.3761073
23.72 70.3724984
23.73 70.3688656
23.74 70.3652328
23.75 70.3616
23.76 70.3579672
23.77 70.3543105
23.78 70.3506777
23.79 70.347021
23.8 70.3433643
23.81 70.3397076
23.82 70.336027
23.83 70.3323703
23.84 70.3286897
23.85 70.3250091
23.86 70.3213285
23.87 70.3176479
23.88 70.3139434
23.89 70.3102628
23.9 70.3065583
23.91 70.3028538
23.92 70.2991493
23.93 70.2954209
23.94 70.2917164
23.95 70.287988
23.96 70.2842596
23.97 70.2805312
23.98 70.2768028
23.99 70.2730505
24.0 70.2693221
24.01 70.2655698
24.02 70.2618175
24.03 70.2580652
24.04 70.254289
24.05 70.2505367
24.06 70.2467605
24.07 70.2429843
24.08 70.2392081
24.09 70.235408
24.1 70.2316318
24.11 70.2278317
24.12 70.2240555
24.13 70.2202315
24.14 70.2164314
24.15 70.2126313
24.16 70.2088073
24.17 70.2050072
24.18 70.2011832
24.19 70.1973592
24.2 70.1935113
24.21 70.1896873
24.22 70.1858394
24.23 70.1819915
24.24 70.1781436
24.25 70.1742957
24.26 70.1704478
24.27 70.166576
24.28 70.1627042
24.29 70.1588324
24.3 70.1549606
24.31 70.1510888
24.32 70.147217
24.33 70.1433213
24.34 70.1394256
24.35 70.1355299
24.36 70.1316342
24.37 70.1277385
24.38 70.1238189
24.39 70.1198993
24.4 70.1159797
24.41 70.1120601
24.42 70.1081405
24.43 70.1042209
24.44 70.1002774
24.45 70.0963339
24.46 70.0923904
24.47 70.0884469
24.48 70.0845034
24.49 70.080536
24.5 70.0765925
24.51 70.0726251
24.52 70.0686577
24.53 70.0646903
24.54 70.060699
24.55 70.0567316
24.56 70.0527403
24.57 70.048749
24.58 70.0447577
24.59 70.0407664
24.6 70.0367512
24.61 70.032736
24.62 70.0287447
24.63 70.0247295
24.64 70.0206904
24.65 70.0166752
24.66 70.01266
24.67 70.0086209
24.68 70.0045818
24.69 70.0005427
24.7 69.9965036
24.71 69.9924406
24.72 69.9884015
24.73 69.9843385
24.74 69.9802755
24.75 69.9762125
24.76 69.9721495
24.77 69.9680626
24.78 69.9639996
24.79 69.9599127
24.8 69.9558258
24.81 69.9517389
24.82 69.9476281
24.83 69.9435412
24.84 69.9394304
24.85 69.9353196
24.86 69.9312088
24.87 69.927098
24.88 69.9229633
24.89 69.9188525
24.9 69.9147178
24.91 69.9105831
24.92 69.9064484
24.93 69.9023137
24.94 69.8981551
24.95 69.8940204
24.96 69.8898618
24.97 69.8857032
24.98 69.8815446
24.99 69.877386
25.0 69.8732035
25.01 69.869021
25.02 69.8648624
25.03 69.8606799
25.04 69.8564735
25.05 69.852291
25.06 69.8481085
25.07 69.8439021
25.08 69.8396957
25.09 69.8354893
25.1 69.8312829
25.11 69.8270526
25.12 69.8228462
25.13 69.8186159
25.14 69.8143856
25.15 69.8101553
25.16 69.805925
25.17 69.8016708
25.18 69.7974405
25.19 69.7931863
25.2 69.7889321
25.21 69.7846779
25.22 69.7804237
25.23 69.7761456
25.24 69.7718914
25.25 69.7676133
25.26 69.7633352
25.27 69.7590571
25.28 69.754779
25.29 69.750477
25.3 69.746175
25.31 69.7418969
25.32 69.7375949
25.33 69.733269
25.34 69.728967
25.35 69.724665
25.36 69.7203391
25.37 69.7160132
25.38 69.7116873
25.39 69.7073614
25.4 69.7030355
25.41 69.6986857
25.42 69.6943359
25.43 69.6899861
25.44 69.6856363
25.45 69.6812865
25.46 69.6769367
25.47 69.672563
25.48 69.6682132
25.49 69.6638395
25.5 69.6594658
25.51 69.6550921
25.52 69.6506945
25.53 69.6463208
25.54 69.6419232
25.55 69.6375256
25.56 69.633128
25.57 69.6287304
25.58 69.6243089
25.59 69.6199113
25.6 69.6154898
25.61 69.6110683
25.62 69.6066468
25.63 69.6022253
25.64 69.5977799
25.65 69.5933584
25.66 69.588913
25.67 69.5844676
25.68 69.5800222
25.69 69.5755768
25.7 69.5711314
25.71 69.5666621
25.72 69.5621928
25.73 69.5577235
25.74 69.5532542
25.75 69.5487849
25.76 69.5443156
25.77 69.5398224
25.78 69.5353292
25.79 69.530836
25.8 69.5263428
25.81 69.5218496
25.82 69.5173564
25.83 69.5128393
25.84 69.5083222
25.85 69.503829
25.86 69.499288
25.87 69.4947709
25.88 69.4902538
25.89 69.4857128
25.9 69.4811957
25.91 69.4766547
25.92 69.4721137
25.93 69.4675488
25.94 69.4630078
25.95 69.4584429
25.96 69.4539019
25.97 69.449337
25.98 69.4447721
25.99 69.4402072
26.0 69.4356184
26.01 69.4310535
26.02 69.4264647
26.03 69.4218759
26.04 69.4172871
26.05 69.4126983
26.06 69.4081095
26.07 69.4034968
26.08 69.3988841
26.09 69.3942953
26.1 69.3896826
26.11 69.385046
26.12 69.3804333
26.13 69.3758206
26.14 69.371184
26.15 69.3665474
26.16 69.3619108
26.17 69.3572742
26.18 69.3526376
26.19 69.3479771
26.2 69.3433405
26.21 69.33868
26.22 69.3340195
26.23 69.329359
26.24 69.3246746
26.25 69.3200141
26.26 69.3153297
26.27 69.3106692
26.28 69.3059848
26.29 69.3013004
26.3 69.2965921
26.31 69.2919077
26.32 69.2871994
26.33 69.282515
26.34 69.2778067
26.35 69.2730984
26.36 69.2683901
26.37 69.2636579
26.38 69.2589496
26.39 69.2542174
26.4 69.2494852
26.41 69.244753
26.42 69.2400208
26.43 69.2352886
26.44 69.2305325
26.45 69.2257764
26.46 69.2210442
26.47 69.2162881
26.48 69.211532
26.49 69.206752
26.5 69.2019959
26.51 69.1972159
26.52 69.1924359
26.53 69.1876559
26.54 69.1828759
26.55 69.1780959
26.56 69.1733159
26.57 69.168512
26.58 69.1637081
26.59 69.1589281
26.6 69.1541003
26.61 69.1492964
26.62 69.1444925
26.63 69.1396647
26.64 69.1348608
26.65 69.130033
26.66 69.1252052
26.67 69.1203774
26.68 69.1155257
26.69 69.1106979
26.7 69.1058462
26.71 69.1010184
26.72 69.0961667
26.73 69.091315
26.74 69.0864394
26.75 69.0815877
26.76 69.0767121
26.77 69.0718604
26.78 69.0669848
26.79 69.0621092
26.8 69.0572336
26.81 69.0523341
26.82 69.0474585
26.83 69.042559
26.84 69.0376595
26.85 69.03276
26.86 69.0278605
26.87 69.022961
26.88 69.0180376
26.89 69.0131381
26.9 69.0082147
26.91 69.0032913
26.92 68.9983679
26.93 68.9934445
26.94 68.9884972
26.95 68.9835738
26.96 68.9786265
26.97 68.9736792
26.98 68.9687319
26.99 68.9637846
27.0 68.9588373
27.01 68.95389
27.02 68.9489188
27.03 68.9439476
27.04 68.9389764
27.05 68.9340052
27.06 68.929034
27.07 68.9240628
27.08 68.9190677
27.09 68.9140726
27.1 68.9091014
27.11 68.9041063
27.12 68.8990873
27.13 68.8940922
27.14 68.8890971
27.15 68.8840781
27.16 68.8790591
27.17 68.8740401
27.18 68.8690211
27.19 68.8640021
27.2 68.8589831
27.21 68.8539402
27.22 68.8488973
27.23 68.8438783
27.24 68.8388354
27.25 68.8337925
27.26 68.8287257
27.27 68.8236828
27.28 68.818616
27.29 68.8135492
27.3 68.8085063
27.31 68.8034395
27.32 68.7983488
27.33 68.793282
27.34 68.7881913
27.35 68.7831245
27.36 68.7780338
27.37 68.7729431
27.38 68.7678524
27.39 68.7627617
27.4 68.7576471
27.41 68.7525564
27.42 68.7474418
27.43 68.7423272
27.44 68.7372126
27.45 68.732098
27.46 68.7269834
27.47 68.7218449
27.48 68.7167303
27.49 68.7115918
27.5 68.7064533
27.51 68.7013148
27.52 68.6961763
27.53 68.6910139
27.54 68.6858754
27.55 68.680713
27.56 68.6755506
27.57 68.6703882
27.58 68.6652258
27.59 68.6600634
27.6 68.654901
27.61 68.6497147
27.62 68.6445284
27.63 68.639366
27.64 68.6341797
27.65 68.6289695
27.66 68.6237832
27.67 68.6185969
27.68 68.6133867
27.69 68.6081765
27.7 68.6029663
27.71 68.5977561
27.72 68.5925459
27.73 68.5873357
27.74 68.5821016
27.75 68.5768914
27.76 68.5716573
27.77 68.5664232
27.78 68.5611891
27.79 68.555955
27.8 68.5507209
27.81 68.5454629
27.82 68.5402049
27.83 68.5349708
27.84 68.5297128
27.85 68.5244548
27.86 68.5191729
27.87 68.5139149
27.88 68.5086569
27.89 68.503375
27.9 68.4980931
27.91 68.4928112
27.92 68.4875293
27.93 68.4822474
27.94 68.4769655
27.95 68.4716597
27.96 68.4663539
27.97 68.461072
27.98 68.4557662
27.99 68.4504365
28.0 68.4451307
28.01 68.4398249
28.02 68.4344952
28.03 68.4291894
28.04 68.4238597
28.05 68.41853
28.06 68.4132003
28.07 68.4078706
28.08 68.402517
28.09 68.3971873
28.1 68.3918337
28.11 68.3864801
28.12 68.3811265
28.13 68.3757729
28.14 68.3704193
28.15 68.3650657
28.16 68.3596882
28.17 68.3543107
28.18 68.3489571
28.19 68.3435796
28.2 68.3382021
28.21 68.3328007
28.22 68.3274232
28.23 68.3220457
28.24 68.3166443
28.25 68.3112429
28.26 68.3058415
28.27 68.3004401
28.28 68.2950387
28.29 68.2896373
28.3 68.284212
28.31 68.2788106
28.32 68.2733853
28.33 68.26796
28.34 68.2625347
28.35 68.2571094
28.36 68.2516602
28.37 68.2462349
28.38 68.2407857
28.39 68.2353604
28.4 68.2299112
28.41 68.224462
28.42 68.2190128
28.43 68.2135397
28.44 68.2080905
28.45 68.2026174
28.46 68.1971682
28.47 68.1916951
28.48 68.186222
28.49 68.1807489
28.5 68.1752758
28.51 68.1697788
28.52 68.1643057
28.53 68.1588087
28.54 68.1533117
28.55 68.1478147
28.56 68.1423177
28.57 68.1368207
28.58 68.1313237
28.59 68.1258028
28.6 68.1203058
28.61 68.1147849
28.62 68.109264
28.63 68.1037431
28.64 68.0982222
28.65 68.0927013
28.66 68.0871565
28.67 68.0816356
28.68 68.0760908
28.69 68.070546
28.7 68.0650012
28.71 68.0594564
28.72 68.0539116
28.73 68.0483668
28.74 68.0427981
28.75 68.0372533
28.76 68.0316846
28.77 68.0261159
28.78 68.0205472
28.79 68.0149785
28.8 68.0094098
28.81 68.0038172
28.82 67.9982485
28.83 67.9926559
28.84 67.9870633
28.85 67.9814707
28.86 67.9758781
28.87 67.9702855
28.88 67.964669
28.89 67.9590764
28.9 67.9534599
28.91 67.9478673
28.92 67.9422508
28.93 67.9366343
28.94 67.9310178
28.95 67.9253774
28.96 67.9197609
28.97 67.9141205
28.98 67.908504
28.99 67.9028636
29.0 67.8972232
29.01 67.8915828
29.02 67.8859424
29.03 67.880302
29.04 67.8746377
29.05 67.8689973
29.06 67.863333
29.07 67.8576687
29.08 67.8520044
29.09 67.8463401
29.1 67.8406758
29.11 67.8349876
29.12 67.8293233
29.13 67.8236351
29.14 67.8179708
29.15 67.8122826
29.16 67.8065944
29.17 67.8009062
29.18 67.7951941
29.19 67.7895059
29.2 67.7838177
29.21 67.7781056
29.22 67.7723935
29.23 67.7666814
29.24 67.7609693
29.25 67.7552572
29.26 67.7495451
29.27 67.743833
29.28 67.738097
29.29 67.732361
29.3 67.7266489
29.31 67.7209129
29.32 67.7151769
29.33 67.7094409
29.34 67.703681
29.35 67.697945
29.36 67.6921851
29.37 67.6864491
29.38 67.6806892
29.39 67.6749293
29.4 67.6691694
29.41 67.6634095
29.42 67.6576496
29.43 67.6518658
29.44 67.6461059
29.45 67.6403221
29.46 67.6345383
29.47 67.6287545
29.48 67.6229707
29.49 67.6171869
29.5 67.6114031
29.51 67.6056193
29.52 67.5998116
29.53 67.5940039
29.54 67.5882201
29.55 67.5824124
29.56 67.5766047
29.57 67.570797
29.58 67.5649654
29.59 67.5591577
29.6 67.5533261
29.61 67.5475184
29.62 67.5416868
29.63 67.5358552
29.64 67.5300236
29.65 67.524192
29.66 67.5183604
29.67 67.5125049
29.68 67.5066733
29.69 67.5008178
29.7 67.4949862
29.71 67.4891307
29.72 67.4832752
29.73 67.4774197
29.74 67.4715403
29.75 67.4656848
29.76 67.4598293
29.77 67.4539499
29.78 67.4480705
29.79 67.442215
29.8 67.4363356
29.81 67.4304562
29.82 67.4245529
29.83 67.4186735
29.84 67.4127941
29.85 67.4068908
29.86 67.4010114
29.87 67.3951081
29.88 67.3892048
29.89 67.3833015
29.9 67.3773982
29.91 67.3714949
29.92 67.3655677
29.93 67.3596644
29.94 67.3537372
29.95 67.34781
29.96 67.3419067
29.97 67.3359795
29.98 67.3300523
29.99 67.3241012
30.0 67.318174
30.01 67.3122468
30.02 67.3062957
30.03 67.3003446
30.04 67.2944174
30.05 67.2884663
30.06 67.2825152
30.07 67.2765641
30.08 67.2705891
30.09 67.264638
30.1 67.2586869
30.11 67.2527119
30.12 67.2467369
30.13 67.2407619
30.14 67.2347869
30.15 67.2288119
30.16 67.2228369
30.17 67.2168619
30.18 67.2108869
30.19 67.204888
30.2 67.1988891
30.21 67.1929141
30.22 67.1869152
30.23 67.1809163
30.24 67.1749174
30.25 67.1689185
30.26 67.1628957
30.27 67.1568968
30.28 67.150874
30.29 67.1448751
30.3 67.1388523
30.31 67.1328295
30.32 67.1268067
30.33 67.1207839
30.34 67.1147611
30.35 67.1087144
30.36 67.1026916
30.37 67.0966449
30.38 67.0906221
30.39 67.0845754
30.4 67.0785287
30.41 67.072482
30.42 67.0664353
30.43 67.0603647
30.44 67.054318
30.45 67.0482713
30.46 67.0422007
30.47 67.0361301
30.48 67.0300834
30.49 67.0240128
30.5 67.0179422
30.51 67.0118716
30.52 67.0057771
30.53 66.9997065
30.54 66.993612
30.55 66.9875414
30.56 66.9814469
30.57 66.9753524
30.58 66.9692818
30.59 66.9631634
30.6 66.9570689
30.61 66.9509744
30.62 66.9448799
30.63 66.9387615
30.64 66.932667
30.65 66.9265486
30.66 66.9204302
30.67 66.9143118
30.68 66.9081934
30.69 66.902075
30.7 66.8959566
30.71 66.8898382
30.72 66.8836959
30.73 66.8775775
30.74 66.8714352
30.75 66.8652929
30.76 66.8591506
30.77 66.8530322
30.78 66.846866
30.79 66.8407237
30.8 66.8345814
30.81 66.8284391
30.82 66.8222729
30.83 66.8161067
30.84 66.8099644
30.85 66.8037982
30.86 66.797632
30.87 66.7914658
30.88 66.7852996
30.89 66.7791095
30.9 66.7729433
30.91 66.7667532
30.92 66.760587
30.93 66.7543969
30.94 66.7482068
30.95 66.7420167
30.96 66.7358266
30.97 66.7296365
30.98 66.7234464
30.99 66.7172563
31.0 66.7110423
31.01 66.7048522
31.02 66.6986382
31.03 66.6924242
31.04 66.6862102
31.05 66.6799962
31.06 66.6737822
31.07 66.6675682
31.08 66.6613542
31.09 66.6551163
31.1 66.6489023
31.11 66.6426644
31.12 66.6364504
31.13 66.6302125
31.14 66.6239746
31.15 66.6177367
31.16 66.6114988
31.17 66.6052609
31.18 66.5989991
31.19 66.5927612
31.2 66.5864994
31.21 66.5802615
31.22 66.5739997
31.23 66.5677379
31.24 66.5614761
31.25 66.5552143
31.26 66.5489525
31.27 66.5426668
31.28 66.536405
31.29 66.5301432
31.3 66.5238575
31.31 66.5175718
31.32 66.51131
31.33 66.5050243
31.34 66.4987386
31.35 66.4924529
31.36 66.4861433
31.37 66.4798576
31.38 66.4735719
31.39 66.4672623
31.4 66.4609527
31.41 66.454667
31.42 66.4483574
31.43 66.4420478
31.44 66.4357382
31.45 66.4294286
31.46 66.423119
31.47 66.4167855
31.48 66.4104759
31.49 66.4041424
31.5 66.3978328
31.51 66.3914993
31.52 66.3851658
31.53 66.3788323
31.54 66.3724988
31.55 66.3661653
31.56 66.3598318
31.57 66.3534983
31.58 66.3471409
31.59 66.3408074
31.6 66.33445
31.61 66.3280926
31.62 66.3217352
31.63 66.3153778
31.64 66.3090204
31.65 66.302663
31.66 66.2963056
31.67 66.2899482
31.68 66.2835669
31.69 66.2772095
31.7 66.2708282
31.71 66.2644469
31.72 66.2580656
31.73 66.2517082
31.74 66.245303
31.75 66.2389217
31.76 66.2325404
31.77 66.2261591
31.78 66.2197539
31.79 66.2133726
31.8 66.2069674
31.81 66.2005861
31.82 66.1941809
31.83 66.1877757
31.84 66.1813705
31.85 66.1749653
31.86 66.1685362
31.87 66.162131
31.88 66.1557258
31.89 66.1492967
31.9 66.1428915
31.91 66.1364624
31.92 66.1300333
31.93 66.1236042
31.94 66.1171751
31.95 66.110746
31.96 66.1043169
31.97 66.0978878
31.98 66.0914348
31.99 66.0850057
32.0 66.0785527
32.01 66.0721236
32.02 66.0656706
32.03 66.0592176
32.04 66.0527646
32.05 66.0463116
32.06 66.0398586
32.07 66.0334056
32.08 66.0269287
32.09 66.0204757
32.1 66.0139988
32.11 66.0075458
32.12 66.0010689
32.13 65.994592
32.14 65.9881151
32.15 65.9816382
32.16 65.9751613
32.17 65.9686844
32.18 65.9622075
32.19 65.9557067
32.2 65.9492298
32.21 65.942729
32.22 65.9362521
32.23 65.9297513
32.24 65.9232505
32.25 65.9167497
32.26 65.9102489
32.27 65.9037481
32.28 65.8972473
32.29 65.8907226
32.3 65.8842218
32.31 65.8776971
32.32 65.8711963
32.33 65.8646716
32.34 65.8581469
32.35 65.8516222
32.36 65.8450975
32.37 65.8385728
32.38 65.8320481
32.39 65.8255234
32.4 65.8189987
32.41 65.8124501
32.42 65.8059254
32.43 65.7993768
32.44 65.7928282
32.45 65.7862796
32.46 65.7797549
32.47 65.7732063
32.48 65.7666577
32.49 65.7600852
32.5 65.7535366
32.51 65.746988
32.52 65.7404155
32.53 65.7338669
32.54 65.7272944
32.55 65.7207219
32.56 65.7141733
32.57 65.7076008
32.58 65.7010283
32.59 65.6944558
32.6 65.6878594
32.61 65.6812869
32.62 65.6747144
32.63 65.668118
32.64 65.6615455
32.65 65.6549491
32.66 65.6483527
32.67 65.6417802
32.68 65.6351838
32.69 65.6285874
32.7 65.621991
32.71 65.6153946
32.72 65.6087743
32.73 65.6021779
32.74 65.5955815
32.75 65.5889612
32.76 65.5823409
32.77 65.5757445
32.78 65.5691242
32.79 65.5625039
32.8 65.5558836
32.81 65.5492633
32.82 65.542643
32.83 65.5360227
32.84 65.5293785
32.85 65.5227582
32.86 65.516114
32.87 65.5094937
32.88 65.5028495
32.89 65.4962053
32.9 65.489585
32.91 65.4829408
32.92 65.4762966
32.93 65.4696524
32.94 65.4629843
32.95 65.4563401
32.96 65.4496959
32.97 65.4430278
32.98 65.4363836
32.99 65.4297155
33.0 65.4230474
33.01 65.4164032
33.02 65.4097351
33.03 65.403067
33.04 65.3963989
33.05 65.3897069
33.06 65.3830388
33.07 65.3763707
33.08 65.3696787
33.09 65.3630106
33.1 65.3563186
33.11 65.3496505
33.12 65.3429585
33.13 65.3362665
33.14 65.3295745
33.15 65.3228825
33.16 65.3161905
33.17 65.3094985
33.18 65.3028065
33.19 65.2960906
33.2 65.2893986
33.21 65.2826827
33.22 65.2759907
33.23 65.2692748
33.24 65.2625589
33.25 65.2558669
33.26 65.249151
33.27 65.2424351
33.28 65.2356953
33.29 65.2289794
33.3 65.2222635
33.31 65.2155476
33.32 65.2088078
33.33 65.2020919
33.34 65.1953521
33.35 65.1886123
33.36 65.1818964
33.37 65.1751566
33.38 65.1684168
33.39 65.161677
33.4 65.1549372
33.41 65.1481974
33.42 65.1414337
33.43 65.1346939
33.44 65.1279541
33.45 65.1211904
33.46 65.1144267
33.47 65.1076869
33.48 65.1009232
33.49 65.0941595
33.5 65.0873958
33.51 65.0806321
33.52 65.0738684
33.53 65.0671047
33.54 65.060341
33.55 65.0535534
33.56 65.0467897
33.57 65.0400021
33.58 65.0332384
33.59 65.0264508
33.6 65.0196632
33.61 65.0128995
33.62 65.0061119
33.63 64.9993243
33.64 64.9925367
33.65 64.9857491
33.66 64.9789376
33.67 64.97215
33.68 64.9653624
33.69 64.9585509
33.7 64.9517633
33.71 64.9449518
33.72 64.9381403
33.73 64.9313288
33.74 64.9245173
33.75 64.9177058
33.76 64.9108943
33.77 64.9040828
33.78 64.8972713
33.79 64.8904359
33.8 64.8836244
33.81 64.8768129
33.82 64.8699775
33.83 64.8631421
33.84 64.8563067
33.85 64.8494713
33.86 64.8426598
33.87 64.8358005
33.88 64.8289651
33.89 64.8221297
33.9 64.8152943
33.91 64.808435
33.92 64.8015996
33.93 64.7947403
33.94 64.787881
33.95 64.7810456
33.96 64.7741863
33.97 64.767327
33.98 64.7604677
33.99 64.7535845
34.0 64.7467252
34.01 64.7398659
34.02 64.7329827
34.03 64.7261234
34.04 64.7192402
34.05 64.712357
34.06 64.7054977
34.07 64.6986145
34.08 64.6917313
34.09 64.6848242
34.1 64.677941
34.11 64.6710578
34.12 64.6641507
34.13 64.6572675
34.14 64.6503604
34.15 64.6434772
34.16 64.6365701
34.17 64.629663
34.18 64.6227559
34.19 64.6158488
34.2 64.6089178
34.21 64.6020107
34.22 64.5951036
34.23 64.5881726
34.24 64.5812655
34.25 64.5743345
34.26 64.5674035
34.27 64.5604725
34.28 64.5535415
34.29 64.5466105
34.3 64.5396795
34.31 64.5327246
34.32 64.5257936
34.33 64.5188387
34.34 64.5119077
34.35 64.5049528
34.36 64.4979979
34.37 64.491043
34.38 64.4840881
34.39 64.4771332
34.4 64.4701783
34.41 64.4631995
34.42 64.4562446
34.43 64.4492658
34.44 64.442287
34.45 64.4353082
34.46 64.4283294
34.47 64.4213506
34.48 64.4143718
34.49 64.407393
34.5 64.4004142
34.51 64.3934115
34.52 64.3864327
34.53 64.37943
34.54 64.3724273
34.55 64.3654246
34.56 64.3584219
34.57 64.3514192
34.58 64.3444165
34.59 64.3373899
34.6 64.3303872
34.61 64.3233606
34.62 64.316334
34.63 64.3093313
34.64 64.3023047
34.65 64.2952781
34.66 64.2882276
34.67 64.281201
34.68 64.2741744
34.69 64.2671239
34.7 64.2600973
34.71 64.2530468
34.72 64.2459963
34.73 64.2389458
34.74 64.2318953
34.75 64.2248448
34.76 64.2177704
34.77 64.2107199
34.78 64.2036455
34.79 64.196595
34.8 64.1895206
34.81 64.1824462
34.82 64.1753718
34.83 64.1682974
34.84 64.1611991
34.85 64.1541247
34.86 64.1470503
34.87 64.139952
34.88 64.1328537
34.89 64.1257554
34.9 64.1186571
34.91 64.1115588
34.92 64.1044605
34.93 64.0973383
34.94 64.09024
34.95 64.0831178
34.96 64.0760195
34.97 64.0688973
34.98 64.0617751
34.99 64.0546529
35.0 64.0475068
35.01 64.0403846
35.02 64.0332385
35.03 64.0261163
35.04 64.0189702
35.05 64.0118241
35.06 64.004678
35.07 63.9975319
35.08 63.9903858
35.09 63.9832158
35.1 63.9760697
35.11 63.9688997
35.12 63.9617297
35.13 63.9545836
35.14 63.9474136
35.15 63.9402197
35.16 63.9330497
35.17 63.9258797
35.18 63.9186858
35.19 63.9114919
35.2 63.9043219
35.21 63.897128
35.22 63.8899341
35.23 63.8827163
35.24 63.8755224
35.25 63.8683285
35.26 63.8611107
35.27 63.8538929
35.28 63.8466751
35.29 63.8394573
35.3 63.8322395
35.31 63.8250217
35.32 63.8178039
35.33 63.8105622
35.34 63.8033205
35.35 63.7961027
35.36 63.788861
35.37 63.7815954
35.38 63.7743537
35.39 63.767112
35.4 63.7598464
35.41 63.7526047
35.42 63.7453391
35.43 63.7380735
35.44 63.7308079
35.45 63.7235423
35.46 63.7162767
35.47 63.7089872
35.48 63.7016977
35.49 63.6944321
35.5 63.6871426
35.51 63.6798531
35.52 63.6725636
35.53 63.6652502
35.54 63.6579607
35.55 63.6506473
35.56 63.6433578
35.57 63.6360444
35.58 63.628731
35.59 63.6213937
35.6 63.6140803
35.61 63.6067669
35.62 63.5994296
35.63 63.5920923
35.64 63.584755
35.65 63.5774177
35.66 63.5700804
35.67 63.5627431
35.68 63.5554058
35.69 63.5480446
35.7 63.5406834
35.71 63.5333222
35.72 63.525961
35.73 63.5185998
35.74 63.5112386
35.75 63.5038535
35.76 63.4964923
35.77 63.4891072
35.78 63.4817221
35.79 63.474337
35.8 63.466928
35.81 63.4595429
35.82 63.4521578
35.83 63.4447488
35.84 63.4373398
35.85 63.4299308
35.86 63.4225218
35.87 63.4151128
35.88 63.4076799
35.89 63.4002709
35.9 63.392838
35.91 63.3854051
35.92 63.3779722
35.93 63.3705393
35.94 63.3630825
35.95 63.3556496
35.96 63.3481928
35.97 63.340736
35.98 63.3332792
35.99 63.3258224
36.0 63.3183656
36.01 63.3108849
36.02 63.3034281
36.03 63.2959474
36.04 63.2884667
36.05 63.280986
36.06 63.2735053
36.07 63.2660007
36.08 63.25852
36.09 63.2510154
36.1 63.2435108
36.11 63.2360062
36.12 63.2285016
36.13 63.220997
36.14 63.2134685
36.15 63.2059639
36.16 63.1984354
36.17 63.1909069
36.18 63.1833784
36.19 63.175826
36.2 63.1682975
36.21 63.1607451
36.22 63.1531927
36.23 63.1456403
36.24 63.1380879
36.25 63.1305355
36.26 63.1229831
36.27 63.1154068
36.28 63.1078305
36.29 63.1002542
36.3 63.0926779
36.31 63.0851016
36.32 63.0775253
36.33 63.0699251
36.34 63.0623249
36.35 63.0547247
36.36 63.0471245
36.37 63.0395243
36.38 63.0319002
36.39 63.0243
36.4 63.0166759
36.41 63.0090518
36.42 63.0014277
36.43 62.9938036
36.44 62.9861556
36.45 62.9785315
36.46 62.9708835
36.47 62.9632355
36.48 62.9555875
36.49 62.9479395
36.5 62.9402676
36.51 62.9325957
36.52 62.9249477
36.53 62.9172758
36.54 62.9096039
36.55 62.9019081
36.56 62.8942362
36.57 62.8865404
36.58 62.8788446
36.59 62.8711488
36.6 62.863453
36.61 62.8557572
36.62 62.8480375
36.63 62.8403178
36.64 62.8325981
36.65 62.8248784
36.66 62.8171587
36.67 62.809439
36.68 62.8016954
36.69 62.7939518
36.7 62.7862082
36.71 62.7784646
36.72 62.770721
36.73 62.7629535
36.74 62.7552099
36.75 62.7474424
36.76 62.7396749
36.77 62.7318835
36.78 62.724116
36.79 62.7163246
36.8 62.7085332
36.81 62.7007418
36.82 62.6929504
36.83 62.6851351
36.84 62.6773437
36.85 62.6695284
36.86 62.6617131
36.87 62.6538978
36.88 62.6460586
36.89 62.6382194
36.9 62.6303802
36.91 62.622541
36.92 62.6147018
36.93 62.6068626
36.94 62.5989995
36.95 62.5911364
36.96 62.5832733
36.97 62.5753863
36.98 62.5675232
36.99 62.5596362
37.0 62.5517492
37.01 62.5438622
37.02 62.5359513
37.03 62.5280643
37.04 62.5201534
37.05 62.5122425
37.06 62.5043077
37.07 62.4963968
37.08 62.488462
37.09 62.4805272
37.1 62.4725924
37.11 62.4646337
37.12 62.456675
37.13 62.4487163
37.14 62.4407576
37.15 62.4327989
37.16 62.4248163
37.17 62.4168337
37.18 62.4088511
37.19 62.4008685
37.2 62.392862
37.21 62.3848555
37.22 62.376849
37.23 62.3688425
37.24 62.3608121
37.25 62.3527817
37.26 62.3447513
37.27 62.3367209
37.28 62.3286666
37.29 62.3206123
37.3 62.312558
37.31 62.3045037
37.32 62.2964255
37.33 62.2883712
37.34 62.2802691
37.35 62.2721909
37.36 62.2640888
37.37 62.2560106
37.38 62.2478846
37.39 62.2397825
37.4 62.2316565
37.41 62.2235305
37.42 62.2154045
37.43 62.2072785
37.44 62.1991286
37.45 62.1909787
37.46 62.1828288
37.47 62.174655
37.48 62.1664812
37.49 62.1583074
37.5 62.1501336
37.51 62.1419359
37.52 62.1337382
37.53 62.1255405
37.54 62.1173428
37.55 62.1091212
37.56 62.1008996
37.57 62.092678
37.58 62.0844325
37.59 62.076187
37.6 62.0679415
37.61 62.0596721
37.62 62.0514266
37.63 62.0431572
37.64 62.0348639
37.65 62.0265945
37.66 62.0183012
37.67 62.009984
37.68 62.0016907
37.69 61.9933735
37.7 61.9850563
37.71 61.9767391
37.72 61.968398
37.73 61.9600569
37.74 61.9517158
37.75 61.9433508
37.76 61.9349858
37.77 61.9266208
37.78 61.9182319
37.79 61.909843
37.8 61.9014541
37.81 61.8930652
37.82 61.8846524
37.83 61.8762396
37.84 61.8678268
37.85 61.8593901
37.86 61.8509534
37.87 61.8424928
37.88 61.8340561
37.89 61.8255955
37.9 61.8171349
37.91 61.8086504
37.92 61.8001659
37.93 61.7916814
37.94 61.783173
37.95 61.7746646
37.96 61.7661562
37.97 61.7576239
37.98 61.7490916
37.99 61.7405593
38.0 61.732027
38.01 61.7234708
38.02 61.7148907
38.03 61.7063345
38.04 61.6977544
38.05 61.6891743
38.06 61.6805703
38.07 61.6719663
38.08 61.6633623
38.09 61.6547344
38.1 61.6461065
38.11 61.6374786
38.12 61.6288268
38.13 61.620175
38.14 61.6115232
38.15 61.6028475
38.16 61.5941718
38.17 61.5854961
38.18 61.5767965
38.19 61.5680969
38.2 61.5593973
38.21 61.5506738
38.22 61.5419503
38.23 61.5332029
38.24 61.5244555
38.25 61.5157081
38.26 61.5069368
38.27 61.4981655
38.28 61.4893942
38.29 61.480599
38.3 61.4718038
38.31 61.4630086
38.32 61.4541895
38.33 61.4453704
38.34 61.4365274
38.35 61.4277083
38.36 61.4188414
38.37 61.4099984
38.38 61.4011315
38.39 61.3922407
38.4 61.3833499
38.41 61.3744591
38.42 61.3655683
38.43 61.3566536
38.44 61.347715
38.45 61.3388003
38.46 61.3298617
38.47 61.3208992
38.48 61.3119367
38.49 61.3029742
38.5 61.2939878
38.51 61.2850014
38.52 61.276015
38.53 61.2670047
38.54 61.2579944
38.55 61.2489602
38.56 61.239926
38.57 61.2308918
38.58 61.2218337
38.59 61.2127756
38.6 61.2037175
38.61 61.1946355
38.62 61.1855296
38.63 61.1764237
38.64 61.1673178
38.65 61.1582119
38.66 61.1490821
38.67 61.1399284
38.68 61.1307747
38.69 61.121621
38.7 61.1124434
38.71 61.1032658
38.72 61.0940882
38.73 61.0848867
38.74 61.0756852
38.75 61.0664598
38.76 61.0572344
38.77 61.0479851
38.78 61.0387358
38.79 61.0294865
38.8 61.0202133
38.81 61.0109401
38.82 61.001643
38.83 60.9923459
38.84 60.9830488
38.85 60.9737278
38.86 60.9643829
38.87 60.955038
38.88 60.9456931
38.89 60.9363243
38.9 60.9269555
38.91 60.9175867
38.92 60.908194
38.93 60.8987774
38.94 60.8893608
38.95 60.8799442
38.96 60.8705037
38.97 60.8610632
38.98 60.8516227
38.99 60.8421344
39.0 60.83267
39.01 60.8231817
39.02 60.8136934
39.03 60.8041812
39.04 60.7946451
39.05 60.7851329
39.06 60.7755729
39.07 60.7660368
39.08 60.7564768
39.09 60.7468929
39.1 60.737309
39.11 60.7277012
39.12 60.7180934
39.13 60.7084856
39.14 60.6988539
39.15 60.6892222
39.16 60.6795666
39.17 60.669911
39.18 60.6602315
39.19 60.650552
39.2 60.6408486
39.21 60.6311452
39.22 60.6214179
39.23 60.6116906
39.24 60.6019394
39.25 60.5921882
39.26 60.582437
39.27 60.5726619
39.28 60.5628629
39.29 60.5530639
39.3 60.5432649
39.31 60.533442
39.32 60.5236191
39.33 60.5137723
39.34 60.5039016
39.35 60.4940309
39.36 60.4841602
39.37 60.4742656
39.38 60.464371
39.39 60.4544525
39.4 60.444534
39.41 60.4345916
39.42 60.4246492
39.43 60.4146829
39.44 60.4047166
39.45 60.3947264
39.46 60.3847362
39.47 60.3747221
39.48 60.364708
39.49 60.35467
39.5 60.3446081
39.51 60.3345701
39.52 60.3244843
39.53 60.3144224
39.54 60.3043127
39.55 60.294203
39.56 60.2840933
39.57 60.2739597
39.58 60.2638261
39.59 60.2536686
39.6 60.2435111
39.61 60.2333297
39.62 60.2231244
39.63 60.2129191
39.64 60.2027138
39.65 60.1924846
39.66 60.1822554
39.67 60.1720023
39.68 60.1617253
39.69 60.1514483
39.7 60.1411474
39.71 60.1308465
39.72 60.1205456
39.73 60.1101969
39.74 60.0998721
39.75 60.0895234
39.76 60.0791508
39.77 60.0687782
39.78 60.0583817
39.79 60.0479852
39.8 60.0375648
39.81 60.0271444
39.82 60.0167001
39.83 60.0062558
39.84 59.9957876
39.85 59.9852955
39.86 59.9748034
39.87 59.9643113
39.88 59.9537953
39.89 59.9432793
39.9 59.9327394
39.91 59.9221756
39.92 59.9116118
39.93 59.901048
39.94 59.8904603
39.95 59.8798487
39.96 59.8692371
39.97 59.8586255
39.98 59.84799
39.99 59.8373306
40.0 59.8266712
40.01 59.8160118
40.02 59.8053046
40.03 59.7946213
40.04 59.7839141
40.05 59.773183
40.06 59.7624519
40.07 59.7516969
40.08 59.7409419
40.09 59.7301869
40.1 59.7193841
40.11 59.7086052
40.12 59.6977785
40.13 59.6869757
40.14 59.676149
40.15 59.6652984
40.16 59.6544478
40.17 59.6435733
40.18 59.6326988
40.19 59.6218004
40.2 59.610902
40.21 59.5999797
40.22 59.5890574
40.23 59.5781112
40.24 59.567165
40.25 59.5561949
40.26 59.5452248
40.27 59.5342308
40.28 59.5232368
40.29 59.5122189
40.3 59.501201
40.31 59.4901592
40.32 59.4791174
40.33 59.4680517
40.34 59.456986
40.35 59.4458964
40.36 59.4348068
40.37 59.4236933
40.38 59.4125798
40.39 59.4014424
40.4 59.390305
40.41 59.3791437
40.42 59.3679824
40.43 59.3567972
40.44 59.345612
40.45 59.3344029
40.46 59.3231938
40.47 59.3119608
40.48 59.3007278
40.49 59.2894709
40.5 59.278214
40.51 59.2669332
40.52 59.2556524
40.53 59.2443477
40.54 59.233043
40.55 59.2217144
40.56 59.2103858
40.57 59.1990572
40.58 59.1876808
40.59 59.1763283
40.6 59.1649519
40.61 59.1535516
40.62 59.1421513
40.63 59.1307271
40.64 59.1193029
40.65 59.1078787
40.66 59.0964067
40.67 59.0849586
40.68 59.0734866
40.69 59.0619907
40.7 59.0504948
40.71 59.0389989
40.72 59.0274791
40.73 59.0159354
40.74 59.0043917
40.75 58.992848
40.76 58.9812804
40.77 58.9696889
40.78 58.9580974
40.79 58.9465059
40.8 58.9348905
40.81 58.9232751
40.82 58.9116358
40.83 58.8999965
40.84 58.8883333
40.85 58.8766462
40.86 58.864983
40.87 58.853272
40.88 58.8415849
40.89 58.82985
40.9 58.818139
40.91 58.8063802
40.92 58.7946453
40.93 58.7828865
40.94 58.7711038
40.95 58.7593211
40.96 58.7475145
40.97 58.7357079
40.98 58.7239013
40.99 58.7120469
41.0 58.7002164
41.01 58.688362
41.02 58.6764837
41.03 58.6646293
41.04 58.6527271
41.05 58.6408249
41.06 58.6289227
41.07 58.6169966
41.08 58.6050705
41.09 58.5931205
41.1 58.5811705
41.11 58.5691966
41.12 58.5572227
41.13 58.5452249
41.14 58.5332271
41.15 58.5212054
41.16 58.5091837
41.17 58.4971381
41.18 58.4850925
41.19 58.4730469
41.2 58.4609774
41.21 58.448884
41.22 58.4367906
41.23 58.4246972
41.24 58.4125799
41.25 58.4004626
41.26 58.3883214
41.27 58.3761802
41.28 58.3640151
41.29 58.35185
41.3 58.339661
41.31 58.327472
41.32 58.3152591
41.33 58.3030462
41.34 58.2908333
41.35 58.2785726
41.36 58.2663358
41.37 58.2540751
41.38 58.2418144
41.39 58.2295298
41.4 58.2172213
41.41 58.2049367
41.42 58.1926043
41.43 58.1802958
41.44 58.1679395
41.45 58.1556071
41.46 58.1432508
41.47 58.1308706
41.48 58.1184904
41.49 58.1060863
41.5 58.0936822
41.51 58.0812781
41.52 58.0688501
41.53 58.0564221
41.54 58.0439702
41.55 58.0315183
41.56 58.0190425
41.57 58.0065667
41.58 57.994067
41.59 57.9815673
41.6 57.9690437
41.61 57.9565201
41.62 57.9439965
41.63 57.931449
41.64 57.9188776
41.65 57.9063301
41.66 57.8937348
41.67 57.8811634
41.68 57.8685442
41.69 57.8559489
41.7 57.8433297
41.71 57.8306866
41.72 57.8180435
41.73 57.8053765
41.74 57.7927334
41.75 57.7800425
41.76 57.7673516
41.77 57.7546607
41.78 57.7419459
41.79 57.7292311
41.8 57.7164924
41.81 57.7037537
41.82 57.691015
41.83 57.6782524
41.84 57.6654659
41.85 57.6526794
41.86 57.6398929
41.87 57.6270825
41.88 57.6142721
41.89 57.6014378
41.9 57.5886035
41.91 57.5757692
41.92 57.562911
41.93 57.5500289
41.94 57.5371468
41.95 57.5242647
41.96 57.5113587
41.97 57.4984527
41.98 57.4855228
41.99 57.4725929
42.0 57.4596391
42.01 57.4466853
42.02 57.4337315
42.03 57.4207538
42.04 57.4077522
42.05 57.3947745
42.06 57.381749
42.07 57.3687474
42.08 57.3557219
42.09 57.3426725
42.1 57.3296231
42.11 57.3165737
42.12 57.3035004
42.13 57.2904032
42.14 57.2773299
42.15 57.2642088
42.16 57.2511116
42.17 57.2379905
42.18 57.2248455
42.19 57.2117005
42.2 57.1985555
42.21 57.1853866
42.22 57.1722177
42.23 57.1590249
42.24 57.1458321
42.25 57.1326154
42.26 57.1193987
42.27 57.106182
42.28 57.0929414
42.29 57.0796769
42.3 57.0664363
42.31 57.0531479
42.32 57.0398834
42.33 57.026595
42.34 57.0132827
42.35 56.9999704
42.36 56.9866581
42.37 56.9733219
42.38 56.9599857
42.39 56.9466256
42.4 56.9332655
42.41 56.9199054
42.42 56.9065214
42.43 56.8931135
42.44 56.8797295
42.45 56.8662977
42.46 56.8528898
42.47 56.839458
42.48 56.8260023
42.49 56.8125466
42.5 56.7990909
42.51 56.7856113
42.52 56.7721317
42.53 56.7586282
42.54 56.7451247
42.55 56.7316212
42.56 56.7180938
42.57 56.7045425
42.58 56.6909912
42.59 56.6774399
42.6 56.6638886
42.61 56.6503134
42.62 56.6367143
42.63 56.6231152
42.64 56.6095161
42.65 56.5958931
42.66 56.5822701
42.67 56.5686232
42.68 56.5549763
42.69 56.5413294
42.7 56.5276586
42.71 56.5139878
42.72 56.5002931
42.73 56.4865984
42.74 56.4729037
42.75 56.4591851
42.76 56.4454426
42.77 56.431724
42.78 56.4179576
42.79 56.4042151
42.8 56.3904487
42.81 56.3766584
42.82 56.3628681
42.83 56.3490778
42.84 56.3352636
42.85 56.3214494
42.86 56.3076352
42.87 56.2937971
42.88 56.2799351
42.89 56.266097
42.9 56.252235
42.91 56.2383491
42.92 56.2244632
42.93 56.2105534
42.94 56.1966675
42.95 56.1827338
42.96 56.168824
42.97 56.1548903
42.98 56.1409327
42.99 56.1269751
43.0 56.1130175
43.01 56.099036
43.02 56.0850545
43.03 56.071073
43.04 56.0570676
43.05 56.0430383
43.06 56.0290329
43.07 56.0149797
43.08 56.0009504
43.09 55.9868972
43.1 55.9728201
43.11 55.9587669
43.12 55.9446659
43.13 55.9305888
43.14 55.9164878
43.15 55.9023629
43.16 55.8882619
43.17 55.8741131
43.18 55.8599882
43.19 55.8458394
43.2 55.8316667
43.21 55.817494
43.22 55.8033213
43.23 55.7891486
43.24 55.7749281
43.25 55.7607315
43.26 55.746511
43.27 55.7322905
43.28 55.7180461
43.29 55.7038017
43.3 55.6895573
43.31 55.675289
43.32 55.6610207
43.33 55.6467285
43.34 55.6324363
43.35 55.6181202
43.36 55.603828
43.37 55.589488
43.38 55.5751719
43.39 55.5608319
43.4 55.546468
43.41 55.5321041
43.42 55.5177402
43.43 55.5033524
43.44 55.4889646
43.45 55.4745768
43.46 55.4601651
43.47 55.4457534
43.48 55.4313178
43.49 55.4168822
43.5 55.4024466
43.51 55.3879871
43.52 55.3735276
43.53 55.3590442
43.54 55.3445608
43.55 55.3300774
43.56 55.3155701
43.57 55.3010628
43.58 55.2865555
43.59 55.2720243
43.6 55.2574692
43.61 55.242938
43.62 55.2283829
43.63 55.2138039
43.64 55.1992249
43.65 55.1846459
43.66 55.170043
43.67 55.1554401
43.68 55.1408372
43.69 55.1262104
43.7 55.1115836
43.71 55.0969329
43.72 55.0822822
43.73 55.0676315
43.74 55.0529569
43.75 55.0382823
43.76 55.0236077
43.77 55.0089092
43.78 54.9942107
43.79 54.9794883
43.8 54.9647659
43.81 54.9500196
43.82 54.9352972
43.83 54.920527
43.84 54.9057807
43.85 54.8910105
43.86 54.8762403
43.87 54.8614462
43.88 54.8466521
43.89 54.8318341
43.9 54.8170161
43.91 54.8021981
43.92 54.7873801
43.93 54.7725382
43.94 54.7576724
43.95 54.7428066
43.96 54.7279408
43.97 54.713075
43.98 54.6981853
43.99 54.6832956
44.0 54.668382
44.01 54.6534684
44.02 54.6385548
44.03 54.6236173
44.04 54.6086798
44.05 54.5937184
44.06 54.578757
44.07 54.5637956
44.08 54.5488103
44.09 54.533825
44.1 54.5188397
44.11 54.5038305
44.12 54.4888213
44.13 54.4737882
44.14 54.458779
44.15 54.443722
44.16 54.4286889
44.17 54.4136319
44.18 54.398551
44.19 54.383494
44.2 54.3684131
44.21 54.3533083
44.22 54.3382035
44.23 54.3230987
44.24 54.30797
44.25 54.2928413
44.26 54.2777126
44.27 54.26256
44.28 54.2474074
44.29 54.2322548
44.3 54.2170783
44.31 54.2019018
44.32 54.1867253
44.33 54.1715249
44.34 54.1563006
44.35 54.1411002
44.36 54.1258759
44.37 54.1106277
44.38 54.0954034
44.39 54.0801552
44.4 54.0648831
44.41 54.049611
44.42 54.0343389
44.43 54.0190668
44.44 54.0037708
44.45 53.9884748
44.46 53.9731549
44.47 53.957835
44.48 53.9425151
44.49 53.9271713
44.5 53.9118275
44.51 53.8964837
44.52 53.881116
44.53 53.8657483
44.54 53.8503567
44.55 53.8349651
44.56 53.8195735
44.57 53.8041819
44.58 53.7887664
44.59 53.773327
44.6 53.7579115
44.61 53.7424721
44.62 53.7270088
44.63 53.7115694
44.64 53.6961061
44.65 53.6806189
44.66 53.6651556
44.67 53.6496445
44.68 53.6341573
44.69 53.6186462
44.7 53.6031351
44.71 53.5876001
44.72 53.572089
44.73 53.5565301
44.74 53.5409951
44.75 53.5254362
44.76 53.5098534
44.77 53.4942945
44.78 53.4787117
44.79 53.4631289
44.8 53.4475222
44.81 53.4319155
44.82 53.4162849
44.83 53.4006782
44.84 53.3850476
44.85 53.3693931
44.86 53.3537386
44.87 53.3380841
44.88 53.3224296
44.89 53.3067512
44.9 53.2910728
44.91 53.2753705
44.92 53.2596682
44.93 53.2439659
44.94 53.2282636
44.95 53.2125374
44.96 53.1968112
44.97 53.1810611
44.98 53.165311
44.99 53.1495609
45.0 53.1337869
45.01 53.1180129
45.02 53.1022389
45.03 53.086441
45.04 53.0706431
45.05 53.0548452
45.06 53.0390234
45.07 53.0232016
45.08 53.0073798
45.09 52.9915341
45.1 52.9756884
45.11 52.9598427
45.12 52.9439731
45.13 52.9281035
45.14 52.9122339
45.15 52.8963404
45.16 52.8804469
45.17 52.8645534
45.18 52.848636
45.19 52.8327186
45.2 52.8167773
45.21 52.8008599
45.22 52.7849186
45.23 52.7689534
45.24 52.7529882
45.25 52.737023
45.26 52.7210578
45.27 52.7050687
45.28 52.6890796
45.29 52.6730905
45.3 52.6570775
45.31 52.6410645
45.32 52.6250276
45.33 52.6090146
45.34 52.5929777
45.35 52.5769169
45.36 52.5608561
45.37 52.5447953
45.38 52.5287345
45.39 52.5126498
45.4 52.4965651
45.41 52.4804804
45.42 52.4643718
45.43 52.4482632
45.44 52.4321546
45.45 52.4160221
45.46 52.3998896
45.47 52.3837571
45.48 52.3676007
45.49 52.3514443
45.5 52.3352879
45.51 52.3191076
45.52 52.3029273
45.53 52.286747
45.54 52.2705428
45.55 52.2543386
45.56 52.2381344
45.57 52.2219063
45.58 52.2056782
45.59 52.1894501
45.6 52.1731981
45.61 52.1569461
45.62 52.1406941
45.63 52.1244421
45.64 52.1081662
45.65 52.0918903
45.66 52.0755905
45.67 52.0592907
45.68 52.0429909
45.69 52.0266911
45.7 52.0103674
45.71 51.9940437
45.72 51.9776961
45.73 51.9613724
45.74 51.9450248
45.75 51.9286533
45.76 51.9122818
45.77 51.8959103
45.78 51.8795388
45.79 51.8631434
45.8 51.8467719
45.81 51.8303526
45.82 51.8139572
45.83 51.7975379
45.84 51.7811186
45.85 51.7646754
45.86 51.7482322
45.87 51.731789
45.88 51.7153219
45.89 51.6988787
45.9 51.6824116
45.91 51.6659206
45.92 51.6494296
45.93 51.6329386
45.94 51.6164476
45.95 51.5999327
45.96 51.5834178
45.97 51.5669029
45.98 51.550388
45.99 51.5338492
46.0 51.5172865
46.01 51.5007477
46.02 51.484185
46.03 51.4676223
46.04 51.4510357
46.05 51.434473
46.06 51.4178864
46.07 51.4012759
46.08 51.3846893
46.09 51.3680788
46.1 51.3514444
46.11 51.3348339
46.12 51.3181995
46.13 51.3015651
46.14 51.2849068
46.15 51.2682485
46.16 51.2515902
46.17 51.2349319
46.18 51.2182497
46.19 51.2015675
46.2 51.1848853
46.21 51.1681792
46.22 51.1514731
46.23 51.134767
46.24 51.118037
46.25 51.1013309
46.26 51.084577
46.27 51.067847
46.28 51.0510931
46.29 51.0343392
46.3 51.0175853
46.31 51.0008075
46.32 50.9840297
46.33 50.9672519
46.34 50.9504502
46.35 50.9336724
46.36 50.9168707
46.37 50.9000451
46.38 50.8832195
46.39 50.8663939
46.4 50.8495683
46.41 50.8327188
46.42 50.8158932
46.43 50.7990198
46.44 50.7821703
46.45 50.7652969
46.46 50.7484235
46.47 50.7315501
46.48 50.7146528
46.49 50.6977555
46.5 50.6808582
46.51 50.663937
46.52 50.6470158
46.53 50.6300946
46.54 50.6131734
46.55 50.5962283
46.56 50.5792832
46.57 50.5623381
46.58 50.5453691
46.59 50.5284001
46.6 50.5114311
46.61 50.4944621
46.62 50.4774692
46.63 50.4604763
46.64 50.4434834
46.65 50.4264666
46.66 50.4094498
46.67 50.392433
46.68 50.3754162
46.69 50.3583755
46.7 50.3413348
46.71 50.3242702
46.72 50.3072295
46.73 50.2901649
46.74 50.2731003
46.75 50.2560118
46.76 50.2389472
46.77 50.2218587
46.78 50.2047463
46.79 50.1876578
46.8 50.1705454
46.81 50.153433
46.82 50.1362967
46.83 50.1191843
46.84 50.102048
46.85 50.0848878
46.86 50.0677515
46.87 50.0505913
46.88 50.0334311
46.89 50.016247
46.9 49.9990868
46.91 49.9819027
46.92 49.9647186
46.93 49.9475106
46.94 49.9303026
46.95 49.9130946
46.96 49.8958866
46.97 49.8786547
46.98 49.8614228
46.99 49.8441909
47.0 49.826959
47.01 49.8097032
47.02 49.7924474
47.03 49.7751916
47.04 49.7579119
47.05 49.7406322
47.06 49.7233525
47.07 49.7060728
47.08 49.6887692
47.09 49.6714656
47.1 49.654162
47.11 49.6368584
47.12 49.6195309
47.13 49.6022034
47.14 49.5848759
47.15 49.5675245
47.16 49.5501731
47.17 49.5328217
47.18 49.5154703
47.19 49.498095
47.2 49.4807197
47.21 49.4633444
47.22 49.4459691
47.23 49.4285699
47.24 49.4111707
47.25 49.3937715
47.26 49.3763484
47.27 49.3589492
47.28 49.3415261
47.29 49.3240791
47.3 49.306656
47.31 49.289209
47.32 49.271762
47.33 49.254315
47.34 49.2368441
47.35 49.2193732
47.36 49.2019023
47.37 49.1844075
47.38 49.1669366
47.39 49.1494418
47.4 49.131947
47.41 49.1144283
47.42 49.0969096
47.43 49.0793909
47.44 49.0618722
47.45 49.0443535
47.46 49.0268109
47.47 49.0092683
47.48 48.9917257
47.49 48.9741592
47.5 48.9565927
47.51 48.9390262
47.52 48.9214597
47.53 48.9038693
47.54 48.8863028
47.55 48.8686885
47.56 48.8510981
47.57 48.8335077
47.58 48.8158934
47.59 48.7982791
47.6 48.7806409
47.61 48.7630266
47.62 48.7453884
47.63 48.7277502
47.64 48.7100881
47.65 48.6924499
47.66 48.6747878
47.67 48.6571018
47.68 48.6394397
47.69 48.6217537
47.7 48.6040916
47.71 48.5863817
47.72 48.5686957
47.73 48.5509858
47.74 48.5332759
47.75 48.515566
47.76 48.4978561
47.77 48.4801223
47.78 48.4623885
47.79 48.4446547
47.8 48.4269209
47.81 48.4091632
47.82 48.3914055
47.83 48.3736478
47.84 48.3558901
47.85 48.3381085
47.86 48.3203269
47.87 48.3025453
47.88 48.2847637
47.89 48.2669582
47.9 48.2491527
47.91 48.2313472
47.92 48.2135417
47.93 48.1957123
47.94 48.1778829
47.95 48.1600535
47.96 48.1422241
47.97 48.1243708
47.98 48.1065175
47.99 48.0886642
48.0 48.0708109
48.01 48.0529337
48.02 48.0350804
48.03 48.0171793
48.04 47.9993021
48.05 47.9814249
48.06 47.9635238
48.07 47.9456227
48.08 47.9277216
48.09 47.9097966
48.1 47.8918955
48.11 47.8739705
48.12 47.8560216
48.13 47.8380966
48.14 47.8201477
48.15 47.8021988
48.16 47.7842499
48.17 47.766301
48.18 47.7483282
48.19 47.7303554
48.2 47.7123826
48.21 47.6944098
48.22 47.676437
48.23 47.6584403
48.24 47.6404436
48.25 47.622423
48.26 47.6044263
48.27 47.5864057
48.28 47.5683851
48.29 47.5503645
48.3 47.5323439
48.31 47.5142994
48.32 47.4962549
48.33 47.4782104
48.34 47.4601659
48.35 47.4420975
48.36 47.4240291
48.37 47.4059607
48.38 47.3878923
48.39 47.3698239
48.4 47.3517316
48.41 47.3336393
48.42 47.315547
48.43 47.2974308
48.44 47.2793385
48.45 47.2612223
48.46 47.2431061
48.47 47.2249899
48.48 47.2068498
48.49 47.1887097
48.5 47.1705696
48.51 47.1524295
48.52 47.1342894
48.53 47.1161254
48.54 47.0979614
48.55 47.0797974
48.56 47.0616334
48.57 47.0434455
48.58 47.0252576
48.59 47.0070697
48.6 46.9888818
48.61 46.9706939
48.62 46.9524821
48.63 46.9342703
48.64 46.9160585
48.65 46.8978467
48.66 46.879611
48.67 46.8613992
48.68 46.8431635
48.69 46.8249039
48.7 46.8066682
48.71 46.7884086
48.72 46.7701729
48.73 46.7518894
48.74 46.7336298
48.75 46.7153702
48.76 46.6970867
48.77 46.6788032
48.78 46.6605197
48.79 46.6422362
48.8 46.6239288
48.81 46.6056214
48.82 46.587314
48.83 46.5690066
48.84 46.5506992
48.85 46.5323679
48.86 46.5140366
48.87 46.4957053
48.88 46.477374
48.89 46.4590188
48.9 46.4406636
48.91 46.4223323
48.92 46.4039532
48.93 46.385598
48.94 46.3672428
48.95 46.3488637
48.96 46.3304846
48.97 46.3121055
48.98 46.2937025
48.99 46.2753234
49.0 46.2569204
49.01 46.2385174
49.02 46.2201144
49.03 46.2016875
49.04 46.1832845
49.05 46.1648576
49.06 46.1464307
49.07 46.1279799
49.08 46.109553
49.09 46.0911022
49.1 46.0726514
49.11 46.0542006
49.12 46.0357498
49.13 46.017299
49.14 45.9988243
49.15 45.9803496
49.16 45.9618749
49.17 45.9434002
49.18 45.9249016
49.19 45.906403
49.2 45.8879283
49.21 45.8694058
49.22 45.8509072
49.23 45.8324086
49.24 45.8138861
49.25 45.7953636
49.26 45.7768411
49.27 45.7583186
49.28 45.7397722
49.29 45.7212258
49.3 45.7027033
49.31 45.684133
49.32 45.6655866
49.33 45.6470402
49.34 45.6284699
49.35 45.6098996
49.36 45.5913293
49.37 45.572759
49.38 45.5541648
49.39 45.5355945
49.4 45.5170003
49.41 45.4984061
49.42 45.479788
49.43 45.4611938
49.44 45.4425757
49.45 45.4239815
49.46 45.4053634
49.47 45.3867214
49.48 45.3681033
49.49 45.3494613
49.5 45.3308432
49.51 45.3122012
49.52 45.2935353
49.53 45.2748933
49.54 45.2562274
49.55 45.2375854
49.56 45.2189195
49.57 45.2002536
49.58 45.1815638
49.59 45.1628979
49.6 45.1442081
49.61 45.1255183
49.62 45.1068285
49.63 45.0881387
49.64 45.0694489
49.65 45.0507352
49.66 45.0320215
49.67 45.0133078
49.68 44.9945941
49.69 44.9758804
49.7 44.9571428
49.71 44.9384052
49.72 44.9196676
49.73 44.90093
49.74 44.8821924
49.75 44.8634548
49.76 44.8446933
49.77 44.8259318
49.78 44.8071703
49.79 44.7884088
49.8 44.7696473
49.81 44.7508619
49.82 44.7320765
49.83 44.7132911
49.84 44.6945057
49.85 44.6757203
49.86 44.6569349
49.87 44.6381256
49.88 44.6193163
49.89 44.600507
49.9 44.5816977
49.91 44.5628884
49.92 44.5440552
49.93 44.525222
49.94 44.5063888
49.95 44.4875556
49.96 44.4687224
49.97 44.4498892
49.98 44.4310321
49.99 44.412175
50.0 44.3933418
50.01 44.3744608
50.02 44.3556037
50.03 44.3367466
50.04 44.3178656
50.05 44.2989846
50.06 44.2801036
50.07 44.2612226
50.08 44.2423416
50.09 44.2234367
50.1 44.2045557
50.11 44.1856508
50.12 44.1667459
50.13 44.147841
50.14 44.1289122
50.15 44.1100073
50.16 44.0910785
50.17 44.0721497
50.18 44.0532209
50.19 44.0342921
50.2 44.0153633
50.21 43.9964106
50.22 43.9774818
50.23 43.9585291
50.24 43.9395764
50.25 43.9206237
50.26 43.9016471
50.27 43.8826944
50.28 43.8637178
50.29 43.8447412
50.3 43.8257646
50.31 43.806788
50.32 43.7878114
50.33 43.7688109
50.34 43.7498104
50.35 43.7308338
50.36 43.7118333
50.37 43.6928328
50.38 43.6738084
50.39 43.6548079
50.4 43.6357835
50.41 43.6167591
50.42 43.5977347
50.43 43.5787103
50.44 43.5596859
50.45 43.5406615
50.46 43.5216132
50.47 43.5025649
50.48 43.4835166
50.49 43.4644683
50.5 43.44542
50.51 43.4263717
50.52 43.4072995
50.53 43.3882273
50.54 43.3691551
50.55 43.3500829
50.56 43.3310107
50.57 43.3119385
50.58 43.2928424
50.59 43.2737702
50.6 43.2546741
50.61 43.235578
50.62 43.2164819
50.63 43.1973858
50.64 43.1782658
50.65 43.1591697
50.66 43.1400497
50.67 43.1209297
50.68 43.1018097
50.69 43.0826897
50.7 43.0635697
50.71 43.0444258
50.72 43.0253058
50.73 43.0061619
50.74 42.987018
50.75 42.9678741
50.76 42.9487302
50.77 42.9295624
50.78 42.9104185
50.79 42.8912507
50.8 42.8720829
50.81 42.8529151
50.82 42.8337473
50.83 42.8145795
50.84 42.7954117
50.85 42.77622
50.86 42.7570522
50.87 42.7378605
50.88 42.7186688
50.89 42.6994771
50.9 42.6802615
50.91 42.6610698
50.92 42.6418542
50.93 42.6226625
50.94 42.6034469
50.95 42.5842313
50.96 42.5650157
50.97 42.5458001
50.98 42.5265606
50.99 42.507345
51.0 42.4881055
51.01 42.468866
51.02 42.4496265
51.03 42.430387
51.04 42.4111475
51.05 42.3918841
51.06 42.3726446
51.07 42.3533812
51.08 42.3341178
51.09 42.3148544
51.1 42.295591
51.11 42.2763276
51.12 42.2570642
51.13 42.2377769
51.14 42.2185135
51.15 42.1992262
51.16 42.1799389
51.17 42.1606516
51.18 42.1413643
51.19 42.122077
51.2 42.1027658
51.21 42.0834785
51.22 42.0641673
51.23 42.0448561
51.24 42.0255449
51.25 42.0062337
51.26 41.9869225
51.27 41.9675874
51.28 41.9482762
51.29 41.9289411
51.3 41.909606
51.31 41.8902948
51.32 41.8709597
51.33 41.8516007
51.34 41.8322656
51.35 41.8129305
51.36 41.7935715
51.37 41.7742364
51.38 41.7548774
51.39 41.7355184
51.4 41.7161594
51.41 41.6968004
51.42 41.6774175
51.43 41.6580585
51.44 41.6386756
51.45 41.6193166
51.46 41.5999337
51.47 41.5805508
51.48 41.5611679
51.49 41.541785
51.5 41.5223782
51.51 41.5029953
51.52 41.4835885
51.53 41.4642056
51.54 41.4447988
51.55 41.425392
51.56 41.4059852
51.57 41.3865784
51.58 41.3671716
51.59 41.3477409
51.6 41.3283341
51.61 41.3089034
51.62 41.2894727
51.63 41.270042
51.64 41.2506113
51.65 41.2311806
51.66 41.2117499
51.67 41.1923192
51.68 41.1728646
51.69 41.1534339
51.7 41.1339793
51.71 41.1145247
51.72 41.0950701
51.73 41.0756155
51.74 41.0561609
51.75 41.0367063
51.76 41.0172278
51.77 40.9977732
51.78 40.9782947
51.79 40.9588162
51.8 40.9393377
51.81 40.9198592
51.82 40.9003807
51.83 40.8809022
51.84 40.8614237
51.85 40.8419213
51.86 40.8224428
51.87 40.8029404
51.88 40.783438
51.89 40.7639595
51.9 40.7444571
51.91 40.7249308
51.92 40.7054284
51.93 40.685926
51.94 40.6664236
51.95 40.6468973
51.96 40.627371
51.97 40.6078686
51.98 40.5883423
51.99 40.568816
52.0 40.5492897
52.01 40.5297634
52.02 40.5102132
52.03 40.4906869
52.04 40.4711367
52.05 40.4516104
52.06 40.4320602
52.07 40.41251
52.08 40.3929598
52.09 40.3734096
52.1 40.3538594
52.11 40.3343092
52.12 40.314759
52.13 40.2951849
52.14 40.2756347
52.15 40.2560606
52.16 40.2364865
52.17 40.2169124
52.18 40.1973383
52.19 40.1777642
52.2 40.1581901
52.21 40.138616
52.22 40.1190419
52.23 40.0994439
52.24 40.0798698
52.25 40.0602718
52.26 40.0406738
52.27 40.0210758
52.28 40.0015017
52.29 39.9819037
52.3 39.9622818
52.31 39.9426838
52.32 39.9230858
52.33 39.9034639
52.34 39.8838659
52.35 39.864244
52.36 39.844646
52.37 39.8250241
52.38 39.8054022
52.39 39.7857803
52.4 39.7661584
52.41 39.7465365
52.42 39.7268907
52.43 39.7072688
52.44 39.6876469
52.45 39.6680011
52.46 39.6483553
52.47 39.6287334
52.48 39.6090876
52.49 39.5894418
52.5 39.569796
52.51 39.5501502
52.52 39.5305044
52.53 39.5108347
52.54 39.4911889
52.55 39.4715431
52.56 39.4518734
52.57 39.4322037
52.58 39.4125579
52.59 39.3928882
52.6 39.3732185
52.61 39.3535488
52.62 39.3338791
52.63 39.3142094
52.64 39.2945397
52.65 39.2748461
52.66 39.2551764
52.67 39.2354828
52.68 39.2158131
52.69 39.1961195
52.7 39.1764259
52.71 39.1567562
52.72 39.1370626
52.73 39.117369
52.74 39.0976754
52.75 39.0779579
52.76 39.0582643
52.77 39.0385707
52.78 39.0188771
52.79 38.9991596
52.8 38.9794421
52.81 38.9597485
52.82 38.940031
52.83 38.9203135
52.84 38.900596
52.85 38.8809024
52.86 38.861161
52.87 38.8414435
52.88 38.821726
52.89 38.8020085
52.9 38.782291
52.91 38.7625496
52.92 38.7428321
52.93 38.7230907
52.94 38.7033493
52.95 38.6836318
52.96 38.6638904
52.97 38.644149
52.98 38.6244076
52.99 38.6046662
53.0 38.5849248
53.01 38.5651834
53.02 38.545442
53.03 38.5256767
53.04 38.5059353
53.05 38.48617
53.06 38.4664286
53.07 38.4466633
53.08 38.4269219
53.09 38.4071566
53.1 38.3873913
53.11 38.367626
53.12 38.3478607
53.13 38.3280954
53.14 38.3083301
53.15 38.2885648
53.16 38.2687995
53.17 38.2490342
53.18 38.229245
53.19 38.2094797
53.2 38.1896905
53.21 38.1699252
53.22 38.150136
53.23 38.1303468
53.24 38.1105815
53.25 38.0907923
53.26 38.0710031
53.27 38.0512139
53.28 38.0314247
53.29 38.0116355
53.3 37.9918463
53.31 37.9720571
53.32 37.952244
53.33 37.9324548
53.34 37.9126656
53.35 37.8928525
53.36 37.8730633
53.37 37.8532502
53.38 37.8334371
53.39 37.8136479
53.4 37.7938348
53.41 37.7740217
53.42 37.7542086
53.43 37.7343955
53.44 37.7145824
53.45 37.6947693
53.46 37.6749562
53.47 37.6551431
53.48 37.63533
53.49 37.6155169
53.5 37.5956799
53.51 37.5758668
53.52 37.5560298
53.53 37.5362167
53.54 37.5163797
53.55 37.4965666
53.56 37.4767296
53.57 37.4568926
53.58 37.4370795
53.59 37.4172425
53.6 37.3974055
53.61 37.3775685
53.62 37.3577315
53.63 37.3378945
53.64 37.3180575
53.65 37.2982205
53.66 37.2783596
53.67 37.2585226
53.68 37.2386856
53.69 37.2188486
53.7 37.1989877
53.71 37.1791507
53.72 37.1592898
53.73 37.1394528
53.74 37.1195919
53.75 37.099731
53.76 37.079894
53.77 37.0600331
53.78 37.0401722
53.79 37.0203113
53.8 37.0004504
53.81 36.9806134
53.82 36.9607525
53.83 36.9408916
53.84 36.9210307
53.85 36.9011459
53.86 36.881285
53.87 36.8614241
53.88 36.8415632
53.89 36.8217023
53.9 36.8018175
53.91 36.7819566
53.92 36.7620718
53.93 36.7422109
53.94 36.7223261
53.95 36.7024652
53.96 36.6825804
53.97 36.6627195
53.98 36.6428347
53.99 36.6229499
54.0 36.603089
54.01 36.5832042
54.02 36.5633194
54.03 36.5434346
54.04 36.5235498
54.05 36.503665
54.06 36.4837802
54.07 36.4638954
54.08 36.4440106
54.09 36.4241258
54.1 36.404241
54.11 36.3843562
54.12 36.3644714
54.13 36.3445866
54.14 36.3246779
54.15 36.3047931
54.16 36.2849083
54.17 36.2649996
54.18 36.2451148
54.19 36.2252061
54.2 36.2053213
54.21 36.1854365
54.22 36.1655278
54.23 36.1456191
54.24 36.1257343
54.25 36.1058256
54.26 36.0859408
54.27 36.0660321
54.28 36.0461234
54.29 36.0262147
54.3 36.0063299
54.31 35.9864212
54.32 35.9665125
54.33 35.9466038
54.34 35.9266951
54.35 35.9067864
54.36 35.8868777
54.37 35.866969
54.38 35.8470603
54.39 35.8271516
54.4 35.8072429
54.41 35.7873342
54.42 35.7674255
54.43 35.7475168
54.44 35.7276081
54.45 35.7076994
54.46 35.6877668
54.47 35.6678581
54.48 35.6479494
54.49 35.6280407
54.5 35.6081081
54.51 35.5881994
54.52 35.5682907
54.53 35.5483581
54.54 35.5284494
54.55 35.5085407
54.56 35.4886081
54.57 35.4686994
54.58 35.4487668
54.59 35.4288581
54.6 35.4089255
54.61 35.3890168
54.62 35.3690842
54.63 35.3491755
54.64 35.3292429
54.65 35.3093103
54.66 35.2894016
54.67 35.269469
54.68 35.2495364
54.69 35.2296277
54.7 35.2096951
54.71 35.1897625
54.72 35.1698538
54.73 35.1499212
54.74 35.1299886
54.75 35.110056
54.76 35.0901473
54.77 35.0702147
54.78 35.0502821
54.79 35.0303495
54.8 35.0104169
54.81 34.9905082
54.82 34.9705756
54.83 34.950643
54.84 34.9307104
54.85 34.9107778
54.86 34.8908452
54.87 34.8709126
54.88 34.85098
54.89 34.8310474
54.9 34.8111148
54.91 34.7911822
54.92 34.7712496
54.93 34.7513409
54.94 34.7314083
54.95 34.7114757
54.96 34.6915431
54.97 34.6716105
54.98 34.6516779
54.99 34.6317453
55.0 34.6118127
55.01 34.5918562
55.02 34.5719236
55.03 34.551991
55.04 34.5320584
55.05 34.5121258
55.06 34.4921932
55.07 34.4722606
55.08 34.452328
55.09 34.4323954
55.1 34.4124628
55.11 34.3925302
55.12 34.3725976
55.13 34.352665
55.14 34.3327324
55.15 34.3127998
55.16 34.2928672
55.17 34.2729346
55.18 34.253002
55.19 34.2330455
55.2 34.2131129
55.21 34.1931803
55.22 34.1732477
55.23 34.1533151
55.24 34.1333825
55.25 34.1134499
55.26 34.0935173
55.27 34.0735847
55.28 34.0536521
55.29 34.0337195
55.3 34.0137869
55.31 33.9938543
55.32 33.9739217
55.33 33.9539891
55.34 33.9340565
55.35 33.9141239
55.36 33.8941913
55.37 33.8742587
55.38 33.8543261
55.39 33.8343935
55.4 33.8144609
55.41 33.7945283
55.42 33.7745957
55.43 33.7546631
55.44 33.7347305
55.45 33.7147979
55.46 33.6948653
55.47 33.6749327
55.48 33.6550001
55.49 33.6350675
55.5 33.6151349
55.51 33.5952023
55.52 33.5752697
55.53 33.555361
55.54 33.5354284
55.55 33.5154958
55.56 33.4955632
55.57 33.4756306
55.58 33.455698
55.59 33.4357893
55.6 33.4158567
55.61 33.3959241
55.62 33.3759915
55.63 33.3560828
55.64 33.3361502
55.65 33.3162176
55.66 33.2963089
55.67 33.2763763
55.68 33.2564437
55.69 33.236535
55.7 33.2166024
55.71 33.1966698
55.72 33.1767611
55.73 33.1568285
55.74 33.1369198
55.75 33.1169872
55.76 33.0970785
55.77 33.0771459
55.78 33.0572372
55.79 33.0373046
55.8 33.0173959
55.81 32.9974872
55.82 32.9775546
55.83 32.9576459
55.84 32.9377372
55.85 32.9178046
55.86 32.8978959
55.87 32.8779872
55.88 32.8580546
55.89 32.8381459
55.9 32.8182372
55.91 32.7983285
55.92 32.7784198
55.93 32.7585111
55.94 32.7386024
55.95 32.7186698
55.96 32.6987611
55.97 32.6788524
55.98 32.6589437
55.99 32.639035
56.0 32.6191502
56.01 32.5992415
56.02 32.5793328
56.03 32.5594241
56.04 32.5395154
56.05 32.5196067
56.06 32.4997219
56.07 32.4798132
56.08 32.4599045
56.09 32.4399958
56.1 32.420111
56.11 32.4002023
56.12 32.3803175
56.13 32.3604088
56.14 32.340524
56.15 32.3206153
56.16 32.3007305
56.17 32.2808218
56.18 32.260937
56.19 32.2410522
56.2 32.2211435
56.21 32.2012587
56.22 32.1813739
56.23 32.1614891
56.24 32.1415804
56.25 32.1216956
56.26 32.1018108
56.27 32.081926
56.28 32.0620412
56.29 32.0421564
56.3 32.0222716
56.31 32.0023868
56.32 31.982502
56.33 31.9626411
56.34 31.9427563
56.35 31.9228715
56.36 31.9029867
56.37 31.8831258
56.38 31.863241
56.39 31.8433562
56.4 31.8234953
56.41 31.8036105
56.42 31.7837496
56.43 31.7638648
56.44 31.7440039
56.45 31.724143
56.46 31.7042582
56.47 31.6843973
56.48 31.6645364
56.49 31.6446755
56.5 31.6248146
56.51 31.6049537
56.52 31.5850928
56.53 31.5652319
56.54 31.545371
56.55 31.5255101
56.56 31.5056492
56.57 31.4857883
56.58 31.4659274
56.59 31.4460904
56.6 31.4262295
56.61 31.4063686
56.62 31.3865316
56.63 31.3666707
56.64 31.3468337
56.65 31.3269728
56.66 31.3071358
56.67 31.2872988
56.68 31.2674379
56.69 31.2476009
56.7 31.2277639
56.71 31.2079269
56.72 31.1880899
56.73 31.1682529
56.74 31.1484159
56.75 31.1285789
56.76 31.1087419
56.77 31.0889049
56.78 31.0690918
56.79 31.0492548
56.8 31.0294178
56.81 31.0096047
56.82 30.9897677
56.83 30.9699546
56.84 30.9501176
56.85 30.9303045
56.86 30.9104914
56.87 30.8906544
56.88 30.8708413
56.89 30.8510282
56.9 30.8312151
56.91 30.811402
56.92 30.7915889
56.93 30.7717758
56.94 30.7519627
56.95 30.7321735
56.96 30.7123604
56.97 30.6925473
56.98 30.6727581
56.99 30.652945
57.0 30.6331558
57.01 30.6133427
57.02 30.5935535
57.03 30.5737643
57.04 30.5539512
57.05 30.534162
57.06 30.5143728
57.07 30.4945836
57.08 30.4747944
57.09 30.4550052
57.1 30.435216
57.11 30.4154507
57.12 30.3956615
57.13 30.3758723
57.14 30.356107
57.15 30.3363178
57.16 30.3165525
57.17 30.2967633
57.18 30.276998
57.19 30.2572327
57.2 30.2374674
57.21 30.2176782
57.22 30.1979129
57.23 30.1781476
57.24 30.1584062
57.25 30.1386409
57.26 30.1188756
57.27 30.0991103
57.28 30.0793689
57.29 30.0596036
57.3 30.0398622
57.31 30.0200969
57.32 30.0003555
57.33 29.9806141
57.34 29.9608488
57.35 29.9411074
57.36 29.921366
57.37 29.9016246
57.38 29.8818832
57.39 29.8621657
57.4 29.8424243
57.41 29.8226829
57.42 29.8029654
57.43 29.783224
57.44 29.7635065
57.45 29.7437651
57.46 29.7240476
57.47 29.7043301
57.48 29.6846126
57.49 29.6648951
57.5 29.6451776
57.51 29.6254601
57.52 29.6057426
57.53 29.5860251
57.54 29.5663076
57.55 29.546614
57.56 29.5268965
57.57 29.5072029
57.58 29.4875093
57.59 29.4677918
57.6 29.4480982
57.61 29.4284046
57.62 29.408711
57.63 29.3890174
57.64 29.3693238
57.65 29.3496302
57.66 29.3299605
57.67 29.3102669
57.68 29.2905972
57.69 29.2709036
57.7 29.2512339
57.71 29.2315642
57.72 29.2118706
57.73 29.1922009
57.74 29.1725312
57.75 29.1528615
57.76 29.1332157
57.77 29.113546
57.78 29.0938763
57.79 29.0742305
57.8 29.0545608
57.81 29.034915
57.82 29.0152692
57.83 28.9955995
57.84 28.9759537
57.85 28.9563079
57.86 28.9366621
57.87 28.9170163
57.88 28.8973944
57.89 28.8777486
57.9 28.8581028
57.91 28.8384809
57.92 28.8188351
57.93 28.7992132
57.94 28.7795913
57.95 28.7599694
57.96 28.7403475
57.97 28.7207256
57.98 28.7011037
57.99 28.6814818
58.0 28.6618838
58.01 28.6422619
58.02 28.6226639
58.03 28.603042
58.04 28.583444
58.05 28.563846
58.06 28.544248
58.07 28.52465
58.08 28.505052
58.09 28.485454
58.1 28.4658799
58.11 28.4462819
58.12 28.4266839
58.13 28.4071098
58.14 28.3875357
58.15 28.3679616
58.16 28.3483875
58.17 28.3288134
58.18 28.3092393
58.19 28.2896652
58.2 28.2700911
58.21 28.2505409
58.22 28.2309668
58.23 28.2114166
58.24 28.1918664
58.25 28.1722923
58.26 28.1527421
58.27 28.1331919
58.28 28.1136656
58.29 28.0941154
58.3 28.0745652
58.31 28.0550389
58.32 28.0354887
58.33 28.0159624
58.34 27.9964361
58.35 27.9769098
58.36 27.9573835
58.37 27.9378572
58.38 27.9183309
58.39 27.8988046
58.4 27.8793022
58.41 27.8597759
58.42 27.8402735
58.43 27.8207711
58.44 27.8012448
58.45 27.7817424
58.46 27.76224
58.47 27.7427615
58.48 27.7232591
58.49 27.7037567
58.5 27.6842782
58.51 27.6647997
58.52 27.6452973
58.53 27.6258188
58.54 27.6063403
58.55 27.5868618
58.56 27.5674072
58.57 27.5479287
58.58 27.5284502
58.59 27.5089956
58.6 27.4895171
58.61 27.4700625
58.62 27.4506079
58.63 27.4311533
58.64 27.4116987
58.65 27.392268
58.66 27.3728134
58.67 27.3533588
58.68 27.3339281
58.69 27.3144974
58.7 27.2950667
58.71 27.275636
58.72 27.2562053
58.73 27.2367746
58.74 27.2173439
58.75 27.1979371
58.76 27.1785064
58.77 27.1590996
58.78 27.1396928
58.79 27.120286
58.8 27.1008792
58.81 27.0814724
58.82 27.0620656
58.83 27.0426588
58.84 27.0232759
58.85 27.003893
58.86 26.9844862
58.87 26.9651033
58.88 26.9457204
58.89 26.9263614
58.9 26.9069785
58.91 26.8875956
58.92 26.8682366
58.93 26.8488537
58.94 26.8294947
58.95 26.8101357
58.96 26.7907767
58.97 26.7714177
58.98 26.7520826
58.99 26.7327236
59.0 26.7133885
59.01 26.6940295
59.02 26.6746944
59.03 26.6553593
59.04 26.6360242
59.05 26.6166891
59.06 26.5973779
59.07 26.5780428
59.08 26.5587316
59.09 26.5393965
59.1 26.5200853
59.11 26.5007741
59.12 26.4814629
59.13 26.4621756
59.14 26.4428644
59.15 26.4235532
59.16 26.4042659
59.17 26.3849786
59.18 26.3656913
59.19 26.346404
59.2 26.3271167
59.21 26.3078294
59.22 26.288566
59.23 26.2693026
59.24 26.2500153
59.25 26.2307519
59.26 26.2114885
59.27 26.1922251
59.28 26.1729856
59.29 26.1537222
59.3 26.1344827
59.31 26.1152193
59.32 26.0959798
59.33 26.0767403
59.34 26.0575008
59.35 26.0382852
59.36 26.0190457
59.37 25.9998062
59.38 25.9805906
59.39 25.961375
59.4 25.9421594
59.41 25.9229438
59.42 25.9037282
59.43 25.8845365
59.44 25.8653209
59.45 25.8461292
59.46 25.8269375
59.47 25.8077458
59.48 25.7885541
59.49 25.7693624
59.5 25.7501946
59.51 25.7310029
59.52 25.7118351
59.53 25.6926673
59.54 25.6734995
59.55 25.6543317
59.56 25.6351639
59.57 25.61602
59.58 25.5968522
59.59 25.5777083
59.6 25.5585644
59.61 25.5394205
59.62 25.5202766
59.63 25.5011327
59.64 25.4820127
59.65 25.4628927
59.66 25.4437488
59.67 25.4246288
59.68 25.4055088
59.69 25.3864127
59.7 25.3672927
59.71 25.3481727
59.72 25.3290766
59.73 25.3099805
59.74 25.2908844
59.75 25.2717883
59.76 25.2527161
59.77 25.23362
59.78 25.2145478
59.79 25.1954517
59.8 25.1763795
59.81 25.1573073
59.82 25.138259
59.83 25.1191868
59.84 25.1001385
59.85 25.0810663
59.86 25.062018
59.87 25.0429697
59.88 25.0239214
59.89 25.004897
59.9 24.9858487
59.91 24.9668243
59.92 24.9477999
59.93 24.9287755
59.94 24.9097511
59.95 24.8907267
59.96 24.8717262
59.97 24.8527018
59.98 24.8337013
59.99 24.8147008
60.0 24.7957003
60.01 24.7767237
60.02 24.7577232
60.03 24.7387466
60.04 24.7197461
60.05 24.7007695
60.06 24.6817929
60.07 24.6628402
60.08 24.6438636
60.09 24.6249109
60.1 24.6059343
60.11 24.5869816
60.12 24.5680289
60.13 24.5491001
60.14 24.5301474
60.15 24.5112186
60.16 24.4922659
60.17 24.4733371
60.18 24.4544083
60.19 24.4355034
60.2 24.4165746
60.21 24.3976697
60.22 24.3787648
60.23 24.3598599
60.24 24.340955
60.25 24.3220501
60.26 24.3031452
60.27 24.2842642
60.28 24.2653832
60.29 24.2465022
60.3 24.2276212
60.31 24.2087402
60.32 24.1898831
60.33 24.1710021
60.34 24.152145
60.35 24.1332879
60.36 24.1144308
60.37 24.0955976
60.38 24.0767405
60.39 24.0579073
60.4 24.0390741
60.41 24.0202409
60.42 24.0014077
60.43 23.9825984
60.44 23.9637652
60.45 23.9449559
60.46 23.9261466
60.47 23.9073373
60.48 23.888528
60.49 23.8697426
60.5 23.8509572
60.51 23.8321479
60.52 23.8133625
60.53 23.794601
60.54 23.7758156
60.55 23.7570541
60.56 23.7382687
60.57 23.7195072
60.58 23.7007457
60.59 23.6820081
60.6 23.6632466
60.61 23.644509
60.62 23.6257714
60.63 23.6070338
60.64 23.5882962
60.65 23.5695586
60.66 23.5508449
60.67 23.5321312
60.68 23.5133936
60.69 23.4947038
60.7 23.4759901
60.71 23.4572764
60.72 23.4385866
60.73 23.4198968
60.74 23.401207
60.75 23.3825172
60.76 23.3638513
60.77 23.3451615
60.78 23.3264956
60.79 23.3078297
60.8 23.2891638
60.81 23.2705218
60.82 23.2518559
60.83 23.2332139
60.84 23.2145719
60.85 23.1959299
60.86 23.1773118
60.87 23.1586698
60.88 23.1400517
60.89 23.1214336
60.9 23.1028155
60.91 23.0841974
60.92 23.0656032
60.93 23.0469851
60.94 23.0283909
60.95 23.0097967
60.96 22.9912264
60.97 22.9726322
60.98 22.9540619
60.99 22.9354916
61.0 22.9169213
61.01 22.898351
61.02 22.8797807
61.03 22.8612343
61.04 22.8426879
61.05 22.8241415
61.06 22.8055951
61.07 22.7870487
61.08 22.7685262
61.09 22.7500037
61.1 22.7314812
61.11 22.7129587
61.12 22.6944601
61.13 22.6759376
61.14 22.657439
61.15 22.6389404
61.16 22.6204418
61.17 22.6019671
61.18 22.5834685
61.19 22.5649938
61.2 22.5465191
61.21 22.5280683
61.22 22.5095936
61.23 22.4911428
61.24 22.4726681
61.25 22.4542412
61.26 22.4357904
61.27 22.4173396
61.28 22.3989127
61.29 22.3804858
61.3 22.3620589
61.31 22.343632
61.32 22.325229
61.33 22.3068021
61.34 22.2883991
61.35 22.2699961
61.36 22.251617
61.37 22.233214
61.38 22.2148349
61.39 22.1964558
61.4 22.1780767
61.41 22.1597215
61.42 22.1413424
61.43 22.1229872
61.44 22.104632
61.45 22.0862768
61.46 22.0679455
61.47 22.0495903
61.48 22.031259
61.49 22.0129277
61.5 21.9946203
61.51 21.976289
61.52 21.9579816
61.53 21.9396742
61.54 21.9213668
61.55 21.9030594
61.56 21.8847759
61.57 21.8664685
61.58 21.848185
61.59 21.8299254
61.6 21.8116419
61.61 21.7933823
61.62 21.7751227
61.63 21.7568631
61.64 21.7386035
61.65 21.7203678
61.66 21.7021082
61.67 21.6838725
61.68 21.6656368
61.69 21.647425
61.7 21.6291893
61.71 21.6109775
61.72 21.5927657
61.73 21.5745778
61.74 21.556366
61.75 21.5381781
61.76 21.5199902
61.77 21.5018023
61.78 21.4836144
61.79 21.4654504
61.8 21.4472864
61.81 21.4291224
61.82 21.4109584
61.83 21.3927944
61.84 21.3746543
61.85 21.3565142
61.86 21.3383741
61.87 21.3202579
61.88 21.3021178
61.89 21.2840016
61.9 21.2658854
61.91 21.2477931
61.92 21.2296769
61.93 21.2115846
61.94 21.1934923
61.95 21.1754
61.96 21.1573077
61.97 21.1392393
61.98 21.1211709
61.99 21.1031025
62.0 21.085058
62.01 21.0669896
62.02 21.0489451
62.03 21.0309006
62.04 21.0128561
62.05 20.9948355
62.06 20.976791
62.07 20.9587704
62.08 20.9407737
62.09 20.9227531
62.1 20.9047564
62.11 20.8867597
62.12 20.868763
62.13 20.8507663
62.14 20.8327935
62.15 20.8148207
62.16 20.7968479
62.17 20.7788751
62.18 20.7609262
62.19 20.7429534
62.2 20.7250045
62.21 20.7070795
62.22 20.6891306
62.23 20.6712056
62.24 20.6532806
62.25 20.6353556
62.26 20.6174306
62.27 20.5995295
62.28 20.5816284
62.29 20.5637273
62.3 20.5458501
62.31 20.527949
62.32 20.5100718
62.33 20.4921946
62.34 20.4743413
62.35 20.4564641
62.36 20.4386108
62.37 20.4207575
62.38 20.4029281
62.39 20.3850748
62.4 20.3672454
62.41 20.349416
62.42 20.3315866
62.43 20.3137811
62.44 20.2959756
62.45 20.2781701
62.46 20.2603646
62.47 20.242583
62.48 20.2247775
62.49 20.2069959
62.5 20.1892382
62.51 20.1714566
62.52 20.1536989
62.53 20.1359412
62.54 20.1181835
62.55 20.1004497
62.56 20.082692
62.57 20.0649582
62.58 20.0472483
62.59 20.0295145
62.6 20.0118046
62.61 19.9940947
62.62 19.9763848
62.63 19.9586988
62.64 19.9409889
62.65 19.9233029
62.66 19.9056408
62.67 19.8879548
62.68 19.8702927
62.69 19.8526306
62.7 19.8349685
62.71 19.8173303
62.72 19.7996921
62.73 19.7820539
62.74 19.7644157
62.75 19.7467775
62.76 19.7291632
62.77 19.7115489
62.78 19.6939585
62.79 19.6763442
62.8 19.6587538
62.81 19.6411634
62.82 19.623573
62.83 19.6060065
62.84 19.58844
62.85 19.5708735
62.86 19.553307
62.87 19.5357644
62.88 19.5182218
62.89 19.5006792
62.9 19.4831366
62.91 19.4656179
62.92 19.4480992
62.93 19.4305805
62.94 19.4130857
62.95 19.395567
62.96 19.3780722
62.97 19.3606013
62.98 19.3431065
62.99 19.3256356
63.0 19.3081647
63.01 19.2906938
63.02 19.2732468
63.03 19.2557998
63.04 19.2383528
63.05 19.2209058
63.06 19.2034827
63.07 19.1860596
63.08 19.1686365
63.09 19.1512134
63.1 19.1338142
63.11 19.116415
63.12 19.0990158
63.13 19.0816166
63.14 19.0642413
63.15 19.046866
63.16 19.0294907
63.17 19.0121393
63.18 18.9947879
63.19 18.9774365
63.2 18.9600851
63.21 18.9427576
63.22 18.9254301
63.23 18.9081026
63.24 18.8907751
63.25 18.8734715
63.26 18.8561679
63.27 18.8388643
63.28 18.8215846
63.29 18.8043049
63.3 18.7870252
63.31 18.7697455
63.32 18.7524897
63.33 18.7352339
63.34 18.7179781
63.35 18.7007223
63.36 18.6834904
63.37 18.6662585
63.38 18.6490266
63.39 18.6318186
63.4 18.6146106
63.41 18.5974026
63.42 18.5801946
63.43 18.5630105
63.44 18.5458264
63.45 18.5286423
63.46 18.5114821
63.47 18.4943219
63.48 18.4771617
63.49 18.4600015
63.5 18.4428652
63.51 18.4257289
63.52 18.4085926
63.53 18.3914563
63.54 18.3743439
63.55 18.3572315
63.56 18.3401191
63.57 18.3230306
63.58 18.3059421
63.59 18.2888536
63.6 18.2717651
63.61 18.2547005
63.62 18.2376359
63.63 18.2205713
63.64 18.2035306
63.65 18.1864899
63.66 18.1694492
63.67 18.1524085
63.68 18.1353917
63.69 18.1183749
63.7 18.101382
63.71 18.0843652
63.72 18.0673723
63.73 18.0503794
63.74 18.0334104
63.75 18.0164175
63.76 17.9994485
63.77 17.9825034
63.78 17.9655344
63.79 17.9485893
63.8 17.9316442
63.81 17.914723
63.82 17.8978018
63.83 17.8808806
63.84 17.8639594
63.85 17.8470621
63.86 17.8301648
63.87 17.8132675
63.88 17.7963702
63.89 17.7794968
63.9 17.7626234
63.91 17.7457739
63.92 17.7289005
63.93 17.712051
63.94 17.6952254
63.95 17.6783759
63.96 17.6615503
63.97 17.6447247
63.98 17.627923
63.99 17.6111213
64.0 17.5943196
64.01 17.5775179
64.02 17.5607401
64.03 17.5439623
64.04 17.5271845
64.05 17.5104306
64.06 17.4936528
64.07 17.4769228
64.08 17.4601689
64.09 17.4434389
64.1 17.4267089
64.11 17.4099789
64.12 17.3932728
64.13 17.3765667
64.14 17.3598606
64.15 17.3431784
64.16 17.3264962
64.17 17.309814
64.18 17.2931318
64.19 17.2764735
64.2 17.2598152
64.21 17.2431569
64.22 17.2265225
64.23 17.2098881
64.24 17.1932537
64.25 17.1766432
64.26 17.1600327
64.27 17.1434222
64.28 17.1268356
64.29 17.1102251
64.3 17.0936624
64.31 17.0770758
64.32 17.0605131
64.33 17.0439504
64.34 17.0273877
64.35 17.0108489
64.36 16.9943101
64.37 16.9777713
64.38 16.9612564
64.39 16.9447415
64.4 16.9282266
64.41 16.9117356
64.42 16.8952207
64.43 16.8787536
64.44 16.8622626
64.45 16.8457955
64.46 16.8293284
64.47 16.8128613
64.48 16.7964181
64.49 16.7799749
64.5 16.7635317
64.51 16.7471124
64.52 16.7306931
64.53 16.7142738
64.54 16.6978784
64.55 16.681483
64.56 16.6650876
64.57 16.6487161
64.58 16.6323446
64.59 16.6159731
64.6 16.5996016
64.61 16.583254
64.62 16.5669064
64.63 16.5505827
64.64 16.534259
64.65 16.5179353
64.66 16.5016116
64.67 16.4853118
64.68 16.469012
64.69 16.4527122
64.7 16.4364363
64.71 16.4201604
64.72 16.4038845
64.73 16.3876325
64.74 16.3713805
64.75 16.3551285
64.76 16.3389004
64.77 16.3226723
64.78 16.3064442
64.79 16.29024
64.8 16.2740358
64.81 16.2578316
64.82 16.2416513
64.83 16.2254471
64.84 16.2092907
64.85 16.1931104
64.86 16.176954
64.87 16.1607976
64.88 16.1446651
64.89 16.1285326
64.9 16.1124001
64.91 16.0962676
64.92 16.080159
64.93 16.0640504
64.94 16.0479657
64.95 16.031881
64.96 16.0157963
64.97 15.9997116
64.98 15.9836508
64.99 15.96759
65.0 15.9515531
65.01 15.9355162
65.02 15.9194793
65.03 15.9034424
65.04 15.8874294
65.05 15.8714164
65.06 15.8554273
65.07 15.8394143
65.08 15.8234491
65.09 15.80746
65.1 15.7914948
65.11 15.7755296
65.12 15.7595883
65.13 15.7436231
65.14 15.7276818
65.15 15.7117644
65.16 15.695847
65.17 15.6799296
65.18 15.6640122
65.19 15.6481187
65.2 15.6322252
65.21 15.6163556
65.22 15.600486
65.23 15.5846164
65.24 15.5687468
65.25 15.5529011
65.26 15.5370793
65.27 15.5212336
65.28 15.5054118
65.29 15.48959
65.3 15.4737921
65.31 15.4579942
65.32 15.4421963
65.33 15.4263984
65.34 15.4106244
65.35 15.3948743
65.36 15.3791003
65.37 15.3633502
65.38 15.347624
65.39 15.3318739
65.4 15.3161477
65.41 15.3004215
65.42 15.2847192
65.43 15.2690169
65.44 15.2533385
65.45 15.2376362
65.46 15.2219578
65.47 15.2063033
65.48 15.1906249
65.49 15.1749943
65.5 15.1593398
65.51 15.1437092
65.52 15.1280786
65.53 15.112448
65.54 15.0968413
65.55 15.0812585
65.56 15.0656518
65.57 15.050069
65.58 15.0344862
65.59 15.0189273
65.6 15.0033684
65.61 14.9878095
65.62 14.9722745
65.63 14.9567395
65.64 14.9412045
65.65 14.9256934
65.66 14.9101823
65.67 14.8946712
65.68 14.879184
65.69 14.8636968
65.7 14.8482335
65.71 14.8327463
65.72 14.8173069
65.73 14.8018436
65.74 14.7864042
65.75 14.7709648
65.76 14.7555493
65.77 14.7401338
65.78 14.7247183
65.79 14.7093267
65.8 14.6939351
65.81 14.6785435
65.82 14.6631758
65.83 14.6478081
65.84 14.6324643
65.85 14.6170966
65.86 14.6017767
65.87 14.5864329
65.88 14.571113
65.89 14.5557931
65.9 14.5404971
65.91 14.5252011
65.92 14.5099051
65.93 14.494633
65.94 14.4793609
65.95 14.4640888
65.96 14.4488406
65.97 14.4335924
65.98 14.4183681
65.99 14.4031438
66.0 14.3879195
66.01 14.3727191
66.02 14.3575187
66.03 14.3423183
66.04 14.3271418
66.05 14.3119653
66.06 14.2967888
66.07 14.2816362
66.08 14.2664836
66.09 14.2513549
66.1 14.2362262
66.11 14.2210975
66.12 14.2059927
66.13 14.1908879
66.14 14.1757831
66.15 14.1607022
66.16 14.1456213
66.17 14.1305643
66.18 14.1155073
66.19 14.1004503
66.2 14.0853933
66.21 14.0703602
66.22 14.055351
66.23 14.0403179
66.24 14.0253326
66.25 14.0103234
66.26 13.9953381
66.27 13.9803528
66.28 13.9653914
66.29 13.95043
66.3 13.9354686
66.31 13.9205311
66.32 13.9055936
66.33 13.8906561
66.34 13.8757425
66.35 13.8608289
66.36 13.8459392
66.37 13.8310495
66.38 13.8161598
66.39 13.801294
66.4 13.7864282
66.41 13.7715863
66.42 13.7567444
66.43 13.7419025
66.44 13.7270845
66.45 13.7122665
66.46 13.6974485
66.47 13.6826544
66.48 13.6678603
66.49 13.6530662
66.5 13.638296
66.51 13.6235497
66.52 13.6087795
66.53 13.5940332
66.54 13.5793108
66.55 13.5645884
66.56 13.549866
66.57 13.5351436
66.58 13.5204451
66.59 13.5057705
66.6 13.491072
66.61 13.4764213
66.62 13.4617467
66.63 13.447096
66.64 13.4324453
66.65 13.4178185
66.66 13.4031917
66.67 13.3885649
66.68 13.373962
66.69 13.359383
66.7 13.3447801
66.71 13.3302011
66.72 13.315646
66.73 13.301067
66.74 13.2865119
66.75 13.2719807
66.76 13.2574495
66.77 13.2429183
66.78 13.228411
66.79 13.2139037
66.8 13.1994203
66.81 13.1849369
66.82 13.1704535
66.83 13.155994
66.84 13.1415345
66.85 13.127075
66.86 13.1126394
66.87 13.0982038
66.88 13.0837921
66.89 13.0693804
66.9 13.0549687
66.91 13.0405809
66.92 13.0261931
66.93 13.0118292
66.94 12.9974653
66.95 12.9831014
66.96 12.9687614
66.97 12.9544453
66.98 12.9401053
66.99 12.9257892
67.0 12.911497
67.01 12.8971809
67.02 12.8829126
67.03 12.8686204
67.04 12.8543521
67.05 12.8401077
67.06 12.8258394
67.07 12.8116189
67.08 12.7973745
67.09 12.783154
67.1 12.7689574
67.11 12.7547369
67.12 12.7405642
67.13 12.7263676
67.14 12.7121949
67.15 12.6980461
67.16 12.6838973
67.17 12.6697485
67.18 12.6555997
67.19 12.6414748
67.2 12.6273738
67.21 12.6132728
67.22 12.5991718
67.23 12.5850947
67.24 12.5710176
67.25 12.5569405
67.26 12.5428873
67.27 12.5288341
67.28 12.5148048
67.29 12.5007755
67.3 12.4867701
67.31 12.4727647
67.32 12.4587593
67.33 12.4447778
67.34 12.4307963
67.35 12.4168148
67.36 12.4028572
67.37 12.3889235
67.38 12.3749659
67.39 12.3610561
67.4 12.3471224
67.41 12.3332126
67.42 12.3193267
67.43 12.3054408
67.44 12.2915549
67.45 12.2776929
67.46 12.2638309
67.47 12.2499689
67.48 12.2361308
67.49 12.2222927
67.5 12.2084785
67.51 12.1946643
67.52 12.180874
67.53 12.1670837
67.54 12.1532934
67.55 12.139527
67.56 12.1257606
67.57 12.1120181
67.58 12.0982756
67.59 12.084557
67.6 12.0708145
67.61 12.0571198
67.62 12.0434251
67.63 12.0297304
67.64 12.0160357
67.65 12.0023649
67.66 11.988718
67.67 11.9750711
67.68 11.9614242
67.69 11.9478012
67.7 11.9341782
67.71 11.9205552
67.72 11.9069561
67.73 11.8933809
67.74 11.8797818
67.75 11.8662305
67.76 11.8526553
67.77 11.839104
67.78 11.8255766
67.79 11.8120492
67.8 11.7985218
67.81 11.7850183
67.82 11.7715148
67.83 11.7580352
67.84 11.7445556
67.85 11.731076
67.86 11.7176203
67.87 11.7041885
67.88 11.6907328
67.89 11.6773249
67.9 11.6638931
67.91 11.6504852
67.92 11.6371012
67.93 11.6237172
67.94 11.6103332
67.95 11.5969731
67.96 11.583613
67.97 11.5702768
67.98 11.5569406
67.99 11.5436044
68.0 11.5302921
68.01 11.5169798
68.02 11.5036914
68.03 11.490403
68.04 11.4771385
68.05 11.463874
68.06 11.4506334
68.07 11.4373928
68.08 11.4241522
68.09 11.4109355
68.1 11.3977188
68.11 11.384526
68.12 11.3713332
68.13 11.3581404
68.14 11.3449715
68.15 11.3318265
68.16 11.3186815
68.17 11.3055365
68.18 11.2924154
68.19 11.2792943
68.2 11.2661971
68.21 11.2530999
68.22 11.2400027
68.23 11.2269294
68.24 11.21388
68.25 11.2008067
68.26 11.1877812
68.27 11.1747318
68.28 11.1617302
68.29 11.1487047
68.3 11.1357031
68.31 11.1227254
68.32 11.1097477
68.33 11.09677
68.34 11.0838162
68.35 11.0708624
68.36 11.0579325
68.37 11.0450026
68.38 11.0320966
68.39 11.0191906
68.4 11.0062846
68.41 10.9934025
68.42 10.9805204
68.43 10.9676622
68.44 10.954804
68.45 10.9419697
68.46 10.9291354
68.47 10.916325
68.48 10.9035146
68.49 10.8907042
68.5 10.8779177
68.51 10.8651551
68.52 10.8523925
68.53 10.8396299
68.54 10.8268912
68.55 10.8141525
68.56 10.8014377
68.57 10.7887229
68.58 10.7760081
68.59 10.7633172
68.6 10.7506502
68.61 10.7379832
68.62 10.7253162
68.63 10.7126731
68.64 10.70003
68.65 10.6874108
68.66 10.6747916
68.67 10.6621724
68.68 10.649601
68.69 10.6370057
68.7 10.6244343
68.71 10.6118868
68.72 10.5993154
68.73 10.5867918
68.74 10.5742682
68.75 10.5617446
68.76 10.5492449
68.77 10.5367452
68.78 10.5242455
68.79 10.5117936
68.8 10.4993178
68.81 10.4868659
68.82 10.4744379
68.83 10.4620099
68.84 10.4495819
68.85 10.4371778
68.86 10.4247737
68.87 10.4123935
68.88 10.4000133
68.89 10.387657
68.9 10.3753007
68.91 10.3629683
68.92 10.3506359
68.93 10.3383035
68.94 10.325995
68.95 10.3137104
68.96 10.3014258
68.97 10.2891412
68.98 10.2768805
68.99 10.2646437
69.0 10.252383
69.01 10.2401701
69.02 10.2279333
69.03 10.2157443
69.04 10.2035314
69.05 10.1913424
69.06 10.1791773
69.07 10.1670122
69.08 10.154871
69.09 10.1427298
69.1 10.1305886
69.11 10.1184713
69.12 10.1063779
69.13 10.0942606
69.14 10.0821911
69.15 10.0701216
69.16 10.0580521
69.17 10.0460065
69.18 10.0339609
69.19 10.0219392
69.2 10.0099175
69.21 9.9979197
69.22 9.9859219
69.23 9.9739241
69.24 9.9619502
69.25 9.9500002
69.26 9.9380502
69.27 9.9261241
69.28 9.9141741
69.29 9.9022719
69.3 9.8903697
69.31 9.8784675
69.32 9.8665892
69.33 9.8547348
69.34 9.8428565
69.35 9.831026
69.36 9.8191955
69.37 9.807365
69.38 9.7955584
69.39 9.7837518
69.4 9.7719452
69.41 9.7601864
69.42 9.7484037
69.43 9.7366688
69.44 9.72491
69.45 9.7131751
69.46 9.7014641
69.47 9.6897531
69.48 9.6780421
69.49 9.6663789
69.5 9.6546918
69.51 9.6430286
69.52 9.6313893
69.53 9.6197261
69.54 9.6081107
69.55 9.5964953
69.56 9.5848799
69.57 9.5732884
69.58 9.5617208
69.59 9.5501293
69.6 9.5385856
69.61 9.5270419
69.62 9.5154982
69.63 9.5039784
69.64 9.4924586
69.65 9.4809627
69.66 9.4694668
69.67 9.4579948
69.68 9.4465228
69.69 9.4350747
69.7 9.4236266
69.71 9.4122024
69.72 9.4007782
69.73 9.3893779
69.74 9.3779776
69.75 9.3666012
69.76 9.3552248
69.77 9.3438723
69.78 9.3325198
69.79 9.3211673
69.8 9.3098626
69.81 9.298534
69.82 9.2872293
69.83 9.2759485
69.84 9.2646677
69.85 9.2534108
69.86 9.2421539
69.87 9.230897
69.88 9.2196879
69.89 9.2084549
69.9 9.1972458
69.91 9.1860606
69.92 9.1748754
69.93 9.1637141
69.94 9.1525528
69.95 9.1413915
69.96 9.1302541
69.97 9.1191406
69.98 9.1080271
69.99 9.0969136
70.0 9.0858479
70.01 9.0747583
70.02 9.0636926
70.03 9.0526508
70.04 9.041609
70.05 9.0305672
70.06 9.0195493
70.07 9.0085553
70.08 8.9975613
70.09 8.9865912
70.1 8.9756211
70.11 8.964651
70.12 8.9537048
70.13 8.9427825
70.14 8.9318602
70.15 8.9209618
70.16 8.9100634
70.17 8.899165
70.18 8.8883144
70.19 8.8774399
70.2 8.8665893
70.21 8.8557626
70.22 8.8449359
70.23 8.8341331
70.24 8.8233303
70.25 8.8125275
70.26 8.8017725
70.27 8.7909936
70.28 8.7802625
70.29 8.7695075
70.3 8.7587764
70.31 8.7480692
70.32 8.737362
70.33 8.7266787
70.34 8.7159954
70.35 8.705336
70.36 8.6946766
70.37 8.6840411
70.38 8.6734056
70.39 8.662794
70.4 8.6522063
70.41 8.6415947
70.42 8.6310309
70.43 8.6204671
70.44 8.6099033
70.45 8.5993634
70.46 8.5888235
70.47 8.5783075
70.48 8.5678154
70.49 8.5572994
70.5 8.5468312
70.51 8.536363
70.52 8.5258948
70.53 8.5154505
70.54 8.5050301
70.55 8.4946097
70.56 8.4842132
70.57 8.4738167
70.58 8.4634202
70.59 8.4530476
70.6 8.4426989
70.61 8.4323502
70.62 8.4220254
70.63 8.4117006
70.64 8.4013997
70.65 8.3910988
70.66 8.3808218
70.67 8.3705448
70.68 8.3602917
70.69 8.3500386
70.7 8.3398094
70.71 8.3295802
70.72 8.3193749
70.73 8.3091935
70.74 8.2990121
70.75 8.2888307
70.76 8.2786732
70.77 8.2685396
70.78 8.258406
70.79 8.2482724
70.8 8.2381627
70.81 8.2280769
70.82 8.2179911
70.83 8.2079292
70.84 8.1978673
70.85 8.1878293
70.86 8.1777913
70.87 8.1677772
70.88 8.1577631
70.89 8.1477729
70.9 8.1377827
70.91 8.1278164
70.92 8.117874
70.93 8.1079316
70.94 8.0979892
70.95 8.0880707
70.96 8.0781761
70.97 8.0682815
70.98 8.0584108
70.99 8.0485401
71.0 8.0386694
71.01 8.0288465
71.02 8.0189997
71.03 8.0092007
71.04 7.9994017
71.05 7.9896027
71.06 7.9798276
71.07 7.9700525
71.08 7.9603013
71.09 7.950574
71.1 7.9408467
71.11 7.9311194
71.12 7.921416
71.13 7.9117365
71.14 7.902057
71.15 7.8924014
71.16 7.8827458
71.17 7.8731141
71.18 7.8634824
71.19 7.8538746
71.2 7.8442907
71.21 7.8347068
71.22 7.8251229
71.23 7.8155629
71.24 7.8060268
71.25 7.7964907
71.26 7.7869785
71.27 7.7774663
71.28 7.767978
71.29 7.7584897
71.3 7.7490253
71.31 7.7395609
71.32 7.7301204
71.33 7.7207038
71.34 7.7112872
71.35 7.7018706
71.36 7.6924779
71.37 7.6831091
71.38 7.6737403
71.39 7.6643954
71.4 7.6550505
71.41 7.6457295
71.42 7.6364085
71.43 7.6271114
71.44 7.6178382
71.45 7.608565
71.46 7.5992918
71.47 7.5900425
71.48 7.5808171
71.49 7.5715917
71.5 7.5623902
71.51 7.5531887
71.52 7.5440111
71.53 7.5348574
71.54 7.5257037
71.55 7.51655
71.56 7.5074202
71.57 7.4983143
71.58 7.4892084
71.59 7.4801264
71.6 7.4710444
71.61 7.4619863
71.62 7.4529282
71.63 7.443894
71.64 7.4348837
71.65 7.4258734
71.66 7.4168631
71.67 7.4079006
71.68 7.3989142
71.69 7.3899756
71.7 7.3810131
71.71 7.3720984
71.72 7.3631837
71.73 7.354269
71.74 7.3453782
71.75 7.3365113
71.76 7.3276444
71.77 7.3188014
71.78 7.3099584
71.79 7.3011393
71.8 7.2923202
71.81 7.283525
71.82 7.2747537
71.83 7.2659824
71.84 7.257235
71.85 7.2484876
71.86 7.2397641
71.87 7.2310406
71.88 7.222341
71.89 7.2136653
71.9 7.2049896
71.91 7.1963139
71.92 7.1876621
71.93 7.1790342
71.94 7.1704063
71.95 7.1618023
71.96 7.1532222
71.97 7.1446421
71.98 7.136062
71.99 7.1275058
72.0 7.1189735
72.01 7.1104412
72.02 7.1019328
72.03 7.0934244
72.04 7.0849399
72.05 7.0764793
72.06 7.0680187
72.07 7.059582
72.08 7.0511453
72.09 7.0427325
72.1 7.0343197
72.11 7.0259308
72.12 7.0175658
72.13 7.0092008
72.14 7.0008358
72.15 6.9925186
72.16 6.9841775
72.17 6.9758842
72.18 6.9675909
72.19 6.9592976
72.2 6.9510282
72.21 6.9427827
72.22 6.9345372
72.23 6.9263156
72.24 6.918094
72.25 6.9098963
72.26 6.9017225
72.27 6.8935487
72.28 6.8853988
72.29 6.8772489
72.3 6.8691229
72.31 6.8609969
72.32 6.8528948
72.33 6.8448166
72.34 6.8367384
72.35 6.8286841
72.36 6.8206298
72.37 6.8125994
72.38 6.804569
72.39 6.7965625
72.4 6.7885799
72.41 6.7805973
72.42 6.7726386
72.43 6.7646799
72.44 6.7567451
72.45 6.7488342
72.46 6.7409233
72.47 6.7330363
72.48 6.7251493
72.49 6.7172862
72.5 6.7094231
72.51 6.7015839
72.52 6.6937686
72.53 6.6859533
72.54 6.6781619
72.55 6.6703705
72.56 6.662603
72.57 6.6548594
72.58 6.6471158
72.59 6.6393961
72.6 6.6316764
72.61 6.6239806
72.62 6.6162848
72.63 6.6086129
72.64 6.6009649
72.65 6.5933169
72.66 6.5856928
72.67 6.5780687
72.68 6.5704685
72.69 6.5628922
72.7 6.5553159
72.71 6.5477635
72.72 6.5402111
72.73 6.5326826
72.74 6.525178
72.75 6.5176734
72.76 6.5101927
72.77 6.502712
72.78 6.4952552
72.79 6.4878223
72.8 6.4803894
72.81 6.4729565
72.82 6.4655714
72.83 6.4581863
72.84 6.4508012
72.85 6.44344
72.86 6.4361027
72.87 6.4287654
72.88 6.421452
72.89 6.4141386
72.9 6.406873
72.91 6.3995835
72.92 6.3923179
72.93 6.3850762
72.94 6.3778584
72.95 6.3706406
72.96 6.3634228
72.97 6.3562528
72.98 6.3490828
72.99 6.3419128
73.0 6.3347667
73.01 6.3276445
73.02 6.3205223
73.03 6.313424
73.04 6.3063257
73.05 6.2992513
73.06 6.2922008
73.07 6.2851503
73.08 6.2781237
73.09 6.271121
73.1 6.2641183
73.11 6.2571156
73.12 6.2501607
73.13 6.2431819
73.14 6.2362509
73.15 6.2293199
73.16 6.2224128
73.17 6.2155057
73.18 6.2086225
73.19 6.2017632
73.2 6.1949039
73.21 6.1880446
73.22 6.1812331
73.23 6.1744216
73.24 6.1676101
73.25 6.1608225
73.26 6.1540588
73.27 6.147319
73.28 6.1405792
73.29 6.1338394
73.3 6.1271235
73.31 6.1204315
73.32 6.1137634
73.33 6.1070953
73.34 6.1004272
73.35 6.093783
73.36 6.0871627
73.37 6.0805663
73.38 6.0739699
73.39 6.0673735
73.4 6.060801
73.41 6.0542524
73.42 6.0477277
73.43 6.041203
73.44 6.0346783
73.45 6.0281775
73.46 6.0217006
73.47 6.0152476
73.48 6.0087946
73.49 6.0023416
73.5 5.9959125
73.51 5.9895073
73.52 5.983126
73.53 5.9767447
73.54 5.9703634
73.55 5.964006
73.56 5.9576725
73.57 5.951339
73.58 5.9450294
73.59 5.9387437
73.6 5.932458
73.61 5.9261962
73.62 5.9199344
73.63 5.9136965
73.64 5.9074586
73.65 5.9012446
73.66 5.8950545
73.67 5.8888644
73.68 5.8826982
73.69 5.876532
73.7 5.8703897
73.71 5.8642713
73.72 5.8581529
73.73 5.8520584
73.74 5.8459639
73.75 5.8398933
73.76 5.8338466
73.77 5.8277999
73.78 5.8217532
73.79 5.8157543
73.8 5.8097315
73.81 5.8037565
73.82 5.7977815
73.83 5.7918065
73.84 5.7858554
73.85 5.7799282
73.86 5.774001
73.87 5.7680977
73.88 5.7622183
73.89 5.7563389
73.9 5.7504595
73.91 5.7446279
73.92 5.7387724
73.93 5.7329647
73.94 5.727157
73.95 5.7213493
73.96 5.7155655
73.97 5.7098056
73.98 5.7040457
73.99 5.6983097
74.0 5.6925737
74.01 5.6868616
74.02 5.6811495
74.03 5.6754613
74.04 5.669797
74.05 5.6641327
74.06 5.6584923
74.07 5.6528519
74.08 5.6472354
74.09 5.6416189
74.1 5.6360263
74.11 5.6304576
74.12 5.6248889
74.13 5.6193441
74.14 5.6137993
74.15 5.6082784
74.16 5.6027575
74.17 5.5972605
74.18 5.5917874
74.19 5.5863143
74.2 5.5808651
74.21 5.5754159
74.22 5.5699906
74.23 5.5645653
74.24 5.5591639
74.25 5.5537625
74.26 5.548385
74.27 5.5430314
74.28 5.5376778
74.29 5.5323481
74.3 5.5270184
74.31 5.5217126
74.32 5.5164068
74.33 5.5111249
74.34 5.505843
74.35 5.500585
74.36 5.4953509
74.37 5.4901168
74.38 5.4849066
74.39 5.4796964
74.4 5.4745101
74.41 5.4693238
74.42 5.4641614
74.43 5.458999
74.44 5.4538605
74.45 5.4487459
74.46 5.4436313
74.47 5.4385167
74.48 5.4334499
74.49 5.4283592
74.5 5.4233163
74.51 5.4182495
74.52 5.4132305
74.53 5.4082115
74.54 5.4031925
74.55 5.3981974
74.56 5.3932262
74.57 5.388255
74.58 5.3832838
74.59 5.3783365
74.6 5.3734131
74.61 5.3684897
74.62 5.3635902
74.63 5.3587146
74.64 5.3538151
74.65 5.3489634
74.66 5.3441117
74.67 5.33926
74.68 5.3344322
74.69 5.3296283
74.7 5.3248244
74.71 5.3200444
74.72 5.3152644
74.73 5.3104844
74.74 5.3057522
74.75 5.3009961
74.76 5.2962878
74.77 5.2915795
74.78 5.2868712
74.79 5.2821868
74.8 5.2775024
74.81 5.2728419
74.82 5.2682053
74.83 5.2635687
74.84 5.2589321
74.85 5.2543433
74.86 5.2497306
74.87 5.2451418
74.88 5.2405769
74.89 5.236012
74.9 5.231471
74.91 5.22693
74.92 5.2224129
74.93 5.2178958
74.94 5.2134026
74.95 5.2089333
74.96 5.2044401
74.97 5.1999947
74.98 5.1955493
74.99 5.1911039
75.0 5.1866824
75.01 5.1822848
75.02 5.1778872
75.03 5.1734896
75.04 5.1691159
75.05 5.1647661
75.06 5.1604163
75.07 5.1560904
75.08 5.1517645
75.09 5.1474625
75.1 5.1431605
75.11 5.1388824
75.12 5.1346043
75.13 5.1303501
75.14 5.1260959
75.15 5.1218656
75.16 5.1176353
75.17 5.1134289
75.18 5.1092225
75.19 5.10504
75.2 5.1008575
75.21 5.0966989
75.22 5.0925403
75.23 5.0884056
75.24 5.0842948
75.25 5.080184
75.26 5.0760732
75.27 5.0719863
75.28 5.0678994
75.29 5.0638364
75.3 5.0597973
75.31 5.0557582
75.32 5.0517191
75.33 5.0477039
75.34 5.0437126
75.35 5.0397213
75.36 5.03573
75.37 5.0317626
75.38 5.0278191
75.39 5.0238756
75.4 5.0199321
75.41 5.0160125
75.42 5.0121168
75.43 5.0082211
75.44 5.0043254
75.45 5.0004536
75.46 4.9966057
75.47 4.9927578
75.48 4.9889099
75.49 4.9850859
75.5 4.9812858
75.51 4.9774857
75.52 4.9736856
75.53 4.9699094
75.54 4.9661571
75.55 4.9624048
75.56 4.9586525
75.57 4.9549241
75.58 4.9512196
75.59 4.9475151
75.6 4.9438106
75.61 4.94013
75.62 4.9364733
75.63 4.9328166
75.64 4.9291599
75.65 4.9255271
75.66 4.9218943
75.67 4.9182854
75.68 4.9147004
75.69 4.9111154
75.7 4.9075304
75.71 4.9039693
75.72 4.9004082
75.73 4.896871
75.74 4.8933577
75.75 4.8898205
75.76 4.8863311
75.77 4.8828178
75.78 4.8793523
75.79 4.8758868
75.8 4.8724213
75.81 4.8689797
75.82 4.8655381
75.83 4.8620965
75.84 4.8587027
75.85 4.855285
75.86 4.8518912
75.87 4.8485213
75.88 4.8451514
75.89 4.8418054
75.9 4.8384594
75.91 4.8351134
75.92 4.8317913
75.93 4.8284931
75.94 4.8251949
75.95 4.8218967
75.96 4.8186224
75.97 4.815372
75.98 4.8121216
75.99 4.8088712
76.0 4.8056447
76.01 4.8024182
76.02 4.7992156
76.03 4.796013
76.04 4.7928343
76.05 4.7896556
76.06 4.7865008
76.07 4.783346
76.08 4.7802151
76.09 4.7770842
76.1 4.7739533
76.11 4.7708463
76.12 4.7677632
76.13 4.7646801
76.14 4.761597
76.15 4.7585378
76.16 4.7554786
76.17 4.7524433
76.18 4.749408
76.19 4.7463966
76.2 4.7433852
76.21 4.7403977
76.22 4.7374102
76.23 4.7344466
76.24 4.731483
76.25 4.7285433
76.26 4.7256036
76.27 4.7226639
76.28 4.7197481
76.29 4.7168323
76.3 4.7139404
76.31 4.7110724
76.32 4.7081805
76.33 4.7053125
76.34 4.7024684
76.35 4.6996243
76.36 4.6968041
76.37 4.6939839
76.38 4.6911637
76.39 4.6883674
76.4 4.6855711
76.41 4.6827987
76.42 4.6800263
76.43 4.6772778
76.44 4.6745293
76.45 4.6717808
76.46 4.6690562
76.47 4.6663555
76.48 4.6636309
76.49 4.6609302
76.5 4.6582534
76.51 4.6555766
76.52 4.6528998
76.53 4.6502469
76.54 4.647594
76.55 4.644965
76.56 4.642336
76.57 4.639707
76.58 4.6371019
76.59 4.6344968
76.6 4.6319156
76.61 4.6293344
76.62 4.6267532
76.63 4.6241959
76.64 4.6216386
76.65 4.6191052
76.66 4.6165718
76.67 4.6140384
76.68 4.6115289
76.69 4.6090194
76.7 4.6065099
76.71 4.6040243
76.72 4.6015387
76.73 4.599077
76.74 4.5966153
76.75 4.5941536
76.76 4.5917158
76.77 4.589278
76.78 4.5868402
76.79 4.5844263
76.8 4.5820124
76.81 4.5795985
76.82 4.5772085
76.83 4.5748185
76.84 4.5724524
76.85 4.5700863
76.86 4.5677202
76.87 4.5653541
76.88 4.5630119
76.89 4.5606697
76.9 4.5583514
76.91 4.5560331
76.92 4.5537148
76.93 4.5513965
76.94 4.5491021
76.95 4.5468077
76.96 4.5445372
76.97 4.5422667
76.98 4.5399962
76.99 4.5377257
77.0 4.5354791
77.01 4.5332325
77.02 4.5309859
77.03 4.5287632
77.04 4.5265405
77.05 4.5243178
77.06 4.522119
77.07 4.5198963
77.08 4.5177214
77.09 4.5155226
77.1 4.5133477
77.11 4.5111728
77.12 4.5089979
77.13 4.5068469
77.14 4.5046959
77.15 4.5025449
77.16 4.5003939
77.17 4.4982668
77.18 4.4961397
77.19 4.4940126
77.2 4.4919094
77.21 4.4898062
77.22 4.487703
77.23 4.4855998
77.24 4.4835205
77.25 4.4814412
77.26 4.4793619
77.27 4.4772826
77.28 4.4752272
77.29 4.4731718
77.3 4.4711164
77.31 4.4690849
77.32 4.4670295
77.33 4.464998
77.34 4.4629665
77.35 4.4609589
77.36 4.4589274
77.37 4.4569198
77.38 4.4549122
77.39 4.4529285
77.4 4.4509209
77.41 4.4489372
77.42 4.4469535
77.43 4.4449698
77.44 4.44301
77.45 4.4410263
77.46 4.4390665
77.47 4.4371067
77.48 4.4351708
77.49 4.433211
77.5 4.4312751
77.51 4.4293392
77.52 4.4274033
77.53 4.4254913
77.54 4.4235554
77.55 4.4216434
77.56 4.4197314
77.57 4.4178194
77.58 4.4159074
77.59 4.4140193
77.6 4.4121312
77.61 4.4102431
77.62 4.408355
77.63 4.4064669
77.64 4.4046027
77.65 4.4027146
77.66 4.4008504
77.67 4.3989862
77.68 4.397122
77.69 4.3952817
77.7 4.3934175
77.71 4.3915772
77.72 4.3897369
77.73 4.3878966
77.74 4.3860563
77.75 4.384216
77.76 4.3823996
77.77 4.3805593
77.78 4.3787429
77.79 4.3769265
77.8 4.3751101
77.81 4.3732937
77.82 4.3715012
77.83 4.3696848
77.84 4.3678923
77.85 4.3660998
77.86 4.3643073
77.87 4.3625148
77.88 4.3607223
77.89 4.3589298
77.9 4.3571612
77.91 4.3553926
77.92 4.3536001
77.93 4.3518315
77.94 4.3500629
77.95 4.3482943
77.96 4.3465257
77.97 4.344781
77.98 4.3430124
77.99 4.3412677
78.0 4.3394991
78.01 4.3377544
78.02 4.3360097
78.03 4.334265
78.04 4.3325203
78.05 4.3307756
78.06 4.3290309
78.07 4.3272862
78.08 4.3255654
78.09 4.3238207
78.1 4.3220999
78.11 4.3203791
78.12 4.3186344
78.13 4.3169136
78.14 4.3151928
78.15 4.313472
78.16 4.3117512
78.17 4.3100304
78.18 4.3083335
78.19 4.3066127
78.2 4.3048919
78.21 4.303195
78.22 4.3014742
78.23 4.2997773
78.24 4.2980565
78.25 4.2963596
78.26 4.2946627
78.27 4.2929419
78.28 4.291245
78.29 4.2895481
78.3 4.2878512
78.31 4.2861543
78.32 4.2844574
78.33 4.2827605
78.34 4.2810636
78.35 4.2793667
78.36 4.2776698
78.37 4.2759729
78.38 4.274276
78.39 4.272603
78.4 4.2709061
78.41 4.2692092
78.42 4.2675123
78.43 4.2658393
78.44 4.2641424
78.45 4.2624455
78.46 4.2607725
78.47 4.2590756
78.48 4.2573787
78.49 4.2557057
78.5 4.2540088
78.51 4.2523119
78.52 4.2506389
78.53 4.248942
78.54 4.2472451
78.55 4.2455721
78.56 4.2438752
78.57 4.2421783
78.58 4.2405053
78.59 4.2388084
78.6 4.2371115
78.61 4.2354385
78.62 4.2337416
78.63 4.2320447
78.64 4.2303478
78.65 4.2286748
78.66 4.2269779
78.67 4.225281
78.68 4.2235841
78.69 4.2218872
78.7 4.2201903
78.71 4.2184934
78.72 4.2167965
78.73 4.2150996
78.74 4.2134027
78.75 4.2116819
78.76 4.209985
78.77 4.2082881
78.78 4.2065673
78.79 4.2048704
78.8 4.2031735
78.81 4.2014527
78.82 4.1997319
78.83 4.198035
78.84 4.1963142
78.85 4.1945934
78.86 4.1928726
78.87 4.1911518
78.88 4.189431
78.89 4.1877102
78.9 4.1859894
78.91 4.1842686
78.92 4.1825478
78.93 4.1808031
78.94 4.1790823
78.95 4.1773376
78.96 4.1756168
78.97 4.1738721
78.98 4.1721274
78.99 4.1703827
79.0 4.168638
79.01 4.1668933
79.02 4.1651247
79.03 4.16338
79.04 4.1616353
79.05 4.1598667
79.06 4.1580981
79.07 4.1563534
79.08 4.1545848
79.09 4.1528162
79.1 4.1510237
79.11 4.1492551
79.12 4.1474865
79.13 4.145694
79.14 4.1439254
79.15 4.1421329
79.16 4.1403404
79.17 4.1385479
79.18 4.1367554
79.19 4.134939
79.2 4.1331465
79.21 4.1313301
79.22 4.1295137
79.23 4.1277212
79.24 4.1259048
79.25 4.1240645
79.26 4.1222481
79.27 4.1204078
79.28 4.1185914
79.29 4.1167511
79.3 4.1149108
79.31 4.1130705
79.32 4.1112302
79.33 4.109366
79.34 4.1075018
79.35 4.1056615
79.36 4.1037973
79.37 4.1019331
79.38 4.100045
79.39 4.0981808
79.4 4.0962927
79.41 4.0944046
79.42 4.0925165
79.43 4.0906284
79.44 4.0887403
79.45 4.0868283
79.46 4.0849402
79.47 4.0830282
79.48 4.0811162
79.49 4.0792042
79.5 4.0772922
79.51 4.0753563
79.52 4.0734443
79.53 4.0715084
79.54 4.0695725
79.55 4.0676366
79.56 4.0656768
79.57 4.0637409
79.58 4.0617811
79.59 4.0598452
79.6 4.0578854
79.61 4.0559256
79.62 4.0539419
79.63 4.0519821
79.64 4.0499984
79.65 4.0480386
79.66 4.0460549
79.67 4.0440712
79.68 4.0420636
79.69 4.0400799
79.7 4.0380723
79.71 4.0360886
79.72 4.034081
79.73 4.0320734
79.74 4.0300658
79.75 4.0280343
79.76 4.0260267
79.77 4.0239952
79.78 4.0219637
79.79 4.0199322
79.8 4.0179007
79.81 4.0158692
79.82 4.0138138
79.83 4.0117823
79.84 4.0097269
79.85 4.0076715
79.86 4.0056161
79.87 4.0035368
79.88 4.0014814
79.89 3.9994021
79.9 3.9973467
79.91 3.9952674
79.92 3.9931881
79.93 3.9911088
79.94 3.9890056
79.95 3.9869263
79.96 3.9848231
79.97 3.9827199
79.98 3.9806167
79.99 3.9785135
80.0 3.9764103
80.01 3.9742832
80.02 3.9721561
80.03 3.9700529
80.04 3.9679258
80.05 3.9657987
80.06 3.9636477
80.07 3.9615206
80.08 3.9593696
80.09 3.9572425
80.1 3.9550915
80.11 3.9529405
80.12 3.9507895
80.13 3.9486146
80.14 3.9464636
80.15 3.9442887
80.16 3.9421138
80.17 3.9399389
80.18 3.937764
80.19 3.9355891
80.2 3.9333903
80.21 3.9312154
80.22 3.9290166
80.23 3.9268178
80.24 3.924619
80.25 3.9224202
80.26 3.9202214
80.27 3.9179987
80.28 3.9157999
80.29 3.9135772
80.3 3.9113545
80.31 3.9091318
80.32 3.9068852
80.33 3.9046625
80.34 3.9024159
80.35 3.9001932
80.36 3.8979466
80.37 3.8957
80.38 3.8934534
80.39 3.8911829
80.4 3.8889363
80.41 3.8866658
80.42 3.8844192
80.43 3.8821487
80.44 3.8798782
80.45 3.8775838
80.46 3.8753133
80.47 3.8730428
80.48 3.8707484
80.49 3.868454
80.5 3.8661596
80.51 3.8638652
80.52 3.8615708
80.53 3.8592525
80.54 3.8569581
80.55 3.8546398
80.56 3.8523215
80.57 3.8500032
80.58 3.8476849
80.59 3.8453666
80.6 3.8430244
80.61 3.8407061
80.62 3.8383639
80.63 3.8360217
80.64 3.8336795
80.65 3.8313373
80.66 3.8289951
80.67 3.826629
80.68 3.8242868
80.69 3.8219207
80.7 3.8195546
80.71 3.8171885
80.72 3.8148224
80.73 3.8124324
80.74 3.8100663
80.75 3.8076763
80.76 3.8052863
80.77 3.8029202
80.78 3.8005302
80.79 3.7981163
80.8 3.7957263
80.81 3.7933124
80.82 3.7909224
80.83 3.7885085
80.84 3.7860946
80.85 3.7836807
80.86 3.7812668
80.87 3.778829
80.88 3.7764151
80.89 3.7739773
80.9 3.7715634
80.91 3.7691256
80.92 3.7666878
80.93 3.7642261
80.94 3.7617883
80.95 3.7593505
80.96 3.7568888
80.97 3.7544271
80.98 3.7519654
80.99 3.7495037
81.0 3.747042
81.01 3.7445803
81.02 3.7420947
81.03 3.7396091
81.04 3.7371474
81.05 3.7346618
81.06 3.7321762
81.07 3.7296906
81.08 3.7271811
81.09 3.7246955
81.1 3.722186
81.11 3.7196765
81.12 3.7171909
81.13 3.7146814
81.14 3.712148
81.15 3.7096385
81.16 3.707129
81.17 3.7045956
81.18 3.7020622
81.19 3.6995527
81.2 3.6970193
81.21 3.694462
81.22 3.6919286
81.23 3.6893952
81.24 3.6868379
81.25 3.6843045
81.26 3.6817472
81.27 3.6791899
81.28 3.6766326
81.29 3.6740753
81.3 3.6714941
81.31 3.6689368
81.32 3.6663556
81.33 3.6637744
81.34 3.6611932
81.35 3.658612
81.36 3.6560308
81.37 3.6534496
81.38 3.6508445
81.39 3.6482633
81.4 3.6456582
81.41 3.6430531
81.42 3.640448
81.43 3.6378429
81.44 3.6352378
81.45 3.6326327
81.46 3.6300037
81.47 3.6273747
81.48 3.6247696
81.49 3.6221406
81.5 3.6195116
81.51 3.6168587
81.52 3.6142297
81.53 3.6116007
81.54 3.6089478
81.55 3.6062949
81.56 3.6036659
81.57 3.601013
81.58 3.5983362
81.59 3.5956833
81.6 3.5930304
81.61 3.5903536
81.62 3.5877007
81.63 3.5850239
81.64 3.5823471
81.65 3.5796703
81.66 3.5769935
81.67 3.5743167
81.68 3.571616
81.69 3.5689392
81.7 3.5662385
81.71 3.5635378
81.72 3.5608371
81.73 3.5581364
81.74 3.5554357
81.75 3.552735
81.76 3.5500104
81.77 3.5473097
81.78 3.5445851
81.79 3.5418605
81.8 3.5391359
81.81 3.5364113
81.82 3.5336867
81.83 3.5309382
81.84 3.5282136
81.85 3.5254651
81.86 3.5227405
81.87 3.519992
81.88 3.5172435
81.89 3.514495
81.9 3.5117226
81.91 3.5089741
81.92 3.5062256
81.93 3.5034532
81.94 3.5006808
81.95 3.4979084
81.96 3.495136
81.97 3.4923636
81.98 3.4895912
81.99 3.4867949
82.0 3.4840225
82.01 3.4812262
82.02 3.4784538
82.03 3.4756575
82.04 3.4728612
82.05 3.4700649
82.06 3.4672447
82.07 3.4644484
82.08 3.4616282
82.09 3.4588319
82.1 3.4560117
82.11 3.4531915
82.12 3.4503713
82.13 3.4475511
82.14 3.4447309
82.15 3.4419107
82.16 3.4390666
82.17 3.4362225
82.18 3.4334023
82.19 3.4305582
82.2 3.4277141
82.21 3.42487
82.22 3.4220259
82.23 3.4191579
82.24 3.4163138
82.25 3.4134458
82.26 3.4105778
82.27 3.4077337
82.28 3.4048657
82.29 3.4019977
82.3 3.3991058
82.31 3.3962378
82.32 3.3933698
82.33 3.3904779
82.34 3.387586
82.35 3.384718
82.36 3.3818261
82.37 3.3789342
82.38 3.3760423
82.39 3.3731265
82.4 3.3702346
82.41 3.3673188
82.42 3.3644269
82.43 3.3615111
82.44 3.3585953
82.45 3.3556795
82.46 3.3527637
82.47 3.3498479
82.48 3.3469321
82.49 3.3440163
82.5 3.3410766
82.51 3.3381608
82.52 3.3352211
82.53 3.3322814
82.54 3.3293417
82.55 3.326402
82.56 3.3234623
82.57 3.3205226
82.58 3.3175829
82.59 3.3146432
82.6 3.3117035
82.61 3.3087399
82.62 3.3058002
82.63 3.3028366
82.64 3.299873
82.65 3.2969333
82.66 3.2939697
82.67 3.2910061
82.68 3.2880425
82.69 3.2850789
82.7 3.2821153
82.71 3.2791517
82.72 3.2761881
82.73 3.2732006
82.74 3.270237
82.75 3.2672734
82.76 3.2642859
82.77 3.2613223
82.78 3.2583348
82.79 3.2553712
82.8 3.2523837
82.81 3.2493962
82.82 3.2464326
82.83 3.2434451
82.84 3.2404576
82.85 3.2374701
82.86 3.2344826
82.87 3.2314951
82.88 3.2285076
82.89 3.225544
82.9 3.2225565
82.91 3.2195451
82.92 3.2165576
82.93 3.2135701
82.94 3.2105826
82.95 3.2075951
82.96 3.2046076
82.97 3.2016201
82.98 3.1986326
82.99 3.1956212
83.0 3.1926337
83.01 3.1896462
83.02 3.1866587
83.03 3.1836473
83.04 3.1806598
83.05 3.1776723
83.06 3.1746848
83.07 3.1716734
83.08 3.1686859
83.09 3.1656984
83.1 3.162687
83.11 3.1596995
83.12 3.156712
83.13 3.1537245
83.14 3.150737
83.15 3.1477256
83.16 3.1447381
83.17 3.1417506
83.18 3.1387631
83.19 3.1357756
83.2 3.1327642
83.21 3.1297767
83.22 3.1267892
83.23 3.1238017
83.24 3.1208142
83.25 3.1178267
83.26 3.1148392
83.27 3.1118517
83.28 3.1088642
83.29 3.1058767
83.3 3.1029131
83.31 3.0999256
83.32 3.0969381
83.33 3.0939506
83.34 3.090987
83.35 3.0879995
83.36 3.0850359
83.37 3.0820484
83.38 3.0790848
83.39 3.0760973
83.4 3.0731337
83.41 3.0701462
83.42 3.0671826
83.43 3.064219
83.44 3.0612554
83.45 3.0582918
83.46 3.0553282
83.47 3.0523646
83.48 3.049401
83.49 3.0464374
83.5 3.0434977
83.51 3.0405341
83.52 3.0375705
83.53 3.0346308
83.54 3.0316672
83.55 3.0287275
83.56 3.0257878
83.57 3.0228481
83.58 3.0199084
83.59 3.0169687
83.6 3.014029
83.61 3.0110893
83.62 3.0081496
83.63 3.0052338
83.64 3.0022941
83.65 2.9993783
83.66 2.9964386
83.67 2.9935228
83.68 2.990607
83.69 2.9876912
83.7 2.9847754
83.71 2.9818596
83.72 2.9789677
83.73 2.9760519
83.74 2.97316
83.75 2.9702442
83.76 2.9673523
83.77 2.9644604
83.78 2.9615685
83.79 2.9586766
83.8 2.9557847
83.81 2.9529167
83.82 2.9500248
83.83 2.9471568
83.84 2.9442649
83.85 2.9413969
83.86 2.9385289
83.87 2.9356848
83.88 2.9328168
83.89 2.9299488
83.9 2.9271047
83.91 2.9242606
83.92 2.9213926
83.93 2.9185485
83.94 2.9157283
83.95 2.9128842
83.96 2.9100401
83.97 2.9072199
83.98 2.9043997
83.99 2.9015795
84.0 2.8987593
84.01 2.8959391
84.02 2.8931189
84.03 2.8903226
84.04 2.8875263
84.05 2.88473
84.06 2.8819337
84.07 2.8791374
84.08 2.8763411
84.09 2.8735687
84.1 2.8707963
84.11 2.8680239
84.12 2.8652515
84.13 2.8624791
84.14 2.8597067
84.15 2.8569582
84.16 2.8542097
84.17 2.8514612
84.18 2.8487127
84.19 2.8459642
84.2 2.8432396
84.21 2.840515
84.22 2.8377904
84.23 2.8350658
84.24 2.8323412
84.25 2.8296405
84.26 2.8269398
84.27 2.8242391
84.28 2.8215384
84.29 2.8188377
84.3 2.8161609
84.31 2.8134841
84.32 2.8108073
84.33 2.8081305
84.34 2.8054776
84.35 2.8028008
84.36 2.8001479
84.37 2.797495
84.38 2.794866
84.39 2.7922131
84.4 2.7895841
84.41 2.7869551
84.42 2.7843261
84.43 2.781721
84.44 2.779092
84.45 2.7764869
84.46 2.7739057
84.47 2.7713006
84.48 2.7687194
84.49 2.7661382
84.5 2.763557
84.51 2.7609758
84.52 2.7584185
84.53 2.7558612
84.54 2.7533039
84.55 2.7507466
84.56 2.7482132
84.57 2.7456798
84.58 2.7431464
84.59 2.740613
84.6 2.7381035
84.61 2.735594
84.62 2.7330845
84.63 2.7305989
84.64 2.7280894
84.65 2.7256038
84.66 2.7231421
84.67 2.7206565
84.68 2.7181948
84.69 2.7157331
84.7 2.7132953
84.71 2.7108336
84.72 2.7083958
84.73 2.705958
84.74 2.7035441
84.75 2.7011302
84.76 2.6987163
84.77 2.6963024
84.78 2.6939124
84.79 2.6915224
84.8 2.6891324
84.81 2.6867663
84.82 2.6843763
84.83 2.6820341
84.84 2.679668
84.85 2.6773258
84.86 2.6749836
84.87 2.6726414
84.88 2.6703231
84.89 2.6680048
84.9 2.6656865
84.91 2.6633921
84.92 2.6610977
84.93 2.6588033
84.94 2.6565328
84.95 2.6542384
84.96 2.6519918
84.97 2.6497213
84.98 2.6474747
84.99 2.6452281
85.0 2.6430054
85.01 2.6407827
85.02 2.63856
85.03 2.6363373
85.04 2.6341385
85.05 2.6319397
85.06 2.6297648
85.07 2.6275899
85.08 2.625415
85.09 2.6232401
85.1 2.6210891
85.11 2.618962
85.12 2.616811
85.13 2.6146839
85.14 2.6125568
85.15 2.6104536
85.16 2.6083504
85.17 2.6062472
85.18 2.6041679
85.19 2.6020886
85.2 2.6000332
85.21 2.5979778
85.22 2.5959224
85.23 2.593867
85.24 2.5918355
85.25 2.5898279
85.26 2.5877964
85.27 2.5857888
85.28 2.5838051
85.29 2.5817975
85.3 2.5798377
85.31 2.577854
85.32 2.5758942
85.33 2.5739344
85.34 2.5719985
85.35 2.5700626
85.36 2.5681506
85.37 2.5662386
85.38 2.5643266
85.39 2.5624385
85.4 2.5605504
85.41 2.5586623
85.42 2.5567981
85.43 2.5549339
85.44 2.5530936
85.45 2.5512533
85.46 2.5494369
85.47 2.5476205
85.48 2.5458041
85.49 2.5440116
85.5 2.5422191
85.51 2.5404266
85.52 2.538658
85.53 2.5369133
85.54 2.5351447
85.55 2.5334
85.56 2.5316792
85.57 2.5299584
85.58 2.5282376
85.59 2.5265407
85.6 2.5248438
85.61 2.5231708
85.62 2.5214978
85.63 2.5198248
85.64 2.5181757
85.65 2.5165266
85.66 2.5149014
85.67 2.5132762
85.68 2.511651
85.69 2.5100497
85.7 2.5084484
85.71 2.506871
85.72 2.5052936
85.73 2.5037162
85.74 2.5021627
85.75 2.5006092
85.76 2.4990796
85.77 2.49755
85.78 2.4960443
85.79 2.4945386
85.8 2.4930329
85.81 2.4915511
85.82 2.4900693
85.83 2.4885875
85.84 2.4871296
85.85 2.4856956
85.86 2.4842377
85.87 2.4828276
85.88 2.4813936
85.89 2.4799835
85.9 2.4785734
85.91 2.4771872
85.92 2.4758249
85.93 2.4744387
85.94 2.4730764
85.95 2.471738
85.96 2.4703996
85.97 2.4690612
85.98 2.4677467
85.99 2.4664322
86.0 2.4651177
86.01 2.4638271
86.02 2.4625365
86.03 2.4612698
86.04 2.4600031
86.05 2.4587603
86.06 2.4575175
86.07 2.4562747
86.08 2.4550558
86.09 2.4538369
86.1 2.4526419
86.11 2.4514469
86.12 2.4502519
86.13 2.4490808
86.14 2.4479336
86.15 2.4467625
86.16 2.4456153
86.17 2.444492
86.18 2.4433687
86.19 2.4422454
86.2 2.441146
86.21 2.4400466
86.22 2.4389711
86.23 2.4378956
86.24 2.4368201
86.25 2.4357685
86.26 2.4347169
86.27 2.4336892
86.28 2.4326615
86.29 2.4316577
86.3 2.4306539
86.31 2.4296501
86.32 2.4286702
86.33 2.4276903
86.34 2.4267104
86.35 2.4257544
86.36 2.4248223
86.37 2.4238902
86.38 2.4229581
86.39 2.4220499
86.4 2.4211417
86.41 2.4202335
86.42 2.4193492
86.43 2.4184649
86.44 2.4176045
86.45 2.4167441
86.46 2.4159076
86.47 2.4150711
86.48 2.4142346
86.49 2.413422
86.5 2.4126094
86.51 2.4118207
86.52 2.411032
86.53 2.4102672
86.54 2.4095024
86.55 2.4087376
86.56 2.4079967
86.57 2.4072558
86.58 2.4065388
86.59 2.4058218
86.6 2.4051048
86.61 2.4044117
86.62 2.4037186
86.63 2.4030494
86.64 2.4023802
86.65 2.4017349
86.66 2.4010896
86.67 2.4004443
86.68 2.3998229
86.69 2.3992015
86.7 2.398604
86.71 2.3980065
86.72 2.397409
86.73 2.3968354
86.74 2.3962857
86.75 2.395736
86.76 2.3951863
86.77 2.3946366
86.78 2.3941108
86.79 2.3936089
86.8 2.393107
86.81 2.3926051
86.82 2.3921271
86.83 2.3916491
86.84 2.3911711
86.85 2.390717
86.86 2.3902868
86.87 2.3898566
86.88 2.3894264
86.89 2.3890201
86.9 2.3886138
86.91 2.3882075
86.92 2.3878251
86.93 2.3874666
86.94 2.3871081
86.95 2.3867496
86.96 2.3863911
86.97 2.3860804
86.98 2.3857458
86.99 2.3854351
87.0 2.3851244
87.01 2.3848376
87.02 2.3845508
87.03 2.3842879
87.04 2.384025
87.05 2.383786
87.06 2.383547
87.07 2.383308
87.08 2.3830929
87.09 2.3828778
87.1 2.3826866
87.11 2.3824954
87.12 2.3823042
87.13 2.3821369
87.14 2.3819696
87.15 2.3818262
87.16 2.3816828
87.17 2.3815633
87.18 2.3814438
87.19 2.3813482
87.2 2.3812287
87.21 2.381157
87.22 2.3810853
87.23 2.3810136
87.24 2.3809419
87.25 2.3808941
87.26 2.3808702
87.27 2.3808463
87.28 2.3808224
87.29 2.3808224
87.3 2.3808224
87.31 2.3808463
87.32 2.3808702
87.33 2.3808941
87.34 2.3809419
87.35 2.3810136
87.36 2.3810614
87.37 2.381157
87.38 2.3812287
87.39 2.3813243
87.4 2.3814438
87.41 2.3815633
87.42 2.3816828
87.43 2.3818262
87.44 2.3819696
87.45 2.3821369
87.46 2.3823042
87.47 2.3824715
87.48 2.3826627
87.49 2.3828778
87.5 2.3830929
87.51 2.383308
87.52 2.383547
87.53 2.383786
87.54 2.384025
87.55 2.3842879
87.56 2.3845747
87.57 2.3848615
87.58 2.3851483
87.59 2.385459
87.6 2.3857697
87.61 2.3860804
87.62 2.386415
87.63 2.3867735
87.64 2.387132
87.65 2.3874905
87.66 2.3878729
87.67 2.3882553
87.68 2.3886616
87.69 2.3890679
87.7 2.3894742
87.71 2.3899044
87.72 2.3903585
87.73 2.3907887
87.74 2.3912667
87.75 2.3917208
87.76 2.3922227
87.77 2.3927007
87.78 2.3932026
87.79 2.3937284
87.8 2.3942303
87.81 2.39478
87.82 2.3953058
87.83 2.3958794
87.84 2.3964291
87.85 2.3970027
87.86 2.3976002
87.87 2.3981977
87.88 2.3987952
87.89 2.3994166
87.9 2.400038
87.91 2.4006833
87.92 2.4013286
87.93 2.4019978
87.94 2.402667
87.95 2.4033362
87.96 2.4040293
87.97 2.4047224
87.98 2.4054394
87.99 2.4061564
88.0 2.4068973
88.01 2.4076382
88.02 2.4083791
88.03 2.4091439
88.04 2.4099326
88.05 2.4107213
88.06 2.41151
88.07 2.4123226
88.08 2.4131352
88.09 2.4139478
88.1 2.4147843
88.11 2.4156447
88.12 2.4165051
88.13 2.4173655
88.14 2.4182498
88.15 2.4191341
88.16 2.4200423
88.17 2.4209505
88.18 2.4218826
88.19 2.4228147
88.2 2.4237468
88.21 2.4247028
88.22 2.4256588
88.23 2.4266387
88.24 2.4276186
88.25 2.4286224
88.26 2.4296262
88.27 2.4306539
88.28 2.4316816
88.29 2.4327093
88.3 2.4337609
88.31 2.4348125
88.32 2.435888
88.33 2.4369635
88.34 2.4380629
88.35 2.4391623
88.36 2.4402856
88.37 2.4414089
88.38 2.4425322
88.39 2.4436794
88.4 2.4448505
88.41 2.4459977
88.42 2.4471927
88.43 2.4483638
88.44 2.4495588
88.45 2.4507777
88.46 2.4519966
88.47 2.4532155
88.48 2.4544583
88.49 2.455725
88.5 2.4569678
88.51 2.4582584
88.52 2.4595251
88.53 2.4608396
88.54 2.4621302
88.55 2.4634447
88.56 2.4647831
88.57 2.4660976
88.58 2.4674599
88.59 2.4687983
88.6 2.4701845
88.61 2.4715468
88.62 2.472933
88.63 2.4743431
88.64 2.4757532
88.65 2.4771633
88.66 2.4785973
88.67 2.4800313
88.68 2.4814653
88.69 2.4829232
88.7 2.484405
88.71 2.4858868
88.72 2.4873686
88.73 2.4888504
88.74 2.49038
88.75 2.4918857
88.76 2.4934153
88.77 2.4949449
88.78 2.4964984
88.79 2.4980519
88.8 2.4996293
88.81 2.5011828
88.82 2.5027841
88.83 2.5043615
88.84 2.5059867
88.85 2.507588
88.86 2.5092132
88.87 2.5108384
88.88 2.5124875
88.89 2.5141366
88.9 2.5158096
88.91 2.5174587
88.92 2.5191556
88.93 2.5208286
88.94 2.5225255
88.95 2.5242463
88.96 2.5259671
88.97 2.5276879
88.98 2.5294087
88.99 2.5311534
89.0 2.5328981
89.01 2.5346667
89.02 2.5364353
89.03 2.5382278
89.04 2.5399964
89.05 2.5418128
89.06 2.5436053
89.07 2.5454217
89.08 2.5472381
89.09 2.5490784
89.1 2.5509187
89.11 2.552759
89.12 2.5546232
89.13 2.5564874
89.14 2.5583755
89.15 2.5602397
89.16 2.5621517
89.17 2.5640398
89.18 2.5659518
89.19 2.5678638
89.2 2.5697997
89.21 2.5717356
89.22 2.5736715
89.23 2.5756313
89.24 2.5775911
89.25 2.5795509
89.26 2.5815107
89.27 2.5834944
89.28 2.585502
89.29 2.5874857
89.3 2.5894933
89.31 2.5915248
89.32 2.5935324
89.33 2.5955639
89.34 2.5976193
89.35 2.5996508
89.36 2.6017062
89.37 2.6037855
89.38 2.6058409
89.39 2.6079202
89.4 2.6100234
89.41 2.6121027
89.42 2.6142059
89.43 2.6163091
89.44 2.6184362
89.45 2.6205633
89.46 2.6226904
89.47 2.6248414
89.48 2.6269685
89.49 2.6291434
89.5 2.6312944
89.51 2.6334693
89.52 2.6356442
89.53 2.6378191
89.54 2.6400179
89.55 2.6422167
89.56 2.6444155
89.57 2.6466382
89.58 2.6488609
89.59 2.6510836
89.6 2.6533063
89.61 2.6555529
89.62 2.6577995
89.63 2.66007
89.64 2.6623166
89.65 2.6645871
89.66 2.6668576
89.67 2.669152
89.68 2.6714464
89.69 2.6737408
89.7 2.6760352
89.71 2.6783535
89.72 2.6806718
89.73 2.6829901
89.74 2.6853084
89.75 2.6876506
89.76 2.6899928
89.77 2.6923589
89.78 2.6947011
89.79 2.6970672
89.8 2.6994333
89.81 2.7017994
89.82 2.7041894
89.83 2.7065794
89.84 2.7089694
89.85 2.7113833
89.86 2.7137733
89.87 2.7161872
89.88 2.718625
89.89 2.7210389
89.9 2.7234767
89.91 2.7259145
89.92 2.7283523
89.93 2.730814
89.94 2.7332518
89.95 2.7357135
89.96 2.7381991
89.97 2.7406608
89.98 2.7431464
89.99 2.745632
90.0 2.7481176
90.01 2.7506271
90.02 2.7531127
90.03 2.7556222
90.04 2.7581317
90.05 2.7606651
90.06 2.7631985
90.07 2.765708
90.08 2.7682653
90.09 2.7707987
90.1 2.7733321
90.11 2.7758894
90.12 2.7784467
90.13 2.7810279
90.14 2.7835852
90.15 2.7861664
90.16 2.7887476
90.17 2.7913288
90.18 2.79391
90.19 2.7965151
90.2 2.7991202
90.21 2.8017253
90.22 2.8043304
90.23 2.8069355
90.24 2.8095645
90.25 2.8121935
90.26 2.8148225
90.27 2.8174515
90.28 2.8201044
90.29 2.8227334
90.3 2.8253863
90.31 2.8280392
90.32 2.830716
90.33 2.8333689
90.34 2.8360457
90.35 2.8387225
90.36 2.8413993
90.37 2.8440761
90.38 2.8467529
90.39 2.8494536
90.4 2.8521543
90.41 2.854855
90.42 2.8575557
90.43 2.8602803
90.44 2.862981
90.45 2.8657056
90.46 2.8684302
90.47 2.8711548
90.48 2.8738794
90.49 2.8766279
90.5 2.8793525
90.51 2.882101
90.52 2.8848495
90.53 2.887598
90.54 2.8903704
90.55 2.8931189
90.56 2.8958913
90.57 2.8986637
90.58 2.9014361
90.59 2.9042085
90.6 2.9069809
90.61 2.9097772
90.62 2.9125496
90.63 2.9153459
90.64 2.9181422
90.65 2.9209385
90.66 2.9237587
90.67 2.926555
90.68 2.9293752
90.69 2.9321715
90.7 2.9349917
90.71 2.9378119
90.72 2.9406321
90.73 2.9434762
90.74 2.9462964
90.75 2.9491405
90.76 2.9519846
90.77 2.9548048
90.78 2.9576489
90.79 2.9605169
90.8 2.963361
90.81 2.9662051
90.82 2.9690731
90.83 2.9719411
90.84 2.9747852
90.85 2.9776532
90.86 2.9805212
90.87 2.9834131
90.88 2.9862811
90.89 2.9891491
90.9 2.992041
90.91 2.9949329
90.92 2.9978009
90.93 3.0006928
90.94 3.0035847
90.95 3.0064766
90.96 3.0093924
90.97 3.0122843
90.98 3.0152001
90.99 3.018092
91.0 3.0210078
91.01 3.0239236
91.02 3.0268394
91.03 3.0297552
91.04 3.032671
91.05 3.0355868
91.06 3.0385026
91.07 3.0414423
91.08 3.0443581
91.09 3.0472978
91.1 3.0502375
91.11 3.0531533
91.12 3.056093
91.13 3.0590327
91.14 3.0619724
91.15 3.064936
91.16 3.0678757
91.17 3.0708154
91.18 3.073779
91.19 3.0767187
91.2 3.0796823
91.21 3.082622
91.22 3.0855856
91.23 3.0885492
91.24 3.0915128
91.25 3.0944764
91.26 3.09744
91.27 3.1004036
91.28 3.1033672
91.29 3.1063308
91.3 3.1093183
91.31 3.1122819
91.32 3.1152694
91.33 3.118233
91.34 3.1212205
91.35 3.1241841
91.36 3.1271716
91.37 3.1301591
91.38 3.1331466
91.39 3.1361102
91.4 3.1390977
91.41 3.1420852
91.42 3.1450727
91.43 3.1480602
91.44 3.1510716
91.45 3.1540591
91.46 3.1570466
91.47 3.1600341
91.48 3.1630455
91.49 3.166033
91.5 3.1690205
91.51 3.1720319
91.52 3.1750194
91.53 3.1780308
91.54 3.1810183
91.55 3.1840297
91.56 3.1870172
91.57 3.1900286
91.58 3.19304
91.59 3.1960514
91.6 3.1990389
91.61 3.2020503
91.62 3.2050617
91.63 3.2080731
91.64 3.2110606
91.65 3.214072
91.66 3.2170834
91.67 3.2200948
91.68 3.2231062
91.69 3.2261176
91.7 3.229129
91.71 3.2321404
91.72 3.2351518
91.73 3.2381632
91.74 3.2411746
91.75 3.244186
91.76 3.2471974
91.77 3.2502088
91.78 3.2532202
91.79 3.2562316
91.8 3.259243
91.81 3.2622544
91.82 3.2652897
91.83 3.2683011
91.84 3.2713125
91.85 3.2743239
91.86 3.2773353
91.87 3.2803467
91.88 3.2833581
91.89 3.2863695
91.9 3.2893809
91.91 3.2923923
91.92 3.2954037
91.93 3.298439
91.94 3.3014504
91.95 3.3044618
91.96 3.3074732
91.97 3.3104846
91.98 3.313496
91.99 3.3165074
92.0 3.3195188
92.01 3.3225302
92.02 3.3255416
92.03 3.3285291
92.04 3.3315405
92.05 3.3345519
92.06 3.3375633
92.07 3.3405747
92.08 3.3435861
92.09 3.3465975
92.1 3.349585
92.11 3.3525964
92.12 3.3556078
92.13 3.3585953
92.14 3.3616067
92.15 3.3646181
92.16 3.3676056
92.17 3.370617
92.18 3.3736045
92.19 3.3766159
92.2 3.3796034
92.21 3.3826148
92.22 3.3856023
92.23 3.3885898
92.24 3.3916012
92.25 3.3945887
92.26 3.3975762
92.27 3.4005637
92.28 3.4035512
92.29 3.4065387
92.3 3.4095262
92.31 3.4125137
92.32 3.4155012
92.33 3.4184887
92.34 3.4214762
92.35 3.4244398
92.36 3.4274273
92.37 3.4304148
92.38 3.4333784
92.39 3.4363659
92.4 3.4393295
92.41 3.4422931
92.42 3.4452806
92.43 3.4482442
92.44 3.4512078
92.45 3.4541714
92.46 3.457135
92.47 3.4600986
92.48 3.4630622
92.49 3.4660258
92.5 3.4689894
92.51 3.471953
92.52 3.4748927
92.53 3.4778563
92.54 3.480796
92.55 3.4837596
92.56 3.4866993
92.57 3.489639
92.58 3.4925787
92.59 3.4955184
92.6 3.4984581
92.61 3.5013978
92.62 3.5043375
92.63 3.5072772
92.64 3.5102169
92.65 3.5131327
92.66 3.5160724
92.67 3.5189882
92.68 3.521904
92.69 3.5248198
92.7 3.5277595
92.71 3.5306753
92.72 3.5335911
92.73 3.536483
92.74 3.5393988
92.75 3.5423146
92.76 3.5452065
92.77 3.5481223
92.78 3.5510142
92.79 3.5539061
92.8 3.556798
92.81 3.5596899
92.82 3.5625818
92.83 3.5654737
92.84 3.5683656
92.85 3.5712336
92.86 3.5741255
92.87 3.5769935
92.88 3.5798615
92.89 3.5827295
92.9 3.5855975
92.91 3.5884655
92.92 3.5913335
92.93 3.5942015
92.94 3.5970456
92.95 3.5998897
92.96 3.6027577
92.97 3.6056018
92.98 3.6084459
92.99 3.61129
93.0 3.6141341
93.01 3.6169543
93.02 3.6197984
93.03 3.6226186
93.04 3.6254388
93.05 3.6282829
93.06 3.6311031
93.07 3.6338994
93.08 3.6367196
93.09 3.6395398
93.1 3.6423361
93.11 3.6451324
93.12 3.6479526
93.13 3.6507489
93.14 3.6535213
93.15 3.6563176
93.16 3.6591139
93.17 3.6618863
93.18 3.6646826
93.19 3.667455
93.2 3.6702274
93.21 3.6729998
93.22 3.6757483
93.23 3.6785207
93.24 3.6812692
93.25 3.6840177
93.26 3.6867662
93.27 3.6895147
93.28 3.6922632
93.29 3.6950117
93.3 3.6977363
93.31 3.7004609
93.32 3.7032094
93.33 3.7059101
93.34 3.7086347
93.35 3.7113593
93.36 3.71406
93.37 3.7167846
93.38 3.7194853
93.39 3.722186
93.4 3.7248628
93.41 3.7275635
93.42 3.7302403
93.43 3.732941
93.44 3.7356178
93.45 3.7382946
93.46 3.7409475
93.47 3.7436243
93.48 3.7462772
93.49 3.7489301
93.5 3.751583
93.51 3.7542359
93.52 3.7568888
93.53 3.7595178
93.54 3.7621707
93.55 3.7647997
93.56 3.7674048
93.57 3.7700338
93.58 3.7726628
93.59 3.7752679
93.6 3.777873
93.61 3.7804781
93.62 3.7830832
93.63 3.7856644
93.64 3.7882456
93.65 3.7908507
93.66 3.793408
93.67 3.7959892
93.68 3.7985704
93.69 3.8011277
93.7 3.803685
93.71 3.8062423
93.72 3.8087996
93.73 3.811333
93.74 3.8138664
93.75 3.8163998
93.76 3.8189332
93.77 3.8214666
93.78 3.8239761
93.79 3.8264856
93.8 3.8289951
93.81 3.8315046
93.82 3.8340141
93.83 3.8364997
93.84 3.8389853
93.85 3.8414709
93.86 3.8439565
93.87 3.8464182
93.88 3.8488799
93.89 3.8513416
93.9 3.8538033
93.91 3.856265
93.92 3.8587028
93.93 3.8611406
93.94 3.8635784
93.95 3.8659923
93.96 3.8684301
93.97 3.870844
93.98 3.8732579
93.99 3.8756479
94.0 3.8780618
94.01 3.8804518
94.02 3.8828418
94.03 3.8852318
94.04 3.8875979
94.05 3.889964
94.06 3.8923301
94.07 3.8946962
94.08 3.8970384
94.09 3.8994045
94.1 3.9017467
94.11 3.904065
94.12 3.9064072
94.13 3.9087255
94.14 3.9110438
94.15 3.9133621
94.16 3.9156565
94.17 3.9179509
94.18 3.9202453
94.19 3.9225397
94.2 3.9248102
94.21 3.9270807
94.22 3.9293512
94.23 3.9316217
94.24 3.9338683
94.25 3.9361149
94.26 3.9383615
94.27 3.9406081
94.28 3.9428308
94.29 3.9450535
94.3 3.9472762
94.31 3.949475
94.32 3.9516738
94.33 3.9538726
94.34 3.9560714
94.35 3.9582463
94.36 3.9604212
94.37 3.9625961
94.38 3.964771
94.39 3.966922
94.4 3.969073
94.41 3.9712001
94.42 3.9733511
94.43 3.9754782
94.44 3.9776053
94.45 3.9797085
94.46 3.9818117
94.47 3.9839149
94.48 3.9860181
94.49 3.9880974
94.5 3.9901767
94.51 3.992256
94.52 3.9943353
94.53 3.9963907
94.54 3.9984461
94.55 4.0004776
94.56 4.002533
94.57 4.0045406
94.58 4.0065721
94.59 4.0085797
94.6 4.0106112
94.61 4.0125949
94.62 4.0146025
94.63 4.0165862
94.64 4.0185699
94.65 4.0205297
94.66 4.0224895
94.67 4.0244493
94.68 4.0264091
94.69 4.028345
94.7 4.0302809
94.71 4.0322168
94.72 4.0341288
94.73 4.0360647
94.74 4.0379528
94.75 4.0398648
94.76 4.0417529
94.77 4.043641
94.78 4.0455291
94.79 4.0473933
94.8 4.0492575
94.81 4.0511217
94.82 4.052962
94.83 4.0548023
94.84 4.0566426
94.85 4.0584829
94.86 4.0602993
94.87 4.0621157
94.88 4.0639082
94.89 4.0657246
94.9 4.0675171
94.91 4.0693096
94.92 4.0710782
94.93 4.0728468
94.94 4.0746154
94.95 4.076384
94.96 4.0781287
94.97 4.0798734
94.98 4.0816181
94.99 4.0833389
95.0 4.0850597
95.01 4.0867805
95.02 4.0884774
95.03 4.0901982
95.04 4.0918712
95.05 4.0935681
95.06 4.0952411
95.07 4.0969141
95.08 4.0985871
95.09 4.1002601
95.1 4.1019092
95.11 4.1035583
95.12 4.1051835
95.13 4.1068326
95.14 4.1084578
95.15 4.1100591
95.16 4.1116843
95.17 4.1132856
95.18 4.1148869
95.19 4.1164643
95.2 4.1180417
95.21 4.1196191
95.22 4.1211965
95.23 4.12275
95.24 4.1243274
95.25 4.125857
95.26 4.1274105
95.27 4.1289401
95.28 4.1304697
95.29 4.1319993
95.3 4.133505
95.31 4.1350107
95.32 4.1365164
95.33 4.1379982
95.34 4.1395039
95.35 4.1409857
95.36 4.1424436
95.37 4.1439254
95.38 4.1453833
95.39 4.1468412
95.4 4.1482752
95.41 4.1497092
95.42 4.1511432
95.43 4.1525772
95.44 4.1539873
95.45 4.1553974
95.46 4.1568075
95.47 4.1582176
95.48 4.1596038
95.49 4.16099
95.5 4.1623762
95.51 4.1637385
95.52 4.1651008
95.53 4.1664631
95.54 4.1678254
95.55 4.1691638
95.56 4.1705022
95.57 4.1718406
95.58 4.1731551
95.59 4.1744696
95.6 4.1757841
95.61 4.1770986
95.62 4.1783892
95.63 4.1796798
95.64 4.1809704
95.65 4.1822371
95.66 4.1835038
95.67 4.1847705
95.68 4.1860372
95.69 4.18728
95.7 4.1885228
95.71 4.1897656
95.72 4.1910084
95.73 4.1922273
95.74 4.1934462
95.75 4.1946651
95.76 4.1958601
95.77 4.1970551
95.78 4.1982501
95.79 4.1994451
95.8 4.2006162
95.81 4.2017873
95.82 4.2029584
95.83 4.2041056
95.84 4.2052767
95.85 4.2064239
95.86 4.2075472
95.87 4.2086944
95.88 4.2098177
95.89 4.210941
95.9 4.2120404
95.91 4.2131637
95.92 4.2142631
95.93 4.2153386
95.94 4.216438
95.95 4.2175135
95.96 4.218589
95.97 4.2196645
95.98 4.2207161
95.99 4.2217677
96.0 4.2228193
96.01 4.2238709
96.02 4.2248986
96.03 4.2259263
96.04 4.226954
96.05 4.2279817
96.06 4.2289855
96.07 4.2299893
96.08 4.2309692
96.09 4.231973
96.1 4.2329529
96.11 4.2339328
96.12 4.2349127
96.13 4.2358687
96.14 4.2368247
96.15 4.2377807
96.16 4.2387367
96.17 4.2396688
96.18 4.2406009
96.19 4.241533
96.2 4.2424412
96.21 4.2433733
96.22 4.2442815
96.23 4.2451658
96.24 4.246074
96.25 4.2469583
96.26 4.2478426
96.27 4.2487269
96.28 4.2495873
96.29 4.2504477
96.3 4.2513081
96.31 4.2521685
96.32 4.253005
96.33 4.2538415
96.34 4.254678
96.35 4.2554906
96.36 4.2563271
96.37 4.2571397
96.38 4.2579523
96.39 4.258741
96.4 4.2595297
96.41 4.2603184
96.42 4.2611071
96.43 4.2618958
96.44 4.2626606
96.45 4.2634254
96.46 4.2641663
96.47 4.2649311
96.48 4.265672
96.49 4.2664129
96.5 4.2671538
96.51 4.2678708
96.52 4.2685878
96.53 4.2693048
96.54 4.2700218
96.55 4.2707149
96.56 4.271408
96.57 4.2721011
96.58 4.2727942
96.59 4.2734634
96.6 4.2741326
96.61 4.2748018
96.62 4.275471
96.63 4.2761163
96.64 4.2767616
96.65 4.2774069
96.66 4.2780522
96.67 4.2786736
96.68 4.279295
96.69 4.2799164
96.7 4.2805139
96.71 4.2811353
96.72 4.2817328
96.73 4.2823064
96.74 4.2829039
96.75 4.2834775
96.76 4.2840511
96.77 4.2846247
96.78 4.2851983
96.79 4.285748
96.8 4.2862977
96.81 4.2868474
96.82 4.2873732
96.83 4.2879229
96.84 4.2884487
96.85 4.2889506
96.86 4.2894764
96.87 4.2899783
96.88 4.2904802
96.89 4.2909821
96.9 4.291484
96.91 4.291962
96.92 4.29244
96.93 4.292918
96.94 4.2933721
96.95 4.2938262
96.96 4.2943042
96.97 4.2947344
96.98 4.2951885
96.99 4.2956187
97.0 4.2960489
97.01 4.2964791
97.02 4.2969093
97.03 4.2973156
97.04 4.2977219
97.05 4.2981282
97.06 4.2985106
97.07 4.2989169
97.08 4.2992993
97.09 4.2996817
97.1 4.3000402
97.11 4.3004226
97.12 4.3007811
97.13 4.3011396
97.14 4.3014742
97.15 4.3018327
97.16 4.3021673
97.17 4.3025019
97.18 4.3028365
97.19 4.3031472
97.2 4.3034579
97.21 4.3037686
97.22 4.3040793
97.23 4.3043661
97.24 4.3046768
97.25 4.3049636
97.26 4.3052265
97.27 4.3055133
97.28 4.3057762
97.29 4.3060391
97.3 4.306302
97.31 4.306541
97.32 4.3068039
97.33 4.3070429
97.34 4.3072819
97.35 4.307497
97.36 4.307736
97.37 4.3079511
97.38 4.3081662
97.39 4.3083574
97.4 4.3085725
97.41 4.3087637
97.42 4.3089549
97.43 4.3091222
97.44 4.3093134
97.45 4.3094807
97.46 4.309648
97.47 4.3098153
97.48 4.3099587
97.49 4.310126
97.5 4.3102694
97.51 4.3104128
97.52 4.3105323
97.53 4.3106757
97.54 4.3107952
97.55 4.3109147
97.56 4.3110103
97.57 4.3111298
97.58 4.3112254
97.59 4.311321
97.6 4.3114166
97.61 4.3114883
97.62 4.31156
97.63 4.3116317
97.64 4.3117034
97.65 4.3117751
97.66 4.3118229
97.67 4.3118707
97.68 4.3119185
97.69 4.3119663
97.7 4.3119902
97.71 4.3120141
97.72 4.312038
97.73 4.3120619
97.74 4.3120858
97.75 4.3120858
97.76 4.3120858
97.77 4.3120858
97.78 4.3120619
97.79 4.3120619
97.8 4.312038
97.81 4.3120141
97.82 4.3119902
97.83 4.3119424
97.84 4.3119185
97.85 4.3118707
97.86 4.311799
97.87 4.3117512
97.88 4.3117034
97.89 4.3116317
97.9 4.31156
97.91 4.3114644
97.92 4.3113927
97.93 4.3112971
97.94 4.3112015
97.95 4.3111059
97.96 4.3110103
97.97 4.3108908
97.98 4.3107952
97.99 4.3106757
98.0 4.3105562
98.01 4.3104128
98.02 4.3102933
98.03 4.3101499
98.04 4.3100065
98.05 4.3098631
98.06 4.3096958
98.07 4.3095524
98.08 4.3093851
98.09 4.3092178
98.1 4.3090266
98.11 4.3088593
98.12 4.3086681
98.13 4.3084769
98.14 4.3082857
98.15 4.3080945
98.16 4.3078794
98.17 4.3076882
98.18 4.3074731
98.19 4.307258
98.2 4.307019
98.21 4.3068039
98.22 4.3065649
98.23 4.3063259
98.24 4.3060869
98.25 4.3058479
98.26 4.305585
98.27 4.305346
98.28 4.3050831
98.29 4.3048202
98.3 4.3045334
98.31 4.3042705
98.32 4.3039837
98.33 4.3036969
98.34 4.3034101
98.35 4.3031233
98.36 4.3028126
98.37 4.3025258
98.38 4.3022151
98.39 4.3019044
98.4 4.3015698
98.41 4.3012591
98.42 4.3009245
98.43 4.3006138
98.44 4.3002792
98.45 4.2999207
98.46 4.2995861
98.47 4.2992276
98.48 4.298893
98.49 4.2985345
98.5 4.2981521
98.51 4.2977936
98.52 4.2974351
98.53 4.2970527
98.54 4.2966703
98.55 4.2962879
98.56 4.2959055
98.57 4.2954992
98.58 4.2951168
98.59 4.2947105
98.6 4.2943042
98.61 4.2938979
98.62 4.2934677
98.63 4.2930614
98.64 4.2926312
98.65 4.292201
98.66 4.2917708
98.67 4.2913406
98.68 4.2908865
98.69 4.2904563
98.7 4.2900022
98.71 4.2895481
98.72 4.289094
98.73 4.2886399
98.74 4.2881619
98.75 4.2876839
98.76 4.2872298
98.77 4.2867518
98.78 4.2862499
98.79 4.2857719
98.8 4.2852939
98.81 4.284792
98.82 4.2842901
98.83 4.2837882
98.84 4.2832863
98.85 4.2827605
98.86 4.2822586
98.87 4.2817328
98.88 4.281207
98.89 4.2806812
98.9 4.2801554
98.91 4.2796296
98.92 4.2790799
98.93 4.2785302
98.94 4.2779805
98.95 4.2774308
98.96 4.2768811
98.97 4.2763314
98.98 4.2757578
98.99 4.2752081
99.0 4.2746345
99.01 4.2740609
99.02 4.2734634
99.03 4.2728898
99.04 4.2723162
99.05 4.2717187
99.06 4.2711212
99.07 4.2705237
99.08 4.2699262
99.09 4.2693287
99.1 4.2687073
99.11 4.2681098
99.12 4.2674884
99.13 4.266867
99.14 4.2662456
99.15 4.2656242
99.16 4.2649789
99.17 4.2643575
99.18 4.2637122
99.19 4.2630669
99.2 4.2624216
99.21 4.2617763
99.22 4.261131
99.23 4.2604618
99.24 4.2598165
99.25 4.2591473
99.26 4.2584781
99.27 4.2578089
99.28 4.2571397
99.29 4.2564705
99.3 4.2557774
99.31 4.2550843
99.32 4.2544151
99.33 4.253722
99.34 4.2530289
99.35 4.2523119
99.36 4.2516188
99.37 4.2509257
99.38 4.2502087
99.39 4.2494917
99.4 4.2487747
99.41 4.2480577
99.42 4.2473407
99.43 4.2466237
99.44 4.2458828
99.45 4.2451658
99.46 4.2444249
99.47 4.243684
99.48 4.2429431
99.49 4.2422022
99.5 4.2414374
99.51 4.2406965
99.52 4.2399317
99.53 4.2391908
99.54 4.238426
99.55 4.2376612
99.56 4.2368964
99.57 4.2361316
99.58 4.2353429
99.59 4.2345781
99.6 4.2337894
99.61 4.2330007
99.62 4.232212
99.63 4.2314233
99.64 4.2306346
99.65 4.2298459
99.66 4.2290333
99.67 4.2282446
99.68 4.227432
99.69 4.2266194
99.7 4.2258068
99.71 4.2249942
99.72 4.2241816
99.73 4.223369
99.74 4.2225325
99.75 4.2217199
99.76 4.2208834
99.77 4.2200469
99.78 4.2192104
99.79 4.2183739
99.8 4.2175374
99.81 4.2167009
99.82 4.2158644
99.83 4.215004
99.84 4.2141436
99.85 4.2133071
99.86 4.2124467
99.87 4.2115863
99.88 4.2107259
99.89 4.2098416
99.9 4.2089812
99.91 4.2081208
99.92 4.2072365
99.93 4.2063522
99.94 4.2054918
99.95 4.2046075
99.96 4.2037232
99.97 4.202815
99.98 4.2019307
99.99 4.2010464
100.0 4.2001382
100.01 4.1992539
100.02 4.1983457
100.03 4.1974375
100.04 4.1965293
100.05 4.1956211
100.06 4.1947129
100.07 4.1938047
100.08 4.1928726
100.09 4.1919644
100.1 4.1910323
100.11 4.1901241
100.12 4.189192
100.13 4.1882599
100.14 4.1873278
100.15 4.1863957
100.16 4.1854636
100.17 4.1845315
100.18 4.1835755
100.19 4.1826434
100.2 4.1816874
100.21 4.1807314
100.22 4.1797993
100.23 4.1788433
100.24 4.1778873
100.25 4.1769313
100.26 4.1759514
100.27 4.1749954
100.28 4.1740394
100.29 4.1730595
100.3 4.1721035
100.31 4.1711236
100.32 4.1701437
100.33 4.1691638
100.34 4.1681839
100.35 4.167204
100.36 4.1662241
100.37 4.1652442
100.38 4.1642404
100.39 4.1632605
100.4 4.1622806
100.41 4.1612768
100.42 4.160273
100.43 4.1592692
100.44 4.1582893
100.45 4.1572855
100.46 4.1562817
100.47 4.155254
100.48 4.1542502
100.49 4.1532464
100.5 4.1522426
100.51 4.1512149
100.52 4.1501872
100.53 4.1491834
100.54 4.1481557
100.55 4.147128
100.56 4.1461003
100.57 4.1450726
100.58 4.1440449
100.59 4.1430172
100.6 4.1419895
100.61 4.1409618
100.62 4.1399102
100.63 4.1388825
100.64 4.1378309
100.65 4.1368032
100.66 4.1357516
100.67 4.1347
100.68 4.1336484
100.69 4.1325968
100.7 4.1315452
100.71 4.1304936
100.72 4.129442
100.73 4.1283904
100.74 4.1273388
100.75 4.1262633
100.76 4.1252117
100.77 4.1241362
100.78 4.1230846
100.79 4.1220091
100.8 4.1209336
100.81 4.1198581
100.82 4.1187826
100.83 4.1177071
100.84 4.1166316
100.85 4.1155561
100.86 4.1144806
100.87 4.1133812
100.88 4.1123057
100.89 4.1112063
100.9 4.1101308
100.91 4.1090314
100.92 4.107932
100.93 4.1068326
100.94 4.1057571
100.95 4.1046577
100.96 4.1035344
100.97 4.102435
100.98 4.1013356
100.99 4.1002362
101.0 4.0991129
101.01 4.0980135
101.02 4.0968902
101.03 4.0957669
101.04 4.0946675
101.05 4.0935442
101.06 4.0924209
101.07 4.0912976
101.08 4.0901743
101.09 4.0890271
101.1 4.0879038
101.11 4.0867805
101.12 4.0856333
101.13 4.08451
101.14 4.0833628
101.15 4.0822156
101.16 4.0810923
101.17 4.0799451
101.18 4.0787979
101.19 4.0776507
101.2 4.0764796
101.21 4.0753324
101.22 4.0741852
101.23 4.0730141
101.24 4.0718669
101.25 4.0706958
101.26 4.0695247
101.27 4.0683775
101.28 4.0672064
101.29 4.0660353
101.3 4.0648642
101.31 4.0636692
101.32 4.0624981
101.33 4.061327
101.34 4.060132
101.35 4.0589609
101.36 4.0577659
101.37 4.0565709
101.38 4.0553759
101.39 4.0542048
101.4 4.0529859
101.41 4.0517909
101.42 4.0505959
101.43 4.0494009
101.44 4.048182
101.45 4.046987
101.46 4.0457681
101.47 4.0445731
101.48 4.0433542
101.49 4.0421353
101.5 4.0409164
101.51 4.0396975
101.52 4.0384547
101.53 4.0372358
101.54 4.0360169
101.55 4.0347741
101.56 4.0335552
101.57 4.0323124
101.58 4.0310696
101.59 4.0298268
101.6 4.028584
101.61 4.0273412
101.62 4.0260984
101.63 4.0248556
101.64 4.0235889
101.65 4.0223461
101.66 4.0210794
101.67 4.0198127
101.68 4.0185699
101.69 4.0173032
101.7 4.0160365
101.71 4.0147459
101.72 4.0134792
101.73 4.0122125
101.74 4.0109219
101.75 4.0096552
101.76 4.0083646
101.77 4.007074
101.78 4.0058073
101.79 4.0045167
101.8 4.0032261
101.81 4.0019116
101.82 4.000621
101.83 3.9993304
101.84 3.9980159
101.85 3.9967253
101.86 3.9954108
101.87 3.9940963
101.88 3.9927818
101.89 3.9914673
101.9 3.9901528
101.91 3.9888383
101.92 3.9874999
101.93 3.9861854
101.94 3.984847
101.95 3.9835086
101.96 3.9821941
101.97 3.9808557
101.98 3.9795173
101.99 3.9781789
102.0 3.9768166
102.01 3.9754782
102.02 3.9741159
102.03 3.9727775
102.04 3.9714152
102.05 3.9700529
102.06 3.9686906
102.07 3.9673283
102.08 3.965966
102.09 3.9646037
102.1 3.9632175
102.11 3.9618552
102.12 3.960469
102.13 3.9591067
102.14 3.9577205
102.15 3.9563343
102.16 3.9549481
102.17 3.953538
102.18 3.9521518
102.19 3.9507656
102.2 3.9493555
102.21 3.9479693
102.22 3.9465592
102.23 3.9451491
102.24 3.943739
102.25 3.9423289
102.26 3.9408949
102.27 3.9394848
102.28 3.9380747
102.29 3.9366407
102.3 3.9352067
102.31 3.9337727
102.32 3.9323387
102.33 3.9309047
102.34 3.9294707
102.35 3.9280367
102.36 3.9265788
102.37 3.9251448
102.38 3.9236869
102.39 3.922229
102.4 3.9207711
102.41 3.9193132
102.42 3.9178553
102.43 3.9163974
102.44 3.9149156
102.45 3.9134577
102.46 3.9119759
102.47 3.9104941
102.48 3.9090123
102.49 3.9075305
102.5 3.9060487
102.51 3.9045669
102.52 3.9030612
102.53 3.9015794
102.54 3.9000737
102.55 3.898568
102.56 3.8970623
102.57 3.8955566
102.58 3.8940509
102.59 3.8925452
102.6 3.8910156
102.61 3.8895099
102.62 3.8879803
102.63 3.8864507
102.64 3.8849211
102.65 3.8833915
102.66 3.8818619
102.67 3.8803084
102.68 3.8787788
102.69 3.8772253
102.7 3.8756957
102.71 3.8741422
102.72 3.8725887
102.73 3.8710113
102.74 3.8694578
102.75 3.8679043
102.76 3.8663269
102.77 3.8647734
102.78 3.863196
102.79 3.8616186
102.8 3.8600412
102.81 3.8584638
102.82 3.8568625
102.83 3.8552851
102.84 3.8536838
102.85 3.8520825
102.86 3.8505051
102.87 3.8489038
102.88 3.8472786
102.89 3.8456773
102.9 3.844076
102.91 3.8424508
102.92 3.8408495
102.93 3.8392243
102.94 3.8375991
102.95 3.8359739
102.96 3.8343248
102.97 3.8326996
102.98 3.8310744
102.99 3.8294253
103.0 3.8277762
103.01 3.8261271
103.02 3.824478
103.03 3.8228289
103.04 3.8211798
103.05 3.8195068
103.06 3.8178338
103.07 3.8161847
103.08 3.8145117
103.09 3.8128387
103.1 3.8111657
103.11 3.8094688
103.12 3.8077958
103.13 3.8060989
103.14 3.804402
103.15 3.8027051
103.16 3.8010082
103.17 3.7993113
103.18 3.7976144
103.19 3.7958936
103.2 3.7941967
103.21 3.7924759
103.22 3.7907551
103.23 3.7890343
103.24 3.7873135
103.25 3.7855927
103.26 3.783848
103.27 3.7821033
103.28 3.7803825
103.29 3.7786378
103.3 3.7768931
103.31 3.7751245
103.32 3.7733798
103.33 3.7716351
103.34 3.7698665
103.35 3.7680979
103.36 3.7663293
103.37 3.7645607
103.38 3.7627921
103.39 3.7609996
103.4 3.759231
103.41 3.7574385
103.42 3.755646
103.43 3.7538535
103.44 3.752061
103.45 3.7502685
103.46 3.7484521
103.47 3.7466596
103.48 3.7448432
103.49 3.7430268
103.5 3.7412104
103.51 3.739394
103.52 3.7375537
103.53 3.7357373
103.54 3.733897
103.55 3.7320567
103.56 3.7302164
103.57 3.7283761
103.58 3.7265358
103.59 3.7246955
103.6 3.7228313
103.61 3.7209671
103.62 3.7191029
103.63 3.7172387
103.64 3.7153745
103.65 3.7135103
103.66 3.7116222
103.67 3.7097341
103.68 3.7078699
103.69 3.7059818
103.7 3.7040698
103.71 3.7021817
103.72 3.7002936
103.73 3.6983816
103.74 3.6964696
103.75 3.6945576
103.76 3.6926456
103.77 3.6907336
103.78 3.6887977
103.79 3.6868857
103.8 3.6849498
103.81 3.6830139
103.82 3.681078
103.83 3.6791421
103.84 3.6772062
103.85 3.6752464
103.86 3.6733105
103.87 3.6713507
103.88 3.6693909
103.89 3.6674311
103.9 3.6654474
103.91 3.6634876
103.92 3.6615039
103.93 3.6595441
103.94 3.6575604
103.95 3.6555767
103.96 3.653593
103.97 3.6515854
103.98 3.6496017
103.99 3.6475941
104.0 3.6456104
104.01 3.6436028
104.02 3.6415952
104.03 3.6395637
104.04 3.6375561
104.05 3.6355485
104.06 3.633517
104.07 3.6314855
104.08 3.629454
104.09 3.6274225
104.1 3.625391
104.11 3.6233595
104.12 3.6213041
104.13 3.6192726
104.14 3.6172172
104.15 3.6151618
104.16 3.6131064
104.17 3.611051
104.18 3.6089956
104.19 3.6069163
104.2 3.6048609
104.21 3.6027816
104.22 3.6007023
104.23 3.598623
104.24 3.5965437
104.25 3.5944644
104.26 3.5923612
104.27 3.5902819
104.28 3.5881787
104.29 3.5860755
104.3 3.5839723
104.31 3.5818691
104.32 3.5797659
104.33 3.5776627
104.34 3.5755356
104.35 3.5734324
104.36 3.5713053
104.37 3.5691782
104.38 3.5670511
104.39 3.564924
104.4 3.5627969
104.41 3.5606698
104.42 3.5585188
104.43 3.5563917
104.44 3.5542407
104.45 3.5520897
104.46 3.5499387
104.47 3.5477877
104.48 3.5456367
104.49 3.5434618
104.5 3.5413108
104.51 3.5391359
104.52 3.5369849
104.53 3.53481
104.54 3.5326351
104.55 3.5304602
104.56 3.5282853
104.57 3.5260865
104.58 3.5239116
104.59 3.5217128
104.6 3.5195379
104.61 3.5173391
104.62 3.5151403
104.63 3.5129415
104.64 3.5107427
104.65 3.5085439
104.66 3.5063212
104.67 3.5041224
104.68 3.5018997
104.69 3.4997009
104.7 3.4974782
104.71 3.4952555
104.72 3.4930328
104.73 3.4908101
104.74 3.4885635
104.75 3.4863408
104.76 3.4840942
104.77 3.4818715
104.78 3.4796249
104.79 3.4773783
104.8 3.4751317
104.81 3.4728851
104.82 3.4706385
104.83 3.4683919
104.84 3.4661453
104.85 3.4638748
104.86 3.4616282
104.87 3.4593577
104.88 3.4570872
104.89 3.4548167
104.9 3.4525462
104.91 3.4502757
104.92 3.4480052
104.93 3.4457347
104.94 3.4434403
104.95 3.4411698
104.96 3.4388754
104.97 3.4366049
104.98 3.4343105
104.99 3.4320161
105.0 3.4297217
105.01 3.4274273
105.02 3.4251329
105.03 3.4228146
105.04 3.4205202
105.05 3.4182019
105.06 3.4159075
105.07 3.4135892
105.08 3.4112709
105.09 3.4089526
105.1 3.4066343
105.11 3.404316
105.12 3.4019977
105.13 3.3996794
105.14 3.3973611
105.15 3.3950189
105.16 3.3927006
105.17 3.3903584
105.18 3.3880162
105.19 3.3856979
105.2 3.3833557
105.21 3.3810135
105.22 3.3786713
105.23 3.3763291
105.24 3.373963
105.25 3.3716208
105.26 3.3692786
105.27 3.3669125
105.28 3.3645464
105.29 3.3622042
105.3 3.3598381
105.31 3.357472
105.32 3.3551059
105.33 3.3527398
105.34 3.3503737
105.35 3.3480076
105.36 3.3456415
105.37 3.3432515
105.38 3.3408854
105.39 3.3385193
105.4 3.3361293
105.41 3.3337393
105.42 3.3313732
105.43 3.3289832
105.44 3.3265932
105.45 3.3242032
105.46 3.3218132
105.47 3.3194232
105.48 3.3170093
105.49 3.3146193
105.5 3.3122293
105.51 3.3098154
105.52 3.3074254
105.53 3.3050115
105.54 3.3026215
105.55 3.3002076
105.56 3.2977937
105.57 3.2953798
105.58 3.2929659
105.59 3.290552
105.6 3.2881381
105.61 3.2857242
105.62 3.2833103
105.63 3.2808725
105.64 3.2784586
105.65 3.2760447
105.66 3.2736069
105.67 3.271193
105.68 3.2687552
105.69 3.2663174
105.7 3.2638796
105.71 3.2614657
105.72 3.2590279
105.73 3.2565901
105.74 3.2541523
105.75 3.2517145
105.76 3.2492528
105.77 3.246815
105.78 3.2443772
105.79 3.2419394
105.8 3.2394777
105.81 3.2370399
105.82 3.2345782
105.83 3.2321165
105.84 3.2296787
105.85 3.227217
105.86 3.2247553
105.87 3.2223175
105.88 3.2198558
105.89 3.2173941
105.9 3.2149324
105.91 3.2124707
105.92 3.210009
105.93 3.2075234
105.94 3.2050617
105.95 3.2026
105.96 3.2001383
105.97 3.1976527
105.98 3.195191
105.99 3.1927054
106.0 3.1902437
106.01 3.1877581
106.02 3.1852725
106.03 3.1828108
106.04 3.1803252
106.05 3.1778396
106.06 3.175354
106.07 3.1728684
106.08 3.1703828
106.09 3.1678972
106.1 3.1654116
106.11 3.162926
106.12 3.1604404
106.13 3.1579548
106.14 3.1554692
106.15 3.1529836
106.16 3.1504741
106.17 3.1479885
106.18 3.145479
106.19 3.1429934
106.2 3.1404839
106.21 3.1379983
106.22 3.1354888
106.23 3.1330032
106.24 3.1304937
106.25 3.1279842
106.26 3.1254986
106.27 3.1229891
106.28 3.1204796
106.29 3.1179701
106.3 3.1154606
106.31 3.1129511
106.32 3.1104416
106.33 3.1079321
106.34 3.1054226
106.35 3.1029131
106.36 3.1004036
106.37 3.0978941
106.38 3.0953846
106.39 3.0928751
106.4 3.0903417
106.41 3.0878322
106.42 3.0853227
106.43 3.0827893
106.44 3.0802798
106.45 3.0777703
106.46 3.0752369
106.47 3.0727274
106.48 3.070194
106.49 3.0676845
106.5 3.0651511
106.51 3.0626416
106.52 3.0601082
106.53 3.0575748
106.54 3.0550653
106.55 3.0525319
106.56 3.0499985
106.57 3.047489
106.58 3.0449556
106.59 3.0424222
106.6 3.0398888
106.61 3.0373554
106.62 3.034822
106.63 3.0323125
106.64 3.0297791
106.65 3.0272457
106.66 3.0247123
106.67 3.0221789
106.68 3.0196455
106.69 3.0171121
106.7 3.0145787
106.71 3.0120453
106.72 3.0095119
106.73 3.0069785
106.74 3.0044451
106.75 3.0018878
106.76 2.9993544
106.77 2.996821
106.78 2.9942876
106.79 2.9917542
106.8 2.9892208
106.81 2.9866635
106.82 2.9841301
106.83 2.9815967
106.84 2.9790633
106.85 2.976506
106.86 2.9739726
106.87 2.9714392
106.88 2.9689058
106.89 2.9663485
106.9 2.9638151
106.91 2.9612817
106.92 2.9587244
106.93 2.956191
106.94 2.9536576
106.95 2.9511003
106.96 2.9485669
106.97 2.9460335
106.98 2.9434762
106.99 2.9409428
107.0 2.9383855
107.01 2.9358521
107.02 2.9333187
107.03 2.9307614
107.04 2.928228
107.05 2.9256707
107.06 2.9231373
107.07 2.9206039
107.08 2.9180466
107.09 2.9155132
107.1 2.9129798
107.11 2.9104225
107.12 2.9078891
107.13 2.9053318
107.14 2.9027984
107.15 2.900265
107.16 2.8977077
107.17 2.8951743
107.18 2.8926409
107.19 2.8900836
107.2 2.8875502
107.21 2.8850168
107.22 2.8824595
107.23 2.8799261
107.24 2.8773927
107.25 2.8748354
107.26 2.872302
107.27 2.8697686
107.28 2.8672113
107.29 2.8646779
107.3 2.8621445
107.31 2.8596111
107.32 2.8570538
107.33 2.8545204
107.34 2.851987
107.35 2.8494536
107.36 2.8469202
107.37 2.8443868
107.38 2.8418295
107.39 2.8392961
107.4 2.8367627
107.41 2.8342293
107.42 2.8316959
107.43 2.8291625
107.44 2.8266291
107.45 2.8240957
107.46 2.8215623
107.47 2.8190289
107.48 2.8164955
107.49 2.8139621
107.5 2.8114287
107.51 2.8088953
107.52 2.8063858
107.53 2.8038524
107.54 2.801319
107.55 2.7987856
107.56 2.7962522
107.57 2.7937427
107.58 2.7912093
107.59 2.7886759
107.6 2.7861664
107.61 2.783633
107.62 2.7810996
107.63 2.7785901
107.64 2.7760567
107.65 2.7735472
107.66 2.7710138
107.67 2.7685043
107.68 2.7659948
107.69 2.7634614
107.7 2.7609519
107.71 2.7584424
107.72 2.755909
107.73 2.7533995
107.74 2.75089
107.75 2.7483805
107.76 2.745871
107.77 2.7433376
107.78 2.7408281
107.79 2.7383186
107.8 2.7358091
107.81 2.7332996
107.82 2.730814
107.83 2.7283045
107.84 2.725795
107.85 2.7232855
107.86 2.720776
107.87 2.7182904
107.88 2.7157809
107.89 2.7132714
107.9 2.7107858
107.91 2.7082763
107.92 2.7057907
107.93 2.7032812
107.94 2.7007956
107.95 2.69831
107.96 2.6958005
107.97 2.6933149
107.98 2.6908293
107.99 2.6883437
108.0 2.6858581
108.01 2.6833725
108.02 2.6808869
108.03 2.6784013
108.04 2.6759157
108.05 2.6734301
108.06 2.6709445
108.07 2.6684589
108.08 2.6659972
108.09 2.6635116
108.1 2.661026
108.11 2.6585643
108.12 2.6560787
108.13 2.653617
108.14 2.6511553
108.15 2.6486697
108.16 2.646208
108.17 2.6437463
108.18 2.6412846
108.19 2.6388229
108.2 2.6363612
108.21 2.6338995
108.22 2.6314378
108.23 2.6289761
108.24 2.6265144
108.25 2.6240527
108.26 2.6216149
108.27 2.6191532
108.28 2.6167154
108.29 2.6142537
108.3 2.6118159
108.31 2.6093781
108.32 2.6069164
108.33 2.6044786
108.34 2.6020408
108.35 2.599603
108.36 2.5971652
108.37 2.5947274
108.38 2.5922896
108.39 2.5898518
108.4 2.5874379
108.41 2.5850001
108.42 2.5825623
108.43 2.5801484
108.44 2.5777106
108.45 2.5752967
108.46 2.5728828
108.47 2.5704689
108.48 2.5680311
108.49 2.5656172
108.5 2.5632033
108.51 2.5608133
108.52 2.5583994
108.53 2.5559855
108.54 2.5535716
108.55 2.5511816
108.56 2.5487677
108.57 2.5463777
108.58 2.5439638
108.59 2.5415738
108.6 2.5391838
108.61 2.5367938
108.62 2.5344038
108.63 2.5320138
108.64 2.5296238
108.65 2.5272338
108.66 2.5248438
108.67 2.5224777
108.68 2.5200877
108.69 2.5177216
108.7 2.5153316
108.71 2.5129655
108.72 2.5105994
108.73 2.5082333
108.74 2.5058672
108.75 2.5035011
108.76 2.501135
108.77 2.4987689
108.78 2.4964267
108.79 2.4940606
108.8 2.4916945
108.81 2.4893523
108.82 2.4870101
108.83 2.4846679
108.84 2.4823018
108.85 2.4799596
108.86 2.4776174
108.87 2.4752991
108.88 2.4729569
108.89 2.4706147
108.9 2.4682964
108.91 2.4659542
108.92 2.4636359
108.93 2.4613176
108.94 2.4589993
108.95 2.4566571
108.96 2.4543627
108.97 2.4520444
108.98 2.4497261
108.99 2.4474078
109.0 2.4451134
109.01 2.4427951
109.02 2.4405007
109.03 2.4382063
109.04 2.4359119
109.05 2.4336175
109.06 2.4313231
109.07 2.4290287
109.08 2.4267343
109.09 2.4244399
109.1 2.4221694
109.11 2.4198989
109.12 2.4176045
109.13 2.415334
109.14 2.4130635
109.15 2.410793
109.16 2.4085225
109.17 2.406252
109.18 2.4040054
109.19 2.4017349
109.2 2.3994883
109.21 2.3972417
109.22 2.3949712
109.23 2.3927246
109.24 2.390478
109.25 2.3882553
109.26 2.3860087
109.27 2.3837621
109.28 2.3815394
109.29 2.3792928
109.3 2.3770701
109.31 2.3748474
109.32 2.3726247
109.33 2.370402
109.34 2.3681793
109.35 2.3659805
109.36 2.3637578
109.37 2.361559
109.38 2.3593363
109.39 2.3571375
109.4 2.3549387
109.41 2.3527399
109.42 2.3505411
109.43 2.3483662
109.44 2.3461674
109.45 2.3439925
109.46 2.3417937
109.47 2.3396188
109.48 2.3374439
109.49 2.335269
109.5 2.3330941
109.51 2.3309431
109.52 2.3287682
109.53 2.3266172
109.54 2.3244662
109.55 2.3222913
109.56 2.3201403
109.57 2.3180132
109.58 2.3158622
109.59 2.3137112
109.6 2.3115841
109.61 2.3094331
109.62 2.307306
109.63 2.3051789
109.64 2.3030518
109.65 2.3009247
109.66 2.2988215
109.67 2.2966944
109.68 2.2945912
109.69 2.2924641
109.7 2.2903609
109.71 2.2882577
109.72 2.2861545
109.73 2.2840752
109.74 2.281972
109.75 2.2798927
109.76 2.2777895
109.77 2.2757102
109.78 2.2736309
109.79 2.2715516
109.8 2.2694962
109.81 2.2674169
109.82 2.2653615
109.83 2.2633061
109.84 2.2612268
109.85 2.2591714
109.86 2.2571399
109.87 2.2550845
109.88 2.2530291
109.89 2.2509976
109.9 2.2489661
109.91 2.2469346
109.92 2.2449031
109.93 2.2428716
109.94 2.2408401
109.95 2.2388325
109.96 2.236801
109.97 2.2347934
109.98 2.2327858
109.99 2.2307782
110.0 2.2287706
110.01 2.2267869
110.02 2.2247793
110.03 2.2227956
110.04 2.220788
110.05 2.2188043
110.06 2.2168206
110.07 2.2148608
110.08 2.2128771
110.09 2.2108934
110.1 2.2089336
110.11 2.2069738
110.12 2.205014
110.13 2.2030542
110.14 2.2010944
110.15 2.1991346
110.16 2.1971987
110.17 2.1952628
110.18 2.193303
110.19 2.1913671
110.2 2.1894312
110.21 2.1875192
110.22 2.1855833
110.23 2.1836713
110.24 2.1817354
110.25 2.1798234
110.26 2.1779114
110.27 2.1759994
110.28 2.1740874
110.29 2.1721993
110.3 2.1702873
110.31 2.1683992
110.32 2.1665111
110.33 2.164623
110.34 2.1627349
110.35 2.1608468
110.36 2.1589587
110.37 2.1570945
110.38 2.1552064
110.39 2.1533422
110.4 2.151478
110.41 2.1496138
110.42 2.1477496
110.43 2.1459093
110.44 2.1440451
110.45 2.1422048
110.46 2.1403645
110.47 2.1385242
110.48 2.1366839
110.49 2.1348436
110.5 2.1330033
110.51 2.1311869
110.52 2.1293705
110.53 2.1275302
110.54 2.1257138
110.55 2.1238974
110.56 2.122081
110.57 2.1202885
110.58 2.1184721
110.59 2.1166796
110.6 2.1148871
110.61 2.1130946
110.62 2.1113021
110.63 2.1095096
110.64 2.1077171
110.65 2.1059485
110.66 2.104156
110.67 2.1023874
110.68 2.1006188
110.69 2.0988502
110.7 2.0970816
110.71 2.095313
110.72 2.0935683
110.73 2.0917997
110.74 2.090055
110.75 2.0883103
110.76 2.0865656
110.77 2.0848209
110.78 2.0831001
110.79 2.0813554
110.8 2.0796346
110.81 2.0778899
110.82 2.0761691
110.83 2.0744483
110.84 2.0727275
110.85 2.0710067
110.86 2.0693098
110.87 2.067589
110.88 2.0658921
110.89 2.0641952
110.9 2.0624983
110.91 2.0608014
110.92 2.0591045
110.93 2.0574315
110.94 2.0557346
110.95 2.0540616
110.96 2.0523886
110.97 2.0506917
110.98 2.0490426
110.99 2.0473696
111.0 2.0456966
111.01 2.0440475
111.02 2.0423745
111.03 2.0407254
111.04 2.0390763
111.05 2.0374272
111.06 2.0357781
111.07 2.034129
111.08 2.0325038
111.09 2.0308547
111.1 2.0292295
111.11 2.0276043
111.12 2.0259791
111.13 2.0243539
111.14 2.0227287
111.15 2.0211274
111.16 2.0195022
111.17 2.0179009
111.18 2.0162996
111.19 2.0146983
111.2 2.013097
111.21 2.0114957
111.22 2.0098944
111.23 2.008317
111.24 2.0067157
111.25 2.0051383
111.26 2.0035609
111.27 2.0019835
111.28 2.0004061
111.29 1.9988526
111.3 1.9972752
111.31 1.9957217
111.32 1.9941443
111.33 1.9925908
111.34 1.9910373
111.35 1.9894838
111.36 1.9879542
111.37 1.9864007
111.38 1.9848711
111.39 1.9833176
111.4 1.981788
111.41 1.9802584
111.42 1.9787288
111.43 1.9771992
111.44 1.9756935
111.45 1.9741639
111.46 1.9726582
111.47 1.9711286
111.48 1.9696229
111.49 1.9681172
111.5 1.9666115
111.51 1.9651297
111.52 1.963624
111.53 1.9621422
111.54 1.9606365
111.55 1.9591547
111.56 1.9576729
111.57 1.9561911
111.58 1.9547093
111.59 1.9532514
111.6 1.9517696
111.61 1.9503117
111.62 1.9488538
111.63 1.9473959
111.64 1.945938
111.65 1.9444801
111.66 1.9430222
111.67 1.9415882
111.68 1.9401303
111.69 1.9386963
111.7 1.9372623
111.71 1.9358283
111.72 1.9343943
111.73 1.9329603
111.74 1.9315263
111.75 1.9301162
111.76 1.9286822
111.77 1.9272721
111.78 1.925862
111.79 1.9244519
111.8 1.9230418
111.81 1.9216317
111.82 1.9202455
111.83 1.9188354
111.84 1.9174492
111.85 1.916063
111.86 1.9146768
111.87 1.9132906
111.88 1.9119044
111.89 1.9105182
111.9 1.9091559
111.91 1.9077936
111.92 1.9064074
111.93 1.9050451
111.94 1.9036828
111.95 1.9023205
111.96 1.9009821
111.97 1.8996198
111.98 1.8982575
111.99 1.8969191
112.0 1.8955807
112.01 1.8942423
112.02 1.8929039
112.03 1.8915655
112.04 1.8902271
112.05 1.8889126
112.06 1.8875742
112.07 1.8862597
112.08 1.8849452
112.09 1.8836307
112.1 1.8823162
112.11 1.8810017
112.12 1.8797111
112.13 1.8783966
112.14 1.877106
112.15 1.8757915
112.16 1.8745009
112.17 1.8732103
112.18 1.8719197
112.19 1.870653
112.2 1.8693624
112.21 1.8680957
112.22 1.8668051
112.23 1.8655384
112.24 1.8642717
112.25 1.863005
112.26 1.8617383
112.27 1.8604716
112.28 1.8592288
112.29 1.8579621
112.3 1.8567193
112.31 1.8554765
112.32 1.8542337
112.33 1.8529909
112.34 1.8517481
112.35 1.8505053
112.36 1.8492864
112.37 1.8480675
112.38 1.8468247
112.39 1.8456058
112.4 1.8443869
112.41 1.843168
112.42 1.8419491
112.43 1.8407541
112.44 1.8395352
112.45 1.8383402
112.46 1.8371452
112.47 1.8359263
112.48 1.8347313
112.49 1.8335602
112.5 1.8323652
112.51 1.8311702
112.52 1.8299991
112.53 1.8288041
112.54 1.827633
112.55 1.8264619
112.56 1.8252908
112.57 1.8241197
112.58 1.8229486
112.59 1.8218014
112.6 1.8206303
112.61 1.8194831
112.62 1.8183359
112.63 1.8171887
112.64 1.8160415
112.65 1.8148943
112.66 1.8137471
112.67 1.8125999
112.68 1.8114766
112.69 1.8103533
112.7 1.8092061
112.71 1.8080828
112.72 1.8069595
112.73 1.8058601
112.74 1.8047368
112.75 1.8036135
112.76 1.8025141
112.77 1.8013908
112.78 1.8002914
112.79 1.799192
112.8 1.7980926
112.81 1.7969932
112.82 1.7959177
112.83 1.7948183
112.84 1.7937428
112.85 1.7926434
112.86 1.7915679
112.87 1.7904924
112.88 1.7894169
112.89 1.7883414
112.9 1.7872898
112.91 1.7862143
112.92 1.7851388
112.93 1.7840872
112.94 1.7830356
112.95 1.781984
112.96 1.7809324
112.97 1.7798808
112.98 1.7788292
112.99 1.7778015
113.0 1.7767499
113.01 1.7757222
113.02 1.7746945
113.03 1.7736668
113.04 1.7726391
113.05 1.7716114
113.06 1.7705837
113.07 1.7695799
113.08 1.7685522
113.09 1.7675484
113.1 1.7665446
113.11 1.7655169
113.12 1.7645131
113.13 1.7635332
113.14 1.7625294
113.15 1.7615256
113.16 1.7605457
113.17 1.7595419
113.18 1.758562
113.19 1.7575821
113.2 1.7566022
113.21 1.7556223
113.22 1.7546424
113.23 1.7536864
113.24 1.7527065
113.25 1.7517505
113.26 1.7507945
113.27 1.7498385
113.28 1.7488825
113.29 1.7479265
113.3 1.7469705
113.31 1.7460145
113.32 1.7450824
113.33 1.7441264
113.34 1.7431943
113.35 1.7422622
113.36 1.7413301
113.37 1.740398
113.38 1.7394659
113.39 1.7385577
113.4 1.7376256
113.41 1.7367174
113.42 1.7357853
113.43 1.7348771
113.44 1.7339689
113.45 1.7330607
113.46 1.7321764
113.47 1.7312682
113.48 1.73036
113.49 1.7294757
113.5 1.7285914
113.51 1.7276832
113.52 1.7267989
113.53 1.7259146
113.54 1.7250542
113.55 1.7241699
113.56 1.7232856
113.57 1.7224252
113.58 1.7215409
113.59 1.7206805
113.6 1.7198201
113.61 1.7189597
113.62 1.7180993
113.63 1.7172628
113.64 1.7164024
113.65 1.715542
113.66 1.7147055
113.67 1.713869
113.68 1.7130325
113.69 1.712196
113.7 1.7113595
113.71 1.710523
113.72 1.7096865
113.73 1.7088739
113.74 1.7080374
113.75 1.7072248
113.76 1.7064122
113.77 1.7055996
113.78 1.704787
113.79 1.7039744
113.8 1.7031857
113.81 1.7023731
113.82 1.7015844
113.83 1.7007718
113.84 1.6999831
113.85 1.6991944
113.86 1.6984057
113.87 1.697617
113.88 1.6968283
113.89 1.6960635
113.9 1.6952748
113.91 1.69451
113.92 1.6937452
113.93 1.6929804
113.94 1.6922156
113.95 1.6914508
113.96 1.690686
113.97 1.6899212
113.98 1.6891803
113.99 1.6884155
114.0 1.6876746
114.01 1.6869337
114.02 1.6861928
114.03 1.6854519
114.04 1.684711
114.05 1.6839701
114.06 1.6832531
114.07 1.6825122
114.08 1.6817952
114.09 1.6810782
114.1 1.6803612
114.11 1.6796442
114.12 1.6789272
114.13 1.6782102
114.14 1.6774932
114.15 1.6768001
114.16 1.676107
114.17 1.67539
114.18 1.6746969
114.19 1.6740038
114.2 1.6733107
114.21 1.6726176
114.22 1.6719484
114.23 1.6712553
114.24 1.6705861
114.25 1.669893
114.26 1.6692238
114.27 1.6685546
114.28 1.6678854
114.29 1.6672162
114.3 1.6665709
114.31 1.6659017
114.32 1.6652325
114.33 1.6645872
114.34 1.6639419
114.35 1.6632966
114.36 1.6626513
114.37 1.662006
114.38 1.6613607
114.39 1.6607154
114.4 1.660094
114.41 1.6594487
114.42 1.6588273
114.43 1.6582059
114.44 1.6575845
114.45 1.6569631
114.46 1.6563417
114.47 1.6557203
114.48 1.6550989
114.49 1.6545014
114.5 1.65388
114.51 1.6532825
114.52 1.652685
114.53 1.6520875
114.54 1.65149
114.55 1.6508925
114.56 1.650295
114.57 1.6497214
114.58 1.6491239
114.59 1.6485503
114.6 1.6479767
114.61 1.6474031
114.62 1.6468295
114.63 1.6462559
114.64 1.6456823
114.65 1.6451087
114.66 1.644559
114.67 1.6439854
114.68 1.6434357
114.69 1.642886
114.7 1.6423363
114.71 1.6417866
114.72 1.6412369
114.73 1.6406872
114.74 1.6401614
114.75 1.6396117
114.76 1.6390859
114.77 1.6385601
114.78 1.6380104
114.79 1.6374846
114.8 1.6369827
114.81 1.6364569
114.82 1.6359311
114.83 1.6354053
114.84 1.6349034
114.85 1.6344015
114.86 1.6338757
114.87 1.6333738
114.88 1.6328719
114.89 1.63237
114.9 1.631892
114.91 1.6313901
114.92 1.6308882
114.93 1.6304102
114.94 1.6299322
114.95 1.6294542
114.96 1.6289523
114.97 1.6284982
114.98 1.6280202
114.99 1.6275422
115.0 1.6270642
115.01 1.6266101
115.02 1.6261321
115.03 1.625678
115.04 1.6252239
115.05 1.6247698
115.06 1.6243157
115.07 1.6238616
115.08 1.6234075
115.09 1.6229773
115.1 1.6225232
115.11 1.622093
115.12 1.6216628
115.13 1.6212326
115.14 1.6207785
115.15 1.6203722
115.16 1.619942
115.17 1.6195118
115.18 1.6190816
115.19 1.6186753
115.2 1.618269
115.21 1.6178388
115.22 1.6174325
115.23 1.6170262
115.24 1.6166199
115.25 1.6162375
115.26 1.6158312
115.27 1.6154249
115.28 1.6150425
115.29 1.6146601
115.3 1.6142538
115.31 1.6138714
115.32 1.613489
115.33 1.6131066
115.34 1.6127481
115.35 1.6123657
115.36 1.6119833
115.37 1.6116248
115.38 1.6112663
115.39 1.6108839
115.4 1.6105254
115.41 1.6101669
115.42 1.6098084
115.43 1.6094738
115.44 1.6091153
115.45 1.6087568
115.46 1.6084222
115.47 1.6080876
115.48 1.6077291
115.49 1.6073945
115.5 1.6070599
115.51 1.6067492
115.52 1.6064146
115.53 1.60608
115.54 1.6057693
115.55 1.6054347
115.56 1.605124
115.57 1.6048133
115.58 1.6045026
115.59 1.6041919
115.6 1.6038812
115.61 1.6035705
115.62 1.6032598
115.63 1.602973
115.64 1.6026623
115.65 1.6023755
115.66 1.6020887
115.67 1.6018019
115.68 1.6015151
115.69 1.6012283
115.7 1.6009415
115.71 1.6006547
115.72 1.6003918
115.73 1.600105
115.74 1.5998421
115.75 1.5995792
115.76 1.5993163
115.77 1.5990534
115.78 1.5987905
115.79 1.5985276
115.8 1.5982886
115.81 1.5980257
115.82 1.5977867
115.83 1.5975238
115.84 1.5972848
115.85 1.5970458
115.86 1.5968068
115.87 1.5965678
115.88 1.5963288
115.89 1.5961137
115.9 1.5958747
115.91 1.5956357
115.92 1.5954206
115.93 1.5952055
115.94 1.5949904
115.95 1.5947753
115.96 1.5945602
115.97 1.5943451
115.98 1.59413
115.99 1.5939388
116.0 1.5937237
116.01 1.5935325
116.02 1.5933413
116.03 1.5931501
116.04 1.5929589
116.05 1.5927677
116.06 1.5925765
116.07 1.5923853
116.08 1.592218
116.09 1.5920268
116.1 1.5918595
116.11 1.5916683
116.12 1.591501
116.13 1.5913337
116.14 1.5911664
116.15 1.5909991
116.16 1.5908557
116.17 1.5906884
116.18 1.5905211
116.19 1.5903777
116.2 1.5902343
116.21 1.5900909
116.22 1.5899475
116.23 1.5898041
116.24 1.5896607
116.25 1.5895173
116.26 1.5893739
116.27 1.5892544
116.28 1.589111
116.29 1.5889915
116.3 1.588872
116.31 1.5887525
116.32 1.588633
116.33 1.5885135
116.34 1.588394
116.35 1.5882745
116.36 1.5881789
116.37 1.5880594
116.38 1.5879638
116.39 1.5878682
116.4 1.5877487
116.41 1.5876531
116.42 1.5875575
116.43 1.5874858
116.44 1.5873902
116.45 1.5872946
116.46 1.5872229
116.47 1.5871273
116.48 1.5870556
116.49 1.5869839
116.5 1.5869122
116.51 1.5868405
116.52 1.5867688
116.53 1.5866971
116.54 1.5866254
116.55 1.5865776
116.56 1.5865059
116.57 1.5864581
116.58 1.5864103
116.59 1.5863625
116.6 1.5863147
116.61 1.5862669
116.62 1.5862191
116.63 1.5861713
116.64 1.5861474
116.65 1.5860996
116.66 1.5860757
116.67 1.5860279
116.68 1.586004
116.69 1.5859801
116.7 1.5859562
116.71 1.5859323
116.72 1.5859323
116.73 1.5859084
116.74 1.5858845
116.75 1.5858845
116.76 1.5858845
116.77 1.5858606
116.78 1.5858606
116.79 1.5858606
116.8 1.5858606
116.81 1.5858606
116.82 1.5858845
116.83 1.5858845
116.84 1.5859084
116.85 1.5859084
116.86 1.5859323
116.87 1.5859562
116.88 1.5859801
116.89 1.586004
116.9 1.5860279
116.91 1.5860518
116.92 1.5860757
116.93 1.5861235
116.94 1.5861474
116.95 1.5861952
116.96 1.586243
116.97 1.5862669
116.98 1.5863147
116.99 1.5863625
117.0 1.5864342
117.01 1.586482
117.02 1.5865298
117.03 1.5866015
117.04 1.5866493
117.05 1.586721
117.06 1.5867927
117.07 1.5868644
117.08 1.5869361
117.09 1.5870078
117.1 1.5870795
117.11 1.5871512
117.12 1.5872229
117.13 1.5873185
117.14 1.5874141
117.15 1.5874858
117.16 1.5875814
117.17 1.587677
117.18 1.5877726
117.19 1.5878682
117.2 1.5879638
117.21 1.5880833
117.22 1.5881789
117.23 1.5882984
117.24 1.588394
117.25 1.5885135
117.26 1.588633
117.27 1.5887525
117.28 1.588872
117.29 1.5889915
117.3 1.589111
117.31 1.5892305
117.32 1.5893739
117.33 1.5894934
117.34 1.5896368
117.35 1.5897802
117.36 1.5899236
117.37 1.590067
117.38 1.5902104
117.39 1.5903538
117.4 1.5904972
117.41 1.5906406
117.42 1.5908079
117.43 1.5909513
117.44 1.5911186
117.45 1.5912859
117.46 1.5914532
117.47 1.5916205
117.48 1.5917878
117.49 1.5919551
117.5 1.5921224
117.51 1.5922897
117.52 1.5924809
117.53 1.5926482
117.54 1.5928394
117.55 1.5930306
117.56 1.5932218
117.57 1.593413
117.58 1.5936042
117.59 1.5937954
117.6 1.5939866
117.61 1.5941778
117.62 1.5943929
117.63 1.5945841
117.64 1.5947992
117.65 1.5950143
117.66 1.5952294
117.67 1.5954445
117.68 1.5956596
117.69 1.5958747
117.7 1.5960898
117.71 1.5963288
117.72 1.5965439
117.73 1.5967829
117.74 1.596998
117.75 1.597237
117.76 1.597476
117.77 1.597715
117.78 1.597954
117.79 1.598193
117.8 1.598432
117.81 1.5986949
117.82 1.5989339
117.83 1.5991968
117.84 1.5994358
117.85 1.5996987
117.86 1.5999616
117.87 1.6002245
117.88 1.6004874
117.89 1.6007503
117.9 1.6010132
117.91 1.6013
117.92 1.6015629
117.93 1.6018497
117.94 1.6021126
117.95 1.6023994
117.96 1.6026862
117.97 1.602973
117.98 1.6032598
117.99 1.6035466
118.0 1.6038334
118.01 1.6041202
118.02 1.6044309
118.03 1.6047177
118.04 1.6050284
118.05 1.6053391
118.06 1.6056259
118.07 1.6059366
118.08 1.6062473
118.09 1.606558
118.1 1.6068926
118.11 1.6072033
118.12 1.607514
118.13 1.6078486
118.14 1.6081593
118.15 1.6084939
118.16 1.6088285
118.17 1.6091631
118.18 1.6094977
118.19 1.6098323
118.2 1.6101669
118.21 1.6105015
118.22 1.61086
118.23 1.6111946
118.24 1.6115531
118.25 1.6118877
118.26 1.6122462
118.27 1.6126047
118.28 1.6129632
118.29 1.6133217
118.3 1.6136802
118.31 1.6140387
118.32 1.6144211
118.33 1.6147796
118.34 1.615162
118.35 1.6155205
118.36 1.6159029
118.37 1.6162853
118.38 1.6166677
118.39 1.6170501
118.4 1.6174325
118.41 1.6178149
118.42 1.6181973
118.43 1.6185797
118.44 1.618986
118.45 1.6193923
118.46 1.6197747
118.47 1.620181
118.48 1.6205873
118.49 1.6209936
118.5 1.6213999
118.51 1.6218062
118.52 1.6222125
118.53 1.6226427
118.54 1.623049
118.55 1.6234553
118.56 1.6238855
118.57 1.6243157
118.58 1.6247459
118.59 1.6251761
118.6 1.6256063
118.61 1.6260365
118.62 1.6264667
118.63 1.6268969
118.64 1.6273271
118.65 1.6277812
118.66 1.6282353
118.67 1.6286655
118.68 1.6291196
118.69 1.6295737
118.7 1.6300278
118.71 1.6304819
118.72 1.630936
118.73 1.6313901
118.74 1.6318442
118.75 1.6323222
118.76 1.6327763
118.77 1.6332543
118.78 1.6337323
118.79 1.6341864
118.8 1.6346644
118.81 1.6351424
118.82 1.6356204
118.83 1.6360984
118.84 1.6366003
118.85 1.6370783
118.86 1.6375563
118.87 1.6380582
118.88 1.6385601
118.89 1.6390381
118.9 1.63954
118.91 1.6400419
118.92 1.6405438
118.93 1.6410457
118.94 1.6415476
118.95 1.6420734
118.96 1.6425753
118.97 1.6430772
118.98 1.643603
118.99 1.6441288
119.0 1.6446307
119.01 1.6451565
119.02 1.6456823
119.03 1.6462081
119.04 1.6467339
119.05 1.6472597
119.06 1.6478094
119.07 1.6483352
119.08 1.6488849
119.09 1.6494107
119.1 1.6499604
119.11 1.6505101
119.12 1.6510359
119.13 1.6515856
119.14 1.6521353
119.15 1.652685
119.16 1.6532586
119.17 1.6538083
119.18 1.654358
119.19 1.6549316
119.2 1.6554813
119.21 1.6560549
119.22 1.6566285
119.23 1.6572021
119.24 1.6577757
119.25 1.6583493
119.26 1.6589229
119.27 1.6594965
119.28 1.6600701
119.29 1.6606676
119.3 1.6612412
119.31 1.6618387
119.32 1.6624362
119.33 1.6630098
119.34 1.6636073
119.35 1.6642048
119.36 1.6648023
119.37 1.6654237
119.38 1.6660212
119.39 1.6666187
119.4 1.6672401
119.41 1.6678376
119.42 1.668459
119.43 1.6690565
119.44 1.6696779
119.45 1.6702993
119.46 1.6709207
119.47 1.6715421
119.48 1.6721635
119.49 1.6728088
119.5 1.6734302
119.51 1.6740516
119.52 1.6746969
119.53 1.6753422
119.54 1.6759636
119.55 1.6766089
119.56 1.6772542
119.57 1.6778995
119.58 1.6785448
119.59 1.6791901
119.6 1.6798593
119.61 1.6805046
119.62 1.6811738
119.63 1.6818191
119.64 1.6824883
119.65 1.6831575
119.66 1.6838028
119.67 1.684472
119.68 1.6851412
119.69 1.6858104
119.7 1.6865035
119.71 1.6871727
119.72 1.6878419
119.73 1.688535
119.74 1.6892042
119.75 1.6898973
119.76 1.6905904
119.77 1.6912835
119.78 1.6919766
119.79 1.6926697
119.8 1.6933628
119.81 1.6940559
119.82 1.694749
119.83 1.695466
119.84 1.6961591
119.85 1.6968761
119.86 1.6975931
119.87 1.6982862
119.88 1.6990032
119.89 1.6997202
119.9 1.7004372
119.91 1.7011542
119.92 1.7018951
119.93 1.7026121
119.94 1.7033291
119.95 1.70407
119.96 1.7048109
119.97 1.7055279
119.98 1.7062688
119.99 1.7070097
120.0 1.7077506
120.01 1.7084915
120.02 1.7092324
120.03 1.7099733
120.04 1.7107381
120.05 1.711479
120.06 1.7122438
120.07 1.7129847
120.08 1.7137495
120.09 1.7145143
120.1 1.7152791
120.11 1.7160439
120.12 1.7168087
120.13 1.7175735
120.14 1.7183383
120.15 1.719127
120.16 1.7198918
120.17 1.7206805
120.18 1.7214692
120.19 1.722234
120.2 1.7230227
120.21 1.7238114
120.22 1.7246001
120.23 1.7253888
120.24 1.7261775
120.25 1.7269901
120.26 1.7277788
120.27 1.7285914
120.28 1.7293801
120.29 1.7301927
120.3 1.7310053
120.31 1.731794
120.32 1.7326066
120.33 1.7334192
120.34 1.7342557
120.35 1.7350683
120.36 1.7358809
120.37 1.7366935
120.38 1.73753
120.39 1.7383665
120.4 1.7391791
120.41 1.7400156
120.42 1.7408521
120.43 1.7416886
120.44 1.7425251
120.45 1.7433616
120.46 1.7441981
120.47 1.7450585
120.48 1.745895
120.49 1.7467554
120.5 1.7475919
120.51 1.7484523
120.52 1.7493127
120.53 1.7501731
120.54 1.7510335
120.55 1.7518939
120.56 1.7527543
120.57 1.7536147
120.58 1.754499
120.59 1.7553594
120.6 1.7562437
120.61 1.7571041
120.62 1.7579884
120.63 1.7588727
120.64 1.759757
120.65 1.7606413
120.66 1.7615256
120.67 1.7624099
120.68 1.7632942
120.69 1.7642024
120.7 1.7650867
120.71 1.7659949
120.72 1.7668792
120.73 1.7677874
120.74 1.7686956
120.75 1.7696038
120.76 1.770512
120.77 1.7714202
120.78 1.7723284
120.79 1.7732366
120.8 1.7741687
120.81 1.7750769
120.82 1.776009
120.83 1.7769411
120.84 1.7778493
120.85 1.7787814
120.86 1.7797135
120.87 1.7806456
120.88 1.7815777
120.89 1.7825337
120.9 1.7834658
120.91 1.7843979
120.92 1.7853539
120.93 1.786286
120.94 1.787242
120.95 1.788198
120.96 1.789154
120.97 1.79011
120.98 1.791066
120.99 1.792022
121.0 1.792978
121.01 1.7939579
121.02 1.7949139
121.03 1.7958938
121.04 1.7968498
121.05 1.7978297
121.06 1.7988096
121.07 1.7997895
121.08 1.8007694
121.09 1.8017493
121.1 1.8027292
121.11 1.8037091
121.12 1.804689
121.13 1.8056928
121.14 1.8066727
121.15 1.8076765
121.16 1.8086803
121.17 1.8096841
121.18 1.8106879
121.19 1.8116917
121.2 1.8126955
121.21 1.8136993
121.22 1.8147031
121.23 1.8157308
121.24 1.8167346
121.25 1.8177623
121.26 1.8187661
121.27 1.8197938
121.28 1.8208215
121.29 1.8218492
121.3 1.8228769
121.31 1.8239046
121.32 1.8249323
121.33 1.82596
121.34 1.8270116
121.35 1.8280393
121.36 1.8290909
121.37 1.8301425
121.38 1.8311702
121.39 1.8322218
121.4 1.8332734
121.41 1.834325
121.42 1.8353766
121.43 1.8364521
121.44 1.8375037
121.45 1.8385553
121.46 1.8396308
121.47 1.8407063
121.48 1.8417579
121.49 1.8428334
121.5 1.8439089
121.51 1.8449844
121.52 1.8460599
121.53 1.8471354
121.54 1.8482109
121.55 1.8493103
121.56 1.8503858
121.57 1.8514852
121.58 1.8525607
121.59 1.8536601
121.6 1.8547595
121.61 1.8558589
121.62 1.8569583
121.63 1.8580577
121.64 1.8591571
121.65 1.8602565
121.66 1.8613798
121.67 1.8624792
121.68 1.8636025
121.69 1.8647019
121.7 1.8658252
121.71 1.8669485
121.72 1.8680718
121.73 1.8691951
121.74 1.8703184
121.75 1.8714417
121.76 1.8725889
121.77 1.8737122
121.78 1.8748594
121.79 1.8759827
121.8 1.8771299
121.81 1.8782771
121.82 1.8794004
121.83 1.8805476
121.84 1.8816948
121.85 1.8828659
121.86 1.8840131
121.87 1.8851603
121.88 1.8863075
121.89 1.8874786
121.9 1.8886497
121.91 1.8897969
121.92 1.890968
121.93 1.8921391
121.94 1.8933102
121.95 1.8944813
121.96 1.8956524
121.97 1.8968235
121.98 1.8980185
121.99 1.8991896
122.0 1.9003846
122.01 1.9015557
122.02 1.9027507
122.03 1.9039457
122.04 1.9051407
122.05 1.9063357
122.06 1.9075307
122.07 1.9087257
122.08 1.9099207
122.09 1.9111396
122.1 1.9123346
122.11 1.9135535
122.12 1.9147485
122.13 1.9159674
122.14 1.9171863
122.15 1.9184052
122.16 1.9196241
122.17 1.920843
122.18 1.9220619
122.19 1.9233047
122.2 1.9245236
122.21 1.9257664
122.22 1.9269853
122.23 1.9282281
122.24 1.9294709
122.25 1.9307137
122.26 1.9319565
122.27 1.9331993
122.28 1.9344421
122.29 1.9356849
122.3 1.9369516
122.31 1.9381944
122.32 1.9394611
122.33 1.9407278
122.34 1.9419706
122.35 1.9432373
122.36 1.944504
122.37 1.9457707
122.38 1.9470613
122.39 1.948328
122.4 1.9496186
122.41 1.9508853
122.42 1.9521759
122.43 1.9534426
122.44 1.9547332
122.45 1.9560238
122.46 1.9573144
122.47 1.9586289
122.48 1.9599195
122.49 1.9612101
122.5 1.9625246
122.51 1.9638152
122.52 1.9651297
122.53 1.9664442
122.54 1.9677587
122.55 1.9690732
122.56 1.9703877
122.57 1.9717022
122.58 1.9730406
122.59 1.9743551
122.6 1.9756935
122.61 1.977008
122.62 1.9783464
122.63 1.9796848
122.64 1.9810232
122.65 1.9823616
122.66 1.9837
122.67 1.9850623
122.68 1.9864007
122.69 1.987763
122.7 1.9891253
122.71 1.9904637
122.72 1.991826
122.73 1.9931883
122.74 1.9945506
122.75 1.9959368
122.76 1.9972991
122.77 1.9986853
122.78 2.0000476
122.79 2.0014338
122.8 2.00282
122.81 2.0042062
122.82 2.0055924
122.83 2.0069786
122.84 2.0083648
122.85 2.0097749
122.86 2.0111611
122.87 2.0125712
122.88 2.0139813
122.89 2.0153914
122.9 2.0168015
122.91 2.0182116
122.92 2.0196217
122.93 2.0210318
122.94 2.0224658
122.95 2.0238759
122.96 2.0253099
122.97 2.0267439
122.98 2.0281779
122.99 2.0296119
123.0 2.0310459
123.01 2.0325038
123.02 2.0339378
123.03 2.0353957
123.04 2.0368297
123.05 2.0382876
123.06 2.0397455
123.07 2.0412034
123.08 2.0426852
123.09 2.0441431
123.1 2.045601
123.11 2.0470828
123.12 2.0485646
123.13 2.0500464
123.14 2.0515043
123.15 2.05301
123.16 2.0544918
123.17 2.0559736
123.18 2.0574793
123.19 2.0589611
123.2 2.0604668
123.21 2.0619725
123.22 2.0634782
123.23 2.0649839
123.24 2.0664896
123.25 2.0679953
123.26 2.0695249
123.27 2.0710545
123.28 2.0725602
123.29 2.0740898
123.3 2.0756194
123.31 2.077149
123.32 2.0787025
123.33 2.0802321
123.34 2.0817856
123.35 2.0833152
123.36 2.0848687
123.37 2.0864222
123.38 2.0879757
123.39 2.0895292
123.4 2.0911066
123.41 2.0926601
123.42 2.0942375
123.43 2.0958149
123.44 2.0973923
123.45 2.0989697
123.46 2.1005471
123.47 2.1021245
123.48 2.1037019
123.49 2.1053032
123.5 2.1069045
123.51 2.1085058
123.52 2.1101071
123.53 2.1117084
123.54 2.1133097
123.55 2.114911
123.56 2.1165362
123.57 2.1181614
123.58 2.1197627
123.59 2.1213879
123.6 2.1230131
123.61 2.1246622
123.62 2.1262874
123.63 2.1279365
123.64 2.1295617
123.65 2.1312108
123.66 2.1328599
123.67 2.134509
123.68 2.1361581
123.69 2.1378311
123.7 2.1394802
123.71 2.1411532
123.72 2.1428262
123.73 2.1444992
123.74 2.1461722
123.75 2.1478452
123.76 2.1495182
123.77 2.1512151
123.78 2.152912
123.79 2.154585
123.8 2.1562819
123.81 2.1579788
123.82 2.1596996
123.83 2.1613965
123.84 2.1631173
123.85 2.1648142
123.86 2.166535
123.87 2.1682558
123.88 2.1699766
123.89 2.1717213
123.9 2.1734421
123.91 2.1751868
123.92 2.1769315
123.93 2.1786523
123.94 2.180397
123.95 2.1821656
123.96 2.1839103
123.97 2.1856789
123.98 2.1874236
123.99 2.1891922
124.0 2.1909608
124.01 2.1927294
124.02 2.194498
124.03 2.1962905
124.04 2.1980591
124.05 2.1998516
124.06 2.2016441
124.07 2.2034366
124.08 2.2052291
124.09 2.2070216
124.1 2.208838
124.11 2.2106544
124.12 2.2124469
124.13 2.2142633
124.14 2.2161036
124.15 2.21792
124.16 2.2197364
124.17 2.2215767
124.18 2.223417
124.19 2.2252334
124.2 2.2270976
124.21 2.2289379
124.22 2.2307782
124.23 2.2326424
124.24 2.2344827
124.25 2.2363469
124.26 2.2382111
124.27 2.2400992
124.28 2.2419634
124.29 2.2438276
124.3 2.2457157
124.31 2.2476038
124.32 2.2494919
124.33 2.25138
124.34 2.2532681
124.35 2.2551801
124.36 2.2570921
124.37 2.2589802
124.38 2.2608922
124.39 2.2628042
124.4 2.2647401
124.41 2.2666521
124.42 2.268588
124.43 2.2705239
124.44 2.2724598
124.45 2.2743957
124.46 2.2763316
124.47 2.2782914
124.48 2.2802273
124.49 2.2821871
124.5 2.2841469
124.51 2.2861067
124.52 2.2880665
124.53 2.2900502
124.54 2.29201
124.55 2.2939937
124.56 2.2959774
124.57 2.2979611
124.58 2.2999687
124.59 2.3019524
124.6 2.30396
124.61 2.3059676
124.62 2.3079752
124.63 2.3099828
124.64 2.3119904
124.65 2.3140219
124.66 2.3160295
124.67 2.318061
124.68 2.3200925
124.69 2.3221479
124.7 2.3241794
124.71 2.3262348
124.72 2.3282663
124.73 2.3303217
124.74 2.3323771
124.75 2.3344564
124.76 2.3365118
124.77 2.3385911
124.78 2.3406465
124.79 2.3427258
124.8 2.3448051
124.81 2.3469083
124.82 2.3489876
124.83 2.3510908
124.84 2.353194
124.85 2.3552972
124.86 2.3574004
124.87 2.3595036
124.88 2.3616307
124.89 2.3637578
124.9 2.3658849
124.91 2.368012
124.92 2.3701391
124.93 2.3722662
124.94 2.3744172
124.95 2.3765682
124.96 2.3787192
124.97 2.3808702
124.98 2.3830451
124.99 2.3851961
125.0 2.387371
125.01 2.3895459
125.02 2.3917208
125.03 2.3938957
125.04 2.3960945
125.05 2.3982694
125.06 2.4004682
125.07 2.402667
125.08 2.4048658
125.09 2.4070885
125.1 2.4092873
125.11 2.41151
125.12 2.4137327
125.13 2.4159554
125.14 2.418202
125.15 2.4204247
125.16 2.4226713
125.17 2.4249179
125.18 2.4271645
125.19 2.4294111
125.2 2.4316577
125.21 2.4339282
125.22 2.4361987
125.23 2.4384692
125.24 2.4407397
125.25 2.4430102
125.26 2.4453046
125.27 2.4475751
125.28 2.4498695
125.29 2.4521639
125.3 2.4544583
125.31 2.4567766
125.32 2.459071
125.33 2.4613893
125.34 2.4637076
125.35 2.4660259
125.36 2.4683442
125.37 2.4706625
125.38 2.4730047
125.39 2.4753469
125.4 2.4776891
125.41 2.4800313
125.42 2.4823735
125.43 2.4847157
125.44 2.4870818
125.45 2.4894479
125.46 2.491814
125.47 2.4941801
125.48 2.4965462
125.49 2.4989123
125.5 2.5013023
125.51 2.5036923
125.52 2.5060823
125.53 2.5084723
125.54 2.5108623
125.55 2.5132762
125.56 2.5156662
125.57 2.5180801
125.58 2.520494
125.59 2.5229079
125.6 2.5253218
125.61 2.5277357
125.62 2.5301735
125.63 2.5326113
125.64 2.5350252
125.65 2.537463
125.66 2.5399247
125.67 2.5423625
125.68 2.5448003
125.69 2.547262
125.7 2.5497237
125.71 2.5521854
125.72 2.5546471
125.73 2.5571088
125.74 2.5595944
125.75 2.5620561
125.76 2.5645417
125.77 2.5670273
125.78 2.5695129
125.79 2.5719985
125.8 2.5744841
125.81 2.5769936
125.82 2.5794792
125.83 2.5819887
125.84 2.5844982
125.85 2.5870077
125.86 2.5895172
125.87 2.5920506
125.88 2.5945601
125.89 2.5970935
125.9 2.5996269
125.91 2.6021603
125.92 2.6046937
125.93 2.6072271
125.94 2.6097605
125.95 2.6123178
125.96 2.6148751
125.97 2.6174085
125.98 2.6199658
125.99 2.6225231
126.0 2.6251043
126.01 2.6276616
126.02 2.6302189
126.03 2.6328001
126.04 2.6353813
126.05 2.6379625
126.06 2.6405437
126.07 2.6431249
126.08 2.6457061
126.09 2.6483112
126.1 2.6508924
126.11 2.6534975
126.12 2.6561026
126.13 2.6587077
126.14 2.6613128
126.15 2.6639179
126.16 2.6665469
126.17 2.669152
126.18 2.671781
126.19 2.67441
126.2 2.677039
126.21 2.679668
126.22 2.682297
126.23 2.684926
126.24 2.6875789
126.25 2.6902079
126.26 2.6928608
126.27 2.6955137
126.28 2.6981666
126.29 2.7008195
126.3 2.7034724
126.31 2.7061253
126.32 2.7088021
126.33 2.711455
126.34 2.7141318
126.35 2.7168086
126.36 2.7194854
126.37 2.7221622
126.38 2.724839
126.39 2.7275158
126.4 2.7302165
126.41 2.7328933
126.42 2.735594
126.43 2.7382947
126.44 2.7409954
126.45 2.7436961
126.46 2.7463968
126.47 2.7490975
126.48 2.7518221
126.49 2.7545228
126.5 2.7572474
126.51 2.7599481
126.52 2.7626727
126.53 2.7653973
126.54 2.7681219
126.55 2.7708465
126.56 2.773595
126.57 2.7763196
126.58 2.7790442
126.59 2.7817927
126.6 2.7845412
126.61 2.7872897
126.62 2.7900382
126.63 2.7927867
126.64 2.7955352
126.65 2.7982837
126.66 2.8010322
126.67 2.8038046
126.68 2.806577
126.69 2.8093255
126.7 2.8120979
126.71 2.8148703
126.72 2.8176427
126.73 2.8204151
126.74 2.8231875
126.75 2.8259838
126.76 2.8287562
126.77 2.8315525
126.78 2.8343249
126.79 2.8371212
126.8 2.8399175
126.81 2.8427138
126.82 2.8455101
126.83 2.8483064
126.84 2.8511027
126.85 2.853899
126.86 2.8567192
126.87 2.8595155
126.88 2.8623357
126.89 2.8651559
126.9 2.8679522
126.91 2.8707724
126.92 2.8735926
126.93 2.8764128
126.94 2.879233
126.95 2.8820771
126.96 2.8848973
126.97 2.8877414
126.98 2.8905616
126.99 2.8934057
127.0 2.8962259
127.01 2.89907
127.02 2.9019141
127.03 2.9047582
127.04 2.9076023
127.05 2.9104464
127.06 2.9133144
127.07 2.9161585
127.08 2.9190026
127.09 2.9218706
127.1 2.9247386
127.11 2.9275827
127.12 2.9304507
127.13 2.9333187
127.14 2.9361867
127.15 2.9390547
127.16 2.9419227
127.17 2.9447907
127.18 2.9476587
127.19 2.9505506
127.2 2.9534186
127.21 2.9563105
127.22 2.9591785
127.23 2.9620704
127.24 2.9649623
127.25 2.9678303
127.26 2.9707222
127.27 2.9736141
127.28 2.976506
127.29 2.9793979
127.3 2.9823137
127.31 2.9852056
127.32 2.9880975
127.33 2.9910133
127.34 2.9939052
127.35 2.996821
127.36 2.9997129
127.37 3.0026287
127.38 3.0055445
127.39 3.0084603
127.4 3.0113761
127.41 3.0142919
127.42 3.0172077
127.43 3.0201235
127.44 3.0230393
127.45 3.0259551
127.46 3.0288709
127.47 3.0318106
127.48 3.0347264
127.49 3.0376661
127.5 3.0405819
127.51 3.0435216
127.52 3.0464613
127.53 3.049401
127.54 3.0523168
127.55 3.0552565
127.56 3.0581962
127.57 3.0611359
127.58 3.0640756
127.59 3.0670392
127.6 3.0699789
127.61 3.0729186
127.62 3.0758583
127.63 3.0788219
127.64 3.0817616
127.65 3.0847252
127.66 3.0876649
127.67 3.0906285
127.68 3.0935921
127.69 3.0965318
127.7 3.0994954
127.71 3.102459
127.72 3.1054226
127.73 3.1083862
127.74 3.1113498
127.75 3.1143134
127.76 3.117277
127.77 3.1202406
127.78 3.1232042
127.79 3.1261917
127.8 3.1291553
127.81 3.1321189
127.82 3.1351064
127.83 3.13807
127.84 3.1410575
127.85 3.1440211
127.86 3.1470086
127.87 3.1499722
127.88 3.1529597
127.89 3.1559472
127.9 3.1589347
127.91 3.1618983
127.92 3.1648858
127.93 3.1678733
127.94 3.1708608
127.95 3.1738483
127.96 3.1768358
127.97 3.1798233
127.98 3.1828108
127.99 3.1858222
128.0 3.1888097
128.01 3.1917972
128.02 3.1947847
128.03 3.1977961
128.04 3.2007836
128.05 3.2037711
128.06 3.2067825
128.07 3.20977
128.08 3.2127814
128.09 3.2157689
128.1 3.2187803
128.11 3.2217678
128.12 3.2247792
128.13 3.2277906
128.14 3.2307781
128.15 3.2337895
128.16 3.2368009
128.17 3.2398123
128.18 3.2428237
128.19 3.2458351
128.2 3.2488226
128.21 3.251834
128.22 3.2548454
128.23 3.2578807
128.24 3.2608921
128.25 3.2639035
128.26 3.2669149
128.27 3.2699263
128.28 3.2729616
128.29 3.275973
128.3 3.2790083
128.31 3.2820197
128.32 3.285055
128.33 3.2880664
128.34 3.2911017
128.35 3.294137
128.36 3.2971723
128.37 3.3002076
128.38 3.3032429
128.39 3.3062782
128.4 3.3093135
128.41 3.3123488
128.42 3.3153841
128.43 3.3184433
128.44 3.3214786
128.45 3.3245378
128.46 3.327597
128.47 3.3306323
128.48 3.3336915
128.49 3.3367507
128.5 3.3398099
128.51 3.3428691
128.52 3.3459522
128.53 3.3490114
128.54 3.3520706
128.55 3.3551537
128.56 3.3582368
128.57 3.361296
128.58 3.3643791
128.59 3.3674622
128.6 3.3705453
128.61 3.3736523
128.62 3.3767354
128.63 3.3798424
128.64 3.3829255
128.65 3.3860325
128.66 3.3891395
128.67 3.3922465
128.68 3.3953535
128.69 3.3984605
128.7 3.4015675
128.71 3.4046984
128.72 3.4078054
128.73 3.4109363
128.74 3.4140672
128.75 3.4171981
128.76 3.420329
128.77 3.4234838
128.78 3.4266147
128.79 3.4297695
128.8 3.4329243
128.81 3.4360791
128.82 3.4392339
128.83 3.4423887
128.84 3.4455435
128.85 3.4487222
128.86 3.4519009
128.87 3.4550557
128.88 3.4582583
128.89 3.461437
128.9 3.4646157
128.91 3.4678183
128.92 3.470997
128.93 3.4741996
128.94 3.4774022
128.95 3.4806287
128.96 3.4838313
128.97 3.4870578
128.98 3.4902843
128.99 3.4935108
129.0 3.4967373
129.01 3.4999638
129.02 3.5032142
129.03 3.5064407
129.04 3.5096911
129.05 3.5129654
129.06 3.5162158
129.07 3.5194662
129.08 3.5227405
129.09 3.5260148
129.1 3.5292891
129.11 3.5325873
129.12 3.5358616
129.13 3.5391598
129.14 3.542458
129.15 3.5457562
129.16 3.5490783
129.17 3.5523765
129.18 3.5556986
129.19 3.5590207
129.2 3.5623428
129.21 3.5656888
129.22 3.5690348
129.23 3.5723808
129.24 3.5757268
129.25 3.5790728
129.26 3.5824427
129.27 3.5858126
129.28 3.5891825
129.29 3.5925763
129.3 3.5959462
129.31 3.59934
129.32 3.6027338
129.33 3.6061515
129.34 3.6095453
129.35 3.612963
129.36 3.6163807
129.37 3.6197984
129.38 3.62324
129.39 3.6266816
129.4 3.6301232
129.41 3.6335887
129.42 3.6370303
129.43 3.6404958
129.44 3.6439613
129.45 3.6474507
129.46 3.6509401
129.47 3.6544295
129.48 3.6579189
129.49 3.6614083
129.5 3.6649216
129.51 3.6684349
129.52 3.6719721
129.53 3.6754854
129.54 3.6790226
129.55 3.6825837
129.56 3.6861209
129.57 3.689682
129.58 3.6932431
129.59 3.6968042
129.6 3.7003892
129.61 3.7039742
129.62 3.7075592
129.63 3.7111681
129.64 3.714777
129.65 3.7183859
129.66 3.7220187
129.67 3.7256276
129.68 3.7292843
129.69 3.7329171
129.7 3.7365738
129.71 3.7402305
129.72 3.7438872
129.73 3.7475678
129.74 3.7512484
129.75 3.754929
129.76 3.7586335
129.77 3.762338
129.78 3.7660425
129.79 3.7697709
129.8 3.7734993
129.81 3.7772277
129.82 3.78098
129.83 3.7847323
129.84 3.7884846
129.85 3.7922608
129.86 3.796037
129.87 3.7998132
129.88 3.8036133
129.89 3.8074134
129.9 3.8112135
129.91 3.8150375
129.92 3.8188615
129.93 3.8227094
129.94 3.8265573
129.95 3.8304052
129.96 3.8342531
129.97 3.8381249
129.98 3.8419967
129.99 3.8458924
130.0 3.8497881
130.01 3.8536838
130.02 3.8576034
130.03 3.861523
130.04 3.8654665
130.05 3.86941
130.06 3.8733535
130.07 3.877297
130.08 3.8812644
130.09 3.8852557
130.1 3.889247
130.11 3.8932383
130.12 3.8972296
130.13 3.9012448
130.14 3.9052839
130.15 3.9092991
130.16 3.9133382
130.17 3.9174012
130.18 3.9214642
130.19 3.9255272
130.2 3.9296141
130.21 3.933701
130.22 3.9377879
130.23 3.9418987
130.24 3.9460334
130.25 3.9501681
130.26 3.9543028
130.27 3.9584375
130.28 3.9625961
130.29 3.9667786
130.3 3.9709611
130.31 3.9751436
130.32 3.97935
130.33 3.9835564
130.34 3.9877628
130.35 3.9919931
130.36 3.9962473
130.37 4.0005015
130.38 4.0047557
130.39 4.0090338
130.4 4.0133119
130.41 4.01759
130.42 4.021892
130.43 4.0262179
130.44 4.0305438
130.45 4.0348697
130.46 4.0392195
130.47 4.0435693
130.48 4.047943
130.49 4.0523167
130.5 4.0567143
130.51 4.0611119
130.52 4.0655334
130.53 4.0699549
130.54 4.0743764
130.55 4.0788218
130.56 4.0832911
130.57 4.0877604
130.58 4.0922297
130.59 4.0967229
130.6 4.1012161
130.61 4.1057332
130.62 4.1102503
130.63 4.1147913
130.64 4.1193562
130.65 4.1238972
130.66 4.128486
130.67 4.1330509
130.68 4.1376397
130.69 4.1422524
130.7 4.1468651
130.71 4.1515017
130.72 4.1561383
130.73 4.1607988
130.74 4.1654593
130.75 4.1701437
130.76 4.1748281
130.77 4.1795364
130.78 4.1842447
130.79 4.1889769
130.8 4.1937091
130.81 4.1984652
130.82 4.2032213
130.83 4.2080013
130.84 4.2127813
130.85 4.2175852
130.86 4.2223891
130.87 4.2272169
130.88 4.2320686
130.89 4.2368964
130.9 4.241772
130.91 4.2466476
130.92 4.2515232
130.93 4.2564466
130.94 4.2613461
130.95 4.2662695
130.96 4.2712168
130.97 4.2761641
130.98 4.2811353
130.99 4.2861065
131.0 4.2911016
131.01 4.2960967
131.02 4.3011157
131.03 4.3061586
131.04 4.3112015
131.05 4.3162683
131.06 4.3213351
131.07 4.3264258
131.08 4.3315165
131.09 4.3366311
131.1 4.3417457
131.11 4.3468842
131.12 4.3520466
131.13 4.357209
131.14 4.3623953
131.15 4.3675816
131.16 4.3727918
131.17 4.378002
131.18 4.3832361
131.19 4.3884941
131.2 4.3937521
131.21 4.399034
131.22 4.4043159
131.23 4.4096217
131.24 4.4149514
131.25 4.4202811
131.26 4.4256347
131.27 4.4309883
131.28 4.4363658
131.29 4.4417433
131.3 4.4471447
131.31 4.45257
131.32 4.4579953
131.33 4.4634445
131.34 4.4688937
131.35 4.4743668
131.36 4.4798638
131.37 4.4853608
131.38 4.4908817
131.39 4.4964026
131.4 4.5019474
131.41 4.5075161
131.42 4.5130848
131.43 4.5186774
131.44 4.52427
131.45 4.5298865
131.46 4.535503
131.47 4.5411434
131.48 4.5468077
131.49 4.552472
131.5 4.5581602
131.51 4.5638484
131.52 4.5695844
131.53 4.5752965
131.54 4.5810325
131.55 4.5867924
131.56 4.5925762
131.57 4.59836
131.58 4.6041438
131.59 4.6099515
131.6 4.6157831
131.61 4.6216386
131.62 4.6274941
131.63 4.6333496
131.64 4.639229
131.65 4.6451323
131.66 4.6510595
131.67 4.6569867
131.68 4.6629139
131.69 4.668865
131.7 4.67484
131.71 4.6808389
131.72 4.6868378
131.73 4.6928367
131.74 4.6988595
131.75 4.7049062
131.76 4.7109768
131.77 4.7170474
131.78 4.723118
131.79 4.7292125
131.8 4.7353309
131.81 4.7414493
131.82 4.7475916
131.83 4.7537578
131.84 4.759924
131.85 4.7661141
131.86 4.7723281
131.87 4.7785421
131.88 4.7847561
131.89 4.790994
131.9 4.7972558
131.91 4.8035415
131.92 4.8098272
131.93 4.8161129
131.94 4.8224464
131.95 4.8287799
131.96 4.8351134
131.97 4.8414708
131.98 4.8478521
131.99 4.8542334
132.0 4.8606386
132.01 4.8670677
132.02 4.8734968
132.03 4.8799498
132.04 4.8864028
132.05 4.8928797
132.06 4.8993566
132.07 4.9058813
132.08 4.9123821
132.09 4.9189307
132.1 4.9254793
132.11 4.9320279
132.12 4.9386243
132.13 4.9452207
132.14 4.9518171
132.15 4.9584374
132.16 4.9650816
132.17 4.9717258
132.18 4.9783939
132.19 4.9850859
132.2 4.9917779
132.21 4.9984938
132.22 5.0052097
132.23 5.0119495
132.24 5.0187132
132.25 5.0254769
132.26 5.0322645
132.27 5.0390521
132.28 5.0458636
132.29 5.052699
132.3 5.0595344
132.31 5.0663937
132.32 5.0732769
132.33 5.0801601
132.34 5.0870672
132.35 5.0939743
132.36 5.1009053
132.37 5.1078602
132.38 5.1148151
132.39 5.1217939
132.4 5.1287966
132.41 5.1357993
132.42 5.1428259
132.43 5.1498525
132.44 5.156903
132.45 5.1639774
132.46 5.1710518
132.47 5.1781501
132.48 5.1852723
132.49 5.1923945
132.5 5.1995406
132.51 5.2066867
132.52 5.2138567
132.53 5.2210506
132.54 5.2282445
132.55 5.2354623
132.56 5.2426801
132.57 5.2499218
132.58 5.2571874
132.59 5.2644769
132.6 5.2717664
132.61 5.2790559
132.62 5.2863932
132.63 5.2937305
132.64 5.3010678
132.65 5.308429
132.66 5.3158141
132.67 5.3232231
132.68 5.3306321
132.69 5.3380411
132.7 5.3454979
132.71 5.3529547
132.72 5.3604115
132.73 5.3679161
132.74 5.3753968
132.75 5.3829253
132.76 5.3904538
132.77 5.3980062
132.78 5.4055586
132.79 5.4131349
132.8 5.4207351
132.81 5.4283353
132.82 5.4359594
132.83 5.4436074
132.84 5.4512554
132.85 5.4589273
132.86 5.4665992
132.87 5.474295
132.88 5.4820147
132.89 5.4897583
132.9 5.4975019
132.91 5.5052455
132.92 5.5130369
132.93 5.5208283
132.94 5.5286197
132.95 5.536435
132.96 5.5442742
132.97 5.5521373
132.98 5.5600004
132.99 5.5678874
133.0 5.5757744
133.01 5.5836853
133.02 5.5916201
133.03 5.5995549
133.04 5.6075136
133.05 5.6154962
133.06 5.6234788
133.07 5.6314853
133.08 5.6395157
133.09 5.6475461
133.1 5.6556004
133.11 5.6636547
133.12 5.6717329
133.13 5.679835
133.14 5.687961
133.15 5.696087
133.16 5.704213
133.17 5.7123868
133.18 5.7205606
133.19 5.7287344
133.2 5.736956
133.21 5.7451776
133.22 5.7533992
133.23 5.7616447
133.24 5.7699141
133.25 5.7782074
133.26 5.7865007
133.27 5.7948179
133.28 5.8031351
133.29 5.8115001
133.3 5.8198412
133.31 5.8282301
133.32 5.836619
133.33 5.8450318
133.34 5.8534446
133.35 5.8618813
133.36 5.8703419
133.37 5.8788025
133.38 5.887287
133.39 5.8957954
133.4 5.9043038
133.41 5.9128361
133.42 5.9213923
133.43 5.9299485
133.44 5.9385286
133.45 5.9471326
133.46 5.9557366
133.47 5.9643645
133.48 5.9729924
133.49 5.9816681
133.5 5.9903199
133.51 5.9990195
133.52 6.0077191
133.53 6.0164426
133.54 6.02519
133.55 6.0339374
133.56 6.0426848
133.57 6.05148
133.58 6.0602752
133.59 6.0690943
133.6 6.0779134
133.61 6.0867564
133.62 6.0956233
133.63 6.1045141
133.64 6.1134049
133.65 6.1223196
133.66 6.1312343
133.67 6.1401729
133.68 6.1491354
133.69 6.1580979
133.7 6.1670843
133.71 6.1760946
133.72 6.1851049
133.73 6.1941391
133.74 6.2031972
133.75 6.2122792
133.76 6.2213612
133.77 6.2304432
133.78 6.239573
133.79 6.2487028
133.8 6.2578565
133.81 6.2670102
133.82 6.2761878
133.83 6.2853893
133.84 6.2945908
133.85 6.3038162
133.86 6.3130655
133.87 6.3223148
133.88 6.331588
133.89 6.3408851
133.9 6.3501822
133.91 6.3595271
133.92 6.3688481
133.93 6.3782169
133.94 6.3875857
133.95 6.3969784
133.96 6.4063711
133.97 6.4157877
133.98 6.4252282
133.99 6.4346687
134.0 6.4441331
134.01 6.4536214
134.02 6.4631336
134.03 6.4726458
134.04 6.4821819
134.05 6.491718
134.06 6.501278
134.07 6.5108619
134.08 6.5204697
134.09 6.5300775
134.1 6.5397092
134.11 6.5493409
134.12 6.5589965
134.13 6.568676
134.14 6.5783794
134.15 6.5880828
134.16 6.5978101
134.17 6.6075374
134.18 6.6173125
134.19 6.6270876
134.2 6.6368627
134.21 6.6466856
134.22 6.6565085
134.23 6.6663314
134.24 6.6762021
134.25 6.6860728
134.26 6.6959435
134.27 6.705862
134.28 6.7157805
134.29 6.7257229
134.3 6.7356653
134.31 6.7456316
134.32 6.7556218
134.33 6.765612
134.34 6.7756261
134.35 6.7856641
134.36 6.795726
134.37 6.8057879
134.38 6.8158737
134.39 6.8259595
134.4 6.8360692
134.41 6.8462028
134.42 6.8563603
134.43 6.8665178
134.44 6.8766992
134.45 6.8868806
134.46 6.8971098
134.47 6.907339
134.48 6.9175682
134.49 6.9278213
134.5 6.9380983
134.51 6.9483992
134.52 6.9587001
134.53 6.9690249
134.54 6.9793736
134.55 6.9897223
134.56 7.0000949
134.57 7.0104675
134.58 7.0208879
134.59 7.0313083
134.6 7.0417287
134.61 7.052173
134.62 7.0626412
134.63 7.0731333
134.64 7.0836254
134.65 7.0941414
134.66 7.1046813
134.67 7.1152212
134.68 7.125785
134.69 7.1363488
134.7 7.1469365
134.71 7.1575481
134.72 7.1681836
134.73 7.1788191
134.74 7.1894785
134.75 7.2001379
134.76 7.2108451
134.77 7.2215284
134.78 7.2322595
134.79 7.2429906
134.8 7.2537456
134.81 7.2645006
134.82 7.2753034
134.83 7.2860823
134.84 7.296909
134.85 7.3077357
134.86 7.3185863
134.87 7.3294369
134.88 7.3403114
134.89 7.3512098
134.9 7.3621082
134.91 7.3730305
134.92 7.3839767
134.93 7.3949229
134.94 7.405893
134.95 7.416887
134.96 7.427881
134.97 7.4388989
134.98 7.4499407
134.99 7.4609825
135.0 7.4720482
135.01 7.4831139
135.02 7.4942035
135.03 7.505317
135.04 7.5164544
135.05 7.5275918
135.06 7.5387531
135.07 7.5499144
135.08 7.5610996
135.09 7.5723087
135.1 7.5835178
135.11 7.5947508
135.12 7.6060077
135.13 7.6172646
135.14 7.6285454
135.15 7.6398501
135.16 7.6511548
135.17 7.6624834
135.18 7.673812
135.19 7.6851645
135.2 7.6965409
135.21 7.7079412
135.22 7.7193415
135.23 7.7307418
135.24 7.7421899
135.25 7.753638
135.26 7.7650861
135.27 7.776582
135.28 7.788054
135.29 7.7995738
135.3 7.8110936
135.31 7.8226373
135.32 7.834181
135.33 7.8457725
135.34 7.8573401
135.35 7.8689555
135.36 7.8805709
135.37 7.8921863
135.38 7.9038256
135.39 7.9154888
135.4 7.9271759
135.41 7.938863
135.42 7.950574
135.43 7.962285
135.44 7.9740199
135.45 7.9857787
135.46 7.9975375
135.47 8.0093202
135.48 8.0211268
135.49 8.0329334
135.5 8.0447639
135.51 8.0565944
135.52 8.0684488
135.53 8.0803271
135.54 8.0922293
135.55 8.1041076
135.56 8.1160337
135.57 8.1279598
135.58 8.1399098
135.59 8.1518837
135.6 8.1638576
135.61 8.1758315
135.62 8.1878532
135.63 8.1998749
135.64 8.2118966
135.65 8.2239661
135.66 8.2360117
135.67 8.2481051
135.68 8.2601985
135.69 8.2723158
135.7 8.2844331
135.71 8.2965743
135.72 8.3087394
135.73 8.3209045
135.74 8.3330935
135.75 8.3452825
135.76 8.3574954
135.77 8.3697322
135.78 8.381969
135.79 8.3942297
135.8 8.4064904
135.81 8.418775
135.82 8.4310835
135.83 8.4434159
135.84 8.4557483
135.85 8.4680807
135.86 8.480437
135.87 8.4928172
135.88 8.5052213
135.89 8.5176254
135.9 8.5300295
135.91 8.5424814
135.92 8.5549094
135.93 8.5673852
135.94 8.579861
135.95 8.5923607
135.96 8.6048604
135.97 8.617384
135.98 8.6299315
135.99 8.642479
136.0 8.6550265
136.01 8.6676218
136.02 8.6802171
136.03 8.6928124
136.04 8.7054555
136.05 8.7180747
136.06 8.7307417
136.07 8.7434087
136.08 8.7560757
136.09 8.7687905
136.1 8.7814814
136.11 8.7942201
136.12 8.8069588
136.13 8.8196975
136.14 8.832484
136.15 8.8452705
136.16 8.858057
136.17 8.8708674
136.18 8.8837017
136.19 8.896536
136.2 8.9093942
136.21 8.9222524
136.22 8.9351345
136.23 8.9480405
136.24 8.9609465
136.25 8.9738764
136.26 8.9868063
136.27 8.9997601
136.28 9.0127378
136.29 9.0257155
136.3 9.0387171
136.31 9.0517187
136.32 9.0647442
136.33 9.0777936
136.34 9.090843
136.35 9.1039163
136.36 9.1169896
136.37 9.1300868
136.38 9.1432079
136.39 9.156329
136.4 9.169474
136.41 9.182619
136.42 9.1957879
136.43 9.2089807
136.44 9.2221735
136.45 9.2353902
136.46 9.2486069
136.47 9.2618475
136.48 9.2750881
136.49 9.2883526
136.5 9.301641
136.51 9.3149294
136.52 9.3282417
136.53 9.341554
136.54 9.3548902
136.55 9.3682503
136.56 9.3816104
136.57 9.3949944
136.58 9.4083784
136.59 9.4217863
136.6 9.4352181
136.61 9.4486499
136.62 9.4621056
136.63 9.4755613
136.64 9.4890409
136.65 9.5025205
136.66 9.516024
136.67 9.5295514
136.68 9.5430788
136.69 9.5566301
136.7 9.5701814
136.71 9.5837566
136.72 9.5973318
136.73 9.6109309
136.74 9.6245539
136.75 9.6381769
136.76 9.6518238
136.77 9.6654707
136.78 9.6791415
136.79 9.6928362
136.8 9.7065309
136.81 9.7202495
136.82 9.7339681
136.83 9.7477106
136.84 9.7614531
136.85 9.7752195
136.86 9.7890098
136.87 9.8028001
136.88 9.8165904
136.89 9.8304285
136.9 9.8442427
136.91 9.8581047
136.92 9.8719667
136.93 9.8858287
136.94 9.8997385
136.95 9.9136244
136.96 9.9275342
136.97 9.9414679
136.98 9.9554255
136.99 9.9693831
137.0 9.9833407
137.01 9.9973222
137.02 10.0113276
137.03 10.025333
137.04 10.0393623
137.05 10.0533916
137.06 10.0674448
137.07 10.0815219
137.08 10.095599
137.09 10.1096761
137.1 10.123801
137.11 10.137902
137.12 10.1520508
137.13 10.1661757
137.14 10.1803484
137.15 10.1945211
137.16 10.2086938
137.17 10.2228904
137.18 10.2371109
137.19 10.2513314
137.2 10.2655758
137.21 10.2798202
137.22 10.2940885
137.23 10.3083807
137.24 10.3226729
137.25 10.3369651
137.26 10.3513051
137.27 10.3656212
137.28 10.3799612
137.29 10.3943251
137.3 10.4087129
137.31 10.4231007
137.32 10.4374885
137.33 10.4519002
137.34 10.4663358
137.35 10.4807714
137.36 10.495207
137.37 10.5096904
137.38 10.5241499
137.39 10.5386572
137.4 10.5531645
137.41 10.5676718
137.42 10.582203
137.43 10.5967581
137.44 10.6113132
137.45 10.6258683
137.46 10.6404473
137.47 10.6550502
137.48 10.6696531
137.49 10.6842799
137.5 10.6989306
137.51 10.7135813
137.52 10.728232
137.53 10.7429066
137.54 10.7576051
137.55 10.7723036
137.56 10.7870021
137.57 10.8017245
137.58 10.8164708
137.59 10.8312171
137.6 10.8459873
137.61 10.8607814
137.62 10.8755755
137.63 10.8903696
137.64 10.9051876
137.65 10.9200056
137.66 10.9348714
137.67 10.9497133
137.68 10.9645791
137.69 10.9794688
137.7 10.9943585
137.71 11.0092721
137.72 11.0241857
137.73 11.0391232
137.74 11.0540607
137.75 11.0690221
137.76 11.0840074
137.77 11.0989927
137.78 11.113978
137.79 11.1289872
137.8 11.1440203
137.81 11.1590534
137.82 11.1741104
137.83 11.1891674
137.84 11.2042244
137.85 11.2193292
137.86 11.2344101
137.87 11.2495388
137.88 11.2646675
137.89 11.2797962
137.9 11.2949488
137.91 11.3101014
137.92 11.3252779
137.93 11.3404783
137.94 11.3556787
137.95 11.3708791
137.96 11.3861034
137.97 11.4013516
137.98 11.4165998
137.99 11.4318719
138.0 11.447144
138.01 11.46244
138.02 11.477736
138.03 11.4930559
138.04 11.5083758
138.05 11.5237196
138.06 11.5390634
138.07 11.5544311
138.08 11.5697988
138.09 11.5851904
138.1 11.6006059
138.11 11.6160214
138.12 11.6314369
138.13 11.6468763
138.14 11.6623396
138.15 11.6778029
138.16 11.6932662
138.17 11.7087534
138.18 11.7242645
138.19 11.7397756
138.2 11.7553106
138.21 11.7708456
138.22 11.7863806
138.23 11.8019395
138.24 11.8175223
138.25 11.8331051
138.26 11.8487118
138.27 11.8643185
138.28 11.8799491
138.29 11.8955797
138.3 11.9112342
138.31 11.9268887
138.32 11.9425671
138.33 11.9582694
138.34 11.9739478
138.35 11.989674
138.36 12.0054002
138.37 12.0211264
138.38 12.0368765
138.39 12.0526266
138.4 12.0684006
138.41 12.0841746
138.42 12.0999725
138.43 12.1157943
138.44 12.1316161
138.45 12.1474379
138.46 12.1632836
138.47 12.1791532
138.48 12.1950228
138.49 12.2108924
138.5 12.2267859
138.51 12.2426794
138.52 12.2585968
138.53 12.2745381
138.54 12.2904794
138.55 12.3064207
138.56 12.3223859
138.57 12.338375
138.58 12.3543641
138.59 12.3703532
138.6 12.3863662
138.61 12.4024031
138.62 12.41844
138.63 12.4344769
138.64 12.4505377
138.65 12.4666224
138.66 12.4827071
138.67 12.4987918
138.68 12.5149004
138.69 12.5310329
138.7 12.5471654
138.71 12.5632979
138.72 12.5794543
138.73 12.5956346
138.74 12.6118149
138.75 12.6279952
138.76 12.6441994
138.77 12.6604275
138.78 12.6766556
138.79 12.6928837
138.8 12.7091357
138.81 12.7254116
138.82 12.7416636
138.83 12.7579634
138.84 12.7742632
138.85 12.790563
138.86 12.8068867
138.87 12.8232343
138.88 12.839558
138.89 12.8559295
138.9 12.872301
138.91 12.8886725
138.92 12.9050679
138.93 12.9214633
138.94 12.9378826
138.95 12.9543019
138.96 12.9707451
138.97 12.9871883
138.98 13.0036554
138.99 13.0201225
139.0 13.0366135
139.01 13.0531045
139.02 13.0696194
139.03 13.0861343
139.04 13.1026731
139.05 13.1192119
139.06 13.1357746
139.07 13.1523373
139.08 13.1689
139.09 13.1854866
139.1 13.2020971
139.11 13.2187076
139.12 13.235342
139.13 13.2519764
139.14 13.2686108
139.15 13.2852691
139.16 13.3019274
139.17 13.3186096
139.18 13.3353157
139.19 13.3520218
139.2 13.3687279
139.21 13.3854579
139.22 13.4021879
139.23 13.4189418
139.24 13.4356957
139.25 13.4524735
139.26 13.4692513
139.27 13.486053
139.28 13.5028547
139.29 13.5196564
139.3 13.536482
139.31 13.5533315
139.32 13.570181
139.33 13.5870544
139.34 13.6039278
139.35 13.6208012
139.36 13.6376985
139.37 13.6545958
139.38 13.671517
139.39 13.6884621
139.4 13.7053833
139.41 13.7223523
139.42 13.7392974
139.43 13.7562903
139.44 13.7732593
139.45 13.7902522
139.46 13.807269
139.47 13.8242858
139.48 13.8413265
139.49 13.8583672
139.5 13.8754079
139.51 13.8924725
139.52 13.9095371
139.53 13.9266256
139.54 13.9437141
139.55 13.9608265
139.56 13.9779628
139.57 13.9950752
139.58 14.0122115
139.59 14.0293717
139.6 14.0465319
139.61 14.063716
139.62 14.0809001
139.63 14.0980842
139.64 14.1152922
139.65 14.1325002
139.66 14.1497321
139.67 14.1669879
139.68 14.1842198
139.69 14.2014995
139.7 14.2187553
139.71 14.236035
139.72 14.2533386
139.73 14.2706422
139.74 14.2879458
139.75 14.3052733
139.76 14.3226247
139.77 14.3399761
139.78 14.3573275
139.79 14.3747028
139.8 14.3920781
139.81 14.4094773
139.82 14.4268765
139.83 14.4442757
139.84 14.4616988
139.85 14.4791458
139.86 14.4965928
139.87 14.5140398
139.88 14.5315107
139.89 14.5489816
139.9 14.5664764
139.91 14.5839712
139.92 14.6014899
139.93 14.6190086
139.94 14.6365273
139.95 14.6540699
139.96 14.6716125
139.97 14.689179
139.98 14.7067694
139.99 14.7243359
140.0 14.7419263
140.01 14.7595406
140.02 14.7771549
140.03 14.7947931
140.04 14.8124313
140.05 14.8300695
140.06 14.8477316
140.07 14.8653937
140.08 14.8830797
140.09 14.9007657
140.1 14.9184517
140.11 14.9361616
140.12 14.9538954
140.13 14.9716292
140.14 14.989363
140.15 15.0071207
140.16 15.0248784
140.17 15.04266
140.18 15.0604416
140.19 15.0782232
140.2 15.0960287
140.21 15.1138581
140.22 15.1316875
140.23 15.1495169
140.24 15.1673702
140.25 15.1852235
140.26 15.2030768
140.27 15.220954
140.28 15.2388551
140.29 15.2567562
140.3 15.2746573
140.31 15.2925823
140.32 15.3105073
140.33 15.3284323
140.34 15.3463812
140.35 15.364354
140.36 15.3823268
140.37 15.4002996
140.38 15.4182963
140.39 15.436293
140.4 15.4543136
140.41 15.4723342
140.42 15.4903548
140.43 15.5083993
140.44 15.5264438
140.45 15.5445122
140.46 15.5625806
140.47 15.5806729
140.48 15.5987652
140.49 15.6168575
140.5 15.6349737
140.51 15.6530899
140.52 15.67123
140.53 15.6893701
140.54 15.7075341
140.55 15.7256742
140.56 15.7438621
140.57 15.76205
140.58 15.7802379
140.59 15.7984497
140.6 15.8166615
140.61 15.8348733
140.62 15.853109
140.63 15.8713447
140.64 15.8896043
140.65 15.9078639
140.66 15.9261474
140.67 15.9444309
140.68 15.9627144
140.69 15.9810218
140.7 15.9993292
140.71 16.0176605
140.72 16.0359918
140.73 16.0543231
140.74 16.0726783
140.75 16.0910574
140.76 16.1094126
140.77 16.1277917
140.78 16.1461947
140.79 16.1645977
140.8 16.1830007
140.81 16.2014276
140.82 16.2198545
140.83 16.2383053
140.84 16.2567561
140.85 16.2752069
140.86 16.2936816
140.87 16.3121563
140.88 16.3306549
140.89 16.3491535
140.9 16.3676521
140.91 16.3861746
140.92 16.4046971
140.93 16.4232435
140.94 16.4417899
140.95 16.4603602
140.96 16.4789305
140.97 16.4975008
140.98 16.516095
140.99 16.5346892
141.0 16.5532834
141.01 16.5719015
141.02 16.5905196
141.03 16.6091616
141.04 16.6278036
141.05 16.6464695
141.06 16.6651354
141.07 16.6838013
141.08 16.7024911
141.09 16.7211809
141.1 16.7398707
141.11 16.7585844
141.12 16.7772981
141.13 16.7960357
141.14 16.8147733
141.15 16.8335348
141.16 16.8522963
141.17 16.8710578
141.18 16.8898432
141.19 16.9086286
141.2 16.927414
141.21 16.9462233
141.22 16.9650326
141.23 16.9838658
141.24 17.002699
141.25 17.0215322
141.26 17.0403893
141.27 17.0592464
141.28 17.0781274
141.29 17.0970084
141.3 17.1158894
141.31 17.1347943
141.32 17.1536992
141.33 17.172628
141.34 17.1915568
141.35 17.2104856
141.36 17.2294383
141.37 17.248391
141.38 17.2673676
141.39 17.2863442
141.4 17.3053208
141.41 17.3242974
141.42 17.3433218
141.43 17.3623223
141.44 17.3813467
141.45 17.4003711
141.46 17.4194194
141.47 17.4384677
141.48 17.457516
141.49 17.4765882
141.5 17.4956604
141.51 17.5147326
141.52 17.5338287
141.53 17.5529248
141.54 17.5720448
141.55 17.5911648
141.56 17.6102848
141.57 17.6294287
141.58 17.6485726
141.59 17.6677404
141.6 17.6869082
141.61 17.706076
141.62 17.7252677
141.63 17.7444594
141.64 17.7636511
141.65 17.7828667
141.66 17.8020823
141.67 17.8213218
141.68 17.8405613
141.69 17.8598008
141.7 17.8790642
141.71 17.8983276
141.72 17.917591
141.73 17.9368783
141.74 17.9561656
141.75 17.9754768
141.76 17.994788
141.77 18.0140992
141.78 18.0334343
141.79 18.0527694
141.8 18.0721045
141.81 18.0914635
141.82 18.1108225
141.83 18.1302054
141.84 18.1495883
141.85 18.1689712
141.86 18.1883541
141.87 18.2077609
141.88 18.2271916
141.89 18.2465984
141.9 18.266053
141.91 18.2854837
141.92 18.3049383
141.93 18.3243929
141.94 18.3438475
141.95 18.363326
141.96 18.3828284
141.97 18.4023069
141.98 18.4218093
141.99 18.4413356
142.0 18.460838
142.01 18.4803643
142.02 18.4999145
142.03 18.5194647
142.04 18.5390149
142.05 18.5585651
142.06 18.5781392
142.07 18.5977133
142.08 18.6173113
142.09 18.6369093
142.1 18.6565073
142.11 18.6761292
142.12 18.6957511
142.13 18.715373
142.14 18.7350188
142.15 18.7546646
142.16 18.7743343
142.17 18.794004
142.18 18.8136737
142.19 18.8333434
142.2 18.853037
142.21 18.8727306
142.22 18.8924481
142.23 18.9121656
142.24 18.9318831
142.25 18.9516245
142.26 18.9713659
142.27 18.9911073
142.28 19.0108726
142.29 19.0306379
142.3 19.0504032
142.31 19.0701924
142.32 19.0899816
142.33 19.1097708
142.34 19.1295839
142.35 19.149397
142.36 19.169234
142.37 19.189071
142.38 19.208908
142.39 19.228745
142.4 19.2486059
142.41 19.2684668
142.42 19.2883516
142.43 19.3082364
142.44 19.3281212
142.45 19.3480299
142.46 19.3679147
142.47 19.3878473
142.48 19.407756
142.49 19.4276886
142.5 19.4476451
142.51 19.4675777
142.52 19.4875342
142.53 19.5075146
142.54 19.5274711
142.55 19.5474515
142.56 19.5674319
142.57 19.5874362
142.58 19.6074405
142.59 19.6274448
142.6 19.647473
142.61 19.6675012
142.62 19.6875533
142.63 19.7075815
142.64 19.7276336
142.65 19.7477096
142.66 19.7677617
142.67 19.7878377
142.68 19.8079376
142.69 19.8280136
142.7 19.8481135
142.71 19.8682373
142.72 19.8883372
142.73 19.908461
142.74 19.9286087
142.75 19.9487564
142.76 19.9689041
142.77 19.9890518
142.78 20.0092234
142.79 20.029395
142.8 20.0495666
142.81 20.0697621
142.82 20.0899576
142.83 20.1101531
142.84 20.1303725
142.85 20.1505919
142.86 20.1708113
142.87 20.1910307
142.88 20.211274
142.89 20.2315412
142.9 20.2517845
142.91 20.2720517
142.92 20.2923189
142.93 20.31261
142.94 20.3329011
142.95 20.3531922
142.96 20.3735072
142.97 20.3938222
142.98 20.4141372
142.99 20.4344522
143.0 20.4547911
143.01 20.47513
143.02 20.4954928
143.03 20.5158556
143.04 20.5362184
143.05 20.5565812
143.06 20.5769679
143.07 20.5973546
143.08 20.6177413
143.09 20.6381519
143.1 20.6585625
143.11 20.6789731
143.12 20.6994076
143.13 20.7198421
143.14 20.7402766
143.15 20.760735
143.16 20.7811934
143.17 20.8016518
143.18 20.8221102
143.19 20.8425925
143.2 20.8630748
143.21 20.883581
143.22 20.9040872
143.23 20.9245934
143.24 20.9450996
143.25 20.9656297
143.26 20.9861598
143.27 21.0066899
143.28 21.0272439
143.29 21.0477979
143.3 21.0683519
143.31 21.0889298
143.32 21.1095077
143.33 21.1300856
143.34 21.1506635
143.35 21.1712653
143.36 21.1918671
143.37 21.2124928
143.38 21.2330946
143.39 21.2537203
143.4 21.2743699
143.41 21.2949956
143.42 21.3156452
143.43 21.3362948
143.44 21.3569683
143.45 21.3776418
143.46 21.3983153
143.47 21.4189888
143.48 21.4396862
143.49 21.4603836
143.5 21.4811049
143.51 21.5018023
143.52 21.5225236
143.53 21.5432449
143.54 21.5639901
143.55 21.5847353
143.56 21.6054805
143.57 21.6262257
143.58 21.6469948
143.59 21.6677639
143.6 21.688533
143.61 21.709326
143.62 21.730119
143.63 21.750912
143.64 21.7717289
143.65 21.7925219
143.66 21.8133627
143.67 21.8341796
143.68 21.8550204
143.69 21.8758612
143.7 21.896702
143.71 21.9175428
143.72 21.9384075
143.73 21.9592722
143.74 21.9801608
143.75 22.0010494
143.76 22.021938
143.77 22.0428266
143.78 22.0637152
143.79 22.0846277
143.8 22.1055402
143.81 22.1264766
143.82 22.147413
143.83 22.1683494
143.84 22.1892858
143.85 22.2102461
143.86 22.2311825
143.87 22.2521667
143.88 22.273127
143.89 22.2941112
143.9 22.3150954
143.91 22.3360796
143.92 22.3570877
143.93 22.3780958
143.94 22.3991039
143.95 22.420112
143.96 22.441144
143.97 22.462176
143.98 22.483208
143.99 22.5042639
144.0 22.5253198
144.01 22.5463757
144.02 22.5674316
144.03 22.5885114
144.04 22.6095912
144.05 22.630671
144.06 22.6517508
144.07 22.6728545
144.08 22.6939582
144.09 22.7150858
144.1 22.7361895
144.11 22.7573171
144.12 22.7784447
144.13 22.7995962
144.14 22.8207238
144.15 22.8418753
144.16 22.8630507
144.17 22.8842022
144.18 22.9053776
144.19 22.926553
144.2 22.9477284
144.21 22.9689277
144.22 22.990127
144.23 23.0113263
144.24 23.0325256
144.25 23.0537488
144.26 23.074972
144.27 23.0961952
144.28 23.1174423
144.29 23.1386655
144.3 23.1599365
144.31 23.1811836
144.32 23.2024307
144.33 23.2237017
144.34 23.2449727
144.35 23.2662676
144.36 23.2875386
144.37 23.3088335
144.38 23.3301284
144.39 23.3514472
144.4 23.3727421
144.41 23.3940609
144.42 23.4154036
144.43 23.4367224
144.44 23.4580651
144.45 23.4794078
144.46 23.5007505
144.47 23.5221171
144.48 23.5434598
144.49 23.5648264
144.5 23.5862169
144.51 23.6075835
144.52 23.628974
144.53 23.6503645
144.54 23.671755
144.55 23.6931694
144.56 23.7145838
144.57 23.7359982
144.58 23.7574126
144.59 23.7788509
144.6 23.8002892
144.61 23.8217275
144.62 23.8431658
144.63 23.864628
144.64 23.8860902
144.65 23.9075524
144.66 23.9290146
144.67 23.9505007
144.68 23.9719868
144.69 23.9934729
144.7 24.014959
144.71 24.036469
144.72 24.057979
144.73 24.079489
144.74 24.100999
144.75 24.1225329
144.76 24.1440668
144.77 24.1656007
144.78 24.1871346
144.79 24.2086924
144.8 24.2302502
144.81 24.251808
144.82 24.2733658
144.83 24.2949475
144.84 24.3165292
144.85 24.3381109
144.86 24.3596926
144.87 24.3812982
144.88 24.4029038
144.89 24.4245094
144.9 24.446115
144.91 24.4677445
144.92 24.489374
144.93 24.5110035
144.94 24.532633
144.95 24.5542625
144.96 24.5759159
144.97 24.5975693
144.98 24.6192227
144.99 24.6409
145.0 24.6625773
145.01 24.6842546
145.02 24.7059319
145.03 24.7276092
145.04 24.7493104
145.05 24.7710116
145.06 24.7927128
145.07 24.814414
145.08 24.8361391
145.09 24.8578642
145.1 24.8795893
145.11 24.9013144
145.12 24.9230634
145.13 24.9448124
145.14 24.9665614
145.15 24.9883104
145.16 25.0100594
145.17 25.0318323
145.18 25.0536052
145.19 25.0753781
145.2 25.0971749
145.21 25.1189478
145.22 25.1407446
145.23 25.1625414
145.24 25.1843621
145.25 25.2061589
145.26 25.2279796
145.27 25.2498003
145.28 25.271621
145.29 25.2934656
145.3 25.3152863
145.31 25.3371309
145.32 25.3589755
145.33 25.380844
145.34 25.4026886
145.35 25.4245571
145.36 25.4464256
145.37 25.468318
145.38 25.4901865
145.39 25.5120789
145.4 25.5339713
145.41 25.5558637
145.42 25.5777561
145.43 25.5996724
145.44 25.6215887
145.45 25.643505
145.46 25.6654213
145.47 25.6873376
145.48 25.7092778
145.49 25.731218
145.5 25.7531582
145.51 25.7750984
145.52 25.7970625
145.53 25.8190266
145.54 25.8409907
145.55 25.8629548
145.56 25.8849189
145.57 25.9069069
145.58 25.9288949
145.59 25.9508829
145.6 25.9728709
145.61 25.9948828
145.62 26.0168947
145.63 26.0388827
145.64 26.0609185
145.65 26.0829304
145.66 26.1049662
145.67 26.1269781
145.68 26.1490139
145.69 26.1710497
145.7 26.1931094
145.71 26.2151691
145.72 26.2372049
145.73 26.2592646
145.74 26.2813482
145.75 26.3034079
145.76 26.3254915
145.77 26.3475751
145.78 26.3696587
145.79 26.3917423
145.8 26.4138259
145.81 26.4359334
145.82 26.4580409
145.83 26.4801484
145.84 26.5022559
145.85 26.5243873
145.86 26.5465187
145.87 26.5686501
145.88 26.5907815
145.89 26.6129129
145.9 26.6350443
145.91 26.6571996
145.92 26.6793549
145.93 26.7015102
145.94 26.7236894
145.95 26.7458447
145.96 26.7680239
145.97 26.7902031
145.98 26.8123823
145.99 26.8345615
146.0 26.8567646
146.01 26.8789438
146.02 26.9011469
146.03 26.92335
146.04 26.945577
146.05 26.9677801
146.06 26.9900071
146.07 27.0122341
146.08 27.0344611
146.09 27.0566881
146.1 27.078939
146.11 27.101166
146.12 27.1234169
146.13 27.1456678
146.14 27.1679187
146.15 27.1901935
146.16 27.2124444
146.17 27.2347192
146.18 27.256994
146.19 27.2792688
146.2 27.3015675
146.21 27.3238423
146.22 27.346141
146.23 27.3684397
146.24 27.3907384
146.25 27.4130371
146.26 27.4353597
146.27 27.4576823
146.28 27.479981
146.29 27.5023036
146.3 27.5246501
146.31 27.5469727
146.32 27.5693192
146.33 27.5916657
146.34 27.6140122
146.35 27.6363587
146.36 27.6587052
146.37 27.6810756
146.38 27.7034221
146.39 27.7257925
146.4 27.7481629
146.41 27.7705572
146.42 27.7929276
146.43 27.8153219
146.44 27.8376923
146.45 27.8600866
146.46 27.8824809
146.47 27.9048991
146.48 27.9272934
146.49 27.9497116
146.5 27.9721298
146.51 27.994548
146.52 28.0169662
146.53 28.0394083
146.54 28.0618265
146.55 28.0842686
146.56 28.1067107
146.57 28.1291528
146.58 28.1515949
146.59 28.1740609
146.6 28.196503
146.61 28.218969
146.62 28.241435
146.63 28.263901
146.64 28.286367
146.65 28.3088569
146.66 28.3313229
146.67 28.3538128
146.68 28.3763027
146.69 28.3987926
146.7 28.4213064
146.71 28.4437963
146.72 28.4663101
146.73 28.4888239
146.74 28.5113377
146.75 28.5338515
146.76 28.5563653
146.77 28.578903
146.78 28.6014168
146.79 28.6239545
146.8 28.6464922
146.81 28.6690299
146.82 28.6915676
146.83 28.7141292
146.84 28.7366908
146.85 28.7592285
146.86 28.7817901
146.87 28.8043517
146.88 28.8269372
146.89 28.8494988
146.9 28.8720843
146.91 28.8946459
146.92 28.9172314
146.93 28.9398169
146.94 28.9624263
146.95 28.9850118
146.96 29.0076212
146.97 29.0302067
146.98 29.0528161
146.99 29.0754255
147.0 29.0980349
147.01 29.1206682
147.02 29.1432776
147.03 29.1659109
147.04 29.1885442
147.05 29.2111775
147.06 29.2338108
147.07 29.2564441
147.08 29.2791013
147.09 29.3017346
147.1 29.3243918
147.11 29.347049
147.12 29.3697062
147.13 29.3923634
147.14 29.4150206
147.15 29.4377017
147.16 29.4603589
147.17 29.48304
147.18 29.5057211
147.19 29.5284022
147.2 29.5510833
147.21 29.5737883
147.22 29.5964694
147.23 29.6191744
147.24 29.6418794
147.25 29.6645844
147.26 29.6872894
147.27 29.7099944
147.28 29.7327233
147.29 29.7554283
147.3 29.7781572
147.31 29.8008861
147.32 29.823615
147.33 29.8463439
147.34 29.8690728
147.35 29.8918017
147.36 29.9145545
147.37 29.9373073
147.38 29.9600362
147.39 29.982789
147.4 30.0055418
147.41 30.0283185
147.42 30.0510713
147.43 30.073848
147.44 30.0966008
147.45 30.1193775
147.46 30.1421542
147.47 30.1649309
147.48 30.1877076
147.49 30.2105082
147.5 30.2332849
147.51 30.2560855
147.52 30.2788622
147.53 30.3016628
147.54 30.3244634
147.55 30.3472879
147.56 30.3700885
147.57 30.3928891
147.58 30.4157136
147.59 30.4385142
147.6 30.4613387
147.61 30.4841632
147.62 30.5069877
147.63 30.5298361
147.64 30.5526606
147.65 30.5754851
147.66 30.5983335
147.67 30.6211819
147.68 30.6440303
147.69 30.6668787
147.7 30.6897271
147.71 30.7125755
147.72 30.7354239
147.73 30.7582962
147.74 30.7811446
147.75 30.8040169
147.76 30.8268892
147.77 30.8497615
147.78 30.8726338
147.79 30.8955061
147.8 30.9184023
147.81 30.9412746
147.82 30.9641708
147.83 30.987067
147.84 31.0099393
147.85 31.0328355
147.86 31.0557317
147.87 31.0786518
147.88 31.101548
147.89 31.1244442
147.9 31.1473643
147.91 31.1702844
147.92 31.1932045
147.93 31.2161246
147.94 31.2390447
147.95 31.2619648
147.96 31.2848849
147.97 31.307805
147.98 31.330749
147.99 31.353693
148.0 31.3766131
148.01 31.3995571
148.02 31.4225011
148.03 31.4454451
148.04 31.4683891
148.05 31.491357
148.06 31.514301
148.07 31.5372689
148.08 31.5602129
148.09 31.5831808
148.1 31.6061487
148.11 31.6291166
148.12 31.6520845
148.13 31.6750524
148.14 31.6980442
148.15 31.7210121
148.16 31.7440039
148.17 31.7669718
148.18 31.7899636
148.19 31.8129554
148.2 31.8359472
148.21 31.858939
148.22 31.8819308
148.23 31.9049465
148.24 31.9279383
148.25 31.9509301
148.26 31.9739458
148.27 31.9969615
148.28 32.0199772
148.29 32.042969
148.3 32.0659847
148.31 32.0890243
148.32 32.11204
148.33 32.1350557
148.34 32.1580953
148.35 32.181111
148.36 32.2041506
148.37 32.2271663
148.38 32.2502059
148.39 32.2732455
148.4 32.2962851
148.41 32.3193247
148.42 32.3423882
148.43 32.3654278
148.44 32.3884674
148.45 32.4115309
148.46 32.4345705
148.47 32.457634
148.48 32.4806975
148.49 32.503761
148.5 32.5268245
148.51 32.549888
148.52 32.5729515
148.53 32.596015
148.54 32.6191024
148.55 32.6421659
148.56 32.6652533
148.57 32.6883168
148.58 32.7114042
148.59 32.7344916
148.6 32.757579
148.61 32.7806664
148.62 32.8037538
148.63 32.8268412
148.64 32.8499286
148.65 32.8730399
148.66 32.8961273
148.67 32.9192386
148.68 32.942326
148.69 32.9654373
148.7 32.9885486
148.71 33.0116599
148.72 33.0347712
148.73 33.0578825
148.74 33.0809938
148.75 33.1041051
148.76 33.1272403
148.77 33.1503516
148.78 33.1734629
148.79 33.1965981
148.8 33.2197333
148.81 33.2428446
148.82 33.2659798
148.83 33.289115
148.84 33.3122502
148.85 33.3353854
148.86 33.3585206
148.87 33.3816558
148.88 33.4048149
148.89 33.4279501
148.9 33.4511092
148.91 33.4742444
148.92 33.4974035
148.93 33.5205387
148.94 33.5436978
148.95 33.5668569
148.96 33.590016
148.97 33.6131751
148.98 33.6363342
148.99 33.6594933
149.0 33.6826524
149.01 33.7058354
149.02 33.7289945
149.03 33.7521536
149.04 33.7753366
149.05 33.7984957
149.06 33.8216787
149.07 33.8448617
149.08 33.8680447
149.09 33.8912038
149.1 33.9143868
149.11 33.9375698
149.12 33.9607528
149.13 33.9839597
149.14 34.0071427
149.15 34.0303257
149.16 34.0535087
149.17 34.0767156
149.18 34.0998986
149.19 34.1231055
149.2 34.1462885
149.21 34.1694954
149.22 34.1927023
149.23 34.2159092
149.24 34.2390922
149.25 34.2622991
149.26 34.285506
149.27 34.3087129
149.28 34.3319437
149.29 34.3551506
149.3 34.3783575
149.31 34.4015644
149.32 34.4247952
149.33 34.4480021
149.34 34.4712329
149.35 34.4944398
149.36 34.5176706
149.37 34.5408775
149.38 34.5641083
149.39 34.5873391
149.4 34.6105699
149.41 34.6338007
149.42 34.6570315
149.43 34.6802623
149.44 34.7034931
149.45 34.7267239
149.46 34.7499547
149.47 34.7731855
149.48 34.7964402
149.49 34.819671
149.5 34.8429018
149.51 34.8661565
149.52 34.8893873
149.53 34.912642
149.54 34.9358728
149.55 34.9591275
149.56 34.9823822
149.57 35.005613
149.58 35.0288677
149.59 35.0521224
149.6 35.0753771
149.61 35.0986318
149.62 35.1218865
149.63 35.1451412
149.64 35.1683959
149.65 35.1916506
149.66 35.2149292
149.67 35.2381839
149.68 35.2614386
149.69 35.2846933
149.7 35.3079719
149.71 35.3312266
149.72 35.3545052
149.73 35.3777599
149.74 35.4010385
149.75 35.4242932
149.76 35.4475718
149.77 35.4708504
149.78 35.4941051
149.79 35.5173837
149.8 35.5406623
149.81 35.5639409
149.82 35.5872195
149.83 35.6104981
149.84 35.6337767
149.85 35.6570553
149.86 35.6803339
149.87 35.7036125
149.88 35.7268911
149.89 35.7501697
149.9 35.7734483
149.91 35.7967508
149.92 35.8200294
149.93 35.843308
149.94 35.8666105
149.95 35.8898891
149.96 35.9131677
149.97 35.9364702
149.98 35.9597488
149.99 35.9830513
150.0 36.0063299
150.01 36.0296324
150.02 36.0529349
150.03 36.0762135
150.04 36.099516
150.05 36.1228185
150.06 36.1460971
150.07 36.1693996
150.08 36.1927021
150.09 36.2160046
150.1 36.2393071
150.11 36.2626096
150.12 36.2858882
150.13 36.3091907
150.14 36.3324932
150.15 36.3557957
150.16 36.3790982
150.17 36.4024246
150.18 36.4257271
150.19 36.4490296
150.2 36.4723321
150.21 36.4956346
150.22 36.5189371
150.23 36.5422396
150.24 36.565566
150.25 36.5888685
150.26 36.612171
150.27 36.6354735
150.28 36.6587999
150.29 36.6821024
150.3 36.7054049
150.31 36.7287313
150.32 36.7520338
150.33 36.7753602
150.34 36.7986627
150.35 36.8219891
150.36 36.8452916
150.37 36.8685941
150.38 36.8919205
150.39 36.9152469
150.4 36.9385494
150.41 36.9618758
150.42 36.9851783
150.43 37.0085047
150.44 37.0318072
150.45 37.0551336
150.46 37.07846
150.47 37.1017625
150.48 37.1250889
150.49 37.1484153
150.5 37.1717178
150.51 37.1950442
150.52 37.2183706
150.53 37.2416731
150.54 37.2649995
150.55 37.2883259
150.56 37.3116523
150.57 37.3349548
150.58 37.3582812
150.59 37.3816076
150.6 37.404934
150.61 37.4282604
150.62 37.4515629
150.63 37.4748893
150.64 37.4982157
150.65 37.5215421
150.66 37.5448685
150.67 37.5681949
150.68 37.5914974
150.69 37.6148238
150.7 37.6381502
150.71 37.6614766
150.72 37.684803
150.73 37.7081294
150.74 37.7314558
150.75 37.7547583
150.76 37.7780847
150.77 37.8014111
150.78 37.8247375
150.79 37.8480639
150.8 37.8713903
150.81 37.8947167
150.82 37.9180431
150.83 37.9413456
150.84 37.964672
150.85 37.9879984
150.86 38.0113248
150.87 38.0346512
150.88 38.0579776
150.89 38.081304
150.9 38.1046065
150.91 38.1279329
150.92 38.1512593
150.93 38.1745857
150.94 38.1979121
150.95 38.2212385
150.96 38.2445649
150.97 38.2678674
150.98 38.2911938
150.99 38.3145202
151.0 38.3378466
151.01 38.361173
151.02 38.3844755
151.03 38.4078019
151.04 38.4311283
151.05 38.4544547
151.06 38.4777572
151.07 38.5010836
151.08 38.52441
151.09 38.5477125
151.1 38.5710389
151.11 38.5943653
151.12 38.6176917
151.13 38.6409942
151.14 38.6643206
151.15 38.6876231
151.16 38.7109495
151.17 38.7342759
151.18 38.7575784
151.19 38.7809048
151.2 38.8042073
151.21 38.8275337
151.22 38.8508362
151.23 38.8741626
151.24 38.8974651
151.25 38.9207915
151.26 38.944094
151.27 38.9674204
151.28 38.9907229
151.29 39.0140254
151.3 39.0373518
151.31 39.0606543
151.32 39.0839568
151.33 39.1072832
151.34 39.1305857
151.35 39.1538882
151.36 39.1772146
151.37 39.2005171
151.38 39.2238196
151.39 39.2471221
151.4 39.2704246
151.41 39.2937271
151.42 39.3170296
151.43 39.340356
151.44 39.3636585
151.45 39.386961
151.46 39.4102635
151.47 39.433566
151.48 39.4568446
151.49 39.4801471
151.5 39.5034496
151.51 39.5267521
151.52 39.5500546
151.53 39.5733571
151.54 39.5966357
151.55 39.6199382
151.56 39.6432407
151.57 39.6665432
151.58 39.6898218
151.59 39.7131243
151.6 39.7364029
151.61 39.7597054
151.62 39.782984
151.63 39.8062865
151.64 39.8295651
151.65 39.8528676
151.66 39.8761462
151.67 39.8994248
151.68 39.9227273
151.69 39.9460059
151.7 39.9692845
151.71 39.9925631
151.72 40.0158417
151.73 40.0391203
151.74 40.0624228
151.75 40.0857014
151.76 40.10898
151.77 40.1322586
151.78 40.1555133
151.79 40.1787919
151.8 40.2020705
151.81 40.2253491
151.82 40.2486277
151.83 40.2718824
151.84 40.295161
151.85 40.3184396
151.86 40.3416943
151.87 40.3649729
151.88 40.3882276
151.89 40.4115062
151.9 40.4347609
151.91 40.4580156
151.92 40.4812942
151.93 40.5045489
151.94 40.5278036
151.95 40.5510583
151.96 40.574313
151.97 40.5975916
151.98 40.6208463
151.99 40.644101
152.0 40.6673318
152.01 40.6905865
152.02 40.7138412
152.03 40.7370959
152.04 40.7603506
152.05 40.7835814
152.06 40.8068361
152.07 40.8300669
152.08 40.8533216
152.09 40.8765524
152.1 40.8998071
152.11 40.9230379
152.12 40.9462926
152.13 40.9695234
152.14 40.9927542
152.15 41.015985
152.16 41.0392158
152.17 41.0624466
152.18 41.0856774
152.19 41.1089082
152.2 41.132139
152.21 41.1553698
152.22 41.1786006
152.23 41.2018075
152.24 41.2250383
152.25 41.2482452
152.26 41.271476
152.27 41.2946829
152.28 41.3179137
152.29 41.3411206
152.3 41.3643275
152.31 41.3875583
152.32 41.4107652
152.33 41.4339721
152.34 41.457179
152.35 41.4803859
152.36 41.5035928
152.37 41.5267758
152.38 41.5499827
152.39 41.5731896
152.4 41.5963726
152.41 41.6195795
152.42 41.6427625
152.43 41.6659694
152.44 41.6891524
152.45 41.7123593
152.46 41.7355423
152.47 41.7587253
152.48 41.7819083
152.49 41.8050913
152.5 41.8282743
152.51 41.8514573
152.52 41.8746403
152.53 41.8977994
152.54 41.9209824
152.55 41.9441654
152.56 41.9673245
152.57 41.9905075
152.58 42.0136666
152.59 42.0368257
152.6 42.0600087
152.61 42.0831678
152.62 42.1063269
152.63 42.129486
152.64 42.1526451
152.65 42.1758042
152.66 42.1989394
152.67 42.2220985
152.68 42.2452576
152.69 42.2683928
152.7 42.2915519
152.71 42.3146871
152.72 42.3378223
152.73 42.3609814
152.74 42.3841166
152.75 42.4072518
152.76 42.430387
152.77 42.4535222
152.78 42.4766574
152.79 42.4997687
152.8 42.5229039
152.81 42.5460391
152.82 42.5691504
152.83 42.5922856
152.84 42.6153969
152.85 42.6385082
152.86 42.6616195
152.87 42.6847308
152.88 42.7078421
152.89 42.7309534
152.9 42.7540647
152.91 42.777176
152.92 42.8002873
152.93 42.8233747
152.94 42.846486
152.95 42.8695734
152.96 42.8926608
152.97 42.9157482
152.98 42.9388595
152.99 42.9619469
153.0 42.9850343
153.01 43.0080978
153.02 43.0311852
153.03 43.0542726
153.04 43.0773361
153.05 43.1004235
153.06 43.123487
153.07 43.1465744
153.08 43.1696379
153.09 43.1927014
153.1 43.2157649
153.11 43.2388284
153.12 43.2618919
153.13 43.2849315
153.14 43.307995
153.15 43.3310585
153.16 43.3540981
153.17 43.3771377
153.18 43.4002012
153.19 43.4232408
153.2 43.4462804
153.21 43.46932
153.22 43.4923596
153.23 43.5153753
153.24 43.5384149
153.25 43.5614545
153.26 43.5844702
153.27 43.6074859
153.28 43.6305255
153.29 43.6535412
153.3 43.6765569
153.31 43.6995726
153.32 43.7225883
153.33 43.7455801
153.34 43.7685958
153.35 43.7916115
153.36 43.8146033
153.37 43.8375951
153.38 43.8606108
153.39 43.8836026
153.4 43.9065944
153.41 43.9295862
153.42 43.9525541
153.43 43.9755459
153.44 43.9985377
153.45 44.0215056
153.46 44.0444735
153.47 44.0674653
153.48 44.0904332
153.49 44.1134011
153.5 44.136369
153.51 44.1593369
153.52 44.1822809
153.53 44.2052488
153.54 44.2281928
153.55 44.2511607
153.56 44.2741047
153.57 44.2970487
153.58 44.3199927
153.59 44.3429367
153.6 44.3658807
153.61 44.3888008
153.62 44.4117448
153.63 44.4346649
153.64 44.4576089
153.65 44.480529
153.66 44.5034491
153.67 44.5263692
153.68 44.5492893
153.69 44.5722094
153.7 44.5951056
153.71 44.6180257
153.72 44.6409219
153.73 44.6638181
153.74 44.6867143
153.75 44.7096105
153.76 44.7325067
153.77 44.7554029
153.78 44.7782991
153.79 44.8011714
153.8 44.8240676
153.81 44.8469399
153.82 44.8698122
153.83 44.8926845
153.84 44.9155568
153.85 44.9384291
153.86 44.9612775
153.87 44.9841498
153.88 45.0069982
153.89 45.0298705
153.9 45.0527189
153.91 45.0755673
153.92 45.0984157
153.93 45.1212402
153.94 45.1440886
153.95 45.166937
153.96 45.1897615
153.97 45.212586
153.98 45.2354105
153.99 45.258235
154.0 45.2810595
154.01 45.303884
154.02 45.3267085
154.03 45.3495091
154.04 45.3723097
154.05 45.3951103
154.06 45.4179348
154.07 45.4407115
154.08 45.4635121
154.09 45.4863127
154.1 45.5090894
154.11 45.53189
154.12 45.5546667
154.13 45.5774434
154.14 45.6002201
154.15 45.6229968
154.16 45.6457735
154.17 45.6685263
154.18 45.691303
154.19 45.7140558
154.2 45.7368086
154.21 45.7595614
154.22 45.7823142
154.23 45.805067
154.24 45.8277959
154.25 45.8505487
154.26 45.8732776
154.27 45.8960065
154.28 45.9187354
154.29 45.9414643
154.3 45.9641932
154.31 45.9868982
154.32 46.0096271
154.33 46.0323321
154.34 46.0550371
154.35 46.0777421
154.36 46.1004471
154.37 46.1231521
154.38 46.1458332
154.39 46.1685382
154.4 46.1912193
154.41 46.2139004
154.42 46.2365815
154.43 46.2592626
154.44 46.2819437
154.45 46.3046009
154.46 46.327282
154.47 46.3499392
154.48 46.3725964
154.49 46.3952536
154.5 46.4179108
154.51 46.4405441
154.52 46.4632013
154.53 46.4858346
154.54 46.5084679
154.55 46.5311012
154.56 46.5537345
154.57 46.5763678
154.58 46.5989772
154.59 46.6216105
154.6 46.6442199
154.61 46.6668293
154.62 46.6894387
154.63 46.7120481
154.64 46.7346336
154.65 46.757243
154.66 46.7798285
154.67 46.802414
154.68 46.8249995
154.69 46.847585
154.7 46.8701466
154.71 46.8927321
154.72 46.9152937
154.73 46.9378553
154.74 46.9604169
154.75 46.9829785
154.76 47.0055401
154.77 47.0280778
154.78 47.0506394
154.79 47.0731771
154.8 47.0957148
154.81 47.1182525
154.82 47.1407902
154.83 47.163304
154.84 47.1858178
154.85 47.2083555
154.86 47.2308693
154.87 47.2533831
154.88 47.275873
154.89 47.2983868
154.9 47.3208767
154.91 47.3433666
154.92 47.3658565
154.93 47.3883464
154.94 47.4108363
154.95 47.4333023
154.96 47.4557922
154.97 47.4782582
154.98 47.5007242
154.99 47.5231902
155.0 47.5456323
155.01 47.5680983
155.02 47.5905404
155.03 47.6129825
155.04 47.6354246
155.05 47.6578667
155.06 47.6803088
155.07 47.702727
155.08 47.7251452
155.09 47.7475873
155.1 47.7699816
155.11 47.7923998
155.12 47.814818
155.13 47.8372123
155.14 47.8596066
155.15 47.8820009
155.16 47.9043952
155.17 47.9267895
155.18 47.9491599
155.19 47.9715542
155.2 47.9939246
155.21 48.016295
155.22 48.0386415
155.23 48.0610119
155.24 48.0833584
155.25 48.1057288
155.26 48.1280753
155.27 48.1504218
155.28 48.1727444
155.29 48.1950909
155.3 48.2174135
155.31 48.2397361
155.32 48.2620587
155.33 48.2843813
155.34 48.30668
155.35 48.3290026
155.36 48.3513013
155.37 48.3736
155.38 48.3958987
155.39 48.4181735
155.4 48.4404722
155.41 48.462747
155.42 48.4850218
155.43 48.5072966
155.44 48.5295714
155.45 48.5518223
155.46 48.5740732
155.47 48.5963241
155.48 48.618575
155.49 48.6408259
155.5 48.6630768
155.51 48.6853038
155.52 48.7075308
155.53 48.7297578
155.54 48.7519848
155.55 48.7741879
155.56 48.7964149
155.57 48.818618
155.58 48.8408211
155.59 48.8630003
155.6 48.8852034
155.61 48.9073826
155.62 48.9295857
155.63 48.951741
155.64 48.9739202
155.65 48.9960994
155.66 49.0182547
155.67 49.04041
155.68 49.0625653
155.69 49.0847206
155.7 49.1068759
155.71 49.1290073
155.72 49.1511387
155.73 49.1732701
155.74 49.1954015
155.75 49.2175329
155.76 49.2396404
155.77 49.2617479
155.78 49.2838554
155.79 49.3059629
155.8 49.3280465
155.81 49.350154
155.82 49.3722376
155.83 49.3943212
155.84 49.4163809
155.85 49.4384645
155.86 49.4605242
155.87 49.4825839
155.88 49.5046436
155.89 49.5267033
155.9 49.5487391
155.91 49.5707988
155.92 49.5928346
155.93 49.6148465
155.94 49.6368823
155.95 49.6589181
155.96 49.68093
155.97 49.7029419
155.98 49.7249299
155.99 49.7469418
156.0 49.7689298
156.01 49.7909417
156.02 49.8129058
156.03 49.8348938
156.04 49.8568818
156.05 49.8788459
156.06 49.90081
156.07 49.9227741
156.08 49.9447143
156.09 49.9666784
156.1 49.9886186
156.11 50.0105588
156.12 50.032499
156.13 50.0544153
156.14 50.0763555
156.15 50.0982718
156.16 50.1201881
156.17 50.1420805
156.18 50.1639968
156.19 50.1858892
156.2 50.2077816
156.21 50.229674
156.22 50.2515425
156.23 50.2734349
156.24 50.2953034
156.25 50.3171719
156.26 50.3390165
156.27 50.360885
156.28 50.3827296
156.29 50.4045742
156.3 50.4264188
156.31 50.4482395
156.32 50.4700602
156.33 50.4919048
156.34 50.5137016
156.35 50.5355223
156.36 50.5573191
156.37 50.5791398
156.38 50.6009127
156.39 50.6227095
156.4 50.6445063
156.41 50.6662792
156.42 50.6880521
156.43 50.709825
156.44 50.731574
156.45 50.7533469
156.46 50.7750959
156.47 50.7968449
156.48 50.81857
156.49 50.840319
156.5 50.8620441
156.51 50.8837692
156.52 50.9054704
156.53 50.9271955
156.54 50.9488967
156.55 50.9705979
156.56 50.9922991
156.57 51.0139764
156.58 51.0356537
156.59 51.0573549
156.6 51.0790083
156.61 51.1006856
156.62 51.122339
156.63 51.1439924
156.64 51.1656458
156.65 51.1872992
156.66 51.2089287
156.67 51.2305582
156.68 51.2521877
156.69 51.2738172
156.7 51.2954228
156.71 51.3170284
156.72 51.338634
156.73 51.3602396
156.74 51.3818213
156.75 51.403403
156.76 51.4249847
156.77 51.4465664
156.78 51.4681242
156.79 51.4897059
156.8 51.5112637
156.81 51.5327976
156.82 51.5543554
156.83 51.5758893
156.84 51.5974232
156.85 51.6189571
156.86 51.6404671
156.87 51.6619771
156.88 51.6834871
156.89 51.7049971
156.9 51.7264832
156.91 51.7479932
156.92 51.7694793
156.93 51.7909415
156.94 51.8124276
156.95 51.8338898
156.96 51.855352
156.97 51.8768142
156.98 51.8982525
156.99 51.9196908
157.0 51.9411291
157.01 51.9625674
157.02 51.9839818
157.03 52.0053962
157.04 52.0268106
157.05 52.048225
157.06 52.0696155
157.07 52.091006
157.08 52.1123965
157.09 52.133787
157.1 52.1551536
157.11 52.1765202
157.12 52.1978868
157.13 52.2192534
157.14 52.2405961
157.15 52.2619388
157.16 52.2832815
157.17 52.3046242
157.18 52.325943
157.19 52.3472618
157.2 52.3685806
157.21 52.3898755
157.22 52.4111704
157.23 52.4324653
157.24 52.4537602
157.25 52.4750551
157.26 52.4963261
157.27 52.5175971
157.28 52.5388442
157.29 52.5601152
157.3 52.5813623
157.31 52.6026094
157.32 52.6238326
157.33 52.6450558
157.34 52.666279
157.35 52.6875022
157.36 52.7087254
157.37 52.7299247
157.38 52.751124
157.39 52.7723233
157.4 52.7934987
157.41 52.8146741
157.42 52.8358495
157.43 52.8570249
157.44 52.8781764
157.45 52.8993279
157.46 52.9204794
157.47 52.941607
157.48 52.9627585
157.49 52.9838861
157.5 53.0049898
157.51 53.0261174
157.52 53.0472211
157.53 53.0683248
157.54 53.0894046
157.55 53.1104844
157.56 53.1315881
157.57 53.152644
157.58 53.1737238
157.59 53.1947797
157.6 53.2158356
157.61 53.2368676
157.62 53.2579235
157.63 53.2789555
157.64 53.2999875
157.65 53.3209956
157.66 53.3420037
157.67 53.3630118
157.68 53.3840199
157.69 53.4050041
157.7 53.4260122
157.71 53.4469725
157.72 53.4679567
157.73 53.488917
157.74 53.5098773
157.75 53.5308376
157.76 53.551774
157.77 53.5727104
157.78 53.5936468
157.79 53.6145832
157.8 53.6354957
157.81 53.6564082
157.82 53.6772968
157.83 53.6982093
157.84 53.7190979
157.85 53.7399865
157.86 53.7608512
157.87 53.7817159
157.88 53.8025806
157.89 53.8234453
157.9 53.8442861
157.91 53.8651269
157.92 53.8859677
157.93 53.9068085
157.94 53.9276254
157.95 53.9484423
157.96 53.9692353
157.97 53.9900522
157.98 54.0108452
157.99 54.0316143
158.0 54.0524073
158.01 54.0731764
158.02 54.0939455
158.03 54.1146907
158.04 54.1354359
158.05 54.1561811
158.06 54.1769263
158.07 54.1976476
158.08 54.2183689
158.09 54.2390902
158.1 54.2597876
158.11 54.2805089
158.12 54.3011824
158.13 54.3218798
158.14 54.3425533
158.15 54.3632268
158.16 54.3839003
158.17 54.4045499
158.18 54.4251995
158.19 54.4458491
158.2 54.4664748
158.21 54.4871005
158.22 54.5077262
158.23 54.5283519
158.24 54.5489537
158.25 54.5695555
158.26 54.5901334
158.27 54.6107113
158.28 54.6312892
158.29 54.6518671
158.3 54.6724211
158.31 54.6929751
158.32 54.7135291
158.33 54.7340831
158.34 54.7546132
158.35 54.7751433
158.36 54.7956495
158.37 54.8161557
158.38 54.8366619
158.39 54.8571681
158.4 54.8776504
158.41 54.8981327
158.42 54.9185911
158.43 54.9390734
158.44 54.9595318
158.45 54.9799663
158.46 55.0004247
158.47 55.0208592
158.48 55.0412937
158.49 55.0617043
158.5 55.0821149
158.51 55.1025255
158.52 55.1229122
158.53 55.1433228
158.54 55.1636856
158.55 55.1840723
158.56 55.2044351
158.57 55.2247979
158.58 55.2451607
158.59 55.2654996
158.6 55.2858385
158.61 55.3061535
158.62 55.3264924
158.63 55.3468074
158.64 55.3670985
158.65 55.3873896
158.66 55.4076807
158.67 55.4279718
158.68 55.448239
158.69 55.4685062
158.7 55.4887734
158.71 55.5090406
158.72 55.5292839
158.73 55.5495033
158.74 55.5697466
158.75 55.589966
158.76 55.6101854
158.77 55.6303809
158.78 55.6505764
158.79 55.6707719
158.8 55.6909435
158.81 55.7111151
158.82 55.7312867
158.83 55.7514583
158.84 55.771606
158.85 55.7917298
158.86 55.8118775
158.87 55.8320013
158.88 55.8521251
158.89 55.872225
158.9 55.8923249
158.91 55.9124248
158.92 55.9325247
158.93 55.9526007
158.94 55.9726767
158.95 55.9927288
158.96 56.0127809
158.97 56.032833
158.98 56.0528612
158.99 56.0728894
159.0 56.0929176
159.01 56.1129458
159.02 56.1329501
159.03 56.1529305
159.04 56.1729348
159.05 56.1929152
159.06 56.2128956
159.07 56.2328521
159.08 56.2528086
159.09 56.2727651
159.1 56.2926977
159.11 56.3126303
159.12 56.3325629
159.13 56.3524716
159.14 56.3723803
159.15 56.392289
159.16 56.4121738
159.17 56.4320586
159.18 56.4519434
159.19 56.4718043
159.2 56.4916652
159.21 56.5115261
159.22 56.5313631
159.23 56.5512001
159.24 56.5710371
159.25 56.5908502
159.26 56.6106633
159.27 56.6304525
159.28 56.6502417
159.29 56.6700309
159.3 56.6898201
159.31 56.7095854
159.32 56.7293507
159.33 56.7490921
159.34 56.7688335
159.35 56.7885749
159.36 56.8082924
159.37 56.8280099
159.38 56.8477274
159.39 56.867421
159.4 56.8871146
159.41 56.9068082
159.42 56.9264779
159.43 56.9461476
159.44 56.9658173
159.45 56.9854631
159.46 57.0051089
159.47 57.0247308
159.48 57.0443527
159.49 57.0639746
159.5 57.0835965
159.51 57.1031945
159.52 57.1227686
159.53 57.1423666
159.54 57.1619407
159.55 57.1814909
159.56 57.2010411
159.57 57.2205913
159.58 57.2401415
159.59 57.2596678
159.6 57.2791941
159.61 57.2986965
159.62 57.3182228
159.63 57.3377013
159.64 57.3572037
159.65 57.3766822
159.66 57.3961368
159.67 57.4156153
159.68 57.435046
159.69 57.4545006
159.7 57.4739313
159.71 57.493362
159.72 57.5127688
159.73 57.5321995
159.74 57.5515824
159.75 57.5709892
159.76 57.5903721
159.77 57.6097311
159.78 57.6290901
159.79 57.6484491
159.8 57.6678081
159.81 57.6871432
159.82 57.7064783
159.83 57.7257895
159.84 57.7451007
159.85 57.7644119
159.86 57.7836992
159.87 57.8029865
159.88 57.8222738
159.89 57.8415372
159.9 57.8608006
159.91 57.8800401
159.92 57.8992796
159.93 57.9185191
159.94 57.9377347
159.95 57.9569503
159.96 57.976142
159.97 57.9953576
159.98 58.0145254
159.99 58.0337171
160.0 58.0528849
160.01 58.0720288
160.02 58.0911966
160.03 58.1103405
160.04 58.1294605
160.05 58.1485805
160.06 58.1677005
160.07 58.1867966
160.08 58.2058927
160.09 58.2249888
160.1 58.244061
160.11 58.2631332
160.12 58.2822054
160.13 58.3012537
160.14 58.3202781
160.15 58.3393264
160.16 58.3583508
160.17 58.3773513
160.18 58.3963518
160.19 58.4153523
160.2 58.4343289
160.21 58.4533055
160.22 58.4722821
160.23 58.4912348
160.24 58.5101875
160.25 58.5291402
160.26 58.548069
160.27 58.5669739
160.28 58.5859027
160.29 58.6047837
160.3 58.6236886
160.31 58.6425696
160.32 58.6614506
160.33 58.6803077
160.34 58.6991648
160.35 58.7180219
160.36 58.7368551
160.37 58.7556883
160.38 58.7744976
160.39 58.7933069
160.4 58.8120923
160.41 58.8309016
160.42 58.8496631
160.43 58.8684485
160.44 58.88721
160.45 58.9059476
160.46 58.9247091
160.47 58.9434228
160.48 58.9621604
160.49 58.9808741
160.5 58.9995878
160.51 59.0182776
160.52 59.0369674
160.53 59.0556333
160.54 59.0742992
160.55 59.0929651
160.56 59.1116071
160.57 59.1302491
160.58 59.1488672
160.59 59.1674853
160.6 59.1861034
160.61 59.2046976
160.62 59.2232918
160.63 59.2418621
160.64 59.2604324
160.65 59.2790027
160.66 59.2975491
160.67 59.3160955
160.68 59.334618
160.69 59.3531405
160.7 59.371663
160.71 59.3901616
160.72 59.4086363
160.73 59.4271349
160.74 59.4456096
160.75 59.4640604
160.76 59.4825112
160.77 59.500962
160.78 59.5193889
160.79 59.5378158
160.8 59.5562427
160.81 59.5746457
160.82 59.5930487
160.83 59.6114278
160.84 59.6298069
160.85 59.6481621
160.86 59.6665173
160.87 59.6848725
160.88 59.7032038
160.89 59.7215351
160.9 59.7398425
160.91 59.7581499
160.92 59.7764334
160.93 59.7947169
160.94 59.8130004
160.95 59.83126
160.96 59.8495196
160.97 59.8677792
160.98 59.8860149
160.99 59.9042267
161.0 59.9224385
161.01 59.9406503
161.02 59.9588621
161.03 59.9770261
161.04 59.995214
161.05 60.013378
161.06 60.031542
161.07 60.0496821
161.08 60.0678222
161.09 60.0859384
161.1 60.1040546
161.11 60.1221708
161.12 60.1402631
161.13 60.1583315
161.14 60.1764238
161.15 60.1944922
161.16 60.2125367
161.17 60.2305812
161.18 60.2486257
161.19 60.2666463
161.2 60.284643
161.21 60.3026636
161.22 60.3206603
161.23 60.3386331
161.24 60.3566059
161.25 60.3745787
161.26 60.3925276
161.27 60.4104526
161.28 60.4284015
161.29 60.4463265
161.3 60.4642276
161.31 60.4821287
161.32 60.5000298
161.33 60.517907
161.34 60.5357603
161.35 60.5536375
161.36 60.5714669
161.37 60.5893202
161.38 60.6071496
161.39 60.6249551
161.4 60.6427606
161.41 60.6605661
161.42 60.6783477
161.43 60.6961293
161.44 60.713887
161.45 60.7316447
161.46 60.7494024
161.47 60.7671362
161.48 60.7848461
161.49 60.802556
161.5 60.8202659
161.51 60.8379519
161.52 60.8556379
161.53 60.8733239
161.54 60.890986
161.55 60.9086242
161.56 60.9262624
161.57 60.9439006
161.58 60.9615149
161.59 60.9791292
161.6 60.9967196
161.61 61.01431
161.62 61.0318765
161.63 61.049443
161.64 61.0670095
161.65 61.0845521
161.66 61.1020708
161.67 61.1196134
161.68 61.1371082
161.69 61.1546269
161.7 61.1720978
161.71 61.1895926
161.72 61.2070635
161.73 61.2245105
161.74 61.2419575
161.75 61.2594045
161.76 61.2768276
161.77 61.2942507
161.78 61.3116499
161.79 61.3290491
161.8 61.3464244
161.81 61.3637997
161.82 61.3811511
161.83 61.3985025
161.84 61.4158539
161.85 61.4331814
161.86 61.4505089
161.87 61.4678125
161.88 61.4850922
161.89 61.5023958
161.9 61.5196755
161.91 61.5369313
161.92 61.5541871
161.93 61.571419
161.94 61.5886509
161.95 61.6058828
161.96 61.6230908
161.97 61.6402749
161.98 61.657459
161.99 61.6746431
162.0 61.6918033
162.01 61.7089635
162.02 61.7260998
162.03 61.7432361
162.04 61.7603724
162.05 61.7774848
162.06 61.7945733
162.07 61.8116618
162.08 61.8287264
162.09 61.8458149
162.1 61.8628556
162.11 61.8798963
162.12 61.896937
162.13 61.9139538
162.14 61.9309706
162.15 61.9479635
162.16 61.9649564
162.17 61.9819254
162.18 61.9988944
162.19 62.0158634
162.2 62.0327846
162.21 62.0497297
162.22 62.0666509
162.23 62.0835482
162.24 62.1004455
162.25 62.1173428
162.26 62.1342162
162.27 62.1510896
162.28 62.1679391
162.29 62.1847886
162.3 62.2016142
162.31 62.2184398
162.32 62.2352415
162.33 62.2520432
162.34 62.268821
162.35 62.2855988
162.36 62.3023527
162.37 62.3191066
162.38 62.3358605
162.39 62.3525905
162.4 62.3692966
162.41 62.3860027
162.42 62.4027088
162.43 62.419391
162.44 62.4360493
162.45 62.4527076
162.46 62.4693659
162.47 62.4860003
162.48 62.5026347
162.49 62.5192452
162.5 62.5358557
162.51 62.5524423
162.52 62.5690289
162.53 62.5855916
162.54 62.6021543
162.55 62.6186931
162.56 62.6352319
162.57 62.6517468
162.58 62.6682617
162.59 62.6847527
162.6 62.7012437
162.61 62.7177108
162.62 62.7341779
162.63 62.750645
162.64 62.7670882
162.65 62.7835075
162.66 62.7999268
162.67 62.8163222
162.68 62.8327176
162.69 62.849113
162.7 62.8654845
162.71 62.8818321
162.72 62.8981797
162.73 62.9145273
162.74 62.930851
162.75 62.9471747
162.76 62.9634745
162.77 62.9797504
162.78 62.9960263
162.79 63.0123022
162.8 63.0285542
162.81 63.0448062
162.82 63.0610343
162.83 63.0772385
162.84 63.0934427
162.85 63.1096469
162.86 63.1258272
162.87 63.1420075
162.88 63.1581639
162.89 63.1742964
162.9 63.1904528
162.91 63.2065614
162.92 63.22267
162.93 63.2387786
162.94 63.2548633
162.95 63.270948
162.96 63.2870088
162.97 63.3030696
162.98 63.3191065
162.99 63.3351195
163.0 63.3511564
163.01 63.3671455
163.02 63.3831346
163.03 63.3991237
163.04 63.4150889
163.05 63.4310541
163.06 63.4469954
163.07 63.4629128
163.08 63.4788541
163.09 63.4947476
163.1 63.5106411
163.11 63.5265346
163.12 63.5424042
163.13 63.5582738
163.14 63.5741195
163.15 63.5899413
163.16 63.6057631
163.17 63.6215849
163.18 63.6373828
163.19 63.6531807
163.2 63.6689547
163.21 63.6847048
163.22 63.7004549
163.23 63.716205
163.24 63.7319312
163.25 63.7476335
163.26 63.7633358
163.27 63.7790381
163.28 63.7947165
163.29 63.810371
163.3 63.8260255
163.31 63.8416561
163.32 63.8572867
163.33 63.8729173
163.34 63.8885001
163.35 63.9041068
163.36 63.9196896
163.37 63.9352485
163.38 63.9508074
163.39 63.9663424
163.4 63.9818774
163.41 63.9973885
163.42 64.0128996
163.43 64.0283868
163.44 64.043874
163.45 64.0593373
163.46 64.0747767
163.47 64.09024
163.48 64.1056555
163.49 64.121071
163.5 64.1364865
163.51 64.1518781
163.52 64.1672458
163.53 64.1826135
163.54 64.1979812
163.55 64.213325
163.56 64.2286449
163.57 64.2439648
163.58 64.2592847
163.59 64.2745568
163.6 64.2898528
163.61 64.3051249
163.62 64.3203731
163.63 64.3356213
163.64 64.3508456
163.65 64.3660699
163.66 64.3812703
163.67 64.3964468
163.68 64.4116233
163.69 64.4267998
163.7 64.4419524
163.71 64.457105
163.72 64.4722337
163.73 64.4873385
163.74 64.5024433
163.75 64.5175242
163.76 64.5326051
163.77 64.547686
163.78 64.5627191
163.79 64.5777761
163.8 64.5927853
163.81 64.6078184
163.82 64.6228037
163.83 64.637789
163.84 64.6527743
163.85 64.6677357
163.86 64.6826732
163.87 64.6976107
163.88 64.7125482
163.89 64.7274618
163.9 64.7423515
163.91 64.7572412
163.92 64.772107
163.93 64.7869728
163.94 64.8018147
163.95 64.8166566
163.96 64.8314746
163.97 64.8462926
163.98 64.8610867
163.99 64.8758569
164.0 64.8906271
164.01 64.9053973
164.02 64.9201197
164.03 64.934866
164.04 64.9495884
164.05 64.9642869
164.06 64.9789854
164.07 64.99366
164.08 65.0083107
164.09 65.0229614
164.1 65.0376121
164.11 65.0522389
164.12 65.0668418
164.13 65.0814447
164.14 65.0960237
164.15 65.1106027
164.16 65.1251817
164.17 65.1397129
164.18 65.1542441
164.19 65.1687753
164.2 65.1832826
164.21 65.197766
164.22 65.2122494
164.23 65.2267328
164.24 65.2411923
164.25 65.2556279
164.26 65.2700635
164.27 65.2844752
164.28 65.298863
164.29 65.3132508
164.3 65.3276386
164.31 65.3420025
164.32 65.3563425
164.33 65.3706825
164.34 65.3849986
164.35 65.3993147
164.36 65.4136069
164.37 65.4278991
164.38 65.4421674
164.39 65.4564118
164.4 65.4706562
164.41 65.4849006
164.42 65.4991211
164.43 65.5133177
164.44 65.5275143
164.45 65.541687
164.46 65.5558358
164.47 65.5699846
164.48 65.5841334
164.49 65.5982583
164.5 65.6123593
164.51 65.6264603
164.52 65.6405374
164.53 65.6546145
164.54 65.6686677
164.55 65.682697
164.56 65.6967263
164.57 65.7107556
164.58 65.7247371
164.59 65.7387425
164.6 65.7527001
164.61 65.7666577
164.62 65.7806153
164.63 65.794549
164.64 65.8084588
164.65 65.8223686
164.66 65.8362784
164.67 65.8501404
164.68 65.8640024
164.69 65.8778644
164.7 65.8917025
164.71 65.9055167
164.72 65.9193309
164.73 65.9331212
164.74 65.9469115
164.75 65.9606779
164.76 65.9744443
164.77 65.9881868
164.78 66.0019054
164.79 66.015624
164.8 66.0293187
164.81 66.0430134
164.82 66.0566842
164.83 66.070355
164.84 66.0840019
164.85 66.0976249
164.86 66.1112479
164.87 66.124847
164.88 66.1384461
164.89 66.1520213
164.9 66.1655726
164.91 66.1791239
164.92 66.1926513
164.93 66.2061787
164.94 66.2196822
164.95 66.2331857
164.96 66.2466653
164.97 66.260121
164.98 66.2735767
164.99 66.2870324
165.0 66.3004403
165.01 66.3138482
165.02 66.3272561
165.03 66.3406401
165.04 66.3540002
165.05 66.3673603
165.06 66.3806965
165.07 66.3940327
165.08 66.407345
165.09 66.4206334
165.1 66.4339218
165.11 66.4471863
165.12 66.4604508
165.13 66.4736914
165.14 66.4869081
165.15 66.5001248
165.16 66.5133176
165.17 66.5265104
165.18 66.5396793
165.19 66.5528482
165.2 66.5659932
165.21 66.5791143
165.22 66.5922354
165.23 66.6053326
165.24 66.6184059
165.25 66.6314792
165.26 66.6445525
165.27 66.657578
165.28 66.6706274
165.29 66.683629
165.3 66.6966306
165.31 66.7096322
165.32 66.722586
165.33 66.7355637
165.34 66.7484936
165.35 66.7614235
165.36 66.7743534
165.37 66.7872355
165.38 66.8001415
165.39 66.8129997
165.4 66.8258579
165.41 66.8387161
165.42 66.8515265
165.43 66.8643608
165.44 66.8771473
165.45 66.8899338
165.46 66.9027203
165.47 66.915459
165.48 66.9282216
165.49 66.9409364
165.5 66.9536512
165.51 66.966366
165.52 66.979033
165.53 66.9917239
165.54 67.004367
165.55 67.0170101
165.56 67.0296293
165.57 67.0422485
165.58 67.0548438
165.59 67.0674391
165.6 67.0800105
165.61 67.092558
165.62 67.1051055
165.63 67.1176291
165.64 67.1301288
165.65 67.1426285
165.66 67.1551282
165.67 67.1675801
165.68 67.180032
165.69 67.1924839
165.7 67.2049119
165.71 67.217316
165.72 67.2296962
165.73 67.2420764
165.74 67.2544566
165.75 67.2668129
165.76 67.2791453
165.77 67.2914538
165.78 67.3037623
165.79 67.3160469
165.8 67.3283315
165.81 67.3405922
165.82 67.3528529
165.83 67.3650658
165.84 67.3773026
165.85 67.3894916
165.86 67.4016806
165.87 67.4138696
165.88 67.4260108
165.89 67.4381759
165.9 67.4502932
165.91 67.4624105
165.92 67.4745039
165.93 67.4865973
165.94 67.4986668
165.95 67.5107124
165.96 67.522758
165.97 67.5347797
165.98 67.5468014
165.99 67.5587992
166.0 67.5707731
166.01 67.5827231
166.02 67.594697
166.03 67.6066231
166.04 67.6185492
166.05 67.6304514
166.06 67.6423297
166.07 67.654208
166.08 67.6660863
166.09 67.6779168
166.1 67.6897473
166.11 67.7015778
166.12 67.7133605
166.13 67.7251432
166.14 67.7369259
166.15 67.7486847
166.16 67.7604196
166.17 67.7721545
166.18 67.7838655
166.19 67.7955526
166.2 67.8072397
166.21 67.8189029
166.22 67.8305422
166.23 67.8421815
166.24 67.8537969
166.25 67.8654123
166.26 67.8770038
166.27 67.8885714
166.28 67.9001151
166.29 67.9116588
166.3 67.9232025
166.31 67.9346984
166.32 67.9462182
166.33 67.9576902
166.34 67.9691622
166.35 67.9806103
166.36 67.9920584
166.37 68.0034587
166.38 68.0148829
166.39 68.0262593
166.4 68.0376357
166.41 68.0490121
166.42 68.0603407
166.43 68.0716693
166.44 68.0829979
166.45 68.0942787
166.46 68.1055834
166.47 68.1168403
166.48 68.1280972
166.49 68.1393302
166.5 68.1505632
166.51 68.1617484
166.52 68.1729575
166.53 68.1841188
166.54 68.1952801
166.55 68.2064414
166.56 68.2175549
166.57 68.2286684
166.58 68.2397819
166.59 68.2508476
166.6 68.2619133
166.61 68.272979
166.62 68.2840208
166.63 68.2950387
166.64 68.3060327
166.65 68.3170267
166.66 68.3279968
166.67 68.3389669
166.68 68.3498892
166.69 68.3608354
166.7 68.3717338
166.71 68.3826322
166.72 68.3935067
166.73 68.4043812
166.74 68.4152318
166.75 68.4260585
166.76 68.4368852
166.77 68.447688
166.78 68.4584669
166.79 68.4692458
166.8 68.4800008
166.81 68.4907319
166.82 68.501463
166.83 68.5121702
166.84 68.5228535
166.85 68.5335368
166.86 68.5441962
166.87 68.5548317
166.88 68.5654672
166.89 68.5760788
166.9 68.5866904
166.91 68.5972542
166.92 68.607818
166.93 68.6183818
166.94 68.6289217
166.95 68.6394377
166.96 68.6499298
166.97 68.6604219
166.98 68.6708901
166.99 68.6813344
167.0 68.6917787
167.01 68.7021991
167.02 68.7126195
167.03 68.7229921
167.04 68.7333886
167.05 68.7437373
167.06 68.754086
167.07 68.7644108
167.08 68.7747117
167.09 68.7850126
167.1 68.7952896
167.11 68.8055666
167.12 68.8157958
167.13 68.826025
167.14 68.8362542
167.15 68.8464595
167.16 68.8566409
167.17 68.8667984
167.18 68.8769559
167.19 68.8870895
167.2 68.8971992
167.21 68.9073089
167.22 68.9173947
167.23 68.9274566
167.24 68.9375185
167.25 68.9475565
167.26 68.9575706
167.27 68.9675847
167.28 68.9775749
167.29 68.9875412
167.3 68.9975075
167.31 69.0074499
167.32 69.0173684
167.33 69.027263
167.34 69.0371576
167.35 69.0470522
167.36 69.056899
167.37 69.0667458
167.38 69.0765687
167.39 69.0863916
167.4 69.0961906
167.41 69.1059657
167.42 69.1157169
167.43 69.1254681
167.44 69.1351954
167.45 69.1448988
167.46 69.1546022
167.47 69.1642817
167.48 69.1739373
167.49 69.1835929
167.5 69.1932246
167.51 69.2028324
167.52 69.2124402
167.53 69.2220241
167.54 69.2315841
167.55 69.2411441
167.56 69.2506563
167.57 69.2601924
167.58 69.2696807
167.59 69.279169
167.6 69.2886334
167.61 69.2980739
167.62 69.3075144
167.63 69.316931
167.64 69.3263237
167.65 69.3357164
167.66 69.3450852
167.67 69.3544301
167.68 69.363775
167.69 69.373096
167.7 69.3823931
167.71 69.3916663
167.72 69.4009395
167.73 69.4101888
167.74 69.4194381
167.75 69.4286396
167.76 69.4378411
167.77 69.4470426
167.78 69.4561963
167.79 69.46535
167.8 69.4744798
167.81 69.4836096
167.82 69.4927155
167.83 69.5017975
167.84 69.5108556
167.85 69.5199137
167.86 69.5289479
167.87 69.5379582
167.88 69.5469685
167.89 69.5559549
167.9 69.5649174
167.91 69.573856
167.92 69.5827946
167.93 69.5917093
167.94 69.600624
167.95 69.6094909
167.96 69.6183578
167.97 69.6272247
167.98 69.6360438
167.99 69.6448629
168.0 69.6536581
168.01 69.6624533
168.02 69.6712007
168.03 69.6799481
168.04 69.6886955
168.05 69.6973951
168.06 69.7060947
168.07 69.7147704
168.08 69.7234461
168.09 69.7320979
168.1 69.7407258
168.11 69.7493298
168.12 69.7579338
168.13 69.7665139
168.14 69.7750701
168.15 69.7836024
168.16 69.7921347
168.17 69.8006431
168.18 69.8091515
168.19 69.8176121
168.2 69.8260727
168.21 69.8345094
168.22 69.8429461
168.23 69.8513589
168.24 69.8597478
168.25 69.8681128
168.26 69.8764778
168.27 69.8848189
168.28 69.8931361
168.29 69.9014294
168.3 69.9097227
168.31 69.9179921
168.32 69.9262376
168.33 69.9344831
168.34 69.9427047
168.35 69.9509024
168.36 69.9591001
168.37 69.96725
168.38 69.9753999
168.39 69.9835498
168.4 69.9916519
168.41 69.999754
168.42 70.0078322
168.43 70.0158865
168.44 70.0239408
168.45 70.0319712
168.46 70.0399777
168.47 70.0479842
168.48 70.0559668
168.49 70.0639255
168.5 70.0718603
168.51 70.0797712
168.52 70.0876821
168.53 70.0955691
168.54 70.1034561
168.55 70.1112953
168.56 70.1191345
168.57 70.1269737
168.58 70.1347651
168.59 70.1425565
168.6 70.150324
168.61 70.1580676
168.62 70.1658112
168.63 70.173507
168.64 70.1812267
168.65 70.1888986
168.66 70.1965466
168.67 70.2041946
168.68 70.2118426
168.69 70.2194428
168.7 70.227043
168.71 70.2346193
168.72 70.2421717
168.73 70.2497002
168.74 70.2572287
168.75 70.2647333
168.76 70.272214
168.77 70.2796947
168.78 70.2871276
168.79 70.2945844
168.8 70.3019934
168.81 70.3093785
168.82 70.3167636
168.83 70.3241248
168.84 70.331486
168.85 70.3387994
168.86 70.3461128
168.87 70.3534023
168.88 70.3606918
168.89 70.3679335
168.9 70.3751752
168.91 70.382393
168.92 70.3896108
168.93 70.3967808
168.94 70.4039508
168.95 70.4110969
168.96 70.418243
168.97 70.4253413
168.98 70.4324396
168.99 70.4395379
169.0 70.4465884
169.01 70.4536389
169.02 70.4606655
169.03 70.4676682
169.04 70.474647
169.05 70.4816258
169.06 70.4885807
169.07 70.4955117
169.08 70.5024188
169.09 70.5093259
169.1 70.5162091
169.11 70.5230684
169.12 70.5299277
169.13 70.5367392
169.14 70.5435507
169.15 70.5503383
169.16 70.5571259
169.17 70.5638657
169.18 70.5706055
169.19 70.5773214
169.2 70.5840373
169.21 70.5907054
169.22 70.5973735
169.23 70.6040177
169.24 70.6106619
169.25 70.6172583
169.26 70.6238547
169.27 70.6304272
169.28 70.6369997
169.29 70.6435244
169.3 70.6500491
169.31 70.6565499
169.32 70.6630268
169.33 70.6695037
169.34 70.6759567
169.35 70.6823858
169.36 70.688791
169.37 70.6951723
169.38 70.7015536
169.39 70.707911
169.4 70.7142445
169.41 70.720578
169.42 70.7268637
169.43 70.7331494
169.44 70.7394112
169.45 70.745673
169.46 70.751887
169.47 70.758101
169.48 70.7642911
169.49 70.7704573
169.5 70.7766235
169.51 70.7827658
169.52 70.7888842
169.53 70.7949787
169.54 70.8010493
169.55 70.8071199
169.56 70.8131666
169.57 70.8191894
169.58 70.8251883
169.59 70.8311872
169.6 70.8371622
169.61 70.8431133
169.62 70.8490405
169.63 70.8549677
169.64 70.8608471
169.65 70.8667265
169.66 70.8726059
169.67 70.8784375
169.68 70.8842691
169.69 70.8900529
169.7 70.8958606
169.71 70.9016205
169.72 70.9073565
169.73 70.9130925
169.74 70.9188046
169.75 70.9244928
169.76 70.930181
169.77 70.9358214
169.78 70.9414618
169.79 70.9470783
169.8 70.9526709
169.81 70.9582635
169.82 70.9638322
169.83 70.969377
169.84 70.9748979
169.85 70.9803949
169.86 70.9858919
169.87 70.991365
169.88 70.9968142
169.89 71.0022395
169.9 71.0076409
169.91 71.0130423
169.92 71.0184198
169.93 71.0237734
169.94 71.0291031
169.95 71.0344328
169.96 71.0397386
169.97 71.0450205
169.98 71.0502785
169.99 71.0555126
170.0 71.0607467
170.01 71.065933
170.02 71.0711193
170.03 71.0763056
170.04 71.0814441
170.05 71.0865826
170.06 71.0916972
170.07 71.0967879
170.08 71.1018547
170.09 71.1068976
170.1 71.1119405
170.11 71.1169595
170.12 71.1219546
170.13 71.1269258
170.14 71.131897
170.15 71.1368443
170.16 71.1417677
170.17 71.1466672
170.18 71.1515428
170.19 71.1564184
170.2 71.1612462
170.21 71.166074
170.22 71.1708779
170.23 71.1756818
170.24 71.1804379
170.25 71.185194
170.26 71.1899262
170.27 71.1946345
170.28 71.1993189
170.29 71.2040033
170.3 71.2086638
170.31 71.2133004
170.32 71.2179131
170.33 71.2225019
170.34 71.2270907
170.35 71.2316317
170.36 71.2361727
170.37 71.2406898
170.38 71.2452069
170.39 71.2496762
170.4 71.2541455
170.41 71.2585909
170.42 71.2630124
170.43 71.26741
170.44 71.2718076
170.45 71.2761574
170.46 71.2805072
170.47 71.2848331
170.48 71.289159
170.49 71.2934371
170.5 71.2977152
170.51 71.3019455
170.52 71.3061758
170.53 71.3104061
170.54 71.3145886
170.55 71.3187711
170.56 71.3229058
170.57 71.3270405
170.58 71.3311513
170.59 71.3352621
170.6 71.3393251
170.61 71.3433881
170.62 71.3474272
170.63 71.3514424
170.64 71.3554337
170.65 71.359425
170.66 71.3633685
170.67 71.367312
170.68 71.3712316
170.69 71.3751273
170.7 71.379023
170.71 71.3828709
170.72 71.3867188
170.73 71.3905428
170.74 71.3943429
170.75 71.3981191
170.76 71.4018953
170.77 71.4056237
170.78 71.4093521
170.79 71.4130566
170.8 71.4167372
170.81 71.4204178
170.82 71.4240506
170.83 71.4276834
170.84 71.4312923
170.85 71.4348773
170.86 71.4384384
170.87 71.4419756
170.88 71.4455128
170.89 71.4490261
170.9 71.4525155
170.91 71.455981
170.92 71.4594226
170.93 71.4628642
170.94 71.466258
170.95 71.4696518
170.96 71.4730217
170.97 71.4763916
170.98 71.4797137
170.99 71.4830358
171.0 71.486334
171.01 71.4896083
171.02 71.4928587
171.03 71.4961091
171.04 71.4993356
171.05 71.5025382
171.06 71.5057169
171.07 71.5088717
171.08 71.5120265
171.09 71.5151574
171.1 71.5182644
171.11 71.5213714
171.12 71.5244306
171.13 71.5274898
171.14 71.5305251
171.15 71.5335365
171.16 71.5365479
171.17 71.5395354
171.18 71.542499
171.19 71.5454387
171.2 71.5483784
171.21 71.5512703
171.22 71.5541861
171.23 71.5570541
171.24 71.5598982
171.25 71.5627423
171.26 71.5655625
171.27 71.5683827
171.28 71.5711551
171.29 71.5739275
171.3 71.576676
171.31 71.5794245
171.32 71.5821491
171.33 71.5848498
171.34 71.5875266
171.35 71.5902034
171.36 71.5928563
171.37 71.5954853
171.38 71.5980904
171.39 71.6006955
171.4 71.6032767
171.41 71.605834
171.42 71.6083913
171.43 71.6109247
171.44 71.6134342
171.45 71.6159437
171.46 71.6184293
171.47 71.620891
171.48 71.6233288
171.49 71.6257666
171.5 71.6281805
171.51 71.6305944
171.52 71.6329844
171.53 71.6353505
171.54 71.6376927
171.55 71.6400349
171.56 71.6423532
171.57 71.6446476
171.58 71.646942
171.59 71.6492125
171.6 71.651483
171.61 71.6537057
171.62 71.6559523
171.63 71.6581511
171.64 71.6603499
171.65 71.6625248
171.66 71.6646997
171.67 71.6668268
171.68 71.6689778
171.69 71.671081
171.7 71.6731842
171.71 71.6752874
171.72 71.6773428
171.73 71.6793982
171.74 71.6814536
171.75 71.6834851
171.76 71.6854927
171.77 71.6874764
171.78 71.6894601
171.79 71.6914438
171.8 71.6933797
171.81 71.6953395
171.82 71.6972515
171.83 71.6991635
171.84 71.7010516
171.85 71.7029397
171.86 71.7048039
171.87 71.7066442
171.88 71.7084845
171.89 71.7103248
171.9 71.7121173
171.91 71.7139098
171.92 71.7157023
171.93 71.7174709
171.94 71.7192156
171.95 71.7209603
171.96 71.7226811
171.97 71.7244019
171.98 71.7260988
171.99 71.7277718
172.0 71.7294448
172.01 71.7310939
172.02 71.732743
172.03 71.7343682
172.04 71.7359934
172.05 71.7375947
172.06 71.7391721
172.07 71.7407495
172.08 71.7423269
172.09 71.7438804
172.1 71.74541
172.11 71.7469396
172.12 71.7484453
172.13 71.7499271
172.14 71.7514328
172.15 71.7528907
172.16 71.7543486
172.17 71.7558065
172.18 71.7572405
172.19 71.7586506
172.2 71.7600607
172.21 71.7614469
172.22 71.7628331
172.23 71.7642193
172.24 71.7655816
172.25 71.76692
172.26 71.7682584
172.27 71.7695729
172.28 71.7708874
172.29 71.772178
172.3 71.7734686
172.31 71.7747353
172.32 71.776002
172.33 71.7772448
172.34 71.7784876
172.35 71.7797065
172.36 71.7809254
172.37 71.7821204
172.38 71.7833154
172.39 71.7844865
172.4 71.7856576
172.41 71.7868287
172.42 71.7879759
172.43 71.7890992
172.44 71.7902225
172.45 71.7913219
172.46 71.7924213
172.47 71.7935207
172.48 71.7945962
172.49 71.7956717
172.5 71.7967233
172.51 71.797751
172.52 71.7988026
172.53 71.7998303
172.54 71.8008341
172.55 71.8018379
172.56 71.8028178
172.57 71.8037977
172.58 71.8047776
172.59 71.8057336
172.6 71.8066657
172.61 71.8076217
172.62 71.8085538
172.63 71.809462
172.64 71.8103702
172.65 71.8112545
172.66 71.8121388
172.67 71.8130231
172.68 71.8138835
172.69 71.8147439
172.7 71.8156043
172.71 71.8164408
172.72 71.8172534
172.73 71.818066
172.74 71.8188786
172.75 71.8196673
172.76 71.820456
172.77 71.8212447
172.78 71.8220095
172.79 71.8227743
172.8 71.8235152
172.81 71.8242561
172.82 71.824997
172.83 71.825714
172.84 71.826431
172.85 71.8271241
172.86 71.8278172
172.87 71.8285103
172.88 71.8291795
172.89 71.8298487
172.9 71.8305179
172.91 71.8311632
172.92 71.8318085
172.93 71.8324299
172.94 71.8330513
172.95 71.8336727
172.96 71.8342941
172.97 71.8348916
172.98 71.8354652
172.99 71.8360627
173.0 71.8366124
173.01 71.837186
173.02 71.8377357
173.03 71.8382854
173.04 71.8388351
173.05 71.8393609
173.06 71.8398867
173.07 71.8404125
173.08 71.8409144
173.09 71.8414163
173.1 71.8418943
173.11 71.8423962
173.12 71.8428742
173.13 71.8433283
173.14 71.8437824
173.15 71.8442365
173.16 71.8446906
173.17 71.8451208
173.18 71.8455749
173.19 71.8459812
173.2 71.8464114
173.21 71.8468177
173.22 71.847224
173.23 71.8476064
173.24 71.8479888
173.25 71.8483712
173.26 71.8487536
173.27 71.8491121
173.28 71.8494706
173.29 71.8498291
173.3 71.8501876
173.31 71.8505222
173.32 71.8508568
173.33 71.8511914
173.34 71.8515021
173.35 71.8518128
173.36 71.8521235
173.37 71.8524342
173.38 71.852721
173.39 71.8530078
173.4 71.8532946
173.41 71.8535575
173.42 71.8538204
173.43 71.8541072
173.44 71.8543462
173.45 71.8546091
173.46 71.8548481
173.47 71.8550871
173.48 71.8553261
173.49 71.8555412
173.5 71.8557802
173.51 71.8559953
173.52 71.8562104
173.53 71.8564016
173.54 71.8566167
173.55 71.8568079
173.56 71.8569991
173.57 71.8571664
173.58 71.8573576
173.59 71.8575249
173.6 71.8576922
173.61 71.8578595
173.62 71.8580268
173.63 71.8581702
173.64 71.8583136
173.65 71.858457
173.66 71.8586004
173.67 71.8587438
173.68 71.8588633
173.69 71.8589828
173.7 71.8591023
173.71 71.8592218
173.72 71.8593174
173.73 71.8594369
173.74 71.8595325
173.75 71.8596281
173.76 71.8597237
173.77 71.8598193
173.78 71.859891
173.79 71.8599866
173.8 71.8600583
173.81 71.86013
173.82 71.8602017
173.83 71.8602495
173.84 71.8603212
173.85 71.860369
173.86 71.8604168
173.87 71.8604646
173.88 71.8605124
173.89 71.8605602
173.9 71.8605841
173.91 71.8606319
173.92 71.8606558
173.93 71.8606797
173.94 71.8607036
173.95 71.8607275
173.96 71.8607514
173.97 71.8607514
173.98 71.8607753
173.99 71.8607753
174.0 71.8607753
174.01 71.8607753
174.02 71.8607753
174.03 71.8607753
174.04 71.8607514
174.05 71.8607275
174.06 71.8607275
174.07 71.8607036
174.08 71.8606797
174.09 71.8606558
174.1 71.860608
174.11 71.8605841
174.12 71.8605363
174.13 71.8605124
174.14 71.8604646
174.15 71.8604168
174.16 71.860369
174.17 71.8603212
174.18 71.8602495
174.19 71.8602017
174.2 71.86013
174.21 71.8600583
174.22 71.8600105
174.23 71.8599388
174.24 71.8598432
174.25 71.8597715
174.26 71.8596998
174.27 71.8596042
174.28 71.8595325
174.29 71.8594369
174.3 71.8593413
174.31 71.8592457
174.32 71.8591501
174.33 71.8590306
174.34 71.858935
174.35 71.8588394
174.36 71.8587199
174.37 71.8586004
174.38 71.8584809
174.39 71.8583614
174.4 71.8582419
174.41 71.8581224
174.42 71.8580029
174.43 71.8578595
174.44 71.85774
174.45 71.8575966
174.46 71.8574532
174.47 71.8573098
174.48 71.8571664
174.49 71.857023
174.5 71.8568796
174.51 71.8567123
174.52 71.8565689
174.53 71.8564016
174.54 71.8562343
174.55 71.8560909
174.56 71.8559236
174.57 71.8557563
174.58 71.855589
174.59 71.8553978
174.6 71.8552305
174.61 71.8550393
174.62 71.854872
174.63 71.8546808
174.64 71.8544896
174.65 71.8543223
174.66 71.8541311
174.67 71.8539399
174.68 71.8537248
174.69 71.8535336
174.7 71.8533424
174.71 71.8531273
174.72 71.8529361
174.73 71.852721
174.74 71.8525059
174.75 71.8522908
174.76 71.8520757
174.77 71.8518606
174.78 71.8516455
174.79 71.8514304
174.8 71.8511914
174.81 71.8509763
174.82 71.8507373
174.83 71.8505222
174.84 71.8502832
174.85 71.8500442
174.86 71.8498052
174.87 71.8495662
174.88 71.8493272
174.89 71.8490882
174.9 71.8488492
174.91 71.8485863
174.92 71.8483473
174.93 71.8480844
174.94 71.8478454
174.95 71.8475825
174.96 71.8473196
174.97 71.8470567
174.98 71.8467938
174.99 71.8465309
175.0 71.846268
175.01 71.8460051
175.02 71.8457422
175.03 71.8454554
175.04 71.8451925
175.05 71.8449057
175.06 71.8446428
175.07 71.844356
175.08 71.8440692
175.09 71.8438063
175.1 71.8435195
175.11 71.8432327
175.12 71.8429459
175.13 71.8426352
175.14 71.8423484
175.15 71.8420616
175.16 71.8417748
175.17 71.8414641
175.18 71.8411773
175.19 71.8408666
175.2 71.8405559
175.21 71.8402691
175.22 71.8399584
175.23 71.8396477
175.24 71.839337
175.25 71.8390263
175.26 71.8387156
175.27 71.8384049
175.28 71.8380942
175.29 71.8377835
175.3 71.8374489
175.31 71.8371382
175.32 71.8368036
175.33 71.8364929
175.34 71.8361583
175.35 71.8358476
175.36 71.835513
175.37 71.8351784
175.38 71.8348677
175.39 71.8345331
175.4 71.8341985
175.41 71.8338639
175.42 71.8335293
175.43 71.8331947
175.44 71.8328601
175.45 71.8325016
175.46 71.832167
175.47 71.8318324
175.48 71.8314739
175.49 71.8311393
175.5 71.8308047
175.51 71.8304462
175.52 71.8300877
175.53 71.8297531
175.54 71.8293946
175.55 71.8290361
175.56 71.8287015
175.57 71.828343
175.58 71.8279845
175.59 71.827626
175.6 71.8272675
175.61 71.826909
175.62 71.8265505
175.63 71.826192
175.64 71.8258335
175.65 71.825475
175.66 71.8251165
175.67 71.8247341
175.68 71.8243756
175.69 71.8240171
175.7 71.8236347
175.71 71.8232762
175.72 71.8228938
175.73 71.8225353
175.74 71.8221529
175.75 71.8217944
175.76 71.821412
175.77 71.8210535
175.78 71.8206711
175.79 71.8202887
175.8 71.8199063
175.81 71.8195478
175.82 71.8191654
175.83 71.818783
175.84 71.8184006
175.85 71.8180182
175.86 71.8176358
175.87 71.8172534
175.88 71.816871
175.89 71.8164886
175.9 71.8161062
175.91 71.8157238
175.92 71.8153414
175.93 71.814959
175.94 71.8145766
175.95 71.8141942
175.96 71.8137879
175.97 71.8134055
175.98 71.8130231
175.99 71.8126407
176.0 71.8122344
176.01 71.811852
176.02 71.8114696
176.03 71.8110633
176.04 71.8106809
176.05 71.8102985
176.06 71.8098922
176.07 71.8095098
176.08 71.8091035
176.09 71.8087211
176.1 71.8083148
176.11 71.8079324
176.12 71.8075261
176.13 71.8071437
176.14 71.8067374
176.15 71.806355
176.16 71.8059487
176.17 71.8055663
176.18 71.80516
176.19 71.8047776
176.2 71.8043713
176.21 71.803965
176.22 71.8035826
176.23 71.8031763
176.24 71.80277
176.25 71.8023876
176.26 71.8019813
176.27 71.8015989
176.28 71.8011926
176.29 71.8007863
176.3 71.8004039
176.31 71.7999976
176.32 71.7995913
176.33 71.7992089
176.34 71.7988026
176.35 71.7983963
176.36 71.7980139
176.37 71.7976076
176.38 71.7972013
176.39 71.7968189
176.4 71.7964126
176.41 71.7960063
176.42 71.7956239
176.43 71.7952176
176.44 71.7948113
176.45 71.7944289
176.46 71.7940226
176.47 71.7936163
176.48 71.7932339
176.49 71.7928276
176.5 71.7924452
176.51 71.7920389
176.52 71.7916326
176.53 71.7912502
176.54 71.7908439
176.55 71.7904615
176.56 71.7900552
176.57 71.7896728
176.58 71.7892665
176.59 71.7888841
176.6 71.7884778
176.61 71.7880954
176.62 71.7876891
176.63 71.7873067
176.64 71.7869004
176.65 71.786518
176.66 71.7861356
176.67 71.7857293
176.68 71.7853469
176.69 71.7849406
176.7 71.7845582
176.71 71.7841758
176.72 71.7837934
176.73 71.7833871
176.74 71.7830047
176.75 71.7826223
176.76 71.7822399
176.77 71.7818575
176.78 71.7814751
176.79 71.7810688
176.8 71.7806864
176.81 71.780304
176.82 71.7799216
176.83 71.7795392
176.84 71.7791568
176.85 71.7787983
176.86 71.7784159
176.87 71.7780335
176.88 71.7776511
176.89 71.7772687
176.9 71.7768863
176.91 71.7765278
176.92 71.7761454
176.93 71.775763
176.94 71.7754045
176.95 71.7750221
176.96 71.7746636
176.97 71.7742812
176.98 71.7739227
176.99 71.7735403
177.0 71.7731818
177.01 71.7727994
177.02 71.7724409
177.03 71.7720824
177.04 71.7717
177.05 71.7713415
177.06 71.770983
177.07 71.7706245
177.08 71.770266
177.09 71.7699075
177.1 71.769549
177.11 71.7691905
177.12 71.768832
177.13 71.7684735
177.14 71.768115
177.15 71.7677565
177.16 71.767398
177.17 71.7670395
177.18 71.766681
177.19 71.7663464
177.2 71.7659879
177.21 71.7656294
177.22 71.7652948
177.23 71.7649363
177.24 71.7645778
177.25 71.7642432
177.26 71.7638847
177.27 71.7635501
177.28 71.7631916
177.29 71.762857
177.3 71.7625224
177.31 71.7621639
177.32 71.7618293
177.33 71.7614947
177.34 71.7611362
177.35 71.7608016
177.36 71.760467
177.37 71.7601324
177.38 71.7597978
177.39 71.7594632
177.4 71.7591047
177.41 71.7587701
177.42 71.7584355
177.43 71.7581009
177.44 71.7577663
177.45 71.7574556
177.46 71.757121
177.47 71.7567864
177.48 71.7564518
177.49 71.7561172
177.5 71.7557826
177.51 71.7554719
177.52 71.7551373
177.53 71.7548027
177.54 71.754492
177.55 71.7541574
177.56 71.7538228
177.57 71.7535121
177.58 71.7531775
177.59 71.7528668
177.6 71.7525322
177.61 71.7522215
177.62 71.7519108
177.63 71.7515762
177.64 71.7512655
177.65 71.7509548
177.66 71.7506202
177.67 71.7503095
177.68 71.7499988
177.69 71.7496642
177.7 71.7493535
177.71 71.7490428
177.72 71.7487321
177.73 71.7484214
177.74 71.7481107
177.75 71.7478
177.76 71.7474893
177.77 71.7471786
177.78 71.7468679
177.79 71.7465572
177.8 71.7462465
177.81 71.7459358
177.82 71.7456251
177.83 71.7453144
177.84 71.7450037
177.85 71.7447169
177.86 71.7444062
177.87 71.7440955
177.88 71.7437848
177.89 71.743498
177.9 71.7431873
177.91 71.7429005
177.92 71.7425898
177.93 71.7422791
177.94 71.7419923
177.95 71.7416816
177.96 71.7413948
177.97 71.7410841
177.98 71.7407973
177.99 71.7404866
178.0 71.7401998
178.01 71.7398891
178.02 71.7396023
178.03 71.7393155
178.04 71.7390048
178.05 71.738718
178.06 71.7384312
178.07 71.7381444
178.08 71.7378337
178.09 71.7375469
178.1 71.7372601
178.11 71.7369733
178.12 71.7366865
178.13 71.7363997
178.14 71.7361129
178.15 71.7358022
178.16 71.7355154
178.17 71.7352286
178.18 71.7349418
178.19 71.734655
178.2 71.7343682
178.21 71.7340814
178.22 71.7338185
178.23 71.7335317
178.24 71.7332449
178.25 71.7329581
178.26 71.7326713
178.27 71.7323845
178.28 71.7321216
178.29 71.7318348
178.3 71.731548
178.31 71.7312612
178.32 71.7309983
178.33 71.7307115
178.34 71.7304247
178.35 71.7301618
178.36 71.729875
178.37 71.7295882
178.38 71.7293253
178.39 71.7290385
178.4 71.7287756
178.41 71.7284888
178.42 71.7282259
178.43 71.7279391
178.44 71.7276762
178.45 71.7273894
178.46 71.7271265
178.47 71.7268397
178.48 71.7265768
178.49 71.72629
178.5 71.7260271
178.51 71.7257642
178.52 71.7254774
178.53 71.7252145
178.54 71.7249516
178.55 71.7246648
178.56 71.7244019
178.57 71.724139
178.58 71.7238761
178.59 71.7236132
178.6 71.7233264
178.61 71.7230635
178.62 71.7228006
178.63 71.7225377
178.64 71.7222748
178.65 71.7220119
178.66 71.721749
178.67 71.7214622
178.68 71.7211993
178.69 71.7209364
178.7 71.7206735
178.71 71.7204106
178.72 71.7201477
178.73 71.7198848
178.74 71.7196219
178.75 71.719359
178.76 71.7190961
178.77 71.7188571
178.78 71.7185942
178.79 71.7183313
178.8 71.7180684
178.81 71.7178055
178.82 71.7175426
178.83 71.7172797
178.84 71.7170168
178.85 71.7167778
178.86 71.7165149
178.87 71.716252
178.88 71.7159891
178.89 71.7157501
178.9 71.7154872
178.91 71.7152243
178.92 71.7149614
178.93 71.7147224
178.94 71.7144595
178.95 71.7141966
178.96 71.7139576
178.97 71.7136947
178.98 71.7134318
178.99 71.7131928
179.0 71.7129299
179.01 71.712667
179.02 71.712428
179.03 71.7121651
179.04 71.7119261
179.05 71.7116632
179.06 71.7114242
179.07 71.7111613
179.08 71.7109223
179.09 71.7106594
179.1 71.7103965
179.11 71.7101575
179.12 71.7099185
179.13 71.7096556
179.14 71.7094166
179.15 71.7091537
179.16 71.7089147
179.17 71.7086518
179.18 71.7084128
179.19 71.7081499
179.2 71.7079109
179.21 71.7076719
179.22 71.707409
179.23 71.70717
179.24 71.706931
179.25 71.7066681
179.26 71.7064291
179.27 71.7061662
179.28 71.7059272
179.29 71.7056882
179.3 71.7054492
179.31 71.7051863
179.32 71.7049473
179.33 71.7047083
179.34 71.7044454
179.35 71.7042064
179.36 71.7039674
179.37 71.7037284
179.38 71.7034655
179.39 71.7032265
179.4 71.7029875
179.41 71.7027485
179.42 71.7024856
179.43 71.7022466
179.44 71.7020076
179.45 71.7017686
179.46 71.7015296
179.47 71.7012667
179.48 71.7010277
179.49 71.7007887
179.5 71.7005497
179.51 71.7003107
179.52 71.7000717
179.53 71.6998088
179.54 71.6995698
179.55 71.6993308
179.56 71.6990918
179.57 71.6988528
179.58 71.6986138
179.59 71.6983748
179.6 71.6981358
179.61 71.6978729
179.62 71.6976339
179.63 71.6973949
179.64 71.6971559
179.65 71.6969169
179.66 71.6966779
179.67 71.6964389
179.68 71.6961999
179.69 71.6959609
179.7 71.6957219
179.71 71.6954829
179.72 71.69522
179.73 71.694981
179.74 71.694742
179.75 71.694503
179.76 71.694264
179.77 71.694025
179.78 71.693786
179.79 71.693547
179.8 71.693308
179.81 71.693069
179.82 71.69283
179.83 71.692591
179.84 71.692352
179.85 71.692113
179.86 71.691874
179.87 71.691635
179.88 71.691396
179.89 71.691157
179.9 71.690918
179.91 71.690679
179.92 71.69044
179.93 71.690201
179.94 71.689962
179.95 71.689723
179.96 71.689484
179.97 71.689245
179.98 71.689006
179.99 71.688767
180.0 71.688528
180.01 71.688528
