0.0 71.7193829
0.01 71.719598
0.02 71.719837
0.03 71.7200521
0.04 71.7202672
0.05 71.7204823
0.06 71.7206974
0.07 71.7209125
0.08 71.7211515
0.09 71.7213666
0.1 71.7215817
0.11 71.7217968
0.12 71.7220119
0.13 71.722227
0.14 71.722466
0.15 71.7226811
0.16 71.7228962
0.17 71.7231113
0.18 71.7233264
0.19 71.7235654
0.2 71.7237805
0.21 71.7239956
0.22 71.7242107
0.23 71.7244258
0.24 71.7246409
0.25 71.724856
0.26 71.725095
0.27 71.7253101
0.28 71.7255252
0.29 71.7257403
0.3 71.7259554
0.31 71.7261705
0.32 71.7264095
0.33 71.7266246
0.34 71.7268397
0.35 71.7270548
0.36 71.7272699
0.37 71.727485
0.38 71.7277001
0.39 71.7279391
0.4 71.7281542
0.41 71.7283693
0.42 71.7285844
0.43 71.7287995
0.44 71.7290146
0.45 71.7292297
0.46 71.7294448
0.47 71.7296838
0.48 71.7298989
0.49 71.730114
0.5 71.7303291
0.51 71.7305442
0.52 71.7307593
0.53 71.7309744
0.54 71.7311895
0.55 71.7314046
0.56 71.7316436
0.57 71.7318587
0.58 71.7320738
0.59 71.7322889
0.6 71.732504
0.61 71.7327191
0.62 71.7329342
0.63 71.7331493
0.64 71.7333644
0.65 71.7335795
0.66 71.7337946
0.67 71.7340097
0.68 71.7342248
0.69 71.7344638
0.7 71.7346789
0.71 71.734894
0.72 71.7351091
0.73 71.7353242
0.74 71.7355393
0.75 71.7357544
0.76 71.7359695
0.77 71.7361846
0.78 71.7363997
0.79 71.7366148
0.8 71.7368299
0.81 71.737045
0.82 71.7372601
0.83 71.7374752
0.84 71.7376903
0.85 71.7379054
0.86 71.7381205
0.87 71.7383356
0.88 71.7385507
0.89 71.7387658
0.9 71.7389809
0.91 71.739196
0.92 71.7394111
0.93 71.7396262
0.94 71.7398413
0.95 71.7400325
0.96 71.7402476
0.97 71.7404627
0.98 71.7406778
0.99 71.7408929
1.0 71.741108
1.01 71.7413231
1.02 71.7415382
1.03 71.7417533
1.04 71.7419684
1.05 71.7421835
1.06 71.7423747
1.07 71.7425898
1.08 71.7428049
1.09 71.74302
1.1 71.7432351
1.11 71.7434502
1.12 71.7436653
1.13 71.7438565
1.14 71.7440716
1.15 71.7442867
1.16 71.7445018
1.17 71.7447169
1.18 71.744932
1.19 71.7451232
1.2 71.7453383
1.21 71.7455534
1.22 71.7457685
1.23 71.7459836
1.24 71.7461748
1.25 71.7463899
1.26 71.746605
1.27 71.7468201
1.28 71.7470113
1.29 71.7472264
1.3 71.7474415
1.31 71.7476566
1.32 71.7478478
1.33 71.7480629
1.34 71.748278
1.35 71.7484692
1.36 71.7486843
1.37 71.7488994
1.38 71.7490906
1.39 71.7493057
1.4 71.7495208
1.41 71.749712
1.42 71.7499271
1.43 71.7501422
1.44 71.7503334
1.45 71.7505485
1.46 71.7507636
1.47 71.7509548
1.48 71.7511699
1.49 71.7513611
1.5 71.7515762
1.51 71.7517913
1.52 71.7519825
1.53 71.7521976
1.54 71.7523888
1.55 71.7526039
1.56 71.7527951
1.57 71.7530102
1.58 71.7532014
1.59 71.7534165
1.6 71.7536077
1.61 71.7538228
1.62 71.754014
1.63 71.7542291
1.64 71.7544203
1.65 71.7546354
1.66 71.7548266
1.67 71.7550417
1.68 71.7552329
1.69 71.755448
1.7 71.7556392
1.71 71.7558304
1.72 71.7560455
1.73 71.7562367
1.74 71.7564518
1.75 71.756643
1.76 71.7568342
1.77 71.7570493
1.78 71.7572405
1.79 71.7574317
1.8 71.7576468
1.81 71.757838
1.82 71.7580292
1.83 71.7582443
1.84 71.7584355
1.85 71.7586267
1.86 71.7588179
1.87 71.759033
1.88 71.7592242
1.89 71.7594154
1.9 71.7596066
1.91 71.7598217
1.92 71.7600129
1.93 71.7602041
1.94 71.7603953
1.95 71.7605865
1.96 71.7608016
1.97 71.7609928
1.98 71.761184
1.99 71.7613752
2.0 71.7615664
2.01 71.7617576
2.02 71.7619488
2.03 71.76214
2.04 71.7623312
2.05 71.7625463
2.06 71.7627375
2.07 71.7629287
2.08 71.7631199
2.09 71.7633111
2.1 71.7635023
2.11 71.7636935
2.12 71.7638847
2.13 71.7640759
2.14 71.7642671
2.15 71.7644583
2.16 71.7646495
2.17 71.7648407
2.18 71.765008
2.19 71.7651992
2.2 71.7653904
2.21 71.7655816
2.22 71.7657728
2.23 71.765964
2.24 71.7661552
2.25 71.7663464
2.26 71.7665137
2.27 71.7667049
2.28 71.7668961
2.29 71.7670873
2.3 71.7672785
2.31 71.7674458
2.32 71.767637
2.33 71.7678282
2.34 71.7680194
2.35 71.7681867
2.36 71.7683779
2.37 71.7685691
2.38 71.7687603
2.39 71.7689276
2.4 71.7691188
2.41 71.76931
2.42 71.7694773
2.43 71.7696685
2.44 71.7698358
2.45 71.770027
2.46 71.7702182
2.47 71.7703855
2.48 71.7705767
2.49 71.770744
2.5 71.7709352
2.51 71.7711025
2.52 71.7712937
2.53 71.771461
2.54 71.7716522
2.55 71.7718195
2.56 71.7720107
2.57 71.772178
2.58 71.7723692
2.59 71.7725365
2.6 71.7727038
2.61 71.772895
2.62 71.7730623
2.63 71.7732296
2.64 71.7734208
2.65 71.7735881
2.66 71.7737554
2.67 71.7739466
2.68 71.7741139
2.69 71.7742812
2.7 71.7744724
2.71 71.7746397
2.72 71.774807
2.73 71.7749743
2.74 71.7751416
2.75 71.7753328
2.76 71.7755001
2.77 71.7756674
2.78 71.7758347
2.79 71.776002
2.8 71.7761693
2.81 71.7763366
2.82 71.7765278
2.83 71.7766951
2.84 71.7768624
2.85 71.7770297
2.86 71.777197
2.87 71.7773643
2.88 71.7775316
2.89 71.7776989
2.9 71.7778662
2.91 71.7780335
2.92 71.7782008
2.93 71.7783442
2.94 71.7785115
2.95 71.7786788
2.96 71.7788461
2.97 71.7790134
2.98 71.7791807
2.99 71.779348
3.0 71.7794914
3.01 71.7796587
3.02 71.779826
3.03 71.7799933
3.04 71.7801606
3.05 71.780304
3.06 71.7804713
3.07 71.7806386
3.08 71.780782
3.09 71.7809493
3.1 71.7811166
3.11 71.78126
3.12 71.7814273
3.13 71.7815707
3.14 71.781738
3.15 71.7819053
3.16 71.7820487
3.17 71.782216
3.18 71.7823594
3.19 71.7825267
3.2 71.7826701
3.21 71.7828374
3.22 71.7829808
3.23 71.7831242
3.24 71.7832915
3.25 71.7834349
3.26 71.7836022
3.27 71.7837456
3.28 71.783889
3.29 71.7840563
3.3 71.7841997
3.31 71.7843431
3.32 71.7845104
3.33 71.7846538
3.34 71.7847972
3.35 71.7849406
3.36 71.785084
3.37 71.7852513
3.38 71.7853947
3.39 71.7855381
3.4 71.7856815
3.41 71.7858249
3.42 71.7859683
3.43 71.7861117
3.44 71.7862551
3.45 71.7863985
3.46 71.7865419
3.47 71.7866853
3.48 71.7868287
3.49 71.7869721
3.5 71.7871155
3.51 71.7872589
3.52 71.7874023
3.53 71.7875457
3.54 71.7876891
3.55 71.7878086
3.56 71.787952
3.57 71.7880954
3.58 71.7882388
3.59 71.7883822
3.6 71.7885017
3.61 71.7886451
3.62 71.7887885
3.63 71.788908
3.64 71.7890514
3.65 71.7891948
3.66 71.7893143
3.67 71.7894577
3.68 71.7895772
3.69 71.7897206
3.7 71.7898401
3.71 71.7899835
3.72 71.790103
3.73 71.7902464
3.74 71.7903659
3.75 71.7905093
3.76 71.7906288
3.77 71.7907722
3.78 71.7908917
3.79 71.7910112
3.8 71.7911307
3.81 71.7912741
3.82 71.7913936
3.83 71.7915131
3.84 71.7916326
3.85 71.791776
3.86 71.7918955
3.87 71.792015
3.88 71.7921345
3.89 71.792254
3.9 71.7923735
3.91 71.792493
3.92 71.7926125
3.93 71.792732
3.94 71.7928515
3.95 71.792971
3.96 71.7930905
3.97 71.79321
3.98 71.7933295
3.99 71.793449
4.0 71.7935685
4.01 71.793688
4.02 71.7938075
4.03 71.7939031
4.04 71.7940226
4.05 71.7941421
4.06 71.7942616
4.07 71.7943572
4.08 71.7944767
4.09 71.7945962
4.1 71.7946918
4.11 71.7948113
4.12 71.7949069
4.13 71.7950264
4.14 71.795122
4.15 71.7952415
4.16 71.7953371
4.17 71.7954566
4.18 71.7955522
4.19 71.7956717
4.2 71.7957673
4.21 71.7958629
4.22 71.7959824
4.23 71.796078
4.24 71.7961736
4.25 71.7962931
4.26 71.7963887
4.27 71.7964843
4.28 71.7965799
4.29 71.7966755
4.3 71.7967711
4.31 71.7968906
4.32 71.7969862
4.33 71.7970818
4.34 71.7971774
4.35 71.797273
4.36 71.7973686
4.37 71.7974642
4.38 71.7975359
4.39 71.7976315
4.4 71.7977271
4.41 71.7978227
4.42 71.7979183
4.43 71.7980139
4.44 71.7980856
4.45 71.7981812
4.46 71.7982768
4.47 71.7983724
4.48 71.7984441
4.49 71.7985397
4.5 71.7986114
4.51 71.798707
4.52 71.7987787
4.53 71.7988743
4.54 71.798946
4.55 71.7990416
4.56 71.7991133
4.57 71.7992089
4.58 71.7992806
4.59 71.7993762
4.6 71.7994479
4.61 71.7995196
4.62 71.7995913
4.63 71.7996869
4.64 71.7997586
4.65 71.7998303
4.66 71.799902
4.67 71.7999737
4.68 71.8000454
4.69 71.8001171
4.7 71.8001888
4.71 71.8002605
4.72 71.8003322
4.73 71.8004039
4.74 71.8004756
4.75 71.8005473
4.76 71.800619
4.77 71.8006907
4.78 71.8007624
4.79 71.8008102
4.8 71.8008819
4.81 71.8009536
4.82 71.8010014
4.83 71.8010731
4.84 71.8011209
4.85 71.8011926
4.86 71.8012404
4.87 71.8013121
4.88 71.8013599
4.89 71.8014316
4.9 71.8014794
4.91 71.8015272
4.92 71.801575
4.93 71.8016467
4.94 71.8016945
4.95 71.8017423
4.96 71.8017901
4.97 71.8018379
4.98 71.8018857
4.99 71.8019335
5.0 71.8019813
5.01 71.8020291
5.02 71.8020769
5.03 71.8021008
5.04 71.8021486
5.05 71.8021964
5.06 71.8022442
5.07 71.8022681
5.08 71.8023159
5.09 71.8023398
5.1 71.8023876
5.11 71.8024115
5.12 71.8024354
5.13 71.8024832
5.14 71.8025071
5.15 71.802531
5.16 71.8025549
5.17 71.8026027
5.18 71.8026266
5.19 71.8026505
5.2 71.8026744
5.21 71.8026983
5.22 71.8027222
5.23 71.8027222
5.24 71.8027461
5.25 71.80277
5.26 71.8027939
5.27 71.8027939
5.28 71.8028178
5.29 71.8028178
5.3 71.8028417
5.31 71.8028417
5.32 71.8028417
5.33 71.8028656
5.34 71.8028656
5.35 71.8028656
5.36 71.8028656
5.37 71.8028656
5.38 71.8028656
5.39 71.8028656
5.4 71.8028656
5.41 71.8028656
5.42 71.8028656
5.43 71.8028417
5.44 71.8028417
5.45 71.8028417
5.46 71.8028178
5.47 71.8028178
5.48 71.8027939
5.49 71.80277
5.5 71.80277
5.51 71.8027461
5.52 71.8027222
5.53 71.8026983
5.54 71.8026744
5.55 71.8026505
5.56 71.8026266
5.57 71.8026027
5.58 71.8025788
5.59 71.802531
5.6 71.8025071
5.61 71.8024832
5.62 71.8024354
5.63 71.8024115
5.64 71.8023637
5.65 71.8023159
5.66 71.802292
5.67 71.8022442
5.68 71.8021964
5.69 71.8021486
5.7 71.8021008
5.71 71.802053
5.72 71.8019813
5.73 71.8019335
5.74 71.8018857
5.75 71.8018379
5.76 71.8017662
5.77 71.8017184
5.78 71.8016467
5.79 71.801575
5.8 71.8015033
5.81 71.8014555
5.82 71.8013838
5.83 71.8013121
5.84 71.8012404
5.85 71.8011687
5.86 71.8010731
5.87 71.8010014
5.88 71.8009297
5.89 71.8008341
5.9 71.8007624
5.91 71.8006668
5.92 71.8005712
5.93 71.8004995
5.94 71.8004039
5.95 71.8003083
5.96 71.8002127
5.97 71.8001171
5.98 71.8000215
5.99 71.799902
6.0 71.7998064
6.01 71.7997108
6.02 71.7995913
6.03 71.7994957
6.04 71.7993762
6.05 71.7992567
6.06 71.7991372
6.07 71.7990177
6.08 71.7988982
6.09 71.7987787
6.1 71.7986592
6.11 71.7985397
6.12 71.7984202
6.13 71.7982768
6.14 71.7981573
6.15 71.7980139
6.16 71.7978705
6.17 71.797751
6.18 71.7976076
6.19 71.7974642
6.2 71.7973208
6.21 71.7971774
6.22 71.7970101
6.23 71.7968667
6.24 71.7967233
6.25 71.796556
6.26 71.7964126
6.27 71.7962453
6.28 71.796078
6.29 71.7959107
6.3 71.7957434
6.31 71.7955761
6.32 71.7954088
6.33 71.7952415
6.34 71.7950503
6.35 71.794883
6.36 71.7946918
6.37 71.7945245
6.38 71.7943333
6.39 71.7941421
6.4 71.7939509
6.41 71.7937597
6.42 71.7935685
6.43 71.7933773
6.44 71.7931622
6.45 71.792971
6.46 71.7927559
6.47 71.7925647
6.48 71.7923496
6.49 71.7921345
6.5 71.7919194
6.51 71.7917043
6.52 71.7914892
6.53 71.7912502
6.54 71.7910351
6.55 71.7907961
6.56 71.790581
6.57 71.790342
6.58 71.790103
6.59 71.789864
6.6 71.789625
6.61 71.789386
6.62 71.789147
6.63 71.7888841
6.64 71.7886451
6.65 71.7883822
6.66 71.7881193
6.67 71.7878564
6.68 71.7875935
6.69 71.7873306
6.7 71.7870677
6.71 71.7868048
6.72 71.786518
6.73 71.7862551
6.74 71.7859683
6.75 71.7856815
6.76 71.7853947
6.77 71.7851079
6.78 71.7848211
6.79 71.7845343
6.8 71.7842475
6.81 71.7839368
6.82 71.7836261
6.83 71.7833393
6.84 71.7830286
6.85 71.7827179
6.86 71.7824072
6.87 71.7820726
6.88 71.7817619
6.89 71.7814512
6.9 71.7811166
6.91 71.780782
6.92 71.7804474
6.93 71.7801128
6.94 71.7797782
6.95 71.7794436
6.96 71.7790851
6.97 71.7787505
6.98 71.778392
6.99 71.7780574
7.0 71.7776989
7.01 71.7773404
7.02 71.776958
7.03 71.7765995
7.04 71.776241
7.05 71.7758586
7.06 71.7754762
7.07 71.7751177
7.08 71.7747353
7.09 71.774329
7.1 71.7739466
7.11 71.7735642
7.12 71.7731579
7.13 71.7727755
7.14 71.7723692
7.15 71.7719629
7.16 71.7715566
7.17 71.7711503
7.18 71.7707201
7.19 71.7703138
7.2 71.7698836
7.21 71.7694534
7.22 71.7690471
7.23 71.7686169
7.24 71.7681628
7.25 71.7677326
7.26 71.7673024
7.27 71.7668483
7.28 71.7663942
7.29 71.7659401
7.3 71.765486
7.31 71.7650319
7.32 71.7645778
7.33 71.7640998
7.34 71.7636218
7.35 71.7631677
7.36 71.7626897
7.37 71.7622117
7.38 71.7617098
7.39 71.7612318
7.4 71.7607299
7.41 71.7602519
7.42 71.75975
7.43 71.7592481
7.44 71.7587462
7.45 71.7582204
7.46 71.7577185
7.47 71.7571927
7.48 71.7566908
7.49 71.756165
7.5 71.7556392
7.51 71.7550895
7.52 71.7545637
7.53 71.754014
7.54 71.7534882
7.55 71.7529385
7.56 71.7523888
7.57 71.7518391
7.58 71.7512655
7.59 71.7507158
7.6 71.7501422
7.61 71.7495686
7.62 71.748995
7.63 71.7484214
7.64 71.7478478
7.65 71.7472742
7.66 71.7466767
7.67 71.7460792
7.68 71.7454817
7.69 71.7448842
7.7 71.7442867
7.71 71.7436653
7.72 71.7430678
7.73 71.7424464
7.74 71.741825
7.75 71.7412036
7.76 71.7405583
7.77 71.7399369
7.78 71.7392916
7.79 71.7386702
7.8 71.7380249
7.81 71.7373557
7.82 71.7367104
7.83 71.7360651
7.84 71.7353959
7.85 71.7347267
7.86 71.7340575
7.87 71.7333883
7.88 71.7327191
7.89 71.732026
7.9 71.7313329
7.91 71.7306398
7.92 71.7299467
7.93 71.7292536
7.94 71.7285605
7.95 71.7278435
7.96 71.7271265
7.97 71.7264095
7.98 71.7256925
7.99 71.7249755
8.0 71.7242346
8.01 71.7235176
8.02 71.7227767
8.03 71.7220358
8.04 71.7212949
8.05 71.7205301
8.06 71.7197892
8.07 71.7190244
8.08 71.7182596
8.09 71.7174948
8.1 71.71673
8.11 71.7159413
8.12 71.7151526
8.13 71.7143639
8.14 71.7135752
8.15 71.7127865
8.16 71.7119978
8.17 71.7111852
8.18 71.7103726
8.19 71.70956
8.2 71.7087474
8.21 71.7079348
8.22 71.7070983
8.23 71.7062618
8.24 71.7054253
8.25 71.7045888
8.26 71.7037523
8.27 71.7028919
8.28 71.7020315
8.29 71.7011711
8.3 71.7003107
8.31 71.6994503
8.32 71.698566
8.33 71.6977056
8.34 71.6968213
8.35 71.695937
8.36 71.6950288
8.37 71.6941445
8.38 71.6932363
8.39 71.6923281
8.4 71.6914199
8.41 71.6905117
8.42 71.6895796
8.43 71.6886475
8.44 71.6877154
8.45 71.6867833
8.46 71.6858512
8.47 71.6848952
8.48 71.6839631
8.49 71.6830071
8.5 71.6820511
8.51 71.6810712
8.52 71.6801152
8.53 71.6791353
8.54 71.6781554
8.55 71.6771755
8.56 71.6761717
8.57 71.6751918
8.58 71.674188
8.59 71.6731842
8.6 71.6721565
8.61 71.6711527
8.62 71.670125
8.63 71.6690973
8.64 71.6680696
8.65 71.6670419
8.66 71.6660142
8.67 71.6649626
8.68 71.663911
8.69 71.6628594
8.7 71.6617839
8.71 71.6607323
8.72 71.6596568
8.73 71.6585813
8.74 71.6575058
8.75 71.6564064
8.76 71.655307
8.77 71.6542315
8.78 71.6531082
8.79 71.6520088
8.8 71.6509094
8.81 71.6497861
8.82 71.6486628
8.83 71.6475395
8.84 71.6463923
8.85 71.6452451
8.86 71.6441218
8.87 71.6429507
8.88 71.6418035
8.89 71.6406324
8.9 71.6394852
8.91 71.6383141
8.92 71.6371191
8.93 71.635948
8.94 71.634753
8.95 71.633558
8.96 71.632363
8.97 71.631168
8.98 71.6299491
8.99 71.6287302
9.0 71.6275113
9.01 71.6262924
9.02 71.6250496
9.03 71.6238307
9.04 71.6225879
9.05 71.6213212
9.06 71.6200784
9.07 71.6188117
9.08 71.617545
9.09 71.6162783
9.1 71.6150116
9.11 71.613721
9.12 71.6124304
9.13 71.6111398
9.14 71.6098492
9.15 71.6085347
9.16 71.6072202
9.17 71.6059057
9.18 71.6045912
9.19 71.6032528
9.2 71.6019144
9.21 71.600576
9.22 71.5992376
9.23 71.5978753
9.24 71.5965369
9.25 71.5951746
9.26 71.5937884
9.27 71.5924261
9.28 71.5910399
9.29 71.5896537
9.3 71.5882675
9.31 71.5868574
9.32 71.5854712
9.33 71.5840611
9.34 71.5826271
9.35 71.581217
9.36 71.579783
9.37 71.578349
9.38 71.576915
9.39 71.575481
9.4 71.5740231
9.41 71.5725652
9.42 71.5711073
9.43 71.5696255
9.44 71.5681676
9.45 71.5666858
9.46 71.565204
9.47 71.5636983
9.48 71.5621926
9.49 71.5606869
9.5 71.5591812
9.51 71.5576755
9.52 71.5561459
9.53 71.5546163
9.54 71.5530867
9.55 71.5515571
9.56 71.5500036
9.57 71.5484501
9.58 71.5468966
9.59 71.5453192
9.6 71.5437657
9.61 71.5421883
9.62 71.540587
9.63 71.5390096
9.64 71.5374083
9.65 71.535807
9.66 71.5342057
9.67 71.5326044
9.68 71.5309792
9.69 71.529354
9.7 71.5277288
9.71 71.5260797
9.72 71.5244306
9.73 71.5228054
9.74 71.5211324
9.75 71.5194833
9.76 71.5178103
9.77 71.5161373
9.78 71.5144643
9.79 71.5127674
9.8 71.5110705
9.81 71.5093736
9.82 71.5076767
9.83 71.5059798
9.84 71.504259
9.85 71.5025382
9.86 71.5007935
9.87 71.4990727
9.88 71.497328
9.89 71.4955833
9.9 71.4938386
9.91 71.49207
9.92 71.4903014
9.93 71.4885328
9.94 71.4867642
9.95 71.4849717
9.96 71.4831792
9.97 71.4813867
9.98 71.4795942
9.99 71.4777778
10.0 71.4759614
10.01 71.474145
10.02 71.4723047
10.03 71.4704883
10.04 71.468648
10.05 71.4667838
10.06 71.4649435
10.07 71.4630793
10.08 71.4612151
10.09 71.4593509
10.1 71.4574628
10.11 71.4555747
10.12 71.4536866
10.13 71.4517985
10.14 71.4498865
10.15 71.4479745
10.16 71.4460625
10.17 71.4441505
10.18 71.4422146
10.19 71.4402787
10.2 71.4383428
10.21 71.4364069
10.22 71.4344471
10.23 71.4324873
10.24 71.4305275
10.25 71.4285438
10.26 71.426584
10.27 71.4246003
10.28 71.4225927
10.29 71.420609
10.3 71.4186014
10.31 71.4165938
10.32 71.4145623
10.33 71.4125547
10.34 71.4105232
10.35 71.4084917
10.36 71.4064363
10.37 71.4043809
10.38 71.4023255
10.39 71.4002701
10.4 71.3982147
10.41 71.3961354
10.42 71.3940561
10.43 71.3919768
10.44 71.3898736
10.45 71.3877704
10.46 71.3856672
10.47 71.383564
10.48 71.3814369
10.49 71.3793098
10.5 71.3771827
10.51 71.3750317
10.52 71.3728807
10.53 71.3707297
10.54 71.3685787
10.55 71.3664277
10.56 71.3642528
10.57 71.3620779
10.58 71.3598791
10.59 71.3577042
10.6 71.3555054
10.61 71.3532827
10.62 71.3510839
10.63 71.3488612
10.64 71.3466385
10.65 71.3444158
10.66 71.3421692
10.67 71.3399226
10.68 71.337676
10.69 71.3354294
10.7 71.3331589
10.71 71.3308884
10.72 71.3286179
10.73 71.3263474
10.74 71.324053
10.75 71.3217586
10.76 71.3194403
10.77 71.3171459
10.78 71.3148276
10.79 71.3125093
10.8 71.3101671
10.81 71.3078488
10.82 71.3055066
10.83 71.3031405
10.84 71.3007983
10.85 71.2984322
10.86 71.2960661
10.87 71.2936761
10.88 71.29131
10.89 71.28892
10.9 71.28653
10.91 71.2841161
10.92 71.2817022
10.93 71.2792883
10.94 71.2768744
10.95 71.2744366
10.96 71.2719988
10.97 71.269561
10.98 71.2671232
10.99 71.2646615
11.0 71.2621998
11.01 71.2597381
11.02 71.2572525
11.03 71.2547669
11.04 71.2522813
11.05 71.2497957
11.06 71.2472862
11.07 71.2447767
11.08 71.2422672
11.09 71.2397338
11.1 71.2372004
11.11 71.234667
11.12 71.2321336
11.13 71.2295763
11.14 71.227019
11.15 71.2244617
11.16 71.2218805
11.17 71.2192993
11.18 71.2167181
11.19 71.2141369
11.2 71.2115318
11.21 71.2089267
11.22 71.2063216
11.23 71.2036926
11.24 71.2010636
11.25 71.1984346
11.26 71.1958056
11.27 71.1931527
11.28 71.1904998
11.29 71.1878469
11.3 71.1851701
11.31 71.1825172
11.32 71.1798165
11.33 71.1771397
11.34 71.174439
11.35 71.1717383
11.36 71.1690376
11.37 71.166313
11.38 71.1635884
11.39 71.1608638
11.4 71.1581392
11.41 71.1553907
11.42 71.1526422
11.43 71.1498937
11.44 71.1471213
11.45 71.1443489
11.46 71.1415765
11.47 71.1388041
11.48 71.1360078
11.49 71.1332115
11.5 71.1303913
11.51 71.127595
11.52 71.1247748
11.53 71.1219307
11.54 71.1191105
11.55 71.1162664
11.56 71.1134223
11.57 71.1105782
11.58 71.1077102
11.59 71.1048422
11.6 71.1019742
11.61 71.0990823
11.62 71.0961904
11.63 71.0932985
11.64 71.0903827
11.65 71.0874908
11.66 71.084575
11.67 71.0816353
11.68 71.0787195
11.69 71.0757798
11.7 71.0728162
11.71 71.0698765
11.72 71.0669129
11.73 71.0639493
11.74 71.0609618
11.75 71.0579982
11.76 71.0550107
11.77 71.0519993
11.78 71.0490118
11.79 71.0460004
11.8 71.0429651
11.81 71.0399537
11.82 71.0369184
11.83 71.0338831
11.84 71.0308478
11.85 71.0277886
11.86 71.0247294
11.87 71.0216702
11.88 71.0185871
11.89 71.015504
11.9 71.0124209
11.91 71.0093139
11.92 71.0062069
11.93 71.0030999
11.94 70.9999929
11.95 70.996862
11.96 70.9937311
11.97 70.9906002
11.98 70.9874454
11.99 70.9842906
12.0 70.9811358
12.01 70.9779571
12.02 70.9748023
12.03 70.9715997
12.04 70.968421
12.05 70.9652184
12.06 70.9620158
12.07 70.9588132
12.08 70.9555867
12.09 70.9523602
12.1 70.9491337
12.11 70.9458833
12.12 70.9426329
12.13 70.9393825
12.14 70.9361321
12.15 70.9328578
12.16 70.9295835
12.17 70.9262853
12.18 70.923011
12.19 70.9197128
12.2 70.9163907
12.21 70.9130925
12.22 70.9097704
12.23 70.9064244
12.24 70.9031023
12.25 70.8997563
12.26 70.8964103
12.27 70.8930404
12.28 70.8896705
12.29 70.8863006
12.3 70.8829307
12.31 70.8795369
12.32 70.8761431
12.33 70.8727493
12.34 70.8693316
12.35 70.8659139
12.36 70.8624962
12.37 70.8590785
12.38 70.8556369
12.39 70.8521953
12.4 70.8487298
12.41 70.8452643
12.42 70.8417988
12.43 70.8383333
12.44 70.8348439
12.45 70.8313545
12.46 70.8278651
12.47 70.8243518
12.48 70.8208385
12.49 70.8173252
12.5 70.8138119
12.51 70.8102747
12.52 70.8067375
12.53 70.8031764
12.54 70.7996392
12.55 70.7960781
12.56 70.7924931
12.57 70.788932
12.58 70.785347
12.59 70.7817381
12.6 70.7781531
12.61 70.7745442
12.62 70.7709353
12.63 70.7673025
12.64 70.7636936
12.65 70.7600608
12.66 70.7564041
12.67 70.7527474
12.68 70.7491146
12.69 70.745434
12.7 70.7417773
12.71 70.7380967
12.72 70.7344161
12.73 70.7307116
12.74 70.7270071
12.75 70.7233026
12.76 70.7195981
12.77 70.7158697
12.78 70.7121413
12.79 70.7084129
12.8 70.7046606
12.81 70.7009083
12.82 70.697156
12.83 70.6934037
12.84 70.6896275
12.85 70.6858513
12.86 70.6820512
12.87 70.678275
12.88 70.6744749
12.89 70.6706509
12.9 70.6668508
12.91 70.6630268
12.92 70.6592028
12.93 70.6553549
12.94 70.651507
12.95 70.6476591
12.96 70.6438112
12.97 70.6399394
12.98 70.6360676
12.99 70.6321958
13.0 70.6283001
13.01 70.6244044
13.02 70.6205087
13.03 70.616613
13.04 70.6126934
13.05 70.6087738
13.06 70.6048303
13.07 70.6009107
13.08 70.5969672
13.09 70.5929998
13.1 70.5890563
13.11 70.5850889
13.12 70.5811215
13.13 70.5771302
13.14 70.5731389
13.15 70.5691476
13.16 70.5651563
13.17 70.5611411
13.18 70.5571259
13.19 70.5531107
13.2 70.5490955
13.21 70.5450564
13.22 70.5409934
13.23 70.5369543
13.24 70.5328913
13.25 70.5288283
13.26 70.5247653
13.27 70.5206784
13.28 70.5165915
13.29 70.5125046
13.3 70.5084177
13.31 70.5043069
13.32 70.5001961
13.33 70.4960614
13.34 70.4919267
13.35 70.487792
13.36 70.4836573
13.37 70.4795226
13.38 70.475364
13.39 70.4711815
13.4 70.4670229
13.41 70.4628404
13.42 70.4586579
13.43 70.4544754
13.44 70.450269
13.45 70.4460626
13.46 70.4418562
13.47 70.4376259
13.48 70.4333956
13.49 70.4291653
13.5 70.424935
13.51 70.4206808
13.52 70.4164266
13.53 70.4121724
13.54 70.4078943
13.55 70.4036162
13.56 70.3993381
13.57 70.39506
13.58 70.390758
13.59 70.386456
13.6 70.3821301
13.61 70.3778281
13.62 70.3735022
13.63 70.3691524
13.64 70.3648265
13.65 70.3604767
13.66 70.3561269
13.67 70.3517771
13.68 70.3474034
13.69 70.3430297
13.7 70.3386321
13.71 70.3342584
13.72 70.3298608
13.73 70.3254632
13.74 70.3210417
13.75 70.3166441
13.76 70.3122226
13.77 70.3077772
13.78 70.3033557
13.79 70.2989103
13.8 70.294441
13.81 70.2899956
13.82 70.2855263
13.83 70.281057
13.84 70.2765877
13.85 70.2720945
13.86 70.2676013
13.87 70.2631081
13.88 70.258591
13.89 70.2540739
13.9 70.2495568
13.91 70.2450397
13.92 70.2404987
13.93 70.2359577
13.94 70.2314167
13.95 70.2268518
13.96 70.2222869
13.97 70.217722
13.98 70.2131571
13.99 70.2085683
14.0 70.2039795
14.01 70.1993907
14.02 70.194778
14.03 70.1901653
14.04 70.1855526
14.05 70.1809399
14.06 70.1763033
14.07 70.1716667
14.08 70.1670301
14.09 70.1623696
14.1 70.1577091
14.11 70.1530486
14.12 70.1483642
14.13 70.1437037
14.14 70.1390193
14.15 70.134311
14.16 70.1296266
14.17 70.1249183
14.18 70.1201861
14.19 70.1154778
14.2 70.1107456
14.21 70.1060134
14.22 70.1012812
14.23 70.0965251
14.24 70.091769
14.25 70.0870129
14.26 70.0822329
14.27 70.0774768
14.28 70.0726968
14.29 70.0678929
14.3 70.0631129
14.31 70.058309
14.32 70.0534812
14.33 70.0486773
14.34 70.0438495
14.35 70.0390217
14.36 70.0341939
14.37 70.0293422
14.38 70.0244905
14.39 70.0196388
14.4 70.0147632
14.41 70.0099115
14.42 70.0050359
14.43 70.0001364
14.44 69.9952608
14.45 69.9903613
14.46 69.9854379
14.47 69.9805384
14.48 69.975615
14.49 69.9706916
14.5 69.9657682
14.51 69.9608209
14.52 69.9558736
14.53 69.9509263
14.54 69.945979
14.55 69.9410078
14.56 69.9360366
14.57 69.9310415
14.58 69.9260703
14.59 69.9210752
14.6 69.9160801
14.61 69.9110611
14.62 69.9060421
14.63 69.9010231
14.64 69.8960041
14.65 69.8909851
14.66 69.8859422
14.67 69.8808754
14.68 69.8758325
14.69 69.8707657
14.7 69.8656989
14.71 69.8606321
14.72 69.8555414
14.73 69.8504746
14.74 69.84536
14.75 69.8402693
14.76 69.8351547
14.77 69.8300401
14.78 69.8249255
14.79 69.8198109
14.8 69.8146724
14.81 69.8095339
14.82 69.8043715
14.83 69.799233
14.84 69.7940706
14.85 69.7888843
14.86 69.7837219
14.87 69.7785356
14.88 69.7733493
14.89 69.768163
14.9 69.7629528
14.91 69.7577426
14.92 69.7525324
14.93 69.7472983
14.94 69.7420881
14.95 69.736854
14.96 69.731596
14.97 69.7263619
14.98 69.7211039
14.99 69.7158459
15.0 69.710564
15.01 69.705306
15.02 69.7000241
15.03 69.6947183
15.04 69.6894364
15.05 69.6841306
15.06 69.6788248
15.07 69.673519
15.08 69.6681893
15.09 69.6628596
15.1 69.6575299
15.11 69.6521763
15.12 69.6468466
15.13 69.6414691
15.14 69.6361155
15.15 69.6307619
15.16 69.6253844
15.17 69.6200069
15.18 69.6146055
15.19 69.6092041
15.2 69.6038027
15.21 69.5984013
15.22 69.5929999
15.23 69.5875746
15.24 69.5821493
15.25 69.5767001
15.26 69.5712748
15.27 69.5658256
15.28 69.5603764
15.29 69.5549033
15.3 69.5494302
15.31 69.5439571
15.32 69.538484
15.33 69.532987
15.34 69.5275139
15.35 69.521993
15.36 69.516496
15.37 69.5109751
15.38 69.5054542
15.39 69.4999333
15.4 69.4944124
15.41 69.4888676
15.42 69.4833228
15.43 69.477778
15.44 69.4722093
15.45 69.4666406
15.46 69.4610719
15.47 69.4554793
15.48 69.4499106
15.49 69.444318
15.5 69.4387254
15.51 69.4331089
15.52 69.4274924
15.53 69.4218759
15.54 69.4162594
15.55 69.410619
15.56 69.4049786
15.57 69.3993382
15.58 69.3936978
15.59 69.3880335
15.6 69.3823692
15.61 69.3767049
15.62 69.3710167
15.63 69.3653285
15.64 69.3596403
15.65 69.3539521
15.66 69.34824
15.67 69.3425279
15.68 69.3368158
15.69 69.3311037
15.7 69.3253677
15.71 69.3196317
15.72 69.3138957
15.73 69.3081358
15.74 69.3023998
15.75 69.2966399
15.76 69.2908561
15.77 69.2850962
15.78 69.2793124
15.79 69.2735286
15.8 69.2677209
15.81 69.2619132
15.82 69.2561294
15.83 69.2502978
15.84 69.2444901
15.85 69.2386585
15.86 69.2328269
15.87 69.2269953
15.88 69.2211398
15.89 69.2152843
15.9 69.2094288
15.91 69.2035733
15.92 69.1976939
15.93 69.1918145
15.94 69.1859351
15.95 69.1800318
15.96 69.1741524
15.97 69.1682491
15.98 69.1623219
15.99 69.1564186
16.0 69.1504914
16.01 69.1445642
16.02 69.138637
16.03 69.1326859
16.04 69.1267348
16.05 69.1207837
16.06 69.1148087
16.07 69.1088576
16.08 69.1028826
16.09 69.0969076
16.1 69.0909087
16.11 69.0849098
16.12 69.0789109
16.13 69.072912
16.14 69.0668892
16.15 69.0608664
16.16 69.0548436
16.17 69.0488208
16.18 69.0427741
16.19 69.0367274
16.2 69.0306807
16.21 69.024634
16.22 69.0185634
16.23 69.0124928
16.24 69.0064222
16.25 69.0003277
16.26 68.9942571
16.27 68.9881626
16.28 68.9820442
16.29 68.9759497
16.3 68.9698313
16.31 68.9637129
16.32 68.9575706
16.33 68.9514522
16.34 68.9453099
16.35 68.9391676
16.36 68.9330014
16.37 68.9268352
16.38 68.9206929
16.39 68.9145028
16.4 68.9083366
16.41 68.9021465
16.42 68.8959564
16.43 68.8897663
16.44 68.8835523
16.45 68.8773383
16.46 68.8711243
16.47 68.8649103
16.48 68.8586724
16.49 68.8524345
16.5 68.8461966
16.51 68.8399587
16.52 68.8336969
16.53 68.8274351
16.54 68.8211733
16.55 68.8149115
16.56 68.8086258
16.57 68.8023401
16.58 68.7960544
16.59 68.7897448
16.6 68.7834352
16.61 68.7771256
16.62 68.770816
16.63 68.7645064
16.64 68.7581729
16.65 68.7518394
16.66 68.745482
16.67 68.7391485
16.68 68.7327911
16.69 68.7264337
16.7 68.7200524
16.71 68.713695
16.72 68.7073137
16.73 68.7009324
16.74 68.6945272
16.75 68.688122
16.76 68.6817168
16.77 68.6753116
16.78 68.6689064
16.79 68.6624773
16.8 68.6560482
16.81 68.6496191
16.82 68.6431661
16.83 68.6367131
16.84 68.6302601
16.85 68.6238071
16.86 68.6173302
16.87 68.6108772
16.88 68.6043764
16.89 68.5978995
16.9 68.5914226
16.91 68.5849218
16.92 68.578421
16.93 68.5718963
16.94 68.5653716
16.95 68.5588708
16.96 68.5523222
16.97 68.5457975
16.98 68.5392489
16.99 68.5327003
17.0 68.5261517
17.01 68.5196031
17.02 68.5130306
17.03 68.5064581
17.04 68.4998856
17.05 68.4932892
17.06 68.4866928
17.07 68.4800964
17.08 68.4735
17.09 68.4669036
17.1 68.4602833
17.11 68.453663
17.12 68.4470427
17.13 68.4403985
17.14 68.4337543
17.15 68.4271101
17.16 68.4204659
17.17 68.4137978
17.18 68.4071297
17.19 68.4004616
17.2 68.3937935
17.21 68.3871015
17.22 68.3804095
17.23 68.3737175
17.24 68.3670255
17.25 68.3603096
17.26 68.3535937
17.27 68.3468778
17.28 68.3401619
17.29 68.3334221
17.3 68.3266823
17.31 68.3199425
17.32 68.3132027
17.33 68.306439
17.34 68.2996753
17.35 68.2929116
17.36 68.286124
17.37 68.2793603
17.38 68.2725727
17.39 68.2657612
17.4 68.2589736
17.41 68.2521621
17.42 68.2453506
17.43 68.2385391
17.44 68.2317037
17.45 68.2248922
17.46 68.2180568
17.47 68.2111975
17.48 68.2043621
17.49 68.1975028
17.5 68.1906435
17.51 68.1837842
17.52 68.176901
17.53 68.1700417
17.54 68.1631585
17.55 68.1562514
17.56 68.1493682
17.57 68.1424611
17.58 68.135554
17.59 68.1286469
17.6 68.1217159
17.61 68.1147849
17.62 68.1078539
17.63 68.1009229
17.64 68.093968
17.65 68.0870131
17.66 68.0800582
17.67 68.0731033
17.68 68.0661484
17.69 68.0591696
17.7 68.0521908
17.71 68.0451881
17.72 68.0382093
17.73 68.0312066
17.74 68.0242039
17.75 68.0172012
17.76 68.0101746
17.77 68.003148
17.78 67.9961214
17.79 67.9890948
17.8 67.9820443
17.81 67.9749938
17.82 67.9679433
17.83 67.9608928
17.84 67.9538184
17.85 67.946744
17.86 67.9396696
17.87 67.9325952
17.88 67.9254969
17.89 67.9184225
17.9 67.9113242
17.91 67.904202
17.92 67.8971037
17.93 67.8899815
17.94 67.8828593
17.95 67.8757132
17.96 67.868591
17.97 67.8614449
17.98 67.8542988
17.99 67.8471527
18.0 67.8399827
18.01 67.8328127
18.02 67.8256427
18.03 67.8184727
18.04 67.8112788
18.05 67.8040849
18.06 67.796891
18.07 67.7896971
18.08 67.7824793
18.09 67.7752854
18.1 67.7680676
18.11 67.7608259
18.12 67.7536081
18.13 67.7463664
18.14 67.7391247
18.15 67.7318591
18.16 67.7246174
18.17 67.7173518
18.18 67.7100862
18.19 67.7028206
18.2 67.6955311
18.21 67.6882655
18.22 67.680976
18.23 67.6736626
18.24 67.6663731
18.25 67.6590597
18.26 67.6517463
18.27 67.6444329
18.28 67.6370956
18.29 67.6297583
18.3 67.622421
18.31 67.6150837
18.32 67.6077464
18.33 67.6003852
18.34 67.593024
18.35 67.5856628
18.36 67.5782777
18.37 67.5709165
18.38 67.5635314
18.39 67.5561224
18.4 67.5487373
18.41 67.5413283
18.42 67.5339193
18.43 67.5265103
18.44 67.5191013
18.45 67.5116684
18.46 67.5042355
18.47 67.4968026
18.48 67.4893697
18.49 67.4819129
18.5 67.4744561
18.51 67.4669993
18.52 67.4595425
18.53 67.4520618
18.54 67.4445811
18.55 67.4371004
18.56 67.4296197
18.57 67.4221151
18.58 67.4146105
18.59 67.4071059
18.6 67.3996013
18.61 67.3920728
18.62 67.3845682
18.63 67.3770397
18.64 67.3694873
18.65 67.3619588
18.66 67.3544064
18.67 67.346854
18.68 67.3393016
18.69 67.3317253
18.7 67.324149
18.71 67.3165727
18.72 67.3089964
18.73 67.3014201
18.74 67.2938199
18.75 67.2862197
18.76 67.2786195
18.77 67.2710193
18.78 67.2633952
18.79 67.2557711
18.8 67.248147
18.81 67.240499
18.82 67.2328749
18.83 67.2252269
18.84 67.2175789
18.85 67.209907
18.86 67.202259
18.87 67.1945871
18.88 67.1869152
18.89 67.1792433
18.9 67.1715475
18.91 67.1638517
18.92 67.1561559
18.93 67.1484601
18.94 67.1407643
18.95 67.1330446
18.96 67.1253249
18.97 67.1176052
18.98 67.1098616
18.99 67.102118
19.0 67.0943744
19.01 67.0866308
19.02 67.0788872
19.03 67.0711197
19.04 67.0633522
19.05 67.0555847
19.06 67.0478172
19.07 67.0400258
19.08 67.0322344
19.09 67.024443
19.1 67.0166516
19.11 67.0088363
19.12 67.0010449
19.13 66.9932296
19.14 66.9853904
19.15 66.9775751
19.16 66.9697359
19.17 66.9618967
19.18 66.9540575
19.19 66.9461944
19.2 66.9383552
19.21 66.9304921
19.22 66.922629
19.23 66.914742
19.24 66.9068789
19.25 66.8989919
19.26 66.8911049
19.27 66.883194
19.28 66.875307
19.29 66.8673961
19.3 66.8594852
19.31 66.8515743
19.32 66.8436395
19.33 66.8357047
19.34 66.8277699
19.35 66.8198351
19.36 66.8119003
19.37 66.8039416
19.38 66.7959829
19.39 66.7880242
19.4 66.7800416
19.41 66.7720829
19.42 66.7641003
19.43 66.7561177
19.44 66.7481112
19.45 66.7401286
19.46 66.7321221
19.47 66.7241156
19.48 66.7161091
19.49 66.7080787
19.5 66.7000722
19.51 66.6920418
19.52 66.6839875
19.53 66.6759571
19.54 66.6679028
19.55 66.6598485
19.56 66.6517942
19.57 66.6437399
19.58 66.6356617
19.59 66.6275835
19.6 66.6195053
19.61 66.6114271
19.62 66.603325
19.63 66.5952468
19.64 66.5871447
19.65 66.5790187
19.66 66.5709166
19.67 66.5627906
19.68 66.5546646
19.69 66.5465386
19.7 66.5384126
19.71 66.5302627
19.72 66.5221128
19.73 66.5139629
19.74 66.505813
19.75 66.4976392
19.76 66.4894893
19.77 66.4813155
19.78 66.4731178
19.79 66.464944
19.8 66.4567463
19.81 66.4485486
19.82 66.4403509
19.83 66.4321532
19.84 66.4239316
19.85 66.41571
19.86 66.4074884
19.87 66.3992668
19.88 66.3910213
19.89 66.3827997
19.9 66.3745542
19.91 66.3662848
19.92 66.3580393
19.93 66.3497699
19.94 66.3415005
19.95 66.3332311
19.96 66.3249617
19.97 66.3166684
19.98 66.3083751
19.99 66.3000818
20.0 66.2917885
20.01 66.2834713
20.02 66.275178
20.03 66.2668608
20.04 66.2585197
20.05 66.2502025
20.06 66.2418614
20.07 66.2335203
20.08 66.2251792
20.09 66.2168381
20.1 66.2084731
20.11 66.200132
20.12 66.191767
20.13 66.1833781
20.14 66.1750131
20.15 66.1666242
20.16 66.1582353
20.17 66.1498464
20.18 66.1414575
20.19 66.1330447
20.2 66.1246319
20.21 66.1162191
20.22 66.1078063
20.23 66.0993696
20.24 66.0909568
20.25 66.0825201
20.26 66.0740834
20.27 66.0656228
20.28 66.0571622
20.29 66.0487255
20.3 66.040241
20.31 66.0317804
20.32 66.0233198
20.33 66.0148353
20.34 66.0063508
20.35 65.9978663
20.36 65.9893579
20.37 65.9808495
20.38 65.972365
20.39 65.9638327
20.4 65.9553243
20.41 65.9468159
20.42 65.9382836
20.43 65.9297513
20.44 65.9211951
20.45 65.9126628
20.46 65.9041066
20.47 65.8955504
20.48 65.8869942
20.49 65.878438
20.5 65.8698579
20.51 65.8612778
20.52 65.8526977
20.53 65.8441176
20.54 65.8355375
20.55 65.8269335
20.56 65.8183295
20.57 65.8097255
20.58 65.8011215
20.59 65.7924936
20.6 65.7838657
20.61 65.7752378
20.62 65.7666099
20.63 65.7579581
20.64 65.7493302
20.65 65.7406784
20.66 65.7320266
20.67 65.7233509
20.68 65.7146991
20.69 65.7060234
20.7 65.6973477
20.71 65.688672
20.72 65.6799724
20.73 65.6712728
20.74 65.6625732
20.75 65.6538736
20.76 65.645174
20.77 65.6364505
20.78 65.6277509
20.79 65.6190274
20.8 65.61028
20.81 65.6015565
20.82 65.5928091
20.83 65.5840617
20.84 65.5753143
20.85 65.5665669
20.86 65.5577956
20.87 65.5490243
20.88 65.540253
20.89 65.5314817
20.9 65.5227104
20.91 65.5139152
20.92 65.50512
20.93 65.4963248
20.94 65.4875296
20.95 65.4787105
20.96 65.4699153
20.97 65.4610962
20.98 65.4522532
20.99 65.4434341
21.0 65.4345911
21.01 65.4257481
21.02 65.4169051
21.03 65.4080621
21.04 65.3992191
21.05 65.3903522
21.06 65.3814853
21.07 65.3726184
21.08 65.3637276
21.09 65.3548607
21.1 65.3459699
21.11 65.3370791
21.12 65.3281883
21.13 65.3192736
21.14 65.3103828
21.15 65.3014681
21.16 65.2925534
21.17 65.2836148
21.18 65.2747001
21.19 65.2657615
21.2 65.2568229
21.21 65.2478843
21.22 65.2389218
21.23 65.2299832
21.24 65.2210207
21.25 65.2120582
21.26 65.2030957
21.27 65.1941093
21.28 65.1851229
21.29 65.1761604
21.3 65.1671501
21.31 65.1581637
21.32 65.1491534
21.33 65.140167
21.34 65.1311567
21.35 65.1221225
21.36 65.1131122
21.37 65.104078
21.38 65.0950677
21.39 65.0860335
21.4 65.0769754
21.41 65.0679412
21.42 65.0588831
21.43 65.049825
21.44 65.0407669
21.45 65.0317088
21.46 65.0226268
21.47 65.0135448
21.48 65.0044628
21.49 64.9953808
21.5 64.9862988
21.51 64.9771929
21.52 64.968087
21.53 64.9589811
21.54 64.9498752
21.55 64.9407454
21.56 64.9316395
21.57 64.9225097
21.58 64.9133799
21.59 64.9042262
21.6 64.8950964
21.61 64.8859427
21.62 64.876789
21.63 64.8676353
21.64 64.8584577
21.65 64.849304
21.66 64.8401264
21.67 64.8309488
21.68 64.8217712
21.69 64.8125697
21.7 64.8033921
21.71 64.7941906
21.72 64.7849891
21.73 64.7757637
21.74 64.7665622
21.75 64.7573368
21.76 64.7481114
21.77 64.738886
21.78 64.7296606
21.79 64.7204113
21.8 64.711162
21.81 64.7019127
21.82 64.6926634
21.83 64.6834141
21.84 64.6741409
21.85 64.6648677
21.86 64.6555945
21.87 64.6463213
21.88 64.6370481
21.89 64.627751
21.9 64.6184539
21.91 64.6091568
21.92 64.5998597
21.93 64.5905387
21.94 64.5812177
21.95 64.5719206
21.96 64.5625757
21.97 64.5532547
21.98 64.5439337
21.99 64.5345888
22.0 64.5252439
22.01 64.515899
22.02 64.5065302
22.03 64.4971853
22.04 64.4878165
22.05 64.4784477
22.06 64.4690789
22.07 64.4596862
22.08 64.4503174
22.09 64.4409247
22.1 64.431532
22.11 64.4221393
22.12 64.4127227
22.13 64.4033061
22.14 64.3939134
22.15 64.3844968
22.16 64.3750563
22.17 64.3656397
22.18 64.3561992
22.19 64.3467587
22.2 64.3373182
22.21 64.3278777
22.22 64.3184133
22.23 64.3089728
22.24 64.2995084
22.25 64.2900201
22.26 64.2805557
22.27 64.2710913
22.28 64.261603
22.29 64.2521147
22.3 64.2426264
22.31 64.2331142
22.32 64.2236259
22.33 64.2141137
22.34 64.2046015
22.35 64.1950893
22.36 64.1855532
22.37 64.176041
22.38 64.1665049
22.39 64.1569688
22.4 64.1474327
22.41 64.1378727
22.42 64.1283366
22.43 64.1187766
22.44 64.1092166
22.45 64.0996566
22.46 64.0900727
22.47 64.0805127
22.48 64.0709288
22.49 64.0613449
22.5 64.051761
22.51 64.0421532
22.52 64.0325693
22.53 64.0229615
22.54 64.0133537
22.55 64.003722
22.56 63.9941142
22.57 63.9844825
22.58 63.9748508
22.59 63.9652191
22.6 63.9555874
22.61 63.9459557
22.62 63.9363001
22.63 63.9266445
22.64 63.9169889
22.65 63.9073333
22.66 63.8976538
22.67 63.8879743
22.68 63.8783187
22.69 63.8686392
22.7 63.8589358
22.71 63.8492563
22.72 63.8395529
22.73 63.8298495
22.74 63.8201461
22.75 63.8104427
22.76 63.8007154
22.77 63.791012
22.78 63.7812847
22.79 63.7715574
22.8 63.7618062
22.81 63.7520789
22.82 63.7423277
22.83 63.7325765
22.84 63.7228253
22.85 63.7130741
22.86 63.703299
22.87 63.6935478
22.88 63.6837727
22.89 63.6739976
22.9 63.6641986
22.91 63.6544235
22.92 63.6446245
22.93 63.6348255
22.94 63.6250265
22.95 63.6152275
22.96 63.6054046
22.97 63.5956056
22.98 63.5857827
22.99 63.5759598
23.0 63.5661369
23.01 63.5562901
23.02 63.5464433
23.03 63.5366204
23.04 63.5267497
23.05 63.5169029
23.06 63.5070561
23.07 63.4971854
23.08 63.4873147
23.09 63.477444
23.1 63.4675733
23.11 63.4576787
23.12 63.447808
23.13 63.4379134
23.14 63.4280188
23.15 63.4181242
23.16 63.4082057
23.17 63.3983111
23.18 63.3883926
23.19 63.3784741
23.2 63.3685556
23.21 63.3586132
23.22 63.3486947
23.23 63.3387523
23.24 63.3288099
23.25 63.3188675
23.26 63.3089012
23.27 63.2989588
23.28 63.2889925
23.29 63.2790262
23.3 63.2690599
23.31 63.2590697
23.32 63.2491034
23.33 63.2391132
23.34 63.229123
23.35 63.2191328
23.36 63.2091426
23.37 63.1991285
23.38 63.1891144
23.39 63.1791003
23.4 63.1690862
23.41 63.1590721
23.42 63.1490341
23.43 63.13902
23.44 63.128982
23.45 63.118944
23.46 63.1088821
23.47 63.0988441
23.48 63.0887822
23.49 63.0787203
23.5 63.0686584
23.51 63.0585965
23.52 63.0485346
23.53 63.0384488
23.54 63.028363
23.55 63.0182772
23.56 63.0081914
23.57 62.9981056
23.58 62.9879959
23.59 62.9778862
23.6 62.9677765
23.61 62.9576668
23.62 62.9475571
23.63 62.9374235
23.64 62.9272899
23.65 62.9171563
23.66 62.9070227
23.67 62.8968891
23.68 62.8867316
23.69 62.876598
23.7 62.8664405
23.71 62.856283
23.72 62.8461016
23.73 62.8359441
23.74 62.8257627
23.75 62.8156052
23.76 62.8053999
23.77 62.7952185
23.78 62.7850371
23.79 62.7748318
23.8 62.7646265
23.81 62.7544212
23.82 62.7442159
23.83 62.7340106
23.84 62.7237814
23.85 62.7135761
23.86 62.7033469
23.87 62.6930938
23.88 62.6828646
23.89 62.6726354
23.9 62.6623823
23.91 62.6521292
23.92 62.6418761
23.93 62.631623
23.94 62.621346
23.95 62.6110929
23.96 62.6008159
23.97 62.5905389
23.98 62.5802619
23.99 62.569961
24.0 62.559684
24.01 62.5493831
24.02 62.5390822
24.03 62.5287813
24.04 62.5184565
24.05 62.5081556
24.06 62.4978308
24.07 62.487506
24.08 62.4771812
24.09 62.4668564
24.1 62.4565077
24.11 62.4461829
24.12 62.4358342
24.13 62.4254855
24.14 62.4151368
24.15 62.4047642
24.16 62.3944155
24.17 62.3840429
24.18 62.3736703
24.19 62.3632977
24.2 62.3529251
24.21 62.3425286
24.22 62.3321321
24.23 62.3217595
24.24 62.3113391
24.25 62.3009426
24.26 62.2905461
24.27 62.2801257
24.28 62.2697053
24.29 62.2592849
24.3 62.2488645
24.31 62.2384441
24.32 62.2279998
24.33 62.2175794
24.34 62.2071351
24.35 62.1966908
24.36 62.1862226
24.37 62.1757783
24.38 62.1653101
24.39 62.1548419
24.4 62.1443737
24.41 62.1339055
24.42 62.1234373
24.43 62.1129452
24.44 62.1024531
24.45 62.091961
24.46 62.0814689
24.47 62.0709768
24.48 62.0604847
24.49 62.0499687
24.5 62.0394527
24.51 62.0289367
24.52 62.0184207
24.53 62.0078808
24.54 61.9973648
24.55 61.9868249
24.56 61.976285
24.57 61.9657451
24.58 61.9552052
24.59 61.9446414
24.6 61.9340776
24.61 61.9235377
24.62 61.91295
24.63 61.9023862
24.64 61.8918224
24.65 61.8812347
24.66 61.870647
24.67 61.8600832
24.68 61.8494716
24.69 61.8388839
24.7 61.8282962
24.71 61.8176846
24.72 61.807073
24.73 61.7964614
24.74 61.7858498
24.75 61.7752143
24.76 61.7646027
24.77 61.7539672
24.78 61.7433317
24.79 61.7326962
24.8 61.7220607
24.81 61.7114013
24.82 61.7007658
24.83 61.6901064
24.84 61.679447
24.85 61.6687876
24.86 61.6581043
24.87 61.6474449
24.88 61.6367616
24.89 61.6260783
24.9 61.615395
24.91 61.6047117
24.92 61.5940045
24.93 61.5832973
24.94 61.572614
24.95 61.5619068
24.96 61.5511996
24.97 61.5404685
24.98 61.5297613
24.99 61.5190302
25.0 61.5082991
25.01 61.497568
25.02 61.4868369
25.03 61.4760819
25.04 61.4653508
25.05 61.4545958
25.06 61.4438408
25.07 61.4330858
25.08 61.4223308
25.09 61.4115519
25.1 61.4007969
25.11 61.390018
25.12 61.3792391
25.13 61.3684602
25.14 61.3576574
25.15 61.3468785
25.16 61.3360757
25.17 61.3252729
25.18 61.3144701
25.19 61.3036673
25.2 61.2928406
25.21 61.2820378
25.22 61.2712111
25.23 61.2603844
25.24 61.2495577
25.25 61.238731
25.26 61.2278804
25.27 61.2170537
25.28 61.2062031
25.29 61.1953525
25.3 61.1845019
25.31 61.1736274
25.32 61.1627768
25.33 61.1519023
25.34 61.1410278
25.35 61.1301533
25.36 61.1192788
25.37 61.1083804
25.38 61.0975059
25.39 61.0866075
25.4 61.0757091
25.41 61.0648107
25.42 61.0539123
25.43 61.04299
25.44 61.0320916
25.45 61.0211693
25.46 61.010247
25.47 60.9993247
25.48 60.9884024
25.49 60.9774562
25.5 60.9665339
25.51 60.9555877
25.52 60.9446415
25.53 60.9336953
25.54 60.9227252
25.55 60.911779
25.56 60.9008089
25.57 60.8898388
25.58 60.8788687
25.59 60.8678986
25.6 60.8569285
25.61 60.8459345
25.62 60.8349405
25.63 60.8239704
25.64 60.8129525
25.65 60.8019585
25.66 60.7909645
25.67 60.7799466
25.68 60.7689526
25.69 60.7579347
25.7 60.7469168
25.71 60.735875
25.72 60.7248571
25.73 60.7138153
25.74 60.7027974
25.75 60.6917556
25.76 60.6806899
25.77 60.6696481
25.78 60.6586063
25.79 60.6475406
25.8 60.6364749
25.81 60.6254092
25.82 60.6143435
25.83 60.6032778
25.84 60.5922121
25.85 60.5811225
25.86 60.5700329
25.87 60.5589433
25.88 60.5478537
25.89 60.5367641
25.9 60.5256506
25.91 60.514561
25.92 60.5034475
25.93 60.492334
25.94 60.4812205
25.95 60.4700831
25.96 60.4589696
25.97 60.4478322
25.98 60.4366948
25.99 60.4255574
26.0 60.41442
26.01 60.4032826
26.02 60.3921213
26.03 60.3809839
26.04 60.3698226
26.05 60.3586613
26.06 60.3475
26.07 60.3363148
26.08 60.3251535
26.09 60.3139683
26.1 60.3027831
26.11 60.2915979
26.12 60.2804127
26.13 60.2692275
26.14 60.2580184
26.15 60.2468332
26.16 60.2356241
26.17 60.224415
26.18 60.2132059
26.19 60.2019729
26.2 60.1907638
26.21 60.1795308
26.22 60.1682978
26.23 60.1570648
26.24 60.1458318
26.25 60.1345988
26.26 60.1233419
26.27 60.1121089
26.28 60.100852
26.29 60.0895951
26.3 60.0783382
26.31 60.0670574
26.32 60.0558005
26.33 60.0445197
26.34 60.0332628
26.35 60.021982
26.36 60.0106773
26.37 59.9993965
26.38 59.9881157
26.39 59.976811
26.4 59.9655063
26.41 59.9542016
26.42 59.9428969
26.43 59.9315922
26.44 59.9202636
26.45 59.9089589
26.46 59.8976303
26.47 59.8863017
26.48 59.8749731
26.49 59.8636445
26.5 59.852292
26.51 59.8409634
26.52 59.8296109
26.53 59.8182584
26.54 59.8069059
26.55 59.7955534
26.56 59.784177
26.57 59.7728245
26.58 59.7614481
26.59 59.7500717
26.6 59.7386953
26.61 59.7273189
26.62 59.7159425
26.63 59.7045422
26.64 59.6931419
26.65 59.6817655
26.66 59.6703413
26.67 59.658941
26.68 59.6475407
26.69 59.6361165
26.7 59.6247162
26.71 59.613292
26.72 59.6018678
26.73 59.5904436
26.74 59.5790194
26.75 59.5675713
26.76 59.5561471
26.77 59.544699
26.78 59.5332509
26.79 59.5218028
26.8 59.5103308
26.81 59.4988827
26.82 59.4874107
26.83 59.4759626
26.84 59.4644906
26.85 59.4530186
26.86 59.4415466
26.87 59.4300507
26.88 59.4185787
26.89 59.4070828
26.9 59.3955869
26.91 59.384091
26.92 59.3725951
26.93 59.3610992
26.94 59.3495794
26.95 59.3380596
26.96 59.3265637
26.97 59.3150439
26.98 59.3035241
26.99 59.2919804
27.0 59.2804606
27.01 59.2689169
27.02 59.2573732
27.03 59.2458534
27.04 59.2343097
27.05 59.2227421
27.06 59.2111984
27.07 59.1996308
27.08 59.1880871
27.09 59.1765195
27.1 59.1649519
27.11 59.1533843
27.12 59.1417928
27.13 59.1302252
27.14 59.1186337
27.15 59.1070422
27.16 59.0954746
27.17 59.0838592
27.18 59.0722677
27.19 59.0606762
27.2 59.0490608
27.21 59.0374454
27.22 59.0258539
27.23 59.0142385
27.24 59.0025992
27.25 58.9909838
27.26 58.9793684
27.27 58.9677291
27.28 58.9560898
27.29 58.9444505
27.3 58.9328112
27.31 58.9211719
27.32 58.9095087
27.33 58.8978694
27.34 58.8862062
27.35 58.874543
27.36 58.8628798
27.37 58.8512166
27.38 58.8395295
27.39 58.8278663
27.4 58.8161792
27.41 58.8044921
27.42 58.7928289
27.43 58.7811179
27.44 58.7694308
27.45 58.7577437
27.46 58.7460327
27.47 58.7343217
27.48 58.7226346
27.49 58.7108997
27.5 58.6991887
27.51 58.6874777
27.52 58.6757428
27.53 58.6640318
27.54 58.6522969
27.55 58.640562
27.56 58.6288271
27.57 58.6170922
27.58 58.6053334
27.59 58.5935985
27.6 58.5818397
27.61 58.5700809
27.62 58.5583221
27.63 58.5465633
27.64 58.5348045
27.65 58.5230218
27.66 58.511263
27.67 58.4994803
27.68 58.4876976
27.69 58.4759149
27.7 58.4641322
27.71 58.4523256
27.72 58.4405429
27.73 58.4287363
27.74 58.4169297
27.75 58.4051231
27.76 58.3933165
27.77 58.3815099
27.78 58.3696794
27.79 58.3578728
27.8 58.3460423
27.81 58.3342118
27.82 58.3223813
27.83 58.3105508
27.84 58.2987203
27.85 58.2868659
27.86 58.2750354
27.87 58.263181
27.88 58.2513266
27.89 58.2394722
27.9 58.2276178
27.91 58.2157395
27.92 58.2038851
27.93 58.1920068
27.94 58.1801285
27.95 58.1682502
27.96 58.1563719
27.97 58.1444936
27.98 58.1326153
27.99 58.1207131
28.0 58.1088109
28.01 58.0969087
28.02 58.0850065
28.03 58.0731043
28.04 58.0612021
28.05 58.0492999
28.06 58.0373738
28.07 58.0254477
28.08 58.0135216
28.09 58.0015955
28.1 57.9896694
28.11 57.9777433
28.12 57.9657933
28.13 57.9538672
28.14 57.9419172
28.15 57.9299672
28.16 57.9180172
28.17 57.9060672
28.18 57.8941172
28.19 57.8821433
28.2 57.8701933
28.21 57.8582194
28.22 57.8462455
28.23 57.8342716
28.24 57.8222977
28.25 57.8102999
28.26 57.798326
28.27 57.7863282
28.28 57.7743304
28.29 57.7623326
28.3 57.7503348
28.31 57.738337
28.32 57.7263392
28.33 57.7143175
28.34 57.7023197
28.35 57.690298
28.36 57.6782763
28.37 57.6662546
28.38 57.6542329
28.39 57.6421873
28.4 57.6301656
28.41 57.61812
28.42 57.6060744
28.43 57.5940288
28.44 57.5819832
28.45 57.5699376
28.46 57.557892
28.47 57.5458225
28.48 57.533753
28.49 57.5217074
28.5 57.5096379
28.51 57.4975445
28.52 57.485475
28.53 57.4734055
28.54 57.4613121
28.55 57.4492426
28.56 57.4371492
28.57 57.4250558
28.58 57.4129624
28.59 57.400869
28.6 57.3887517
28.61 57.3766583
28.62 57.364541
28.63 57.3524237
28.64 57.3403064
28.65 57.3281891
28.66 57.3160718
28.67 57.3039545
28.68 57.2918133
28.69 57.279696
28.7 57.2675548
28.71 57.2554136
28.72 57.2432724
28.73 57.2311312
28.74 57.2189661
28.75 57.2068249
28.76 57.1946598
28.77 57.1824947
28.78 57.1703535
28.79 57.1581884
28.8 57.1459994
28.81 57.1338343
28.82 57.1216692
28.83 57.1094802
28.84 57.0972912
28.85 57.0851022
28.86 57.0729132
28.87 57.0607242
28.88 57.0485352
28.89 57.0363462
28.9 57.0241333
28.91 57.0119204
28.92 56.9997075
28.93 56.9874946
28.94 56.9752817
28.95 56.9630688
28.96 56.9508559
28.97 56.9386191
28.98 56.9263823
28.99 56.9141694
29.0 56.9019326
29.01 56.8896958
29.02 56.8774351
29.03 56.8651983
29.04 56.8529615
29.05 56.8407008
29.06 56.8284401
29.07 56.8161794
29.08 56.8039187
29.09 56.791658
29.1 56.7793973
29.11 56.7671127
29.12 56.754852
29.13 56.7425674
29.14 56.7302828
29.15 56.7179982
29.16 56.7057136
29.17 56.693429
29.18 56.6811205
29.19 56.6688359
29.2 56.6565274
29.21 56.6442189
29.22 56.6319104
29.23 56.6196019
29.24 56.6072934
29.25 56.5949849
29.26 56.5826525
29.27 56.570344
29.28 56.5580116
29.29 56.5456792
29.3 56.5333468
29.31 56.5210144
29.32 56.5086581
29.33 56.4963257
29.34 56.4839694
29.35 56.471637
29.36 56.4592807
29.37 56.4469244
29.38 56.4345681
29.39 56.4222118
29.4 56.4098316
29.41 56.3974753
29.42 56.3850951
29.43 56.3727149
29.44 56.3603347
29.45 56.3479545
29.46 56.3355743
29.47 56.3231941
29.48 56.3108139
29.49 56.2984098
29.5 56.2860057
29.51 56.2736016
29.52 56.2612214
29.53 56.2487934
29.54 56.2363893
29.55 56.2239852
29.56 56.2115572
29.57 56.1991531
29.58 56.1867251
29.59 56.1742971
29.6 56.1618691
29.61 56.1494411
29.62 56.1370131
29.63 56.1245612
29.64 56.1121332
29.65 56.0996813
29.66 56.0872294
29.67 56.0747775
29.68 56.0623256
29.69 56.0498737
29.7 56.0374218
29.71 56.024946
29.72 56.0124941
29.73 56.0000183
29.74 55.9875425
29.75 55.9750667
29.76 55.9625909
29.77 55.9501151
29.78 55.9376393
29.79 55.9251396
29.8 55.9126399
29.81 55.9001641
29.82 55.8876644
29.83 55.8751647
29.84 55.862665
29.85 55.8501414
29.86 55.8376417
29.87 55.825142
29.88 55.8126184
29.89 55.8000948
29.9 55.7875712
29.91 55.7750476
29.92 55.762524
29.93 55.7500004
29.94 55.7374529
29.95 55.7249293
29.96 55.7123818
29.97 55.6998343
29.98 55.6872868
29.99 55.6747393
30.0 55.6621918
30.01 55.6496443
30.02 55.6370729
30.03 55.6245254
30.04 55.611954
30.05 55.5993826
30.06 55.5868112
30.07 55.5742398
30.08 55.5616684
30.09 55.549097
30.1 55.5365017
30.11 55.5239303
30.12 55.511335
30.13 55.4987397
30.14 55.4861444
30.15 55.4735491
30.16 55.4609538
30.17 55.4483585
30.18 55.4357393
30.19 55.4231201
30.2 55.4105248
30.21 55.3979056
30.22 55.3852864
30.23 55.3726672
30.24 55.360048
30.25 55.3474049
30.26 55.3347857
30.27 55.3221426
30.28 55.3095234
30.29 55.2968803
30.3 55.2842372
30.31 55.2715941
30.32 55.2589271
30.33 55.246284
30.34 55.2336409
30.35 55.2209739
30.36 55.2083069
30.37 55.1956638
30.38 55.1829968
30.39 55.1703298
30.4 55.1576389
30.41 55.1449719
30.42 55.1323049
30.43 55.119614
30.44 55.1069231
30.45 55.0942561
30.46 55.0815652
30.47 55.0688743
30.48 55.0561595
30.49 55.0434686
30.5 55.0307777
30.51 55.0180629
30.52 55.0053481
30.53 54.9926572
30.54 54.9799424
30.55 54.9672276
30.56 54.9545128
30.57 54.9417741
30.58 54.9290593
30.59 54.9163206
30.6 54.9036058
30.61 54.8908671
30.62 54.8781284
30.63 54.8653897
30.64 54.852651
30.65 54.8399123
30.66 54.8271497
30.67 54.814411
30.68 54.8016484
30.69 54.7888858
30.7 54.7761471
30.71 54.7633845
30.72 54.7506219
30.73 54.7378354
30.74 54.7250728
30.75 54.7123102
30.76 54.6995237
30.77 54.6867372
30.78 54.6739507
30.79 54.6611881
30.8 54.6483777
30.81 54.6355912
30.82 54.6228047
30.83 54.6100182
30.84 54.5972078
30.85 54.5843974
30.86 54.5716109
30.87 54.5588005
30.88 54.5459901
30.89 54.5331797
30.9 54.5203454
30.91 54.507535
30.92 54.4947246
30.93 54.4818903
30.94 54.469056
30.95 54.4562217
30.96 54.4434113
30.97 54.4305531
30.98 54.4177188
30.99 54.4048845
31.0 54.3920502
31.01 54.379192
31.02 54.3663338
31.03 54.3534995
31.04 54.3406413
31.05 54.3277831
31.06 54.3149249
31.07 54.3020428
31.08 54.2891846
31.09 54.2763264
31.1 54.2634443
31.11 54.2505622
31.12 54.237704
31.13 54.2248219
31.14 54.2119398
31.15 54.1990338
31.16 54.1861517
31.17 54.1732696
31.18 54.1603636
31.19 54.1474815
31.2 54.1345755
31.21 54.1216695
31.22 54.1087635
31.23 54.0958575
31.24 54.0829515
31.25 54.0700216
31.26 54.0571156
31.27 54.0441857
31.28 54.0312797
31.29 54.0183498
31.3 54.0054199
31.31 53.99249
31.32 53.9795601
31.33 53.9666302
31.34 53.9536764
31.35 53.9407465
31.36 53.9277927
31.37 53.9148628
31.38 53.901909
31.39 53.8889552
31.4 53.8760014
31.41 53.8630476
31.42 53.8500938
31.43 53.8371161
31.44 53.8241623
31.45 53.8111846
31.46 53.7982308
31.47 53.7852531
31.48 53.7722754
31.49 53.7592977
31.5 53.74632
31.51 53.7333184
31.52 53.7203407
31.53 53.7073391
31.54 53.6943614
31.55 53.6813598
31.56 53.6683582
31.57 53.6553566
31.58 53.642355
31.59 53.6293534
31.6 53.6163518
31.61 53.6033502
31.62 53.5903247
31.63 53.5773231
31.64 53.5642976
31.65 53.5512721
31.66 53.5382466
31.67 53.5252211
31.68 53.5121956
31.69 53.4991701
31.7 53.4861207
31.71 53.4730952
31.72 53.4600458
31.73 53.4469964
31.74 53.4339709
31.75 53.4209215
31.76 53.4078721
31.77 53.3948227
31.78 53.3817494
31.79 53.3687
31.8 53.3556267
31.81 53.3425773
31.82 53.329504
31.83 53.3164307
31.84 53.3033813
31.85 53.2902841
31.86 53.2772108
31.87 53.2641375
31.88 53.2510642
31.89 53.237967
31.9 53.2248937
31.91 53.2117965
31.92 53.1986993
31.93 53.1856021
31.94 53.1725288
31.95 53.1594077
31.96 53.1463105
31.97 53.1332133
31.98 53.1200922
31.99 53.106995
32.0 53.0938739
32.01 53.0807767
32.02 53.0676556
32.03 53.0545345
32.04 53.0414134
32.05 53.0282923
32.06 53.0151473
32.07 53.0020262
32.08 52.9888812
32.09 52.9757601
32.1 52.9626151
32.11 52.9494701
32.12 52.9363251
32.13 52.9231801
32.14 52.9100351
32.15 52.8968901
32.16 52.8837451
32.17 52.8705762
32.18 52.8574312
32.19 52.8442623
32.2 52.8310934
32.21 52.8179484
32.22 52.8047795
32.23 52.7915867
32.24 52.7784178
32.25 52.7652489
32.26 52.75208
32.27 52.7388872
32.28 52.7257183
32.29 52.7125255
32.3 52.6993327
32.31 52.6861399
32.32 52.6729471
32.33 52.6597543
32.34 52.6465615
32.35 52.6333687
32.36 52.620152
32.37 52.6069592
32.38 52.5937425
32.39 52.5805258
32.4 52.5673091
32.41 52.5540924
32.42 52.5408757
32.43 52.527659
32.44 52.5144423
32.45 52.5012256
32.46 52.487985
32.47 52.4747683
32.48 52.4615277
32.49 52.4482871
32.5 52.4350465
32.51 52.4218059
32.52 52.4085653
32.53 52.3953247
32.54 52.3820841
32.55 52.3688435
32.56 52.355579
32.57 52.3423384
32.58 52.3290739
32.59 52.3158094
32.6 52.3025449
32.61 52.2892804
32.62 52.2760159
32.63 52.2627514
32.64 52.2494869
32.65 52.2361985
32.66 52.222934
32.67 52.2096456
32.68 52.1963811
32.69 52.1830927
32.7 52.1698043
32.71 52.1565159
32.72 52.1432275
32.73 52.1299391
32.74 52.1166268
32.75 52.1033384
32.76 52.09005
32.77 52.0767377
32.78 52.0634254
32.79 52.0501131
32.8 52.0368247
32.81 52.0235124
32.82 52.0102001
32.83 51.9968639
32.84 51.9835516
32.85 51.9702393
32.86 51.9569031
32.87 51.9435908
32.88 51.9302546
32.89 51.9169184
32.9 51.9035822
32.91 51.890246
32.92 51.8769098
32.93 51.8635736
32.94 51.8502374
32.95 51.8369012
32.96 51.8235411
32.97 51.8102049
32.98 51.7968448
32.99 51.7834847
33.0 51.7701246
33.01 51.7567645
33.02 51.7434044
33.03 51.7300443
33.04 51.7166842
33.05 51.7033241
33.06 51.6899401
33.07 51.67658
33.08 51.663196
33.09 51.6498359
33.1 51.6364519
33.11 51.6230679
33.12 51.6096839
33.13 51.5962999
33.14 51.5829159
33.15 51.569508
33.16 51.556124
33.17 51.5427161
33.18 51.5293321
33.19 51.5159242
33.2 51.5025163
33.21 51.4891323
33.22 51.4757244
33.23 51.4623165
33.24 51.4488847
33.25 51.4354768
33.26 51.4220689
33.27 51.408661
33.28 51.3952292
33.29 51.3817974
33.3 51.3683895
33.31 51.3549577
33.32 51.3415259
33.33 51.3280941
33.34 51.3146623
33.35 51.3012305
33.36 51.2877987
33.37 51.274343
33.38 51.2609112
33.39 51.2474555
33.4 51.2340237
33.41 51.220568
33.42 51.2071123
33.43 51.1936566
33.44 51.1802009
33.45 51.1667452
33.46 51.1532895
33.47 51.1398099
33.48 51.1263542
33.49 51.1128985
33.5 51.0994189
33.51 51.0859393
33.52 51.0724836
33.53 51.059004
33.54 51.0455244
33.55 51.0320448
33.56 51.0185652
33.57 51.0050856
33.58 50.9915821
33.59 50.9781025
33.6 50.964599
33.61 50.9511194
33.62 50.9376159
33.63 50.9241124
33.64 50.9106328
33.65 50.8971293
33.66 50.8836258
33.67 50.8701223
33.68 50.8565949
33.69 50.8430914
33.7 50.8295879
33.71 50.8160605
33.72 50.802557
33.73 50.7890296
33.74 50.7755022
33.75 50.7619748
33.76 50.7484713
33.77 50.7349439
33.78 50.7213926
33.79 50.7078652
33.8 50.6943378
33.81 50.6808104
33.82 50.6672591
33.83 50.6537317
33.84 50.6401804
33.85 50.6266291
33.86 50.6130778
33.87 50.5995504
33.88 50.5859991
33.89 50.5724478
33.9 50.5588726
33.91 50.5453213
33.92 50.53177
33.93 50.5181948
33.94 50.5046435
33.95 50.4910683
33.96 50.477517
33.97 50.4639418
33.98 50.4503666
33.99 50.4367914
34.0 50.4232162
34.01 50.409641
34.02 50.3960658
34.03 50.3824667
34.04 50.3688915
34.05 50.3553163
34.06 50.3417172
34.07 50.3281181
34.08 50.3145429
34.09 50.3009438
34.1 50.2873447
34.11 50.2737456
34.12 50.2601465
34.13 50.2465474
34.14 50.2329244
34.15 50.2193253
34.16 50.2057262
34.17 50.1921032
34.18 50.1785041
34.19 50.1648811
34.2 50.1512581
34.21 50.1376351
34.22 50.1240121
34.23 50.1103891
34.24 50.0967661
34.25 50.0831431
34.26 50.0695201
34.27 50.0558971
34.28 50.0422502
34.29 50.0286272
34.3 50.0149803
34.31 50.0013334
34.32 49.9877104
34.33 49.9740635
34.34 49.9604166
34.35 49.9467697
34.36 49.9331228
34.37 49.9194759
34.38 49.9058051
34.39 49.8921582
34.4 49.8785113
34.41 49.8648405
34.42 49.8511697
34.43 49.8375228
34.44 49.823852
34.45 49.8101812
34.46 49.7965104
34.47 49.7828396
34.48 49.7691688
34.49 49.755498
34.5 49.7418272
34.51 49.7281325
34.52 49.7144617
34.53 49.7007909
34.54 49.6870962
34.55 49.6734015
34.56 49.6597307
34.57 49.646036
34.58 49.6323413
34.59 49.6186466
34.6 49.6049519
34.61 49.5912572
34.62 49.5775386
34.63 49.5638439
34.64 49.5501492
34.65 49.5364306
34.66 49.5227359
34.67 49.5090173
34.68 49.4952987
34.69 49.481604
34.7 49.4678854
34.71 49.4541668
34.72 49.4404482
34.73 49.4267296
34.74 49.4129871
34.75 49.3992685
34.76 49.3855499
34.77 49.3718074
34.78 49.3580888
34.79 49.3443463
34.8 49.3306277
34.81 49.3168852
34.82 49.3031427
34.83 49.2894002
34.84 49.2756577
34.85 49.2619152
34.86 49.2481727
34.87 49.2344302
34.88 49.2206877
34.89 49.2069213
34.9 49.1931788
34.91 49.1794124
34.92 49.1656699
34.93 49.1519035
34.94 49.1381371
34.95 49.1243707
34.96 49.1106043
34.97 49.0968618
34.98 49.0830715
34.99 49.0693051
35.0 49.0555387
35.01 49.0417723
35.02 49.027982
35.03 49.0142156
35.04 49.0004253
35.05 48.9866589
35.06 48.9728686
35.07 48.9590783
35.08 48.9453119
35.09 48.9315216
35.1 48.9177313
35.11 48.903941
35.12 48.8901507
35.13 48.8763365
35.14 48.8625462
35.15 48.8487559
35.16 48.8349417
35.17 48.8211514
35.18 48.8073372
35.19 48.7935469
35.2 48.7797327
35.21 48.7659185
35.22 48.7521043
35.23 48.7382901
35.24 48.7244759
35.25 48.7106617
35.26 48.6968475
35.27 48.6830333
35.28 48.6691952
35.29 48.655381
35.3 48.6415429
35.31 48.6277287
35.32 48.6138906
35.33 48.6000764
35.34 48.5862383
35.35 48.5724002
35.36 48.5585621
35.37 48.544724
35.38 48.5308859
35.39 48.5170478
35.4 48.5032097
35.41 48.4893477
35.42 48.4755096
35.43 48.4616715
35.44 48.4478095
35.45 48.4339714
35.46 48.4201094
35.47 48.4062474
35.48 48.3923854
35.49 48.3785473
35.5 48.3646853
35.51 48.3508233
35.52 48.3369613
35.53 48.3230754
35.54 48.3092134
35.55 48.2953514
35.56 48.2814894
35.57 48.2676035
35.58 48.2537415
35.59 48.2398556
35.6 48.2259697
35.61 48.2121077
35.62 48.1982218
35.63 48.1843359
35.64 48.17045
35.65 48.1565641
35.66 48.1426782
35.67 48.1287923
35.68 48.1149064
35.69 48.1009966
35.7 48.0871107
35.71 48.0732248
35.72 48.059315
35.73 48.0454291
35.74 48.0315193
35.75 48.0176095
35.76 48.0037236
35.77 47.9898138
35.78 47.975904
35.79 47.9619942
35.8 47.9480844
35.81 47.9341746
35.82 47.9202648
35.83 47.9063311
35.84 47.8924213
35.85 47.8785115
35.86 47.8645778
35.87 47.850668
35.88 47.8367343
35.89 47.8228006
35.9 47.8088908
35.91 47.7949571
35.92 47.7810234
35.93 47.7670897
35.94 47.753156
35.95 47.7392223
35.96 47.7252886
35.97 47.7113549
35.98 47.6974212
35.99 47.6834636
36.0 47.6695299
36.01 47.6555723
36.02 47.6416386
36.03 47.627681
36.04 47.6137473
36.05 47.5997897
36.06 47.5858321
36.07 47.5718745
36.08 47.5579169
36.09 47.5439593
36.1 47.5300017
36.11 47.5160441
36.12 47.5020865
36.13 47.4881289
36.14 47.4741713
36.15 47.4601898
36.16 47.4462322
36.17 47.4322507
36.18 47.4182931
36.19 47.4043116
36.2 47.3903301
36.21 47.3763725
36.22 47.362391
36.23 47.3484095
36.24 47.334428
36.25 47.3204465
36.26 47.306465
36.27 47.2924835
36.28 47.2784781
36.29 47.2644966
36.3 47.2505151
36.31 47.2365097
36.32 47.2225282
36.33 47.2085228
36.34 47.1945413
36.35 47.1805359
36.36 47.1665305
36.37 47.152549
36.38 47.1385436
36.39 47.1245382
36.4 47.1105328
36.41 47.0965274
36.42 47.082522
36.43 47.0685166
36.44 47.0544873
36.45 47.0404819
36.46 47.0264765
36.47 47.0124472
36.48 46.9984418
36.49 46.9844125
36.5 46.9704071
36.51 46.9563778
36.52 46.9423485
36.53 46.9283431
36.54 46.9143138
36.55 46.9002845
36.56 46.8862552
36.57 46.8722259
36.58 46.8581966
36.59 46.8441673
36.6 46.8301141
36.61 46.8160848
36.62 46.8020555
36.63 46.7880023
36.64 46.773973
36.65 46.7599198
36.66 46.7458905
36.67 46.7318373
36.68 46.717808
36.69 46.7037548
36.7 46.6897016
36.71 46.6756484
36.72 46.6615952
36.73 46.647542
36.74 46.6334888
36.75 46.6194356
36.76 46.6053824
36.77 46.5913292
36.78 46.5772521
36.79 46.5631989
36.8 46.5491457
36.81 46.5350686
36.82 46.5210154
36.83 46.5069383
36.84 46.4928612
36.85 46.478808
36.86 46.4647309
36.87 46.4506538
36.88 46.4365767
36.89 46.4224996
36.9 46.4084225
36.91 46.3943454
36.92 46.3802683
36.93 46.3661912
36.94 46.3521141
36.95 46.338037
36.96 46.323936
36.97 46.3098589
36.98 46.2957818
36.99 46.2816808
37.0 46.2676037
37.01 46.2535027
37.02 46.2394017
37.03 46.2253246
37.04 46.2112236
37.05 46.1971226
37.06 46.1830216
37.07 46.1689206
37.08 46.1548196
37.09 46.1407186
37.1 46.1266176
37.11 46.1125166
37.12 46.0984156
37.13 46.0842907
37.14 46.0701897
37.15 46.0560887
37.16 46.0419638
37.17 46.0278628
37.18 46.0137379
37.19 45.999613
37.2 45.985512
37.21 45.9713871
37.22 45.9572622
37.23 45.9431373
37.24 45.9290363
37.25 45.9149114
37.26 45.9007865
37.27 45.8866616
37.28 45.8725367
37.29 45.8583879
37.3 45.844263
37.31 45.8301381
37.32 45.8160132
37.33 45.8018644
37.34 45.7877395
37.35 45.7735907
37.36 45.7594658
37.37 45.745317
37.38 45.7311921
37.39 45.7170433
37.4 45.7028945
37.41 45.6887696
37.42 45.6746208
37.43 45.660472
37.44 45.6463232
37.45 45.6321744
37.46 45.6180256
37.47 45.6038768
37.48 45.589728
37.49 45.5755553
37.5 45.5614065
37.51 45.5472577
37.52 45.533085
37.53 45.5189362
37.54 45.5047874
37.55 45.4906147
37.56 45.4764659
37.57 45.4622932
37.58 45.4481205
37.59 45.4339717
37.6 45.419799
37.61 45.4056263
37.62 45.3914536
37.63 45.3772809
37.64 45.3631082
37.65 45.3489355
37.66 45.3347628
37.67 45.3205901
37.68 45.3064174
37.69 45.2922447
37.7 45.2780481
37.71 45.2638754
37.72 45.2497027
37.73 45.2355061
37.74 45.2213334
37.75 45.2071368
37.76 45.1929641
37.77 45.1787675
37.78 45.1645948
37.79 45.1503982
37.8 45.1362016
37.81 45.122005
37.82 45.1078084
37.83 45.0936357
37.84 45.0794391
37.85 45.0652425
37.86 45.0510459
37.87 45.0368493
37.88 45.0226288
37.89 45.0084322
37.9 44.9942356
37.91 44.980039
37.92 44.9658185
37.93 44.9516219
37.94 44.9374253
37.95 44.9232048
37.96 44.9090082
37.97 44.8947877
37.98 44.8805672
37.99 44.8663706
38.0 44.8521501
38.01 44.8379296
38.02 44.823733
38.03 44.8095125
38.04 44.795292
38.05 44.7810715
38.06 44.766851
38.07 44.7526305
38.08 44.73841
38.09 44.7241895
38.1 44.709969
38.11 44.6957246
38.12 44.6815041
38.13 44.6672836
38.14 44.6530392
38.15 44.6388187
38.16 44.6245982
38.17 44.6103538
38.18 44.5961333
38.19 44.5818889
38.2 44.5676445
38.21 44.553424
38.22 44.5391796
38.23 44.5249352
38.24 44.5107147
38.25 44.4964703
38.26 44.4822259
38.27 44.4679815
38.28 44.4537371
38.29 44.4394927
38.3 44.4252483
38.31 44.4110039
38.32 44.3967595
38.33 44.3825151
38.34 44.3682468
38.35 44.3540024
38.36 44.339758
38.37 44.3254897
38.38 44.3112453
38.39 44.2970009
38.4 44.2827326
38.41 44.2684882
38.42 44.2542199
38.43 44.2399516
38.44 44.2257072
38.45 44.2114389
38.46 44.1971706
38.47 44.1829262
38.48 44.1686579
38.49 44.1543896
38.5 44.1401213
38.51 44.125853
38.52 44.1115847
38.53 44.0973164
38.54 44.0830481
38.55 44.0687798
38.56 44.0545115
38.57 44.0402432
38.58 44.025951
38.59 44.0116827
38.6 43.9974144
38.61 43.9831222
38.62 43.9688539
38.63 43.9545856
38.64 43.9402934
38.65 43.9260251
38.66 43.9117329
38.67 43.8974646
38.68 43.8831724
38.69 43.8688802
38.7 43.8546119
38.71 43.8403197
38.72 43.8260275
38.73 43.8117353
38.74 43.7974431
38.75 43.7831509
38.76 43.7688826
38.77 43.7545904
38.78 43.7402982
38.79 43.7259821
38.8 43.7116899
38.81 43.6973977
38.82 43.6831055
38.83 43.6688133
38.84 43.6545211
38.85 43.640205
38.86 43.6259128
38.87 43.6116206
38.88 43.5973045
38.89 43.5830123
38.9 43.5686962
38.91 43.554404
38.92 43.5400879
38.93 43.5257957
38.94 43.5114796
38.95 43.4971635
38.96 43.4828713
38.97 43.4685552
38.98 43.4542391
38.99 43.439923
39.0 43.4256308
39.01 43.4113147
39.02 43.3969986
39.03 43.3826825
39.04 43.3683664
39.05 43.3540503
39.06 43.3397342
39.07 43.3254181
39.08 43.311102
39.09 43.296762
39.1 43.2824459
39.11 43.2681298
39.12 43.2538137
39.13 43.2394737
39.14 43.2251576
39.15 43.2108415
39.16 43.1965015
39.17 43.1821854
39.18 43.1678454
39.19 43.1535293
39.2 43.1391893
39.21 43.1248732
39.22 43.1105332
39.23 43.0962171
39.24 43.0818771
39.25 43.0675371
39.26 43.0531971
39.27 43.038881
39.28 43.024541
39.29 43.010201
39.3 42.995861
39.31 42.981521
39.32 42.967181
39.33 42.952841
39.34 42.938501
39.35 42.924161
39.36 42.909821
39.37 42.895481
39.38 42.881141
39.39 42.866801
39.4 42.8524371
39.41 42.8380971
39.42 42.8237571
39.43 42.8094171
39.44 42.7950532
39.45 42.7807132
39.46 42.7663493
39.47 42.7520093
39.48 42.7376693
39.49 42.7233054
39.5 42.7089654
39.51 42.6946015
39.52 42.6802376
39.53 42.6658976
39.54 42.6515337
39.55 42.6371698
39.56 42.6228298
39.57 42.6084659
39.58 42.594102
39.59 42.5797381
39.6 42.5653981
39.61 42.5510342
39.62 42.5366703
39.63 42.5223064
39.64 42.5079425
39.65 42.4935786
39.66 42.4792147
39.67 42.4648508
39.68 42.4504869
39.69 42.436123
39.7 42.4217591
39.71 42.4073713
39.72 42.3930074
39.73 42.3786435
39.74 42.3642796
39.75 42.3498918
39.76 42.3355279
39.77 42.321164
39.78 42.3067762
39.79 42.2924123
39.8 42.2780484
39.81 42.2636606
39.82 42.2492967
39.83 42.2349089
39.84 42.220545
39.85 42.2061572
39.86 42.1917694
39.87 42.1774055
39.88 42.1630177
39.89 42.1486538
39.9 42.134266
39.91 42.1198782
39.92 42.1054904
39.93 42.0911265
39.94 42.0767387
39.95 42.0623509
39.96 42.0479631
39.97 42.0335753
39.98 42.0191875
39.99 42.0047997
40.0 41.9904119
40.01 41.9760241
40.02 41.9616363
40.03 41.9472485
40.04 41.9328607
40.05 41.9184729
40.06 41.9040851
40.07 41.8896973
40.08 41.8753095
40.09 41.8608978
40.1 41.84651
40.11 41.8321222
40.12 41.8177344
40.13 41.8033227
40.14 41.7889349
40.15 41.7745471
40.16 41.7601354
40.17 41.7457476
40.18 41.7313598
40.19 41.7169481
40.2 41.7025603
40.21 41.6881486
40.22 41.6737608
40.23 41.6593491
40.24 41.6449613
40.25 41.6305496
40.26 41.6161379
40.27 41.6017501
40.28 41.5873384
40.29 41.5729267
40.3 41.5585389
40.31 41.5441272
40.32 41.5297155
40.33 41.5153038
40.34 41.500916
40.35 41.4865043
40.36 41.4720926
40.37 41.4576809
40.38 41.4432692
40.39 41.4288575
40.4 41.4144458
40.41 41.4000341
40.42 41.3856224
40.43 41.3712107
40.44 41.356799
40.45 41.3423873
40.46 41.3279756
40.47 41.3135639
40.48 41.2991522
40.49 41.2847405
40.5 41.2703288
40.51 41.2559171
40.52 41.2414815
40.53 41.2270698
40.54 41.2126581
40.55 41.1982464
40.56 41.1838108
40.57 41.1693991
40.58 41.1549874
40.59 41.1405518
40.6 41.1261401
40.61 41.1117284
40.62 41.0972928
40.63 41.0828811
40.64 41.0684455
40.65 41.0540338
40.66 41.0395982
40.67 41.0251865
40.68 41.0107509
40.69 40.9963392
40.7 40.9819036
40.71 40.9674919
40.72 40.9530563
40.73 40.9386446
40.74 40.924209
40.75 40.9097734
40.76 40.8953617
40.77 40.8809261
40.78 40.8664905
40.79 40.8520788
40.8 40.8376432
40.81 40.8232076
40.82 40.808772
40.83 40.7943364
40.84 40.7799247
40.85 40.7654891
40.86 40.7510535
40.87 40.7366179
40.88 40.7221823
40.89 40.7077467
40.9 40.6933111
40.91 40.6788755
40.92 40.6644638
40.93 40.6500282
40.94 40.6355926
40.95 40.621157
40.96 40.6067214
40.97 40.5922858
40.98 40.5778263
40.99 40.5633907
41.0 40.5489551
41.01 40.5345195
41.02 40.5200839
41.03 40.5056483
41.04 40.4912127
41.05 40.4767771
41.06 40.4623176
41.07 40.447882
41.08 40.4334464
41.09 40.4190108
41.1 40.4045752
41.11 40.3901157
41.12 40.3756801
41.13 40.3612445
41.14 40.346785
41.15 40.3323494
41.16 40.3179138
41.17 40.3034543
41.18 40.2890187
41.19 40.2745831
41.2 40.2601236
41.21 40.245688
41.22 40.2312524
41.23 40.2167929
41.24 40.2023573
41.25 40.1878978
41.26 40.1734622
41.27 40.1590027
41.28 40.1445671
41.29 40.1301076
41.3 40.115672
41.31 40.1012125
41.32 40.0867769
41.33 40.0723174
41.34 40.0578818
41.35 40.0434223
41.36 40.0289628
41.37 40.0145272
41.38 40.0000677
41.39 39.9856082
41.4 39.9711726
41.41 39.9567131
41.42 39.9422775
41.43 39.927818
41.44 39.9133585
41.45 39.898899
41.46 39.8844634
41.47 39.8700039
41.48 39.8555444
41.49 39.8410849
41.5 39.8266493
41.51 39.8121898
41.52 39.7977303
41.53 39.7832708
41.54 39.7688352
41.55 39.7543757
41.56 39.7399162
41.57 39.7254567
41.58 39.7109972
41.59 39.6965377
41.6 39.6821021
41.61 39.6676426
41.62 39.6531831
41.63 39.6387236
41.64 39.6242641
41.65 39.6098046
41.66 39.5953451
41.67 39.5808856
41.68 39.5664261
41.69 39.5519666
41.7 39.5375071
41.71 39.5230476
41.72 39.5085881
41.73 39.4941286
41.74 39.4796691
41.75 39.4652096
41.76 39.4507501
41.77 39.4362906
41.78 39.4218311
41.79 39.4073716
41.8 39.3929121
41.81 39.3784526
41.82 39.3639931
41.83 39.3495336
41.84 39.3350741
41.85 39.3206146
41.86 39.3061551
41.87 39.2916956
41.88 39.2772122
41.89 39.2627527
41.9 39.2482932
41.91 39.2338337
41.92 39.2193742
41.93 39.2049147
41.94 39.1904552
41.95 39.1759957
41.96 39.1615123
41.97 39.1470528
41.98 39.1325933
41.99 39.1181338
42.0 39.1036743
42.01 39.0891909
42.02 39.0747314
42.03 39.0602719
42.04 39.0458124
42.05 39.0313529
42.06 39.0168695
42.07 39.00241
42.08 38.9879505
42.09 38.973491
42.1 38.9590076
42.11 38.9445481
42.12 38.9300886
42.13 38.9156291
42.14 38.9011457
42.15 38.8866862
42.16 38.8722267
42.17 38.8577672
42.18 38.8432838
42.19 38.8288243
42.2 38.8143648
42.21 38.7998814
42.22 38.7854219
42.23 38.7709624
42.24 38.7565029
42.25 38.7420195
42.26 38.72756
42.27 38.7131005
42.28 38.6986171
42.29 38.6841576
42.3 38.6696981
42.31 38.6552147
42.32 38.6407552
42.33 38.6262957
42.34 38.6118123
42.35 38.5973528
42.36 38.5828933
42.37 38.5684099
42.38 38.5539504
42.39 38.5394909
42.4 38.5250075
42.41 38.510548
42.42 38.4960885
42.43 38.4816051
42.44 38.4671456
42.45 38.4526622
42.46 38.4382027
42.47 38.4237432
42.48 38.4092598
42.49 38.3948003
42.5 38.3803408
42.51 38.3658574
42.52 38.3513979
42.53 38.3369384
42.54 38.322455
42.55 38.3079955
42.56 38.2935121
42.57 38.2790526
42.58 38.2645931
42.59 38.2501097
42.6 38.2356502
42.61 38.2211907
42.62 38.2067073
42.63 38.1922478
42.64 38.1777883
42.65 38.1633049
42.66 38.1488454
42.67 38.134362
42.68 38.1199025
42.69 38.105443
42.7 38.0909596
42.71 38.0765001
42.72 38.0620406
42.73 38.0475572
42.74 38.0330977
42.75 38.0186382
42.76 38.0041548
42.77 37.9896953
42.78 37.9752358
42.79 37.9607524
42.8 37.9462929
42.81 37.9318095
42.82 37.91735
42.83 37.9028905
42.84 37.8884071
42.85 37.8739476
42.86 37.8594881
42.87 37.8450047
42.88 37.8305452
42.89 37.8160857
42.9 37.8016023
42.91 37.7871428
42.92 37.7726833
42.93 37.7582238
42.94 37.7437404
42.95 37.7292809
42.96 37.7148214
42.97 37.700338
42.98 37.6858785
42.99 37.671419
43.0 37.6569356
43.01 37.6424761
43.02 37.6280166
43.03 37.6135571
43.04 37.5990737
43.05 37.5846142
43.06 37.5701547
43.07 37.5556952
43.08 37.5412118
43.09 37.5267523
43.1 37.5122928
43.11 37.4978333
43.12 37.4833499
43.13 37.4688904
43.14 37.4544309
43.15 37.4399714
43.16 37.4255119
43.17 37.4110285
43.18 37.396569
43.19 37.3821095
43.2 37.36765
43.21 37.3531905
43.22 37.3387071
43.23 37.3242476
43.24 37.3097881
43.25 37.2953286
43.26 37.2808691
43.27 37.2664096
43.28 37.2519501
43.29 37.2374667
43.3 37.2230072
43.31 37.2085477
43.32 37.1940882
43.33 37.1796287
43.34 37.1651692
43.35 37.1507097
43.36 37.1362502
43.37 37.1217907
43.38 37.1073312
43.39 37.0928717
43.4 37.0784122
43.41 37.0639527
43.42 37.0494932
43.43 37.0350337
43.44 37.0205742
43.45 37.0061147
43.46 36.9916552
43.47 36.9771957
43.48 36.9627362
43.49 36.9482767
43.5 36.9338172
43.51 36.9193577
43.52 36.9048982
43.53 36.8904387
43.54 36.8759792
43.55 36.8615197
43.56 36.8470602
43.57 36.8326007
43.58 36.8181412
43.59 36.8037056
43.6 36.7892461
43.61 36.7747866
43.62 36.7603271
43.63 36.7458676
43.64 36.7314081
43.65 36.7169725
43.66 36.702513
43.67 36.6880535
43.68 36.673594
43.69 36.6591345
43.7 36.6446989
43.71 36.6302394
43.72 36.6157799
43.73 36.6013204
43.74 36.5868848
43.75 36.5724253
43.76 36.5579658
43.77 36.5435302
43.78 36.5290707
43.79 36.5146112
43.8 36.5001756
43.81 36.4857161
43.82 36.4712805
43.83 36.456821
43.84 36.4423615
43.85 36.4279259
43.86 36.4134664
43.87 36.3990308
43.88 36.3845713
43.89 36.3701357
43.9 36.3556762
43.91 36.3412406
43.92 36.3267811
43.93 36.3123455
43.94 36.297886
43.95 36.2834504
43.96 36.2689909
43.97 36.2545553
43.98 36.2401197
43.99 36.2256602
44.0 36.2112246
44.01 36.196789
44.02 36.1823295
44.03 36.1678939
44.04 36.1534583
44.05 36.1389988
44.06 36.1245632
44.07 36.1101276
44.08 36.0956681
44.09 36.0812325
44.1 36.0667969
44.11 36.0523613
44.12 36.0379257
44.13 36.0234662
44.14 36.0090306
44.15 35.994595
44.16 35.9801594
44.17 35.9657238
44.18 35.9512882
44.19 35.9368526
44.2 35.922417
44.21 35.9079814
44.22 35.8935458
44.23 35.8791102
44.24 35.8646746
44.25 35.850239
44.26 35.8358034
44.27 35.8213678
44.28 35.8069322
44.29 35.7924966
44.3 35.778061
44.31 35.7636254
44.32 35.7491898
44.33 35.7347542
44.34 35.7203425
44.35 35.7059069
44.36 35.6914713
44.37 35.6770357
44.38 35.6626001
44.39 35.6481884
44.4 35.6337528
44.41 35.6193172
44.42 35.6049055
44.43 35.5904699
44.44 35.5760343
44.45 35.5616226
44.46 35.547187
44.47 35.5327514
44.48 35.5183397
44.49 35.5039041
44.5 35.4894924
44.51 35.4750568
44.52 35.4606451
44.53 35.4462095
44.54 35.4317978
44.55 35.4173622
44.56 35.4029505
44.57 35.3885388
44.58 35.3741032
44.59 35.3596915
44.6 35.3452798
44.61 35.3308442
44.62 35.3164325
44.63 35.3020208
44.64 35.2875852
44.65 35.2731735
44.66 35.2587618
44.67 35.2443501
44.68 35.2299384
44.69 35.2155267
44.7 35.2010911
44.71 35.1866794
44.72 35.1722677
44.73 35.157856
44.74 35.1434443
44.75 35.1290326
44.76 35.1146209
44.77 35.1002092
44.78 35.0857975
44.79 35.0713858
44.8 35.0569741
44.81 35.0425624
44.82 35.0281746
44.83 35.0137629
44.84 34.9993512
44.85 34.9849395
44.86 34.9705278
44.87 34.95614
44.88 34.9417283
44.89 34.9273166
44.9 34.9129288
44.91 34.8985171
44.92 34.8841054
44.93 34.8697176
44.94 34.8553059
44.95 34.8408942
44.96 34.8265064
44.97 34.8120947
44.98 34.7977069
44.99 34.7832952
45.0 34.7689074
45.01 34.7545196
45.02 34.7401079
45.03 34.7257201
45.04 34.7113323
45.05 34.6969206
45.06 34.6825328
45.07 34.668145
45.08 34.6537333
45.09 34.6393455
45.1 34.6249577
45.11 34.6105699
45.12 34.5961821
45.13 34.5817943
45.14 34.5673826
45.15 34.5529948
45.16 34.538607
45.17 34.5242192
45.18 34.5098314
45.19 34.4954436
45.2 34.4810558
45.21 34.4666919
45.22 34.4523041
45.23 34.4379163
45.24 34.4235285
45.25 34.4091407
45.26 34.3947529
45.27 34.380389
45.28 34.3660012
45.29 34.3516134
45.3 34.3372495
45.31 34.3228617
45.32 34.3084739
45.33 34.29411
45.34 34.2797222
45.35 34.2653583
45.36 34.2509705
45.37 34.2366066
45.38 34.2222188
45.39 34.2078549
45.4 34.1934671
45.41 34.1791032
45.42 34.1647393
45.43 34.1503515
45.44 34.1359876
45.45 34.1216237
45.46 34.1072598
45.47 34.0928959
45.48 34.0785081
45.49 34.0641442
45.5 34.0497803
45.51 34.0354164
45.52 34.0210525
45.53 34.0066886
45.54 33.9923247
45.55 33.9779608
45.56 33.9635969
45.57 33.949233
45.58 33.9348691
45.59 33.9205291
45.6 33.9061652
45.61 33.8918013
45.62 33.8774374
45.63 33.8630974
45.64 33.8487335
45.65 33.8343696
45.66 33.8200296
45.67 33.8056657
45.68 33.7913257
45.69 33.7769618
45.7 33.7626218
45.71 33.7482579
45.72 33.7339179
45.73 33.719554
45.74 33.705214
45.75 33.690874
45.76 33.6765101
45.77 33.6621701
45.78 33.6478301
45.79 33.6334901
45.8 33.6191262
45.81 33.6047862
45.82 33.5904462
45.83 33.5761062
45.84 33.5617662
45.85 33.5474262
45.86 33.5330862
45.87 33.5187462
45.88 33.5044062
45.89 33.4900662
45.9 33.4757501
45.91 33.4614101
45.92 33.4470701
45.93 33.4327301
45.94 33.418414
45.95 33.404074
45.96 33.389734
45.97 33.3754179
45.98 33.3610779
45.99 33.3467379
46.0 33.3324218
46.01 33.3181057
46.02 33.3037657
46.03 33.2894496
46.04 33.2751096
46.05 33.2607935
46.06 33.2464774
46.07 33.2321374
46.08 33.2178213
46.09 33.2035052
46.1 33.1891891
46.11 33.174873
46.12 33.1605569
46.13 33.1462408
46.14 33.1319247
46.15 33.1176086
46.16 33.1032925
46.17 33.0889764
46.18 33.0746603
46.19 33.0603442
46.2 33.0460281
46.21 33.0317359
46.22 33.0174198
46.23 33.0031037
46.24 32.9888115
46.25 32.9744954
46.26 32.9601793
46.27 32.9458871
46.28 32.931571
46.29 32.9172788
46.3 32.9029627
46.31 32.8886705
46.32 32.8743783
46.33 32.8600622
46.34 32.84577
46.35 32.8314778
46.36 32.8171856
46.37 32.8028934
46.38 32.7885773
46.39 32.7742851
46.4 32.7599929
46.41 32.7457007
46.42 32.7314085
46.43 32.7171163
46.44 32.702848
46.45 32.6885558
46.46 32.6742636
46.47 32.6599714
46.48 32.6456792
46.49 32.6314109
46.5 32.6171187
46.51 32.6028265
46.52 32.5885582
46.53 32.574266
46.54 32.5599977
46.55 32.5457055
46.56 32.5314372
46.57 32.5171689
46.58 32.5028767
46.59 32.4886084
46.6 32.4743401
46.61 32.4600479
46.62 32.4457796
46.63 32.4315113
46.64 32.417243
46.65 32.4029747
46.66 32.3887064
46.67 32.3744381
46.68 32.3601698
46.69 32.3459015
46.7 32.3316332
46.71 32.3173888
46.72 32.3031205
46.73 32.2888522
46.74 32.2745839
46.75 32.2603395
46.76 32.2460712
46.77 32.2318268
46.78 32.2175585
46.79 32.2033141
46.8 32.1890458
46.81 32.1748014
46.82 32.160557
46.83 32.1462887
46.84 32.1320443
46.85 32.1177999
46.86 32.1035555
46.87 32.0892872
46.88 32.0750428
46.89 32.0607984
46.9 32.046554
46.91 32.0323096
46.92 32.0180891
46.93 32.0038447
46.94 31.9896003
46.95 31.9753559
46.96 31.9611115
46.97 31.946891
46.98 31.9326466
46.99 31.9184022
47.0 31.9041817
47.01 31.8899373
47.02 31.8757168
47.03 31.8614724
47.04 31.8472519
47.05 31.8330314
47.06 31.8188109
47.07 31.8045665
47.08 31.790346
47.09 31.7761255
47.1 31.761905
47.11 31.7476845
47.12 31.733464
47.13 31.7192435
47.14 31.705023
47.15 31.6908025
47.16 31.676582
47.17 31.6623615
47.18 31.6481649
47.19 31.6339444
47.2 31.6197239
47.21 31.6055273
47.22 31.5913068
47.23 31.5771102
47.24 31.5628897
47.25 31.5486931
47.26 31.5344726
47.27 31.520276
47.28 31.5060794
47.29 31.4918828
47.3 31.4776862
47.31 31.4634657
47.32 31.4492691
47.33 31.4350725
47.34 31.4208759
47.35 31.4066793
47.36 31.3925066
47.37 31.37831
47.38 31.3641134
47.39 31.3499168
47.4 31.3357202
47.41 31.3215475
47.42 31.3073509
47.43 31.2931782
47.44 31.2789816
47.45 31.2648089
47.46 31.2506123
47.47 31.2364396
47.48 31.2222669
47.49 31.2080703
47.5 31.1938976
47.51 31.1797249
47.52 31.1655522
47.53 31.1513795
47.54 31.1372068
47.55 31.1230341
47.56 31.1088614
47.57 31.0946887
47.58 31.0805399
47.59 31.0663672
47.6 31.0521945
47.61 31.0380218
47.62 31.023873
47.63 31.0097003
47.64 30.9955515
47.65 30.9813788
47.66 30.96723
47.67 30.9530812
47.68 30.9389085
47.69 30.9247597
47.7 30.9106109
47.71 30.8964621
47.72 30.8823133
47.73 30.8681645
47.74 30.8540157
47.75 30.8398669
47.76 30.8257181
47.77 30.8115693
47.78 30.7974205
47.79 30.7832956
47.8 30.7691468
47.81 30.754998
47.82 30.7408731
47.83 30.7267243
47.84 30.7125994
47.85 30.6984506
47.86 30.6843257
47.87 30.6702008
47.88 30.6560759
47.89 30.6419271
47.9 30.6278022
47.91 30.6136773
47.92 30.5995524
47.93 30.5854275
47.94 30.5713026
47.95 30.5571777
47.96 30.5430767
47.97 30.5289518
47.98 30.5148269
47.99 30.500702
48.0 30.486601
48.01 30.4724761
48.02 30.4583751
48.03 30.4442502
48.04 30.4301492
48.05 30.4160482
48.06 30.4019233
48.07 30.3878223
48.08 30.3737213
48.09 30.3596203
48.1 30.3455193
48.11 30.3314183
48.12 30.3173173
48.13 30.3032163
48.14 30.2891153
48.15 30.2750382
48.16 30.2609372
48.17 30.2468362
48.18 30.2327591
48.19 30.2186581
48.2 30.204581
48.21 30.19048
48.22 30.1764029
48.23 30.1623258
48.24 30.1482248
48.25 30.1341477
48.26 30.1200706
48.27 30.1059935
48.28 30.0919164
48.29 30.0778393
48.3 30.0637622
48.31 30.0496851
48.32 30.035608
48.33 30.0215548
48.34 30.0074777
48.35 29.9934006
48.36 29.9793474
48.37 29.9652703
48.38 29.9512171
48.39 29.93714
48.4 29.9230868
48.41 29.9090336
48.42 29.8949804
48.43 29.8809272
48.44 29.8668501
48.45 29.8527969
48.46 29.8387437
48.47 29.8247144
48.48 29.8106612
48.49 29.796608
48.5 29.7825548
48.51 29.7685255
48.52 29.7544723
48.53 29.7404191
48.54 29.7263898
48.55 29.7123366
48.56 29.6983073
48.57 29.684278
48.58 29.6702248
48.59 29.6561955
48.6 29.6421662
48.61 29.6281369
48.62 29.6141076
48.63 29.6000783
48.64 29.586049
48.65 29.5720197
48.66 29.5580143
48.67 29.543985
48.68 29.5299557
48.69 29.5159503
48.7 29.501921
48.71 29.4879156
48.72 29.4738863
48.73 29.4598809
48.74 29.4458755
48.75 29.4318701
48.76 29.4178408
48.77 29.4038354
48.78 29.38983
48.79 29.3758246
48.8 29.3618431
48.81 29.3478377
48.82 29.3338323
48.83 29.3198269
48.84 29.3058454
48.85 29.29184
48.86 29.2778346
48.87 29.2638531
48.88 29.2498716
48.89 29.2358662
48.9 29.2218847
48.91 29.2079032
48.92 29.1939217
48.93 29.1799402
48.94 29.1659587
48.95 29.1519772
48.96 29.1379957
48.97 29.1240142
48.98 29.1100327
48.99 29.0960751
49.0 29.0820936
49.01 29.0681121
49.02 29.0541545
49.03 29.040173
49.04 29.0262154
49.05 29.0122578
49.06 28.9983002
49.07 28.9843187
49.08 28.9703611
49.09 28.9564035
49.1 28.9424459
49.11 28.9284883
49.12 28.9145546
49.13 28.900597
49.14 28.8866394
49.15 28.8727057
49.16 28.8587481
49.17 28.8447905
49.18 28.8308568
49.19 28.8169231
49.2 28.8029655
49.21 28.7890318
49.22 28.7750981
49.23 28.7611644
49.24 28.7472307
49.25 28.733297
49.26 28.7193633
49.27 28.7054296
49.28 28.6914959
49.29 28.6775861
49.3 28.6636524
49.31 28.6497187
49.32 28.6358089
49.33 28.6218991
49.34 28.6079654
49.35 28.5940556
49.36 28.5801458
49.37 28.566236
49.38 28.5523023
49.39 28.5383925
49.4 28.5244827
49.41 28.5105968
49.42 28.496687
49.43 28.4827772
49.44 28.4688674
49.45 28.4549815
49.46 28.4410717
49.47 28.4271858
49.48 28.413276
49.49 28.3993901
49.5 28.3855042
49.51 28.3716183
49.52 28.3577324
49.53 28.3438226
49.54 28.3299367
49.55 28.3160747
49.56 28.3021888
49.57 28.2883029
49.58 28.274417
49.59 28.260555
49.6 28.2466691
49.61 28.2328071
49.62 28.2189212
49.63 28.2050592
49.64 28.1911972
49.65 28.1773113
49.66 28.1634493
49.67 28.1495873
49.68 28.1357253
49.69 28.1218633
49.7 28.1080252
49.71 28.0941632
49.72 28.0803012
49.73 28.0664392
49.74 28.0526011
49.75 28.0387391
49.76 28.024901
49.77 28.0110629
49.78 27.9972009
49.79 27.9833628
49.8 27.9695247
49.81 27.9556866
49.82 27.9418485
49.83 27.9280104
49.84 27.9141723
49.85 27.9003581
49.86 27.88652
49.87 27.8726819
49.88 27.8588677
49.89 27.8450296
49.9 27.8312154
49.91 27.8174012
49.92 27.803587
49.93 27.7897489
49.94 27.7759347
49.95 27.7621205
49.96 27.7483063
49.97 27.7344921
49.98 27.7207018
49.99 27.7068876
50.0 27.6930734
50.01 27.6792831
50.02 27.6654689
50.03 27.6516786
50.04 27.6378883
50.05 27.6240741
50.06 27.6102838
50.07 27.5964935
50.08 27.5827032
50.09 27.5689129
50.1 27.5551226
50.11 27.5413323
50.12 27.5275659
50.13 27.5137756
50.14 27.4999853
50.15 27.4862189
50.16 27.4724286
50.17 27.4586622
50.18 27.4448958
50.19 27.4311294
50.2 27.417363
50.21 27.4035727
50.22 27.3898302
50.23 27.3760638
50.24 27.3622974
50.25 27.348531
50.26 27.3347646
50.27 27.3210221
50.28 27.3072557
50.29 27.2935132
50.3 27.2797707
50.31 27.2660043
50.32 27.2522618
50.33 27.2385193
50.34 27.2247768
50.35 27.2110343
50.36 27.1972918
50.37 27.1835493
50.38 27.1698307
50.39 27.1560882
50.4 27.1423457
50.41 27.1286271
50.42 27.1149085
50.43 27.101166
50.44 27.0874474
50.45 27.0737288
50.46 27.0600102
50.47 27.0462916
50.48 27.032573
50.49 27.0188544
50.5 27.0051358
50.51 26.9914411
50.52 26.9777225
50.53 26.9640039
50.54 26.9503092
50.55 26.9366145
50.56 26.9228959
50.57 26.9092012
50.58 26.8955065
50.59 26.8818118
50.6 26.8681171
50.61 26.8544224
50.62 26.8407277
50.63 26.8270569
50.64 26.8133622
50.65 26.7996675
50.66 26.7859967
50.67 26.7723259
50.68 26.7586312
50.69 26.7449604
50.7 26.7312896
50.71 26.7176188
50.72 26.703948
50.73 26.6902772
50.74 26.6766064
50.75 26.6629356
50.76 26.6492887
50.77 26.6356179
50.78 26.621971
50.79 26.6083002
50.8 26.5946533
50.81 26.5810064
50.82 26.5673595
50.83 26.5537126
50.84 26.5400657
50.85 26.5264188
50.86 26.5127719
50.87 26.499125
50.88 26.4854781
50.89 26.4718551
50.9 26.4582082
50.91 26.4445852
50.92 26.4309622
50.93 26.4173153
50.94 26.4036923
50.95 26.3900693
50.96 26.3764463
50.97 26.3628233
50.98 26.3492242
50.99 26.3356012
51.0 26.3219782
51.01 26.3083791
51.02 26.2947561
51.03 26.281157
51.04 26.267534
51.05 26.2539349
51.06 26.2403358
51.07 26.2267367
51.08 26.2131376
51.09 26.1995385
51.1 26.1859394
51.11 26.1723642
51.12 26.1587651
51.13 26.1451899
51.14 26.1315908
51.15 26.1180156
51.16 26.1044404
51.17 26.0908413
51.18 26.0772661
51.19 26.0636909
51.2 26.0501157
51.21 26.0365644
51.22 26.0229892
51.23 26.009414
51.24 25.9958627
51.25 25.9822875
51.26 25.9687362
51.27 25.955161
51.28 25.9416097
51.29 25.9280584
51.3 25.9145071
51.31 25.9009558
51.32 25.8874045
51.33 25.8738532
51.34 25.8603258
51.35 25.8467745
51.36 25.8332471
51.37 25.8196958
51.38 25.8061684
51.39 25.792641
51.4 25.7790897
51.41 25.7655623
51.42 25.7520349
51.43 25.7385075
51.44 25.725004
51.45 25.7114766
51.46 25.6979492
51.47 25.6844457
51.48 25.6709183
51.49 25.6574148
51.5 25.6439113
51.51 25.6304078
51.52 25.6168804
51.53 25.6033769
51.54 25.5898973
51.55 25.5763938
51.56 25.5628903
51.57 25.5493868
51.58 25.5359072
51.59 25.5224037
51.6 25.5089241
51.61 25.4954445
51.62 25.4819649
51.63 25.4684614
51.64 25.4549818
51.65 25.4415261
51.66 25.4280465
51.67 25.4145669
51.68 25.4010873
51.69 25.3876316
51.7 25.374152
51.71 25.3606963
51.72 25.3472406
51.73 25.3337849
51.74 25.3203292
51.75 25.3068735
51.76 25.2934178
51.77 25.2799621
51.78 25.2665064
51.79 25.2530746
51.8 25.2396189
51.81 25.2261871
51.82 25.2127314
51.83 25.1992996
51.84 25.1858678
51.85 25.172436
51.86 25.1590042
51.87 25.1455724
51.88 25.1321406
51.89 25.1187327
51.9 25.1053009
51.91 25.091893
51.92 25.0784612
51.93 25.0650533
51.94 25.0516454
51.95 25.0382375
51.96 25.0248296
51.97 25.0114217
51.98 24.9980138
51.99 24.9846059
52.0 24.971198
52.01 24.957814
52.02 24.9444061
52.03 24.9310221
52.04 24.9176381
52.05 24.9042541
52.06 24.8908701
52.07 24.8774861
52.08 24.8641021
52.09 24.8507181
52.1 24.8373341
52.11 24.823974
52.12 24.81059
52.13 24.7972299
52.14 24.7838698
52.15 24.7704858
52.16 24.7571257
52.17 24.7437656
52.18 24.7304055
52.19 24.7170693
52.2 24.7037092
52.21 24.6903491
52.22 24.6770129
52.23 24.6636528
52.24 24.6503166
52.25 24.6369804
52.26 24.6236442
52.27 24.610308
52.28 24.5969718
52.29 24.5836356
52.3 24.5702994
52.31 24.5569632
52.32 24.5436509
52.33 24.5303386
52.34 24.5170024
52.35 24.5036901
52.36 24.4903778
52.37 24.4770655
52.38 24.4637532
52.39 24.4504409
52.4 24.4371286
52.41 24.4238402
52.42 24.4105279
52.43 24.3972395
52.44 24.3839272
52.45 24.3706388
52.46 24.3573504
52.47 24.344062
52.48 24.3307736
52.49 24.3174852
52.5 24.3041968
52.51 24.2909323
52.52 24.2776439
52.53 24.2643794
52.54 24.251091
52.55 24.2378265
52.56 24.224562
52.57 24.2112975
52.58 24.198033
52.59 24.1847685
52.6 24.171504
52.61 24.1582634
52.62 24.1449989
52.63 24.1317583
52.64 24.1184938
52.65 24.1052532
52.66 24.0920126
52.67 24.078772
52.68 24.0655314
52.69 24.0522908
52.7 24.0390502
52.71 24.0258335
52.72 24.0125929
52.73 23.9993762
52.74 23.9861356
52.75 23.9729189
52.76 23.9597022
52.77 23.9464855
52.78 23.9332688
52.79 23.9200521
52.8 23.9068593
52.81 23.8936426
52.82 23.8804498
52.83 23.8672331
52.84 23.8540403
52.85 23.8408475
52.86 23.8276547
52.87 23.8144619
52.88 23.8012691
52.89 23.7880763
52.9 23.7748835
52.91 23.7617146
52.92 23.7485218
52.93 23.7353529
52.94 23.722184
52.95 23.7090151
52.96 23.6958223
52.97 23.6826773
52.98 23.6695084
52.99 23.6563395
53.0 23.6431706
53.01 23.6300256
53.02 23.6168567
53.03 23.6037117
53.04 23.5905667
53.05 23.5774217
53.06 23.5642767
53.07 23.5511317
53.08 23.5379867
53.09 23.5248656
53.1 23.5117206
53.11 23.4985995
53.12 23.4854545
53.13 23.4723334
53.14 23.4592123
53.15 23.4460912
53.16 23.4329701
53.17 23.419849
53.18 23.4067279
53.19 23.3936307
53.2 23.3805096
53.21 23.3674124
53.22 23.3543152
53.23 23.3411941
53.24 23.3280969
53.25 23.3149997
53.26 23.3019264
53.27 23.2888292
53.28 23.275732
53.29 23.2626587
53.3 23.2495615
53.31 23.2364882
53.32 23.2234149
53.33 23.2103416
53.34 23.1972683
53.35 23.184195
53.36 23.1711217
53.37 23.1580484
53.38 23.144999
53.39 23.1319257
53.4 23.1188763
53.41 23.1058269
53.42 23.0927775
53.43 23.0797281
53.44 23.0666787
53.45 23.0536293
53.46 23.0405799
53.47 23.0275544
53.48 23.014505
53.49 23.0014795
53.5 22.988454
53.51 22.9754285
53.52 22.962403
53.53 22.9493775
53.54 22.936352
53.55 22.9233265
53.56 22.9103249
53.57 22.8972994
53.58 22.8842978
53.59 22.8712962
53.6 22.8582946
53.61 22.845293
53.62 22.8322914
53.63 22.8192898
53.64 22.8062882
53.65 22.7933105
53.66 22.7803089
53.67 22.7673312
53.68 22.7543535
53.69 22.7413758
53.7 22.7283981
53.71 22.7154204
53.72 22.7024427
53.73 22.689465
53.74 22.6765112
53.75 22.6635335
53.76 22.6505797
53.77 22.6376259
53.78 22.6246721
53.79 22.6117183
53.8 22.5987645
53.81 22.5858107
53.82 22.5728569
53.83 22.559927
53.84 22.5469732
53.85 22.5340433
53.86 22.5211134
53.87 22.5081835
53.88 22.4952536
53.89 22.4823237
53.9 22.4693938
53.91 22.4564878
53.92 22.4435579
53.93 22.4306519
53.94 22.417722
53.95 22.404816
53.96 22.39191
53.97 22.379004
53.98 22.366098
53.99 22.3532159
54.0 22.3403099
54.01 22.3274278
54.02 22.3145218
54.03 22.3016397
54.04 22.2887576
54.05 22.2758755
54.06 22.2629934
54.07 22.2501113
54.08 22.2372292
54.09 22.224371
54.1 22.2115128
54.11 22.1986307
54.12 22.1857725
54.13 22.1729143
54.14 22.1600561
54.15 22.1471979
54.16 22.1343397
54.17 22.1215054
54.18 22.1086472
54.19 22.0958129
54.2 22.0829786
54.21 22.0701204
54.22 22.0572861
54.23 22.0444757
54.24 22.0316414
54.25 22.0188071
54.26 22.0059967
54.27 21.9931624
54.28 21.980352
54.29 21.9675416
54.3 21.9547073
54.31 21.9418969
54.32 21.9291104
54.33 21.9163
54.34 21.9034896
54.35 21.8907031
54.36 21.8778927
54.37 21.8651062
54.38 21.8523197
54.39 21.8395332
54.4 21.8267467
54.41 21.8139602
54.42 21.8011976
54.43 21.7884111
54.44 21.7756485
54.45 21.762862
54.46 21.7500994
54.47 21.7373368
54.48 21.7245742
54.49 21.7118116
54.5 21.6990729
54.51 21.6863103
54.52 21.6735716
54.53 21.660809
54.54 21.6480703
54.55 21.6353316
54.56 21.6225929
54.57 21.6098542
54.58 21.5971394
54.59 21.5844007
54.6 21.571662
54.61 21.5589472
54.62 21.5462324
54.63 21.5335176
54.64 21.5208028
54.65 21.508088
54.66 21.4953732
54.67 21.4826584
54.68 21.4699675
54.69 21.4572766
54.7 21.4445618
54.71 21.4318709
54.72 21.41918
54.73 21.4064891
54.74 21.3937982
54.75 21.3811312
54.76 21.3684403
54.77 21.3557733
54.78 21.3431063
54.79 21.3304154
54.8 21.3177484
54.81 21.3050814
54.82 21.2924383
54.83 21.2797713
54.84 21.2671043
54.85 21.2544612
54.86 21.2418181
54.87 21.2291511
54.88 21.216508
54.89 21.2038888
54.9 21.1912457
54.91 21.1786026
54.92 21.1659595
54.93 21.1533403
54.94 21.1407211
54.95 21.1281019
54.96 21.1154827
54.97 21.1028635
54.98 21.0902443
54.99 21.0776251
55.0 21.0650298
55.01 21.0524106
55.02 21.0398153
55.03 21.02722
55.04 21.0146247
55.05 21.0020294
55.06 20.9894341
55.07 20.9768388
55.08 20.9642674
55.09 20.9516721
55.1 20.9391007
55.11 20.9265293
55.12 20.9139579
55.13 20.9013865
55.14 20.8888151
55.15 20.8762437
55.16 20.8636962
55.17 20.8511248
55.18 20.8385773
55.19 20.8260298
55.2 20.8134823
55.21 20.8009348
55.22 20.7883873
55.23 20.7758637
55.24 20.7633162
55.25 20.7507926
55.26 20.738269
55.27 20.7257215
55.28 20.7131979
55.29 20.7006982
55.3 20.6881746
55.31 20.675651
55.32 20.6631513
55.33 20.6506277
55.34 20.638128
55.35 20.6256283
55.36 20.6131286
55.37 20.6006289
55.38 20.5881531
55.39 20.5756534
55.4 20.5631776
55.41 20.5506779
55.42 20.5382021
55.43 20.5257263
55.44 20.5132505
55.45 20.5007747
55.46 20.4883228
55.47 20.475847
55.48 20.4633951
55.49 20.4509193
55.5 20.4384674
55.51 20.4260155
55.52 20.4135636
55.53 20.4011117
55.54 20.3886837
55.55 20.3762318
55.56 20.3638038
55.57 20.3513758
55.58 20.3389478
55.59 20.3265198
55.6 20.3140918
55.61 20.3016638
55.62 20.2892358
55.63 20.2768317
55.64 20.2644276
55.65 20.2520235
55.66 20.2396194
55.67 20.2272153
55.68 20.2148112
55.69 20.2024071
55.7 20.1900269
55.71 20.1776228
55.72 20.1652426
55.73 20.1528624
55.74 20.1404822
55.75 20.128102
55.76 20.1157218
55.77 20.1033655
55.78 20.0909853
55.79 20.078629
55.8 20.0662727
55.81 20.0539164
55.82 20.0415601
55.83 20.0292038
55.84 20.0168475
55.85 20.0045151
55.86 19.9921588
55.87 19.9798264
55.88 19.967494
55.89 19.9551616
55.9 19.9428292
55.91 19.9304968
55.92 19.9181883
55.93 19.9058559
55.94 19.8935474
55.95 19.8812389
55.96 19.8689304
55.97 19.8566219
55.98 19.8443134
55.99 19.8320288
56.0 19.8197203
56.01 19.8074357
56.02 19.7951272
56.03 19.7828426
56.04 19.770558
56.05 19.7582973
56.06 19.7460127
56.07 19.7337281
56.08 19.7214674
56.09 19.7092067
56.1 19.696946
56.11 19.6846853
56.12 19.6724246
56.13 19.6601639
56.14 19.6479032
56.15 19.6356664
56.16 19.6234296
56.17 19.6111689
56.18 19.5989321
56.19 19.5866953
56.2 19.5744824
56.21 19.5622456
56.22 19.5500327
56.23 19.5377959
56.24 19.525583
56.25 19.5133701
56.26 19.5011572
56.27 19.4889443
56.28 19.4767314
56.29 19.4645424
56.3 19.4523534
56.31 19.4401405
56.32 19.4279515
56.33 19.4157625
56.34 19.4035735
56.35 19.3914084
56.36 19.3792194
56.37 19.3670543
56.38 19.3548653
56.39 19.3427002
56.4 19.3305351
56.41 19.31837
56.42 19.3062288
56.43 19.2940637
56.44 19.2819225
56.45 19.2697574
56.46 19.2576162
56.47 19.245475
56.48 19.2333338
56.49 19.2212165
56.5 19.2090753
56.51 19.196958
56.52 19.1848168
56.53 19.1726995
56.54 19.1605822
56.55 19.1484649
56.56 19.1363476
56.57 19.1242542
56.58 19.1121369
56.59 19.1000435
56.6 19.0879501
56.61 19.0758567
56.62 19.0637633
56.63 19.0516699
56.64 19.0395765
56.65 19.027507
56.66 19.0154375
56.67 19.0033441
56.68 18.9912746
56.69 18.9792051
56.7 18.9671595
56.71 18.95509
56.72 18.9430444
56.73 18.9309749
56.74 18.9189293
56.75 18.9068837
56.76 18.8948381
56.77 18.8827925
56.78 18.8707708
56.79 18.8587252
56.8 18.8467035
56.81 18.8346818
56.82 18.8226601
56.83 18.8106384
56.84 18.7986167
56.85 18.786595
56.86 18.7745972
56.87 18.7625994
56.88 18.7505777
56.89 18.7385799
56.9 18.726606
56.91 18.7146082
56.92 18.7026104
56.93 18.6906365
56.94 18.6786387
56.95 18.6666648
56.96 18.6546909
56.97 18.642717
56.98 18.630767
56.99 18.6187931
57.0 18.6068431
57.01 18.5948692
57.02 18.5829192
57.03 18.5709692
57.04 18.5590192
57.05 18.5470931
57.06 18.5351431
57.07 18.523217
57.08 18.511267
57.09 18.4993409
57.1 18.4874148
57.11 18.4754887
57.12 18.4635865
57.13 18.4516604
57.14 18.4397582
57.15 18.427856
57.16 18.4159299
57.17 18.4040277
57.18 18.3921494
57.19 18.3802472
57.2 18.3683689
57.21 18.3564667
57.22 18.3445884
57.23 18.3327101
57.24 18.3208318
57.25 18.3089535
57.26 18.2970991
57.27 18.2852208
57.28 18.2733664
57.29 18.261512
57.3 18.2496576
57.31 18.2378032
57.32 18.2259488
57.33 18.2140944
57.34 18.2022639
57.35 18.1904334
57.36 18.1786029
57.37 18.1667724
57.38 18.1549419
57.39 18.1431114
57.4 18.1313048
57.41 18.1194743
57.42 18.1076677
57.43 18.0958611
57.44 18.0840545
57.45 18.0722479
57.46 18.0604652
57.47 18.0486586
57.48 18.0368759
57.49 18.0250932
57.5 18.0133105
57.51 18.0015278
57.52 17.9897451
57.53 17.9779624
57.54 17.9662036
57.55 17.9544448
57.56 17.9426621
57.57 17.9309272
57.58 17.9191684
57.59 17.9074096
57.6 17.8956747
57.61 17.8839159
57.62 17.872181
57.63 17.8604461
57.64 17.8487112
57.65 17.8369763
57.66 17.8252653
57.67 17.8135304
57.68 17.8018194
57.69 17.7901084
57.7 17.7783974
57.71 17.7666864
57.72 17.7549754
57.73 17.7432883
57.74 17.7315773
57.75 17.7198902
57.76 17.7082031
57.77 17.696516
57.78 17.6848289
57.79 17.6731657
57.8 17.6614786
57.81 17.6498154
57.82 17.6381522
57.83 17.626489
57.84 17.6148258
57.85 17.6031626
57.86 17.5915233
57.87 17.5798601
57.88 17.5682208
57.89 17.5565815
57.9 17.5449422
57.91 17.5333029
57.92 17.5216875
57.93 17.5100482
57.94 17.4984328
57.95 17.4868174
57.96 17.475202
57.97 17.4635866
57.98 17.4519712
57.99 17.4403797
58.0 17.4287643
58.01 17.4171728
58.02 17.4055813
58.03 17.3939898
58.04 17.3823983
58.05 17.3708307
58.06 17.3592392
58.07 17.3476716
58.08 17.336104
58.09 17.3245364
58.1 17.3129688
58.11 17.3014251
58.12 17.2898575
58.13 17.2783138
58.14 17.2667701
58.15 17.2552264
58.16 17.2436827
58.17 17.232139
58.18 17.2205953
58.19 17.2090755
58.2 17.1975557
58.21 17.1860359
58.22 17.1745161
58.23 17.1629963
58.24 17.1515004
58.25 17.1399806
58.26 17.1284847
58.27 17.1169888
58.28 17.1054929
58.29 17.093997
58.3 17.0825011
58.31 17.0710291
58.32 17.0595332
58.33 17.0480612
58.34 17.0365892
58.35 17.0251172
58.36 17.0136691
58.37 17.0021971
58.38 16.990749
58.39 16.9793009
58.4 16.9678528
58.41 16.9564047
58.42 16.9449566
58.43 16.9335085
58.44 16.9220843
58.45 16.9106601
58.46 16.8992359
58.47 16.8878117
58.48 16.8763875
58.49 16.8649633
58.5 16.853563
58.51 16.8421388
58.52 16.8307385
58.53 16.8193382
58.54 16.8079618
58.55 16.7965615
58.56 16.7851612
58.57 16.7737848
58.58 16.7624084
58.59 16.751032
58.6 16.7396556
58.61 16.7282792
58.62 16.7169267
58.63 16.7055742
58.64 16.6941978
58.65 16.6828453
58.66 16.6714928
58.67 16.6601642
58.68 16.6488117
58.69 16.6374831
58.7 16.6261545
58.71 16.6148259
58.72 16.6034973
58.73 16.5921687
58.74 16.5808401
58.75 16.5695354
58.76 16.5582307
58.77 16.546926
58.78 16.5356213
58.79 16.5243166
58.8 16.5130119
58.81 16.5017311
58.82 16.4904503
58.83 16.4791695
58.84 16.4678887
58.85 16.4566079
58.86 16.4453271
58.87 16.4340702
58.88 16.4228133
58.89 16.4115564
58.9 16.4002995
58.91 16.3890426
58.92 16.3777857
58.93 16.3665527
58.94 16.3553197
58.95 16.3440628
58.96 16.3328537
58.97 16.3216207
58.98 16.3103877
58.99 16.2991786
59.0 16.2879456
59.01 16.2767365
59.02 16.2655274
59.03 16.2543422
59.04 16.2431331
59.05 16.231924
59.06 16.2207388
59.07 16.2095536
59.08 16.1983684
59.09 16.1871832
59.1 16.1760219
59.11 16.1648367
59.12 16.1536754
59.13 16.1425141
59.14 16.1313528
59.15 16.1201915
59.16 16.1090302
59.17 16.0978928
59.18 16.0867554
59.19 16.075618
59.2 16.0644806
59.21 16.0533432
59.22 16.0422058
59.23 16.0310923
59.24 16.0199788
59.25 16.0088414
59.26 15.9977518
59.27 15.9866383
59.28 15.9755248
59.29 15.9644352
59.3 15.9533217
59.31 15.9422321
59.32 15.9311425
59.33 15.9200768
59.34 15.9089872
59.35 15.8979215
59.36 15.8868319
59.37 15.8757662
59.38 15.8647005
59.39 15.8536587
59.4 15.842593
59.41 15.8315512
59.42 15.8205094
59.43 15.8094437
59.44 15.7984258
59.45 15.787384
59.46 15.7763422
59.47 15.7653243
59.48 15.7543064
59.49 15.7432885
59.5 15.7322706
59.51 15.7212527
59.52 15.7102587
59.53 15.6992408
59.54 15.6882468
59.55 15.6772528
59.56 15.6662588
59.57 15.6552887
59.58 15.6442947
59.59 15.6333246
59.6 15.6223545
59.61 15.6113844
59.62 15.6004143
59.63 15.5894442
59.64 15.578498
59.65 15.5675518
59.66 15.5565817
59.67 15.5456355
59.68 15.5347132
59.69 15.523767
59.7 15.5128447
59.71 15.5018985
59.72 15.4909762
59.73 15.4800539
59.74 15.4691555
59.75 15.4582332
59.76 15.4473348
59.77 15.4364364
59.78 15.425538
59.79 15.4146396
59.8 15.4037412
59.81 15.3928428
59.82 15.3819683
59.83 15.3710938
59.84 15.3602193
59.85 15.3493448
59.86 15.3384703
59.87 15.3276197
59.88 15.3167691
59.89 15.3059185
59.9 15.2950679
59.91 15.2842173
59.92 15.2733667
59.93 15.26254
59.94 15.2517133
59.95 15.2408866
59.96 15.2300599
59.97 15.2192332
59.98 15.2084065
59.99 15.1976037
60.0 15.1868009
60.01 15.1759981
60.02 15.1651953
60.03 15.1543925
60.04 15.1436136
60.05 15.1328347
60.06 15.1220319
60.07 15.111253
60.08 15.100498
60.09 15.0897191
60.1 15.0789641
60.11 15.0681852
60.12 15.0574302
60.13 15.0466752
60.14 15.0359441
60.15 15.0251891
60.16 15.014458
60.17 15.0037269
60.18 14.9929958
60.19 14.9822647
60.2 14.9715336
60.21 14.9608264
60.22 14.9500953
60.23 14.9393881
60.24 14.9286809
60.25 14.9179976
60.26 14.9072904
60.27 14.8966071
60.28 14.8858999
60.29 14.8752166
60.3 14.8645333
60.31 14.8538739
60.32 14.8431906
60.33 14.8325312
60.34 14.8218718
60.35 14.8112124
60.36 14.800553
60.37 14.7898936
60.38 14.7792581
60.39 14.7686226
60.4 14.7579871
60.41 14.7473516
60.42 14.7367161
60.43 14.7261045
60.44 14.715469
60.45 14.7048574
60.46 14.6942458
60.47 14.6836342
60.48 14.6730465
60.49 14.6624349
60.5 14.6518472
60.51 14.6412595
60.52 14.6306718
60.53 14.6200841
60.54 14.6095203
60.55 14.5989326
60.56 14.5883688
60.57 14.577805
60.58 14.5672412
60.59 14.5567013
60.6 14.5461375
60.61 14.5355976
60.62 14.5250577
60.63 14.5145178
60.64 14.5039779
60.65 14.4934619
60.66 14.482922
60.67 14.472406
60.68 14.46189
60.69 14.451374
60.7 14.4408819
60.71 14.4303659
60.72 14.4198738
60.73 14.4093817
60.74 14.3988896
60.75 14.3884214
60.76 14.3779293
60.77 14.3674611
60.78 14.3569929
60.79 14.3465247
60.8 14.3360565
60.81 14.3255883
60.82 14.315144
60.83 14.3046997
60.84 14.2942315
60.85 14.2838111
60.86 14.2733668
60.87 14.2629225
60.88 14.2525021
60.89 14.2420817
60.9 14.2316613
60.91 14.2212409
60.92 14.2108444
60.93 14.200424
60.94 14.1900275
60.95 14.179631
60.96 14.1692345
60.97 14.1588619
60.98 14.1484654
60.99 14.1380928
61.0 14.1277202
61.01 14.1173476
61.02 14.106975
61.03 14.0966263
61.04 14.0862537
61.05 14.075905
61.06 14.0655563
61.07 14.0552076
61.08 14.0448828
61.09 14.0345341
61.1 14.0242093
61.11 14.0138845
61.12 14.0035597
61.13 13.9932588
61.14 13.982934
61.15 13.9726331
61.16 13.9623322
61.17 13.9520313
61.18 13.9417304
61.19 13.9314534
61.2 13.9211525
61.21 13.9108755
61.22 13.9005985
61.23 13.8903454
61.24 13.8800684
61.25 13.8698153
61.26 13.8595383
61.27 13.8492852
61.28 13.8390321
61.29 13.8288029
61.3 13.8185498
61.31 13.8083206
61.32 13.7980914
61.33 13.7878622
61.34 13.777633
61.35 13.7674277
61.36 13.7572224
61.37 13.7469932
61.38 13.7368118
61.39 13.7266065
61.4 13.7164012
61.41 13.7062198
61.42 13.6960384
61.43 13.685857
61.44 13.6756756
61.45 13.6654942
61.46 13.6553367
61.47 13.6451792
61.48 13.6350217
61.49 13.6248642
61.5 13.6147067
61.51 13.6045731
61.52 13.5944156
61.53 13.584282
61.54 13.5741484
61.55 13.5640387
61.56 13.5539051
61.57 13.5437954
61.58 13.5336857
61.59 13.523576
61.6 13.5134663
61.61 13.5033805
61.62 13.4932708
61.63 13.483185
61.64 13.4730992
61.65 13.4630134
61.66 13.4529515
61.67 13.4428657
61.68 13.4328038
61.69 13.4227419
61.7 13.41268
61.71 13.402642
61.72 13.3925801
61.73 13.3825421
61.74 13.3725041
61.75 13.3624661
61.76 13.352452
61.77 13.342414
61.78 13.3323999
61.79 13.3223858
61.8 13.3123717
61.81 13.3023576
61.82 13.2923674
61.83 13.2823772
61.84 13.2723631
61.85 13.2623968
61.86 13.2524066
61.87 13.2424164
61.88 13.2324501
61.89 13.2224838
61.9 13.2125175
61.91 13.2025512
61.92 13.1926088
61.93 13.1826425
61.94 13.1727001
61.95 13.1627577
61.96 13.1528392
61.97 13.1428968
61.98 13.1329783
61.99 13.1230359
62.0 13.1131174
62.01 13.1032228
62.02 13.0933043
62.03 13.0834097
62.04 13.0735151
62.05 13.0636205
62.06 13.0537259
62.07 13.0438313
62.08 13.0339606
62.09 13.0240899
62.1 13.0142192
62.11 13.0043485
62.12 12.9944778
62.13 12.984631
62.14 12.9747842
62.15 12.9649374
62.16 12.9550906
62.17 12.9452438
62.18 12.9354209
62.19 12.925598
62.2 12.9157751
62.21 12.9059522
62.22 12.8961293
62.23 12.8863303
62.24 12.8765074
62.25 12.8667084
62.26 12.8569333
62.27 12.8471343
62.28 12.8373353
62.29 12.8275602
62.3 12.8177851
62.31 12.80801
62.32 12.7982588
62.33 12.7884837
62.34 12.7787325
62.35 12.7689813
62.36 12.7592301
62.37 12.7495028
62.38 12.7397516
62.39 12.7300243
62.4 12.720297
62.41 12.7105697
62.42 12.7008424
62.43 12.691139
62.44 12.6814356
62.45 12.6717322
62.46 12.6620288
62.47 12.6523254
62.48 12.6426459
62.49 12.6329664
62.5 12.6232869
62.51 12.6136074
62.52 12.6039279
62.53 12.5942723
62.54 12.5845928
62.55 12.5749372
62.56 12.5653055
62.57 12.5556499
62.58 12.5460182
62.59 12.5363626
62.6 12.5267309
62.61 12.5171231
62.62 12.5074914
62.63 12.4978836
62.64 12.4882519
62.65 12.4786441
62.66 12.4690602
62.67 12.4594524
62.68 12.4498685
62.69 12.4402607
62.7 12.4306768
62.71 12.4211168
62.72 12.4115329
62.73 12.4019729
62.74 12.392389
62.75 12.382829
62.76 12.3732929
62.77 12.3637329
62.78 12.3541968
62.79 12.3446607
62.8 12.3351246
62.81 12.3255885
62.82 12.3160524
62.83 12.3065402
62.84 12.297028
62.85 12.2875158
62.86 12.2780036
62.87 12.2685153
62.88 12.259027
62.89 12.2495148
62.9 12.2400504
62.91 12.2305621
62.92 12.2210738
62.93 12.2116094
62.94 12.202145
62.95 12.1926806
62.96 12.1832162
62.97 12.1737757
62.98 12.1643352
62.99 12.1548947
63.0 12.1454542
63.01 12.1360137
63.02 12.1265971
63.03 12.1171805
63.04 12.1077639
63.05 12.0983473
63.06 12.0889307
63.07 12.079538
63.08 12.0701453
63.09 12.0607526
63.1 12.0513599
63.11 12.0419672
63.12 12.0325984
63.13 12.0232296
63.14 12.0138608
63.15 12.004492
63.16 11.9951471
63.17 11.9857783
63.18 11.9764334
63.19 11.9670885
63.2 11.9577675
63.21 11.9484226
63.22 11.9391016
63.23 11.9297806
63.24 11.9204596
63.25 11.9111386
63.26 11.9018415
63.27 11.8925444
63.28 11.8832473
63.29 11.8739502
63.3 11.8646531
63.31 11.8553799
63.32 11.8461067
63.33 11.8368335
63.34 11.8275603
63.35 11.8182871
63.36 11.8090378
63.37 11.7997885
63.38 11.7905392
63.39 11.7812899
63.4 11.7720645
63.41 11.7628152
63.42 11.7535898
63.43 11.7443644
63.44 11.7351629
63.45 11.7259375
63.46 11.716736
63.47 11.7075345
63.48 11.698333
63.49 11.6891554
63.5 11.6799539
63.51 11.6707763
63.52 11.6615987
63.53 11.6524211
63.54 11.6432674
63.55 11.6340898
63.56 11.6249361
63.57 11.6157824
63.58 11.6066526
63.59 11.5974989
63.6 11.5883691
63.61 11.5792393
63.62 11.5701095
63.63 11.5609797
63.64 11.5518738
63.65 11.5427679
63.66 11.533662
63.67 11.5245561
63.68 11.5154502
63.69 11.5063682
63.7 11.4972862
63.71 11.4882042
63.72 11.4791222
63.73 11.4700641
63.74 11.4609821
63.75 11.451924
63.76 11.4428659
63.77 11.4338317
63.78 11.4247736
63.79 11.4157394
63.8 11.4067052
63.81 11.397671
63.82 11.3886607
63.83 11.3796265
63.84 11.3706162
63.85 11.3616059
63.86 11.3526195
63.87 11.3436092
63.88 11.3346228
63.89 11.3256364
63.9 11.31665
63.91 11.3076636
63.92 11.2987011
63.93 11.2897386
63.94 11.2807761
63.95 11.2718136
63.96 11.2628511
63.97 11.2539125
63.98 11.2449739
63.99 11.2360353
64.0 11.2270967
64.01 11.218182
64.02 11.2092434
64.03 11.2003287
64.04 11.1914379
64.05 11.1825232
64.06 11.1736324
64.07 11.1647177
64.08 11.1558269
64.09 11.14696
64.1 11.1380692
64.11 11.1292023
64.12 11.1203354
64.13 11.1114685
64.14 11.1026016
64.15 11.0937586
64.16 11.0848917
64.17 11.0760487
64.18 11.0672296
64.19 11.0583866
64.2 11.0495675
64.21 11.0407484
64.22 11.0319293
64.23 11.0231102
64.24 11.014315
64.25 11.0054959
64.26 10.9967007
64.27 10.9879055
64.28 10.9791342
64.29 10.970339
64.3 10.9615677
64.31 10.9527964
64.32 10.944049
64.33 10.9352777
64.34 10.9265303
64.35 10.9177829
64.36 10.9090355
64.37 10.9002881
64.38 10.8915646
64.39 10.8828411
64.4 10.8741176
64.41 10.8653941
64.42 10.8566945
64.43 10.847971
64.44 10.8392714
64.45 10.8305718
64.46 10.8218961
64.47 10.8131965
64.48 10.8045208
64.49 10.7958451
64.5 10.7871694
64.51 10.7785176
64.52 10.7698658
64.53 10.7611901
64.54 10.7525622
64.55 10.7439104
64.56 10.7352825
64.57 10.7266307
64.58 10.7180028
64.59 10.7093988
64.6 10.7007709
64.61 10.6921669
64.62 10.6835629
64.63 10.6749589
64.64 10.6663549
64.65 10.6577748
64.66 10.6491947
64.67 10.6406146
64.68 10.6320345
64.69 10.6234544
64.7 10.6148982
64.71 10.606342
64.72 10.5977858
64.73 10.5892296
64.74 10.5806973
64.75 10.572165
64.76 10.5636327
64.77 10.5551004
64.78 10.546592
64.79 10.5380597
64.8 10.5295513
64.81 10.5210429
64.82 10.5125584
64.83 10.50405
64.84 10.4955655
64.85 10.487081
64.86 10.4786204
64.87 10.4701359
64.88 10.4616753
64.89 10.4532147
64.9 10.4447541
64.91 10.4363174
64.92 10.4278568
64.93 10.4194201
64.94 10.4109834
64.95 10.4025467
64.96 10.3941339
64.97 10.3857211
64.98 10.3773083
64.99 10.3688955
65.0 10.3604827
65.01 10.3520938
65.02 10.3437049
65.03 10.335316
65.04 10.3269271
65.05 10.3185621
65.06 10.3101971
65.07 10.3018321
65.08 10.2934671
65.09 10.285126
65.1 10.276761
65.11 10.2684199
65.12 10.2601027
65.13 10.2517616
65.14 10.2434444
65.15 10.2351033
65.16 10.22681
65.17 10.2184928
65.18 10.2101756
65.19 10.2018823
65.2 10.193589
65.21 10.1852957
65.22 10.1770263
65.23 10.1687569
65.24 10.1604636
65.25 10.1522181
65.26 10.1439487
65.27 10.1357032
65.28 10.1274338
65.29 10.1191883
65.3 10.1109667
65.31 10.1027212
65.32 10.0944996
65.33 10.086278
65.34 10.0780564
65.35 10.0698587
65.36 10.0616371
65.37 10.0534394
65.38 10.0452417
65.39 10.0370679
65.4 10.0288702
65.41 10.0206964
65.42 10.0125226
65.43 10.0043727
65.44 9.9961989
65.45 9.988049
65.46 9.9798991
65.47 9.9717492
65.48 9.9635993
65.49 9.9554733
65.5 9.9473473
65.51 9.9392213
65.52 9.9311192
65.53 9.9229932
65.54 9.9148911
65.55 9.906789
65.56 9.8986869
65.57 9.8906087
65.58 9.8825305
65.59 9.8744523
65.6 9.8663741
65.61 9.8582959
65.62 9.8502416
65.63 9.8421873
65.64 9.834133
65.65 9.8260787
65.66 9.8180483
65.67 9.8100179
65.68 9.8019875
65.69 9.7939571
65.7 9.7859506
65.71 9.7779441
65.72 9.7699376
65.73 9.7619311
65.74 9.7539246
65.75 9.745942
65.76 9.7379594
65.77 9.7299768
65.78 9.7220181
65.79 9.7140355
65.8 9.7060768
65.81 9.6981181
65.82 9.6901833
65.83 9.6822246
65.84 9.6742898
65.85 9.666355
65.86 9.6584441
65.87 9.6505093
65.88 9.6425984
65.89 9.6346875
65.9 9.6267766
65.91 9.6188896
65.92 9.6109787
65.93 9.6030917
65.94 9.5952286
65.95 9.5873416
65.96 9.5794785
65.97 9.5716154
65.98 9.5637523
65.99 9.5558892
66.0 9.54805
66.01 9.5402108
66.02 9.5323716
66.03 9.5245324
66.04 9.5167171
66.05 9.5088779
66.06 9.5010626
66.07 9.4932712
66.08 9.4854559
66.09 9.4776645
66.1 9.4698731
66.11 9.4620817
66.12 9.4543142
66.13 9.4465228
66.14 9.4387553
66.15 9.4309878
66.16 9.4232442
66.17 9.4154767
66.18 9.4077331
66.19 9.4000134
66.2 9.3922698
66.21 9.3845262
66.22 9.3768065
66.23 9.3690868
66.24 9.361391
66.25 9.3536713
66.26 9.3459755
66.27 9.3382797
66.28 9.3305839
66.29 9.322912
66.3 9.3152401
66.31 9.3075682
66.32 9.2998963
66.33 9.2922244
66.34 9.2845764
66.35 9.2769284
66.36 9.2692804
66.37 9.2616563
66.38 9.2540083
66.39 9.2463842
66.4 9.2387601
66.41 9.2311599
66.42 9.2235597
66.43 9.2159356
66.44 9.2083593
66.45 9.2007591
66.46 9.1931589
66.47 9.1855826
66.48 9.1780063
66.49 9.1704539
66.5 9.1628776
66.51 9.1553252
66.52 9.1477728
66.53 9.1402443
66.54 9.1326919
66.55 9.1251634
66.56 9.1176349
66.57 9.1101064
66.58 9.1026018
66.59 9.0950733
66.6 9.0875687
66.61 9.080088
66.62 9.0725834
66.63 9.0651027
66.64 9.057622
66.65 9.0501413
66.66 9.0426606
66.67 9.0352038
66.68 9.027747
66.69 9.0202902
66.7 9.0128573
66.71 9.0054005
66.72 8.9979676
66.73 8.9905347
66.74 8.9831257
66.75 8.9756928
66.76 8.9682838
66.77 8.9608987
66.78 8.9534897
66.79 8.9461046
66.8 8.9386956
66.81 8.9313344
66.82 8.9239493
66.83 8.9165642
66.84 8.909203
66.85 8.9018418
66.86 8.8945045
66.87 8.8871433
66.88 8.879806
66.89 8.8724687
66.9 8.8651553
66.91 8.857818
66.92 8.8505046
66.93 8.8431912
66.94 8.8358778
66.95 8.8285883
66.96 8.8212988
66.97 8.8140093
66.98 8.8067198
66.99 8.7994542
67.0 8.7921647
67.01 8.7848991
67.02 8.7776574
67.03 8.7703918
67.04 8.7631501
67.05 8.7559084
67.06 8.7486667
67.07 8.7414489
67.08 8.7342311
67.09 8.7270133
67.1 8.7197955
67.11 8.7125777
67.12 8.7053838
67.13 8.6981899
67.14 8.690996
67.15 8.683826
67.16 8.676656
67.17 8.669486
67.18 8.662316
67.19 8.655146
67.2 8.6479999
67.21 8.6408538
67.22 8.6337077
67.23 8.6265855
67.24 8.6194394
67.25 8.6123172
67.26 8.6052189
67.27 8.5980967
67.28 8.5909984
67.29 8.5839001
67.3 8.5768018
67.31 8.5697274
67.32 8.5626291
67.33 8.5555547
67.34 8.5485042
67.35 8.5414298
67.36 8.5343793
67.37 8.5273288
67.38 8.5202783
67.39 8.5132517
67.4 8.5062012
67.41 8.4991746
67.42 8.492148
67.43 8.4851453
67.44 8.4781426
67.45 8.4711399
67.46 8.4641372
67.47 8.4571345
67.48 8.4501557
67.49 8.4431769
67.5 8.4361981
67.51 8.4292432
67.52 8.4222883
67.53 8.4153334
67.54 8.4083785
67.55 8.4014236
67.56 8.3944926
67.57 8.3875616
67.58 8.3806545
67.59 8.3737235
67.6 8.3668164
67.61 8.3599093
67.62 8.3530022
67.63 8.346119
67.64 8.3392119
67.65 8.3323287
67.66 8.3254694
67.67 8.3185862
67.68 8.3117269
67.69 8.3048676
67.7 8.2980083
67.71 8.2911729
67.72 8.2843375
67.73 8.2775021
67.74 8.2706667
67.75 8.2638552
67.76 8.2570437
67.77 8.2502322
67.78 8.2434207
67.79 8.2366331
67.8 8.2298455
67.81 8.2230579
67.82 8.2162703
67.83 8.2095066
67.84 8.2027429
67.85 8.1959792
67.86 8.1892155
67.87 8.1824757
67.88 8.1757359
67.89 8.1689961
67.9 8.1622563
67.91 8.1555404
67.92 8.1488245
67.93 8.1421086
67.94 8.1353927
67.95 8.1287007
67.96 8.1220087
67.97 8.1153167
67.98 8.1086486
67.99 8.1019566
68.0 8.0952885
68.01 8.0886204
68.02 8.0819762
68.03 8.075332
68.04 8.0686878
68.05 8.0620436
68.06 8.0553994
68.07 8.0487791
68.08 8.0421588
68.09 8.0355624
68.1 8.0289421
68.11 8.0223457
68.12 8.0157493
68.13 8.0091529
68.14 8.0025804
68.15 7.9960079
68.16 7.9894354
68.17 7.9828629
68.18 7.9763143
68.19 7.9697657
68.2 7.9632171
68.21 7.9566685
68.22 7.9501438
68.23 7.9436191
68.24 7.9370944
68.25 7.9305697
68.26 7.9240689
68.27 7.9175681
68.28 7.9110673
68.29 7.9045904
68.3 7.8980896
68.31 7.8916127
68.32 7.8851358
68.33 7.8786828
68.34 7.8722298
68.35 7.8657768
68.36 7.8593238
68.37 7.8528947
68.38 7.8464417
68.39 7.8400126
68.4 7.8336074
68.41 7.8271783
68.42 7.8207731
68.43 7.8143679
68.44 7.8079866
68.45 7.8015814
68.46 7.7952001
68.47 7.7888188
68.48 7.7824614
68.49 7.7760801
68.5 7.7697227
68.51 7.7633892
68.52 7.7570318
68.53 7.7506983
68.54 7.7443648
68.55 7.7380313
68.56 7.7317217
68.57 7.7253882
68.58 7.7190786
68.59 7.7127929
68.6 7.7064833
68.61 7.7001976
68.62 7.6939119
68.63 7.6876501
68.64 7.6813644
68.65 7.6751026
68.66 7.6688408
68.67 7.6626029
68.68 7.6563411
68.69 7.6501032
68.7 7.6438653
68.71 7.6376513
68.72 7.6314373
68.73 7.6252233
68.74 7.6190093
68.75 7.6127953
68.76 7.6066052
68.77 7.6004151
68.78 7.594225
68.79 7.5880588
68.8 7.5818926
68.81 7.5757264
68.82 7.5695602
68.83 7.5634179
68.84 7.5572756
68.85 7.5511333
68.86 7.5450149
68.87 7.5388726
68.88 7.5327542
68.89 7.5266358
68.9 7.5205413
68.91 7.5144468
68.92 7.5083523
68.93 7.5022578
68.94 7.4961872
68.95 7.4900927
68.96 7.484046
68.97 7.4779754
68.98 7.4719287
68.99 7.4658581
69.0 7.4598353
69.01 7.4537886
69.02 7.4477658
69.03 7.441743
69.04 7.4357202
69.05 7.4296974
69.06 7.4236985
69.07 7.4176996
69.08 7.4117246
69.09 7.4057257
69.1 7.3997507
69.11 7.3937757
69.12 7.3878007
69.13 7.3818496
69.14 7.3758985
69.15 7.3699474
69.16 7.3640202
69.17 7.3580691
69.18 7.3521419
69.19 7.3462386
69.2 7.3403114
69.21 7.3344081
69.22 7.3285048
69.23 7.3226015
69.24 7.3167221
69.25 7.3108427
69.26 7.3049633
69.27 7.2990839
69.28 7.2932284
69.29 7.2873729
69.3 7.2815174
69.31 7.2756858
69.32 7.2698303
69.33 7.2639987
69.34 7.258191
69.35 7.2523594
69.36 7.2465517
69.37 7.240744
69.38 7.2349602
69.39 7.2291525
69.4 7.2233687
69.41 7.2175849
69.42 7.211825
69.43 7.2060651
69.44 7.2003052
69.45 7.1945453
69.46 7.1887854
69.47 7.1830494
69.48 7.1773134
69.49 7.1716013
69.5 7.1658653
69.51 7.1601532
69.52 7.1544411
69.53 7.1487529
69.54 7.1430647
69.55 7.1373765
69.56 7.1316883
69.57 7.126024
69.58 7.1203358
69.59 7.1146715
69.6 7.1090311
69.61 7.1033668
69.62 7.0977264
69.63 7.0921099
69.64 7.0864695
69.65 7.080853
69.66 7.0752365
69.67 7.06962
69.68 7.0640274
69.69 7.0584109
69.7 7.0528183
69.71 7.0472496
69.72 7.0416809
69.73 7.0360883
69.74 7.0305435
69.75 7.0249748
69.76 7.01943
69.77 7.0138852
69.78 7.0083404
69.79 7.0028195
69.8 6.9972986
69.81 6.9917777
69.82 6.9862568
69.83 6.9807598
69.84 6.9752628
69.85 6.9697658
69.86 6.9642688
69.87 6.9587957
69.88 6.9533226
69.89 6.9478734
69.9 6.9424003
69.91 6.9369511
69.92 6.9315019
69.93 6.9260766
69.94 6.9206274
69.95 6.9152021
69.96 6.9098007
69.97 6.9043754
69.98 6.898974
69.99 6.8935726
70.0 6.8881712
70.01 6.8827937
70.02 6.8774162
70.03 6.8720387
70.04 6.8666851
70.05 6.8613076
70.06 6.8559779
70.07 6.8506243
70.08 6.8452707
70.09 6.839941
70.1 6.8346113
70.11 6.8293055
70.12 6.8239997
70.13 6.8186939
70.14 6.8133881
70.15 6.8080823
70.16 6.8028004
70.17 6.7975185
70.18 6.7922605
70.19 6.7869786
70.2 6.7817206
70.21 6.7764626
70.22 6.7712285
70.23 6.7659944
70.24 6.7607603
70.25 6.7555262
70.26 6.750316
70.27 6.7451058
70.28 6.7398956
70.29 6.7346854
70.3 6.7294991
70.31 6.7243128
70.32 6.7191265
70.33 6.7139641
70.34 6.7088017
70.35 6.7036393
70.36 6.6984769
70.37 6.6933384
70.38 6.6881999
70.39 6.6830614
70.4 6.6779468
70.41 6.6728083
70.42 6.6677176
70.43 6.662603
70.44 6.6575123
70.45 6.6524216
70.46 6.6473309
70.47 6.6422402
70.48 6.6371734
70.49 6.6321066
70.5 6.6270398
70.51 6.6219969
70.52 6.616954
70.53 6.6119111
70.54 6.6068921
70.55 6.6018492
70.56 6.5968541
70.57 6.5918351
70.58 6.5868161
70.59 6.581821
70.6 6.5768498
70.61 6.5718547
70.62 6.5668835
70.63 6.5619123
70.64 6.5569411
70.65 6.5519938
70.66 6.5470465
70.67 6.5420992
70.68 6.5371519
70.69 6.5322285
70.7 6.5273051
70.71 6.5223817
70.72 6.5174822
70.73 6.5125827
70.74 6.5076832
70.75 6.5027837
70.76 6.4979081
70.77 6.4930325
70.78 6.4881569
70.79 6.4833052
70.8 6.4784535
70.81 6.4736018
70.82 6.4687501
70.83 6.4639223
70.84 6.4590945
70.85 6.4542667
70.86 6.4494628
70.87 6.4446589
70.88 6.439855
70.89 6.4350511
70.9 6.4302711
70.91 6.4254911
70.92 6.4207111
70.93 6.415955
70.94 6.4111989
70.95 6.4064428
70.96 6.4016867
70.97 6.3969545
70.98 6.3922223
70.99 6.3874901
71.0 6.3827818
71.01 6.3780735
71.02 6.3733652
71.03 6.3686808
71.04 6.3639725
71.05 6.3592881
71.06 6.3546276
71.07 6.3499432
71.08 6.3452827
71.09 6.3406222
71.1 6.3359856
71.11 6.3313251
71.12 6.3267124
71.13 6.3220758
71.14 6.3174392
71.15 6.3128265
71.16 6.3082377
71.17 6.303625
71.18 6.2990362
71.19 6.2944474
71.2 6.2898586
71.21 6.2852937
71.22 6.2807288
71.23 6.2761639
71.24 6.2716229
71.25 6.267058
71.26 6.262517
71.27 6.2579999
71.28 6.2534589
71.29 6.2489418
71.3 6.2444486
71.31 6.2399315
71.32 6.2354383
71.33 6.2309451
71.34 6.2264758
71.35 6.2219826
71.36 6.2175133
71.37 6.2130679
71.38 6.2085986
71.39 6.2041532
71.4 6.1997078
71.41 6.1952863
71.42 6.1908409
71.43 6.1864194
71.44 6.1820218
71.45 6.1776003
71.46 6.1732027
71.47 6.1688051
71.48 6.1644314
71.49 6.1600577
71.5 6.155684
71.51 6.1513103
71.52 6.1469605
71.53 6.1426107
71.54 6.1382609
71.55 6.133935
71.56 6.1295852
71.57 6.1252832
71.58 6.1209573
71.59 6.1166553
71.6 6.1123533
71.61 6.1080513
71.62 6.1037732
71.63 6.0994712
71.64 6.095217
71.65 6.0909389
71.66 6.0866847
71.67 6.0824305
71.68 6.0781763
71.69 6.073946
71.7 6.0697157
71.71 6.0654854
71.72 6.061279
71.73 6.0570487
71.74 6.0528662
71.75 6.0486598
71.76 6.0444773
71.77 6.0402948
71.78 6.0361123
71.79 6.0319537
71.8 6.0277712
71.81 6.0236365
71.82 6.0194779
71.83 6.0153432
71.84 6.0112085
71.85 6.0070738
71.86 6.002963
71.87 5.9988522
71.88 5.9947414
71.89 5.9906545
71.9 5.9865676
71.91 5.9824807
71.92 5.9783938
71.93 5.9743308
71.94 5.9702678
71.95 5.9662048
71.96 5.9621657
71.97 5.9581266
71.98 5.9540875
71.99 5.9500723
72.0 5.9460332
72.01 5.942018
72.02 5.9380267
72.03 5.9340354
72.04 5.9300441
72.05 5.9260528
72.06 5.9220854
72.07 5.9180941
72.08 5.9141506
72.09 5.9101832
72.1 5.9062397
72.11 5.9022962
72.12 5.8983527
72.13 5.8944331
72.14 5.8905135
72.15 5.8865939
72.16 5.8826982
72.17 5.8788025
72.18 5.8749068
72.19 5.871035
72.2 5.8671393
72.21 5.8632675
72.22 5.8594196
72.23 5.8555478
72.24 5.8516999
72.25 5.8478759
72.26 5.844028
72.27 5.840204
72.28 5.83638
72.29 5.8325799
72.3 5.8287798
72.31 5.8249797
72.32 5.8211796
72.33 5.8174034
72.34 5.8136272
72.35 5.809851
72.36 5.8060987
72.37 5.8023225
72.38 5.7985941
72.39 5.7948418
72.4 5.7911134
72.41 5.787385
72.42 5.7836566
72.43 5.7799521
72.44 5.7762476
72.45 5.7725431
72.46 5.7688625
72.47 5.7651819
72.48 5.7615013
72.49 5.7578446
72.5 5.754164
72.51 5.7505312
72.52 5.7468745
72.53 5.7432417
72.54 5.7396089
72.55 5.7359761
72.56 5.7323672
72.57 5.7287583
72.58 5.7251494
72.59 5.7215405
72.6 5.7179555
72.61 5.7143705
72.62 5.7108094
72.63 5.7072483
72.64 5.7036872
72.65 5.7001261
72.66 5.6965889
72.67 5.6930517
72.68 5.6895145
72.69 5.6859773
72.7 5.682464
72.71 5.6789507
72.72 5.6754613
72.73 5.6719719
72.74 5.6684825
72.75 5.6649931
72.76 5.6615276
72.77 5.6580621
72.78 5.6545966
72.79 5.651155
72.8 5.6477134
72.81 5.6442718
72.82 5.6408541
72.83 5.6374125
72.84 5.6340187
72.85 5.630601
72.86 5.6272072
72.87 5.6238134
72.88 5.6204196
72.89 5.6170497
72.9 5.6136798
72.91 5.6103099
72.92 5.6069639
72.93 5.6036179
72.94 5.6002719
72.95 5.5969259
72.96 5.5936038
72.97 5.5902817
72.98 5.5869835
72.99 5.5836853
73.0 5.5803871
73.01 5.5770889
73.02 5.5738146
73.03 5.5705403
73.04 5.567266
73.05 5.5640156
73.06 5.5607413
73.07 5.5575148
73.08 5.5542644
73.09 5.5510379
73.1 5.5478114
73.11 5.5446088
73.12 5.5413823
73.13 5.5381797
73.14 5.535001
73.15 5.5317984
73.16 5.5286197
73.17 5.5254649
73.18 5.5222862
73.19 5.5191314
73.2 5.5159766
73.21 5.5128457
73.22 5.5097148
73.23 5.5065839
73.24 5.503453
73.25 5.500346
73.26 5.497239
73.27 5.4941559
73.28 5.4910489
73.29 5.4879658
73.3 5.4849066
73.31 5.4818235
73.32 5.4787643
73.33 5.475729
73.34 5.4726698
73.35 5.4696345
73.36 5.4665992
73.37 5.4635878
73.38 5.4605525
73.39 5.4575411
73.4 5.4545536
73.41 5.4515661
73.42 5.4485786
73.43 5.4455911
73.44 5.4426275
73.45 5.4396639
73.46 5.4367003
73.47 5.4337367
73.48 5.430797
73.49 5.4278573
73.5 5.4249415
73.51 5.4220257
73.52 5.4191099
73.53 5.4161941
73.54 5.4133022
73.55 5.4104103
73.56 5.4075184
73.57 5.4046504
73.58 5.4017824
73.59 5.3989144
73.6 5.3960703
73.61 5.3932262
73.62 5.3903821
73.63 5.387538
73.64 5.3847178
73.65 5.3818976
73.66 5.3791013
73.67 5.3762811
73.68 5.3735087
73.69 5.3707124
73.7 5.3679161
73.71 5.3651437
73.72 5.3623952
73.73 5.3596228
73.74 5.3568743
73.75 5.3541258
73.76 5.3514012
73.77 5.3486766
73.78 5.345952
73.79 5.3432274
73.8 5.3405267
73.81 5.337826
73.82 5.3351253
73.83 5.3324485
73.84 5.3297717
73.85 5.3270949
73.86 5.324442
73.87 5.3217652
73.88 5.3191362
73.89 5.3164833
73.9 5.3138543
73.91 5.3112253
73.92 5.3085963
73.93 5.3059912
73.94 5.3033861
73.95 5.300781
73.96 5.2981998
73.97 5.2956186
73.98 5.2930374
73.99 5.2904562
74.0 5.2878989
74.01 5.2853416
74.02 5.2827843
74.03 5.2802509
74.04 5.2777175
74.05 5.2751841
74.06 5.2726746
74.07 5.2701651
74.08 5.2676556
74.09 5.2651461
74.1 5.2626605
74.11 5.2601749
74.12 5.2576893
74.13 5.2552276
74.14 5.2527659
74.15 5.2503042
74.16 5.2478425
74.17 5.2454047
74.18 5.2429669
74.19 5.240553
74.2 5.2381152
74.21 5.2357013
74.22 5.2332874
74.23 5.2308974
74.24 5.2284835
74.25 5.2261174
74.26 5.2237274
74.27 5.2213374
74.28 5.2189713
74.29 5.2166052
74.3 5.214263
74.31 5.2119208
74.32 5.2095786
74.33 5.2072364
74.34 5.2048942
74.35 5.2025759
74.36 5.2002576
74.37 5.1979632
74.38 5.1956449
74.39 5.1933505
74.4 5.19108
74.41 5.1887856
74.42 5.1865151
74.43 5.1842446
74.44 5.1819741
74.45 5.1797275
74.46 5.1774809
74.47 5.1752343
74.48 5.1729877
74.49 5.170765
74.5 5.1685423
74.51 5.1663196
74.52 5.1640969
74.53 5.1618981
74.54 5.1596993
74.55 5.1575005
74.56 5.1553256
74.57 5.1531507
74.58 5.1509758
74.59 5.1488009
74.6 5.1466499
74.61 5.1444989
74.62 5.1423479
74.63 5.1401969
74.64 5.1380698
74.65 5.1359427
74.66 5.1338156
74.67 5.1316885
74.68 5.1295853
74.69 5.1274821
74.7 5.1253789
74.71 5.1232996
74.72 5.1211964
74.73 5.1191171
74.74 5.1170378
74.75 5.1149824
74.76 5.112927
74.77 5.1108716
74.78 5.1088162
74.79 5.1067608
74.8 5.1047293
74.81 5.1026978
74.82 5.1006663
74.83 5.0986587
74.84 5.0966511
74.85 5.0946196
74.86 5.0926359
74.87 5.0906283
74.88 5.0886446
74.89 5.0866609
74.9 5.0846772
74.91 5.0827174
74.92 5.0807337
74.93 5.0787739
74.94 5.076838
74.95 5.0748782
74.96 5.0729423
74.97 5.0710064
74.98 5.0690705
74.99 5.0671346
75.0 5.0652226
75.01 5.0633106
75.02 5.0613986
75.03 5.0594866
75.04 5.0575985
75.05 5.0557104
75.06 5.0538223
75.07 5.0519342
75.08 5.05007
75.09 5.0481819
75.1 5.0463177
75.11 5.0444774
75.12 5.0426132
75.13 5.0407729
75.14 5.0389326
75.15 5.0370923
75.16 5.035252
75.17 5.0334356
75.18 5.0316192
75.19 5.0298028
75.2 5.0279864
75.21 5.0261939
75.22 5.0244014
75.23 5.0226089
75.24 5.0208164
75.25 5.0190478
75.26 5.0172553
75.27 5.0154867
75.28 5.0137181
75.29 5.0119734
75.3 5.0102048
75.31 5.0084601
75.32 5.0067154
75.33 5.0049707
75.34 5.0032499
75.35 5.0015291
75.36 4.9998083
75.37 4.9980875
75.38 4.9963667
75.39 4.9946698
75.4 4.992949
75.41 4.9912521
75.42 4.9895791
75.43 4.9878822
75.44 4.9862092
75.45 4.9845362
75.46 4.9828632
75.47 4.9811902
75.48 4.9795411
75.49 4.9778681
75.5 4.976219
75.51 4.9745699
75.52 4.9729447
75.53 4.9712956
75.54 4.9696704
75.55 4.9680452
75.56 4.96642
75.57 4.9648187
75.58 4.9631935
75.59 4.9615922
75.6 4.9599909
75.61 4.9583896
75.62 4.9568122
75.63 4.9552109
75.64 4.9536335
75.65 4.9520561
75.66 4.9504787
75.67 4.9489252
75.68 4.9473717
75.69 4.9457943
75.7 4.9442408
75.71 4.9427112
75.72 4.9411577
75.73 4.9396281
75.74 4.9380985
75.75 4.9365689
75.76 4.9350393
75.77 4.9335097
75.78 4.932004
75.79 4.9304983
75.8 4.9289926
75.81 4.9274869
75.82 4.9259812
75.83 4.9244994
75.84 4.9230176
75.85 4.9215358
75.86 4.920054
75.87 4.9185722
75.88 4.9171143
75.89 4.9156564
75.9 4.9141985
75.91 4.9127406
75.92 4.9112827
75.93 4.9098248
75.94 4.9083908
75.95 4.9069568
75.96 4.9055228
75.97 4.9040888
75.98 4.9026787
75.99 4.9012447
76.0 4.8998346
76.01 4.8984245
76.02 4.8970144
76.03 4.8956043
76.04 4.8942181
76.05 4.8928319
76.06 4.8914457
76.07 4.8900595
76.08 4.8886733
76.09 4.8872871
76.1 4.8859248
76.11 4.8845625
76.12 4.8831763
76.13 4.8818379
76.14 4.8804756
76.15 4.8791133
76.16 4.8777749
76.17 4.8764365
76.18 4.8750981
76.19 4.8737597
76.2 4.8724213
76.21 4.8711068
76.22 4.8697684
76.23 4.8684539
76.24 4.8671394
76.25 4.8658249
76.26 4.8645343
76.27 4.8632198
76.28 4.8619292
76.29 4.8606386
76.3 4.859348
76.31 4.8580574
76.32 4.8567668
76.33 4.8555001
76.34 4.8542095
76.35 4.8529428
76.36 4.8516761
76.37 4.8504094
76.38 4.8491427
76.39 4.8478999
76.4 4.8466332
76.41 4.8453904
76.42 4.8441476
76.43 4.8429048
76.44 4.8416859
76.45 4.8404431
76.46 4.8392242
76.47 4.8379814
76.48 4.8367625
76.49 4.8355436
76.5 4.8343247
76.51 4.8331297
76.52 4.8319108
76.53 4.8307158
76.54 4.8295208
76.55 4.8283258
76.56 4.8271308
76.57 4.8259358
76.58 4.8247408
76.59 4.8235697
76.6 4.8223986
76.61 4.8212036
76.62 4.8200325
76.63 4.8188614
76.64 4.8177142
76.65 4.8165431
76.66 4.8153959
76.67 4.8142248
76.68 4.8130776
76.69 4.8119304
76.7 4.8107832
76.71 4.8096599
76.72 4.8085127
76.73 4.8073894
76.74 4.8062422
76.75 4.8051189
76.76 4.8039956
76.77 4.8028723
76.78 4.8017729
76.79 4.8006496
76.8 4.7995502
76.81 4.7984269
76.82 4.7973275
76.83 4.7962281
76.84 4.7951287
76.85 4.7940293
76.86 4.7929538
76.87 4.7918544
76.88 4.7907789
76.89 4.7897034
76.9 4.788604
76.91 4.7875285
76.92 4.7864769
76.93 4.7854014
76.94 4.7843259
76.95 4.7832743
76.96 4.7821988
76.97 4.7811472
76.98 4.7800956
76.99 4.779044
77.0 4.7779924
77.01 4.7769408
77.02 4.7759131
77.03 4.7748615
77.04 4.7738338
77.05 4.7728061
77.06 4.7717784
77.07 4.7707507
77.08 4.769723
77.09 4.7686953
77.1 4.7676676
77.11 4.7666638
77.12 4.76566
77.13 4.7646323
77.14 4.7636285
77.15 4.7626247
77.16 4.7616209
77.17 4.7606171
77.18 4.7596372
77.19 4.7586334
77.2 4.7576535
77.21 4.7566497
77.22 4.7556698
77.23 4.7546899
77.24 4.75371
77.25 4.7527301
77.26 4.7517502
77.27 4.7507942
77.28 4.7498143
77.29 4.7488344
77.3 4.7478784
77.31 4.7469224
77.32 4.7459664
77.33 4.7450104
77.34 4.7440544
77.35 4.7430984
77.36 4.7421424
77.37 4.7412103
77.38 4.7402543
77.39 4.7393222
77.4 4.7383662
77.41 4.7374341
77.42 4.736502
77.43 4.7355699
77.44 4.7346378
77.45 4.7337057
77.46 4.7327975
77.47 4.7318654
77.48 4.7309333
77.49 4.7300251
77.5 4.7291169
77.51 4.7281848
77.52 4.7272766
77.53 4.7263684
77.54 4.7254602
77.55 4.7245759
77.56 4.7236677
77.57 4.7227595
77.58 4.7218752
77.59 4.720967
77.6 4.7200827
77.61 4.7191745
77.62 4.7182902
77.63 4.7174059
77.64 4.7165216
77.65 4.7156373
77.66 4.714753
77.67 4.7138687
77.68 4.7130083
77.69 4.712124
77.7 4.7112636
77.71 4.7103793
77.72 4.7095189
77.73 4.7086585
77.74 4.7077742
77.75 4.7069138
77.76 4.7060534
77.77 4.705193
77.78 4.7043565
77.79 4.7034961
77.8 4.7026357
77.81 4.7017753
77.82 4.7009388
77.83 4.7000784
77.84 4.6992419
77.85 4.6984054
77.86 4.6975689
77.87 4.6967085
77.88 4.695872
77.89 4.6950355
77.9 4.694199
77.91 4.6933625
77.92 4.6925499
77.93 4.6917134
77.94 4.6908769
77.95 4.6900643
77.96 4.6892278
77.97 4.6884152
77.98 4.6875787
77.99 4.6867661
78.0 4.6859535
78.01 4.6851409
78.02 4.6843283
78.03 4.6835157
78.04 4.6827031
78.05 4.6818905
78.06 4.6810779
78.07 4.6802653
78.08 4.6794527
78.09 4.678664
78.1 4.6778514
78.11 4.6770627
78.12 4.6762501
78.13 4.6754614
78.14 4.6746488
78.15 4.6738601
78.16 4.6730714
78.17 4.6722827
78.18 4.671494
78.19 4.6707053
78.2 4.6699166
78.21 4.6691279
78.22 4.6683392
78.23 4.6675505
78.24 4.6667618
78.25 4.6659731
78.26 4.6652083
78.27 4.6644196
78.28 4.6636548
78.29 4.6628661
78.3 4.6621013
78.31 4.6613126
78.32 4.6605478
78.33 4.6597591
78.34 4.6589943
78.35 4.6582295
78.36 4.6574647
78.37 4.6566999
78.38 4.6559351
78.39 4.6551464
78.4 4.6543816
78.41 4.6536407
78.42 4.6528759
78.43 4.6521111
78.44 4.6513463
78.45 4.6505815
78.46 4.6498167
78.47 4.6490758
78.48 4.648311
78.49 4.6475462
78.5 4.6468053
78.51 4.6460405
78.52 4.6452996
78.53 4.6445348
78.54 4.6437939
78.55 4.643053
78.56 4.6422882
78.57 4.6415473
78.58 4.6408064
78.59 4.6400416
78.6 4.6393007
78.61 4.6385598
78.62 4.6378189
78.63 4.637078
78.64 4.6363371
78.65 4.6355962
78.66 4.6348553
78.67 4.6341144
78.68 4.6333735
78.69 4.6326326
78.7 4.6319156
78.71 4.6311747
78.72 4.6304338
78.73 4.6296929
78.74 4.6289759
78.75 4.628235
78.76 4.627518
78.77 4.6267771
78.78 4.6260601
78.79 4.6253192
78.8 4.6246022
78.81 4.6238613
78.82 4.6231443
78.83 4.6224273
78.84 4.6216864
78.85 4.6209694
78.86 4.6202524
78.87 4.6195354
78.88 4.6188184
78.89 4.6180775
78.9 4.6173605
78.91 4.6166435
78.92 4.6159265
78.93 4.6152095
78.94 4.6145164
78.95 4.6137994
78.96 4.6130824
78.97 4.6123654
78.98 4.6116484
78.99 4.6109314
79.0 4.6102383
79.01 4.6095213
79.02 4.6088043
79.03 4.6081112
79.04 4.6073942
79.05 4.6067011
79.06 4.6059841
79.07 4.605291
79.08 4.604574
79.09 4.6038809
79.1 4.6031878
79.11 4.6024708
79.12 4.6017777
79.13 4.6010846
79.14 4.6003915
79.15 4.5996745
79.16 4.5989814
79.17 4.5982883
79.18 4.5975952
79.19 4.5969021
79.2 4.596209
79.21 4.5955159
79.22 4.5948228
79.23 4.5941297
79.24 4.5934366
79.25 4.5927435
79.26 4.5920504
79.27 4.5913812
79.28 4.5906881
79.29 4.589995
79.3 4.5893019
79.31 4.5886327
79.32 4.5879396
79.33 4.5872465
79.34 4.5865773
79.35 4.5858842
79.36 4.585215
79.37 4.5845219
79.38 4.5838527
79.39 4.5831596
79.4 4.5824904
79.41 4.5818212
79.42 4.5811281
79.43 4.5804589
79.44 4.5797897
79.45 4.5791205
79.46 4.5784274
79.47 4.5777582
79.48 4.577089
79.49 4.5764198
79.5 4.5757506
79.51 4.5750814
79.52 4.5744122
79.53 4.573743
79.54 4.5730738
79.55 4.5724046
79.56 4.5717354
79.57 4.5710662
79.58 4.570397
79.59 4.5697278
79.6 4.5690586
79.61 4.5684133
79.62 4.5677441
79.63 4.5670749
79.64 4.5664296
79.65 4.5657604
79.66 4.5650912
79.67 4.5644459
79.68 4.5637767
79.69 4.5631075
79.7 4.5624622
79.71 4.561793
79.72 4.5611477
79.73 4.5605024
79.74 4.5598332
79.75 4.5591879
79.76 4.5585187
79.77 4.5578734
79.78 4.5572281
79.79 4.5565589
79.8 4.5559136
79.81 4.5552683
79.82 4.554623
79.83 4.5539777
79.84 4.5533085
79.85 4.5526632
79.86 4.5520179
79.87 4.5513726
79.88 4.5507273
79.89 4.550082
79.9 4.5494367
79.91 4.5487914
79.92 4.5481461
79.93 4.5475008
79.94 4.5468555
79.95 4.5462102
79.96 4.5455888
79.97 4.5449435
79.98 4.5442982
79.99 4.5436529
80.0 4.5430076
80.01 4.5423862
80.02 4.5417409
80.03 4.5410956
80.04 4.5404742
80.05 4.5398289
80.06 4.5391836
80.07 4.5385622
80.08 4.5379169
80.09 4.5372955
80.1 4.5366502
80.11 4.5360288
80.12 4.5353835
80.13 4.5347621
80.14 4.5341168
80.15 4.5334954
80.16 4.532874
80.17 4.5322287
80.18 4.5316073
80.19 4.5309859
80.2 4.5303406
80.21 4.5297192
80.22 4.5290978
80.23 4.5284764
80.24 4.5278311
80.25 4.5272097
80.26 4.5265883
80.27 4.5259669
80.28 4.5253455
80.29 4.5247241
80.3 4.5241027
80.31 4.5234813
80.32 4.5228599
80.33 4.5222385
80.34 4.5216171
80.35 4.5209957
80.36 4.5203743
80.37 4.5197529
80.38 4.5191315
80.39 4.5185101
80.4 4.5178887
80.41 4.5172673
80.42 4.5166459
80.43 4.5160484
80.44 4.515427
80.45 4.5148056
80.46 4.5141842
80.47 4.5135867
80.48 4.5129653
80.49 4.5123439
80.5 4.5117464
80.51 4.511125
80.52 4.5105036
80.53 4.5099061
80.54 4.5092847
80.55 4.5086872
80.56 4.5080658
80.57 4.5074444
80.58 4.5068469
80.59 4.5062255
80.6 4.505628
80.61 4.5050066
80.62 4.5044091
80.63 4.5038116
80.64 4.5031902
80.65 4.5025927
80.66 4.5019713
80.67 4.5013738
80.68 4.5007763
80.69 4.5001549
80.7 4.4995574
80.71 4.4989599
80.72 4.4983385
80.73 4.497741
80.74 4.4971435
80.75 4.496546
80.76 4.4959246
80.77 4.4953271
80.78 4.4947296
80.79 4.4941321
80.8 4.4935346
80.81 4.4929371
80.82 4.4923157
80.83 4.4917182
80.84 4.4911207
80.85 4.4905232
80.86 4.4899257
80.87 4.4893282
80.88 4.4887307
80.89 4.4881332
80.9 4.4875357
80.91 4.4869382
80.92 4.4863407
80.93 4.4857432
80.94 4.4851457
80.95 4.4845482
80.96 4.4839507
80.97 4.4833532
80.98 4.4827796
80.99 4.4821821
81.0 4.4815846
81.01 4.4809871
81.02 4.4803896
81.03 4.4797921
81.04 4.4792185
81.05 4.478621
81.06 4.4780235
81.07 4.477426
81.08 4.4768285
81.09 4.4762549
81.1 4.4756574
81.11 4.4750599
81.12 4.4744863
81.13 4.4738888
81.14 4.4732913
81.15 4.4726938
81.16 4.4721202
81.17 4.4715227
81.18 4.4709491
81.19 4.4703516
81.2 4.4697541
81.21 4.4691805
81.22 4.468583
81.23 4.4680094
81.24 4.4674119
81.25 4.4668144
81.26 4.4662408
81.27 4.4656433
81.28 4.4650697
81.29 4.4644722
81.3 4.4638986
81.31 4.4633011
81.32 4.4627275
81.33 4.46213
81.34 4.4615564
81.35 4.4609589
81.36 4.4603853
81.37 4.4598117
81.38 4.4592142
81.39 4.4586406
81.4 4.4580431
81.41 4.4574695
81.42 4.4568959
81.43 4.4562984
81.44 4.4557248
81.45 4.4551512
81.46 4.4545537
81.47 4.4539801
81.48 4.4534065
81.49 4.452809
81.5 4.4522354
81.51 4.4516618
81.52 4.4510643
81.53 4.4504907
81.54 4.4499171
81.55 4.4493196
81.56 4.448746
81.57 4.4481724
81.58 4.4475988
81.59 4.4470013
81.6 4.4464277
81.61 4.4458541
81.62 4.4452805
81.63 4.444683
81.64 4.4441094
81.65 4.4435358
81.66 4.4429622
81.67 4.4423886
81.68 4.441815
81.69 4.4412175
81.7 4.4406439
81.71 4.4400703
81.72 4.4394967
81.73 4.4389231
81.74 4.4383495
81.75 4.437752
81.76 4.4371784
81.77 4.4366048
81.78 4.4360312
81.79 4.4354576
81.8 4.434884
81.81 4.4343104
81.82 4.4337368
81.83 4.4331393
81.84 4.4325657
81.85 4.4319921
81.86 4.4314185
81.87 4.4308449
81.88 4.4302713
81.89 4.4296977
81.9 4.4291241
81.91 4.4285505
81.92 4.4279769
81.93 4.4274033
81.94 4.4268297
81.95 4.4262561
81.96 4.4256825
81.97 4.4251089
81.98 4.4245114
81.99 4.4239378
82.0 4.4233642
82.01 4.4227906
82.02 4.422217
82.03 4.4216434
82.04 4.4210698
82.05 4.4204962
82.06 4.4199226
82.07 4.419349
82.08 4.4187754
82.09 4.4182018
82.1 4.4176282
82.11 4.4170546
82.12 4.416481
82.13 4.4159074
82.14 4.4153338
82.15 4.4147602
82.16 4.4141866
82.17 4.413613
82.18 4.4130394
82.19 4.4124658
82.2 4.4118922
82.21 4.4113186
82.22 4.410745
82.23 4.4101714
82.24 4.4095978
82.25 4.4090242
82.26 4.4084506
82.27 4.407877
82.28 4.4073034
82.29 4.4067298
82.3 4.4061562
82.31 4.4055826
82.32 4.405009
82.33 4.4044354
82.34 4.4038618
82.35 4.4032882
82.36 4.4027146
82.37 4.402141
82.38 4.4015674
82.39 4.4009938
82.4 4.4004202
82.41 4.3998466
82.42 4.399273
82.43 4.3986994
82.44 4.3981258
82.45 4.3975522
82.46 4.3969786
82.47 4.396405
82.48 4.3958314
82.49 4.3952578
82.5 4.3946842
82.51 4.3941106
82.52 4.393537
82.53 4.3929634
82.54 4.3923898
82.55 4.3918162
82.56 4.3912426
82.57 4.390669
82.58 4.3900954
82.59 4.3895218
82.6 4.3889482
82.61 4.3883746
82.62 4.3877771
82.63 4.3872035
82.64 4.3866299
82.65 4.3860563
82.66 4.3854827
82.67 4.3849091
82.68 4.3843355
82.69 4.3837619
82.7 4.3831644
82.71 4.3825908
82.72 4.3820172
82.73 4.3814436
82.74 4.38087
82.75 4.3802725
82.76 4.3796989
82.77 4.3791253
82.78 4.3785517
82.79 4.3779781
82.8 4.3773806
82.81 4.376807
82.82 4.3762334
82.83 4.3756359
82.84 4.3750623
82.85 4.3744887
82.86 4.3739151
82.87 4.3733176
82.88 4.372744
82.89 4.3721704
82.9 4.3715729
82.91 4.3709993
82.92 4.3704018
82.93 4.3698282
82.94 4.3692546
82.95 4.3686571
82.96 4.3680835
82.97 4.367486
82.98 4.3669124
82.99 4.3663149
83.0 4.3657413
83.01 4.3651438
83.02 4.3645702
83.03 4.3639727
83.04 4.3633752
83.05 4.3628016
83.06 4.3622041
83.07 4.3616305
83.08 4.361033
83.09 4.3604355
83.1 4.3598619
83.11 4.3592644
83.12 4.3586669
83.13 4.3580694
83.14 4.3574958
83.15 4.3568983
83.16 4.3563008
83.17 4.3557033
83.18 4.3551058
83.19 4.3545322
83.2 4.3539347
83.21 4.3533372
83.22 4.3527397
83.23 4.3521422
83.24 4.3515447
83.25 4.3509472
83.26 4.3503497
83.27 4.3497522
83.28 4.3491547
83.29 4.3485572
83.3 4.3479597
83.31 4.3473622
83.32 4.3467647
83.33 4.3461433
83.34 4.3455458
83.35 4.3449483
83.36 4.3443508
83.37 4.3437533
83.38 4.3431319
83.39 4.3425344
83.4 4.3419369
83.41 4.3413155
83.42 4.340718
83.43 4.3401205
83.44 4.3394991
83.45 4.3389016
83.46 4.3382802
83.47 4.3376827
83.48 4.3370613
83.49 4.3364638
83.5 4.3358424
83.51 4.3352449
83.52 4.3346235
83.53 4.3340021
83.54 4.3334046
83.55 4.3327832
83.56 4.3321618
83.57 4.3315643
83.58 4.3309429
83.59 4.3303215
83.6 4.3297001
83.61 4.3290787
83.62 4.3284812
83.63 4.3278598
83.64 4.3272384
83.65 4.326617
83.66 4.3259956
83.67 4.3253742
83.68 4.3247528
83.69 4.3241314
83.7 4.32351
83.71 4.3228647
83.72 4.3222433
83.73 4.3216219
83.74 4.3210005
83.75 4.3203791
83.76 4.3197338
83.77 4.3191124
83.78 4.318491
83.79 4.3178457
83.8 4.3172243
83.81 4.316579
83.82 4.3159576
83.83 4.3153362
83.84 4.3146909
83.85 4.3140456
83.86 4.3134242
83.87 4.3127789
83.88 4.3121575
83.89 4.3115122
83.9 4.3108669
83.91 4.3102216
83.92 4.3096002
83.93 4.3089549
83.94 4.3083096
83.95 4.3076643
83.96 4.307019
83.97 4.3063737
83.98 4.3057284
83.99 4.3050831
84.0 4.3044378
84.01 4.3037925
84.02 4.3031472
84.03 4.3025019
84.04 4.3018327
84.05 4.3011874
84.06 4.3005421
84.07 4.2998729
84.08 4.2992276
84.09 4.2985823
84.1 4.2979131
84.11 4.2972678
84.12 4.2965986
84.13 4.2959533
84.14 4.2952841
84.15 4.2946388
84.16 4.2939696
84.17 4.2933004
84.18 4.2926551
84.19 4.2919859
84.2 4.2913167
84.21 4.2906475
84.22 4.2899783
84.23 4.2893091
84.24 4.2886399
84.25 4.2879707
84.26 4.2873015
84.27 4.2866323
84.28 4.2859631
84.29 4.2852939
84.3 4.2846247
84.31 4.2839316
84.32 4.2832624
84.33 4.2825932
84.34 4.2819001
84.35 4.2812309
84.36 4.2805617
84.37 4.2798686
84.38 4.2791994
84.39 4.2785063
84.4 4.2778132
84.41 4.277144
84.42 4.2764509
84.43 4.2757578
84.44 4.2750647
84.45 4.2743955
84.46 4.2737024
84.47 4.2730093
84.48 4.2723162
84.49 4.2716231
84.5 4.27093
84.51 4.2702369
84.52 4.2695199
84.53 4.2688268
84.54 4.2681337
84.55 4.2674406
84.56 4.2667236
84.57 4.2660305
84.58 4.2653374
84.59 4.2646204
84.6 4.2639273
84.61 4.2632103
84.62 4.2624933
84.63 4.2618002
84.64 4.2610832
84.65 4.2603662
84.66 4.2596731
84.67 4.2589561
84.68 4.2582391
84.69 4.2575221
84.7 4.2568051
84.71 4.2560881
84.72 4.2553711
84.73 4.2546541
84.74 4.2539132
84.75 4.2531962
84.76 4.2524792
84.77 4.2517622
84.78 4.2510213
84.79 4.2503043
84.8 4.2495634
84.81 4.2488464
84.82 4.2481055
84.83 4.2473646
84.84 4.2466476
84.85 4.2459067
84.86 4.2451658
84.87 4.2444249
84.88 4.2437079
84.89 4.242967
84.9 4.2422261
84.91 4.2414852
84.92 4.2407204
84.93 4.2399795
84.94 4.2392386
84.95 4.2384977
84.96 4.2377568
84.97 4.236992
84.98 4.2362511
84.99 4.2354863
85.0 4.2347454
85.01 4.2339806
85.02 4.2332158
85.03 4.2324749
85.04 4.2317101
85.05 4.2309453
85.06 4.2301805
85.07 4.2294157
85.08 4.2286509
85.09 4.2278861
85.1 4.2271213
85.11 4.2263565
85.12 4.2255917
85.13 4.2248269
85.14 4.2240621
85.15 4.2232734
85.16 4.2225086
85.17 4.2217199
85.18 4.2209551
85.19 4.2201664
85.2 4.2193777
85.21 4.2186129
85.22 4.2178242
85.23 4.2170355
85.24 4.2162468
85.25 4.2154581
85.26 4.2146694
85.27 4.2138807
85.28 4.213092
85.29 4.2123033
85.3 4.2115146
85.31 4.210702
85.32 4.2099133
85.33 4.2091246
85.34 4.208312
85.35 4.2075233
85.36 4.2067107
85.37 4.2058981
85.38 4.2051094
85.39 4.2042968
85.4 4.2034842
85.41 4.2026716
85.42 4.201859
85.43 4.2010464
85.44 4.2002338
85.45 4.1994212
85.46 4.1986086
85.47 4.1977721
85.48 4.1969595
85.49 4.1961469
85.5 4.1953104
85.51 4.1944978
85.52 4.1936613
85.53 4.1928248
85.54 4.1920122
85.55 4.1911757
85.56 4.1903392
85.57 4.1895027
85.58 4.1886662
85.59 4.1878297
85.6 4.1869932
85.61 4.1861567
85.62 4.1853202
85.63 4.1844837
85.64 4.1836472
85.65 4.1827868
85.66 4.1819503
85.67 4.1811138
85.68 4.1802534
85.69 4.1794169
85.7 4.1785565
85.71 4.17772
85.72 4.1768596
85.73 4.1759992
85.74 4.1751388
85.75 4.1743023
85.76 4.1734419
85.77 4.1725815
85.78 4.1717211
85.79 4.1708607
85.8 4.1700003
85.81 4.1691399
85.82 4.1682795
85.83 4.1674191
85.84 4.1665587
85.85 4.1656744
85.86 4.164814
85.87 4.1639536
85.88 4.1630693
85.89 4.1622089
85.9 4.1613246
85.91 4.1604642
85.92 4.1595799
85.93 4.1587195
85.94 4.1578352
85.95 4.1569748
85.96 4.1560905
85.97 4.1552062
85.98 4.1543219
85.99 4.1534615
86.0 4.1525772
86.01 4.1516929
86.02 4.1508086
86.03 4.1499243
86.04 4.14904
86.05 4.1481557
86.06 4.1472714
86.07 4.1463871
86.08 4.1455028
86.09 4.1446185
86.1 4.1437342
86.11 4.1428499
86.12 4.1419417
86.13 4.1410574
86.14 4.1401731
86.15 4.1392649
86.16 4.1383806
86.17 4.1374963
86.18 4.1365881
86.19 4.1357038
86.2 4.1348195
86.21 4.1339113
86.22 4.133027
86.23 4.1321188
86.24 4.1312106
86.25 4.1303263
86.26 4.1294181
86.27 4.1285338
86.28 4.1276256
86.29 4.1267174
86.3 4.1258331
86.31 4.1249249
86.32 4.1240167
86.33 4.1231324
86.34 4.1222242
86.35 4.121316
86.36 4.1204078
86.37 4.1194996
86.38 4.1185914
86.39 4.1177071
86.4 4.1167989
86.41 4.1158907
86.42 4.1149825
86.43 4.1140743
86.44 4.1131661
86.45 4.1122579
86.46 4.1113497
86.47 4.1104415
86.48 4.1095333
86.49 4.1086251
86.5 4.1077169
86.51 4.1068087
86.52 4.1059005
86.53 4.1049923
86.54 4.1040841
86.55 4.1031759
86.56 4.1022677
86.57 4.1013595
86.58 4.1004274
86.59 4.0995192
86.6 4.098611
86.61 4.0977028
86.62 4.0967946
86.63 4.0958864
86.64 4.0949782
86.65 4.0940461
86.66 4.0931379
86.67 4.0922297
86.68 4.0913215
86.69 4.0904133
86.7 4.0895051
86.71 4.088573
86.72 4.0876648
86.73 4.0867566
86.74 4.0858484
86.75 4.0849402
86.76 4.084032
86.77 4.0830999
86.78 4.0821917
86.79 4.0812835
86.8 4.0803753
86.81 4.0794671
86.82 4.078535
86.83 4.0776268
86.84 4.0767186
86.85 4.0758104
86.86 4.0749022
86.87 4.073994
86.88 4.0730619
86.89 4.0721537
86.9 4.0712455
86.91 4.0703373
86.92 4.0694291
86.93 4.0685209
86.94 4.0676127
86.95 4.0666806
86.96 4.0657724
86.97 4.0648642
86.98 4.063956
86.99 4.0630478
87.0 4.0621396
87.01 4.0612314
87.02 4.0603232
87.03 4.059415
87.04 4.0585068
87.05 4.0575986
87.06 4.0566904
87.07 4.0557822
87.08 4.054874
87.09 4.0539658
87.1 4.0530576
87.11 4.0521494
87.12 4.0512412
87.13 4.0503569
87.14 4.0494487
87.15 4.0485405
87.16 4.0476323
87.17 4.0467241
87.18 4.0458159
87.19 4.0449316
87.2 4.0440234
87.21 4.0431152
87.22 4.0422309
87.23 4.0413227
87.24 4.0404145
87.25 4.0395302
87.26 4.038622
87.27 4.0377138
87.28 4.0368295
87.29 4.0359213
87.3 4.035037
87.31 4.0341288
87.32 4.0332445
87.33 4.0323363
87.34 4.031452
87.35 4.0305677
87.36 4.0296595
87.37 4.0287752
87.38 4.0278909
87.39 4.0269827
87.4 4.0260984
87.41 4.0252141
87.42 4.0243298
87.43 4.0234216
87.44 4.0225373
87.45 4.021653
87.46 4.0207687
87.47 4.0198844
87.48 4.0190001
87.49 4.0181158
87.5 4.0172315
87.51 4.0163472
87.52 4.0154868
87.53 4.0146025
87.54 4.0137182
87.55 4.0128339
87.56 4.0119735
87.57 4.0110892
87.58 4.0102049
87.59 4.0093445
87.6 4.0084602
87.61 4.0075998
87.62 4.0067155
87.63 4.0058551
87.64 4.0049708
87.65 4.0041104
87.66 4.00325
87.67 4.0023657
87.68 4.0015053
87.69 4.0006449
87.7 3.9997845
87.71 3.9989241
87.72 3.9980637
87.73 3.9972033
87.74 3.9963429
87.75 3.9954825
87.76 3.9946221
87.77 3.9937617
87.78 3.9929013
87.79 3.9920648
87.8 3.9912044
87.81 3.990344
87.82 3.9895075
87.83 3.9886471
87.84 3.9878106
87.85 3.9869502
87.86 3.9861137
87.87 3.9852772
87.88 3.9844168
87.89 3.9835803
87.9 3.9827438
87.91 3.9819073
87.92 3.9810708
87.93 3.9802343
87.94 3.9793978
87.95 3.9785613
87.96 3.9777248
87.97 3.9768883
87.98 3.9760757
87.99 3.9752392
88.0 3.9744266
88.01 3.9735901
88.02 3.9727775
88.03 3.971941
88.04 3.9711284
88.05 3.9703158
88.06 3.9694793
88.07 3.9686667
88.08 3.9678541
88.09 3.9670415
88.1 3.9662289
88.11 3.9654163
88.12 3.9646037
88.13 3.963815
88.14 3.9630024
88.15 3.9621898
88.16 3.9614011
88.17 3.9605885
88.18 3.9597998
88.19 3.9590111
88.2 3.9581985
88.21 3.9574098
88.22 3.9566211
88.23 3.9558324
88.24 3.9550437
88.25 3.954255
88.26 3.9534663
88.27 3.9526776
88.28 3.9519128
88.29 3.9511241
88.3 3.9503593
88.31 3.9495706
88.32 3.9488058
88.33 3.9480171
88.34 3.9472523
88.35 3.9464875
88.36 3.9457227
88.37 3.9449579
88.38 3.9441931
88.39 3.9434283
88.4 3.9426874
88.41 3.9419226
88.42 3.9411578
88.43 3.9404169
88.44 3.9396521
88.45 3.9389112
88.46 3.9381703
88.47 3.9374294
88.48 3.9366885
88.49 3.9359476
88.5 3.9352067
88.51 3.9344658
88.52 3.9337249
88.53 3.9330079
88.54 3.932267
88.55 3.93155
88.56 3.9308091
88.57 3.9300921
88.58 3.9293751
88.59 3.9286581
88.6 3.9279411
88.61 3.9272241
88.62 3.9265071
88.63 3.9257901
88.64 3.9250731
88.65 3.92438
88.66 3.923663
88.67 3.9229699
88.68 3.9222768
88.69 3.9215598
88.7 3.9208667
88.71 3.9201736
88.72 3.9194805
88.73 3.9187874
88.74 3.9181182
88.75 3.9174251
88.76 3.916732
88.77 3.9160628
88.78 3.9153697
88.79 3.9147005
88.8 3.9140313
88.81 3.9133621
88.82 3.9126929
88.83 3.9120237
88.84 3.9113545
88.85 3.9106853
88.86 3.91004
88.87 3.9093708
88.88 3.9087016
88.89 3.9080563
88.9 3.907411
88.91 3.9067657
88.92 3.9061204
88.93 3.9054512
88.94 3.9048298
88.95 3.9041845
88.96 3.9035392
88.97 3.9028939
88.98 3.9022725
88.99 3.9016272
89.0 3.9010058
89.01 3.9003844
89.02 3.899763
89.03 3.8991416
89.04 3.8985202
89.05 3.8978988
89.06 3.8972774
89.07 3.896656
89.08 3.8960585
89.09 3.8954371
89.1 3.8948396
89.11 3.8942182
89.12 3.8936207
89.13 3.8930232
89.14 3.8924257
89.15 3.8918282
89.16 3.8912307
89.17 3.8906571
89.18 3.8900596
89.19 3.889486
89.2 3.8888885
89.21 3.8883149
89.22 3.8877413
89.23 3.8871438
89.24 3.8865702
89.25 3.8860205
89.26 3.8854469
89.27 3.8848733
89.28 3.8842997
89.29 3.88375
89.3 3.8831764
89.31 3.8826267
89.32 3.882077
89.33 3.8815273
89.34 3.8809776
89.35 3.8804279
89.36 3.8798782
89.37 3.8793285
89.38 3.8788027
89.39 3.878253
89.4 3.8777272
89.41 3.8771775
89.42 3.8766517
89.43 3.8761259
89.44 3.8756001
89.45 3.8750743
89.46 3.8745485
89.47 3.8740466
89.48 3.8735208
89.49 3.8730189
89.5 3.8724931
89.51 3.8719912
89.52 3.8714893
89.53 3.8709874
89.54 3.8704855
89.55 3.8699836
89.56 3.8694817
89.57 3.8689798
89.58 3.8685018
89.59 3.8679999
89.6 3.8675219
89.61 3.8670439
89.62 3.8665659
89.63 3.8660879
89.64 3.8656099
89.65 3.8651319
89.66 3.8646539
89.67 3.8641998
89.68 3.8637218
89.69 3.8632677
89.7 3.8628136
89.71 3.8623356
89.72 3.8618815
89.73 3.8614274
89.74 3.8609972
89.75 3.8605431
89.76 3.860089
89.77 3.8596588
89.78 3.8592047
89.79 3.8587745
89.8 3.8583443
89.81 3.8579141
89.82 3.8574839
89.83 3.8570537
89.84 3.8566235
89.85 3.8561933
89.86 3.855787
89.87 3.8553568
89.88 3.8549505
89.89 3.8545442
89.9 3.8541379
89.91 3.8537316
89.92 3.8533253
89.93 3.852919
89.94 3.8525127
89.95 3.8521303
89.96 3.851724
89.97 3.8513416
89.98 3.8509592
89.99 3.8505768
90.0 3.8501944
90.01 3.849812
90.02 3.8494296
90.03 3.8490711
90.04 3.8486887
90.05 3.8483302
90.06 3.8479478
90.07 3.8475893
90.08 3.8472308
90.09 3.8468723
90.1 3.8465138
90.11 3.8461553
90.12 3.8458207
90.13 3.8454622
90.14 3.8451276
90.15 3.844793
90.16 3.8444345
90.17 3.8440999
90.18 3.8437653
90.19 3.8434546
90.2 3.84312
90.21 3.8427854
90.22 3.8424747
90.23 3.8421401
90.24 3.8418294
90.25 3.8415187
90.26 3.841208
90.27 3.8408973
90.28 3.8405866
90.29 3.8402998
90.3 3.8399891
90.31 3.8397023
90.32 3.8393916
90.33 3.8391048
90.34 3.838818
90.35 3.8385312
90.36 3.8382444
90.37 3.8379815
90.38 3.8376947
90.39 3.8374079
90.4 3.837145
90.41 3.8368821
90.42 3.8366192
90.43 3.8363563
90.44 3.8360934
90.45 3.8358305
90.46 3.8355676
90.47 3.8353286
90.48 3.8350657
90.49 3.8348267
90.5 3.8345877
90.51 3.8343487
90.52 3.8341097
90.53 3.8338707
90.54 3.8336556
90.55 3.8334166
90.56 3.8332015
90.57 3.8329625
90.58 3.8327474
90.59 3.8325323
90.6 3.8323172
90.61 3.8321021
90.62 3.831887
90.63 3.8316958
90.64 3.8314807
90.65 3.8312895
90.66 3.8310983
90.67 3.8309071
90.68 3.8307159
90.69 3.8305247
90.7 3.8303335
90.71 3.8301662
90.72 3.829975
90.73 3.8298077
90.74 3.8296404
90.75 3.8294492
90.76 3.8293058
90.77 3.8291385
90.78 3.8289712
90.79 3.8288039
90.8 3.8286605
90.81 3.8285171
90.82 3.8283498
90.83 3.8282064
90.84 3.828063
90.85 3.8279196
90.86 3.8278001
90.87 3.8276567
90.88 3.8275372
90.89 3.8273938
90.9 3.8272743
90.91 3.8271548
90.92 3.8270353
90.93 3.8269158
90.94 3.8268202
90.95 3.8267007
90.96 3.8266051
90.97 3.8264856
90.98 3.82639
90.99 3.8262944
91.0 3.8261988
91.01 3.8261032
91.02 3.8260315
91.03 3.8259359
91.04 3.8258642
91.05 3.8257686
91.06 3.8256969
91.07 3.8256252
91.08 3.8255535
91.09 3.8255057
91.1 3.825434
91.11 3.8253862
91.12 3.8253145
91.13 3.8252667
91.14 3.8252189
91.15 3.8251711
91.16 3.8251233
91.17 3.8250755
91.18 3.8250516
91.19 3.8250038
91.2 3.8249799
91.21 3.824956
91.22 3.8249321
91.23 3.8249082
91.24 3.8248843
91.25 3.8248843
91.26 3.8248604
91.27 3.8248604
91.28 3.8248604
91.29 3.8248365
91.3 3.8248365
91.31 3.8248604
91.32 3.8248604
91.33 3.8248604
91.34 3.8248843
91.35 3.8249082
91.36 3.8249082
91.37 3.8249321
91.38 3.8249799
91.39 3.8250038
91.4 3.8250277
91.41 3.8250755
91.42 3.8250994
91.43 3.8251472
91.44 3.825195
91.45 3.8252428
91.46 3.8252906
91.47 3.8253623
91.48 3.8254101
91.49 3.8254818
91.5 3.8255535
91.51 3.8256013
91.52 3.8256969
91.53 3.8257686
91.54 3.8258403
91.55 3.825912
91.56 3.8260076
91.57 3.8261032
91.58 3.8261988
91.59 3.8262944
91.6 3.82639
91.61 3.8264856
91.62 3.8265812
91.63 3.8267007
91.64 3.8268202
91.65 3.8269158
91.66 3.8270353
91.67 3.8271548
91.68 3.8272982
91.69 3.8274177
91.7 3.8275611
91.71 3.8276806
91.72 3.827824
91.73 3.8279674
91.74 3.8281108
91.75 3.8282542
91.76 3.8283976
91.77 3.8285649
91.78 3.8287083
91.79 3.8288756
91.8 3.8290429
91.81 3.8292102
91.82 3.8293775
91.83 3.8295448
91.84 3.829736
91.85 3.8299033
91.86 3.8300945
91.87 3.8302618
91.88 3.830453
91.89 3.8306442
91.9 3.8308593
91.91 3.8310505
91.92 3.8312417
91.93 3.8314568
91.94 3.8316719
91.95 3.8318631
91.96 3.8320782
91.97 3.8322933
91.98 3.8325323
91.99 3.8327474
92.0 3.8329625
92.01 3.8332015
92.02 3.8334405
92.03 3.8336795
92.04 3.8339185
92.05 3.8341575
92.06 3.8343965
92.07 3.8346355
92.08 3.8348984
92.09 3.8351374
92.1 3.8354003
92.11 3.8356632
92.12 3.8359261
92.13 3.836189
92.14 3.8364758
92.15 3.8367387
92.16 3.8370255
92.17 3.8372884
92.18 3.8375752
92.19 3.837862
92.2 3.8381488
92.21 3.8384356
92.22 3.8387224
92.23 3.8390331
92.24 3.8393199
92.25 3.8396306
92.26 3.8399413
92.27 3.840252
92.28 3.8405627
92.29 3.8408734
92.3 3.8411841
92.31 3.8415187
92.32 3.8418294
92.33 3.842164
92.34 3.8424986
92.35 3.8428093
92.36 3.8431439
92.37 3.8435024
92.38 3.843837
92.39 3.8441716
92.4 3.8445301
92.41 3.8448647
92.42 3.8452232
92.43 3.8455817
92.44 3.8459402
92.45 3.8462987
92.46 3.8466572
92.47 3.8470157
92.48 3.8473981
92.49 3.8477566
92.5 3.848139
92.51 3.8485214
92.52 3.8489038
92.53 3.8492862
92.54 3.8496686
92.55 3.850051
92.56 3.8504334
92.57 3.8508158
92.58 3.8512221
92.59 3.8516284
92.6 3.8520108
92.61 3.8524171
92.62 3.8528234
92.63 3.8532297
92.64 3.853636
92.65 3.8540423
92.66 3.8544486
92.67 3.8548788
92.68 3.8552851
92.69 3.8557153
92.7 3.8561216
92.71 3.8565518
92.72 3.856982
92.73 3.8574122
92.74 3.8578424
92.75 3.8582726
92.76 3.8587028
92.77 3.8591569
92.78 3.8595871
92.79 3.8600173
92.8 3.8604714
92.81 3.8609255
92.82 3.8613557
92.83 3.8618098
92.84 3.8622639
92.85 3.862718
92.86 3.8631721
92.87 3.8636262
92.88 3.8640803
92.89 3.8645583
92.9 3.8650124
92.91 3.8654665
92.92 3.8659445
92.93 3.8663986
92.94 3.8668766
92.95 3.8673546
92.96 3.8678326
92.97 3.8682867
92.98 3.8687647
92.99 3.8692427
93.0 3.8697207
93.01 3.8702226
93.02 3.8707006
93.03 3.8711786
93.04 3.8716566
93.05 3.8721585
93.06 3.8726365
93.07 3.8731384
93.08 3.8736164
93.09 3.8741183
93.1 3.8746202
93.11 3.8750982
93.12 3.8756001
93.13 3.876102
93.14 3.8766039
93.15 3.8771058
93.16 3.8776077
93.17 3.8781096
93.18 3.8786354
93.19 3.8791373
93.2 3.8796392
93.21 3.8801411
93.22 3.8806669
93.23 3.8811688
93.24 3.8816946
93.25 3.8821965
93.26 3.8827223
93.27 3.8832242
93.28 3.88375
93.29 3.8842758
93.3 3.8848016
93.31 3.8853035
93.32 3.8858293
93.33 3.8863551
93.34 3.8868809
93.35 3.8874067
93.36 3.8879325
93.37 3.8884583
93.38 3.8889841
93.39 3.8895099
93.4 3.8900357
93.41 3.8905854
93.42 3.8911112
93.43 3.891637
93.44 3.8921628
93.45 3.8927125
93.46 3.8932383
93.47 3.8937641
93.48 3.8943138
93.49 3.8948396
93.5 3.8953893
93.51 3.8959151
93.52 3.8964648
93.53 3.8969906
93.54 3.8975403
93.55 3.89809
93.56 3.8986158
93.57 3.8991655
93.58 3.8997152
93.59 3.900241
93.6 3.9007907
93.61 3.9013404
93.62 3.9018662
93.63 3.9024159
93.64 3.9029656
93.65 3.9035153
93.66 3.904065
93.67 3.9046147
93.68 3.9051405
93.69 3.9056902
93.7 3.9062399
93.71 3.9067896
93.72 3.9073393
93.73 3.907889
93.74 3.9084387
93.75 3.9089884
93.76 3.9095381
93.77 3.9100639
93.78 3.9106136
93.79 3.9111633
93.8 3.911713
93.81 3.9122627
93.82 3.9128124
93.83 3.9133621
93.84 3.9139118
93.85 3.9144615
93.86 3.9150112
93.87 3.9155609
93.88 3.9161106
93.89 3.9166603
93.9 3.91721
93.91 3.9177597
93.92 3.9183094
93.93 3.9188591
93.94 3.9194088
93.95 3.9199346
93.96 3.9204843
93.97 3.921034
93.98 3.9215837
93.99 3.9221334
94.0 3.9226831
94.01 3.9232328
94.02 3.9237586
94.03 3.9243083
94.04 3.924858
94.05 3.9254077
94.06 3.9259574
94.07 3.9264832
94.08 3.9270329
94.09 3.9275826
94.1 3.9281084
94.11 3.9286581
94.12 3.9292078
94.13 3.9297336
94.14 3.9302833
94.15 3.930833
94.16 3.9313588
94.17 3.9319085
94.18 3.9324343
94.19 3.932984
94.2 3.9335098
94.21 3.9340356
94.22 3.9345853
94.23 3.9351111
94.24 3.9356369
94.25 3.9361866
94.26 3.9367124
94.27 3.9372382
94.28 3.937764
94.29 3.9382898
94.3 3.9388395
94.31 3.9393653
94.32 3.9398911
94.33 3.9404169
94.34 3.9409427
94.35 3.9414685
94.36 3.9419704
94.37 3.9424962
94.38 3.943022
94.39 3.9435478
94.4 3.9440497
94.41 3.9445755
94.42 3.9451013
94.43 3.9456032
94.44 3.946129
94.45 3.9466309
94.46 3.9471567
94.47 3.9476586
94.48 3.9481605
94.49 3.9486624
94.5 3.9491882
94.51 3.9496901
94.52 3.950192
94.53 3.9506939
94.54 3.9511958
94.55 3.9516977
94.56 3.9521996
94.57 3.9526776
94.58 3.9531795
94.59 3.9536814
94.6 3.9541833
94.61 3.9546613
94.62 3.9551632
94.63 3.9556412
94.64 3.9561192
94.65 3.9566211
94.66 3.9570991
94.67 3.9575771
94.68 3.9580551
94.69 3.9585331
94.7 3.9590111
94.71 3.9594891
94.72 3.9599671
94.73 3.9604451
94.74 3.9608992
94.75 3.9613772
94.76 3.9618552
94.77 3.9623093
94.78 3.9627873
94.79 3.9632414
94.8 3.9636955
94.81 3.9641496
94.82 3.9646037
94.83 3.9650817
94.84 3.9655358
94.85 3.965966
94.86 3.9664201
94.87 3.9668742
94.88 3.9673283
94.89 3.9677585
94.9 3.9682126
94.91 3.9686428
94.92 3.969073
94.93 3.9695271
94.94 3.9699573
94.95 3.9703875
94.96 3.9708177
94.97 3.9712479
94.98 3.9716781
94.99 3.9721083
95.0 3.9725146
95.01 3.9729448
95.02 3.9733511
95.03 3.9737813
95.04 3.9741876
95.05 3.9745939
95.06 3.9750002
95.07 3.9754304
95.08 3.9758128
95.09 3.9762191
95.1 3.9766254
95.11 3.9770317
95.12 3.9774141
95.13 3.9778204
95.14 3.9782028
95.15 3.9786091
95.16 3.9789915
95.17 3.9793739
95.18 3.9797563
95.19 3.9801387
95.2 3.9805211
95.21 3.9809035
95.22 3.981262
95.23 3.9816444
95.24 3.9820029
95.25 3.9823614
95.26 3.9827438
95.27 3.9831023
95.28 3.9834608
95.29 3.9838193
95.3 3.9841778
95.31 3.9845124
95.32 3.9848709
95.33 3.9852055
95.34 3.985564
95.35 3.9858986
95.36 3.9862332
95.37 3.9865678
95.38 3.9869024
95.39 3.987237
95.4 3.9875716
95.41 3.9878823
95.42 3.9882169
95.43 3.9885276
95.44 3.9888622
95.45 3.9891729
95.46 3.9894836
95.47 3.9897943
95.48 3.990105
95.49 3.9903918
95.5 3.9907025
95.51 3.9910132
95.52 3.9913
95.53 3.9915868
95.54 3.9918736
95.55 3.9921604
95.56 3.9924472
95.57 3.992734
95.58 3.9930208
95.59 3.9932837
95.6 3.9935466
95.61 3.9938334
95.62 3.9940963
95.63 3.9943592
95.64 3.9946221
95.65 3.994885
95.66 3.995124
95.67 3.9953869
95.68 3.9956259
95.69 3.9958649
95.7 3.9961278
95.71 3.9963668
95.72 3.9965819
95.73 3.9968209
95.74 3.9970599
95.75 3.997275
95.76 3.997514
95.77 3.9977291
95.78 3.9979442
95.79 3.9981593
95.8 3.9983744
95.81 3.9985656
95.82 3.9987807
95.83 3.9989719
95.84 3.999187
95.85 3.9993782
95.86 3.9995694
95.87 3.9997606
95.88 3.9999279
95.89 4.0001191
95.9 4.0002864
95.91 4.0004776
95.92 4.0006449
95.93 4.0008122
95.94 4.0009795
95.95 4.0011229
95.96 4.0012902
95.97 4.0014336
95.98 4.0016009
95.99 4.0017443
96.0 4.0018877
96.01 4.0020072
96.02 4.0021506
96.03 4.002294
96.04 4.0024135
96.05 4.002533
96.06 4.0026525
96.07 4.002772
96.08 4.0028915
96.09 4.003011
96.1 4.0031066
96.11 4.0032022
96.12 4.0033217
96.13 4.0034173
96.14 4.003489
96.15 4.0035846
96.16 4.0036802
96.17 4.0037519
96.18 4.0038236
96.19 4.0038953
96.2 4.003967
96.21 4.0040387
96.22 4.0041104
96.23 4.0041582
96.24 4.004206
96.25 4.0042538
96.26 4.0043016
96.27 4.0043494
96.28 4.0043972
96.29 4.0044211
96.3 4.004445
96.31 4.0044689
96.32 4.0044928
96.33 4.0045167
96.34 4.0045406
96.35 4.0045406
96.36 4.0045406
96.37 4.0045406
96.38 4.0045406
96.39 4.0045406
96.4 4.0045406
96.41 4.0045167
96.42 4.0044928
96.43 4.0044689
96.44 4.004445
96.45 4.0044211
96.46 4.0043733
96.47 4.0043494
96.48 4.0043016
96.49 4.0042538
96.5 4.004206
96.51 4.0041343
96.52 4.0040865
96.53 4.0040148
96.54 4.0039431
96.55 4.0038714
96.56 4.0037997
96.57 4.0037041
96.58 4.0036324
96.59 4.0035368
96.6 4.0034412
96.61 4.0033456
96.62 4.0032261
96.63 4.0031305
96.64 4.003011
96.65 4.0028915
96.66 4.002772
96.67 4.0026286
96.68 4.0025091
96.69 4.0023657
96.7 4.0022223
96.71 4.0020789
96.72 4.0019355
96.73 4.0017682
96.74 4.0016248
96.75 4.0014575
96.76 4.0012902
96.77 4.0011229
96.78 4.0009317
96.79 4.0007644
96.8 4.0005732
96.81 4.000382
96.82 4.0001669
96.83 3.9999757
96.84 3.9997606
96.85 3.9995694
96.86 3.9993543
96.87 3.9991153
96.88 3.9989002
96.89 3.9986612
96.9 3.9984222
96.91 3.9981832
96.92 3.9979442
96.93 3.9977052
96.94 3.9974423
96.95 3.9971794
96.96 3.9969165
96.97 3.9966536
96.98 3.9963668
96.99 3.9961039
97.0 3.9958171
97.01 3.9955303
97.02 3.9952196
97.03 3.9949328
97.04 3.9946221
97.05 3.9943114
97.06 3.9940007
97.07 3.99369
97.08 3.9933554
97.09 3.9930208
97.1 3.9927101
97.11 3.9923516
97.12 3.992017
97.13 3.9916585
97.14 3.9913239
97.15 3.9909654
97.16 3.9906069
97.17 3.9902245
97.18 3.989866
97.19 3.9894836
97.2 3.9891012
97.21 3.9887188
97.22 3.9883125
97.23 3.9879301
97.24 3.9875238
97.25 3.9871175
97.26 3.9867112
97.27 3.986281
97.28 3.9858747
97.29 3.9854445
97.3 3.9850143
97.31 3.9845841
97.32 3.98413
97.33 3.9836998
97.34 3.9832457
97.35 3.9827916
97.36 3.9823375
97.37 3.9818595
97.38 3.9813815
97.39 3.9809274
97.4 3.9804494
97.41 3.9799475
97.42 3.9794695
97.43 3.9789676
97.44 3.9784657
97.45 3.9779638
97.46 3.9774619
97.47 3.97696
97.48 3.9764342
97.49 3.9759084
97.5 3.9753826
97.51 3.9748568
97.52 3.9743071
97.53 3.9737813
97.54 3.9732316
97.55 3.9726819
97.56 3.9721083
97.57 3.9715586
97.58 3.970985
97.59 3.9704114
97.6 3.9698378
97.61 3.9692642
97.62 3.9686667
97.63 3.9680931
97.64 3.9674956
97.65 3.9668981
97.66 3.9662767
97.67 3.9656792
97.68 3.9650578
97.69 3.9644364
97.7 3.963815
97.71 3.9631936
97.72 3.9625722
97.73 3.9619269
97.74 3.9612816
97.75 3.9606363
97.76 3.959991
97.77 3.9593218
97.78 3.9586526
97.79 3.9579834
97.8 3.9573142
97.81 3.956645
97.82 3.9559758
97.83 3.9552827
97.84 3.9545896
97.85 3.9538965
97.86 3.9532034
97.87 3.9524864
97.88 3.9517933
97.89 3.9510763
97.9 3.9503593
97.91 3.9496184
97.92 3.9489014
97.93 3.9481605
97.94 3.9474435
97.95 3.9467026
97.96 3.9459378
97.97 3.9451969
97.98 3.9444321
97.99 3.9436673
98.0 3.9429025
98.01 3.9421377
98.02 3.9413729
98.03 3.9405842
98.04 3.9397955
98.05 3.9390307
98.06 3.9382181
98.07 3.9374294
98.08 3.9366168
98.09 3.9358281
98.1 3.9350155
98.11 3.9342029
98.12 3.9333664
98.13 3.9325538
98.14 3.9317173
98.15 3.9308808
98.16 3.9300443
98.17 3.9292078
98.18 3.9283474
98.19 3.9275109
98.2 3.9266505
98.21 3.9257901
98.22 3.9249297
98.23 3.9240454
98.24 3.923185
98.25 3.9223007
98.26 3.9214164
98.27 3.9205321
98.28 3.9196239
98.29 3.9187396
98.3 3.9178314
98.31 3.9169232
98.32 3.916015
98.33 3.9151068
98.34 3.9141747
98.35 3.9132665
98.36 3.9123344
98.37 3.9114023
98.38 3.9104702
98.39 3.9095142
98.4 3.9085821
98.41 3.9076261
98.42 3.9066701
98.43 3.9057141
98.44 3.9047342
98.45 3.9037782
98.46 3.9027983
98.47 3.9018184
98.48 3.9008385
98.49 3.8998586
98.5 3.8988548
98.51 3.8978749
98.52 3.8968711
98.53 3.8958673
98.54 3.8948635
98.55 3.8938358
98.56 3.892832
98.57 3.8918043
98.58 3.8907766
98.59 3.8897489
98.6 3.8887212
98.61 3.8876696
98.62 3.8866419
98.63 3.8855903
98.64 3.8845387
98.65 3.8834871
98.66 3.8824116
98.67 3.88136
98.68 3.8802845
98.69 3.879209
98.7 3.8781335
98.71 3.877058
98.72 3.8759825
98.73 3.8748831
98.74 3.8737837
98.75 3.8726843
98.76 3.8715849
98.77 3.8704855
98.78 3.8693622
98.79 3.8682389
98.8 3.8671395
98.81 3.8660162
98.82 3.864869
98.83 3.8637457
98.84 3.8625985
98.85 3.8614752
98.86 3.860328
98.87 3.8591808
98.88 3.8580097
98.89 3.8568625
98.9 3.8556914
98.91 3.8545203
98.92 3.8533492
98.93 3.8521781
98.94 3.851007
98.95 3.849812
98.96 3.8486409
98.97 3.8474459
98.98 3.8462509
98.99 3.8450559
99.0 3.843837
99.01 3.842642
99.02 3.8414231
99.03 3.8402042
99.04 3.8389853
99.05 3.8377664
99.06 3.8365236
99.07 3.8353047
99.08 3.8340619
99.09 3.8328191
99.1 3.8315763
99.11 3.8303335
99.12 3.8290668
99.13 3.827824
99.14 3.8265573
99.15 3.8252906
99.16 3.8240239
99.17 3.8227333
99.18 3.8214666
99.19 3.820176
99.2 3.8188854
99.21 3.8175948
99.22 3.8163042
99.23 3.8150136
99.24 3.8136991
99.25 3.8124085
99.26 3.811094
99.27 3.8097795
99.28 3.808465
99.29 3.8071266
99.3 3.8058121
99.31 3.8044737
99.32 3.8031353
99.33 3.8017969
99.34 3.8004585
99.35 3.7991201
99.36 3.7977578
99.37 3.7964194
99.38 3.7950571
99.39 3.7936948
99.4 3.7923325
99.41 3.7909463
99.42 3.789584
99.43 3.7881978
99.44 3.7868116
99.45 3.7854254
99.46 3.7840392
99.47 3.782653
99.48 3.7812429
99.49 3.7798567
99.5 3.7784466
99.51 3.7770365
99.52 3.7756264
99.53 3.7741924
99.54 3.7727823
99.55 3.7713483
99.56 3.7699382
99.57 3.7685042
99.58 3.7670463
99.59 3.7656123
99.6 3.7641783
99.61 3.7627204
99.62 3.7612625
99.63 3.7598046
99.64 3.7583467
99.65 3.7568888
99.66 3.7554309
99.67 3.7539491
99.68 3.7524673
99.69 3.7510094
99.7 3.7495037
99.71 3.7480219
99.72 3.7465401
99.73 3.7450344
99.74 3.7435526
99.75 3.7420469
99.76 3.7405412
99.77 3.7390355
99.78 3.7375059
99.79 3.7360002
99.8 3.7344706
99.81 3.732941
99.82 3.7314114
99.83 3.7298818
99.84 3.7283522
99.85 3.7268226
99.86 3.7252691
99.87 3.7237156
99.88 3.7221621
99.89 3.7206086
99.9 3.7190551
99.91 3.7175016
99.92 3.7159242
99.93 3.7143707
99.94 3.7127933
99.95 3.7112159
99.96 3.7096385
99.97 3.7080372
99.98 3.7064598
99.99 3.7048585
100.0 3.7032811
100.01 3.7016798
100.02 3.7000785
100.03 3.6984772
100.04 3.696852
100.05 3.6952507
100.06 3.6936255
100.07 3.6920003
100.08 3.6903751
100.09 3.6887499
100.1 3.6871247
100.11 3.6854756
100.12 3.6838504
100.13 3.6822013
100.14 3.6805522
100.15 3.6789031
100.16 3.677254
100.17 3.6756049
100.18 3.6739319
100.19 3.6722828
100.2 3.6706098
100.21 3.6689368
100.22 3.6672638
100.23 3.6655908
100.24 3.6638939
100.25 3.6622209
100.26 3.660524
100.27 3.6588271
100.28 3.6571302
100.29 3.6554333
100.3 3.6537364
100.31 3.6520156
100.32 3.6503187
100.33 3.6485979
100.34 3.6468771
100.35 3.6451563
100.36 3.6434355
100.37 3.6417147
100.38 3.63997
100.39 3.6382492
100.4 3.6365045
100.41 3.6347598
100.42 3.6330151
100.43 3.6312704
100.44 3.6295257
100.45 3.6277571
100.46 3.6260124
100.47 3.6242438
100.48 3.6224752
100.49 3.6207066
100.5 3.618938
100.51 3.6171455
100.52 3.6153769
100.53 3.6135844
100.54 3.6118158
100.55 3.6100233
100.56 3.6082308
100.57 3.6064383
100.58 3.6046219
100.59 3.6028294
100.6 3.601013
100.61 3.5991966
100.62 3.5974041
100.63 3.5955877
100.64 3.5937474
100.65 3.591931
100.66 3.5901146
100.67 3.5882743
100.68 3.586434
100.69 3.5845937
100.7 3.5827534
100.71 3.5809131
100.72 3.5790728
100.73 3.5772325
100.74 3.5753683
100.75 3.5735041
100.76 3.5716638
100.77 3.5697996
100.78 3.5679115
100.79 3.5660473
100.8 3.5641831
100.81 3.562295
100.82 3.5604308
100.83 3.5585427
100.84 3.5566546
100.85 3.5547665
100.86 3.5528784
100.87 3.5509903
100.88 3.5490783
100.89 3.5471902
100.9 3.5452782
100.91 3.5433662
100.92 3.5414542
100.93 3.5395422
100.94 3.5376302
100.95 3.5357182
100.96 3.5337823
100.97 3.5318464
100.98 3.5299344
100.99 3.5279985
101.0 3.5260626
101.01 3.5241267
101.02 3.5221908
101.03 3.520231
101.04 3.5182951
101.05 3.5163353
101.06 3.5143994
101.07 3.5124396
101.08 3.5104798
101.09 3.50852
101.1 3.5065602
101.11 3.5045765
101.12 3.5026167
101.13 3.500633
101.14 3.4986732
101.15 3.4966895
101.16 3.4947058
101.17 3.4927221
101.18 3.4907384
101.19 3.4887547
101.2 3.4867471
101.21 3.4847634
101.22 3.4827558
101.23 3.4807721
101.24 3.4787645
101.25 3.4767569
101.26 3.4747493
101.27 3.4727417
101.28 3.4707102
101.29 3.4687026
101.3 3.466695
101.31 3.4646635
101.32 3.462632
101.33 3.4606244
101.34 3.4585929
101.35 3.4565614
101.36 3.454506
101.37 3.4524745
101.38 3.450443
101.39 3.4483876
101.4 3.4463561
101.41 3.4443007
101.42 3.4422453
101.43 3.4402138
101.44 3.4381584
101.45 3.436103
101.46 3.4340237
101.47 3.4319683
101.48 3.4299129
101.49 3.4278336
101.5 3.4257782
101.51 3.4236989
101.52 3.4216196
101.53 3.4195403
101.54 3.417461
101.55 3.4153817
101.56 3.4133024
101.57 3.4112231
101.58 3.4091199
101.59 3.4070406
101.6 3.4049374
101.61 3.4028581
101.62 3.4007549
101.63 3.3986517
101.64 3.3965485
101.65 3.3944453
101.66 3.3923421
101.67 3.3902389
101.68 3.3881118
101.69 3.3860086
101.7 3.3839054
101.71 3.3817783
101.72 3.3796512
101.73 3.377548
101.74 3.3754209
101.75 3.3732938
101.76 3.3711667
101.77 3.3690396
101.78 3.3669125
101.79 3.3647615
101.8 3.3626344
101.81 3.3605073
101.82 3.3583563
101.83 3.3562292
101.84 3.3540782
101.85 3.3519272
101.86 3.3497762
101.87 3.3476252
101.88 3.3454742
101.89 3.3433232
101.9 3.3411722
101.91 3.3390212
101.92 3.3368702
101.93 3.3346953
101.94 3.3325443
101.95 3.3303694
101.96 3.3282184
101.97 3.3260435
101.98 3.3238686
101.99 3.3217176
102.0 3.3195427
102.01 3.3173678
102.02 3.3151929
102.03 3.313018
102.04 3.3108431
102.05 3.3086443
102.06 3.3064694
102.07 3.3042945
102.08 3.3020957
102.09 3.2999208
102.1 3.297722
102.11 3.2955471
102.12 3.2933483
102.13 3.2911495
102.14 3.2889507
102.15 3.2867758
102.16 3.284577
102.17 3.2823782
102.18 3.2801794
102.19 3.2779567
102.2 3.2757579
102.21 3.2735591
102.22 3.2713603
102.23 3.2691376
102.24 3.2669388
102.25 3.26474
102.26 3.2625173
102.27 3.2603185
102.28 3.2580958
102.29 3.2558731
102.3 3.2536743
102.31 3.2514516
102.32 3.2492289
102.33 3.2470062
102.34 3.2447835
102.35 3.2425608
102.36 3.2403381
102.37 3.2381154
102.38 3.2358927
102.39 3.23367
102.4 3.2314473
102.41 3.2292007
102.42 3.226978
102.43 3.2247553
102.44 3.2225087
102.45 3.220286
102.46 3.2180633
102.47 3.2158167
102.48 3.213594
102.49 3.2113474
102.5 3.2091008
102.51 3.2068781
102.52 3.2046315
102.53 3.2023849
102.54 3.2001383
102.55 3.1979156
102.56 3.195669
102.57 3.1934224
102.58 3.1911758
102.59 3.1889292
102.6 3.1866826
102.61 3.184436
102.62 3.1821894
102.63 3.1799428
102.64 3.1776962
102.65 3.1754257
102.66 3.1731791
102.67 3.1709325
102.68 3.1686859
102.69 3.1664154
102.7 3.1641688
102.71 3.1619222
102.72 3.1596517
102.73 3.1574051
102.74 3.1551585
102.75 3.152888
102.76 3.1506414
102.77 3.1483709
102.78 3.1461243
102.79 3.1438538
102.8 3.1416072
102.81 3.1393367
102.82 3.1370662
102.83 3.1348196
102.84 3.1325491
102.85 3.1302786
102.86 3.128032
102.87 3.1257615
102.88 3.123491
102.89 3.1212444
102.9 3.1189739
102.91 3.1167034
102.92 3.1144329
102.93 3.1121863
102.94 3.1099158
102.95 3.1076453
102.96 3.1053748
102.97 3.1031043
102.98 3.1008338
102.99 3.0985872
103.0 3.0963167
103.01 3.0940462
103.02 3.0917757
103.03 3.0895052
103.04 3.0872347
103.05 3.0849642
103.06 3.0826937
103.07 3.0804232
103.08 3.0781766
103.09 3.0759061
103.1 3.0736356
103.11 3.0713651
103.12 3.0690946
103.13 3.0668241
103.14 3.0645536
103.15 3.0622831
103.16 3.0600126
103.17 3.0577421
103.18 3.0554716
103.19 3.0532011
103.2 3.0509306
103.21 3.0486601
103.22 3.0463896
103.23 3.044143
103.24 3.0418725
103.25 3.039602
103.26 3.0373315
103.27 3.035061
103.28 3.0327905
103.29 3.03052
103.3 3.0282495
103.31 3.025979
103.32 3.0237324
103.33 3.0214619
103.34 3.0191914
103.35 3.0169209
103.36 3.0146504
103.37 3.0123799
103.38 3.0101333
103.39 3.0078628
103.4 3.0055923
103.41 3.0033218
103.42 3.0010752
103.43 2.9988047
103.44 2.9965342
103.45 2.9942876
103.46 2.9920171
103.47 2.9897466
103.48 2.9875
103.49 2.9852295
103.5 2.982959
103.51 2.9807124
103.52 2.9784419
103.53 2.9761953
103.54 2.9739248
103.55 2.9716782
103.56 2.9694316
103.57 2.9671611
103.58 2.9649145
103.59 2.962644
103.6 2.9603974
103.61 2.9581508
103.62 2.9558803
103.63 2.9536337
103.64 2.9513871
103.65 2.9491405
103.66 2.9468939
103.67 2.9446473
103.68 2.9423768
103.69 2.9401302
103.7 2.9378836
103.71 2.935637
103.72 2.9333904
103.73 2.9311438
103.74 2.9289211
103.75 2.9266745
103.76 2.9244279
103.77 2.9221813
103.78 2.9199347
103.79 2.917712
103.8 2.9154654
103.81 2.9132188
103.82 2.9109961
103.83 2.9087495
103.84 2.9065268
103.85 2.9042802
103.86 2.9020575
103.87 2.8998109
103.88 2.8975882
103.89 2.8953655
103.9 2.8931189
103.91 2.8908962
103.92 2.8886735
103.93 2.8864508
103.94 2.8842281
103.95 2.8820054
103.96 2.8797827
103.97 2.87756
103.98 2.8753373
103.99 2.8731146
104.0 2.8708919
104.01 2.8686692
104.02 2.8664465
104.03 2.8642477
104.04 2.862025
104.05 2.8598023
104.06 2.8576035
104.07 2.8553808
104.08 2.853182
104.09 2.8509593
104.1 2.8487605
104.11 2.8465617
104.12 2.844339
104.13 2.8421402
104.14 2.8399414
104.15 2.8377426
104.16 2.8355438
104.17 2.833345
104.18 2.8311462
104.19 2.8289474
104.2 2.8267486
104.21 2.8245498
104.22 2.822351
104.23 2.8201522
104.24 2.8179773
104.25 2.8157785
104.26 2.8135797
104.27 2.8114048
104.28 2.809206
104.29 2.8070311
104.3 2.8048323
104.31 2.8026574
104.32 2.8004825
104.33 2.7983076
104.34 2.7961088
104.35 2.7939339
104.36 2.791759
104.37 2.7895841
104.38 2.7874092
104.39 2.7852343
104.4 2.7830833
104.41 2.7809084
104.42 2.7787335
104.43 2.7765586
104.44 2.7744076
104.45 2.7722327
104.46 2.7700817
104.47 2.7679068
104.48 2.7657558
104.49 2.7636048
104.5 2.7614538
104.51 2.7592789
104.52 2.7571279
104.53 2.7549769
104.54 2.7528259
104.55 2.7506749
104.56 2.7485239
104.57 2.7463968
104.58 2.7442458
104.59 2.7420948
104.6 2.7399438
104.61 2.7378167
104.62 2.7356657
104.63 2.7335386
104.64 2.7314115
104.65 2.7292605
104.66 2.7271334
104.67 2.7250063
104.68 2.7228792
104.69 2.7207521
104.7 2.718625
104.71 2.7164979
104.72 2.7143708
104.73 2.7122437
104.74 2.7101166
104.75 2.7080134
104.76 2.7058863
104.77 2.7037831
104.78 2.701656
104.79 2.6995528
104.8 2.6974496
104.81 2.6953225
104.82 2.6932193
104.83 2.6911161
104.84 2.6890129
104.85 2.6869097
104.86 2.6848065
104.87 2.6827272
104.88 2.680624
104.89 2.6785208
104.9 2.6764415
104.91 2.6743383
104.92 2.672259
104.93 2.6701558
104.94 2.6680765
104.95 2.6659972
104.96 2.6639179
104.97 2.6618386
104.98 2.6597593
104.99 2.65768
105.0 2.6556007
105.01 2.6535214
105.02 2.651466
105.03 2.6493867
105.04 2.6473074
105.05 2.645252
105.06 2.6431966
105.07 2.6411173
105.08 2.6390619
105.09 2.6370065
105.1 2.6349511
105.11 2.6328957
105.12 2.6308403
105.13 2.6287849
105.14 2.6267534
105.15 2.624698
105.16 2.6226426
105.17 2.6206111
105.18 2.6185557
105.19 2.6165242
105.2 2.6144927
105.21 2.6124612
105.22 2.6104297
105.23 2.6083982
105.24 2.6063667
105.25 2.6043352
105.26 2.6023037
105.27 2.6002961
105.28 2.5982646
105.29 2.5962331
105.3 2.5942255
105.31 2.5922179
105.32 2.5902103
105.33 2.5881788
105.34 2.5861712
105.35 2.5841636
105.36 2.5821799
105.37 2.5801723
105.38 2.5781647
105.39 2.5761571
105.4 2.5741734
105.41 2.5721897
105.42 2.5701821
105.43 2.5681984
105.44 2.5662147
105.45 2.564231
105.46 2.5622473
105.47 2.5602636
105.48 2.5582799
105.49 2.5562962
105.5 2.5543364
105.51 2.5523527
105.52 2.5503929
105.53 2.5484092
105.54 2.5464494
105.55 2.5444896
105.56 2.5425298
105.57 2.54057
105.58 2.5386102
105.59 2.5366504
105.6 2.5347145
105.61 2.5327547
105.62 2.5308188
105.63 2.528859
105.64 2.5269231
105.65 2.5249872
105.66 2.5230513
105.67 2.5211154
105.68 2.5191795
105.69 2.5172436
105.7 2.5153077
105.71 2.5133957
105.72 2.5114598
105.73 2.5095478
105.74 2.5076358
105.75 2.5056999
105.76 2.5037879
105.77 2.5018759
105.78 2.4999639
105.79 2.4980758
105.8 2.4961638
105.81 2.4942518
105.82 2.4923637
105.83 2.4904756
105.84 2.4885636
105.85 2.4866755
105.86 2.4847874
105.87 2.4828993
105.88 2.4810112
105.89 2.4791231
105.9 2.4772589
105.91 2.4753708
105.92 2.4735066
105.93 2.4716424
105.94 2.4697543
105.95 2.4678901
105.96 2.4660259
105.97 2.4641617
105.98 2.4622975
105.99 2.4604572
106.0 2.458593
106.01 2.4567527
106.02 2.4548885
106.03 2.4530482
106.04 2.4512079
106.05 2.4493676
106.06 2.4475273
106.07 2.445687
106.08 2.4438467
106.09 2.4420303
106.1 2.44019
106.11 2.4383736
106.12 2.4365572
106.13 2.4347408
106.14 2.4329244
106.15 2.431108
106.16 2.4292916
106.17 2.4274752
106.18 2.4256827
106.19 2.4238663
106.2 2.4220738
106.21 2.4202813
106.22 2.4184888
106.23 2.4166963
106.24 2.4149038
106.25 2.4131113
106.26 2.4113188
106.27 2.4095502
106.28 2.4077577
106.29 2.4059891
106.3 2.4042205
106.31 2.4024519
106.32 2.4006833
106.33 2.3989147
106.34 2.3971461
106.35 2.3953775
106.36 2.3936328
106.37 2.3918642
106.38 2.3901195
106.39 2.3883748
106.4 2.3866301
106.41 2.3848854
106.42 2.3831407
106.43 2.381396
106.44 2.3796752
106.45 2.3779305
106.46 2.3762097
106.47 2.374465
106.48 2.3727442
106.49 2.3710234
106.5 2.3693026
106.51 2.3676057
106.52 2.3658849
106.53 2.3641641
106.54 2.3624672
106.55 2.3607464
106.56 2.3590495
106.57 2.3573526
106.58 2.3556557
106.59 2.3539588
106.6 2.3522619
106.61 2.350565
106.62 2.348892
106.63 2.3471951
106.64 2.3455221
106.65 2.3438491
106.66 2.3421761
106.67 2.3405031
106.68 2.3388301
106.69 2.3371571
106.7 2.3354841
106.71 2.333835
106.72 2.332162
106.73 2.3305129
106.74 2.3288638
106.75 2.3272147
106.76 2.3255656
106.77 2.3239165
106.78 2.3222674
106.79 2.3206183
106.8 2.3189931
106.81 2.317344
106.82 2.3157188
106.83 2.3140936
106.84 2.3124684
106.85 2.3108432
106.86 2.309218
106.87 2.3075928
106.88 2.3059676
106.89 2.3043663
106.9 2.3027411
106.91 2.3011398
106.92 2.2995385
106.93 2.2979372
106.94 2.2963359
106.95 2.2947346
106.96 2.2931333
106.97 2.2915559
106.98 2.2899546
106.99 2.2883772
107.0 2.2867759
107.01 2.2851985
107.02 2.2836211
107.03 2.2820437
107.04 2.2804663
107.05 2.2789128
107.06 2.2773354
107.07 2.275758
107.08 2.2742045
107.09 2.272651
107.1 2.2710975
107.11 2.2695201
107.12 2.2679905
107.13 2.266437
107.14 2.2648835
107.15 2.26333
107.16 2.2618004
107.17 2.2602708
107.18 2.2587173
107.19 2.2571877
107.2 2.2556581
107.21 2.2541285
107.22 2.2525989
107.23 2.2510932
107.24 2.2495636
107.25 2.2480579
107.26 2.2465283
107.27 2.2450226
107.28 2.2435169
107.29 2.2420112
107.3 2.2405055
107.31 2.2389998
107.32 2.2374941
107.33 2.2360123
107.34 2.2345066
107.35 2.2330248
107.36 2.231543
107.37 2.2300612
107.38 2.2285794
107.39 2.2270976
107.4 2.2256158
107.41 2.224134
107.42 2.2226761
107.43 2.2211943
107.44 2.2197364
107.45 2.2182785
107.46 2.2168206
107.47 2.2153627
107.48 2.2139048
107.49 2.2124469
107.5 2.210989
107.51 2.209555
107.52 2.2080971
107.53 2.2066631
107.54 2.2052291
107.55 2.2037951
107.56 2.2023611
107.57 2.2009271
107.58 2.1994931
107.59 2.1980591
107.6 2.196649
107.61 2.195215
107.62 2.1938049
107.63 2.1923948
107.64 2.1909847
107.65 2.1895746
107.66 2.1881645
107.67 2.1867544
107.68 2.1853682
107.69 2.1839581
107.7 2.1825719
107.71 2.1811618
107.72 2.1797756
107.73 2.1783894
107.74 2.1770032
107.75 2.175617
107.76 2.1742547
107.77 2.1728685
107.78 2.1714823
107.79 2.17012
107.8 2.1687577
107.81 2.1673954
107.82 2.1660331
107.83 2.1646708
107.84 2.1633085
107.85 2.1619462
107.86 2.1605839
107.87 2.1592455
107.88 2.1579071
107.89 2.1565448
107.9 2.1552064
107.91 2.153868
107.92 2.1525296
107.93 2.1511912
107.94 2.1498767
107.95 2.1485383
107.96 2.1472238
107.97 2.1458854
107.98 2.1445709
107.99 2.1432564
108.0 2.1419419
108.01 2.1406274
108.02 2.1393129
108.03 2.1379984
108.04 2.1367078
108.05 2.1353933
108.06 2.1341027
108.07 2.1328121
108.08 2.1315215
108.09 2.1302309
108.1 2.1289403
108.11 2.1276497
108.12 2.1263591
108.13 2.1250924
108.14 2.1238018
108.15 2.1225351
108.16 2.1212684
108.17 2.1200017
108.18 2.118735
108.19 2.1174683
108.2 2.1162016
108.21 2.1149349
108.22 2.1136921
108.23 2.1124254
108.24 2.1111826
108.25 2.1099398
108.26 2.108697
108.27 2.1074542
108.28 2.1062114
108.29 2.1049686
108.3 2.1037258
108.31 2.1025069
108.32 2.101288
108.33 2.1000452
108.34 2.0988263
108.35 2.0976074
108.36 2.0963885
108.37 2.0951696
108.38 2.0939507
108.39 2.0927557
108.4 2.0915368
108.41 2.0903418
108.42 2.0891468
108.43 2.0879279
108.44 2.0867329
108.45 2.0855379
108.46 2.0843429
108.47 2.0831718
108.48 2.0819768
108.49 2.0808057
108.5 2.0796107
108.51 2.0784396
108.52 2.0772685
108.53 2.0760974
108.54 2.0749263
108.55 2.0737552
108.56 2.0725841
108.57 2.0714369
108.58 2.0702658
108.59 2.0691186
108.6 2.0679714
108.61 2.0668003
108.62 2.0656531
108.63 2.0645059
108.64 2.0633826
108.65 2.0622354
108.66 2.0610882
108.67 2.0599649
108.68 2.0588177
108.69 2.0576944
108.7 2.0565711
108.71 2.0554478
108.72 2.0543245
108.73 2.0532012
108.74 2.0521018
108.75 2.0509785
108.76 2.0498791
108.77 2.0487558
108.78 2.0476564
108.79 2.046557
108.8 2.0454576
108.81 2.0443582
108.82 2.0432588
108.83 2.0421833
108.84 2.0410839
108.85 2.0400084
108.86 2.038909
108.87 2.0378335
108.88 2.036758
108.89 2.0356825
108.9 2.034607
108.91 2.0335315
108.92 2.0324799
108.93 2.0314044
108.94 2.0303528
108.95 2.0292773
108.96 2.0282257
108.97 2.0271741
108.98 2.0261225
108.99 2.0250709
109.0 2.0240193
109.01 2.0229916
109.02 2.02194
109.03 2.0209123
109.04 2.0198607
109.05 2.018833
109.06 2.0178053
109.07 2.0167776
109.08 2.0157499
109.09 2.0147461
109.1 2.0137184
109.11 2.0126907
109.12 2.0116869
109.13 2.0106831
109.14 2.0096793
109.15 2.0086755
109.16 2.0076717
109.17 2.0066679
109.18 2.0056641
109.19 2.0046603
109.2 2.0036804
109.21 2.0026766
109.22 2.0016967
109.23 2.0007168
109.24 1.9997369
109.25 1.998757
109.26 1.9977771
109.27 1.9967972
109.28 1.9958412
109.29 1.9948613
109.3 1.9939053
109.31 1.9929493
109.32 1.9919933
109.33 1.9910373
109.34 1.9900813
109.35 1.9891253
109.36 1.9881693
109.37 1.9872372
109.38 1.9862812
109.39 1.9853491
109.4 1.9843931
109.41 1.983461
109.42 1.9825289
109.43 1.9815968
109.44 1.9806886
109.45 1.9797565
109.46 1.9788244
109.47 1.9779162
109.48 1.9769841
109.49 1.9760759
109.5 1.9751677
109.51 1.9742595
109.52 1.9733513
109.53 1.9724431
109.54 1.9715588
109.55 1.9706506
109.56 1.9697663
109.57 1.9688581
109.58 1.9679738
109.59 1.9670895
109.6 1.9662052
109.61 1.9653209
109.62 1.9644366
109.63 1.9635762
109.64 1.9626919
109.65 1.9618315
109.66 1.9609472
109.67 1.9600868
109.68 1.9592264
109.69 1.958366
109.7 1.9575056
109.71 1.9566452
109.72 1.9558087
109.73 1.9549483
109.74 1.9541118
109.75 1.9532753
109.76 1.9524149
109.77 1.9515784
109.78 1.9507419
109.79 1.9499054
109.8 1.9490928
109.81 1.9482563
109.82 1.9474437
109.83 1.9466072
109.84 1.9457946
109.85 1.944982
109.86 1.9441694
109.87 1.9433568
109.88 1.9425442
109.89 1.9417316
109.9 1.940919
109.91 1.9401303
109.92 1.9393416
109.93 1.938529
109.94 1.9377403
109.95 1.9369516
109.96 1.9361629
109.97 1.9353742
109.98 1.9346094
109.99 1.9338207
110.0 1.933032
110.01 1.9322672
110.02 1.9315024
110.03 1.9307376
110.04 1.9299489
110.05 1.929208
110.06 1.9284432
110.07 1.9276784
110.08 1.9269136
110.09 1.9261727
110.1 1.9254079
110.11 1.924667
110.12 1.9239261
110.13 1.9231852
110.14 1.9224443
110.15 1.9217034
110.16 1.9209625
110.17 1.9202455
110.18 1.9195046
110.19 1.9187876
110.2 1.9180706
110.21 1.9173297
110.22 1.9166127
110.23 1.9158957
110.24 1.9152026
110.25 1.9144856
110.26 1.9137686
110.27 1.9130755
110.28 1.9123585
110.29 1.9116654
110.3 1.9109723
110.31 1.9102792
110.32 1.9095861
110.33 1.908893
110.34 1.9081999
110.35 1.9075068
110.36 1.9068376
110.37 1.9061445
110.38 1.9054753
110.39 1.9048061
110.4 1.9041369
110.41 1.9034677
110.42 1.9027985
110.43 1.9021293
110.44 1.9014601
110.45 1.9008148
110.46 1.9001456
110.47 1.8995003
110.48 1.898855
110.49 1.8981858
110.5 1.8975405
110.51 1.8969191
110.52 1.8962738
110.53 1.8956285
110.54 1.8949832
110.55 1.8943618
110.56 1.8937165
110.57 1.8930951
110.58 1.8924737
110.59 1.8918523
110.6 1.8912309
110.61 1.8906095
110.62 1.8899881
110.63 1.8893906
110.64 1.8887692
110.65 1.8881717
110.66 1.8875503
110.67 1.8869528
110.68 1.8863553
110.69 1.8857578
110.7 1.8851603
110.71 1.8845628
110.72 1.8839892
110.73 1.8833917
110.74 1.8828181
110.75 1.8822206
110.76 1.881647
110.77 1.8810734
110.78 1.8804998
110.79 1.8799262
110.8 1.8793526
110.81 1.878779
110.82 1.8782054
110.83 1.8776557
110.84 1.877106
110.85 1.8765324
110.86 1.8759827
110.87 1.875433
110.88 1.8748833
110.89 1.8743336
110.9 1.8737839
110.91 1.8732342
110.92 1.8727084
110.93 1.8721587
110.94 1.8716329
110.95 1.8711071
110.96 1.8705574
110.97 1.8700316
110.98 1.8695058
110.99 1.86898
111.0 1.8684781
111.01 1.8679523
111.02 1.8674265
111.03 1.8669246
111.04 1.8663988
111.05 1.8658969
111.06 1.865395
111.07 1.8648931
111.08 1.8643912
111.09 1.8638893
111.1 1.8633874
111.11 1.8629094
111.12 1.8624075
111.13 1.8619295
111.14 1.8614276
111.15 1.8609496
111.16 1.8604716
111.17 1.8599936
111.18 1.8595156
111.19 1.8590376
111.2 1.8585596
111.21 1.8580816
111.22 1.8576275
111.23 1.8571495
111.24 1.8566954
111.25 1.8562413
111.26 1.8557633
111.27 1.8553092
111.28 1.8548551
111.29 1.854401
111.3 1.8539708
111.31 1.8535167
111.32 1.8530626
111.33 1.8526324
111.34 1.8521783
111.35 1.8517481
111.36 1.8513179
111.37 1.8508877
111.38 1.8504575
111.39 1.8500273
111.4 1.8495971
111.41 1.8491669
111.42 1.8487606
111.43 1.8483304
111.44 1.8479241
111.45 1.8474939
111.46 1.8470876
111.47 1.8466813
111.48 1.846275
111.49 1.8458687
111.5 1.8454624
111.51 1.8450561
111.52 1.8446498
111.53 1.8442674
111.54 1.8438611
111.55 1.8434787
111.56 1.8430963
111.57 1.84269
111.58 1.8423076
111.59 1.8419252
111.6 1.8415428
111.61 1.8411604
111.62 1.8408019
111.63 1.8404195
111.64 1.8400371
111.65 1.8396786
111.66 1.8393201
111.67 1.8389377
111.68 1.8385792
111.69 1.8382207
111.7 1.8378622
111.71 1.8375037
111.72 1.8371452
111.73 1.8367867
111.74 1.8364521
111.75 1.8360936
111.76 1.835759
111.77 1.8354005
111.78 1.8350659
111.79 1.8347313
111.8 1.8343967
111.81 1.8340621
111.82 1.8337275
111.83 1.8333929
111.84 1.8330583
111.85 1.8327476
111.86 1.832413
111.87 1.8320784
111.88 1.8317677
111.89 1.831457
111.9 1.8311463
111.91 1.8308117
111.92 1.830501
111.93 1.8301903
111.94 1.8299035
111.95 1.8295928
111.96 1.8292821
111.97 1.8289714
111.98 1.8286846
111.99 1.8283739
112.0 1.8280871
112.01 1.8278003
112.02 1.8275135
112.03 1.8272267
112.04 1.8269399
112.05 1.8266531
112.06 1.8263663
112.07 1.8260795
112.08 1.8258166
112.09 1.8255298
112.1 1.825243
112.11 1.8249801
112.12 1.8247172
112.13 1.8244543
112.14 1.8241675
112.15 1.8239046
112.16 1.8236417
112.17 1.8233788
112.18 1.8231398
112.19 1.8228769
112.2 1.822614
112.21 1.822375
112.22 1.8221121
112.23 1.8218731
112.24 1.8216341
112.25 1.8213712
112.26 1.8211322
112.27 1.8208932
112.28 1.8206542
112.29 1.8204152
112.3 1.8202001
112.31 1.8199611
112.32 1.8197221
112.33 1.819507
112.34 1.819268
112.35 1.8190529
112.36 1.8188139
112.37 1.8185988
112.38 1.8183837
112.39 1.8181686
112.4 1.8179535
112.41 1.8177384
112.42 1.8175233
112.43 1.8173321
112.44 1.817117
112.45 1.8169019
112.46 1.8167107
112.47 1.8164956
112.48 1.8163044
112.49 1.8161132
112.5 1.815922
112.51 1.8157308
112.52 1.8155396
112.53 1.8153484
112.54 1.8151572
112.55 1.814966
112.56 1.8147748
112.57 1.8146075
112.58 1.8144163
112.59 1.814249
112.6 1.8140578
112.61 1.8138905
112.62 1.8137232
112.63 1.8135559
112.64 1.8133647
112.65 1.8131974
112.66 1.813054
112.67 1.8128867
112.68 1.8127194
112.69 1.8125521
112.7 1.8124087
112.71 1.8122414
112.72 1.812098
112.73 1.8119307
112.74 1.8117873
112.75 1.8116439
112.76 1.8114766
112.77 1.8113332
112.78 1.8111898
112.79 1.8110464
112.8 1.8109269
112.81 1.8107835
112.82 1.8106401
112.83 1.8104967
112.84 1.8103772
112.85 1.8102338
112.86 1.8101143
112.87 1.8099948
112.88 1.8098514
112.89 1.8097319
112.9 1.8096124
112.91 1.8094929
112.92 1.8093734
112.93 1.8092539
112.94 1.8091344
112.95 1.8090388
112.96 1.8089193
112.97 1.8087998
112.98 1.8087042
112.99 1.8085847
113.0 1.8084891
113.01 1.8083935
113.02 1.808274
113.03 1.8081784
113.04 1.8080828
113.05 1.8079872
113.06 1.8078916
113.07 1.807796
113.08 1.8077004
113.09 1.8076287
113.1 1.8075331
113.11 1.8074375
113.12 1.8073658
113.13 1.8072702
113.14 1.8071985
113.15 1.8071268
113.16 1.8070312
113.17 1.8069595
113.18 1.8068878
113.19 1.8068161
113.2 1.8067444
113.21 1.8066727
113.22 1.806601
113.23 1.8065532
113.24 1.8064815
113.25 1.8064098
113.26 1.806362
113.27 1.8062903
113.28 1.8062425
113.29 1.8061708
113.3 1.806123
113.31 1.8060752
113.32 1.8060274
113.33 1.8059557
113.34 1.8059079
113.35 1.8058601
113.36 1.8058362
113.37 1.8057884
113.38 1.8057406
113.39 1.8056928
113.4 1.8056689
113.41 1.8056211
113.42 1.8055733
113.43 1.8055494
113.44 1.8055255
113.45 1.8054777
113.46 1.8054538
113.47 1.8054299
113.48 1.805406
113.49 1.8053821
113.5 1.8053582
113.51 1.8053343
113.52 1.8053104
113.53 1.8052865
113.54 1.8052626
113.55 1.8052626
113.56 1.8052387
113.57 1.8052148
113.58 1.8052148
113.59 1.8051909
113.6 1.8051909
113.61 1.8051909
113.62 1.805167
113.63 1.805167
113.64 1.805167
113.65 1.805167
113.66 1.805167
113.67 1.805167
113.68 1.805167
113.69 1.805167
113.7 1.8051909
113.71 1.8051909
113.72 1.8051909
113.73 1.8052148
113.74 1.8052148
113.75 1.8052387
113.76 1.8052387
113.77 1.8052626
113.78 1.8052626
113.79 1.8052865
113.8 1.8053104
113.81 1.8053343
113.82 1.8053582
113.83 1.8053821
113.84 1.805406
113.85 1.8054299
113.86 1.8054538
113.87 1.8054777
113.88 1.8055255
113.89 1.8055494
113.9 1.8055733
113.91 1.8056211
113.92 1.805645
113.93 1.8056928
113.94 1.8057167
113.95 1.8057645
113.96 1.8058123
113.97 1.8058601
113.98 1.805884
113.99 1.8059318
114.0 1.8059796
114.01 1.8060274
114.02 1.8060752
114.03 1.806123
114.04 1.8061947
114.05 1.8062425
114.06 1.8062903
114.07 1.8063381
114.08 1.8064098
114.09 1.8064576
114.1 1.8065293
114.11 1.8065771
114.12 1.8066488
114.13 1.8066966
114.14 1.8067683
114.15 1.80684
114.16 1.8069117
114.17 1.8069595
114.18 1.8070312
114.19 1.8071029
114.2 1.8071746
114.21 1.8072463
114.22 1.807318
114.23 1.8074136
114.24 1.8074853
114.25 1.807557
114.26 1.8076287
114.27 1.8077243
114.28 1.807796
114.29 1.8078677
114.3 1.8079633
114.31 1.8080589
114.32 1.8081306
114.33 1.8082262
114.34 1.8082979
114.35 1.8083935
114.36 1.8084891
114.37 1.8085847
114.38 1.8086803
114.39 1.8087759
114.4 1.8088715
114.41 1.8089671
114.42 1.8090627
114.43 1.8091583
114.44 1.8092539
114.45 1.8093495
114.46 1.809469
114.47 1.8095646
114.48 1.8096602
114.49 1.8097797
114.5 1.8098753
114.51 1.8099948
114.52 1.8100904
114.53 1.8102099
114.54 1.8103055
114.55 1.810425
114.56 1.8105445
114.57 1.810664
114.58 1.8107596
114.59 1.8108791
114.6 1.8109986
114.61 1.8111181
114.62 1.8112376
114.63 1.8113571
114.64 1.8114766
114.65 1.8115961
114.66 1.8117395
114.67 1.811859
114.68 1.8119785
114.69 1.812098
114.7 1.8122414
114.71 1.8123609
114.72 1.8124804
114.73 1.8126238
114.74 1.8127433
114.75 1.8128867
114.76 1.8130301
114.77 1.8131496
114.78 1.813293
114.79 1.8134364
114.8 1.8135559
114.81 1.8136993
114.82 1.8138427
114.83 1.8139861
114.84 1.8141295
114.85 1.8142729
114.86 1.8144163
114.87 1.8145597
114.88 1.8147031
114.89 1.8148465
114.9 1.8149899
114.91 1.8151333
114.92 1.8153006
114.93 1.815444
114.94 1.8155874
114.95 1.8157308
114.96 1.8158981
114.97 1.8160415
114.98 1.8162088
114.99 1.8163522
115.0 1.8165195
115.01 1.8166629
115.02 1.8168302
115.03 1.8169975
115.04 1.8171409
115.05 1.8173082
115.06 1.8174755
115.07 1.8176428
115.08 1.8177862
115.09 1.8179535
115.1 1.8181208
115.11 1.8182881
115.12 1.8184554
115.13 1.8186227
115.14 1.81879
115.15 1.8189573
115.16 1.8191246
115.17 1.8192919
115.18 1.8194831
115.19 1.8196504
115.2 1.8198177
115.21 1.819985
115.22 1.8201762
115.23 1.8203435
115.24 1.8205108
115.25 1.820702
115.26 1.8208693
115.27 1.8210605
115.28 1.8212278
115.29 1.821419
115.3 1.8215863
115.31 1.8217775
115.32 1.8219687
115.33 1.822136
115.34 1.8223272
115.35 1.8225184
115.36 1.8227096
115.37 1.8228769
115.38 1.8230681
115.39 1.8232593
115.4 1.8234505
115.41 1.8236417
115.42 1.8238329
115.43 1.8240241
115.44 1.8242153
115.45 1.8244065
115.46 1.8245977
115.47 1.8247889
115.48 1.8249801
115.49 1.8251713
115.5 1.8253864
115.51 1.8255776
115.52 1.8257688
115.53 1.82596
115.54 1.8261751
115.55 1.8263663
115.56 1.8265575
115.57 1.8267726
115.58 1.8269638
115.59 1.8271789
115.6 1.8273701
115.61 1.8275852
115.62 1.8277764
115.63 1.8279915
115.64 1.8281827
115.65 1.8283978
115.66 1.8286129
115.67 1.8288041
115.68 1.8290192
115.69 1.8292343
115.7 1.8294494
115.71 1.8296406
115.72 1.8298557
115.73 1.8300708
115.74 1.8302859
115.75 1.830501
115.76 1.8307161
115.77 1.8309312
115.78 1.8311463
115.79 1.8313614
115.8 1.8315765
115.81 1.8317916
115.82 1.8320067
115.83 1.8322218
115.84 1.8324369
115.85 1.8326759
115.86 1.832891
115.87 1.8331061
115.88 1.8333212
115.89 1.8335602
115.9 1.8337753
115.91 1.8339904
115.92 1.8342294
115.93 1.8344445
115.94 1.8346835
115.95 1.8348986
115.96 1.8351376
115.97 1.8353527
115.98 1.8355917
115.99 1.8358068
116.0 1.8360458
116.01 1.8362609
116.02 1.8364999
116.03 1.8367389
116.04 1.8369779
116.05 1.837193
116.06 1.837432
116.07 1.837671
116.08 1.83791
116.09 1.8381251
116.1 1.8383641
116.11 1.8386031
116.12 1.8388421
116.13 1.8390811
116.14 1.8393201
116.15 1.8395591
116.16 1.8397981
116.17 1.8400371
116.18 1.8402761
116.19 1.8405151
116.2 1.8407541
116.21 1.841017
116.22 1.841256
116.23 1.841495
116.24 1.841734
116.25 1.841973
116.26 1.8422359
116.27 1.8424749
116.28 1.8427139
116.29 1.8429768
116.3 1.8432158
116.31 1.8434787
116.32 1.8437177
116.33 1.8439567
116.34 1.8442196
116.35 1.8444825
116.36 1.8447215
116.37 1.8449844
116.38 1.8452234
116.39 1.8454863
116.4 1.8457253
116.41 1.8459882
116.42 1.8462511
116.43 1.846514
116.44 1.846753
116.45 1.8470159
116.46 1.8472788
116.47 1.8475417
116.48 1.8478046
116.49 1.8480436
116.5 1.8483065
116.51 1.8485694
116.52 1.8488323
116.53 1.8490952
116.54 1.8493581
116.55 1.849621
116.56 1.8498839
116.57 1.8501468
116.58 1.8504336
116.59 1.8506965
116.6 1.8509594
116.61 1.8512223
116.62 1.8514852
116.63 1.851772
116.64 1.8520349
116.65 1.8522978
116.66 1.8525607
116.67 1.8528475
116.68 1.8531104
116.69 1.8533733
116.7 1.8536601
116.71 1.853923
116.72 1.8542098
116.73 1.8544727
116.74 1.8547595
116.75 1.8550224
116.76 1.8553092
116.77 1.8555721
116.78 1.8558589
116.79 1.8561457
116.8 1.8564086
116.81 1.8566954
116.82 1.8569822
116.83 1.857269
116.84 1.8575319
116.85 1.8578187
116.86 1.8581055
116.87 1.8583923
116.88 1.8586791
116.89 1.8589659
116.9 1.8592288
116.91 1.8595156
116.92 1.8598024
116.93 1.8600892
116.94 1.860376
116.95 1.8606628
116.96 1.8609496
116.97 1.8612603
116.98 1.8615471
116.99 1.8618339
117.0 1.8621207
117.01 1.8624075
117.02 1.8626943
117.03 1.863005
117.04 1.8632918
117.05 1.8635786
117.06 1.8638654
117.07 1.8641761
117.08 1.8644629
117.09 1.8647736
117.1 1.8650604
117.11 1.8653472
117.12 1.8656579
117.13 1.8659447
117.14 1.8662554
117.15 1.8665422
117.16 1.8668529
117.17 1.8671397
117.18 1.8674504
117.19 1.8677611
117.2 1.8680479
117.21 1.8683586
117.22 1.8686693
117.23 1.8689561
117.24 1.8692668
117.25 1.8695775
117.26 1.8698882
117.27 1.8701989
117.28 1.8704857
117.29 1.8707964
117.3 1.8711071
117.31 1.8714178
117.32 1.8717285
117.33 1.8720392
117.34 1.8723499
117.35 1.8726606
117.36 1.8729713
117.37 1.873282
117.38 1.8735927
117.39 1.8739034
117.4 1.8742141
117.41 1.8745487
117.42 1.8748594
117.43 1.8751701
117.44 1.8754808
117.45 1.8757915
117.46 1.8761261
117.47 1.8764368
117.48 1.8767475
117.49 1.8770821
117.5 1.8773928
117.51 1.8777035
117.52 1.8780381
117.53 1.8783488
117.54 1.8786834
117.55 1.8789941
117.56 1.8793287
117.57 1.8796394
117.58 1.879974
117.59 1.8802847
117.6 1.8806193
117.61 1.8809539
117.62 1.8812646
117.63 1.8815992
117.64 1.8819338
117.65 1.8822445
117.66 1.8825791
117.67 1.8829137
117.68 1.8832483
117.69 1.883559
117.7 1.8838936
117.71 1.8842282
117.72 1.8845628
117.73 1.8848974
117.74 1.885232
117.75 1.8855666
117.76 1.8859012
117.77 1.8862358
117.78 1.8865704
117.79 1.886905
117.8 1.8872396
117.81 1.8875742
117.82 1.8879088
117.83 1.8882434
117.84 1.888578
117.85 1.8889126
117.86 1.8892711
117.87 1.8896057
117.88 1.8899403
117.89 1.8902749
117.9 1.8906334
117.91 1.890968
117.92 1.8913026
117.93 1.8916611
117.94 1.8919957
117.95 1.8923303
117.96 1.8926888
117.97 1.8930234
117.98 1.8933819
117.99 1.8937165
118.0 1.894075
118.01 1.8944096
118.02 1.8947681
118.03 1.8951266
118.04 1.8954612
118.05 1.8958197
118.06 1.8961543
118.07 1.8965128
118.08 1.8968713
118.09 1.8972298
118.1 1.8975644
118.11 1.8979229
118.12 1.8982814
118.13 1.8986399
118.14 1.8989745
118.15 1.899333
118.16 1.8996915
118.17 1.90005
118.18 1.9004085
118.19 1.900767
118.2 1.9011255
118.21 1.901484
118.22 1.9018425
118.23 1.902201
118.24 1.9025595
118.25 1.902918
118.26 1.9032765
118.27 1.903635
118.28 1.9039935
118.29 1.9043759
118.3 1.9047344
118.31 1.9050929
118.32 1.9054514
118.33 1.9058099
118.34 1.9061923
118.35 1.9065508
118.36 1.9069093
118.37 1.9072917
118.38 1.9076502
118.39 1.9080087
118.4 1.9083911
118.41 1.9087496
118.42 1.909132
118.43 1.9094905
118.44 1.9098729
118.45 1.9102314
118.46 1.9106138
118.47 1.9109723
118.48 1.9113547
118.49 1.9117132
118.5 1.9120956
118.51 1.912478
118.52 1.9128365
118.53 1.9132189
118.54 1.9136013
118.55 1.9139837
118.56 1.9143422
118.57 1.9147246
118.58 1.915107
118.59 1.9154894
118.6 1.9158479
118.61 1.9162303
118.62 1.9166127
118.63 1.9169951
118.64 1.9173775
118.65 1.9177599
118.66 1.9181423
118.67 1.9185247
118.68 1.9189071
118.69 1.9192895
118.7 1.9196719
118.71 1.9200543
118.72 1.9204367
118.73 1.9208191
118.74 1.9212015
118.75 1.9216078
118.76 1.9219902
118.77 1.9223726
118.78 1.922755
118.79 1.9231374
118.8 1.9235437
118.81 1.9239261
118.82 1.9243085
118.83 1.9246909
118.84 1.9250972
118.85 1.9254796
118.86 1.9258859
118.87 1.9262683
118.88 1.9266507
118.89 1.927057
118.9 1.9274394
118.91 1.9278457
118.92 1.9282281
118.93 1.9286344
118.94 1.9290168
118.95 1.9294231
118.96 1.9298294
118.97 1.9302118
118.98 1.9306181
118.99 1.9310005
119.0 1.9314068
119.01 1.9318131
119.02 1.9321955
119.03 1.9326018
119.04 1.9330081
119.05 1.9334144
119.06 1.9338207
119.07 1.9342031
119.08 1.9346094
119.09 1.9350157
119.1 1.935422
119.11 1.9358283
119.12 1.9362346
119.13 1.9366409
119.14 1.9370472
119.15 1.9374535
119.16 1.9378598
119.17 1.9382661
119.18 1.9386724
119.19 1.9390787
119.2 1.939485
119.21 1.9398913
119.22 1.9402976
119.23 1.9407039
119.24 1.9411102
119.25 1.9415404
119.26 1.9419467
119.27 1.942353
119.28 1.9427593
119.29 1.9431895
119.3 1.9435958
119.31 1.9440021
119.32 1.9444323
119.33 1.9448386
119.34 1.9452449
119.35 1.9456751
119.36 1.9460814
119.37 1.9465116
119.38 1.9469179
119.39 1.9473481
119.4 1.9477544
119.41 1.9481846
119.42 1.9485909
119.43 1.9490211
119.44 1.9494274
119.45 1.9498576
119.46 1.9502878
119.47 1.9506941
119.48 1.9511243
119.49 1.9515545
119.5 1.9519608
119.51 1.952391
119.52 1.9528212
119.53 1.9532514
119.54 1.9536816
119.55 1.9540879
119.56 1.9545181
119.57 1.9549483
119.58 1.9553785
119.59 1.9558087
119.6 1.9562389
119.61 1.9566691
119.62 1.9570993
119.63 1.9575295
119.64 1.9579597
119.65 1.9583899
119.66 1.9588201
119.67 1.9592503
119.68 1.9597044
119.69 1.9601346
119.7 1.9605648
119.71 1.960995
119.72 1.9614252
119.73 1.9618793
119.74 1.9623095
119.75 1.9627397
119.76 1.9631938
119.77 1.963624
119.78 1.9640542
119.79 1.9645083
119.8 1.9649385
119.81 1.9653926
119.82 1.9658228
119.83 1.9662769
119.84 1.9667071
119.85 1.9671612
119.86 1.9675914
119.87 1.9680455
119.88 1.9684757
119.89 1.9689298
119.9 1.9693839
119.91 1.9698141
119.92 1.9702682
119.93 1.9707223
119.94 1.9711525
119.95 1.9716066
119.96 1.9720607
119.97 1.9725148
119.98 1.9729689
119.99 1.973423
120.0 1.9738532
120.01 1.9743073
120.02 1.9747614
120.03 1.9752155
120.04 1.9756696
120.05 1.9761237
120.06 1.9765778
120.07 1.9770319
120.08 1.977486
120.09 1.977964
120.1 1.9784181
120.11 1.9788722
120.12 1.9793263
120.13 1.9797804
120.14 1.9802345
120.15 1.9807125
120.16 1.9811666
120.17 1.9816207
120.18 1.9820748
120.19 1.9825528
120.2 1.9830069
120.21 1.9834849
120.22 1.983939
120.23 1.9843931
120.24 1.9848711
120.25 1.9853252
120.26 1.9858032
120.27 1.9862573
120.28 1.9867353
120.29 1.9871894
120.3 1.9876674
120.31 1.9881454
120.32 1.9885995
120.33 1.9890775
120.34 1.9895555
120.35 1.9900096
120.36 1.9904876
120.37 1.9909656
120.38 1.9914197
120.39 1.9918977
120.4 1.9923757
120.41 1.9928537
120.42 1.9933317
120.43 1.9938097
120.44 1.9942638
120.45 1.9947418
120.46 1.9952198
120.47 1.9956978
120.48 1.9961758
120.49 1.9966538
120.5 1.9971318
120.51 1.9976098
120.52 1.9980878
120.53 1.9985658
120.54 1.9990677
120.55 1.9995457
120.56 2.0000237
120.57 2.0005017
120.58 2.0009797
120.59 2.0014577
120.6 2.0019596
120.61 2.0024376
120.62 2.0029156
120.63 2.0033936
120.64 2.0038955
120.65 2.0043735
120.66 2.0048515
120.67 2.0053534
120.68 2.0058314
120.69 2.0063094
120.7 2.0068113
120.71 2.0072893
120.72 2.0077912
120.73 2.0082692
120.74 2.0087711
120.75 2.0092491
120.76 2.009751
120.77 2.010229
120.78 2.0107309
120.79 2.0112328
120.8 2.0117108
120.81 2.0122127
120.82 2.0127146
120.83 2.0131926
120.84 2.0136945
120.85 2.0141964
120.86 2.0146744
120.87 2.0151763
120.88 2.0156782
120.89 2.0161801
120.9 2.016682
120.91 2.01716
120.92 2.0176619
120.93 2.0181638
120.94 2.0186657
120.95 2.0191676
120.96 2.0196695
120.97 2.0201714
120.98 2.0206733
120.99 2.0211752
121.0 2.0216771
121.01 2.022179
121.02 2.0226809
121.03 2.0231828
121.04 2.0236847
121.05 2.0241866
121.06 2.0246885
121.07 2.0251904
121.08 2.0256923
121.09 2.0261942
121.1 2.02672
121.11 2.0272219
121.12 2.0277238
121.13 2.0282257
121.14 2.0287515
121.15 2.0292534
121.16 2.0297553
121.17 2.0302572
121.18 2.030783
121.19 2.0312849
121.2 2.0317868
121.21 2.0323126
121.22 2.0328145
121.23 2.0333403
121.24 2.0338422
121.25 2.0343441
121.26 2.0348699
121.27 2.0353718
121.28 2.0358976
121.29 2.0363995
121.3 2.0369253
121.31 2.0374272
121.32 2.037953
121.33 2.0384788
121.34 2.0389807
121.35 2.0395065
121.36 2.0400084
121.37 2.0405342
121.38 2.04106
121.39 2.0415619
121.4 2.0420877
121.41 2.0426135
121.42 2.0431154
121.43 2.0436412
121.44 2.044167
121.45 2.0446928
121.46 2.0451947
121.47 2.0457205
121.48 2.0462463
121.49 2.0467721
121.5 2.0472979
121.51 2.0478237
121.52 2.0483256
121.53 2.0488514
121.54 2.0493772
121.55 2.049903
121.56 2.0504288
121.57 2.0509546
121.58 2.0514804
121.59 2.0520062
121.6 2.052532
121.61 2.0530578
121.62 2.0535836
121.63 2.0541094
121.64 2.0546352
121.65 2.055161
121.66 2.0556868
121.67 2.0562126
121.68 2.0567384
121.69 2.0572881
121.7 2.0578139
121.71 2.0583397
121.72 2.0588655
121.73 2.0593913
121.74 2.0599171
121.75 2.0604668
121.76 2.0609926
121.77 2.0615184
121.78 2.0620442
121.79 2.0625939
121.8 2.0631197
121.81 2.0636455
121.82 2.0641713
121.83 2.064721
121.84 2.0652468
121.85 2.0657726
121.86 2.0663223
121.87 2.0668481
121.88 2.0673978
121.89 2.0679236
121.9 2.0684494
121.91 2.0689991
121.92 2.0695249
121.93 2.0700746
121.94 2.0706004
121.95 2.0711501
121.96 2.0716759
121.97 2.0722256
121.98 2.0727514
121.99 2.0733011
122.0 2.0738269
122.01 2.0743766
122.02 2.0749024
122.03 2.0754521
122.04 2.0760018
122.05 2.0765276
122.06 2.0770773
122.07 2.0776031
122.08 2.0781528
122.09 2.0787025
122.1 2.0792283
122.11 2.079778
122.12 2.0803277
122.13 2.0808535
122.14 2.0814032
122.15 2.0819529
122.16 2.0825026
122.17 2.0830284
122.18 2.0835781
122.19 2.0841278
122.2 2.0846775
122.21 2.0852033
122.22 2.085753
122.23 2.0863027
122.24 2.0868524
122.25 2.0874021
122.26 2.0879518
122.27 2.0884776
122.28 2.0890273
122.29 2.089577
122.3 2.0901267
122.31 2.0906764
122.32 2.0912261
122.33 2.0917758
122.34 2.0923255
122.35 2.0928752
122.36 2.0934249
122.37 2.0939746
122.38 2.0945243
122.39 2.095074
122.4 2.0956237
122.41 2.0961734
122.42 2.0967231
122.43 2.0972728
122.44 2.0978225
122.45 2.0983722
122.46 2.0989219
122.47 2.0994716
122.48 2.1000213
122.49 2.100571
122.5 2.1011207
122.51 2.1016704
122.52 2.1022201
122.53 2.1027698
122.54 2.1033195
122.55 2.1038931
122.56 2.1044428
122.57 2.1049925
122.58 2.1055422
122.59 2.1060919
122.6 2.1066416
122.61 2.1072152
122.62 2.1077649
122.63 2.1083146
122.64 2.1088643
122.65 2.109414
122.66 2.1099876
122.67 2.1105373
122.68 2.111087
122.69 2.1116367
122.7 2.1122103
122.71 2.11276
122.72 2.1133097
122.73 2.1138833
122.74 2.114433
122.75 2.1149827
122.76 2.1155324
122.77 2.116106
122.78 2.1166557
122.79 2.1172054
122.8 2.117779
122.81 2.1183287
122.82 2.1188784
122.83 2.119452
122.84 2.1200017
122.85 2.1205753
122.86 2.121125
122.87 2.1216747
122.88 2.1222483
122.89 2.122798
122.9 2.1233716
122.91 2.1239213
122.92 2.124471
122.93 2.1250446
122.94 2.1255943
122.95 2.1261679
122.96 2.1267176
122.97 2.1272912
122.98 2.1278409
122.99 2.1283906
123.0 2.1289642
123.01 2.1295139
123.02 2.1300875
123.03 2.1306372
123.04 2.1312108
123.05 2.1317605
123.06 2.1323341
123.07 2.1328838
123.08 2.1334574
123.09 2.1340071
123.1 2.1345807
123.11 2.1351304
123.12 2.135704
123.13 2.1362776
123.14 2.1368273
123.15 2.1374009
123.16 2.1379506
123.17 2.1385242
123.18 2.1390739
123.19 2.1396475
123.2 2.1401972
123.21 2.1407708
123.22 2.1413444
123.23 2.1418941
123.24 2.1424677
123.25 2.1430174
123.26 2.143591
123.27 2.1441646
123.28 2.1447143
123.29 2.1452879
123.3 2.1458376
123.31 2.1464112
123.32 2.1469848
123.33 2.1475345
123.34 2.1481081
123.35 2.1486817
123.36 2.1492314
123.37 2.149805
123.38 2.1503547
123.39 2.1509283
123.4 2.1515019
123.41 2.1520516
123.42 2.1526252
123.43 2.1531988
123.44 2.1537485
123.45 2.1543221
123.46 2.1548957
123.47 2.1554454
123.48 2.156019
123.49 2.1565926
123.5 2.1571423
123.51 2.1577159
123.52 2.1582895
123.53 2.1588392
123.54 2.1594128
123.55 2.1599864
123.56 2.1605361
123.57 2.1611097
123.58 2.1616833
123.59 2.1622569
123.6 2.1628066
123.61 2.1633802
123.62 2.1639538
123.63 2.1645035
123.64 2.1650771
123.65 2.1656507
123.66 2.1662243
123.67 2.166774
123.68 2.1673476
123.69 2.1679212
123.7 2.1684709
123.71 2.1690445
123.72 2.1696181
123.73 2.1701678
123.74 2.1707414
123.75 2.171315
123.76 2.1718886
123.77 2.1724383
123.78 2.1730119
123.79 2.1735855
123.8 2.1741591
123.81 2.1747088
123.82 2.1752824
123.83 2.175856
123.84 2.1764057
123.85 2.1769793
123.86 2.1775529
123.87 2.1781265
123.88 2.1786762
123.89 2.1792498
123.9 2.1798234
123.91 2.1803731
123.92 2.1809467
123.93 2.1815203
123.94 2.1820939
123.95 2.1826436
123.96 2.1832172
123.97 2.1837908
123.98 2.1843405
123.99 2.1849141
124.0 2.1854877
124.01 2.1860613
124.02 2.186611
124.03 2.1871846
124.04 2.1877582
124.05 2.1883079
124.06 2.1888815
124.07 2.1894551
124.08 2.1900287
124.09 2.1905784
124.1 2.191152
124.11 2.1917256
124.12 2.1922753
124.13 2.1928489
124.14 2.1934225
124.15 2.1939722
124.16 2.1945458
124.17 2.1951194
124.18 2.195693
124.19 2.1962427
124.2 2.1968163
124.21 2.1973899
124.22 2.1979396
124.23 2.1985132
124.24 2.1990868
124.25 2.1996365
124.26 2.2002101
124.27 2.2007837
124.28 2.2013334
124.29 2.201907
124.3 2.2024806
124.31 2.2030303
124.32 2.2036039
124.33 2.2041775
124.34 2.2047272
124.35 2.2053008
124.36 2.2058505
124.37 2.2064241
124.38 2.2069977
124.39 2.2075474
124.4 2.208121
124.41 2.2086946
124.42 2.2092443
124.43 2.2098179
124.44 2.2103676
124.45 2.2109412
124.46 2.2115148
124.47 2.2120645
124.48 2.2126381
124.49 2.2131878
124.5 2.2137614
124.51 2.214335
124.52 2.2148847
124.53 2.2154583
124.54 2.216008
124.55 2.2165816
124.56 2.2171313
124.57 2.2177049
124.58 2.2182785
124.59 2.2188282
124.6 2.2194018
124.61 2.2199515
124.62 2.2205251
124.63 2.2210748
124.64 2.2216484
124.65 2.2221981
124.66 2.2227717
124.67 2.2233214
124.68 2.223895
124.69 2.2244447
124.7 2.2250183
124.71 2.225568
124.72 2.2261416
124.73 2.2266913
124.74 2.2272649
124.75 2.2278146
124.76 2.2283882
124.77 2.2289379
124.78 2.2294876
124.79 2.2300612
124.8 2.2306109
124.81 2.2311845
124.82 2.2317342
124.83 2.2323078
124.84 2.2328575
124.85 2.2334072
124.86 2.2339808
124.87 2.2345305
124.88 2.2351041
124.89 2.2356538
124.9 2.2362035
124.91 2.2367771
124.92 2.2373268
124.93 2.2379004
124.94 2.2384501
124.95 2.2389998
124.96 2.2395734
124.97 2.2401231
124.98 2.2406728
124.99 2.2412464
125.0 2.2417961
125.01 2.2423458
125.02 2.2429194
125.03 2.2434691
125.04 2.2440188
125.05 2.2445924
125.06 2.2451421
125.07 2.2456918
125.08 2.2462654
125.09 2.2468151
125.1 2.2473648
125.11 2.2479145
125.12 2.2484881
125.13 2.2490378
125.14 2.2495875
125.15 2.2501611
125.16 2.2507108
125.17 2.2512605
125.18 2.2518102
125.19 2.2523838
125.2 2.2529335
125.21 2.2534832
125.22 2.2540329
125.23 2.2546065
125.24 2.2551562
125.25 2.2557059
125.26 2.2562556
125.27 2.2568053
125.28 2.2573789
125.29 2.2579286
125.3 2.2584783
125.31 2.259028
125.32 2.2595777
125.33 2.2601513
125.34 2.260701
125.35 2.2612507
125.36 2.2618004
125.37 2.2623501
125.38 2.2628998
125.39 2.2634495
125.4 2.2640231
125.41 2.2645728
125.42 2.2651225
125.43 2.2656722
125.44 2.2662219
125.45 2.2667716
125.46 2.2673213
125.47 2.267871
125.48 2.2684207
125.49 2.2689704
125.5 2.2695201
125.51 2.2700698
125.52 2.2706195
125.53 2.2711692
125.54 2.2717189
125.55 2.2722686
125.56 2.2728183
125.57 2.273368
125.58 2.2739177
125.59 2.2744674
125.6 2.2750171
125.61 2.2755668
125.62 2.2761165
125.63 2.2766662
125.64 2.2772159
125.65 2.2777656
125.66 2.2783153
125.67 2.278865
125.68 2.2794147
125.69 2.2799644
125.7 2.2804902
125.71 2.2810399
125.72 2.2815896
125.73 2.2821393
125.74 2.282689
125.75 2.2832387
125.76 2.2837645
125.77 2.2843142
125.78 2.2848639
125.79 2.2854136
125.8 2.2859633
125.81 2.2864891
125.82 2.2870388
125.83 2.2875885
125.84 2.2881143
125.85 2.288664
125.86 2.2892137
125.87 2.2897634
125.88 2.2902892
125.89 2.2908389
125.9 2.2913886
125.91 2.2919144
125.92 2.2924641
125.93 2.2929899
125.94 2.2935396
125.95 2.2940893
125.96 2.2946151
125.97 2.2951648
125.98 2.2956906
125.99 2.2962403
126.0 2.29679
126.01 2.2973158
126.02 2.2978655
126.03 2.2983913
126.04 2.298941
126.05 2.2994668
126.06 2.2999926
126.07 2.3005423
126.08 2.3010681
126.09 2.3016178
126.1 2.3021436
126.11 2.3026933
126.12 2.3032191
126.13 2.3037449
126.14 2.3042946
126.15 2.3048204
126.16 2.3053462
126.17 2.3058959
126.18 2.3064217
126.19 2.3069475
126.2 2.3074972
126.21 2.308023
126.22 2.3085488
126.23 2.3090746
126.24 2.3096243
126.25 2.3101501
126.26 2.3106759
126.27 2.3112017
126.28 2.3117275
126.29 2.3122533
126.3 2.312803
126.31 2.3133288
126.32 2.3138546
126.33 2.3143804
126.34 2.3149062
126.35 2.315432
126.36 2.3159578
126.37 2.3164836
126.38 2.3170094
126.39 2.3175352
126.4 2.318061
126.41 2.3185868
126.42 2.3191126
126.43 2.3196384
126.44 2.3201642
126.45 2.32069
126.46 2.3212158
126.47 2.3217177
126.48 2.3222435
126.49 2.3227693
126.5 2.3232951
126.51 2.3238209
126.52 2.3243467
126.53 2.3248486
126.54 2.3253744
126.55 2.3259002
126.56 2.326426
126.57 2.3269279
126.58 2.3274537
126.59 2.3279795
126.6 2.3284814
126.61 2.3290072
126.62 2.329533
126.63 2.3300349
126.64 2.3305607
126.65 2.3310626
126.66 2.3315884
126.67 2.3320903
126.68 2.3326161
126.69 2.333118
126.7 2.3336438
126.71 2.3341457
126.72 2.3346715
126.73 2.3351734
126.74 2.3356992
126.75 2.3362011
126.76 2.336703
126.77 2.3372288
126.78 2.3377307
126.79 2.3382326
126.8 2.3387584
126.81 2.3392603
126.82 2.3397622
126.83 2.3402641
126.84 2.340766
126.85 2.3412918
126.86 2.3417937
126.87 2.3422956
126.88 2.3427975
126.89 2.3432994
126.9 2.3438013
126.91 2.3443032
126.92 2.3448051
126.93 2.345307
126.94 2.3458089
126.95 2.3463108
126.96 2.3468127
126.97 2.3473146
126.98 2.3478165
126.99 2.3483184
127.0 2.3488203
127.01 2.3493222
127.02 2.3498241
127.03 2.350326
127.04 2.350804
127.05 2.3513059
127.06 2.3518078
127.07 2.3523097
127.08 2.3527877
127.09 2.3532896
127.1 2.3537915
127.11 2.3542695
127.12 2.3547714
127.13 2.3552733
127.14 2.3557513
127.15 2.3562532
127.16 2.3567312
127.17 2.3572331
127.18 2.3577111
127.19 2.358213
127.2 2.358691
127.21 2.3591929
127.22 2.3596709
127.23 2.3601728
127.24 2.3606508
127.25 2.3611288
127.26 2.3616307
127.27 2.3621087
127.28 2.3625867
127.29 2.3630647
127.3 2.3635666
127.31 2.3640446
127.32 2.3645226
127.33 2.3650006
127.34 2.3654786
127.35 2.3659566
127.36 2.3664585
127.37 2.3669365
127.38 2.3674145
127.39 2.3678925
127.4 2.3683705
127.41 2.3688485
127.42 2.3693265
127.43 2.3697806
127.44 2.3702586
127.45 2.3707366
127.46 2.3712146
127.47 2.3716926
127.48 2.3721706
127.49 2.3726247
127.5 2.3731027
127.51 2.3735807
127.52 2.3740587
127.53 2.3745128
127.54 2.3749908
127.55 2.3754688
127.56 2.3759229
127.57 2.3764009
127.58 2.376855
127.59 2.377333
127.6 2.3777871
127.61 2.3782651
127.62 2.3787192
127.63 2.3791972
127.64 2.3796513
127.65 2.3801054
127.66 2.3805834
127.67 2.3810375
127.68 2.3814916
127.69 2.3819457
127.7 2.3824237
127.71 2.3828778
127.72 2.3833319
127.73 2.383786
127.74 2.3842401
127.75 2.3846942
127.76 2.3851483
127.77 2.3856024
127.78 2.3860565
127.79 2.3865106
127.8 2.3869647
127.81 2.3874188
127.82 2.3878729
127.83 2.388327
127.84 2.3887811
127.85 2.3892352
127.86 2.3896893
127.87 2.3901195
127.88 2.3905736
127.89 2.3910277
127.9 2.3914579
127.91 2.391912
127.92 2.3923661
127.93 2.3927963
127.94 2.3932504
127.95 2.3936806
127.96 2.3941347
127.97 2.3945649
127.98 2.395019
127.99 2.3954492
128.0 2.3959033
128.01 2.3963335
128.02 2.3967637
128.03 2.3972178
128.04 2.397648
128.05 2.3980782
128.06 2.3985084
128.07 2.3989386
128.08 2.3993927
128.09 2.3998229
128.1 2.4002531
128.11 2.4006833
128.12 2.4011135
128.13 2.4015437
128.14 2.4019739
128.15 2.4024041
128.16 2.4028343
128.17 2.4032645
128.18 2.4036708
128.19 2.404101
128.2 2.4045312
128.21 2.4049614
128.22 2.4053677
128.23 2.4057979
128.24 2.4062281
128.25 2.4066344
128.26 2.4070646
128.27 2.4074948
128.28 2.4079011
128.29 2.4083313
128.3 2.4087376
128.31 2.4091678
128.32 2.4095741
128.33 2.4099804
128.34 2.4104106
128.35 2.4108169
128.36 2.4112232
128.37 2.4116534
128.38 2.4120597
128.39 2.412466
128.4 2.4128723
128.41 2.4132786
128.42 2.4136849
128.43 2.4140912
128.44 2.4145214
128.45 2.4149277
128.46 2.415334
128.47 2.4157164
128.48 2.4161227
128.49 2.416529
128.5 2.4169353
128.51 2.4173416
128.52 2.4177479
128.53 2.4181303
128.54 2.4185366
128.55 2.4189429
128.56 2.4193492
128.57 2.4197316
128.58 2.4201379
128.59 2.4205203
128.6 2.4209266
128.61 2.421309
128.62 2.4217153
128.63 2.4220977
128.64 2.422504
128.65 2.4228864
128.66 2.4232927
128.67 2.4236751
128.68 2.4240575
128.69 2.4244399
128.7 2.4248462
128.71 2.4252286
128.72 2.425611
128.73 2.4259934
128.74 2.4263758
128.75 2.4267582
128.76 2.4271406
128.77 2.427523
128.78 2.4279054
128.79 2.4282878
128.8 2.4286702
128.81 2.4290526
128.82 2.429435
128.83 2.4298174
128.84 2.4301759
128.85 2.4305583
128.86 2.4309407
128.87 2.4313231
128.88 2.4316816
128.89 2.432064
128.9 2.4324225
128.91 2.4328049
128.92 2.4331873
128.93 2.4335458
128.94 2.4339043
128.95 2.4342867
128.96 2.4346452
128.97 2.4350276
128.98 2.4353861
128.99 2.4357446
129.0 2.436127
129.01 2.4364855
129.02 2.436844
129.03 2.4372025
129.04 2.437561
129.05 2.4379195
129.06 2.4383019
129.07 2.4386604
129.08 2.4390189
129.09 2.4393774
129.1 2.439712
129.11 2.4400705
129.12 2.440429
129.13 2.4407875
129.14 2.441146
129.15 2.4415045
129.16 2.4418391
129.17 2.4421976
129.18 2.4425561
129.19 2.4429146
129.2 2.4432492
129.21 2.4436077
129.22 2.4439423
129.23 2.4443008
129.24 2.4446354
129.25 2.4449939
129.26 2.4453285
129.27 2.445687
129.28 2.4460216
129.29 2.4463562
129.3 2.4467147
129.31 2.4470493
129.32 2.4473839
129.33 2.4477185
129.34 2.4480531
129.35 2.4483877
129.36 2.4487462
129.37 2.4490808
129.38 2.4494154
129.39 2.44975
129.4 2.4500846
129.41 2.4504192
129.42 2.4507299
129.43 2.4510645
129.44 2.4513991
129.45 2.4517337
129.46 2.4520683
129.47 2.4524029
129.48 2.4527136
129.49 2.4530482
129.5 2.4533828
129.51 2.4536935
129.52 2.4540281
129.53 2.4543388
129.54 2.4546734
129.55 2.4549841
129.56 2.4553187
129.57 2.4556294
129.58 2.455964
129.59 2.4562747
129.6 2.4565854
129.61 2.45692
129.62 2.4572307
129.63 2.4575414
129.64 2.4578521
129.65 2.4581867
129.66 2.4584974
129.67 2.4588081
129.68 2.4591188
129.69 2.4594295
129.7 2.4597402
129.71 2.4600509
129.72 2.4603616
129.73 2.4606723
129.74 2.460983
129.75 2.4612937
129.76 2.4616044
129.77 2.4619151
129.78 2.4622019
129.79 2.4625126
129.8 2.4628233
129.81 2.463134
129.82 2.4634208
129.83 2.4637315
129.84 2.4640422
129.85 2.464329
129.86 2.4646397
129.87 2.4649265
129.88 2.4652372
129.89 2.465524
129.9 2.4658347
129.91 2.4661215
129.92 2.4664083
129.93 2.466719
129.94 2.4670058
129.95 2.4672926
129.96 2.4676033
129.97 2.4678901
129.98 2.4681769
129.99 2.4684637
130.0 2.4687505
130.01 2.4690612
130.02 2.469348
130.03 2.4696348
130.04 2.4699216
130.05 2.4702084
130.06 2.4704952
130.07 2.470782
130.08 2.4710688
130.09 2.4713556
130.1 2.4716185
130.11 2.4719053
130.12 2.4721921
130.13 2.4724789
130.14 2.4727657
130.15 2.4730286
130.16 2.4733154
130.17 2.4736022
130.18 2.4738651
130.19 2.4741519
130.2 2.4744387
130.21 2.4747016
130.22 2.4749884
130.23 2.4752513
130.24 2.4755381
130.25 2.475801
130.26 2.4760878
130.27 2.4763507
130.28 2.4766136
130.29 2.4769004
130.3 2.4771633
130.31 2.4774262
130.32 2.477713
130.33 2.4779759
130.34 2.4782388
130.35 2.4785017
130.36 2.4787646
130.37 2.4790275
130.38 2.4793143
130.39 2.4795772
130.4 2.4798401
130.41 2.480103
130.42 2.4803659
130.43 2.4806288
130.44 2.4808917
130.45 2.4811546
130.46 2.4813936
130.47 2.4816565
130.48 2.4819194
130.49 2.4821823
130.5 2.4824452
130.51 2.4826842
130.52 2.4829471
130.53 2.48321
130.54 2.4834729
130.55 2.4837119
130.56 2.4839748
130.57 2.4842138
130.58 2.4844767
130.59 2.4847396
130.6 2.4849786
130.61 2.4852415
130.62 2.4854805
130.63 2.4857434
130.64 2.4859824
130.65 2.4862214
130.66 2.4864843
130.67 2.4867233
130.68 2.4869623
130.69 2.4872252
130.7 2.4874642
130.71 2.4877032
130.72 2.4879422
130.73 2.4882051
130.74 2.4884441
130.75 2.4886831
130.76 2.4889221
130.77 2.4891611
130.78 2.4894001
130.79 2.4896391
130.8 2.4898781
130.81 2.4901171
130.82 2.4903561
130.83 2.4905951
130.84 2.4908341
130.85 2.4910731
130.86 2.4913121
130.87 2.4915511
130.88 2.4917901
130.89 2.4920291
130.9 2.4922442
130.91 2.4924832
130.92 2.4927222
130.93 2.4929612
130.94 2.4931763
130.95 2.4934153
130.96 2.4936543
130.97 2.4938694
130.98 2.4941084
130.99 2.4943235
131.0 2.4945625
131.01 2.4947776
131.02 2.4950166
131.03 2.4952317
131.04 2.4954707
131.05 2.4956858
131.06 2.4959248
131.07 2.4961399
131.08 2.496355
131.09 2.496594
131.1 2.4968091
131.11 2.4970242
131.12 2.4972632
131.13 2.4974783
131.14 2.4976934
131.15 2.4979085
131.16 2.4981475
131.17 2.4983626
131.18 2.4985777
131.19 2.4987928
131.2 2.4990079
131.21 2.499223
131.22 2.4994381
131.23 2.4996532
131.24 2.4998683
131.25 2.5000834
131.26 2.5002985
131.27 2.5005136
131.28 2.5007287
131.29 2.5009438
131.3 2.5011589
131.31 2.501374
131.32 2.5015652
131.33 2.5017803
131.34 2.5019954
131.35 2.5022105
131.36 2.5024256
131.37 2.5026168
131.38 2.5028319
131.39 2.503047
131.4 2.5032382
131.41 2.5034533
131.42 2.5036684
131.43 2.5038596
131.44 2.5040747
131.45 2.5042659
131.46 2.504481
131.47 2.5046961
131.48 2.5048873
131.49 2.5051024
131.5 2.5052936
131.51 2.5054848
131.52 2.5056999
131.53 2.5058911
131.54 2.5061062
131.55 2.5062974
131.56 2.5064886
131.57 2.5067037
131.58 2.5068949
131.59 2.5070861
131.6 2.5073012
131.61 2.5074924
131.62 2.5076836
131.63 2.5078748
131.64 2.5080899
131.65 2.5082811
131.66 2.5084723
131.67 2.5086635
131.68 2.5088547
131.69 2.5090459
131.7 2.5092371
131.71 2.5094522
131.72 2.5096434
131.73 2.5098346
131.74 2.5100258
131.75 2.510217
131.76 2.5104082
131.77 2.5105994
131.78 2.5107906
131.79 2.5109818
131.8 2.511173
131.81 2.5113642
131.82 2.5115315
131.83 2.5117227
131.84 2.5119139
131.85 2.5121051
131.86 2.5122963
131.87 2.5124875
131.88 2.5126787
131.89 2.512846
131.9 2.5130372
131.91 2.5132284
131.92 2.5134196
131.93 2.5135869
131.94 2.5137781
131.95 2.5139693
131.96 2.5141366
131.97 2.5143278
131.98 2.514519
131.99 2.5146863
132.0 2.5148775
132.01 2.5150687
132.02 2.515236
132.03 2.5154272
132.04 2.5155945
132.05 2.5157857
132.06 2.5159769
132.07 2.5161442
132.08 2.5163354
132.09 2.5165027
132.1 2.5166939
132.11 2.5168612
132.12 2.5170524
132.13 2.5172197
132.14 2.517387
132.15 2.5175782
132.16 2.5177455
132.17 2.5179367
132.18 2.518104
132.19 2.5182713
132.2 2.5184625
132.21 2.5186298
132.22 2.518821
132.23 2.5189883
132.24 2.5191556
132.25 2.5193229
132.26 2.5195141
132.27 2.5196814
132.28 2.5198487
132.29 2.5200399
132.3 2.5202072
132.31 2.5203745
132.32 2.5205418
132.33 2.5207091
132.34 2.5209003
132.35 2.5210676
132.36 2.5212349
132.37 2.5214022
132.38 2.5215695
132.39 2.5217607
132.4 2.521928
132.41 2.5220953
132.42 2.5222626
132.43 2.5224299
132.44 2.5225972
132.45 2.5227645
132.46 2.5229318
132.47 2.5230991
132.48 2.5232664
132.49 2.5234337
132.5 2.5236249
132.51 2.5237922
132.52 2.5239595
132.53 2.5241268
132.54 2.5242941
132.55 2.5244614
132.56 2.5246287
132.57 2.524796
132.58 2.5249633
132.59 2.5251306
132.6 2.525274
132.61 2.5254413
132.62 2.5256086
132.63 2.5257759
132.64 2.5259432
132.65 2.5261105
132.66 2.5262778
132.67 2.5264451
132.68 2.5266124
132.69 2.5267797
132.7 2.526947
132.71 2.5270904
132.72 2.5272577
132.73 2.527425
132.74 2.5275923
132.75 2.5277596
132.76 2.5279269
132.77 2.5280703
132.78 2.5282376
132.79 2.5284049
132.8 2.5285722
132.81 2.5287395
132.82 2.5289068
132.83 2.5290502
132.84 2.5292175
132.85 2.5293848
132.86 2.5295521
132.87 2.5296955
132.88 2.5298628
132.89 2.5300301
132.9 2.5301974
132.91 2.5303408
132.92 2.5305081
132.93 2.5306754
132.94 2.5308427
132.95 2.5309861
132.96 2.5311534
132.97 2.5313207
132.98 2.5314641
132.99 2.5316314
133.0 2.5317987
133.01 2.531966
133.02 2.5321094
133.03 2.5322767
133.04 2.532444
133.05 2.5325874
133.06 2.5327547
133.07 2.532922
133.08 2.5330654
133.09 2.5332327
133.1 2.5334
133.11 2.5335434
133.12 2.5337107
133.13 2.533878
133.14 2.5340214
133.15 2.5341887
133.16 2.534356
133.17 2.5344994
133.18 2.5346667
133.19 2.534834
133.2 2.5349774
133.21 2.5351447
133.22 2.5352881
133.23 2.5354554
133.24 2.5356227
133.25 2.5357661
133.26 2.5359334
133.27 2.5361007
133.28 2.5362441
133.29 2.5364114
133.3 2.5365548
133.31 2.5367221
133.32 2.5368894
133.33 2.5370328
133.34 2.5372001
133.35 2.5373435
133.36 2.5375108
133.37 2.5376781
133.38 2.5378215
133.39 2.5379888
133.4 2.5381561
133.41 2.5382995
133.42 2.5384668
133.43 2.5386102
133.44 2.5387775
133.45 2.5389448
133.46 2.5390882
133.47 2.5392555
133.48 2.5393989
133.49 2.5395662
133.5 2.5397335
133.51 2.5398769
133.52 2.5400442
133.53 2.5401876
133.54 2.5403549
133.55 2.5405222
133.56 2.5406656
133.57 2.5408329
133.58 2.5410002
133.59 2.5411436
133.6 2.5413109
133.61 2.5414543
133.62 2.5416216
133.63 2.5417889
133.64 2.5419323
133.65 2.5420996
133.66 2.5422669
133.67 2.5424103
133.68 2.5425776
133.69 2.542721
133.7 2.5428883
133.71 2.5430556
133.72 2.543199
133.73 2.5433663
133.74 2.5435336
133.75 2.543677
133.76 2.5438443
133.77 2.5440116
133.78 2.544155
133.79 2.5443223
133.8 2.5444896
133.81 2.544633
133.82 2.5448003
133.83 2.5449676
133.84 2.545111
133.85 2.5452783
133.86 2.5454456
133.87 2.5456129
133.88 2.5457563
133.89 2.5459236
133.9 2.5460909
133.91 2.5462343
133.92 2.5464016
133.93 2.5465689
133.94 2.5467362
133.95 2.5468796
133.96 2.5470469
133.97 2.5472142
133.98 2.5473815
133.99 2.5475249
134.0 2.5476922
134.01 2.5478595
134.02 2.5480268
134.03 2.5481941
134.04 2.5483375
134.05 2.5485048
134.06 2.5486721
134.07 2.5488394
134.08 2.5490067
134.09 2.549174
134.1 2.5493413
134.11 2.5494847
134.12 2.549652
134.13 2.5498193
134.14 2.5499866
134.15 2.5501539
134.16 2.5503212
134.17 2.5504885
134.18 2.5506558
134.19 2.5508231
134.2 2.5509904
134.21 2.5511577
134.22 2.551325
134.23 2.5514923
134.24 2.5516596
134.25 2.5518269
134.26 2.5519942
134.27 2.5521615
134.28 2.5523288
134.29 2.5524961
134.3 2.5526634
134.31 2.5528307
134.32 2.552998
134.33 2.5531892
134.34 2.5533565
134.35 2.5535238
134.36 2.5536911
134.37 2.5538584
134.38 2.5540257
134.39 2.5542169
134.4 2.5543842
134.41 2.5545515
134.42 2.5547188
134.43 2.55491
134.44 2.5550773
134.45 2.5552446
134.46 2.5554358
134.47 2.5556031
134.48 2.5557943
134.49 2.5559616
134.5 2.5561289
134.51 2.5563201
134.52 2.5564874
134.53 2.5566786
134.54 2.5568459
134.55 2.5570371
134.56 2.5572044
134.57 2.5573956
134.58 2.5575629
134.59 2.5577541
134.6 2.5579453
134.61 2.5581126
134.62 2.5583038
134.63 2.558495
134.64 2.5586623
134.65 2.5588535
134.66 2.5590447
134.67 2.5592359
134.68 2.5594032
134.69 2.5595944
134.7 2.5597856
134.71 2.5599768
134.72 2.560168
134.73 2.5603592
134.74 2.5605504
134.75 2.5607416
134.76 2.5609328
134.77 2.561124
134.78 2.5613152
134.79 2.5615064
134.8 2.5616976
134.81 2.5618888
134.82 2.56208
134.83 2.5622712
134.84 2.5624624
134.85 2.5626775
134.86 2.5628687
134.87 2.5630599
134.88 2.5632511
134.89 2.5634662
134.9 2.5636574
134.91 2.5638486
134.92 2.5640637
134.93 2.5642549
134.94 2.56447
134.95 2.5646612
134.96 2.5648763
134.97 2.5650675
134.98 2.5652826
134.99 2.5654738
135.0 2.5656889
135.01 2.565904
135.02 2.5660952
135.03 2.5663103
135.04 2.5665254
135.05 2.5667405
135.06 2.5669317
135.07 2.5671468
135.08 2.5673619
135.09 2.567577
135.1 2.5677921
135.11 2.5680072
135.12 2.5682223
135.13 2.5684374
135.14 2.5686525
135.15 2.5688676
135.16 2.5690827
135.17 2.5693217
135.18 2.5695368
135.19 2.5697519
135.2 2.569967
135.21 2.570206
135.22 2.5704211
135.23 2.5706362
135.24 2.5708752
135.25 2.5710903
135.26 2.5713293
135.27 2.5715444
135.28 2.5717834
135.29 2.5720224
135.3 2.5722375
135.31 2.5724765
135.32 2.5727155
135.33 2.5729306
135.34 2.5731696
135.35 2.5734086
135.36 2.5736476
135.37 2.5738866
135.38 2.5741256
135.39 2.5743646
135.4 2.5746036
135.41 2.5748426
135.42 2.5750816
135.43 2.5753206
135.44 2.5755596
135.45 2.5757986
135.46 2.5760615
135.47 2.5763005
135.48 2.5765395
135.49 2.5768024
135.5 2.5770414
135.51 2.5773043
135.52 2.5775433
135.53 2.5778062
135.54 2.5780452
135.55 2.5783081
135.56 2.578571
135.57 2.57881
135.58 2.5790729
135.59 2.5793358
135.6 2.5795987
135.61 2.5798616
135.62 2.5801245
135.63 2.5803874
135.64 2.5806503
135.65 2.5809132
135.66 2.5811761
135.67 2.581439
135.68 2.5817019
135.69 2.5819648
135.7 2.5822516
135.71 2.5825145
135.72 2.5828013
135.73 2.5830642
135.74 2.5833271
135.75 2.5836139
135.76 2.5839007
135.77 2.5841636
135.78 2.5844504
135.79 2.5847372
135.8 2.5850001
135.81 2.5852869
135.82 2.5855737
135.83 2.5858605
135.84 2.5861473
135.85 2.5864341
135.86 2.5867209
135.87 2.5870077
135.88 2.5872945
135.89 2.5876052
135.9 2.587892
135.91 2.5881788
135.92 2.5884895
135.93 2.5887763
135.94 2.589087
135.95 2.5893738
135.96 2.5896845
135.97 2.5899713
135.98 2.590282
135.99 2.5905927
136.0 2.5909034
136.01 2.5911902
136.02 2.5915009
136.03 2.5918116
136.04 2.5921223
136.05 2.592433
136.06 2.5927676
136.07 2.5930783
136.08 2.593389
136.09 2.5936997
136.1 2.5940343
136.11 2.594345
136.12 2.5946557
136.13 2.5949903
136.14 2.595301
136.15 2.5956356
136.16 2.5959702
136.17 2.5963048
136.18 2.5966155
136.19 2.5969501
136.2 2.5972847
136.21 2.5976193
136.22 2.5979539
136.23 2.5982885
136.24 2.5986231
136.25 2.5989577
136.26 2.5993162
136.27 2.5996508
136.28 2.5999854
136.29 2.6003439
136.3 2.6006785
136.31 2.601037
136.32 2.6013955
136.33 2.6017301
136.34 2.6020886
136.35 2.6024471
136.36 2.6028056
136.37 2.6031641
136.38 2.6035226
136.39 2.6038811
136.4 2.6042396
136.41 2.6045981
136.42 2.6049566
136.43 2.6053151
136.44 2.6056975
136.45 2.606056
136.46 2.6064384
136.47 2.6067969
136.48 2.6071793
136.49 2.6075617
136.5 2.6079202
136.51 2.6083026
136.52 2.608685
136.53 2.6090674
136.54 2.6094498
136.55 2.6098322
136.56 2.6102146
136.57 2.610597
136.58 2.6110033
136.59 2.6113857
136.6 2.6117681
136.61 2.6121744
136.62 2.6125568
136.63 2.6129631
136.64 2.6133694
136.65 2.6137518
136.66 2.6141581
136.67 2.6145644
136.68 2.6149707
136.69 2.615377
136.7 2.6157833
136.71 2.6161896
136.72 2.6166198
136.73 2.6170261
136.74 2.6174324
136.75 2.6178626
136.76 2.6182689
136.77 2.6186991
136.78 2.6191054
136.79 2.6195356
136.8 2.6199658
136.81 2.620396
136.82 2.6208262
136.83 2.6212564
136.84 2.6216866
136.85 2.6221168
136.86 2.622547
136.87 2.6230011
136.88 2.6234313
136.89 2.6238615
136.9 2.6243156
136.91 2.6247697
136.92 2.6251999
136.93 2.625654
136.94 2.6261081
136.95 2.6265622
136.96 2.6270163
136.97 2.6274704
136.98 2.6279245
136.99 2.6283786
137.0 2.6288327
137.01 2.6293107
137.02 2.6297648
137.03 2.6302428
137.04 2.6306969
137.05 2.6311749
137.06 2.6316529
137.07 2.632107
137.08 2.632585
137.09 2.633063
137.1 2.633541
137.11 2.634019
137.12 2.6345209
137.13 2.6349989
137.14 2.6354769
137.15 2.6359788
137.16 2.6364568
137.17 2.6369587
137.18 2.6374606
137.19 2.6379386
137.2 2.6384405
137.21 2.6389424
137.22 2.6394443
137.23 2.6399462
137.24 2.6404481
137.25 2.6409739
137.26 2.6414758
137.27 2.6419777
137.28 2.6425035
137.29 2.6430054
137.3 2.6435312
137.31 2.644057
137.32 2.6445828
137.33 2.6451086
137.34 2.6456344
137.35 2.6461602
137.36 2.646686
137.37 2.6472118
137.38 2.6477615
137.39 2.6482873
137.4 2.6488131
137.41 2.6493628
137.42 2.6499125
137.43 2.6504622
137.44 2.650988
137.45 2.6515377
137.46 2.6520874
137.47 2.652661
137.48 2.6532107
137.49 2.6537604
137.5 2.654334
137.51 2.6548837
137.52 2.6554573
137.53 2.656007
137.54 2.6565806
137.55 2.6571542
137.56 2.6577278
137.57 2.6583014
137.58 2.658875
137.59 2.6594486
137.6 2.6600461
137.61 2.6606197
137.62 2.6612172
137.63 2.6617908
137.64 2.6623883
137.65 2.6629858
137.66 2.6635833
137.67 2.6641808
137.68 2.6647783
137.69 2.6653758
137.7 2.6659972
137.71 2.6665947
137.72 2.6671922
137.73 2.6678136
137.74 2.668435
137.75 2.6690564
137.76 2.6696778
137.77 2.6702992
137.78 2.6709206
137.79 2.671542
137.8 2.6721634
137.81 2.6728087
137.82 2.6734301
137.83 2.6740754
137.84 2.6747207
137.85 2.6753421
137.86 2.6759874
137.87 2.6766327
137.88 2.6773019
137.89 2.6779472
137.9 2.6785925
137.91 2.6792617
137.92 2.679907
137.93 2.6805762
137.94 2.6812454
137.95 2.6819146
137.96 2.6825838
137.97 2.683253
137.98 2.6839222
137.99 2.6845914
138.0 2.6852845
138.01 2.6859537
138.02 2.6866468
138.03 2.6873399
138.04 2.688033
138.05 2.6887261
138.06 2.6894192
138.07 2.6901123
138.08 2.6908054
138.09 2.6915224
138.1 2.6922155
138.11 2.6929325
138.12 2.6936495
138.13 2.6943665
138.14 2.6950835
138.15 2.6958005
138.16 2.6965175
138.17 2.6972584
138.18 2.6979754
138.19 2.6987163
138.2 2.6994572
138.21 2.7001742
138.22 2.7009151
138.23 2.7016799
138.24 2.7024208
138.25 2.7031617
138.26 2.7039265
138.27 2.7046674
138.28 2.7054322
138.29 2.706197
138.3 2.7069618
138.31 2.7077266
138.32 2.7084914
138.33 2.7092562
138.34 2.7100449
138.35 2.7108097
138.36 2.7115984
138.37 2.7123871
138.38 2.7131758
138.39 2.7139645
138.4 2.7147532
138.41 2.7155419
138.42 2.7163545
138.43 2.7171432
138.44 2.7179558
138.45 2.7187684
138.46 2.719581
138.47 2.7203936
138.48 2.7212062
138.49 2.7220188
138.5 2.7228553
138.51 2.7236679
138.52 2.7245044
138.53 2.7253409
138.54 2.7261774
138.55 2.7270139
138.56 2.7278504
138.57 2.7287108
138.58 2.7295473
138.59 2.7304077
138.6 2.7312681
138.61 2.7321046
138.62 2.7329889
138.63 2.7338493
138.64 2.7347097
138.65 2.735594
138.66 2.7364544
138.67 2.7373387
138.68 2.738223
138.69 2.7391073
138.7 2.7399916
138.71 2.7408998
138.72 2.7417841
138.73 2.7426923
138.74 2.7436005
138.75 2.7445087
138.76 2.7454169
138.77 2.7463251
138.78 2.7472333
138.79 2.7481654
138.8 2.7490975
138.81 2.7500057
138.82 2.7509378
138.83 2.7518938
138.84 2.7528259
138.85 2.753758
138.86 2.754714
138.87 2.75567
138.88 2.756626
138.89 2.757582
138.9 2.758538
138.91 2.759494
138.92 2.7604739
138.93 2.7614538
138.94 2.7624337
138.95 2.7634136
138.96 2.7643935
138.97 2.7653734
138.98 2.7663772
138.99 2.7673571
139.0 2.7683609
139.01 2.7693647
139.02 2.7703685
139.03 2.7713962
139.04 2.7724
139.05 2.7734277
139.06 2.7744554
139.07 2.7754831
139.08 2.7765108
139.09 2.7775624
139.1 2.7785901
139.11 2.7796417
139.12 2.7806933
139.13 2.7817449
139.14 2.7827965
139.15 2.7838481
139.16 2.7849236
139.17 2.7859991
139.18 2.7870746
139.19 2.7881501
139.2 2.7892256
139.21 2.790325
139.22 2.7914005
139.23 2.7924999
139.24 2.7935993
139.25 2.7946987
139.26 2.795822
139.27 2.7969214
139.28 2.7980447
139.29 2.799168
139.3 2.8002913
139.31 2.8014385
139.32 2.8025618
139.33 2.803709
139.34 2.8048562
139.35 2.8060034
139.36 2.8071506
139.37 2.8082978
139.38 2.8094689
139.39 2.81064
139.4 2.8118111
139.41 2.8129822
139.42 2.8141772
139.43 2.8153483
139.44 2.8165433
139.45 2.8177383
139.46 2.8189333
139.47 2.8201522
139.48 2.8213472
139.49 2.8225661
139.5 2.823785
139.51 2.8250039
139.52 2.8262228
139.53 2.8274656
139.54 2.8287084
139.55 2.8299512
139.56 2.831194
139.57 2.8324368
139.58 2.8337035
139.59 2.8349702
139.6 2.8362369
139.61 2.8375036
139.62 2.8387942
139.63 2.8400609
139.64 2.8413515
139.65 2.8426421
139.66 2.8439327
139.67 2.8452472
139.68 2.8465617
139.69 2.8478523
139.7 2.8491907
139.71 2.8505052
139.72 2.8518197
139.73 2.8531581
139.74 2.8544965
139.75 2.8558349
139.76 2.8571972
139.77 2.8585356
139.78 2.8598979
139.79 2.8612602
139.8 2.8626464
139.81 2.8640087
139.82 2.8653949
139.83 2.8667811
139.84 2.8681673
139.85 2.8695535
139.86 2.8709636
139.87 2.8723737
139.88 2.8737838
139.89 2.8751939
139.9 2.8766279
139.91 2.8780619
139.92 2.8794959
139.93 2.8809299
139.94 2.8823639
139.95 2.8838218
139.96 2.8852797
139.97 2.8867376
139.98 2.8881955
139.99 2.8896773
140.0 2.8911591
140.01 2.8926409
140.02 2.8941227
140.03 2.8956284
140.04 2.8971341
140.05 2.8986398
140.06 2.9001455
140.07 2.9016512
140.08 2.9031808
140.09 2.9047104
140.1 2.90624
140.11 2.9077935
140.12 2.9093231
140.13 2.9108766
140.14 2.912454
140.15 2.9140075
140.16 2.9155849
140.17 2.9171623
140.18 2.9187397
140.19 2.9203171
140.2 2.9219184
140.21 2.9235197
140.22 2.925121
140.23 2.9267223
140.24 2.9283475
140.25 2.9299727
140.26 2.9315979
140.27 2.9332231
140.28 2.9348722
140.29 2.9365213
140.3 2.9381704
140.31 2.9398434
140.32 2.9414925
140.33 2.9431655
140.34 2.9448385
140.35 2.9465354
140.36 2.9482323
140.37 2.9499292
140.38 2.9516261
140.39 2.953323
140.4 2.9550438
140.41 2.9567646
140.42 2.9584854
140.43 2.9602301
140.44 2.9619748
140.45 2.9637195
140.46 2.9654642
140.47 2.9672328
140.48 2.9690014
140.49 2.97077
140.5 2.9725386
140.51 2.9743311
140.52 2.9761236
140.53 2.9779161
140.54 2.9797325
140.55 2.9815489
140.56 2.9833653
140.57 2.9851817
140.58 2.987022
140.59 2.9888384
140.6 2.9907026
140.61 2.9925429
140.62 2.9944071
140.63 2.9962713
140.64 2.9981355
140.65 3.0000236
140.66 3.0019117
140.67 3.0037998
140.68 3.0056879
140.69 3.0075999
140.7 3.0095119
140.71 3.0114239
140.72 3.0133598
140.73 3.0152718
140.74 3.0172316
140.75 3.0191675
140.76 3.0211273
140.77 3.0230871
140.78 3.0250469
140.79 3.0270306
140.8 3.0290143
140.81 3.030998
140.82 3.0329817
140.83 3.0349893
140.84 3.0369969
140.85 3.0390284
140.86 3.041036
140.87 3.0430675
140.88 3.045099
140.89 3.0471544
140.9 3.0492098
140.91 3.0512652
140.92 3.0533445
140.93 3.0553999
140.94 3.0574792
140.95 3.0595824
140.96 3.0616856
140.97 3.0637888
140.98 3.065892
140.99 3.0680191
141.0 3.0701462
141.01 3.0722733
141.02 3.0744004
141.03 3.0765514
141.04 3.0787024
141.05 3.0808773
141.06 3.0830522
141.07 3.0852271
141.08 3.087402
141.09 3.0896008
141.1 3.0917996
141.11 3.0940223
141.12 3.0962211
141.13 3.0984438
141.14 3.1006904
141.15 3.1029131
141.16 3.1051597
141.17 3.1074302
141.18 3.1096768
141.19 3.1119473
141.2 3.1142417
141.21 3.1165122
141.22 3.1188066
141.23 3.1211249
141.24 3.1234193
141.25 3.1257376
141.26 3.1280559
141.27 3.1303981
141.28 3.1327403
141.29 3.1350825
141.3 3.1374486
141.31 3.1398147
141.32 3.1421808
141.33 3.1445708
141.34 3.1469608
141.35 3.1493508
141.36 3.1517408
141.37 3.1541547
141.38 3.1565925
141.39 3.1590064
141.4 3.1614442
141.41 3.1639059
141.42 3.1663437
141.43 3.1688054
141.44 3.171291
141.45 3.1737527
141.46 3.1762622
141.47 3.1787478
141.48 3.1812573
141.49 3.1837668
141.5 3.1862763
141.51 3.1888097
141.52 3.1913431
141.53 3.1939004
141.54 3.1964577
141.55 3.199015
141.56 3.2015723
141.57 3.2041535
141.58 3.2067586
141.59 3.2093398
141.6 3.2119449
141.61 3.21455
141.62 3.217179
141.63 3.219808
141.64 3.2224609
141.65 3.2250899
141.66 3.2277667
141.67 3.2304196
141.68 3.2330964
141.69 3.2357732
141.7 3.2384739
141.71 3.2411746
141.72 3.2438753
141.73 3.2465999
141.74 3.2493245
141.75 3.2520491
141.76 3.2547976
141.77 3.2575461
141.78 3.2603185
141.79 3.2630909
141.8 3.2658633
141.81 3.2686596
141.82 3.2714559
141.83 3.2742522
141.84 3.2770724
141.85 3.2798926
141.86 3.2827367
141.87 3.2855808
141.88 3.2884249
141.89 3.2912929
141.9 3.2941609
141.91 3.2970289
141.92 3.2999208
141.93 3.3028366
141.94 3.3057285
141.95 3.3086443
141.96 3.311584
141.97 3.3144998
141.98 3.3174634
141.99 3.3204031
142.0 3.3233667
142.01 3.3263303
142.02 3.3293178
142.03 3.3323053
142.04 3.3353167
142.05 3.3383281
142.06 3.3413395
142.07 3.3443748
142.08 3.3474101
142.09 3.3504454
142.1 3.3535046
142.11 3.3565638
142.12 3.3596469
142.13 3.36273
142.14 3.365837
142.15 3.3689201
142.16 3.372051
142.17 3.375158
142.18 3.3782889
142.19 3.3814437
142.2 3.3845985
142.21 3.3877533
142.22 3.390932
142.23 3.3941107
142.24 3.3973133
142.25 3.4005159
142.26 3.4037185
142.27 3.406945
142.28 3.4101715
142.29 3.413398
142.3 3.4166484
142.31 3.4199227
142.32 3.423197
142.33 3.4264713
142.34 3.4297695
142.35 3.4330677
142.36 3.4363659
142.37 3.439688
142.38 3.4430101
142.39 3.4463561
142.4 3.4497021
142.41 3.453072
142.42 3.4564419
142.43 3.4598118
142.44 3.4632056
142.45 3.4665994
142.46 3.4700171
142.47 3.4734348
142.48 3.4768764
142.49 3.480318
142.5 3.4837596
142.51 3.4872251
142.52 3.4906906
142.53 3.49418
142.54 3.4976694
142.55 3.5011827
142.56 3.504696
142.57 3.5082093
142.58 3.5117465
142.59 3.5153076
142.6 3.5188448
142.61 3.5224298
142.62 3.5259909
142.63 3.5295759
142.64 3.5331848
142.65 3.5367937
142.66 3.5404026
142.67 3.5440354
142.68 3.5476682
142.69 3.5513249
142.7 3.5549816
142.71 3.5586622
142.72 3.5623428
142.73 3.5660473
142.74 3.5697518
142.75 3.5734563
142.76 3.5771847
142.77 3.5809131
142.78 3.5846654
142.79 3.5884177
142.8 3.5921939
142.81 3.5959701
142.82 3.5997702
142.83 3.6035703
142.84 3.6073704
142.85 3.6111944
142.86 3.6150184
142.87 3.6188663
142.88 3.6227381
142.89 3.626586
142.9 3.6304817
142.91 3.6343535
142.92 3.6382731
142.93 3.6421688
142.94 3.6460884
142.95 3.6500319
142.96 3.6539754
142.97 3.6579189
142.98 3.6618863
142.99 3.6658776
143.0 3.6698689
143.01 3.6738602
143.02 3.6778754
143.03 3.6818906
143.04 3.6859297
143.05 3.6899688
143.06 3.6940318
143.07 3.6980948
143.08 3.7021817
143.09 3.7062686
143.1 3.7103794
143.11 3.7144902
143.12 3.7186249
143.13 3.7227596
143.14 3.7268943
143.15 3.7310529
143.16 3.7352354
143.17 3.7394179
143.18 3.7436004
143.19 3.7478068
143.2 3.7520132
143.21 3.7562435
143.22 3.7604977
143.23 3.7647519
143.24 3.7690061
143.25 3.7732842
143.26 3.7775623
143.27 3.7818643
143.28 3.7861663
143.29 3.7904922
143.3 3.7948181
143.31 3.7991679
143.32 3.8035177
143.33 3.8078914
143.34 3.8122651
143.35 3.8166388
143.36 3.8210364
143.37 3.8254579
143.38 3.8298794
143.39 3.8343248
143.4 3.8387702
143.41 3.8432156
143.42 3.8476849
143.43 3.8521781
143.44 3.8566713
143.45 3.8611645
143.46 3.8656816
143.47 3.8701987
143.48 3.8747397
143.49 3.8793046
143.5 3.8838695
143.51 3.8884344
143.52 3.8930232
143.53 3.897612
143.54 3.9022247
143.55 3.9068374
143.56 3.911474
143.57 3.9161106
143.58 3.9207711
143.59 3.9254316
143.6 3.930116
143.61 3.9348004
143.62 3.9394848
143.63 3.9441931
143.64 3.9489253
143.65 3.9536575
143.66 3.9584136
143.67 3.9631697
143.68 3.9679258
143.69 3.9727058
143.7 3.9775097
143.71 3.9823136
143.72 3.9871175
143.73 3.9919453
143.74 3.9967731
143.75 4.0016248
143.76 4.0064765
143.77 4.0113521
143.78 4.0162516
143.79 4.0211272
143.8 4.0260506
143.81 4.0309501
143.82 4.0358974
143.83 4.0408208
143.84 4.0457681
143.85 4.0507393
143.86 4.0557105
143.87 4.0607056
143.88 4.0657007
143.89 4.0706958
143.9 4.0757148
143.91 4.0807577
143.92 4.0858006
143.93 4.0908435
143.94 4.0959103
143.95 4.101001
143.96 4.1060678
143.97 4.1111824
143.98 4.116297
143.99 4.1214116
144.0 4.1265501
144.01 4.1316886
144.02 4.136851
144.03 4.1420134
144.04 4.1471758
144.05 4.152386
144.06 4.1575723
144.07 4.1627825
144.08 4.1680166
144.09 4.1732507
144.1 4.1784848
144.11 4.1837428
144.12 4.1890247
144.13 4.1943066
144.14 4.1995885
144.15 4.2048943
144.16 4.210224
144.17 4.2155298
144.18 4.2208834
144.19 4.2262131
144.2 4.2315906
144.21 4.2369442
144.22 4.2423456
144.23 4.2477231
144.24 4.2531245
144.25 4.2585498
144.26 4.2639751
144.27 4.2694243
144.28 4.2748735
144.29 4.2803227
144.3 4.2857958
144.31 4.2912928
144.32 4.2967659
144.33 4.3022868
144.34 4.3078077
144.35 4.3133286
144.36 4.3188734
144.37 4.3244182
144.38 4.3299869
144.39 4.3355556
144.4 4.3411482
144.41 4.3467408
144.42 4.3523334
144.43 4.3579738
144.44 4.3635903
144.45 4.3692307
144.46 4.374895
144.47 4.3805593
144.48 4.3862236
144.49 4.3919118
144.5 4.3976
144.51 4.4033121
144.52 4.4090242
144.53 4.4147602
144.54 4.4204962
144.55 4.4262561
144.56 4.432016
144.57 4.4377998
144.58 4.4435836
144.59 4.4493913
144.6 4.455199
144.61 4.4610067
144.62 4.4668383
144.63 4.4726699
144.64 4.4785254
144.65 4.4844048
144.66 4.4902842
144.67 4.4961636
144.68 4.5020669
144.69 4.5079702
144.7 4.5138974
144.71 4.5198246
144.72 4.5257518
144.73 4.5317268
144.74 4.5376779
144.75 4.5436529
144.76 4.5496518
144.77 4.5556507
144.78 4.5616496
144.79 4.5676724
144.8 4.5736952
144.81 4.5797419
144.82 4.5857886
144.83 4.5918592
144.84 4.5979298
144.85 4.6040243
144.86 4.6101188
144.87 4.6162372
144.88 4.6223556
144.89 4.628474
144.9 4.6346163
144.91 4.6407825
144.92 4.6469487
144.93 4.6531149
144.94 4.659305
144.95 4.6654951
144.96 4.6717091
144.97 4.6779231
144.98 4.684161
144.99 4.6903989
145.0 4.6966607
145.01 4.7029225
145.02 4.7091843
145.03 4.71547
145.04 4.7217796
145.05 4.7280892
145.06 4.7343988
145.07 4.7407323
145.08 4.7470658
145.09 4.7534232
145.1 4.7597806
145.11 4.7661619
145.12 4.7725432
145.13 4.7789484
145.14 4.7853536
145.15 4.7917588
145.16 4.7981879
145.17 4.8046409
145.18 4.8110939
145.19 4.8175469
145.2 4.8240238
145.21 4.8305007
145.22 4.8370015
145.23 4.8435023
145.24 4.850027
145.25 4.8565517
145.26 4.8631003
145.27 4.8696489
145.28 4.8761975
145.29 4.88277
145.3 4.8893425
145.31 4.8959389
145.32 4.9025592
145.33 4.9091556
145.34 4.9157998
145.35 4.9224201
145.36 4.9290882
145.37 4.9357324
145.38 4.9424005
145.39 4.9490925
145.4 4.9557845
145.41 4.9624765
145.42 4.9691924
145.43 4.9759083
145.44 4.9826481
145.45 4.9894118
145.46 4.9961516
145.47 5.0029153
145.48 5.0097029
145.49 5.0164905
145.5 5.023302
145.51 5.0301135
145.52 5.036925
145.53 5.0437604
145.54 5.0505958
145.55 5.0574551
145.56 5.0643383
145.57 5.0711976
145.58 5.0780808
145.59 5.0849879
145.6 5.091895
145.61 5.098826
145.62 5.105757
145.63 5.112688
145.64 5.1196429
145.65 5.1265978
145.66 5.1335766
145.67 5.1405793
145.68 5.1475581
145.69 5.1545608
145.7 5.1615874
145.71 5.168614
145.72 5.1756645
145.73 5.182715
145.74 5.1897655
145.75 5.1968399
145.76 5.2039143
145.77 5.2110126
145.78 5.2181109
145.79 5.2252331
145.8 5.2323553
145.81 5.2395014
145.82 5.2466475
145.83 5.2537936
145.84 5.2609636
145.85 5.2681575
145.86 5.2753514
145.87 5.2825453
145.88 5.2897631
145.89 5.2969809
145.9 5.3041987
145.91 5.3114643
145.92 5.318706
145.93 5.3259716
145.94 5.3332611
145.95 5.3405267
145.96 5.3478401
145.97 5.3551535
145.98 5.3624669
145.99 5.3698042
146.0 5.3771415
146.01 5.3844788
146.02 5.39184
146.03 5.3992251
146.04 5.4066102
146.05 5.4139953
146.06 5.4214043
146.07 5.4288133
146.08 5.4362462
146.09 5.4436791
146.1 5.4511359
146.11 5.4585927
146.12 5.4660495
146.13 5.4735302
146.14 5.4810348
146.15 5.4885394
146.16 5.496044
146.17 5.5035725
146.18 5.511101
146.19 5.5186295
146.2 5.5262058
146.21 5.5337582
146.22 5.5413345
146.23 5.5489347
146.24 5.556511
146.25 5.5641351
146.26 5.5717353
146.27 5.5793833
146.28 5.5870074
146.29 5.5946554
146.3 5.6023273
146.31 5.6099992
146.32 5.6176711
146.33 5.6253669
146.34 5.6330866
146.35 5.6407824
146.36 5.648526
146.37 5.6562457
146.38 5.6639893
146.39 5.6717568
146.4 5.6795243
146.41 5.6872918
146.42 5.6950832
146.43 5.7028746
146.44 5.7106899
146.45 5.7185052
146.46 5.7263444
146.47 5.7341836
146.48 5.7420467
146.49 5.7499098
146.5 5.7577729
146.51 5.7656599
146.52 5.7735469
146.53 5.7814578
146.54 5.7893687
146.55 5.7973035
146.56 5.8052383
146.57 5.8131731
146.58 5.8211318
146.59 5.8291144
146.6 5.837097
146.61 5.8450796
146.62 5.8530622
146.63 5.8610926
146.64 5.8690991
146.65 5.8771295
146.66 5.8851838
146.67 5.8932381
146.68 5.9012924
146.69 5.9093706
146.7 5.9174488
146.71 5.9255509
146.72 5.933653
146.73 5.9417551
146.74 5.9498811
146.75 5.958031
146.76 5.9661809
146.77 5.9743308
146.78 5.9825046
146.79 5.9906784
146.8 5.9988522
146.81 6.0070499
146.82 6.0152715
146.83 6.0234931
146.84 6.0317147
146.85 6.0399602
146.86 6.0482057
146.87 6.0564751
146.88 6.0647445
146.89 6.0730378
146.9 6.0813311
146.91 6.0896244
146.92 6.0979416
146.93 6.1062588
146.94 6.1145999
146.95 6.122941
146.96 6.131306
146.97 6.139671
146.98 6.148036
146.99 6.1564249
147.0 6.1648377
147.01 6.1732266
147.02 6.1816633
147.03 6.1900761
147.04 6.1985128
147.05 6.2069734
147.06 6.215434
147.07 6.2238946
147.08 6.2323791
147.09 6.2408636
147.1 6.249372
147.11 6.2578804
147.12 6.2664127
147.13 6.274945
147.14 6.2834773
147.15 6.2920335
147.16 6.3005897
147.17 6.3091698
147.18 6.3177499
147.19 6.3263539
147.2 6.3349579
147.21 6.3435619
147.22 6.3521898
147.23 6.3608177
147.24 6.3694695
147.25 6.3781213
147.26 6.386797
147.27 6.3954727
147.28 6.4041723
147.29 6.4128719
147.3 6.4215715
147.31 6.430295
147.32 6.4390185
147.33 6.4477659
147.34 6.4565133
147.35 6.4652607
147.36 6.474032
147.37 6.4828033
147.38 6.4915985
147.39 6.5003937
147.4 6.5092128
147.41 6.5180319
147.42 6.5268749
147.43 6.5357179
147.44 6.5445609
147.45 6.5534278
147.46 6.5622947
147.47 6.5711855
147.48 6.5800763
147.49 6.5889671
147.5 6.5978818
147.51 6.6068204
147.52 6.615759
147.53 6.6246976
147.54 6.6336601
147.55 6.6426226
147.56 6.6515851
147.57 6.6605715
147.58 6.6695579
147.59 6.6785682
147.6 6.6876024
147.61 6.6966127
147.62 6.7056469
147.63 6.714705
147.64 6.7237631
147.65 6.7328212
147.66 6.7419032
147.67 6.7509852
147.68 6.7600911
147.69 6.769197
147.7 6.7783029
147.71 6.7874327
147.72 6.7965864
147.73 6.8057401
147.74 6.8148938
147.75 6.8240475
147.76 6.8332251
147.77 6.8424266
147.78 6.8516281
147.79 6.8608296
147.8 6.870055
147.81 6.8792804
147.82 6.8885297
147.83 6.897779
147.84 6.9070283
147.85 6.9163015
147.86 6.9255747
147.87 6.9348718
147.88 6.9441689
147.89 6.9534899
147.9 6.9628109
147.91 6.9721319
147.92 6.9814768
147.93 6.9908456
147.94 7.0001905
147.95 7.0095593
147.96 7.018952
147.97 7.0283447
147.98 7.0377374
147.99 7.047154
148.0 7.0565706
148.01 7.0660111
148.02 7.0754516
148.03 7.084916
148.04 7.0943565
148.05 7.1038448
148.06 7.1133331
148.07 7.1228214
148.08 7.1323097
148.09 7.1418219
148.1 7.151358
148.11 7.1608941
148.12 7.1704302
148.13 7.1799902
148.14 7.1895502
148.15 7.1991102
148.16 7.2086941
148.17 7.2183019
148.18 7.2279097
148.19 7.2375175
148.2 7.2471492
148.21 7.2567809
148.22 7.2664126
148.23 7.2760682
148.24 7.2857238
148.25 7.2954033
148.26 7.3050828
148.27 7.3147862
148.28 7.3244896
148.29 7.334193
148.3 7.3439203
148.31 7.3536476
148.32 7.3633988
148.33 7.37315
148.34 7.3829251
148.35 7.3927002
148.36 7.4024753
148.37 7.4122743
148.38 7.4220733
148.39 7.4318962
148.4 7.4417191
148.41 7.451542
148.42 7.4613888
148.43 7.4712356
148.44 7.4811063
148.45 7.490977
148.46 7.5008477
148.47 7.5107423
148.48 7.5206608
148.49 7.5305793
148.5 7.5404978
148.51 7.5504163
148.52 7.5603587
148.53 7.570325
148.54 7.5802913
148.55 7.5902576
148.56 7.6002478
148.57 7.610238
148.58 7.6202282
148.59 7.6302423
148.6 7.6402564
148.61 7.6502944
148.62 7.6603324
148.63 7.6703943
148.64 7.6804562
148.65 7.6905181
148.66 7.7006039
148.67 7.7106897
148.68 7.7207994
148.69 7.7309091
148.7 7.7410427
148.71 7.7511524
148.72 7.7613099
148.73 7.7714435
148.74 7.7816249
148.75 7.7917824
148.76 7.8019638
148.77 7.8121452
148.78 7.8223505
148.79 7.8325558
148.8 7.842785
148.81 7.8530142
148.82 7.8632434
148.83 7.8734965
148.84 7.8837496
148.85 7.8940266
148.86 7.9043036
148.87 7.9146045
148.88 7.9248815
148.89 7.9352063
148.9 7.9455072
148.91 7.9558559
148.92 7.9661807
148.93 7.9765294
148.94 7.9868781
148.95 7.9972507
148.96 8.0076233
148.97 8.0180198
148.98 8.0284163
148.99 8.0388128
149.0 8.0492332
149.01 8.0596536
149.02 8.0700979
149.03 8.0805422
149.04 8.0909865
149.05 8.1014547
149.06 8.1119468
149.07 8.122415
149.08 8.1329071
149.09 8.1434231
149.1 8.1539391
149.11 8.1644551
149.12 8.174995
149.13 8.1855349
149.14 8.1960748
149.15 8.2066386
149.16 8.2172263
149.17 8.2277901
149.18 8.2383778
149.19 8.2489894
149.2 8.259601
149.21 8.2702126
149.22 8.2808481
149.23 8.2914836
149.24 8.302143
149.25 8.3128024
149.26 8.3234618
149.27 8.3341451
149.28 8.3448284
149.29 8.3555356
149.3 8.3662428
149.31 8.37695
149.32 8.3876811
149.33 8.3984122
149.34 8.4091672
149.35 8.4199222
149.36 8.4306772
149.37 8.4414561
149.38 8.4522589
149.39 8.4630378
149.4 8.4738406
149.41 8.4846673
149.42 8.495494
149.43 8.5063207
149.44 8.5171713
149.45 8.5280219
149.46 8.5388725
149.47 8.549747
149.48 8.5606215
149.49 8.5715199
149.5 8.5824183
149.51 8.5933406
149.52 8.604239
149.53 8.6151852
149.54 8.6261075
149.55 8.6370776
149.56 8.6480238
149.57 8.6589939
149.58 8.669964
149.59 8.680958
149.6 8.691952
149.61 8.7029699
149.62 8.7139878
149.63 8.7250057
149.64 8.7360475
149.65 8.7470893
149.66 8.7581311
149.67 8.7691968
149.68 8.7802625
149.69 8.7913521
149.7 8.8024417
149.71 8.8135552
149.72 8.8246687
149.73 8.8357822
149.74 8.8469196
149.75 8.858057
149.76 8.8691944
149.77 8.8803557
149.78 8.8915409
149.79 8.9027022
149.8 8.9138874
149.81 8.9250965
149.82 8.9363056
149.83 8.9475147
149.84 8.9587477
149.85 8.9699807
149.86 8.9812137
149.87 8.9924706
149.88 9.0037514
149.89 9.0150083
149.9 9.0262891
149.91 9.0375938
149.92 9.0488985
149.93 9.0602032
149.94 9.0715318
149.95 9.0828604
149.96 9.094189
149.97 9.1055415
149.98 9.116894
149.99 9.1282704
150.0 9.1396468
150.01 9.1510232
150.02 9.1624235
150.03 9.1738477
150.04 9.185248
150.05 9.1966722
150.06 9.2081203
150.07 9.2195445
150.08 9.2310165
150.09 9.2424646
150.1 9.2539366
150.11 9.2654325
150.12 9.2769045
150.13 9.2884243
150.14 9.2999202
150.15 9.31144
150.16 9.3229837
150.17 9.3345035
150.18 9.3460711
150.19 9.3576148
150.2 9.3691824
150.21 9.38075
150.22 9.3923415
150.23 9.403933
150.24 9.4155484
150.25 9.4271638
150.26 9.4387792
150.27 9.4504185
150.28 9.4620578
150.29 9.4736971
150.3 9.4853603
150.31 9.4970235
150.32 9.5087106
150.33 9.5203977
150.34 9.5320848
150.35 9.5437958
150.36 9.5555068
150.37 9.5672417
150.38 9.5789766
150.39 9.5907115
150.4 9.6024703
150.41 9.6142291
150.42 9.6260118
150.43 9.6377945
150.44 9.6495772
150.45 9.6613838
150.46 9.6731904
150.47 9.6850209
150.48 9.6968514
150.49 9.7086819
150.5 9.7205363
150.51 9.7323907
150.52 9.7442451
150.53 9.7561234
150.54 9.7680017
150.55 9.7799039
150.56 9.7918061
150.57 9.8037083
150.58 9.8156344
150.59 9.8275605
150.6 9.8395105
150.61 9.8514605
150.62 9.8634105
150.63 9.8753844
150.64 9.8873583
150.65 9.8993322
150.66 9.91133
150.67 9.9233517
150.68 9.9353495
150.69 9.9473712
150.7 9.9594168
150.71 9.9714624
150.72 9.983508
150.73 9.9955536
150.74 10.0076231
150.75 10.0197165
150.76 10.031786
150.77 10.0439033
150.78 10.0559967
150.79 10.068114
150.8 10.0802313
150.81 10.0923725
150.82 10.1045137
150.83 10.1166788
150.84 10.12882
150.85 10.141009
150.86 10.1531741
150.87 10.1653631
150.88 10.177576
150.89 10.189765
150.9 10.2020018
150.91 10.2142147
150.92 10.2264515
150.93 10.2386883
150.94 10.250949
150.95 10.2632097
150.96 10.2754704
150.97 10.287755
150.98 10.3000396
150.99 10.3123481
151.0 10.3246566
151.01 10.3369651
151.02 10.3492975
151.03 10.3616299
151.04 10.3739862
151.05 10.3863425
151.06 10.3986988
151.07 10.411079
151.08 10.4234592
151.09 10.4358394
151.1 10.4482435
151.11 10.4606476
151.12 10.4730756
151.13 10.4855036
151.14 10.4979316
151.15 10.5103835
151.16 10.5228354
151.17 10.5352873
151.18 10.5477631
151.19 10.5602389
151.2 10.5727386
151.21 10.5852383
151.22 10.597738
151.23 10.6102616
151.24 10.6227852
151.25 10.6353327
151.26 10.6478563
151.27 10.6604277
151.28 10.6729752
151.29 10.6855466
151.3 10.6981419
151.31 10.7107372
151.32 10.7233325
151.33 10.7359278
151.34 10.748547
151.35 10.7611662
151.36 10.7738093
151.37 10.7864524
151.38 10.7991194
151.39 10.8117625
151.4 10.8244534
151.41 10.8371204
151.42 10.8498113
151.43 10.8625022
151.44 10.875217
151.45 10.8879318
151.46 10.9006705
151.47 10.9133853
151.48 10.9261479
151.49 10.9388866
151.5 10.9516492
151.51 10.9644118
151.52 10.9771983
151.53 10.9899848
151.54 11.0027952
151.55 11.0156056
151.56 11.028416
151.57 11.0412264
151.58 11.0540607
151.59 11.0669189
151.6 11.0797532
151.61 11.0926114
151.62 11.1054935
151.63 11.1183756
151.64 11.1312577
151.65 11.1441398
151.66 11.1570458
151.67 11.1699757
151.68 11.1828817
151.69 11.1958355
151.7 11.2087654
151.71 11.2217192
151.72 11.234673
151.73 11.2476507
151.74 11.2606045
151.75 11.2736061
151.76 11.2865838
151.77 11.2996093
151.78 11.3126109
151.79 11.3256364
151.8 11.3386619
151.81 11.3516874
151.82 11.3647368
151.83 11.3778101
151.84 11.3908595
151.85 11.4039328
151.86 11.41703
151.87 11.4301272
151.88 11.4432244
151.89 11.4563216
151.9 11.4694427
151.91 11.4825638
151.92 11.4957088
151.93 11.5088538
151.94 11.5219988
151.95 11.5351677
151.96 11.5483366
151.97 11.5615294
151.98 11.5747222
151.99 11.587915
152.0 11.6011078
152.01 11.6143245
152.02 11.6275651
152.03 11.6407818
152.04 11.6540224
152.05 11.6672869
152.06 11.6805514
152.07 11.6938159
152.08 11.7070804
152.09 11.7203688
152.1 11.7336811
152.11 11.7469695
152.12 11.7602818
152.13 11.773618
152.14 11.7869303
152.15 11.8002665
152.16 11.8136266
152.17 11.8269867
152.18 11.8403468
152.19 11.8537308
152.2 11.8671148
152.21 11.8804988
152.22 11.8939067
152.23 11.9073146
152.24 11.9207225
152.25 11.9341543
152.26 11.9475861
152.27 11.9610179
152.28 11.9744736
152.29 11.9879532
152.3 12.0014089
152.31 12.0148885
152.32 12.028392
152.33 12.0418716
152.34 12.0553751
152.35 12.0689025
152.36 12.0824299
152.37 12.0959573
152.38 12.1094847
152.39 12.123036
152.4 12.1365873
152.41 12.1501625
152.42 12.1637377
152.43 12.1773129
152.44 12.190912
152.45 12.2045111
152.46 12.2181341
152.47 12.2317332
152.48 12.2453801
152.49 12.2590031
152.5 12.27265
152.51 12.2862969
152.52 12.2999677
152.53 12.3136385
152.54 12.3273093
152.55 12.341004
152.56 12.3546987
152.57 12.3683934
152.58 12.382112
152.59 12.3958306
152.6 12.4095731
152.61 12.4233156
152.62 12.4370581
152.63 12.4508245
152.64 12.4645909
152.65 12.4783573
152.66 12.4921476
152.67 12.5059379
152.68 12.5197282
152.69 12.5335424
152.7 12.5473566
152.71 12.5611947
152.72 12.5750089
152.73 12.5888709
152.74 12.602709
152.75 12.616571
152.76 12.630433
152.77 12.6443189
152.78 12.6582048
152.79 12.6720907
152.8 12.6860005
152.81 12.6999103
152.82 12.713844
152.83 12.7277538
152.84 12.7417114
152.85 12.7556451
152.86 12.7696027
152.87 12.7835603
152.88 12.7975418
152.89 12.8115233
152.9 12.8255048
152.91 12.8395102
152.92 12.8535156
152.93 12.867521
152.94 12.8815503
152.95 12.8955796
152.96 12.9096089
152.97 12.9236621
152.98 12.9377153
152.99 12.9517924
153.0 12.9658695
153.01 12.9799466
153.02 12.9940476
153.03 13.0081486
153.04 13.0222496
153.05 13.0363745
153.06 13.0504994
153.07 13.0646243
153.08 13.0787731
153.09 13.0929219
153.1 13.1070707
153.11 13.1212434
153.12 13.1354161
153.13 13.1496127
153.14 13.1638093
153.15 13.1780059
153.16 13.1922025
153.17 13.206423
153.18 13.2206435
153.19 13.2348879
153.2 13.2491323
153.21 13.2633767
153.22 13.277645
153.23 13.2919133
153.24 13.3062055
153.25 13.3204738
153.26 13.334766
153.27 13.3490821
153.28 13.3633982
153.29 13.3777143
153.3 13.3920304
153.31 13.4063704
153.32 13.4207104
153.33 13.4350743
153.34 13.4494382
153.35 13.4638021
153.36 13.4781899
153.37 13.4925777
153.38 13.5069655
153.39 13.5213772
153.4 13.5357889
153.41 13.5502006
153.42 13.5646362
153.43 13.5790718
153.44 13.5935074
153.45 13.6079669
153.46 13.6224264
153.47 13.6369098
153.48 13.6513932
153.49 13.6658766
153.5 13.68036
153.51 13.6948673
153.52 13.7093746
153.53 13.7239058
153.54 13.738437
153.55 13.7529682
153.56 13.7675233
153.57 13.7820784
153.58 13.7966335
153.59 13.8112125
153.6 13.8257915
153.61 13.8403705
153.62 13.8549734
153.63 13.8695763
153.64 13.8841792
153.65 13.898806
153.66 13.9134328
153.67 13.9280835
153.68 13.9427103
153.69 13.9573849
153.7 13.9720356
153.71 13.9867102
153.72 14.0013848
153.73 14.0160833
153.74 14.0307818
153.75 14.0454803
153.76 14.0601788
153.77 14.0749012
153.78 14.0896475
153.79 14.1043699
153.8 14.1191162
153.81 14.1338625
153.82 14.1486327
153.83 14.1634029
153.84 14.1781731
153.85 14.1929672
153.86 14.2077613
153.87 14.2225554
153.88 14.2373734
153.89 14.2521914
153.9 14.2670333
153.91 14.2818513
153.92 14.2967171
153.93 14.311559
153.94 14.3264248
153.95 14.3412906
153.96 14.3561564
153.97 14.3710461
153.98 14.3859358
153.99 14.4008494
154.0 14.415763
154.01 14.4306766
154.02 14.4455902
154.03 14.4605277
154.04 14.4754891
154.05 14.4904266
154.06 14.505388
154.07 14.5203494
154.08 14.5353347
154.09 14.55032
154.1 14.5653053
154.11 14.5803145
154.12 14.5953237
154.13 14.6103329
154.14 14.625366
154.15 14.6403991
154.16 14.6554322
154.17 14.6704892
154.18 14.6855462
154.19 14.7006032
154.2 14.7156841
154.21 14.730765
154.22 14.7458459
154.23 14.7609507
154.24 14.7760555
154.25 14.7911603
154.26 14.806289
154.27 14.8214177
154.28 14.8365464
154.29 14.851699
154.3 14.8668516
154.31 14.8820281
154.32 14.8971807
154.33 14.9123572
154.34 14.9275576
154.35 14.942758
154.36 14.9579584
154.37 14.9731588
154.38 14.9883831
154.39 15.0036074
154.4 15.0188556
154.41 15.0340799
154.42 15.049352
154.43 15.0646002
154.44 15.0798723
154.45 15.0951444
154.46 15.1104165
154.47 15.1257125
154.48 15.1410085
154.49 15.1563284
154.5 15.1716483
154.51 15.1869682
154.52 15.2022881
154.53 15.2176319
154.54 15.2329996
154.55 15.2483434
154.56 15.2637111
154.57 15.2790788
154.58 15.2944704
154.59 15.3098381
154.6 15.3252536
154.61 15.3406452
154.62 15.3560607
154.63 15.3714762
154.64 15.3869156
154.65 15.402355
154.66 15.4177944
154.67 15.4332338
154.68 15.4486971
154.69 15.4641843
154.7 15.4796476
154.71 15.4951348
154.72 15.510622
154.73 15.5261331
154.74 15.5416442
154.75 15.5571553
154.76 15.5726664
154.77 15.5882014
154.78 15.6037364
154.79 15.6192953
154.8 15.6348542
154.81 15.6504131
154.82 15.6659959
154.83 15.6815548
154.84 15.6971615
154.85 15.7127443
154.86 15.728351
154.87 15.7439577
154.88 15.7595883
154.89 15.7752189
154.9 15.7908495
154.91 15.8064801
154.92 15.8221346
154.93 15.8377891
154.94 15.8534675
154.95 15.8691459
154.96 15.8848243
154.97 15.9005027
154.98 15.916205
154.99 15.9319073
155.0 15.9476335
155.01 15.9633597
155.02 15.9790859
155.03 15.9948121
155.04 16.0105622
155.05 16.0263123
155.06 16.0420863
155.07 16.0578603
155.08 16.0736343
155.09 16.0894083
155.1 16.1052062
155.11 16.1210041
155.12 16.1368259
155.13 16.1526238
155.14 16.1684695
155.15 16.1842913
155.16 16.200137
155.17 16.2159827
155.18 16.2318284
155.19 16.247698
155.2 16.2635676
155.21 16.2794372
155.22 16.2953307
155.23 16.3112242
155.24 16.3271416
155.25 16.3430351
155.26 16.3589525
155.27 16.3748938
155.28 16.3908112
155.29 16.4067525
155.3 16.4227177
155.31 16.438659
155.32 16.4546242
155.33 16.4706133
155.34 16.4865785
155.35 16.5025676
155.36 16.5185806
155.37 16.5345697
155.38 16.5505827
155.39 16.5665957
155.4 16.5826326
155.41 16.5986695
155.42 16.6147064
155.43 16.6307672
155.44 16.646828
155.45 16.6628888
155.46 16.6789496
155.47 16.6950343
155.48 16.711119
155.49 16.7272276
155.5 16.7433362
155.51 16.7594448
155.52 16.7755534
155.53 16.7916859
155.54 16.8078184
155.55 16.8239748
155.56 16.8401312
155.57 16.8562876
155.58 16.872444
155.59 16.8886243
155.6 16.9048046
155.61 16.9209849
155.62 16.9371891
155.63 16.9533933
155.64 16.9695975
155.65 16.9858256
155.66 17.0020537
155.67 17.0182818
155.68 17.0345338
155.69 17.0507858
155.7 17.0670378
155.71 17.0833137
155.72 17.0995896
155.73 17.1158655
155.74 17.1321414
155.75 17.1484412
155.76 17.164741
155.77 17.1810647
155.78 17.1973884
155.79 17.2137121
155.8 17.2300358
155.81 17.2463834
155.82 17.262731
155.83 17.2791025
155.84 17.2954501
155.85 17.3118455
155.86 17.328217
155.87 17.3446124
155.88 17.3610078
155.89 17.3774032
155.9 17.3938225
155.91 17.4102418
155.92 17.4266611
155.93 17.4431043
155.94 17.4595236
155.95 17.4759907
155.96 17.4924339
155.97 17.508901
155.98 17.5253681
155.99 17.5418591
156.0 17.5583501
156.01 17.5748411
156.02 17.5913321
156.03 17.607847
156.04 17.6243619
156.05 17.6409007
156.06 17.6574156
156.07 17.6739544
156.08 17.6905171
156.09 17.7070559
156.1 17.7236186
156.11 17.7402052
156.12 17.7567679
156.13 17.7733545
156.14 17.789965
156.15 17.8065516
156.16 17.8231621
156.17 17.8397726
156.18 17.856407
156.19 17.8730414
156.2 17.8896758
156.21 17.9063102
156.22 17.9229685
156.23 17.9396268
156.24 17.9562851
156.25 17.9729673
156.26 17.9896495
156.27 18.0063317
156.28 18.0230378
156.29 18.0397439
156.3 18.05645
156.31 18.07318
156.32 18.08991
156.33 18.10664
156.34 18.1233939
156.35 18.1401239
156.36 18.1568778
156.37 18.1736556
156.38 18.1904334
156.39 18.2072112
156.4 18.223989
156.41 18.2407907
156.42 18.2575924
156.43 18.2743941
156.44 18.2912197
156.45 18.3080453
156.46 18.3248709
156.47 18.3417204
156.48 18.3585699
156.49 18.3754194
156.5 18.3922689
156.51 18.4091423
156.52 18.4260157
156.53 18.442913
156.54 18.4597864
156.55 18.4766837
156.56 18.4936049
156.57 18.5105022
156.58 18.5274234
156.59 18.5443685
156.6 18.5612897
156.61 18.5782348
156.62 18.5951799
156.63 18.6121489
156.64 18.6291179
156.65 18.6460869
156.66 18.6630559
156.67 18.6800488
156.68 18.6970417
156.69 18.7140585
156.7 18.7310514
156.71 18.7480682
156.72 18.7651089
156.73 18.7821257
156.74 18.7991664
156.75 18.8162071
156.76 18.8332717
156.77 18.8503363
156.78 18.8674009
156.79 18.8844655
156.8 18.901554
156.81 18.9186425
156.82 18.935731
156.83 18.9528434
156.84 18.9699558
156.85 18.9870682
156.86 19.0042045
156.87 19.0213408
156.88 19.0384771
156.89 19.0556134
156.9 19.0727736
156.91 19.0899338
156.92 19.1071179
156.93 19.1242781
156.94 19.1414622
156.95 19.1586702
156.96 19.1758543
156.97 19.1930623
156.98 19.2102942
156.99 19.2275022
157.0 19.2447341
157.01 19.261966
157.02 19.2792218
157.03 19.2964537
157.04 19.3137095
157.05 19.3309892
157.06 19.348245
157.07 19.3655247
157.08 19.3828283
157.09 19.400108
157.1 19.4174116
157.11 19.4347152
157.12 19.4520427
157.13 19.4693463
157.14 19.4866977
157.15 19.5040252
157.16 19.5213766
157.17 19.538728
157.18 19.5560794
157.19 19.5734308
157.2 19.5908061
157.21 19.6082053
157.22 19.6255806
157.23 19.6429798
157.24 19.660379
157.25 19.6777782
157.26 19.6952013
157.27 19.7126244
157.28 19.7300475
157.29 19.7474945
157.3 19.7649415
157.31 19.7823885
157.32 19.7998355
157.33 19.8173064
157.34 19.8347773
157.35 19.8522721
157.36 19.869743
157.37 19.8872378
157.38 19.9047565
157.39 19.9222513
157.4 19.93977
157.41 19.9572887
157.42 19.9748313
157.43 19.9923739
157.44 20.0099165
157.45 20.0274591
157.46 20.0450256
157.47 20.0625921
157.48 20.0801586
157.49 20.0977251
157.5 20.1153155
157.51 20.1329059
157.52 20.1505202
157.53 20.1681345
157.54 20.1857488
157.55 20.2033631
157.56 20.2210013
157.57 20.2386395
157.58 20.2562777
157.59 20.2739159
157.6 20.291578
157.61 20.3092401
157.62 20.3269261
157.63 20.3445882
157.64 20.3622742
157.65 20.3799841
157.66 20.3976701
157.67 20.41538
157.68 20.4330899
157.69 20.4508237
157.7 20.4685575
157.71 20.4862913
157.72 20.5040251
157.73 20.5217828
157.74 20.5395405
157.75 20.5572982
157.76 20.5750559
157.77 20.5928375
157.78 20.6106191
157.79 20.6284246
157.8 20.6462062
157.81 20.6640117
157.82 20.6818411
157.83 20.6996466
157.84 20.717476
157.85 20.7353054
157.86 20.7531587
157.87 20.7709881
157.88 20.7888653
157.89 20.8067186
157.9 20.8245719
157.91 20.8424491
157.92 20.8603502
157.93 20.8782274
157.94 20.8961285
157.95 20.9140296
157.96 20.9319307
157.97 20.9498557
157.98 20.9677807
157.99 20.9857057
158.0 21.0036546
158.01 21.0216035
158.02 21.0395524
158.03 21.0575013
158.04 21.0754741
158.05 21.0934469
158.06 21.1114197
158.07 21.1294164
158.08 21.1473892
158.09 21.1654098
158.1 21.1834065
158.11 21.2014271
158.12 21.2194477
158.13 21.2374683
158.14 21.2555128
158.15 21.2735573
158.16 21.2916018
158.17 21.3096463
158.18 21.3277147
158.19 21.3457831
158.2 21.3638515
158.21 21.3819438
158.22 21.4000361
158.23 21.4181284
158.24 21.4362207
158.25 21.4543369
158.26 21.4724531
158.27 21.4905932
158.28 21.5087094
158.29 21.5268495
158.3 21.5449896
158.31 21.5631536
158.32 21.5812937
158.33 21.5994577
158.34 21.6176456
158.35 21.6358096
158.36 21.6539975
158.37 21.6722093
158.38 21.6903972
158.39 21.708609
158.4 21.7268208
158.41 21.7450326
158.42 21.7632683
158.43 21.781504
158.44 21.7997397
158.45 21.8179754
158.46 21.836235
158.47 21.8544946
158.48 21.8727542
158.49 21.8910377
158.5 21.9093212
158.51 21.9276047
158.52 21.9459121
158.53 21.9641956
158.54 21.982503
158.55 22.0008343
158.56 22.0191417
158.57 22.037473
158.58 22.0558043
158.59 22.0741595
158.6 22.0924908
158.61 22.110846
158.62 22.1292251
158.63 22.1475803
158.64 22.1659594
158.65 22.1843385
158.66 22.2027415
158.67 22.2211206
158.68 22.2395236
158.69 22.2579505
158.7 22.2763535
158.71 22.2947804
158.72 22.3132073
158.73 22.3316342
158.74 22.350085
158.75 22.3685358
158.76 22.3869866
158.77 22.4054613
158.78 22.4239121
158.79 22.4423868
158.8 22.4608854
158.81 22.4793601
158.82 22.4978587
158.83 22.5163812
158.84 22.5348798
158.85 22.5534023
158.86 22.5719248
158.87 22.5904473
158.88 22.6089937
158.89 22.6275162
158.9 22.6460865
158.91 22.6646329
158.92 22.6832032
158.93 22.7017735
158.94 22.7203438
158.95 22.7389141
158.96 22.7575083
158.97 22.7761025
158.98 22.7947206
158.99 22.8133148
159.0 22.8319329
159.01 22.850551
159.02 22.869193
159.03 22.887835
159.04 22.906477
159.05 22.925119
159.06 22.943761
159.07 22.9624269
159.08 22.9810928
159.09 22.9997826
159.1 23.0184724
159.11 23.0371383
159.12 23.055852
159.13 23.0745418
159.14 23.0932555
159.15 23.1119692
159.16 23.1306829
159.17 23.1494205
159.18 23.1681581
159.19 23.1868957
159.2 23.2056333
159.21 23.2243948
159.22 23.2431563
159.23 23.2619178
159.24 23.2807032
159.25 23.2994886
159.26 23.318274
159.27 23.3370594
159.28 23.3558687
159.29 23.374678
159.3 23.3934873
159.31 23.4122966
159.32 23.4311298
159.33 23.449963
159.34 23.4687962
159.35 23.4876533
159.36 23.5064865
159.37 23.5253675
159.38 23.5442246
159.39 23.5630817
159.4 23.5819627
159.41 23.6008676
159.42 23.6197486
159.43 23.6386535
159.44 23.6575584
159.45 23.6764633
159.46 23.6953682
159.47 23.714297
159.48 23.7332258
159.49 23.7521785
159.5 23.7711073
159.51 23.79006
159.52 23.8090127
159.53 23.8279893
159.54 23.846942
159.55 23.8659186
159.56 23.8848952
159.57 23.9038957
159.58 23.9228962
159.59 23.9418967
159.6 23.9608972
159.61 23.9799216
159.62 23.9989221
159.63 24.0179704
159.64 24.0369948
159.65 24.0560431
159.66 24.0750914
159.67 24.0941397
159.68 24.113188
159.69 24.1322602
159.7 24.1513324
159.71 24.1704046
159.72 24.1895007
159.73 24.2085729
159.74 24.227669
159.75 24.246789
159.76 24.2658851
159.77 24.2850051
159.78 24.3041251
159.79 24.323269
159.8 24.342389
159.81 24.3615329
159.82 24.3807007
159.83 24.3998446
159.84 24.4190124
159.85 24.4381802
159.86 24.457348
159.87 24.4765158
159.88 24.4957075
159.89 24.5148992
159.9 24.5341148
159.91 24.5533065
159.92 24.5725221
159.93 24.5917377
159.94 24.6109772
159.95 24.6301928
159.96 24.6494323
159.97 24.6686718
159.98 24.6879352
159.99 24.7071747
160.0 24.7264381
160.01 24.7457254
160.02 24.7649888
160.03 24.7842761
160.04 24.8035634
160.05 24.8228507
160.06 24.8421619
160.07 24.8614492
160.08 24.8807843
160.09 24.9000955
160.1 24.9194067
160.11 24.9387418
160.12 24.9580769
160.13 24.9774359
160.14 24.9967949
160.15 25.01613
160.16 25.0355129
160.17 25.0548719
160.18 25.0742548
160.19 25.0936377
160.2 25.1130206
160.21 25.1324035
160.22 25.1518103
160.23 25.1712171
160.24 25.1906239
160.25 25.2100546
160.26 25.2294853
160.27 25.248916
160.28 25.2683467
160.29 25.2878013
160.3 25.307232
160.31 25.3266866
160.32 25.3461651
160.33 25.3656197
160.34 25.3850982
160.35 25.4045767
160.36 25.4240791
160.37 25.4435576
160.38 25.46306
160.39 25.4825624
160.4 25.5020887
160.41 25.521615
160.42 25.5411174
160.43 25.5606676
160.44 25.5801939
160.45 25.5997441
160.46 25.6192943
160.47 25.6388445
160.48 25.6583947
160.49 25.6779688
160.5 25.6975429
160.51 25.717117
160.52 25.736715
160.53 25.756313
160.54 25.775911
160.55 25.795509
160.56 25.8151309
160.57 25.8347289
160.58 25.8543508
160.59 25.8739966
160.6 25.8936185
160.61 25.9132643
160.62 25.9329101
160.63 25.9525798
160.64 25.9722256
160.65 25.9918953
160.66 26.011565
160.67 26.0312347
160.68 26.0509283
160.69 26.0706219
160.7 26.0903155
160.71 26.1100091
160.72 26.1297266
160.73 26.1494441
160.74 26.1691616
160.75 26.1888791
160.76 26.2086205
160.77 26.2283619
160.78 26.2481033
160.79 26.2678447
160.8 26.28761
160.81 26.3073753
160.82 26.3271406
160.83 26.3469298
160.84 26.3666951
160.85 26.3864843
160.86 26.4062735
160.87 26.4260866
160.88 26.4458997
160.89 26.4656889
160.9 26.4855259
160.91 26.505339
160.92 26.525176
160.93 26.545013
160.94 26.56485
160.95 26.584687
160.96 26.6045479
160.97 26.6244088
160.98 26.6442697
160.99 26.6641545
161.0 26.6840154
161.01 26.7039002
161.02 26.723785
161.03 26.7436937
161.04 26.7636024
161.05 26.7835111
161.06 26.8034198
161.07 26.8233285
161.08 26.8432611
161.09 26.8631937
161.1 26.8831263
161.11 26.9030589
161.12 26.9230154
161.13 26.9429719
161.14 26.9629284
161.15 26.9829088
161.16 27.0028653
161.17 27.0228457
161.18 27.04285
161.19 27.0628304
161.2 27.0828347
161.21 27.102839
161.22 27.1228433
161.23 27.1428476
161.24 27.1628758
161.25 27.182904
161.26 27.2029322
161.27 27.2229604
161.28 27.2430125
161.29 27.2630646
161.3 27.2831167
161.31 27.3031927
161.32 27.3232448
161.33 27.3433208
161.34 27.3633968
161.35 27.3834967
161.36 27.4035727
161.37 27.4236726
161.38 27.4437725
161.39 27.4638963
161.4 27.4839962
161.41 27.50412
161.42 27.5242438
161.43 27.5443915
161.44 27.5645153
161.45 27.584663
161.46 27.6048107
161.47 27.6249823
161.48 27.64513
161.49 27.6653016
161.5 27.6854732
161.51 27.7056448
161.52 27.7258403
161.53 27.7460358
161.54 27.7662313
161.55 27.7864268
161.56 27.8066462
161.57 27.8268417
161.58 27.8470611
161.59 27.8673044
161.6 27.8875238
161.61 27.9077671
161.62 27.9280104
161.63 27.9482537
161.64 27.9685209
161.65 27.9887642
161.66 28.0090314
161.67 28.0292986
161.68 28.0495897
161.69 28.0698808
161.7 28.0901719
161.71 28.110463
161.72 28.1307541
161.73 28.1510691
161.74 28.1713841
161.75 28.1916991
161.76 28.2120141
161.77 28.232353
161.78 28.2526919
161.79 28.2730308
161.8 28.2933697
161.81 28.3137325
161.82 28.3340714
161.83 28.3544581
161.84 28.3748209
161.85 28.3951837
161.86 28.4155704
161.87 28.4359571
161.88 28.4563438
161.89 28.4767544
161.9 28.497165
161.91 28.5175756
161.92 28.5379862
161.93 28.5583968
161.94 28.5788313
161.95 28.5992658
161.96 28.6197003
161.97 28.6401348
161.98 28.6605932
161.99 28.6810516
162.0 28.70151
162.01 28.7219684
162.02 28.7424507
162.03 28.762933
162.04 28.7834153
162.05 28.8038976
162.06 28.8244038
162.07 28.8448861
162.08 28.8653923
162.09 28.8859224
162.1 28.9064286
162.11 28.9269587
162.12 28.9474888
162.13 28.9680189
162.14 28.9885729
162.15 29.009103
162.16 29.029657
162.17 29.050211
162.18 29.0707889
162.19 29.0913429
162.2 29.1119208
162.21 29.1324987
162.22 29.1530766
162.23 29.1736784
162.24 29.1942802
162.25 29.214882
162.26 29.2354838
162.27 29.2560856
162.28 29.2767113
162.29 29.297337
162.3 29.3179627
162.31 29.3386123
162.32 29.359238
162.33 29.3798876
162.34 29.4005372
162.35 29.4212107
162.36 29.4418603
162.37 29.4625338
162.38 29.4832073
162.39 29.5038808
162.4 29.5245782
162.41 29.5452756
162.42 29.565973
162.43 29.5866704
162.44 29.6073678
162.45 29.6280891
162.46 29.6488104
162.47 29.6695317
162.48 29.690253
162.49 29.7109982
162.5 29.7317434
162.51 29.7524886
162.52 29.7732338
162.53 29.7940029
162.54 29.8147481
162.55 29.8355172
162.56 29.8563102
162.57 29.8770793
162.58 29.8978723
162.59 29.9186653
162.6 29.9394583
162.61 29.9602513
162.62 29.9810682
162.63 30.0018612
162.64 30.0226781
162.65 30.0435189
162.66 30.0643358
162.67 30.0851766
162.68 30.1060174
162.69 30.1268582
162.7 30.1477229
162.71 30.1685637
162.72 30.1894284
162.73 30.2102931
162.74 30.2311817
162.75 30.2520464
162.76 30.272935
162.77 30.2938236
162.78 30.3147122
162.79 30.3356247
162.8 30.3565133
162.81 30.3774258
162.82 30.3983383
162.83 30.4192747
162.84 30.4401872
162.85 30.4611236
162.86 30.48206
162.87 30.5030203
162.88 30.5239567
162.89 30.544917
162.9 30.5658773
162.91 30.5868376
162.92 30.6077979
162.93 30.6287821
162.94 30.6497663
162.95 30.6707505
162.96 30.6917347
162.97 30.7127428
162.98 30.733727
162.99 30.7547351
163.0 30.7757671
163.01 30.7967752
163.02 30.8178072
163.03 30.8388392
163.04 30.8598712
163.05 30.8809032
163.06 30.9019591
163.07 30.9229911
163.08 30.944047
163.09 30.9651268
163.1 30.9861827
163.11 31.0072625
163.12 31.0283423
163.13 31.0494221
163.14 31.0705019
163.15 31.0916056
163.16 31.1126854
163.17 31.1337891
163.18 31.1549167
163.19 31.1760204
163.2 31.197148
163.21 31.2182756
163.22 31.2394032
163.23 31.2605308
163.24 31.2816823
163.25 31.3028099
163.26 31.3239614
163.27 31.3451368
163.28 31.3662883
163.29 31.3874637
163.3 31.4086391
163.31 31.4298145
163.32 31.4509899
163.33 31.4721892
163.34 31.4933646
163.35 31.5145639
163.36 31.5357871
163.37 31.5569864
163.38 31.5782096
163.39 31.5994089
163.4 31.620656
163.41 31.6418792
163.42 31.6631024
163.43 31.6843495
163.44 31.7055966
163.45 31.7268437
163.46 31.7481147
163.47 31.7693618
163.48 31.7906328
163.49 31.8119038
163.5 31.8331748
163.51 31.8544697
163.52 31.8757646
163.53 31.8970356
163.54 31.9183544
163.55 31.9396493
163.56 31.9609442
163.57 31.982263
163.58 32.0035818
163.59 32.0249006
163.6 32.0462433
163.61 32.067586
163.62 32.0889048
163.63 32.1102714
163.64 32.1316141
163.65 32.1529568
163.66 32.1743234
163.67 32.19569
163.68 32.2170566
163.69 32.2384471
163.7 32.2598137
163.71 32.2812042
163.72 32.3025947
163.73 32.3239852
163.74 32.3453996
163.75 32.3667901
163.76 32.3882045
163.77 32.4096189
163.78 32.4310572
163.79 32.4524716
163.8 32.4739099
163.81 32.4953482
163.82 32.5167865
163.83 32.5382248
163.84 32.559687
163.85 32.5811492
163.86 32.6026114
163.87 32.6240736
163.88 32.6455358
163.89 32.6670219
163.9 32.688508
163.91 32.7099941
163.92 32.7314802
163.93 32.7529902
163.94 32.7745002
163.95 32.7959863
163.96 32.8175202
163.97 32.8390302
163.98 32.8605641
163.99 32.8820741
164.0 32.903608
164.01 32.9251419
164.02 32.9466997
164.03 32.9682336
164.04 32.9897914
164.05 33.0113492
164.06 33.0329309
164.07 33.0544887
164.08 33.0760704
164.09 33.0976521
164.1 33.1192338
164.11 33.1408155
164.12 33.1624211
164.13 33.1840028
164.14 33.2056084
164.15 33.227214
164.16 33.2488435
164.17 33.2704491
164.18 33.2920786
164.19 33.3137081
164.2 33.3353376
164.21 33.356991
164.22 33.3786205
164.23 33.4002739
164.24 33.4219273
164.25 33.4435807
164.26 33.465258
164.27 33.4869114
164.28 33.5085887
164.29 33.530266
164.3 33.5519433
164.31 33.5736445
164.32 33.5953457
164.33 33.617023
164.34 33.6387481
164.35 33.6604493
164.36 33.6821505
164.37 33.7038756
164.38 33.7256007
164.39 33.7473258
164.4 33.7690509
164.41 33.7907999
164.42 33.8125489
164.43 33.8342979
164.44 33.8560469
164.45 33.8777959
164.46 33.8995688
164.47 33.9213178
164.48 33.9430907
164.49 33.9648875
164.5 33.9866604
164.51 34.0084572
164.52 34.0302301
164.53 34.0520269
164.54 34.0738476
164.55 34.0956444
164.56 34.1174651
164.57 34.1392619
164.58 34.1610826
164.59 34.1829272
164.6 34.2047479
164.61 34.2265925
164.62 34.2484132
164.63 34.2702578
164.64 34.2921263
164.65 34.3139709
164.66 34.3358394
164.67 34.3577079
164.68 34.3795764
164.69 34.4014449
164.7 34.4233134
164.71 34.4452058
164.72 34.4670982
164.73 34.4889906
164.74 34.510883
164.75 34.5327993
164.76 34.5546917
164.77 34.576608
164.78 34.5985243
164.79 34.6204406
164.8 34.6423808
164.81 34.6642971
164.82 34.6862373
164.83 34.7081775
164.84 34.7301416
164.85 34.7520818
164.86 34.7740459
164.87 34.79601
164.88 34.8179741
164.89 34.8399382
164.9 34.8619023
164.91 34.8838903
164.92 34.9058783
164.93 34.9278663
164.94 34.9498543
164.95 34.9718662
164.96 34.9938542
164.97 35.0158661
164.98 35.037878
164.99 35.0598899
165.0 35.0819257
165.01 35.1039615
165.02 35.1259734
165.03 35.1480092
165.04 35.1700689
165.05 35.1921047
165.06 35.2141644
165.07 35.2362241
165.08 35.2582838
165.09 35.2803435
165.1 35.3024032
165.11 35.3244868
165.12 35.3465704
165.13 35.368654
165.14 35.3907376
165.15 35.4128212
165.16 35.4349287
165.17 35.4570362
165.18 35.4791437
165.19 35.5012512
165.2 35.5233587
165.21 35.5454901
165.22 35.5675976
165.23 35.589729
165.24 35.6118843
165.25 35.6340157
165.26 35.6561471
165.27 35.6783024
165.28 35.7004577
165.29 35.722613
165.3 35.7447922
165.31 35.7669475
165.32 35.7891267
165.33 35.8113059
165.34 35.8334851
165.35 35.8556643
165.36 35.8778674
165.37 35.9000466
165.38 35.9222497
165.39 35.9444528
165.4 35.9666559
165.41 35.9888829
165.42 36.0111099
165.43 36.033313
165.44 36.05554
165.45 36.0777909
165.46 36.1000179
165.47 36.1222688
165.48 36.1444958
165.49 36.1667467
165.5 36.1890215
165.51 36.2112724
165.52 36.2335472
165.53 36.2557981
165.54 36.2780729
165.55 36.3003477
165.56 36.3226464
165.57 36.3449212
165.58 36.3672199
165.59 36.3895186
165.6 36.4118173
165.61 36.434116
165.62 36.4564386
165.63 36.4787373
165.64 36.5010599
165.65 36.5233825
165.66 36.5457051
165.67 36.5680516
165.68 36.5903742
165.69 36.6127207
165.7 36.6350672
165.71 36.6574137
165.72 36.6797841
165.73 36.7021306
165.74 36.724501
165.75 36.7468714
165.76 36.7692418
165.77 36.7916122
165.78 36.8140065
165.79 36.8363769
165.8 36.8587712
165.81 36.8811655
165.82 36.9035837
165.83 36.925978
165.84 36.9483962
165.85 36.9707905
165.86 36.9932087
165.87 37.0156269
165.88 37.038069
165.89 37.0604872
165.9 37.0829293
165.91 37.1053714
165.92 37.1278135
165.93 37.1502556
165.94 37.1727216
165.95 37.1951876
165.96 37.2176297
165.97 37.2400957
165.98 37.2625856
165.99 37.2850516
166.0 37.3075415
166.01 37.3300075
166.02 37.3524974
166.03 37.3749873
166.04 37.3975011
166.05 37.419991
166.06 37.4425048
166.07 37.4650186
166.08 37.4875324
166.09 37.5100462
166.1 37.53256
166.11 37.5550977
166.12 37.5776354
166.13 37.6001731
166.14 37.6227108
166.15 37.6452485
166.16 37.6678101
166.17 37.6903717
166.18 37.7129094
166.19 37.7354949
166.2 37.7580565
166.21 37.7806181
166.22 37.8032036
166.23 37.8257891
166.24 37.8483746
166.25 37.8709601
166.26 37.8935456
166.27 37.916155
166.28 37.9387405
166.29 37.9613499
166.3 37.9839593
166.31 38.0065687
166.32 38.029202
166.33 38.0518353
166.34 38.0744447
166.35 38.097078
166.36 38.1197113
166.37 38.1423685
166.38 38.1650018
166.39 38.187659
166.4 38.2103162
166.41 38.2329734
166.42 38.2556306
166.43 38.2782878
166.44 38.3009689
166.45 38.32365
166.46 38.3463311
166.47 38.3690122
166.48 38.3916933
166.49 38.4143983
166.5 38.4370794
166.51 38.4597844
166.52 38.4824894
166.53 38.5051944
166.54 38.5279233
166.55 38.5506283
166.56 38.5733572
166.57 38.5960861
166.58 38.618815
166.59 38.6415439
166.6 38.6642967
166.61 38.6870256
166.62 38.7097784
166.63 38.7325312
166.64 38.755284
166.65 38.7780368
166.66 38.8008135
166.67 38.8235902
166.68 38.846343
166.69 38.8691197
166.7 38.8919203
166.71 38.914697
166.72 38.9374976
166.73 38.9602743
166.74 38.9830749
166.75 39.0058755
166.76 39.0286761
166.77 39.0515006
166.78 39.0743012
166.79 39.0971257
166.8 39.1199502
166.81 39.1427747
166.82 39.1656231
166.83 39.1884476
166.84 39.211296
166.85 39.2341205
166.86 39.2569689
166.87 39.2798412
166.88 39.3026896
166.89 39.325538
166.9 39.3484103
166.91 39.3712826
166.92 39.3941549
166.93 39.4170272
166.94 39.4399234
166.95 39.4627957
166.96 39.4856919
166.97 39.5085881
166.98 39.5314843
166.99 39.5543805
167.0 39.5772767
167.01 39.6001968
167.02 39.6231169
167.03 39.646037
167.04 39.6689571
167.05 39.6918772
167.06 39.7147973
167.07 39.7377413
167.08 39.7606853
167.09 39.7836293
167.1 39.8065733
167.11 39.8295173
167.12 39.8524613
167.13 39.8754292
167.14 39.8983971
167.15 39.921365
167.16 39.9443329
167.17 39.9673008
167.18 39.9902926
167.19 40.0132605
167.2 40.0362523
167.21 40.0592441
167.22 40.0822359
167.23 40.1052516
167.24 40.1282434
167.25 40.1512591
167.26 40.1742748
167.27 40.1972905
167.28 40.2203062
167.29 40.2433219
167.3 40.2663376
167.31 40.2893772
167.32 40.3124168
167.33 40.3354564
167.34 40.358496
167.35 40.3815356
167.36 40.4045991
167.37 40.4276626
167.38 40.4507022
167.39 40.4737657
167.4 40.4968531
167.41 40.5199166
167.42 40.5429801
167.43 40.5660675
167.44 40.5891549
167.45 40.6122423
167.46 40.6353297
167.47 40.6584171
167.48 40.6815284
167.49 40.7046158
167.5 40.7277271
167.51 40.7508384
167.52 40.7739497
167.53 40.7970849
167.54 40.8201962
167.55 40.8433314
167.56 40.8664666
167.57 40.8896018
167.58 40.912737
167.59 40.9358722
167.6 40.9590074
167.61 40.9821665
167.62 41.0053256
167.63 41.0284847
167.64 41.0516438
167.65 41.0748029
167.66 41.0979859
167.67 41.121145
167.68 41.144328
167.69 41.167511
167.7 41.190694
167.71 41.213877
167.72 41.2370839
167.73 41.2602669
167.74 41.2834738
167.75 41.3066807
167.76 41.3298876
167.77 41.3530945
167.78 41.3763014
167.79 41.3995322
167.8 41.422763
167.81 41.4459938
167.82 41.4692246
167.83 41.4924554
167.84 41.5156862
167.85 41.5389409
167.86 41.5621717
167.87 41.5854264
167.88 41.6086811
167.89 41.6319358
167.9 41.6552144
167.91 41.6784691
167.92 41.7017477
167.93 41.7250024
167.94 41.748281
167.95 41.7715596
167.96 41.7948621
167.97 41.8181407
167.98 41.8414432
167.99 41.8647218
168.0 41.8880243
168.01 41.9113268
168.02 41.9346532
168.03 41.9579557
168.04 41.9812821
168.05 42.0045846
168.06 42.027911
168.07 42.0512374
168.08 42.0745638
168.09 42.0979141
168.1 42.1212405
168.11 42.1445908
168.12 42.1679172
168.13 42.1912675
168.14 42.2146417
168.15 42.237992
168.16 42.2613423
168.17 42.2847165
168.18 42.3080668
168.19 42.331441
168.2 42.3548152
168.21 42.3782133
168.22 42.4015875
168.23 42.4249617
168.24 42.4483598
168.25 42.4717579
168.26 42.495156
168.27 42.5185541
168.28 42.5419522
168.29 42.5653742
168.3 42.5887723
168.31 42.6121943
168.32 42.6356163
168.33 42.6590383
168.34 42.6824603
168.35 42.7059062
168.36 42.7293282
168.37 42.7527741
168.38 42.77622
168.39 42.7996659
168.4 42.8231118
168.41 42.8465577
168.42 42.8700036
168.43 42.8934734
168.44 42.9169432
168.45 42.940413
168.46 42.9638828
168.47 42.9873526
168.48 43.0108224
168.49 43.0343161
168.5 43.0577859
168.51 43.0812796
168.52 43.1047733
168.53 43.128267
168.54 43.1517607
168.55 43.1752783
168.56 43.198772
168.57 43.2222896
168.58 43.2458072
168.59 43.2693248
168.6 43.2928424
168.61 43.3163839
168.62 43.3399015
168.63 43.363443
168.64 43.3869606
168.65 43.4105021
168.66 43.4340436
168.67 43.457609
168.68 43.4811505
168.69 43.504692
168.7 43.5282574
168.71 43.5518228
168.72 43.5753882
168.73 43.5989536
168.74 43.622519
168.75 43.6461083
168.76 43.6696737
168.77 43.693263
168.78 43.7168523
168.79 43.7404416
168.8 43.7640309
168.81 43.7876202
168.82 43.8112334
168.83 43.8348227
168.84 43.8584359
168.85 43.8820491
168.86 43.9056623
168.87 43.9292755
168.88 43.9528887
168.89 43.9765258
168.9 44.000139
168.91 44.0237761
168.92 44.0474132
168.93 44.0710503
168.94 44.0946874
168.95 44.1183484
168.96 44.1419855
168.97 44.1656465
168.98 44.1893075
168.99 44.2129685
169.0 44.2366295
169.01 44.2602905
169.02 44.2839515
169.03 44.3076364
169.04 44.3312974
169.05 44.3549823
169.06 44.3786672
169.07 44.4023521
169.08 44.426037
169.09 44.4497458
169.1 44.4734307
169.11 44.4971395
169.12 44.5208483
169.13 44.5445571
169.14 44.5682659
169.15 44.5919747
169.16 44.6157074
169.17 44.6394162
169.18 44.6631489
169.19 44.6868816
169.2 44.7105904
169.21 44.734347
169.22 44.7580797
169.23 44.7818124
169.24 44.805569
169.25 44.8293017
169.26 44.8530583
169.27 44.8768149
169.28 44.9005715
169.29 44.9243281
169.3 44.9481086
169.31 44.9718652
169.32 44.9956457
169.33 45.0194262
169.34 45.0432067
169.35 45.0669872
169.36 45.0907677
169.37 45.1145482
169.38 45.1383526
169.39 45.162157
169.4 45.1859375
169.41 45.2097419
169.42 45.2335463
169.43 45.2573507
169.44 45.281179
169.45 45.3049834
169.46 45.3288117
169.47 45.35264
169.48 45.3764683
169.49 45.4002966
169.5 45.4241249
169.51 45.4479532
169.52 45.4718054
169.53 45.4956337
169.54 45.5194859
169.55 45.5433381
169.56 45.5671903
169.57 45.5910425
169.58 45.6148947
169.59 45.6387708
169.6 45.662623
169.61 45.6864991
169.62 45.7103752
169.63 45.7342513
169.64 45.7581274
169.65 45.7820035
169.66 45.8058796
169.67 45.8297796
169.68 45.8536557
169.69 45.8775557
169.7 45.9014557
169.71 45.9253557
169.72 45.9492557
169.73 45.9731796
169.74 45.9970796
169.75 46.0210035
169.76 46.0449035
169.77 46.0688274
169.78 46.0927513
169.79 46.1166752
169.8 46.140623
169.81 46.1645469
169.82 46.1884947
169.83 46.2124186
169.84 46.2363664
169.85 46.2603142
169.86 46.284262
169.87 46.3082098
169.88 46.3321815
169.89 46.3561293
169.9 46.380101
169.91 46.4040727
169.92 46.4280205
169.93 46.4519922
169.94 46.4759878
169.95 46.4999595
169.96 46.5239312
169.97 46.5479268
169.98 46.5718985
169.99 46.5958941
170.0 46.6198897
170.01 46.6438853
170.02 46.6679048
170.03 46.6919004
170.04 46.715896
170.05 46.7399155
170.06 46.763935
170.07 46.7879306
170.08 46.8119501
170.09 46.8359935
170.1 46.860013
170.11 46.8840325
170.12 46.9080759
170.13 46.9320954
170.14 46.9561388
170.15 46.9801822
170.16 47.0042256
170.17 47.028269
170.18 47.0523363
170.19 47.0763797
170.2 47.100447
170.21 47.1244904
170.22 47.1485577
170.23 47.172625
170.24 47.1966923
170.25 47.2207596
170.26 47.2448508
170.27 47.2689181
170.28 47.2930093
170.29 47.3170766
170.3 47.3411678
170.31 47.365259
170.32 47.3893502
170.33 47.4134414
170.34 47.4375565
170.35 47.4616477
170.36 47.4857628
170.37 47.5098779
170.38 47.5339691
170.39 47.5580842
170.4 47.5821993
170.41 47.6063383
170.42 47.6304534
170.43 47.6545924
170.44 47.6787075
170.45 47.7028465
170.46 47.7269855
170.47 47.7511245
170.48 47.7752635
170.49 47.7994025
170.5 47.8235654
170.51 47.8477044
170.52 47.8718673
170.53 47.8960063
170.54 47.9201692
170.55 47.9443321
170.56 47.968495
170.57 47.9926818
170.58 48.0168447
170.59 48.0410315
170.6 48.0651944
170.61 48.0893812
170.62 48.113568
170.63 48.1377548
170.64 48.1619416
170.65 48.1861284
170.66 48.2103152
170.67 48.2345259
170.68 48.2587366
170.69 48.2829234
170.7 48.3071341
170.71 48.3313448
170.72 48.3555555
170.73 48.3797662
170.74 48.4040008
170.75 48.4282115
170.76 48.4524461
170.77 48.4766807
170.78 48.5008914
170.79 48.525126
170.8 48.5493606
170.81 48.5736191
170.82 48.5978537
170.83 48.6220883
170.84 48.6463468
170.85 48.6706053
170.86 48.6948399
170.87 48.7190984
170.88 48.7433569
170.89 48.7676393
170.9 48.7918978
170.91 48.8161563
170.92 48.8404387
170.93 48.8646972
170.94 48.8889796
170.95 48.913262
170.96 48.9375444
170.97 48.9618268
170.98 48.9861092
170.99 49.0104155
171.0 49.0346979
171.01 49.0590042
171.02 49.0833105
171.03 49.1075929
171.04 49.1318992
171.05 49.1562055
171.06 49.1805357
171.07 49.204842
171.08 49.2291483
171.09 49.2534785
171.1 49.2777848
171.11 49.302115
171.12 49.3264452
171.13 49.3507754
171.14 49.3751056
171.15 49.3994597
171.16 49.4237899
171.17 49.4481201
171.18 49.4724742
171.19 49.4968283
171.2 49.5211824
171.21 49.5455126
171.22 49.5698906
171.23 49.5942447
171.24 49.6185988
171.25 49.6429529
171.26 49.6673309
171.27 49.6917089
171.28 49.716063
171.29 49.740441
171.3 49.764819
171.31 49.789197
171.32 49.813575
171.33 49.8379769
171.34 49.8623549
171.35 49.8867568
171.36 49.9111348
171.37 49.9355367
171.38 49.9599386
171.39 49.9843405
171.4 50.0087424
171.41 50.0331682
171.42 50.0575701
171.43 50.081972
171.44 50.1063978
171.45 50.1308236
171.46 50.1552255
171.47 50.1796513
171.48 50.2040771
171.49 50.2285029
171.5 50.2529526
171.51 50.2773784
171.52 50.3018281
171.53 50.3262539
171.54 50.3507036
171.55 50.3751533
171.56 50.399603
171.57 50.4240527
171.58 50.4485024
171.59 50.4729521
171.6 50.4974018
171.61 50.5218754
171.62 50.5463251
171.63 50.5707987
171.64 50.5952723
171.65 50.6197459
171.66 50.6442195
171.67 50.6686931
171.68 50.6931667
171.69 50.7176642
171.7 50.7421378
171.71 50.7666353
171.72 50.7911089
171.73 50.8156064
171.74 50.8401039
171.75 50.8646014
171.76 50.8890989
171.77 50.9136203
171.78 50.9381178
171.79 50.9626153
171.8 50.9871367
171.81 51.0116581
171.82 51.0361556
171.83 51.060677
171.84 51.0851984
171.85 51.1097198
171.86 51.1342651
171.87 51.1587865
171.88 51.1833079
171.89 51.2078532
171.9 51.2323746
171.91 51.2569199
171.92 51.2814652
171.93 51.3060105
171.94 51.3305558
171.95 51.3551011
171.96 51.3796464
171.97 51.4042156
171.98 51.4287609
171.99 51.4533301
172.0 51.4778993
172.01 51.5024446
172.02 51.5270138
172.03 51.551583
172.04 51.5761522
172.05 51.6007453
172.06 51.6253145
172.07 51.6498837
172.08 51.6744768
172.09 51.6990699
172.1 51.7236391
172.11 51.7482322
172.12 51.7728253
172.13 51.7974184
172.14 51.8220115
172.15 51.8466285
172.16 51.8712216
172.17 51.8958386
172.18 51.9204317
172.19 51.9450487
172.2 51.9696657
172.21 51.9942588
172.22 52.0188758
172.23 52.0435167
172.24 52.0681337
172.25 52.0927507
172.26 52.1173677
172.27 52.1420086
172.28 52.1666495
172.29 52.1912665
172.3 52.2159074
172.31 52.2405483
172.32 52.2651892
172.33 52.2898301
172.34 52.314471
172.35 52.3391358
172.36 52.3637767
172.37 52.3884415
172.38 52.4130824
172.39 52.4377472
172.4 52.462412
172.41 52.4870768
172.42 52.5117416
172.43 52.5364064
172.44 52.5610712
172.45 52.585736
172.46 52.6104247
172.47 52.6350895
172.48 52.6597782
172.49 52.6844669
172.5 52.7091317
172.51 52.7338204
172.52 52.7585091
172.53 52.7831978
172.54 52.8079104
172.55 52.8325991
172.56 52.8572878
172.57 52.8820004
172.58 52.9066891
172.59 52.9314017
172.6 52.9561143
172.61 52.9808269
172.62 53.0055395
172.63 53.0302521
172.64 53.0549647
172.65 53.0796773
172.66 53.1044138
172.67 53.1291264
172.68 53.1538629
172.69 53.1785994
172.7 53.203312
172.71 53.2280485
172.72 53.252785
172.73 53.2775215
172.74 53.302258
172.75 53.3270184
172.76 53.3517549
172.77 53.3764914
172.78 53.4012518
172.79 53.4260122
172.8 53.4507487
172.81 53.4755091
172.82 53.5002695
172.83 53.5250299
172.84 53.5497903
172.85 53.5745507
172.86 53.599335
172.87 53.6240954
172.88 53.6488558
172.89 53.6736401
172.9 53.6984244
172.91 53.7231848
172.92 53.7479691
172.93 53.7727534
172.94 53.7975377
172.95 53.822322
172.96 53.8471302
172.97 53.8719145
172.98 53.8966988
172.99 53.921507
173.0 53.9463152
173.01 53.9710995
173.02 53.9959077
173.03 54.0207159
173.04 54.0455241
173.05 54.0703323
173.06 54.0951405
173.07 54.1199487
173.08 54.1447808
173.09 54.169589
173.1 54.1944211
173.11 54.2192293
173.12 54.2440614
173.13 54.2688935
173.14 54.2937256
173.15 54.3185577
173.16 54.3433898
173.17 54.3682219
173.18 54.393054
173.19 54.4178861
173.2 54.4427421
173.21 54.4675742
173.22 54.4924302
173.23 54.5172862
173.24 54.5421183
173.25 54.5669743
173.26 54.5918303
173.27 54.6166863
173.28 54.6415423
173.29 54.6664222
173.3 54.6912782
173.31 54.7161342
173.32 54.7410141
173.33 54.7658701
173.34 54.79075
173.35 54.8156299
173.36 54.8405098
173.37 54.8653897
173.38 54.8902696
173.39 54.9151495
173.4 54.9400294
173.41 54.9649093
173.42 54.9898131
173.43 55.014693
173.44 55.0395968
173.45 55.0644767
173.46 55.0893805
173.47 55.1142843
173.48 55.1391881
173.49 55.1640919
173.5 55.1889957
173.51 55.2138995
173.52 55.2388033
173.53 55.2637071
173.54 55.2886348
173.55 55.3135386
173.56 55.3384663
173.57 55.3633701
173.58 55.3882978
173.59 55.4132255
173.6 55.4381532
173.61 55.4630809
173.62 55.4880086
173.63 55.5129363
173.64 55.537864
173.65 55.5628156
173.66 55.5877433
173.67 55.6126949
173.68 55.6376226
173.69 55.6625742
173.7 55.6875258
173.71 55.7124535
173.72 55.7374051
173.73 55.7623567
173.74 55.7873083
173.75 55.8122838
173.76 55.8372354
173.77 55.862187
173.78 55.8871625
173.79 55.9121141
173.8 55.9370896
173.81 55.9620412
173.82 55.9870167
173.83 56.0119922
173.84 56.0369677
173.85 56.0619432
173.86 56.0869187
173.87 56.1118942
173.88 56.1368697
173.89 56.1618452
173.9 56.1868446
173.91 56.2118201
173.92 56.2368195
173.93 56.261795
173.94 56.2867944
173.95 56.3117938
173.96 56.3367932
173.97 56.3617926
173.98 56.386792
173.99 56.4117914
174.0 56.4367908
174.01 56.4617902
174.02 56.4868135
174.03 56.5118129
174.04 56.5368362
174.05 56.5618356
174.06 56.5868589
174.07 56.6118822
174.08 56.6368816
174.09 56.6619049
174.1 56.6869282
174.11 56.7119515
174.12 56.7369748
174.13 56.762022
174.14 56.7870453
174.15 56.8120686
174.16 56.8371158
174.17 56.8621391
174.18 56.8871863
174.19 56.9122096
174.2 56.9372568
174.21 56.962304
174.22 56.9873512
174.23 57.0123984
174.24 57.0374456
174.25 57.0624928
174.26 57.08754
174.27 57.1125872
174.28 57.1376583
174.29 57.1627055
174.3 57.1877766
174.31 57.2128238
174.32 57.2378949
174.33 57.262966
174.34 57.2880371
174.35 57.3130843
174.36 57.3381554
174.37 57.3632265
174.38 57.3882976
174.39 57.4133926
174.4 57.4384637
174.41 57.4635348
174.42 57.4886298
174.43 57.5137009
174.44 57.5387959
174.45 57.563867
174.46 57.588962
174.47 57.614057
174.48 57.639152
174.49 57.6642231
174.5 57.6893181
174.51 57.7144131
174.52 57.739532
174.53 57.764627
174.54 57.789722
174.55 57.814817
174.56 57.8399359
174.57 57.8650309
174.58 57.8901498
174.59 57.9152448
174.6 57.9403637
174.61 57.9654826
174.62 57.9906015
174.63 58.0157204
174.64 58.0408393
174.65 58.0659582
174.66 58.0910771
174.67 58.116196
174.68 58.1413149
174.69 58.1664577
174.7 58.1915766
174.71 58.2167194
174.72 58.2418383
174.73 58.2669811
174.74 58.2921
174.75 58.3172428
174.76 58.3423856
174.77 58.3675284
174.78 58.3926712
174.79 58.417814
174.8 58.4429568
174.81 58.4680996
174.82 58.4932424
174.83 58.5184091
174.84 58.5435519
174.85 58.5686947
174.86 58.5938614
174.87 58.6190281
174.88 58.6441709
174.89 58.6693376
174.9 58.6945043
174.91 58.719671
174.92 58.7448138
174.93 58.7699805
174.94 58.7951472
174.95 58.8203378
174.96 58.8455045
174.97 58.8706712
174.98 58.8958379
174.99 58.9210285
175.0 58.9461952
175.01 58.9713858
175.02 58.9965525
175.03 59.0217431
175.04 59.0469337
175.05 59.0721004
175.06 59.097291
175.07 59.1224816
175.08 59.1476722
175.09 59.1728628
175.1 59.1980534
175.11 59.223244
175.12 59.2484585
175.13 59.2736491
175.14 59.2988397
175.15 59.3240542
175.16 59.3492448
175.17 59.3744593
175.18 59.3996499
175.19 59.4248644
175.2 59.4500789
175.21 59.4752934
175.22 59.500484
175.23 59.5256985
175.24 59.550913
175.25 59.5761275
175.26 59.6013659
175.27 59.6265804
175.28 59.6517949
175.29 59.6770094
175.3 59.7022478
175.31 59.7274623
175.32 59.7527007
175.33 59.7779152
175.34 59.8031536
175.35 59.8283681
175.36 59.8536065
175.37 59.8788449
175.38 59.9040833
175.39 59.9293217
175.4 59.9545601
175.41 59.9797985
175.42 60.0050369
175.43 60.0302753
175.44 60.0555137
175.45 60.080776
175.46 60.1060144
175.47 60.1312528
175.48 60.1565151
175.49 60.1817535
175.5 60.2070158
175.51 60.2322542
175.52 60.2575165
175.53 60.2827788
175.54 60.3080411
175.55 60.3333034
175.56 60.3585657
175.57 60.383828
175.58 60.4090903
175.59 60.4343526
175.6 60.4596149
175.61 60.4848772
175.62 60.5101395
175.63 60.5354257
175.64 60.560688
175.65 60.5859742
175.66 60.6112365
175.67 60.6365227
175.68 60.661785
175.69 60.6870712
175.7 60.7123574
175.71 60.7376436
175.72 60.7629059
175.73 60.7881921
175.74 60.8134783
175.75 60.8387645
175.76 60.8640507
175.77 60.8893608
175.78 60.914647
175.79 60.9399332
175.8 60.9652194
175.81 60.9905295
175.82 61.0158157
175.83 61.0411258
175.84 61.066412
175.85 61.0917221
175.86 61.1170083
175.87 61.1423184
175.88 61.1676285
175.89 61.1929386
175.9 61.2182248
175.91 61.2435349
175.92 61.268845
175.93 61.2941551
175.94 61.3194652
175.95 61.3447992
175.96 61.3701093
175.97 61.3954194
175.98 61.4207295
175.99 61.4460635
176.0 61.4713736
176.01 61.4966837
176.02 61.5220177
176.03 61.5473278
176.04 61.5726618
176.05 61.5979958
176.06 61.6233059
176.07 61.6486399
176.08 61.6739739
176.09 61.6993079
176.1 61.7246419
176.11 61.7499759
176.12 61.7753099
176.13 61.8006439
176.14 61.8259779
176.15 61.8513119
176.16 61.8766459
176.17 61.9020038
176.18 61.9273378
176.19 61.9526718
176.2 61.9780297
176.21 62.0033637
176.22 62.0287216
176.23 62.0540556
176.24 62.0794135
176.25 62.1047714
176.26 62.1301054
176.27 62.1554633
176.28 62.1808212
176.29 62.2061791
176.3 62.231537
176.31 62.2568949
176.32 62.2822528
176.33 62.3076107
176.34 62.3329686
176.35 62.3583265
176.36 62.3836844
176.37 62.4090423
176.38 62.4344241
176.39 62.459782
176.4 62.4851399
176.41 62.5105217
176.42 62.5358796
176.43 62.5612614
176.44 62.5866432
176.45 62.6120011
176.46 62.6373829
176.47 62.6627647
176.48 62.6881226
176.49 62.7135044
176.5 62.7388862
176.51 62.764268
176.52 62.7896498
176.53 62.8150316
176.54 62.8404134
176.55 62.8657952
176.56 62.891177
176.57 62.9165588
176.58 62.9419645
176.59 62.9673463
176.6 62.9927281
176.61 63.0181338
176.62 63.0435156
176.63 63.0688974
176.64 63.0943031
176.65 63.1197088
176.66 63.1450906
176.67 63.1704963
176.68 63.1958781
176.69 63.2212838
176.7 63.2466895
176.71 63.2720952
176.72 63.2975009
176.73 63.3228827
176.74 63.3482884
176.75 63.3736941
176.76 63.3990998
176.77 63.4245055
176.78 63.4499351
176.79 63.4753408
176.8 63.5007465
176.81 63.5261522
176.82 63.5515579
176.83 63.5769875
176.84 63.6023932
176.85 63.6278228
176.86 63.6532285
176.87 63.6786342
176.88 63.7040638
176.89 63.7294934
176.9 63.7548991
176.91 63.7803287
176.92 63.8057583
176.93 63.831164
176.94 63.8565936
176.95 63.8820232
176.96 63.9074528
176.97 63.9328824
176.98 63.958312
176.99 63.9837416
177.0 64.0091712
177.01 64.0346008
177.02 64.0600304
177.03 64.08546
177.04 64.1108896
177.05 64.1363192
177.06 64.1617488
177.07 64.1872023
177.08 64.2126319
177.09 64.2380615
177.1 64.263515
177.11 64.2889446
177.12 64.3143981
177.13 64.3398277
177.14 64.3652812
177.15 64.3907108
177.16 64.4161643
177.17 64.4416178
177.18 64.4670474
177.19 64.4925009
177.2 64.5179544
177.21 64.5434079
177.22 64.5688614
177.23 64.5943149
177.24 64.6197445
177.25 64.645198
177.26 64.6706515
177.27 64.696105
177.28 64.7215824
177.29 64.7470359
177.3 64.7724894
177.31 64.7979429
177.32 64.8233964
177.33 64.8488499
177.34 64.8743273
177.35 64.8997808
177.36 64.9252343
177.37 64.9507117
177.38 64.9761652
177.39 65.0016426
177.4 65.0270961
177.41 65.0525735
177.42 65.078027
177.43 65.1035044
177.44 65.1289818
177.45 65.1544353
177.46 65.1799127
177.47 65.2053901
177.48 65.2308436
177.49 65.256321
177.5 65.2817984
177.51 65.3072758
177.52 65.3327532
177.53 65.3582306
177.54 65.383708
177.55 65.4091854
177.56 65.4346628
177.57 65.4601402
177.58 65.4856176
177.59 65.511095
177.6 65.5365724
177.61 65.5620498
177.62 65.5875511
177.63 65.6130285
177.64 65.6385059
177.65 65.6639833
177.66 65.6894846
177.67 65.714962
177.68 65.7404394
177.69 65.7659407
177.7 65.7914181
177.71 65.8169194
177.72 65.8423968
177.73 65.8678981
177.74 65.8933994
177.75 65.9188768
177.76 65.9443781
177.77 65.9698794
177.78 65.9953568
177.79 66.0208581
177.8 66.0463594
177.81 66.0718607
177.82 66.0973381
177.83 66.1228394
177.84 66.1483407
177.85 66.173842
177.86 66.1993433
177.87 66.2248446
177.88 66.2503459
177.89 66.2758472
177.9 66.3013485
177.91 66.3268498
177.92 66.3523511
177.93 66.3778524
177.94 66.4033537
177.95 66.4288789
177.96 66.4543802
177.97 66.4798815
177.98 66.5053828
177.99 66.530908
178.0 66.5564093
178.01 66.5819106
178.02 66.6074358
178.03 66.6329371
178.04 66.6584384
178.05 66.6839636
178.06 66.7094649
178.07 66.7349901
178.08 66.7604914
178.09 66.7860166
178.1 66.8115418
178.11 66.8370431
178.12 66.8625683
178.13 66.8880696
178.14 66.9135948
178.15 66.93912
178.16 66.9646452
178.17 66.9901465
178.18 67.0156717
178.19 67.0411969
178.2 67.0667221
178.21 67.0922473
178.22 67.1177486
178.23 67.1432738
178.24 67.168799
178.25 67.1943242
178.26 67.2198494
178.27 67.2453746
178.28 67.2708998
178.29 67.296425
178.3 67.3219502
178.31 67.3474754
178.32 67.3730006
178.33 67.3985258
178.34 67.4240749
178.35 67.4496001
178.36 67.4751253
178.37 67.5006505
178.38 67.5261757
178.39 67.5517248
178.4 67.57725
178.41 67.6027752
178.42 67.6283243
178.43 67.6538495
178.44 67.6793747
178.45 67.7049238
178.46 67.730449
178.47 67.7559742
178.48 67.7815233
178.49 67.8070485
178.5 67.8325976
178.51 67.8581228
178.52 67.8836719
178.53 67.9091971
178.54 67.9347462
178.55 67.9602714
178.56 67.9858205
178.57 68.0113696
178.58 68.0368948
178.59 68.0624439
178.6 68.087993
178.61 68.1135182
178.62 68.1390673
178.63 68.1646164
178.64 68.1901655
178.65 68.2156907
178.66 68.2412398
178.67 68.2667889
178.68 68.292338
178.69 68.3178632
178.7 68.3434123
178.71 68.3689614
178.72 68.3945105
178.73 68.4200596
178.74 68.4456087
178.75 68.4711578
178.76 68.4967069
178.77 68.522256
178.78 68.5478051
178.79 68.5733542
178.8 68.5989033
178.81 68.6244524
178.82 68.6500015
178.83 68.6755506
178.84 68.7010997
178.85 68.7266488
178.86 68.7521979
178.87 68.777747
178.88 68.8032961
178.89 68.8288691
178.9 68.8544182
178.91 68.8799673
178.92 68.9055164
178.93 68.9310655
178.94 68.9566385
178.95 68.9821876
178.96 69.0077367
178.97 69.0332858
178.98 69.0588588
178.99 69.0844079
179.0 69.109957
179.01 69.1355061
179.02 69.1610791
179.03 69.1866282
179.04 69.2122012
179.05 69.2377503
179.06 69.2632994
179.07 69.2888724
179.08 69.3144215
179.09 69.3399945
179.1 69.3655436
179.11 69.3910927
179.12 69.4166657
179.13 69.4422148
179.14 69.4677878
179.15 69.4933369
179.16 69.5189099
179.17 69.544459
179.18 69.570032
179.19 69.5955811
179.2 69.6211541
179.21 69.6467032
179.22 69.6722762
179.23 69.6978492
179.24 69.7233983
179.25 69.7489713
179.26 69.7745204
179.27 69.8000934
179.28 69.8256664
179.29 69.8512155
179.3 69.8767885
179.31 69.9023615
179.32 69.9279106
179.33 69.9534836
179.34 69.9790566
179.35 70.0046057
179.36 70.0301787
179.37 70.0557517
179.38 70.0813008
179.39 70.1068738
179.4 70.1324468
179.41 70.1580198
179.42 70.1835689
179.43 70.2091419
179.44 70.2347149
179.45 70.2602879
179.46 70.285837
179.47 70.31141
179.48 70.336983
179.49 70.362556
179.5 70.388129
179.51 70.4136781
179.52 70.4392511
179.53 70.4648241
179.54 70.4903971
179.55 70.5159701
179.56 70.5415192
179.57 70.5670922
179.58 70.5926652
179.59 70.6182382
179.6 70.6438112
179.61 70.6693842
179.62 70.6949572
179.63 70.7205302
179.64 70.7460793
179.65 70.7716523
179.66 70.7972253
179.67 70.8227983
179.68 70.8483713
179.69 70.8739443
179.7 70.8995173
179.71 70.9250903
179.72 70.9506633
179.73 70.9762363
179.74 71.0017854
179.75 71.0273584
179.76 71.0529314
179.77 71.0785044
179.78 71.1040774
179.79 71.1296504
179.8 71.1552234
179.81 71.1807964
179.82 71.2063694
179.83 71.2319424
179.84 71.2575154
179.85 71.2830884
179.86 71.3086614
179.87 71.3342344
179.88 71.3598074
179.89 71.3853804
179.9 71.4109534
179.91 71.4365264
179.92 71.4620994
179.93 71.4876724
179.94 71.5132454
179.95 71.5388184
179.96 71.5643675
179.97 71.5899405
179.98 71.6155135
179.99 71.6410865
180.0 71.6666595
180.01 71.6666595
