0.0 71.7
0.01 71.7
0.02 71.7
0.03 71.7
0.04 71.7
0.05 71.7
0.06 71.7
0.07 71.7
0.08 71.7
0.09 71.7
0.1 71.7
0.11 71.7
0.12 71.7
0.13 71.7
0.14 71.7
0.15 71.7
0.16 71.7
0.17 71.7
0.18 71.7
0.19 71.7
0.2 71.7
0.21 71.7
0.22 71.7
0.23 71.7
0.24 71.7
0.25 71.7
0.26 71.7
0.27 71.7
0.28 71.7
0.29 71.7
0.3 71.7
0.31 71.7
0.32 71.7
0.33 71.7
0.34 71.7
0.35 71.7
0.36 71.7
0.37 71.7
0.38 71.7
0.39 71.7
0.4 71.7
0.41 71.7
0.42 71.7
0.43 71.7
0.44 71.7
0.45 71.7
0.46 71.7
0.47 71.7
0.48 71.7
0.49 71.7
0.5 71.7
0.51 71.7
0.52 71.7
0.53 71.7
0.54 71.7
0.55 71.7
0.56 71.7
0.57 71.7
0.58 71.7
0.59 71.7
0.6 71.7
0.61 71.7
0.62 71.7
0.63 71.7
0.64 71.7
0.65 71.7
0.66 71.7
0.67 71.7
0.68 71.7
0.69 71.7
0.7 71.7
0.71 71.7
0.72 71.7
0.73 71.7
0.74 71.7
0.75 71.7
0.76 71.7
0.77 71.7
0.78 71.7
0.79 71.7
0.8 71.7
0.81 71.7
0.82 71.7
0.83 71.7
0.84 71.7
0.85 71.7
0.86 71.7
0.87 71.7
0.88 71.7
0.89 71.7
0.9 71.7
0.91 71.7
0.92 71.7
0.93 71.7
0.94 71.7
0.95 71.7
0.96 71.7
0.97 71.7
0.98 71.7
0.99 71.7
1.0 71.7
1.01 71.7
1.02 71.7
1.03 71.7
1.04 71.7
1.05 71.7
1.06 71.7
1.07 71.7
1.08 71.7
1.09 71.7
1.1 71.7
1.11 71.7
1.12 71.7
1.13 71.7
1.14 71.7
1.15 71.7
1.16 71.7
1.17 71.7
1.18 71.7
1.19 71.7
1.2 71.7
1.21 71.7
1.22 71.7
1.23 71.7
1.24 71.7
1.25 71.7
1.26 71.7
1.27 71.7
1.28 71.7
1.29 71.7
1.3 71.7
1.31 71.7
1.32 71.7
1.33 71.7
1.34 71.7
1.35 71.7
1.36 71.7
1.37 71.7
1.38 71.7
1.39 71.7
1.4 71.7
1.41 71.7
1.42 71.7
1.43 71.7
1.44 71.7
1.45 71.7
1.46 71.7
1.47 71.7
1.48 71.7
1.49 71.7
1.5 71.7
1.51 71.7
1.52 71.7
1.53 71.7
1.54 71.7
1.55 71.7
1.56 71.7
1.57 71.7
1.58 71.7
1.59 71.7
1.6 71.7
1.61 71.7
1.62 71.7
1.63 71.7
1.64 71.7
1.65 71.7
1.66 71.7
1.67 71.7
1.68 71.7
1.69 71.7
1.7 71.7
1.71 71.7
1.72 71.7
1.73 71.7
1.74 71.7
1.75 71.7
1.76 71.7
1.77 71.7
1.78 71.7
1.79 71.7
1.8 71.7
1.81 71.7
1.82 71.7
1.83 71.7
1.84 71.7
1.85 71.7
1.86 71.7
1.87 71.7
1.88 71.7
1.89 71.7
1.9 71.7
1.91 71.7
1.92 71.7
1.93 71.7
1.94 71.7
1.95 71.7
1.96 71.7
1.97 71.7
1.98 71.7
1.99 71.7
2.0 71.7
2.01 71.7
2.02 71.7
2.03 71.7
2.04 71.7
2.05 71.7
2.06 71.7
2.07 71.7
2.08 71.7
2.09 71.7
2.1 71.7
2.11 71.7
2.12 71.7
2.13 71.7
2.14 71.7
2.15 71.7
2.16 71.7
2.17 71.7
2.18 71.7
2.19 71.7
2.2 71.7
2.21 71.7
2.22 71.7
2.23 71.7
2.24 71.7
2.25 71.7
2.26 71.7
2.27 71.7
2.28 71.7
2.29 71.7
2.3 71.7
2.31 71.7
2.32 71.7
2.33 71.7
2.34 71.7
2.35 71.7
2.36 71.7
2.37 71.7
2.38 71.7
2.39 71.7
2.4 71.7
2.41 71.7
2.42 71.7
2.43 71.7
2.44 71.7
2.45 71.7
2.46 71.7
2.47 71.7
2.48 71.7
2.49 71.7
2.5 71.7
2.51 71.7
2.52 71.7
2.53 71.7
2.54 71.7
2.55 71.7
2.56 71.7
2.57 71.7
2.58 71.7
2.59 71.7
2.6 71.7
2.61 71.7
2.62 71.7
2.63 71.7
2.64 71.7
2.65 71.7
2.66 71.7
2.67 71.7
2.68 71.7
2.69 71.7
2.7 71.7
2.71 71.7
2.72 71.7
2.73 71.7
2.74 71.7
2.75 71.7
2.76 71.7
2.77 71.7
2.78 71.7
2.79 71.7
2.8 71.7
2.81 71.7
2.82 71.7
2.83 71.7
2.84 71.7
2.85 71.7
2.86 71.7
2.87 71.7
2.88 71.7
2.89 71.7
2.9 71.7
2.91 71.7
2.92 71.7
2.93 71.7
2.94 71.7
2.95 71.7
2.96 71.7
2.97 71.7
2.98 71.7
2.99 71.7
3.0 71.7
3.01 71.7
3.02 71.7
3.03 71.7
3.04 71.7
3.05 71.7
3.06 71.7
3.07 71.7
3.08 71.7
3.09 71.7
3.1 71.7
3.11 71.7
3.12 71.7
3.13 71.7
3.14 71.7
3.15 71.7
3.16 71.7
3.17 71.7
3.18 71.7
3.19 71.7
3.2 71.7
3.21 71.7
3.22 71.7
3.23 71.7
3.24 71.7
3.25 71.7
3.26 71.7
3.27 71.7
3.28 71.7
3.29 71.7
3.3 71.7
3.31 71.7
3.32 71.7
3.33 71.7
3.34 71.7
3.35 71.7
3.36 71.7
3.37 71.7
3.38 71.7
3.39 71.7
3.4 71.7
3.41 71.7
3.42 71.7
3.43 71.7
3.44 71.7
3.45 71.7
3.46 71.7
3.47 71.7
3.48 71.7
3.49 71.7
3.5 71.7
3.51 71.7
3.52 71.7
3.53 71.7
3.54 71.7
3.55 71.7
3.56 71.7
3.57 71.7
3.58 71.7
3.59 71.7
3.6 71.7
3.61 71.7
3.62 71.7
3.63 71.7
3.64 71.7
3.65 71.7
3.66 71.7
3.67 71.7
3.68 71.7
3.69 71.7
3.7 71.7
3.71 71.7
3.72 71.7
3.73 71.7
3.74 71.7
3.75 71.7
3.76 71.7
3.77 71.7
3.78 71.7
3.79 71.7
3.8 71.7
3.81 71.7
3.82 71.7
3.83 71.7
3.84 71.7
3.85 71.7
3.86 71.7
3.87 71.7
3.88 71.7
3.89 71.7
3.9 71.7
3.91 71.7
3.92 71.7
3.93 71.7
3.94 71.7
3.95 71.7
3.96 71.7
3.97 71.7
3.98 71.7
3.99 71.7
4.0 71.7
4.01 71.7
4.02 71.7
4.03 71.7
4.04 71.7
4.05 71.7
4.06 71.7
4.07 71.7
4.08 71.7
4.09 71.7
4.1 71.7
4.11 71.7
4.12 71.7
4.13 71.7
4.14 71.7
4.15 71.7
4.16 71.7
4.17 71.7
4.18 71.7
4.19 71.7
4.2 71.7
4.21 71.7
4.22 71.7
4.23 71.7
4.24 71.7
4.25 71.7
4.26 71.7
4.27 71.7
4.28 71.7
4.29 71.7
4.3 71.7
4.31 71.7
4.32 71.7
4.33 71.7
4.34 71.7
4.35 71.7
4.36 71.7
4.37 71.7
4.38 71.7
4.39 71.7
4.4 71.7
4.41 71.7
4.42 71.7
4.43 71.7
4.44 71.7
4.45 71.7
4.46 71.7
4.47 71.7
4.48 71.7
4.49 71.7
4.5 71.7
4.51 71.7
4.52 71.7
4.53 71.7
4.54 71.7
4.55 71.7
4.56 71.7
4.57 71.7
4.58 71.7
4.59 71.7
4.6 71.7
4.61 71.7
4.62 71.7
4.63 71.7
4.64 71.7
4.65 71.7
4.66 71.7
4.67 71.7
4.68 71.7
4.69 71.7
4.7 71.7
4.71 71.7
4.72 71.7
4.73 71.7
4.74 71.7
4.75 71.7
4.76 71.7
4.77 71.7
4.78 71.7
4.79 71.7
4.8 71.7
4.81 71.7
4.82 71.7
4.83 71.7
4.84 71.7
4.85 71.7
4.86 71.7
4.87 71.7
4.88 71.7
4.89 71.7
4.9 71.7
4.91 71.7
4.92 71.7
4.93 71.7
4.94 71.7
4.95 71.7
4.96 71.7
4.97 71.7
4.98 71.7
4.99 71.7
5.0 71.7
5.01 71.7
5.02 71.7
5.03 71.7
5.04 71.7
5.05 71.7
5.06 71.7
5.07 71.7
5.08 71.7
5.09 71.7
5.1 71.7
5.11 71.7
5.12 71.7
5.13 71.7
5.14 71.7
5.15 71.7
5.16 71.7
5.17 71.7
5.18 71.7
5.19 71.7
5.2 71.7
5.21 71.7
5.22 71.7
5.23 71.7
5.24 71.7
5.25 71.7
5.26 71.7
5.27 71.7
5.28 71.7
5.29 71.7
5.3 71.7
5.31 71.7
5.32 71.7
5.33 71.7
5.34 71.7
5.35 71.7
5.36 71.7
5.37 71.7
5.38 71.7
5.39 71.7
5.4 71.7
5.41 71.7
5.42 71.7
5.43 71.7
5.44 71.7
5.45 71.7
5.46 71.7
5.47 71.7
5.48 71.7
5.49 71.7
5.5 71.7
5.51 71.7
5.52 71.7
5.53 71.7
5.54 71.7
5.55 71.7
5.56 71.7
5.57 71.7
5.58 71.7
5.59 71.7
5.6 71.7
5.61 71.7
5.62 71.7
5.63 71.7
5.64 71.7
5.65 71.7
5.66 71.7
5.67 71.7
5.68 71.7
5.69 71.7
5.7 71.7
5.71 71.7
5.72 71.7
5.73 71.7
5.74 71.7
5.75 71.7
5.76 71.7
5.77 71.7
5.78 71.7
5.79 71.7
5.8 71.7
5.81 71.7
5.82 71.7
5.83 71.7
5.84 71.7
5.85 71.7
5.86 71.7
5.87 71.7
5.88 71.7
5.89 71.7
5.9 71.7
5.91 71.7
5.92 71.7
5.93 71.7
5.94 71.7
5.95 71.7
5.96 71.7
5.97 71.7
5.98 71.7
5.99 71.7
6.0 71.7
6.01 71.7
6.02 71.7
6.03 71.7
6.04 71.7
6.05 71.7
6.06 71.7
6.07 71.7
6.08 71.7
6.09 71.7
6.1 71.7
6.11 71.7
6.12 71.7
6.13 71.7
6.14 71.7
6.15 71.7
6.16 71.7
6.17 71.7
6.18 71.7
6.19 71.7
6.2 71.7
6.21 71.7
6.22 71.7
6.23 71.7
6.24 71.7
6.25 71.7
6.26 71.6999761
6.27 71.6999761
6.28 71.6999761
6.29 71.6999761
6.3 71.6999761
6.31 71.6999761
6.32 71.6999761
6.33 71.6999761
6.34 71.6999761
6.35 71.6999761
6.36 71.6999761
6.37 71.6999761
6.38 71.6999761
6.39 71.6999761
6.4 71.6999761
6.41 71.6999761
6.42 71.6999761
6.43 71.6999761
6.44 71.6999761
6.45 71.6999761
6.46 71.6999761
6.47 71.6999761
6.48 71.6999761
6.49 71.6999761
6.5 71.6999761
6.51 71.6999761
6.52 71.6999761
6.53 71.6999761
6.54 71.6999761
6.55 71.6999761
6.56 71.6999761
6.57 71.6999761
6.58 71.6999761
6.59 71.6999761
6.6 71.6999761
6.61 71.6999761
6.62 71.6999761
6.63 71.6999761
6.64 71.6999761
6.65 71.6999761
6.66 71.6999761
6.67 71.6999761
6.68 71.6999761
6.69 71.6999761
6.7 71.6999761
6.71 71.6999761
6.72 71.6999761
6.73 71.6999761
6.74 71.6999761
6.75 71.6999761
6.76 71.6999761
6.77 71.6999761
6.78 71.6999761
6.79 71.6999761
6.8 71.6999761
6.81 71.6999761
6.82 71.6999761
6.83 71.6999761
6.84 71.6999761
6.85 71.6999761
6.86 71.6999761
6.87 71.6999761
6.88 71.6999761
6.89 71.6999761
6.9 71.6999761
6.91 71.6999761
6.92 71.6999761
6.93 71.6999761
6.94 71.6999761
6.95 71.6999761
6.96 71.6999761
6.97 71.6999761
6.98 71.6999761
6.99 71.6999761
7.0 71.6999761
7.01 71.6999761
7.02 71.6999761
7.03 71.6999761
7.04 71.6999761
7.05 71.6999761
7.06 71.6999761
7.07 71.6999761
7.08 71.6999761
7.09 71.6999761
7.1 71.6999761
7.11 71.6999761
7.12 71.6999761
7.13 71.6999761
7.14 71.6999761
7.15 71.6999761
7.16 71.6999761
7.17 71.6999761
7.18 71.6999761
7.19 71.6999761
7.2 71.6999761
7.21 71.6999761
7.22 71.6999761
7.23 71.6999761
7.24 71.6999761
7.25 71.6999761
7.26 71.6999761
7.27 71.6999761
7.28 71.6999761
7.29 71.6999761
7.3 71.6999761
7.31 71.6999761
7.32 71.6999761
7.33 71.6999761
7.34 71.6999761
7.35 71.6999761
7.36 71.6999761
7.37 71.6999761
7.38 71.6999761
7.39 71.6999761
7.4 71.6999761
7.41 71.6999761
7.42 71.6999761
7.43 71.6999761
7.44 71.6999761
7.45 71.6999761
7.46 71.6999761
7.47 71.6999761
7.48 71.6999761
7.49 71.6999761
7.5 71.6999761
7.51 71.6999761
7.52 71.6999761
7.53 71.6999761
7.54 71.6999761
7.55 71.6999761
7.56 71.6999761
7.57 71.6999761
7.58 71.6999761
7.59 71.6999761
7.6 71.6999761
7.61 71.6999761
7.62 71.6999761
7.63 71.6999761
7.64 71.6999761
7.65 71.6999761
7.66 71.6999761
7.67 71.6999761
7.68 71.6999761
7.69 71.6999761
7.7 71.6999761
7.71 71.6999761
7.72 71.6999761
7.73 71.6999761
7.74 71.6999761
7.75 71.6999761
7.76 71.6999761
7.77 71.6999761
7.78 71.6999761
7.79 71.6999761
7.8 71.6999761
7.81 71.6999761
7.82 71.6999761
7.83 71.6999761
7.84 71.6999761
7.85 71.6999761
7.86 71.6999761
7.87 71.6999761
7.88 71.6999761
7.89 71.6999761
7.9 71.6999761
7.91 71.6999761
7.92 71.6999761
7.93 71.6999761
7.94 71.6999761
7.95 71.6999761
7.96 71.6999761
7.97 71.6999761
7.98 71.6999761
7.99 71.6999761
8.0 71.6999761
8.01 71.6999761
8.02 71.6999761
8.03 71.6999761
8.04 71.6999761
8.05 71.6999761
8.06 71.6999761
8.07 71.6999761
8.08 71.6999761
8.09 71.6999761
8.1 71.6999761
8.11 71.6999761
8.12 71.6999761
8.13 71.6999761
8.14 71.6999761
8.15 71.6999761
8.16 71.6999761
8.17 71.6999761
8.18 71.6999761
8.19 71.6999761
8.2 71.6999761
8.21 71.6999761
8.22 71.6999761
8.23 71.6999761
8.24 71.6999761
8.25 71.6999761
8.26 71.6999761
8.27 71.6999761
8.28 71.6999761
8.29 71.6999761
8.3 71.6999761
8.31 71.6999761
8.32 71.6999761
8.33 71.6999761
8.34 71.6999761
8.35 71.6999761
8.36 71.6999761
8.37 71.6999761
8.38 71.6999761
8.39 71.6999761
8.4 71.6999761
8.41 71.6999761
8.42 71.6999761
8.43 71.6999761
8.44 71.6999761
8.45 71.6999761
8.46 71.6999761
8.47 71.6999761
8.48 71.6999761
8.49 71.6999761
8.5 71.6999761
8.51 71.6999761
8.52 71.6999761
8.53 71.6999761
8.54 71.6999761
8.55 71.6999761
8.56 71.6999761
8.57 71.6999761
8.58 71.6999761
8.59 71.6999761
8.6 71.6999761
8.61 71.6999761
8.62 71.6999761
8.63 71.6999761
8.64 71.6999761
8.65 71.6999761
8.66 71.6999761
8.67 71.6999761
8.68 71.6999761
8.69 71.6999761
8.7 71.6999761
8.71 71.6999761
8.72 71.6999761
8.73 71.6999761
8.74 71.6999761
8.75 71.6999761
8.76 71.6999761
8.77 71.6999761
8.78 71.6999761
8.79 71.6999761
8.8 71.6999761
8.81 71.6999761
8.82 71.6999761
8.83 71.6999761
8.84 71.6999761
8.85 71.6999761
8.86 71.6999761
8.87 71.6999761
8.88 71.6999761
8.89 71.6999761
8.9 71.6999761
8.91 71.6999761
8.92 71.6999761
8.93 71.6999761
8.94 71.6999761
8.95 71.6999761
8.96 71.6999761
8.97 71.6999761
8.98 71.6999761
8.99 71.6999761
9.0 71.6999761
9.01 71.6999761
9.02 71.6999761
9.03 71.6999761
9.04 71.6999761
9.05 71.6999761
9.06 71.6999761
9.07 71.6999761
9.08 71.6999761
9.09 71.6999761
9.1 71.6999761
9.11 71.6999761
9.12 71.6999761
9.13 71.6999761
9.14 71.6999761
9.15 71.6999761
9.16 71.6999761
9.17 71.6999761
9.18 71.6999761
9.19 71.7
9.2 71.7
9.21 71.7
9.22 71.7
9.23 71.7
9.24 71.7
9.25 71.7
9.26 71.7
9.27 71.7
9.28 71.7
9.29 71.7
9.3 71.7
9.31 71.7
9.32 71.7
9.33 71.7
9.34 71.7
9.35 71.7
9.36 71.7
9.37 71.7
9.38 71.7
9.39 71.7
9.4 71.7
9.41 71.7
9.42 71.7
9.43 71.7
9.44 71.7
9.45 71.7
9.46 71.7
9.47 71.7
9.48 71.7
9.49 71.7
9.5 71.7
9.51 71.7
9.52 71.7
9.53 71.7
9.54 71.7
9.55 71.7
9.56 71.7
9.57 71.7
9.58 71.7
9.59 71.7
9.6 71.7
9.61 71.7
9.62 71.7
9.63 71.7
9.64 71.7
9.65 71.7
9.66 71.7
9.67 71.7
9.68 71.7
9.69 71.7
9.7 71.7
9.71 71.7
9.72 71.7
9.73 71.7
9.74 71.7
9.75 71.7
9.76 71.7
9.77 71.7
9.78 71.7
9.79 71.7
9.8 71.7
9.81 71.7
9.82 71.7
9.83 71.7
9.84 71.7
9.85 71.7
9.86 71.7
9.87 71.7
9.88 71.7
9.89 71.7
9.9 71.7
9.91 71.7
9.92 71.7
9.93 71.7
9.94 71.7
9.95 71.7
9.96 71.7
9.97 71.7
9.98 71.7
9.99 71.7
10.0 71.7
10.01 71.7
10.02 71.7
10.03 71.7
10.04 71.7
10.05 71.7
10.06 71.7
10.07 71.7
10.08 71.7
10.09 71.7
10.1 71.7
10.11 71.7
10.12 71.7
10.13 71.7
10.14 71.7
10.15 71.7
10.16 71.7
10.17 71.7
10.18 71.7
10.19 71.7
10.2 71.7
10.21 71.7
10.22 71.7
10.23 71.7
10.24 71.7
10.25 71.7
10.26 71.7
10.27 71.7
10.28 71.7
10.29 71.7
10.3 71.7
10.31 71.7
10.32 71.7
10.33 71.7
10.34 71.7
10.35 71.7
10.36 71.7
10.37 71.7
10.38 71.7
10.39 71.7
10.4 71.7
10.41 71.7
10.42 71.7
10.43 71.7
10.44 71.7
10.45 71.7
10.46 71.7
10.47 71.7
10.48 71.7
10.49 71.7
10.5 71.7
10.51 71.7
10.52 71.7
10.53 71.7
10.54 71.7
10.55 71.7
10.56 71.7
10.57 71.7
10.58 71.7
10.59 71.7
10.6 71.7
10.61 71.7
10.62 71.7
10.63 71.7
10.64 71.7
10.65 71.7
10.66 71.7
10.67 71.7
10.68 71.7
10.69 71.7
10.7 71.7
10.71 71.7
10.72 71.7
10.73 71.7
10.74 71.7
10.75 71.7
10.76 71.7
10.77 71.7
10.78 71.7
10.79 71.7
10.8 71.7
10.81 71.7
10.82 71.7
10.83 71.7
10.84 71.7
10.85 71.7
10.86 71.7
10.87 71.7
10.88 71.7
10.89 71.7
10.9 71.7
10.91 71.7
10.92 71.7
10.93 71.7
10.94 71.7
10.95 71.7
10.96 71.7000239
10.97 71.7000239
10.98 71.7000239
10.99 71.7000239
11.0 71.7000239
11.01 71.7000239
11.02 71.7000239
11.03 71.7000239
11.04 71.7000239
11.05 71.7000239
11.06 71.7000239
11.07 71.7000239
11.08 71.7000239
11.09 71.7000239
11.1 71.7000239
11.11 71.7000239
11.12 71.7000239
11.13 71.7000239
11.14 71.7000239
11.15 71.7000239
11.16 71.7000239
11.17 71.7000239
11.18 71.7000239
11.19 71.7000239
11.2 71.7000239
11.21 71.7000239
11.22 71.7000239
11.23 71.7000239
11.24 71.7000239
11.25 71.7000239
11.26 71.7000239
11.27 71.7000239
11.28 71.7000239
11.29 71.7000239
11.3 71.7000239
11.31 71.7000239
11.32 71.7000239
11.33 71.7000239
11.34 71.7000239
11.35 71.7000239
11.36 71.7000239
11.37 71.7000239
11.38 71.7000239
11.39 71.7000239
11.4 71.7000239
11.41 71.7000239
11.42 71.7000239
11.43 71.7000239
11.44 71.7000239
11.45 71.7000239
11.46 71.7000239
11.47 71.7000239
11.48 71.7000239
11.49 71.7000239
11.5 71.7000239
11.51 71.7000239
11.52 71.7000239
11.53 71.7000239
11.54 71.7000239
11.55 71.7000239
11.56 71.7000239
11.57 71.7000239
11.58 71.7000239
11.59 71.7000239
11.6 71.7000239
11.61 71.7000239
11.62 71.7000239
11.63 71.7000239
11.64 71.7000239
11.65 71.7000239
11.66 71.7000239
11.67 71.7000239
11.68 71.7000239
11.69 71.7000239
11.7 71.7000239
11.71 71.7000239
11.72 71.7000239
11.73 71.7000239
11.74 71.7000239
11.75 71.7000239
11.76 71.7000239
11.77 71.7000239
11.78 71.7000239
11.79 71.7000478
11.8 71.7000478
11.81 71.7000478
11.82 71.7000478
11.83 71.7000478
11.84 71.7000478
11.85 71.7000478
11.86 71.7000478
11.87 71.7000478
11.88 71.7000478
11.89 71.7000478
11.9 71.7000478
11.91 71.7000478
11.92 71.7000478
11.93 71.7000478
11.94 71.7000478
11.95 71.7000478
11.96 71.7000478
11.97 71.7000478
11.98 71.7000478
11.99 71.7000478
12.0 71.7000478
12.01 71.7000478
12.02 71.7000478
12.03 71.7000478
12.04 71.7000478
12.05 71.7000478
12.06 71.7000478
12.07 71.7000478
12.08 71.7000478
12.09 71.7000478
12.1 71.7000478
12.11 71.7000478
12.12 71.7000478
12.13 71.7000478
12.14 71.7000478
12.15 71.7000478
12.16 71.7000478
12.17 71.7000478
12.18 71.7000478
12.19 71.7000478
12.2 71.7000478
12.21 71.7000478
12.22 71.7000478
12.23 71.7000478
12.24 71.7000478
12.25 71.7000478
12.26 71.7000478
12.27 71.7000478
12.28 71.7000478
12.29 71.7000478
12.3 71.7000478
12.31 71.7000478
12.32 71.7000478
12.33 71.7000478
12.34 71.7000478
12.35 71.7000478
12.36 71.7000478
12.37 71.7000478
12.38 71.7000717
12.39 71.7000717
12.4 71.7000717
12.41 71.7000717
12.42 71.7000717
12.43 71.7000717
12.44 71.7000717
12.45 71.7000717
12.46 71.7000717
12.47 71.7000717
12.48 71.7000717
12.49 71.7000717
12.5 71.7000717
12.51 71.7000717
12.52 71.7000717
12.53 71.7000717
12.54 71.7000717
12.55 71.7000717
12.56 71.7000717
12.57 71.7000717
12.58 71.7000717
12.59 71.7000717
12.6 71.7000717
12.61 71.7000717
12.62 71.7000717
12.63 71.7000717
12.64 71.7000717
12.65 71.7000717
12.66 71.7000717
12.67 71.7000717
12.68 71.7000717
12.69 71.7000717
12.7 71.7000717
12.71 71.7000717
12.72 71.7000717
12.73 71.7000717
12.74 71.7000717
12.75 71.7000717
12.76 71.7000717
12.77 71.7000717
12.78 71.7000717
12.79 71.7000717
12.8 71.7000717
12.81 71.7000717
12.82 71.7000717
12.83 71.7000717
12.84 71.7000717
12.85 71.7000717
12.86 71.7000717
12.87 71.7000956
12.88 71.7000956
12.89 71.7000956
12.9 71.7000956
12.91 71.7000956
12.92 71.7000956
12.93 71.7000956
12.94 71.7000956
12.95 71.7000956
12.96 71.7000956
12.97 71.7000956
12.98 71.7000956
12.99 71.7000956
13.0 71.7000956
13.01 71.7000956
13.02 71.7000956
13.03 71.7000956
13.04 71.7000956
13.05 71.7000956
13.06 71.7000956
13.07 71.7000956
13.08 71.7000956
13.09 71.7000956
13.1 71.7000956
13.11 71.7000956
13.12 71.7000956
13.13 71.7000956
13.14 71.7000956
13.15 71.7000956
13.16 71.7000956
13.17 71.7000956
13.18 71.7000956
13.19 71.7000956
13.2 71.7000956
13.21 71.7000956
13.22 71.7000956
13.23 71.7000956
13.24 71.7000956
13.25 71.7000956
13.26 71.7000956
13.27 71.7000956
13.28 71.7000956
13.29 71.7000956
13.3 71.7001195
13.31 71.7001195
13.32 71.7001195
13.33 71.7001195
13.34 71.7001195
13.35 71.7001195
13.36 71.7001195
13.37 71.7001195
13.38 71.7001195
13.39 71.7001195
13.4 71.7001195
13.41 71.7001195
13.42 71.7001195
13.43 71.7001195
13.44 71.7001195
13.45 71.7001195
13.46 71.7001195
13.47 71.7001195
13.48 71.7001195
13.49 71.7001195
13.5 71.7001195
13.51 71.7001195
13.52 71.7001195
13.53 71.7001195
13.54 71.7001195
13.55 71.7001195
13.56 71.7001195
13.57 71.7001195
13.58 71.7001195
13.59 71.7001195
13.6 71.7001195
13.61 71.7001195
13.62 71.7001195
13.63 71.7001195
13.64 71.7001195
13.65 71.7001195
13.66 71.7001195
13.67 71.7001195
13.68 71.7001434
13.69 71.7001434
13.7 71.7001434
13.71 71.7001434
13.72 71.7001434
13.73 71.7001434
13.74 71.7001434
13.75 71.7001434
13.76 71.7001434
13.77 71.7001434
13.78 71.7001434
13.79 71.7001434
13.8 71.7001434
13.81 71.7001434
13.82 71.7001434
13.83 71.7001434
13.84 71.7001434
13.85 71.7001434
13.86 71.7001434
13.87 71.7001434
13.88 71.7001434
13.89 71.7001434
13.9 71.7001434
13.91 71.7001434
13.92 71.7001434
13.93 71.7001434
13.94 71.7001434
13.95 71.7001434
13.96 71.7001434
13.97 71.7001434
13.98 71.7001434
13.99 71.7001434
14.0 71.7001434
14.01 71.7001434
14.02 71.7001434
14.03 71.7001434
14.04 71.7001434
14.05 71.7001673
14.06 71.7001673
14.07 71.7001673
14.08 71.7001673
14.09 71.7001673
14.1 71.7001673
14.11 71.7001673
14.12 71.7001673
14.13 71.7001673
14.14 71.7001673
14.15 71.7001673
14.16 71.7001673
14.17 71.7001673
14.18 71.7001673
14.19 71.7001673
14.2 71.7001673
14.21 71.7001673
14.22 71.7001673
14.23 71.7001673
14.24 71.7001673
14.25 71.7001673
14.26 71.7001673
14.27 71.7001673
14.28 71.7001673
14.29 71.7001673
14.3 71.7001673
14.31 71.7001673
14.32 71.7001673
14.33 71.7001673
14.34 71.7001673
14.35 71.7001673
14.36 71.7001673
14.37 71.7001673
14.38 71.7001673
14.39 71.7001912
14.4 71.7001912
14.41 71.7001912
14.42 71.7001912
14.43 71.7001912
14.44 71.7001912
14.45 71.7001912
14.46 71.7001912
14.47 71.7001912
14.48 71.7001912
14.49 71.7001912
14.5 71.7001912
14.51 71.7001912
14.52 71.7001912
14.53 71.7001912
14.54 71.7001912
14.55 71.7001912
14.56 71.7001912
14.57 71.7001912
14.58 71.7001912
14.59 71.7001912
14.6 71.7001912
14.61 71.7001912
14.62 71.7001912
14.63 71.7001912
14.64 71.7001912
14.65 71.7001912
14.66 71.7001912
14.67 71.7001912
14.68 71.7001912
14.69 71.7001912
14.7 71.7001912
14.71 71.7001912
14.72 71.7002151
14.73 71.7002151
14.74 71.7002151
14.75 71.7002151
14.76 71.7002151
14.77 71.7002151
14.78 71.7002151
14.79 71.7002151
14.8 71.7002151
14.81 71.7002151
14.82 71.7002151
14.83 71.7002151
14.84 71.7002151
14.85 71.7002151
14.86 71.7002151
14.87 71.7002151
14.88 71.7002151
14.89 71.7002151
14.9 71.7002151
14.91 71.7002151
14.92 71.7002151
14.93 71.7002151
14.94 71.7002151
14.95 71.7002151
14.96 71.7002151
14.97 71.7002151
14.98 71.7002151
14.99 71.7002151
15.0 71.7002151
15.01 71.7002151
15.02 71.7002151
15.03 71.7002151
15.04 71.700239
15.05 71.700239
15.06 71.700239
15.07 71.700239
15.08 71.700239
15.09 71.700239
15.1 71.700239
15.11 71.700239
15.12 71.700239
15.13 71.700239
15.14 71.700239
15.15 71.700239
15.16 71.700239
15.17 71.700239
15.18 71.700239
15.19 71.700239
15.2 71.700239
15.21 71.700239
15.22 71.700239
15.23 71.700239
15.24 71.700239
15.25 71.700239
15.26 71.700239
15.27 71.700239
15.28 71.700239
15.29 71.700239
15.3 71.700239
15.31 71.700239
15.32 71.700239
15.33 71.700239
15.34 71.700239
15.35 71.7002629
15.36 71.7002629
15.37 71.7002629
15.38 71.7002629
15.39 71.7002629
15.4 71.7002629
15.41 71.7002629
15.42 71.7002629
15.43 71.7002629
15.44 71.7002629
15.45 71.7002629
15.46 71.7002629
15.47 71.7002629
15.48 71.7002629
15.49 71.7002629
15.5 71.7002629
15.51 71.7002629
15.52 71.7002629
15.53 71.7002629
15.54 71.7002629
15.55 71.7002629
15.56 71.7002629
15.57 71.7002629
15.58 71.7002629
15.59 71.7002629
15.6 71.7002629
15.61 71.7002629
15.62 71.7002629
15.63 71.7002629
15.64 71.7002629
15.65 71.7002629
15.66 71.7002868
15.67 71.7002868
15.68 71.7002868
15.69 71.7002868
15.7 71.7002868
15.71 71.7002868
15.72 71.7002868
15.73 71.7002868
15.74 71.7002868
15.75 71.7002868
15.76 71.7002868
15.77 71.7002868
15.78 71.7002868
15.79 71.7002868
15.8 71.7002868
15.81 71.7002868
15.82 71.7002868
15.83 71.7002868
15.84 71.7002868
15.85 71.7002868
15.86 71.7002868
15.87 71.7002868
15.88 71.7002868
15.89 71.7002868
15.9 71.7002868
15.91 71.7002868
15.92 71.7002868
15.93 71.7002868
15.94 71.7002868
15.95 71.7002868
15.96 71.7002868
15.97 71.7002868
15.98 71.7002868
15.99 71.7003107
16.0 71.7003107
16.01 71.7003107
16.02 71.7003107
16.03 71.7003107
16.04 71.7003107
16.05 71.7003107
16.06 71.7003107
16.07 71.7003107
16.08 71.7003107
16.09 71.7003107
16.1 71.7003107
16.11 71.7003107
16.12 71.7003107
16.13 71.7003107
16.14 71.7003107
16.15 71.7003107
16.16 71.7003107
16.17 71.7003107
16.18 71.7003107
16.19 71.7003107
16.2 71.7003107
16.21 71.7003107
16.22 71.7003107
16.23 71.7003107
16.24 71.7003107
16.25 71.7003107
16.26 71.7003107
16.27 71.7003107
16.28 71.7003107
16.29 71.7003107
16.3 71.7003107
16.31 71.7003107
16.32 71.7003107
16.33 71.7003107
16.34 71.7003107
16.35 71.7003107
16.36 71.7003107
16.37 71.7003346
16.38 71.7003346
16.39 71.7003346
16.4 71.7003346
16.41 71.7003346
16.42 71.7003346
16.43 71.7003346
16.44 71.7003346
16.45 71.7003346
16.46 71.7003346
16.47 71.7003346
16.48 71.7003346
16.49 71.7003346
16.5 71.7003346
16.51 71.7003346
16.52 71.7003346
16.53 71.7003346
16.54 71.7003346
16.55 71.7003346
16.56 71.7003346
16.57 71.7003346
16.58 71.7003346
16.59 71.7003346
16.6 71.7003346
16.61 71.7003346
16.62 71.7003346
16.63 71.7003346
16.64 71.7003346
16.65 71.7003346
16.66 71.7003346
16.67 71.7003346
16.68 71.7003346
16.69 71.7003346
16.7 71.7003346
16.71 71.7003346
16.72 71.7003346
16.73 71.7003346
16.74 71.7003346
16.75 71.7003346
16.76 71.7003346
16.77 71.7003346
16.78 71.7003346
16.79 71.7003346
16.8 71.7003346
16.81 71.7003346
16.82 71.7003346
16.83 71.7003346
16.84 71.7003346
16.85 71.7003346
16.86 71.7003346
16.87 71.7003346
16.88 71.7003346
16.89 71.7003346
16.9 71.7003346
16.91 71.7003346
16.92 71.7003585
16.93 71.7003585
16.94 71.7003585
16.95 71.7003585
16.96 71.7003585
16.97 71.7003585
16.98 71.7003585
16.99 71.7003585
17.0 71.7003585
17.01 71.7003585
17.02 71.7003585
17.03 71.7003585
17.04 71.7003585
17.05 71.7003585
17.06 71.7003585
17.07 71.7003585
17.08 71.7003585
17.09 71.7003585
17.1 71.7003585
17.11 71.7003585
17.12 71.7003585
17.13 71.7003585
17.14 71.7003585
17.15 71.7003585
17.16 71.7003585
17.17 71.7003585
17.18 71.7003585
17.19 71.7003585
17.2 71.7003585
17.21 71.7003585
17.22 71.7003585
17.23 71.7003585
17.24 71.7003585
17.25 71.7003585
17.26 71.7003585
17.27 71.7003585
17.28 71.7003585
17.29 71.7003585
17.3 71.7003585
17.31 71.7003585
17.32 71.7003585
17.33 71.7003585
17.34 71.7003585
17.35 71.7003585
17.36 71.7003585
17.37 71.7003585
17.38 71.7003585
17.39 71.7003585
17.4 71.7003585
17.41 71.7003585
17.42 71.7003585
17.43 71.7003585
17.44 71.7003585
17.45 71.7003585
17.46 71.7003585
17.47 71.7003585
17.48 71.7003585
17.49 71.7003585
17.5 71.7003585
17.51 71.7003585
17.52 71.7003585
17.53 71.7003585
17.54 71.7003585
17.55 71.7003585
17.56 71.7003585
17.57 71.7003585
17.58 71.7003585
17.59 71.7003585
17.6 71.7003585
17.61 71.7003585
17.62 71.7003585
17.63 71.7003585
17.64 71.7003585
17.65 71.7003346
17.66 71.7003346
17.67 71.7003346
17.68 71.7003346
17.69 71.7003346
17.7 71.7003346
17.71 71.7003346
17.72 71.7003346
17.73 71.7003346
17.74 71.7003346
17.75 71.7003346
17.76 71.7003346
17.77 71.7003346
17.78 71.7003346
17.79 71.7003346
17.8 71.7003346
17.81 71.7003346
17.82 71.7003346
17.83 71.7003346
17.84 71.7003346
17.85 71.7003346
17.86 71.7003346
17.87 71.7003346
17.88 71.7003346
17.89 71.7003346
17.9 71.7003346
17.91 71.7003346
17.92 71.7003346
17.93 71.7003346
17.94 71.7003346
17.95 71.7003346
17.96 71.7003346
17.97 71.7003346
17.98 71.7003346
17.99 71.7003346
18.0 71.7003346
18.01 71.7003346
18.02 71.7003346
18.03 71.7003346
18.04 71.7003346
18.05 71.7003346
18.06 71.7003346
18.07 71.7003346
18.08 71.7003346
18.09 71.7003107
18.1 71.7003107
18.11 71.7003107
18.12 71.7003107
18.13 71.7003107
18.14 71.7003107
18.15 71.7003107
18.16 71.7003107
18.17 71.7003107
18.18 71.7003107
18.19 71.7003107
18.2 71.7003107
18.21 71.7003107
18.22 71.7003107
18.23 71.7003107
18.24 71.7003107
18.25 71.7003107
18.26 71.7003107
18.27 71.7003107
18.28 71.7003107
18.29 71.7003107
18.3 71.7003107
18.31 71.7003107
18.32 71.7003107
18.33 71.7003107
18.34 71.7003107
18.35 71.7002868
18.36 71.7002868
18.37 71.7002868
18.38 71.7002868
18.39 71.7002868
18.4 71.7002868
18.41 71.7002868
18.42 71.7002868
18.43 71.7002868
18.44 71.7002868
18.45 71.7002868
18.46 71.7002868
18.47 71.7002868
18.48 71.7002868
18.49 71.7002868
18.5 71.7002868
18.51 71.7002868
18.52 71.7002868
18.53 71.7002868
18.54 71.7002868
18.55 71.7002629
18.56 71.7002629
18.57 71.7002629
18.58 71.7002629
18.59 71.7002629
18.6 71.7002629
18.61 71.7002629
18.62 71.7002629
18.63 71.7002629
18.64 71.7002629
18.65 71.7002629
18.66 71.7002629
18.67 71.7002629
18.68 71.7002629
18.69 71.7002629
18.7 71.7002629
18.71 71.700239
18.72 71.700239
18.73 71.700239
18.74 71.700239
18.75 71.700239
18.76 71.700239
18.77 71.700239
18.78 71.700239
18.79 71.700239
18.8 71.700239
18.81 71.700239
18.82 71.700239
18.83 71.700239
18.84 71.700239
18.85 71.7002151
18.86 71.7002151
18.87 71.7002151
18.88 71.7002151
18.89 71.7002151
18.9 71.7002151
18.91 71.7002151
18.92 71.7002151
18.93 71.7002151
18.94 71.7002151
18.95 71.7002151
18.96 71.7002151
18.97 71.7001912
18.98 71.7001912
18.99 71.7001912
19.0 71.7001912
19.01 71.7001912
19.02 71.7001912
19.03 71.7001912
19.04 71.7001912
19.05 71.7001912
19.06 71.7001912
19.07 71.7001912
19.08 71.7001673
19.09 71.7001673
19.1 71.7001673
19.11 71.7001673
19.12 71.7001673
19.13 71.7001673
19.14 71.7001673
19.15 71.7001673
19.16 71.7001673
19.17 71.7001673
19.18 71.7001434
19.19 71.7001434
19.2 71.7001434
19.21 71.7001434
19.22 71.7001434
19.23 71.7001434
19.24 71.7001434
19.25 71.7001434
19.26 71.7001434
19.27 71.7001434
19.28 71.7001195
19.29 71.7001195
19.3 71.7001195
19.31 71.7001195
19.32 71.7001195
19.33 71.7001195
19.34 71.7001195
19.35 71.7001195
19.36 71.7001195
19.37 71.7000956
19.38 71.7000956
19.39 71.7000956
19.4 71.7000956
19.41 71.7000956
19.42 71.7000956
19.43 71.7000956
19.44 71.7000956
19.45 71.7000717
19.46 71.7000717
19.47 71.7000717
19.48 71.7000717
19.49 71.7000717
19.5 71.7000717
19.51 71.7000717
19.52 71.7000478
19.53 71.7000478
19.54 71.7000478
19.55 71.7000478
19.56 71.7000478
19.57 71.7000478
19.58 71.7000478
19.59 71.7000478
19.6 71.7000239
19.61 71.7000239
19.62 71.7000239
19.63 71.7000239
19.64 71.7000239
19.65 71.7000239
19.66 71.7000239
19.67 71.7
19.68 71.7
19.69 71.7
19.7 71.7
19.71 71.7
19.72 71.7
19.73 71.6999761
19.74 71.6999761
19.75 71.6999761
19.76 71.6999761
19.77 71.6999761
19.78 71.6999761
19.79 71.6999761
19.8 71.6999522
19.81 71.6999522
19.82 71.6999522
19.83 71.6999522
19.84 71.6999522
19.85 71.6999522
19.86 71.6999283
19.87 71.6999283
19.88 71.6999283
19.89 71.6999283
19.9 71.6999283
19.91 71.6999283
19.92 71.6999044
19.93 71.6999044
19.94 71.6999044
19.95 71.6999044
19.96 71.6999044
19.97 71.6998805
19.98 71.6998805
19.99 71.6998805
20.0 71.6998805
20.01 71.6998805
20.02 71.6998805
20.03 71.6998566
20.04 71.6998566
20.05 71.6998566
20.06 71.6998566
20.07 71.6998566
20.08 71.6998327
20.09 71.6998327
20.1 71.6998327
20.11 71.6998327
20.12 71.6998327
20.13 71.6998088
20.14 71.6998088
20.15 71.6998088
20.16 71.6998088
20.17 71.6998088
20.18 71.6997849
20.19 71.6997849
20.2 71.6997849
20.21 71.6997849
20.22 71.6997849
20.23 71.699761
20.24 71.699761
20.25 71.699761
20.26 71.699761
20.27 71.6997371
20.28 71.6997371
20.29 71.6997371
20.3 71.6997371
20.31 71.6997371
20.32 71.6997132
20.33 71.6997132
20.34 71.6997132
20.35 71.6997132
20.36 71.6996893
20.37 71.6996893
20.38 71.6996893
20.39 71.6996893
20.4 71.6996893
20.41 71.6996654
20.42 71.6996654
20.43 71.6996654
20.44 71.6996654
20.45 71.6996415
20.46 71.6996415
20.47 71.6996415
20.48 71.6996415
20.49 71.6996176
20.5 71.6996176
20.51 71.6996176
20.52 71.6996176
20.53 71.6995937
20.54 71.6995937
20.55 71.6995937
20.56 71.6995937
20.57 71.6995698
20.58 71.6995698
20.59 71.6995698
20.6 71.6995698
20.61 71.6995459
20.62 71.6995459
20.63 71.6995459
20.64 71.6995459
20.65 71.699522
20.66 71.699522
20.67 71.699522
20.68 71.699522
20.69 71.6994981
20.7 71.6994981
20.71 71.6994981
20.72 71.6994742
20.73 71.6994742
20.74 71.6994742
20.75 71.6994742
20.76 71.6994503
20.77 71.6994503
20.78 71.6994503
20.79 71.6994264
20.8 71.6994264
20.81 71.6994264
20.82 71.6994264
20.83 71.6994025
20.84 71.6994025
20.85 71.6994025
20.86 71.6993786
20.87 71.6993786
20.88 71.6993786
20.89 71.6993786
20.9 71.6993547
20.91 71.6993547
20.92 71.6993547
20.93 71.6993308
20.94 71.6993308
20.95 71.6993308
20.96 71.6993069
20.97 71.6993069
20.98 71.6993069
20.99 71.699283
21.0 71.699283
21.01 71.699283
21.02 71.6992591
21.03 71.6992591
21.04 71.6992591
21.05 71.6992591
21.06 71.6992352
21.07 71.6992352
21.08 71.6992352
21.09 71.6992113
21.1 71.6992113
21.11 71.6992113
21.12 71.6991874
21.13 71.6991874
21.14 71.6991874
21.15 71.6991635
21.16 71.6991635
21.17 71.6991396
21.18 71.6991396
21.19 71.6991396
21.2 71.6991157
21.21 71.6991157
21.22 71.6991157
21.23 71.6990918
21.24 71.6990918
21.25 71.6990918
21.26 71.6990679
21.27 71.6990679
21.28 71.6990679
21.29 71.699044
21.3 71.699044
21.31 71.699044
21.32 71.6990201
21.33 71.6990201
21.34 71.6989962
21.35 71.6989962
21.36 71.6989962
21.37 71.6989723
21.38 71.6989723
21.39 71.6989723
21.4 71.6989484
21.41 71.6989484
21.42 71.6989245
21.43 71.6989245
21.44 71.6989245
21.45 71.6989006
21.46 71.6989006
21.47 71.6988767
21.48 71.6988767
21.49 71.6988767
21.5 71.6988528
21.51 71.6988528
21.52 71.6988289
21.53 71.6988289
21.54 71.6988289
21.55 71.698805
21.56 71.698805
21.57 71.6987811
21.58 71.6987811
21.59 71.6987811
21.6 71.6987572
21.61 71.6987572
21.62 71.6987333
21.63 71.6987333
21.64 71.6987333
21.65 71.6987094
21.66 71.6987094
21.67 71.6986855
21.68 71.6986855
21.69 71.6986616
21.7 71.6986616
21.71 71.6986616
21.72 71.6986377
21.73 71.6986377
21.74 71.6986138
21.75 71.6986138
21.76 71.6985899
21.77 71.6985899
21.78 71.698566
21.79 71.698566
21.8 71.698566
21.81 71.6985421
21.82 71.6985421
21.83 71.6985182
21.84 71.6985182
21.85 71.6984943
21.86 71.6984943
21.87 71.6984704
21.88 71.6984704
21.89 71.6984704
21.9 71.6984465
21.91 71.6984465
21.92 71.6984226
21.93 71.6984226
21.94 71.6983987
21.95 71.6983987
21.96 71.6983748
21.97 71.6983748
21.98 71.6983509
21.99 71.6983509
22.0 71.698327
22.01 71.698327
22.02 71.6983031
22.03 71.6983031
22.04 71.6982792
22.05 71.6982792
22.06 71.6982792
22.07 71.6982553
22.08 71.6982553
22.09 71.6982314
22.1 71.6982314
22.11 71.6982075
22.12 71.6982075
22.13 71.6981836
22.14 71.6981836
22.15 71.6981597
22.16 71.6981597
22.17 71.6981358
22.18 71.6981358
22.19 71.6981119
22.2 71.6981119
22.21 71.698088
22.22 71.698088
22.23 71.6980641
22.24 71.6980641
22.25 71.6980402
22.26 71.6980402
22.27 71.6980163
22.28 71.6980163
22.29 71.6979924
22.3 71.6979924
22.31 71.6979685
22.32 71.6979446
22.33 71.6979446
22.34 71.6979207
22.35 71.6979207
22.36 71.6978968
22.37 71.6978968
22.38 71.6978729
22.39 71.6978729
22.4 71.697849
22.41 71.697849
22.42 71.6978251
22.43 71.6978251
22.44 71.6978012
22.45 71.6978012
22.46 71.6977773
22.47 71.6977773
22.48 71.6977534
22.49 71.6977295
22.5 71.6977295
22.51 71.6977056
22.52 71.6977056
22.53 71.6976817
22.54 71.6976817
22.55 71.6976578
22.56 71.6976578
22.57 71.6976339
22.58 71.69761
22.59 71.69761
22.6 71.6975861
22.61 71.6975861
22.62 71.6975622
22.63 71.6975622
22.64 71.6975383
22.65 71.6975383
22.66 71.6975144
22.67 71.6974905
22.68 71.6974905
22.69 71.6974666
22.7 71.6974666
22.71 71.6974427
22.72 71.6974427
22.73 71.6974188
22.74 71.6973949
22.75 71.6973949
22.76 71.697371
22.77 71.697371
22.78 71.6973471
22.79 71.6973471
22.8 71.6973232
22.81 71.6972993
22.82 71.6972993
22.83 71.6972754
22.84 71.6972754
22.85 71.6972515
22.86 71.6972276
22.87 71.6972276
22.88 71.6972037
22.89 71.6972037
22.9 71.6971798
22.91 71.6971559
22.92 71.6971559
22.93 71.697132
22.94 71.697132
22.95 71.6971081
22.96 71.6970842
22.97 71.6970842
22.98 71.6970603
22.99 71.6970603
23.0 71.6970364
23.01 71.6970125
23.02 71.6970125
23.03 71.6969886
23.04 71.6969886
23.05 71.6969647
23.06 71.6969408
23.07 71.6969408
23.08 71.6969169
23.09 71.696893
23.1 71.696893
23.11 71.6968691
23.12 71.6968691
23.13 71.6968452
23.14 71.6968213
23.15 71.6968213
23.16 71.6967974
23.17 71.6967974
23.18 71.6967735
23.19 71.6967496
23.2 71.6967496
23.21 71.6967257
23.22 71.6967018
23.23 71.6967018
23.24 71.6966779
23.25 71.696654
23.26 71.696654
23.27 71.6966301
23.28 71.6966301
23.29 71.6966062
23.3 71.6965823
23.31 71.6965823
23.32 71.6965584
23.33 71.6965345
23.34 71.6965345
23.35 71.6965106
23.36 71.6964867
23.37 71.6964867
23.38 71.6964628
23.39 71.6964389
23.4 71.6964389
23.41 71.696415
23.42 71.6963911
23.43 71.6963911
23.44 71.6963672
23.45 71.6963433
23.46 71.6963433
23.47 71.6963194
23.48 71.6963194
23.49 71.6962955
23.5 71.6962716
23.51 71.6962716
23.52 71.6962477
23.53 71.6962238
23.54 71.6962238
23.55 71.6961999
23.56 71.696176
23.57 71.696176
23.58 71.6961521
23.59 71.6961282
23.6 71.6961043
23.61 71.6961043
23.62 71.6960804
23.63 71.6960565
23.64 71.6960565
23.65 71.6960326
23.66 71.6960087
23.67 71.6960087
23.68 71.6959848
23.69 71.6959609
23.7 71.6959609
23.71 71.695937
23.72 71.6959131
23.73 71.6959131
23.74 71.6958892
23.75 71.6958653
23.76 71.6958653
23.77 71.6958414
23.78 71.6958175
23.79 71.6958175
23.8 71.6957936
23.81 71.6957697
23.82 71.6957458
23.83 71.6957458
23.84 71.6957219
23.85 71.695698
23.86 71.695698
23.87 71.6956741
23.88 71.6956502
23.89 71.6956502
23.9 71.6956263
23.91 71.6956024
23.92 71.6955785
23.93 71.6955785
23.94 71.6955546
23.95 71.6955307
23.96 71.6955307
23.97 71.6955068
23.98 71.6954829
23.99 71.695459
24.0 71.695459
24.01 71.6954351
24.02 71.6954112
24.03 71.6954112
24.04 71.6953873
24.05 71.6953634
24.06 71.6953395
24.07 71.6953395
24.08 71.6953156
24.09 71.6952917
24.1 71.6952917
24.11 71.6952678
24.12 71.6952439
24.13 71.69522
24.14 71.69522
24.15 71.6951961
24.16 71.6951722
24.17 71.6951483
24.18 71.6951483
24.19 71.6951244
24.2 71.6951005
24.21 71.6951005
24.22 71.6950766
24.23 71.6950527
24.24 71.6950288
24.25 71.6950288
24.26 71.6950049
24.27 71.694981
24.28 71.6949571
24.29 71.6949571
24.3 71.6949332
24.31 71.6949093
24.32 71.6948854
24.33 71.6948854
24.34 71.6948615
24.35 71.6948376
24.36 71.6948376
24.37 71.6948137
24.38 71.6947898
24.39 71.6947659
24.4 71.6947659
24.41 71.694742
24.42 71.6947181
24.43 71.6946942
24.44 71.6946942
24.45 71.6946703
24.46 71.6946464
24.47 71.6946225
24.48 71.6946225
24.49 71.6945986
24.5 71.6945747
24.51 71.6945508
24.52 71.6945508
24.53 71.6945269
24.54 71.694503
24.55 71.6944791
24.56 71.6944791
24.57 71.6944552
24.58 71.6944313
24.59 71.6944074
24.6 71.6943835
24.61 71.6943835
24.62 71.6943596
24.63 71.6943357
24.64 71.6943118
24.65 71.6943118
24.66 71.6942879
24.67 71.694264
24.68 71.6942401
24.69 71.6942401
24.7 71.6942162
24.71 71.6941923
24.72 71.6941684
24.73 71.6941684
24.74 71.6941445
24.75 71.6941206
24.76 71.6940967
24.77 71.6940967
24.78 71.6940728
24.79 71.6940489
24.8 71.694025
24.81 71.694025
24.82 71.6940011
24.83 71.6939772
24.84 71.6939533
24.85 71.6939533
24.86 71.6939294
24.87 71.6939055
24.88 71.6938816
24.89 71.6938816
24.9 71.6938577
24.91 71.6938338
24.92 71.6938099
24.93 71.6938099
24.94 71.693786
24.95 71.6937621
24.96 71.6937621
24.97 71.6937382
24.98 71.6937143
24.99 71.6936904
25.0 71.6936904
25.01 71.6936665
25.02 71.6936426
25.03 71.6936187
25.04 71.6936187
25.05 71.6935948
25.06 71.6935709
25.07 71.6935709
25.08 71.693547
25.09 71.6935231
25.1 71.6934992
25.11 71.6934992
25.12 71.6934753
25.13 71.6934514
25.14 71.6934514
25.15 71.6934275
25.16 71.6934036
25.17 71.6933797
25.18 71.6933797
25.19 71.6933558
25.2 71.6933319
25.21 71.6933319
25.22 71.693308
25.23 71.6932841
25.24 71.6932841
25.25 71.6932602
25.26 71.6932363
25.27 71.6932363
25.28 71.6932124
25.29 71.6931885
25.3 71.6931646
25.31 71.6931646
25.32 71.6931407
25.33 71.6931168
25.34 71.6931168
25.35 71.6930929
25.36 71.6930929
25.37 71.693069
25.38 71.6930451
25.39 71.6930451
25.4 71.6930212
25.41 71.6929973
25.42 71.6929973
25.43 71.6929734
25.44 71.6929495
25.45 71.6929495
25.46 71.6929256
25.47 71.6929017
25.48 71.6929017
25.49 71.6928778
25.5 71.6928778
25.51 71.6928539
25.52 71.69283
25.53 71.69283
25.54 71.6928061
25.55 71.6928061
25.56 71.6927822
25.57 71.6927583
25.58 71.6927583
25.59 71.6927344
25.6 71.6927344
25.61 71.6927105
25.62 71.6927105
25.63 71.6926866
25.64 71.6926627
25.65 71.6926627
25.66 71.6926388
25.67 71.6926388
25.68 71.6926149
25.69 71.6926149
25.7 71.692591
25.71 71.692591
25.72 71.6925671
25.73 71.6925432
25.74 71.6925432
25.75 71.6925193
25.76 71.6925193
25.77 71.6924954
25.78 71.6924954
25.79 71.6924715
25.8 71.6924715
25.81 71.6924476
25.82 71.6924476
25.83 71.6924237
25.84 71.6924237
25.85 71.6923998
25.86 71.6923998
25.87 71.6923759
25.88 71.6923759
25.89 71.6923759
25.9 71.692352
25.91 71.692352
25.92 71.6923281
25.93 71.6923281
25.94 71.6923042
25.95 71.6923042
25.96 71.6922803
25.97 71.6922803
25.98 71.6922803
25.99 71.6922564
26.0 71.6922564
26.01 71.6922325
26.02 71.6922325
26.03 71.6922325
26.04 71.6922086
26.05 71.6922086
26.06 71.6921847
26.07 71.6921847
26.08 71.6921847
26.09 71.6921608
26.1 71.6921608
26.11 71.6921608
26.12 71.6921369
26.13 71.6921369
26.14 71.6921369
26.15 71.692113
26.16 71.692113
26.17 71.692113
26.18 71.6920891
26.19 71.6920891
26.2 71.6920891
26.21 71.6920652
26.22 71.6920652
26.23 71.6920652
26.24 71.6920652
26.25 71.6920413
26.26 71.6920413
26.27 71.6920413
26.28 71.6920413
26.29 71.6920174
26.3 71.6920174
26.31 71.6920174
26.32 71.6920174
26.33 71.6919935
26.34 71.6919935
26.35 71.6919935
26.36 71.6919935
26.37 71.6919935
26.38 71.6919696
26.39 71.6919696
26.4 71.6919696
26.41 71.6919696
26.42 71.6919696
26.43 71.6919696
26.44 71.6919457
26.45 71.6919457
26.46 71.6919457
26.47 71.6919457
26.48 71.6919457
26.49 71.6919457
26.5 71.6919457
26.51 71.6919457
26.52 71.6919457
26.53 71.6919218
26.54 71.6919218
26.55 71.6919218
26.56 71.6919218
26.57 71.6919218
26.58 71.6919218
26.59 71.6919218
26.6 71.6919218
26.61 71.6919218
26.62 71.6919218
26.63 71.6919218
26.64 71.6919218
26.65 71.6919218
26.66 71.6919218
26.67 71.6919218
26.68 71.6919218
26.69 71.6919218
26.7 71.6919218
26.71 71.6919218
26.72 71.6919218
26.73 71.6919218
26.74 71.6919218
26.75 71.6919218
26.76 71.6919218
26.77 71.6919457
26.78 71.6919457
26.79 71.6919457
26.8 71.6919457
26.81 71.6919457
26.82 71.6919457
26.83 71.6919457
26.84 71.6919457
26.85 71.6919696
26.86 71.6919696
26.87 71.6919696
26.88 71.6919696
26.89 71.6919696
26.9 71.6919935
26.91 71.6919935
26.92 71.6919935
26.93 71.6919935
26.94 71.6919935
26.95 71.6920174
26.96 71.6920174
26.97 71.6920174
26.98 71.6920174
26.99 71.6920413
27.0 71.6920413
27.01 71.6920413
27.02 71.6920652
27.03 71.6920652
27.04 71.6920652
27.05 71.6920891
27.06 71.6920891
27.07 71.6920891
27.08 71.692113
27.09 71.692113
27.1 71.692113
27.11 71.6921369
27.12 71.6921369
27.13 71.6921608
27.14 71.6921608
27.15 71.6921608
27.16 71.6921847
27.17 71.6921847
27.18 71.6922086
27.19 71.6922086
27.2 71.6922325
27.21 71.6922325
27.22 71.6922564
27.23 71.6922564
27.24 71.6922803
27.25 71.6922803
27.26 71.6923042
27.27 71.6923042
27.28 71.6923281
27.29 71.6923281
27.3 71.692352
27.31 71.692352
27.32 71.6923759
27.33 71.6923998
27.34 71.6923998
27.35 71.6924237
27.36 71.6924237
27.37 71.6924476
27.38 71.6924715
27.39 71.6924715
27.4 71.6924954
27.41 71.6925193
27.42 71.6925193
27.43 71.6925432
27.44 71.6925671
27.45 71.692591
27.46 71.692591
27.47 71.6926149
27.48 71.6926388
27.49 71.6926388
27.5 71.6926627
27.51 71.6926866
27.52 71.6927105
27.53 71.6927344
27.54 71.6927344
27.55 71.6927583
27.56 71.6927822
27.57 71.6928061
27.58 71.69283
27.59 71.6928539
27.6 71.6928778
27.61 71.6928778
27.62 71.6929017
27.63 71.6929256
27.64 71.6929495
27.65 71.6929734
27.66 71.6929973
27.67 71.6930212
27.68 71.6930451
27.69 71.693069
27.7 71.6930929
27.71 71.6931168
27.72 71.6931407
27.73 71.6931646
27.74 71.6931885
27.75 71.6932124
27.76 71.6932363
27.77 71.6932602
27.78 71.693308
27.79 71.6933319
27.8 71.6933558
27.81 71.6933797
27.82 71.6934036
27.83 71.6934275
27.84 71.6934514
27.85 71.6934992
27.86 71.6935231
27.87 71.693547
27.88 71.6935709
27.89 71.6936187
27.9 71.6936426
27.91 71.6936665
27.92 71.6936904
27.93 71.6937382
27.94 71.6937621
27.95 71.693786
27.96 71.6938338
27.97 71.6938577
27.98 71.6939055
27.99 71.6939294
28.0 71.6939533
28.01 71.6940011
28.02 71.694025
28.03 71.6940728
28.04 71.6940967
28.05 71.6941445
28.06 71.6941684
28.07 71.6942162
28.08 71.6942401
28.09 71.6942879
28.1 71.6943118
28.11 71.6943596
28.12 71.6944074
28.13 71.6944313
28.14 71.6944791
28.15 71.6945269
28.16 71.6945508
28.17 71.6945986
28.18 71.6946464
28.19 71.6946703
28.2 71.6947181
28.21 71.6947659
28.22 71.6948137
28.23 71.6948376
28.24 71.6948854
28.25 71.6949332
28.26 71.694981
28.27 71.6950288
28.28 71.6950766
28.29 71.6951005
28.3 71.6951483
28.31 71.6951961
28.32 71.6952439
28.33 71.6952917
28.34 71.6953395
28.35 71.6953873
28.36 71.6954351
28.37 71.6954829
28.38 71.6955307
28.39 71.6955785
28.4 71.6956263
28.41 71.6956741
28.42 71.6957458
28.43 71.6957936
28.44 71.6958414
28.45 71.6958892
28.46 71.695937
28.47 71.6960087
28.48 71.6960565
28.49 71.6961043
28.5 71.6961521
28.51 71.6962238
28.52 71.6962716
28.53 71.6963194
28.54 71.6963911
28.55 71.6964389
28.56 71.6964867
28.57 71.6965584
28.58 71.6966062
28.59 71.6966779
28.6 71.6967257
28.61 71.6967974
28.62 71.6968452
28.63 71.6969169
28.64 71.6969647
28.65 71.6970364
28.66 71.6970842
28.67 71.6971559
28.68 71.6972276
28.69 71.6972754
28.7 71.6973471
28.71 71.6974188
28.72 71.6974666
28.73 71.6975383
28.74 71.69761
28.75 71.6976817
28.76 71.6977534
28.77 71.6978012
28.78 71.6978729
28.79 71.6979446
28.8 71.6980163
28.81 71.698088
28.82 71.6981597
28.83 71.6982314
28.84 71.6983031
28.85 71.6983748
28.86 71.6984465
28.87 71.6985182
28.88 71.6985899
28.89 71.6986616
28.9 71.6987333
28.91 71.698805
28.92 71.6988767
28.93 71.6989723
28.94 71.699044
28.95 71.6991157
28.96 71.6991874
28.97 71.699283
28.98 71.6993547
28.99 71.6994264
29.0 71.699522
29.01 71.6995937
29.02 71.6996654
29.03 71.699761
29.04 71.6998327
29.05 71.6999283
29.06 71.7
29.07 71.7000956
29.08 71.7001673
29.09 71.7002629
29.1 71.7003346
29.11 71.7004302
29.12 71.7005258
29.13 71.7005975
29.14 71.7006931
29.15 71.7007887
29.16 71.7008604
29.17 71.700956
29.18 71.7010516
29.19 71.7011472
29.2 71.7012428
29.21 71.7013145
29.22 71.7014101
29.23 71.7015057
29.24 71.7016013
29.25 71.7016969
29.26 71.7017925
29.27 71.7018881
29.28 71.7019837
29.29 71.7020793
29.3 71.7021749
29.31 71.7022944
29.32 71.70239
29.33 71.7024856
29.34 71.7025812
29.35 71.7026768
29.36 71.7027963
29.37 71.7028919
29.38 71.7029875
29.39 71.7030831
29.4 71.7032026
29.41 71.7032982
29.42 71.7034177
29.43 71.7035133
29.44 71.7036089
29.45 71.7037284
29.46 71.7038479
29.47 71.7039435
29.48 71.704063
29.49 71.7041586
29.5 71.7042781
29.51 71.7043976
29.52 71.7044932
29.53 71.7046127
29.54 71.7047322
29.55 71.7048278
29.56 71.7049473
29.57 71.7050668
29.58 71.7051863
29.59 71.7053058
29.6 71.7054253
29.61 71.7055448
29.62 71.7056643
29.63 71.7057838
29.64 71.7059033
29.65 71.7060228
29.66 71.7061423
29.67 71.7062618
29.68 71.7063813
29.69 71.7065008
29.7 71.7066442
29.71 71.7067637
29.72 71.7068832
29.73 71.7070027
29.74 71.7071461
29.75 71.7072656
29.76 71.7073851
29.77 71.7075285
29.78 71.707648
29.79 71.7077914
29.8 71.7079109
29.81 71.7080543
29.82 71.7081738
29.83 71.7083172
29.84 71.7084606
29.85 71.7085801
29.86 71.7087235
29.87 71.7088669
29.88 71.7089864
29.89 71.7091298
29.9 71.7092732
29.91 71.7094166
29.92 71.70956
29.93 71.7097034
29.94 71.7098468
29.95 71.7099902
29.96 71.7101336
29.97 71.710277
29.98 71.7104204
29.99 71.7105638
30.0 71.7107072
30.01 71.7108506
30.02 71.710994
30.03 71.7111374
30.04 71.7113047
30.05 71.7114481
30.06 71.7115915
30.07 71.7117588
30.08 71.7119022
30.09 71.7120456
30.1 71.7122129
30.11 71.7123563
30.12 71.7125236
30.13 71.712667
30.14 71.7128343
30.15 71.7130016
30.16 71.713145
30.17 71.7133123
30.18 71.7134796
30.19 71.7136469
30.2 71.7137903
30.21 71.7139576
30.22 71.7141249
30.23 71.7142922
30.24 71.7144595
30.25 71.7146268
30.26 71.7147941
30.27 71.7149614
30.28 71.7151287
30.29 71.715296
30.3 71.7154633
30.31 71.7156306
30.32 71.7157979
30.33 71.7159891
30.34 71.7161564
30.35 71.7163237
30.36 71.7165149
30.37 71.7166822
30.38 71.7168495
30.39 71.7170407
30.4 71.717208
30.41 71.7173992
30.42 71.7175665
30.43 71.7177577
30.44 71.7179489
30.45 71.7181162
30.46 71.7183074
30.47 71.7184986
30.48 71.7186659
30.49 71.7188571
30.5 71.7190483
30.51 71.7192395
30.52 71.7194307
30.53 71.7196219
30.54 71.7198131
30.55 71.7200043
30.56 71.7201955
30.57 71.7203867
30.58 71.7205779
30.59 71.7207691
30.6 71.7209603
30.61 71.7211754
30.62 71.7213666
30.63 71.7215578
30.64 71.7217729
30.65 71.7219641
30.66 71.7221553
30.67 71.7223704
30.68 71.7225616
30.69 71.7227767
30.7 71.7229679
30.71 71.723183
30.72 71.7233981
30.73 71.7235893
30.74 71.7238044
30.75 71.7240195
30.76 71.7242346
30.77 71.7244258
30.78 71.7246409
30.79 71.724856
30.8 71.7250711
30.81 71.7252862
30.82 71.7255013
30.83 71.7257164
30.84 71.7259315
30.85 71.7261466
30.86 71.7263617
30.87 71.7265768
30.88 71.7268158
30.89 71.7270309
30.9 71.727246
30.91 71.7274611
30.92 71.7277001
30.93 71.7279152
30.94 71.7281542
30.95 71.7283693
30.96 71.7286083
30.97 71.7288234
30.98 71.7290624
30.99 71.7292775
31.0 71.7295165
31.01 71.7297316
31.02 71.7299706
31.03 71.7302096
31.04 71.7304486
31.05 71.7306637
31.06 71.7309027
31.07 71.7311417
31.08 71.7313807
31.09 71.7316197
31.1 71.7318587
31.11 71.7320977
31.12 71.7323367
31.13 71.7325757
31.14 71.7328147
31.15 71.7330537
31.16 71.7332927
31.17 71.7335317
31.18 71.7337946
31.19 71.7340336
31.2 71.7342726
31.21 71.7345355
31.22 71.7347745
31.23 71.7350135
31.24 71.7352764
31.25 71.7355154
31.26 71.7357783
31.27 71.7360173
31.28 71.7362802
31.29 71.7365192
31.3 71.7367821
31.31 71.737045
31.32 71.737284
31.33 71.7375469
31.34 71.7378098
31.35 71.7380727
31.36 71.7383356
31.37 71.7385746
31.38 71.7388375
31.39 71.7391004
31.4 71.7393633
31.41 71.7396262
31.42 71.7398891
31.43 71.740152
31.44 71.7404149
31.45 71.7407017
31.46 71.7409646
31.47 71.7412275
31.48 71.7414904
31.49 71.7417533
31.5 71.7420401
31.51 71.742303
31.52 71.7425659
31.53 71.7428527
31.54 71.7431156
31.55 71.7434024
31.56 71.7436653
31.57 71.7439521
31.58 71.744215
31.59 71.7445018
31.6 71.7447647
31.61 71.7450515
31.62 71.7453383
31.63 71.7456012
31.64 71.745888
31.65 71.7461748
31.66 71.7464616
31.67 71.7467484
31.68 71.7470113
31.69 71.7472981
31.7 71.7475849
31.71 71.7478717
31.72 71.7481585
31.73 71.7484453
31.74 71.7487321
31.75 71.7490189
31.76 71.7493296
31.77 71.7496164
31.78 71.7499032
31.79 71.75019
31.8 71.7504768
31.81 71.7507875
31.82 71.7510743
31.83 71.7513611
31.84 71.7516718
31.85 71.7519586
31.86 71.7522693
31.87 71.7525561
31.88 71.7528668
31.89 71.7531536
31.9 71.7534643
31.91 71.7537511
31.92 71.7540618
31.93 71.7543486
31.94 71.7546593
31.95 71.75497
31.96 71.7552807
31.97 71.7555675
31.98 71.7558782
31.99 71.7561889
32.0 71.7564996
32.01 71.7568103
32.02 71.757121
32.03 71.7574317
32.04 71.7577424
32.05 71.7580531
32.06 71.7583638
32.07 71.7586745
32.08 71.7589852
32.09 71.7592959
32.1 71.7596066
32.11 71.7599173
32.12 71.7602519
32.13 71.7605626
32.14 71.7608733
32.15 71.7612079
32.16 71.7615186
32.17 71.7618293
32.18 71.7621639
32.19 71.7624746
32.2 71.7628092
32.21 71.7631199
32.22 71.7634545
32.23 71.7637652
32.24 71.7640998
32.25 71.7644105
32.26 71.7647451
32.27 71.7650797
32.28 71.7653904
32.29 71.765725
32.3 71.7660596
32.31 71.7663942
32.32 71.7667288
32.33 71.7670395
32.34 71.7673741
32.35 71.7677087
32.36 71.7680433
32.37 71.7683779
32.38 71.7687125
32.39 71.7690471
32.4 71.7693817
32.41 71.7697163
32.42 71.7700509
32.43 71.7704094
32.44 71.770744
32.45 71.7710786
32.46 71.7714132
32.47 71.7717478
32.48 71.7721063
32.49 71.7724409
32.5 71.7727755
32.51 71.773134
32.52 71.7734686
32.53 71.7738271
32.54 71.7741617
32.55 71.7745202
32.56 71.7748548
32.57 71.7752133
32.58 71.7755479
32.59 71.7759064
32.6 71.776241
32.61 71.7765995
32.62 71.776958
32.63 71.7772926
32.64 71.7776511
32.65 71.7780096
32.66 71.7783681
32.67 71.7787266
32.68 71.7790612
32.69 71.7794197
32.7 71.7797782
32.71 71.7801367
32.72 71.7804952
32.73 71.7808537
32.74 71.7812122
32.75 71.7815707
32.76 71.7819292
32.77 71.7822877
32.78 71.7826701
32.79 71.7830286
32.8 71.7833871
32.81 71.7837456
32.82 71.7841041
32.83 71.7844865
32.84 71.784845
32.85 71.7852035
32.86 71.7855859
32.87 71.7859444
32.88 71.7863029
32.89 71.7866853
32.9 71.7870438
32.91 71.7874262
32.92 71.7877847
32.93 71.7881671
32.94 71.7885256
32.95 71.788908
32.96 71.7892904
32.97 71.7896489
32.98 71.7900313
32.99 71.7904137
33.0 71.7907722
33.01 71.7911546
33.02 71.791537
33.03 71.7919194
33.04 71.7922779
33.05 71.7926603
33.06 71.7930427
33.07 71.7934251
33.08 71.7938075
33.09 71.7941899
33.1 71.7945723
33.11 71.7949547
33.12 71.7953371
33.13 71.7957195
33.14 71.7961019
33.15 71.7964843
33.16 71.7968667
33.17 71.797273
33.18 71.7976554
33.19 71.7980378
33.2 71.7984202
33.21 71.7988265
33.22 71.7992089
33.23 71.7995913
33.24 71.7999976
33.25 71.80038
33.26 71.8007624
33.27 71.8011687
33.28 71.8015511
33.29 71.8019574
33.3 71.8023398
33.31 71.8027461
33.32 71.8031285
33.33 71.8035348
33.34 71.8039172
33.35 71.8043235
33.36 71.8047298
33.37 71.8051122
33.38 71.8055185
33.39 71.8059248
33.4 71.8063311
33.41 71.8067135
33.42 71.8071198
33.43 71.8075261
33.44 71.8079324
33.45 71.8083387
33.46 71.808745
33.47 71.8091513
33.48 71.8095576
33.49 71.80994
33.5 71.8103463
33.51 71.8107765
33.52 71.8111828
33.53 71.8115891
33.54 71.8119954
33.55 71.8124017
33.56 71.812808
33.57 71.8132143
33.58 71.8136206
33.59 71.8140508
33.6 71.8144571
33.61 71.8148634
33.62 71.8152697
33.63 71.8156999
33.64 71.8161062
33.65 71.8165125
33.66 71.8169427
33.67 71.817349
33.68 71.8177792
33.69 71.8181855
33.7 71.8185918
33.71 71.819022
33.72 71.8194283
33.73 71.8198585
33.74 71.8202648
33.75 71.820695
33.76 71.8211013
33.77 71.8215315
33.78 71.8219378
33.79 71.822368
33.8 71.8227743
33.81 71.8232045
33.82 71.8236108
33.83 71.824041
33.84 71.8244473
33.85 71.8248775
33.86 71.8252838
33.87 71.825714
33.88 71.8261203
33.89 71.8265505
33.9 71.8269807
33.91 71.827387
33.92 71.8278172
33.93 71.8282235
33.94 71.8286537
33.95 71.82906
33.96 71.8294902
33.97 71.8298965
33.98 71.8303267
33.99 71.830733
34.0 71.8311632
34.01 71.8315695
34.02 71.8319997
34.03 71.832406
34.04 71.8328362
34.05 71.8332425
34.06 71.8336488
34.07 71.834079
34.08 71.8344853
34.09 71.8349155
34.1 71.8353218
34.11 71.8357281
34.12 71.8361583
34.13 71.8365646
34.14 71.8369709
34.15 71.8373772
34.16 71.8378074
34.17 71.8382137
34.18 71.83862
34.19 71.8390263
34.2 71.8394326
34.21 71.8398628
34.22 71.8402691
34.23 71.8406754
34.24 71.8410817
34.25 71.841488
34.26 71.8418943
34.27 71.8423006
34.28 71.8427069
34.29 71.8430893
34.3 71.8434956
34.31 71.8439019
34.32 71.8443082
34.33 71.8447145
34.34 71.8450969
34.35 71.8455032
34.36 71.8459095
34.37 71.8462919
34.38 71.8466982
34.39 71.8471045
34.4 71.8474869
34.41 71.8478693
34.42 71.8482756
34.43 71.848658
34.44 71.8490643
34.45 71.8494467
34.46 71.8498291
34.47 71.8502115
34.48 71.8505939
34.49 71.8510002
34.5 71.8513826
34.51 71.851765
34.52 71.8521474
34.53 71.8525298
34.54 71.8528883
34.55 71.8532707
34.56 71.8536531
34.57 71.8540355
34.58 71.854394
34.59 71.8547764
34.6 71.8551349
34.61 71.8555173
34.62 71.8558758
34.63 71.8562582
34.64 71.8566167
34.65 71.8569752
34.66 71.8573337
34.67 71.8577161
34.68 71.8580746
34.69 71.8584331
34.7 71.8587916
34.71 71.8591501
34.72 71.8594847
34.73 71.8598432
34.74 71.8602017
34.75 71.8605363
34.76 71.8608948
34.77 71.8612294
34.78 71.8615879
34.79 71.8619225
34.8 71.8622571
34.81 71.8626156
34.82 71.8629502
34.83 71.8632848
34.84 71.8636194
34.85 71.863954
34.86 71.8642886
34.87 71.8645993
34.88 71.8649339
34.89 71.8652685
34.9 71.8655792
34.91 71.8659138
34.92 71.8662245
34.93 71.8665352
34.94 71.8668459
34.95 71.8671805
34.96 71.8674912
34.97 71.867778
34.98 71.8680887
34.99 71.8683994
35.0 71.8687101
35.01 71.8689969
35.02 71.8693076
35.03 71.8695944
35.04 71.8699051
35.05 71.8701919
35.06 71.8704787
35.07 71.8707655
35.08 71.8710523
35.09 71.8713391
35.1 71.8716259
35.11 71.8719127
35.12 71.8721756
35.13 71.8724624
35.14 71.8727253
35.15 71.8729882
35.16 71.873275
35.17 71.8735379
35.18 71.8738008
35.19 71.8740637
35.2 71.8743027
35.21 71.8745656
35.22 71.8748285
35.23 71.8750675
35.24 71.8753304
35.25 71.8755694
35.26 71.8758084
35.27 71.8760474
35.28 71.8762864
35.29 71.8765254
35.3 71.8767644
35.31 71.8769795
35.32 71.8772185
35.33 71.8774336
35.34 71.8776726
35.35 71.8778877
35.36 71.8781028
35.37 71.8783179
35.38 71.878533
35.39 71.8787481
35.4 71.8789393
35.41 71.8791544
35.42 71.8793456
35.43 71.8795368
35.44 71.879728
35.45 71.8799192
35.46 71.8801104
35.47 71.8803016
35.48 71.8804928
35.49 71.8806601
35.5 71.8808513
35.51 71.8810186
35.52 71.8811859
35.53 71.8813532
35.54 71.8815205
35.55 71.8816878
35.56 71.8818551
35.57 71.8819985
35.58 71.8821419
35.59 71.8823092
35.6 71.8824526
35.61 71.882596
35.62 71.8827394
35.63 71.8828589
35.64 71.8830023
35.65 71.8831218
35.66 71.8832652
35.67 71.8833847
35.68 71.8835042
35.69 71.8836237
35.7 71.8837193
35.71 71.8838388
35.72 71.8839583
35.73 71.8840539
35.74 71.8841495
35.75 71.8842451
35.76 71.8843407
35.77 71.8844363
35.78 71.884508
35.79 71.8846036
35.8 71.8846753
35.81 71.884747
35.82 71.8848187
35.83 71.8848904
35.84 71.8849621
35.85 71.8850099
35.86 71.8850816
35.87 71.8851294
35.88 71.8851772
35.89 71.885225
35.9 71.8852728
35.91 71.8852967
35.92 71.8853445
35.93 71.8853684
35.94 71.8853923
35.95 71.8854162
35.96 71.8854401
35.97 71.885464
35.98 71.885464
35.99 71.8854879
36.0 71.8854879
36.01 71.8854879
36.02 71.8854879
36.03 71.885464
36.04 71.885464
36.05 71.8854401
36.06 71.8854162
36.07 71.8853923
36.08 71.8853684
36.09 71.8853445
36.1 71.8852967
36.11 71.8852728
36.12 71.885225
36.13 71.8851772
36.14 71.8851294
36.15 71.8850577
36.16 71.8850099
36.17 71.8849382
36.18 71.8848665
36.19 71.8847948
36.2 71.8847231
36.21 71.8846514
36.22 71.8845558
36.23 71.8844602
36.24 71.8843646
36.25 71.884269
36.26 71.8841734
36.27 71.8840539
36.28 71.8839344
36.29 71.8838388
36.3 71.8837193
36.31 71.8835759
36.32 71.8834564
36.33 71.883313
36.34 71.8831696
36.35 71.8830262
36.36 71.8828828
36.37 71.8827394
36.38 71.8825721
36.39 71.8824048
36.4 71.8822375
36.41 71.8820702
36.42 71.8819029
36.43 71.8817117
36.44 71.8815205
36.45 71.8813293
36.46 71.8811381
36.47 71.8809469
36.48 71.8807318
36.49 71.8805406
36.5 71.8803255
36.51 71.8800865
36.52 71.8798714
36.53 71.8796324
36.54 71.8794173
36.55 71.8791783
36.56 71.8789154
36.57 71.8786764
36.58 71.8784135
36.59 71.8781745
36.6 71.8779116
36.61 71.8776248
36.62 71.8773619
36.63 71.8770751
36.64 71.8767883
36.65 71.8765015
36.66 71.8762147
36.67 71.875904
36.68 71.8756172
36.69 71.8753065
36.7 71.8749719
36.71 71.8746612
36.72 71.8743266
36.73 71.873992
36.74 71.8736574
36.75 71.8733228
36.76 71.8729643
36.77 71.8726058
36.78 71.8722473
36.79 71.8718888
36.8 71.8715064
36.81 71.8711479
36.82 71.8707416
36.83 71.8703592
36.84 71.8699768
36.85 71.8695705
36.86 71.8691642
36.87 71.868734
36.88 71.8683277
36.89 71.8678975
36.9 71.8674673
36.91 71.8670132
36.92 71.866583
36.93 71.8661289
36.94 71.8656509
36.95 71.8651968
36.96 71.8647188
36.97 71.8642408
36.98 71.8637628
36.99 71.8632609
37.0 71.862759
37.01 71.8622571
37.02 71.8617313
37.03 71.8612294
37.04 71.8607036
37.05 71.8601539
37.06 71.8596281
37.07 71.8590784
37.08 71.8585048
37.09 71.8579551
37.1 71.8573815
37.11 71.8568079
37.12 71.8562104
37.13 71.8556368
37.14 71.8550154
37.15 71.8544179
37.16 71.8537965
37.17 71.8531751
37.18 71.8525537
37.19 71.8519084
37.2 71.8512631
37.21 71.8506178
37.22 71.8499486
37.23 71.8492794
37.24 71.8486102
37.25 71.8479171
37.26 71.847224
37.27 71.8465309
37.28 71.8458139
37.29 71.8450969
37.3 71.8443799
37.31 71.843639
37.32 71.8428981
37.33 71.8421572
37.34 71.8413924
37.35 71.8406276
37.36 71.8398628
37.37 71.8390741
37.38 71.8382854
37.39 71.8374728
37.4 71.8366602
37.41 71.8358476
37.42 71.835035
37.43 71.8341985
37.44 71.8333381
37.45 71.8325016
37.46 71.8316412
37.47 71.8307569
37.48 71.8298726
37.49 71.8289883
37.5 71.828104
37.51 71.8271958
37.52 71.8262637
37.53 71.8253316
37.54 71.8243995
37.55 71.8234674
37.56 71.8225114
37.57 71.8215554
37.58 71.8205755
37.59 71.8195956
37.6 71.8185918
37.61 71.817588
37.62 71.8165842
37.63 71.8155565
37.64 71.8145288
37.65 71.8135011
37.66 71.8124495
37.67 71.811374
37.68 71.8103224
37.69 71.8092469
37.7 71.8081475
37.71 71.8070481
37.72 71.8059248
37.73 71.8048254
37.74 71.8036782
37.75 71.8025549
37.76 71.8013838
37.77 71.8002366
37.78 71.7990655
37.79 71.7978705
37.8 71.7966755
37.81 71.7954805
37.82 71.7942616
37.83 71.7930427
37.84 71.7917999
37.85 71.7905571
37.86 71.7893143
37.87 71.7880476
37.88 71.786757
37.89 71.7854664
37.9 71.7841758
37.91 71.7828613
37.92 71.7815468
37.93 71.7802084
37.94 71.77887
37.95 71.7775077
37.96 71.7761454
37.97 71.7747592
37.98 71.773373
37.99 71.7719629
38.0 71.7705528
38.01 71.7691427
38.02 71.7677087
38.03 71.7662508
38.04 71.7647929
38.05 71.763335
38.06 71.7618532
38.07 71.7603475
38.08 71.7588418
38.09 71.7573361
38.1 71.7558065
38.11 71.7542769
38.12 71.7527234
38.13 71.751146
38.14 71.7495686
38.15 71.7479912
38.16 71.7463899
38.17 71.7447647
38.18 71.7431395
38.19 71.7415143
38.2 71.7398652
38.21 71.7381922
38.22 71.7365192
38.23 71.7348462
38.24 71.7331493
38.25 71.7314285
38.26 71.7297077
38.27 71.727963
38.28 71.7262183
38.29 71.7244497
38.3 71.7226811
38.31 71.7208886
38.32 71.7190961
38.33 71.7172797
38.34 71.7154394
38.35 71.7135991
38.36 71.7117588
38.37 71.7098946
38.38 71.7080065
38.39 71.7061184
38.4 71.7042064
38.41 71.7022944
38.42 71.7003585
38.43 71.6984226
38.44 71.6964628
38.45 71.6944791
38.46 71.6924954
38.47 71.6904878
38.48 71.6884802
38.49 71.6864487
38.5 71.6844172
38.51 71.6823618
38.52 71.6803064
38.53 71.6782032
38.54 71.6761239
38.55 71.6739968
38.56 71.6718936
38.57 71.6697426
38.58 71.6675916
38.59 71.6654167
38.6 71.6632418
38.61 71.661043
38.62 71.6588442
38.63 71.6566215
38.64 71.6543749
38.65 71.6521283
38.66 71.6498578
38.67 71.6475873
38.68 71.6452929
38.69 71.6429746
38.7 71.6406563
38.71 71.6383141
38.72 71.6359719
38.73 71.6336058
38.74 71.6312158
38.75 71.6288258
38.76 71.6264119
38.77 71.6239741
38.78 71.6215363
38.79 71.6190746
38.8 71.616589
38.81 71.6141034
38.82 71.6116178
38.83 71.6090844
38.84 71.606551
38.85 71.6040176
38.86 71.6014364
38.87 71.5988552
38.88 71.596274
38.89 71.5936689
38.9 71.5910399
38.91 71.588387
38.92 71.5857341
38.93 71.5830573
38.94 71.5803805
38.95 71.5776559
38.96 71.5749552
38.97 71.5722067
38.98 71.5694582
38.99 71.5666858
39.0 71.5639134
39.01 71.5610932
39.02 71.5582969
39.03 71.5554528
39.04 71.5526087
39.05 71.5497407
39.06 71.5468488
39.07 71.5439569
39.08 71.5410411
39.09 71.5381253
39.1 71.5351617
39.11 71.5321981
39.12 71.5292345
39.13 71.5262231
39.14 71.5232117
39.15 71.5201764
39.16 71.5171411
39.17 71.5140819
39.18 71.5109988
39.19 71.5078918
39.2 71.5047848
39.21 71.5016539
39.22 71.4984991
39.23 71.4953443
39.24 71.4921656
39.25 71.488963
39.26 71.4857365
39.27 71.48251
39.28 71.4792596
39.29 71.4759853
39.3 71.472711
39.31 71.4693889
39.32 71.4660907
39.33 71.4627447
39.34 71.4593748
39.35 71.4560049
39.36 71.4526111
39.37 71.4492173
39.38 71.4457757
39.39 71.4423341
39.4 71.4388686
39.41 71.4354031
39.42 71.4318898
39.43 71.4283765
39.44 71.4248393
39.45 71.4213021
39.46 71.4177171
39.47 71.4141321
39.48 71.4105232
39.49 71.4069143
39.5 71.4032576
39.51 71.3996009
39.52 71.3959203
39.53 71.3922158
39.54 71.3885113
39.55 71.3847829
39.56 71.3810306
39.57 71.3772544
39.58 71.3734543
39.59 71.3696542
39.6 71.3658063
39.61 71.3619584
39.62 71.3581105
39.63 71.3542148
39.64 71.3503191
39.65 71.3463995
39.66 71.342456
39.67 71.3384886
39.68 71.3344973
39.69 71.330506
39.7 71.3264908
39.71 71.3224517
39.72 71.3183887
39.73 71.3143257
39.74 71.3102149
39.75 71.3061041
39.76 71.3019694
39.77 71.2978347
39.78 71.2936522
39.79 71.2894697
39.8 71.2852633
39.81 71.281033
39.82 71.2767788
39.83 71.2725246
39.84 71.2682226
39.85 71.2639206
39.86 71.2595947
39.87 71.2552688
39.88 71.2508951
39.89 71.2465214
39.9 71.2421238
39.91 71.2377023
39.92 71.2332808
39.93 71.2288115
39.94 71.2243422
39.95 71.219849
39.96 71.2153558
39.97 71.2108148
39.98 71.2062738
39.99 71.2017089
40.0 71.1971201
40.01 71.1925074
40.02 71.1878947
40.03 71.1832342
40.04 71.1785737
40.05 71.1739132
40.06 71.1692049
40.07 71.1644966
40.08 71.1597405
40.09 71.1549844
40.1 71.1502283
40.11 71.1454244
40.12 71.1406205
40.13 71.1357927
40.14 71.130941
40.15 71.1260654
40.16 71.1211898
40.17 71.1162903
40.18 71.1113669
40.19 71.1064196
40.2 71.1014723
40.21 71.0964772
40.22 71.0914821
40.23 71.0864631
40.24 71.0814441
40.25 71.0763773
40.26 71.0713105
40.27 71.0662198
40.28 71.0611291
40.29 71.0559906
40.3 71.0508521
40.31 71.0456897
40.32 71.0405034
40.33 71.0352932
40.34 71.030083
40.35 71.0248489
40.36 71.0195909
40.37 71.014309
40.38 71.0090271
40.39 71.0037213
40.4 70.9983916
40.41 70.993038
40.42 70.9876605
40.43 70.982283
40.44 70.9768816
40.45 70.9714563
40.46 70.966031
40.47 70.9605579
40.48 70.9550848
40.49 70.9495878
40.5 70.9440908
40.51 70.938546
40.52 70.9330012
40.53 70.9274325
40.54 70.9218399
40.55 70.9162473
40.56 70.9106308
40.57 70.9049665
40.58 70.8993261
40.59 70.8936379
40.6 70.8879497
40.61 70.8822376
40.62 70.8765016
40.63 70.8707417
40.64 70.8649818
40.65 70.859198
40.66 70.8533903
40.67 70.8475826
40.68 70.8417271
40.69 70.8358716
40.7 70.8299922
40.71 70.8240889
40.72 70.8181856
40.73 70.8122584
40.74 70.8063073
40.75 70.8003323
40.76 70.7943573
40.77 70.7883584
40.78 70.7823356
40.79 70.7762889
40.8 70.7702422
40.81 70.7641477
40.82 70.7580532
40.83 70.7519587
40.84 70.7458164
40.85 70.7396741
40.86 70.7335079
40.87 70.7273178
40.88 70.7211277
40.89 70.7149137
40.9 70.7086758
40.91 70.702414
40.92 70.6961522
40.93 70.6898426
40.94 70.683533
40.95 70.6772234
40.96 70.670866
40.97 70.6645086
40.98 70.6581273
40.99 70.6517221
41.0 70.6453169
41.01 70.6388878
41.02 70.6324348
41.03 70.6259579
41.04 70.619481
41.05 70.6129802
41.06 70.6064555
41.07 70.5999069
41.08 70.5933583
41.09 70.5867858
41.1 70.5801894
41.11 70.5735691
41.12 70.5669488
41.13 70.5603046
41.14 70.5536365
41.15 70.5469445
41.16 70.5402525
41.17 70.5335366
41.18 70.5267968
41.19 70.5200331
41.2 70.5132694
41.21 70.5064818
41.22 70.4996703
41.23 70.4928588
41.24 70.4860234
41.25 70.4791641
41.26 70.4722809
41.27 70.4653977
41.28 70.4584906
41.29 70.4515596
41.3 70.4446047
41.31 70.4376498
41.32 70.430671
41.33 70.4236683
41.34 70.4166417
41.35 70.4096151
41.36 70.4025646
41.37 70.3954902
41.38 70.3884158
41.39 70.3812936
41.4 70.3741714
41.41 70.3670492
41.42 70.3598792
41.43 70.3527092
41.44 70.3455153
41.45 70.3383214
41.46 70.3311036
41.47 70.323838
41.48 70.3165963
41.49 70.3093068
41.5 70.3020173
41.51 70.2947039
41.52 70.2873666
41.53 70.2800293
41.54 70.2726681
41.55 70.265283
41.56 70.257874
41.57 70.250465
41.58 70.2430321
41.59 70.2355753
41.6 70.2281185
41.61 70.2206378
41.62 70.2131332
41.63 70.2056047
41.64 70.1980762
41.65 70.1905238
41.66 70.1829475
41.67 70.1753712
41.68 70.1677471
41.69 70.160123
41.7 70.1524989
41.71 70.144827
41.72 70.1371551
41.73 70.1294832
41.74 70.1217635
41.75 70.1140438
41.76 70.1063002
41.77 70.0985327
41.78 70.0907652
41.79 70.0829738
41.8 70.0751585
41.81 70.0673193
41.82 70.0594801
41.83 70.051617
41.84 70.0437539
41.85 70.035843
41.86 70.0279321
41.87 70.0199973
41.88 70.0120625
41.89 70.0041038
41.9 69.9961212
41.91 69.9881147
41.92 69.9801082
41.93 69.9720778
41.94 69.9640235
41.95 69.9559453
41.96 69.9478671
41.97 69.939765
41.98 69.9316629
41.99 69.923513
42.0 69.9153631
42.01 69.9072132
42.02 69.8990155
42.03 69.8908178
42.04 69.8825962
42.05 69.8743746
42.06 69.8661291
42.07 69.8578597
42.08 69.8495664
42.09 69.8412731
42.1 69.8329559
42.11 69.8246148
42.12 69.8162498
42.13 69.8078848
42.14 69.7995198
42.15 69.791107
42.16 69.7826942
42.17 69.7742575
42.18 69.7657969
42.19 69.7573363
42.2 69.7488518
42.21 69.7403434
42.22 69.731835
42.23 69.7232788
42.24 69.7147465
42.25 69.7061664
42.26 69.6975863
42.27 69.6889823
42.28 69.6803544
42.29 69.6717265
42.3 69.6630747
42.31 69.654399
42.32 69.6457233
42.33 69.6370237
42.34 69.6283002
42.35 69.6195767
42.36 69.6108293
42.37 69.602058
42.38 69.5932628
42.39 69.5844676
42.4 69.5756485
42.41 69.5668294
42.42 69.5579625
42.43 69.5490956
42.44 69.5402287
42.45 69.531314
42.46 69.5223993
42.47 69.5134607
42.48 69.5045221
42.49 69.4955596
42.5 69.4865732
42.51 69.4775868
42.52 69.4685765
42.53 69.4595423
42.54 69.4504842
42.55 69.4414261
42.56 69.4323441
42.57 69.4232382
42.58 69.4141323
42.59 69.4050025
42.6 69.3958727
42.61 69.3866951
42.62 69.3775175
42.63 69.3683399
42.64 69.3591145
42.65 69.3498891
42.66 69.3406637
42.67 69.3313905
42.68 69.3221173
42.69 69.3128202
42.7 69.3035231
42.71 69.2942021
42.72 69.2848572
42.73 69.2755123
42.74 69.2661435
42.75 69.2567508
42.76 69.2473342
42.77 69.2379176
42.78 69.2284771
42.79 69.2190366
42.8 69.2095722
42.81 69.2000839
42.82 69.1905717
42.83 69.1810595
42.84 69.1715234
42.85 69.1619873
42.86 69.1524034
42.87 69.1428195
42.88 69.1332356
42.89 69.1236278
42.9 69.1139961
42.91 69.1043405
42.92 69.0946849
42.93 69.0850054
42.94 69.075302
42.95 69.0655986
42.96 69.0558713
42.97 69.046144
42.98 69.0363928
42.99 69.0266177
43.0 69.0168187
43.01 69.0070197
43.02 68.9971968
43.03 68.98735
43.04 68.9775032
43.05 68.9676325
43.06 68.9577618
43.07 68.9478433
43.08 68.9379487
43.09 68.9280063
43.1 68.9180639
43.11 68.9080976
43.12 68.8981074
43.13 68.8881172
43.14 68.8781031
43.15 68.868089
43.16 68.858051
43.17 68.8479891
43.18 68.8379033
43.19 68.8278175
43.2 68.8177078
43.21 68.8075981
43.22 68.7974645
43.23 68.787307
43.24 68.7771256
43.25 68.7669442
43.26 68.7567628
43.27 68.7465336
43.28 68.7363044
43.29 68.7260513
43.3 68.7157982
43.31 68.7055212
43.32 68.6952203
43.33 68.6849194
43.34 68.6745946
43.35 68.6642459
43.36 68.6538972
43.37 68.6435246
43.38 68.633152
43.39 68.6227316
43.4 68.6123351
43.41 68.6018908
43.42 68.5914465
43.43 68.5809783
43.44 68.5704862
43.45 68.5599941
43.46 68.549502
43.47 68.5389621
43.48 68.5284222
43.49 68.5178584
43.5 68.5072946
43.51 68.4967069
43.52 68.4860953
43.53 68.4754837
43.54 68.4648482
43.55 68.4541888
43.56 68.4435294
43.57 68.4328461
43.58 68.4221628
43.59 68.4114556
43.6 68.4007245
43.61 68.3899695
43.62 68.3792145
43.63 68.3684595
43.64 68.3576567
43.65 68.3468539
43.66 68.3360511
43.67 68.3252005
43.68 68.3143499
43.69 68.3034993
43.7 68.2926248
43.71 68.2817264
43.72 68.2708041
43.73 68.2598818
43.74 68.2489356
43.75 68.2379894
43.76 68.2270193
43.77 68.2160253
43.78 68.2050313
43.79 68.1940134
43.8 68.1829955
43.81 68.1719298
43.82 68.160888
43.83 68.1497984
43.84 68.1387088
43.85 68.1275953
43.86 68.1164818
43.87 68.1053444
43.88 68.0941831
43.89 68.0830218
43.9 68.0718366
43.91 68.0606514
43.92 68.0494423
43.93 68.0382093
43.94 68.0269524
43.95 68.0156955
43.96 68.0044386
43.97 67.9931339
43.98 67.9818531
43.99 67.9705245
44.0 67.9591959
44.01 67.9478434
44.02 67.9364909
44.03 67.9251145
44.04 67.9137142
44.05 67.9023139
44.06 67.8908897
44.07 67.8794416
44.08 67.8679935
44.09 67.8565215
44.1 67.8450495
44.11 67.8335536
44.12 67.8220338
44.13 67.810514
44.14 67.7989703
44.15 67.7874266
44.16 67.7758351
44.17 67.7642675
44.18 67.7526521
44.19 67.7410367
44.2 67.7294213
44.21 67.717782
44.22 67.7061188
44.23 67.6944317
44.24 67.6827446
44.25 67.6710575
44.26 67.6593226
44.27 67.6475877
44.28 67.6358528
44.29 67.624094
44.3 67.6123113
44.31 67.6005286
44.32 67.588722
44.33 67.5768915
44.34 67.565061
44.35 67.5532066
44.36 67.5413522
44.37 67.52945
44.38 67.5175717
44.39 67.5056695
44.4 67.4937434
44.41 67.4817934
44.42 67.4698434
44.43 67.4578695
44.44 67.4458956
44.45 67.4338978
44.46 67.4219
44.47 67.4098783
44.48 67.3978327
44.49 67.3857632
44.5 67.3736937
44.51 67.3616242
44.52 67.3495308
44.53 67.3374135
44.54 67.3252962
44.55 67.313155
44.56 67.3009899
44.57 67.2888248
44.58 67.2766358
44.59 67.2644468
44.6 67.2522339
44.61 67.2399971
44.62 67.2277603
44.63 67.2154996
44.64 67.2032389
44.65 67.1909543
44.66 67.1786458
44.67 67.1663373
44.68 67.1540049
44.69 67.1416725
44.7 67.1293162
44.71 67.116936
44.72 67.1045558
44.73 67.0921517
44.74 67.0797476
44.75 67.0673196
44.76 67.0548677
44.77 67.0424158
44.78 67.02994
44.79 67.0174642
44.8 67.0049645
44.81 66.9924409
44.82 66.9799173
44.83 66.9673937
44.84 66.9548223
44.85 66.9422509
44.86 66.9296795
44.87 66.9170842
44.88 66.904465
44.89 66.8918458
44.9 66.8792027
44.91 66.8665357
44.92 66.8538687
44.93 66.8412017
44.94 66.8285108
44.95 66.815796
44.96 66.8030573
44.97 66.7903186
44.98 66.7775799
44.99 66.7648173
45.0 66.7520308
45.01 66.7392204
45.02 66.7264339
45.03 66.7135996
45.04 66.7007653
45.05 66.6879071
45.06 66.6750489
45.07 66.6621668
45.08 66.6492847
45.09 66.6363787
45.1 66.6234488
45.11 66.6105189
45.12 66.5975651
45.13 66.5846113
45.14 66.5716336
45.15 66.558632
45.16 66.5456304
45.17 66.5326288
45.18 66.5196033
45.19 66.5065539
45.2 66.4934806
45.21 66.4804073
45.22 66.467334
45.23 66.4542368
45.24 66.4411157
45.25 66.4279946
45.26 66.4148496
45.27 66.4016807
45.28 66.3885118
45.29 66.3753429
45.3 66.3621501
45.31 66.3489334
45.32 66.3357167
45.33 66.3224761
45.34 66.3092116
45.35 66.2959471
45.36 66.2826826
45.37 66.2693942
45.38 66.2560819
45.39 66.2427696
45.4 66.2294334
45.41 66.2160733
45.42 66.2027132
45.43 66.1893531
45.44 66.1759691
45.45 66.1625612
45.46 66.1491533
45.47 66.1357215
45.48 66.1222658
45.49 66.1088101
45.5 66.0953544
45.51 66.0818748
45.52 66.0683713
45.53 66.0548678
45.54 66.0413404
45.55 66.0277891
45.56 66.0142617
45.57 66.0006865
45.58 65.9871113
45.59 65.9735122
45.6 65.9599131
45.61 65.9462901
45.62 65.9326671
45.63 65.9190202
45.64 65.9053733
45.65 65.8917025
45.66 65.8780078
45.67 65.8643131
45.68 65.8505945
45.69 65.8368759
45.7 65.8231334
45.71 65.8093909
45.72 65.7956245
45.73 65.7818581
45.74 65.7680678
45.75 65.7542536
45.76 65.7404394
45.77 65.7266013
45.78 65.7127632
45.79 65.6989012
45.8 65.6850392
45.81 65.6711533
45.82 65.6572435
45.83 65.6433337
45.84 65.6294239
45.85 65.6154902
45.86 65.6015326
45.87 65.587575
45.88 65.5735935
45.89 65.559612
45.9 65.5456066
45.91 65.5316012
45.92 65.5175719
45.93 65.5035187
45.94 65.4894655
45.95 65.4753884
45.96 65.4613113
45.97 65.4472103
45.98 65.4331093
45.99 65.4189844
46.0 65.4048595
46.01 65.3907107
46.02 65.3765619
46.03 65.3623892
46.04 65.3481926
46.05 65.333996
46.06 65.3197755
46.07 65.305555
46.08 65.2913345
46.09 65.2770662
46.1 65.2628218
46.11 65.2485296
46.12 65.2342374
46.13 65.2199452
46.14 65.2056291
46.15 65.1912891
46.16 65.1769491
46.17 65.1626091
46.18 65.1482452
46.19 65.1338574
46.2 65.1194696
46.21 65.1050579
46.22 65.0906462
46.23 65.0762106
46.24 65.061775
46.25 65.0473155
46.26 65.0328321
46.27 65.0183487
46.28 65.0038653
46.29 64.989358
46.3 64.9748268
46.31 64.9602956
46.32 64.9457644
46.33 64.9311854
46.34 64.9166303
46.35 64.9020513
46.36 64.8874484
46.37 64.8728455
46.38 64.8582187
46.39 64.843568
46.4 64.8289173
46.41 64.8142666
46.42 64.799592
46.43 64.7849174
46.44 64.7702189
46.45 64.7554965
46.46 64.7407741
46.47 64.7260517
46.48 64.7112815
46.49 64.6965352
46.5 64.681765
46.51 64.6669709
46.52 64.6521768
46.53 64.6373588
46.54 64.6225408
46.55 64.6076989
46.56 64.592857
46.57 64.5779912
46.58 64.5631015
46.59 64.5482357
46.6 64.5333221
46.61 64.5184085
46.62 64.5034949
46.63 64.4885574
46.64 64.473596
46.65 64.4586346
46.66 64.4436732
46.67 64.4286879
46.68 64.4136787
46.69 64.3986695
46.7 64.3836603
46.71 64.3686033
46.72 64.3535702
46.73 64.3385132
46.74 64.3234323
46.75 64.3083514
46.76 64.2932466
46.77 64.2781418
46.78 64.2630131
46.79 64.2478844
46.8 64.2327318
46.81 64.2175792
46.82 64.2024027
46.83 64.1872262
46.84 64.1720258
46.85 64.1568254
46.86 64.1416011
46.87 64.1263529
46.88 64.1111286
46.89 64.0958565
46.9 64.0805844
46.91 64.0653123
46.92 64.0500163
46.93 64.0347203
46.94 64.0194004
46.95 64.0040566
46.96 63.9887128
46.97 63.973369
46.98 63.9580013
46.99 63.9426097
47.0 63.9272181
47.01 63.9118265
47.02 63.896411
47.03 63.8809716
47.04 63.8655561
47.05 63.8500928
47.06 63.8346295
47.07 63.8191662
47.08 63.803679
47.09 63.7881679
47.1 63.7726568
47.11 63.7571218
47.12 63.7415868
47.13 63.7260518
47.14 63.7104929
47.15 63.6949101
47.16 63.6793273
47.17 63.6637445
47.18 63.6481378
47.19 63.6325072
47.2 63.6168766
47.21 63.601246
47.22 63.5855915
47.23 63.5699131
47.24 63.5542347
47.25 63.5385563
47.26 63.522854
47.27 63.5071278
47.28 63.4914016
47.29 63.4756754
47.3 63.4599253
47.31 63.4441513
47.32 63.4284012
47.33 63.4126033
47.34 63.3968054
47.35 63.3810075
47.36 63.3651857
47.37 63.34934
47.38 63.3334943
47.39 63.3176486
47.4 63.301779
47.41 63.2859094
47.42 63.2700159
47.43 63.2540985
47.44 63.238205
47.45 63.2222637
47.46 63.2063224
47.47 63.1903811
47.48 63.1744159
47.49 63.1584507
47.5 63.1424616
47.51 63.1264725
47.52 63.1104595
47.53 63.0944465
47.54 63.0784096
47.55 63.0623727
47.56 63.0463119
47.57 63.0302511
47.58 63.0141903
47.59 62.9980817
47.6 62.981997
47.61 62.9658884
47.62 62.9497559
47.63 62.9336234
47.64 62.9174909
47.65 62.9013345
47.66 62.8851542
47.67 62.8689739
47.68 62.8527936
47.69 62.8365894
47.7 62.8203613
47.71 62.8041332
47.72 62.7879051
47.73 62.7716531
47.74 62.7554011
47.75 62.7391252
47.76 62.7228493
47.77 62.7065495
47.78 62.6902497
47.79 62.673926
47.8 62.6576023
47.81 62.6412547
47.82 62.6249071
47.83 62.6085356
47.84 62.5921641
47.85 62.5757926
47.86 62.5593972
47.87 62.5429779
47.88 62.5265586
47.89 62.5101393
47.9 62.4936961
47.91 62.4772529
47.92 62.4607858
47.93 62.4442948
47.94 62.4278277
47.95 62.4113128
47.96 62.3948218
47.97 62.378283
47.98 62.3617681
47.99 62.3452293
48.0 62.3286666
48.01 62.3121039
48.02 62.2955173
48.03 62.2789307
48.04 62.2623441
48.05 62.2457336
48.06 62.2291231
48.07 62.2124887
48.08 62.1958543
48.09 62.179196
48.1 62.1625377
48.11 62.1458555
48.12 62.1291733
48.13 62.1124672
48.14 62.0957611
48.15 62.079055
48.16 62.062325
48.17 62.0455711
48.18 62.0288172
48.19 62.0120633
48.2 61.9952855
48.21 61.9785077
48.22 61.961706
48.23 61.9449043
48.24 61.9280787
48.25 61.9112531
48.26 61.8944036
48.27 61.8775541
48.28 61.8607046
48.29 61.8438312
48.3 61.8269339
48.31 61.8100605
48.32 61.7931393
48.33 61.776242
48.34 61.7592969
48.35 61.7423757
48.36 61.7254306
48.37 61.7084616
48.38 61.6914926
48.39 61.6744997
48.4 61.6575307
48.41 61.6405139
48.42 61.6234971
48.43 61.6064803
48.44 61.5894396
48.45 61.5723989
48.46 61.5553582
48.47 61.5382936
48.48 61.5212051
48.49 61.5041166
48.5 61.4870281
48.51 61.4699157
48.52 61.4527794
48.53 61.435667
48.54 61.4185307
48.55 61.4013705
48.56 61.3842103
48.57 61.3670262
48.58 61.3498421
48.59 61.332658
48.6 61.31545
48.61 61.298242
48.62 61.2810101
48.63 61.2637782
48.64 61.2465224
48.65 61.2292666
48.66 61.2120108
48.67 61.1947311
48.68 61.1774275
48.69 61.1601478
48.7 61.1428203
48.71 61.1255167
48.72 61.1081892
48.73 61.0908378
48.74 61.0734864
48.75 61.056135
48.76 61.0387597
48.77 61.0213605
48.78 61.0039852
48.79 60.9865621
48.8 60.9691629
48.81 60.9517398
48.82 60.9342928
48.83 60.9168458
48.84 60.8993988
48.85 60.8819279
48.86 60.864457
48.87 60.8469622
48.88 60.8294674
48.89 60.8119726
48.9 60.7944539
48.91 60.7769352
48.92 60.7593926
48.93 60.7418261
48.94 60.7242835
48.95 60.706717
48.96 60.6891266
48.97 60.6715362
48.98 60.6539458
48.99 60.6363315
49.0 60.6187172
49.01 60.601079
49.02 60.5834408
49.03 60.5658026
49.04 60.5481405
49.05 60.5304545
49.06 60.5127924
49.07 60.4950825
49.08 60.4773965
49.09 60.4596866
49.1 60.4419528
49.11 60.424219
49.12 60.4064852
49.13 60.3887275
49.14 60.3709698
49.15 60.3532121
49.16 60.3354305
49.17 60.317625
49.18 60.2998195
49.19 60.282014
49.2 60.2641846
49.21 60.2463552
49.22 60.2285258
49.23 60.2106725
49.24 60.1928192
49.25 60.174942
49.26 60.1570648
49.27 60.1391637
49.28 60.1212626
49.29 60.1033615
49.3 60.0854365
49.31 60.0675115
49.32 60.0495626
49.33 60.0316137
49.34 60.0136409
49.35 59.9956681
49.36 59.9776953
49.37 59.9596986
49.38 59.9417019
49.39 59.9237052
49.4 59.9056846
49.41 59.8876401
49.42 59.8696195
49.43 59.8515511
49.44 59.8335066
49.45 59.8154382
49.46 59.7973459
49.47 59.7792775
49.48 59.7611613
49.49 59.743069
49.5 59.7249528
49.51 59.7068127
49.52 59.6886726
49.53 59.6705325
49.54 59.6523924
49.55 59.6342045
49.56 59.6160405
49.57 59.5978526
49.58 59.5796647
49.59 59.5614529
49.6 59.5432411
49.61 59.5250293
49.62 59.5067936
49.63 59.488534
49.64 59.4702983
49.65 59.4520387
49.66 59.4337552
49.67 59.4154717
49.68 59.3971882
49.69 59.3788808
49.7 59.3605734
49.71 59.342266
49.72 59.3239347
49.73 59.3055795
49.74 59.2872482
49.75 59.268893
49.76 59.2505139
49.77 59.2321348
49.78 59.2137557
49.79 59.1953527
49.8 59.1769497
49.81 59.1585467
49.82 59.1401198
49.83 59.1216929
49.84 59.1032421
49.85 59.0847913
49.86 59.0663405
49.87 59.0478658
49.88 59.0293911
49.89 59.0108925
49.9 58.9923939
49.91 58.9738953
49.92 58.9553728
49.93 58.9368503
49.94 58.9183039
49.95 58.8997575
49.96 58.8812111
49.97 58.8626408
49.98 58.8440705
49.99 58.8255002
50.0 58.806906
50.01 58.7883118
50.02 58.7696937
50.03 58.7510756
50.04 58.7324575
50.05 58.7138155
50.06 58.6951735
50.07 58.6765076
50.08 58.6578417
50.09 58.6391758
50.1 58.620486
50.11 58.6017962
50.12 58.5831064
50.13 58.5643927
50.14 58.545679
50.15 58.5269414
50.16 58.5082038
50.17 58.4894662
50.18 58.4707047
50.19 58.4519432
50.2 58.4331578
50.21 58.4143724
50.22 58.395587
50.23 58.3767777
50.24 58.3579684
50.25 58.3391591
50.26 58.3203259
50.27 58.3014927
50.28 58.2826356
50.29 58.2638024
50.3 58.2449214
50.31 58.2260643
50.32 58.2071833
50.33 58.1882784
50.34 58.1693735
50.35 58.1504686
50.36 58.1315637
50.37 58.1126349
50.38 58.0937061
50.39 58.0747534
50.4 58.0558007
50.41 58.036848
50.42 58.0178714
50.43 57.9988948
50.44 57.9798943
50.45 57.9608938
50.46 57.9418933
50.47 57.9228928
50.48 57.9038684
50.49 57.8848201
50.5 57.8657957
50.51 57.8467474
50.52 57.8276752
50.53 57.808603
50.54 57.7895308
50.55 57.7704586
50.56 57.7513625
50.57 57.7322425
50.58 57.7131464
50.59 57.6940264
50.6 57.6749064
50.61 57.6557625
50.62 57.6366186
50.63 57.6174508
50.64 57.5983069
50.65 57.5791152
50.66 57.5599474
50.67 57.5407557
50.68 57.521564
50.69 57.5023484
50.7 57.4831328
50.71 57.4639172
50.72 57.4446777
50.73 57.4254382
50.74 57.4061987
50.75 57.3869353
50.76 57.3676719
50.77 57.3484085
50.78 57.3291212
50.79 57.3098339
50.8 57.2905227
50.81 57.2712115
50.82 57.2519003
50.83 57.2325891
50.84 57.213254
50.85 57.193895
50.86 57.1745599
50.87 57.1552009
50.88 57.1358419
50.89 57.116459
50.9 57.0970761
50.91 57.0776693
50.92 57.0582864
50.93 57.0388796
50.94 57.0194489
50.95 57.0000182
50.96 56.9805875
50.97 56.9611568
50.98 56.9417022
50.99 56.9222476
51.0 56.9027691
51.01 56.8832906
51.02 56.8638121
51.03 56.8443336
51.04 56.8248312
51.05 56.8053288
51.06 56.7858025
51.07 56.7662762
51.08 56.7467499
51.09 56.7271997
51.1 56.7076495
51.11 56.6880993
51.12 56.6685252
51.13 56.6489511
51.14 56.629377
51.15 56.609779
51.16 56.590181
51.17 56.570583
51.18 56.5509611
51.19 56.5313392
51.2 56.5117173
51.21 56.4920715
51.22 56.4724257
51.23 56.4527799
51.24 56.4331102
51.25 56.4134405
51.26 56.3937469
51.27 56.3740772
51.28 56.3543836
51.29 56.3346661
51.3 56.3149725
51.31 56.2952311
51.32 56.2755136
51.33 56.2557722
51.34 56.2360308
51.35 56.2162894
51.36 56.1965241
51.37 56.1767588
51.38 56.1569935
51.39 56.1372043
51.4 56.1174151
51.41 56.097602
51.42 56.0778128
51.43 56.0579997
51.44 56.0381627
51.45 56.0183496
51.46 55.9985126
51.47 55.9786517
51.48 55.9588147
51.49 55.9389299
51.5 55.919069
51.51 55.8991842
51.52 55.8792994
51.53 55.8594146
51.54 55.8395059
51.55 55.8196211
51.56 55.7996885
51.57 55.7797798
51.58 55.7598472
51.59 55.7398907
51.6 55.7199581
51.61 55.7000016
51.62 55.6800451
51.63 55.6600647
51.64 55.6400843
51.65 55.6201039
51.66 55.6000996
51.67 55.5801192
51.68 55.560091
51.69 55.5400867
51.7 55.5200585
51.71 55.5000303
51.72 55.4800021
51.73 55.45995
51.74 55.4398979
51.75 55.4198219
51.76 55.3997698
51.77 55.3796938
51.78 55.3595939
51.79 55.3395179
51.8 55.319418
51.81 55.2992942
51.82 55.2791943
51.83 55.2590705
51.84 55.2389467
51.85 55.218799
51.86 55.1986513
51.87 55.1785036
51.88 55.1583559
51.89 55.1381843
51.9 55.1180127
51.91 55.0978172
51.92 55.0776456
51.93 55.0574501
51.94 55.0372307
51.95 55.0170352
51.96 54.9968158
51.97 54.9765964
51.98 54.9563531
51.99 54.9361098
52.0 54.9158665
52.01 54.8955993
52.02 54.875356
52.03 54.8550888
52.04 54.8347977
52.05 54.8145066
52.06 54.7942155
52.07 54.7739244
52.08 54.7536094
52.09 54.7333183
52.1 54.7129794
52.11 54.6926644
52.12 54.6723255
52.13 54.6519866
52.14 54.6316238
52.15 54.6112849
52.16 54.5909221
52.17 54.5705354
52.18 54.5501726
52.19 54.5297859
52.2 54.5093753
52.21 54.4889886
52.22 54.468578
52.23 54.4481674
52.24 54.4277568
52.25 54.4073223
52.26 54.3868878
52.27 54.3664533
52.28 54.3459949
52.29 54.3255365
52.3 54.3050781
52.31 54.2845958
52.32 54.2641374
52.33 54.2436312
52.34 54.2231489
52.35 54.2026427
52.36 54.1821365
52.37 54.1616303
52.38 54.1411241
52.39 54.120594
52.4 54.1000639
52.41 54.0795099
52.42 54.0589798
52.43 54.0384258
52.44 54.0178479
52.45 53.9972939
52.46 53.976716
52.47 53.9561381
52.48 53.9355363
52.49 53.9149345
52.5 53.8943327
52.51 53.8737309
52.52 53.8531291
52.53 53.8325034
52.54 53.8118777
52.55 53.7912281
52.56 53.7705785
52.57 53.7499289
52.58 53.7292793
52.59 53.7086058
52.6 53.6879562
52.61 53.6672588
52.62 53.6465853
52.63 53.6258879
52.64 53.6051905
52.65 53.5844931
52.66 53.5637957
52.67 53.5430744
52.68 53.5223531
52.69 53.5016079
52.7 53.4808866
52.71 53.4601414
52.72 53.4393723
52.73 53.4186271
52.74 53.397858
52.75 53.3770889
52.76 53.3563198
52.77 53.3355268
52.78 53.3147338
52.79 53.2939408
52.8 53.2731478
52.81 53.2523309
52.82 53.231514
52.83 53.2106971
52.84 53.1898563
52.85 53.1690155
52.86 53.1481747
52.87 53.1273339
52.88 53.1064692
52.89 53.0856045
52.9 53.0647398
52.91 53.0438751
52.92 53.0229865
52.93 53.0020979
52.94 52.9812093
52.95 52.9602968
52.96 52.9394082
52.97 52.9184718
52.98 52.8975593
52.99 52.8766468
53.0 52.8557104
53.01 52.834774
53.02 52.8138137
53.03 52.7928773
53.04 52.771917
53.05 52.7509328
53.06 52.7299725
53.07 52.7089883
53.08 52.6880041
53.09 52.6670199
53.1 52.6460357
53.11 52.6250276
53.12 52.6040195
53.13 52.5830114
53.14 52.5619794
53.15 52.5409474
53.16 52.5199154
53.17 52.4988834
53.18 52.4778275
53.19 52.4567716
53.2 52.4357157
53.21 52.4146598
53.22 52.39358
53.23 52.3725002
53.24 52.3514204
53.25 52.3303406
53.26 52.3092369
53.27 52.2881332
53.28 52.2670295
53.29 52.2459258
53.3 52.2247982
53.31 52.2036706
53.32 52.182543
53.33 52.1613915
53.34 52.1402639
53.35 52.1191124
53.36 52.0979609
53.37 52.0767855
53.38 52.0556101
53.39 52.0344586
53.4 52.0132593
53.41 51.9920839
53.42 51.9708846
53.43 51.9496853
53.44 51.928486
53.45 51.9072867
53.46 51.8860635
53.47 51.8648403
53.48 51.8436171
53.49 51.82237
53.5 51.8011468
53.51 51.7798997
53.52 51.7586287
53.53 51.7373816
53.54 51.7161106
53.55 51.6948396
53.56 51.6735686
53.57 51.6522976
53.58 51.6310027
53.59 51.6097078
53.6 51.5884129
53.61 51.567118
53.62 51.5457992
53.63 51.5244804
53.64 51.5031616
53.65 51.4818428
53.66 51.4605001
53.67 51.4391574
53.68 51.4178147
53.69 51.396472
53.7 51.3751054
53.71 51.3537627
53.72 51.3323961
53.73 51.3110056
53.74 51.289639
53.75 51.2682485
53.76 51.246858
53.77 51.2254675
53.78 51.204077
53.79 51.1826626
53.8 51.1612482
53.81 51.1398338
53.82 51.1183955
53.83 51.0969811
53.84 51.0755428
53.85 51.0541045
53.86 51.0326662
53.87 51.011204
53.88 50.9897418
53.89 50.9682796
53.9 50.9468174
53.91 50.9253313
53.92 50.9038691
53.93 50.882383
53.94 50.8608969
53.95 50.8393869
53.96 50.8179008
53.97 50.7963908
53.98 50.7748808
53.99 50.7533469
54.0 50.7318369
54.01 50.710303
54.02 50.6887691
54.03 50.6672352
54.04 50.6456774
54.05 50.6241435
54.06 50.6025857
54.07 50.5810279
54.08 50.5594462
54.09 50.5378884
54.1 50.5163067
54.11 50.494725
54.12 50.4731433
54.13 50.4515377
54.14 50.429956
54.15 50.4083504
54.16 50.3867448
54.17 50.3651153
54.18 50.3435097
54.19 50.3218802
54.2 50.3002507
54.21 50.2786212
54.22 50.2569678
54.23 50.2353383
54.24 50.2136849
54.25 50.1920315
54.26 50.1703781
54.27 50.1487008
54.28 50.1270235
54.29 50.1053462
54.3 50.0836689
54.31 50.0619916
54.32 50.0402904
54.33 50.0185892
54.34 49.996888
54.35 49.9751868
54.36 49.9534856
54.37 49.9317605
54.38 49.9100354
54.39 49.8883103
54.4 49.8665852
54.41 49.8448362
54.42 49.8231111
54.43 49.8013621
54.44 49.7796131
54.45 49.7578402
54.46 49.7360912
54.47 49.7143183
54.48 49.6925454
54.49 49.6707725
54.5 49.6489757
54.51 49.6272028
54.52 49.605406
54.53 49.5836092
54.54 49.5618124
54.55 49.5399917
54.56 49.5181949
54.57 49.4963742
54.58 49.4745535
54.59 49.4527328
54.6 49.4308882
54.61 49.4090675
54.62 49.3872229
54.63 49.3653783
54.64 49.3435337
54.65 49.3216652
54.66 49.2998206
54.67 49.2779521
54.68 49.2560836
54.69 49.2341912
54.7 49.2123227
54.71 49.1904303
54.72 49.1685618
54.73 49.1466455
54.74 49.1247531
54.75 49.1028607
54.76 49.0809444
54.77 49.0590281
54.78 49.0371118
54.79 49.0151955
54.8 48.9932792
54.81 48.971339
54.82 48.9493988
54.83 48.9274586
54.84 48.9055184
54.85 48.8835782
54.86 48.8616141
54.87 48.83965
54.88 48.8176859
54.89 48.7957218
54.9 48.7737577
54.91 48.7517697
54.92 48.7298056
54.93 48.7078176
54.94 48.6858296
54.95 48.6638177
54.96 48.6418297
54.97 48.6198178
54.98 48.5978059
54.99 48.575794
55.0 48.5537821
55.01 48.5317702
55.02 48.5097344
55.03 48.4876986
55.04 48.4656628
55.05 48.443627
55.06 48.4215912
55.07 48.3995315
55.08 48.3774957
55.09 48.355436
55.1 48.3333763
55.11 48.3112927
55.12 48.289233
55.13 48.2671494
55.14 48.2450897
55.15 48.2230061
55.16 48.2008986
55.17 48.178815
55.18 48.1567314
55.19 48.1346239
55.2 48.1125164
55.21 48.0904089
55.22 48.0683014
55.23 48.04617
55.24 48.0240625
55.25 48.0019311
55.26 47.9797997
55.27 47.9576683
55.28 47.9355369
55.29 47.9133816
55.3 47.8912263
55.31 47.8690949
55.32 47.8469396
55.33 47.8247604
55.34 47.8026051
55.35 47.7804259
55.36 47.7582706
55.37 47.7360914
55.38 47.7139122
55.39 47.691733
55.4 47.6695299
55.41 47.6473507
55.42 47.6251476
55.43 47.6029445
55.44 47.5807414
55.45 47.5585383
55.46 47.5363113
55.47 47.5141082
55.48 47.4918812
55.49 47.4696542
55.5 47.4474272
55.51 47.4252002
55.52 47.4029493
55.53 47.3807223
55.54 47.3584714
55.55 47.3362205
55.56 47.3139696
55.57 47.2917187
55.58 47.2694439
55.59 47.247193
55.6 47.2249182
55.61 47.2026434
55.62 47.1803686
55.63 47.1580938
55.64 47.135819
55.65 47.1135203
55.66 47.0912216
55.67 47.0689468
55.68 47.0466481
55.69 47.0243255
55.7 47.0020268
55.71 46.9797281
55.72 46.9574055
55.73 46.9350829
55.74 46.9127603
55.75 46.8904377
55.76 46.8681151
55.77 46.8457686
55.78 46.823446
55.79 46.8010995
55.8 46.778753
55.81 46.7564065
55.82 46.73406
55.83 46.7116896
55.84 46.6893431
55.85 46.6669727
55.86 46.6446023
55.87 46.6222319
55.88 46.5998615
55.89 46.5774911
55.9 46.5550968
55.91 46.5327264
55.92 46.5103321
55.93 46.4879378
55.94 46.4655435
55.95 46.4431492
55.96 46.4207549
55.97 46.3983367
55.98 46.3759424
55.99 46.3535242
56.0 46.331106
56.01 46.3086878
56.02 46.2862696
56.03 46.2638275
56.04 46.2414093
56.05 46.2189672
56.06 46.1965251
56.07 46.174083
56.08 46.1516409
56.09 46.1291988
56.1 46.1067567
56.11 46.0842907
56.12 46.0618247
56.13 46.0393826
56.14 46.0169166
56.15 45.9944506
56.16 45.9719607
56.17 45.9494947
56.18 45.9270048
56.19 45.9045388
56.2 45.8820489
56.21 45.859559
56.22 45.8370691
56.23 45.8145792
56.24 45.7920654
56.25 45.7695755
56.26 45.7470617
56.27 45.7245718
56.28 45.702058
56.29 45.6795442
56.3 45.6570304
56.31 45.6344927
56.32 45.6119789
56.33 45.5894412
56.34 45.5669274
56.35 45.5443897
56.36 45.521852
56.37 45.4993143
56.38 45.4767527
56.39 45.454215
56.4 45.4316773
56.41 45.4091157
56.42 45.3865541
56.43 45.3639925
56.44 45.3414309
56.45 45.3188693
56.46 45.2963077
56.47 45.2737222
56.48 45.2511606
56.49 45.2285751
56.5 45.2060135
56.51 45.183428
56.52 45.1608425
56.53 45.1382331
56.54 45.1156476
56.55 45.0930621
56.56 45.0704527
56.57 45.0478672
56.58 45.0252578
56.59 45.0026484
56.6 44.980039
56.61 44.9574296
56.62 44.9347963
56.63 44.9121869
56.64 44.8895536
56.65 44.8669442
56.66 44.8443109
56.67 44.8216776
56.68 44.7990443
56.69 44.776411
56.7 44.7537777
56.71 44.7311205
56.72 44.7084872
56.73 44.68583
56.74 44.6631967
56.75 44.6405395
56.76 44.6178823
56.77 44.5952251
56.78 44.5725679
56.79 44.5498868
56.8 44.5272296
56.81 44.5045485
56.82 44.4818913
56.83 44.4592102
56.84 44.4365291
56.85 44.413848
56.86 44.3911669
56.87 44.3684858
56.88 44.3457808
56.89 44.3230997
56.9 44.3003947
56.91 44.2777136
56.92 44.2550086
56.93 44.2323036
56.94 44.2095986
56.95 44.1868936
56.96 44.1641886
56.97 44.1414597
56.98 44.1187547
56.99 44.0960258
57.0 44.0733208
57.01 44.0505919
57.02 44.027863
57.03 44.0051341
57.04 43.9824052
57.05 43.9596763
57.06 43.9369474
57.07 43.9141946
57.08 43.8914657
57.09 43.8687129
57.1 43.845984
57.11 43.8232312
57.12 43.8004784
57.13 43.7777256
57.14 43.7549728
57.15 43.73222
57.16 43.7094433
57.17 43.6866905
57.18 43.6639138
57.19 43.641161
57.2 43.6183843
57.21 43.5956076
57.22 43.5728309
57.23 43.5500542
57.24 43.5272775
57.25 43.5045008
57.26 43.4817241
57.27 43.4589235
57.28 43.4361468
57.29 43.4133462
57.3 43.3905695
57.31 43.3677689
57.32 43.3449683
57.33 43.3221677
57.34 43.2993671
57.35 43.2765665
57.36 43.2537659
57.37 43.2309414
57.38 43.2081408
57.39 43.1853163
57.4 43.1625157
57.41 43.1396912
57.42 43.1168667
57.43 43.0940422
57.44 43.0712177
57.45 43.0483932
57.46 43.0255687
57.47 43.0027442
57.48 42.9799197
57.49 42.9570713
57.5 42.9342468
57.51 42.9113984
57.52 42.88855
57.53 42.8657255
57.54 42.8428771
57.55 42.8200287
57.56 42.7971803
57.57 42.7743319
57.58 42.7514835
57.59 42.7286112
57.6 42.7057628
57.61 42.6829144
57.62 42.6600421
57.63 42.6371698
57.64 42.6143214
57.65 42.5914491
57.66 42.5685768
57.67 42.5457045
57.68 42.5228322
57.69 42.4999599
57.7 42.4770876
57.71 42.4542153
57.72 42.4313191
57.73 42.4084468
57.74 42.3855745
57.75 42.3626783
57.76 42.3397821
57.77 42.3169098
57.78 42.2940136
57.79 42.2711174
57.8 42.2482212
57.81 42.225325
57.82 42.2024288
57.83 42.1795326
57.84 42.1566364
57.85 42.1337163
57.86 42.1108201
57.87 42.0879
57.88 42.0650038
57.89 42.0420837
57.9 42.0191875
57.91 41.9962674
57.92 41.9733473
57.93 41.9504272
57.94 41.9275071
57.95 41.904587
57.96 41.8816669
57.97 41.8587468
57.98 41.8358267
57.99 41.8128827
58.0 41.7899626
58.01 41.7670425
58.02 41.7440985
58.03 41.7211784
58.04 41.6982344
58.05 41.6752904
58.06 41.6523703
58.07 41.6294263
58.08 41.6064823
58.09 41.5835383
58.1 41.5605943
58.11 41.5376503
58.12 41.5147063
58.13 41.4917384
58.14 41.4687944
58.15 41.4458504
58.16 41.4228825
58.17 41.3999385
58.18 41.3769706
58.19 41.3540266
58.2 41.3310587
58.21 41.3081147
58.22 41.2851468
58.23 41.2621789
58.24 41.239211
58.25 41.2162431
58.26 41.1932752
58.27 41.1703073
58.28 41.1473394
58.29 41.1243715
58.3 41.1014036
58.31 41.0784357
58.32 41.0554439
58.33 41.032476
58.34 41.0094842
58.35 40.9865163
58.36 40.9635245
58.37 40.9405566
58.38 40.9175648
58.39 40.8945969
58.4 40.8716051
58.41 40.8486133
58.42 40.8256215
58.43 40.8026297
58.44 40.7796379
58.45 40.7566461
58.46 40.7336543
58.47 40.7106625
58.48 40.6876707
58.49 40.6646789
58.5 40.6416871
58.51 40.6186953
58.52 40.5956796
58.53 40.5726878
58.54 40.5496721
58.55 40.5266803
58.56 40.5036646
58.57 40.4806728
58.58 40.4576571
58.59 40.4346653
58.6 40.4116496
58.61 40.3886339
58.62 40.3656182
58.63 40.3426264
58.64 40.3196107
58.65 40.296595
58.66 40.2735793
58.67 40.2505636
58.68 40.2275479
58.69 40.2045322
58.7 40.1815165
58.71 40.1585008
58.72 40.1354851
58.73 40.1124455
58.74 40.0894298
58.75 40.0664141
58.76 40.0433984
58.77 40.0203588
58.78 39.9973431
58.79 39.9743035
58.8 39.9512878
58.81 39.9282482
58.82 39.9052325
58.83 39.8821929
58.84 39.8591772
58.85 39.8361376
58.86 39.813098
58.87 39.7900823
58.88 39.7670427
58.89 39.7440031
58.9 39.7209635
58.91 39.6979239
58.92 39.6749082
58.93 39.6518686
58.94 39.628829
58.95 39.6057894
58.96 39.5827498
58.97 39.5597102
58.98 39.5366706
58.99 39.513631
59.0 39.4905914
59.01 39.4675518
59.02 39.4444883
59.03 39.4214487
59.04 39.3984091
59.05 39.3753695
59.06 39.3523299
59.07 39.3292664
59.08 39.3062268
59.09 39.2831872
59.1 39.2601237
59.11 39.2370841
59.12 39.2140445
59.13 39.190981
59.14 39.1679414
59.15 39.1448779
59.16 39.1218383
59.17 39.0987748
59.18 39.0757352
59.19 39.0526717
59.2 39.0296321
59.21 39.0065686
59.22 38.9835051
59.23 38.9604655
59.24 38.937402
59.25 38.9143624
59.26 38.8912989
59.27 38.8682354
59.28 38.8451719
59.29 38.8221323
59.3 38.7990688
59.31 38.7760053
59.32 38.7529418
59.33 38.7299022
59.34 38.7068387
59.35 38.6837752
59.36 38.6607117
59.37 38.6376482
59.38 38.6146086
59.39 38.5915451
59.4 38.5684816
59.41 38.5454181
59.42 38.5223546
59.43 38.4992911
59.44 38.4762276
59.45 38.4531641
59.46 38.4301006
59.47 38.4070371
59.48 38.3839975
59.49 38.360934
59.5 38.3378705
59.51 38.314807
59.52 38.2917435
59.53 38.26868
59.54 38.2456165
59.55 38.222553
59.56 38.1994895
59.57 38.176426
59.58 38.1533625
59.59 38.130299
59.6 38.1072355
59.61 38.084172
59.62 38.0611085
59.63 38.038045
59.64 38.0149815
59.65 37.991918
59.66 37.9688306
59.67 37.9457671
59.68 37.9227036
59.69 37.8996401
59.7 37.8765766
59.71 37.8535131
59.72 37.8304496
59.73 37.8073861
59.74 37.7843226
59.75 37.7612591
59.76 37.7381956
59.77 37.7151321
59.78 37.6920686
59.79 37.6690051
59.8 37.6459416
59.81 37.6228781
59.82 37.5998146
59.83 37.5767511
59.84 37.5536876
59.85 37.5306241
59.86 37.5075606
59.87 37.4844971
59.88 37.4614336
59.89 37.4383701
59.9 37.4153066
59.91 37.3922431
59.92 37.3692035
59.93 37.34614
59.94 37.3230765
59.95 37.300013
59.96 37.2769495
59.97 37.253886
59.98 37.2308225
59.99 37.207759
60.0 37.1847194
60.01 37.1616559
60.02 37.1385924
60.03 37.1155289
60.04 37.0924654
60.05 37.0694258
60.06 37.0463623
60.07 37.0232988
60.08 37.0002353
60.09 36.9771957
60.1 36.9541322
60.11 36.9310687
60.12 36.9080291
60.13 36.8849656
60.14 36.8619021
60.15 36.8388625
60.16 36.815799
60.17 36.7927594
60.18 36.7696959
60.19 36.7466563
60.2 36.7235928
60.21 36.7005532
60.22 36.6774897
60.23 36.6544501
60.24 36.6313866
60.25 36.608347
60.26 36.5852835
60.27 36.5622439
60.28 36.5392043
60.29 36.5161408
60.3 36.4931012
60.31 36.4700616
60.32 36.447022
60.33 36.4239585
60.34 36.4009189
60.35 36.3778793
60.36 36.3548397
60.37 36.3318001
60.38 36.3087605
60.39 36.2857209
60.4 36.2626813
60.41 36.2396417
60.42 36.2166021
60.43 36.1935625
60.44 36.1705229
60.45 36.1474833
60.46 36.1244437
60.47 36.101428
60.48 36.0783884
60.49 36.0553488
60.5 36.0323092
60.51 36.0092935
60.52 35.9862539
60.53 35.9632143
60.54 35.9401986
60.55 35.917159
60.56 35.8941433
60.57 35.8711037
60.58 35.848088
60.59 35.8250484
60.6 35.8020327
60.61 35.779017
60.62 35.7559774
60.63 35.7329617
60.64 35.709946
60.65 35.6869303
60.66 35.6639146
60.67 35.6408989
60.68 35.6178593
60.69 35.5948436
60.7 35.5718279
60.71 35.5488361
60.72 35.5258204
60.73 35.5028047
60.74 35.479789
60.75 35.4567733
60.76 35.4337576
60.77 35.4107658
60.78 35.3877501
60.79 35.3647583
60.8 35.3417426
60.81 35.3187269
60.82 35.2957351
60.83 35.2727433
60.84 35.2497276
60.85 35.2267358
60.86 35.203744
60.87 35.1807283
60.88 35.1577365
60.89 35.1347447
60.9 35.1117529
60.91 35.0887611
60.92 35.0657693
60.93 35.0427775
60.94 35.0197857
60.95 34.9967939
60.96 34.9738021
60.97 34.9508342
60.98 34.9278424
60.99 34.9048506
61.0 34.8818827
61.01 34.8588909
61.02 34.835923
61.03 34.8129312
61.04 34.7899633
61.05 34.7669954
61.06 34.7440036
61.07 34.7210357
61.08 34.6980678
61.09 34.6750999
61.1 34.652132
61.11 34.6291641
61.12 34.6061962
61.13 34.5832283
61.14 34.5602604
61.15 34.5372925
61.16 34.5143485
61.17 34.4913806
61.18 34.4684366
61.19 34.4454687
61.2 34.4225247
61.21 34.3995568
61.22 34.3766128
61.23 34.3536688
61.24 34.3307009
61.25 34.3077569
61.26 34.2848129
61.27 34.2618689
61.28 34.2389249
61.29 34.2159809
61.3 34.1930369
61.31 34.1701168
61.32 34.1471728
61.33 34.1242288
61.34 34.1013087
61.35 34.0783647
61.36 34.0554446
61.37 34.0325006
61.38 34.0095805
61.39 33.9866604
61.4 33.9637403
61.41 33.9408202
61.42 33.9179001
61.43 33.89498
61.44 33.8720599
61.45 33.8491398
61.46 33.8262197
61.47 33.8032996
61.48 33.7804034
61.49 33.7574833
61.5 33.7345871
61.51 33.711667
61.52 33.6887708
61.53 33.6658746
61.54 33.6429784
61.55 33.6200822
61.56 33.597186
61.57 33.5742898
61.58 33.5513936
61.59 33.5284974
61.6 33.5056012
61.61 33.4827289
61.62 33.4598327
61.63 33.4369365
61.64 33.4140642
61.65 33.3911919
61.66 33.3682957
61.67 33.3454234
61.68 33.3225511
61.69 33.2996788
61.7 33.2768065
61.71 33.2539342
61.72 33.2310858
61.73 33.2082135
61.74 33.1853412
61.75 33.1624928
61.76 33.1396205
61.77 33.1167721
61.78 33.0939237
61.79 33.0710514
61.8 33.048203
61.81 33.0253546
61.82 33.0025062
61.83 32.9796578
61.84 32.9568333
61.85 32.9339849
61.86 32.9111365
61.87 32.888312
61.88 32.8654636
61.89 32.8426391
61.9 32.8198146
61.91 32.7969901
61.92 32.7741656
61.93 32.7513411
61.94 32.7285166
61.95 32.7056921
61.96 32.6828676
61.97 32.660067
61.98 32.6372425
61.99 32.6144419
62.0 32.5916174
62.01 32.5688168
62.02 32.5460162
62.03 32.5232156
62.04 32.500415
62.05 32.4776144
62.06 32.4548138
62.07 32.4320132
62.08 32.4092365
62.09 32.3864359
62.1 32.3636592
62.11 32.3408825
62.12 32.3180819
62.13 32.2953052
62.14 32.2725285
62.15 32.2497518
62.16 32.226999
62.17 32.2042223
62.18 32.1814456
62.19 32.1586928
62.2 32.1359161
62.21 32.1131633
62.22 32.0904105
62.23 32.0676577
62.24 32.0449049
62.25 32.0221521
62.26 31.9993993
62.27 31.9766465
62.28 31.9539176
62.29 31.9311648
62.3 31.9084359
62.31 31.8856831
62.32 31.8629542
62.33 31.8402253
62.34 31.8174964
62.35 31.7947675
62.36 31.7720386
62.37 31.7493336
62.38 31.7266047
62.39 31.7038997
62.4 31.6811708
62.41 31.6584658
62.42 31.6357608
62.43 31.6130558
62.44 31.5903508
62.45 31.5676458
62.46 31.5449647
62.47 31.5222597
62.48 31.4995786
62.49 31.4768736
62.5 31.4541925
62.51 31.4315114
62.52 31.4088303
62.53 31.3861492
62.54 31.3634681
62.55 31.3408109
62.56 31.3181298
62.57 31.2954726
62.58 31.2727915
62.59 31.2501343
62.6 31.2274771
62.61 31.2048199
62.62 31.1821627
62.63 31.1595055
62.64 31.1368722
62.65 31.114215
62.66 31.0915817
62.67 31.0689484
62.68 31.0463151
62.69 31.0236579
62.7 31.0010485
62.71 30.9784152
62.72 30.9557819
62.73 30.9331725
62.74 30.9105392
62.75 30.8879298
62.76 30.8653204
62.77 30.842711
62.78 30.8201016
62.79 30.7974922
62.8 30.7748828
62.81 30.7522973
62.82 30.7296879
62.83 30.7071024
62.84 30.6845169
62.85 30.6619314
62.86 30.6393459
62.87 30.6167604
62.88 30.5941749
62.89 30.5716133
62.9 30.5490278
62.91 30.5264662
62.92 30.5039046
62.93 30.481343
62.94 30.4587814
62.95 30.4362198
62.96 30.4136582
62.97 30.3911205
62.98 30.3685828
62.99 30.3460212
63.0 30.3234835
63.01 30.3009458
63.02 30.2784081
63.03 30.2558943
63.04 30.2333566
63.05 30.2108428
63.06 30.1883051
63.07 30.1657913
63.08 30.1432775
63.09 30.1207637
63.1 30.0982499
63.11 30.07576
63.12 30.0532462
63.13 30.0307563
63.14 30.0082664
63.15 29.9857526
63.16 29.9632627
63.17 29.9407967
63.18 29.9183068
63.19 29.8958169
63.2 29.8733509
63.21 29.8508849
63.22 29.8284189
63.23 29.8059529
63.24 29.7834869
63.25 29.7610209
63.26 29.7385788
63.27 29.7161128
63.28 29.6936707
63.29 29.6712286
63.3 29.6487865
63.31 29.6263444
63.32 29.6039023
63.33 29.5814841
63.34 29.559042
63.35 29.5366238
63.36 29.5142056
63.37 29.4917874
63.38 29.4693692
63.39 29.4469749
63.4 29.4245567
63.41 29.4021624
63.42 29.3797681
63.43 29.3573738
63.44 29.3349795
63.45 29.3125852
63.46 29.2901909
63.47 29.2678205
63.48 29.2454262
63.49 29.2230558
63.5 29.2006854
63.51 29.178315
63.52 29.1559685
63.53 29.1335981
63.54 29.1112516
63.55 29.0889051
63.56 29.0665347
63.57 29.0441882
63.58 29.0218656
63.59 28.9995191
63.6 28.9771965
63.61 28.95485
63.62 28.9325274
63.63 28.9102048
63.64 28.8878822
63.65 28.8655835
63.66 28.8432609
63.67 28.8209622
63.68 28.7986635
63.69 28.7763409
63.7 28.7540661
63.71 28.7317674
63.72 28.7094687
63.73 28.6871939
63.74 28.6649191
63.75 28.6426443
63.76 28.6203695
63.77 28.5980947
63.78 28.5758199
63.79 28.553569
63.8 28.5313181
63.81 28.5090672
63.82 28.4868163
63.83 28.4645654
63.84 28.4423145
63.85 28.4200875
63.86 28.3978366
63.87 28.3756096
63.88 28.3533826
63.89 28.3311795
63.9 28.3089525
63.91 28.2867494
63.92 28.2645224
63.93 28.2423193
63.94 28.2201162
63.95 28.197937
63.96 28.1757339
63.97 28.1535547
63.98 28.1313516
63.99 28.1091724
64.0 28.0869932
64.01 28.0648379
64.02 28.0426587
64.03 28.0205034
64.04 27.9983242
64.05 27.9761689
64.06 27.9540375
64.07 27.9318822
64.08 27.9097269
64.09 27.8875955
64.1 27.8654641
64.11 27.8433327
64.12 27.8212013
64.13 27.7990699
64.14 27.7769624
64.15 27.7548549
64.16 27.7327474
64.17 27.7106399
64.18 27.6885324
64.19 27.6664249
64.2 27.6443413
64.21 27.6222577
64.22 27.6001741
64.23 27.5780905
64.24 27.5560069
64.25 27.5339472
64.26 27.5118875
64.27 27.4898039
64.28 27.4677681
64.29 27.4457084
64.3 27.4236487
64.31 27.4016129
64.32 27.3795771
64.33 27.3575413
64.34 27.3355055
64.35 27.3134697
64.36 27.2914578
64.37 27.2694459
64.38 27.2474101
64.39 27.2254221
64.4 27.2034102
64.41 27.1813983
64.42 27.1594103
64.43 27.1374223
64.44 27.1154343
64.45 27.0934463
64.46 27.0714822
64.47 27.0494942
64.48 27.0275301
64.49 27.005566
64.5 26.9836019
64.51 26.9616617
64.52 26.9396976
64.53 26.9177574
64.54 26.8958172
64.55 26.873877
64.56 26.8519607
64.57 26.8300205
64.58 26.8081042
64.59 26.7861879
64.6 26.7642716
64.61 26.7423553
64.62 26.7204629
64.63 26.6985705
64.64 26.6766781
64.65 26.6547857
64.66 26.6328933
64.67 26.6110248
64.68 26.5891324
64.69 26.5672639
64.7 26.5453954
64.71 26.5235508
64.72 26.5016823
64.73 26.4798377
64.74 26.4579931
64.75 26.4361485
64.76 26.4143039
64.77 26.3924832
64.78 26.3706625
64.79 26.3488179
64.8 26.3270211
64.81 26.3052004
64.82 26.2834036
64.83 26.2615829
64.84 26.2397861
64.85 26.2179893
64.86 26.1962164
64.87 26.1744196
64.88 26.1526467
64.89 26.1308738
64.9 26.1091009
64.91 26.0873519
64.92 26.065579
64.93 26.04383
64.94 26.022081
64.95 26.0003559
64.96 25.9786069
64.97 25.9568818
64.98 25.9351567
64.99 25.9134316
65.0 25.8917065
65.01 25.8699814
65.02 25.8482802
65.03 25.826579
65.04 25.8048778
65.05 25.7832005
65.06 25.7614993
65.07 25.739822
65.08 25.7181447
65.09 25.6964674
65.1 25.674814
65.11 25.6531367
65.12 25.6314833
65.13 25.6098299
65.14 25.5882004
65.15 25.566547
65.16 25.5449175
65.17 25.523288
65.18 25.5016585
65.19 25.4800529
65.2 25.4584234
65.21 25.4368178
65.22 25.4152122
65.23 25.3936066
65.24 25.3720249
65.25 25.3504432
65.26 25.3288615
65.27 25.3072798
65.28 25.2856981
65.29 25.2641403
65.3 25.2425825
65.31 25.2210247
65.32 25.1994669
65.33 25.177933
65.34 25.1563752
65.35 25.1348413
65.36 25.1133074
65.37 25.0917974
65.38 25.0702874
65.39 25.0487535
65.4 25.0272435
65.41 25.0057574
65.42 24.9842474
65.43 24.9627613
65.44 24.9412752
65.45 24.9197891
65.46 24.8983269
65.47 24.8768647
65.48 24.8554025
65.49 24.8339403
65.5 24.8124781
65.51 24.7910398
65.52 24.7696015
65.53 24.7481632
65.54 24.7267249
65.55 24.7053105
65.56 24.6838961
65.57 24.6624817
65.58 24.6410673
65.59 24.6196529
65.6 24.5982624
65.61 24.5768719
65.62 24.5554814
65.63 24.5341148
65.64 24.5127243
65.65 24.4913577
65.66 24.470015
65.67 24.4486484
65.68 24.4273057
65.69 24.4059391
65.7 24.3846203
65.71 24.3632776
65.72 24.3419588
65.73 24.3206161
65.74 24.2993212
65.75 24.2780024
65.76 24.2566836
65.77 24.2353887
65.78 24.2140938
65.79 24.1928228
65.8 24.1715279
65.81 24.1502569
65.82 24.1289859
65.83 24.1077149
65.84 24.0864678
65.85 24.0652207
65.86 24.0439736
65.87 24.0227265
65.88 24.0014794
65.89 23.9802562
65.9 23.959033
65.91 23.9378098
65.92 23.9166105
65.93 23.8954112
65.94 23.8742119
65.95 23.8530126
65.96 23.8318133
65.97 23.8106379
65.98 23.7894625
65.99 23.7682871
66.0 23.7471356
66.01 23.7259841
66.02 23.7048326
66.03 23.6836811
66.04 23.6625296
66.05 23.641402
66.06 23.6202744
66.07 23.5991707
66.08 23.5780431
66.09 23.5569394
66.1 23.5358357
66.11 23.514732
66.12 23.4936522
66.13 23.4725724
66.14 23.4514926
66.15 23.4304128
66.16 23.4093569
66.17 23.3882771
66.18 23.3672212
66.19 23.3461892
66.2 23.3251333
66.21 23.3041013
66.22 23.2830932
66.23 23.2620612
66.24 23.2410531
66.25 23.220045
66.26 23.1990369
66.27 23.1780288
66.28 23.1570446
66.29 23.1360604
66.3 23.1150762
66.31 23.0941159
66.32 23.0731317
66.33 23.0521714
66.34 23.031235
66.35 23.0102747
66.36 22.9893383
66.37 22.9684019
66.38 22.9474894
66.39 22.926553
66.4 22.9056405
66.41 22.884728
66.42 22.8638394
66.43 22.8429269
66.44 22.8220383
66.45 22.8011736
66.46 22.780285
66.47 22.7594203
66.48 22.7385556
66.49 22.7176909
66.5 22.6968501
66.51 22.6760093
66.52 22.6551685
66.53 22.6343277
66.54 22.6135108
66.55 22.5926939
66.56 22.571877
66.57 22.551084
66.58 22.530291
66.59 22.509498
66.6 22.488705
66.61 22.4679359
66.62 22.4471429
66.63 22.4263977
66.64 22.4056286
66.65 22.3848834
66.66 22.3641382
66.67 22.343393
66.68 22.3226717
66.69 22.3019504
66.7 22.2812291
66.71 22.2605078
66.72 22.2398104
66.73 22.219113
66.74 22.1984156
66.75 22.1777182
66.76 22.1570447
66.77 22.1363712
66.78 22.1157216
66.79 22.0950481
66.8 22.0743985
66.81 22.0537489
66.82 22.0331232
66.83 22.0124975
66.84 21.9918718
66.85 21.9712461
66.86 21.9506443
66.87 21.9300425
66.88 21.9094407
66.89 21.8888628
66.9 21.868261
66.91 21.8476831
66.92 21.8271291
66.93 21.8065512
66.94 21.7859972
66.95 21.7654671
66.96 21.7449131
66.97 21.724383
66.98 21.7038529
66.99 21.6833467
67.0 21.6628166
67.01 21.6423104
67.02 21.6218042
67.03 21.6013219
67.04 21.5808396
67.05 21.5603573
67.06 21.5398989
67.07 21.5194166
67.08 21.4989582
67.09 21.4785237
67.1 21.4580653
67.11 21.4376308
67.12 21.4171963
67.13 21.3967857
67.14 21.3763751
67.15 21.3559645
67.16 21.3355539
67.17 21.3151672
67.18 21.2947805
67.19 21.2743938
67.2 21.254031
67.21 21.2336682
67.22 21.2133054
67.23 21.1929665
67.24 21.1726037
67.25 21.1522887
67.26 21.1319498
67.27 21.1116348
67.28 21.0913198
67.29 21.0710048
67.3 21.0507137
67.31 21.0304226
67.32 21.0101315
67.33 20.9898404
67.34 20.9695732
67.35 20.949306
67.36 20.9290627
67.37 20.9088194
67.38 20.8885761
67.39 20.8683328
67.4 20.8481134
67.41 20.827894
67.42 20.8076746
67.43 20.7874791
67.44 20.7672836
67.45 20.7470881
67.46 20.7268926
67.47 20.706721
67.48 20.6865494
67.49 20.6664017
67.5 20.646254
67.51 20.6261063
67.52 20.6059586
67.53 20.5858348
67.54 20.565711
67.55 20.5455872
67.56 20.5254873
67.57 20.5053874
67.58 20.4852875
67.59 20.4652115
67.6 20.4451355
67.61 20.4250595
67.62 20.4049835
67.63 20.3849314
67.64 20.3648793
67.65 20.3448511
67.66 20.3248229
67.67 20.3047947
67.68 20.2847665
67.69 20.2647622
67.7 20.2447579
67.71 20.2247775
67.72 20.2047732
67.73 20.1848167
67.74 20.1648363
67.75 20.1448798
67.76 20.1249233
67.77 20.1049668
67.78 20.0850342
67.79 20.0651016
67.8 20.045169
67.81 20.0252603
67.82 20.0053516
67.83 19.9854429
67.84 19.9655342
67.85 19.9456494
67.86 19.9257885
67.87 19.9059037
67.88 19.8860428
67.89 19.8661819
67.9 19.8463449
67.91 19.8265079
67.92 19.8066709
67.93 19.7868578
67.94 19.7670447
67.95 19.7472316
67.96 19.7274185
67.97 19.7076293
67.98 19.6878401
67.99 19.6680748
68.0 19.6483095
68.01 19.6285442
68.02 19.6088028
68.03 19.5890614
68.04 19.56932
68.05 19.5495786
68.06 19.5298611
68.07 19.5101436
68.08 19.49045
68.09 19.4707564
68.1 19.4510628
68.11 19.4313692
68.12 19.4116995
68.13 19.3920537
68.14 19.372384
68.15 19.3527382
68.16 19.3330924
68.17 19.3134705
68.18 19.2938486
68.19 19.2742267
68.2 19.2546287
68.21 19.2350307
68.22 19.2154327
68.23 19.1958347
68.24 19.1762606
68.25 19.1567104
68.26 19.1371363
68.27 19.1175861
68.28 19.0980598
68.29 19.0785096
68.3 19.0589833
68.31 19.0394809
68.32 19.0199546
68.33 19.0004522
68.34 18.9809737
68.35 18.9614713
68.36 18.9419928
68.37 18.9225382
68.38 18.9030836
68.39 18.883629
68.4 18.8641744
68.41 18.8447437
68.42 18.825313
68.43 18.8059062
68.44 18.7864994
68.45 18.7670926
68.46 18.7476858
68.47 18.7283029
68.48 18.7089439
68.49 18.689561
68.5 18.670202
68.51 18.650843
68.52 18.6315079
68.53 18.6121728
68.54 18.5928377
68.55 18.5735265
68.56 18.5542153
68.57 18.534928
68.58 18.5156168
68.59 18.4963534
68.6 18.4770661
68.61 18.4578027
68.62 18.4385393
68.63 18.4192998
68.64 18.4000603
68.65 18.3808208
68.66 18.3616052
68.67 18.3423896
68.68 18.323174
68.69 18.3039823
68.7 18.2847906
68.71 18.2655989
68.72 18.2464311
68.73 18.2272633
68.74 18.2081194
68.75 18.1889516
68.76 18.1698316
68.77 18.1506877
68.78 18.1315677
68.79 18.1124716
68.8 18.0933516
68.81 18.0742555
68.82 18.0551833
68.83 18.0361111
68.84 18.0170389
68.85 17.9979667
68.86 17.9789184
68.87 17.9598701
68.88 17.9408457
68.89 17.9218213
68.9 17.9027969
68.91 17.8837964
68.92 17.8647959
68.93 17.8457954
68.94 17.8268188
68.95 17.8078422
68.96 17.7888895
68.97 17.7699368
68.98 17.7509841
68.99 17.7320553
69.0 17.7131265
69.01 17.6941977
69.02 17.6752928
69.03 17.6563879
69.04 17.6375069
69.05 17.6186259
69.06 17.5997449
69.07 17.5808878
69.08 17.5620307
69.09 17.5431736
69.1 17.5243404
69.11 17.5055072
69.12 17.4866979
69.13 17.4678886
69.14 17.4490793
69.15 17.43027
69.16 17.4114846
69.17 17.3927231
69.18 17.3739616
69.19 17.3552001
69.2 17.3364386
69.21 17.317701
69.22 17.2989873
69.23 17.2802497
69.24 17.261536
69.25 17.2428462
69.26 17.2241564
69.27 17.2054666
69.28 17.1868007
69.29 17.1681348
69.3 17.1494689
69.31 17.1308269
69.32 17.1121849
69.33 17.0935429
69.34 17.0749248
69.35 17.0563306
69.36 17.0377125
69.37 17.0191183
69.38 17.000548
69.39 16.9819777
69.4 16.9634074
69.41 16.9448371
69.42 16.9262907
69.43 16.9077682
69.44 16.8892457
69.45 16.8707232
69.46 16.8522007
69.47 16.8337021
69.48 16.8152274
69.49 16.7967288
69.5 16.7782541
69.51 16.7598033
69.52 16.7413525
69.53 16.7229017
69.54 16.7044748
69.55 16.6860479
69.56 16.667621
69.57 16.649218
69.58 16.6308389
69.59 16.6124359
69.6 16.5940568
69.61 16.5757016
69.62 16.5573464
69.63 16.5389912
69.64 16.5206599
69.65 16.5023286
69.66 16.4839973
69.67 16.4656899
69.68 16.4473825
69.69 16.429099
69.7 16.4108155
69.71 16.392532
69.72 16.3742724
69.73 16.3560128
69.74 16.3377771
69.75 16.3195414
69.76 16.3013057
69.77 16.2830939
69.78 16.2648821
69.79 16.2466942
69.8 16.2285063
69.81 16.2103423
69.82 16.1921544
69.83 16.1740143
69.84 16.1558503
69.85 16.1377102
69.86 16.119594
69.87 16.1014778
69.88 16.0833616
69.89 16.0652693
69.9 16.047177
69.91 16.0290847
69.92 16.0110163
69.93 15.9929718
69.94 15.9749034
69.95 15.9568828
69.96 15.9388383
69.97 15.9208177
69.98 15.9027971
69.99 15.8848004
70.0 15.8668037
70.01 15.8488309
70.02 15.8308581
70.03 15.8129092
70.04 15.7949364
70.05 15.7770114
70.06 15.7590625
70.07 15.7411375
70.08 15.7232364
70.09 15.7053353
70.1 15.6874342
70.11 15.669557
70.12 15.6516798
70.13 15.6338265
70.14 15.6159732
70.15 15.5981199
70.16 15.5802905
70.17 15.5624611
70.18 15.5446556
70.19 15.5268501
70.2 15.5090446
70.21 15.491263
70.22 15.4735053
70.23 15.4557476
70.24 15.4379899
70.25 15.4202322
70.26 15.4024984
70.27 15.3847885
70.28 15.3670786
70.29 15.3493687
70.3 15.3316827
70.31 15.3139967
70.32 15.2963107
70.33 15.2786486
70.34 15.2610104
70.35 15.2433722
70.36 15.225734
70.37 15.2081197
70.38 15.1905054
70.39 15.1728911
70.4 15.1553007
70.41 15.1377342
70.42 15.1201677
70.43 15.1026012
70.44 15.0850586
70.45 15.067516
70.46 15.0499734
70.47 15.0324547
70.48 15.0149599
70.49 14.9974651
70.5 14.9799703
70.51 14.9624755
70.52 14.9450285
70.53 14.9275576
70.54 14.9101106
70.55 14.8926875
70.56 14.8752644
70.57 14.8578413
70.58 14.8404421
70.59 14.8230429
70.6 14.8056437
70.61 14.7882684
70.62 14.770917
70.63 14.7535656
70.64 14.7362142
70.65 14.7188867
70.66 14.7015592
70.67 14.6842556
70.68 14.666952
70.69 14.6496723
70.7 14.6323926
70.71 14.6151129
70.72 14.5978571
70.73 14.5806013
70.74 14.5633694
70.75 14.5461375
70.76 14.5289295
70.77 14.5117215
70.78 14.4945135
70.79 14.4773294
70.8 14.4601692
70.81 14.4429851
70.82 14.4258488
70.83 14.4086886
70.84 14.3915762
70.85 14.3744399
70.86 14.3573275
70.87 14.340239
70.88 14.3231505
70.89 14.306062
70.9 14.2889974
70.91 14.2719328
70.92 14.2548921
70.93 14.2378514
70.94 14.2208346
70.95 14.2038178
70.96 14.1868249
70.97 14.169832
70.98 14.1528391
70.99 14.1358701
71.0 14.1189011
71.01 14.101956
71.02 14.0850109
71.03 14.0680897
71.04 14.0511685
71.05 14.0342712
71.06 14.0173739
71.07 14.0004766
71.08 13.9836032
71.09 13.9667537
71.1 13.9499042
71.11 13.9330547
71.12 13.9162291
71.13 13.8994035
71.14 13.8826018
71.15 13.8658001
71.16 13.8490223
71.17 13.8322445
71.18 13.8154667
71.19 13.7987128
71.2 13.7819828
71.21 13.7652528
71.22 13.7485228
71.23 13.7318167
71.24 13.7151106
71.25 13.6984284
71.26 13.6817462
71.27 13.6650879
71.28 13.6484296
71.29 13.6317952
71.3 13.6151608
71.31 13.5985264
71.32 13.5819159
71.33 13.5653293
71.34 13.5487427
71.35 13.5321561
71.36 13.5155934
71.37 13.4990307
71.38 13.4824919
71.39 13.4659531
71.4 13.4494382
71.41 13.4329233
71.42 13.4164323
71.43 13.3999413
71.44 13.3834742
71.45 13.3670071
71.46 13.35054
71.47 13.3340968
71.48 13.3176775
71.49 13.3012582
71.5 13.2848389
71.51 13.2684435
71.52 13.2520481
71.53 13.2356766
71.54 13.2193051
71.55 13.2029575
71.56 13.1866099
71.57 13.1702862
71.58 13.1539625
71.59 13.1376627
71.6 13.1213629
71.61 13.105087
71.62 13.0888111
71.63 13.0725591
71.64 13.0563071
71.65 13.0400551
71.66 13.023827
71.67 13.0076228
71.68 12.9914186
71.69 12.9752144
71.7 12.9590341
71.71 12.9428538
71.72 12.9266974
71.73 12.9105649
71.74 12.8944324
71.75 12.8782999
71.76 12.8621913
71.77 12.8460827
71.78 12.829998
71.79 12.8139133
71.8 12.7978525
71.81 12.7817917
71.82 12.7657548
71.83 12.7497179
71.84 12.7337049
71.85 12.7176919
71.86 12.7016789
71.87 12.6856898
71.88 12.6697246
71.89 12.6537594
71.9 12.6378181
71.91 12.6218768
71.92 12.6059355
71.93 12.590042
71.94 12.5741246
71.95 12.5582311
71.96 12.5423615
71.97 12.5264919
71.98 12.5106223
71.99 12.4947766
72.0 12.4789548
72.01 12.463133
72.02 12.4473112
72.03 12.4315133
72.04 12.4157393
72.05 12.3999414
72.06 12.3841913
72.07 12.3684412
72.08 12.3526911
72.09 12.3369649
72.1 12.3212626
72.11 12.3055603
72.12 12.289858
72.13 12.2741796
72.14 12.2585012
72.15 12.2428467
72.16 12.2272161
72.17 12.2115616
72.18 12.1959549
72.19 12.1803482
72.2 12.1647415
72.21 12.1491587
72.22 12.1335759
72.23 12.118017
72.24 12.102482
72.25 12.086947
72.26 12.071412
72.27 12.0559009
72.28 12.0403898
72.29 12.0249026
72.3 12.0094393
72.31 11.993976
72.32 11.9785127
72.33 11.9630733
72.34 11.9476339
72.35 11.9322184
72.36 11.9168268
72.37 11.9014352
72.38 11.8860436
72.39 11.8706759
72.4 11.8553321
72.41 11.8399883
72.42 11.8246445
72.43 11.8093246
72.44 11.7940047
72.45 11.7787087
72.46 11.7634366
72.47 11.7481645
72.48 11.7329163
72.49 11.7176681
72.5 11.7024199
72.51 11.6871956
72.52 11.6719952
72.53 11.6567948
72.54 11.6415944
72.55 11.6264418
72.56 11.6112653
72.57 11.5961127
72.58 11.580984
72.59 11.5658553
72.6 11.5507505
72.61 11.5356457
72.62 11.5205648
72.63 11.5054839
72.64 11.4904269
72.65 11.4753699
72.66 11.4603368
72.67 11.4453037
72.68 11.4302945
72.69 11.4152853
72.7 11.4003
72.71 11.3853386
72.72 11.3703533
72.73 11.3554158
72.74 11.3404783
72.75 11.3255408
72.76 11.3106272
72.77 11.2957375
72.78 11.2808478
72.79 11.2659581
72.8 11.2510923
72.81 11.2362504
72.82 11.2214085
72.83 11.2065905
72.84 11.1917725
72.85 11.1769784
72.86 11.1621843
72.87 11.1474141
72.88 11.1326439
72.89 11.1178976
72.9 11.1031513
72.91 11.0884289
72.92 11.0737065
72.93 11.059008
72.94 11.0443334
72.95 11.0296588
72.96 11.0149842
72.97 11.0003335
72.98 10.9857067
72.99 10.9710799
73.0 10.9564531
73.01 10.9418741
73.02 10.9272712
73.03 10.9126922
73.04 10.8981371
73.05 10.883582
73.06 10.8690508
73.07 10.8545435
73.08 10.8400123
73.09 10.8255289
73.1 10.8110455
73.11 10.7965621
73.12 10.7821026
73.13 10.767667
73.14 10.7532314
73.15 10.7388197
73.16 10.724408
73.17 10.7100202
73.18 10.6956324
73.19 10.6812685
73.2 10.6669046
73.21 10.6525646
73.22 10.6382246
73.23 10.6239085
73.24 10.6096163
73.25 10.5953241
73.26 10.5810319
73.27 10.5667636
73.28 10.5525192
73.29 10.5382748
73.3 10.5240543
73.31 10.5098338
73.32 10.4956372
73.33 10.4814406
73.34 10.4672679
73.35 10.4531191
73.36 10.4389703
73.37 10.4248215
73.38 10.4106966
73.39 10.3965956
73.4 10.3824946
73.41 10.3684175
73.42 10.3543404
73.43 10.3402872
73.44 10.326234
73.45 10.3122047
73.46 10.2981993
73.47 10.2841939
73.48 10.2701885
73.49 10.2562309
73.5 10.2422494
73.51 10.2282918
73.52 10.2143581
73.53 10.2004483
73.54 10.1865146
73.55 10.1726287
73.56 10.1587428
73.57 10.1448569
73.58 10.1310188
73.59 10.1171568
73.6 10.1033187
73.61 10.0895045
73.62 10.0756903
73.63 10.0619
73.64 10.0481336
73.65 10.0343672
73.66 10.0206008
73.67 10.0068583
73.68 9.9931397
73.69 9.9794211
73.7 9.9657264
73.71 9.9520317
73.72 9.9383609
73.73 9.924714
73.74 9.9110671
73.75 9.8974202
73.76 9.8838211
73.77 9.8701981
73.78 9.8566229
73.79 9.8430238
73.8 9.8294725
73.81 9.8159212
73.82 9.8023699
73.83 9.7888425
73.84 9.775339
73.85 9.7618355
73.86 9.7483559
73.87 9.7348763
73.88 9.7214206
73.89 9.7079888
73.9 9.694557
73.91 9.6811252
73.92 9.6677412
73.93 9.6543333
73.94 9.6409732
73.95 9.6276131
73.96 9.614253
73.97 9.6009168
73.98 9.5876045
73.99 9.5742922
74.0 9.5610038
74.01 9.5477154
74.02 9.5344509
74.03 9.5211864
74.04 9.5079458
74.05 9.4947291
74.06 9.4815124
74.07 9.4683196
74.08 9.4551268
74.09 9.4419579
74.1 9.428789
74.11 9.415644
74.12 9.4025229
74.13 9.3894018
74.14 9.3763046
74.15 9.3632074
74.16 9.3501341
74.17 9.3370847
74.18 9.3240353
74.19 9.3110098
74.2 9.2979843
74.21 9.2849827
74.22 9.2719811
74.23 9.2590034
74.24 9.2460496
74.25 9.2330958
74.26 9.220142
74.27 9.207236
74.28 9.19433
74.29 9.181424
74.3 9.1685419
74.31 9.1556837
74.32 9.1428255
74.33 9.1299912
74.34 9.1171569
74.35 9.1043465
74.36 9.09156
74.37 9.0787735
74.38 9.0660109
74.39 9.0532483
74.4 9.0405096
74.41 9.0277709
74.42 9.0150561
74.43 9.0023652
74.44 8.9896743
74.45 8.9770073
74.46 8.9643642
74.47 8.9517211
74.48 8.939078
74.49 8.9264588
74.5 8.9138635
74.51 8.9012921
74.52 8.8887207
74.53 8.8761493
74.54 8.8636018
74.55 8.8510782
74.56 8.8385546
74.57 8.8260549
74.58 8.8135791
74.59 8.8011033
74.6 8.7886514
74.61 8.7761995
74.62 8.7637715
74.63 8.7513435
74.64 8.7389633
74.65 8.7265592
74.66 8.7142029
74.67 8.7018227
74.68 8.6894903
74.69 8.6771579
74.7 8.6648494
74.71 8.6525409
74.72 8.6402563
74.73 8.6279717
74.74 8.6157349
74.75 8.6034742
74.76 8.5912613
74.77 8.5790245
74.78 8.5668355
74.79 8.5546465
74.8 8.5424814
74.81 8.5303163
74.82 8.5181751
74.83 8.5060339
74.84 8.4939405
74.85 8.4818232
74.86 8.4697537
74.87 8.4576842
74.88 8.4456147
74.89 8.4335691
74.9 8.4215474
74.91 8.4095257
74.92 8.3975279
74.93 8.385554
74.94 8.3735801
74.95 8.3616301
74.96 8.3496801
74.97 8.337754
74.98 8.3258518
74.99 8.3139496
75.0 8.3020713
75.01 8.2902169
75.02 8.2783625
75.03 8.2665081
75.04 8.2547015
75.05 8.2428949
75.06 8.2310883
75.07 8.2193056
75.08 8.2075468
75.09 8.195788
75.1 8.1840531
75.11 8.1723421
75.12 8.1606311
75.13 8.148944
75.14 8.1372569
75.15 8.1255937
75.16 8.1139544
75.17 8.1023151
75.18 8.0906997
75.19 8.0791082
75.2 8.0675167
75.21 8.0559491
75.22 8.0443815
75.23 8.0328378
75.24 8.021318
75.25 8.0097982
75.26 7.9983023
75.27 7.9868064
75.28 7.9753344
75.29 7.9638863
75.3 7.9524621
75.31 7.9410379
75.32 7.9296137
75.33 7.9182134
75.34 7.906837
75.35 7.8954845
75.36 7.884132
75.37 7.8728034
75.38 7.8614748
75.39 7.8501701
75.4 7.8388654
75.41 7.8276085
75.42 7.8163516
75.43 7.8050947
75.44 7.7938617
75.45 7.7826526
75.46 7.7714435
75.47 7.7602583
75.48 7.749097
75.49 7.7379357
75.5 7.7267983
75.51 7.7156848
75.52 7.7045713
75.53 7.6934817
75.54 7.6823921
75.55 7.6713264
75.56 7.6602846
75.57 7.6492428
75.58 7.6382249
75.59 7.6272309
75.6 7.6162369
75.61 7.6052668
75.62 7.5942967
75.63 7.5833505
75.64 7.5724282
75.65 7.5615298
75.66 7.5506314
75.67 7.539733
75.68 7.5288824
75.69 7.5180318
75.7 7.5071812
75.71 7.4963545
75.72 7.4855517
75.73 7.4747728
75.74 7.4639939
75.75 7.4532389
75.76 7.4424839
75.77 7.4317528
75.78 7.4210456
75.79 7.4103384
75.8 7.3996551
75.81 7.3889957
75.82 7.3783363
75.83 7.3677008
75.84 7.3570892
75.85 7.3464776
75.86 7.3358899
75.87 7.3253022
75.88 7.3147623
75.89 7.3041985
75.9 7.2936825
75.91 7.2831665
75.92 7.2726744
75.93 7.2621823
75.94 7.2517141
75.95 7.2412698
75.96 7.2308255
75.97 7.2204051
75.98 7.2100086
75.99 7.1996121
76.0 7.1892395
76.01 7.1788908
76.02 7.1685421
76.03 7.1582173
76.04 7.1478925
76.05 7.1376155
76.06 7.1273146
76.07 7.1170615
76.08 7.1068084
76.09 7.0965792
76.1 7.08635
76.11 7.0761686
76.12 7.0659633
76.13 7.0558058
76.14 7.0456483
76.15 7.0355147
76.16 7.0253811
76.17 7.0152714
76.18 7.0051856
76.19 6.9950998
76.2 6.9850379
76.21 6.9749999
76.22 6.9649619
76.23 6.9549478
76.24 6.9449576
76.25 6.9349674
76.26 6.9250011
76.27 6.9150587
76.28 6.9051163
76.29 6.8951978
76.3 6.8853032
76.31 6.8754086
76.32 6.8655379
76.33 6.8556911
76.34 6.8458443
76.35 6.8360214
76.36 6.8262224
76.37 6.8164234
76.38 6.8066483
76.39 6.7968971
76.4 6.7871459
76.41 6.7774186
76.42 6.7677152
76.43 6.7580118
76.44 6.7483323
76.45 6.7386767
76.46 6.7290211
76.47 6.7193894
76.48 6.7097816
76.49 6.7001738
76.5 6.6905899
76.51 6.6810299
76.52 6.6714699
76.53 6.6619338
76.54 6.6524216
76.55 6.6429094
76.56 6.6334211
76.57 6.6239567
76.58 6.6144923
76.59 6.6050518
76.6 6.5956352
76.61 6.5862186
76.62 6.5768259
76.63 6.5674571
76.64 6.5581122
76.65 6.5487673
76.66 6.5394224
76.67 6.5301253
76.68 6.5208282
76.69 6.511555
76.7 6.5022818
76.71 6.4930325
76.72 6.4838071
76.73 6.4746056
76.74 6.4654041
76.75 6.4562265
76.76 6.4470728
76.77 6.4379191
76.78 6.4287893
76.79 6.4196595
76.8 6.4105775
76.81 6.4014955
76.82 6.3924135
76.83 6.3833793
76.84 6.3743451
76.85 6.3653109
76.86 6.3563245
76.87 6.3473381
76.88 6.3383756
76.89 6.3294131
76.9 6.3204745
76.91 6.3115598
76.92 6.302669
76.93 6.2937782
76.94 6.2849113
76.95 6.2760444
76.96 6.2672253
76.97 6.2584062
76.98 6.2495871
76.99 6.2408158
77.0 6.2320445
77.01 6.2232732
77.02 6.2145497
77.03 6.2058262
77.04 6.1971266
77.05 6.188427
77.06 6.1797513
77.07 6.1710995
77.08 6.1624716
77.09 6.1538437
77.1 6.1452397
77.11 6.1366596
77.12 6.1280795
77.13 6.1195233
77.14 6.110991
77.15 6.1024587
77.16 6.0939503
77.17 6.0854658
77.18 6.0770052
77.19 6.0685446
77.2 6.0601079
77.21 6.0516951
77.22 6.0432823
77.23 6.0348934
77.24 6.0265284
77.25 6.0181634
77.26 6.0098223
77.27 6.0015051
77.28 5.9932118
77.29 5.9849185
77.3 5.9766491
77.31 5.9683797
77.32 5.9601581
77.33 5.9519365
77.34 5.9437388
77.35 5.9355411
77.36 5.9273673
77.37 5.9192174
77.38 5.9110914
77.39 5.9029654
77.4 5.8948633
77.41 5.8867851
77.42 5.8787069
77.43 5.8706526
77.44 5.8626222
77.45 5.8546157
77.46 5.8466092
77.47 5.8386266
77.48 5.830644
77.49 5.8227092
77.5 5.8147744
77.51 5.8068635
77.52 5.7989526
77.53 5.7910656
77.54 5.7832025
77.55 5.7753633
77.56 5.7675241
77.57 5.7597088
77.58 5.7519174
77.59 5.7441499
77.6 5.7363824
77.61 5.7286388
77.62 5.7208952
77.63 5.7131994
77.64 5.7055036
77.65 5.6978317
77.66 5.6901598
77.67 5.6825118
77.68 5.6748877
77.69 5.6672875
77.7 5.6596873
77.71 5.652111
77.72 5.6445586
77.73 5.6370301
77.74 5.6295016
77.75 5.621997
77.76 5.6145163
77.77 5.6070356
77.78 5.5995788
77.79 5.5921459
77.8 5.5847369
77.81 5.5773279
77.82 5.5699428
77.83 5.5625816
77.84 5.5552204
77.85 5.5478831
77.86 5.5405697
77.87 5.5332802
77.88 5.5259907
77.89 5.5187251
77.9 5.5114834
77.91 5.5042656
77.92 5.4970478
77.93 5.4898539
77.94 5.4826839
77.95 5.4755139
77.96 5.4683678
77.97 5.4612456
77.98 5.4541473
77.99 5.447049
78.0 5.4399985
78.01 5.4329241
78.02 5.4258975
78.03 5.4188709
78.04 5.4118682
78.05 5.4048894
78.06 5.3979345
78.07 5.3909796
78.08 5.3840486
78.09 5.3771415
78.1 5.3702344
78.11 5.3633512
78.12 5.3564919
78.13 5.3496565
78.14 5.3428211
78.15 5.3360096
78.16 5.329222
78.17 5.3224583
78.18 5.3156946
78.19 5.3089548
78.2 5.3022389
78.21 5.295523
78.22 5.2888549
78.23 5.2821868
78.24 5.2755426
78.25 5.2688984
78.26 5.2622781
78.27 5.2556817
78.28 5.2491092
78.29 5.2425367
78.3 5.236012
78.31 5.2294873
78.32 5.2229626
78.33 5.2164857
78.34 5.2100088
78.35 5.2035558
78.36 5.1971267
78.37 5.1906976
78.38 5.1842924
78.39 5.1779111
78.4 5.1715537
78.41 5.1651963
78.42 5.1588628
78.43 5.1525532
78.44 5.1462675
78.45 5.1399818
78.46 5.1337439
78.47 5.1274821
78.48 5.1212681
78.49 5.1150541
78.5 5.1088879
78.51 5.1027217
78.52 5.0965555
78.53 5.0904371
78.54 5.0843187
78.55 5.0782242
78.56 5.0721297
78.57 5.066083
78.58 5.0600363
78.59 5.0540135
78.6 5.0480146
78.61 5.0420157
78.62 5.0360407
78.63 5.0300896
78.64 5.0241624
78.65 5.0182352
78.66 5.0123319
78.67 5.0064525
78.68 5.000597
78.69 4.9947654
78.7 4.9889338
78.71 4.9831261
78.72 4.9773423
78.73 4.9715585
78.74 4.9657986
78.75 4.9600865
78.76 4.9543505
78.77 4.9486623
78.78 4.9429741
78.79 4.9373098
78.8 4.9316694
78.81 4.9260529
78.82 4.9204364
78.83 4.9148438
78.84 4.9092751
78.85 4.9037303
78.86 4.8981855
78.87 4.8926885
78.88 4.8871676
78.89 4.8816945
78.9 4.8762453
78.91 4.8707961
78.92 4.8653708
78.93 4.8599694
78.94 4.854568
78.95 4.8492144
78.96 4.8438608
78.97 4.8385311
78.98 4.8332014
78.99 4.8279195
79.0 4.8226376
79.01 4.8173796
79.02 4.8121455
79.03 4.8069114
79.04 4.8017012
79.05 4.7965149
79.06 4.7913525
79.07 4.786214
79.08 4.7810755
79.09 4.7759609
79.1 4.7708702
79.11 4.7658034
79.12 4.7607366
79.13 4.7557176
79.14 4.7506986
79.15 4.7456796
79.16 4.7407084
79.17 4.7357372
79.18 4.7308138
79.19 4.7258665
79.2 4.720967
79.21 4.7160914
79.22 4.7112158
79.23 4.7063641
79.24 4.7015363
79.25 4.6967085
79.26 4.6919285
79.27 4.6871485
79.28 4.6823924
79.29 4.6776363
79.3 4.672928
79.31 4.6682197
79.32 4.6635353
79.33 4.6588748
79.34 4.6542382
79.35 4.6496016
79.36 4.6449889
79.37 4.6404001
79.38 4.6358352
79.39 4.6312703
79.4 4.6267532
79.41 4.6222361
79.42 4.617719
79.43 4.6132497
79.44 4.6087804
79.45 4.6043589
79.46 4.5999135
79.47 4.5955159
79.48 4.5911183
79.49 4.5867685
79.5 4.5823948
79.51 4.5780689
79.52 4.5737669
79.53 4.5694649
79.54 4.5651868
79.55 4.5609087
79.56 4.5566784
79.57 4.5524481
79.58 4.5482417
79.59 4.5440353
79.6 4.5398767
79.61 4.5357181
79.62 4.5315834
79.63 4.5274487
79.64 4.5233618
79.65 4.5192749
79.66 4.5152119
79.67 4.5111489
79.68 4.5071098
79.69 4.5030946
79.7 4.4991033
79.71 4.495112
79.72 4.4911685
79.73 4.4872011
79.74 4.4832815
79.75 4.4793619
79.76 4.4754662
79.77 4.4715944
79.78 4.4677226
79.79 4.4638747
79.8 4.4600507
79.81 4.4562506
79.82 4.4524505
79.83 4.4486743
79.84 4.444922
79.85 4.4411697
79.86 4.4374413
79.87 4.4337368
79.88 4.4300323
79.89 4.4263517
79.9 4.422695
79.91 4.4190622
79.92 4.4154294
79.93 4.4118205
79.94 4.4082116
79.95 4.4046266
79.96 4.4010655
79.97 4.3975283
79.98 4.3939911
79.99 4.3904778
80.0 4.3869884
80.01 4.383499
80.02 4.3800335
80.03 4.3765919
80.04 4.3731503
80.05 4.3697326
80.06 4.3663388
80.07 4.362945
80.08 4.3595751
80.09 4.3562291
80.1 4.3528831
80.11 4.349561
80.12 4.3462389
80.13 4.3429646
80.14 4.3396664
80.15 4.336416
80.16 4.3331656
80.17 4.3299391
80.18 4.3267126
80.19 4.3235339
80.2 4.3203313
80.21 4.3171765
80.22 4.3140217
80.23 4.3108669
80.24 4.3077599
80.25 4.3046529
80.26 4.3015459
80.27 4.2984628
80.28 4.2954036
80.29 4.2923683
80.3 4.289333
80.31 4.2863216
80.32 4.2833102
80.33 4.2803227
80.34 4.2773352
80.35 4.2743955
80.36 4.2714319
80.37 4.2685161
80.38 4.2656003
80.39 4.2626845
80.4 4.2598165
80.41 4.2569246
80.42 4.2540805
80.43 4.2512364
80.44 4.2484162
80.45 4.245596
80.46 4.2427997
80.47 4.2400034
80.48 4.237231
80.49 4.2344825
80.5 4.231734
80.51 4.2290094
80.52 4.2262848
80.53 4.2235841
80.54 4.2209073
80.55 4.2182305
80.56 4.2155776
80.57 4.2129247
80.58 4.2102957
80.59 4.2076906
80.6 4.2050855
80.61 4.2024804
80.62 4.1998992
80.63 4.1973419
80.64 4.1948085
80.65 4.1922751
80.66 4.1897417
80.67 4.1872322
80.68 4.1847466
80.69 4.182261
80.7 4.1797993
80.71 4.1773376
80.72 4.1748998
80.73 4.172462
80.74 4.1700481
80.75 4.1676342
80.76 4.1652681
80.77 4.1628781
80.78 4.160512
80.79 4.1581698
80.8 4.1558276
80.81 4.1535093
80.82 4.151191
80.83 4.1488966
80.84 4.1466022
80.85 4.1443317
80.86 4.1420851
80.87 4.1398385
80.88 4.1375919
80.89 4.1353692
80.9 4.1331704
80.91 4.1309716
80.92 4.1287967
80.93 4.1266218
80.94 4.1244469
80.95 4.1223198
80.96 4.1201688
80.97 4.1180417
80.98 4.1159385
80.99 4.1138353
81.0 4.111756
81.01 4.1096767
81.02 4.1076213
81.03 4.1055659
81.04 4.1035344
81.05 4.1015029
81.06 4.0994953
81.07 4.0974877
81.08 4.095504
81.09 4.0935203
81.1 4.0915605
81.11 4.0896007
81.12 4.0876648
81.13 4.0857289
81.14 4.0838169
81.15 4.0819049
81.16 4.0800168
81.17 4.0781287
81.18 4.0762645
81.19 4.0744003
81.2 4.0725361
81.21 4.0706958
81.22 4.0688794
81.23 4.067063
81.24 4.0652466
81.25 4.0634541
81.26 4.0616855
81.27 4.0599169
81.28 4.0581483
81.29 4.0564036
81.3 4.0546589
81.31 4.0529381
81.32 4.0512173
81.33 4.0495204
81.34 4.0478235
81.35 4.0461266
81.36 4.0444536
81.37 4.0428045
81.38 4.0411554
81.39 4.0395063
81.4 4.0378811
81.41 4.0362559
81.42 4.0346546
81.43 4.0330533
81.44 4.031452
81.45 4.0298746
81.46 4.0283211
81.47 4.0267437
81.48 4.0252141
81.49 4.0236606
81.5 4.022131
81.51 4.0206253
81.52 4.0191196
81.53 4.0176139
81.54 4.0161321
81.55 4.0146503
81.56 4.0131924
81.57 4.0117345
81.58 4.0103005
81.59 4.0088665
81.6 4.0074325
81.61 4.0060224
81.62 4.0046123
81.63 4.0032022
81.64 4.001816
81.65 4.0004537
81.66 3.9990675
81.67 3.9977291
81.68 3.9963668
81.69 3.9950284
81.7 3.99369
81.71 3.9923755
81.72 3.991061
81.73 3.9897704
81.74 3.9884798
81.75 3.9871892
81.76 3.9859225
81.77 3.9846558
81.78 3.9833891
81.79 3.9821463
81.8 3.9809035
81.81 3.9796846
81.82 3.9784657
81.83 3.9772468
81.84 3.9760518
81.85 3.9748568
81.86 3.9736618
81.87 3.9724907
81.88 3.9713196
81.89 3.9701724
81.9 3.9690252
81.91 3.967878
81.92 3.9667308
81.93 3.9656075
81.94 3.9645081
81.95 3.9633848
81.96 3.9622854
81.97 3.9612099
81.98 3.9601344
81.99 3.9590589
82.0 3.9579834
82.01 3.9569318
82.02 3.9558802
82.03 3.9548286
82.04 3.9538009
82.05 3.9527732
82.06 3.9517694
82.07 3.9507656
82.08 3.9497618
82.09 3.948758
82.1 3.9477781
82.11 3.9467982
82.12 3.9458183
82.13 3.9448623
82.14 3.9439063
82.15 3.9429742
82.16 3.9420182
82.17 3.94111
82.18 3.9401779
82.19 3.9392697
82.2 3.9383615
82.21 3.9374533
82.22 3.9365451
82.23 3.9356608
82.24 3.9348004
82.25 3.9339161
82.26 3.9330557
82.27 3.9321953
82.28 3.9313588
82.29 3.9304984
82.3 3.9296619
82.31 3.9288493
82.32 3.9280128
82.33 3.9272002
82.34 3.9263876
82.35 3.9255989
82.36 3.9248102
82.37 3.9240215
82.38 3.9232328
82.39 3.922468
82.4 3.9216793
82.41 3.9209384
82.42 3.9201736
82.43 3.9194327
82.44 3.9186918
82.45 3.9179509
82.46 3.9172339
82.47 3.9165169
82.48 3.9157999
82.49 3.9150829
82.5 3.9143898
82.51 3.9136967
82.52 3.9130036
82.53 3.9123344
82.54 3.9116413
82.55 3.910996
82.56 3.9103268
82.57 3.9096815
82.58 3.9090123
82.59 3.9083909
82.6 3.9077456
82.61 3.9071242
82.62 3.9065028
82.63 3.9058814
82.64 3.9052839
82.65 3.9046625
82.66 3.904065
82.67 3.9034914
82.68 3.9028939
82.69 3.9023203
82.7 3.9017467
82.71 3.901197
82.72 3.9006473
82.73 3.9000976
82.74 3.8995479
82.75 3.8989982
82.76 3.8984724
82.77 3.8979466
82.78 3.8974208
82.79 3.8969189
82.8 3.896417
82.81 3.8959151
82.82 3.8954132
82.83 3.8949352
82.84 3.8944333
82.85 3.8939792
82.86 3.8935012
82.87 3.8930471
82.88 3.892593
82.89 3.8921389
82.9 3.8916848
82.91 3.8912546
82.92 3.8908244
82.93 3.8903942
82.94 3.889964
82.95 3.8895577
82.96 3.8891514
82.97 3.8887451
82.98 3.8883627
82.99 3.8879564
83.0 3.887574
83.01 3.8872155
83.02 3.8868331
83.03 3.8864746
83.04 3.8861161
83.05 3.8857576
83.06 3.885423
83.07 3.8850884
83.08 3.8847538
83.09 3.8844192
83.1 3.8840846
83.11 3.8837739
83.12 3.8834632
83.13 3.8831525
83.14 3.8828657
83.15 3.8825789
83.16 3.8822921
83.17 3.8820053
83.18 3.8817185
83.19 3.8814556
83.2 3.8811927
83.21 3.8809298
83.22 3.8806908
83.23 3.8804279
83.24 3.8801889
83.25 3.8799738
83.26 3.8797348
83.27 3.8795197
83.28 3.8793046
83.29 3.8790895
83.3 3.8788744
83.31 3.8786832
83.32 3.878492
83.33 3.8783008
83.34 3.8781096
83.35 3.8779423
83.36 3.877775
83.37 3.8776077
83.38 3.8774404
83.39 3.877297
83.4 3.8771536
83.41 3.8770102
83.42 3.8768668
83.43 3.8767473
83.44 3.8766039
83.45 3.8764844
83.46 3.8763649
83.47 3.8762693
83.48 3.8761737
83.49 3.8760542
83.5 3.8759825
83.51 3.8758869
83.52 3.8758152
83.53 3.8757196
83.54 3.8756718
83.55 3.8756001
83.56 3.8755284
83.57 3.8754806
83.58 3.8754328
83.59 3.875385
83.6 3.8753611
83.61 3.8753133
83.62 3.8752894
83.63 3.8752655
83.64 3.8752655
83.65 3.8752416
83.66 3.8752416
83.67 3.8752416
83.68 3.8752416
83.69 3.8752655
83.7 3.8752894
83.71 3.8752894
83.72 3.8753372
83.73 3.8753611
83.74 3.875385
83.75 3.8754328
83.76 3.8754806
83.77 3.8755523
83.78 3.8756001
83.79 3.8756718
83.8 3.8757435
83.81 3.8758152
83.82 3.8758869
83.83 3.8759825
83.84 3.8760542
83.85 3.8761498
83.86 3.8762454
83.87 3.8763649
83.88 3.8764605
83.89 3.87658
83.9 3.8766995
83.91 3.8768429
83.92 3.8769624
83.93 3.8771058
83.94 3.8772492
83.95 3.8773926
83.96 3.877536
83.97 3.8777033
83.98 3.8778467
83.99 3.878014
84.0 3.8782052
84.01 3.8783725
84.02 3.8785398
84.03 3.878731
84.04 3.8789222
84.05 3.8791134
84.06 3.8793285
84.07 3.8795197
84.08 3.8797348
84.09 3.8799499
84.1 3.8801889
84.11 3.880404
84.12 3.880643
84.13 3.8808581
84.14 3.881121
84.15 3.88136
84.16 3.881599
84.17 3.8818619
84.18 3.8821248
84.19 3.8823877
84.2 3.8826506
84.21 3.8829135
84.22 3.8832003
84.23 3.8834871
84.24 3.8837739
84.25 3.8840607
84.26 3.8843714
84.27 3.8846582
84.28 3.8849689
84.29 3.8852796
84.3 3.8855903
84.31 3.8859249
84.32 3.8862356
84.33 3.8865702
84.34 3.8869048
84.35 3.8872394
84.36 3.8875979
84.37 3.8879325
84.38 3.888291
84.39 3.8886495
84.4 3.889008
84.41 3.8893904
84.42 3.8897489
84.43 3.8901313
84.44 3.8905137
84.45 3.8908961
84.46 3.8912785
84.47 3.8916848
84.48 3.8920672
84.49 3.8924735
84.5 3.8928798
84.51 3.89331
84.52 3.8937163
84.53 3.8941465
84.54 3.8945528
84.55 3.894983
84.56 3.8954371
84.57 3.8958673
84.58 3.8962975
84.59 3.8967516
84.6 3.8972057
84.61 3.8976598
84.62 3.8981139
84.63 3.8985919
84.64 3.899046
84.65 3.899524
84.66 3.900002
84.67 3.90048
84.68 3.9009819
84.69 3.9014599
84.7 3.9019618
84.71 3.9024637
84.72 3.9029656
84.73 3.9034675
84.74 3.9039694
84.75 3.9044952
84.76 3.905021
84.77 3.9055229
84.78 3.9060726
84.79 3.9065984
84.8 3.9071242
84.81 3.9076739
84.82 3.9082236
84.83 3.9087733
84.84 3.909323
84.85 3.9098727
84.86 3.9104224
84.87 3.910996
84.88 3.9115696
84.89 3.9121432
84.9 3.9127168
84.91 3.9132904
84.92 3.9138879
84.93 3.9144615
84.94 3.915059
84.95 3.9156565
84.96 3.916254
84.97 3.9168515
84.98 3.9174729
84.99 3.9180943
85.0 3.9186918
85.01 3.9193132
85.02 3.9199346
85.03 3.9205799
85.04 3.9212013
85.05 3.9218466
85.06 3.9224919
85.07 3.9231133
85.08 3.9237825
85.09 3.9244278
85.1 3.9250731
85.11 3.9257423
85.12 3.9263876
85.13 3.9270568
85.14 3.927726
85.15 3.9284191
85.16 3.9290883
85.17 3.9297575
85.18 3.9304506
85.19 3.9311437
85.2 3.9318368
85.21 3.9325299
85.22 3.933223
85.23 3.93394
85.24 3.9346331
85.25 3.9353501
85.26 3.9360671
85.27 3.9367841
85.28 3.9375011
85.29 3.9382181
85.3 3.938959
85.31 3.9396999
85.32 3.9404169
85.33 3.9411578
85.34 3.9418987
85.35 3.9426635
85.36 3.9434044
85.37 3.9441692
85.38 3.9449101
85.39 3.9456749
85.4 3.9464397
85.41 3.9472045
85.42 3.9479693
85.43 3.948758
85.44 3.9495228
85.45 3.9503115
85.46 3.9511002
85.47 3.9518889
85.48 3.9526776
85.49 3.9534663
85.5 3.9542789
85.51 3.9550676
85.52 3.9558802
85.53 3.9566928
85.54 3.9575054
85.55 3.958318
85.56 3.9591306
85.57 3.9599432
85.58 3.9607797
85.59 3.9615923
85.6 3.9624288
85.61 3.9632653
85.62 3.9641018
85.63 3.9649383
85.64 3.9657987
85.65 3.9666352
85.66 3.9674956
85.67 3.9683321
85.68 3.9691925
85.69 3.9700529
85.7 3.9709133
85.71 3.9717976
85.72 3.972658
85.73 3.9735184
85.74 3.9744027
85.75 3.975287
85.76 3.9761713
85.77 3.9770556
85.78 3.9779399
85.79 3.9788242
85.8 3.9797085
85.81 3.9806167
85.82 3.981501
85.83 3.9824092
85.84 3.9833174
85.85 3.9842256
85.86 3.9851338
85.87 3.986042
85.88 3.9869741
85.89 3.9878823
85.9 3.9888144
85.91 3.9897226
85.92 3.9906547
85.93 3.9915868
85.94 3.9925189
85.95 3.993451
85.96 3.9943831
85.97 3.9953391
85.98 3.9962712
85.99 3.9972272
86.0 3.9981832
86.01 3.9991392
86.02 4.0000952
86.03 4.0010512
86.04 4.0020072
86.05 4.0029632
86.06 4.0039192
86.07 4.0048991
86.08 4.005879
86.09 4.006835
86.1 4.0078149
86.11 4.0087948
86.12 4.0097747
86.13 4.0107546
86.14 4.0117584
86.15 4.0127383
86.16 4.0137182
86.17 4.014722
86.18 4.0157258
86.19 4.0167296
86.2 4.0177095
86.21 4.0187133
86.22 4.0197171
86.23 4.0207448
86.24 4.0217486
86.25 4.0227524
86.26 4.0237801
86.27 4.0247839
86.28 4.0258116
86.29 4.0268393
86.3 4.027867
86.31 4.0288947
86.32 4.0299224
86.33 4.0309501
86.34 4.0319778
86.35 4.0330294
86.36 4.0340571
86.37 4.0351087
86.38 4.0361364
86.39 4.037188
86.4 4.0382396
86.41 4.0392912
86.42 4.0403428
86.43 4.0413944
86.44 4.042446
86.45 4.0434976
86.46 4.0445731
86.47 4.0456247
86.48 4.0467002
86.49 4.0477518
86.5 4.0488273
86.51 4.0499028
86.52 4.0509783
86.53 4.0520538
86.54 4.0531293
86.55 4.0542048
86.56 4.0552803
86.57 4.0563797
86.58 4.0574552
86.59 4.0585307
86.6 4.0596301
86.61 4.0607295
86.62 4.061805
86.63 4.0629044
86.64 4.0640038
86.65 4.0651032
86.66 4.0662026
86.67 4.067302
86.68 4.0684014
86.69 4.0695247
86.7 4.0706241
86.71 4.0717235
86.72 4.0728468
86.73 4.0739462
86.74 4.0750695
86.75 4.0761928
86.76 4.0772922
86.77 4.0784155
86.78 4.0795388
86.79 4.0806621
86.8 4.0817854
86.81 4.0829087
86.82 4.0840559
86.83 4.0851792
86.84 4.0863025
86.85 4.0874497
86.86 4.088573
86.87 4.0897202
86.88 4.0908435
86.89 4.0919907
86.9 4.0931379
86.91 4.0942851
86.92 4.0954084
86.93 4.0965556
86.94 4.0977028
86.95 4.09885
86.96 4.0999972
86.97 4.1011683
86.98 4.1023155
86.99 4.1034627
87.0 4.1046338
87.01 4.105781
87.02 4.1069282
87.03 4.1080993
87.04 4.1092704
87.05 4.1104176
87.06 4.1115887
87.07 4.1127598
87.08 4.113907
87.09 4.1150781
87.1 4.1162492
87.11 4.1174203
87.12 4.1185914
87.13 4.1197625
87.14 4.1209336
87.15 4.1221286
87.16 4.1232997
87.17 4.1244708
87.18 4.1256658
87.19 4.1268369
87.2 4.128008
87.21 4.129203
87.22 4.1303741
87.23 4.1315691
87.24 4.1327641
87.25 4.1339352
87.26 4.1351302
87.27 4.1363252
87.28 4.1374963
87.29 4.1386913
87.3 4.1398863
87.31 4.1410813
87.32 4.1422763
87.33 4.1434713
87.34 4.1446663
87.35 4.1458613
87.36 4.1470563
87.37 4.1482752
87.38 4.1494702
87.39 4.1506652
87.4 4.1518602
87.41 4.1530791
87.42 4.1542741
87.43 4.1554691
87.44 4.156688
87.45 4.157883
87.46 4.1591019
87.47 4.1602969
87.48 4.1615158
87.49 4.1627347
87.5 4.1639297
87.51 4.1651486
87.52 4.1663675
87.53 4.1675625
87.54 4.1687814
87.55 4.1700003
87.56 4.1712192
87.57 4.1724381
87.58 4.173657
87.59 4.174852
87.6 4.1760709
87.61 4.1772898
87.62 4.1785087
87.63 4.1797276
87.64 4.1809465
87.65 4.1821654
87.66 4.1834082
87.67 4.1846271
87.68 4.185846
87.69 4.1870649
87.7 4.1882838
87.71 4.1895027
87.72 4.1907455
87.73 4.1919644
87.74 4.1931833
87.75 4.1944022
87.76 4.195645
87.77 4.1968639
87.78 4.1980828
87.79 4.1993256
87.8 4.2005445
87.81 4.2017634
87.82 4.2030062
87.83 4.2042251
87.84 4.2054679
87.85 4.2066868
87.86 4.2079057
87.87 4.2091485
87.88 4.2103674
87.89 4.2116102
87.9 4.2128291
87.91 4.2140719
87.92 4.2152908
87.93 4.2165336
87.94 4.2177764
87.95 4.2189953
87.96 4.2202381
87.97 4.221457
87.98 4.2226998
87.99 4.2239187
88.0 4.2251615
88.01 4.2263804
88.02 4.2276232
88.03 4.228866
88.04 4.2300849
88.05 4.2313277
88.06 4.2325466
88.07 4.2337894
88.08 4.2350322
88.09 4.2362511
88.1 4.2374939
88.11 4.2387128
88.12 4.2399556
88.13 4.2411984
88.14 4.2424173
88.15 4.2436601
88.16 4.244879
88.17 4.2461218
88.18 4.2473646
88.19 4.2485835
88.2 4.2498263
88.21 4.2510452
88.22 4.252288
88.23 4.2535069
88.24 4.2547497
88.25 4.2559925
88.26 4.2572114
88.27 4.2584542
88.28 4.2596731
88.29 4.2609159
88.3 4.2621348
88.31 4.2633776
88.32 4.2645965
88.33 4.2658393
88.34 4.2670582
88.35 4.2682771
88.36 4.2695199
88.37 4.2707388
88.38 4.2719816
88.39 4.2732005
88.4 4.2744194
88.41 4.2756622
88.42 4.2768811
88.43 4.2781
88.44 4.2793428
88.45 4.2805617
88.46 4.2817806
88.47 4.2829995
88.48 4.2842423
88.49 4.2854612
88.5 4.2866801
88.51 4.287899
88.52 4.2891179
88.53 4.2903368
88.54 4.2915557
88.55 4.2927746
88.56 4.2939935
88.57 4.2952363
88.58 4.2964552
88.59 4.2976502
88.6 4.2988691
88.61 4.300088
88.62 4.3013069
88.63 4.3025258
88.64 4.3037447
88.65 4.3049636
88.66 4.3061825
88.67 4.3073775
88.68 4.3085964
88.69 4.3098153
88.7 4.3110342
88.71 4.3122292
88.72 4.3134481
88.73 4.314667
88.74 4.315862
88.75 4.3170809
88.76 4.3182998
88.77 4.3194948
88.78 4.3207137
88.79 4.3219087
88.8 4.3231276
88.81 4.3243226
88.82 4.3255415
88.83 4.3267365
88.84 4.3279315
88.85 4.3291504
88.86 4.3303454
88.87 4.3315404
88.88 4.3327593
88.89 4.3339543
88.9 4.3351493
88.91 4.3363443
88.92 4.3375632
88.93 4.3387582
88.94 4.3399532
88.95 4.3411482
88.96 4.3423432
88.97 4.3435382
88.98 4.3447332
88.99 4.3459282
89.0 4.3471232
89.01 4.3483182
89.02 4.3495132
89.03 4.3507082
89.04 4.3519032
89.05 4.3530982
89.06 4.3542693
89.07 4.3554643
89.08 4.3566593
89.09 4.3578543
89.1 4.3590254
89.11 4.3602204
89.12 4.3614154
89.13 4.3625865
89.14 4.3637815
89.15 4.3649526
89.16 4.3661476
89.17 4.3673187
89.18 4.3685137
89.19 4.3696848
89.2 4.3708798
89.21 4.3720509
89.22 4.373222
89.23 4.374417
89.24 4.3755881
89.25 4.3767592
89.26 4.3779542
89.27 4.3791253
89.28 4.3802964
89.29 4.3814675
89.3 4.3826386
89.31 4.3838097
89.32 4.3849808
89.33 4.3861519
89.34 4.387323
89.35 4.3884941
89.36 4.3896652
89.37 4.3908363
89.38 4.3920074
89.39 4.3931785
89.4 4.3943496
89.41 4.3954968
89.42 4.3966679
89.43 4.397839
89.44 4.3989862
89.45 4.4001573
89.46 4.4013284
89.47 4.4024756
89.48 4.4036467
89.49 4.4047939
89.5 4.405965
89.51 4.4071122
89.52 4.4082833
89.53 4.4094305
89.54 4.4105777
89.55 4.4117488
89.56 4.412896
89.57 4.4140432
89.58 4.4151904
89.59 4.4163615
89.6 4.4175087
89.61 4.4186559
89.62 4.4198031
89.63 4.4209503
89.64 4.4220975
89.65 4.4232447
89.66 4.4243919
89.67 4.4255391
89.68 4.4266863
89.69 4.4278335
89.7 4.4289568
89.71 4.430104
89.72 4.4312512
89.73 4.4323984
89.74 4.4335217
89.75 4.4346689
89.76 4.4357922
89.77 4.4369394
89.78 4.4380627
89.79 4.4392099
89.8 4.4403332
89.81 4.4414804
89.82 4.4426037
89.83 4.4437509
89.84 4.4448742
89.85 4.4459975
89.86 4.4471208
89.87 4.4482441
89.88 4.4493913
89.89 4.4505146
89.9 4.4516379
89.91 4.4527612
89.92 4.4538845
89.93 4.4550078
89.94 4.4561311
89.95 4.4572544
89.96 4.4583538
89.97 4.4594771
89.98 4.4606004
89.99 4.4617237
90.0 4.4628231
90.01 4.4639464
90.02 4.4650697
90.03 4.4661691
90.04 4.4672924
90.05 4.4683918
90.06 4.4695151
90.07 4.4706145
90.08 4.4717378
90.09 4.4728372
90.1 4.4739366
90.11 4.475036
90.12 4.4761593
90.13 4.4772587
90.14 4.4783581
90.15 4.4794575
90.16 4.4805569
90.17 4.4816563
90.18 4.4827557
90.19 4.4838551
90.2 4.4849545
90.21 4.4860539
90.22 4.4871533
90.23 4.4882288
90.24 4.4893282
90.25 4.4904276
90.26 4.4915031
90.27 4.4926025
90.28 4.493678
90.29 4.4947774
90.3 4.4958529
90.31 4.4969523
90.32 4.4980278
90.33 4.4991272
90.34 4.5002027
90.35 4.5012782
90.36 4.5023537
90.37 4.5034531
90.38 4.5045286
90.39 4.5056041
90.4 4.5066796
90.41 4.5077551
90.42 4.5088306
90.43 4.5099061
90.44 4.5109816
90.45 4.5120332
90.46 4.5131087
90.47 4.5141842
90.48 4.5152597
90.49 4.5163113
90.5 4.5173868
90.51 4.5184384
90.52 4.5195139
90.53 4.5205655
90.54 4.521641
90.55 4.5226926
90.56 4.5237442
90.57 4.5248197
90.58 4.5258713
90.59 4.5269229
90.6 4.5279745
90.61 4.5290261
90.62 4.5300777
90.63 4.5311532
90.64 4.5321809
90.65 4.5332325
90.66 4.5342841
90.67 4.5353357
90.68 4.5363873
90.69 4.5374389
90.7 4.5384666
90.71 4.5395182
90.72 4.5405459
90.73 4.5415975
90.74 4.5426491
90.75 4.5436768
90.76 4.5447045
90.77 4.5457561
90.78 4.5467838
90.79 4.5478115
90.8 4.5488392
90.81 4.5498908
90.82 4.5509185
90.83 4.5519462
90.84 4.5529739
90.85 4.5540016
90.86 4.5550293
90.87 4.556057
90.88 4.5570608
90.89 4.5580885
90.9 4.5591162
90.91 4.56012
90.92 4.5611477
90.93 4.5621754
90.94 4.5631792
90.95 4.5642069
90.96 4.5652107
90.97 4.5662145
90.98 4.5672422
90.99 4.568246
91.0 4.5692498
91.01 4.5702536
91.02 4.5712574
91.03 4.5722851
91.04 4.5732889
91.05 4.5742927
91.06 4.5752726
91.07 4.5762764
91.08 4.5772802
91.09 4.578284
91.1 4.5792878
91.11 4.5802677
91.12 4.5812715
91.13 4.5822514
91.14 4.5832552
91.15 4.5842351
91.16 4.5852389
91.17 4.5862188
91.18 4.5871987
91.19 4.5881786
91.2 4.5891824
91.21 4.5901623
91.22 4.5911422
91.23 4.5921221
91.24 4.593102
91.25 4.5940819
91.26 4.5950618
91.27 4.5960178
91.28 4.5969977
91.29 4.5979776
91.3 4.5989336
91.31 4.5999135
91.32 4.6008934
91.33 4.6018494
91.34 4.6028054
91.35 4.6037853
91.36 4.6047413
91.37 4.6056973
91.38 4.6066772
91.39 4.6076332
91.4 4.6085892
91.41 4.6095452
91.42 4.6105012
91.43 4.6114572
91.44 4.6124132
91.45 4.6133453
91.46 4.6143013
91.47 4.6152573
91.48 4.6162133
91.49 4.6171454
91.5 4.6181014
91.51 4.6190335
91.52 4.6199895
91.53 4.6209216
91.54 4.6218537
91.55 4.6227858
91.56 4.6237418
91.57 4.6246739
91.58 4.625606
91.59 4.6265381
91.6 4.6274702
91.61 4.6284023
91.62 4.6293105
91.63 4.6302426
91.64 4.6311747
91.65 4.6321068
91.66 4.633015
91.67 4.6339471
91.68 4.6348553
91.69 4.6357874
91.7 4.6366956
91.71 4.6376038
91.72 4.6385359
91.73 4.6394441
91.74 4.6403523
91.75 4.6412605
91.76 4.6421687
91.77 4.6430769
91.78 4.6439851
91.79 4.6448933
91.8 4.6458015
91.81 4.6466858
91.82 4.647594
91.83 4.6484783
91.84 4.6493865
91.85 4.6502708
91.86 4.651179
91.87 4.6520633
91.88 4.6529715
91.89 4.6538558
91.9 4.6547401
91.91 4.6556244
91.92 4.6565087
91.93 4.657393
91.94 4.6582773
91.95 4.6591616
91.96 4.6600459
91.97 4.6609063
91.98 4.6617906
91.99 4.6626749
92.0 4.6635353
92.01 4.6644196
92.02 4.66528
92.03 4.6661404
92.04 4.6670247
92.05 4.6678851
92.06 4.6687455
92.07 4.6696059
92.08 4.6704663
92.09 4.6713267
92.1 4.6721871
92.11 4.6730475
92.12 4.6739079
92.13 4.6747444
92.14 4.6756048
92.15 4.6764652
92.16 4.6773017
92.17 4.6781621
92.18 4.6789986
92.19 4.6798351
92.2 4.6806955
92.21 4.681532
92.22 4.6823685
92.23 4.683205
92.24 4.6840415
92.25 4.684878
92.26 4.6857145
92.27 4.686551
92.28 4.6873875
92.29 4.6882001
92.3 4.6890366
92.31 4.6898492
92.32 4.6906857
92.33 4.6914983
92.34 4.6923348
92.35 4.6931474
92.36 4.69396
92.37 4.6947726
92.38 4.6955852
92.39 4.6963978
92.4 4.6972104
92.41 4.698023
92.42 4.6988356
92.43 4.6996482
92.44 4.7004369
92.45 4.7012495
92.46 4.7020382
92.47 4.7028508
92.48 4.7036395
92.49 4.7044521
92.5 4.7052408
92.51 4.7060295
92.52 4.7068182
92.53 4.7076069
92.54 4.7083956
92.55 4.7091843
92.56 4.709973
92.57 4.7107617
92.58 4.7115504
92.59 4.7123152
92.6 4.7131039
92.61 4.7138687
92.62 4.7146574
92.63 4.7154222
92.64 4.716187
92.65 4.7169757
92.66 4.7177405
92.67 4.7185053
92.68 4.7192701
92.69 4.7200349
92.7 4.7207997
92.71 4.7215406
92.72 4.7223054
92.73 4.7230702
92.74 4.7238111
92.75 4.7245759
92.76 4.7253168
92.77 4.7260816
92.78 4.7268225
92.79 4.7275634
92.8 4.7283043
92.81 4.7290452
92.82 4.7297861
92.83 4.730527
92.84 4.7312679
92.85 4.7320088
92.86 4.7327497
92.87 4.7334667
92.88 4.7342076
92.89 4.7349246
92.9 4.7356655
92.91 4.7363825
92.92 4.7371234
92.93 4.7378404
92.94 4.7385574
92.95 4.7392744
92.96 4.7399914
92.97 4.7407084
92.98 4.7414254
92.99 4.7421185
93.0 4.7428355
93.01 4.7435525
93.02 4.7442456
93.03 4.7449626
93.04 4.7456557
93.05 4.7463488
93.06 4.7470658
93.07 4.7477589
93.08 4.748452
93.09 4.7491451
93.1 4.7498382
93.11 4.7505313
93.12 4.7512005
93.13 4.7518936
93.14 4.7525867
93.15 4.7532559
93.16 4.753949
93.17 4.7546182
93.18 4.7552874
93.19 4.7559805
93.2 4.7566497
93.21 4.7573189
93.22 4.7579881
93.23 4.7586573
93.24 4.7593265
93.25 4.7599957
93.26 4.760641
93.27 4.7613102
93.28 4.7619555
93.29 4.7626247
93.3 4.76327
93.31 4.7639392
93.32 4.7645845
93.33 4.7652298
93.34 4.7658751
93.35 4.7665204
93.36 4.7671657
93.37 4.767811
93.38 4.7684563
93.39 4.7690777
93.4 4.769723
93.41 4.7703444
93.42 4.7709897
93.43 4.7716111
93.44 4.7722564
93.45 4.7728778
93.46 4.7734992
93.47 4.7741206
93.48 4.774742
93.49 4.7753634
93.5 4.7759848
93.51 4.7765823
93.52 4.7772037
93.53 4.7778012
93.54 4.7784226
93.55 4.7790201
93.56 4.7796415
93.57 4.780239
93.58 4.7808365
93.59 4.781434
93.6 4.7820315
93.61 4.782629
93.62 4.7832265
93.63 4.783824
93.64 4.7843976
93.65 4.7849951
93.66 4.7855687
93.67 4.7861662
93.68 4.7867398
93.69 4.7873134
93.7 4.7879109
93.71 4.7884845
93.72 4.7890581
93.73 4.7896317
93.74 4.7901814
93.75 4.790755
93.76 4.7913286
93.77 4.7918783
93.78 4.7924519
93.79 4.7930016
93.8 4.7935752
93.81 4.7941249
93.82 4.7946746
93.83 4.7952243
93.84 4.795774
93.85 4.7963237
93.86 4.7968734
93.87 4.7974231
93.88 4.7979489
93.89 4.7984986
93.9 4.7990244
93.91 4.7995741
93.92 4.8000999
93.93 4.8006257
93.94 4.8011515
93.95 4.8017012
93.96 4.802227
93.97 4.8027289
93.98 4.8032547
93.99 4.8037805
94.0 4.8043063
94.01 4.8048082
94.02 4.805334
94.03 4.8058359
94.04 4.8063378
94.05 4.8068397
94.06 4.8073655
94.07 4.8078674
94.08 4.8083454
94.09 4.8088473
94.1 4.8093492
94.11 4.8098511
94.12 4.8103291
94.13 4.810831
94.14 4.811309
94.15 4.8118109
94.16 4.8122889
94.17 4.8127669
94.18 4.8132449
94.19 4.8137229
94.2 4.8142009
94.21 4.8146789
94.22 4.815133
94.23 4.815611
94.24 4.8160651
94.25 4.8165431
94.26 4.8169972
94.27 4.8174513
94.28 4.8179293
94.29 4.8183834
94.3 4.8188375
94.31 4.8192916
94.32 4.8197218
94.33 4.8201759
94.34 4.82063
94.35 4.8210602
94.36 4.8215143
94.37 4.8219445
94.38 4.8223747
94.39 4.8228049
94.4 4.8232351
94.41 4.8236653
94.42 4.8240955
94.43 4.8245257
94.44 4.8249559
94.45 4.8253622
94.46 4.8257924
94.47 4.8261987
94.48 4.8266289
94.49 4.8270352
94.5 4.8274415
94.51 4.8278478
94.52 4.8282541
94.53 4.8286604
94.54 4.8290667
94.55 4.829473
94.56 4.8298554
94.57 4.8302617
94.58 4.8306441
94.59 4.8310265
94.6 4.8314328
94.61 4.8318152
94.62 4.8321976
94.63 4.83258
94.64 4.8329624
94.65 4.8333209
94.66 4.8337033
94.67 4.8340857
94.68 4.8344442
94.69 4.8348027
94.7 4.8351851
94.71 4.8355436
94.72 4.8359021
94.73 4.8362606
94.74 4.8366191
94.75 4.8369776
94.76 4.8373122
94.77 4.8376707
94.78 4.8380053
94.79 4.8383638
94.8 4.8386984
94.81 4.839033
94.82 4.8393915
94.83 4.8397261
94.84 4.8400607
94.85 4.8403714
94.86 4.840706
94.87 4.8410406
94.88 4.8413513
94.89 4.8416859
94.9 4.8419966
94.91 4.8423073
94.92 4.8426419
94.93 4.8429526
94.94 4.8432633
94.95 4.843574
94.96 4.8438608
94.97 4.8441715
94.98 4.8444822
94.99 4.844769
95.0 4.8450558
95.01 4.8453665
95.02 4.8456533
95.03 4.8459401
95.04 4.8462269
95.05 4.8465137
95.06 4.8468005
95.07 4.8470634
95.08 4.8473502
95.09 4.8476131
95.1 4.8478999
95.11 4.8481628
95.12 4.8484257
95.13 4.8486886
95.14 4.8489515
95.15 4.8492144
95.16 4.8494773
95.17 4.8497402
95.18 4.8499792
95.19 4.8502421
95.2 4.8504811
95.21 4.850744
95.22 4.850983
95.23 4.851222
95.24 4.851461
95.25 4.8517
95.26 4.8519151
95.27 4.8521541
95.28 4.8523931
95.29 4.8526082
95.3 4.8528472
95.31 4.8530623
95.32 4.8532774
95.33 4.8534925
95.34 4.8537076
95.35 4.8539227
95.36 4.8541378
95.37 4.854329
95.38 4.8545441
95.39 4.8547353
95.4 4.8549504
95.41 4.8551416
95.42 4.8553328
95.43 4.855524
95.44 4.8557152
95.45 4.8559064
95.46 4.8560976
95.47 4.8562649
95.48 4.8564561
95.49 4.8566234
95.5 4.8567907
95.51 4.8569819
95.52 4.8571492
95.53 4.8573165
95.54 4.8574838
95.55 4.8576272
95.56 4.8577945
95.57 4.8579618
95.58 4.8581052
95.59 4.8582725
95.6 4.8584159
95.61 4.8585593
95.62 4.8587027
95.63 4.8588461
95.64 4.8589895
95.65 4.8591329
95.66 4.8592524
95.67 4.8593958
95.68 4.8595153
95.69 4.8596348
95.7 4.8597782
95.71 4.8598977
95.72 4.8600172
95.73 4.8601367
95.74 4.8602323
95.75 4.8603518
95.76 4.8604713
95.77 4.8605669
95.78 4.8606625
95.79 4.860782
95.8 4.8608776
95.81 4.8609732
95.82 4.8610688
95.83 4.8611405
95.84 4.8612361
95.85 4.8613317
95.86 4.8614034
95.87 4.861499
95.88 4.8615707
95.89 4.8616424
95.9 4.8617141
95.91 4.8617858
95.92 4.8618575
95.93 4.8619053
95.94 4.861977
95.95 4.8620487
95.96 4.8620965
95.97 4.8621443
95.98 4.8621921
95.99 4.8622399
96.0 4.8622877
96.01 4.8623355
96.02 4.8623833
96.03 4.8624311
96.04 4.862455
96.05 4.8624789
96.06 4.8625267
96.07 4.8625506
96.08 4.8625745
96.09 4.8625984
96.1 4.8626223
96.11 4.8626223
96.12 4.8626462
96.13 4.8626701
96.14 4.8626701
96.15 4.8626701
96.16 4.8626701
96.17 4.8626701
96.18 4.8626701
96.19 4.8626701
96.2 4.8626701
96.21 4.8626701
96.22 4.8626462
96.23 4.8626223
96.24 4.8626223
96.25 4.8625984
96.26 4.8625745
96.27 4.8625506
96.28 4.8625267
96.29 4.8624789
96.3 4.862455
96.31 4.8624072
96.32 4.8623833
96.33 4.8623355
96.34 4.8622877
96.35 4.8622399
96.36 4.8621921
96.37 4.8621443
96.38 4.8620726
96.39 4.8620248
96.4 4.8619531
96.41 4.8619053
96.42 4.8618336
96.43 4.8617619
96.44 4.8616902
96.45 4.8616185
96.46 4.8615229
96.47 4.8614512
96.48 4.8613795
96.49 4.8612839
96.5 4.8611883
96.51 4.8610927
96.52 4.8609971
96.53 4.8609015
96.54 4.8608059
96.55 4.8607103
96.56 4.8605908
96.57 4.8604952
96.58 4.8603757
96.59 4.8602801
96.6 4.8601606
96.61 4.8600411
96.62 4.8598977
96.63 4.8597782
96.64 4.8596587
96.65 4.8595153
96.66 4.8593958
96.67 4.8592524
96.68 4.859109
96.69 4.8589656
96.7 4.8588222
96.71 4.8586788
96.72 4.8585354
96.73 4.8583681
96.74 4.8582247
96.75 4.8580574
96.76 4.8578901
96.77 4.8577228
96.78 4.8575555
96.79 4.8573882
96.8 4.8572209
96.81 4.8570536
96.82 4.8568624
96.83 4.8566712
96.84 4.8565039
96.85 4.8563127
96.86 4.8561215
96.87 4.8559303
96.88 4.8557152
96.89 4.855524
96.9 4.8553328
96.91 4.8551177
96.92 4.8549026
96.93 4.8546875
96.94 4.8544963
96.95 4.8542573
96.96 4.8540422
96.97 4.8538271
96.98 4.8535881
96.99 4.853373
97.0 4.853134
97.01 4.852895
97.02 4.852656
97.03 4.852417
97.04 4.852178
97.05 4.851939
97.06 4.8517
97.07 4.8514371
97.08 4.8511742
97.09 4.8509113
97.1 4.8506723
97.11 4.8504094
97.12 4.8501226
97.13 4.8498597
97.14 4.8495968
97.15 4.84931
97.16 4.8490232
97.17 4.8487603
97.18 4.8484735
97.19 4.8481867
97.2 4.8478999
97.21 4.8475892
97.22 4.8473024
97.23 4.8469917
97.24 4.8467049
97.25 4.8463942
97.26 4.8460835
97.27 4.8457728
97.28 4.8454621
97.29 4.8451514
97.3 4.8448168
97.31 4.8445061
97.32 4.8441715
97.33 4.8438369
97.34 4.8435023
97.35 4.8431677
97.36 4.8428331
97.37 4.8424985
97.38 4.84214
97.39 4.8418054
97.4 4.8414469
97.41 4.8410884
97.42 4.8407299
97.43 4.8403714
97.44 4.8400129
97.45 4.8396544
97.46 4.839272
97.47 4.8389135
97.48 4.8385311
97.49 4.8381487
97.5 4.8377663
97.51 4.8373839
97.52 4.8370015
97.53 4.8366191
97.54 4.8362128
97.55 4.8358304
97.56 4.8354241
97.57 4.8350178
97.58 4.8346115
97.59 4.8342052
97.6 4.8337989
97.61 4.8333687
97.62 4.8329624
97.63 4.8325322
97.64 4.832102
97.65 4.8316957
97.66 4.8312655
97.67 4.8308114
97.68 4.8303812
97.69 4.829951
97.7 4.8294969
97.71 4.8290428
97.72 4.8286126
97.73 4.8281585
97.74 4.8277044
97.75 4.8272264
97.76 4.8267723
97.77 4.8262943
97.78 4.8258402
97.79 4.8253622
97.8 4.8248842
97.81 4.8244062
97.82 4.8239282
97.83 4.8234502
97.84 4.8229483
97.85 4.8224464
97.86 4.8219684
97.87 4.8214665
97.88 4.8209646
97.89 4.8204388
97.9 4.8199369
97.91 4.819435
97.92 4.8189092
97.93 4.8183834
97.94 4.8178576
97.95 4.8173318
97.96 4.816806
97.97 4.8162802
97.98 4.8157305
97.99 4.8151808
98.0 4.814655
98.01 4.8141053
98.02 4.8135317
98.03 4.812982
98.04 4.8124323
98.05 4.8118587
98.06 4.8112851
98.07 4.8107354
98.08 4.8101379
98.09 4.8095643
98.1 4.8089907
98.11 4.8083932
98.12 4.8078196
98.13 4.8072221
98.14 4.8066246
98.15 4.8060271
98.16 4.8054057
98.17 4.8048082
98.18 4.8041868
98.19 4.8035654
98.2 4.802944
98.21 4.8023226
98.22 4.8017012
98.23 4.8010798
98.24 4.8004345
98.25 4.7997892
98.26 4.7991439
98.27 4.7984986
98.28 4.7978533
98.29 4.7971841
98.3 4.7965388
98.31 4.7958696
98.32 4.7952004
98.33 4.7945312
98.34 4.793862
98.35 4.7931689
98.36 4.7924758
98.37 4.7918066
98.38 4.7911135
98.39 4.7903965
98.4 4.7897034
98.41 4.7890103
98.42 4.7882933
98.43 4.7875763
98.44 4.7868593
98.45 4.7861423
98.46 4.7854014
98.47 4.7846844
98.48 4.7839435
98.49 4.7832026
98.5 4.7824617
98.51 4.7817208
98.52 4.780956
98.53 4.7802151
98.54 4.7794503
98.55 4.7786855
98.56 4.7779207
98.57 4.777132
98.58 4.7763672
98.59 4.7755785
98.6 4.7747898
98.61 4.7740011
98.62 4.7731885
98.63 4.7723998
98.64 4.7715872
98.65 4.7707746
98.66 4.769962
98.67 4.7691494
98.68 4.7683368
98.69 4.7675003
98.7 4.7666638
98.71 4.7658273
98.72 4.7649908
98.73 4.7641304
98.74 4.7632939
98.75 4.7624335
98.76 4.7615731
98.77 4.7607127
98.78 4.7598284
98.79 4.758968
98.8 4.7580837
98.81 4.7571994
98.82 4.7563151
98.83 4.7554308
98.84 4.7545226
98.85 4.7536144
98.86 4.7527062
98.87 4.751798
98.88 4.7508898
98.89 4.7499577
98.9 4.7490256
98.91 4.7480935
98.92 4.7471614
98.93 4.7462293
98.94 4.7452733
98.95 4.7443173
98.96 4.7433613
98.97 4.7424053
98.98 4.7414493
98.99 4.7404694
99.0 4.7394895
99.01 4.7385096
99.02 4.7375297
99.03 4.7365259
99.04 4.735546
99.05 4.7345422
99.06 4.7335384
99.07 4.7325107
99.08 4.7315069
99.09 4.7304792
99.1 4.7294515
99.11 4.7284238
99.12 4.7273722
99.13 4.7263445
99.14 4.7252929
99.15 4.7242413
99.16 4.7231897
99.17 4.7221142
99.18 4.7210387
99.19 4.7199632
99.2 4.7188877
99.21 4.7178122
99.22 4.7167128
99.23 4.7156134
99.24 4.714514
99.25 4.7134146
99.26 4.7123152
99.27 4.7111919
99.28 4.7100686
99.29 4.7089453
99.3 4.7077981
99.31 4.7066748
99.32 4.7055276
99.33 4.7043804
99.34 4.7032332
99.35 4.7020621
99.36 4.700891
99.37 4.6997199
99.38 4.6985488
99.39 4.6973777
99.4 4.6961827
99.41 4.6949877
99.42 4.6937927
99.43 4.6925738
99.44 4.6913788
99.45 4.6901599
99.46 4.688941
99.47 4.6877221
99.48 4.6864793
99.49 4.6852365
99.5 4.6839937
99.51 4.6827509
99.52 4.6814842
99.53 4.6802414
99.54 4.6789747
99.55 4.6776841
99.56 4.6764174
99.57 4.6751268
99.58 4.6738362
99.59 4.6725456
99.6 4.671255
99.61 4.6699405
99.62 4.668626
99.63 4.6673115
99.64 4.6659731
99.65 4.6646586
99.66 4.6633202
99.67 4.6619579
99.68 4.6606195
99.69 4.6592572
99.7 4.6578949
99.71 4.6565326
99.72 4.6551703
99.73 4.6537841
99.74 4.6523979
99.75 4.6510117
99.76 4.6496255
99.77 4.6482154
99.78 4.6468053
99.79 4.6453952
99.8 4.6439612
99.81 4.6425511
99.82 4.6411171
99.83 4.6396592
99.84 4.6382252
99.85 4.6367673
99.86 4.6353094
99.87 4.6338515
99.88 4.6323697
99.89 4.6309118
99.9 4.62943
99.91 4.6279243
99.92 4.6264425
99.93 4.6249368
99.94 4.6234311
99.95 4.6219015
99.96 4.6203958
99.97 4.6188662
99.98 4.6173366
99.99 4.6157831
100.0 4.6142535
100.01 4.6127
100.02 4.6111226
100.03 4.6095691
100.04 4.6079917
100.05 4.6064143
100.06 4.6048369
100.07 4.6032356
100.08 4.6016343
100.09 4.600033
100.1 4.5984317
100.11 4.5968065
100.12 4.5951813
100.13 4.5935561
100.14 4.5919309
100.15 4.5902818
100.16 4.5886327
100.17 4.5869597
100.18 4.5853106
100.19 4.5836376
100.2 4.5819646
100.21 4.5802677
100.22 4.5785947
100.23 4.5768978
100.24 4.575177
100.25 4.5734801
100.26 4.5717593
100.27 4.5700385
100.28 4.5683177
100.29 4.566573
100.3 4.5648283
100.31 4.5630836
100.32 4.561315
100.33 4.5595464
100.34 4.5577778
100.35 4.5560092
100.36 4.5542167
100.37 4.5524242
100.38 4.5506317
100.39 4.5488153
100.4 4.5469989
100.41 4.5451825
100.42 4.5433661
100.43 4.5415258
100.44 4.5396855
100.45 4.5378452
100.46 4.535981
100.47 4.5341168
100.48 4.5322526
100.49 4.5303884
100.5 4.5285003
100.51 4.5266122
100.52 4.5247002
100.53 4.5228121
100.54 4.5209001
100.55 4.5189642
100.56 4.5170522
100.57 4.5151163
100.58 4.5131804
100.59 4.5112206
100.6 4.5092847
100.61 4.507301
100.62 4.5053412
100.63 4.5033575
100.64 4.5013738
100.65 4.4993901
100.66 4.4973825
100.67 4.4953988
100.68 4.4933673
100.69 4.4913597
100.7 4.4893282
100.71 4.4872967
100.72 4.4852413
100.73 4.4832098
100.74 4.4811544
100.75 4.4790751
100.76 4.4770197
100.77 4.4749404
100.78 4.4728611
100.79 4.4707579
100.8 4.4686547
100.81 4.4665515
100.82 4.4644483
100.83 4.4623212
100.84 4.4601941
100.85 4.458067
100.86 4.455916
100.87 4.453765
100.88 4.451614
100.89 4.449463
100.9 4.4472881
100.91 4.4451132
100.92 4.4429383
100.93 4.4407395
100.94 4.4385407
100.95 4.4363419
100.96 4.4341431
100.97 4.4319204
100.98 4.4296977
100.99 4.427475
101.0 4.4252523
101.01 4.4230057
101.02 4.4207591
101.03 4.4185125
101.04 4.416242
101.05 4.4139715
101.06 4.411701
101.07 4.4094305
101.08 4.4071361
101.09 4.4048656
101.1 4.4025712
101.11 4.4002529
101.12 4.3979585
101.13 4.3956402
101.14 4.3933219
101.15 4.3909797
101.16 4.3886614
101.17 4.3863192
101.18 4.3839531
101.19 4.3816109
101.2 4.3792448
101.21 4.3769026
101.22 4.3745126
101.23 4.3721465
101.24 4.3697565
101.25 4.3673904
101.26 4.3650004
101.27 4.3625865
101.28 4.3601965
101.29 4.3577826
101.3 4.3553687
101.31 4.3529309
101.32 4.350517
101.33 4.3480792
101.34 4.3456414
101.35 4.3432036
101.36 4.3407658
101.37 4.3383041
101.38 4.3358424
101.39 4.3333807
101.4 4.3308951
101.41 4.3284334
101.42 4.3259478
101.43 4.3234622
101.44 4.3209766
101.45 4.3184671
101.46 4.3159815
101.47 4.313472
101.48 4.3109625
101.49 4.3084291
101.5 4.3059196
101.51 4.3033862
101.52 4.3008528
101.53 4.2983194
101.54 4.295786
101.55 4.2932287
101.56 4.2906714
101.57 4.2881141
101.58 4.2855568
101.59 4.2829995
101.6 4.2804183
101.61 4.2778371
101.62 4.2752559
101.63 4.2726747
101.64 4.2700935
101.65 4.2674884
101.66 4.2648833
101.67 4.2622782
101.68 4.2596731
101.69 4.257068
101.7 4.254439
101.71 4.2518339
101.72 4.2492049
101.73 4.2465759
101.74 4.243923
101.75 4.241294
101.76 4.2386411
101.77 4.2359882
101.78 4.2333353
101.79 4.2306824
101.8 4.2280295
101.81 4.2253527
101.82 4.2226759
101.83 4.2199991
101.84 4.2173223
101.85 4.2146455
101.86 4.2119687
101.87 4.209268
101.88 4.2065673
101.89 4.2038666
101.9 4.2011659
101.91 4.1984652
101.92 4.1957645
101.93 4.1930399
101.94 4.1903153
101.95 4.1875907
101.96 4.1848661
101.97 4.1821415
101.98 4.1794169
101.99 4.1766684
102.0 4.1739199
102.01 4.1711714
102.02 4.1684229
102.03 4.1656744
102.04 4.1629259
102.05 4.1601535
102.06 4.157405
102.07 4.1546326
102.08 4.1518602
102.09 4.1490878
102.1 4.1463154
102.11 4.143543
102.12 4.1407467
102.13 4.1379504
102.14 4.135178
102.15 4.1323817
102.16 4.1295854
102.17 4.1267891
102.18 4.1239689
102.19 4.1211726
102.2 4.1183524
102.21 4.1155561
102.22 4.1127359
102.23 4.1099157
102.24 4.1070955
102.25 4.1042753
102.26 4.1014312
102.27 4.098611
102.28 4.0957669
102.29 4.0929228
102.3 4.0901026
102.31 4.0872585
102.32 4.0844144
102.33 4.0815464
102.34 4.0787023
102.35 4.0758582
102.36 4.0729902
102.37 4.0701461
102.38 4.0672781
102.39 4.0644101
102.4 4.0615421
102.41 4.0586741
102.42 4.0558061
102.43 4.0529142
102.44 4.0500462
102.45 4.0471782
102.46 4.0442863
102.47 4.0413944
102.48 4.0385264
102.49 4.0356345
102.5 4.0327426
102.51 4.0298507
102.52 4.0269349
102.53 4.024043
102.54 4.0211511
102.55 4.0182353
102.56 4.0153434
102.57 4.0124276
102.58 4.0095118
102.59 4.0066199
102.6 4.0037041
102.61 4.0007883
102.62 3.9978725
102.63 3.9949328
102.64 3.992017
102.65 3.9891012
102.66 3.9861854
102.67 3.9832457
102.68 3.9803299
102.69 3.9773902
102.7 3.9744505
102.71 3.9715108
102.72 3.968595
102.73 3.9656553
102.74 3.9627156
102.75 3.9597759
102.76 3.9568362
102.77 3.9538726
102.78 3.9509329
102.79 3.9479932
102.8 3.9450296
102.81 3.9420899
102.82 3.9391502
102.83 3.9361866
102.84 3.933223
102.85 3.9302833
102.86 3.9273197
102.87 3.9243561
102.88 3.9213925
102.89 3.9184528
102.9 3.9154892
102.91 3.9125256
102.92 3.909562
102.93 3.9065984
102.94 3.9036109
102.95 3.9006473
102.96 3.8976837
102.97 3.8947201
102.98 3.8917565
102.99 3.888769
103.0 3.8858054
103.01 3.8828179
103.02 3.8798543
103.03 3.8768668
103.04 3.8739032
103.05 3.8709157
103.06 3.8679521
103.07 3.8649646
103.08 3.862001
103.09 3.8590135
103.1 3.856026
103.11 3.8530385
103.12 3.8500749
103.13 3.8470874
103.14 3.8440999
103.15 3.8411124
103.16 3.8381249
103.17 3.8351613
103.18 3.8321738
103.19 3.8291863
103.2 3.8261988
103.21 3.8232113
103.22 3.8202238
103.23 3.8172363
103.24 3.8142488
103.25 3.8112613
103.26 3.8082738
103.27 3.8052863
103.28 3.8022988
103.29 3.7993113
103.3 3.7963238
103.31 3.7933363
103.32 3.7903488
103.33 3.7873613
103.34 3.7843738
103.35 3.7813863
103.36 3.7783988
103.37 3.7754113
103.38 3.7724238
103.39 3.7694363
103.4 3.7664488
103.41 3.7634613
103.42 3.7604738
103.43 3.7574863
103.44 3.7544988
103.45 3.7515113
103.46 3.7485238
103.47 3.7455363
103.48 3.7425488
103.49 3.7395613
103.5 3.7365738
103.51 3.7336102
103.52 3.7306227
103.53 3.7276352
103.54 3.7246477
103.55 3.7216602
103.56 3.7186966
103.57 3.7157091
103.58 3.7127216
103.59 3.709758
103.6 3.7067705
103.61 3.7038069
103.62 3.7008194
103.63 3.6978319
103.64 3.6948683
103.65 3.6919047
103.66 3.6889172
103.67 3.6859536
103.68 3.6829661
103.69 3.6800025
103.7 3.6770389
103.71 3.6740753
103.72 3.6711117
103.73 3.6681242
103.74 3.6651606
103.75 3.662197
103.76 3.6592334
103.77 3.6562698
103.78 3.6533062
103.79 3.6503665
103.8 3.6474029
103.81 3.6444393
103.82 3.6414757
103.83 3.638536
103.84 3.6355724
103.85 3.6326327
103.86 3.6296691
103.87 3.6267294
103.88 3.6237658
103.89 3.6208261
103.9 3.6178864
103.91 3.6149228
103.92 3.6119831
103.93 3.6090434
103.94 3.6061037
103.95 3.603164
103.96 3.6002243
103.97 3.5972846
103.98 3.5943449
103.99 3.5914052
104.0 3.5884655
104.01 3.5855497
104.02 3.58261
104.03 3.5796703
104.04 3.5767545
104.05 3.5738148
104.06 3.570899
104.07 3.5679593
104.08 3.5650435
104.09 3.5621277
104.1 3.559188
104.11 3.5562722
104.12 3.5533564
104.13 3.5504406
104.14 3.5475248
104.15 3.544609
104.16 3.5416932
104.17 3.5387774
104.18 3.5358616
104.19 3.5329458
104.2 3.5300539
104.21 3.5271381
104.22 3.5242223
104.23 3.5213304
104.24 3.5184146
104.25 3.5155227
104.26 3.5126069
104.27 3.509715
104.28 3.5068231
104.29 3.5039312
104.3 3.5010154
104.31 3.4981235
104.32 3.4952316
104.33 3.4923397
104.34 3.4894478
104.35 3.4865798
104.36 3.4836879
104.37 3.480796
104.38 3.4779041
104.39 3.4750361
104.4 3.4721442
104.41 3.4692762
104.42 3.4663843
104.43 3.4635163
104.44 3.4606244
104.45 3.4577564
104.46 3.4548884
104.47 3.4520204
104.48 3.4491524
104.49 3.4462844
104.5 3.4434164
104.51 3.4405484
104.52 3.4376804
104.53 3.4348124
104.54 3.4319683
104.55 3.4291003
104.56 3.4262323
104.57 3.4233882
104.58 3.4205202
104.59 3.4176761
104.6 3.414832
104.61 3.411964
104.62 3.4091199
104.63 3.4062758
104.64 3.4034317
104.65 3.4005876
104.66 3.3977435
104.67 3.3948994
104.68 3.3920553
104.69 3.3892351
104.7 3.386391
104.71 3.3835469
104.72 3.3807267
104.73 3.3778826
104.74 3.3750624
104.75 3.3722422
104.76 3.3693981
104.77 3.3665779
104.78 3.3637577
104.79 3.3609375
104.8 3.3581173
104.81 3.3552971
104.82 3.3524769
104.83 3.3496567
104.84 3.3468604
104.85 3.3440402
104.86 3.34122
104.87 3.3384237
104.88 3.3356035
104.89 3.3328072
104.9 3.3300109
104.91 3.3271907
104.92 3.3243944
104.93 3.3215981
104.94 3.3188018
104.95 3.3160055
104.96 3.3132092
104.97 3.3104368
104.98 3.3076405
104.99 3.3048442
105.0 3.3020718
105.01 3.2992755
105.02 3.2965031
105.03 3.2937068
105.04 3.2909344
105.05 3.288162
105.06 3.2853657
105.07 3.2825933
105.08 3.2798209
105.09 3.2770485
105.1 3.2743
105.11 3.2715276
105.12 3.2687552
105.13 3.2659828
105.14 3.2632343
105.15 3.2604619
105.16 3.2577134
105.17 3.2549649
105.18 3.2521925
105.19 3.249444
105.2 3.2466955
105.21 3.243947
105.22 3.2411985
105.23 3.23845
105.24 3.2357015
105.25 3.2329769
105.26 3.2302284
105.27 3.2274799
105.28 3.2247553
105.29 3.2220307
105.3 3.2192822
105.31 3.2165576
105.32 3.213833
105.33 3.2111084
105.34 3.2083838
105.35 3.2056592
105.36 3.2029346
105.37 3.20021
105.38 3.1974854
105.39 3.1947847
105.4 3.1920601
105.41 3.1893594
105.42 3.1866348
105.43 3.1839341
105.44 3.1812334
105.45 3.1785327
105.46 3.175832
105.47 3.1731313
105.48 3.1704306
105.49 3.1677299
105.5 3.1650292
105.51 3.1623524
105.52 3.1596517
105.53 3.1569749
105.54 3.1542742
105.55 3.1515974
105.56 3.1489206
105.57 3.1462438
105.58 3.1435431
105.59 3.1408902
105.6 3.1382134
105.61 3.1355366
105.62 3.1328598
105.63 3.130183
105.64 3.1275301
105.65 3.1248533
105.66 3.1222004
105.67 3.1195475
105.68 3.1168946
105.69 3.1142178
105.7 3.1115649
105.71 3.1089359
105.72 3.106283
105.73 3.1036301
105.74 3.1009772
105.75 3.0983482
105.76 3.0956953
105.77 3.0930663
105.78 3.0904134
105.79 3.0877844
105.8 3.0851554
105.81 3.0825264
105.82 3.0798974
105.83 3.0772684
105.84 3.0746394
105.85 3.0720343
105.86 3.0694053
105.87 3.0667763
105.88 3.0641712
105.89 3.0615661
105.9 3.0589371
105.91 3.056332
105.92 3.0537269
105.93 3.0511218
105.94 3.0485167
105.95 3.0459116
105.96 3.0433304
105.97 3.0407253
105.98 3.0381441
105.99 3.035539
106.0 3.0329578
106.01 3.0303766
106.02 3.0277715
106.03 3.0251903
106.04 3.0226091
106.05 3.0200518
106.06 3.0174706
106.07 3.0148894
106.08 3.0123082
106.09 3.0097509
106.1 3.0071936
106.11 3.0046124
106.12 3.0020551
106.13 2.9994978
106.14 2.9969405
106.15 2.9943832
106.16 2.9918259
106.17 2.9892925
106.18 2.9867352
106.19 2.9841779
106.2 2.9816445
106.21 2.9791111
106.22 2.9765538
106.23 2.9740204
106.24 2.971487
106.25 2.9689536
106.26 2.9664202
106.27 2.9639107
106.28 2.9613773
106.29 2.9588439
106.3 2.9563344
106.31 2.9538249
106.32 2.9512915
106.33 2.948782
106.34 2.9462725
106.35 2.943763
106.36 2.9412535
106.37 2.9387679
106.38 2.9362584
106.39 2.9337489
106.4 2.9312633
106.41 2.9287538
106.42 2.9262682
106.43 2.9237826
106.44 2.921297
106.45 2.9188114
106.46 2.9163258
106.47 2.9138641
106.48 2.9113785
106.49 2.9088929
106.5 2.9064312
106.51 2.9039695
106.52 2.9014839
106.53 2.8990222
106.54 2.8965605
106.55 2.8940988
106.56 2.8916371
106.57 2.8891993
106.58 2.8867376
106.59 2.8842998
106.6 2.8818381
106.61 2.8794003
106.62 2.8769625
106.63 2.8745247
106.64 2.8720869
106.65 2.8696491
106.66 2.8672113
106.67 2.8647974
106.68 2.8623596
106.69 2.8599457
106.7 2.8575079
106.71 2.855094
106.72 2.8526801
106.73 2.8502662
106.74 2.8478523
106.75 2.8454384
106.76 2.8430245
106.77 2.8406345
106.78 2.8382206
106.79 2.8358306
106.8 2.8334406
106.81 2.8310506
106.82 2.8286606
106.83 2.8262706
106.84 2.8238806
106.85 2.8214906
106.86 2.8191245
106.87 2.8167345
106.88 2.8143684
106.89 2.8120023
106.9 2.8096123
106.91 2.8072462
106.92 2.8048801
106.93 2.8025379
106.94 2.8001718
106.95 2.7978057
106.96 2.7954635
106.97 2.7930974
106.98 2.7907552
106.99 2.788413
107.0 2.7860708
107.01 2.7837286
107.02 2.7813864
107.03 2.7790681
107.04 2.7767259
107.05 2.7743837
107.06 2.7720654
107.07 2.7697471
107.08 2.7674288
107.09 2.7651105
107.1 2.7627922
107.11 2.7604739
107.12 2.7581556
107.13 2.7558612
107.14 2.7535429
107.15 2.7512485
107.16 2.7489302
107.17 2.7466358
107.18 2.7443414
107.19 2.742047
107.2 2.7397765
107.21 2.7374821
107.22 2.7351877
107.23 2.7329172
107.24 2.7306228
107.25 2.7283523
107.26 2.7260818
107.27 2.7238113
107.28 2.7215408
107.29 2.7192703
107.3 2.7170237
107.31 2.7147532
107.32 2.7125066
107.33 2.7102361
107.34 2.7079895
107.35 2.7057429
107.36 2.7034963
107.37 2.7012497
107.38 2.6990031
107.39 2.6967804
107.4 2.6945338
107.41 2.6923111
107.42 2.6900645
107.43 2.6878418
107.44 2.6856191
107.45 2.6833964
107.46 2.6811737
107.47 2.678951
107.48 2.6767522
107.49 2.6745295
107.5 2.6723307
107.51 2.6701319
107.52 2.6679092
107.53 2.6657104
107.54 2.6635116
107.55 2.6613367
107.56 2.6591379
107.57 2.6569391
107.58 2.6547642
107.59 2.6525893
107.6 2.6503905
107.61 2.6482156
107.62 2.6460407
107.63 2.6438658
107.64 2.6416909
107.65 2.6395399
107.66 2.637365
107.67 2.635214
107.68 2.6330391
107.69 2.6308881
107.7 2.6287371
107.71 2.6265861
107.72 2.6244351
107.73 2.622308
107.74 2.620157
107.75 2.6180299
107.76 2.6158789
107.77 2.6137518
107.78 2.6116247
107.79 2.6094976
107.8 2.6073705
107.81 2.6052434
107.82 2.6031163
107.83 2.6010131
107.84 2.598886
107.85 2.5967828
107.86 2.5946796
107.87 2.5925764
107.88 2.5904732
107.89 2.58837
107.9 2.5862668
107.91 2.5841875
107.92 2.5820843
107.93 2.580005
107.94 2.5779018
107.95 2.5758225
107.96 2.5737432
107.97 2.5716639
107.98 2.5696085
107.99 2.5675292
108.0 2.5654499
108.01 2.5633945
108.02 2.5613391
108.03 2.5592598
108.04 2.5572044
108.05 2.555149
108.06 2.5531175
108.07 2.5510621
108.08 2.5490067
108.09 2.5469752
108.1 2.5449198
108.11 2.5428883
108.12 2.5408568
108.13 2.5388253
108.14 2.5367938
108.15 2.5347623
108.16 2.5327547
108.17 2.5307232
108.18 2.5287156
108.19 2.526708
108.2 2.5246765
108.21 2.5226689
108.22 2.5206852
108.23 2.5186776
108.24 2.51667
108.25 2.5146863
108.26 2.5126787
108.27 2.510695
108.28 2.5087113
108.29 2.5067276
108.3 2.5047439
108.31 2.5027602
108.32 2.5007765
108.33 2.4988167
108.34 2.496833
108.35 2.4948732
108.36 2.4929134
108.37 2.4909297
108.38 2.4889699
108.39 2.487034
108.4 2.4850742
108.41 2.4831144
108.42 2.4811785
108.43 2.4792187
108.44 2.4772828
108.45 2.4753469
108.46 2.473411
108.47 2.4714751
108.48 2.4695631
108.49 2.4676272
108.5 2.4656913
108.51 2.4637793
108.52 2.4618673
108.53 2.4599553
108.54 2.4580433
108.55 2.4561313
108.56 2.4542193
108.57 2.4523073
108.58 2.4504192
108.59 2.4485311
108.6 2.4466191
108.61 2.444731
108.62 2.4428429
108.63 2.4409548
108.64 2.4390906
108.65 2.4372025
108.66 2.4353144
108.67 2.4334502
108.68 2.431586
108.69 2.4297218
108.7 2.4278576
108.71 2.4259934
108.72 2.4241292
108.73 2.422265
108.74 2.4204247
108.75 2.4185605
108.76 2.4167202
108.77 2.4148799
108.78 2.4130396
108.79 2.4111993
108.8 2.409359
108.81 2.4075426
108.82 2.4057023
108.83 2.4038859
108.84 2.4020695
108.85 2.4002292
108.86 2.3984128
108.87 2.3966203
108.88 2.3948039
108.89 2.3929875
108.9 2.391195
108.91 2.3893786
108.92 2.3875861
108.93 2.3857936
108.94 2.3840011
108.95 2.3822086
108.96 2.3804161
108.97 2.3786475
108.98 2.376855
108.99 2.3750864
109.0 2.3733178
109.01 2.3715492
109.02 2.3697806
109.03 2.368012
109.04 2.3662434
109.05 2.3644748
109.06 2.3627301
109.07 2.3609854
109.08 2.3592168
109.09 2.3574721
109.1 2.3557274
109.11 2.3540066
109.12 2.3522619
109.13 2.3505172
109.14 2.3487964
109.15 2.3470756
109.16 2.3453309
109.17 2.3436101
109.18 2.3418893
109.19 2.3401924
109.2 2.3384716
109.21 2.3367508
109.22 2.3350539
109.23 2.333357
109.24 2.3316362
109.25 2.3299393
109.26 2.3282663
109.27 2.3265694
109.28 2.3248725
109.29 2.3231995
109.3 2.3215026
109.31 2.3198296
109.32 2.3181566
109.33 2.3164836
109.34 2.3148106
109.35 2.3131376
109.36 2.3114885
109.37 2.3098155
109.38 2.3081664
109.39 2.3065173
109.4 2.3048682
109.41 2.3032191
109.42 2.30157
109.43 2.2999209
109.44 2.2982957
109.45 2.2966466
109.46 2.2950214
109.47 2.2933962
109.48 2.291771
109.49 2.2901458
109.5 2.2885206
109.51 2.2869193
109.52 2.2852941
109.53 2.2836928
109.54 2.2820676
109.55 2.2804663
109.56 2.278865
109.57 2.2772637
109.58 2.2756863
109.59 2.274085
109.6 2.2725076
109.61 2.2709063
109.62 2.2693289
109.63 2.2677515
109.64 2.2661741
109.65 2.2645967
109.66 2.2630432
109.67 2.2614658
109.68 2.2599123
109.69 2.2583588
109.7 2.2568053
109.71 2.2552518
109.72 2.2536983
109.73 2.2521448
109.74 2.2505913
109.75 2.2490617
109.76 2.2475321
109.77 2.2459786
109.78 2.244449
109.79 2.2429194
109.8 2.2414137
109.81 2.2398841
109.82 2.2383784
109.83 2.2368488
109.84 2.2353431
109.85 2.2338374
109.86 2.2323317
109.87 2.230826
109.88 2.2293203
109.89 2.2278385
109.9 2.2263328
109.91 2.224851
109.92 2.2233692
109.93 2.2218874
109.94 2.2204056
109.95 2.2189238
109.96 2.217442
109.97 2.2159841
109.98 2.2145023
109.99 2.2130444
110.0 2.2115865
110.01 2.2101286
110.02 2.2086707
110.03 2.2072128
110.04 2.2057549
110.05 2.2043209
110.06 2.2028869
110.07 2.201429
110.08 2.199995
110.09 2.198561
110.1 2.197127
110.11 2.195693
110.12 2.1942829
110.13 2.1928489
110.14 2.1914388
110.15 2.1900287
110.16 2.1885947
110.17 2.1871846
110.18 2.1857745
110.19 2.1843883
110.2 2.1829782
110.21 2.1815681
110.22 2.1801819
110.23 2.1787957
110.24 2.1773856
110.25 2.1759994
110.26 2.1746132
110.27 2.1732509
110.28 2.1718647
110.29 2.1704785
110.3 2.1691162
110.31 2.16773
110.32 2.1663677
110.33 2.1650054
110.34 2.1636431
110.35 2.1622808
110.36 2.1609185
110.37 2.1595562
110.38 2.1582178
110.39 2.1568555
110.4 2.1555171
110.41 2.1541787
110.42 2.1528403
110.43 2.1515019
110.44 2.1501635
110.45 2.1488251
110.46 2.1474867
110.47 2.1461722
110.48 2.1448338
110.49 2.1435193
110.5 2.1422048
110.51 2.1408664
110.52 2.1395519
110.53 2.1382374
110.54 2.1369468
110.55 2.1356323
110.56 2.1343178
110.57 2.1330272
110.58 2.1317127
110.59 2.1304221
110.6 2.1291315
110.61 2.1278409
110.62 2.1265503
110.63 2.1252597
110.64 2.1239691
110.65 2.1227024
110.66 2.1214118
110.67 2.1201212
110.68 2.1188545
110.69 2.1175878
110.7 2.1163211
110.71 2.1150544
110.72 2.1137877
110.73 2.112521
110.74 2.1112543
110.75 2.1099876
110.76 2.1087448
110.77 2.1074781
110.78 2.1062353
110.79 2.1049925
110.8 2.1037497
110.81 2.102483
110.82 2.1012402
110.83 2.1000213
110.84 2.0987785
110.85 2.0975357
110.86 2.0962929
110.87 2.095074
110.88 2.0938551
110.89 2.0926123
110.9 2.0913934
110.91 2.0901745
110.92 2.0889556
110.93 2.0877367
110.94 2.0865178
110.95 2.0852989
110.96 2.0841039
110.97 2.082885
110.98 2.0816661
110.99 2.0804711
111.0 2.0792761
111.01 2.0780572
111.02 2.0768622
111.03 2.0756672
111.04 2.0744722
111.05 2.0732772
111.06 2.0721061
111.07 2.0709111
111.08 2.0697161
111.09 2.068545
111.1 2.06735
111.11 2.0661789
111.12 2.0650078
111.13 2.0638128
111.14 2.0626417
111.15 2.0614706
111.16 2.0602995
111.17 2.0591284
111.18 2.0579812
111.19 2.0568101
111.2 2.055639
111.21 2.0544918
111.22 2.0533207
111.23 2.0521735
111.24 2.0510263
111.25 2.0498552
111.26 2.048708
111.27 2.0475608
111.28 2.0464136
111.29 2.0452664
111.3 2.0441431
111.31 2.0429959
111.32 2.0418487
111.33 2.0407015
111.34 2.0395782
111.35 2.0384549
111.36 2.0373077
111.37 2.0361844
111.38 2.0350611
111.39 2.0339139
111.4 2.0327906
111.41 2.0316673
111.42 2.030544
111.43 2.0294446
111.44 2.0283213
111.45 2.027198
111.46 2.0260747
111.47 2.0249753
111.48 2.023852
111.49 2.0227526
111.5 2.0216532
111.51 2.0205299
111.52 2.0194305
111.53 2.0183311
111.54 2.0172317
111.55 2.0161323
111.56 2.0150329
111.57 2.0139335
111.58 2.0128341
111.59 2.0117347
111.6 2.0106592
111.61 2.0095598
111.62 2.0084604
111.63 2.0073849
111.64 2.0063094
111.65 2.00521
111.66 2.0041345
111.67 2.003059
111.68 2.0019596
111.69 2.0008841
111.7 1.9998086
111.71 1.9987331
111.72 1.9976576
111.73 1.996606
111.74 1.9955305
111.75 1.994455
111.76 1.9933795
111.77 1.9923279
111.78 1.9912524
111.79 1.9902008
111.8 1.9891253
111.81 1.9880737
111.82 1.9869982
111.83 1.9859466
111.84 1.984895
111.85 1.9838434
111.86 1.9827918
111.87 1.9817402
111.88 1.9806886
111.89 1.979637
111.9 1.9785854
111.91 1.9775338
111.92 1.9764822
111.93 1.9754306
111.94 1.9744029
111.95 1.9733513
111.96 1.9722997
111.97 1.971272
111.98 1.9702204
111.99 1.9691927
112.0 1.968165
112.01 1.9671134
112.02 1.9660857
112.03 1.965058
112.04 1.9640303
112.05 1.9630026
112.06 1.961951
112.07 1.9609233
112.08 1.9598956
112.09 1.9588679
112.1 1.9578641
112.11 1.9568364
112.12 1.9558087
112.13 1.954781
112.14 1.9537533
112.15 1.9527495
112.16 1.9517218
112.17 1.950718
112.18 1.9496903
112.19 1.9486865
112.2 1.9476588
112.21 1.946655
112.22 1.9456273
112.23 1.9446235
112.24 1.9436197
112.25 1.942592
112.26 1.9415882
112.27 1.9405844
112.28 1.9395806
112.29 1.9385768
112.3 1.937573
112.31 1.9365692
112.32 1.9355654
112.33 1.9345616
112.34 1.9335578
112.35 1.932554
112.36 1.9315502
112.37 1.9305703
112.38 1.9295665
112.39 1.9285627
112.4 1.9275589
112.41 1.926579
112.42 1.9255752
112.43 1.9245953
112.44 1.9235915
112.45 1.9226116
112.46 1.9216078
112.47 1.9206279
112.48 1.9196241
112.49 1.9186442
112.5 1.9176404
112.51 1.9166605
112.52 1.9156806
112.53 1.9147007
112.54 1.9136969
112.55 1.912717
112.56 1.9117371
112.57 1.9107572
112.58 1.9097773
112.59 1.9087974
112.6 1.9077936
112.61 1.9068137
112.62 1.9058338
112.63 1.9048539
112.64 1.903874
112.65 1.9028941
112.66 1.9019381
112.67 1.9009582
112.68 1.8999783
112.69 1.8989984
112.7 1.8980185
112.71 1.8970386
112.72 1.8960826
112.73 1.8951027
112.74 1.8941228
112.75 1.8931429
112.76 1.8921869
112.77 1.891207
112.78 1.8902271
112.79 1.8892711
112.8 1.8882912
112.81 1.8873113
112.82 1.8863553
112.83 1.8853754
112.84 1.8844194
112.85 1.8834395
112.86 1.8824835
112.87 1.8815036
112.88 1.8805476
112.89 1.8795677
112.9 1.8786117
112.91 1.8776318
112.92 1.8766758
112.93 1.8757198
112.94 1.8747399
112.95 1.8737839
112.96 1.8728279
112.97 1.871848
112.98 1.870892
112.99 1.869936
113.0 1.8689561
113.01 1.8680001
113.02 1.8670441
113.03 1.8660881
113.04 1.8651082
113.05 1.8641522
113.06 1.8631962
113.07 1.8622402
113.08 1.8612842
113.09 1.8603282
113.1 1.8593483
113.11 1.8583923
113.12 1.8574363
113.13 1.8564803
113.14 1.8555243
113.15 1.8545683
113.16 1.8536123
113.17 1.8526563
113.18 1.8517003
113.19 1.8507443
113.2 1.8497883
113.21 1.8488323
113.22 1.8478763
113.23 1.8469203
113.24 1.8459882
113.25 1.8450322
113.26 1.8440762
113.27 1.8431202
113.28 1.8421642
113.29 1.8412082
113.3 1.8402761
113.31 1.8393201
113.32 1.8383641
113.33 1.8374081
113.34 1.836476
113.35 1.83552
113.36 1.834564
113.37 1.8336319
113.38 1.8326759
113.39 1.8317438
113.4 1.8307878
113.41 1.8298318
113.42 1.8288997
113.43 1.8279437
113.44 1.8270116
113.45 1.8260556
113.46 1.8251235
113.47 1.8241675
113.48 1.8232354
113.49 1.8223033
113.5 1.8213473
113.51 1.8204152
113.52 1.8194592
113.53 1.8185271
113.54 1.817595
113.55 1.816639
113.56 1.8157069
113.57 1.8147748
113.58 1.8138427
113.59 1.8128867
113.6 1.8119546
113.61 1.8110225
113.62 1.8100904
113.63 1.8091583
113.64 1.8082023
113.65 1.8072702
113.66 1.8063381
113.67 1.805406
113.68 1.8044739
113.69 1.8035418
113.7 1.8026097
113.71 1.8016776
113.72 1.8007455
113.73 1.7998134
113.74 1.7988813
113.75 1.7979492
113.76 1.7970171
113.77 1.7961089
113.78 1.7951768
113.79 1.7942447
113.8 1.7933126
113.81 1.7923805
113.82 1.7914723
113.83 1.7905402
113.84 1.7896081
113.85 1.788676
113.86 1.7877678
113.87 1.7868357
113.88 1.7859036
113.89 1.7849954
113.9 1.7840633
113.91 1.7831551
113.92 1.782223
113.93 1.7812909
113.94 1.7803827
113.95 1.7794506
113.96 1.7785424
113.97 1.7776342
113.98 1.7767021
113.99 1.7757939
114.0 1.7748618
114.01 1.7739536
114.02 1.7730454
114.03 1.7721133
114.04 1.7712051
114.05 1.7702969
114.06 1.7693648
114.07 1.7684566
114.08 1.7675484
114.09 1.7666402
114.1 1.765732
114.11 1.7648238
114.12 1.7638917
114.13 1.7629835
114.14 1.7620753
114.15 1.7611671
114.16 1.7602589
114.17 1.7593507
114.18 1.7584425
114.19 1.7575343
114.2 1.7566261
114.21 1.7557179
114.22 1.7548097
114.23 1.7539254
114.24 1.7530172
114.25 1.752109
114.26 1.7512008
114.27 1.7502926
114.28 1.7494083
114.29 1.7485001
114.3 1.7475919
114.31 1.7466837
114.32 1.7457994
114.33 1.7448912
114.34 1.743983
114.35 1.7430987
114.36 1.7421905
114.37 1.7413062
114.38 1.740398
114.39 1.7395137
114.4 1.7386055
114.41 1.7377212
114.42 1.736813
114.43 1.7359287
114.44 1.7350444
114.45 1.7341362
114.46 1.7332519
114.47 1.7323676
114.48 1.7314594
114.49 1.7305751
114.5 1.7296908
114.51 1.7288065
114.52 1.7278983
114.53 1.727014
114.54 1.7261297
114.55 1.7252454
114.56 1.7243611
114.57 1.7234768
114.58 1.7225925
114.59 1.7217082
114.6 1.7208239
114.61 1.7199396
114.62 1.7190553
114.63 1.718171
114.64 1.7172867
114.65 1.7164024
114.66 1.7155181
114.67 1.7146577
114.68 1.7137734
114.69 1.7128891
114.7 1.7120048
114.71 1.7111444
114.72 1.7102601
114.73 1.7093758
114.74 1.7085154
114.75 1.7076311
114.76 1.7067707
114.77 1.7058864
114.78 1.7050021
114.79 1.7041417
114.8 1.7032574
114.81 1.702397
114.82 1.7015366
114.83 1.7006523
114.84 1.6997919
114.85 1.6989076
114.86 1.6980472
114.87 1.6971868
114.88 1.6963264
114.89 1.6954421
114.9 1.6945817
114.91 1.6937213
114.92 1.6928609
114.93 1.6920005
114.94 1.6911401
114.95 1.6902558
114.96 1.6893954
114.97 1.688535
114.98 1.6876746
114.99 1.6868142
115.0 1.6859538
115.01 1.6851173
115.02 1.6842569
115.03 1.6833965
115.04 1.6825361
115.05 1.6816757
115.06 1.6808153
115.07 1.6799788
115.08 1.6791184
115.09 1.678258
115.1 1.6774215
115.11 1.6765611
115.12 1.6757007
115.13 1.6748642
115.14 1.6740038
115.15 1.6731673
115.16 1.6723069
115.17 1.6714704
115.18 1.67061
115.19 1.6697735
115.2 1.6689131
115.21 1.6680766
115.22 1.6672401
115.23 1.6663797
115.24 1.6655432
115.25 1.6647067
115.26 1.6638702
115.27 1.6630098
115.28 1.6621733
115.29 1.6613368
115.3 1.6605003
115.31 1.6596638
115.32 1.6588273
115.33 1.6579908
115.34 1.6571543
115.35 1.6563178
115.36 1.6554813
115.37 1.6546448
115.38 1.6538083
115.39 1.6529718
115.4 1.6521592
115.41 1.6513227
115.42 1.6504862
115.43 1.6496497
115.44 1.6488371
115.45 1.6480006
115.46 1.6471641
115.47 1.6463515
115.48 1.645515
115.49 1.6447024
115.5 1.6438659
115.51 1.6430533
115.52 1.6422168
115.53 1.6414042
115.54 1.6405677
115.55 1.6397551
115.56 1.6389425
115.57 1.638106
115.58 1.6372934
115.59 1.6364808
115.6 1.6356682
115.61 1.6348317
115.62 1.6340191
115.63 1.6332065
115.64 1.6323939
115.65 1.6315813
115.66 1.6307687
115.67 1.6299561
115.68 1.6291435
115.69 1.6283309
115.7 1.6275183
115.71 1.6267057
115.72 1.6258931
115.73 1.6251044
115.74 1.6242918
115.75 1.6234792
115.76 1.6226666
115.77 1.6218779
115.78 1.6210653
115.79 1.6202527
115.8 1.619464
115.81 1.6186514
115.82 1.6178627
115.83 1.6170501
115.84 1.6162614
115.85 1.6154488
115.86 1.6146601
115.87 1.6138475
115.88 1.6130588
115.89 1.6122701
115.9 1.6114575
115.91 1.6106688
115.92 1.6098801
115.93 1.6090914
115.94 1.6083027
115.95 1.607514
115.96 1.6067014
115.97 1.6059127
115.98 1.605124
115.99 1.6043353
116.0 1.6035466
116.01 1.6027818
116.02 1.6019931
116.03 1.6012044
116.04 1.6004157
116.05 1.599627
116.06 1.5988383
116.07 1.5980735
116.08 1.5972848
116.09 1.5964961
116.1 1.5957313
116.11 1.5949426
116.12 1.5941778
116.13 1.5933891
116.14 1.5926243
116.15 1.5918595
116.16 1.5910708
116.17 1.590306
116.18 1.5895412
116.19 1.5887525
116.2 1.5879877
116.21 1.5872229
116.22 1.5864581
116.23 1.5856933
116.24 1.5849285
116.25 1.5841637
116.26 1.5833989
116.27 1.5826341
116.28 1.5818693
116.29 1.5811284
116.3 1.5803636
116.31 1.5795988
116.32 1.578834
116.33 1.5780931
116.34 1.5773283
116.35 1.5765874
116.36 1.5758226
116.37 1.5750817
116.38 1.5743408
116.39 1.573576
116.4 1.5728351
116.41 1.5720942
116.42 1.5713533
116.43 1.5706124
116.44 1.5698715
116.45 1.5691306
116.46 1.5683897
116.47 1.5676488
116.48 1.5669079
116.49 1.566167
116.5 1.5654261
116.51 1.5647091
116.52 1.5639682
116.53 1.5632273
116.54 1.5625103
116.55 1.5617694
116.56 1.5610524
116.57 1.5603354
116.58 1.5595945
116.59 1.5588775
116.6 1.5581605
116.61 1.5574435
116.62 1.5567265
116.63 1.5560095
116.64 1.5552925
116.65 1.5545755
116.66 1.5538585
116.67 1.5531415
116.68 1.5524484
116.69 1.5517314
116.7 1.5510144
116.71 1.5503213
116.72 1.5496043
116.73 1.5489112
116.74 1.5482181
116.75 1.5475011
116.76 1.546808
116.77 1.5461149
116.78 1.5454218
116.79 1.5447287
116.8 1.5440356
116.81 1.5433425
116.82 1.5426494
116.83 1.5419563
116.84 1.5412871
116.85 1.540594
116.86 1.5399009
116.87 1.5392317
116.88 1.5385625
116.89 1.5378694
116.9 1.5372002
116.91 1.536531
116.92 1.5358618
116.93 1.5351687
116.94 1.5344995
116.95 1.5338542
116.96 1.533185
116.97 1.5325158
116.98 1.5318466
116.99 1.5311774
117.0 1.5305321
117.01 1.5298629
117.02 1.5292176
117.03 1.5285723
117.04 1.5279031
117.05 1.5272578
117.06 1.5266125
117.07 1.5259672
117.08 1.5253219
117.09 1.5246766
117.1 1.5240313
117.11 1.523386
117.12 1.5227646
117.13 1.5221193
117.14 1.5214979
117.15 1.5208526
117.16 1.5202312
117.17 1.5196098
117.18 1.5189645
117.19 1.5183431
117.2 1.5177217
117.21 1.5171003
117.22 1.5164789
117.23 1.5158575
117.24 1.51526
117.25 1.5146386
117.26 1.5140411
117.27 1.5134197
117.28 1.5128222
117.29 1.5122008
117.3 1.5116033
117.31 1.5110058
117.32 1.5104083
117.33 1.5098108
117.34 1.5092133
117.35 1.5086158
117.36 1.5080422
117.37 1.5074447
117.38 1.5068472
117.39 1.5062736
117.4 1.5057
117.41 1.5051025
117.42 1.5045289
117.43 1.5039553
117.44 1.5033817
117.45 1.5028081
117.46 1.5022345
117.47 1.5016848
117.48 1.5011112
117.49 1.5005376
117.5 1.4999879
117.51 1.4994382
117.52 1.4988646
117.53 1.4983149
117.54 1.4977652
117.55 1.4972155
117.56 1.4966658
117.57 1.4961161
117.58 1.4955903
117.59 1.4950406
117.6 1.4944909
117.61 1.4939651
117.62 1.4934393
117.63 1.4928896
117.64 1.4923638
117.65 1.491838
117.66 1.4913122
117.67 1.4907864
117.68 1.4902845
117.69 1.4897587
117.7 1.4892329
117.71 1.488731
117.72 1.4882291
117.73 1.4877033
117.74 1.4872014
117.75 1.4866995
117.76 1.4861976
117.77 1.4856957
117.78 1.4852177
117.79 1.4847158
117.8 1.4842139
117.81 1.4837359
117.82 1.4832579
117.83 1.482756
117.84 1.482278
117.85 1.4818
117.86 1.481322
117.87 1.4808679
117.88 1.4803899
117.89 1.4799119
117.9 1.4794578
117.91 1.4789798
117.92 1.4785257
117.93 1.4780716
117.94 1.4776175
117.95 1.4771634
117.96 1.4767093
117.97 1.4762552
117.98 1.475825
117.99 1.4753709
118.0 1.4749407
118.01 1.4745105
118.02 1.4740564
118.03 1.4736262
118.04 1.473196
118.05 1.4727897
118.06 1.4723595
118.07 1.4719293
118.08 1.471523
118.09 1.4710928
118.1 1.4706865
118.11 1.4702802
118.12 1.4698739
118.13 1.4694676
118.14 1.4690613
118.15 1.4686789
118.16 1.4682726
118.17 1.4678663
118.18 1.4674839
118.19 1.4671015
118.2 1.4667191
118.21 1.4663367
118.22 1.4659543
118.23 1.4655719
118.24 1.4652134
118.25 1.464831
118.26 1.4644725
118.27 1.4640901
118.28 1.4637316
118.29 1.4633731
118.3 1.4630146
118.31 1.46268
118.32 1.4623215
118.33 1.461963
118.34 1.4616284
118.35 1.4612938
118.36 1.4609592
118.37 1.4606246
118.38 1.46029
118.39 1.4599554
118.4 1.4596208
118.41 1.4593101
118.42 1.4589755
118.43 1.4586648
118.44 1.4583541
118.45 1.4580434
118.46 1.4577327
118.47 1.457422
118.48 1.4571113
118.49 1.4568245
118.5 1.4565377
118.51 1.456227
118.52 1.4559402
118.53 1.4556534
118.54 1.4553666
118.55 1.4551037
118.56 1.4548169
118.57 1.454554
118.58 1.4542672
118.59 1.4540043
118.6 1.4537414
118.61 1.4534785
118.62 1.4532156
118.63 1.4529766
118.64 1.4527137
118.65 1.4524747
118.66 1.4522357
118.67 1.4519728
118.68 1.4517338
118.69 1.4515187
118.7 1.4512797
118.71 1.4510407
118.72 1.4508256
118.73 1.4506105
118.74 1.4503715
118.75 1.4501564
118.76 1.4499652
118.77 1.4497501
118.78 1.449535
118.79 1.4493438
118.8 1.4491526
118.81 1.4489375
118.82 1.4487463
118.83 1.4485551
118.84 1.4483878
118.85 1.4481966
118.86 1.4480293
118.87 1.4478381
118.88 1.4476708
118.89 1.4475035
118.9 1.4473362
118.91 1.4471928
118.92 1.4470255
118.93 1.4468821
118.94 1.4467148
118.95 1.4465714
118.96 1.446428
118.97 1.4462846
118.98 1.4461651
118.99 1.4460217
119.0 1.4459022
119.01 1.4457588
119.02 1.4456393
119.03 1.4455198
119.04 1.4454003
119.05 1.4453047
119.06 1.4451852
119.07 1.4450896
119.08 1.444994
119.09 1.4448984
119.1 1.4448028
119.11 1.4447072
119.12 1.4446116
119.13 1.4445399
119.14 1.4444682
119.15 1.4443965
119.16 1.4443248
119.17 1.4442531
119.18 1.4441814
119.19 1.4441336
119.2 1.4440619
119.21 1.4440141
119.22 1.4439663
119.23 1.4439185
119.24 1.4438707
119.25 1.4438468
119.26 1.443799
119.27 1.4437751
119.28 1.4437512
119.29 1.4437273
119.3 1.4437034
119.31 1.4436795
119.32 1.4436795
119.33 1.4436795
119.34 1.4436556
119.35 1.4436556
119.36 1.4436556
119.37 1.4436795
119.38 1.4436795
119.39 1.4437034
119.4 1.4437273
119.41 1.4437512
119.42 1.4437751
119.43 1.443799
119.44 1.4438229
119.45 1.4438707
119.46 1.4439185
119.47 1.4439663
119.48 1.4440141
119.49 1.4440619
119.5 1.4441097
119.51 1.4441814
119.52 1.4442292
119.53 1.4443009
119.54 1.4443726
119.55 1.4444682
119.56 1.4445399
119.57 1.4446355
119.58 1.4447072
119.59 1.4448028
119.6 1.4448984
119.61 1.444994
119.62 1.4451135
119.63 1.4452091
119.64 1.4453286
119.65 1.4454481
119.66 1.4455676
119.67 1.4456871
119.68 1.4458066
119.69 1.44595
119.7 1.4460934
119.71 1.4462368
119.72 1.4463802
119.73 1.4465236
119.74 1.446667
119.75 1.4468343
119.76 1.4469777
119.77 1.447145
119.78 1.4473123
119.79 1.4475035
119.8 1.4476708
119.81 1.447862
119.82 1.4480293
119.83 1.4482205
119.84 1.4484117
119.85 1.4486268
119.86 1.448818
119.87 1.4490331
119.88 1.4492243
119.89 1.4494394
119.9 1.4496784
119.91 1.4498935
119.92 1.4501086
119.93 1.4503476
119.94 1.4505866
119.95 1.4508256
119.96 1.4510646
119.97 1.4513036
119.98 1.4515665
119.99 1.4518294
120.0 1.4520684
120.01 1.4523552
120.02 1.4526181
120.03 1.452881
120.04 1.4531678
120.05 1.4534546
120.06 1.4537414
120.07 1.4540282
120.08 1.454315
120.09 1.4546018
120.1 1.4549125
120.11 1.4552232
120.12 1.4555339
120.13 1.4558446
120.14 1.4561792
120.15 1.4564899
120.16 1.4568245
120.17 1.4571591
120.18 1.4574937
120.19 1.4578283
120.2 1.4581868
120.21 1.4585214
120.22 1.4588799
120.23 1.4592384
120.24 1.4596208
120.25 1.4599793
120.26 1.4603617
120.27 1.4607202
120.28 1.4611026
120.29 1.461485
120.3 1.4618913
120.31 1.4622737
120.32 1.46268
120.33 1.4630863
120.34 1.4634926
120.35 1.4638989
120.36 1.4643291
120.37 1.4647354
120.38 1.4651656
120.39 1.4655958
120.4 1.466026
120.41 1.4664801
120.42 1.4669103
120.43 1.4673644
120.44 1.4678185
120.45 1.4682726
120.46 1.4687267
120.47 1.4692047
120.48 1.4696827
120.49 1.4701368
120.5 1.4706387
120.51 1.4711167
120.52 1.4715947
120.53 1.4720966
120.54 1.4725985
120.55 1.4731004
120.56 1.4736023
120.57 1.4741281
120.58 1.47463
120.59 1.4751558
120.6 1.4756816
120.61 1.4762074
120.62 1.4767571
120.63 1.4772829
120.64 1.4778326
120.65 1.4783823
120.66 1.478932
120.67 1.4795056
120.68 1.4800553
120.69 1.4806289
120.7 1.4812025
120.71 1.4817761
120.72 1.4823497
120.73 1.4829472
120.74 1.4835447
120.75 1.4841422
120.76 1.4847397
120.77 1.4853372
120.78 1.4859586
120.79 1.4865561
120.8 1.4871775
120.81 1.4878228
120.82 1.4884442
120.83 1.4890656
120.84 1.4897109
120.85 1.4903562
120.86 1.4910015
120.87 1.4916707
120.88 1.492316
120.89 1.4929852
120.9 1.4936544
120.91 1.4943236
120.92 1.4949928
120.93 1.4956859
120.94 1.496379
120.95 1.4970721
120.96 1.4977652
120.97 1.4984583
120.98 1.4991753
120.99 1.4998923
121.0 1.5006093
121.01 1.5013263
121.02 1.5020433
121.03 1.5027842
121.04 1.5035251
121.05 1.504266
121.06 1.5050069
121.07 1.5057478
121.08 1.5065126
121.09 1.5072774
121.1 1.5080422
121.11 1.508807
121.12 1.5095957
121.13 1.5103605
121.14 1.5111492
121.15 1.5119379
121.16 1.5127505
121.17 1.5135392
121.18 1.5143518
121.19 1.5151644
121.2 1.515977
121.21 1.5167896
121.22 1.5176261
121.23 1.5184626
121.24 1.5192991
121.25 1.5201356
121.26 1.5209721
121.27 1.5218325
121.28 1.5226929
121.29 1.5235533
121.3 1.5244137
121.31 1.525298
121.32 1.5261584
121.33 1.5270427
121.34 1.527927
121.35 1.5288352
121.36 1.5297195
121.37 1.5306277
121.38 1.5315359
121.39 1.5324441
121.4 1.5333762
121.41 1.5342844
121.42 1.5352165
121.43 1.5361486
121.44 1.5370807
121.45 1.5380367
121.46 1.5389927
121.47 1.5399487
121.48 1.5409047
121.49 1.5418607
121.5 1.5428406
121.51 1.5437966
121.52 1.5448004
121.53 1.5457803
121.54 1.5467602
121.55 1.547764
121.56 1.5487678
121.57 1.5497716
121.58 1.5507754
121.59 1.5518031
121.6 1.5528308
121.61 1.5538585
121.62 1.5548862
121.63 1.5559378
121.64 1.5569655
121.65 1.5580171
121.66 1.5590687
121.67 1.5601442
121.68 1.5611958
121.69 1.5622713
121.7 1.5633468
121.71 1.5644223
121.72 1.5655217
121.73 1.5666211
121.74 1.5676966
121.75 1.5688199
121.76 1.5699193
121.77 1.5710426
121.78 1.572142
121.79 1.5732892
121.8 1.5744125
121.81 1.5755358
121.82 1.576683
121.83 1.5778302
121.84 1.5789774
121.85 1.5801485
121.86 1.5812957
121.87 1.5824668
121.88 1.5836379
121.89 1.5848329
121.9 1.586004
121.91 1.587199
121.92 1.588394
121.93 1.5896129
121.94 1.5908079
121.95 1.5920268
121.96 1.5932457
121.97 1.5944646
121.98 1.5956835
121.99 1.5969263
122.0 1.5981691
122.01 1.5994119
122.02 1.6006786
122.03 1.6019214
122.04 1.6031881
122.05 1.6044548
122.06 1.6057215
122.07 1.6070121
122.08 1.6083027
122.09 1.6095933
122.1 1.6108839
122.11 1.6121745
122.12 1.613489
122.13 1.6148035
122.14 1.616118
122.15 1.6174564
122.16 1.6187709
122.17 1.6201093
122.18 1.6214477
122.19 1.62281
122.2 1.6241484
122.21 1.6255107
122.22 1.626873
122.23 1.6282353
122.24 1.6296215
122.25 1.6310077
122.26 1.6323939
122.27 1.6337801
122.28 1.6351663
122.29 1.6365764
122.3 1.6379865
122.31 1.6393966
122.32 1.6408306
122.33 1.6422407
122.34 1.6436747
122.35 1.6451087
122.36 1.6465666
122.37 1.6480006
122.38 1.6494585
122.39 1.6509164
122.4 1.6523743
122.41 1.6538561
122.42 1.6553379
122.43 1.6568197
122.44 1.6583015
122.45 1.6597833
122.46 1.661289
122.47 1.6627947
122.48 1.6643004
122.49 1.6658061
122.5 1.6673357
122.51 1.6688653
122.52 1.6703949
122.53 1.6719245
122.54 1.673478
122.55 1.6750315
122.56 1.676585
122.57 1.6781385
122.58 1.679692
122.59 1.6812694
122.6 1.6828468
122.61 1.6844242
122.62 1.6860255
122.63 1.6876029
122.64 1.6892042
122.65 1.6908294
122.66 1.6924307
122.67 1.694032
122.68 1.6956572
122.69 1.6972824
122.7 1.6989315
122.71 1.7005567
122.72 1.7022058
122.73 1.7038549
122.74 1.705504
122.75 1.707177
122.76 1.70885
122.77 1.710523
122.78 1.712196
122.79 1.713869
122.8 1.7155659
122.81 1.7172628
122.82 1.7189597
122.83 1.7206566
122.84 1.7223774
122.85 1.7240982
122.86 1.725819
122.87 1.7275398
122.88 1.7292845
122.89 1.7310053
122.9 1.73275
122.91 1.7345186
122.92 1.7362633
122.93 1.7380319
122.94 1.7398005
122.95 1.7415691
122.96 1.7433377
122.97 1.7451302
122.98 1.7469227
122.99 1.7487152
123.0 1.7505077
123.01 1.7523241
123.02 1.7541405
123.03 1.7559569
123.04 1.7577733
123.05 1.7596136
123.06 1.76143
123.07 1.7632703
123.08 1.7651345
123.09 1.7669748
123.1 1.768839
123.11 1.7707032
123.12 1.7725674
123.13 1.7744316
123.14 1.7763197
123.15 1.7782078
123.16 1.7800959
123.17 1.781984
123.18 1.783896
123.19 1.785808
123.2 1.78772
123.21 1.789632
123.22 1.7915679
123.23 1.7934799
123.24 1.7954158
123.25 1.7973517
123.26 1.7993115
123.27 1.8012713
123.28 1.8032311
123.29 1.8051909
123.3 1.8071507
123.31 1.8091344
123.32 1.8111181
123.33 1.8131018
123.34 1.8150855
123.35 1.8170931
123.36 1.8190768
123.37 1.8211083
123.38 1.8231159
123.39 1.8251235
123.4 1.827155
123.41 1.8291865
123.42 1.831218
123.43 1.8332734
123.44 1.8353049
123.45 1.8373603
123.46 1.8394396
123.47 1.841495
123.48 1.8435743
123.49 1.8456297
123.5 1.847709
123.51 1.8498122
123.52 1.8518915
123.53 1.8539947
123.54 1.8560979
123.55 1.858225
123.56 1.8603282
123.57 1.8624553
123.58 1.8645824
123.59 1.8667095
123.6 1.8688366
123.61 1.8709876
123.62 1.8731386
123.63 1.8752896
123.64 1.8774645
123.65 1.8796155
123.66 1.8817904
123.67 1.8839653
123.68 1.8861402
123.69 1.888339
123.7 1.8905378
123.71 1.8927366
123.72 1.8949354
123.73 1.8971581
123.74 1.8993569
123.75 1.9015796
123.76 1.9038262
123.77 1.9060489
123.78 1.9082955
123.79 1.9105421
123.8 1.9127887
123.81 1.9150353
123.82 1.9173058
123.83 1.9195763
123.84 1.9218468
123.85 1.9241173
123.86 1.9264117
123.87 1.9286822
123.88 1.9309766
123.89 1.9332949
123.9 1.9355893
123.91 1.9379076
123.92 1.9402259
123.93 1.9425442
123.94 1.9448864
123.95 1.9472047
123.96 1.9495469
123.97 1.9518891
123.98 1.9542552
123.99 1.9565974
124.0 1.9589635
124.01 1.9613296
124.02 1.9637196
124.03 1.9660857
124.04 1.9684757
124.05 1.9708657
124.06 1.9732557
124.07 1.9756696
124.08 1.9780596
124.09 1.9804735
124.1 1.9829113
124.11 1.9853252
124.12 1.987763
124.13 1.9902008
124.14 1.9926386
124.15 1.9950764
124.16 1.9975381
124.17 1.9999998
124.18 2.0024615
124.19 2.0049232
124.2 2.0074088
124.21 2.0098705
124.22 2.0123561
124.23 2.0148656
124.24 2.0173512
124.25 2.0198607
124.26 2.0223702
124.27 2.0248797
124.28 2.0274131
124.29 2.0299226
124.3 2.032456
124.31 2.0349894
124.32 2.0375467
124.33 2.0400801
124.34 2.0426374
124.35 2.0451947
124.36 2.0477759
124.37 2.0503332
124.38 2.0529144
124.39 2.0554956
124.4 2.0580768
124.41 2.0606819
124.42 2.0632631
124.43 2.0658682
124.44 2.0684972
124.45 2.0711023
124.46 2.0737313
124.47 2.0763603
124.48 2.0789893
124.49 2.0816183
124.5 2.0842712
124.51 2.0869241
124.52 2.089577
124.53 2.0922299
124.54 2.0949067
124.55 2.0975596
124.56 2.1002364
124.57 2.1029371
124.58 2.1056139
124.59 2.1083146
124.6 2.1110153
124.61 2.113716
124.62 2.1164406
124.63 2.1191413
124.64 2.1218659
124.65 2.1245905
124.66 2.127339
124.67 2.1300636
124.68 2.1328121
124.69 2.1355606
124.7 2.138333
124.71 2.1410815
124.72 2.1438539
124.73 2.1466263
124.74 2.1493987
124.75 2.152195
124.76 2.1549913
124.77 2.1577876
124.78 2.1605839
124.79 2.1633802
124.8 2.1662004
124.81 2.1690206
124.82 2.1718408
124.83 2.174661
124.84 2.1775051
124.85 2.1803492
124.86 2.1831933
124.87 2.1860374
124.88 2.1889054
124.89 2.1917734
124.9 2.1946414
124.91 2.1975094
124.92 2.2004013
124.93 2.2032693
124.94 2.2061612
124.95 2.209077
124.96 2.2119689
124.97 2.2148847
124.98 2.2178005
124.99 2.2207163
125.0 2.2236321
125.01 2.2265718
125.02 2.2295115
125.03 2.2324512
125.04 2.2353909
125.05 2.2383545
125.06 2.2412942
125.07 2.2442817
125.08 2.2472453
125.09 2.2502089
125.1 2.2531964
125.11 2.2561839
125.12 2.2591714
125.13 2.2621828
125.14 2.2651703
125.15 2.2681817
125.16 2.271217
125.17 2.2742284
125.18 2.2772637
125.19 2.2802751
125.2 2.2833343
125.21 2.2863696
125.22 2.2894049
125.23 2.2924641
125.24 2.2955233
125.25 2.2986064
125.26 2.3016656
125.27 2.3047487
125.28 2.3078318
125.29 2.3109149
125.3 2.313998
125.31 2.317105
125.32 2.320212
125.33 2.323319
125.34 2.326426
125.35 2.3295569
125.36 2.3326878
125.37 2.3358187
125.38 2.3389496
125.39 2.3420805
125.4 2.3452353
125.41 2.3483901
125.42 2.3515449
125.43 2.3546997
125.44 2.3578784
125.45 2.3610571
125.46 2.3642358
125.47 2.3674145
125.48 2.3706171
125.49 2.3737958
125.5 2.3769984
125.51 2.380201
125.52 2.3834275
125.53 2.3866301
125.54 2.3898566
125.55 2.3930831
125.56 2.3963335
125.57 2.39956
125.58 2.4028104
125.59 2.4060608
125.6 2.4093112
125.61 2.4125616
125.62 2.4158359
125.63 2.4191102
125.64 2.4223845
125.65 2.4256588
125.66 2.428957
125.67 2.4322313
125.68 2.4355295
125.69 2.4388277
125.7 2.4421498
125.71 2.445448
125.72 2.4487701
125.73 2.4520922
125.74 2.4554143
125.75 2.4587603
125.76 2.4620824
125.77 2.4654284
125.78 2.4687744
125.79 2.4721443
125.8 2.4754903
125.81 2.4788602
125.82 2.4822301
125.83 2.4856
125.84 2.4889938
125.85 2.4923637
125.86 2.4957575
125.87 2.4991513
125.88 2.5025451
125.89 2.5059628
125.9 2.5093566
125.91 2.5127743
125.92 2.516192
125.93 2.5196336
125.94 2.5230513
125.95 2.5264929
125.96 2.5299345
125.97 2.5333761
125.98 2.5368177
125.99 2.5402832
126.0 2.5437487
126.01 2.5472142
126.02 2.5506797
126.03 2.5541452
126.04 2.5576346
126.05 2.561124
126.06 2.5646134
126.07 2.5681028
126.08 2.5716161
126.09 2.5751055
126.1 2.5786188
126.11 2.5821321
126.12 2.5856693
126.13 2.5891826
126.14 2.5927198
126.15 2.596257
126.16 2.5997942
126.17 2.6033314
126.18 2.6068686
126.19 2.6104297
126.2 2.6139908
126.21 2.6175519
126.22 2.6211369
126.23 2.624698
126.24 2.628283
126.25 2.631868
126.26 2.635453
126.27 2.639038
126.28 2.6426469
126.29 2.6462558
126.3 2.6498408
126.31 2.6534736
126.32 2.6570825
126.33 2.6607153
126.34 2.6643242
126.35 2.667957
126.36 2.6715898
126.37 2.6752465
126.38 2.6788793
126.39 2.682536
126.4 2.6861927
126.41 2.6898494
126.42 2.6935061
126.43 2.6971867
126.44 2.7008673
126.45 2.7045479
126.46 2.7082285
126.47 2.7119091
126.48 2.7156136
126.49 2.7192942
126.5 2.7229987
126.51 2.7267032
126.52 2.7304316
126.53 2.7341361
126.54 2.7378645
126.55 2.7415929
126.56 2.7453213
126.57 2.7490497
126.58 2.7527781
126.59 2.7565304
126.6 2.7602827
126.61 2.764035
126.62 2.7677873
126.63 2.7715635
126.64 2.7753158
126.65 2.779092
126.66 2.7828682
126.67 2.7866444
126.68 2.7904445
126.69 2.7942207
126.7 2.7980208
126.71 2.8018209
126.72 2.805621
126.73 2.8094211
126.74 2.8132451
126.75 2.8170691
126.76 2.8208692
126.77 2.8247171
126.78 2.8285411
126.79 2.8323651
126.8 2.836213
126.81 2.8400609
126.82 2.8439088
126.83 2.8477567
126.84 2.8516046
126.85 2.8554764
126.86 2.8593482
126.87 2.86322
126.88 2.8670918
126.89 2.8709636
126.9 2.8748354
126.91 2.8787311
126.92 2.8826268
126.93 2.8865225
126.94 2.8904182
126.95 2.8943378
126.96 2.8982335
126.97 2.9021531
126.98 2.9060727
126.99 2.9099923
127.0 2.9139119
127.01 2.9178554
127.02 2.9217989
127.03 2.9257185
127.04 2.9296859
127.05 2.9336294
127.06 2.9375729
127.07 2.9415403
127.08 2.9454838
127.09 2.9494512
127.1 2.9534186
127.11 2.9574099
127.12 2.9613773
127.13 2.9653686
127.14 2.9693599
127.15 2.9733512
127.16 2.9773425
127.17 2.9813338
127.18 2.985349
127.19 2.9893403
127.2 2.9933555
127.21 2.9973707
127.22 3.0014098
127.23 3.005425
127.24 3.0094641
127.25 3.0134793
127.26 3.0175184
127.27 3.0215575
127.28 3.0256205
127.29 3.0296596
127.3 3.0337226
127.31 3.0377617
127.32 3.0418247
127.33 3.0459116
127.34 3.0499746
127.35 3.0540376
127.36 3.0581245
127.37 3.0622114
127.38 3.0662983
127.39 3.0703852
127.4 3.0744721
127.41 3.0785829
127.42 3.0826698
127.43 3.0867806
127.44 3.0908914
127.45 3.0950022
127.46 3.0991369
127.47 3.1032477
127.48 3.1073824
127.49 3.1115171
127.5 3.1156518
127.51 3.1197865
127.52 3.1239212
127.53 3.1280798
127.54 3.1322145
127.55 3.1363731
127.56 3.1405317
127.57 3.1446903
127.58 3.1488728
127.59 3.1530314
127.6 3.1572139
127.61 3.1613964
127.62 3.1655789
127.63 3.1697614
127.64 3.1739439
127.65 3.1781503
127.66 3.1823328
127.67 3.1865392
127.68 3.1907456
127.69 3.194952
127.7 3.1991584
127.71 3.2033887
127.72 3.207619
127.73 3.2118254
127.74 3.2160557
127.75 3.220286
127.76 3.2245402
127.77 3.2287705
127.78 3.2330247
127.79 3.237255
127.8 3.2415092
127.81 3.2457634
127.82 3.2500176
127.83 3.2542957
127.84 3.2585499
127.85 3.262828
127.86 3.2671061
127.87 3.2713842
127.88 3.2756623
127.89 3.2799404
127.9 3.2842185
127.91 3.2885205
127.92 3.2928225
127.93 3.2971245
127.94 3.3014265
127.95 3.3057285
127.96 3.3100305
127.97 3.3143564
127.98 3.3186823
127.99 3.3229843
128.0 3.3273102
128.01 3.33166
128.02 3.3359859
128.03 3.3403118
128.04 3.3446616
128.05 3.3490114
128.06 3.3533373
128.07 3.3576871
128.08 3.3620608
128.09 3.3664106
128.1 3.3707843
128.11 3.3751341
128.12 3.3795078
128.13 3.3838815
128.14 3.3882552
128.15 3.3926289
128.16 3.3970265
128.17 3.4014002
128.18 3.4057978
128.19 3.4101954
128.2 3.414593
128.21 3.4189906
128.22 3.4233882
128.23 3.4278097
128.24 3.4322073
128.25 3.4366288
128.26 3.4410503
128.27 3.4454718
128.28 3.4499172
128.29 3.4543387
128.3 3.4587841
128.31 3.4632295
128.32 3.4676749
128.33 3.4721203
128.34 3.4765657
128.35 3.481035
128.36 3.4855043
128.37 3.4899497
128.38 3.4944429
128.39 3.4989122
128.4 3.5033815
128.41 3.5078747
128.42 3.5123679
128.43 3.5168611
128.44 3.5213543
128.45 3.5258714
128.46 3.5303885
128.47 3.5349056
128.48 3.5394227
128.49 3.5439398
128.5 3.5484808
128.51 3.5529979
128.52 3.5575389
128.53 3.5620799
128.54 3.5666448
128.55 3.5711858
128.56 3.5757507
128.57 3.5803156
128.58 3.5848805
128.59 3.5894693
128.6 3.5940581
128.61 3.5986469
128.62 3.6032357
128.63 3.6078245
128.64 3.6124372
128.65 3.6170499
128.66 3.6216626
128.67 3.6262753
128.68 3.6309119
128.69 3.6355246
128.7 3.6401851
128.71 3.6448217
128.72 3.6494583
128.73 3.6541188
128.74 3.6587793
128.75 3.6634637
128.76 3.6681242
128.77 3.6728086
128.78 3.677493
128.79 3.6821774
128.8 3.6868857
128.81 3.691594
128.82 3.6963023
128.83 3.7010106
128.84 3.7057428
128.85 3.710475
128.86 3.7152072
128.87 3.7199394
128.88 3.7246955
128.89 3.7294516
128.9 3.7342077
128.91 3.7389877
128.92 3.7437677
128.93 3.7485477
128.94 3.7533277
128.95 3.7581316
128.96 3.7629355
128.97 3.7677394
128.98 3.7725672
128.99 3.777395
129.0 3.7822228
129.01 3.7870506
129.02 3.7919023
129.03 3.796754
129.04 3.8016057
129.05 3.8064813
129.06 3.8113569
129.07 3.8162325
129.08 3.821132
129.09 3.8260315
129.1 3.830931
129.11 3.8358305
129.12 3.8407539
129.13 3.8456773
129.14 3.8506246
129.15 3.855548
129.16 3.8604953
129.17 3.8654665
129.18 3.8704377
129.19 3.8754089
129.2 3.8803801
129.21 3.8853752
129.22 3.8903703
129.23 3.8953654
129.24 3.9003844
129.25 3.9054034
129.26 3.9104224
129.27 3.9154653
129.28 3.9205082
129.29 3.925575
129.3 3.9306179
129.31 3.9356847
129.32 3.9407754
129.33 3.9458661
129.34 3.9509568
129.35 3.9560475
129.36 3.9611621
129.37 3.9663006
129.38 3.9714152
129.39 3.9765537
129.4 3.9816922
129.41 3.9868546
129.42 3.992017
129.43 3.9971794
129.44 4.0023657
129.45 4.007552
129.46 4.0127622
129.47 4.0179724
129.48 4.0231826
129.49 4.0284167
129.5 4.0336508
129.51 4.0388849
129.52 4.0441429
129.53 4.0494009
129.54 4.0546828
129.55 4.0599647
129.56 4.0652466
129.57 4.0705524
129.58 4.0758582
129.59 4.081164
129.6 4.0864937
129.61 4.0918473
129.62 4.097177
129.63 4.1025545
129.64 4.1079081
129.65 4.1132856
129.66 4.1186631
129.67 4.1240645
129.68 4.1294659
129.69 4.1348912
129.7 4.1403165
129.71 4.1457418
129.72 4.151191
129.73 4.1566402
129.74 4.1621133
129.75 4.1675864
129.76 4.1730595
129.77 4.1785565
129.78 4.1840774
129.79 4.1895744
129.8 4.1951192
129.81 4.2006401
129.82 4.2061849
129.83 4.2117536
129.84 4.2173223
129.85 4.222891
129.86 4.2284836
129.87 4.2340762
129.88 4.2396927
129.89 4.2453092
129.9 4.2509496
129.91 4.25659
129.92 4.2622304
129.93 4.2678947
129.94 4.2735829
129.95 4.2792711
129.96 4.2849593
129.97 4.2906714
129.98 4.2963835
129.99 4.3021195
130.0 4.3078555
130.01 4.3136154
130.02 4.3193753
130.03 4.3251352
130.04 4.3309429
130.05 4.3367267
130.06 4.3425344
130.07 4.348366
130.08 4.3541976
130.09 4.3600292
130.1 4.3658847
130.11 4.3717402
130.12 4.3776196
130.13 4.3835229
130.14 4.3894023
130.15 4.3953295
130.16 4.4012567
130.17 4.4071839
130.18 4.413135
130.19 4.4190861
130.2 4.4250611
130.21 4.4310361
130.22 4.437035
130.23 4.4430578
130.24 4.4490806
130.25 4.4551034
130.26 4.4611501
130.27 4.4671968
130.28 4.4732674
130.29 4.479338
130.3 4.4854325
130.31 4.4915509
130.32 4.4976693
130.33 4.5037877
130.34 4.50993
130.35 4.5160962
130.36 4.5222624
130.37 4.5284525
130.38 4.5346426
130.39 4.5408327
130.4 4.5470706
130.41 4.5532846
130.42 4.5595225
130.43 4.5657843
130.44 4.57207
130.45 4.5783557
130.46 4.5846414
130.47 4.590951
130.48 4.5972606
130.49 4.6035941
130.5 4.6099515
130.51 4.6163089
130.52 4.6226902
130.53 4.6290715
130.54 4.6354767
130.55 4.6418819
130.56 4.648311
130.57 4.654764
130.58 4.661217
130.59 4.6676939
130.6 4.6741708
130.61 4.6806716
130.62 4.6871724
130.63 4.6936971
130.64 4.7002218
130.65 4.7067943
130.66 4.7133429
130.67 4.7199154
130.68 4.7265118
130.69 4.7331321
130.7 4.7397524
130.71 4.7463727
130.72 4.7530169
130.73 4.759685
130.74 4.7663531
130.75 4.7730451
130.76 4.779761
130.77 4.7864769
130.78 4.7932167
130.79 4.7999565
130.8 4.8067202
130.81 4.8134839
130.82 4.8202954
130.83 4.827083
130.84 4.8339184
130.85 4.8407538
130.86 4.8475892
130.87 4.8544485
130.88 4.8613317
130.89 4.8682388
130.9 4.8751459
130.91 4.882053
130.92 4.8890079
130.93 4.8959389
130.94 4.9029177
130.95 4.9098965
130.96 4.9168992
130.97 4.9239019
130.98 4.9309285
130.99 4.937979
131.0 4.9450295
131.01 4.9521039
131.02 4.9592022
131.03 4.9663005
131.04 4.9734227
131.05 4.9805449
131.06 4.9877149
131.07 4.994861
131.08 5.0020549
131.09 5.0092488
131.1 5.0164666
131.11 5.0236844
131.12 5.0309261
131.13 5.0381917
131.14 5.0454573
131.15 5.0527468
131.16 5.0600602
131.17 5.0673975
131.18 5.0747348
131.19 5.0820721
131.2 5.0894572
131.21 5.0968423
131.22 5.1042274
131.23 5.1116603
131.24 5.1190932
131.25 5.12655
131.26 5.1340068
131.27 5.1414875
131.28 5.1489921
131.29 5.1564967
131.3 5.1640252
131.31 5.1715776
131.32 5.17913
131.33 5.1867063
131.34 5.1943065
131.35 5.2019306
131.36 5.2095547
131.37 5.2171788
131.38 5.2248507
131.39 5.2325226
131.4 5.2401945
131.41 5.2479142
131.42 5.2556339
131.43 5.2633536
131.44 5.2711211
131.45 5.2788886
131.46 5.2866561
131.47 5.2944714
131.48 5.3022867
131.49 5.310102
131.5 5.3179651
131.51 5.3258282
131.52 5.3336913
131.53 5.3415783
131.54 5.3494892
131.55 5.357424
131.56 5.3653588
131.57 5.3733175
131.58 5.3813001
131.59 5.3892827
131.6 5.3972892
131.61 5.4052957
131.62 5.4133261
131.63 5.4213804
131.64 5.4294586
131.65 5.4375368
131.66 5.4456389
131.67 5.453741
131.68 5.461867
131.69 5.4700169
131.7 5.4781668
131.71 5.4863406
131.72 5.4945383
131.73 5.502736
131.74 5.5109576
131.75 5.5192031
131.76 5.5274486
131.77 5.535718
131.78 5.5440113
131.79 5.5523046
131.8 5.5606218
131.81 5.568939
131.82 5.577304
131.83 5.5856451
131.84 5.594034
131.85 5.6024229
131.86 5.6108357
131.87 5.6192485
131.88 5.6276852
131.89 5.6361458
131.9 5.6446064
131.91 5.6530909
131.92 5.6615993
131.93 5.6701077
131.94 5.67864
131.95 5.6871962
131.96 5.6957524
131.97 5.7043325
131.98 5.7129126
131.99 5.7215166
132.0 5.7301445
132.01 5.7387724
132.02 5.7474242
132.03 5.7560999
132.04 5.7647756
132.05 5.7734752
132.06 5.7821987
132.07 5.7909222
132.08 5.7996696
132.09 5.8084409
132.1 5.8172122
132.11 5.8260074
132.12 5.8348026
132.13 5.8436217
132.14 5.8524647
132.15 5.8613077
132.16 5.8701746
132.17 5.8790654
132.18 5.8879562
132.19 5.8968709
132.2 5.9057856
132.21 5.9147242
132.22 5.9236867
132.23 5.9326731
132.24 5.9416595
132.25 5.9506459
132.26 5.9596801
132.27 5.9686904
132.28 5.9777485
132.29 5.9868066
132.3 5.9958886
132.31 6.0049706
132.32 6.0141004
132.33 6.0232063
132.34 6.03236
132.35 6.0415137
132.36 6.0506674
132.37 6.059845
132.38 6.0690465
132.39 6.0782719
132.4 6.0874973
132.41 6.0967227
132.42 6.1059959
132.43 6.1152691
132.44 6.1245423
132.45 6.1338633
132.46 6.1431604
132.47 6.1525053
132.48 6.1618502
132.49 6.171219
132.5 6.1805878
132.51 6.1899805
132.52 6.1993971
132.53 6.2088137
132.54 6.2182542
132.55 6.2276947
132.56 6.2371591
132.57 6.2466474
132.58 6.2561357
132.59 6.2656479
132.6 6.275184
132.61 6.2847201
132.62 6.2942801
132.63 6.3038401
132.64 6.313424
132.65 6.3230318
132.66 6.3326396
132.67 6.3422713
132.68 6.351903
132.69 6.3615586
132.7 6.3712381
132.71 6.3809176
132.72 6.390621
132.73 6.4003483
132.74 6.4100756
132.75 6.4198268
132.76 6.429578
132.77 6.4393531
132.78 6.4491521
132.79 6.4589511
132.8 6.468774
132.81 6.4786208
132.82 6.4884676
132.83 6.4983144
132.84 6.508209
132.85 6.5181036
132.86 6.5279982
132.87 6.5379167
132.88 6.5478591
132.89 6.5578015
132.9 6.5677678
132.91 6.577758
132.92 6.5877482
132.93 6.5977623
132.94 6.6077764
132.95 6.6178144
132.96 6.6278763
132.97 6.6379382
132.98 6.648024
132.99 6.6581098
133.0 6.6682195
133.01 6.6783531
133.02 6.6884867
133.03 6.6986442
133.04 6.7088017
133.05 6.7189831
133.06 6.7291884
133.07 6.7393937
133.08 6.7496229
133.09 6.759876
133.1 6.7701291
133.11 6.7803822
133.12 6.7906831
133.13 6.8009601
133.14 6.8112849
133.15 6.8216097
133.16 6.8319584
133.17 6.8423071
133.18 6.8526797
133.19 6.8630523
133.2 6.8734488
133.21 6.8838692
133.22 6.8942896
133.23 6.9047339
133.24 6.9151782
133.25 6.9256464
133.26 6.9361385
133.27 6.9466306
133.28 6.9571466
133.29 6.9676865
133.3 6.9782264
133.31 6.9887663
133.32 6.9993301
133.33 7.0099178
133.34 7.0205055
133.35 7.0311171
133.36 7.0417526
133.37 7.0523881
133.38 7.0630475
133.39 7.0737069
133.4 7.0843902
133.41 7.0950974
133.42 7.1058046
133.43 7.1165357
133.44 7.1272668
133.45 7.1380218
133.46 7.1487768
133.47 7.1595557
133.48 7.1703585
133.49 7.1811613
133.5 7.191988
133.51 7.2028147
133.52 7.2136653
133.53 7.2245398
133.54 7.2354143
133.55 7.2463127
133.56 7.2572111
133.57 7.2681334
133.58 7.2790796
133.59 7.2900258
133.6 7.300972
133.61 7.311966
133.62 7.3229361
133.63 7.333954
133.64 7.3449719
133.65 7.3559898
133.66 7.3670316
133.67 7.3780973
133.68 7.3891869
133.69 7.4002526
133.7 7.4113661
133.71 7.4224796
133.72 7.433617
133.73 7.4447544
133.74 7.4559157
133.75 7.467077
133.76 7.4782622
133.77 7.4894713
133.78 7.5006804
133.79 7.5118895
133.8 7.5231464
133.81 7.5343794
133.82 7.5456602
133.83 7.556941
133.84 7.5682218
133.85 7.5795504
133.86 7.5908551
133.87 7.6022076
133.88 7.6135362
133.89 7.6249126
133.9 7.636289
133.91 7.6476654
133.92 7.6590896
133.93 7.6704899
133.94 7.681938
133.95 7.6933622
133.96 7.7048342
133.97 7.7163062
133.98 7.7277782
133.99 7.739298
134.0 7.7507939
134.01 7.7623376
134.02 7.7738574
134.03 7.785425
134.04 7.7969926
134.05 7.8085602
134.06 7.8201756
134.07 7.8317671
134.08 7.8434064
134.09 7.8550218
134.1 7.866685
134.11 7.8783482
134.12 7.8900114
134.13 7.9016985
134.14 7.9134095
134.15 7.9251205
134.16 7.9368554
134.17 7.9485903
134.18 7.9603491
134.19 7.9721318
134.2 7.9839145
134.21 7.9956972
134.22 8.0075038
134.23 8.0193343
134.24 8.0311648
134.25 8.0430192
134.26 8.0548975
134.27 8.0667758
134.28 8.0786541
134.29 8.0905563
134.3 8.1024824
134.31 8.1144085
134.32 8.1263585
134.33 8.1383085
134.34 8.1502824
134.35 8.1622563
134.36 8.1742541
134.37 8.1862758
134.38 8.1982975
134.39 8.2103192
134.4 8.2223887
134.41 8.2344343
134.42 8.2465277
134.43 8.2586211
134.44 8.2707145
134.45 8.2828318
134.46 8.2949491
134.47 8.3071142
134.48 8.3192554
134.49 8.3314205
134.5 8.3436095
134.51 8.3557985
134.52 8.3680114
134.53 8.3802243
134.54 8.3924611
134.55 8.4047218
134.56 8.4169825
134.57 8.4292432
134.58 8.4415517
134.59 8.4538363
134.6 8.4661448
134.61 8.4784772
134.62 8.4908335
134.63 8.5031659
134.64 8.5155461
134.65 8.5279263
134.66 8.5403065
134.67 8.5527106
134.68 8.5651386
134.69 8.5775666
134.7 8.5900185
134.71 8.6024704
134.72 8.6149462
134.73 8.627422
134.74 8.6399217
134.75 8.6524214
134.76 8.664945
134.77 8.6774925
134.78 8.69004
134.79 8.7025875
134.8 8.7151589
134.81 8.7277542
134.82 8.7403495
134.83 8.7529687
134.84 8.7655879
134.85 8.778231
134.86 8.7908741
134.87 8.8035411
134.88 8.816232
134.89 8.828899
134.9 8.8416138
134.91 8.8543286
134.92 8.8670673
134.93 8.879806
134.94 8.8925447
134.95 8.9053073
134.96 8.9180938
134.97 8.9308803
134.98 8.9436907
134.99 8.9565011
135.0 8.9693354
135.01 8.9821936
135.02 8.9950518
135.03 9.00791
135.04 9.0207921
135.05 9.0336742
135.06 9.0466041
135.07 9.0595101
135.08 9.07244
135.09 9.0853938
135.1 9.0983476
135.11 9.1113253
135.12 9.124303
135.13 9.1373046
135.14 9.1503062
135.15 9.1633317
135.16 9.1763572
135.17 9.1894066
135.18 9.202456
135.19 9.2155293
135.2 9.2286265
135.21 9.2417237
135.22 9.2548209
135.23 9.267942
135.24 9.281087
135.25 9.294232
135.26 9.307377
135.27 9.3205459
135.28 9.3337387
135.29 9.3469315
135.3 9.3601482
135.31 9.3733649
135.32 9.3866055
135.33 9.3998461
135.34 9.4131106
135.35 9.4263751
135.36 9.4396635
135.37 9.4529519
135.38 9.4662642
135.39 9.4795765
135.4 9.4929127
135.41 9.5062728
135.42 9.5196329
135.43 9.532993
135.44 9.546377
135.45 9.559761
135.46 9.5731689
135.47 9.5866007
135.48 9.6000325
135.49 9.6134882
135.5 9.6269439
135.51 9.6403996
135.52 9.6538792
135.53 9.6673827
135.54 9.6808862
135.55 9.6944136
135.56 9.707941
135.57 9.7214684
135.58 9.7350436
135.59 9.7485949
135.6 9.7621701
135.61 9.7757692
135.62 9.7893683
135.63 9.8029913
135.64 9.8166143
135.65 9.8302612
135.66 9.8439081
135.67 9.8575789
135.68 9.8712497
135.69 9.8849444
135.7 9.898663
135.71 9.9123577
135.72 9.9261002
135.73 9.9398188
135.74 9.9535852
135.75 9.9673516
135.76 9.981118
135.77 9.9949083
135.78 10.0086986
135.79 10.0225128
135.8 10.036327
135.81 10.0501651
135.82 10.0640271
135.83 10.0778891
135.84 10.0917511
135.85 10.105637
135.86 10.1195229
135.87 10.1334327
135.88 10.1473425
135.89 10.1612762
135.9 10.1752338
135.91 10.1891914
135.92 10.203149
135.93 10.2171305
135.94 10.231112
135.95 10.2451174
135.96 10.2591467
135.97 10.273176
135.98 10.2872053
135.99 10.3012585
136.0 10.3153117
136.01 10.3293888
136.02 10.3434659
136.03 10.3575669
136.04 10.3716918
136.05 10.3858167
136.06 10.3999416
136.07 10.4140904
136.08 10.4282392
136.09 10.4424119
136.1 10.4565846
136.11 10.4707812
136.12 10.4850017
136.13 10.4991983
136.14 10.5134427
136.15 10.5276871
136.16 10.5419315
136.17 10.5561998
136.18 10.5704681
136.19 10.5847603
136.2 10.5990525
136.21 10.6133686
136.22 10.6276847
136.23 10.6420247
136.24 10.6563647
136.25 10.6707286
136.26 10.6850925
136.27 10.6994803
136.28 10.7138681
136.29 10.7282559
136.3 10.7426915
136.31 10.7571032
136.32 10.7715388
136.33 10.7859983
136.34 10.8004578
136.35 10.8149412
136.36 10.8294246
136.37 10.843908
136.38 10.8584153
136.39 10.8729465
136.4 10.8874777
136.41 10.9020089
136.42 10.916564
136.43 10.931143
136.44 10.945722
136.45 10.960301
136.46 10.9749039
136.47 10.9895307
136.48 11.0041336
136.49 11.0187843
136.5 11.033435
136.51 11.0480857
136.52 11.0627603
136.53 11.0774349
136.54 11.0921334
136.55 11.1068319
136.56 11.1215543
136.57 11.1362767
136.58 11.1509991
136.59 11.1657693
136.6 11.1805156
136.61 11.1952858
136.62 11.2100799
136.63 11.224874
136.64 11.2396681
136.65 11.2544861
136.66 11.269328
136.67 11.2841699
136.68 11.2990118
136.69 11.3138776
136.7 11.3287434
136.71 11.3436331
136.72 11.3585467
136.73 11.3734364
136.74 11.3883739
136.75 11.4032875
136.76 11.418225
136.77 11.4331864
136.78 11.4481478
136.79 11.4631331
136.8 11.4781184
136.81 11.4931037
136.82 11.5081129
136.83 11.523146
136.84 11.5381791
136.85 11.5532122
136.86 11.5682692
136.87 11.5833262
136.88 11.5984071
136.89 11.6135119
136.9 11.6285928
136.91 11.6436976
136.92 11.6588263
136.93 11.673955
136.94 11.6891076
136.95 11.7042602
136.96 11.7194128
136.97 11.7345893
136.98 11.7497897
136.99 11.7649901
137.0 11.7801905
137.01 11.7954148
137.02 11.8106391
137.03 11.8258873
137.04 11.8411355
137.05 11.8564076
137.06 11.8716797
137.07 11.8869757
137.08 11.9022717
137.09 11.9175677
137.1 11.9328876
137.11 11.9482314
137.12 11.9635752
137.13 11.978919
137.14 11.9942867
137.15 12.0096544
137.16 12.025046
137.17 12.0404376
137.18 12.0558292
137.19 12.0712686
137.2 12.0866841
137.21 12.1021235
137.22 12.1175868
137.23 12.1330262
137.24 12.1485134
137.25 12.1640006
137.26 12.1794878
137.27 12.1949989
137.28 12.21051
137.29 12.2260211
137.3 12.2415561
137.31 12.257115
137.32 12.2726739
137.33 12.2882328
137.34 12.3038156
137.35 12.3194223
137.36 12.3350051
137.37 12.3506357
137.38 12.3662424
137.39 12.381873
137.4 12.3975275
137.41 12.413182
137.42 12.4288365
137.43 12.4445149
137.44 12.4602172
137.45 12.4758956
137.46 12.4916218
137.47 12.5073241
137.48 12.5230742
137.49 12.5388004
137.5 12.5545505
137.51 12.5703245
137.52 12.5860985
137.53 12.6018725
137.54 12.6176704
137.55 12.6334683
137.56 12.6492901
137.57 12.6651119
137.58 12.6809337
137.59 12.6967794
137.6 12.712649
137.61 12.7285186
137.62 12.7443882
137.63 12.7602817
137.64 12.7761752
137.65 12.7920926
137.66 12.80801
137.67 12.8239274
137.68 12.8398687
137.69 12.8558339
137.7 12.8717752
137.71 12.8877643
137.72 12.9037295
137.73 12.9197425
137.74 12.9357316
137.75 12.9517446
137.76 12.9677815
137.77 12.9838184
137.78 12.9998553
137.79 13.0159161
137.8 13.0319769
137.81 13.0480377
137.82 13.0641224
137.83 13.080231
137.84 13.0963396
137.85 13.1124482
137.86 13.1285807
137.87 13.1447132
137.88 13.1608696
137.89 13.177026
137.9 13.1931824
137.91 13.2093627
137.92 13.2255669
137.93 13.2417711
137.94 13.2579753
137.95 13.2741795
137.96 13.2904315
137.97 13.3066596
137.98 13.3229116
137.99 13.3391636
138.0 13.3554395
138.01 13.3717154
138.02 13.3880152
138.03 13.404315
138.04 13.4206387
138.05 13.4369385
138.06 13.4532861
138.07 13.4696337
138.08 13.4859813
138.09 13.5023289
138.1 13.5187004
138.11 13.5350958
138.12 13.5514912
138.13 13.5678866
138.14 13.5843059
138.15 13.6007252
138.16 13.6171445
138.17 13.6335877
138.18 13.6500548
138.19 13.6665219
138.2 13.682989
138.21 13.69948
138.22 13.715971
138.23 13.732462
138.24 13.7489769
138.25 13.7654918
138.26 13.7820306
138.27 13.7985694
138.28 13.8151321
138.29 13.8316948
138.3 13.8482575
138.31 13.8648441
138.32 13.8814307
138.33 13.8980412
138.34 13.9146517
138.35 13.9312861
138.36 13.9478966
138.37 13.9645549
138.38 13.9812132
138.39 13.9978715
138.4 14.0145298
138.41 14.031212
138.42 14.0479181
138.43 14.0646003
138.44 14.0813303
138.45 14.0980364
138.46 14.1147664
138.47 14.1315203
138.48 14.1482503
138.49 14.1650281
138.5 14.181782
138.51 14.1985598
138.52 14.2153615
138.53 14.2321632
138.54 14.2489649
138.55 14.2657905
138.56 14.2826161
138.57 14.2994417
138.58 14.3162912
138.59 14.3331646
138.6 14.3500141
138.61 14.3668875
138.62 14.3837848
138.63 14.4006821
138.64 14.4175794
138.65 14.4345006
138.66 14.4514218
138.67 14.4683669
138.68 14.485312
138.69 14.5022571
138.7 14.5192261
138.71 14.5361951
138.72 14.5531641
138.73 14.570157
138.74 14.5871738
138.75 14.6041667
138.76 14.6212074
138.77 14.6382242
138.78 14.6552649
138.79 14.6723056
138.8 14.6893702
138.81 14.7064348
138.82 14.7235233
138.83 14.7406118
138.84 14.7577003
138.85 14.7748127
138.86 14.7919251
138.87 14.8090614
138.88 14.8261977
138.89 14.843334
138.9 14.8604942
138.91 14.8776544
138.92 14.8948146
138.93 14.9119987
138.94 14.9291828
138.95 14.9463908
138.96 14.9635988
138.97 14.9808068
138.98 14.9980387
138.99 15.0152945
139.0 15.0325264
139.01 15.0497822
139.02 15.0670619
139.03 15.0843177
139.04 15.1016213
139.05 15.118901
139.06 15.1362046
139.07 15.1535321
139.08 15.1708357
139.09 15.1881632
139.1 15.2055146
139.11 15.222866
139.12 15.2402174
139.13 15.2575927
139.14 15.274968
139.15 15.2923433
139.16 15.3097425
139.17 15.3271417
139.18 15.3445648
139.19 15.3619879
139.2 15.379411
139.21 15.396858
139.22 15.414305
139.23 15.4317759
139.24 15.4492468
139.25 15.4667177
139.26 15.4842125
139.27 15.5017073
139.28 15.5192021
139.29 15.5367208
139.3 15.5542395
139.31 15.5717821
139.32 15.5893247
139.33 15.6068673
139.34 15.6244338
139.35 15.6420003
139.36 15.6595668
139.37 15.6771572
139.38 15.6947476
139.39 15.7123619
139.4 15.7299762
139.41 15.7475905
139.42 15.7652287
139.43 15.7828669
139.44 15.8005051
139.45 15.8181672
139.46 15.8358532
139.47 15.8535153
139.48 15.8712013
139.49 15.8888873
139.5 15.9065972
139.51 15.9243071
139.52 15.9420409
139.53 15.9597747
139.54 15.9775085
139.55 15.9952423
139.56 16.013
139.57 16.0307816
139.58 16.0485393
139.59 16.0663209
139.6 16.0841264
139.61 16.1019319
139.62 16.1197374
139.63 16.1375429
139.64 16.1553723
139.65 16.1732017
139.66 16.191055
139.67 16.2089083
139.68 16.2267616
139.69 16.2446388
139.7 16.262516
139.71 16.2804171
139.72 16.2982943
139.73 16.3162193
139.74 16.3341204
139.75 16.3520454
139.76 16.3699704
139.77 16.3879193
139.78 16.4058682
139.79 16.4238171
139.8 16.4417899
139.81 16.4597627
139.82 16.4777594
139.83 16.4957561
139.84 16.5137528
139.85 16.5317495
139.86 16.5497701
139.87 16.5678146
139.88 16.5858352
139.89 16.6038797
139.9 16.6219242
139.91 16.6399926
139.92 16.658061
139.93 16.6761533
139.94 16.6942217
139.95 16.7123379
139.96 16.7304302
139.97 16.7485464
139.98 16.7666626
139.99 16.7848027
140.0 16.8029189
140.01 16.8210829
140.02 16.839223
140.03 16.857387
140.04 16.8755749
140.05 16.8937389
140.06 16.9119268
140.07 16.9301386
140.08 16.9483265
140.09 16.9665622
140.1 16.984774
140.11 17.0030097
140.12 17.0212454
140.13 17.0394811
140.14 17.0577407
140.15 17.0760003
140.16 17.0942838
140.17 17.1125673
140.18 17.1308508
140.19 17.1491582
140.2 17.1674656
140.21 17.185773
140.22 17.2041043
140.23 17.2224356
140.24 17.2407669
140.25 17.2591221
140.26 17.2774773
140.27 17.2958325
140.28 17.3142116
140.29 17.3325907
140.3 17.3509698
140.31 17.3693728
140.32 17.3877758
140.33 17.4061788
140.34 17.4246057
140.35 17.4430326
140.36 17.4614834
140.37 17.4799103
140.38 17.498385
140.39 17.5168358
140.4 17.5353105
140.41 17.5537852
140.42 17.5722599
140.43 17.5907585
140.44 17.6092571
140.45 17.6277796
140.46 17.6463021
140.47 17.6648246
140.48 17.683371
140.49 17.7018935
140.5 17.7204638
140.51 17.7390102
140.52 17.7575805
140.53 17.7761508
140.54 17.794745
140.55 17.8133392
140.56 17.8319334
140.57 17.8505276
140.58 17.8691457
140.59 17.8877877
140.6 17.9064058
140.61 17.9250478
140.62 17.9436898
140.63 17.9623557
140.64 17.9810216
140.65 17.9996875
140.66 18.0183773
140.67 18.0370432
140.68 18.0557569
140.69 18.0744467
140.7 18.0931604
140.71 18.1118741
140.72 18.1306117
140.73 18.1493493
140.74 18.1680869
140.75 18.1868245
140.76 18.205586
140.77 18.2243475
140.78 18.2431329
140.79 18.2619183
140.8 18.2807037
140.81 18.2994891
140.82 18.3182984
140.83 18.3371077
140.84 18.3559409
140.85 18.3747741
140.86 18.3936073
140.87 18.4124405
140.88 18.4312976
140.89 18.4501547
140.9 18.4690118
140.91 18.4878928
140.92 18.5067738
140.93 18.5256548
140.94 18.5445597
140.95 18.5634646
140.96 18.5823695
140.97 18.6012983
140.98 18.6202271
140.99 18.6391559
141.0 18.6581086
141.01 18.6770613
141.02 18.696014
141.03 18.7149906
141.04 18.7339672
141.05 18.7529438
141.06 18.7719204
141.07 18.7909209
141.08 18.8099214
141.09 18.8289458
141.1 18.8479702
141.11 18.8669946
141.12 18.886019
141.13 18.9050673
141.14 18.9241156
141.15 18.9431639
141.16 18.9622361
141.17 18.9813083
141.18 19.0003805
141.19 19.0194766
141.2 19.0385727
141.21 19.0576688
141.22 19.0767888
141.23 19.0958849
141.24 19.1150288
141.25 19.1341488
141.26 19.1532927
141.27 19.1724366
141.28 19.1915805
141.29 19.2107483
141.3 19.2299161
141.31 19.2490839
141.32 19.2682756
141.33 19.2874673
141.34 19.306659
141.35 19.3258746
141.36 19.3450902
141.37 19.3643058
141.38 19.3835214
141.39 19.4027609
141.4 19.4220004
141.41 19.4412638
141.42 19.4605033
141.43 19.4797667
141.44 19.499054
141.45 19.5183174
141.46 19.5376047
141.47 19.556892
141.48 19.5762032
141.49 19.5955144
141.5 19.6148256
141.51 19.6341368
141.52 19.6534719
141.53 19.672807
141.54 19.6921421
141.55 19.7115011
141.56 19.7308601
141.57 19.7502191
141.58 19.769602
141.59 19.7889849
141.6 19.8083678
141.61 19.8277507
141.62 19.8471575
141.63 19.8665643
141.64 19.8859711
141.65 19.9054018
141.66 19.9248325
141.67 19.9442632
141.68 19.9636939
141.69 19.9831485
141.7 20.0026031
141.71 20.0220816
141.72 20.0415362
141.73 20.0610147
141.74 20.0804932
141.75 20.0999956
141.76 20.119498
141.77 20.1390004
141.78 20.1585028
141.79 20.1780291
141.8 20.1975554
141.81 20.2170817
141.82 20.2366319
141.83 20.2561821
141.84 20.2757323
141.85 20.2953064
141.86 20.3148566
141.87 20.3344307
141.88 20.3540287
141.89 20.3736028
141.9 20.3932008
141.91 20.4127988
141.92 20.4324207
141.93 20.4520426
141.94 20.4716645
141.95 20.4912864
141.96 20.5109322
141.97 20.5305541
141.98 20.5502238
141.99 20.5698696
142.0 20.5895393
142.01 20.609209
142.02 20.6288787
142.03 20.6485723
142.04 20.6682659
142.05 20.6879595
142.06 20.7076531
142.07 20.7273706
142.08 20.7470881
142.09 20.7668056
142.1 20.786547
142.11 20.8062884
142.12 20.8260298
142.13 20.8457712
142.14 20.8655365
142.15 20.8853018
142.16 20.9050671
142.17 20.9248563
142.18 20.9446216
142.19 20.9644108
142.2 20.9842239
142.21 21.0040131
142.22 21.0238262
142.23 21.0436393
142.24 21.0634763
142.25 21.0833133
142.26 21.1031503
142.27 21.1229873
142.28 21.1428243
142.29 21.1626852
142.3 21.1825461
142.31 21.2024309
142.32 21.2222918
142.33 21.2421766
142.34 21.2620614
142.35 21.2819701
142.36 21.3018788
142.37 21.3217875
142.38 21.3416962
142.39 21.3616049
142.4 21.3815375
142.41 21.4014701
142.42 21.4214266
142.43 21.4413592
142.44 21.4613157
142.45 21.4812722
142.46 21.5012526
142.47 21.5212091
142.48 21.5411895
142.49 21.5611938
142.5 21.5811742
142.51 21.6011785
142.52 21.6211828
142.53 21.6411871
142.54 21.6612153
142.55 21.6812196
142.56 21.7012478
142.57 21.7212999
142.58 21.7413281
142.59 21.7613802
142.6 21.7814323
142.61 21.8015083
142.62 21.8215604
142.63 21.8416364
142.64 21.8617124
142.65 21.8818123
142.66 21.9019122
142.67 21.9219882
142.68 21.942112
142.69 21.9622119
142.7 21.9823357
142.71 22.0024595
142.72 22.0225833
142.73 22.042731
142.74 22.0628548
142.75 22.0830025
142.76 22.1031741
142.77 22.1233218
142.78 22.1434934
142.79 22.163665
142.8 22.1838366
142.81 22.2040321
142.82 22.2242276
142.83 22.2444231
142.84 22.2646186
142.85 22.2848141
142.86 22.3050335
142.87 22.3252529
142.88 22.3454962
142.89 22.3657156
142.9 22.3859589
142.91 22.4062022
142.92 22.4264455
142.93 22.4467127
142.94 22.4669799
142.95 22.4872471
142.96 22.5075143
142.97 22.5278054
142.98 22.5480965
142.99 22.5683876
143.0 22.5886787
143.01 22.6089937
143.02 22.6292848
143.03 22.6495998
143.04 22.6699387
143.05 22.6902537
143.06 22.7105926
143.07 22.7309315
143.08 22.7512704
143.09 22.7716332
143.1 22.791996
143.11 22.8123588
143.12 22.8327216
143.13 22.8530844
143.14 22.8734711
143.15 22.8938578
143.16 22.9142445
143.17 22.9346551
143.18 22.9550657
143.19 22.9754763
143.2 22.9958869
143.21 23.0162975
143.22 23.036732
143.23 23.0571665
143.24 23.077601
143.25 23.0980355
143.26 23.1184939
143.27 23.1389523
143.28 23.1594107
143.29 23.1798691
143.3 23.2003514
143.31 23.2208337
143.32 23.241316
143.33 23.2617983
143.34 23.2823045
143.35 23.3027868
143.36 23.323293
143.37 23.3438231
143.38 23.3643293
143.39 23.3848594
143.4 23.4053895
143.41 23.4259196
143.42 23.4464497
143.43 23.4670037
143.44 23.4875577
143.45 23.5081117
143.46 23.5286657
143.47 23.5492436
143.48 23.5698215
143.49 23.5903994
143.5 23.6109773
143.51 23.6315791
143.52 23.652157
143.53 23.6727588
143.54 23.6933606
143.55 23.7139863
143.56 23.7345881
143.57 23.7552138
143.58 23.7758395
143.59 23.7964891
143.6 23.8171148
143.61 23.8377644
143.62 23.858414
143.63 23.8790636
143.64 23.8997371
143.65 23.9203867
143.66 23.9410602
143.67 23.9617337
143.68 23.9824311
143.69 24.0031046
143.7 24.023802
143.71 24.0444994
143.72 24.0651968
143.73 24.0859181
143.74 24.1066155
143.75 24.1273368
143.76 24.1480581
143.77 24.1688033
143.78 24.1895246
143.79 24.2102698
143.8 24.231015
143.81 24.2517602
143.82 24.2725293
143.83 24.2932745
143.84 24.3140436
143.85 24.3348127
143.86 24.3556057
143.87 24.3763748
143.88 24.3971678
143.89 24.4179608
143.9 24.4387538
143.91 24.4595468
143.92 24.4803637
143.93 24.5011806
143.94 24.5219975
143.95 24.5428144
143.96 24.5636552
143.97 24.5844721
143.98 24.6053129
143.99 24.6261537
144.0 24.6470184
144.01 24.6678592
144.02 24.6887239
144.03 24.7095886
144.04 24.7304533
144.05 24.751318
144.06 24.7722066
144.07 24.7930952
144.08 24.8139838
144.09 24.8348724
144.1 24.855761
144.11 24.8766735
144.12 24.897586
144.13 24.9184985
144.14 24.939411
144.15 24.9603235
144.16 24.9812599
144.17 25.0021963
144.18 25.0231327
144.19 25.0440691
144.2 25.0650294
144.21 25.0859897
144.22 25.1069261
144.23 25.1278864
144.24 25.1488706
144.25 25.1698309
144.26 25.1908151
144.27 25.2117993
144.28 25.2327835
144.29 25.2537677
144.3 25.2747758
144.31 25.2957839
144.32 25.3167681
144.33 25.3378001
144.34 25.3588082
144.35 25.3798163
144.36 25.4008483
144.37 25.4218803
144.38 25.4429123
144.39 25.4639443
144.4 25.4850002
144.41 25.5060561
144.42 25.527112
144.43 25.5481679
144.44 25.5692238
144.45 25.5903036
144.46 25.6113595
144.47 25.6324393
144.48 25.6535191
144.49 25.6745989
144.5 25.6957026
144.51 25.7168063
144.52 25.7378861
144.53 25.7590137
144.54 25.7801174
144.55 25.8012211
144.56 25.8223487
144.57 25.8434763
144.58 25.8646039
144.59 25.8857315
144.6 25.9068591
144.61 25.9280106
144.62 25.9491621
144.63 25.9703136
144.64 25.9914651
144.65 26.0126166
144.66 26.033792
144.67 26.0549435
144.68 26.0761189
144.69 26.0972943
144.7 26.1184936
144.71 26.139669
144.72 26.1608683
144.73 26.1820676
144.74 26.2032669
144.75 26.2244662
144.76 26.2456655
144.77 26.2668887
144.78 26.2881119
144.79 26.3093351
144.8 26.3305583
144.81 26.3517815
144.82 26.3730286
144.83 26.3942518
144.84 26.4154989
144.85 26.436746
144.86 26.4579931
144.87 26.4792641
144.88 26.5005112
144.89 26.5217822
144.9 26.5430532
144.91 26.5643242
144.92 26.5856191
144.93 26.6068901
144.94 26.628185
144.95 26.6494799
144.96 26.6707748
144.97 26.6920697
144.98 26.7133646
144.99 26.7346834
145.0 26.7560022
145.01 26.7772971
145.02 26.7986398
145.03 26.8199586
145.04 26.8412774
145.05 26.8626201
145.06 26.8839628
145.07 26.9053055
145.08 26.9266482
145.09 26.9479909
145.1 26.9693575
145.11 26.9907002
145.12 27.0120668
145.13 27.0334334
145.14 27.0548
145.15 27.0761905
145.16 27.0975571
145.17 27.1189476
145.18 27.1403381
145.19 27.1617286
145.2 27.1831191
145.21 27.2045096
145.22 27.225924
145.23 27.2473384
145.24 27.2687289
145.25 27.2901433
145.26 27.3115816
145.27 27.332996
145.28 27.3544343
145.29 27.3758487
145.3 27.397287
145.31 27.4187253
145.32 27.4401636
145.33 27.4616258
145.34 27.4830641
145.35 27.5045263
145.36 27.5259885
145.37 27.5474507
145.38 27.5689129
145.39 27.5903751
145.4 27.6118612
145.41 27.6333473
145.42 27.6548095
145.43 27.6762956
145.44 27.6978056
145.45 27.7192917
145.46 27.7407778
145.47 27.7622878
145.48 27.7837978
145.49 27.8053078
145.5 27.8268178
145.51 27.8483278
145.52 27.8698617
145.53 27.8913717
145.54 27.9129056
145.55 27.9344395
145.56 27.9559734
145.57 27.9775073
145.58 27.9990412
145.59 28.020599
145.6 28.0421568
145.61 28.0637146
145.62 28.0852485
145.63 28.1068302
145.64 28.128388
145.65 28.1499458
145.66 28.1715275
145.67 28.1931092
145.68 28.2146909
145.69 28.2362726
145.7 28.2578543
145.71 28.279436
145.72 28.3010416
145.73 28.3226472
145.74 28.3442289
145.75 28.3658345
145.76 28.3874401
145.77 28.4090696
145.78 28.4306752
145.79 28.4523047
145.8 28.4739103
145.81 28.4955398
145.82 28.5171693
145.83 28.5387988
145.84 28.5604522
145.85 28.5820817
145.86 28.6037351
145.87 28.6253646
145.88 28.647018
145.89 28.6686714
145.9 28.6903487
145.91 28.7120021
145.92 28.7336555
145.93 28.7553328
145.94 28.7770101
145.95 28.7986874
145.96 28.8203647
145.97 28.842042
145.98 28.8637193
145.99 28.8854205
146.0 28.9070978
146.01 28.928799
146.02 28.9505002
146.03 28.9722014
146.04 28.9939026
146.05 29.0156038
146.06 29.0373289
146.07 29.0590301
146.08 29.0807552
146.09 29.1024803
146.1 29.1242054
146.11 29.1459305
146.12 29.1676556
146.13 29.1894046
146.14 29.2111297
146.15 29.2328787
146.16 29.2546277
146.17 29.2763767
146.18 29.2981257
146.19 29.3198747
146.2 29.3416237
146.21 29.3633966
146.22 29.3851456
146.23 29.4069185
146.24 29.4286914
146.25 29.4504643
146.26 29.4722372
146.27 29.4940101
146.28 29.5158069
146.29 29.5375798
146.3 29.5593766
146.31 29.5811734
146.32 29.6029702
146.33 29.624767
146.34 29.6465638
146.35 29.6683606
146.36 29.6901813
146.37 29.7119781
146.38 29.7337988
146.39 29.7556195
146.4 29.7774402
146.41 29.7992609
146.42 29.8210816
146.43 29.8429023
146.44 29.8647469
146.45 29.8865676
146.46 29.9084122
146.47 29.9302568
146.48 29.9521014
146.49 29.973946
146.5 29.9957906
146.51 30.0176352
146.52 30.0395037
146.53 30.0613483
146.54 30.0832168
146.55 30.1050853
146.56 30.1269538
146.57 30.1488223
146.58 30.1706908
146.59 30.1925593
146.6 30.2144278
146.61 30.2363202
146.62 30.2582126
146.63 30.2800811
146.64 30.3019735
146.65 30.3238659
146.66 30.3457583
146.67 30.3676746
146.68 30.389567
146.69 30.4114594
146.7 30.4333757
146.71 30.455292
146.72 30.4771844
146.73 30.4991007
146.74 30.521017
146.75 30.5429572
146.76 30.5648735
146.77 30.5867898
146.78 30.60873
146.79 30.6306463
146.8 30.6525865
146.81 30.6745267
146.82 30.6964669
146.83 30.7184071
146.84 30.7403473
146.85 30.7622875
146.86 30.7842516
146.87 30.8061918
146.88 30.8281559
146.89 30.8500961
146.9 30.8720602
146.91 30.8940243
146.92 30.9159884
146.93 30.9379525
146.94 30.9599405
146.95 30.9819046
146.96 31.0038687
146.97 31.0258567
146.98 31.0478447
146.99 31.0698088
147.0 31.0917968
147.01 31.1137848
147.02 31.1357728
147.03 31.1577847
147.04 31.1797727
147.05 31.2017607
147.06 31.2237726
147.07 31.2457606
147.08 31.2677725
147.09 31.2897844
147.1 31.3117963
147.11 31.3338082
147.12 31.3558201
147.13 31.377832
147.14 31.3998678
147.15 31.4218797
147.16 31.4439155
147.17 31.4659274
147.18 31.4879632
147.19 31.509999
147.2 31.5320348
147.21 31.5540706
147.22 31.5761064
147.23 31.5981422
147.24 31.620178
147.25 31.6422377
147.26 31.6642735
147.27 31.6863332
147.28 31.708369
147.29 31.7304287
147.3 31.7524884
147.31 31.7745481
147.32 31.7966078
147.33 31.8186675
147.34 31.8407511
147.35 31.8628108
147.36 31.8848705
147.37 31.9069541
147.38 31.9290138
147.39 31.9510974
147.4 31.973181
147.41 31.9952646
147.42 32.0173482
147.43 32.0394318
147.44 32.0615154
147.45 32.083599
147.46 32.1057065
147.47 32.1277901
147.48 32.1498976
147.49 32.1719812
147.5 32.1940887
147.51 32.2161962
147.52 32.2383037
147.53 32.2604112
147.54 32.2825187
147.55 32.3046262
147.56 32.3267337
147.57 32.3488412
147.58 32.3709726
147.59 32.3930801
147.6 32.4152115
147.61 32.437319
147.62 32.4594504
147.63 32.4815818
147.64 32.5037132
147.65 32.5258446
147.66 32.547976
147.67 32.5701074
147.68 32.5922388
147.69 32.6143702
147.7 32.6365255
147.71 32.6586569
147.72 32.6808122
147.73 32.7029436
147.74 32.7250989
147.75 32.7472542
147.76 32.7693856
147.77 32.7915409
147.78 32.8136962
147.79 32.8358515
147.8 32.8580307
147.81 32.880186
147.82 32.9023413
147.83 32.9244966
147.84 32.9466758
147.85 32.9688311
147.86 32.9910103
147.87 33.0131895
147.88 33.0353448
147.89 33.057524
147.9 33.0797032
147.91 33.1018824
147.92 33.1240616
147.93 33.1462408
147.94 33.16842
147.95 33.1906231
147.96 33.2128023
147.97 33.2349815
147.98 33.2571846
147.99 33.2793638
148.0 33.3015669
148.01 33.32377
148.02 33.3459731
148.03 33.3681523
148.04 33.3903554
148.05 33.4125585
148.06 33.4347616
148.07 33.4569647
148.08 33.4791678
148.09 33.5013948
148.1 33.5235979
148.11 33.545801
148.12 33.568028
148.13 33.5902311
148.14 33.6124581
148.15 33.6346612
148.16 33.6568882
148.17 33.6791152
148.18 33.7013183
148.19 33.7235453
148.2 33.7457723
148.21 33.7679993
148.22 33.7902263
148.23 33.8124533
148.24 33.8347042
148.25 33.8569312
148.26 33.8791582
148.27 33.9013852
148.28 33.9236361
148.29 33.9458631
148.3 33.968114
148.31 33.990341
148.32 34.0125919
148.33 34.0348428
148.34 34.0570937
148.35 34.0793207
148.36 34.1015716
148.37 34.1238225
148.38 34.1460734
148.39 34.1683243
148.4 34.1905752
148.41 34.2128261
148.42 34.2351009
148.43 34.2573518
148.44 34.2796027
148.45 34.3018775
148.46 34.3241284
148.47 34.3463793
148.48 34.3686541
148.49 34.3909289
148.5 34.4131798
148.51 34.4354546
148.52 34.4577294
148.53 34.4799803
148.54 34.5022551
148.55 34.5245299
148.56 34.5468047
148.57 34.5690795
148.58 34.5913543
148.59 34.6136291
148.6 34.6359039
148.61 34.6581787
148.62 34.6804774
148.63 34.7027522
148.64 34.725027
148.65 34.7473257
148.66 34.7696005
148.67 34.7918753
148.68 34.814174
148.69 34.8364488
148.7 34.8587475
148.71 34.8810462
148.72 34.903321
148.73 34.9256197
148.74 34.9479184
148.75 34.9702171
148.76 34.9924919
148.77 35.0147906
148.78 35.0370893
148.79 35.059388
148.8 35.0816867
148.81 35.1039854
148.82 35.1262841
148.83 35.1486067
148.84 35.1709054
148.85 35.1932041
148.86 35.2155028
148.87 35.2378015
148.88 35.2601241
148.89 35.2824228
148.9 35.3047454
148.91 35.3270441
148.92 35.3493428
148.93 35.3716654
148.94 35.393988
148.95 35.4162867
148.96 35.4386093
148.97 35.460908
148.98 35.4832306
148.99 35.5055532
149.0 35.5278758
149.01 35.5501745
149.02 35.5724971
149.03 35.5948197
149.04 35.6171423
149.05 35.6394649
149.06 35.6617875
149.07 35.6841101
149.08 35.7064327
149.09 35.7287553
149.1 35.7510779
149.11 35.7734005
149.12 35.7957231
149.13 35.8180457
149.14 35.8403922
149.15 35.8627148
149.16 35.8850374
149.17 35.90736
149.18 35.9297065
149.19 35.9520291
149.2 35.9743517
149.21 35.9966982
149.22 36.0190208
149.23 36.0413673
149.24 36.0636899
149.25 36.0860125
149.26 36.108359
149.27 36.1306816
149.28 36.1530281
149.29 36.1753746
149.3 36.1976972
149.31 36.2200437
149.32 36.2423902
149.33 36.2647128
149.34 36.2870593
149.35 36.3094058
149.36 36.3317284
149.37 36.3540749
149.38 36.3764214
149.39 36.3987679
149.4 36.4210905
149.41 36.443437
149.42 36.4657835
149.43 36.48813
149.44 36.5104765
149.45 36.532823
149.46 36.5551695
149.47 36.577516
149.48 36.5998625
149.49 36.622209
149.5 36.6445555
149.51 36.666902
149.52 36.6892485
149.53 36.711595
149.54 36.7339415
149.55 36.756288
149.56 36.7786345
149.57 36.800981
149.58 36.8233275
149.59 36.845674
149.6 36.8680205
149.61 36.8903909
149.62 36.9127374
149.63 36.9350839
149.64 36.9574304
149.65 36.9797769
149.66 37.0021234
149.67 37.0244938
149.68 37.0468403
149.69 37.0691868
149.7 37.0915333
149.71 37.1139037
149.72 37.1362502
149.73 37.1585967
149.74 37.1809432
149.75 37.2033136
149.76 37.2256601
149.77 37.2480066
149.78 37.270377
149.79 37.2927235
149.8 37.31507
149.81 37.3374165
149.82 37.3597869
149.83 37.3821334
149.84 37.4044799
149.85 37.4268503
149.86 37.4491968
149.87 37.4715433
149.88 37.4939137
149.89 37.5162602
149.9 37.5386067
149.91 37.5609771
149.92 37.5833236
149.93 37.6056701
149.94 37.6280405
149.95 37.650387
149.96 37.6727335
149.97 37.6951039
149.98 37.7174504
149.99 37.7397969
150.0 37.7621673
150.01 37.7845138
150.02 37.8068603
150.03 37.8292307
150.04 37.8515772
150.05 37.8739237
150.06 37.8962941
150.07 37.9186406
150.08 37.9409871
150.09 37.9633575
150.1 37.985704
150.11 38.0080505
150.12 38.0304209
150.13 38.0527674
150.14 38.0751139
150.15 38.0974604
150.16 38.1198308
150.17 38.1421773
150.18 38.1645238
150.19 38.1868703
150.2 38.2092407
150.21 38.2315872
150.22 38.2539337
150.23 38.2762802
150.24 38.2986267
150.25 38.3209971
150.26 38.3433436
150.27 38.3656901
150.28 38.3880366
150.29 38.4103831
150.3 38.4327296
150.31 38.4550761
150.32 38.4774465
150.33 38.499793
150.34 38.5221395
150.35 38.544486
150.36 38.5668325
150.37 38.589179
150.38 38.6115255
150.39 38.633872
150.4 38.6562185
150.41 38.678565
150.42 38.7009115
150.43 38.723258
150.44 38.7455806
150.45 38.7679271
150.46 38.7902736
150.47 38.8126201
150.48 38.8349666
150.49 38.8573131
150.5 38.8796357
150.51 38.9019822
150.52 38.9243287
150.53 38.9466752
150.54 38.9689978
150.55 38.9913443
150.56 39.0136908
150.57 39.0360134
150.58 39.0583599
150.59 39.0807064
150.6 39.103029
150.61 39.1253755
150.62 39.1476981
150.63 39.1700446
150.64 39.1923672
150.65 39.2147137
150.66 39.2370363
150.67 39.2593589
150.68 39.2817054
150.69 39.304028
150.7 39.3263745
150.71 39.3486971
150.72 39.3710197
150.73 39.3933423
150.74 39.4156888
150.75 39.4380114
150.76 39.460334
150.77 39.4826566
150.78 39.5049792
150.79 39.5273018
150.8 39.5496244
150.81 39.571947
150.82 39.5942696
150.83 39.6165922
150.84 39.6389148
150.85 39.6612374
150.86 39.68356
150.87 39.7058826
150.88 39.7281813
150.89 39.7505039
150.9 39.7728265
150.91 39.7951252
150.92 39.8174478
150.93 39.8397704
150.94 39.8620691
150.95 39.8843917
150.96 39.9066904
150.97 39.929013
150.98 39.9513117
150.99 39.9736343
151.0 39.995933
151.01 40.0182317
151.02 40.0405304
151.03 40.062853
151.04 40.0851517
151.05 40.1074504
151.06 40.1297491
151.07 40.1520478
151.08 40.1743465
151.09 40.1966452
151.1 40.2189439
151.11 40.2412426
151.12 40.2635413
151.13 40.28584
151.14 40.3081387
151.15 40.3304135
151.16 40.3527122
151.17 40.3750109
151.18 40.3972857
151.19 40.4195844
151.2 40.4418592
151.21 40.4641579
151.22 40.4864327
151.23 40.5087314
151.24 40.5310062
151.25 40.553281
151.26 40.5755797
151.27 40.5978545
151.28 40.6201293
151.29 40.6424041
151.3 40.6646789
151.31 40.6869537
151.32 40.7092285
151.33 40.7315033
151.34 40.7537781
151.35 40.7760529
151.36 40.7983038
151.37 40.8205786
151.38 40.8428534
151.39 40.8651043
151.4 40.8873791
151.41 40.90963
151.42 40.9319048
151.43 40.9541557
151.44 40.9764305
151.45 40.9986814
151.46 41.0209323
151.47 41.0431832
151.48 41.0654341
151.49 41.0877089
151.5 41.1099598
151.51 41.1322107
151.52 41.1544377
151.53 41.1766886
151.54 41.1989395
151.55 41.2211904
151.56 41.2434174
151.57 41.2656683
151.58 41.2879192
151.59 41.3101462
151.6 41.3323971
151.61 41.3546241
151.62 41.3768511
151.63 41.399102
151.64 41.421329
151.65 41.443556
151.66 41.465783
151.67 41.48801
151.68 41.510237
151.69 41.532464
151.7 41.554691
151.71 41.5768941
151.72 41.5991211
151.73 41.6213481
151.74 41.6435512
151.75 41.6657782
151.76 41.6879813
151.77 41.7102083
151.78 41.7324114
151.79 41.7546145
151.8 41.7768415
151.81 41.7990446
151.82 41.8212477
151.83 41.8434508
151.84 41.8656539
151.85 41.8878331
151.86 41.9100362
151.87 41.9322393
151.88 41.9544424
151.89 41.9766216
151.9 41.9988247
151.91 42.0210039
151.92 42.0431831
151.93 42.0653862
151.94 42.0875654
151.95 42.1097446
151.96 42.1319238
151.97 42.154103
151.98 42.1762822
151.99 42.1984614
152.0 42.2206406
152.01 42.2428198
152.02 42.2649751
152.03 42.2871543
152.04 42.3093096
152.05 42.3314888
152.06 42.3536441
152.07 42.3757994
152.08 42.3979547
152.09 42.4201339
152.1 42.4422892
152.11 42.4644445
152.12 42.4865759
152.13 42.5087312
152.14 42.5308865
152.15 42.5530418
152.16 42.5751732
152.17 42.5973285
152.18 42.6194599
152.19 42.6415913
152.2 42.6637466
152.21 42.685878
152.22 42.7080094
152.23 42.7301408
152.24 42.7522722
152.25 42.7744036
152.26 42.796535
152.27 42.8186425
152.28 42.8407739
152.29 42.8628814
152.3 42.8850128
152.31 42.9071203
152.32 42.9292278
152.33 42.9513353
152.34 42.9734667
152.35 42.9955742
152.36 43.0176578
152.37 43.0397653
152.38 43.0618728
152.39 43.0839803
152.4 43.1060639
152.41 43.1281714
152.42 43.150255
152.43 43.1723386
152.44 43.1944461
152.45 43.2165297
152.46 43.2386133
152.47 43.2606969
152.48 43.2827805
152.49 43.3048402
152.5 43.3269238
152.51 43.3490074
152.52 43.3710671
152.53 43.3931507
152.54 43.4152104
152.55 43.4372701
152.56 43.4593298
152.57 43.4813895
152.58 43.5034492
152.59 43.5255089
152.6 43.5475686
152.61 43.5696044
152.62 43.5916641
152.63 43.6136999
152.64 43.6357596
152.65 43.6577954
152.66 43.6798312
152.67 43.701867
152.68 43.7239028
152.69 43.7459386
152.7 43.7679744
152.71 43.7900102
152.72 43.8120221
152.73 43.8340579
152.74 43.8560698
152.75 43.8780817
152.76 43.9000936
152.77 43.9221294
152.78 43.9441174
152.79 43.9661293
152.8 43.9881412
152.81 44.0101531
152.82 44.0321411
152.83 44.054153
152.84 44.076141
152.85 44.098129
152.86 44.1201409
152.87 44.1421289
152.88 44.1641169
152.89 44.186081
152.9 44.208069
152.91 44.230057
152.92 44.2520211
152.93 44.2740091
152.94 44.2959732
152.95 44.3179373
152.96 44.3399014
152.97 44.3618655
152.98 44.3838296
152.99 44.4057937
153.0 44.4277578
153.01 44.449698
153.02 44.4716621
153.03 44.4936023
153.04 44.5155425
153.05 44.5374827
153.06 44.5594229
153.07 44.5813631
153.08 44.6033033
153.09 44.6252435
153.1 44.6471598
153.11 44.6691
153.12 44.6910163
153.13 44.7129326
153.14 44.7348489
153.15 44.7567652
153.16 44.7786815
153.17 44.8005978
153.18 44.8225141
153.19 44.8444065
153.2 44.8663228
153.21 44.8882152
153.22 44.9101076
153.23 44.932
153.24 44.9538924
153.25 44.9757848
153.26 44.9976772
153.27 45.0195457
153.28 45.0414381
153.29 45.0633066
153.3 45.0851751
153.31 45.1070436
153.32 45.1289121
153.33 45.1507806
153.34 45.1726491
153.35 45.1944937
153.36 45.2163622
153.37 45.2382068
153.38 45.2600753
153.39 45.2819199
153.4 45.3037645
153.41 45.3256091
153.42 45.3474298
153.43 45.3692744
153.44 45.391119
153.45 45.4129397
153.46 45.4347604
153.47 45.4565811
153.48 45.4784018
153.49 45.5002225
153.5 45.5220432
153.51 45.5438639
153.52 45.5656607
153.53 45.5874814
153.54 45.6092782
153.55 45.631075
153.56 45.6528718
153.57 45.6746686
153.58 45.6964654
153.59 45.7182383
153.6 45.7400351
153.61 45.761808
153.62 45.7835809
153.63 45.8053538
153.64 45.8271267
153.65 45.8488996
153.66 45.8706725
153.67 45.8924215
153.68 45.9141944
153.69 45.9359434
153.7 45.9576924
153.71 45.9794414
153.72 46.0011904
153.73 46.0229394
153.74 46.0446645
153.75 46.0664135
153.76 46.0881386
153.77 46.1098637
153.78 46.1315888
153.79 46.1533139
153.8 46.175039
153.81 46.1967641
153.82 46.2184653
153.83 46.2401904
153.84 46.2618916
153.85 46.2835928
153.86 46.305294
153.87 46.3269952
153.88 46.3486725
153.89 46.3703737
153.9 46.392051
153.91 46.4137522
153.92 46.4354295
153.93 46.4571068
153.94 46.4787841
153.95 46.5004375
153.96 46.5221148
153.97 46.5437682
153.98 46.5654216
153.99 46.5870989
154.0 46.6087523
154.01 46.6303818
154.02 46.6520352
154.03 46.6736886
154.04 46.6953181
154.05 46.7169476
154.06 46.7385771
154.07 46.7602066
154.08 46.7818361
154.09 46.8034656
154.1 46.8250712
154.11 46.8467007
154.12 46.8683063
154.13 46.8899119
154.14 46.9115175
154.15 46.9330992
154.16 46.9547048
154.17 46.9763104
154.18 46.9978921
154.19 47.0194738
154.2 47.0410555
154.21 47.0626372
154.22 47.084195
154.23 47.1057767
154.24 47.1273345
154.25 47.1489162
154.26 47.170474
154.27 47.1920318
154.28 47.2135657
154.29 47.2351235
154.3 47.2566813
154.31 47.2782152
154.32 47.2997491
154.33 47.321283
154.34 47.3428169
154.35 47.3643269
154.36 47.3858608
154.37 47.4073708
154.38 47.4289047
154.39 47.4504147
154.4 47.4719247
154.41 47.4934108
154.42 47.5149208
154.43 47.5364069
154.44 47.557893
154.45 47.579403
154.46 47.6008652
154.47 47.6223513
154.48 47.6438374
154.49 47.6652996
154.5 47.6867857
154.51 47.7082479
154.52 47.7297101
154.53 47.7511484
154.54 47.7726106
154.55 47.7940728
154.56 47.8155111
154.57 47.8369494
154.58 47.8583877
154.59 47.879826
154.6 47.9012404
154.61 47.9226787
154.62 47.9440931
154.63 47.9655075
154.64 47.9869219
154.65 48.0083363
154.66 48.0297507
154.67 48.0511412
154.68 48.0725317
154.69 48.0939461
154.7 48.1153127
154.71 48.1367032
154.72 48.1580937
154.73 48.1794603
154.74 48.2008508
154.75 48.2222174
154.76 48.243584
154.77 48.2649267
154.78 48.2862933
154.79 48.307636
154.8 48.3290026
154.81 48.3503453
154.82 48.371688
154.83 48.3930068
154.84 48.4143495
154.85 48.4356683
154.86 48.4569871
154.87 48.4783059
154.88 48.4996247
154.89 48.5209435
154.9 48.5422384
154.91 48.5635572
154.92 48.5848521
154.93 48.606147
154.94 48.6274419
154.95 48.6487129
154.96 48.6700078
154.97 48.6912788
154.98 48.7125498
154.99 48.7338208
155.0 48.7550679
155.01 48.7763389
155.02 48.797586
155.03 48.8188331
155.04 48.8400802
155.05 48.8613273
155.06 48.8825744
155.07 48.9037976
155.08 48.9250447
155.09 48.9462679
155.1 48.9674672
155.11 48.9886904
155.12 49.0099136
155.13 49.0311129
155.14 49.0523122
155.15 49.0735115
155.16 49.0947108
155.17 49.1158862
155.18 49.1370855
155.19 49.1582609
155.2 49.1794363
155.21 49.2006117
155.22 49.2217871
155.23 49.2429386
155.24 49.2640901
155.25 49.2852416
155.26 49.3063931
155.27 49.3275446
155.28 49.3486722
155.29 49.3698237
155.3 49.3909513
155.31 49.4120789
155.32 49.4332065
155.33 49.4543102
155.34 49.4754139
155.35 49.4965415
155.36 49.5176452
155.37 49.538725
155.38 49.5598287
155.39 49.5809085
155.4 49.6019883
155.41 49.6230681
155.42 49.6441479
155.43 49.6652277
155.44 49.6862836
155.45 49.7073634
155.46 49.7284193
155.47 49.7494513
155.48 49.7705072
155.49 49.7915392
155.5 49.8125951
155.51 49.8336271
155.52 49.8546352
155.53 49.8756672
155.54 49.8966992
155.55 49.9177073
155.56 49.9387154
155.57 49.9597235
155.58 49.9807077
155.59 50.0017158
155.6 50.0227
155.61 50.0436842
155.62 50.0646684
155.63 50.0856287
155.64 50.1066129
155.65 50.1275732
155.66 50.1485335
155.67 50.1694938
155.68 50.1904302
155.69 50.2113905
155.7 50.2323269
155.71 50.2532633
155.72 50.2741997
155.73 50.2951122
155.74 50.3160486
155.75 50.3369611
155.76 50.3578736
155.77 50.3787861
155.78 50.3996747
155.79 50.4205633
155.8 50.4414758
155.81 50.4623405
155.82 50.4832291
155.83 50.5041177
155.84 50.5249824
155.85 50.5458471
155.86 50.5667118
155.87 50.5875526
155.88 50.6084173
155.89 50.6292581
155.9 50.6500989
155.91 50.6709397
155.92 50.6917805
155.93 50.7125974
155.94 50.7334143
155.95 50.7542312
155.96 50.7750481
155.97 50.7958411
155.98 50.816658
155.99 50.837451
156.0 50.8582201
156.01 50.8790131
156.02 50.8998061
156.03 50.9205752
156.04 50.9413443
156.05 50.9621134
156.06 50.9828586
156.07 51.0036038
156.08 51.0243729
156.09 51.0450942
156.1 51.0658394
156.11 51.0865846
156.12 51.1073059
156.13 51.1280272
156.14 51.1487485
156.15 51.1694459
156.16 51.1901672
156.17 51.2108646
156.18 51.231562
156.19 51.2522355
156.2 51.2729329
156.21 51.2936064
156.22 51.3142799
156.23 51.3349534
156.24 51.355603
156.25 51.3762765
156.26 51.3969261
156.27 51.4175757
156.28 51.4382253
156.29 51.458851
156.3 51.4794767
156.31 51.5001024
156.32 51.5207281
156.33 51.5413299
156.34 51.5619556
156.35 51.5825574
156.36 51.6031592
156.37 51.6237371
156.38 51.6443389
156.39 51.6649168
156.4 51.6854947
156.41 51.7060487
156.42 51.7266266
156.43 51.7471806
156.44 51.7677346
156.45 51.7882886
156.46 51.8088426
156.47 51.8293727
156.48 51.8499028
156.49 51.8704329
156.5 51.8909391
156.51 51.9114692
156.52 51.9319754
156.53 51.9524816
156.54 51.9729639
156.55 51.9934701
156.56 52.0139524
156.57 52.0344347
156.58 52.054917
156.59 52.0753754
156.6 52.0958338
156.61 52.1162922
156.62 52.1367506
156.63 52.157209
156.64 52.1776435
156.65 52.198078
156.66 52.2185125
156.67 52.238947
156.68 52.2593576
156.69 52.2797682
156.7 52.3001788
156.71 52.3205655
156.72 52.3409761
156.73 52.3613628
156.74 52.3817495
156.75 52.4021123
156.76 52.422499
156.77 52.4428618
156.78 52.4632246
156.79 52.4835874
156.8 52.5039263
156.81 52.5242652
156.82 52.5446041
156.83 52.564943
156.84 52.585258
156.85 52.605573
156.86 52.625888
156.87 52.646203
156.88 52.666518
156.89 52.6868091
156.9 52.7071002
156.91 52.7273674
156.92 52.7476585
156.93 52.7679257
156.94 52.7881929
156.95 52.8084601
156.96 52.8287034
156.97 52.8489706
156.98 52.86919
156.99 52.8894333
157.0 52.9096766
157.01 52.929896
157.02 52.9501154
157.03 52.9703348
157.04 52.9905303
157.05 53.0107258
157.06 53.0309213
157.07 53.0511168
157.08 53.0712884
157.09 53.09146
157.1 53.1116316
157.11 53.1318032
157.12 53.1519509
157.13 53.1721225
157.14 53.1922463
157.15 53.212394
157.16 53.2325178
157.17 53.2526655
157.18 53.2727654
157.19 53.2928892
157.2 53.3129891
157.21 53.3331129
157.22 53.3531889
157.23 53.3732888
157.24 53.3933648
157.25 53.4134408
157.26 53.4335168
157.27 53.4535928
157.28 53.4736449
157.29 53.493697
157.3 53.5137491
157.31 53.5337773
157.32 53.5538055
157.33 53.5738337
157.34 53.5938619
157.35 53.6138662
157.36 53.6338944
157.37 53.6538748
157.38 53.6738791
157.39 53.6938595
157.4 53.7138399
157.41 53.7338203
157.42 53.7538007
157.43 53.7737572
157.44 53.7937137
157.45 53.8136702
157.46 53.8336028
157.47 53.8535593
157.48 53.8734919
157.49 53.8934006
157.5 53.9133332
157.51 53.9332419
157.52 53.9531506
157.53 53.9730354
157.54 53.9929441
157.55 54.0128289
157.56 54.0327137
157.57 54.0525746
157.58 54.0724355
157.59 54.0922964
157.6 54.1121573
157.61 54.1319943
157.62 54.1518552
157.63 54.1716683
157.64 54.1915053
157.65 54.2113184
157.66 54.2311315
157.67 54.2509446
157.68 54.2707577
157.69 54.2905469
157.7 54.3103361
157.71 54.3301253
157.72 54.3498906
157.73 54.3696559
157.74 54.3894212
157.75 54.4091865
157.76 54.4289279
157.77 54.4486693
157.78 54.4684107
157.79 54.4881282
157.8 54.5078457
157.81 54.5275632
157.82 54.5472807
157.83 54.5669743
157.84 54.5866679
157.85 54.6063615
157.86 54.6260312
157.87 54.6457009
157.88 54.6653706
157.89 54.6850403
157.9 54.7046861
157.91 54.7243319
157.92 54.7439777
157.93 54.7636235
157.94 54.7832454
157.95 54.8028673
157.96 54.8224653
157.97 54.8420872
157.98 54.8616852
157.99 54.8812832
158.0 54.9008573
158.01 54.9204314
158.02 54.9400055
158.03 54.9595796
158.04 54.9791298
158.05 54.99868
158.06 55.0182302
158.07 55.0377565
158.08 55.0573067
158.09 55.0768091
158.1 55.0963354
158.11 55.1158378
158.12 55.1353402
158.13 55.1548426
158.14 55.1743211
158.15 55.1938235
158.16 55.2132781
158.17 55.2327566
158.18 55.2522112
158.19 55.2716658
158.2 55.2911204
158.21 55.3105511
158.22 55.3299818
158.23 55.3494125
158.24 55.3688432
158.25 55.38825
158.26 55.4076568
158.27 55.4270397
158.28 55.4464226
158.29 55.4658055
158.3 55.4851884
158.31 55.5045713
158.32 55.5239303
158.33 55.5432654
158.34 55.5626244
158.35 55.5819595
158.36 55.6012946
158.37 55.6206297
158.38 55.6399409
158.39 55.6592521
158.4 55.6785633
158.41 55.6978506
158.42 55.7171379
158.43 55.7364252
158.44 55.7556886
158.45 55.7749759
158.46 55.7942154
158.47 55.8134788
158.48 55.8327183
158.49 55.8519578
158.5 55.8711973
158.51 55.8904129
158.52 55.9096285
158.53 55.9288441
158.54 55.9480358
158.55 55.9672514
158.56 55.9864192
158.57 56.0056109
158.58 56.0247787
158.59 56.0439465
158.6 56.0631143
158.61 56.0822582
158.62 56.1014021
158.63 56.120546
158.64 56.139666
158.65 56.158786
158.66 56.177906
158.67 56.1970021
158.68 56.2160982
158.69 56.2351943
158.7 56.2542665
158.71 56.2733626
158.72 56.2924109
158.73 56.3114831
158.74 56.3305314
158.75 56.3495797
158.76 56.368628
158.77 56.3876524
158.78 56.4066768
158.79 56.4257012
158.8 56.4447017
158.81 56.4637022
158.82 56.4827027
158.83 56.5016793
158.84 56.5206559
158.85 56.5396325
158.86 56.5585852
158.87 56.5775379
158.88 56.5964906
158.89 56.6154433
158.9 56.6343721
158.91 56.6533009
158.92 56.6722058
158.93 56.6911107
158.94 56.7100156
158.95 56.7289205
158.96 56.7478015
158.97 56.7666825
158.98 56.7855635
158.99 56.8044206
159.0 56.8232777
159.01 56.8421109
159.02 56.860968
159.03 56.8798012
159.04 56.8986105
159.05 56.9174437
159.06 56.936253
159.07 56.9550384
159.08 56.9738477
159.09 56.9926331
159.1 57.0113946
159.11 57.03018
159.12 57.0489415
159.13 57.0676791
159.14 57.0864406
159.15 57.1051782
159.16 57.1239158
159.17 57.1426295
159.18 57.1613432
159.19 57.1800569
159.2 57.1987467
159.21 57.2174365
159.22 57.2361263
159.23 57.2547922
159.24 57.2734581
159.25 57.292124
159.26 57.3107899
159.27 57.3294319
159.28 57.34805
159.29 57.366692
159.3 57.3853101
159.31 57.4039282
159.32 57.4225224
159.33 57.4411166
159.34 57.4597108
159.35 57.4782811
159.36 57.4968514
159.37 57.5154217
159.38 57.5339681
159.39 57.5525384
159.4 57.5710609
159.41 57.5896073
159.42 57.6081298
159.43 57.6266284
159.44 57.6451509
159.45 57.6636495
159.46 57.6821242
159.47 57.7006228
159.48 57.7190975
159.49 57.7375722
159.5 57.756023
159.51 57.7744738
159.52 57.7929007
159.53 57.8113515
159.54 57.8297784
159.55 57.8481814
159.56 57.8666083
159.57 57.8850113
159.58 57.9033904
159.59 57.9217695
159.6 57.9401486
159.61 57.9585277
159.62 57.9768829
159.63 57.9952381
159.64 58.0135694
159.65 58.0319246
159.66 58.050232
159.67 58.0685633
159.68 58.0868707
159.69 58.1051781
159.7 58.1234616
159.71 58.1417451
159.72 58.1600286
159.73 58.1783121
159.74 58.1965717
159.75 58.2148074
159.76 58.233067
159.77 58.2513027
159.78 58.2695145
159.79 58.2877263
159.8 58.3059381
159.81 58.3241499
159.82 58.3423378
159.83 58.3605257
159.84 58.3787136
159.85 58.3968776
159.86 58.4150416
159.87 58.4331817
159.88 58.4513218
159.89 58.4694619
159.9 58.4875781
159.91 58.5056943
159.92 58.5238105
159.93 58.5419028
159.94 58.5599951
159.95 58.5780874
159.96 58.5961558
159.97 58.6142242
159.98 58.6322926
159.99 58.6503371
160.0 58.6683816
160.01 58.6864022
160.02 58.7044228
160.03 58.7224434
160.04 58.7404401
160.05 58.7584368
160.06 58.7764335
160.07 58.7944063
160.08 58.8123791
160.09 58.8303519
160.1 58.8483008
160.11 58.8662497
160.12 58.8841986
160.13 58.9021236
160.14 58.9200247
160.15 58.9379497
160.16 58.9558508
160.17 58.9737519
160.18 58.9916291
160.19 59.0095063
160.2 59.0273596
160.21 59.0452368
160.22 59.0630662
160.23 59.0809195
160.24 59.0987489
160.25 59.1165783
160.26 59.1343838
160.27 59.1521893
160.28 59.1699948
160.29 59.1877764
160.3 59.205558
160.31 59.2233157
160.32 59.2410973
160.33 59.2588311
160.34 59.2765888
160.35 59.2943226
160.36 59.3120564
160.37 59.3297663
160.38 59.3474762
160.39 59.3651622
160.4 59.3828482
160.41 59.4005342
160.42 59.4182202
160.43 59.4358823
160.44 59.4535205
160.45 59.4711826
160.46 59.4888208
160.47 59.5064351
160.48 59.5240494
160.49 59.5416637
160.5 59.559278
160.51 59.5768684
160.52 59.5944349
160.53 59.6120253
160.54 59.6295918
160.55 59.6471344
160.56 59.664677
160.57 59.6822196
160.58 59.6997622
160.59 59.7172809
160.6 59.7347757
160.61 59.7522705
160.62 59.7697653
160.63 59.7872601
160.64 59.804731
160.65 59.8222019
160.66 59.8396489
160.67 59.8570959
160.68 59.8745429
160.69 59.891966
160.7 59.9093891
160.71 59.9267883
160.72 59.9441875
160.73 59.9615867
160.74 59.978962
160.75 59.9963373
160.76 60.0137126
160.77 60.031064
160.78 60.0483915
160.79 60.0657429
160.8 60.0830704
160.81 60.100374
160.82 60.1176776
160.83 60.1349812
160.84 60.1522848
160.85 60.1695645
160.86 60.1868203
160.87 60.2041
160.88 60.2213319
160.89 60.2385877
160.9 60.2558196
160.91 60.2730515
160.92 60.2902595
160.93 60.3074675
160.94 60.3246516
160.95 60.3418357
160.96 60.3590198
160.97 60.3762039
160.98 60.3933402
160.99 60.4105004
161.0 60.4276367
161.01 60.444773
161.02 60.4618854
161.03 60.4789978
161.04 60.4961102
161.05 60.5131987
161.06 60.5302872
161.07 60.5473518
161.08 60.5644164
161.09 60.581481
161.1 60.5985217
161.11 60.6155624
161.12 60.6325792
161.13 60.649596
161.14 60.6666128
161.15 60.6836057
161.16 60.7005747
161.17 60.7175676
161.18 60.7345366
161.19 60.7514817
161.2 60.7684507
161.21 60.7853719
161.22 60.802317
161.23 60.8192382
161.24 60.8361355
161.25 60.8530328
161.26 60.8699301
161.27 60.8868274
161.28 60.9037008
161.29 60.9205503
161.3 60.9373998
161.31 60.9542493
161.32 60.9710749
161.33 60.9879005
161.34 61.0047261
161.35 61.0215278
161.36 61.0383295
161.37 61.0551073
161.38 61.0718851
161.39 61.088639
161.4 61.1053929
161.41 61.1221468
161.42 61.1388768
161.43 61.1556068
161.44 61.1723129
161.45 61.189019
161.46 61.2057251
161.47 61.2224073
161.48 61.2390895
161.49 61.2557478
161.5 61.2724061
161.51 61.2890644
161.52 61.3056988
161.53 61.3223332
161.54 61.3389437
161.55 61.3555542
161.56 61.3721647
161.57 61.3887513
161.58 61.405314
161.59 61.4218767
161.6 61.4384394
161.61 61.4550021
161.62 61.4715409
161.63 61.4880558
161.64 61.5045707
161.65 61.5210856
161.66 61.5375766
161.67 61.5540676
161.68 61.5705586
161.69 61.5870257
161.7 61.6034928
161.71 61.619936
161.72 61.6363792
161.73 61.6527985
161.74 61.6692178
161.75 61.6856132
161.76 61.7020325
161.77 61.718404
161.78 61.7347994
161.79 61.751147
161.8 61.7675185
161.81 61.7838661
161.82 61.8001898
161.83 61.8165374
161.84 61.8328372
161.85 61.8491609
161.86 61.8654368
161.87 61.8817366
161.88 61.8980125
161.89 61.9142884
161.9 61.9305404
161.91 61.9467924
161.92 61.9630205
161.93 61.9792486
161.94 61.9954528
161.95 62.011657
161.96 62.0278612
161.97 62.0440415
161.98 62.0602218
161.99 62.0763782
162.0 62.0925346
162.01 62.1086671
162.02 62.1247996
162.03 62.1409321
162.04 62.1570407
162.05 62.1731493
162.06 62.189234
162.07 62.2053187
162.08 62.2214034
162.09 62.2374642
162.1 62.2535011
162.11 62.269538
162.12 62.2855749
162.13 62.3015879
162.14 62.3176009
162.15 62.33359
162.16 62.3495791
162.17 62.3655682
162.18 62.3815334
162.19 62.3974986
162.2 62.4134399
162.21 62.4293812
162.22 62.4452986
162.23 62.461216
162.24 62.4771095
162.25 62.493003
162.26 62.5088965
162.27 62.5247661
162.28 62.5406357
162.29 62.5564814
162.3 62.5723271
162.31 62.5881489
162.32 62.6039707
162.33 62.6197925
162.34 62.6355904
162.35 62.6513644
162.36 62.6671623
162.37 62.6829124
162.38 62.6986864
162.39 62.7144126
162.4 62.7301627
162.41 62.7458889
162.42 62.7615912
162.43 62.7772935
162.44 62.7929958
162.45 62.8086742
162.46 62.8243526
162.47 62.8400071
162.48 62.8556616
162.49 62.8712922
162.5 62.8869228
162.51 62.9025534
162.52 62.9181601
162.53 62.9337429
162.54 62.9493257
162.55 62.9649085
162.56 62.9804674
162.57 62.9960263
162.58 63.0115613
162.59 63.0270963
162.6 63.0426313
162.61 63.0581424
162.62 63.0736296
162.63 63.0891168
162.64 63.104604
162.65 63.1200673
162.66 63.1355306
162.67 63.15097
162.68 63.1664094
162.69 63.1818249
162.7 63.1972404
162.71 63.212632
162.72 63.2280236
162.73 63.2434152
162.74 63.2587829
162.75 63.2741506
162.76 63.2894944
162.77 63.3048382
162.78 63.3201581
162.79 63.335478
162.8 63.350774
162.81 63.36607
162.82 63.3813421
162.83 63.3966142
162.84 63.4118863
162.85 63.4271345
162.86 63.4423588
162.87 63.4575831
162.88 63.4728074
162.89 63.4880078
162.9 63.5032082
162.91 63.5183847
162.92 63.5335612
162.93 63.5487138
162.94 63.5638664
162.95 63.5789951
162.96 63.5941238
162.97 63.6092525
162.98 63.6243573
162.99 63.6394382
163.0 63.6545191
163.01 63.6696
163.02 63.684657
163.03 63.699714
163.04 63.7147471
163.05 63.7297802
163.06 63.7447894
163.07 63.7597986
163.08 63.7747839
163.09 63.7897692
163.1 63.8047306
163.11 63.819692
163.12 63.8346534
163.13 63.8495909
163.14 63.8645045
163.15 63.8794181
163.16 63.8943317
163.17 63.9092214
163.18 63.9241111
163.19 63.9389769
163.2 63.9538188
163.21 63.9686846
163.22 63.9835026
163.23 63.9983445
163.24 64.0131386
163.25 64.0279566
163.26 64.0427268
163.27 64.0575209
163.28 64.0722911
163.29 64.0870374
163.3 64.1017837
163.31 64.1165061
163.32 64.1312285
163.33 64.1459509
163.34 64.1606494
163.35 64.1753479
163.36 64.1900225
163.37 64.2046732
163.38 64.2193239
163.39 64.2339746
163.4 64.2486014
163.41 64.2632282
163.42 64.2778311
163.43 64.292434
163.44 64.307013
163.45 64.321592
163.46 64.3361471
163.47 64.3507022
163.48 64.3652334
163.49 64.3797646
163.5 64.3942719
163.51 64.4087792
163.52 64.4232626
163.53 64.437746
163.54 64.4522055
163.55 64.466665
163.56 64.4811245
163.57 64.4955601
163.58 64.5099718
163.59 64.5243835
163.6 64.5387713
163.61 64.5531591
163.62 64.5675469
163.63 64.5819108
163.64 64.5962508
163.65 64.6105908
163.66 64.6249308
163.67 64.6392469
163.68 64.653563
163.69 64.6678552
163.7 64.6821235
163.71 64.6963918
163.72 64.7106601
163.73 64.7249045
163.74 64.7391489
163.75 64.7533694
163.76 64.767566
163.77 64.7817626
163.78 64.7959592
163.79 64.8101319
163.8 64.8243046
163.81 64.8384534
163.82 64.8526022
163.83 64.8667271
163.84 64.8808281
163.85 64.894953
163.86 64.9090301
163.87 64.9231072
163.88 64.9371843
163.89 64.9512375
163.9 64.9652907
163.91 64.97932
163.92 64.9933493
163.93 65.0073547
163.94 65.0213601
163.95 65.0353416
163.96 65.0493231
163.97 65.0632807
163.98 65.0772144
163.99 65.091172
164.0 65.1050818
164.01 65.1189916
164.02 65.1329014
164.03 65.1467873
164.04 65.1606732
164.05 65.1745352
164.06 65.1883972
164.07 65.2022353
164.08 65.2160734
164.09 65.2298876
164.1 65.2436779
164.11 65.2574921
164.12 65.2712585
164.13 65.2850249
164.14 65.2987913
164.15 65.3125338
164.16 65.3262763
164.17 65.3399949
164.18 65.3536896
164.19 65.3673843
164.2 65.381079
164.21 65.3947498
164.22 65.4084206
164.23 65.4220675
164.24 65.4356905
164.25 65.4493135
164.26 65.4629365
164.27 65.4765356
164.28 65.4901108
164.29 65.503686
164.3 65.5172612
164.31 65.5308125
164.32 65.5443399
164.33 65.5578673
164.34 65.5713708
164.35 65.5848743
164.36 65.5983778
164.37 65.6118574
164.38 65.6253131
164.39 65.6387688
164.4 65.6522006
164.41 65.6656324
164.42 65.6790403
164.43 65.6924482
164.44 65.7058322
164.45 65.7192162
164.46 65.7325763
164.47 65.7459364
164.48 65.7592726
164.49 65.7726088
164.5 65.7859211
164.51 65.7992095
164.52 65.8125218
164.53 65.8257863
164.54 65.8390508
164.55 65.8523153
164.56 65.8655559
164.57 65.8787726
164.58 65.8919893
164.59 65.905206
164.6 65.9183988
164.61 65.9315677
164.62 65.9447366
164.63 65.9578816
164.64 65.9710266
164.65 65.9841477
164.66 65.9972688
164.67 66.010366
164.68 66.0234632
164.69 66.0365365
164.7 66.0496098
164.71 66.0626592
164.72 66.0757086
164.73 66.0887341
164.74 66.1017596
164.75 66.1147612
164.76 66.1277389
164.77 66.1407166
164.78 66.1536943
164.79 66.1666242
164.8 66.179578
164.81 66.1925079
164.82 66.2054139
164.83 66.2183199
164.84 66.231202
164.85 66.2440841
164.86 66.2569423
164.87 66.2698005
164.88 66.2826348
164.89 66.2954452
164.9 66.3082795
164.91 66.321066
164.92 66.3338525
164.93 66.346639
164.94 66.3593777
164.95 66.3721403
164.96 66.384879
164.97 66.3975938
164.98 66.4103086
164.99 66.4229995
165.0 66.4356904
165.01 66.4483574
165.02 66.4610244
165.03 66.4736675
165.04 66.4862867
165.05 66.4989059
165.06 66.5115251
165.07 66.5241204
165.08 66.5366918
165.09 66.5492632
165.1 66.5618107
165.11 66.5743582
165.12 66.5868818
165.13 66.5994054
165.14 66.6119051
165.15 66.6244048
165.16 66.6368806
165.17 66.6493564
165.18 66.6617844
165.19 66.6742363
165.2 66.6866643
165.21 66.6990684
165.22 66.7114725
165.23 66.7238527
165.24 66.7362329
165.25 66.7485892
165.26 66.7609455
165.27 66.7732779
165.28 66.7855864
165.29 66.7978949
165.3 66.8102034
165.31 66.822488
165.32 66.8347487
165.33 66.8470094
165.34 66.8592462
165.35 66.871483
165.36 66.8836959
165.37 66.8958849
165.38 66.9080739
165.39 66.9202629
165.4 66.932428
165.41 66.9445692
165.42 66.9567104
165.43 66.9688277
165.44 66.980945
165.45 66.9930384
165.46 67.0051318
165.47 67.0172013
165.48 67.0292469
165.49 67.0412925
165.5 67.0533381
165.51 67.0653598
165.52 67.0773576
165.53 67.0893554
165.54 67.1013293
165.55 67.1132793
165.56 67.1252532
165.57 67.1371793
165.58 67.1491054
165.59 67.1610076
165.6 67.1729098
165.61 67.1847881
165.62 67.1966664
165.63 67.2085208
165.64 67.2203752
165.65 67.2322057
165.66 67.2440123
165.67 67.2558189
165.68 67.2676255
165.69 67.2793843
165.7 67.291167
165.71 67.3029019
165.72 67.3146368
165.73 67.3263717
165.74 67.3380827
165.75 67.3497698
165.76 67.3614569
165.77 67.3731201
165.78 67.3847833
165.79 67.3964226
165.8 67.4080619
165.81 67.4196773
165.82 67.4312688
165.83 67.4428603
165.84 67.4544518
165.85 67.4659955
165.86 67.4775392
165.87 67.4890829
165.88 67.5006027
165.89 67.5121225
165.9 67.5235945
165.91 67.5350904
165.92 67.5465624
165.93 67.5580105
165.94 67.5694347
165.95 67.5808589
165.96 67.5922831
165.97 67.6036834
165.98 67.6150598
165.99 67.6264362
166.0 67.6377887
166.01 67.6491412
166.02 67.6604698
166.03 67.6717745
166.04 67.6830792
166.05 67.69436
166.06 67.7056408
166.07 67.7168977
166.08 67.7281546
166.09 67.7393876
166.1 67.7505967
166.11 67.7618058
166.12 67.7730149
166.13 67.7841762
166.14 67.7953375
166.15 67.8064988
166.16 67.8176362
166.17 67.8287497
166.18 67.8398632
166.19 67.8509528
166.2 67.8620424
166.21 67.8731081
166.22 67.8841738
166.23 67.8951917
166.24 67.9062335
166.25 67.9172514
166.26 67.9282454
166.27 67.9392155
166.28 67.9501856
166.29 67.9611557
166.3 67.9721019
166.31 67.9830242
166.32 67.9939226
166.33 68.0048449
166.34 68.0157194
166.35 68.0265939
166.36 68.0374445
166.37 68.0482951
166.38 68.0591218
166.39 68.0699485
166.4 68.0807513
166.41 68.0915302
166.42 68.1023091
166.43 68.1130641
166.44 68.1238191
166.45 68.1345502
166.46 68.1452574
166.47 68.1559646
166.48 68.1666479
166.49 68.1773312
166.5 68.1879906
166.51 68.19865
166.52 68.2092616
166.53 68.2198971
166.54 68.2304848
166.55 68.2410964
166.56 68.2516602
166.57 68.262224
166.58 68.2727639
166.59 68.2833038
166.6 68.2938198
166.61 68.3043358
166.62 68.3148279
166.63 68.3252961
166.64 68.3357643
166.65 68.3462086
166.66 68.3566529
166.67 68.3670733
166.68 68.3774698
166.69 68.3878663
166.7 68.3982389
166.71 68.4086115
166.72 68.4189602
166.73 68.429285
166.74 68.4396098
166.75 68.4499107
166.76 68.4602116
166.77 68.4704886
166.78 68.4807417
166.79 68.4909948
166.8 68.501224
166.81 68.5114532
166.82 68.5216585
166.83 68.5318399
166.84 68.5420213
166.85 68.5521788
166.86 68.5623363
166.87 68.5724699
166.88 68.5825796
166.89 68.5926893
166.9 68.6027751
166.91 68.612837
166.92 68.6228989
166.93 68.6329608
166.94 68.6429749
166.95 68.6530129
166.96 68.6630031
166.97 68.6729933
166.98 68.6829596
166.99 68.6929259
167.0 68.7028683
167.01 68.7128107
167.02 68.7227053
167.03 68.7326238
167.04 68.7424945
167.05 68.7523652
167.06 68.7622359
167.07 68.7720827
167.08 68.7819056
167.09 68.7917046
167.1 68.8015036
167.11 68.8113026
167.12 68.8210777
167.13 68.8308289
167.14 68.8405562
167.15 68.8502835
167.16 68.8599869
167.17 68.8696903
167.18 68.8793698
167.19 68.8890493
167.2 68.898681
167.21 68.9083366
167.22 68.9179444
167.23 68.9275522
167.24 68.93716
167.25 68.94672
167.26 68.9563039
167.27 68.96584
167.28 68.9753761
167.29 68.9848883
167.3 68.9944005
167.31 69.0038888
167.32 69.0133532
167.33 69.0228176
167.34 69.0322581
167.35 69.0416986
167.36 69.0511152
167.37 69.0605079
167.38 69.0699006
167.39 69.0792694
167.4 69.0886143
167.41 69.0979592
167.42 69.1072802
167.43 69.1166012
167.44 69.1258983
167.45 69.1351715
167.46 69.1444447
167.47 69.153694
167.48 69.1629433
167.49 69.1721448
167.5 69.1813702
167.51 69.1905478
167.52 69.1997254
167.53 69.2088791
167.54 69.2180328
167.55 69.2271626
167.56 69.2362924
167.57 69.2453744
167.58 69.2544803
167.59 69.2635384
167.6 69.2725965
167.61 69.2816307
167.62 69.2906649
167.63 69.2996752
167.64 69.3086616
167.65 69.317648
167.66 69.3266105
167.67 69.335573
167.68 69.3445116
167.69 69.3534263
167.7 69.3623171
167.71 69.3712079
167.72 69.3800987
167.73 69.3889417
167.74 69.3977847
167.75 69.4066277
167.76 69.4154468
167.77 69.424242
167.78 69.4330133
167.79 69.4417846
167.8 69.450532
167.81 69.4592794
167.82 69.4680029
167.83 69.4767025
167.84 69.4854021
167.85 69.4940778
167.86 69.5027535
167.87 69.5113814
167.88 69.5200093
167.89 69.5286372
167.9 69.5372412
167.91 69.5458213
167.92 69.5544014
167.93 69.5629337
167.94 69.5714899
167.95 69.5799983
167.96 69.5885067
167.97 69.5970151
167.98 69.6054757
167.99 69.6139363
168.0 69.6223969
168.01 69.6308336
168.02 69.6392464
168.03 69.6476353
168.04 69.6560242
168.05 69.6643892
168.06 69.6727542
168.07 69.6810953
168.08 69.6894125
168.09 69.6977297
168.1 69.706023
168.11 69.7142924
168.12 69.7225618
168.13 69.7308073
168.14 69.7390289
168.15 69.7472505
168.16 69.7554482
168.17 69.763622
168.18 69.7717958
168.19 69.7799457
168.2 69.7880717
168.21 69.7961977
168.22 69.8042998
168.23 69.8124019
168.24 69.8204801
168.25 69.8285344
168.26 69.8365648
168.27 69.8445952
168.28 69.8526256
168.29 69.8606082
168.3 69.8685908
168.31 69.8765495
168.32 69.8845082
168.33 69.892443
168.34 69.9003539
168.35 69.9082648
168.36 69.9161518
168.37 69.9240149
168.38 69.931878
168.39 69.9397172
168.4 69.9475325
168.41 69.9553478
168.42 69.9631392
168.43 69.9709067
168.44 69.9786742
168.45 69.9864178
168.46 69.9941375
168.47 70.0018572
168.48 70.009553
168.49 70.0172488
168.5 70.0248968
168.51 70.0325448
168.52 70.0401928
168.53 70.0478169
168.54 70.0554171
168.55 70.0629934
168.56 70.0705697
168.57 70.0781221
168.58 70.0856506
168.59 70.0931791
168.6 70.1006837
168.61 70.1081883
168.62 70.115669
168.63 70.1231258
168.64 70.1305587
168.65 70.1379916
168.66 70.1454006
168.67 70.1527857
168.68 70.1601708
168.69 70.167532
168.7 70.1748932
168.71 70.1822066
168.72 70.1895439
168.73 70.1968334
168.74 70.2041229
168.75 70.2113885
168.76 70.2186302
168.77 70.2258719
168.78 70.2330897
168.79 70.2402836
168.8 70.2474775
168.81 70.2546475
168.82 70.2618175
168.83 70.2689397
168.84 70.2760619
168.85 70.2831841
168.86 70.2902585
168.87 70.2973329
168.88 70.3044073
168.89 70.3114339
168.9 70.3184605
168.91 70.3254632
168.92 70.3324659
168.93 70.3394447
168.94 70.3463996
168.95 70.3533545
168.96 70.3602855
168.97 70.3671926
168.98 70.3740758
168.99 70.380959
169.0 70.3878422
169.01 70.3946776
169.02 70.401513
169.03 70.4083245
169.04 70.4151121
169.05 70.4218997
169.06 70.4286634
169.07 70.4354271
169.08 70.442143
169.09 70.4488589
169.1 70.4555748
169.11 70.4622668
169.12 70.4689349
169.13 70.4755791
169.14 70.4821994
169.15 70.4888197
169.16 70.49544
169.17 70.5020125
169.18 70.508585
169.19 70.5151336
169.2 70.5216822
169.21 70.5282069
169.22 70.5347077
169.23 70.5411846
169.24 70.5476615
169.25 70.5541145
169.26 70.5605436
169.27 70.5669727
169.28 70.5733779
169.29 70.5797592
169.3 70.5861405
169.31 70.5924979
169.32 70.5988314
169.33 70.6051649
169.34 70.6114745
169.35 70.6177602
169.36 70.624022
169.37 70.6302838
169.38 70.6365217
169.39 70.6427357
169.4 70.6489497
169.41 70.6551398
169.42 70.661306
169.43 70.6674722
169.44 70.6736145
169.45 70.6797329
169.46 70.6858513
169.47 70.6919219
169.48 70.6979925
169.49 70.7040631
169.5 70.7101098
169.51 70.7161326
169.52 70.7221315
169.53 70.7281304
169.54 70.7341054
169.55 70.7400565
169.56 70.7459837
169.57 70.7519109
169.58 70.7578142
169.59 70.7637175
169.6 70.769573
169.61 70.7754285
169.62 70.781284
169.63 70.7870917
169.64 70.7928994
169.65 70.7986832
169.66 70.804467
169.67 70.8102269
169.68 70.8159629
169.69 70.821675
169.7 70.8273871
169.71 70.8330753
169.72 70.8387396
169.73 70.8444039
169.74 70.8500443
169.75 70.8556608
169.76 70.8612534
169.77 70.866846
169.78 70.8724147
169.79 70.8779595
169.8 70.8835043
169.81 70.8890252
169.82 70.8945222
169.83 70.9000192
169.84 70.9054684
169.85 70.9109176
169.86 70.9163668
169.87 70.9217921
169.88 70.9271696
169.89 70.932571
169.9 70.9379246
169.91 70.9432782
169.92 70.9486079
169.93 70.9539137
169.94 70.9592195
169.95 70.9645014
169.96 70.9697594
169.97 70.9750174
169.98 70.9802515
169.99 70.9854617
170.0 70.990648
170.01 70.9958343
170.02 71.0009967
170.03 71.0061352
170.04 71.0112498
170.05 71.0163644
170.06 71.0214551
170.07 71.0265458
170.08 71.0315887
170.09 71.0366316
170.1 71.0416506
170.11 71.0466696
170.12 71.0516647
170.13 71.0566359
170.14 71.0615832
170.15 71.0665305
170.16 71.07143
170.17 71.0763534
170.18 71.081229
170.19 71.0861046
170.2 71.0909563
170.21 71.0957841
170.22 71.100588
170.23 71.1053919
170.24 71.1101719
170.25 71.1149519
170.26 71.1196841
170.27 71.1244163
170.28 71.1291485
170.29 71.1338329
170.3 71.1385173
170.31 71.1431778
170.32 71.1478144
170.33 71.152451
170.34 71.1570398
170.35 71.1616286
170.36 71.1662174
170.37 71.1707584
170.38 71.1752994
170.39 71.1798404
170.4 71.1843336
170.41 71.1888268
170.42 71.1932961
170.43 71.1977415
170.44 71.2021869
170.45 71.2065845
170.46 71.2109821
170.47 71.2153797
170.48 71.2197295
170.49 71.2240793
170.5 71.2284052
170.51 71.2327311
170.52 71.2370092
170.53 71.2412873
170.54 71.2455415
170.55 71.2497957
170.56 71.254026
170.57 71.2582324
170.58 71.2624149
170.59 71.2665735
170.6 71.2707321
170.61 71.2748668
170.62 71.2790015
170.63 71.2830884
170.64 71.2871753
170.65 71.2912383
170.66 71.2952774
170.67 71.2993165
170.68 71.3033317
170.69 71.307323
170.7 71.3112904
170.71 71.3152578
170.72 71.3192013
170.73 71.3231209
170.74 71.3270166
170.75 71.3309123
170.76 71.3347841
170.77 71.338632
170.78 71.3424799
170.79 71.34628
170.8 71.3500801
170.81 71.3538802
170.82 71.3576325
170.83 71.3613848
170.84 71.3651132
170.85 71.3688177
170.86 71.3724983
170.87 71.3761789
170.88 71.3798356
170.89 71.3834684
170.9 71.3871012
170.91 71.3907101
170.92 71.3942951
170.93 71.3978562
170.94 71.4014173
170.95 71.4049545
170.96 71.4084678
170.97 71.4119572
170.98 71.4154466
170.99 71.4189121
171.0 71.4223537
171.01 71.4257714
171.02 71.4291891
171.03 71.4325829
171.04 71.4359767
171.05 71.4393227
171.06 71.4426687
171.07 71.4459908
171.08 71.4493129
171.09 71.4526111
171.1 71.4558854
171.11 71.4591358
171.12 71.4623862
171.13 71.4656127
171.14 71.4688153
171.15 71.4720179
171.16 71.4751966
171.17 71.4783514
171.18 71.4815062
171.19 71.4846371
171.2 71.4877441
171.21 71.4908272
171.22 71.4939103
171.23 71.4969695
171.24 71.5000287
171.25 71.503064
171.26 71.5060754
171.27 71.5090629
171.28 71.5120504
171.29 71.515014
171.3 71.5179776
171.31 71.5208934
171.32 71.5238331
171.33 71.526725
171.34 71.5296169
171.35 71.5324849
171.36 71.535329
171.37 71.5381731
171.38 71.5409933
171.39 71.5438135
171.4 71.5466098
171.41 71.5493822
171.42 71.5521546
171.43 71.5549031
171.44 71.5576277
171.45 71.5603523
171.46 71.563053
171.47 71.5657298
171.48 71.5684066
171.49 71.5710595
171.5 71.5736885
171.51 71.5763175
171.52 71.5789226
171.53 71.5815277
171.54 71.5841089
171.55 71.5866662
171.56 71.5892235
171.57 71.5917569
171.58 71.5942903
171.59 71.5967998
171.6 71.5992854
171.61 71.601771
171.62 71.6042327
171.63 71.6066705
171.64 71.6091083
171.65 71.6115222
171.66 71.6139361
171.67 71.6163261
171.68 71.6186922
171.69 71.6210583
171.7 71.6234244
171.71 71.6257427
171.72 71.628061
171.73 71.6303793
171.74 71.6326737
171.75 71.6349442
171.76 71.6372147
171.77 71.6394613
171.78 71.641684
171.79 71.6439067
171.8 71.6461294
171.81 71.6483282
171.82 71.6505031
171.83 71.652678
171.84 71.654829
171.85 71.6569561
171.86 71.6590832
171.87 71.6612103
171.88 71.6633135
171.89 71.6653928
171.9 71.6674721
171.91 71.6695275
171.92 71.671559
171.93 71.6735905
171.94 71.675622
171.95 71.6776296
171.96 71.6796133
171.97 71.681597
171.98 71.6835807
171.99 71.6855166
172.0 71.6874764
172.01 71.6893884
172.02 71.6913243
172.03 71.6932124
172.04 71.6951005
172.05 71.6969886
172.06 71.6988528
172.07 71.7006931
172.08 71.7025334
172.09 71.7043737
172.1 71.7061901
172.11 71.7079826
172.12 71.7097751
172.13 71.7115676
172.14 71.7133123
172.15 71.7150809
172.16 71.7168256
172.17 71.7185464
172.18 71.7202672
172.19 71.7219641
172.2 71.723661
172.21 71.725334
172.22 71.727007
172.23 71.7286561
172.24 71.7303052
172.25 71.7319304
172.26 71.7335556
172.27 71.7351808
172.28 71.7367582
172.29 71.7383595
172.3 71.7399369
172.31 71.7414904
172.32 71.7430439
172.33 71.7445735
172.34 71.7461031
172.35 71.7476327
172.36 71.7491384
172.37 71.7506202
172.38 71.752102
172.39 71.7535838
172.4 71.7550417
172.41 71.7564996
172.42 71.7579336
172.43 71.7593676
172.44 71.7607777
172.45 71.7621878
172.46 71.763574
172.47 71.7649602
172.48 71.7663225
172.49 71.7676848
172.5 71.7690471
172.51 71.7703855
172.52 71.7717
172.53 71.7730384
172.54 71.774329
172.55 71.7756435
172.56 71.7769102
172.57 71.7782008
172.58 71.7794675
172.59 71.7807103
172.6 71.7819531
172.61 71.7831959
172.62 71.7844148
172.63 71.7856337
172.64 71.7868526
172.65 71.7880476
172.66 71.7892187
172.67 71.7903898
172.68 71.7915609
172.69 71.7927081
172.7 71.7938553
172.71 71.7950025
172.72 71.7961258
172.73 71.7972252
172.74 71.7983485
172.75 71.799424
172.76 71.8005234
172.77 71.8015989
172.78 71.8026505
172.79 71.803726
172.8 71.8047776
172.81 71.8058053
172.82 71.806833
172.83 71.8078607
172.84 71.8088645
172.85 71.8098683
172.86 71.8108482
172.87 71.8118281
172.88 71.812808
172.89 71.813764
172.9 71.81472
172.91 71.815676
172.92 71.8166081
172.93 71.8175402
172.94 71.8184723
172.95 71.8193805
172.96 71.8202648
172.97 71.821173
172.98 71.8220573
172.99 71.8229177
173.0 71.823802
173.01 71.8246624
173.02 71.8254989
173.03 71.8263354
173.04 71.8271719
173.05 71.8280084
173.06 71.828821
173.07 71.8296336
173.08 71.8304223
173.09 71.831211
173.1 71.8319997
173.11 71.8327645
173.12 71.8335293
173.13 71.8342941
173.14 71.8350589
173.15 71.8357998
173.16 71.8365168
173.17 71.8372577
173.18 71.8379747
173.19 71.8386917
173.2 71.8393848
173.21 71.8400779
173.22 71.840771
173.23 71.8414641
173.24 71.8421333
173.25 71.8428025
173.26 71.8434478
173.27 71.8440931
173.28 71.8447384
173.29 71.8453837
173.3 71.8460051
173.31 71.8466265
173.32 71.8472479
173.33 71.8478454
173.34 71.8484429
173.35 71.8490404
173.36 71.8496379
173.37 71.8502115
173.38 71.8507851
173.39 71.8513348
173.4 71.8519084
173.41 71.8524581
173.42 71.8529839
173.43 71.8535336
173.44 71.8540594
173.45 71.8545852
173.46 71.855111
173.47 71.8556129
173.48 71.8561148
173.49 71.8566167
173.5 71.8570947
173.51 71.8575966
173.52 71.8580746
173.53 71.8585287
173.54 71.8590067
173.55 71.8594608
173.56 71.8599149
173.57 71.860369
173.58 71.8607992
173.59 71.8612294
173.6 71.8616596
173.61 71.8620898
173.62 71.8624961
173.63 71.8629263
173.64 71.8633326
173.65 71.863715
173.66 71.8641213
173.67 71.8645037
173.68 71.8648861
173.69 71.8652685
173.7 71.865627
173.71 71.8659855
173.72 71.866344
173.73 71.8667025
173.74 71.867061
173.75 71.8673956
173.76 71.8677302
173.77 71.8680648
173.78 71.8683994
173.79 71.8687101
173.8 71.8690447
173.81 71.8693554
173.82 71.8696661
173.83 71.8699529
173.84 71.8702636
173.85 71.8705504
173.86 71.8708372
173.87 71.871124
173.88 71.8713869
173.89 71.8716737
173.9 71.8719366
173.91 71.8721995
173.92 71.8724624
173.93 71.8727014
173.94 71.8729643
173.95 71.8732033
173.96 71.8734423
173.97 71.8736813
173.98 71.8738964
173.99 71.8741354
174.0 71.8743505
174.01 71.8745656
174.02 71.8747807
174.03 71.8749958
174.04 71.875187
174.05 71.8753782
174.06 71.8755694
174.07 71.8757606
174.08 71.8759518
174.09 71.876143
174.1 71.8763103
174.11 71.8764776
174.12 71.8766449
174.13 71.8768122
174.14 71.8769795
174.15 71.8771229
174.16 71.8772902
174.17 71.8774336
174.18 71.877577
174.19 71.8776965
174.2 71.8778399
174.21 71.8779594
174.22 71.8781028
174.23 71.8782223
174.24 71.8783179
174.25 71.8784374
174.26 71.8785569
174.27 71.8786525
174.28 71.8787481
174.29 71.8788437
174.3 71.8789393
174.31 71.8790349
174.32 71.8791066
174.33 71.8792022
174.34 71.8792739
174.35 71.8793456
174.36 71.8794173
174.37 71.8794651
174.38 71.8795368
174.39 71.8795846
174.4 71.8796324
174.41 71.8796802
174.42 71.879728
174.43 71.8797758
174.44 71.8797997
174.45 71.8798475
174.46 71.8798714
174.47 71.8798953
174.48 71.8799192
174.49 71.8799431
174.5 71.8799431
174.51 71.879967
174.52 71.879967
174.53 71.879967
174.54 71.879967
174.55 71.879967
174.56 71.8799431
174.57 71.8799431
174.58 71.8799192
174.59 71.8798953
174.6 71.8798953
174.61 71.8798475
174.62 71.8798236
174.63 71.8797997
174.64 71.8797519
174.65 71.879728
174.66 71.8796802
174.67 71.8796324
174.68 71.8795846
174.69 71.8795129
174.7 71.8794651
174.71 71.8793934
174.72 71.8793456
174.73 71.8792739
174.74 71.8792022
174.75 71.8791305
174.76 71.8790349
174.77 71.8789632
174.78 71.8788915
174.79 71.8787959
174.8 71.8787003
174.81 71.8786047
174.82 71.8785091
174.83 71.8784135
174.84 71.8783179
174.85 71.8781984
174.86 71.8780789
174.87 71.8779833
174.88 71.8778638
174.89 71.8777443
174.9 71.8776248
174.91 71.8774814
174.92 71.8773619
174.93 71.8772424
174.94 71.877099
174.95 71.8769556
174.96 71.8768122
174.97 71.8766688
174.98 71.8765254
174.99 71.876382
175.0 71.8762147
175.01 71.8760713
175.02 71.875904
175.03 71.8757606
175.04 71.8755933
175.05 71.875426
175.06 71.8752587
175.07 71.8750675
175.08 71.8749002
175.09 71.8747329
175.1 71.8745417
175.11 71.8743505
175.12 71.8741832
175.13 71.873992
175.14 71.8738008
175.15 71.8735857
175.16 71.8733945
175.17 71.8732033
175.18 71.8729882
175.19 71.872797
175.2 71.8725819
175.21 71.8723668
175.22 71.8721517
175.23 71.8719366
175.24 71.8717215
175.25 71.8715064
175.26 71.8712913
175.27 71.8710523
175.28 71.8708372
175.29 71.8705982
175.3 71.8703592
175.31 71.8701441
175.32 71.8699051
175.33 71.8696661
175.34 71.8694032
175.35 71.8691642
175.36 71.8689252
175.37 71.8686623
175.38 71.8684233
175.39 71.8681604
175.4 71.8679214
175.41 71.8676585
175.42 71.8673956
175.43 71.8671327
175.44 71.8668698
175.45 71.8666069
175.46 71.8663201
175.47 71.8660572
175.48 71.8657704
175.49 71.8655075
175.5 71.8652207
175.51 71.8649578
175.52 71.864671
175.53 71.8643842
175.54 71.8640974
175.55 71.8638106
175.56 71.8635238
175.57 71.8632131
175.58 71.8629263
175.59 71.8626395
175.6 71.8623288
175.61 71.862042
175.62 71.8617313
175.63 71.8614206
175.64 71.8611099
175.65 71.8608231
175.66 71.8605124
175.67 71.8602017
175.68 71.8598671
175.69 71.8595564
175.7 71.8592457
175.71 71.858935
175.72 71.8586004
175.73 71.8582897
175.74 71.8579551
175.75 71.8576444
175.76 71.8573098
175.77 71.8569752
175.78 71.8566406
175.79 71.856306
175.8 71.8559953
175.81 71.8556368
175.82 71.8553022
175.83 71.8549676
175.84 71.854633
175.85 71.8542984
175.86 71.8539399
175.87 71.8536053
175.88 71.8532468
175.89 71.8529122
175.9 71.8525537
175.91 71.8522191
175.92 71.8518606
175.93 71.8515021
175.94 71.8511436
175.95 71.8507851
175.96 71.8504266
175.97 71.8500681
175.98 71.8497096
175.99 71.8493511
176.0 71.8489926
176.01 71.8486341
176.02 71.8482517
176.03 71.8478932
176.04 71.8475347
176.05 71.8471523
176.06 71.8467938
176.07 71.8464114
176.08 71.8460529
176.09 71.8456705
176.1 71.8452881
176.11 71.8449296
176.12 71.8445472
176.13 71.8441648
176.14 71.8437824
176.15 71.8434
176.16 71.8430176
176.17 71.8426352
176.18 71.8422528
176.19 71.8418704
176.2 71.841488
176.21 71.8411056
176.22 71.8407232
176.23 71.8403408
176.24 71.8399345
176.25 71.8395521
176.26 71.8391697
176.27 71.8387634
176.28 71.838381
176.29 71.8379747
176.3 71.8375923
176.31 71.837186
176.32 71.8368036
176.33 71.8363973
176.34 71.8360149
176.35 71.8356086
176.36 71.8352023
176.37 71.8348199
176.38 71.8344136
176.39 71.8340073
176.4 71.833601
176.41 71.8332186
176.42 71.8328123
176.43 71.832406
176.44 71.8319997
176.45 71.8315934
176.46 71.8311871
176.47 71.8307808
176.48 71.8303745
176.49 71.8299682
176.5 71.8295619
176.51 71.8291556
176.52 71.8287493
176.53 71.828343
176.54 71.8279367
176.55 71.8275304
176.56 71.8271241
176.57 71.8267178
176.58 71.8262876
176.59 71.8258813
176.6 71.825475
176.61 71.8250687
176.62 71.8246624
176.63 71.8242561
176.64 71.8238259
176.65 71.8234196
176.66 71.8230133
176.67 71.822607
176.68 71.8221768
176.69 71.8217705
176.7 71.8213642
176.71 71.8209579
176.72 71.8205277
176.73 71.8201214
176.74 71.8197151
176.75 71.8192849
176.76 71.8188786
176.77 71.8184723
176.78 71.818066
176.79 71.8176358
176.8 71.8172295
176.81 71.8168232
176.82 71.816393
176.83 71.8159867
176.84 71.8155804
176.85 71.8151741
176.86 71.8147439
176.87 71.8143376
176.88 71.8139313
176.89 71.8135011
176.9 71.8130948
176.91 71.8126885
176.92 71.8122822
176.93 71.8118759
176.94 71.8114457
176.95 71.8110394
176.96 71.8106331
176.97 71.8102268
176.98 71.8098205
176.99 71.8093903
177.0 71.808984
177.01 71.8085777
177.02 71.8081714
177.03 71.8077651
177.04 71.8073588
177.05 71.8069525
177.06 71.8065462
177.07 71.8061399
177.08 71.8057336
177.09 71.8053273
177.1 71.8048971
177.11 71.8044908
177.12 71.8040845
177.13 71.8036782
177.14 71.8032719
177.15 71.8028656
177.16 71.8024832
177.17 71.8020769
177.18 71.8016706
177.19 71.8012643
177.2 71.800858
177.21 71.8004517
177.22 71.8000454
177.23 71.7996391
177.24 71.7992328
177.25 71.7988265
177.26 71.7984202
177.27 71.7980378
177.28 71.7976315
177.29 71.7972252
177.3 71.7968189
177.31 71.7964126
177.32 71.7960063
177.33 71.7956239
177.34 71.7952176
177.35 71.7948113
177.36 71.794405
177.37 71.7940226
177.38 71.7936163
177.39 71.79321
177.4 71.7928037
177.41 71.7924213
177.42 71.792015
177.43 71.7916087
177.44 71.7912263
177.45 71.79082
177.46 71.7904137
177.47 71.7900313
177.48 71.789625
177.49 71.7892187
177.5 71.7888363
177.51 71.78843
177.52 71.7880237
177.53 71.7876413
177.54 71.787235
177.55 71.7868526
177.56 71.7864463
177.57 71.7860639
177.58 71.7856576
177.59 71.7852752
177.6 71.7848689
177.61 71.7844626
177.62 71.7840802
177.63 71.7836739
177.64 71.7832915
177.65 71.7828852
177.66 71.7825028
177.67 71.7820965
177.68 71.7817141
177.69 71.7813317
177.7 71.7809254
177.71 71.780543
177.72 71.7801367
177.73 71.7797543
177.74 71.779348
177.75 71.7789656
177.76 71.7785832
177.77 71.7781769
177.78 71.7777945
177.79 71.7774121
177.8 71.7770058
177.81 71.7766234
177.82 71.7762171
177.83 71.7758347
177.84 71.7754523
177.85 71.775046
177.86 71.7746636
177.87 71.7742812
177.88 71.7738988
177.89 71.7734925
177.9 71.7731101
177.91 71.7727277
177.92 71.7723214
177.93 71.771939
177.94 71.7715566
177.95 71.7711742
177.96 71.7707918
177.97 71.7703855
177.98 71.7700031
177.99 71.7696207
178.0 71.7692383
178.01 71.768832
178.02 71.7684496
178.03 71.7680672
178.04 71.7676848
178.05 71.7673024
178.06 71.76692
178.07 71.7665137
178.08 71.7661313
178.09 71.7657489
178.1 71.7653665
178.11 71.7649841
178.12 71.7646017
178.13 71.7642193
178.14 71.7638369
178.15 71.7634545
178.16 71.7630482
178.17 71.7626658
178.18 71.7622834
178.19 71.761901
178.2 71.7615186
178.21 71.7611362
178.22 71.7607538
178.23 71.7603714
178.24 71.759989
178.25 71.7596066
178.26 71.7592242
178.27 71.7588418
178.28 71.7584594
178.29 71.758077
178.3 71.7576946
178.31 71.7573122
178.32 71.7569298
178.33 71.7565474
178.34 71.756165
178.35 71.7557826
178.36 71.7554002
178.37 71.7550178
178.38 71.7546354
178.39 71.754253
178.4 71.7538706
178.41 71.7534882
178.42 71.7531297
178.43 71.7527473
178.44 71.7523649
178.45 71.7519825
178.46 71.7516001
178.47 71.7512177
178.48 71.7508353
178.49 71.7504529
178.5 71.7500705
178.51 71.749712
178.52 71.7493296
178.53 71.7489472
178.54 71.7485648
178.55 71.7481824
178.56 71.7478
178.57 71.7474176
178.58 71.7470591
178.59 71.7466767
178.6 71.7462943
178.61 71.7459119
178.62 71.7455295
178.63 71.745171
178.64 71.7447886
178.65 71.7444062
178.66 71.7440238
178.67 71.7436414
178.68 71.7432829
178.69 71.7429005
178.7 71.7425181
178.71 71.7421357
178.72 71.7417772
178.73 71.7413948
178.74 71.7410124
178.75 71.74063
178.76 71.7402715
178.77 71.7398891
178.78 71.7395067
178.79 71.7391243
178.8 71.7387658
178.81 71.7383834
178.82 71.738001
178.83 71.7376425
178.84 71.7372601
178.85 71.7368777
178.86 71.7365192
178.87 71.7361368
178.88 71.7357544
178.89 71.735372
178.9 71.7350135
178.91 71.7346311
178.92 71.7342487
178.93 71.7338902
178.94 71.7335078
178.95 71.7331493
178.96 71.7327669
178.97 71.7323845
178.98 71.732026
178.99 71.7316436
179.0 71.7312612
179.01 71.7309027
179.02 71.7305203
179.03 71.7301379
179.04 71.7297794
179.05 71.729397
179.06 71.7290385
179.07 71.7286561
179.08 71.7282737
179.09 71.7279152
179.1 71.7275328
179.11 71.7271743
179.12 71.7267919
179.13 71.7264095
179.14 71.726051
179.15 71.7256686
179.16 71.7253101
179.17 71.7249277
179.18 71.7245453
179.19 71.7241868
179.2 71.7238044
179.21 71.7234459
179.22 71.7230635
179.23 71.722705
179.24 71.7223226
179.25 71.7219641
179.26 71.7215817
179.27 71.7211993
179.28 71.7208408
179.29 71.7204584
179.3 71.7200999
179.31 71.7197175
179.32 71.719359
179.33 71.7189766
179.34 71.7186181
179.35 71.7182357
179.36 71.7178772
179.37 71.7174948
179.38 71.7171363
179.39 71.7167539
179.4 71.7163954
179.41 71.716013
179.42 71.7156545
179.43 71.7152721
179.44 71.7149136
179.45 71.7145312
179.46 71.7141727
179.47 71.7137903
179.48 71.7134318
179.49 71.7130494
179.5 71.7126909
179.51 71.7123085
179.52 71.71195
179.53 71.7115676
179.54 71.7112091
179.55 71.7108267
179.56 71.7104682
179.57 71.7100858
179.58 71.7097273
179.59 71.7093449
179.6 71.7089864
179.61 71.708604
179.62 71.7082455
179.63 71.7078631
179.64 71.7075046
179.65 71.7071222
179.66 71.7067637
179.67 71.7063813
179.68 71.7060228
179.69 71.7056643
179.7 71.7052819
179.71 71.7049234
179.72 71.704541
179.73 71.7041825
179.74 71.7038001
179.75 71.7034416
179.76 71.7030592
179.77 71.7027007
179.78 71.7023183
179.79 71.7019598
179.8 71.7016013
179.81 71.7012189
179.82 71.7008604
179.83 71.700478
179.84 71.7001195
179.85 71.6997371
179.86 71.6993786
179.87 71.6989962
179.88 71.6986377
179.89 71.6982553
179.9 71.6978968
179.91 71.6975383
179.92 71.6971559
179.93 71.6967974
179.94 71.696415
179.95 71.6960565
179.96 71.6956741
179.97 71.6953156
179.98 71.6949332
179.99 71.6945747
180.0 71.6942162
180.01 71.6942162
