-180.0 3.3819695
-179.99 3.3817783
-179.98 3.3815632
-179.97 3.3813481
-179.96 3.3811569
-179.95 3.3809418
-179.94 3.3807267
-179.93 3.3805355
-179.92 3.3803204
-179.91 3.3801053
-179.9 3.3798902
-179.89 3.379699
-179.88 3.3794839
-179.87 3.3792688
-179.86 3.3790776
-179.85 3.3788625
-179.84 3.3786474
-179.83 3.3784562
-179.82 3.3782411
-179.81 3.378026
-179.8 3.3778348
-179.79 3.3776197
-179.78 3.3774046
-179.77 3.3772134
-179.76 3.3769983
-179.75 3.3767832
-179.74 3.376592
-179.73 3.3763769
-179.72 3.3761618
-179.71 3.3759706
-179.7 3.3757555
-179.69 3.3755404
-179.68 3.3753492
-179.67 3.3751341
-179.66 3.3749429
-179.65 3.3747278
-179.64 3.3745127
-179.63 3.3743215
-179.62 3.3741064
-179.61 3.3738913
-179.6 3.3737001
-179.59 3.373485
-179.58 3.3732699
-179.57 3.3730787
-179.56 3.3728636
-179.55 3.3726485
-179.54 3.3724573
-179.53 3.3722422
-179.52 3.3720271
-179.51 3.3718359
-179.5 3.3716208
-179.49 3.3714057
-179.48 3.3712145
-179.47 3.3709994
-179.46 3.3707843
-179.45 3.3705931
-179.44 3.370378
-179.43 3.3701629
-179.42 3.3699717
-179.41 3.3697566
-179.4 3.3695415
-179.39 3.3693503
-179.38 3.3691352
-179.37 3.3689201
-179.36 3.3687289
-179.35 3.3685138
-179.34 3.3682987
-179.33 3.3681075
-179.32 3.3678924
-179.31 3.3676773
-179.3 3.3674861
-179.29 3.367271
-179.28 3.3670798
-179.27 3.3668647
-179.26 3.3666496
-179.25 3.3664584
-179.24 3.3662433
-179.23 3.3660282
-179.22 3.365837
-179.21 3.3656219
-179.2 3.3654068
-179.19 3.3652156
-179.18 3.3650005
-179.17 3.3647854
-179.16 3.3645942
-179.15 3.3643791
-179.14 3.364164
-179.13 3.3639728
-179.12 3.3637577
-179.11 3.3635426
-179.1 3.3633514
-179.09 3.3631363
-179.08 3.3629451
-179.07 3.36273
-179.06 3.3625149
-179.05 3.3623237
-179.04 3.3621086
-179.03 3.3618935
-179.02 3.3617023
-179.01 3.3614872
-179.0 3.3612721
-178.99 3.3610809
-178.98 3.3608658
-178.97 3.3606507
-178.96 3.3604595
-178.95 3.3602444
-178.94 3.3600293
-178.93 3.3598381
-178.92 3.359623
-178.91 3.3594318
-178.9 3.3592167
-178.89 3.3590016
-178.88 3.3588104
-178.87 3.3585953
-178.86 3.3583802
-178.85 3.358189
-178.84 3.3579739
-178.83 3.3577588
-178.82 3.3575676
-178.81 3.3573525
-178.8 3.3571374
-178.79 3.3569462
-178.78 3.3567311
-178.77 3.3565399
-178.76 3.3563248
-178.75 3.3561097
-178.74 3.3559185
-178.73 3.3557034
-178.72 3.3554883
-178.71 3.3552971
-178.7 3.355082
-178.69 3.3548669
-178.68 3.3546757
-178.67 3.3544606
-178.66 3.3542694
-178.65 3.3540543
-178.64 3.3538392
-178.63 3.353648
-178.62 3.3534329
-178.61 3.3532178
-178.6 3.3530266
-178.59 3.3528115
-178.58 3.3525964
-178.57 3.3524052
-178.56 3.3521901
-178.55 3.3519989
-178.54 3.3517838
-178.53 3.3515687
-178.52 3.3513775
-178.51 3.3511624
-178.5 3.3509473
-178.49 3.3507561
-178.48 3.350541
-178.47 3.3503498
-178.46 3.3501347
-178.45 3.3499196
-178.44 3.3497284
-178.43 3.3495133
-178.42 3.3492982
-178.41 3.349107
-178.4 3.3488919
-178.39 3.3487007
-178.38 3.3484856
-178.37 3.3482705
-178.36 3.3480793
-178.35 3.3478642
-178.34 3.3476491
-178.33 3.3474579
-178.32 3.3472428
-178.31 3.3470516
-178.3 3.3468365
-178.29 3.3466214
-178.28 3.3464302
-178.27 3.3462151
-178.26 3.346
-178.25 3.3458088
-178.24 3.3455937
-178.23 3.3454025
-178.22 3.3451874
-178.21 3.3449723
-178.2 3.3447811
-178.19 3.344566
-178.18 3.3443509
-178.17 3.3441597
-178.16 3.3439446
-178.15 3.3437534
-178.14 3.3435383
-178.13 3.3433232
-178.12 3.343132
-178.11 3.3429169
-178.1 3.3427018
-178.09 3.3425106
-178.08 3.3422955
-178.07 3.3421043
-178.06 3.3418892
-178.05 3.3416741
-178.04 3.3414829
-178.03 3.3412678
-178.02 3.3410766
-178.01 3.3408615
-178.0 3.3406464
-177.99 3.3404552
-177.98 3.3402401
-177.97 3.340025
-177.96 3.3398338
-177.95 3.3396187
-177.94 3.3394275
-177.93 3.3392124
-177.92 3.3389973
-177.91 3.3388061
-177.9 3.338591
-177.89 3.3383998
-177.88 3.3381847
-177.87 3.3379696
-177.86 3.3377784
-177.85 3.3375633
-177.84 3.3373482
-177.83 3.337157
-177.82 3.3369419
-177.81 3.3367507
-177.8 3.3365356
-177.79 3.3363205
-177.78 3.3361293
-177.77 3.3359142
-177.76 3.335723
-177.75 3.3355079
-177.74 3.3352928
-177.73 3.3351016
-177.72 3.3348865
-177.71 3.3346953
-177.7 3.3344802
-177.69 3.3342651
-177.68 3.3340739
-177.67 3.3338588
-177.66 3.3336676
-177.65 3.3334525
-177.64 3.3332374
-177.63 3.3330462
-177.62 3.3328311
-177.61 3.3326399
-177.6 3.3324248
-177.59 3.3322097
-177.58 3.3320185
-177.57 3.3318034
-177.56 3.3315883
-177.55 3.3313971
-177.54 3.331182
-177.53 3.3309908
-177.52 3.3307757
-177.51 3.3305606
-177.5 3.3303694
-177.49 3.3301543
-177.48 3.3299631
-177.47 3.329748
-177.46 3.3295329
-177.45 3.3293417
-177.44 3.3291266
-177.43 3.3289354
-177.42 3.3287203
-177.41 3.3285052
-177.4 3.328314
-177.39 3.3280989
-177.38 3.3279077
-177.37 3.3276926
-177.36 3.3275014
-177.35 3.3272863
-177.34 3.3270712
-177.33 3.32688
-177.32 3.3266649
-177.31 3.3264737
-177.3 3.3262586
-177.29 3.3260435
-177.28 3.3258523
-177.27 3.3256372
-177.26 3.325446
-177.25 3.3252309
-177.24 3.3250158
-177.23 3.3248246
-177.22 3.3246095
-177.21 3.3244183
-177.2 3.3242032
-177.19 3.3239881
-177.18 3.3237969
-177.17 3.3235818
-177.16 3.3233906
-177.15 3.3231755
-177.14 3.3229604
-177.13 3.3227692
-177.12 3.3225541
-177.11 3.3223629
-177.1 3.3221478
-177.09 3.3219566
-177.08 3.3217415
-177.07 3.3215264
-177.06 3.3213352
-177.05 3.3211201
-177.04 3.3209289
-177.03 3.3207138
-177.02 3.3204987
-177.01 3.3203075
-177.0 3.3200924
-176.99 3.3199012
-176.98 3.3196861
-176.97 3.3194949
-176.96 3.3192798
-176.95 3.3190647
-176.94 3.3188735
-176.93 3.3186584
-176.92 3.3184672
-176.91 3.3182521
-176.9 3.318037
-176.89 3.3178458
-176.88 3.3176307
-176.87 3.3174395
-176.86 3.3172244
-176.85 3.3170332
-176.84 3.3168181
-176.83 3.316603
-176.82 3.3164118
-176.81 3.3161967
-176.8 3.3160055
-176.79 3.3157904
-176.78 3.3155992
-176.77 3.3153841
-176.76 3.315169
-176.75 3.3149778
-176.74 3.3147627
-176.73 3.3145715
-176.72 3.3143564
-176.71 3.3141652
-176.7 3.3139501
-176.69 3.313735
-176.68 3.3135438
-176.67 3.3133287
-176.66 3.3131375
-176.65 3.3129224
-176.64 3.3127312
-176.63 3.3125161
-176.62 3.312301
-176.61 3.3121098
-176.6 3.3118947
-176.59 3.3117035
-176.58 3.3114884
-176.57 3.3112972
-176.56 3.3110821
-176.55 3.310867
-176.54 3.3106758
-176.53 3.3104607
-176.52 3.3102695
-176.51 3.3100544
-176.5 3.3098632
-176.49 3.3096481
-176.48 3.309433
-176.47 3.3092418
-176.46 3.3090267
-176.45 3.3088355
-176.44 3.3086204
-176.43 3.3084292
-176.42 3.3082141
-176.41 3.3080229
-176.4 3.3078078
-176.39 3.3075927
-176.38 3.3074015
-176.37 3.3071864
-176.36 3.3069952
-176.35 3.3067801
-176.34 3.3065889
-176.33 3.3063738
-176.32 3.3061587
-176.31 3.3059675
-176.3 3.3057524
-176.29 3.3055612
-176.28 3.3053461
-176.27 3.3051549
-176.26 3.3049398
-176.25 3.3047486
-176.24 3.3045335
-176.23 3.3043184
-176.22 3.3041272
-176.21 3.3039121
-176.2 3.3037209
-176.19 3.3035058
-176.18 3.3033146
-176.17 3.3030995
-176.16 3.3029083
-176.15 3.3026932
-176.14 3.3024781
-176.13 3.3022869
-176.12 3.3020718
-176.11 3.3018806
-176.1 3.3016655
-176.09 3.3014743
-176.08 3.3012592
-176.07 3.301068
-176.06 3.3008529
-176.05 3.3006617
-176.04 3.3004466
-176.03 3.3002315
-176.02 3.3000403
-176.01 3.2998252
-176.0 3.299634
-175.99 3.2994189
-175.98 3.2992277
-175.97 3.2990126
-175.96 3.2988214
-175.95 3.2986063
-175.94 3.2984151
-175.93 3.2982
-175.92 3.2979849
-175.91 3.2977937
-175.9 3.2975786
-175.89 3.2973874
-175.88 3.2971723
-175.87 3.2969811
-175.86 3.296766
-175.85 3.2965748
-175.84 3.2963597
-175.83 3.2961685
-175.82 3.2959534
-175.81 3.2957383
-175.8 3.2955471
-175.79 3.295332
-175.78 3.2951408
-175.77 3.2949257
-175.76 3.2947345
-175.75 3.2945194
-175.74 3.2943282
-175.73 3.2941131
-175.72 3.2939219
-175.71 3.2937068
-175.7 3.2935156
-175.69 3.2933005
-175.68 3.2931093
-175.67 3.2928942
-175.66 3.2926791
-175.65 3.2924879
-175.64 3.2922728
-175.63 3.2920816
-175.62 3.2918665
-175.61 3.2916753
-175.6 3.2914602
-175.59 3.291269
-175.58 3.2910539
-175.57 3.2908627
-175.56 3.2906476
-175.55 3.2904564
-175.54 3.2902413
-175.53 3.2900501
-175.52 3.289835
-175.51 3.2896438
-175.5 3.2894287
-175.49 3.2892136
-175.48 3.2890224
-175.47 3.2888073
-175.46 3.2886161
-175.45 3.288401
-175.44 3.2882098
-175.43 3.2879947
-175.42 3.2878035
-175.41 3.2875884
-175.4 3.2873972
-175.39 3.2871821
-175.38 3.2869909
-175.37 3.2867758
-175.36 3.2865846
-175.35 3.2863695
-175.34 3.2861783
-175.33 3.2859632
-175.32 3.285772
-175.31 3.2855569
-175.3 3.2853657
-175.29 3.2851506
-175.28 3.2849594
-175.27 3.2847443
-175.26 3.2845292
-175.25 3.284338
-175.24 3.2841229
-175.23 3.2839317
-175.22 3.2837166
-175.21 3.2835254
-175.2 3.2833103
-175.19 3.2831191
-175.18 3.282904
-175.17 3.2827128
-175.16 3.2824977
-175.15 3.2823065
-175.14 3.2820914
-175.13 3.2819002
-175.12 3.2816851
-175.11 3.2814939
-175.1 3.2812788
-175.09 3.2810876
-175.08 3.2808725
-175.07 3.2806813
-175.06 3.2804662
-175.05 3.280275
-175.04 3.2800599
-175.03 3.2798687
-175.02 3.2796536
-175.01 3.2794624
-175.0 3.2792473
-174.99 3.2790561
-174.98 3.278841
-174.97 3.2786498
-174.96 3.2784347
-174.95 3.2782435
-174.94 3.2780284
-174.93 3.2778372
-174.92 3.2776221
-174.91 3.2774309
-174.9 3.2772158
-174.89 3.2770246
-174.88 3.2768095
-174.87 3.2766183
-174.86 3.2764032
-174.85 3.276212
-174.84 3.2759969
-174.83 3.2758057
-174.82 3.2755906
-174.81 3.2753994
-174.8 3.2751843
-174.79 3.2749931
-174.78 3.274778
-174.77 3.2745868
-174.76 3.2743717
-174.75 3.2741805
-174.74 3.2739654
-174.73 3.2737742
-174.72 3.2735591
-174.71 3.2733679
-174.7 3.2731528
-174.69 3.2729616
-174.68 3.2727465
-174.67 3.2725553
-174.66 3.2723402
-174.65 3.272149
-174.64 3.2719339
-174.63 3.2717427
-174.62 3.2715276
-174.61 3.2713364
-174.6 3.2711452
-174.59 3.2709301
-174.58 3.2707389
-174.57 3.2705238
-174.56 3.2703326
-174.55 3.2701175
-174.54 3.2699263
-174.53 3.2697112
-174.52 3.26952
-174.51 3.2693049
-174.5 3.2691137
-174.49 3.2688986
-174.48 3.2687074
-174.47 3.2684923
-174.46 3.2683011
-174.45 3.268086
-174.44 3.2678948
-174.43 3.2676797
-174.42 3.2674885
-174.41 3.2672734
-174.4 3.2670822
-174.39 3.2668671
-174.38 3.2666759
-174.37 3.2664847
-174.36 3.2662696
-174.35 3.2660784
-174.34 3.2658633
-174.33 3.2656721
-174.32 3.265457
-174.31 3.2652658
-174.3 3.2650507
-174.29 3.2648595
-174.28 3.2646444
-174.27 3.2644532
-174.26 3.2642381
-174.25 3.2640469
-174.24 3.2638318
-174.23 3.2636406
-174.22 3.2634255
-174.21 3.2632343
-174.2 3.2630431
-174.19 3.262828
-174.18 3.2626368
-174.17 3.2624217
-174.16 3.2622305
-174.15 3.2620154
-174.14 3.2618242
-174.13 3.2616091
-174.12 3.2614179
-174.11 3.2612028
-174.1 3.2610116
-174.09 3.2607965
-174.08 3.2606053
-174.07 3.2604141
-174.06 3.260199
-174.05 3.2600078
-174.04 3.2597927
-174.03 3.2596015
-174.02 3.2593864
-174.01 3.2591952
-174.0 3.2589801
-173.99 3.2587889
-173.98 3.2585738
-173.97 3.2583826
-173.96 3.2581914
-173.95 3.2579763
-173.94 3.2577851
-173.93 3.25757
-173.92 3.2573788
-173.91 3.2571637
-173.9 3.2569725
-173.89 3.2567574
-173.88 3.2565662
-173.87 3.256375
-173.86 3.2561599
-173.85 3.2559687
-173.84 3.2557536
-173.83 3.2555624
-173.82 3.2553473
-173.81 3.2551561
-173.8 3.254941
-173.79 3.2547498
-173.78 3.2545586
-173.77 3.2543435
-173.76 3.2541523
-173.75 3.2539372
-173.74 3.253746
-173.73 3.2535309
-173.72 3.2533397
-173.71 3.2531246
-173.7 3.2529334
-173.69 3.2527422
-173.68 3.2525271
-173.67 3.2523359
-173.66 3.2521208
-173.65 3.2519296
-173.64 3.2517145
-173.63 3.2515233
-173.62 3.2513321
-173.61 3.251117
-173.6 3.2509258
-173.59 3.2507107
-173.58 3.2505195
-173.57 3.2503044
-173.56 3.2501132
-173.55 3.249922
-173.54 3.2497069
-173.53 3.2495157
-173.52 3.2493006
-173.51 3.2491094
-173.5 3.2488943
-173.49 3.2487031
-173.48 3.2485119
-173.47 3.2482968
-173.46 3.2481056
-173.45 3.2478905
-173.44 3.2476993
-173.43 3.2474842
-173.42 3.247293
-173.41 3.2471018
-173.4 3.2468867
-173.39 3.2466955
-173.38 3.2464804
-173.37 3.2462892
-173.36 3.246098
-173.35 3.2458829
-173.34 3.2456917
-173.33 3.2454766
-173.32 3.2452854
-173.31 3.2450703
-173.3 3.2448791
-173.29 3.2446879
-173.28 3.2444728
-173.27 3.2442816
-173.26 3.2440665
-173.25 3.2438753
-173.24 3.2436841
-173.23 3.243469
-173.22 3.2432778
-173.21 3.2430627
-173.2 3.2428715
-173.19 3.2426803
-173.18 3.2424652
-173.17 3.242274
-173.16 3.2420589
-173.15 3.2418677
-173.14 3.2416765
-173.13 3.2414614
-173.12 3.2412702
-173.11 3.2410551
-173.1 3.2408639
-173.09 3.2406488
-173.08 3.2404576
-173.07 3.2402664
-173.06 3.2400513
-173.05 3.2398601
-173.04 3.2396689
-173.03 3.2394538
-173.02 3.2392626
-173.01 3.2390475
-173.0 3.2388563
-172.99 3.2386651
-172.98 3.23845
-172.97 3.2382588
-172.96 3.2380437
-172.95 3.2378525
-172.94 3.2376613
-172.93 3.2374462
-172.92 3.237255
-172.91 3.2370399
-172.9 3.2368487
-172.89 3.2366575
-172.88 3.2364424
-172.87 3.2362512
-172.86 3.2360361
-172.85 3.2358449
-172.84 3.2356537
-172.83 3.2354386
-172.82 3.2352474
-172.81 3.2350562
-172.8 3.2348411
-172.79 3.2346499
-172.78 3.2344348
-172.77 3.2342436
-172.76 3.2340524
-172.75 3.2338373
-172.74 3.2336461
-172.73 3.233431
-172.72 3.2332398
-172.71 3.2330486
-172.7 3.2328335
-172.69 3.2326423
-172.68 3.2324511
-172.67 3.232236
-172.66 3.2320448
-172.65 3.2318297
-172.64 3.2316385
-172.63 3.2314473
-172.62 3.2312322
-172.61 3.231041
-172.6 3.2308498
-172.59 3.2306347
-172.58 3.2304435
-172.57 3.2302523
-172.56 3.2300372
-172.55 3.229846
-172.54 3.2296309
-172.53 3.2294397
-172.52 3.2292485
-172.51 3.2290334
-172.5 3.2288422
-172.49 3.228651
-172.48 3.2284359
-172.47 3.2282447
-172.46 3.2280535
-172.45 3.2278384
-172.44 3.2276472
-172.43 3.2274321
-172.42 3.2272409
-172.41 3.2270497
-172.4 3.2268346
-172.39 3.2266434
-172.38 3.2264522
-172.37 3.2262371
-172.36 3.2260459
-172.35 3.2258547
-172.34 3.2256396
-172.33 3.2254484
-172.32 3.2252572
-172.31 3.2250421
-172.3 3.2248509
-172.29 3.2246597
-172.28 3.2244446
-172.27 3.2242534
-172.26 3.2240383
-172.25 3.2238471
-172.24 3.2236559
-172.23 3.2234408
-172.22 3.2232496
-172.21 3.2230584
-172.2 3.2228433
-172.19 3.2226521
-172.18 3.2224609
-172.17 3.2222458
-172.16 3.2220546
-172.15 3.2218634
-172.14 3.2216483
-172.13 3.2214571
-172.12 3.2212659
-172.11 3.2210508
-172.1 3.2208596
-172.09 3.2206684
-172.08 3.2204533
-172.07 3.2202621
-172.06 3.2200709
-172.05 3.2198558
-172.04 3.2196646
-172.03 3.2194734
-172.02 3.2192583
-172.01 3.2190671
-172.0 3.2188759
-171.99 3.2186608
-171.98 3.2184696
-171.97 3.2182784
-171.96 3.2180633
-171.95 3.2178721
-171.94 3.2176809
-171.93 3.2174658
-171.92 3.2172746
-171.91 3.2170834
-171.9 3.2168683
-171.89 3.2166771
-171.88 3.2164859
-171.87 3.2162708
-171.86 3.2160796
-171.85 3.2158884
-171.84 3.2156972
-171.83 3.2154821
-171.82 3.2152909
-171.81 3.2150997
-171.8 3.2148846
-171.79 3.2146934
-171.78 3.2145022
-171.77 3.2142871
-171.76 3.2140959
-171.75 3.2139047
-171.74 3.2136896
-171.73 3.2134984
-171.72 3.2133072
-171.71 3.2130921
-171.7 3.2129009
-171.69 3.2127097
-171.68 3.2125185
-171.67 3.2123034
-171.66 3.2121122
-171.65 3.211921
-171.64 3.2117059
-171.63 3.2115147
-171.62 3.2113235
-171.61 3.2111084
-171.6 3.2109172
-171.59 3.210726
-171.58 3.2105348
-171.57 3.2103197
-171.56 3.2101285
-171.55 3.2099373
-171.54 3.2097222
-171.53 3.209531
-171.52 3.2093398
-171.51 3.2091486
-171.5 3.2089335
-171.49 3.2087423
-171.48 3.2085511
-171.47 3.208336
-171.46 3.2081448
-171.45 3.2079536
-171.44 3.2077385
-171.43 3.2075473
-171.42 3.2073561
-171.41 3.2071649
-171.4 3.2069498
-171.39 3.2067586
-171.38 3.2065674
-171.37 3.2063523
-171.36 3.2061611
-171.35 3.2059699
-171.34 3.2057787
-171.33 3.2055636
-171.32 3.2053724
-171.31 3.2051812
-171.3 3.20499
-171.29 3.2047749
-171.28 3.2045837
-171.27 3.2043925
-171.26 3.2041774
-171.25 3.2039862
-171.24 3.203795
-171.23 3.2036038
-171.22 3.2033887
-171.21 3.2031975
-171.2 3.2030063
-171.19 3.2028151
-171.18 3.2026
-171.17 3.2024088
-171.16 3.2022176
-171.15 3.2020264
-171.14 3.2018113
-171.13 3.2016201
-171.12 3.2014289
-171.11 3.2012138
-171.1 3.2010226
-171.09 3.2008314
-171.08 3.2006402
-171.07 3.2004251
-171.06 3.2002339
-171.05 3.2000427
-171.04 3.1998515
-171.03 3.1996364
-171.02 3.1994452
-171.01 3.199254
-171.0 3.1990628
-170.99 3.1988477
-170.98 3.1986565
-170.97 3.1984653
-170.96 3.1982741
-170.95 3.198059
-170.94 3.1978678
-170.93 3.1976766
-170.92 3.1974854
-170.91 3.1972703
-170.9 3.1970791
-170.89 3.1968879
-170.88 3.1966967
-170.87 3.1964816
-170.86 3.1962904
-170.85 3.1960992
-170.84 3.195908
-170.83 3.1956929
-170.82 3.1955017
-170.81 3.1953105
-170.8 3.1951193
-170.79 3.1949281
-170.78 3.194713
-170.77 3.1945218
-170.76 3.1943306
-170.75 3.1941394
-170.74 3.1939243
-170.73 3.1937331
-170.72 3.1935419
-170.71 3.1933507
-170.7 3.1931356
-170.69 3.1929444
-170.68 3.1927532
-170.67 3.192562
-170.66 3.1923708
-170.65 3.1921557
-170.64 3.1919645
-170.63 3.1917733
-170.62 3.1915821
-170.61 3.191367
-170.6 3.1911758
-170.59 3.1909846
-170.58 3.1907934
-170.57 3.1906022
-170.56 3.1903871
-170.55 3.1901959
-170.54 3.1900047
-170.53 3.1898135
-170.52 3.1896223
-170.51 3.1894072
-170.5 3.189216
-170.49 3.1890248
-170.48 3.1888336
-170.47 3.1886185
-170.46 3.1884273
-170.45 3.1882361
-170.44 3.1880449
-170.43 3.1878537
-170.42 3.1876386
-170.41 3.1874474
-170.4 3.1872562
-170.39 3.187065
-170.38 3.1868738
-170.37 3.1866587
-170.36 3.1864675
-170.35 3.1862763
-170.34 3.1860851
-170.33 3.1858939
-170.32 3.1856788
-170.31 3.1854876
-170.3 3.1852964
-170.29 3.1851052
-170.28 3.184914
-170.27 3.1847228
-170.26 3.1845077
-170.25 3.1843165
-170.24 3.1841253
-170.23 3.1839341
-170.22 3.1837429
-170.21 3.1835278
-170.2 3.1833366
-170.19 3.1831454
-170.18 3.1829542
-170.17 3.182763
-170.16 3.1825479
-170.15 3.1823567
-170.14 3.1821655
-170.13 3.1819743
-170.12 3.1817831
-170.11 3.1815919
-170.1 3.1813768
-170.09 3.1811856
-170.08 3.1809944
-170.07 3.1808032
-170.06 3.180612
-170.05 3.1804208
-170.04 3.1802057
-170.03 3.1800145
-170.02 3.1798233
-170.01 3.1796321
-170.0 3.1794409
-169.99 3.1792497
-169.98 3.1790346
-169.97 3.1788434
-169.96 3.1786522
-169.95 3.178461
-169.94 3.1782698
-169.93 3.1780786
-169.92 3.1778635
-169.91 3.1776723
-169.9 3.1774811
-169.89 3.1772899
-169.88 3.1770987
-169.87 3.1769075
-169.86 3.1767163
-169.85 3.1765012
-169.84 3.17631
-169.83 3.1761188
-169.82 3.1759276
-169.81 3.1757364
-169.8 3.1755452
-169.79 3.1753301
-169.78 3.1751389
-169.77 3.1749477
-169.76 3.1747565
-169.75 3.1745653
-169.74 3.1743741
-169.73 3.1741829
-169.72 3.1739678
-169.71 3.1737766
-169.7 3.1735854
-169.69 3.1733942
-169.68 3.173203
-169.67 3.1730118
-169.66 3.1728206
-169.65 3.1726294
-169.64 3.1724143
-169.63 3.1722231
-169.62 3.1720319
-169.61 3.1718407
-169.6 3.1716495
-169.59 3.1714583
-169.58 3.1712671
-169.57 3.171052
-169.56 3.1708608
-169.55 3.1706696
-169.54 3.1704784
-169.53 3.1702872
-169.52 3.170096
-169.51 3.1699048
-169.5 3.1697136
-169.49 3.1695224
-169.48 3.1693073
-169.47 3.1691161
-169.46 3.1689249
-169.45 3.1687337
-169.44 3.1685425
-169.43 3.1683513
-169.42 3.1681601
-169.41 3.1679689
-169.4 3.1677777
-169.39 3.1675626
-169.38 3.1673714
-169.37 3.1671802
-169.36 3.166989
-169.35 3.1667978
-169.34 3.1666066
-169.33 3.1664154
-169.32 3.1662242
-169.31 3.166033
-169.3 3.1658179
-169.29 3.1656267
-169.28 3.1654355
-169.27 3.1652443
-169.26 3.1650531
-169.25 3.1648619
-169.24 3.1646707
-169.23 3.1644795
-169.22 3.1642883
-169.21 3.1640971
-169.2 3.1639059
-169.19 3.1636908
-169.18 3.1634996
-169.17 3.1633084
-169.16 3.1631172
-169.15 3.162926
-169.14 3.1627348
-169.13 3.1625436
-169.12 3.1623524
-169.11 3.1621612
-169.1 3.16197
-169.09 3.1617788
-169.08 3.1615876
-169.07 3.1613725
-169.06 3.1611813
-169.05 3.1609901
-169.04 3.1607989
-169.03 3.1606077
-169.02 3.1604165
-169.01 3.1602253
-169.0 3.1600341
-168.99 3.1598429
-168.98 3.1596517
-168.97 3.1594605
-168.96 3.1592693
-168.95 3.1590781
-168.94 3.1588869
-168.93 3.1586957
-168.92 3.1584806
-168.91 3.1582894
-168.9 3.1580982
-168.89 3.157907
-168.88 3.1577158
-168.87 3.1575246
-168.86 3.1573334
-168.85 3.1571422
-168.84 3.156951
-168.83 3.1567598
-168.82 3.1565686
-168.81 3.1563774
-168.8 3.1561862
-168.79 3.155995
-168.78 3.1558038
-168.77 3.1556126
-168.76 3.1554214
-168.75 3.1552302
-168.74 3.155039
-168.73 3.1548239
-168.72 3.1546327
-168.71 3.1544415
-168.7 3.1542503
-168.69 3.1540591
-168.68 3.1538679
-168.67 3.1536767
-168.66 3.1534855
-168.65 3.1532943
-168.64 3.1531031
-168.63 3.1529119
-168.62 3.1527207
-168.61 3.1525295
-168.6 3.1523383
-168.59 3.1521471
-168.58 3.1519559
-168.57 3.1517647
-168.56 3.1515735
-168.55 3.1513823
-168.54 3.1511911
-168.53 3.1509999
-168.52 3.1508087
-168.51 3.1506175
-168.5 3.1504263
-168.49 3.1502351
-168.48 3.1500439
-168.47 3.1498527
-168.46 3.1496615
-168.45 3.1494703
-168.44 3.1492791
-168.43 3.1490879
-168.42 3.1488967
-168.41 3.1487055
-168.4 3.1485143
-168.39 3.1483231
-168.38 3.1481319
-168.37 3.1479407
-168.36 3.1477495
-168.35 3.1475583
-168.34 3.1473671
-168.33 3.1471759
-168.32 3.1469847
-168.31 3.1467935
-168.3 3.1466023
-168.29 3.1464111
-168.28 3.1462199
-168.27 3.1460287
-168.26 3.1458375
-168.25 3.1456463
-168.24 3.1454551
-168.23 3.1452639
-168.22 3.1450727
-168.21 3.1448815
-168.2 3.1446903
-168.19 3.1444991
-168.18 3.1443079
-168.17 3.1441167
-168.16 3.1439255
-168.15 3.1437343
-168.14 3.1435431
-168.13 3.1433519
-168.12 3.1431607
-168.11 3.1429695
-168.1 3.1427783
-168.09 3.1425871
-168.08 3.1423959
-168.07 3.1422047
-168.06 3.1420135
-168.05 3.1418223
-168.04 3.1416311
-168.03 3.1414399
-168.02 3.1412487
-168.01 3.1410575
-168.0 3.1408663
-167.99 3.1406751
-167.98 3.1404839
-167.97 3.1403166
-167.96 3.1401254
-167.95 3.1399342
-167.94 3.139743
-167.93 3.1395518
-167.92 3.1393606
-167.91 3.1391694
-167.9 3.1389782
-167.89 3.138787
-167.88 3.1385958
-167.87 3.1384046
-167.86 3.1382134
-167.85 3.1380222
-167.84 3.137831
-167.83 3.1376398
-167.82 3.1374486
-167.81 3.1372574
-167.8 3.1370662
-167.79 3.136875
-167.78 3.1367077
-167.77 3.1365165
-167.76 3.1363253
-167.75 3.1361341
-167.74 3.1359429
-167.73 3.1357517
-167.72 3.1355605
-167.71 3.1353693
-167.7 3.1351781
-167.69 3.1349869
-167.68 3.1347957
-167.67 3.1346045
-167.66 3.1344133
-167.65 3.1342221
-167.64 3.1340548
-167.63 3.1338636
-167.62 3.1336724
-167.61 3.1334812
-167.6 3.13329
-167.59 3.1330988
-167.58 3.1329076
-167.57 3.1327164
-167.56 3.1325252
-167.55 3.132334
-167.54 3.1321428
-167.53 3.1319516
-167.52 3.1317843
-167.51 3.1315931
-167.5 3.1314019
-167.49 3.1312107
-167.48 3.1310195
-167.47 3.1308283
-167.46 3.1306371
-167.45 3.1304459
-167.44 3.1302547
-167.43 3.1300635
-167.42 3.1298962
-167.41 3.129705
-167.4 3.1295138
-167.39 3.1293226
-167.38 3.1291314
-167.37 3.1289402
-167.36 3.128749
-167.35 3.1285578
-167.34 3.1283666
-167.33 3.1281993
-167.32 3.1280081
-167.31 3.1278169
-167.3 3.1276257
-167.29 3.1274345
-167.28 3.1272433
-167.27 3.1270521
-167.26 3.1268609
-167.25 3.1266936
-167.24 3.1265024
-167.23 3.1263112
-167.22 3.12612
-167.21 3.1259288
-167.2 3.1257376
-167.19 3.1255464
-167.18 3.1253552
-167.17 3.1251879
-167.16 3.1249967
-167.15 3.1248055
-167.14 3.1246143
-167.13 3.1244231
-167.12 3.1242319
-167.11 3.1240407
-167.1 3.1238734
-167.09 3.1236822
-167.08 3.123491
-167.07 3.1232998
-167.06 3.1231086
-167.05 3.1229174
-167.04 3.1227262
-167.03 3.1225589
-167.02 3.1223677
-167.01 3.1221765
-167.0 3.1219853
-166.99 3.1217941
-166.98 3.1216029
-166.97 3.1214356
-166.96 3.1212444
-166.95 3.1210532
-166.94 3.120862
-166.93 3.1206708
-166.92 3.1204796
-166.91 3.1202884
-166.9 3.1201211
-166.89 3.1199299
-166.88 3.1197387
-166.87 3.1195475
-166.86 3.1193563
-166.85 3.119189
-166.84 3.1189978
-166.83 3.1188066
-166.82 3.1186154
-166.81 3.1184242
-166.8 3.118233
-166.79 3.1180657
-166.78 3.1178745
-166.77 3.1176833
-166.76 3.1174921
-166.75 3.1173009
-166.74 3.1171336
-166.73 3.1169424
-166.72 3.1167512
-166.71 3.11656
-166.7 3.1163688
-166.69 3.1161776
-166.68 3.1160103
-166.67 3.1158191
-166.66 3.1156279
-166.65 3.1154367
-166.64 3.1152455
-166.63 3.1150782
-166.62 3.114887
-166.61 3.1146958
-166.6 3.1145046
-166.59 3.1143134
-166.58 3.1141461
-166.57 3.1139549
-166.56 3.1137637
-166.55 3.1135725
-166.54 3.1134052
-166.53 3.113214
-166.52 3.1130228
-166.51 3.1128316
-166.5 3.1126404
-166.49 3.1124731
-166.48 3.1122819
-166.47 3.1120907
-166.46 3.1118995
-166.45 3.1117322
-166.44 3.111541
-166.43 3.1113498
-166.42 3.1111586
-166.41 3.1109674
-166.4 3.1108001
-166.39 3.1106089
-166.38 3.1104177
-166.37 3.1102265
-166.36 3.1100592
-166.35 3.109868
-166.34 3.1096768
-166.33 3.1094856
-166.32 3.1093183
-166.31 3.1091271
-166.3 3.1089359
-166.29 3.1087447
-166.28 3.1085774
-166.27 3.1083862
-166.26 3.108195
-166.25 3.1080038
-166.24 3.1078365
-166.23 3.1076453
-166.22 3.1074541
-166.21 3.1072629
-166.2 3.1070956
-166.19 3.1069044
-166.18 3.1067132
-166.17 3.106522
-166.16 3.1063547
-166.15 3.1061635
-166.14 3.1059723
-166.13 3.1057811
-166.12 3.1056138
-166.11 3.1054226
-166.1 3.1052314
-166.09 3.1050402
-166.08 3.1048729
-166.07 3.1046817
-166.06 3.1044905
-166.05 3.1043232
-166.04 3.104132
-166.03 3.1039408
-166.02 3.1037496
-166.01 3.1035823
-166.0 3.1033911
-165.99 3.1031999
-165.98 3.1030326
-165.97 3.1028414
-165.96 3.1026502
-165.95 3.102459
-165.94 3.1022917
-165.93 3.1021005
-165.92 3.1019093
-165.91 3.101742
-165.9 3.1015508
-165.89 3.1013596
-165.88 3.1011684
-165.87 3.1010011
-165.86 3.1008099
-165.85 3.1006187
-165.84 3.1004514
-165.83 3.1002602
-165.82 3.100069
-165.81 3.0999017
-165.8 3.0997105
-165.79 3.0995193
-165.78 3.0993281
-165.77 3.0991608
-165.76 3.0989696
-165.75 3.0987784
-165.74 3.0986111
-165.73 3.0984199
-165.72 3.0982287
-165.71 3.0980614
-165.7 3.0978702
-165.69 3.097679
-165.68 3.0975117
-165.67 3.0973205
-165.66 3.0971293
-165.65 3.096962
-165.64 3.0967708
-165.63 3.0965796
-165.62 3.0964123
-165.61 3.0962211
-165.6 3.0960299
-165.59 3.0958626
-165.58 3.0956714
-165.57 3.0954802
-165.56 3.0953129
-165.55 3.0951217
-165.54 3.0949305
-165.53 3.0947632
-165.52 3.094572
-165.51 3.0943808
-165.5 3.0942135
-165.49 3.0940223
-165.48 3.0938311
-165.47 3.0936638
-165.46 3.0934726
-165.45 3.0933053
-165.44 3.0931141
-165.43 3.0929229
-165.42 3.0927556
-165.41 3.0925644
-165.4 3.0923732
-165.39 3.0922059
-165.38 3.0920147
-165.37 3.0918235
-165.36 3.0916562
-165.35 3.091465
-165.34 3.0912977
-165.33 3.0911065
-165.32 3.0909153
-165.31 3.090748
-165.3 3.0905568
-165.29 3.0903656
-165.28 3.0901983
-165.27 3.0900071
-165.26 3.0898398
-165.25 3.0896486
-165.24 3.0894574
-165.23 3.0892901
-165.22 3.0890989
-165.21 3.0889316
-165.2 3.0887404
-165.19 3.0885492
-165.18 3.0883819
-165.17 3.0881907
-165.16 3.0880234
-165.15 3.0878322
-165.14 3.087641
-165.13 3.0874737
-165.12 3.0872825
-165.11 3.0871152
-165.1 3.086924
-165.09 3.0867328
-165.08 3.0865655
-165.07 3.0863743
-165.06 3.086207
-165.05 3.0860158
-165.04 3.0858246
-165.03 3.0856573
-165.02 3.0854661
-165.01 3.0852988
-165.0 3.0851076
-164.99 3.0849164
-164.98 3.0847491
-164.97 3.0845579
-164.96 3.0843906
-164.95 3.0841994
-164.94 3.0840321
-164.93 3.0838409
-164.92 3.0836497
-164.91 3.0834824
-164.9 3.0832912
-164.89 3.0831239
-164.88 3.0829327
-164.87 3.0827654
-164.86 3.0825742
-164.85 3.0824069
-164.84 3.0822157
-164.83 3.0820245
-164.82 3.0818572
-164.81 3.081666
-164.8 3.0814987
-164.79 3.0813075
-164.78 3.0811402
-164.77 3.080949
-164.76 3.0807817
-164.75 3.0805905
-164.74 3.0803993
-164.73 3.080232
-164.72 3.0800408
-164.71 3.0798735
-164.7 3.0796823
-164.69 3.079515
-164.68 3.0793238
-164.67 3.0791565
-164.66 3.0789653
-164.65 3.078798
-164.64 3.0786068
-164.63 3.0784395
-164.62 3.0782483
-164.61 3.078081
-164.6 3.0778898
-164.59 3.0777225
-164.58 3.0775313
-164.57 3.0773401
-164.56 3.0771728
-164.55 3.0769816
-164.54 3.0768143
-164.53 3.0766231
-164.52 3.0764558
-164.51 3.0762646
-164.5 3.0760973
-164.49 3.0759061
-164.48 3.0757388
-164.47 3.0755476
-164.46 3.0753803
-164.45 3.0751891
-164.44 3.0750218
-164.43 3.0748306
-164.42 3.0746633
-164.41 3.0744721
-164.4 3.0743048
-164.39 3.0741136
-164.38 3.0739463
-164.37 3.0737551
-164.36 3.0735878
-164.35 3.0733966
-164.34 3.0732293
-164.33 3.0730381
-164.32 3.0728708
-164.31 3.0727035
-164.3 3.0725123
-164.29 3.072345
-164.28 3.0721538
-164.27 3.0719865
-164.26 3.0717953
-164.25 3.071628
-164.24 3.0714368
-164.23 3.0712695
-164.22 3.0710783
-164.21 3.070911
-164.2 3.0707198
-164.19 3.0705525
-164.18 3.0703613
-164.17 3.070194
-164.16 3.0700267
-164.15 3.0698355
-164.14 3.0696682
-164.13 3.069477
-164.12 3.0693097
-164.11 3.0691185
-164.1 3.0689512
-164.09 3.06876
-164.08 3.0685927
-164.07 3.0684015
-164.06 3.0682342
-164.05 3.0680669
-164.04 3.0678757
-164.03 3.0677084
-164.02 3.0675172
-164.01 3.0673499
-164.0 3.0671587
-163.99 3.0669914
-163.98 3.0668241
-163.97 3.0666329
-163.96 3.0664656
-163.95 3.0662744
-163.94 3.0661071
-163.93 3.0659159
-163.92 3.0657486
-163.91 3.0655813
-163.9 3.0653901
-163.89 3.0652228
-163.88 3.0650316
-163.87 3.0648643
-163.86 3.0646731
-163.85 3.0645058
-163.84 3.0643385
-163.83 3.0641473
-163.82 3.06398
-163.81 3.0637888
-163.8 3.0636215
-163.79 3.0634542
-163.78 3.063263
-163.77 3.0630957
-163.76 3.0629045
-163.75 3.0627372
-163.74 3.0625699
-163.73 3.0623787
-163.72 3.0622114
-163.71 3.0620202
-163.7 3.0618529
-163.69 3.0616856
-163.68 3.0614944
-163.67 3.0613271
-163.66 3.0611598
-163.65 3.0609686
-163.64 3.0608013
-163.63 3.0606101
-163.62 3.0604428
-163.61 3.0602755
-163.6 3.0600843
-163.59 3.059917
-163.58 3.0597497
-163.57 3.0595585
-163.56 3.0593912
-163.55 3.0592
-163.54 3.0590327
-163.53 3.0588654
-163.52 3.0586742
-163.51 3.0585069
-163.5 3.0583396
-163.49 3.0581484
-163.48 3.0579811
-163.47 3.0578138
-163.46 3.0576226
-163.45 3.0574553
-163.44 3.057288
-163.43 3.0570968
-163.42 3.0569295
-163.41 3.0567622
-163.4 3.056571
-163.39 3.0564037
-163.38 3.0562364
-163.37 3.0560452
-163.36 3.0558779
-163.35 3.0557106
-163.34 3.0555194
-163.33 3.0553521
-163.32 3.0551848
-163.31 3.0549936
-163.3 3.0548263
-163.29 3.054659
-163.28 3.0544678
-163.27 3.0543005
-163.26 3.0541332
-163.25 3.053942
-163.24 3.0537747
-163.23 3.0536074
-163.22 3.0534162
-163.21 3.0532489
-163.2 3.0530816
-163.19 3.0528904
-163.18 3.0527231
-163.17 3.0525558
-163.16 3.0523646
-163.15 3.0521973
-163.14 3.05203
-163.13 3.0518627
-163.12 3.0516715
-163.11 3.0515042
-163.1 3.0513369
-163.09 3.0511457
-163.08 3.0509784
-163.07 3.0508111
-163.06 3.0506438
-163.05 3.0504526
-163.04 3.0502853
-163.03 3.050118
-163.02 3.0499268
-163.01 3.0497595
-163.0 3.0495922
-162.99 3.0494249
-162.98 3.0492337
-162.97 3.0490664
-162.96 3.0488991
-162.95 3.0487079
-162.94 3.0485406
-162.93 3.0483733
-162.92 3.048206
-162.91 3.0480148
-162.9 3.0478475
-162.89 3.0476802
-162.88 3.0475129
-162.87 3.0473217
-162.86 3.0471544
-162.85 3.0469871
-162.84 3.0468198
-162.83 3.0466286
-162.82 3.0464613
-162.81 3.046294
-162.8 3.0461267
-162.79 3.0459355
-162.78 3.0457682
-162.77 3.0456009
-162.76 3.0454336
-162.75 3.0452424
-162.74 3.0450751
-162.73 3.0449078
-162.72 3.0447405
-162.71 3.0445493
-162.7 3.044382
-162.69 3.0442147
-162.68 3.0440474
-162.67 3.0438801
-162.66 3.0436889
-162.65 3.0435216
-162.64 3.0433543
-162.63 3.043187
-162.62 3.0429958
-162.61 3.0428285
-162.6 3.0426612
-162.59 3.0424939
-162.58 3.0423266
-162.57 3.0421354
-162.56 3.0419681
-162.55 3.0418008
-162.54 3.0416335
-162.53 3.0414662
-162.52 3.041275
-162.51 3.0411077
-162.5 3.0409404
-162.49 3.0407731
-162.48 3.0406058
-162.47 3.0404146
-162.46 3.0402473
-162.45 3.04008
-162.44 3.0399127
-162.43 3.0397454
-162.42 3.0395542
-162.41 3.0393869
-162.4 3.0392196
-162.39 3.0390523
-162.38 3.038885
-162.37 3.0387177
-162.36 3.0385265
-162.35 3.0383592
-162.34 3.0381919
-162.33 3.0380246
-162.32 3.0378573
-162.31 3.0376661
-162.3 3.0374988
-162.29 3.0373315
-162.28 3.0371642
-162.27 3.0369969
-162.26 3.0368296
-162.25 3.0366623
-162.24 3.0364711
-162.23 3.0363038
-162.22 3.0361365
-162.21 3.0359692
-162.2 3.0358019
-162.19 3.0356346
-162.18 3.0354434
-162.17 3.0352761
-162.16 3.0351088
-162.15 3.0349415
-162.14 3.0347742
-162.13 3.0346069
-162.12 3.0344396
-162.11 3.0342484
-162.1 3.0340811
-162.09 3.0339138
-162.08 3.0337465
-162.07 3.0335792
-162.06 3.0334119
-162.05 3.0332446
-162.04 3.0330773
-162.03 3.0328861
-162.02 3.0327188
-162.01 3.0325515
-162.0 3.0323842
-161.99 3.0322169
-161.98 3.0320496
-161.97 3.0318823
-161.96 3.031715
-161.95 3.0315477
-161.94 3.0313565
-161.93 3.0311892
-161.92 3.0310219
-161.91 3.0308546
-161.9 3.0306873
-161.89 3.03052
-161.88 3.0303527
-161.87 3.0301854
-161.86 3.0300181
-161.85 3.0298508
-161.84 3.0296835
-161.83 3.0294923
-161.82 3.029325
-161.81 3.0291577
-161.8 3.0289904
-161.79 3.0288231
-161.78 3.0286558
-161.77 3.0284885
-161.76 3.0283212
-161.75 3.0281539
-161.74 3.0279866
-161.73 3.0278193
-161.72 3.027652
-161.71 3.0274847
-161.7 3.0272935
-161.69 3.0271262
-161.68 3.0269589
-161.67 3.0267916
-161.66 3.0266243
-161.65 3.026457
-161.64 3.0262897
-161.63 3.0261224
-161.62 3.0259551
-161.61 3.0257878
-161.6 3.0256205
-161.59 3.0254532
-161.58 3.0252859
-161.57 3.0251186
-161.56 3.0249513
-161.55 3.024784
-161.54 3.0246167
-161.53 3.0244494
-161.52 3.0242821
-161.51 3.0241148
-161.5 3.0239236
-161.49 3.0237563
-161.48 3.023589
-161.47 3.0234217
-161.46 3.0232544
-161.45 3.0230871
-161.44 3.0229198
-161.43 3.0227525
-161.42 3.0225852
-161.41 3.0224179
-161.4 3.0222506
-161.39 3.0220833
-161.38 3.021916
-161.37 3.0217487
-161.36 3.0215814
-161.35 3.0214141
-161.34 3.0212468
-161.33 3.0210795
-161.32 3.0209122
-161.31 3.0207449
-161.3 3.0205776
-161.29 3.0204103
-161.28 3.020243
-161.27 3.0200757
-161.26 3.0199084
-161.25 3.0197411
-161.24 3.0195738
-161.23 3.0194065
-161.22 3.0192392
-161.21 3.0190719
-161.2 3.0189046
-161.19 3.0187373
-161.18 3.01857
-161.17 3.0184027
-161.16 3.0182354
-161.15 3.0180681
-161.14 3.0179008
-161.13 3.0177574
-161.12 3.0175901
-161.11 3.0174228
-161.1 3.0172555
-161.09 3.0170882
-161.08 3.0169209
-161.07 3.0167536
-161.06 3.0165863
-161.05 3.016419
-161.04 3.0162517
-161.03 3.0160844
-161.02 3.0159171
-161.01 3.0157498
-161.0 3.0155825
-160.99 3.0154152
-160.98 3.0152479
-160.97 3.0150806
-160.96 3.0149133
-160.95 3.014746
-160.94 3.0145787
-160.93 3.0144353
-160.92 3.014268
-160.91 3.0141007
-160.9 3.0139334
-160.89 3.0137661
-160.88 3.0135988
-160.87 3.0134315
-160.86 3.0132642
-160.85 3.0130969
-160.84 3.0129296
-160.83 3.0127623
-160.82 3.012595
-160.81 3.0124277
-160.8 3.0122843
-160.79 3.012117
-160.78 3.0119497
-160.77 3.0117824
-160.76 3.0116151
-160.75 3.0114478
-160.74 3.0112805
-160.73 3.0111132
-160.72 3.0109459
-160.71 3.0107786
-160.7 3.0106352
-160.69 3.0104679
-160.68 3.0103006
-160.67 3.0101333
-160.66 3.009966
-160.65 3.0097987
-160.64 3.0096314
-160.63 3.0094641
-160.62 3.0092968
-160.61 3.0091534
-160.6 3.0089861
-160.59 3.0088188
-160.58 3.0086515
-160.57 3.0084842
-160.56 3.0083169
-160.55 3.0081496
-160.54 3.0079823
-160.53 3.0078389
-160.52 3.0076716
-160.51 3.0075043
-160.5 3.007337
-160.49 3.0071697
-160.48 3.0070024
-160.47 3.0068351
-160.46 3.0066917
-160.45 3.0065244
-160.44 3.0063571
-160.43 3.0061898
-160.42 3.0060225
-160.41 3.0058552
-160.4 3.0057118
-160.39 3.0055445
-160.38 3.0053772
-160.37 3.0052099
-160.36 3.0050426
-160.35 3.0048753
-160.34 3.0047319
-160.33 3.0045646
-160.32 3.0043973
-160.31 3.00423
-160.3 3.0040627
-160.29 3.0038954
-160.28 3.003752
-160.27 3.0035847
-160.26 3.0034174
-160.25 3.0032501
-160.24 3.0030828
-160.23 3.0029155
-160.22 3.0027721
-160.21 3.0026048
-160.2 3.0024375
-160.19 3.0022702
-160.18 3.0021029
-160.17 3.0019595
-160.16 3.0017922
-160.15 3.0016249
-160.14 3.0014576
-160.13 3.0012903
-160.12 3.0011469
-160.11 3.0009796
-160.1 3.0008123
-160.09 3.000645
-160.08 3.0005016
-160.07 3.0003343
-160.06 3.000167
-160.05 2.9999997
-160.04 2.9998324
-160.03 2.999689
-160.02 2.9995217
-160.01 2.9993544
-160.0 2.9991871
-159.99 2.9990437
-159.98 2.9988764
-159.97 2.9987091
-159.96 2.9985418
-159.95 2.9983745
-159.94 2.9982311
-159.93 2.9980638
-159.92 2.9978965
-159.91 2.9977292
-159.9 2.9975858
-159.89 2.9974185
-159.88 2.9972512
-159.87 2.9970839
-159.86 2.9969405
-159.85 2.9967732
-159.84 2.9966059
-159.83 2.9964386
-159.82 2.9962952
-159.81 2.9961279
-159.8 2.9959606
-159.79 2.9958172
-159.78 2.9956499
-159.77 2.9954826
-159.76 2.9953153
-159.75 2.9951719
-159.74 2.9950046
-159.73 2.9948373
-159.72 2.99467
-159.71 2.9945266
-159.7 2.9943593
-159.69 2.994192
-159.68 2.9940486
-159.67 2.9938813
-159.66 2.993714
-159.65 2.9935467
-159.64 2.9934033
-159.63 2.993236
-159.62 2.9930687
-159.61 2.9929253
-159.6 2.992758
-159.59 2.9925907
-159.58 2.9924473
-159.57 2.99228
-159.56 2.9921127
-159.55 2.9919454
-159.54 2.991802
-159.53 2.9916347
-159.52 2.9914674
-159.51 2.991324
-159.5 2.9911567
-159.49 2.9909894
-159.48 2.990846
-159.47 2.9906787
-159.46 2.9905114
-159.45 2.990368
-159.44 2.9902007
-159.43 2.9900334
-159.42 2.98989
-159.41 2.9897227
-159.4 2.9895554
-159.39 2.989412
-159.38 2.9892447
-159.37 2.9890774
-159.36 2.988934
-159.35 2.9887667
-159.34 2.9885994
-159.33 2.988456
-159.32 2.9882887
-159.31 2.9881214
-159.3 2.987978
-159.29 2.9878107
-159.28 2.9876673
-159.27 2.9875
-159.26 2.9873327
-159.25 2.9871893
-159.24 2.987022
-159.23 2.9868547
-159.22 2.9867113
-159.21 2.986544
-159.2 2.9863767
-159.19 2.9862333
-159.18 2.986066
-159.17 2.9859226
-159.16 2.9857553
-159.15 2.985588
-159.14 2.9854446
-159.13 2.9852773
-159.12 2.9851339
-159.11 2.9849666
-159.1 2.9847993
-159.09 2.9846559
-159.08 2.9844886
-159.07 2.9843213
-159.06 2.9841779
-159.05 2.9840106
-159.04 2.9838672
-159.03 2.9836999
-159.02 2.9835565
-159.01 2.9833892
-159.0 2.9832219
-158.99 2.9830785
-158.98 2.9829112
-158.97 2.9827678
-158.96 2.9826005
-158.95 2.9824332
-158.94 2.9822898
-158.93 2.9821225
-158.92 2.9819791
-158.91 2.9818118
-158.9 2.9816684
-158.89 2.9815011
-158.88 2.9813338
-158.87 2.9811904
-158.86 2.9810231
-158.85 2.9808797
-158.84 2.9807124
-158.83 2.980569
-158.82 2.9804017
-158.81 2.9802344
-158.8 2.980091
-158.79 2.9799237
-158.78 2.9797803
-158.77 2.979613
-158.76 2.9794696
-158.75 2.9793023
-158.74 2.9791589
-158.73 2.9789916
-158.72 2.9788482
-158.71 2.9786809
-158.7 2.9785136
-158.69 2.9783702
-158.68 2.9782029
-158.67 2.9780595
-158.66 2.9778922
-158.65 2.9777488
-158.64 2.9775815
-158.63 2.9774381
-158.62 2.9772708
-158.61 2.9771274
-158.6 2.9769601
-158.59 2.9768167
-158.58 2.9766494
-158.57 2.976506
-158.56 2.9763387
-158.55 2.9761953
-158.54 2.976028
-158.53 2.9758846
-158.52 2.9757173
-158.51 2.9755739
-158.5 2.9754066
-158.49 2.9752632
-158.48 2.9750959
-158.47 2.9749525
-158.46 2.9747852
-158.45 2.9746418
-158.44 2.9744745
-158.43 2.9743311
-158.42 2.9741638
-158.41 2.9740204
-158.4 2.9738531
-158.39 2.9737097
-158.38 2.9735424
-158.37 2.973399
-158.36 2.9732317
-158.35 2.9730883
-158.34 2.972921
-158.33 2.9727776
-158.32 2.9726103
-158.31 2.9724669
-158.3 2.9723235
-158.29 2.9721562
-158.28 2.9720128
-158.27 2.9718455
-158.26 2.9717021
-158.25 2.9715348
-158.24 2.9713914
-158.23 2.9712241
-158.22 2.9710807
-158.21 2.9709134
-158.2 2.97077
-158.19 2.9706266
-158.18 2.9704593
-158.17 2.9703159
-158.16 2.9701486
-158.15 2.9700052
-158.14 2.9698379
-158.13 2.9696945
-158.12 2.9695511
-158.11 2.9693838
-158.1 2.9692404
-158.09 2.9690731
-158.08 2.9689297
-158.07 2.9687624
-158.06 2.968619
-158.05 2.9684756
-158.04 2.9683083
-158.03 2.9681649
-158.02 2.9679976
-158.01 2.9678542
-158.0 2.9677108
-157.99 2.9675435
-157.98 2.9674001
-157.97 2.9672328
-157.96 2.9670894
-157.95 2.966946
-157.94 2.9667787
-157.93 2.9666353
-157.92 2.966468
-157.91 2.9663246
-157.9 2.9661812
-157.89 2.9660139
-157.88 2.9658705
-157.87 2.9657032
-157.86 2.9655598
-157.85 2.9654164
-157.84 2.9652491
-157.83 2.9651057
-157.82 2.9649623
-157.81 2.964795
-157.8 2.9646516
-157.79 2.9644843
-157.78 2.9643409
-157.77 2.9641975
-157.76 2.9640302
-157.75 2.9638868
-157.74 2.9637434
-157.73 2.9635761
-157.72 2.9634327
-157.71 2.9632893
-157.7 2.963122
-157.69 2.9629786
-157.68 2.9628352
-157.67 2.9626679
-157.66 2.9625245
-157.65 2.9623572
-157.64 2.9622138
-157.63 2.9620704
-157.62 2.9619031
-157.61 2.9617597
-157.6 2.9616163
-157.59 2.961449
-157.58 2.9613056
-157.57 2.9611622
-157.56 2.9609949
-157.55 2.9608515
-157.54 2.9607081
-157.53 2.9605647
-157.52 2.9603974
-157.51 2.960254
-157.5 2.9601106
-157.49 2.9599433
-157.48 2.9597999
-157.47 2.9596565
-157.46 2.9594892
-157.45 2.9593458
-157.44 2.9592024
-157.43 2.9590351
-157.42 2.9588917
-157.41 2.9587483
-157.4 2.9586049
-157.39 2.9584376
-157.38 2.9582942
-157.37 2.9581508
-157.36 2.9579835
-157.35 2.9578401
-157.34 2.9576967
-157.33 2.9575533
-157.32 2.957386
-157.31 2.9572426
-157.3 2.9570992
-157.29 2.9569319
-157.28 2.9567885
-157.27 2.9566451
-157.26 2.9565017
-157.25 2.9563344
-157.24 2.956191
-157.23 2.9560476
-157.22 2.9559042
-157.21 2.9557369
-157.2 2.9555935
-157.19 2.9554501
-157.18 2.9553067
-157.17 2.9551394
-157.16 2.954996
-157.15 2.9548526
-157.14 2.9547092
-157.13 2.9545419
-157.12 2.9543985
-157.11 2.9542551
-157.1 2.9541117
-157.09 2.9539444
-157.08 2.953801
-157.07 2.9536576
-157.06 2.9535142
-157.05 2.9533469
-157.04 2.9532035
-157.03 2.9530601
-157.02 2.9529167
-157.01 2.9527494
-157.0 2.952606
-156.99 2.9524626
-156.98 2.9523192
-156.97 2.9521758
-156.96 2.9520085
-156.95 2.9518651
-156.94 2.9517217
-156.93 2.9515783
-156.92 2.9514349
-156.91 2.9512676
-156.9 2.9511242
-156.89 2.9509808
-156.88 2.9508374
-156.87 2.950694
-156.86 2.9505267
-156.85 2.9503833
-156.84 2.9502399
-156.83 2.9500965
-156.82 2.9499531
-156.81 2.9497858
-156.8 2.9496424
-156.79 2.949499
-156.78 2.9493556
-156.77 2.9492122
-156.76 2.9490688
-156.75 2.9489015
-156.74 2.9487581
-156.73 2.9486147
-156.72 2.9484713
-156.71 2.9483279
-156.7 2.9481845
-156.69 2.9480172
-156.68 2.9478738
-156.67 2.9477304
-156.66 2.947587
-156.65 2.9474436
-156.64 2.9473002
-156.63 2.9471329
-156.62 2.9469895
-156.61 2.9468461
-156.6 2.9467027
-156.59 2.9465593
-156.58 2.9464159
-156.57 2.9462725
-156.56 2.9461052
-156.55 2.9459618
-156.54 2.9458184
-156.53 2.945675
-156.52 2.9455316
-156.51 2.9453882
-156.5 2.9452448
-156.49 2.9450775
-156.48 2.9449341
-156.47 2.9447907
-156.46 2.9446473
-156.45 2.9445039
-156.44 2.9443605
-156.43 2.9442171
-156.42 2.9440737
-156.41 2.9439303
-156.4 2.943763
-156.39 2.9436196
-156.38 2.9434762
-156.37 2.9433328
-156.36 2.9431894
-156.35 2.943046
-156.34 2.9429026
-156.33 2.9427592
-156.32 2.9426158
-156.31 2.9424724
-156.3 2.9423051
-156.29 2.9421617
-156.28 2.9420183
-156.27 2.9418749
-156.26 2.9417315
-156.25 2.9415881
-156.24 2.9414447
-156.23 2.9413013
-156.22 2.9411579
-156.21 2.9410145
-156.2 2.9408711
-156.19 2.9407277
-156.18 2.9405843
-156.17 2.940417
-156.16 2.9402736
-156.15 2.9401302
-156.14 2.9399868
-156.13 2.9398434
-156.12 2.9397
-156.11 2.9395566
-156.1 2.9394132
-156.09 2.9392698
-156.08 2.9391264
-156.07 2.938983
-156.06 2.9388396
-156.05 2.9386962
-156.04 2.9385528
-156.03 2.9384094
-156.02 2.938266
-156.01 2.9381226
-156.0 2.9379792
-155.99 2.9378358
-155.98 2.9376924
-155.97 2.937549
-155.96 2.9374056
-155.95 2.9372383
-155.94 2.9370949
-155.93 2.9369515
-155.92 2.9368081
-155.91 2.9366647
-155.9 2.9365213
-155.89 2.9363779
-155.88 2.9362345
-155.87 2.9360911
-155.86 2.9359477
-155.85 2.9358043
-155.84 2.9356609
-155.83 2.9355175
-155.82 2.9353741
-155.81 2.9352307
-155.8 2.9350873
-155.79 2.9349439
-155.78 2.9348005
-155.77 2.9346571
-155.76 2.9345137
-155.75 2.9343703
-155.74 2.9342269
-155.73 2.9340835
-155.72 2.9339401
-155.71 2.9337967
-155.7 2.9336533
-155.69 2.9335338
-155.68 2.9333904
-155.67 2.933247
-155.66 2.9331036
-155.65 2.9329602
-155.64 2.9328168
-155.63 2.9326734
-155.62 2.93253
-155.61 2.9323866
-155.6 2.9322432
-155.59 2.9320998
-155.58 2.9319564
-155.57 2.931813
-155.56 2.9316696
-155.55 2.9315262
-155.54 2.9313828
-155.53 2.9312394
-155.52 2.931096
-155.51 2.9309526
-155.5 2.9308092
-155.49 2.9306658
-155.48 2.9305224
-155.47 2.9304029
-155.46 2.9302595
-155.45 2.9301161
-155.44 2.9299727
-155.43 2.9298293
-155.42 2.9296859
-155.41 2.9295425
-155.4 2.9293991
-155.39 2.9292557
-155.38 2.9291123
-155.37 2.9289689
-155.36 2.9288255
-155.35 2.9286821
-155.34 2.9285626
-155.33 2.9284192
-155.32 2.9282758
-155.31 2.9281324
-155.3 2.927989
-155.29 2.9278456
-155.28 2.9277022
-155.27 2.9275588
-155.26 2.9274154
-155.25 2.927272
-155.24 2.9271525
-155.23 2.9270091
-155.22 2.9268657
-155.21 2.9267223
-155.2 2.9265789
-155.19 2.9264355
-155.18 2.9262921
-155.17 2.9261487
-155.16 2.9260053
-155.15 2.9258858
-155.14 2.9257424
-155.13 2.925599
-155.12 2.9254556
-155.11 2.9253122
-155.1 2.9251688
-155.09 2.9250254
-155.08 2.9249059
-155.07 2.9247625
-155.06 2.9246191
-155.05 2.9244757
-155.04 2.9243323
-155.03 2.9241889
-155.02 2.9240455
-155.01 2.923926
-155.0 2.9237826
-154.99 2.9236392
-154.98 2.9234958
-154.97 2.9233524
-154.96 2.923209
-154.95 2.9230656
-154.94 2.9229461
-154.93 2.9228027
-154.92 2.9226593
-154.91 2.9225159
-154.9 2.9223725
-154.89 2.9222291
-154.88 2.9221096
-154.87 2.9219662
-154.86 2.9218228
-154.85 2.9216794
-154.84 2.921536
-154.83 2.9214165
-154.82 2.9212731
-154.81 2.9211297
-154.8 2.9209863
-154.79 2.9208429
-154.78 2.9207234
-154.77 2.92058
-154.76 2.9204366
-154.75 2.9202932
-154.74 2.9201498
-154.73 2.9200303
-154.72 2.9198869
-154.71 2.9197435
-154.7 2.9196001
-154.69 2.9194567
-154.68 2.9193372
-154.67 2.9191938
-154.66 2.9190504
-154.65 2.918907
-154.64 2.9187636
-154.63 2.9186441
-154.62 2.9185007
-154.61 2.9183573
-154.6 2.9182139
-154.59 2.9180944
-154.58 2.917951
-154.57 2.9178076
-154.56 2.9176642
-154.55 2.9175208
-154.54 2.9174013
-154.53 2.9172579
-154.52 2.9171145
-154.51 2.9169711
-154.5 2.9168516
-154.49 2.9167082
-154.48 2.9165648
-154.47 2.9164214
-154.46 2.9163019
-154.45 2.9161585
-154.44 2.9160151
-154.43 2.9158717
-154.42 2.9157522
-154.41 2.9156088
-154.4 2.9154654
-154.39 2.9153459
-154.38 2.9152025
-154.37 2.9150591
-154.36 2.9149157
-154.35 2.9147962
-154.34 2.9146528
-154.33 2.9145094
-154.32 2.914366
-154.31 2.9142465
-154.3 2.9141031
-154.29 2.9139597
-154.28 2.9138402
-154.27 2.9136968
-154.26 2.9135534
-154.25 2.91341
-154.24 2.9132905
-154.23 2.9131471
-154.22 2.9130037
-154.21 2.9128842
-154.2 2.9127408
-154.19 2.9125974
-154.18 2.9124779
-154.17 2.9123345
-154.16 2.9121911
-154.15 2.9120477
-154.14 2.9119282
-154.13 2.9117848
-154.12 2.9116414
-154.11 2.9115219
-154.1 2.9113785
-154.09 2.9112351
-154.08 2.9111156
-154.07 2.9109722
-154.06 2.9108288
-154.05 2.9107093
-154.04 2.9105659
-154.03 2.9104225
-154.02 2.910303
-154.01 2.9101596
-154.0 2.9100162
-153.99 2.9098967
-153.98 2.9097533
-153.97 2.9096099
-153.96 2.9094904
-153.95 2.909347
-153.94 2.9092036
-153.93 2.9090841
-153.92 2.9089407
-153.91 2.9087973
-153.9 2.9086778
-153.89 2.9085344
-153.88 2.908391
-153.87 2.9082715
-153.86 2.9081281
-153.85 2.9080086
-153.84 2.9078652
-153.83 2.9077218
-153.82 2.9076023
-153.81 2.9074589
-153.8 2.9073155
-153.79 2.907196
-153.78 2.9070526
-153.77 2.9069331
-153.76 2.9067897
-153.75 2.9066463
-153.74 2.9065268
-153.73 2.9063834
-153.72 2.90624
-153.71 2.9061205
-153.7 2.9059771
-153.69 2.9058576
-153.68 2.9057142
-153.67 2.9055708
-153.66 2.9054513
-153.65 2.9053079
-153.64 2.9051884
-153.63 2.905045
-153.62 2.9049016
-153.61 2.9047821
-153.6 2.9046387
-153.59 2.9045192
-153.58 2.9043758
-153.57 2.9042563
-153.56 2.9041129
-153.55 2.9039695
-153.54 2.90385
-153.53 2.9037066
-153.52 2.9035871
-153.51 2.9034437
-153.5 2.9033242
-153.49 2.9031808
-153.48 2.9030374
-153.47 2.9029179
-153.46 2.9027745
-153.45 2.902655
-153.44 2.9025116
-153.43 2.9023921
-153.42 2.9022487
-153.41 2.9021053
-153.4 2.9019858
-153.39 2.9018424
-153.38 2.9017229
-153.37 2.9015795
-153.36 2.90146
-153.35 2.9013166
-153.34 2.9011971
-153.33 2.9010537
-153.32 2.9009342
-153.31 2.9007908
-153.3 2.9006474
-153.29 2.9005279
-153.28 2.9003845
-153.27 2.900265
-153.26 2.9001216
-153.25 2.9000021
-153.24 2.8998587
-153.23 2.8997392
-153.22 2.8995958
-153.21 2.8994763
-153.2 2.8993329
-153.19 2.8992134
-153.18 2.89907
-153.17 2.8989505
-153.16 2.8988071
-153.15 2.8986876
-153.14 2.8985442
-153.13 2.8984247
-153.12 2.8982813
-153.11 2.8981618
-153.1 2.8980184
-153.09 2.8978989
-153.08 2.8977555
-153.07 2.897636
-153.06 2.8974926
-153.05 2.8973731
-153.04 2.8972297
-153.03 2.8971102
-153.02 2.8969668
-153.01 2.8968473
-153.0 2.8967039
-152.99 2.8965844
-152.98 2.896441
-152.97 2.8963215
-152.96 2.8961781
-152.95 2.8960586
-152.94 2.8959152
-152.93 2.8957957
-152.92 2.8956523
-152.91 2.8955328
-152.9 2.8954133
-152.89 2.8952699
-152.88 2.8951504
-152.87 2.895007
-152.86 2.8948875
-152.85 2.8947441
-152.84 2.8946246
-152.83 2.8944812
-152.82 2.8943617
-152.81 2.8942183
-152.8 2.8940988
-152.79 2.8939793
-152.78 2.8938359
-152.77 2.8937164
-152.76 2.893573
-152.75 2.8934535
-152.74 2.8933101
-152.73 2.8931906
-152.72 2.8930711
-152.71 2.8929277
-152.7 2.8928082
-152.69 2.8926648
-152.68 2.8925453
-152.67 2.8924019
-152.66 2.8922824
-152.65 2.8921629
-152.64 2.8920195
-152.63 2.8919
-152.62 2.8917566
-152.61 2.8916371
-152.6 2.8914937
-152.59 2.8913742
-152.58 2.8912547
-152.57 2.8911113
-152.56 2.8909918
-152.55 2.8908484
-152.54 2.8907289
-152.53 2.8906094
-152.52 2.890466
-152.51 2.8903465
-152.5 2.8902031
-152.49 2.8900836
-152.48 2.8899641
-152.47 2.8898207
-152.46 2.8897012
-152.45 2.8895817
-152.44 2.8894383
-152.43 2.8893188
-152.42 2.8891754
-152.41 2.8890559
-152.4 2.8889364
-152.39 2.888793
-152.38 2.8886735
-152.37 2.888554
-152.36 2.8884106
-152.35 2.8882911
-152.34 2.8881477
-152.33 2.8880282
-152.32 2.8879087
-152.31 2.8877653
-152.3 2.8876458
-152.29 2.8875263
-152.28 2.8873829
-152.27 2.8872634
-152.26 2.8871439
-152.25 2.8870005
-152.24 2.886881
-152.23 2.8867615
-152.22 2.8866181
-152.21 2.8864986
-152.2 2.8863791
-152.19 2.8862357
-152.18 2.8861162
-152.17 2.8859967
-152.16 2.8858533
-152.15 2.8857338
-152.14 2.8856143
-152.13 2.8854709
-152.12 2.8853514
-152.11 2.8852319
-152.1 2.8850885
-152.09 2.884969
-152.08 2.8848495
-152.07 2.8847061
-152.06 2.8845866
-152.05 2.8844671
-152.04 2.8843237
-152.03 2.8842042
-152.02 2.8840847
-152.01 2.8839413
-152.0 2.8838218
-151.99 2.8837023
-151.98 2.8835828
-151.97 2.8834394
-151.96 2.8833199
-151.95 2.8832004
-151.94 2.883057
-151.93 2.8829375
-151.92 2.882818
-151.91 2.8826985
-151.9 2.8825551
-151.89 2.8824356
-151.88 2.8823161
-151.87 2.8821727
-151.86 2.8820532
-151.85 2.8819337
-151.84 2.8818142
-151.83 2.8816708
-151.82 2.8815513
-151.81 2.8814318
-151.8 2.8812884
-151.79 2.8811689
-151.78 2.8810494
-151.77 2.8809299
-151.76 2.8807865
-151.75 2.880667
-151.74 2.8805475
-151.73 2.880428
-151.72 2.8802846
-151.71 2.8801651
-151.7 2.8800456
-151.69 2.8799261
-151.68 2.8797827
-151.67 2.8796632
-151.66 2.8795437
-151.65 2.8794242
-151.64 2.8792808
-151.63 2.8791613
-151.62 2.8790418
-151.61 2.8789223
-151.6 2.8787789
-151.59 2.8786594
-151.58 2.8785399
-151.57 2.8784204
-151.56 2.8783009
-151.55 2.8781575
-151.54 2.878038
-151.53 2.8779185
-151.52 2.877799
-151.51 2.8776556
-151.5 2.8775361
-151.49 2.8774166
-151.48 2.8772971
-151.47 2.8771776
-151.46 2.8770342
-151.45 2.8769147
-151.44 2.8767952
-151.43 2.8766757
-151.42 2.8765562
-151.41 2.8764128
-151.4 2.8762933
-151.39 2.8761738
-151.38 2.8760543
-151.37 2.8759348
-151.36 2.8757914
-151.35 2.8756719
-151.34 2.8755524
-151.33 2.8754329
-151.32 2.8753134
-151.31 2.87517
-151.3 2.8750505
-151.29 2.874931
-151.28 2.8748115
-151.27 2.874692
-151.26 2.8745725
-151.25 2.8744291
-151.24 2.8743096
-151.23 2.8741901
-151.22 2.8740706
-151.21 2.8739511
-151.2 2.8738316
-151.19 2.8736882
-151.18 2.8735687
-151.17 2.8734492
-151.16 2.8733297
-151.15 2.8732102
-151.14 2.8730907
-151.13 2.8729473
-151.12 2.8728278
-151.11 2.8727083
-151.1 2.8725888
-151.09 2.8724693
-151.08 2.8723498
-151.07 2.8722303
-151.06 2.8720869
-151.05 2.8719674
-151.04 2.8718479
-151.03 2.8717284
-151.02 2.8716089
-151.01 2.8714894
-151.0 2.8713699
-150.99 2.8712265
-150.98 2.871107
-150.97 2.8709875
-150.96 2.870868
-150.95 2.8707485
-150.94 2.870629
-150.93 2.8705095
-150.92 2.87039
-150.91 2.8702466
-150.9 2.8701271
-150.89 2.8700076
-150.88 2.8698881
-150.87 2.8697686
-150.86 2.8696491
-150.85 2.8695296
-150.84 2.8694101
-150.83 2.8692906
-150.82 2.8691472
-150.81 2.8690277
-150.8 2.8689082
-150.79 2.8687887
-150.78 2.8686692
-150.77 2.8685497
-150.76 2.8684302
-150.75 2.8683107
-150.74 2.8681912
-150.73 2.8680717
-150.72 2.8679522
-150.71 2.8678088
-150.7 2.8676893
-150.69 2.8675698
-150.68 2.8674503
-150.67 2.8673308
-150.66 2.8672113
-150.65 2.8670918
-150.64 2.8669723
-150.63 2.8668528
-150.62 2.8667333
-150.61 2.8666138
-150.6 2.8664943
-150.59 2.8663748
-150.58 2.8662553
-150.57 2.8661119
-150.56 2.8659924
-150.55 2.8658729
-150.54 2.8657534
-150.53 2.8656339
-150.52 2.8655144
-150.51 2.8653949
-150.5 2.8652754
-150.49 2.8651559
-150.48 2.8650364
-150.47 2.8649169
-150.46 2.8647974
-150.45 2.8646779
-150.44 2.8645584
-150.43 2.8644389
-150.42 2.8643194
-150.41 2.8641999
-150.4 2.8640804
-150.39 2.8639609
-150.38 2.8638414
-150.37 2.8637219
-150.36 2.8636024
-150.35 2.8634829
-150.34 2.8633634
-150.33 2.8632439
-150.32 2.8631005
-150.31 2.862981
-150.3 2.8628615
-150.29 2.862742
-150.28 2.8626225
-150.27 2.862503
-150.26 2.8623835
-150.25 2.862264
-150.24 2.8621445
-150.23 2.862025
-150.22 2.8619055
-150.21 2.861786
-150.2 2.8616665
-150.19 2.861547
-150.18 2.8614275
-150.17 2.861308
-150.16 2.8611885
-150.15 2.861069
-150.14 2.8609495
-150.13 2.86083
-150.12 2.8607105
-150.11 2.860591
-150.1 2.8604715
-150.09 2.8603759
-150.08 2.8602564
-150.07 2.8601369
-150.06 2.8600174
-150.05 2.8598979
-150.04 2.8597784
-150.03 2.8596589
-150.02 2.8595394
-150.01 2.8594199
-150.0 2.8593004
-149.99 2.8591809
-149.98 2.8590614
-149.97 2.8589419
-149.96 2.8588224
-149.95 2.8587029
-149.94 2.8585834
-149.93 2.8584639
-149.92 2.8583444
-149.91 2.8582249
-149.9 2.8581054
-149.89 2.8579859
-149.88 2.8578664
-149.87 2.8577469
-149.86 2.8576274
-149.85 2.8575079
-149.84 2.8574123
-149.83 2.8572928
-149.82 2.8571733
-149.81 2.8570538
-149.8 2.8569343
-149.79 2.8568148
-149.78 2.8566953
-149.77 2.8565758
-149.76 2.8564563
-149.75 2.8563368
-149.74 2.8562173
-149.73 2.8560978
-149.72 2.8559783
-149.71 2.8558588
-149.7 2.8557393
-149.69 2.8556437
-149.68 2.8555242
-149.67 2.8554047
-149.66 2.8552852
-149.65 2.8551657
-149.64 2.8550462
-149.63 2.8549267
-149.62 2.8548072
-149.61 2.8546877
-149.6 2.8545682
-149.59 2.8544487
-149.58 2.8543531
-149.57 2.8542336
-149.56 2.8541141
-149.55 2.8539946
-149.54 2.8538751
-149.53 2.8537556
-149.52 2.8536361
-149.51 2.8535166
-149.5 2.8533971
-149.49 2.8533015
-149.48 2.853182
-149.47 2.8530625
-149.46 2.852943
-149.45 2.8528235
-149.44 2.852704
-149.43 2.8525845
-149.42 2.852465
-149.41 2.8523694
-149.4 2.8522499
-149.39 2.8521304
-149.38 2.8520109
-149.37 2.8518914
-149.36 2.8517719
-149.35 2.8516524
-149.34 2.8515329
-149.33 2.8514373
-149.32 2.8513178
-149.31 2.8511983
-149.3 2.8510788
-149.29 2.8509593
-149.28 2.8508398
-149.27 2.8507203
-149.26 2.8506247
-149.25 2.8505052
-149.24 2.8503857
-149.23 2.8502662
-149.22 2.8501467
-149.21 2.8500272
-149.2 2.8499316
-149.19 2.8498121
-149.18 2.8496926
-149.17 2.8495731
-149.16 2.8494536
-149.15 2.8493341
-149.14 2.8492385
-149.13 2.849119
-149.12 2.8489995
-149.11 2.84888
-149.1 2.8487605
-149.09 2.848641
-149.08 2.8485454
-149.07 2.8484259
-149.06 2.8483064
-149.05 2.8481869
-149.04 2.8480674
-149.03 2.8479718
-149.02 2.8478523
-149.01 2.8477328
-149.0 2.8476133
-148.99 2.8474938
-148.98 2.8473743
-148.97 2.8472787
-148.96 2.8471592
-148.95 2.8470397
-148.94 2.8469202
-148.93 2.8468007
-148.92 2.8467051
-148.91 2.8465856
-148.9 2.8464661
-148.89 2.8463466
-148.88 2.8462271
-148.87 2.8461315
-148.86 2.846012
-148.85 2.8458925
-148.84 2.845773
-148.83 2.8456774
-148.82 2.8455579
-148.81 2.8454384
-148.8 2.8453189
-148.79 2.8451994
-148.78 2.8451038
-148.77 2.8449843
-148.76 2.8448648
-148.75 2.8447453
-148.74 2.8446497
-148.73 2.8445302
-148.72 2.8444107
-148.71 2.8442912
-148.7 2.8441717
-148.69 2.8440761
-148.68 2.8439566
-148.67 2.8438371
-148.66 2.8437176
-148.65 2.843622
-148.64 2.8435025
-148.63 2.843383
-148.62 2.8432635
-148.61 2.8431679
-148.6 2.8430484
-148.59 2.8429289
-148.58 2.8428094
-148.57 2.8427138
-148.56 2.8425943
-148.55 2.8424748
-148.54 2.8423553
-148.53 2.8422597
-148.52 2.8421402
-148.51 2.8420207
-148.5 2.8419251
-148.49 2.8418056
-148.48 2.8416861
-148.47 2.8415666
-148.46 2.841471
-148.45 2.8413515
-148.44 2.841232
-148.43 2.8411125
-148.42 2.8410169
-148.41 2.8408974
-148.4 2.8407779
-148.39 2.8406823
-148.38 2.8405628
-148.37 2.8404433
-148.36 2.8403238
-148.35 2.8402282
-148.34 2.8401087
-148.33 2.8399892
-148.32 2.8398936
-148.31 2.8397741
-148.3 2.8396546
-148.29 2.8395351
-148.28 2.8394395
-148.27 2.83932
-148.26 2.8392005
-148.25 2.8391049
-148.24 2.8389854
-148.23 2.8388659
-148.22 2.8387703
-148.21 2.8386508
-148.2 2.8385313
-148.19 2.8384118
-148.18 2.8383162
-148.17 2.8381967
-148.16 2.8380772
-148.15 2.8379816
-148.14 2.8378621
-148.13 2.8377426
-148.12 2.837647
-148.11 2.8375275
-148.1 2.837408
-148.09 2.8373124
-148.08 2.8371929
-148.07 2.8370734
-148.06 2.8369778
-148.05 2.8368583
-148.04 2.8367388
-148.03 2.8366432
-148.02 2.8365237
-148.01 2.8364042
-148.0 2.8363086
-147.99 2.8361891
-147.98 2.8360696
-147.97 2.835974
-147.96 2.8358545
-147.95 2.835735
-147.94 2.8356394
-147.93 2.8355199
-147.92 2.8354004
-147.91 2.8353048
-147.9 2.8351853
-147.89 2.8350658
-147.88 2.8349702
-147.87 2.8348507
-147.86 2.8347551
-147.85 2.8346356
-147.84 2.8345161
-147.83 2.8344205
-147.82 2.834301
-147.81 2.8341815
-147.8 2.8340859
-147.79 2.8339664
-147.78 2.8338469
-147.77 2.8337513
-147.76 2.8336318
-147.75 2.8335362
-147.74 2.8334167
-147.73 2.8332972
-147.72 2.8332016
-147.71 2.8330821
-147.7 2.8329626
-147.69 2.832867
-147.68 2.8327475
-147.67 2.8326519
-147.66 2.8325324
-147.65 2.8324129
-147.64 2.8323173
-147.63 2.8321978
-147.62 2.8321022
-147.61 2.8319827
-147.6 2.8318632
-147.59 2.8317676
-147.58 2.8316481
-147.57 2.8315525
-147.56 2.831433
-147.55 2.8313135
-147.54 2.8312179
-147.53 2.8310984
-147.52 2.8310028
-147.51 2.8308833
-147.5 2.8307638
-147.49 2.8306682
-147.48 2.8305487
-147.47 2.8304531
-147.46 2.8303336
-147.45 2.8302141
-147.44 2.8301185
-147.43 2.829999
-147.42 2.8299034
-147.41 2.8297839
-147.4 2.8296883
-147.39 2.8295688
-147.38 2.8294493
-147.37 2.8293537
-147.36 2.8292342
-147.35 2.8291386
-147.34 2.8290191
-147.33 2.8289235
-147.32 2.828804
-147.31 2.8286845
-147.3 2.8285889
-147.29 2.8284694
-147.28 2.8283738
-147.27 2.8282543
-147.26 2.8281587
-147.25 2.8280392
-147.24 2.8279197
-147.23 2.8278241
-147.22 2.8277046
-147.21 2.827609
-147.2 2.8274895
-147.19 2.8273939
-147.18 2.8272744
-147.17 2.8271788
-147.16 2.8270593
-147.15 2.8269637
-147.14 2.8268442
-147.13 2.8267247
-147.12 2.8266291
-147.11 2.8265096
-147.1 2.826414
-147.09 2.8262945
-147.08 2.8261989
-147.07 2.8260794
-147.06 2.8259838
-147.05 2.8258643
-147.04 2.8257687
-147.03 2.8256492
-147.02 2.8255536
-147.01 2.8254341
-147.0 2.8253385
-146.99 2.825219
-146.98 2.8250995
-146.97 2.8250039
-146.96 2.8248844
-146.95 2.8247888
-146.94 2.8246693
-146.93 2.8245737
-146.92 2.8244542
-146.91 2.8243586
-146.9 2.8242391
-146.89 2.8241435
-146.88 2.824024
-146.87 2.8239284
-146.86 2.8238089
-146.85 2.8237133
-146.84 2.8235938
-146.83 2.8234982
-146.82 2.8233787
-146.81 2.8232831
-146.8 2.8231636
-146.79 2.823068
-146.78 2.8229485
-146.77 2.8228529
-146.76 2.8227334
-146.75 2.8226378
-146.74 2.8225183
-146.73 2.8224227
-146.72 2.8223032
-146.71 2.8222076
-146.7 2.8220881
-146.69 2.8219925
-146.68 2.821873
-146.67 2.8217774
-146.66 2.8216818
-146.65 2.8215623
-146.64 2.8214667
-146.63 2.8213472
-146.62 2.8212516
-146.61 2.8211321
-146.6 2.8210365
-146.59 2.820917
-146.58 2.8208214
-146.57 2.8207019
-146.56 2.8206063
-146.55 2.8204868
-146.54 2.8203912
-146.53 2.8202717
-146.52 2.8201761
-146.51 2.8200566
-146.5 2.819961
-146.49 2.8198654
-146.48 2.8197459
-146.47 2.8196503
-146.46 2.8195308
-146.45 2.8194352
-146.44 2.8193157
-146.43 2.8192201
-146.42 2.8191006
-146.41 2.819005
-146.4 2.8189094
-146.39 2.8187899
-146.38 2.8186943
-146.37 2.8185748
-146.36 2.8184792
-146.35 2.8183597
-146.34 2.8182641
-146.33 2.8181446
-146.32 2.818049
-146.31 2.8179534
-146.3 2.8178339
-146.29 2.8177383
-146.28 2.8176188
-146.27 2.8175232
-146.26 2.8174037
-146.25 2.8173081
-146.24 2.8172125
-146.23 2.817093
-146.22 2.8169974
-146.21 2.8168779
-146.2 2.8167823
-146.19 2.8166628
-146.18 2.8165672
-146.17 2.8164716
-146.16 2.8163521
-146.15 2.8162565
-146.14 2.816137
-146.13 2.8160414
-146.12 2.8159458
-146.11 2.8158263
-146.1 2.8157307
-146.09 2.8156112
-146.08 2.8155156
-146.07 2.81542
-146.06 2.8153005
-146.05 2.8152049
-146.04 2.8150854
-146.03 2.8149898
-146.02 2.8148942
-146.01 2.8147747
-146.0 2.8146791
-145.99 2.8145596
-145.98 2.814464
-145.97 2.8143684
-145.96 2.8142489
-145.95 2.8141533
-145.94 2.8140338
-145.93 2.8139382
-145.92 2.8138426
-145.91 2.8137231
-145.9 2.8136275
-145.89 2.813508
-145.88 2.8134124
-145.87 2.8133168
-145.86 2.8131973
-145.85 2.8131017
-145.84 2.8130061
-145.83 2.8128866
-145.82 2.812791
-145.81 2.8126715
-145.8 2.8125759
-145.79 2.8124803
-145.78 2.8123608
-145.77 2.8122652
-145.76 2.8121696
-145.75 2.8120501
-145.74 2.8119545
-145.73 2.8118589
-145.72 2.8117394
-145.71 2.8116438
-145.7 2.8115243
-145.69 2.8114287
-145.68 2.8113331
-145.67 2.8112136
-145.66 2.811118
-145.65 2.8110224
-145.64 2.8109029
-145.63 2.8108073
-145.62 2.8107117
-145.61 2.8105922
-145.6 2.8104966
-145.59 2.810401
-145.58 2.8102815
-145.57 2.8101859
-145.56 2.8100903
-145.55 2.8099708
-145.54 2.8098752
-145.53 2.8097557
-145.52 2.8096601
-145.51 2.8095645
-145.5 2.809445
-145.49 2.8093494
-145.48 2.8092538
-145.47 2.8091343
-145.46 2.8090387
-145.45 2.8089431
-145.44 2.8088236
-145.43 2.808728
-145.42 2.8086324
-145.41 2.8085368
-145.4 2.8084173
-145.39 2.8083217
-145.38 2.8082261
-145.37 2.8081066
-145.36 2.808011
-145.35 2.8079154
-145.34 2.8077959
-145.33 2.8077003
-145.32 2.8076047
-145.31 2.8074852
-145.3 2.8073896
-145.29 2.807294
-145.28 2.8071745
-145.27 2.8070789
-145.26 2.8069833
-145.25 2.8068638
-145.24 2.8067682
-145.23 2.8066726
-145.22 2.806577
-145.21 2.8064575
-145.2 2.8063619
-145.19 2.8062663
-145.18 2.8061468
-145.17 2.8060512
-145.16 2.8059556
-145.15 2.8058361
-145.14 2.8057405
-145.13 2.8056449
-145.12 2.8055493
-145.11 2.8054298
-145.1 2.8053342
-145.09 2.8052386
-145.08 2.8051191
-145.07 2.8050235
-145.06 2.8049279
-145.05 2.8048323
-145.04 2.8047128
-145.03 2.8046172
-145.02 2.8045216
-145.01 2.8044021
-145.0 2.8043065
-144.99 2.8042109
-144.98 2.8041153
-144.97 2.8039958
-144.96 2.8039002
-144.95 2.8038046
-144.94 2.8036851
-144.93 2.8035895
-144.92 2.8034939
-144.91 2.8033983
-144.9 2.8032788
-144.89 2.8031832
-144.88 2.8030876
-144.87 2.802992
-144.86 2.8028725
-144.85 2.8027769
-144.84 2.8026813
-144.83 2.8025857
-144.82 2.8024662
-144.81 2.8023706
-144.8 2.802275
-144.79 2.8021794
-144.78 2.8020599
-144.77 2.8019643
-144.76 2.8018687
-144.75 2.8017731
-144.74 2.8016536
-144.73 2.801558
-144.72 2.8014624
-144.71 2.8013668
-144.7 2.8012473
-144.69 2.8011517
-144.68 2.8010561
-144.67 2.8009605
-144.66 2.800841
-144.65 2.8007454
-144.64 2.8006498
-144.63 2.8005542
-144.62 2.8004347
-144.61 2.8003391
-144.6 2.8002435
-144.59 2.8001479
-144.58 2.8000284
-144.57 2.7999328
-144.56 2.7998372
-144.55 2.7997416
-144.54 2.7996221
-144.53 2.7995265
-144.52 2.7994309
-144.51 2.7993353
-144.5 2.7992397
-144.49 2.7991202
-144.48 2.7990246
-144.47 2.798929
-144.46 2.7988334
-144.45 2.7987139
-144.44 2.7986183
-144.43 2.7985227
-144.42 2.7984271
-144.41 2.7983315
-144.4 2.798212
-144.39 2.7981164
-144.38 2.7980208
-144.37 2.7979252
-144.36 2.7978296
-144.35 2.7977101
-144.34 2.7976145
-144.33 2.7975189
-144.32 2.7974233
-144.31 2.7973038
-144.3 2.7972082
-144.29 2.7971126
-144.28 2.797017
-144.27 2.7969214
-144.26 2.7968019
-144.25 2.7967063
-144.24 2.7966107
-144.23 2.7965151
-144.22 2.7964195
-144.21 2.7963
-144.2 2.7962044
-144.19 2.7961088
-144.18 2.7960132
-144.17 2.7959176
-144.16 2.795822
-144.15 2.7957025
-144.14 2.7956069
-144.13 2.7955113
-144.12 2.7954157
-144.11 2.7953201
-144.1 2.7952006
-144.09 2.795105
-144.08 2.7950094
-144.07 2.7949138
-144.06 2.7948182
-144.05 2.7947226
-144.04 2.7946031
-144.03 2.7945075
-144.02 2.7944119
-144.01 2.7943163
-144.0 2.7942207
-143.99 2.7941012
-143.98 2.7940056
-143.97 2.79391
-143.96 2.7938144
-143.95 2.7937188
-143.94 2.7936232
-143.93 2.7935037
-143.92 2.7934081
-143.91 2.7933125
-143.9 2.7932169
-143.89 2.7931213
-143.88 2.7930257
-143.87 2.7929062
-143.86 2.7928106
-143.85 2.792715
-143.84 2.7926194
-143.83 2.7925238
-143.82 2.7924282
-143.81 2.7923087
-143.8 2.7922131
-143.79 2.7921175
-143.78 2.7920219
-143.77 2.7919263
-143.76 2.7918307
-143.75 2.7917351
-143.74 2.7916156
-143.73 2.79152
-143.72 2.7914244
-143.71 2.7913288
-143.7 2.7912332
-143.69 2.7911376
-143.68 2.791042
-143.67 2.7909225
-143.66 2.7908269
-143.65 2.7907313
-143.64 2.7906357
-143.63 2.7905401
-143.62 2.7904445
-143.61 2.7903489
-143.6 2.7902294
-143.59 2.7901338
-143.58 2.7900382
-143.57 2.7899426
-143.56 2.789847
-143.55 2.7897514
-143.54 2.7896558
-143.53 2.7895602
-143.52 2.7894407
-143.51 2.7893451
-143.5 2.7892495
-143.49 2.7891539
-143.48 2.7890583
-143.47 2.7889627
-143.46 2.7888671
-143.45 2.7887715
-143.44 2.788652
-143.43 2.7885564
-143.42 2.7884608
-143.41 2.7883652
-143.4 2.7882696
-143.39 2.788174
-143.38 2.7880784
-143.37 2.7879828
-143.36 2.7878633
-143.35 2.7877677
-143.34 2.7876721
-143.33 2.7875765
-143.32 2.7874809
-143.31 2.7873853
-143.3 2.7872897
-143.29 2.7871941
-143.28 2.7870985
-143.27 2.786979
-143.26 2.7868834
-143.25 2.7867878
-143.24 2.7866922
-143.23 2.7865966
-143.22 2.786501
-143.21 2.7864054
-143.2 2.7863098
-143.19 2.7862142
-143.18 2.7861186
-143.17 2.7859991
-143.16 2.7859035
-143.15 2.7858079
-143.14 2.7857123
-143.13 2.7856167
-143.12 2.7855211
-143.11 2.7854255
-143.1 2.7853299
-143.09 2.7852343
-143.08 2.7851387
-143.07 2.7850431
-143.06 2.7849236
-143.05 2.784828
-143.04 2.7847324
-143.03 2.7846368
-143.02 2.7845412
-143.01 2.7844456
-143.0 2.78435
-142.99 2.7842544
-142.98 2.7841588
-142.97 2.7840632
-142.96 2.7839676
-142.95 2.783872
-142.94 2.7837764
-142.93 2.7836569
-142.92 2.7835613
-142.91 2.7834657
-142.9 2.7833701
-142.89 2.7832745
-142.88 2.7831789
-142.87 2.7830833
-142.86 2.7829877
-142.85 2.7828921
-142.84 2.7827965
-142.83 2.7827009
-142.82 2.7826053
-142.81 2.7825097
-142.8 2.7824141
-142.79 2.7822946
-142.78 2.782199
-142.77 2.7821034
-142.76 2.7820078
-142.75 2.7819122
-142.74 2.7818166
-142.73 2.781721
-142.72 2.7816254
-142.71 2.7815298
-142.7 2.7814342
-142.69 2.7813386
-142.68 2.781243
-142.67 2.7811474
-142.66 2.7810518
-142.65 2.7809562
-142.64 2.7808606
-142.63 2.780765
-142.62 2.7806694
-142.61 2.7805499
-142.6 2.7804543
-142.59 2.7803587
-142.58 2.7802631
-142.57 2.7801675
-142.56 2.7800719
-142.55 2.7799763
-142.54 2.7798807
-142.53 2.7797851
-142.52 2.7796895
-142.51 2.7795939
-142.5 2.7794983
-142.49 2.7794027
-142.48 2.7793071
-142.47 2.7792115
-142.46 2.7791159
-142.45 2.7790203
-142.44 2.7789247
-142.43 2.7788291
-142.42 2.7787335
-142.41 2.7786379
-142.4 2.7785423
-142.39 2.7784467
-142.38 2.7783511
-142.37 2.7782555
-142.36 2.7781599
-142.35 2.7780643
-142.34 2.7779448
-142.33 2.7778492
-142.32 2.7777536
-142.31 2.777658
-142.3 2.7775624
-142.29 2.7774668
-142.28 2.7773712
-142.27 2.7772756
-142.26 2.77718
-142.25 2.7770844
-142.24 2.7769888
-142.23 2.7768932
-142.22 2.7767976
-142.21 2.776702
-142.2 2.7766064
-142.19 2.7765108
-142.18 2.7764152
-142.17 2.7763196
-142.16 2.776224
-142.15 2.7761284
-142.14 2.7760328
-142.13 2.7759372
-142.12 2.7758416
-142.11 2.775746
-142.1 2.7756504
-142.09 2.7755548
-142.08 2.7754592
-142.07 2.7753636
-142.06 2.775268
-142.05 2.7751724
-142.04 2.7750768
-142.03 2.7749812
-142.02 2.7748856
-142.01 2.77479
-142.0 2.7746944
-141.99 2.7745988
-141.98 2.7745032
-141.97 2.7744076
-141.96 2.774312
-141.95 2.7742164
-141.94 2.7741208
-141.93 2.7740252
-141.92 2.7739296
-141.91 2.773834
-141.9 2.7737384
-141.89 2.7736428
-141.88 2.7735472
-141.87 2.7734516
-141.86 2.773356
-141.85 2.7732604
-141.84 2.7731648
-141.83 2.7730692
-141.82 2.7729736
-141.81 2.772878
-141.8 2.7727824
-141.79 2.7726868
-141.78 2.7725912
-141.77 2.7724956
-141.76 2.7724
-141.75 2.7723044
-141.74 2.7722088
-141.73 2.7721132
-141.72 2.7720176
-141.71 2.771922
-141.7 2.7718264
-141.69 2.7717308
-141.68 2.7716352
-141.67 2.7715396
-141.66 2.771444
-141.65 2.7713723
-141.64 2.7712767
-141.63 2.7711811
-141.62 2.7710855
-141.61 2.7709899
-141.6 2.7708943
-141.59 2.7707987
-141.58 2.7707031
-141.57 2.7706075
-141.56 2.7705119
-141.55 2.7704163
-141.54 2.7703207
-141.53 2.7702251
-141.52 2.7701295
-141.51 2.7700339
-141.5 2.7699383
-141.49 2.7698427
-141.48 2.7697471
-141.47 2.7696515
-141.46 2.7695559
-141.45 2.7694603
-141.44 2.7693647
-141.43 2.7692691
-141.42 2.7691735
-141.41 2.7690779
-141.4 2.7689823
-141.39 2.7688867
-141.38 2.7687911
-141.37 2.7686955
-141.36 2.7686238
-141.35 2.7685282
-141.34 2.7684326
-141.33 2.768337
-141.32 2.7682414
-141.31 2.7681458
-141.3 2.7680502
-141.29 2.7679546
-141.28 2.767859
-141.27 2.7677634
-141.26 2.7676678
-141.25 2.7675722
-141.24 2.7674766
-141.23 2.767381
-141.22 2.7672854
-141.21 2.7671898
-141.2 2.7670942
-141.19 2.7669986
-141.18 2.766903
-141.17 2.7668313
-141.16 2.7667357
-141.15 2.7666401
-141.14 2.7665445
-141.13 2.7664489
-141.12 2.7663533
-141.11 2.7662577
-141.1 2.7661621
-141.09 2.7660665
-141.08 2.7659709
-141.07 2.7658753
-141.06 2.7657797
-141.05 2.7656841
-141.04 2.7655885
-141.03 2.7654929
-141.02 2.7653973
-141.01 2.7653256
-141.0 2.76523
-140.99 2.7651344
-140.98 2.7650388
-140.97 2.7649432
-140.96 2.7648476
-140.95 2.764752
-140.94 2.7646564
-140.93 2.7645608
-140.92 2.7644652
-140.91 2.7643696
-140.9 2.764274
-140.89 2.7641784
-140.88 2.7640828
-140.87 2.7640111
-140.86 2.7639155
-140.85 2.7638199
-140.84 2.7637243
-140.83 2.7636287
-140.82 2.7635331
-140.81 2.7634375
-140.8 2.7633419
-140.79 2.7632463
-140.78 2.7631507
-140.77 2.7630551
-140.76 2.7629595
-140.75 2.7628878
-140.74 2.7627922
-140.73 2.7626966
-140.72 2.762601
-140.71 2.7625054
-140.7 2.7624098
-140.69 2.7623142
-140.68 2.7622186
-140.67 2.762123
-140.66 2.7620274
-140.65 2.7619318
-140.64 2.7618362
-140.63 2.7617645
-140.62 2.7616689
-140.61 2.7615733
-140.6 2.7614777
-140.59 2.7613821
-140.58 2.7612865
-140.57 2.7611909
-140.56 2.7610953
-140.55 2.7609997
-140.54 2.7609041
-140.53 2.7608324
-140.52 2.7607368
-140.51 2.7606412
-140.5 2.7605456
-140.49 2.76045
-140.48 2.7603544
-140.47 2.7602588
-140.46 2.7601632
-140.45 2.7600676
-140.44 2.759972
-140.43 2.7599003
-140.42 2.7598047
-140.41 2.7597091
-140.4 2.7596135
-140.39 2.7595179
-140.38 2.7594223
-140.37 2.7593267
-140.36 2.7592311
-140.35 2.7591355
-140.34 2.7590399
-140.33 2.7589682
-140.32 2.7588726
-140.31 2.758777
-140.3 2.7586814
-140.29 2.7585858
-140.28 2.7584902
-140.27 2.7583946
-140.26 2.758299
-140.25 2.7582034
-140.24 2.7581317
-140.23 2.7580361
-140.22 2.7579405
-140.21 2.7578449
-140.2 2.7577493
-140.19 2.7576537
-140.18 2.7575581
-140.17 2.7574625
-140.16 2.7573669
-140.15 2.7572952
-140.14 2.7571996
-140.13 2.757104
-140.12 2.7570084
-140.11 2.7569128
-140.1 2.7568172
-140.09 2.7567216
-140.08 2.756626
-140.07 2.7565543
-140.06 2.7564587
-140.05 2.7563631
-140.04 2.7562675
-140.03 2.7561719
-140.02 2.7560763
-140.01 2.7559807
-140.0 2.7558851
-139.99 2.7558134
-139.98 2.7557178
-139.97 2.7556222
-139.96 2.7555266
-139.95 2.755431
-139.94 2.7553354
-139.93 2.7552398
-139.92 2.7551442
-139.91 2.7550725
-139.9 2.7549769
-139.89 2.7548813
-139.88 2.7547857
-139.87 2.7546901
-139.86 2.7545945
-139.85 2.7544989
-139.84 2.7544272
-139.83 2.7543316
-139.82 2.754236
-139.81 2.7541404
-139.8 2.7540448
-139.79 2.7539492
-139.78 2.7538536
-139.77 2.753758
-139.76 2.7536863
-139.75 2.7535907
-139.74 2.7534951
-139.73 2.7533995
-139.72 2.7533039
-139.71 2.7532083
-139.7 2.7531127
-139.69 2.753041
-139.68 2.7529454
-139.67 2.7528498
-139.66 2.7527542
-139.65 2.7526586
-139.64 2.752563
-139.63 2.7524674
-139.62 2.7523957
-139.61 2.7523001
-139.6 2.7522045
-139.59 2.7521089
-139.58 2.7520133
-139.57 2.7519177
-139.56 2.7518221
-139.55 2.7517504
-139.54 2.7516548
-139.53 2.7515592
-139.52 2.7514636
-139.51 2.751368
-139.5 2.7512724
-139.49 2.7512007
-139.48 2.7511051
-139.47 2.7510095
-139.46 2.7509139
-139.45 2.7508183
-139.44 2.7507227
-139.43 2.7506271
-139.42 2.7505554
-139.41 2.7504598
-139.4 2.7503642
-139.39 2.7502686
-139.38 2.750173
-139.37 2.7500774
-139.36 2.7500057
-139.35 2.7499101
-139.34 2.7498145
-139.33 2.7497189
-139.32 2.7496233
-139.31 2.7495277
-139.3 2.7494321
-139.29 2.7493604
-139.28 2.7492648
-139.27 2.7491692
-139.26 2.7490736
-139.25 2.748978
-139.24 2.7488824
-139.23 2.7488107
-139.22 2.7487151
-139.21 2.7486195
-139.2 2.7485239
-139.19 2.7484283
-139.18 2.7483327
-139.17 2.748261
-139.16 2.7481654
-139.15 2.7480698
-139.14 2.7479742
-139.13 2.7478786
-139.12 2.747783
-139.11 2.7477113
-139.1 2.7476157
-139.09 2.7475201
-139.08 2.7474245
-139.07 2.7473289
-139.06 2.7472333
-139.05 2.7471616
-139.04 2.747066
-139.03 2.7469704
-139.02 2.7468748
-139.01 2.7467792
-139.0 2.7466836
-138.99 2.7466119
-138.98 2.7465163
-138.97 2.7464207
-138.96 2.7463251
-138.95 2.7462295
-138.94 2.7461339
-138.93 2.7460622
-138.92 2.7459666
-138.91 2.745871
-138.9 2.7457754
-138.89 2.7456798
-138.88 2.7456081
-138.87 2.7455125
-138.86 2.7454169
-138.85 2.7453213
-138.84 2.7452257
-138.83 2.7451301
-138.82 2.7450584
-138.81 2.7449628
-138.8 2.7448672
-138.79 2.7447716
-138.78 2.744676
-138.77 2.7446043
-138.76 2.7445087
-138.75 2.7444131
-138.74 2.7443175
-138.73 2.7442219
-138.72 2.7441263
-138.71 2.7440546
-138.7 2.743959
-138.69 2.7438634
-138.68 2.7437678
-138.67 2.7436722
-138.66 2.7436005
-138.65 2.7435049
-138.64 2.7434093
-138.63 2.7433137
-138.62 2.7432181
-138.61 2.7431225
-138.6 2.7430508
-138.59 2.7429552
-138.58 2.7428596
-138.57 2.742764
-138.56 2.7426684
-138.55 2.7425967
-138.54 2.7425011
-138.53 2.7424055
-138.52 2.7423099
-138.51 2.7422143
-138.5 2.7421426
-138.49 2.742047
-138.48 2.7419514
-138.47 2.7418558
-138.46 2.7417602
-138.45 2.7416646
-138.44 2.7415929
-138.43 2.7414973
-138.42 2.7414017
-138.41 2.7413061
-138.4 2.7412105
-138.39 2.7411388
-138.38 2.7410432
-138.37 2.7409476
-138.36 2.740852
-138.35 2.7407564
-138.34 2.7406847
-138.33 2.7405891
-138.32 2.7404935
-138.31 2.7403979
-138.3 2.7403023
-138.29 2.7402306
-138.28 2.740135
-138.27 2.7400394
-138.26 2.7399438
-138.25 2.7398482
-138.24 2.7397765
-138.23 2.7396809
-138.22 2.7395853
-138.21 2.7394897
-138.2 2.7393941
-138.19 2.7393224
-138.18 2.7392268
-138.17 2.7391312
-138.16 2.7390356
-138.15 2.73894
-138.14 2.7388683
-138.13 2.7387727
-138.12 2.7386771
-138.11 2.7385815
-138.1 2.7384859
-138.09 2.7384142
-138.08 2.7383186
-138.07 2.738223
-138.06 2.7381274
-138.05 2.7380318
-138.04 2.7379601
-138.03 2.7378645
-138.02 2.7377689
-138.01 2.7376733
-138.0 2.7376016
-137.99 2.737506
-137.98 2.7374104
-137.97 2.7373148
-137.96 2.7372192
-137.95 2.7371475
-137.94 2.7370519
-137.93 2.7369563
-137.92 2.7368607
-137.91 2.7367651
-137.9 2.7366934
-137.89 2.7365978
-137.88 2.7365022
-137.87 2.7364066
-137.86 2.736311
-137.85 2.7362393
-137.84 2.7361437
-137.83 2.7360481
-137.82 2.7359525
-137.81 2.7358569
-137.8 2.7357852
-137.79 2.7356896
-137.78 2.735594
-137.77 2.7354984
-137.76 2.7354267
-137.75 2.7353311
-137.74 2.7352355
-137.73 2.7351399
-137.72 2.7350443
-137.71 2.7349726
-137.7 2.734877
-137.69 2.7347814
-137.68 2.7346858
-137.67 2.7346141
-137.66 2.7345185
-137.65 2.7344229
-137.64 2.7343273
-137.63 2.7342317
-137.62 2.73416
-137.61 2.7340644
-137.6 2.7339688
-137.59 2.7338732
-137.58 2.7337776
-137.57 2.7337059
-137.56 2.7336103
-137.55 2.7335147
-137.54 2.7334191
-137.53 2.7333474
-137.52 2.7332518
-137.51 2.7331562
-137.5 2.7330606
-137.49 2.732965
-137.48 2.7328933
-137.47 2.7327977
-137.46 2.7327021
-137.45 2.7326065
-137.44 2.7325348
-137.43 2.7324392
-137.42 2.7323436
-137.41 2.732248
-137.4 2.7321524
-137.39 2.7320807
-137.38 2.7319851
-137.37 2.7318895
-137.36 2.7317939
-137.35 2.7317222
-137.34 2.7316266
-137.33 2.731531
-137.32 2.7314354
-137.31 2.7313398
-137.3 2.7312681
-137.29 2.7311725
-137.28 2.7310769
-137.27 2.7309813
-137.26 2.7309096
-137.25 2.730814
-137.24 2.7307184
-137.23 2.7306228
-137.22 2.7305511
-137.21 2.7304555
-137.2 2.7303599
-137.19 2.7302643
-137.18 2.7301687
-137.17 2.730097
-137.16 2.7300014
-137.15 2.7299058
-137.14 2.7298102
-137.13 2.7297385
-137.12 2.7296429
-137.11 2.7295473
-137.1 2.7294517
-137.09 2.72938
-137.08 2.7292844
-137.07 2.7291888
-137.06 2.7290932
-137.05 2.7289976
-137.04 2.7289259
-137.03 2.7288303
-137.02 2.7287347
-137.01 2.7286391
-137.0 2.7285674
-136.99 2.7284718
-136.98 2.7283762
-136.97 2.7282806
-136.96 2.7282089
-136.95 2.7281133
-136.94 2.7280177
-136.93 2.7279221
-136.92 2.7278265
-136.91 2.7277548
-136.9 2.7276592
-136.89 2.7275636
-136.88 2.727468
-136.87 2.7273963
-136.86 2.7273007
-136.85 2.7272051
-136.84 2.7271095
-136.83 2.7270378
-136.82 2.7269422
-136.81 2.7268466
-136.8 2.726751
-136.79 2.7266793
-136.78 2.7265837
-136.77 2.7264881
-136.76 2.7263925
-136.75 2.7262969
-136.74 2.7262252
-136.73 2.7261296
-136.72 2.726034
-136.71 2.7259384
-136.7 2.7258667
-136.69 2.7257711
-136.68 2.7256755
-136.67 2.7255799
-136.66 2.7255082
-136.65 2.7254126
-136.64 2.725317
-136.63 2.7252214
-136.62 2.7251497
-136.61 2.7250541
-136.6 2.7249585
-136.59 2.7248629
-136.58 2.7247912
-136.57 2.7246956
-136.56 2.7246
-136.55 2.7245044
-136.54 2.7244327
-136.53 2.7243371
-136.52 2.7242415
-136.51 2.7241459
-136.5 2.7240503
-136.49 2.7239786
-136.48 2.723883
-136.47 2.7237874
-136.46 2.7236918
-136.45 2.7236201
-136.44 2.7235245
-136.43 2.7234289
-136.42 2.7233333
-136.41 2.7232616
-136.4 2.723166
-136.39 2.7230704
-136.38 2.7229748
-136.37 2.7229031
-136.36 2.7228075
-136.35 2.7227119
-136.34 2.7226163
-136.33 2.7225446
-136.32 2.722449
-136.31 2.7223534
-136.3 2.7222578
-136.29 2.7221861
-136.28 2.7220905
-136.27 2.7219949
-136.26 2.7218993
-136.25 2.7218276
-136.24 2.721732
-136.23 2.7216364
-136.22 2.7215408
-136.21 2.7214691
-136.2 2.7213735
-136.19 2.7212779
-136.18 2.7211823
-136.17 2.7211106
-136.16 2.721015
-136.15 2.7209194
-136.14 2.7208238
-136.13 2.7207521
-136.12 2.7206565
-136.11 2.7205609
-136.1 2.7204653
-136.09 2.7203936
-136.08 2.720298
-136.07 2.7202024
-136.06 2.7201068
-136.05 2.7200351
-136.04 2.7199395
-136.03 2.7198439
-136.02 2.7197483
-136.01 2.7196766
-136.0 2.719581
-135.99 2.7194854
-135.98 2.7193898
-135.97 2.7193181
-135.96 2.7192225
-135.95 2.7191269
-135.94 2.7190313
-135.93 2.7189596
-135.92 2.718864
-135.91 2.7187684
-135.9 2.7186728
-135.89 2.7186011
-135.88 2.7185055
-135.87 2.7184099
-135.86 2.7183143
-135.85 2.7182426
-135.84 2.718147
-135.83 2.7180514
-135.82 2.7179558
-135.81 2.7178841
-135.8 2.7177885
-135.79 2.7176929
-135.78 2.7175973
-135.77 2.7175256
-135.76 2.71743
-135.75 2.7173344
-135.74 2.7172388
-135.73 2.7171671
-135.72 2.7170715
-135.71 2.7169759
-135.7 2.7168803
-135.69 2.7168086
-135.68 2.716713
-135.67 2.7166174
-135.66 2.7165218
-135.65 2.7164501
-135.64 2.7163545
-135.63 2.7162589
-135.62 2.7161633
-135.61 2.7160916
-135.6 2.715996
-135.59 2.7159004
-135.58 2.7158048
-135.57 2.7157331
-135.56 2.7156375
-135.55 2.7155419
-135.54 2.7154463
-135.53 2.7153746
-135.52 2.715279
-135.51 2.7151834
-135.5 2.7150878
-135.49 2.7150161
-135.48 2.7149205
-135.47 2.7148249
-135.46 2.7147293
-135.45 2.7146576
-135.44 2.714562
-135.43 2.7144664
-135.42 2.7143708
-135.41 2.7142991
-135.4 2.7142035
-135.39 2.7141079
-135.38 2.7140362
-135.37 2.7139406
-135.36 2.713845
-135.35 2.7137494
-135.34 2.7136777
-135.33 2.7135821
-135.32 2.7134865
-135.31 2.7133909
-135.3 2.7133192
-135.29 2.7132236
-135.28 2.713128
-135.27 2.7130324
-135.26 2.7129607
-135.25 2.7128651
-135.24 2.7127695
-135.23 2.7126739
-135.22 2.7126022
-135.21 2.7125066
-135.2 2.712411
-135.19 2.7123154
-135.18 2.7122437
-135.17 2.7121481
-135.16 2.7120525
-135.15 2.7119569
-135.14 2.7118852
-135.13 2.7117896
-135.12 2.711694
-135.11 2.7115984
-135.1 2.7115267
-135.09 2.7114311
-135.08 2.7113355
-135.07 2.7112399
-135.06 2.7111682
-135.05 2.7110726
-135.04 2.710977
-135.03 2.7109053
-135.02 2.7108097
-135.01 2.7107141
-135.0 2.7106185
-134.99 2.7105468
-134.98 2.7104512
-134.97 2.7103556
-134.96 2.71026
-134.95 2.7101883
-134.94 2.7100927
-134.93 2.7099971
-134.92 2.7099015
-134.91 2.7098298
-134.9 2.7097342
-134.89 2.7096386
-134.88 2.709543
-134.87 2.7094713
-134.86 2.7093757
-134.85 2.7092801
-134.84 2.7091845
-134.83 2.7091128
-134.82 2.7090172
-134.81 2.7089216
-134.8 2.7088499
-134.79 2.7087543
-134.78 2.7086587
-134.77 2.7085631
-134.76 2.7084914
-134.75 2.7083958
-134.74 2.7083002
-134.73 2.7082046
-134.72 2.7081329
-134.71 2.7080373
-134.7 2.7079417
-134.69 2.7078461
-134.68 2.7077744
-134.67 2.7076788
-134.66 2.7075832
-134.65 2.7074876
-134.64 2.7074159
-134.63 2.7073203
-134.62 2.7072247
-134.61 2.7071291
-134.6 2.7070574
-134.59 2.7069618
-134.58 2.7068662
-134.57 2.7067945
-134.56 2.7066989
-134.55 2.7066033
-134.54 2.7065077
-134.53 2.706436
-134.52 2.7063404
-134.51 2.7062448
-134.5 2.7061492
-134.49 2.7060775
-134.48 2.7059819
-134.47 2.7058863
-134.46 2.7057907
-134.45 2.705719
-134.44 2.7056234
-134.43 2.7055278
-134.42 2.7054322
-134.41 2.7053605
-134.4 2.7052649
-134.39 2.7051693
-134.38 2.7050737
-134.37 2.705002
-134.36 2.7049064
-134.35 2.7048108
-134.34 2.7047391
-134.33 2.7046435
-134.32 2.7045479
-134.31 2.7044523
-134.3 2.7043806
-134.29 2.704285
-134.28 2.7041894
-134.27 2.7040938
-134.26 2.7040221
-134.25 2.7039265
-134.24 2.7038309
-134.23 2.7037353
-134.22 2.7036636
-134.21 2.703568
-134.2 2.7034724
-134.19 2.7033768
-134.18 2.7033051
-134.17 2.7032095
-134.16 2.7031139
-134.15 2.7030422
-134.14 2.7029466
-134.13 2.702851
-134.12 2.7027554
-134.11 2.7026837
-134.1 2.7025881
-134.09 2.7024925
-134.08 2.7023969
-134.07 2.7023252
-134.06 2.7022296
-134.05 2.702134
-134.04 2.7020384
-134.03 2.7019667
-134.02 2.7018711
-134.01 2.7017755
-134.0 2.7016799
-133.99 2.7016082
-133.98 2.7015126
-133.97 2.701417
-133.96 2.7013453
-133.95 2.7012497
-133.94 2.7011541
-133.93 2.7010585
-133.92 2.7009868
-133.91 2.7008912
-133.9 2.7007956
-133.89 2.7007
-133.88 2.7006283
-133.87 2.7005327
-133.86 2.7004371
-133.85 2.7003415
-133.84 2.7002698
-133.83 2.7001742
-133.82 2.7000786
-133.81 2.699983
-133.8 2.6999113
-133.79 2.6998157
-133.78 2.6997201
-133.77 2.6996245
-133.76 2.6995528
-133.75 2.6994572
-133.74 2.6993616
-133.73 2.6992899
-133.72 2.6991943
-133.71 2.6990987
-133.7 2.6990031
-133.69 2.6989314
-133.68 2.6988358
-133.67 2.6987402
-133.66 2.6986446
-133.65 2.6985729
-133.64 2.6984773
-133.63 2.6983817
-133.62 2.6982861
-133.61 2.6982144
-133.6 2.6981188
-133.59 2.6980232
-133.58 2.6979276
-133.57 2.6978559
-133.56 2.6977603
-133.55 2.6976647
-133.54 2.697593
-133.53 2.6974974
-133.52 2.6974018
-133.51 2.6973062
-133.5 2.6972345
-133.49 2.6971389
-133.48 2.6970433
-133.47 2.6969477
-133.46 2.696876
-133.45 2.6967804
-133.44 2.6966848
-133.43 2.6965892
-133.42 2.6965175
-133.41 2.6964219
-133.4 2.6963263
-133.39 2.6962307
-133.38 2.696159
-133.37 2.6960634
-133.36 2.6959678
-133.35 2.6958961
-133.34 2.6958005
-133.33 2.6957049
-133.32 2.6956093
-133.31 2.6955376
-133.3 2.695442
-133.29 2.6953464
-133.28 2.6952508
-133.27 2.6951791
-133.26 2.6950835
-133.25 2.6949879
-133.24 2.6948923
-133.23 2.6948206
-133.22 2.694725
-133.21 2.6946294
-133.2 2.6945338
-133.19 2.6944621
-133.18 2.6943665
-133.17 2.6942709
-133.16 2.6941992
-133.15 2.6941036
-133.14 2.694008
-133.13 2.6939124
-133.12 2.6938407
-133.11 2.6937451
-133.1 2.6936495
-133.09 2.6935539
-133.08 2.6934822
-133.07 2.6933866
-133.06 2.693291
-133.05 2.6931954
-133.04 2.6931237
-133.03 2.6930281
-133.02 2.6929325
-133.01 2.6928369
-133.0 2.6927652
-132.99 2.6926696
-132.98 2.692574
-132.97 2.6924784
-132.96 2.6924067
-132.95 2.6923111
-132.94 2.6922155
-132.93 2.6921438
-132.92 2.6920482
-132.91 2.6919526
-132.9 2.691857
-132.89 2.6917853
-132.88 2.6916897
-132.87 2.6915941
-132.86 2.6914985
-132.85 2.6914268
-132.84 2.6913312
-132.83 2.6912356
-132.82 2.69114
-132.81 2.6910683
-132.8 2.6909727
-132.79 2.6908771
-132.78 2.6907815
-132.77 2.6907098
-132.76 2.6906142
-132.75 2.6905186
-132.74 2.6904469
-132.73 2.6903513
-132.72 2.6902557
-132.71 2.6901601
-132.7 2.6900884
-132.69 2.6899928
-132.68 2.6898972
-132.67 2.6898016
-132.66 2.6897299
-132.65 2.6896343
-132.64 2.6895387
-132.63 2.6894431
-132.62 2.6893714
-132.61 2.6892758
-132.6 2.6891802
-132.59 2.6890846
-132.58 2.6890129
-132.57 2.6889173
-132.56 2.6888217
-132.55 2.6887261
-132.54 2.6886544
-132.53 2.6885588
-132.52 2.6884632
-132.51 2.6883676
-132.5 2.6882959
-132.49 2.6882003
-132.48 2.6881047
-132.47 2.688033
-132.46 2.6879374
-132.45 2.6878418
-132.44 2.6877462
-132.43 2.6876745
-132.42 2.6875789
-132.41 2.6874833
-132.4 2.6873877
-132.39 2.687316
-132.38 2.6872204
-132.37 2.6871248
-132.36 2.6870292
-132.35 2.6869575
-132.34 2.6868619
-132.33 2.6867663
-132.32 2.6866707
-132.31 2.686599
-132.3 2.6865034
-132.29 2.6864078
-132.28 2.6863122
-132.27 2.6862405
-132.26 2.6861449
-132.25 2.6860493
-132.24 2.6859776
-132.23 2.685882
-132.22 2.6857864
-132.21 2.6856908
-132.2 2.6856191
-132.19 2.6855235
-132.18 2.6854279
-132.17 2.6853323
-132.16 2.6852606
-132.15 2.685165
-132.14 2.6850694
-132.13 2.6849738
-132.12 2.6849021
-132.11 2.6848065
-132.1 2.6847109
-132.09 2.6846153
-132.08 2.6845436
-132.07 2.684448
-132.06 2.6843524
-132.05 2.6842568
-132.04 2.6841851
-132.03 2.6840895
-132.02 2.6839939
-132.01 2.6838983
-132.0 2.6838266
-131.99 2.683731
-131.98 2.6836354
-131.97 2.6835398
-131.96 2.6834681
-131.95 2.6833725
-131.94 2.6832769
-131.93 2.6832052
-131.92 2.6831096
-131.91 2.683014
-131.9 2.6829184
-131.89 2.6828467
-131.88 2.6827511
-131.87 2.6826555
-131.86 2.6825599
-131.85 2.6824882
-131.84 2.6823926
-131.83 2.682297
-131.82 2.6822014
-131.81 2.6821297
-131.8 2.6820341
-131.79 2.6819385
-131.78 2.6818429
-131.77 2.6817712
-131.76 2.6816756
-131.75 2.68158
-131.74 2.6814844
-131.73 2.6814127
-131.72 2.6813171
-131.71 2.6812215
-131.7 2.6811259
-131.69 2.6810542
-131.68 2.6809586
-131.67 2.680863
-131.66 2.6807674
-131.65 2.6806957
-131.64 2.6806001
-131.63 2.6805045
-131.62 2.6804089
-131.61 2.6803372
-131.6 2.6802416
-131.59 2.680146
-131.58 2.6800743
-131.57 2.6799787
-131.56 2.6798831
-131.55 2.6797875
-131.54 2.6797158
-131.53 2.6796202
-131.52 2.6795246
-131.51 2.679429
-131.5 2.6793573
-131.49 2.6792617
-131.48 2.6791661
-131.47 2.6790705
-131.46 2.6789988
-131.45 2.6789032
-131.44 2.6788076
-131.43 2.678712
-131.42 2.6786403
-131.41 2.6785447
-131.4 2.6784491
-131.39 2.6783535
-131.38 2.6782818
-131.37 2.6781862
-131.36 2.6780906
-131.35 2.677995
-131.34 2.6779233
-131.33 2.6778277
-131.32 2.6777321
-131.31 2.6776365
-131.3 2.6775648
-131.29 2.6774692
-131.28 2.6773736
-131.27 2.677278
-131.26 2.6772063
-131.25 2.6771107
-131.24 2.6770151
-131.23 2.6769195
-131.22 2.6768478
-131.21 2.6767522
-131.2 2.6766566
-131.19 2.676561
-131.18 2.6764893
-131.17 2.6763937
-131.16 2.6762981
-131.15 2.6762264
-131.14 2.6761308
-131.13 2.6760352
-131.12 2.6759396
-131.11 2.6758679
-131.1 2.6757723
-131.09 2.6756767
-131.08 2.6755811
-131.07 2.6755094
-131.06 2.6754138
-131.05 2.6753182
-131.04 2.6752226
-131.03 2.6751509
-131.02 2.6750553
-131.01 2.6749597
-131.0 2.6748641
-130.99 2.6747924
-130.98 2.6746968
-130.97 2.6746012
-130.96 2.6745056
-130.95 2.6744339
-130.94 2.6743383
-130.93 2.6742427
-130.92 2.6741471
-130.91 2.6740754
-130.9 2.6739798
-130.89 2.6738842
-130.88 2.6737886
-130.87 2.6737169
-130.86 2.6736213
-130.85 2.6735257
-130.84 2.6734301
-130.83 2.6733584
-130.82 2.6732628
-130.81 2.6731672
-130.8 2.6730716
-130.79 2.6729999
-130.78 2.6729043
-130.77 2.6728087
-130.76 2.6727131
-130.75 2.6726414
-130.74 2.6725458
-130.73 2.6724502
-130.72 2.6723546
-130.71 2.6722829
-130.7 2.6721873
-130.69 2.6720917
-130.68 2.6719961
-130.67 2.6719244
-130.66 2.6718288
-130.65 2.6717332
-130.64 2.6716376
-130.63 2.6715659
-130.62 2.6714703
-130.61 2.6713747
-130.6 2.6712791
-130.59 2.6712074
-130.58 2.6711118
-130.57 2.6710162
-130.56 2.6709206
-130.55 2.6708489
-130.54 2.6707533
-130.53 2.6706577
-130.52 2.6705621
-130.51 2.6704904
-130.5 2.6703948
-130.49 2.6702992
-130.48 2.6702036
-130.47 2.6701319
-130.46 2.6700363
-130.45 2.6699407
-130.44 2.6698451
-130.43 2.6697734
-130.42 2.6696778
-130.41 2.6695822
-130.4 2.6694866
-130.39 2.6694149
-130.38 2.6693193
-130.37 2.6692237
-130.36 2.669152
-130.35 2.6690564
-130.34 2.6689608
-130.33 2.6688652
-130.32 2.6687935
-130.31 2.6686979
-130.3 2.6686023
-130.29 2.6685067
-130.28 2.668435
-130.27 2.6683394
-130.26 2.6682438
-130.25 2.6681482
-130.24 2.6680765
-130.23 2.6679809
-130.22 2.6678853
-130.21 2.6677897
-130.2 2.667718
-130.19 2.6676224
-130.18 2.6675268
-130.17 2.6674312
-130.16 2.6673595
-130.15 2.6672639
-130.14 2.6671683
-130.13 2.6670727
-130.12 2.667001
-130.11 2.6669054
-130.1 2.6668098
-130.09 2.6667142
-130.08 2.6666425
-130.07 2.6665469
-130.06 2.6664513
-130.05 2.6663557
-130.04 2.666284
-130.03 2.6661884
-130.02 2.6660928
-130.01 2.6659972
-130.0 2.6659255
-129.99 2.6658299
-129.98 2.6657343
-129.97 2.6656387
-129.96 2.665567
-129.95 2.6654714
-129.94 2.6653758
-129.93 2.6652802
-129.92 2.6652085
-129.91 2.6651129
-129.9 2.6650173
-129.89 2.6649217
-129.88 2.66485
-129.87 2.6647544
-129.86 2.6646588
-129.85 2.6645632
-129.84 2.6644915
-129.83 2.6643959
-129.82 2.6643003
-129.81 2.6642047
-129.8 2.664133
-129.79 2.6640374
-129.78 2.6639418
-129.77 2.6638462
-129.76 2.6637745
-129.75 2.6636789
-129.74 2.6635833
-129.73 2.6634877
-129.72 2.663416
-129.71 2.6633204
-129.7 2.6632248
-129.69 2.6631292
-129.68 2.6630575
-129.67 2.6629619
-129.66 2.6628663
-129.65 2.6627707
-129.64 2.662699
-129.63 2.6626034
-129.62 2.6625078
-129.61 2.6624122
-129.6 2.6623405
-129.59 2.6622449
-129.58 2.6621493
-129.57 2.6620537
-129.56 2.661982
-129.55 2.6618864
-129.54 2.6617908
-129.53 2.6616952
-129.52 2.6616235
-129.51 2.6615279
-129.5 2.6614323
-129.49 2.6613367
-129.48 2.661265
-129.47 2.6611694
-129.46 2.6610738
-129.45 2.6609782
-129.44 2.6609065
-129.43 2.6608109
-129.42 2.6607153
-129.41 2.6606197
-129.4 2.660548
-129.39 2.6604524
-129.38 2.6603568
-129.37 2.6602612
-129.36 2.6601895
-129.35 2.6600939
-129.34 2.6599983
-129.33 2.6599027
-129.32 2.659831
-129.31 2.6597354
-129.3 2.6596398
-129.29 2.6595442
-129.28 2.6594725
-129.27 2.6593769
-129.26 2.6592813
-129.25 2.6591857
-129.24 2.659114
-129.23 2.6590184
-129.22 2.6589228
-129.21 2.6588272
-129.2 2.6587555
-129.19 2.6586599
-129.18 2.6585643
-129.17 2.6584687
-129.16 2.658397
-129.15 2.6583014
-129.14 2.6582058
-129.13 2.6581102
-129.12 2.6580385
-129.11 2.6579429
-129.1 2.6578473
-129.09 2.6577517
-129.08 2.65768
-129.07 2.6575844
-129.06 2.6574888
-129.05 2.6573932
-129.04 2.6573215
-129.03 2.6572259
-129.02 2.6571303
-129.01 2.6570347
-129.0 2.656963
-128.99 2.6568674
-128.98 2.6567718
-128.97 2.6566762
-128.96 2.6566045
-128.95 2.6565089
-128.94 2.6564133
-128.93 2.6563177
-128.92 2.656246
-128.91 2.6561504
-128.9 2.6560548
-128.89 2.6559592
-128.88 2.6558875
-128.87 2.6557919
-128.86 2.6556963
-128.85 2.6556007
-128.84 2.655529
-128.83 2.6554334
-128.82 2.6553378
-128.81 2.6552422
-128.8 2.6551705
-128.79 2.6550749
-128.78 2.6549793
-128.77 2.6548837
-128.76 2.654812
-128.75 2.6547164
-128.74 2.6546208
-128.73 2.6545252
-128.72 2.6544535
-128.71 2.6543579
-128.7 2.6542623
-128.69 2.6541906
-128.68 2.654095
-128.67 2.6539994
-128.66 2.6539038
-128.65 2.6538321
-128.64 2.6537365
-128.63 2.6536409
-128.62 2.6535453
-128.61 2.6534736
-128.6 2.653378
-128.59 2.6532824
-128.58 2.6531868
-128.57 2.6531151
-128.56 2.6530195
-128.55 2.6529239
-128.54 2.6528283
-128.53 2.6527566
-128.52 2.652661
-128.51 2.6525654
-128.5 2.6524698
-128.49 2.6523981
-128.48 2.6523025
-128.47 2.6522069
-128.46 2.6521113
-128.45 2.6520396
-128.44 2.651944
-128.43 2.6518484
-128.42 2.6517528
-128.41 2.6516811
-128.4 2.6515855
-128.39 2.6514899
-128.38 2.6513943
-128.37 2.6513226
-128.36 2.651227
-128.35 2.6511314
-128.34 2.6510358
-128.33 2.6509641
-128.32 2.6508685
-128.31 2.6507729
-128.3 2.6506773
-128.29 2.6506056
-128.28 2.65051
-128.27 2.6504144
-128.26 2.6503188
-128.25 2.6502471
-128.24 2.6501515
-128.23 2.6500559
-128.22 2.6499603
-128.21 2.6498886
-128.2 2.649793
-128.19 2.6496974
-128.18 2.6496257
-128.17 2.6495301
-128.16 2.6494345
-128.15 2.6493389
-128.14 2.6492672
-128.13 2.6491716
-128.12 2.649076
-128.11 2.6489804
-128.1 2.6489087
-128.09 2.6488131
-128.08 2.6487175
-128.07 2.6486219
-128.06 2.6485502
-128.05 2.6484546
-128.04 2.648359
-128.03 2.6482634
-128.02 2.6481917
-128.01 2.6480961
-128.0 2.6480005
-127.99 2.6479049
-127.98 2.6478332
-127.97 2.6477376
-127.96 2.647642
-127.95 2.6475464
-127.94 2.6474747
-127.93 2.6473791
-127.92 2.6472835
-127.91 2.6472118
-127.9 2.6471162
-127.89 2.6470206
-127.88 2.646925
-127.87 2.6468533
-127.86 2.6467577
-127.85 2.6466621
-127.84 2.6465665
-127.83 2.6464948
-127.82 2.6463992
-127.81 2.6463036
-127.8 2.646208
-127.79 2.6461363
-127.78 2.6460407
-127.77 2.6459451
-127.76 2.6458495
-127.75 2.6457778
-127.74 2.6456822
-127.73 2.6455866
-127.72 2.645491
-127.71 2.6454193
-127.7 2.6453237
-127.69 2.6452281
-127.68 2.6451564
-127.67 2.6450608
-127.66 2.6449652
-127.65 2.6448696
-127.64 2.6447979
-127.63 2.6447023
-127.62 2.6446067
-127.61 2.6445111
-127.6 2.6444394
-127.59 2.6443438
-127.58 2.6442482
-127.57 2.6441526
-127.56 2.6440809
-127.55 2.6439853
-127.54 2.6438897
-127.53 2.6437941
-127.52 2.6437224
-127.51 2.6436268
-127.5 2.6435312
-127.49 2.6434595
-127.48 2.6433639
-127.47 2.6432683
-127.46 2.6431727
-127.45 2.643101
-127.44 2.6430054
-127.43 2.6429098
-127.42 2.6428142
-127.41 2.6427425
-127.4 2.6426469
-127.39 2.6425513
-127.38 2.6424557
-127.37 2.642384
-127.36 2.6422884
-127.35 2.6421928
-127.34 2.6421211
-127.33 2.6420255
-127.32 2.6419299
-127.31 2.6418343
-127.3 2.6417626
-127.29 2.641667
-127.28 2.6415714
-127.27 2.6414758
-127.26 2.6414041
-127.25 2.6413085
-127.24 2.6412129
-127.23 2.6411173
-127.22 2.6410456
-127.21 2.64095
-127.2 2.6408544
-127.19 2.6407827
-127.18 2.6406871
-127.17 2.6405915
-127.16 2.6404959
-127.15 2.6404242
-127.14 2.6403286
-127.13 2.640233
-127.12 2.6401374
-127.11 2.6400657
-127.1 2.6399701
-127.09 2.6398745
-127.08 2.6398028
-127.07 2.6397072
-127.06 2.6396116
-127.05 2.639516
-127.04 2.6394443
-127.03 2.6393487
-127.02 2.6392531
-127.01 2.6391575
-127.0 2.6390858
-126.99 2.6389902
-126.98 2.6388946
-126.97 2.6388229
-126.96 2.6387273
-126.95 2.6386317
-126.94 2.6385361
-126.93 2.6384644
-126.92 2.6383688
-126.91 2.6382732
-126.9 2.6381776
-126.89 2.6381059
-126.88 2.6380103
-126.87 2.6379147
-126.86 2.637843
-126.85 2.6377474
-126.84 2.6376518
-126.83 2.6375562
-126.82 2.6374845
-126.81 2.6373889
-126.8 2.6372933
-126.79 2.6372216
-126.78 2.637126
-126.77 2.6370304
-126.76 2.6369348
-126.75 2.6368631
-126.74 2.6367675
-126.73 2.6366719
-126.72 2.6366002
-126.71 2.6365046
-126.7 2.636409
-126.69 2.6363134
-126.68 2.6362417
-126.67 2.6361461
-126.66 2.6360505
-126.65 2.6359549
-126.64 2.6358832
-126.63 2.6357876
-126.62 2.635692
-126.61 2.6356203
-126.6 2.6355247
-126.59 2.6354291
-126.58 2.6353335
-126.57 2.6352618
-126.56 2.6351662
-126.55 2.6350706
-126.54 2.6349989
-126.53 2.6349033
-126.52 2.6348077
-126.51 2.6347121
-126.5 2.6346404
-126.49 2.6345448
-126.48 2.6344492
-126.47 2.6343775
-126.46 2.6342819
-126.45 2.6341863
-126.44 2.6340907
-126.43 2.634019
-126.42 2.6339234
-126.41 2.6338278
-126.4 2.6337561
-126.39 2.6336605
-126.38 2.6335649
-126.37 2.6334693
-126.36 2.6333976
-126.35 2.633302
-126.34 2.6332064
-126.33 2.6331347
-126.32 2.6330391
-126.31 2.6329435
-126.3 2.6328718
-126.29 2.6327762
-126.28 2.6326806
-126.27 2.632585
-126.26 2.6325133
-126.25 2.6324177
-126.24 2.6323221
-126.23 2.6322504
-126.22 2.6321548
-126.21 2.6320592
-126.2 2.6319636
-126.19 2.6318919
-126.18 2.6317963
-126.17 2.6317007
-126.16 2.631629
-126.15 2.6315334
-126.14 2.6314378
-126.13 2.6313661
-126.12 2.6312705
-126.11 2.6311749
-126.1 2.6310793
-126.09 2.6310076
-126.08 2.630912
-126.07 2.6308164
-126.06 2.6307447
-126.05 2.6306491
-126.04 2.6305535
-126.03 2.6304579
-126.02 2.6303862
-126.01 2.6302906
-126.0 2.630195
-125.99 2.6301233
-125.98 2.6300277
-125.97 2.6299321
-125.96 2.6298604
-125.95 2.6297648
-125.94 2.6296692
-125.93 2.6295736
-125.92 2.6295019
-125.91 2.6294063
-125.9 2.6293107
-125.89 2.629239
-125.88 2.6291434
-125.87 2.6290478
-125.86 2.6289761
-125.85 2.6288805
-125.84 2.6287849
-125.83 2.6287132
-125.82 2.6286176
-125.81 2.628522
-125.8 2.6284264
-125.79 2.6283547
-125.78 2.6282591
-125.77 2.6281635
-125.76 2.6280918
-125.75 2.6279962
-125.74 2.6279006
-125.73 2.6278289
-125.72 2.6277333
-125.71 2.6276377
-125.7 2.627566
-125.69 2.6274704
-125.68 2.6273748
-125.67 2.6272792
-125.66 2.6272075
-125.65 2.6271119
-125.64 2.6270163
-125.63 2.6269446
-125.62 2.626849
-125.61 2.6267534
-125.6 2.6266817
-125.59 2.6265861
-125.58 2.6264905
-125.57 2.6264188
-125.56 2.6263232
-125.55 2.6262276
-125.54 2.6261559
-125.53 2.6260603
-125.52 2.6259647
-125.51 2.625893
-125.5 2.6257974
-125.49 2.6257018
-125.48 2.6256062
-125.47 2.6255345
-125.46 2.6254389
-125.45 2.6253433
-125.44 2.6252716
-125.43 2.625176
-125.42 2.6250804
-125.41 2.6250087
-125.4 2.6249131
-125.39 2.6248175
-125.38 2.6247458
-125.37 2.6246502
-125.36 2.6245546
-125.35 2.6244829
-125.34 2.6243873
-125.33 2.6242917
-125.32 2.62422
-125.31 2.6241244
-125.3 2.6240288
-125.29 2.6239571
-125.28 2.6238615
-125.27 2.6237659
-125.26 2.6236942
-125.25 2.6235986
-125.24 2.623503
-125.23 2.6234313
-125.22 2.6233357
-125.21 2.6232401
-125.2 2.6231684
-125.19 2.6230728
-125.18 2.6229772
-125.17 2.6229055
-125.16 2.6228099
-125.15 2.6227143
-125.14 2.6226426
-125.13 2.622547
-125.12 2.6224514
-125.11 2.6223797
-125.1 2.6222841
-125.09 2.6221885
-125.08 2.6221168
-125.07 2.6220212
-125.06 2.6219256
-125.05 2.6218539
-125.04 2.6217583
-125.03 2.6216627
-125.02 2.621591
-125.01 2.6214954
-125.0 2.6213998
-124.99 2.6213281
-124.98 2.6212325
-124.97 2.6211369
-124.96 2.6210652
-124.95 2.6209696
-124.94 2.620874
-124.93 2.6208023
-124.92 2.6207067
-124.91 2.6206111
-124.9 2.6205394
-124.89 2.6204438
-124.88 2.6203482
-124.87 2.6202765
-124.86 2.6201809
-124.85 2.6200853
-124.84 2.6200136
-124.83 2.619918
-124.82 2.6198463
-124.81 2.6197507
-124.8 2.6196551
-124.79 2.6195834
-124.78 2.6194878
-124.77 2.6193922
-124.76 2.6193205
-124.75 2.6192249
-124.74 2.6191293
-124.73 2.6190576
-124.72 2.618962
-124.71 2.6188664
-124.7 2.6187947
-124.69 2.6186991
-124.68 2.6186035
-124.67 2.6185318
-124.66 2.6184362
-124.65 2.6183645
-124.64 2.6182689
-124.63 2.6181733
-124.62 2.6181016
-124.61 2.618006
-124.6 2.6179104
-124.59 2.6178387
-124.58 2.6177431
-124.57 2.6176475
-124.56 2.6175758
-124.55 2.6174802
-124.54 2.6173846
-124.53 2.6173129
-124.52 2.6172173
-124.51 2.6171456
-124.5 2.61705
-124.49 2.6169544
-124.48 2.6168827
-124.47 2.6167871
-124.46 2.6166915
-124.45 2.6166198
-124.44 2.6165242
-124.43 2.6164525
-124.42 2.6163569
-124.41 2.6162613
-124.4 2.6161896
-124.39 2.616094
-124.38 2.6159984
-124.37 2.6159267
-124.36 2.6158311
-124.35 2.6157594
-124.34 2.6156638
-124.33 2.6155682
-124.32 2.6154965
-124.31 2.6154009
-124.3 2.6153053
-124.29 2.6152336
-124.28 2.615138
-124.27 2.6150663
-124.26 2.6149707
-124.25 2.6148751
-124.24 2.6148034
-124.23 2.6147078
-124.22 2.6146122
-124.21 2.6145405
-124.2 2.6144449
-124.19 2.6143732
-124.18 2.6142776
-124.17 2.614182
-124.16 2.6141103
-124.15 2.6140147
-124.14 2.613943
-124.13 2.6138474
-124.12 2.6137518
-124.11 2.6136801
-124.1 2.6135845
-124.09 2.6134889
-124.08 2.6134172
-124.07 2.6133216
-124.06 2.6132499
-124.05 2.6131543
-124.04 2.6130587
-124.03 2.612987
-124.02 2.6128914
-124.01 2.6128197
-124.0 2.6127241
-123.99 2.6126285
-123.98 2.6125568
-123.97 2.6124612
-123.96 2.6123895
-123.95 2.6122939
-123.94 2.6121983
-123.93 2.6121266
-123.92 2.612031
-123.91 2.6119593
-123.9 2.6118637
-123.89 2.6117681
-123.88 2.6116964
-123.87 2.6116008
-123.86 2.6115291
-123.85 2.6114335
-123.84 2.6113379
-123.83 2.6112662
-123.82 2.6111706
-123.81 2.6110989
-123.8 2.6110033
-123.79 2.6109077
-123.78 2.610836
-123.77 2.6107404
-123.76 2.6106687
-123.75 2.6105731
-123.74 2.6105014
-123.73 2.6104058
-123.72 2.6103102
-123.71 2.6102385
-123.7 2.6101429
-123.69 2.6100712
-123.68 2.6099756
-123.67 2.60988
-123.66 2.6098083
-123.65 2.6097127
-123.64 2.609641
-123.63 2.6095454
-123.62 2.6094737
-123.61 2.6093781
-123.6 2.6092825
-123.59 2.6092108
-123.58 2.6091152
-123.57 2.6090435
-123.56 2.6089479
-123.55 2.6088762
-123.54 2.6087806
-123.53 2.608685
-123.52 2.6086133
-123.51 2.6085177
-123.5 2.608446
-123.49 2.6083504
-123.48 2.6082787
-123.47 2.6081831
-123.46 2.6080875
-123.45 2.6080158
-123.44 2.6079202
-123.43 2.6078485
-123.42 2.6077529
-123.41 2.6076812
-123.4 2.6075856
-123.39 2.60749
-123.38 2.6074183
-123.37 2.6073227
-123.36 2.607251
-123.35 2.6071554
-123.34 2.6070837
-123.33 2.6069881
-123.32 2.6069164
-123.31 2.6068208
-123.3 2.6067252
-123.29 2.6066535
-123.28 2.6065579
-123.27 2.6064862
-123.26 2.6063906
-123.25 2.6063189
-123.24 2.6062233
-123.23 2.6061516
-123.22 2.606056
-123.21 2.6059843
-123.2 2.6058887
-123.19 2.6057931
-123.18 2.6057214
-123.17 2.6056258
-123.16 2.6055541
-123.15 2.6054585
-123.14 2.6053868
-123.13 2.6052912
-123.12 2.6052195
-123.11 2.6051239
-123.1 2.6050522
-123.09 2.6049566
-123.08 2.604861
-123.07 2.6047893
-123.06 2.6046937
-123.05 2.604622
-123.04 2.6045264
-123.03 2.6044547
-123.02 2.6043591
-123.01 2.6042874
-123.0 2.6041918
-122.99 2.6041201
-122.98 2.6040245
-122.97 2.6039528
-122.96 2.6038572
-122.95 2.6037855
-122.94 2.6036899
-122.93 2.6036182
-122.92 2.6035226
-122.91 2.6034509
-122.9 2.6033553
-122.89 2.6032597
-122.88 2.603188
-122.87 2.6030924
-122.86 2.6030207
-122.85 2.6029251
-122.84 2.6028534
-122.83 2.6027578
-122.82 2.6026861
-122.81 2.6025905
-122.8 2.6025188
-122.79 2.6024232
-122.78 2.6023515
-122.77 2.6022559
-122.76 2.6021842
-122.75 2.6020886
-122.74 2.6020169
-122.73 2.6019213
-122.72 2.6018496
-122.71 2.601754
-122.7 2.6016823
-122.69 2.6015867
-122.68 2.601515
-122.67 2.6014194
-122.66 2.6013477
-122.65 2.6012521
-122.64 2.6011804
-122.63 2.6010848
-122.62 2.6010131
-122.61 2.6009175
-122.6 2.6008458
-122.59 2.6007502
-122.58 2.6006785
-122.57 2.6005829
-122.56 2.6005112
-122.55 2.6004156
-122.54 2.6003439
-122.53 2.6002483
-122.52 2.6001766
-122.51 2.600081
-122.5 2.6000093
-122.49 2.5999137
-122.48 2.599842
-122.47 2.5997464
-122.46 2.5996747
-122.45 2.5995791
-122.44 2.5995074
-122.43 2.5994357
-122.42 2.5993401
-122.41 2.5992684
-122.4 2.5991728
-122.39 2.5991011
-122.38 2.5990055
-122.37 2.5989338
-122.36 2.5988382
-122.35 2.5987665
-122.34 2.5986709
-122.33 2.5985992
-122.32 2.5985036
-122.31 2.5984319
-122.3 2.5983363
-122.29 2.5982646
-122.28 2.598169
-122.27 2.5980973
-122.26 2.5980256
-122.25 2.59793
-122.24 2.5978583
-122.23 2.5977627
-122.22 2.597691
-122.21 2.5975954
-122.2 2.5975237
-122.19 2.5974281
-122.18 2.5973564
-122.17 2.5972608
-122.16 2.5971891
-122.15 2.5971174
-122.14 2.5970218
-122.13 2.5969501
-122.12 2.5968545
-122.11 2.5967828
-122.1 2.5966872
-122.09 2.5966155
-122.08 2.5965199
-122.07 2.5964482
-122.06 2.5963765
-122.05 2.5962809
-122.04 2.5962092
-122.03 2.5961136
-122.02 2.5960419
-122.01 2.5959463
-122.0 2.5958746
-121.99 2.5958029
-121.98 2.5957073
-121.97 2.5956356
-121.96 2.59554
-121.95 2.5954683
-121.94 2.5953727
-121.93 2.595301
-121.92 2.5952293
-121.91 2.5951337
-121.9 2.595062
-121.89 2.5949664
-121.88 2.5948947
-121.87 2.5947991
-121.86 2.5947274
-121.85 2.5946557
-121.84 2.5945601
-121.83 2.5944884
-121.82 2.5943928
-121.81 2.5943211
-121.8 2.5942494
-121.79 2.5941538
-121.78 2.5940821
-121.77 2.5939865
-121.76 2.5939148
-121.75 2.5938431
-121.74 2.5937475
-121.73 2.5936758
-121.72 2.5935802
-121.71 2.5935085
-121.7 2.5934129
-121.69 2.5933412
-121.68 2.5932695
-121.67 2.5931739
-121.66 2.5931022
-121.65 2.5930305
-121.64 2.5929349
-121.63 2.5928632
-121.62 2.5927676
-121.61 2.5926959
-121.6 2.5926242
-121.59 2.5925286
-121.58 2.5924569
-121.57 2.5923613
-121.56 2.5922896
-121.55 2.5922179
-121.54 2.5921223
-121.53 2.5920506
-121.52 2.5919789
-121.51 2.5918833
-121.5 2.5918116
-121.49 2.591716
-121.48 2.5916443
-121.47 2.5915726
-121.46 2.591477
-121.45 2.5914053
-121.44 2.5913336
-121.43 2.591238
-121.42 2.5911663
-121.41 2.5910707
-121.4 2.590999
-121.39 2.5909273
-121.38 2.5908317
-121.37 2.59076
-121.36 2.5906883
-121.35 2.5905927
-121.34 2.590521
-121.33 2.5904493
-121.32 2.5903537
-121.31 2.590282
-121.3 2.5901864
-121.29 2.5901147
-121.28 2.590043
-121.27 2.5899474
-121.26 2.5898757
-121.25 2.589804
-121.24 2.5897084
-121.23 2.5896367
-121.22 2.589565
-121.21 2.5894694
-121.2 2.5893977
-121.19 2.589326
-121.18 2.5892304
-121.17 2.5891587
-121.16 2.589087
-121.15 2.5889914
-121.14 2.5889197
-121.13 2.588848
-121.12 2.5887524
-121.11 2.5886807
-121.1 2.588609
-121.09 2.5885134
-121.08 2.5884417
-121.07 2.58837
-121.06 2.5882744
-121.05 2.5882027
-121.04 2.588131
-121.03 2.5880354
-121.02 2.5879637
-121.01 2.587892
-121.0 2.5878203
-120.99 2.5877247
-120.98 2.587653
-120.97 2.5875813
-120.96 2.5874857
-120.95 2.587414
-120.94 2.5873423
-120.93 2.5872467
-120.92 2.587175
-120.91 2.5871033
-120.9 2.5870077
-120.89 2.586936
-120.88 2.5868643
-120.87 2.5867926
-120.86 2.586697
-120.85 2.5866253
-120.84 2.5865536
-120.83 2.586458
-120.82 2.5863863
-120.81 2.5863146
-120.8 2.5862429
-120.79 2.5861473
-120.78 2.5860756
-120.77 2.5860039
-120.76 2.5859083
-120.75 2.5858366
-120.74 2.5857649
-120.73 2.5856932
-120.72 2.5855976
-120.71 2.5855259
-120.7 2.5854542
-120.69 2.5853825
-120.68 2.5852869
-120.67 2.5852152
-120.66 2.5851435
-120.65 2.5850479
-120.64 2.5849762
-120.63 2.5849045
-120.62 2.5848328
-120.61 2.5847372
-120.6 2.5846655
-120.59 2.5845938
-120.58 2.5845221
-120.57 2.5844265
-120.56 2.5843548
-120.55 2.5842831
-120.54 2.5842114
-120.53 2.5841158
-120.52 2.5840441
-120.51 2.5839724
-120.5 2.5839007
-120.49 2.5838051
-120.48 2.5837334
-120.47 2.5836617
-120.46 2.58359
-120.45 2.5834944
-120.44 2.5834227
-120.43 2.583351
-120.42 2.5832793
-120.41 2.5832076
-120.4 2.583112
-120.39 2.5830403
-120.38 2.5829686
-120.37 2.5828969
-120.36 2.5828013
-120.35 2.5827296
-120.34 2.5826579
-120.33 2.5825862
-120.32 2.5825145
-120.31 2.5824189
-120.3 2.5823472
-120.29 2.5822755
-120.28 2.5822038
-120.27 2.5821082
-120.26 2.5820365
-120.25 2.5819648
-120.24 2.5818931
-120.23 2.5818214
-120.22 2.5817258
-120.21 2.5816541
-120.2 2.5815824
-120.19 2.5815107
-120.18 2.581439
-120.17 2.5813434
-120.16 2.5812717
-120.15 2.5812
-120.14 2.5811283
-120.13 2.5810566
-120.12 2.5809849
-120.11 2.5808893
-120.1 2.5808176
-120.09 2.5807459
-120.08 2.5806742
-120.07 2.5806025
-120.06 2.5805069
-120.05 2.5804352
-120.04 2.5803635
-120.03 2.5802918
-120.02 2.5802201
-120.01 2.5801484
-120.0 2.5800528
-119.99 2.5799811
-119.98 2.5799094
-119.97 2.5798377
-119.96 2.579766
-119.95 2.5796943
-119.94 2.5795987
-119.93 2.579527
-119.92 2.5794553
-119.91 2.5793836
-119.9 2.5793119
-119.89 2.5792402
-119.88 2.5791685
-119.87 2.5790729
-119.86 2.5790012
-119.85 2.5789295
-119.84 2.5788578
-119.83 2.5787861
-119.82 2.5787144
-119.81 2.5786427
-119.8 2.5785471
-119.79 2.5784754
-119.78 2.5784037
-119.77 2.578332
-119.76 2.5782603
-119.75 2.5781886
-119.74 2.5781169
-119.73 2.5780452
-119.72 2.5779496
-119.71 2.5778779
-119.7 2.5778062
-119.69 2.5777345
-119.68 2.5776628
-119.67 2.5775911
-119.66 2.5775194
-119.65 2.5774477
-119.64 2.577376
-119.63 2.5772804
-119.62 2.5772087
-119.61 2.577137
-119.6 2.5770653
-119.59 2.5769936
-119.58 2.5769219
-119.57 2.5768502
-119.56 2.5767785
-119.55 2.5767068
-119.54 2.5766351
-119.53 2.5765395
-119.52 2.5764678
-119.51 2.5763961
-119.5 2.5763244
-119.49 2.5762527
-119.48 2.576181
-119.47 2.5761093
-119.46 2.5760376
-119.45 2.5759659
-119.44 2.5758942
-119.43 2.5758225
-119.42 2.5757508
-119.41 2.5756791
-119.4 2.5756074
-119.39 2.5755118
-119.38 2.5754401
-119.37 2.5753684
-119.36 2.5752967
-119.35 2.575225
-119.34 2.5751533
-119.33 2.5750816
-119.32 2.5750099
-119.31 2.5749382
-119.3 2.5748665
-119.29 2.5747948
-119.28 2.5747231
-119.27 2.5746514
-119.26 2.5745797
-119.25 2.574508
-119.24 2.5744363
-119.23 2.5743646
-119.22 2.5742929
-119.21 2.5742212
-119.2 2.5741495
-119.19 2.5740778
-119.18 2.5740061
-119.17 2.5739344
-119.16 2.5738627
-119.15 2.5737671
-119.14 2.5736954
-119.13 2.5736237
-119.12 2.573552
-119.11 2.5734803
-119.1 2.5734086
-119.09 2.5733369
-119.08 2.5732652
-119.07 2.5731935
-119.06 2.5731218
-119.05 2.5730501
-119.04 2.5729784
-119.03 2.5729067
-119.02 2.572835
-119.01 2.5727633
-119.0 2.5726916
-118.99 2.5726199
-118.98 2.5725482
-118.97 2.5724765
-118.96 2.5724048
-118.95 2.572357
-118.94 2.5722853
-118.93 2.5722136
-118.92 2.5721419
-118.91 2.5720702
-118.9 2.5719985
-118.89 2.5719268
-118.88 2.5718551
-118.87 2.5717834
-118.86 2.5717117
-118.85 2.57164
-118.84 2.5715683
-118.83 2.5714966
-118.82 2.5714249
-118.81 2.5713532
-118.8 2.5712815
-118.79 2.5712098
-118.78 2.5711381
-118.77 2.5710664
-118.76 2.5709947
-118.75 2.570923
-118.74 2.5708513
-118.73 2.5707796
-118.72 2.5707079
-118.71 2.5706601
-118.7 2.5705884
-118.69 2.5705167
-118.68 2.570445
-118.67 2.5703733
-118.66 2.5703016
-118.65 2.5702299
-118.64 2.5701582
-118.63 2.5700865
-118.62 2.5700148
-118.61 2.5699431
-118.6 2.5698714
-118.59 2.5698236
-118.58 2.5697519
-118.57 2.5696802
-118.56 2.5696085
-118.55 2.5695368
-118.54 2.5694651
-118.53 2.5693934
-118.52 2.5693217
-118.51 2.56925
-118.5 2.5691783
-118.49 2.5691305
-118.48 2.5690588
-118.47 2.5689871
-118.46 2.5689154
-118.45 2.5688437
-118.44 2.568772
-118.43 2.5687003
-118.42 2.5686286
-118.41 2.5685569
-118.4 2.5685091
-118.39 2.5684374
-118.38 2.5683657
-118.37 2.568294
-118.36 2.5682223
-118.35 2.5681506
-118.34 2.5680789
-118.33 2.5680311
-118.32 2.5679594
-118.31 2.5678877
-118.3 2.567816
-118.29 2.5677443
-118.28 2.5676726
-118.27 2.5676248
-118.26 2.5675531
-118.25 2.5674814
-118.24 2.5674097
-118.23 2.567338
-118.22 2.5672663
-118.21 2.5672185
-118.2 2.5671468
-118.19 2.5670751
-118.18 2.5670034
-118.17 2.5669317
-118.16 2.56686
-118.15 2.5668122
-118.14 2.5667405
-118.13 2.5666688
-118.12 2.5665971
-118.11 2.5665254
-118.1 2.5664776
-118.09 2.5664059
-118.08 2.5663342
-118.07 2.5662625
-118.06 2.5661908
-118.05 2.566143
-118.04 2.5660713
-118.03 2.5659996
-118.02 2.5659279
-118.01 2.5658562
-118.0 2.5658084
-117.99 2.5657367
-117.98 2.565665
-117.97 2.5655933
-117.96 2.5655216
-117.95 2.5654738
-117.94 2.5654021
-117.93 2.5653304
-117.92 2.5652587
-117.91 2.5652109
-117.9 2.5651392
-117.89 2.5650675
-117.88 2.5649958
-117.87 2.564948
-117.86 2.5648763
-117.85 2.5648046
-117.84 2.5647329
-117.83 2.5646851
-117.82 2.5646134
-117.81 2.5645417
-117.8 2.56447
-117.79 2.5644222
-117.78 2.5643505
-117.77 2.5642788
-117.76 2.5642071
-117.75 2.5641593
-117.74 2.5640876
-117.73 2.5640159
-117.72 2.5639681
-117.71 2.5638964
-117.7 2.5638247
-117.69 2.563753
-117.68 2.5637052
-117.67 2.5636335
-117.66 2.5635618
-117.65 2.563514
-117.64 2.5634423
-117.63 2.5633706
-117.62 2.5633228
-117.61 2.5632511
-117.6 2.5631794
-117.59 2.5631077
-117.58 2.5630599
-117.57 2.5629882
-117.56 2.5629165
-117.55 2.5628687
-117.54 2.562797
-117.53 2.5627253
-117.52 2.5626775
-117.51 2.5626058
-117.5 2.5625341
-117.49 2.5624863
-117.48 2.5624146
-117.47 2.5623429
-117.46 2.5622951
-117.45 2.5622234
-117.44 2.5621517
-117.43 2.5621039
-117.42 2.5620322
-117.41 2.5619605
-117.4 2.5619127
-117.39 2.561841
-117.38 2.5617932
-117.37 2.5617215
-117.36 2.5616498
-117.35 2.561602
-117.34 2.5615303
-117.33 2.5614586
-117.32 2.5614108
-117.31 2.5613391
-117.3 2.5612913
-117.29 2.5612196
-117.28 2.5611479
-117.27 2.5611001
-117.26 2.5610284
-117.25 2.5609567
-117.24 2.5609089
-117.23 2.5608372
-117.22 2.5607894
-117.21 2.5607177
-117.2 2.560646
-117.19 2.5605982
-117.18 2.5605265
-117.17 2.5604787
-117.16 2.560407
-117.15 2.5603592
-117.14 2.5602875
-117.13 2.5602158
-117.12 2.560168
-117.11 2.5600963
-117.1 2.5600485
-117.09 2.5599768
-117.08 2.559929
-117.07 2.5598573
-117.06 2.5597856
-117.05 2.5597378
-117.04 2.5596661
-117.03 2.5596183
-117.02 2.5595466
-117.01 2.5594988
-117.0 2.5594271
-116.99 2.5593793
-116.98 2.5593076
-116.97 2.5592598
-116.96 2.5591881
-116.95 2.5591164
-116.94 2.5590686
-116.93 2.5589969
-116.92 2.5589491
-116.91 2.5588774
-116.9 2.5588296
-116.89 2.5587579
-116.88 2.5587101
-116.87 2.5586384
-116.86 2.5585906
-116.85 2.5585189
-116.84 2.5584711
-116.83 2.5583994
-116.82 2.5583516
-116.81 2.5582799
-116.8 2.5582321
-116.79 2.5581604
-116.78 2.5581126
-116.77 2.5580409
-116.76 2.5579931
-116.75 2.5579214
-116.74 2.5578736
-116.73 2.5578019
-116.72 2.5577541
-116.71 2.5577063
-116.7 2.5576346
-116.69 2.5575868
-116.68 2.5575151
-116.67 2.5574673
-116.66 2.5573956
-116.65 2.5573478
-116.64 2.5572761
-116.63 2.5572283
-116.62 2.5571566
-116.61 2.5571088
-116.6 2.557061
-116.59 2.5569893
-116.58 2.5569415
-116.57 2.5568698
-116.56 2.556822
-116.55 2.5567503
-116.54 2.5567025
-116.53 2.5566547
-116.52 2.556583
-116.51 2.5565352
-116.5 2.5564635
-116.49 2.5564157
-116.48 2.5563679
-116.47 2.5562962
-116.46 2.5562484
-116.45 2.5561767
-116.44 2.5561289
-116.43 2.5560811
-116.42 2.5560094
-116.41 2.5559616
-116.4 2.5558899
-116.39 2.5558421
-116.38 2.5557943
-116.37 2.5557226
-116.36 2.5556748
-116.35 2.555627
-116.34 2.5555553
-116.33 2.5555075
-116.32 2.5554358
-116.31 2.555388
-116.3 2.5553402
-116.29 2.5552685
-116.28 2.5552207
-116.27 2.5551729
-116.26 2.5551012
-116.25 2.5550534
-116.24 2.5550056
-116.23 2.5549339
-116.22 2.5548861
-116.21 2.5548383
-116.2 2.5547666
-116.19 2.5547188
-116.18 2.554671
-116.17 2.5545993
-116.16 2.5545515
-116.15 2.5545037
-116.14 2.5544559
-116.13 2.5543842
-116.12 2.5543364
-116.11 2.5542886
-116.1 2.5542169
-116.09 2.5541691
-116.08 2.5541213
-116.07 2.5540496
-116.06 2.5540018
-116.05 2.553954
-116.04 2.5539062
-116.03 2.5538345
-116.02 2.5537867
-116.01 2.5537389
-116.0 2.5536911
-115.99 2.5536194
-115.98 2.5535716
-115.97 2.5535238
-115.96 2.5534521
-115.95 2.5534043
-115.94 2.5533565
-115.93 2.5533087
-115.92 2.553237
-115.91 2.5531892
-115.9 2.5531414
-115.89 2.5530936
-115.88 2.5530458
-115.87 2.5529741
-115.86 2.5529263
-115.85 2.5528785
-115.84 2.5528307
-115.83 2.552759
-115.82 2.5527112
-115.81 2.5526634
-115.8 2.5526156
-115.79 2.5525678
-115.78 2.5524961
-115.77 2.5524483
-115.76 2.5524005
-115.75 2.5523527
-115.74 2.5523049
-115.73 2.5522332
-115.72 2.5521854
-115.71 2.5521376
-115.7 2.5520898
-115.69 2.552042
-115.68 2.5519942
-115.67 2.5519225
-115.66 2.5518747
-115.65 2.5518269
-115.64 2.5517791
-115.63 2.5517313
-115.62 2.5516835
-115.61 2.5516118
-115.6 2.551564
-115.59 2.5515162
-115.58 2.5514684
-115.57 2.5514206
-115.56 2.5513728
-115.55 2.551325
-115.54 2.5512772
-115.53 2.5512055
-115.52 2.5511577
-115.51 2.5511099
-115.5 2.5510621
-115.49 2.5510143
-115.48 2.5509665
-115.47 2.5509187
-115.46 2.5508709
-115.45 2.5508231
-115.44 2.5507514
-115.43 2.5507036
-115.42 2.5506558
-115.41 2.550608
-115.4 2.5505602
-115.39 2.5505124
-115.38 2.5504646
-115.37 2.5504168
-115.36 2.550369
-115.35 2.5503212
-115.34 2.5502734
-115.33 2.5502256
-115.32 2.5501778
-115.31 2.5501061
-115.3 2.5500583
-115.29 2.5500105
-115.28 2.5499627
-115.27 2.5499149
-115.26 2.5498671
-115.25 2.5498193
-115.24 2.5497715
-115.23 2.5497237
-115.22 2.5496759
-115.21 2.5496281
-115.2 2.5495803
-115.19 2.5495325
-115.18 2.5494847
-115.17 2.5494369
-115.16 2.5493891
-115.15 2.5493413
-115.14 2.5492935
-115.13 2.5492457
-115.12 2.5491979
-115.11 2.5491501
-115.1 2.5491023
-115.09 2.5490545
-115.08 2.5490067
-115.07 2.5489589
-115.06 2.5489111
-115.05 2.5488633
-115.04 2.5488155
-115.03 2.5487677
-115.02 2.5487199
-115.01 2.5486721
-115.0 2.5486243
-114.99 2.5485765
-114.98 2.5485526
-114.97 2.5485048
-114.96 2.548457
-114.95 2.5484092
-114.94 2.5483614
-114.93 2.5483136
-114.92 2.5482658
-114.91 2.548218
-114.9 2.5481702
-114.89 2.5481224
-114.88 2.5480746
-114.87 2.5480268
-114.86 2.547979
-114.85 2.5479551
-114.84 2.5479073
-114.83 2.5478595
-114.82 2.5478117
-114.81 2.5477639
-114.8 2.5477161
-114.79 2.5476683
-114.78 2.5476205
-114.77 2.5475727
-114.76 2.5475488
-114.75 2.547501
-114.74 2.5474532
-114.73 2.5474054
-114.72 2.5473576
-114.71 2.5473098
-114.7 2.547262
-114.69 2.5472381
-114.68 2.5471903
-114.67 2.5471425
-114.66 2.5470947
-114.65 2.5470469
-114.64 2.5469991
-114.63 2.5469752
-114.62 2.5469274
-114.61 2.5468796
-114.6 2.5468318
-114.59 2.546784
-114.58 2.5467362
-114.57 2.5467123
-114.56 2.5466645
-114.55 2.5466167
-114.54 2.5465689
-114.53 2.5465211
-114.52 2.5464972
-114.51 2.5464494
-114.5 2.5464016
-114.49 2.5463538
-114.48 2.5463299
-114.47 2.5462821
-114.46 2.5462343
-114.45 2.5461865
-114.44 2.5461626
-114.43 2.5461148
-114.42 2.546067
-114.41 2.5460192
-114.4 2.5459953
-114.39 2.5459475
-114.38 2.5458997
-114.37 2.5458519
-114.36 2.545828
-114.35 2.5457802
-114.34 2.5457324
-114.33 2.5456846
-114.32 2.5456607
-114.31 2.5456129
-114.3 2.5455651
-114.29 2.5455412
-114.28 2.5454934
-114.27 2.5454456
-114.26 2.5453978
-114.25 2.5453739
-114.24 2.5453261
-114.23 2.5452783
-114.22 2.5452544
-114.21 2.5452066
-114.2 2.5451588
-114.19 2.5451349
-114.18 2.5450871
-114.17 2.5450393
-114.16 2.5450154
-114.15 2.5449676
-114.14 2.5449198
-114.13 2.5448959
-114.12 2.5448481
-114.11 2.5448003
-114.1 2.5447764
-114.09 2.5447286
-114.08 2.5447047
-114.07 2.5446569
-114.06 2.5446091
-114.05 2.5445852
-114.04 2.5445374
-114.03 2.5445135
-114.02 2.5444657
-114.01 2.5444179
-114.0 2.544394
-113.99 2.5443462
-113.98 2.5443223
-113.97 2.5442745
-113.96 2.5442267
-113.95 2.5442028
-113.94 2.544155
-113.93 2.5441311
-113.92 2.5440833
-113.91 2.5440355
-113.9 2.5440116
-113.89 2.5439638
-113.88 2.5439399
-113.87 2.5438921
-113.86 2.5438682
-113.85 2.5438204
-113.84 2.5437965
-113.83 2.5437487
-113.82 2.5437248
-113.81 2.543677
-113.8 2.5436531
-113.79 2.5436053
-113.78 2.5435575
-113.77 2.5435336
-113.76 2.5434858
-113.75 2.5434619
-113.74 2.5434141
-113.73 2.5433902
-113.72 2.5433424
-113.71 2.5433185
-113.7 2.5432707
-113.69 2.5432468
-113.68 2.5432229
-113.67 2.5431751
-113.66 2.5431512
-113.65 2.5431034
-113.64 2.5430795
-113.63 2.5430317
-113.62 2.5430078
-113.61 2.54296
-113.6 2.5429361
-113.59 2.5428883
-113.58 2.5428644
-113.57 2.5428405
-113.56 2.5427927
-113.55 2.5427688
-113.54 2.542721
-113.53 2.5426971
-113.52 2.5426493
-113.51 2.5426254
-113.5 2.5426015
-113.49 2.5425537
-113.48 2.5425298
-113.47 2.542482
-113.46 2.5424581
-113.45 2.5424342
-113.44 2.5423864
-113.43 2.5423625
-113.42 2.5423147
-113.41 2.5422908
-113.4 2.5422669
-113.39 2.5422191
-113.38 2.5421952
-113.37 2.5421713
-113.36 2.5421235
-113.35 2.5420996
-113.34 2.5420757
-113.33 2.5420279
-113.32 2.542004
-113.31 2.5419801
-113.3 2.5419323
-113.29 2.5419084
-113.28 2.5418845
-113.27 2.5418367
-113.26 2.5418128
-113.25 2.5417889
-113.24 2.5417411
-113.23 2.5417172
-113.22 2.5416933
-113.21 2.5416694
-113.2 2.5416216
-113.19 2.5415977
-113.18 2.5415738
-113.17 2.541526
-113.16 2.5415021
-113.15 2.5414782
-113.14 2.5414543
-113.13 2.5414065
-113.12 2.5413826
-113.11 2.5413587
-113.1 2.5413348
-113.09 2.541287
-113.08 2.5412631
-113.07 2.5412392
-113.06 2.5412153
-113.05 2.5411675
-113.04 2.5411436
-113.03 2.5411197
-113.02 2.5410958
-113.01 2.5410719
-113.0 2.5410241
-112.99 2.5410002
-112.98 2.5409763
-112.97 2.5409524
-112.96 2.5409285
-112.95 2.5408807
-112.94 2.5408568
-112.93 2.5408329
-112.92 2.540809
-112.91 2.5407851
-112.9 2.5407612
-112.89 2.5407134
-112.88 2.5406895
-112.87 2.5406656
-112.86 2.5406417
-112.85 2.5406178
-112.84 2.5405939
-112.83 2.5405461
-112.82 2.5405222
-112.81 2.5404983
-112.8 2.5404744
-112.79 2.5404505
-112.78 2.5404266
-112.77 2.5404027
-112.76 2.5403788
-112.75 2.5403549
-112.74 2.5403071
-112.73 2.5402832
-112.72 2.5402593
-112.71 2.5402354
-112.7 2.5402115
-112.69 2.5401876
-112.68 2.5401637
-112.67 2.5401398
-112.66 2.5401159
-112.65 2.540092
-112.64 2.5400681
-112.63 2.5400442
-112.62 2.5400203
-112.61 2.5399964
-112.6 2.5399725
-112.59 2.5399486
-112.58 2.5399247
-112.57 2.5399008
-112.56 2.539853
-112.55 2.5398291
-112.54 2.5398052
-112.53 2.5397813
-112.52 2.5397574
-112.51 2.5397335
-112.5 2.5397096
-112.49 2.5396857
-112.48 2.5396618
-112.47 2.5396618
-112.46 2.5396379
-112.45 2.539614
-112.44 2.5395901
-112.43 2.5395662
-112.42 2.5395423
-112.41 2.5395184
-112.4 2.5394945
-112.39 2.5394706
-112.38 2.5394467
-112.37 2.5394228
-112.36 2.5393989
-112.35 2.539375
-112.34 2.5393511
-112.33 2.5393272
-112.32 2.5393033
-112.31 2.5392794
-112.3 2.5392794
-112.29 2.5392555
-112.28 2.5392316
-112.27 2.5392077
-112.26 2.5391838
-112.25 2.5391599
-112.24 2.539136
-112.23 2.5391121
-112.22 2.5390882
-112.21 2.5390882
-112.2 2.5390643
-112.19 2.5390404
-112.18 2.5390165
-112.17 2.5389926
-112.16 2.5389687
-112.15 2.5389687
-112.14 2.5389448
-112.13 2.5389209
-112.12 2.538897
-112.11 2.5388731
-112.1 2.5388492
-112.09 2.5388492
-112.08 2.5388253
-112.07 2.5388014
-112.06 2.5387775
-112.05 2.5387536
-112.04 2.5387536
-112.03 2.5387297
-112.02 2.5387058
-112.01 2.5386819
-112.0 2.5386819
-111.99 2.538658
-111.98 2.5386341
-111.97 2.5386102
-111.96 2.5385863
-111.95 2.5385863
-111.94 2.5385624
-111.93 2.5385385
-111.92 2.5385385
-111.91 2.5385146
-111.9 2.5384907
-111.89 2.5384668
-111.88 2.5384668
-111.87 2.5384429
-111.86 2.538419
-111.85 2.538419
-111.84 2.5383951
-111.83 2.5383712
-111.82 2.5383473
-111.81 2.5383473
-111.8 2.5383234
-111.79 2.5382995
-111.78 2.5382995
-111.77 2.5382756
-111.76 2.5382517
-111.75 2.5382517
-111.74 2.5382278
-111.73 2.5382039
-111.72 2.5382039
-111.71 2.53818
-111.7 2.53818
-111.69 2.5381561
-111.68 2.5381322
-111.67 2.5381322
-111.66 2.5381083
-111.65 2.5381083
-111.64 2.5380844
-111.63 2.5380605
-111.62 2.5380605
-111.61 2.5380366
-111.6 2.5380366
-111.59 2.5380127
-111.58 2.5379888
-111.57 2.5379888
-111.56 2.5379649
-111.55 2.5379649
-111.54 2.537941
-111.53 2.537941
-111.52 2.5379171
-111.51 2.5379171
-111.5 2.5378932
-111.49 2.5378693
-111.48 2.5378693
-111.47 2.5378454
-111.46 2.5378454
-111.45 2.5378215
-111.44 2.5378215
-111.43 2.5377976
-111.42 2.5377976
-111.41 2.5377737
-111.4 2.5377737
-111.39 2.5377498
-111.38 2.5377498
-111.37 2.5377259
-111.36 2.5377259
-111.35 2.5377259
-111.34 2.537702
-111.33 2.537702
-111.32 2.5376781
-111.31 2.5376781
-111.3 2.5376542
-111.29 2.5376542
-111.28 2.5376303
-111.27 2.5376303
-111.26 2.5376303
-111.25 2.5376064
-111.24 2.5376064
-111.23 2.5375825
-111.22 2.5375825
-111.21 2.5375825
-111.2 2.5375586
-111.19 2.5375586
-111.18 2.5375347
-111.17 2.5375347
-111.16 2.5375347
-111.15 2.5375108
-111.14 2.5375108
-111.13 2.5375108
-111.12 2.5374869
-111.11 2.5374869
-111.1 2.5374869
-111.09 2.537463
-111.08 2.537463
-111.07 2.537463
-111.06 2.5374391
-111.05 2.5374391
-111.04 2.5374391
-111.03 2.5374152
-111.02 2.5374152
-111.01 2.5374152
-111.0 2.5373913
-110.99 2.5373913
-110.98 2.5373913
-110.97 2.5373913
-110.96 2.5373674
-110.95 2.5373674
-110.94 2.5373674
-110.93 2.5373674
-110.92 2.5373435
-110.91 2.5373435
-110.9 2.5373435
-110.89 2.5373435
-110.88 2.5373196
-110.87 2.5373196
-110.86 2.5373196
-110.85 2.5373196
-110.84 2.5372957
-110.83 2.5372957
-110.82 2.5372957
-110.81 2.5372957
-110.8 2.5372957
-110.79 2.5372957
-110.78 2.5372718
-110.77 2.5372718
-110.76 2.5372718
-110.75 2.5372718
-110.74 2.5372718
-110.73 2.5372718
-110.72 2.5372479
-110.71 2.5372479
-110.7 2.5372479
-110.69 2.5372479
-110.68 2.5372479
-110.67 2.5372479
-110.66 2.5372479
-110.65 2.537224
-110.64 2.537224
-110.63 2.537224
-110.62 2.537224
-110.61 2.537224
-110.6 2.537224
-110.59 2.537224
-110.58 2.537224
-110.57 2.537224
-110.56 2.537224
-110.55 2.537224
-110.54 2.537224
-110.53 2.537224
-110.52 2.5372001
-110.51 2.5372001
-110.5 2.5372001
-110.49 2.5372001
-110.48 2.5372001
-110.47 2.5372001
-110.46 2.5372001
-110.45 2.5372001
-110.44 2.5372001
-110.43 2.5372001
-110.42 2.5372001
-110.41 2.5372001
-110.4 2.5372001
-110.39 2.5372001
-110.38 2.5372001
-110.37 2.5372001
-110.36 2.537224
-110.35 2.537224
-110.34 2.537224
-110.33 2.537224
-110.32 2.537224
-110.31 2.537224
-110.3 2.537224
-110.29 2.537224
-110.28 2.537224
-110.27 2.537224
-110.26 2.537224
-110.25 2.537224
-110.24 2.537224
-110.23 2.537224
-110.22 2.5372479
-110.21 2.5372479
-110.2 2.5372479
-110.19 2.5372479
-110.18 2.5372479
-110.17 2.5372479
-110.16 2.5372479
-110.15 2.5372718
-110.14 2.5372718
-110.13 2.5372718
-110.12 2.5372718
-110.11 2.5372718
-110.1 2.5372718
-110.09 2.5372957
-110.08 2.5372957
-110.07 2.5372957
-110.06 2.5372957
-110.05 2.5372957
-110.04 2.5373196
-110.03 2.5373196
-110.02 2.5373196
-110.01 2.5373196
-110.0 2.5373196
-109.99 2.5373435
-109.98 2.5373435
-109.97 2.5373435
-109.96 2.5373435
-109.95 2.5373674
-109.94 2.5373674
-109.93 2.5373674
-109.92 2.5373913
-109.91 2.5373913
-109.9 2.5373913
-109.89 2.5373913
-109.88 2.5374152
-109.87 2.5374152
-109.86 2.5374152
-109.85 2.5374391
-109.84 2.5374391
-109.83 2.5374391
-109.82 2.537463
-109.81 2.537463
-109.8 2.537463
-109.79 2.5374869
-109.78 2.5374869
-109.77 2.5374869
-109.76 2.5375108
-109.75 2.5375108
-109.74 2.5375108
-109.73 2.5375347
-109.72 2.5375347
-109.71 2.5375586
-109.7 2.5375586
-109.69 2.5375586
-109.68 2.5375825
-109.67 2.5375825
-109.66 2.5376064
-109.65 2.5376064
-109.64 2.5376303
-109.63 2.5376303
-109.62 2.5376303
-109.61 2.5376542
-109.6 2.5376542
-109.59 2.5376781
-109.58 2.5376781
-109.57 2.537702
-109.56 2.537702
-109.55 2.5377259
-109.54 2.5377259
-109.53 2.5377498
-109.52 2.5377498
-109.51 2.5377737
-109.5 2.5377737
-109.49 2.5377976
-109.48 2.5377976
-109.47 2.5378215
-109.46 2.5378215
-109.45 2.5378454
-109.44 2.5378454
-109.43 2.5378693
-109.42 2.5378693
-109.41 2.5378932
-109.4 2.5379171
-109.39 2.5379171
-109.38 2.537941
-109.37 2.537941
-109.36 2.5379649
-109.35 2.5379888
-109.34 2.5379888
-109.33 2.5380127
-109.32 2.5380127
-109.31 2.5380366
-109.3 2.5380605
-109.29 2.5380605
-109.28 2.5380844
-109.27 2.5381083
-109.26 2.5381083
-109.25 2.5381322
-109.24 2.5381322
-109.23 2.5381561
-109.22 2.53818
-109.21 2.53818
-109.2 2.5382039
-109.19 2.5382278
-109.18 2.5382517
-109.17 2.5382517
-109.16 2.5382756
-109.15 2.5382995
-109.14 2.5382995
-109.13 2.5383234
-109.12 2.5383473
-109.11 2.5383712
-109.1 2.5383712
-109.09 2.5383951
-109.08 2.538419
-109.07 2.5384429
-109.06 2.5384429
-109.05 2.5384668
-109.04 2.5384907
-109.03 2.5385146
-109.02 2.5385146
-109.01 2.5385385
-109.0 2.5385624
-108.99 2.5385863
-108.98 2.5386102
-108.97 2.5386102
-108.96 2.5386341
-108.95 2.538658
-108.94 2.5386819
-108.93 2.5387058
-108.92 2.5387297
-108.91 2.5387536
-108.9 2.5387536
-108.89 2.5387775
-108.88 2.5388014
-108.87 2.5388253
-108.86 2.5388492
-108.85 2.5388731
-108.84 2.538897
-108.83 2.5389209
-108.82 2.5389209
-108.81 2.5389448
-108.8 2.5389687
-108.79 2.5389926
-108.78 2.5390165
-108.77 2.5390404
-108.76 2.5390643
-108.75 2.5390882
-108.74 2.5391121
-108.73 2.539136
-108.72 2.5391599
-108.71 2.5391838
-108.7 2.5392077
-108.69 2.5392316
-108.68 2.5392555
-108.67 2.5392794
-108.66 2.5393033
-108.65 2.5393272
-108.64 2.5393511
-108.63 2.539375
-108.62 2.5393989
-108.61 2.5394228
-108.6 2.5394467
-108.59 2.5394706
-108.58 2.5394945
-108.57 2.5395184
-108.56 2.5395423
-108.55 2.5395662
-108.54 2.5395901
-108.53 2.539614
-108.52 2.5396379
-108.51 2.5396857
-108.5 2.5397096
-108.49 2.5397335
-108.48 2.5397574
-108.47 2.5397813
-108.46 2.5398052
-108.45 2.5398291
-108.44 2.539853
-108.43 2.5399008
-108.42 2.5399247
-108.41 2.5399486
-108.4 2.5399725
-108.39 2.5399964
-108.38 2.5400203
-108.37 2.5400681
-108.36 2.540092
-108.35 2.5401159
-108.34 2.5401398
-108.33 2.5401637
-108.32 2.5402115
-108.31 2.5402354
-108.3 2.5402593
-108.29 2.5402832
-108.28 2.5403071
-108.27 2.5403549
-108.26 2.5403788
-108.25 2.5404027
-108.24 2.5404266
-108.23 2.5404744
-108.22 2.5404983
-108.21 2.5405222
-108.2 2.54057
-108.19 2.5405939
-108.18 2.5406178
-108.17 2.5406417
-108.16 2.5406895
-108.15 2.5407134
-108.14 2.5407373
-108.13 2.5407851
-108.12 2.540809
-108.11 2.5408329
-108.1 2.5408807
-108.09 2.5409046
-108.08 2.5409285
-108.07 2.5409763
-108.06 2.5410002
-108.05 2.541048
-108.04 2.5410719
-108.03 2.5410958
-108.02 2.5411436
-108.01 2.5411675
-108.0 2.5412153
-107.99 2.5412392
-107.98 2.5412631
-107.97 2.5413109
-107.96 2.5413348
-107.95 2.5413826
-107.94 2.5414065
-107.93 2.5414543
-107.92 2.5414782
-107.91 2.541526
-107.9 2.5415499
-107.89 2.5415977
-107.88 2.5416216
-107.87 2.5416694
-107.86 2.5416933
-107.85 2.5417411
-107.84 2.541765
-107.83 2.5418128
-107.82 2.5418367
-107.81 2.5418845
-107.8 2.5419084
-107.79 2.5419562
-107.78 2.5419801
-107.77 2.5420279
-107.76 2.5420518
-107.75 2.5420996
-107.74 2.5421474
-107.73 2.5421713
-107.72 2.5422191
-107.71 2.542243
-107.7 2.5422908
-107.69 2.5423386
-107.68 2.5423625
-107.67 2.5424103
-107.66 2.5424342
-107.65 2.542482
-107.64 2.5425298
-107.63 2.5425537
-107.62 2.5426015
-107.61 2.5426493
-107.6 2.5426732
-107.59 2.542721
-107.58 2.5427688
-107.57 2.5427927
-107.56 2.5428405
-107.55 2.5428883
-107.54 2.5429122
-107.53 2.54296
-107.52 2.5430078
-107.51 2.5430556
-107.5 2.5430795
-107.49 2.5431273
-107.48 2.5431751
-107.47 2.5432229
-107.46 2.5432468
-107.45 2.5432946
-107.44 2.5433424
-107.43 2.5433902
-107.42 2.5434141
-107.41 2.5434619
-107.4 2.5435097
-107.39 2.5435575
-107.38 2.5436053
-107.37 2.5436292
-107.36 2.543677
-107.35 2.5437248
-107.34 2.5437726
-107.33 2.5438204
-107.32 2.5438682
-107.31 2.543916
-107.3 2.5439399
-107.29 2.5439877
-107.28 2.5440355
-107.27 2.5440833
-107.26 2.5441311
-107.25 2.5441789
-107.24 2.5442267
-107.23 2.5442745
-107.22 2.5443223
-107.21 2.5443462
-107.2 2.544394
-107.19 2.5444418
-107.18 2.5444896
-107.17 2.5445374
-107.16 2.5445852
-107.15 2.544633
-107.14 2.5446808
-107.13 2.5447286
-107.12 2.5447764
-107.11 2.5448242
-107.1 2.544872
-107.09 2.5449198
-107.08 2.5449676
-107.07 2.5450154
-107.06 2.5450632
-107.05 2.545111
-107.04 2.5451588
-107.03 2.5452066
-107.02 2.5452544
-107.01 2.5453022
-107.0 2.54535
-106.99 2.5454217
-106.98 2.5454695
-106.97 2.5455173
-106.96 2.5455651
-106.95 2.5456129
-106.94 2.5456607
-106.93 2.5457085
-106.92 2.5457563
-106.91 2.5458041
-106.9 2.5458758
-106.89 2.5459236
-106.88 2.5459714
-106.87 2.5460192
-106.86 2.546067
-106.85 2.5461148
-106.84 2.5461626
-106.83 2.5462343
-106.82 2.5462821
-106.81 2.5463299
-106.8 2.5463777
-106.79 2.5464255
-106.78 2.5464972
-106.77 2.546545
-106.76 2.5465928
-106.75 2.5466406
-106.74 2.5467123
-106.73 2.5467601
-106.72 2.5468079
-106.71 2.5468557
-106.7 2.5469274
-106.69 2.5469752
-106.68 2.547023
-106.67 2.5470947
-106.66 2.5471425
-106.65 2.5471903
-106.64 2.5472381
-106.63 2.5473098
-106.62 2.5473576
-106.61 2.5474054
-106.6 2.5474771
-106.59 2.5475249
-106.58 2.5475727
-106.57 2.5476444
-106.56 2.5476922
-106.55 2.5477639
-106.54 2.5478117
-106.53 2.5478595
-106.52 2.5479312
-106.51 2.547979
-106.5 2.5480507
-106.49 2.5480985
-106.48 2.5481463
-106.47 2.548218
-106.46 2.5482658
-106.45 2.5483375
-106.44 2.5483853
-106.43 2.548457
-106.42 2.5485048
-106.41 2.5485765
-106.4 2.5486243
-106.39 2.548696
-106.38 2.5487438
-106.37 2.5488155
-106.36 2.5488633
-106.35 2.548935
-106.34 2.5489828
-106.33 2.5490545
-106.32 2.5491023
-106.31 2.549174
-106.3 2.5492218
-106.29 2.5492935
-106.28 2.5493413
-106.27 2.549413
-106.26 2.5494847
-106.25 2.5495325
-106.24 2.5496042
-106.23 2.549652
-106.22 2.5497237
-106.21 2.5497954
-106.2 2.5498432
-106.19 2.5499149
-106.18 2.5499627
-106.17 2.5500344
-106.16 2.5501061
-106.15 2.5501539
-106.14 2.5502256
-106.13 2.5502973
-106.12 2.5503451
-106.11 2.5504168
-106.1 2.5504885
-106.09 2.5505602
-106.08 2.550608
-106.07 2.5506797
-106.06 2.5507514
-106.05 2.5507992
-106.04 2.5508709
-106.03 2.5509426
-106.02 2.5510143
-106.01 2.5510621
-106.0 2.5511338
-105.99 2.5512055
-105.98 2.5512772
-105.97 2.5513489
-105.96 2.5513967
-105.95 2.5514684
-105.94 2.5515401
-105.93 2.5516118
-105.92 2.5516835
-105.91 2.5517313
-105.9 2.551803
-105.89 2.5518747
-105.88 2.5519464
-105.87 2.5520181
-105.86 2.5520898
-105.85 2.5521615
-105.84 2.5522093
-105.83 2.552281
-105.82 2.5523527
-105.81 2.5524244
-105.8 2.5524961
-105.79 2.5525678
-105.78 2.5526395
-105.77 2.5527112
-105.76 2.5527829
-105.75 2.5528546
-105.74 2.5529263
-105.73 2.552998
-105.72 2.5530697
-105.71 2.5531414
-105.7 2.5532131
-105.69 2.5532848
-105.68 2.5533565
-105.67 2.5534282
-105.66 2.5534999
-105.65 2.5535716
-105.64 2.5536433
-105.63 2.553715
-105.62 2.5537867
-105.61 2.5538584
-105.6 2.5539301
-105.59 2.5540018
-105.58 2.5540735
-105.57 2.5541452
-105.56 2.5542169
-105.55 2.5542886
-105.54 2.5543603
-105.53 2.554432
-105.52 2.5545276
-105.51 2.5545993
-105.5 2.554671
-105.49 2.5547427
-105.48 2.5548144
-105.47 2.5548861
-105.46 2.5549578
-105.45 2.5550534
-105.44 2.5551251
-105.43 2.5551968
-105.42 2.5552685
-105.41 2.5553402
-105.4 2.5554358
-105.39 2.5555075
-105.38 2.5555792
-105.37 2.5556509
-105.36 2.5557226
-105.35 2.5558182
-105.34 2.5558899
-105.33 2.5559616
-105.32 2.5560333
-105.31 2.5561289
-105.3 2.5562006
-105.29 2.5562723
-105.28 2.5563679
-105.27 2.5564396
-105.26 2.5565113
-105.25 2.5566069
-105.24 2.5566786
-105.23 2.5567503
-105.22 2.5568459
-105.21 2.5569176
-105.2 2.5569893
-105.19 2.5570849
-105.18 2.5571566
-105.17 2.5572283
-105.16 2.5573239
-105.15 2.5573956
-105.14 2.5574912
-105.13 2.5575629
-105.12 2.5576346
-105.11 2.5577302
-105.1 2.5578019
-105.09 2.5578975
-105.08 2.5579692
-105.07 2.5580648
-105.06 2.5581365
-105.05 2.5582321
-105.04 2.5583038
-105.03 2.5583755
-105.02 2.5584711
-105.01 2.5585428
-105.0 2.5586384
-104.99 2.558734
-104.98 2.5588057
-104.97 2.5589013
-104.96 2.558973
-104.95 2.5590686
-104.94 2.5591403
-104.93 2.5592359
-104.92 2.5593076
-104.91 2.5594032
-104.9 2.5594988
-104.89 2.5595705
-104.88 2.5596661
-104.87 2.5597378
-104.86 2.5598334
-104.85 2.559929
-104.84 2.5600007
-104.83 2.5600963
-104.82 2.560168
-104.81 2.5602636
-104.8 2.5603592
-104.79 2.5604309
-104.78 2.5605265
-104.77 2.5606221
-104.76 2.5607177
-104.75 2.5607894
-104.74 2.560885
-104.73 2.5609806
-104.72 2.5610523
-104.71 2.5611479
-104.7 2.5612435
-104.69 2.5613391
-104.68 2.5614108
-104.67 2.5615064
-104.66 2.561602
-104.65 2.5616976
-104.64 2.5617693
-104.63 2.5618649
-104.62 2.5619605
-104.61 2.5620561
-104.6 2.5621517
-104.59 2.5622234
-104.58 2.562319
-104.57 2.5624146
-104.56 2.5625102
-104.55 2.5626058
-104.54 2.5627014
-104.53 2.562797
-104.52 2.5628687
-104.51 2.5629643
-104.5 2.5630599
-104.49 2.5631555
-104.48 2.5632511
-104.47 2.5633467
-104.46 2.5634423
-104.45 2.5635379
-104.44 2.5636335
-104.43 2.5637291
-104.42 2.5638247
-104.41 2.5639203
-104.4 2.5640159
-104.39 2.5641115
-104.38 2.5642071
-104.37 2.5643027
-104.36 2.5643983
-104.35 2.5644939
-104.34 2.5645895
-104.33 2.5646851
-104.32 2.5647807
-104.31 2.5648763
-104.3 2.5649719
-104.29 2.5650675
-104.28 2.5651631
-104.27 2.5652587
-104.26 2.5653543
-104.25 2.5654499
-104.24 2.5655455
-104.23 2.5656411
-104.22 2.5657606
-104.21 2.5658562
-104.2 2.5659518
-104.19 2.5660474
-104.18 2.566143
-104.17 2.5662386
-104.16 2.5663342
-104.15 2.5664537
-104.14 2.5665493
-104.13 2.5666449
-104.12 2.5667405
-104.11 2.5668361
-104.1 2.5669556
-104.09 2.5670512
-104.08 2.5671468
-104.07 2.5672424
-104.06 2.5673619
-104.05 2.5674575
-104.04 2.5675531
-104.03 2.5676487
-104.02 2.5677682
-104.01 2.5678638
-104.0 2.5679594
-103.99 2.568055
-103.98 2.5681745
-103.97 2.5682701
-103.96 2.5683657
-103.95 2.5684852
-103.94 2.5685808
-103.93 2.5686764
-103.92 2.5687959
-103.91 2.5688915
-103.9 2.569011
-103.89 2.5691066
-103.88 2.5692022
-103.87 2.5693217
-103.86 2.5694173
-103.85 2.5695368
-103.84 2.5696324
-103.83 2.569728
-103.82 2.5698475
-103.81 2.5699431
-103.8 2.5700626
-103.79 2.5701582
-103.78 2.5702777
-103.77 2.5703733
-103.76 2.5704928
-103.75 2.5705884
-103.74 2.5707079
-103.73 2.5708035
-103.72 2.570923
-103.71 2.5710186
-103.7 2.5711381
-103.69 2.5712337
-103.68 2.5713532
-103.67 2.5714488
-103.66 2.5715683
-103.65 2.5716878
-103.64 2.5717834
-103.63 2.5719029
-103.62 2.5719985
-103.61 2.572118
-103.6 2.5722375
-103.59 2.5723331
-103.58 2.5724526
-103.57 2.5725482
-103.56 2.5726677
-103.55 2.5727872
-103.54 2.5728828
-103.53 2.5730023
-103.52 2.5731218
-103.51 2.5732174
-103.5 2.5733369
-103.49 2.5734564
-103.48 2.5735759
-103.47 2.5736715
-103.46 2.573791
-103.45 2.5739105
-103.44 2.57403
-103.43 2.5741256
-103.42 2.5742451
-103.41 2.5743646
-103.4 2.5744841
-103.39 2.5745797
-103.38 2.5746992
-103.37 2.5748187
-103.36 2.5749382
-103.35 2.5750577
-103.34 2.5751772
-103.33 2.5752728
-103.32 2.5753923
-103.31 2.5755118
-103.3 2.5756313
-103.29 2.5757508
-103.28 2.5758703
-103.27 2.5759898
-103.26 2.5760854
-103.25 2.5762049
-103.24 2.5763244
-103.23 2.5764439
-103.22 2.5765634
-103.21 2.5766829
-103.2 2.5768024
-103.19 2.5769219
-103.18 2.5770414
-103.17 2.5771609
-103.16 2.5772804
-103.15 2.5773999
-103.14 2.5775194
-103.13 2.5776389
-103.12 2.5777584
-103.11 2.5778779
-103.1 2.5779974
-103.09 2.5781169
-103.08 2.5782364
-103.07 2.5783559
-103.06 2.5784754
-103.05 2.5785949
-103.04 2.5787144
-103.03 2.5788339
-103.02 2.5789773
-103.01 2.5790968
-103.0 2.5792163
-102.99 2.5793358
-102.98 2.5794553
-102.97 2.5795748
-102.96 2.5796943
-102.95 2.5798377
-102.94 2.5799572
-102.93 2.5800767
-102.92 2.5801962
-102.91 2.5803157
-102.9 2.5804352
-102.89 2.5805786
-102.88 2.5806981
-102.87 2.5808176
-102.86 2.5809371
-102.85 2.5810805
-102.84 2.5812
-102.83 2.5813195
-102.82 2.581439
-102.81 2.5815824
-102.8 2.5817019
-102.79 2.5818214
-102.78 2.5819648
-102.77 2.5820843
-102.76 2.5822038
-102.75 2.5823472
-102.74 2.5824667
-102.73 2.5825862
-102.72 2.5827296
-102.71 2.5828491
-102.7 2.5829686
-102.69 2.583112
-102.68 2.5832315
-102.67 2.583351
-102.66 2.5834944
-102.65 2.5836139
-102.64 2.5837573
-102.63 2.5838768
-102.62 2.5840202
-102.61 2.5841397
-102.6 2.5842831
-102.59 2.5844026
-102.58 2.5845221
-102.57 2.5846655
-102.56 2.584785
-102.55 2.5849284
-102.54 2.5850479
-102.53 2.5851913
-102.52 2.5853108
-102.51 2.5854542
-102.5 2.5855976
-102.49 2.5857171
-102.48 2.5858605
-102.47 2.58598
-102.46 2.5861234
-102.45 2.5862429
-102.44 2.5863863
-102.43 2.5865297
-102.42 2.5866492
-102.41 2.5867926
-102.4 2.5869121
-102.39 2.5870555
-102.38 2.5871989
-102.37 2.5873184
-102.36 2.5874618
-102.35 2.5876052
-102.34 2.5877247
-102.33 2.5878681
-102.32 2.5880115
-102.31 2.5881549
-102.3 2.5882744
-102.29 2.5884178
-102.28 2.5885612
-102.27 2.5886807
-102.26 2.5888241
-102.25 2.5889675
-102.24 2.5891109
-102.23 2.5892543
-102.22 2.5893738
-102.21 2.5895172
-102.2 2.5896606
-102.19 2.589804
-102.18 2.5899474
-102.17 2.5900669
-102.16 2.5902103
-102.15 2.5903537
-102.14 2.5904971
-102.13 2.5906405
-102.12 2.5907839
-102.11 2.5909273
-102.1 2.5910468
-102.09 2.5911902
-102.08 2.5913336
-102.07 2.591477
-102.06 2.5916204
-102.05 2.5917638
-102.04 2.5919072
-102.03 2.5920506
-102.02 2.592194
-102.01 2.5923374
-102.0 2.5924808
-101.99 2.5926242
-101.98 2.5927676
-101.97 2.592911
-101.96 2.5930544
-101.95 2.5931978
-101.94 2.5933412
-101.93 2.5934846
-101.92 2.593628
-101.91 2.5937714
-101.9 2.5939148
-101.89 2.5940582
-101.88 2.5942016
-101.87 2.594345
-101.86 2.5945123
-101.85 2.5946557
-101.84 2.5947991
-101.83 2.5949425
-101.82 2.5950859
-101.81 2.5952293
-101.8 2.5953727
-101.79 2.59554
-101.78 2.5956834
-101.77 2.5958268
-101.76 2.5959702
-101.75 2.5961136
-101.74 2.5962809
-101.73 2.5964243
-101.72 2.5965677
-101.71 2.5967111
-101.7 2.5968545
-101.69 2.5970218
-101.68 2.5971652
-101.67 2.5973086
-101.66 2.5974759
-101.65 2.5976193
-101.64 2.5977627
-101.63 2.5979061
-101.62 2.5980734
-101.61 2.5982168
-101.6 2.5983602
-101.59 2.5985275
-101.58 2.5986709
-101.57 2.5988143
-101.56 2.5989816
-101.55 2.599125
-101.54 2.5992923
-101.53 2.5994357
-101.52 2.5995791
-101.51 2.5997464
-101.5 2.5998898
-101.49 2.6000571
-101.48 2.6002005
-101.47 2.6003678
-101.46 2.6005112
-101.45 2.6006785
-101.44 2.6008219
-101.43 2.6009653
-101.42 2.6011326
-101.41 2.6012999
-101.4 2.6014433
-101.39 2.6016106
-101.38 2.601754
-101.37 2.6019213
-101.36 2.6020647
-101.35 2.602232
-101.34 2.6023754
-101.33 2.6025427
-101.32 2.6026861
-101.31 2.6028534
-101.3 2.6030207
-101.29 2.6031641
-101.28 2.6033314
-101.27 2.6034987
-101.26 2.6036421
-101.25 2.6038094
-101.24 2.6039767
-101.23 2.6041201
-101.22 2.6042874
-101.21 2.6044547
-101.2 2.6045981
-101.19 2.6047654
-101.18 2.6049327
-101.17 2.6050761
-101.16 2.6052434
-101.15 2.6054107
-101.14 2.605578
-101.13 2.6057214
-101.12 2.6058887
-101.11 2.606056
-101.1 2.6062233
-101.09 2.6063906
-101.08 2.606534
-101.07 2.6067013
-101.06 2.6068686
-101.05 2.6070359
-101.04 2.6072032
-101.03 2.6073705
-101.02 2.6075139
-101.01 2.6076812
-101.0 2.6078485
-100.99 2.6080158
-100.98 2.6081831
-100.97 2.6083504
-100.96 2.6085177
-100.95 2.608685
-100.94 2.6088523
-100.93 2.6090196
-100.92 2.6091869
-100.91 2.6093303
-100.9 2.6094976
-100.89 2.6096649
-100.88 2.6098322
-100.87 2.6099995
-100.86 2.6101668
-100.85 2.6103341
-100.84 2.6105014
-100.83 2.6106926
-100.82 2.6108599
-100.81 2.6110272
-100.8 2.6111945
-100.79 2.6113618
-100.78 2.6115291
-100.77 2.6116964
-100.76 2.6118637
-100.75 2.612031
-100.74 2.6121983
-100.73 2.6123656
-100.72 2.6125568
-100.71 2.6127241
-100.7 2.6128914
-100.69 2.6130587
-100.68 2.613226
-100.67 2.6133933
-100.66 2.6135845
-100.65 2.6137518
-100.64 2.6139191
-100.63 2.6140864
-100.62 2.6142537
-100.61 2.6144449
-100.6 2.6146122
-100.59 2.6147795
-100.58 2.6149468
-100.57 2.615138
-100.56 2.6153053
-100.55 2.6154726
-100.54 2.6156638
-100.53 2.6158311
-100.52 2.6159984
-100.51 2.6161896
-100.5 2.6163569
-100.49 2.6165242
-100.48 2.6167154
-100.47 2.6168827
-100.46 2.61705
-100.45 2.6172412
-100.44 2.6174085
-100.43 2.6175997
-100.42 2.617767
-100.41 2.6179343
-100.4 2.6181255
-100.39 2.6182928
-100.38 2.618484
-100.37 2.6186513
-100.36 2.6188425
-100.35 2.6190098
-100.34 2.619201
-100.33 2.6193683
-100.32 2.6195595
-100.31 2.6197268
-100.3 2.619918
-100.29 2.6200853
-100.28 2.6202765
-100.27 2.6204438
-100.26 2.620635
-100.25 2.6208262
-100.24 2.6209935
-100.23 2.6211847
-100.22 2.621352
-100.21 2.6215432
-100.2 2.6217344
-100.19 2.6219017
-100.18 2.6220929
-100.17 2.6222841
-100.16 2.6224514
-100.15 2.6226426
-100.14 2.6228338
-100.13 2.6230011
-100.12 2.6231923
-100.11 2.6233835
-100.1 2.6235508
-100.09 2.623742
-100.08 2.6239332
-100.07 2.6241244
-100.06 2.6242917
-100.05 2.6244829
-100.04 2.6246741
-100.03 2.6248653
-100.02 2.6250326
-100.01 2.6252238
-100.0 2.625415
-99.99 2.6256062
-99.98 2.6257974
-99.97 2.6259886
-99.96 2.6261559
-99.95 2.6263471
-99.94 2.6265383
-99.93 2.6267295
-99.92 2.6269207
-99.91 2.6271119
-99.9 2.6273031
-99.89 2.6274943
-99.88 2.6276855
-99.87 2.6278767
-99.86 2.628044
-99.85 2.6282352
-99.84 2.6284264
-99.83 2.6286176
-99.82 2.6288088
-99.81 2.629
-99.8 2.6291912
-99.79 2.6293824
-99.78 2.6295736
-99.77 2.6297648
-99.76 2.629956
-99.75 2.6301711
-99.74 2.6303623
-99.73 2.6305535
-99.72 2.6307447
-99.71 2.6309359
-99.7 2.6311271
-99.69 2.6313183
-99.68 2.6315095
-99.67 2.6317007
-99.66 2.6318919
-99.65 2.632107
-99.64 2.6322982
-99.63 2.6324894
-99.62 2.6326806
-99.61 2.6328718
-99.6 2.633063
-99.59 2.6332781
-99.58 2.6334693
-99.57 2.6336605
-99.56 2.6338517
-99.55 2.6340668
-99.54 2.634258
-99.53 2.6344492
-99.52 2.6346404
-99.51 2.6348555
-99.5 2.6350467
-99.49 2.6352379
-99.48 2.635453
-99.47 2.6356442
-99.46 2.6358354
-99.45 2.6360505
-99.44 2.6362417
-99.43 2.6364329
-99.42 2.636648
-99.41 2.6368392
-99.4 2.6370304
-99.39 2.6372455
-99.38 2.6374367
-99.37 2.6376518
-99.36 2.637843
-99.35 2.6380581
-99.34 2.6382493
-99.33 2.6384405
-99.32 2.6386556
-99.31 2.6388468
-99.3 2.6390619
-99.29 2.6392531
-99.28 2.6394682
-99.27 2.6396594
-99.26 2.6398745
-99.25 2.6400657
-99.24 2.6402808
-99.23 2.6404959
-99.22 2.6406871
-99.21 2.6409022
-99.2 2.6410934
-99.19 2.6413085
-99.18 2.6414997
-99.17 2.6417148
-99.16 2.6419299
-99.15 2.6421211
-99.14 2.6423362
-99.13 2.6425513
-99.12 2.6427425
-99.11 2.6429576
-99.1 2.6431727
-99.09 2.6433639
-99.08 2.643579
-99.07 2.6437941
-99.06 2.6439853
-99.05 2.6442004
-99.04 2.6444155
-99.03 2.6446306
-99.02 2.6448218
-99.01 2.6450369
-99.0 2.645252
-98.99 2.6454671
-98.98 2.6456822
-98.97 2.6458734
-98.96 2.6460885
-98.95 2.6463036
-98.94 2.6465187
-98.93 2.6467338
-98.92 2.6469489
-98.91 2.6471401
-98.9 2.6473552
-98.89 2.6475703
-98.88 2.6477854
-98.87 2.6480005
-98.86 2.6482156
-98.85 2.6484307
-98.84 2.6486458
-98.83 2.6488609
-98.82 2.649076
-98.81 2.6492911
-98.8 2.6495062
-98.79 2.6497213
-98.78 2.6499364
-98.77 2.6501515
-98.76 2.6503666
-98.75 2.6505817
-98.74 2.6507968
-98.73 2.6510119
-98.72 2.651227
-98.71 2.6514421
-98.7 2.6516572
-98.69 2.6518723
-98.68 2.6520874
-98.67 2.6523025
-98.66 2.6525176
-98.65 2.6527327
-98.64 2.6529717
-98.63 2.6531868
-98.62 2.6534019
-98.61 2.653617
-98.6 2.6538321
-98.59 2.6540472
-98.58 2.6542862
-98.57 2.6545013
-98.56 2.6547164
-98.55 2.6549315
-98.54 2.6551466
-98.53 2.6553856
-98.52 2.6556007
-98.51 2.6558158
-98.5 2.6560309
-98.49 2.6562699
-98.48 2.656485
-98.47 2.6567001
-98.46 2.6569391
-98.45 2.6571542
-98.44 2.6573693
-98.43 2.6576083
-98.42 2.6578234
-98.41 2.6580385
-98.4 2.6582775
-98.39 2.6584926
-98.38 2.6587077
-98.37 2.6589467
-98.36 2.6591618
-98.35 2.6594008
-98.34 2.6596159
-98.33 2.6598549
-98.32 2.66007
-98.31 2.660309
-98.3 2.6605241
-98.29 2.6607392
-98.28 2.6609782
-98.27 2.6611933
-98.26 2.6614323
-98.25 2.6616474
-98.24 2.6618864
-98.23 2.6621254
-98.22 2.6623405
-98.21 2.6625795
-98.2 2.6627946
-98.19 2.6630336
-98.18 2.6632487
-98.17 2.6634877
-98.16 2.6637267
-98.15 2.6639418
-98.14 2.6641808
-98.13 2.6644198
-98.12 2.6646349
-98.11 2.6648739
-98.1 2.6651129
-98.09 2.665328
-98.08 2.665567
-98.07 2.665806
-98.06 2.6660211
-98.05 2.6662601
-98.04 2.6664991
-98.03 2.6667142
-98.02 2.6669532
-98.01 2.6671922
-98.0 2.6674312
-97.99 2.6676702
-97.98 2.6678853
-97.97 2.6681243
-97.96 2.6683633
-97.95 2.6686023
-97.94 2.6688413
-97.93 2.6690564
-97.92 2.6692954
-97.91 2.6695344
-97.9 2.6697734
-97.89 2.6700124
-97.88 2.6702514
-97.87 2.6704904
-97.86 2.6707294
-97.85 2.6709684
-97.84 2.6712074
-97.83 2.6714225
-97.82 2.6716615
-97.81 2.6719005
-97.8 2.6721395
-97.79 2.6723785
-97.78 2.6726175
-97.77 2.6728565
-97.76 2.6730955
-97.75 2.6733345
-97.74 2.6735735
-97.73 2.6738125
-97.72 2.6740515
-97.71 2.6743144
-97.7 2.6745534
-97.69 2.6747924
-97.68 2.6750314
-97.67 2.6752704
-97.66 2.6755094
-97.65 2.6757484
-97.64 2.6759874
-97.63 2.6762264
-97.62 2.6764893
-97.61 2.6767283
-97.6 2.6769673
-97.59 2.6772063
-97.58 2.6774453
-97.57 2.6777082
-97.56 2.6779472
-97.55 2.6781862
-97.54 2.6784252
-97.53 2.6786642
-97.52 2.6789271
-97.51 2.6791661
-97.5 2.6794051
-97.49 2.679668
-97.48 2.679907
-97.47 2.680146
-97.46 2.680385
-97.45 2.6806479
-97.44 2.6808869
-97.43 2.6811259
-97.42 2.6813888
-97.41 2.6816278
-97.4 2.6818907
-97.39 2.6821297
-97.38 2.6823687
-97.37 2.6826316
-97.36 2.6828706
-97.35 2.6831335
-97.34 2.6833725
-97.33 2.6836354
-97.32 2.6838744
-97.31 2.6841134
-97.3 2.6843763
-97.29 2.6846153
-97.28 2.6848782
-97.27 2.6851172
-97.26 2.6853801
-97.25 2.685643
-97.24 2.685882
-97.23 2.6861449
-97.22 2.6863839
-97.21 2.6866468
-97.2 2.6868858
-97.19 2.6871487
-97.18 2.6874116
-97.17 2.6876506
-97.16 2.6879135
-97.15 2.6881525
-97.14 2.6884154
-97.13 2.6886783
-97.12 2.6889173
-97.11 2.6891802
-97.1 2.6894431
-97.09 2.6896821
-97.08 2.689945
-97.07 2.6902079
-97.06 2.6904708
-97.05 2.6907098
-97.04 2.6909727
-97.03 2.6912356
-97.02 2.6914985
-97.01 2.6917375
-97.0 2.6920004
-96.99 2.6922633
-96.98 2.6925262
-96.97 2.6927891
-96.96 2.6930281
-96.95 2.693291
-96.94 2.6935539
-96.93 2.6938168
-96.92 2.6940797
-96.91 2.6943426
-96.9 2.6946055
-96.89 2.6948684
-96.88 2.6951074
-96.87 2.6953703
-96.86 2.6956332
-96.85 2.6958961
-96.84 2.696159
-96.83 2.6964219
-96.82 2.6966848
-96.81 2.6969477
-96.8 2.6972106
-96.79 2.6974735
-96.78 2.6977364
-96.77 2.6979993
-96.76 2.6982622
-96.75 2.6985251
-96.74 2.698788
-96.73 2.6990509
-96.72 2.6993138
-96.71 2.6996006
-96.7 2.6998635
-96.69 2.7001264
-96.68 2.7003893
-96.67 2.7006522
-96.66 2.7009151
-96.65 2.701178
-96.64 2.7014409
-96.63 2.7017277
-96.62 2.7019906
-96.61 2.7022535
-96.6 2.7025164
-96.59 2.7027793
-96.58 2.7030661
-96.57 2.703329
-96.56 2.7035919
-96.55 2.7038548
-96.54 2.7041416
-96.53 2.7044045
-96.52 2.7046674
-96.51 2.7049542
-96.5 2.7052171
-96.49 2.70548
-96.48 2.7057429
-96.47 2.7060297
-96.46 2.7062926
-96.45 2.7065794
-96.44 2.7068423
-96.43 2.7071052
-96.42 2.707392
-96.41 2.7076549
-96.4 2.7079178
-96.39 2.7082046
-96.38 2.7084675
-96.37 2.7087543
-96.36 2.7090172
-96.35 2.709304
-96.34 2.7095669
-96.33 2.7098537
-96.32 2.7101166
-96.31 2.7104034
-96.3 2.7106663
-96.29 2.7109531
-96.28 2.711216
-96.27 2.7115028
-96.26 2.7117657
-96.25 2.7120525
-96.24 2.7123154
-96.23 2.7126022
-96.22 2.712889
-96.21 2.7131519
-96.2 2.7134387
-96.19 2.7137255
-96.18 2.7139884
-96.17 2.7142752
-96.16 2.7145381
-96.15 2.7148249
-96.14 2.7151117
-96.13 2.7153985
-96.12 2.7156614
-96.11 2.7159482
-96.1 2.716235
-96.09 2.7164979
-96.08 2.7167847
-96.07 2.7170715
-96.06 2.7173583
-96.05 2.7176212
-96.04 2.717908
-96.03 2.7181948
-96.02 2.7184816
-96.01 2.7187684
-96.0 2.7190313
-95.99 2.7193181
-95.98 2.7196049
-95.97 2.7198917
-95.96 2.7201785
-95.95 2.7204653
-95.94 2.7207521
-95.93 2.7210389
-95.92 2.7213018
-95.91 2.7215886
-95.9 2.7218754
-95.89 2.7221622
-95.88 2.722449
-95.87 2.7227358
-95.86 2.7230226
-95.85 2.7233094
-95.84 2.7235962
-95.83 2.723883
-95.82 2.7241698
-95.81 2.7244566
-95.8 2.7247434
-95.79 2.7250302
-95.78 2.725317
-95.77 2.7256038
-95.76 2.7259145
-95.75 2.7262013
-95.74 2.7264881
-95.73 2.7267749
-95.72 2.7270617
-95.71 2.7273485
-95.7 2.7276353
-95.69 2.7279221
-95.68 2.7282328
-95.67 2.7285196
-95.66 2.7288064
-95.65 2.7290932
-95.64 2.72938
-95.63 2.7296907
-95.62 2.7299775
-95.61 2.7302643
-95.6 2.7305511
-95.59 2.7308618
-95.58 2.7311486
-95.57 2.7314354
-95.56 2.7317222
-95.55 2.7320329
-95.54 2.7323197
-95.53 2.7326065
-95.52 2.7329172
-95.51 2.733204
-95.5 2.7334908
-95.49 2.7338015
-95.48 2.7340883
-95.47 2.7343751
-95.46 2.7346858
-95.45 2.7349726
-95.44 2.7352833
-95.43 2.7355701
-95.42 2.7358808
-95.41 2.7361676
-95.4 2.7364544
-95.39 2.7367651
-95.38 2.7370519
-95.37 2.7373626
-95.36 2.7376494
-95.35 2.7379601
-95.34 2.7382469
-95.33 2.7385576
-95.32 2.7388683
-95.31 2.7391551
-95.3 2.7394658
-95.29 2.7397526
-95.28 2.7400633
-95.27 2.7403501
-95.26 2.7406608
-95.25 2.7409715
-95.24 2.7412583
-95.23 2.741569
-95.22 2.7418797
-95.21 2.7421665
-95.2 2.7424772
-95.19 2.7427879
-95.18 2.7430747
-95.17 2.7433854
-95.16 2.7436961
-95.15 2.7439829
-95.14 2.7442936
-95.13 2.7446043
-95.12 2.744915
-95.11 2.7452018
-95.1 2.7455125
-95.09 2.7458232
-95.08 2.7461339
-95.07 2.7464446
-95.06 2.7467314
-95.05 2.7470421
-95.04 2.7473528
-95.03 2.7476635
-95.02 2.7479742
-95.01 2.7482849
-95.0 2.7485956
-94.99 2.7488824
-94.98 2.7491931
-94.97 2.7495038
-94.96 2.7498145
-94.95 2.7501252
-94.94 2.7504359
-94.93 2.7507466
-94.92 2.7510573
-94.91 2.751368
-94.9 2.7516787
-94.89 2.7519894
-94.88 2.7523001
-94.87 2.7526108
-94.86 2.7529215
-94.85 2.7532322
-94.84 2.7535429
-94.83 2.7538536
-94.82 2.7541643
-94.81 2.754475
-94.8 2.7548096
-94.79 2.7551203
-94.78 2.755431
-94.77 2.7557417
-94.76 2.7560524
-94.75 2.7563631
-94.74 2.7566738
-94.73 2.7570084
-94.72 2.7573191
-94.71 2.7576298
-94.7 2.7579405
-94.69 2.7582512
-94.68 2.7585858
-94.67 2.7588965
-94.66 2.7592072
-94.65 2.7595179
-94.64 2.7598525
-94.63 2.7601632
-94.62 2.7604739
-94.61 2.7607846
-94.6 2.7611192
-94.59 2.7614299
-94.58 2.7617406
-94.57 2.7620752
-94.56 2.7623859
-94.55 2.7626966
-94.54 2.7630312
-94.53 2.7633419
-94.52 2.7636765
-94.51 2.7639872
-94.5 2.7642979
-94.49 2.7646325
-94.48 2.7649432
-94.47 2.7652778
-94.46 2.7655885
-94.45 2.7659231
-94.44 2.7662338
-94.43 2.7665684
-94.42 2.7668791
-94.41 2.7672137
-94.4 2.7675244
-94.39 2.767859
-94.38 2.7681697
-94.37 2.7685043
-94.36 2.768815
-94.35 2.7691496
-94.34 2.7694842
-94.33 2.7697949
-94.32 2.7701295
-94.31 2.7704402
-94.3 2.7707748
-94.29 2.7711094
-94.28 2.7714201
-94.27 2.7717547
-94.26 2.7720893
-94.25 2.7724
-94.24 2.7727346
-94.23 2.7730692
-94.22 2.7734038
-94.21 2.7737145
-94.2 2.7740491
-94.19 2.7743837
-94.18 2.7747183
-94.17 2.775029
-94.16 2.7753636
-94.15 2.7756982
-94.14 2.7760328
-94.13 2.7763435
-94.12 2.7766781
-94.11 2.7770127
-94.1 2.7773473
-94.09 2.7776819
-94.08 2.7780165
-94.07 2.7783511
-94.06 2.7786618
-94.05 2.7789964
-94.04 2.779331
-94.03 2.7796656
-94.02 2.7800002
-94.01 2.7803348
-94.0 2.7806694
-93.99 2.781004
-93.98 2.7813386
-93.97 2.7816732
-93.96 2.7820078
-93.95 2.7823424
-93.94 2.782677
-93.93 2.7830116
-93.92 2.7833462
-93.91 2.7836808
-93.9 2.7840154
-93.89 2.78435
-93.88 2.7846846
-93.87 2.7850192
-93.86 2.7853777
-93.85 2.7857123
-93.84 2.7860469
-93.83 2.7863815
-93.82 2.7867161
-93.81 2.7870507
-93.8 2.7873853
-93.79 2.7877438
-93.78 2.7880784
-93.77 2.788413
-93.76 2.7887476
-93.75 2.7890822
-93.74 2.7894407
-93.73 2.7897753
-93.72 2.7901099
-93.71 2.7904445
-93.7 2.790803
-93.69 2.7911376
-93.68 2.7914722
-93.67 2.7918307
-93.66 2.7921653
-93.65 2.7924999
-93.64 2.7928584
-93.63 2.793193
-93.62 2.7935276
-93.61 2.7938861
-93.6 2.7942207
-93.59 2.7945553
-93.58 2.7949138
-93.57 2.7952484
-93.56 2.7956069
-93.55 2.7959415
-93.54 2.7963
-93.53 2.7966346
-93.52 2.7969931
-93.51 2.7973277
-93.5 2.7976862
-93.49 2.7980208
-93.48 2.7983793
-93.47 2.7987139
-93.46 2.7990724
-93.45 2.799407
-93.44 2.7997655
-93.43 2.8001001
-93.42 2.8004586
-93.41 2.8007932
-93.4 2.8011517
-93.39 2.8015102
-93.38 2.8018448
-93.37 2.8022033
-93.36 2.8025618
-93.35 2.8028964
-93.34 2.8032549
-93.33 2.8036134
-93.32 2.803948
-93.31 2.8043065
-93.3 2.804665
-93.29 2.8049996
-93.28 2.8053581
-93.27 2.8057166
-93.26 2.8060751
-93.25 2.8064097
-93.24 2.8067682
-93.23 2.8071267
-93.22 2.8074852
-93.21 2.8078437
-93.2 2.8081783
-93.19 2.8085368
-93.18 2.8088953
-93.17 2.8092538
-93.16 2.8096123
-93.15 2.8099708
-93.14 2.8103054
-93.13 2.8106639
-93.12 2.8110224
-93.11 2.8113809
-93.1 2.8117394
-93.09 2.8120979
-93.08 2.8124564
-93.07 2.8128149
-93.06 2.8131734
-93.05 2.8135319
-93.04 2.8138904
-93.03 2.8142489
-93.02 2.8146074
-93.01 2.8149659
-93.0 2.8153244
-92.99 2.8156829
-92.98 2.8160414
-92.97 2.8163999
-92.96 2.8167584
-92.95 2.8171169
-92.94 2.8174754
-92.93 2.8178339
-92.92 2.8182163
-92.91 2.8185748
-92.9 2.8189333
-92.89 2.8192918
-92.88 2.8196503
-92.87 2.8200088
-92.86 2.8203912
-92.85 2.8207497
-92.84 2.8211082
-92.83 2.8214667
-92.82 2.8218252
-92.81 2.8222076
-92.8 2.8225661
-92.79 2.8229246
-92.78 2.8232831
-92.77 2.8236655
-92.76 2.824024
-92.75 2.8243825
-92.74 2.8247649
-92.73 2.8251234
-92.72 2.8254819
-92.71 2.8258643
-92.7 2.8262228
-92.69 2.8265813
-92.68 2.8269637
-92.67 2.8273222
-92.66 2.8277046
-92.65 2.8280631
-92.64 2.8284216
-92.63 2.828804
-92.62 2.8291625
-92.61 2.8295449
-92.6 2.8299034
-92.59 2.8302858
-92.58 2.8306443
-92.57 2.8310267
-92.56 2.8313852
-92.55 2.8317676
-92.54 2.8321261
-92.53 2.8325085
-92.52 2.832867
-92.51 2.8332494
-92.5 2.8336079
-92.49 2.8339903
-92.48 2.8343727
-92.47 2.8347312
-92.46 2.8351136
-92.45 2.8354721
-92.44 2.8358545
-92.43 2.8362369
-92.42 2.8365954
-92.41 2.8369778
-92.4 2.8373602
-92.39 2.8377187
-92.38 2.8381011
-92.37 2.8384835
-92.36 2.8388659
-92.35 2.8392244
-92.34 2.8396068
-92.33 2.8399892
-92.32 2.8403716
-92.31 2.8407301
-92.3 2.8411125
-92.29 2.8414949
-92.28 2.8418773
-92.27 2.8422597
-92.26 2.8426182
-92.25 2.8430006
-92.24 2.843383
-92.23 2.8437654
-92.22 2.8441478
-92.21 2.8445302
-92.2 2.8449126
-92.19 2.845295
-92.18 2.8456774
-92.17 2.8460359
-92.16 2.8464183
-92.15 2.8468007
-92.14 2.8471831
-92.13 2.8475655
-92.12 2.8479479
-92.11 2.8483303
-92.1 2.8487127
-92.09 2.8490951
-92.08 2.8494775
-92.07 2.8498599
-92.06 2.8502423
-92.05 2.8506247
-92.04 2.851031
-92.03 2.8514134
-92.02 2.8517958
-92.01 2.8521782
-92.0 2.8525606
-91.99 2.852943
-91.98 2.8533254
-91.97 2.8537078
-91.96 2.8541141
-91.95 2.8544965
-91.94 2.8548789
-91.93 2.8552613
-91.92 2.8556437
-91.91 2.85605
-91.9 2.8564324
-91.89 2.8568148
-91.88 2.8571972
-91.87 2.8575796
-91.86 2.8579859
-91.85 2.8583683
-91.84 2.8587507
-91.83 2.859157
-91.82 2.8595394
-91.81 2.8599218
-91.8 2.8603281
-91.79 2.8607105
-91.78 2.8610929
-91.77 2.8614992
-91.76 2.8618816
-91.75 2.862264
-91.74 2.8626703
-91.73 2.8630527
-91.72 2.863459
-91.71 2.8638414
-91.7 2.8642238
-91.69 2.8646301
-91.68 2.8650125
-91.67 2.8654188
-91.66 2.8658012
-91.65 2.8662075
-91.64 2.8665899
-91.63 2.8669962
-91.62 2.8673786
-91.61 2.8677849
-91.6 2.8681912
-91.59 2.8685736
-91.58 2.8689799
-91.57 2.8693623
-91.56 2.8697686
-91.55 2.870151
-91.54 2.8705573
-91.53 2.8709636
-91.52 2.871346
-91.51 2.8717523
-91.5 2.8721586
-91.49 2.872541
-91.48 2.8729473
-91.47 2.8733536
-91.46 2.873736
-91.45 2.8741423
-91.44 2.8745486
-91.43 2.8749549
-91.42 2.8753373
-91.41 2.8757436
-91.4 2.8761499
-91.39 2.8765562
-91.38 2.8769386
-91.37 2.8773449
-91.36 2.8777512
-91.35 2.8781575
-91.34 2.8785638
-91.33 2.8789462
-91.32 2.8793525
-91.31 2.8797588
-91.3 2.8801651
-91.29 2.8805714
-91.28 2.8809777
-91.27 2.881384
-91.26 2.8817903
-91.25 2.8821966
-91.24 2.8826029
-91.23 2.8829853
-91.22 2.8833916
-91.21 2.8837979
-91.2 2.8842042
-91.19 2.8846105
-91.18 2.8850168
-91.17 2.8854231
-91.16 2.8858294
-91.15 2.8862357
-91.14 2.886642
-91.13 2.8870722
-91.12 2.8874785
-91.11 2.8878848
-91.1 2.8882911
-91.09 2.8886974
-91.08 2.8891037
-91.07 2.88951
-91.06 2.8899163
-91.05 2.8903226
-91.04 2.8907528
-91.03 2.8911591
-91.02 2.8915654
-91.01 2.8919717
-91.0 2.892378
-90.99 2.8928082
-90.98 2.8932145
-90.97 2.8936208
-90.96 2.8940271
-90.95 2.8944334
-90.94 2.8948636
-90.93 2.8952699
-90.92 2.8956762
-90.91 2.8961064
-90.9 2.8965127
-90.89 2.896919
-90.88 2.8973492
-90.87 2.8977555
-90.86 2.8981618
-90.85 2.898592
-90.84 2.8989983
-90.83 2.8994046
-90.82 2.8998348
-90.81 2.9002411
-90.8 2.9006713
-90.79 2.9010776
-90.78 2.9014839
-90.77 2.9019141
-90.76 2.9023204
-90.75 2.9027506
-90.74 2.9031569
-90.73 2.9035871
-90.72 2.9039934
-90.71 2.9044236
-90.7 2.9048299
-90.69 2.9052601
-90.68 2.9056664
-90.67 2.9060966
-90.66 2.9065029
-90.65 2.9069331
-90.64 2.9073633
-90.63 2.9077696
-90.62 2.9081998
-90.61 2.9086061
-90.6 2.9090363
-90.59 2.9094665
-90.58 2.9098728
-90.57 2.910303
-90.56 2.9107332
-90.55 2.9111395
-90.54 2.9115697
-90.53 2.9119999
-90.52 2.9124301
-90.51 2.9128364
-90.5 2.9132666
-90.49 2.9136968
-90.48 2.914127
-90.47 2.9145333
-90.46 2.9149635
-90.45 2.9153937
-90.44 2.9158239
-90.43 2.9162302
-90.42 2.9166604
-90.41 2.9170906
-90.4 2.9175208
-90.39 2.917951
-90.38 2.9183812
-90.37 2.9188114
-90.36 2.9192177
-90.35 2.9196479
-90.34 2.9200781
-90.33 2.9205083
-90.32 2.9209385
-90.31 2.9213687
-90.3 2.9217989
-90.29 2.9222291
-90.28 2.9226593
-90.27 2.9230895
-90.26 2.9235197
-90.25 2.9239499
-90.24 2.9243801
-90.23 2.9248103
-90.22 2.9252405
-90.21 2.9256707
-90.2 2.9261009
-90.19 2.9265311
-90.18 2.9269613
-90.17 2.9273915
-90.16 2.9278456
-90.15 2.9282758
-90.14 2.928706
-90.13 2.9291362
-90.12 2.9295664
-90.11 2.9299966
-90.1 2.9304268
-90.09 2.9308809
-90.08 2.9313111
-90.07 2.9317413
-90.06 2.9321715
-90.05 2.9326017
-90.04 2.9330558
-90.03 2.933486
-90.02 2.9339162
-90.01 2.9343464
-90.0 2.9348005
-89.99 2.9352307
-89.98 2.9356609
-89.97 2.936115
-89.96 2.9365452
-89.95 2.9369754
-89.94 2.9374295
-89.93 2.9378597
-89.92 2.9382899
-89.91 2.938744
-89.9 2.9391742
-89.89 2.9396044
-89.88 2.9400585
-89.87 2.9404887
-89.86 2.9409428
-89.85 2.941373
-89.84 2.9418271
-89.83 2.9422573
-89.82 2.9426875
-89.81 2.9431416
-89.8 2.9435718
-89.79 2.9440259
-89.78 2.9444561
-89.77 2.9449102
-89.76 2.9453643
-89.75 2.9457945
-89.74 2.9462486
-89.73 2.9466788
-89.72 2.9471329
-89.71 2.9475631
-89.7 2.9480172
-89.69 2.9484713
-89.68 2.9489015
-89.67 2.9493556
-89.66 2.9497858
-89.65 2.9502399
-89.64 2.950694
-89.63 2.9511242
-89.62 2.9515783
-89.61 2.9520324
-89.6 2.9524865
-89.59 2.9529167
-89.58 2.9533708
-89.57 2.9538249
-89.56 2.9542551
-89.55 2.9547092
-89.54 2.9551633
-89.53 2.9556174
-89.52 2.9560715
-89.51 2.9565017
-89.5 2.9569558
-89.49 2.9574099
-89.48 2.957864
-89.47 2.9583181
-89.46 2.9587483
-89.45 2.9592024
-89.44 2.9596565
-89.43 2.9601106
-89.42 2.9605647
-89.41 2.9610188
-89.4 2.9614729
-89.39 2.961927
-89.38 2.9623811
-89.37 2.9628352
-89.36 2.9632893
-89.35 2.9637434
-89.34 2.9641975
-89.33 2.9646516
-89.32 2.9651057
-89.31 2.9655598
-89.3 2.9660139
-89.29 2.966468
-89.28 2.9669221
-89.27 2.9673762
-89.26 2.9678303
-89.25 2.9682844
-89.24 2.9687385
-89.23 2.9691926
-89.22 2.9696467
-89.21 2.9701008
-89.2 2.9705549
-89.19 2.9710329
-89.18 2.971487
-89.17 2.9719411
-89.16 2.9723952
-89.15 2.9728493
-89.14 2.9733034
-89.13 2.9737814
-89.12 2.9742355
-89.11 2.9746896
-89.1 2.9751437
-89.09 2.9756217
-89.08 2.9760758
-89.07 2.9765299
-89.06 2.976984
-89.05 2.977462
-89.04 2.9779161
-89.03 2.9783702
-89.02 2.9788482
-89.01 2.9793023
-89.0 2.9797564
-88.99 2.9802344
-88.98 2.9806885
-88.97 2.9811426
-88.96 2.9816206
-88.95 2.9820747
-88.94 2.9825527
-88.93 2.9830068
-88.92 2.9834609
-88.91 2.9839389
-88.9 2.984393
-88.89 2.984871
-88.88 2.9853251
-88.87 2.9858031
-88.86 2.9862572
-88.85 2.9867352
-88.84 2.9871893
-88.83 2.9876673
-88.82 2.9881214
-88.81 2.9885994
-88.8 2.9890535
-88.79 2.9895315
-88.78 2.9900095
-88.77 2.9904636
-88.76 2.9909416
-88.75 2.9913957
-88.74 2.9918737
-88.73 2.9923517
-88.72 2.9928058
-88.71 2.9932838
-88.7 2.9937618
-88.69 2.9942159
-88.68 2.9946939
-88.67 2.9951719
-88.66 2.995626
-88.65 2.996104
-88.64 2.996582
-88.63 2.9970361
-88.62 2.9975141
-88.61 2.9979921
-88.6 2.9984701
-88.59 2.9989481
-88.58 2.9994022
-88.57 2.9998802
-88.56 3.0003582
-88.55 3.0008362
-88.54 3.0013142
-88.53 3.0017683
-88.52 3.0022463
-88.51 3.0027243
-88.5 3.0032023
-88.49 3.0036803
-88.48 3.0041583
-88.47 3.0046363
-88.46 3.0051143
-88.45 3.0055684
-88.44 3.0060464
-88.43 3.0065244
-88.42 3.0070024
-88.41 3.0074804
-88.4 3.0079584
-88.39 3.0084364
-88.38 3.0089144
-88.37 3.0093924
-88.36 3.0098704
-88.35 3.0103484
-88.34 3.0108264
-88.33 3.0113044
-88.32 3.0117824
-88.31 3.0122843
-88.3 3.0127623
-88.29 3.0132403
-88.28 3.0137183
-88.27 3.0141963
-88.26 3.0146743
-88.25 3.0151523
-88.24 3.0156303
-88.23 3.0161083
-88.22 3.0166102
-88.21 3.0170882
-88.2 3.0175662
-88.19 3.0180442
-88.18 3.0185222
-88.17 3.0190241
-88.16 3.0195021
-88.15 3.0199801
-88.14 3.0204581
-88.13 3.02096
-88.12 3.021438
-88.11 3.021916
-88.1 3.022394
-88.09 3.0228959
-88.08 3.0233739
-88.07 3.0238519
-88.06 3.0243538
-88.05 3.0248318
-88.04 3.0253098
-88.03 3.0258117
-88.02 3.0262897
-88.01 3.0267916
-88.0 3.0272696
-87.99 3.0277476
-87.98 3.0282495
-87.97 3.0287275
-87.96 3.0292294
-87.95 3.0297074
-87.94 3.0302093
-87.93 3.0306873
-87.92 3.0311892
-87.91 3.0316672
-87.9 3.0321452
-87.89 3.0326471
-87.88 3.033149
-87.87 3.033627
-87.86 3.0341289
-87.85 3.0346069
-87.84 3.0351088
-87.83 3.0355868
-87.82 3.0360887
-87.81 3.0365667
-87.8 3.0370686
-87.79 3.0375705
-87.78 3.0380485
-87.77 3.0385504
-87.76 3.0390523
-87.75 3.0395303
-87.74 3.0400322
-87.73 3.0405341
-87.72 3.0410121
-87.71 3.041514
-87.7 3.0420159
-87.69 3.0424939
-87.68 3.0429958
-87.67 3.0434977
-87.66 3.0439996
-87.65 3.0444776
-87.64 3.0449795
-87.63 3.0454814
-87.62 3.0459833
-87.61 3.0464852
-87.6 3.0469632
-87.59 3.0474651
-87.58 3.047967
-87.57 3.0484689
-87.56 3.0489708
-87.55 3.0494727
-87.54 3.0499507
-87.53 3.0504526
-87.52 3.0509545
-87.51 3.0514564
-87.5 3.0519583
-87.49 3.0524602
-87.48 3.0529621
-87.47 3.053464
-87.46 3.0539659
-87.45 3.0544678
-87.44 3.0549697
-87.43 3.0554716
-87.42 3.0559735
-87.41 3.0564754
-87.4 3.0569773
-87.39 3.0574792
-87.38 3.0579811
-87.37 3.058483
-87.36 3.0589849
-87.35 3.0594868
-87.34 3.0599887
-87.33 3.0604906
-87.32 3.0609925
-87.31 3.0614944
-87.3 3.0619963
-87.29 3.0625221
-87.28 3.063024
-87.27 3.0635259
-87.26 3.0640278
-87.25 3.0645297
-87.24 3.0650316
-87.23 3.0655574
-87.22 3.0660593
-87.21 3.0665612
-87.2 3.0670631
-87.19 3.067565
-87.18 3.0680908
-87.17 3.0685927
-87.16 3.0690946
-87.15 3.0696204
-87.14 3.0701223
-87.13 3.0706242
-87.12 3.0711261
-87.11 3.0716519
-87.1 3.0721538
-87.09 3.0726557
-87.08 3.0731815
-87.07 3.0736834
-87.06 3.0741853
-87.05 3.0747111
-87.04 3.075213
-87.03 3.0757388
-87.02 3.0762407
-87.01 3.0767426
-87.0 3.0772684
-86.99 3.0777703
-86.98 3.0782961
-86.97 3.078798
-86.96 3.0793238
-86.95 3.0798257
-86.94 3.0803515
-86.93 3.0808534
-86.92 3.0813792
-86.91 3.0818811
-86.9 3.0824069
-86.89 3.0829088
-86.88 3.0834346
-86.87 3.0839365
-86.86 3.0844623
-86.85 3.0849881
-86.84 3.08549
-86.83 3.0860158
-86.82 3.0865177
-86.81 3.0870435
-86.8 3.0875693
-86.79 3.0880712
-86.78 3.088597
-86.77 3.0891228
-86.76 3.0896247
-86.75 3.0901505
-86.74 3.0906763
-86.73 3.0911782
-86.72 3.091704
-86.71 3.0922298
-86.7 3.0927317
-86.69 3.0932575
-86.68 3.0937833
-86.67 3.0943091
-86.66 3.094811
-86.65 3.0953368
-86.64 3.0958626
-86.63 3.0963884
-86.62 3.0969142
-86.61 3.0974161
-86.6 3.0979419
-86.59 3.0984677
-86.58 3.0989935
-86.57 3.0995193
-86.56 3.1000451
-86.55 3.1005709
-86.54 3.1010967
-86.53 3.1015986
-86.52 3.1021244
-86.51 3.1026502
-86.5 3.103176
-86.49 3.1037018
-86.48 3.1042276
-86.47 3.1047534
-86.46 3.1052792
-86.45 3.105805
-86.44 3.1063308
-86.43 3.1068566
-86.42 3.1073824
-86.41 3.1079082
-86.4 3.108434
-86.39 3.1089598
-86.38 3.1094856
-86.37 3.1100114
-86.36 3.1105372
-86.35 3.111063
-86.34 3.1116127
-86.33 3.1121385
-86.32 3.1126643
-86.31 3.1131901
-86.3 3.1137159
-86.29 3.1142417
-86.28 3.1147675
-86.27 3.1152933
-86.26 3.115843
-86.25 3.1163688
-86.24 3.1168946
-86.23 3.1174204
-86.22 3.1179462
-86.21 3.1184959
-86.2 3.1190217
-86.19 3.1195475
-86.18 3.1200733
-86.17 3.120623
-86.16 3.1211488
-86.15 3.1216746
-86.14 3.1222243
-86.13 3.1227501
-86.12 3.1232759
-86.11 3.1238017
-86.1 3.1243514
-86.09 3.1248772
-86.08 3.1254269
-86.07 3.1259527
-86.06 3.1264785
-86.05 3.1270282
-86.04 3.127554
-86.03 3.1280798
-86.02 3.1286295
-86.01 3.1291553
-86.0 3.129705
-85.99 3.1302308
-85.98 3.1307805
-85.97 3.1313063
-85.96 3.131856
-85.95 3.1323818
-85.94 3.1329315
-85.93 3.1334573
-85.92 3.134007
-85.91 3.1345328
-85.9 3.1350825
-85.89 3.1356083
-85.88 3.136158
-85.87 3.1366838
-85.86 3.1372335
-85.85 3.1377593
-85.84 3.138309
-85.83 3.1388587
-85.82 3.1393845
-85.81 3.1399342
-85.8 3.1404839
-85.79 3.1410097
-85.78 3.1415594
-85.77 3.1420852
-85.76 3.1426349
-85.75 3.1431846
-85.74 3.1437343
-85.73 3.1442601
-85.72 3.1448098
-85.71 3.1453595
-85.7 3.1458853
-85.69 3.146435
-85.68 3.1469847
-85.67 3.1475344
-85.66 3.1480602
-85.65 3.1486099
-85.64 3.1491596
-85.63 3.1497093
-85.62 3.150259
-85.61 3.1507848
-85.6 3.1513345
-85.59 3.1518842
-85.58 3.1524339
-85.57 3.1529836
-85.56 3.1535333
-85.55 3.154083
-85.54 3.1546088
-85.53 3.1551585
-85.52 3.1557082
-85.51 3.1562579
-85.5 3.1568076
-85.49 3.1573573
-85.48 3.157907
-85.47 3.1584567
-85.46 3.1590064
-85.45 3.1595561
-85.44 3.1601058
-85.43 3.1606555
-85.42 3.1612052
-85.41 3.1617549
-85.4 3.1623046
-85.39 3.1628543
-85.38 3.163404
-85.37 3.1639537
-85.36 3.1645034
-85.35 3.1650531
-85.34 3.1656028
-85.33 3.1661525
-85.32 3.1667022
-85.31 3.1672758
-85.3 3.1678255
-85.29 3.1683752
-85.28 3.1689249
-85.27 3.1694746
-85.26 3.1700243
-85.25 3.170574
-85.24 3.1711476
-85.23 3.1716973
-85.22 3.172247
-85.21 3.1727967
-85.2 3.1733464
-85.19 3.17392
-85.18 3.1744697
-85.17 3.1750194
-85.16 3.1755691
-85.15 3.1761427
-85.14 3.1766924
-85.13 3.1772421
-85.12 3.1777918
-85.11 3.1783654
-85.1 3.1789151
-85.09 3.1794648
-85.08 3.1800384
-85.07 3.1805881
-85.06 3.1811378
-85.05 3.1817114
-85.04 3.1822611
-85.03 3.1828347
-85.02 3.1833844
-85.01 3.1839341
-85.0 3.1845077
-84.99 3.1850574
-84.98 3.185631
-84.97 3.1861807
-84.96 3.1867543
-84.95 3.187304
-84.94 3.1878537
-84.93 3.1884273
-84.92 3.188977
-84.91 3.1895506
-84.9 3.1901003
-84.89 3.1906739
-84.88 3.1912236
-84.87 3.1917972
-84.86 3.1923708
-84.85 3.1929205
-84.84 3.1934941
-84.83 3.1940438
-84.82 3.1946174
-84.81 3.1951671
-84.8 3.1957407
-84.79 3.1963143
-84.78 3.196864
-84.77 3.1974376
-84.76 3.1980112
-84.75 3.1985609
-84.74 3.1991345
-84.73 3.1997081
-84.72 3.2002578
-84.71 3.2008314
-84.7 3.201405
-84.69 3.2019547
-84.68 3.2025283
-84.67 3.2031019
-84.66 3.2036516
-84.65 3.2042252
-84.64 3.2047988
-84.63 3.2053724
-84.62 3.205946
-84.61 3.2064957
-84.6 3.2070693
-84.59 3.2076429
-84.58 3.2082165
-84.57 3.2087901
-84.56 3.2093398
-84.55 3.2099134
-84.54 3.210487
-84.53 3.2110606
-84.52 3.2116342
-84.51 3.2122078
-84.5 3.2127814
-84.49 3.2133311
-84.48 3.2139047
-84.47 3.2144783
-84.46 3.2150519
-84.45 3.2156255
-84.44 3.2161991
-84.43 3.2167727
-84.42 3.2173463
-84.41 3.2179199
-84.4 3.2184935
-84.39 3.2190671
-84.38 3.2196407
-84.37 3.2202143
-84.36 3.2207879
-84.35 3.2213615
-84.34 3.2219351
-84.33 3.2225087
-84.32 3.2230823
-84.31 3.2236559
-84.3 3.2242295
-84.29 3.2248031
-84.28 3.2253767
-84.27 3.2259503
-84.26 3.2265478
-84.25 3.2271214
-84.24 3.227695
-84.23 3.2282686
-84.22 3.2288422
-84.21 3.2294158
-84.2 3.2299894
-84.19 3.2305869
-84.18 3.2311605
-84.17 3.2317341
-84.16 3.2323077
-84.15 3.2328813
-84.14 3.2334788
-84.13 3.2340524
-84.12 3.234626
-84.11 3.2351996
-84.1 3.2357971
-84.09 3.2363707
-84.08 3.2369443
-84.07 3.2375179
-84.06 3.2381154
-84.05 3.238689
-84.04 3.2392626
-84.03 3.2398601
-84.02 3.2404337
-84.01 3.2410073
-84.0 3.2416048
-83.99 3.2421784
-83.98 3.242752
-83.97 3.2433495
-83.96 3.2439231
-83.95 3.2445206
-83.94 3.2450942
-83.93 3.2456678
-83.92 3.2462653
-83.91 3.2468389
-83.9 3.2474364
-83.89 3.24801
-83.88 3.2486075
-83.87 3.2491811
-83.86 3.2497786
-83.85 3.2503522
-83.84 3.2509497
-83.83 3.2515233
-83.82 3.2521208
-83.81 3.2526944
-83.8 3.2532919
-83.79 3.2538655
-83.78 3.254463
-83.77 3.2550366
-83.76 3.2556341
-83.75 3.2562316
-83.74 3.2568052
-83.73 3.2574027
-83.72 3.2579763
-83.71 3.2585738
-83.7 3.2591713
-83.69 3.2597449
-83.68 3.2603424
-83.67 3.2609399
-83.66 3.2615135
-83.65 3.262111
-83.64 3.2627085
-83.63 3.2632821
-83.62 3.2638796
-83.61 3.2644771
-83.6 3.2650507
-83.59 3.2656482
-83.58 3.2662457
-83.57 3.2668432
-83.56 3.2674168
-83.55 3.2680143
-83.54 3.2686118
-83.53 3.2692093
-83.52 3.2697829
-83.51 3.2703804
-83.5 3.2709779
-83.49 3.2715754
-83.48 3.2721729
-83.47 3.2727704
-83.46 3.273344
-83.45 3.2739415
-83.44 3.274539
-83.43 3.2751365
-83.42 3.275734
-83.41 3.2763315
-83.4 3.276929
-83.39 3.2775265
-83.38 3.2781001
-83.37 3.2786976
-83.36 3.2792951
-83.35 3.2798926
-83.34 3.2804901
-83.33 3.2810876
-83.32 3.2816851
-83.31 3.2822826
-83.3 3.2828801
-83.29 3.2834776
-83.28 3.2840751
-83.27 3.2846726
-83.26 3.2852701
-83.25 3.2858676
-83.24 3.2864651
-83.23 3.2870626
-83.22 3.2876601
-83.21 3.2882576
-83.2 3.2888551
-83.19 3.2894765
-83.18 3.290074
-83.17 3.2906715
-83.16 3.291269
-83.15 3.2918665
-83.14 3.292464
-83.13 3.2930615
-83.12 3.293659
-83.11 3.2942804
-83.1 3.2948779
-83.09 3.2954754
-83.08 3.2960729
-83.07 3.2966704
-83.06 3.2972679
-83.05 3.2978893
-83.04 3.2984868
-83.03 3.2990843
-83.02 3.2996818
-83.01 3.3003032
-83.0 3.3009007
-82.99 3.3014982
-82.98 3.3020957
-82.97 3.3027171
-82.96 3.3033146
-82.95 3.3039121
-82.94 3.3045335
-82.93 3.305131
-82.92 3.3057285
-82.91 3.3063499
-82.9 3.3069474
-82.89 3.3075449
-82.88 3.3081663
-82.87 3.3087638
-82.86 3.3093613
-82.85 3.3099827
-82.84 3.3105802
-82.83 3.3111777
-82.82 3.3117991
-82.81 3.3123966
-82.8 3.313018
-82.79 3.3136155
-82.78 3.3142369
-82.77 3.3148344
-82.76 3.3154558
-82.75 3.3160533
-82.74 3.3166508
-82.73 3.3172722
-82.72 3.3178697
-82.71 3.3184911
-82.7 3.3191125
-82.69 3.31971
-82.68 3.3203314
-82.67 3.3209289
-82.66 3.3215503
-82.65 3.3221478
-82.64 3.3227692
-82.63 3.3233667
-82.62 3.3239881
-82.61 3.3246095
-82.6 3.325207
-82.59 3.3258284
-82.58 3.3264259
-82.57 3.3270473
-82.56 3.3276687
-82.55 3.3282662
-82.54 3.3288876
-82.53 3.329509
-82.52 3.3301065
-82.51 3.3307279
-82.5 3.3313493
-82.49 3.3319468
-82.48 3.3325682
-82.47 3.3331896
-82.46 3.3337871
-82.45 3.3344085
-82.44 3.3350299
-82.43 3.3356513
-82.42 3.3362488
-82.41 3.3368702
-82.4 3.3374916
-82.39 3.338113
-82.38 3.3387344
-82.37 3.3393319
-82.36 3.3399533
-82.35 3.3405747
-82.34 3.3411961
-82.33 3.3418175
-82.32 3.342415
-82.31 3.3430364
-82.3 3.3436578
-82.29 3.3442792
-82.28 3.3449006
-82.27 3.345522
-82.26 3.3461434
-82.25 3.3467648
-82.24 3.3473623
-82.23 3.3479837
-82.22 3.3486051
-82.21 3.3492265
-82.2 3.3498479
-82.19 3.3504693
-82.18 3.3510907
-82.17 3.3517121
-82.16 3.3523335
-82.15 3.3529549
-82.14 3.3535763
-82.13 3.3541977
-82.12 3.3548191
-82.11 3.3554405
-82.1 3.3560619
-82.09 3.3566833
-82.08 3.3573047
-82.07 3.3579261
-82.06 3.3585475
-82.05 3.3591689
-82.04 3.3597903
-82.03 3.3604117
-82.02 3.361057
-82.01 3.3616784
-82.0 3.3622998
-81.99 3.3629212
-81.98 3.3635426
-81.97 3.364164
-81.96 3.3647854
-81.95 3.3654068
-81.94 3.3660521
-81.93 3.3666735
-81.92 3.3672949
-81.91 3.3679163
-81.9 3.3685377
-81.89 3.369183
-81.88 3.3698044
-81.87 3.3704258
-81.86 3.3710472
-81.85 3.3716686
-81.84 3.3723139
-81.83 3.3729353
-81.82 3.3735567
-81.81 3.3741781
-81.8 3.3748234
-81.79 3.3754448
-81.78 3.3760662
-81.77 3.3767115
-81.76 3.3773329
-81.75 3.3779543
-81.74 3.3785757
-81.73 3.379221
-81.72 3.3798424
-81.71 3.3804877
-81.7 3.3811091
-81.69 3.3817305
-81.68 3.3823758
-81.67 3.3829972
-81.66 3.3836186
-81.65 3.3842639
-81.64 3.3848853
-81.63 3.3855306
-81.62 3.386152
-81.61 3.3867734
-81.6 3.3874187
-81.59 3.3880401
-81.58 3.3886854
-81.57 3.3893068
-81.56 3.3899521
-81.55 3.3905735
-81.54 3.3912188
-81.53 3.3918402
-81.52 3.3924855
-81.51 3.3931069
-81.5 3.3937522
-81.49 3.3943736
-81.48 3.3950189
-81.47 3.3956403
-81.46 3.3962856
-81.45 3.396907
-81.44 3.3975523
-81.43 3.3981976
-81.42 3.398819
-81.41 3.3994643
-81.4 3.4000857
-81.39 3.400731
-81.38 3.4013763
-81.37 3.4019977
-81.36 3.402643
-81.35 3.4032644
-81.34 3.4039097
-81.33 3.404555
-81.32 3.4051764
-81.31 3.4058217
-81.3 3.406467
-81.29 3.4070884
-81.28 3.4077337
-81.27 3.408379
-81.26 3.4090243
-81.25 3.4096457
-81.24 3.410291
-81.23 3.4109363
-81.22 3.4115577
-81.21 3.412203
-81.2 3.4128483
-81.19 3.4134936
-81.18 3.4141389
-81.17 3.4147603
-81.16 3.4154056
-81.15 3.4160509
-81.14 3.4166962
-81.13 3.4173176
-81.12 3.4179629
-81.11 3.4186082
-81.1 3.4192535
-81.09 3.4198988
-81.08 3.4205441
-81.07 3.4211894
-81.06 3.4218108
-81.05 3.4224561
-81.04 3.4231014
-81.03 3.4237467
-81.02 3.424392
-81.01 3.4250373
-81.0 3.4256826
-80.99 3.4263279
-80.98 3.4269732
-80.97 3.4276185
-80.96 3.4282638
-80.95 3.4288852
-80.94 3.4295305
-80.93 3.4301758
-80.92 3.4308211
-80.91 3.4314664
-80.9 3.4321117
-80.89 3.432757
-80.88 3.4334023
-80.87 3.4340476
-80.86 3.4346929
-80.85 3.4353382
-80.84 3.4359835
-80.83 3.4366527
-80.82 3.437298
-80.81 3.4379433
-80.8 3.4385886
-80.79 3.4392339
-80.78 3.4398792
-80.77 3.4405245
-80.76 3.4411698
-80.75 3.4418151
-80.74 3.4424604
-80.73 3.4431057
-80.72 3.4437749
-80.71 3.4444202
-80.7 3.4450655
-80.69 3.4457108
-80.68 3.4463561
-80.67 3.4470014
-80.66 3.4476467
-80.65 3.4483159
-80.64 3.4489612
-80.63 3.4496065
-80.62 3.4502518
-80.61 3.4508971
-80.6 3.4515663
-80.59 3.4522116
-80.58 3.4528569
-80.57 3.4535022
-80.56 3.4541714
-80.55 3.4548167
-80.54 3.455462
-80.53 3.4561073
-80.52 3.4567765
-80.51 3.4574218
-80.5 3.4580671
-80.49 3.4587363
-80.48 3.4593816
-80.47 3.4600269
-80.46 3.4606961
-80.45 3.4613414
-80.44 3.4619867
-80.43 3.4626559
-80.42 3.4633012
-80.41 3.4639465
-80.4 3.4646157
-80.39 3.465261
-80.38 3.4659063
-80.37 3.4665755
-80.36 3.4672208
-80.35 3.46789
-80.34 3.4685353
-80.33 3.4692045
-80.32 3.4698498
-80.31 3.4704951
-80.3 3.4711643
-80.29 3.4718096
-80.28 3.4724788
-80.27 3.4731241
-80.26 3.4737933
-80.25 3.4744386
-80.24 3.4751078
-80.23 3.4757531
-80.22 3.4764223
-80.21 3.4770676
-80.2 3.4777368
-80.19 3.4783821
-80.18 3.4790513
-80.17 3.4796966
-80.16 3.4803658
-80.15 3.4810111
-80.14 3.4816803
-80.13 3.4823495
-80.12 3.4829948
-80.11 3.483664
-80.1 3.4843093
-80.09 3.4849785
-80.08 3.4856477
-80.07 3.486293
-80.06 3.4869622
-80.05 3.4876075
-80.04 3.4882767
-80.03 3.4889459
-80.02 3.4895912
-80.01 3.4902604
-80.0 3.4909296
-79.99 3.4915749
-79.98 3.4922441
-79.97 3.4929133
-79.96 3.4935586
-79.95 3.4942278
-79.94 3.494897
-79.93 3.4955662
-79.92 3.4962115
-79.91 3.4968807
-79.9 3.4975499
-79.89 3.4981952
-79.88 3.4988644
-79.87 3.4995336
-79.86 3.5002028
-79.85 3.500872
-79.84 3.5015173
-79.83 3.5021865
-79.82 3.5028557
-79.81 3.5035249
-79.8 3.5041702
-79.79 3.5048394
-79.78 3.5055086
-79.77 3.5061778
-79.76 3.506847
-79.75 3.5075162
-79.74 3.5081615
-79.73 3.5088307
-79.72 3.5094999
-79.71 3.5101691
-79.7 3.5108383
-79.69 3.5115075
-79.68 3.5121767
-79.67 3.5128459
-79.66 3.5135151
-79.65 3.5141604
-79.64 3.5148296
-79.63 3.5154988
-79.62 3.516168
-79.61 3.5168372
-79.6 3.5175064
-79.59 3.5181756
-79.58 3.5188448
-79.57 3.519514
-79.56 3.5201832
-79.55 3.5208524
-79.54 3.5215216
-79.53 3.5221908
-79.52 3.52286
-79.51 3.5235292
-79.5 3.5241984
-79.49 3.5248676
-79.48 3.5255368
-79.47 3.526206
-79.46 3.5268752
-79.45 3.5275444
-79.44 3.5282136
-79.43 3.5288828
-79.42 3.529552
-79.41 3.5302451
-79.4 3.5309143
-79.39 3.5315835
-79.38 3.5322527
-79.37 3.5329219
-79.36 3.5335911
-79.35 3.5342603
-79.34 3.5349295
-79.33 3.5355987
-79.32 3.5362918
-79.31 3.536961
-79.3 3.5376302
-79.29 3.5382994
-79.28 3.5389686
-79.27 3.5396378
-79.26 3.5403309
-79.25 3.5410001
-79.24 3.5416693
-79.23 3.5423385
-79.22 3.5430077
-79.21 3.5437008
-79.2 3.54437
-79.19 3.5450392
-79.18 3.5457084
-79.17 3.5464015
-79.16 3.5470707
-79.15 3.5477399
-79.14 3.5484091
-79.13 3.5491022
-79.12 3.5497714
-79.11 3.5504406
-79.1 3.5511098
-79.09 3.5518029
-79.08 3.5524721
-79.07 3.5531413
-79.06 3.5538344
-79.05 3.5545036
-79.04 3.5551728
-79.03 3.5558659
-79.02 3.5565351
-79.01 3.5572043
-79.0 3.5578974
-78.99 3.5585666
-78.98 3.5592597
-78.97 3.5599289
-78.96 3.5605981
-78.95 3.5612912
-78.94 3.5619604
-78.93 3.5626296
-78.92 3.5633227
-78.91 3.5639919
-78.9 3.564685
-78.89 3.5653542
-78.88 3.5660473
-78.87 3.5667165
-78.86 3.5673857
-78.85 3.5680788
-78.84 3.568748
-78.83 3.5694411
-78.82 3.5701103
-78.81 3.5708034
-78.8 3.5714726
-78.79 3.5721657
-78.78 3.5728349
-78.77 3.573528
-78.76 3.5741972
-78.75 3.5748903
-78.74 3.5755595
-78.73 3.5762526
-78.72 3.5769218
-78.71 3.5776149
-78.7 3.578308
-78.69 3.5789772
-78.68 3.5796703
-78.67 3.5803395
-78.66 3.5810326
-78.65 3.5817018
-78.64 3.5823949
-78.63 3.583088
-78.62 3.5837572
-78.61 3.5844503
-78.6 3.5851195
-78.59 3.5858126
-78.58 3.5865057
-78.57 3.5871749
-78.56 3.587868
-78.55 3.5885611
-78.54 3.5892303
-78.53 3.5899234
-78.52 3.5906165
-78.51 3.5912857
-78.5 3.5919788
-78.49 3.5926719
-78.48 3.5933411
-78.47 3.5940342
-78.46 3.5947273
-78.45 3.5954204
-78.44 3.5960896
-78.43 3.5967827
-78.42 3.5974758
-78.41 3.598145
-78.4 3.5988381
-78.39 3.5995312
-78.38 3.6002243
-78.37 3.6008935
-78.36 3.6015866
-78.35 3.6022797
-78.34 3.6029728
-78.33 3.6036659
-78.32 3.6043351
-78.31 3.6050282
-78.3 3.6057213
-78.29 3.6064144
-78.28 3.6071075
-78.27 3.6077767
-78.26 3.6084698
-78.25 3.6091629
-78.24 3.609856
-78.23 3.6105491
-78.22 3.6112422
-78.21 3.6119353
-78.2 3.6126045
-78.19 3.6132976
-78.18 3.6139907
-78.17 3.6146838
-78.16 3.6153769
-78.15 3.61607
-78.14 3.6167631
-78.13 3.6174562
-78.12 3.6181493
-78.11 3.6188185
-78.1 3.6195116
-78.09 3.6202047
-78.08 3.6208978
-78.07 3.6215909
-78.06 3.622284
-78.05 3.6229771
-78.04 3.6236702
-78.03 3.6243633
-78.02 3.6250564
-78.01 3.6257495
-78.0 3.6264426
-77.99 3.6271357
-77.98 3.6278288
-77.97 3.6285219
-77.96 3.629215
-77.95 3.6299081
-77.94 3.6306012
-77.93 3.6312943
-77.92 3.6319874
-77.91 3.6326805
-77.9 3.6333736
-77.89 3.6340667
-77.88 3.6347598
-77.87 3.6354529
-77.86 3.6361699
-77.85 3.636863
-77.84 3.6375561
-77.83 3.6382492
-77.82 3.6389423
-77.81 3.6396354
-77.8 3.6403285
-77.79 3.6410216
-77.78 3.6417147
-77.77 3.6424078
-77.76 3.6431248
-77.75 3.6438179
-77.74 3.644511
-77.73 3.6452041
-77.72 3.6458972
-77.71 3.6465903
-77.7 3.6472834
-77.69 3.6480004
-77.68 3.6486935
-77.67 3.6493866
-77.66 3.6500797
-77.65 3.6507728
-77.64 3.6514898
-77.63 3.6521829
-77.62 3.652876
-77.61 3.6535691
-77.6 3.6542622
-77.59 3.6549792
-77.58 3.6556723
-77.57 3.6563654
-77.56 3.6570585
-77.55 3.6577755
-77.54 3.6584686
-77.53 3.6591617
-77.52 3.6598548
-77.51 3.6605718
-77.5 3.6612649
-77.49 3.661958
-77.48 3.662675
-77.47 3.6633681
-77.46 3.6640612
-77.45 3.6647543
-77.44 3.6654713
-77.43 3.6661644
-77.42 3.6668575
-77.41 3.6675745
-77.4 3.6682676
-77.39 3.6689607
-77.38 3.6696777
-77.37 3.6703708
-77.36 3.6710639
-77.35 3.6717809
-77.34 3.672474
-77.33 3.673191
-77.32 3.6738841
-77.31 3.6745772
-77.3 3.6752942
-77.29 3.6759873
-77.28 3.6767043
-77.27 3.6773974
-77.26 3.6780905
-77.25 3.6788075
-77.24 3.6795006
-77.23 3.6802176
-77.22 3.6809107
-77.21 3.6816277
-77.2 3.6823208
-77.19 3.6830139
-77.18 3.6837309
-77.17 3.684424
-77.16 3.685141
-77.15 3.6858341
-77.14 3.6865511
-77.13 3.6872442
-77.12 3.6879612
-77.11 3.6886543
-77.1 3.6893713
-77.09 3.6900644
-77.08 3.6907814
-77.07 3.6914745
-77.06 3.6921915
-77.05 3.6928846
-77.04 3.6936016
-77.03 3.6942947
-77.02 3.6950117
-77.01 3.6957048
-77.0 3.6964218
-76.99 3.6971388
-76.98 3.6978319
-76.97 3.6985489
-76.96 3.699242
-76.95 3.699959
-76.94 3.7006521
-76.93 3.7013691
-76.92 3.7020861
-76.91 3.7027792
-76.9 3.7034962
-76.89 3.7041893
-76.88 3.7049063
-76.87 3.7056233
-76.86 3.7063164
-76.85 3.7070334
-76.84 3.7077504
-76.83 3.7084435
-76.82 3.7091605
-76.81 3.7098775
-76.8 3.7105706
-76.79 3.7112876
-76.78 3.7119807
-76.77 3.7126977
-76.76 3.7134147
-76.75 3.7141317
-76.74 3.7148248
-76.73 3.7155418
-76.72 3.7162588
-76.71 3.7169519
-76.7 3.7176689
-76.69 3.7183859
-76.68 3.719079
-76.67 3.719796
-76.66 3.720513
-76.65 3.72123
-76.64 3.7219231
-76.63 3.7226401
-76.62 3.7233571
-76.61 3.7240741
-76.6 3.7247672
-76.59 3.7254842
-76.58 3.7262012
-76.57 3.7269182
-76.56 3.7276113
-76.55 3.7283283
-76.54 3.7290453
-76.53 3.7297623
-76.52 3.7304793
-76.51 3.7311724
-76.5 3.7318894
-76.49 3.7326064
-76.48 3.7333234
-76.47 3.7340404
-76.46 3.7347574
-76.45 3.7354505
-76.44 3.7361675
-76.43 3.7368845
-76.42 3.7376015
-76.41 3.7383185
-76.4 3.7390355
-76.39 3.7397286
-76.38 3.7404456
-76.37 3.7411626
-76.36 3.7418796
-76.35 3.7425966
-76.34 3.7433136
-76.33 3.7440306
-76.32 3.7447476
-76.31 3.7454646
-76.3 3.7461577
-76.29 3.7468747
-76.28 3.7475917
-76.27 3.7483087
-76.26 3.7490257
-76.25 3.7497427
-76.24 3.7504597
-76.23 3.7511767
-76.22 3.7518937
-76.21 3.7526107
-76.2 3.7533277
-76.19 3.7540447
-76.18 3.7547617
-76.17 3.7554787
-76.16 3.7561957
-76.15 3.7569127
-76.14 3.7576297
-76.13 3.7583467
-76.12 3.7590637
-76.11 3.7597807
-76.1 3.7604977
-76.09 3.7612147
-76.08 3.7619317
-76.07 3.7626487
-76.06 3.7633657
-76.05 3.7640827
-76.04 3.7647997
-76.03 3.7655167
-76.02 3.7662337
-76.01 3.7669507
-76.0 3.7676677
-75.99 3.7683847
-75.98 3.7691017
-75.97 3.7698187
-75.96 3.7705357
-75.95 3.7712527
-75.94 3.7719697
-75.93 3.7726867
-75.92 3.7734037
-75.91 3.7741207
-75.9 3.7748616
-75.89 3.7755786
-75.88 3.7762956
-75.87 3.7770126
-75.86 3.7777296
-75.85 3.7784466
-75.84 3.7791636
-75.83 3.7798806
-75.82 3.7805976
-75.81 3.7813385
-75.8 3.7820555
-75.79 3.7827725
-75.78 3.7834895
-75.77 3.7842065
-75.76 3.7849235
-75.75 3.7856405
-75.74 3.7863814
-75.73 3.7870984
-75.72 3.7878154
-75.71 3.7885324
-75.7 3.7892494
-75.69 3.7899903
-75.68 3.7907073
-75.67 3.7914243
-75.66 3.7921413
-75.65 3.7928583
-75.64 3.7935992
-75.63 3.7943162
-75.62 3.7950332
-75.61 3.7957502
-75.6 3.7964672
-75.59 3.7972081
-75.58 3.7979251
-75.57 3.7986421
-75.56 3.7993591
-75.55 3.8001
-75.54 3.800817
-75.53 3.801534
-75.52 3.802251
-75.51 3.8029919
-75.5 3.8037089
-75.49 3.8044259
-75.48 3.8051429
-75.47 3.8058838
-75.46 3.8066008
-75.45 3.8073178
-75.44 3.8080587
-75.43 3.8087757
-75.42 3.8094927
-75.41 3.8102097
-75.4 3.8109506
-75.39 3.8116676
-75.38 3.8123846
-75.37 3.8131255
-75.36 3.8138425
-75.35 3.8145595
-75.34 3.8153004
-75.33 3.8160174
-75.32 3.8167344
-75.31 3.8174753
-75.3 3.8181923
-75.29 3.8189093
-75.28 3.8196502
-75.27 3.8203672
-75.26 3.8210842
-75.25 3.8218251
-75.24 3.8225421
-75.23 3.823283
-75.22 3.824
-75.21 3.824717
-75.2 3.8254579
-75.19 3.8261749
-75.18 3.8269158
-75.17 3.8276328
-75.16 3.8283498
-75.15 3.8290907
-75.14 3.8298077
-75.13 3.8305486
-75.12 3.8312656
-75.11 3.8319826
-75.1 3.8327235
-75.09 3.8334405
-75.08 3.8341814
-75.07 3.8348984
-75.06 3.8356393
-75.05 3.8363563
-75.04 3.8370972
-75.03 3.8378142
-75.02 3.8385312
-75.01 3.8392721
-75.0 3.8399891
-74.99 3.84073
-74.98 3.841447
-74.97 3.8421879
-74.96 3.8429049
-74.95 3.8436458
-74.94 3.8443628
-74.93 3.8451037
-74.92 3.8458207
-74.91 3.8465616
-74.9 3.8472786
-74.89 3.8480195
-74.88 3.8487365
-74.87 3.8494774
-74.86 3.8501944
-74.85 3.8509353
-74.84 3.8516523
-74.83 3.8523932
-74.82 3.8531102
-74.81 3.8538511
-74.8 3.854592
-74.79 3.855309
-74.78 3.8560499
-74.77 3.8567669
-74.76 3.8575078
-74.75 3.8582248
-74.74 3.8589657
-74.73 3.8596827
-74.72 3.8604236
-74.71 3.8611645
-74.7 3.8618815
-74.69 3.8626224
-74.68 3.8633394
-74.67 3.8640803
-74.66 3.8648212
-74.65 3.8655382
-74.64 3.8662791
-74.63 3.8669961
-74.62 3.867737
-74.61 3.8684779
-74.6 3.8691949
-74.59 3.8699358
-74.58 3.8706528
-74.57 3.8713937
-74.56 3.8721346
-74.55 3.8728516
-74.54 3.8735925
-74.53 3.8743334
-74.52 3.8750504
-74.51 3.8757913
-74.5 3.8765083
-74.49 3.8772492
-74.48 3.8779901
-74.47 3.8787071
-74.46 3.879448
-74.45 3.8801889
-74.44 3.8809059
-74.43 3.8816468
-74.42 3.8823877
-74.41 3.8831047
-74.4 3.8838456
-74.39 3.8845865
-74.38 3.8853274
-74.37 3.8860444
-74.36 3.8867853
-74.35 3.8875262
-74.34 3.8882432
-74.33 3.8889841
-74.32 3.889725
-74.31 3.890442
-74.3 3.8911829
-74.29 3.8919238
-74.28 3.8926647
-74.27 3.8933817
-74.26 3.8941226
-74.25 3.8948635
-74.24 3.8956044
-74.23 3.8963214
-74.22 3.8970623
-74.21 3.8978032
-74.2 3.8985441
-74.19 3.8992611
-74.18 3.900002
-74.17 3.9007429
-74.16 3.9014838
-74.15 3.9022008
-74.14 3.9029417
-74.13 3.9036826
-74.12 3.9044235
-74.11 3.9051405
-74.1 3.9058814
-74.09 3.9066223
-74.08 3.9073632
-74.07 3.9081041
-74.06 3.9088211
-74.05 3.909562
-74.04 3.9103029
-74.03 3.9110438
-74.02 3.9117847
-74.01 3.9125017
-74.0 3.9132426
-73.99 3.9139835
-73.98 3.9147244
-73.97 3.9154653
-73.96 3.9161823
-73.95 3.9169232
-73.94 3.9176641
-73.93 3.918405
-73.92 3.9191459
-73.91 3.9198868
-73.9 3.9206038
-73.89 3.9213447
-73.88 3.9220856
-73.87 3.9228265
-73.86 3.9235674
-73.85 3.9243083
-73.84 3.9250492
-73.83 3.9257662
-73.82 3.9265071
-73.81 3.927248
-73.8 3.9279889
-73.79 3.9287298
-73.78 3.9294707
-73.77 3.9302116
-73.76 3.9309525
-73.75 3.9316695
-73.74 3.9324104
-73.73 3.9331513
-73.72 3.9338922
-73.71 3.9346331
-73.7 3.935374
-73.69 3.9361149
-73.68 3.9368558
-73.67 3.9375967
-73.66 3.9383376
-73.65 3.9390546
-73.64 3.9397955
-73.63 3.9405364
-73.62 3.9412773
-73.61 3.9420182
-73.6 3.9427591
-73.59 3.9435
-73.58 3.9442409
-73.57 3.9449818
-73.56 3.9457227
-73.55 3.9464636
-73.54 3.9472045
-73.53 3.9479454
-73.52 3.9486863
-73.51 3.9494272
-73.5 3.9501681
-73.49 3.9508851
-73.48 3.951626
-73.47 3.9523669
-73.46 3.9531078
-73.45 3.9538487
-73.44 3.9545896
-73.43 3.9553305
-73.42 3.9560714
-73.41 3.9568123
-73.4 3.9575532
-73.39 3.9582941
-73.38 3.959035
-73.37 3.9597759
-73.36 3.9605168
-73.35 3.9612577
-73.34 3.9619986
-73.33 3.9627395
-73.32 3.9634804
-73.31 3.9642213
-73.3 3.9649622
-73.29 3.9657031
-73.28 3.966444
-73.27 3.9671849
-73.26 3.9679258
-73.25 3.9686667
-73.24 3.9694076
-73.23 3.9701485
-73.22 3.9708894
-73.21 3.9716303
-73.2 3.9723712
-73.19 3.9731121
-73.18 3.973853
-73.17 3.9745939
-73.16 3.9753587
-73.15 3.9760996
-73.14 3.9768405
-73.13 3.9775814
-73.12 3.9783223
-73.11 3.9790632
-73.1 3.9798041
-73.09 3.980545
-73.08 3.9812859
-73.07 3.9820268
-73.06 3.9827677
-73.05 3.9835086
-73.04 3.9842495
-73.03 3.9849904
-73.02 3.9857313
-73.01 3.9864722
-73.0 3.987237
-72.99 3.9879779
-72.98 3.9887188
-72.97 3.9894597
-72.96 3.9902006
-72.95 3.9909415
-72.94 3.9916824
-72.93 3.9924233
-72.92 3.9931642
-72.91 3.9939051
-72.9 3.994646
-72.89 3.9954108
-72.88 3.9961517
-72.87 3.9968926
-72.86 3.9976335
-72.85 3.9983744
-72.84 3.9991153
-72.83 3.9998562
-72.82 4.0005971
-72.81 4.001338
-72.8 4.0021028
-72.79 4.0028437
-72.78 4.0035846
-72.77 4.0043255
-72.76 4.0050664
-72.75 4.0058073
-72.74 4.0065482
-72.73 4.0072891
-72.72 4.0080539
-72.71 4.0087948
-72.7 4.0095357
-72.69 4.0102766
-72.68 4.0110175
-72.67 4.0117584
-72.66 4.0124993
-72.65 4.0132641
-72.64 4.014005
-72.63 4.0147459
-72.62 4.0154868
-72.61 4.0162277
-72.6 4.0169686
-72.59 4.0177334
-72.58 4.0184743
-72.57 4.0192152
-72.56 4.0199561
-72.55 4.020697
-72.54 4.0214379
-72.53 4.0222027
-72.52 4.0229436
-72.51 4.0236845
-72.5 4.0244254
-72.49 4.0251663
-72.48 4.0259311
-72.47 4.026672
-72.46 4.0274129
-72.45 4.0281538
-72.44 4.0288947
-72.43 4.0296356
-72.42 4.0304004
-72.41 4.0311413
-72.4 4.0318822
-72.39 4.0326231
-72.38 4.033364
-72.37 4.0341288
-72.36 4.0348697
-72.35 4.0356106
-72.34 4.0363515
-72.33 4.0371163
-72.32 4.0378572
-72.31 4.0385981
-72.3 4.039339
-72.29 4.0400799
-72.28 4.0408447
-72.27 4.0415856
-72.26 4.0423265
-72.25 4.0430674
-72.24 4.0438322
-72.23 4.0445731
-72.22 4.045314
-72.21 4.0460549
-72.2 4.0467958
-72.19 4.0475606
-72.18 4.0483015
-72.17 4.0490424
-72.16 4.0497833
-72.15 4.0505481
-72.14 4.051289
-72.13 4.0520299
-72.12 4.0527708
-72.11 4.0535356
-72.1 4.0542765
-72.09 4.0550174
-72.08 4.0557583
-72.07 4.0565231
-72.06 4.057264
-72.05 4.0580049
-72.04 4.0587458
-72.03 4.0595106
-72.02 4.0602515
-72.01 4.0609924
-72.0 4.0617333
-71.99 4.0624981
-71.98 4.063239
-71.97 4.0639799
-71.96 4.0647208
-71.95 4.0654856
-71.94 4.0662265
-71.93 4.0669674
-71.92 4.0677322
-71.91 4.0684731
-71.9 4.069214
-71.89 4.0699549
-71.88 4.0707197
-71.87 4.0714606
-71.86 4.0722015
-71.85 4.0729663
-71.84 4.0737072
-71.83 4.0744481
-71.82 4.075189
-71.81 4.0759538
-71.8 4.0766947
-71.79 4.0774356
-71.78 4.0782004
-71.77 4.0789413
-71.76 4.0796822
-71.75 4.0804231
-71.74 4.0811879
-71.73 4.0819288
-71.72 4.0826697
-71.71 4.0834345
-71.7 4.0841754
-71.69 4.0849163
-71.68 4.0856811
-71.67 4.086422
-71.66 4.0871629
-71.65 4.0879277
-71.64 4.0886686
-71.63 4.0894095
-71.62 4.0901504
-71.61 4.0909152
-71.6 4.0916561
-71.59 4.092397
-71.58 4.0931618
-71.57 4.0939027
-71.56 4.0946436
-71.55 4.0954084
-71.54 4.0961493
-71.53 4.0968902
-71.52 4.097655
-71.51 4.0983959
-71.5 4.0991368
-71.49 4.0999016
-71.48 4.1006425
-71.47 4.1013834
-71.46 4.1021482
-71.45 4.1028891
-71.44 4.10363
-71.43 4.1043948
-71.42 4.1051357
-71.41 4.1058766
-71.4 4.1066414
-71.39 4.1073823
-71.38 4.1081232
-71.37 4.108888
-71.36 4.1096289
-71.35 4.1103698
-71.34 4.1111346
-71.33 4.1118755
-71.32 4.1126164
-71.31 4.1133812
-71.3 4.1141221
-71.29 4.114863
-71.28 4.1156278
-71.27 4.1163687
-71.26 4.1171096
-71.25 4.1178744
-71.24 4.1186153
-71.23 4.1193562
-71.22 4.120121
-71.21 4.1208619
-71.2 4.1216267
-71.19 4.1223676
-71.18 4.1231085
-71.17 4.1238733
-71.16 4.1246142
-71.15 4.1253551
-71.14 4.1261199
-71.13 4.1268608
-71.12 4.1276017
-71.11 4.1283665
-71.1 4.1291074
-71.09 4.1298483
-71.08 4.1306131
-71.07 4.131354
-71.06 4.1321188
-71.05 4.1328597
-71.04 4.1336006
-71.03 4.1343654
-71.02 4.1351063
-71.01 4.1358472
-71.0 4.136612
-70.99 4.1373529
-70.98 4.1381177
-70.97 4.1388586
-70.96 4.1395995
-70.95 4.1403643
-70.94 4.1411052
-70.93 4.1418461
-70.92 4.1426109
-70.91 4.1433518
-70.9 4.1440927
-70.89 4.1448575
-70.88 4.1455984
-70.87 4.1463632
-70.86 4.1471041
-70.85 4.147845
-70.84 4.1486098
-70.83 4.1493507
-70.82 4.1501155
-70.81 4.1508564
-70.8 4.1515973
-70.79 4.1523621
-70.78 4.153103
-70.77 4.1538439
-70.76 4.1546087
-70.75 4.1553496
-70.74 4.1561144
-70.73 4.1568553
-70.72 4.1575962
-70.71 4.158361
-70.7 4.1591019
-70.69 4.1598428
-70.68 4.1606076
-70.67 4.1613485
-70.66 4.1621133
-70.65 4.1628542
-70.64 4.1635951
-70.63 4.1643599
-70.62 4.1651008
-70.61 4.1658656
-70.6 4.1666065
-70.59 4.1673474
-70.58 4.1681122
-70.57 4.1688531
-70.56 4.169594
-70.55 4.1703588
-70.54 4.1710997
-70.53 4.1718645
-70.52 4.1726054
-70.51 4.1733463
-70.5 4.1741111
-70.49 4.174852
-70.48 4.1756168
-70.47 4.1763577
-70.46 4.1770986
-70.45 4.1778634
-70.44 4.1786043
-70.43 4.1793691
-70.42 4.18011
-70.41 4.1808509
-70.4 4.1816157
-70.39 4.1823566
-70.38 4.1830975
-70.37 4.1838623
-70.36 4.1846032
-70.35 4.185368
-70.34 4.1861089
-70.33 4.1868498
-70.32 4.1876146
-70.31 4.1883555
-70.3 4.1891203
-70.29 4.1898612
-70.28 4.1906021
-70.27 4.1913669
-70.26 4.1921078
-70.25 4.1928726
-70.24 4.1936135
-70.23 4.1943544
-70.22 4.1951192
-70.21 4.1958601
-70.2 4.1966249
-70.19 4.1973658
-70.18 4.1981067
-70.17 4.1988715
-70.16 4.1996124
-70.15 4.2003533
-70.14 4.2011181
-70.13 4.201859
-70.12 4.2026238
-70.11 4.2033647
-70.1 4.2041056
-70.09 4.2048704
-70.08 4.2056113
-70.07 4.2063761
-70.06 4.207117
-70.05 4.2078579
-70.04 4.2086227
-70.03 4.2093636
-70.02 4.2101284
-70.01 4.2108693
-70.0 4.2116102
-69.99 4.212375
-69.98 4.2131159
-69.97 4.2138568
-69.96 4.2146216
-69.95 4.2153625
-69.94 4.2161273
-69.93 4.2168682
-69.92 4.2176091
-69.91 4.2183739
-69.9 4.2191148
-69.89 4.2198796
-69.88 4.2206205
-69.87 4.2213614
-69.86 4.2221262
-69.85 4.2228671
-69.84 4.223608
-69.83 4.2243728
-69.82 4.2251137
-69.81 4.2258785
-69.8 4.2266194
-69.79 4.2273603
-69.78 4.2281251
-69.77 4.228866
-69.76 4.2296308
-69.75 4.2303717
-69.74 4.2311126
-69.73 4.2318774
-69.72 4.2326183
-69.71 4.2333592
-69.7 4.234124
-69.69 4.2348649
-69.68 4.2356297
-69.67 4.2363706
-69.66 4.2371115
-69.65 4.2378763
-69.64 4.2386172
-69.63 4.2393581
-69.62 4.2401229
-69.61 4.2408638
-69.6 4.2416286
-69.59 4.2423695
-69.58 4.2431104
-69.57 4.2438752
-69.56 4.2446161
-69.55 4.245357
-69.54 4.2461218
-69.53 4.2468627
-69.52 4.2476275
-69.51 4.2483684
-69.5 4.2491093
-69.49 4.2498741
-69.48 4.250615
-69.47 4.2513559
-69.46 4.2521207
-69.45 4.2528616
-69.44 4.2536025
-69.43 4.2543673
-69.42 4.2551082
-69.41 4.255873
-69.4 4.2566139
-69.39 4.2573548
-69.38 4.2581196
-69.37 4.2588605
-69.36 4.2596014
-69.35 4.2603662
-69.34 4.2611071
-69.33 4.261848
-69.32 4.2626128
-69.31 4.2633537
-69.3 4.2640946
-69.29 4.2648594
-69.28 4.2656003
-69.27 4.2663651
-69.26 4.267106
-69.25 4.2678469
-69.24 4.2686117
-69.23 4.2693526
-69.22 4.2700935
-69.21 4.2708583
-69.2 4.2715992
-69.19 4.2723401
-69.18 4.2731049
-69.17 4.2738458
-69.16 4.2745867
-69.15 4.2753515
-69.14 4.2760924
-69.13 4.2768333
-69.12 4.2775981
-69.11 4.278339
-69.1 4.2790799
-69.09 4.2798447
-69.08 4.2805856
-69.07 4.2813265
-69.06 4.2820913
-69.05 4.2828322
-69.04 4.2835731
-69.03 4.2843379
-69.02 4.2850788
-69.01 4.2858197
-69.0 4.2865845
-68.99 4.2873254
-68.98 4.2880663
-68.97 4.2888311
-68.96 4.289572
-68.95 4.2903129
-68.94 4.2910777
-68.93 4.2918186
-68.92 4.2925595
-68.91 4.2933004
-68.9 4.2940652
-68.89 4.2948061
-68.88 4.295547
-68.87 4.2963118
-68.86 4.2970527
-68.85 4.2977936
-68.84 4.2985584
-68.83 4.2992993
-68.82 4.3000402
-68.81 4.300805
-68.8 4.3015459
-68.79 4.3022868
-68.78 4.3030277
-68.77 4.3037925
-68.76 4.3045334
-68.75 4.3052743
-68.74 4.3060391
-68.73 4.30678
-68.72 4.3075209
-68.71 4.3082857
-68.7 4.3090266
-68.69 4.3097675
-68.68 4.3105084
-68.67 4.3112732
-68.66 4.3120141
-68.65 4.312755
-68.64 4.3135198
-68.63 4.3142607
-68.62 4.3150016
-68.61 4.3157425
-68.6 4.3165073
-68.59 4.3172482
-68.58 4.3179891
-68.57 4.31873
-68.56 4.3194948
-68.55 4.3202357
-68.54 4.3209766
-68.53 4.3217414
-68.52 4.3224823
-68.51 4.3232232
-68.5 4.3239641
-68.49 4.3247289
-68.48 4.3254698
-68.47 4.3262107
-68.46 4.3269516
-68.45 4.3277164
-68.44 4.3284573
-68.43 4.3291982
-68.42 4.3299391
-68.41 4.3307039
-68.4 4.3314448
-68.39 4.3321857
-68.38 4.3329266
-68.37 4.3336914
-68.36 4.3344323
-68.35 4.3351732
-68.34 4.3359141
-68.33 4.3366789
-68.32 4.3374198
-68.31 4.3381607
-68.3 4.3389016
-68.29 4.3396425
-68.28 4.3404073
-68.27 4.3411482
-68.26 4.3418891
-68.25 4.34263
-68.24 4.3433948
-68.23 4.3441357
-68.22 4.3448766
-68.21 4.3456175
-68.2 4.3463584
-68.19 4.3471232
-68.18 4.3478641
-68.17 4.348605
-68.16 4.3493459
-68.15 4.3500868
-68.14 4.3508516
-68.13 4.3515925
-68.12 4.3523334
-68.11 4.3530743
-68.1 4.3538152
-68.09 4.35458
-68.08 4.3553209
-68.07 4.3560618
-68.06 4.3568027
-68.05 4.3575436
-68.04 4.3583084
-68.03 4.3590493
-68.02 4.3597902
-68.01 4.3605311
-68.0 4.361272
-67.99 4.3620129
-67.98 4.3627777
-67.97 4.3635186
-67.96 4.3642595
-67.95 4.3650004
-67.94 4.3657413
-67.93 4.3664822
-67.92 4.367247
-67.91 4.3679879
-67.9 4.3687288
-67.89 4.3694697
-67.88 4.3702106
-67.87 4.3709515
-67.86 4.3717163
-67.85 4.3724572
-67.84 4.3731981
-67.83 4.373939
-67.82 4.3746799
-67.81 4.3754208
-67.8 4.3761617
-67.79 4.3769265
-67.78 4.3776674
-67.77 4.3784083
-67.76 4.3791492
-67.75 4.3798901
-67.74 4.380631
-67.73 4.3813719
-67.72 4.3821128
-67.71 4.3828776
-67.7 4.3836185
-67.69 4.3843594
-67.68 4.3851003
-67.67 4.3858412
-67.66 4.3865821
-67.65 4.387323
-67.64 4.3880639
-67.63 4.3888048
-67.62 4.3895457
-67.61 4.3903105
-67.6 4.3910514
-67.59 4.3917923
-67.58 4.3925332
-67.57 4.3932741
-67.56 4.394015
-67.55 4.3947559
-67.54 4.3954968
-67.53 4.3962377
-67.52 4.3969786
-67.51 4.3977195
-67.5 4.3984604
-67.49 4.3992252
-67.48 4.3999661
-67.47 4.400707
-67.46 4.4014479
-67.45 4.4021888
-67.44 4.4029297
-67.43 4.4036706
-67.42 4.4044115
-67.41 4.4051524
-67.4 4.4058933
-67.39 4.4066342
-67.38 4.4073751
-67.37 4.408116
-67.36 4.4088569
-67.35 4.4095978
-67.34 4.4103387
-67.33 4.4110796
-67.32 4.4118205
-67.31 4.4125614
-67.3 4.4133023
-67.29 4.4140432
-67.28 4.4147841
-67.27 4.415525
-67.26 4.4162659
-67.25 4.4170068
-67.24 4.4177477
-67.23 4.4184886
-67.22 4.4192295
-67.21 4.4199704
-67.2 4.4207113
-67.19 4.4214522
-67.18 4.4221931
-67.17 4.422934
-67.16 4.4236749
-67.15 4.4244158
-67.14 4.4251567
-67.13 4.4258976
-67.12 4.4266385
-67.11 4.4273794
-67.1 4.4281203
-67.09 4.4288612
-67.08 4.4296021
-67.07 4.430343
-67.06 4.4310839
-67.05 4.4318248
-67.04 4.4325657
-67.03 4.4333066
-67.02 4.4340475
-67.01 4.4347884
-67.0 4.4355293
-66.99 4.4362702
-66.98 4.4370111
-66.97 4.437752
-66.96 4.4384929
-66.95 4.4392099
-66.94 4.4399508
-66.93 4.4406917
-66.92 4.4414326
-66.91 4.4421735
-66.9 4.4429144
-66.89 4.4436553
-66.88 4.4443962
-66.87 4.4451371
-66.86 4.445878
-66.85 4.4466189
-66.84 4.4473598
-66.83 4.4480768
-66.82 4.4488177
-66.81 4.4495586
-66.8 4.4502995
-66.79 4.4510404
-66.78 4.4517813
-66.77 4.4525222
-66.76 4.4532631
-66.75 4.4539801
-66.74 4.454721
-66.73 4.4554619
-66.72 4.4562028
-66.71 4.4569437
-66.7 4.4576846
-66.69 4.4584255
-66.68 4.4591425
-66.67 4.4598834
-66.66 4.4606243
-66.65 4.4613652
-66.64 4.4621061
-66.63 4.462847
-66.62 4.4635879
-66.61 4.4643049
-66.6 4.4650458
-66.59 4.4657867
-66.58 4.4665276
-66.57 4.4672685
-66.56 4.4679855
-66.55 4.4687264
-66.54 4.4694673
-66.53 4.4702082
-66.52 4.4709491
-66.51 4.4716661
-66.5 4.472407
-66.49 4.4731479
-66.48 4.4738888
-66.47 4.4746297
-66.46 4.4753467
-66.45 4.4760876
-66.44 4.4768285
-66.43 4.4775694
-66.42 4.4783103
-66.41 4.4790273
-66.4 4.4797682
-66.39 4.4805091
-66.38 4.48125
-66.37 4.481967
-66.36 4.4827079
-66.35 4.4834488
-66.34 4.4841897
-66.33 4.4849067
-66.32 4.4856476
-66.31 4.4863885
-66.3 4.4871055
-66.29 4.4878464
-66.28 4.4885873
-66.27 4.4893282
-66.26 4.4900452
-66.25 4.4907861
-66.24 4.491527
-66.23 4.4922679
-66.22 4.4929849
-66.21 4.4937258
-66.2 4.4944667
-66.19 4.4951837
-66.18 4.4959246
-66.17 4.4966655
-66.16 4.4973825
-66.15 4.4981234
-66.14 4.4988643
-66.13 4.4995813
-66.12 4.5003222
-66.11 4.5010631
-66.1 4.5017801
-66.09 4.502521
-66.08 4.5032619
-66.07 4.5039789
-66.06 4.5047198
-66.05 4.5054607
-66.04 4.5061777
-66.03 4.5069186
-66.02 4.5076595
-66.01 4.5083765
-66.0 4.5091174
-65.99 4.5098344
-65.98 4.5105753
-65.97 4.5113162
-65.96 4.5120332
-65.95 4.5127741
-65.94 4.5134911
-65.93 4.514232
-65.92 4.5149729
-65.91 4.5156899
-65.9 4.5164308
-65.89 4.5171478
-65.88 4.5178887
-65.87 4.5186296
-65.86 4.5193466
-65.85 4.5200875
-65.84 4.5208045
-65.83 4.5215454
-65.82 4.5222624
-65.81 4.5230033
-65.8 4.5237442
-65.79 4.5244612
-65.78 4.5252021
-65.77 4.5259191
-65.76 4.52666
-65.75 4.527377
-65.74 4.5281179
-65.73 4.5288349
-65.72 4.5295758
-65.71 4.5302928
-65.7 4.5310337
-65.69 4.5317507
-65.68 4.5324916
-65.67 4.5332086
-65.66 4.5339495
-65.65 4.5346665
-65.64 4.5354074
-65.63 4.5361244
-65.62 4.5368653
-65.61 4.5375823
-65.6 4.5383232
-65.59 4.5390402
-65.58 4.5397811
-65.57 4.5404981
-65.56 4.541239
-65.55 4.541956
-65.54 4.5426969
-65.53 4.5434139
-65.52 4.5441309
-65.51 4.5448718
-65.5 4.5455888
-65.49 4.5463297
-65.48 4.5470467
-65.47 4.5477876
-65.46 4.5485046
-65.45 4.5492216
-65.44 4.5499625
-65.43 4.5506795
-65.42 4.5514204
-65.41 4.5521374
-65.4 4.5528544
-65.39 4.5535953
-65.38 4.5543123
-65.37 4.5550532
-65.36 4.5557702
-65.35 4.5564872
-65.34 4.5572281
-65.33 4.5579451
-65.32 4.558686
-65.31 4.559403
-65.3 4.56012
-65.29 4.5608609
-65.28 4.5615779
-65.27 4.5622949
-65.26 4.5630358
-65.25 4.5637528
-65.24 4.5644698
-65.23 4.5652107
-65.22 4.5659277
-65.21 4.5666447
-65.2 4.5673856
-65.19 4.5681026
-65.18 4.5688196
-65.17 4.5695366
-65.16 4.5702775
-65.15 4.5709945
-65.14 4.5717115
-65.13 4.5724524
-65.12 4.5731694
-65.11 4.5738864
-65.1 4.5746034
-65.09 4.5753443
-65.08 4.5760613
-65.07 4.5767783
-65.06 4.5774953
-65.05 4.5782362
-65.04 4.5789532
-65.03 4.5796702
-65.02 4.5803872
-65.01 4.5811281
-65.0 4.5818451
-64.99 4.5825621
-64.98 4.5832791
-64.97 4.58402
-64.96 4.584737
-64.95 4.585454
-64.94 4.586171
-64.93 4.586888
-64.92 4.5876289
-64.91 4.5883459
-64.9 4.5890629
-64.89 4.5897799
-64.88 4.5904969
-64.87 4.5912139
-64.86 4.5919548
-64.85 4.5926718
-64.84 4.5933888
-64.83 4.5941058
-64.82 4.5948228
-64.81 4.5955398
-64.8 4.5962568
-64.79 4.5969977
-64.78 4.5977147
-64.77 4.5984317
-64.76 4.5991487
-64.75 4.5998657
-64.74 4.6005827
-64.73 4.6012997
-64.72 4.6020167
-64.71 4.6027576
-64.7 4.6034746
-64.69 4.6041916
-64.68 4.6049086
-64.67 4.6056256
-64.66 4.6063426
-64.65 4.6070596
-64.64 4.6077766
-64.63 4.6084936
-64.62 4.6092106
-64.61 4.6099276
-64.6 4.6106446
-64.59 4.6113616
-64.58 4.6120786
-64.57 4.6127956
-64.56 4.6135126
-64.55 4.6142296
-64.54 4.6149466
-64.53 4.6156636
-64.52 4.6163806
-64.51 4.6170976
-64.5 4.6178146
-64.49 4.6185316
-64.48 4.6192486
-64.47 4.6199656
-64.46 4.6206826
-64.45 4.6213996
-64.44 4.6221166
-64.43 4.6228336
-64.42 4.6235506
-64.41 4.6242676
-64.4 4.6249846
-64.39 4.6257016
-64.38 4.6264186
-64.37 4.6271356
-64.36 4.6278526
-64.35 4.6285696
-64.34 4.6292866
-64.33 4.6300036
-64.32 4.6307206
-64.31 4.6314137
-64.3 4.6321307
-64.29 4.6328477
-64.28 4.6335647
-64.27 4.6342817
-64.26 4.6349987
-64.25 4.6357157
-64.24 4.6364327
-64.23 4.6371258
-64.22 4.6378428
-64.21 4.6385598
-64.2 4.6392768
-64.19 4.6399938
-64.18 4.6407108
-64.17 4.6414278
-64.16 4.6421209
-64.15 4.6428379
-64.14 4.6435549
-64.13 4.6442719
-64.12 4.6449889
-64.11 4.645682
-64.1 4.646399
-64.09 4.647116
-64.08 4.647833
-64.07 4.64855
-64.06 4.6492431
-64.05 4.6499601
-64.04 4.6506771
-64.03 4.6513941
-64.02 4.6520872
-64.01 4.6528042
-64.0 4.6535212
-63.99 4.6542382
-63.98 4.6549313
-63.97 4.6556483
-63.96 4.6563653
-63.95 4.6570823
-63.94 4.6577754
-63.93 4.6584924
-63.92 4.6592094
-63.91 4.6599025
-63.9 4.6606195
-63.89 4.6613365
-63.88 4.6620296
-63.87 4.6627466
-63.86 4.6634636
-63.85 4.6641567
-63.84 4.6648737
-63.83 4.6655907
-63.82 4.6662838
-63.81 4.6670008
-63.8 4.6677178
-63.79 4.6684109
-63.78 4.6691279
-63.77 4.6698449
-63.76 4.670538
-63.75 4.671255
-63.74 4.6719481
-63.73 4.6726651
-63.72 4.6733821
-63.71 4.6740752
-63.7 4.6747922
-63.69 4.6754853
-63.68 4.6762023
-63.67 4.6768954
-63.66 4.6776124
-63.65 4.6783294
-63.64 4.6790225
-63.63 4.6797395
-63.62 4.6804326
-63.61 4.6811496
-63.6 4.6818427
-63.59 4.6825597
-63.58 4.6832528
-63.57 4.6839698
-63.56 4.6846629
-63.55 4.6853799
-63.54 4.686073
-63.53 4.68679
-63.52 4.6874831
-63.51 4.6882001
-63.5 4.6888932
-63.49 4.6896102
-63.48 4.6903033
-63.47 4.6910203
-63.46 4.6917134
-63.45 4.6924304
-63.44 4.6931235
-63.43 4.6938166
-63.42 4.6945336
-63.41 4.6952267
-63.4 4.6959437
-63.39 4.6966368
-63.38 4.6973538
-63.37 4.6980469
-63.36 4.69874
-63.35 4.699457
-63.34 4.7001501
-63.33 4.7008432
-63.32 4.7015602
-63.31 4.7022533
-63.3 4.7029703
-63.29 4.7036634
-63.28 4.7043565
-63.27 4.7050735
-63.26 4.7057666
-63.25 4.7064597
-63.24 4.7071767
-63.23 4.7078698
-63.22 4.7085629
-63.21 4.7092799
-63.2 4.709973
-63.19 4.7106661
-63.18 4.7113592
-63.17 4.7120762
-63.16 4.7127693
-63.15 4.7134624
-63.14 4.7141794
-63.13 4.7148725
-63.12 4.7155656
-63.11 4.7162587
-63.1 4.7169757
-63.09 4.7176688
-63.08 4.7183619
-63.07 4.719055
-63.06 4.7197481
-63.05 4.7204651
-63.04 4.7211582
-63.03 4.7218513
-63.02 4.7225444
-63.01 4.7232375
-63.0 4.7239545
-62.99 4.7246476
-62.98 4.7253407
-62.97 4.7260338
-62.96 4.7267269
-62.95 4.7274439
-62.94 4.728137
-62.93 4.7288301
-62.92 4.7295232
-62.91 4.7302163
-62.9 4.7309094
-62.89 4.7316025
-62.88 4.7322956
-62.87 4.7330126
-62.86 4.7337057
-62.85 4.7343988
-62.84 4.7350919
-62.83 4.735785
-62.82 4.7364781
-62.81 4.7371712
-62.8 4.7378643
-62.79 4.7385574
-62.78 4.7392505
-62.77 4.7399436
-62.76 4.7406367
-62.75 4.7413298
-62.74 4.7420229
-62.73 4.742716
-62.72 4.7434091
-62.71 4.7441022
-62.7 4.7447953
-62.69 4.7454884
-62.68 4.7461815
-62.67 4.7468746
-62.66 4.7475677
-62.65 4.7482608
-62.64 4.7489539
-62.63 4.749647
-62.62 4.7503401
-62.61 4.7510332
-62.6 4.7517263
-62.59 4.7524194
-62.58 4.7531125
-62.57 4.7538056
-62.56 4.7544987
-62.55 4.7551918
-62.54 4.7558849
-62.53 4.7565541
-62.52 4.7572472
-62.51 4.7579403
-62.5 4.7586334
-62.49 4.7593265
-62.48 4.7600196
-62.47 4.7607127
-62.46 4.7613819
-62.45 4.762075
-62.44 4.7627681
-62.43 4.7634612
-62.42 4.7641543
-62.41 4.7648474
-62.4 4.7655166
-62.39 4.7662097
-62.38 4.7669028
-62.37 4.7675959
-62.36 4.768289
-62.35 4.7689582
-62.34 4.7696513
-62.33 4.7703444
-62.32 4.7710375
-62.31 4.7717067
-62.3 4.7723998
-62.29 4.7730929
-62.28 4.773786
-62.27 4.7744552
-62.26 4.7751483
-62.25 4.7758414
-62.24 4.7765345
-62.23 4.7772037
-62.22 4.7778968
-62.21 4.7785899
-62.2 4.7792591
-62.19 4.7799522
-62.18 4.7806453
-62.17 4.7813145
-62.16 4.7820076
-62.15 4.7827007
-62.14 4.7833699
-62.13 4.784063
-62.12 4.7847322
-62.11 4.7854253
-62.1 4.7861184
-62.09 4.7867876
-62.08 4.7874807
-62.07 4.7881499
-62.06 4.788843
-62.05 4.7895361
-62.04 4.7902053
-62.03 4.7908984
-62.02 4.7915676
-62.01 4.7922607
-62.0 4.7929299
-61.99 4.793623
-61.98 4.7943161
-61.97 4.7949853
-61.96 4.7956784
-61.95 4.7963476
-61.94 4.7970407
-61.93 4.7977099
-61.92 4.798403
-61.91 4.7990722
-61.9 4.7997653
-61.89 4.8004345
-61.88 4.8011037
-61.87 4.8017968
-61.86 4.802466
-61.85 4.8031591
-61.84 4.8038283
-61.83 4.8045214
-61.82 4.8051906
-61.81 4.8058837
-61.8 4.8065529
-61.79 4.8072221
-61.78 4.8079152
-61.77 4.8085844
-61.76 4.8092536
-61.75 4.8099467
-61.74 4.8106159
-61.73 4.811309
-61.72 4.8119782
-61.71 4.8126474
-61.7 4.8133405
-61.69 4.8140097
-61.68 4.8146789
-61.67 4.815372
-61.66 4.8160412
-61.65 4.8167104
-61.64 4.8174035
-61.63 4.8180727
-61.62 4.8187419
-61.61 4.8194111
-61.6 4.8201042
-61.59 4.8207734
-61.58 4.8214426
-61.57 4.8221118
-61.56 4.8228049
-61.55 4.8234741
-61.54 4.8241433
-61.53 4.8248125
-61.52 4.8255056
-61.51 4.8261748
-61.5 4.826844
-61.49 4.8275132
-61.48 4.8281824
-61.47 4.8288516
-61.46 4.8295447
-61.45 4.8302139
-61.44 4.8308831
-61.43 4.8315523
-61.42 4.8322215
-61.41 4.8328907
-61.4 4.8335838
-61.39 4.834253
-61.38 4.8349222
-61.37 4.8355914
-61.36 4.8362606
-61.35 4.8369298
-61.34 4.837599
-61.33 4.8382682
-61.32 4.8389374
-61.31 4.8396066
-61.3 4.8402758
-61.29 4.840945
-61.28 4.8416142
-61.27 4.8422834
-61.26 4.8429765
-61.25 4.8436457
-61.24 4.8443149
-61.23 4.8449841
-61.22 4.8456533
-61.21 4.8463225
-61.2 4.8469917
-61.19 4.847637
-61.18 4.8483062
-61.17 4.8489754
-61.16 4.8496446
-61.15 4.8503138
-61.14 4.850983
-61.13 4.8516522
-61.12 4.8523214
-61.11 4.8529906
-61.1 4.8536598
-61.09 4.854329
-61.08 4.8549982
-61.07 4.8556674
-61.06 4.8563127
-61.05 4.8569819
-61.04 4.8576511
-61.03 4.8583203
-61.02 4.8589895
-61.01 4.8596587
-61.0 4.8603279
-60.99 4.8609732
-60.98 4.8616424
-60.97 4.8623116
-60.96 4.8629808
-60.95 4.86365
-60.94 4.8642953
-60.93 4.8649645
-60.92 4.8656337
-60.91 4.8663029
-60.9 4.8669482
-60.89 4.8676174
-60.88 4.8682866
-60.87 4.8689558
-60.86 4.8696011
-60.85 4.8702703
-60.84 4.8709395
-60.83 4.8716087
-60.82 4.872254
-60.81 4.8729232
-60.8 4.8735924
-60.79 4.8742377
-60.78 4.8749069
-60.77 4.8755761
-60.76 4.8762214
-60.75 4.8768906
-60.74 4.8775598
-60.73 4.8782051
-60.72 4.8788743
-60.71 4.8795196
-60.7 4.8801888
-60.69 4.880858
-60.68 4.8815033
-60.67 4.8821725
-60.66 4.8828178
-60.65 4.883487
-60.64 4.8841323
-60.63 4.8848015
-60.62 4.8854707
-60.61 4.886116
-60.6 4.8867852
-60.59 4.8874305
-60.58 4.8880997
-60.57 4.888745
-60.56 4.8894142
-60.55 4.8900595
-60.54 4.8907287
-60.53 4.891374
-60.52 4.8920432
-60.51 4.8926885
-60.5 4.8933338
-60.49 4.894003
-60.48 4.8946483
-60.47 4.8953175
-60.46 4.8959628
-60.45 4.896632
-60.44 4.8972773
-60.43 4.8979226
-60.42 4.8985918
-60.41 4.8992371
-60.4 4.8999063
-60.39 4.9005516
-60.38 4.9011969
-60.37 4.9018661
-60.36 4.9025114
-60.35 4.9031567
-60.34 4.9038259
-60.33 4.9044712
-60.32 4.9051165
-60.31 4.9057618
-60.3 4.906431
-60.29 4.9070763
-60.28 4.9077216
-60.27 4.9083908
-60.26 4.9090361
-60.25 4.9096814
-60.24 4.9103267
-60.23 4.9109959
-60.22 4.9116412
-60.21 4.9122865
-60.2 4.9129318
-60.19 4.9135771
-60.18 4.9142463
-60.17 4.9148916
-60.16 4.9155369
-60.15 4.9161822
-60.14 4.9168275
-60.13 4.9174728
-60.12 4.918142
-60.11 4.9187873
-60.1 4.9194326
-60.09 4.9200779
-60.08 4.9207232
-60.07 4.9213685
-60.06 4.9220138
-60.05 4.9226591
-60.04 4.9233044
-60.03 4.9239736
-60.02 4.9246189
-60.01 4.9252642
-60.0 4.9259095
-59.99 4.9265548
-59.98 4.9272001
-59.97 4.9278454
-59.96 4.9284907
-59.95 4.929136
-59.94 4.9297813
-59.93 4.9304266
-59.92 4.9310719
-59.91 4.9317172
-59.9 4.9323625
-59.89 4.9330078
-59.88 4.9336531
-59.87 4.9342984
-59.86 4.9349437
-59.85 4.9355651
-59.84 4.9362104
-59.83 4.9368557
-59.82 4.937501
-59.81 4.9381463
-59.8 4.9387916
-59.79 4.9394369
-59.78 4.9400822
-59.77 4.9407275
-59.76 4.9413489
-59.75 4.9419942
-59.74 4.9426395
-59.73 4.9432848
-59.72 4.9439301
-59.71 4.9445754
-59.7 4.9451968
-59.69 4.9458421
-59.68 4.9464874
-59.67 4.9471327
-59.66 4.9477541
-59.65 4.9483994
-59.64 4.9490447
-59.63 4.94969
-59.62 4.9503114
-59.61 4.9509567
-59.6 4.951602
-59.59 4.9522473
-59.58 4.9528687
-59.57 4.953514
-59.56 4.9541593
-59.55 4.9547807
-59.54 4.955426
-59.53 4.9560713
-59.52 4.9566927
-59.51 4.957338
-59.5 4.9579833
-59.49 4.9586047
-59.48 4.95925
-59.47 4.9598714
-59.46 4.9605167
-59.45 4.961162
-59.44 4.9617834
-59.43 4.9624287
-59.42 4.9630501
-59.41 4.9636954
-59.4 4.9643168
-59.39 4.9649621
-59.38 4.9655835
-59.37 4.9662288
-59.36 4.9668502
-59.35 4.9674955
-59.34 4.9681169
-59.33 4.9687622
-59.32 4.9693836
-59.31 4.9700289
-59.3 4.9706503
-59.29 4.9712956
-59.28 4.971917
-59.27 4.9725623
-59.26 4.9731837
-59.25 4.9738051
-59.24 4.9744504
-59.23 4.9750718
-59.22 4.9757171
-59.21 4.9763385
-59.2 4.9769599
-59.19 4.9776052
-59.18 4.9782266
-59.17 4.978848
-59.16 4.9794933
-59.15 4.9801147
-59.14 4.9807361
-59.13 4.9813814
-59.12 4.9820028
-59.11 4.9826242
-59.1 4.9832695
-59.09 4.9838909
-59.08 4.9845123
-59.07 4.9851337
-59.06 4.985779
-59.05 4.9864004
-59.04 4.9870218
-59.03 4.9876432
-59.02 4.9882885
-59.01 4.9889099
-59.0 4.9895313
-58.99 4.9901527
-58.98 4.9907741
-58.97 4.9914194
-58.96 4.9920408
-58.95 4.9926622
-58.94 4.9932836
-58.93 4.993905
-58.92 4.9945264
-58.91 4.9951478
-58.9 4.9957692
-58.89 4.9964145
-58.88 4.9970359
-58.87 4.9976573
-58.86 4.9982787
-58.85 4.9989001
-58.84 4.9995215
-58.83 5.0001429
-58.82 5.0007643
-58.81 5.0013857
-58.8 5.0020071
-58.79 5.0026285
-58.78 5.0032499
-58.77 5.0038713
-58.76 5.0044927
-58.75 5.0051141
-58.74 5.0057355
-58.73 5.0063569
-58.72 5.0069783
-58.71 5.0075997
-58.7 5.0082211
-58.69 5.0088425
-58.68 5.0094639
-58.67 5.0100614
-58.66 5.0106828
-58.65 5.0113042
-58.64 5.0119256
-58.63 5.012547
-58.62 5.0131684
-58.61 5.0137898
-58.6 5.0143873
-58.59 5.0150087
-58.58 5.0156301
-58.57 5.0162515
-58.56 5.0168729
-58.55 5.0174943
-58.54 5.0180918
-58.53 5.0187132
-58.52 5.0193346
-58.51 5.019956
-58.5 5.0205535
-58.49 5.0211749
-58.48 5.0217963
-58.47 5.0224177
-58.46 5.0230152
-58.45 5.0236366
-58.44 5.024258
-58.43 5.0248555
-58.42 5.0254769
-58.41 5.0260983
-58.4 5.0266958
-58.39 5.0273172
-58.38 5.0279386
-58.37 5.0285361
-58.36 5.0291575
-58.35 5.029755
-58.34 5.0303764
-58.33 5.0309978
-58.32 5.0315953
-58.31 5.0322167
-58.3 5.0328142
-58.29 5.0334356
-58.28 5.0340331
-58.27 5.0346545
-58.26 5.035252
-58.25 5.0358734
-58.24 5.0364709
-58.23 5.0370923
-58.22 5.0376898
-58.21 5.0383112
-58.2 5.0389087
-58.19 5.0395301
-58.18 5.0401276
-58.17 5.040749
-58.16 5.0413465
-58.15 5.0419679
-58.14 5.0425654
-58.13 5.0431629
-58.12 5.0437843
-58.11 5.0443818
-58.1 5.0450032
-58.09 5.0456007
-58.08 5.0461982
-58.07 5.0468196
-58.06 5.0474171
-58.05 5.0480146
-58.04 5.048636
-58.03 5.0492335
-58.02 5.049831
-58.01 5.0504285
-58.0 5.0510499
-57.99 5.0516474
-57.98 5.0522449
-57.97 5.0528663
-57.96 5.0534638
-57.95 5.0540613
-57.94 5.0546588
-57.93 5.0552563
-57.92 5.0558777
-57.91 5.0564752
-57.9 5.0570727
-57.89 5.0576702
-57.88 5.0582677
-57.87 5.0588652
-57.86 5.0594866
-57.85 5.0600841
-57.84 5.0606816
-57.83 5.0612791
-57.82 5.0618766
-57.81 5.0624741
-57.8 5.0630716
-57.79 5.0636691
-57.78 5.0642666
-57.77 5.064888
-57.76 5.0654855
-57.75 5.066083
-57.74 5.0666805
-57.73 5.067278
-57.72 5.0678755
-57.71 5.068473
-57.7 5.0690705
-57.69 5.069668
-57.68 5.0702655
-57.67 5.070863
-57.66 5.0714605
-57.65 5.0720341
-57.64 5.0726316
-57.63 5.0732291
-57.62 5.0738266
-57.61 5.0744241
-57.6 5.0750216
-57.59 5.0756191
-57.58 5.0762166
-57.57 5.0768141
-57.56 5.0774116
-57.55 5.0779852
-57.54 5.0785827
-57.53 5.0791802
-57.52 5.0797777
-57.51 5.0803752
-57.5 5.0809488
-57.49 5.0815463
-57.48 5.0821438
-57.47 5.0827413
-57.46 5.0833388
-57.45 5.0839124
-57.44 5.0845099
-57.43 5.0851074
-57.42 5.085681
-57.41 5.0862785
-57.4 5.086876
-57.39 5.0874735
-57.38 5.0880471
-57.37 5.0886446
-57.36 5.0892421
-57.35 5.0898157
-57.34 5.0904132
-57.33 5.0910107
-57.32 5.0915843
-57.31 5.0921818
-57.3 5.0927554
-57.29 5.0933529
-57.28 5.0939504
-57.27 5.094524
-57.26 5.0951215
-57.25 5.0956951
-57.24 5.0962926
-57.23 5.0968662
-57.22 5.0974637
-57.21 5.0980373
-57.2 5.0986348
-57.19 5.0992084
-57.18 5.0998059
-57.17 5.1003795
-57.16 5.100977
-57.15 5.1015506
-57.14 5.1021481
-57.13 5.1027217
-57.12 5.1032953
-57.11 5.1038928
-57.1 5.1044664
-57.09 5.1050639
-57.08 5.1056375
-57.07 5.1062111
-57.06 5.1068086
-57.05 5.1073822
-57.04 5.1079558
-57.03 5.1085533
-57.02 5.1091269
-57.01 5.1097005
-57.0 5.110298
-56.99 5.1108716
-56.98 5.1114452
-56.97 5.1120427
-56.96 5.1126163
-56.95 5.1131899
-56.94 5.1137635
-56.93 5.114361
-56.92 5.1149346
-56.91 5.1155082
-56.9 5.1160818
-56.89 5.1166554
-56.88 5.1172529
-56.87 5.1178265
-56.86 5.1184001
-56.85 5.1189737
-56.84 5.1195473
-56.83 5.1201209
-56.82 5.1206945
-56.81 5.121292
-56.8 5.1218656
-56.79 5.1224392
-56.78 5.1230128
-56.77 5.1235864
-56.76 5.12416
-56.75 5.1247336
-56.74 5.1253072
-56.73 5.1258808
-56.72 5.1264544
-56.71 5.127028
-56.7 5.1276016
-56.69 5.1281752
-56.68 5.1287488
-56.67 5.1293224
-56.66 5.129896
-56.65 5.1304696
-56.64 5.1310432
-56.63 5.1316168
-56.62 5.1321904
-56.61 5.132764
-56.6 5.1333376
-56.59 5.1338873
-56.58 5.1344609
-56.57 5.1350345
-56.56 5.1356081
-56.55 5.1361817
-56.54 5.1367553
-56.53 5.1373289
-56.52 5.1378786
-56.51 5.1384522
-56.5 5.1390258
-56.49 5.1395994
-56.48 5.140173
-56.47 5.1407227
-56.46 5.1412963
-56.45 5.1418699
-56.44 5.1424196
-56.43 5.1429932
-56.42 5.1435668
-56.41 5.1441404
-56.4 5.1446901
-56.39 5.1452637
-56.38 5.1458373
-56.37 5.146387
-56.36 5.1469606
-56.35 5.1475342
-56.34 5.1480839
-56.33 5.1486575
-56.32 5.1492072
-56.31 5.1497808
-56.3 5.1503544
-56.29 5.1509041
-56.28 5.1514777
-56.27 5.1520274
-56.26 5.152601
-56.25 5.1531507
-56.24 5.1537243
-56.23 5.154274
-56.22 5.1548476
-56.21 5.1553973
-56.2 5.1559709
-56.19 5.1565206
-56.18 5.1570942
-56.17 5.1576439
-56.16 5.1582175
-56.15 5.1587672
-56.14 5.1593408
-56.13 5.1598905
-56.12 5.1604402
-56.11 5.1610138
-56.1 5.1615635
-56.09 5.1621371
-56.08 5.1626868
-56.07 5.1632365
-56.06 5.1638101
-56.05 5.1643598
-56.04 5.1649095
-56.03 5.1654831
-56.02 5.1660328
-56.01 5.1665825
-56.0 5.1671322
-55.99 5.1677058
-55.98 5.1682555
-55.97 5.1688052
-55.96 5.1693549
-55.95 5.1699285
-55.94 5.1704782
-55.93 5.1710279
-55.92 5.1715776
-55.91 5.1721273
-55.9 5.172677
-55.89 5.1732506
-55.88 5.1738003
-55.87 5.17435
-55.86 5.1748997
-55.85 5.1754494
-55.84 5.1759991
-55.83 5.1765488
-55.82 5.1770985
-55.81 5.1776482
-55.8 5.1782218
-55.79 5.1787715
-55.78 5.1793212
-55.77 5.1798709
-55.76 5.1804206
-55.75 5.1809703
-55.74 5.18152
-55.73 5.1820697
-55.72 5.1826194
-55.71 5.1831691
-55.7 5.1837188
-55.69 5.1842446
-55.68 5.1847943
-55.67 5.185344
-55.66 5.1858937
-55.65 5.1864434
-55.64 5.1869931
-55.63 5.1875428
-55.62 5.1880925
-55.61 5.1886422
-55.6 5.189168
-55.59 5.1897177
-55.58 5.1902674
-55.57 5.1908171
-55.56 5.1913668
-55.55 5.1919165
-55.54 5.1924423
-55.53 5.192992
-55.52 5.1935417
-55.51 5.1940914
-55.5 5.1946172
-55.49 5.1951669
-55.48 5.1957166
-55.47 5.1962424
-55.46 5.1967921
-55.45 5.1973418
-55.44 5.1978676
-55.43 5.1984173
-55.42 5.198967
-55.41 5.1994928
-55.4 5.2000425
-55.39 5.2005922
-55.38 5.201118
-55.37 5.2016677
-55.36 5.2021935
-55.35 5.2027432
-55.34 5.2032929
-55.33 5.2038187
-55.32 5.2043684
-55.31 5.2048942
-55.3 5.2054439
-55.29 5.2059697
-55.28 5.2065194
-55.27 5.2070452
-55.26 5.2075949
-55.25 5.2081207
-55.24 5.2086704
-55.23 5.2091962
-55.22 5.209722
-55.21 5.2102717
-55.2 5.2107975
-55.19 5.2113472
-55.18 5.211873
-55.17 5.2123988
-55.16 5.2129485
-55.15 5.2134743
-55.14 5.214024
-55.13 5.2145498
-55.12 5.2150756
-55.11 5.2156253
-55.1 5.2161511
-55.09 5.2166769
-55.08 5.2172027
-55.07 5.2177524
-55.06 5.2182782
-55.05 5.218804
-55.04 5.2193298
-55.03 5.2198795
-55.02 5.2204053
-55.01 5.2209311
-55.0 5.2214569
-54.99 5.2219827
-54.98 5.2225324
-54.97 5.2230582
-54.96 5.223584
-54.95 5.2241098
-54.94 5.2246356
-54.93 5.2251614
-54.92 5.2256872
-54.91 5.226213
-54.9 5.2267388
-54.89 5.2272885
-54.88 5.2278143
-54.87 5.2283401
-54.86 5.2288659
-54.85 5.2293917
-54.84 5.2299175
-54.83 5.2304433
-54.82 5.2309691
-54.81 5.2314949
-54.8 5.2320207
-54.79 5.2325465
-54.78 5.2330723
-54.77 5.2335742
-54.76 5.2341
-54.75 5.2346258
-54.74 5.2351516
-54.73 5.2356774
-54.72 5.2362032
-54.71 5.236729
-54.7 5.2372548
-54.69 5.2377806
-54.68 5.2382825
-54.67 5.2388083
-54.66 5.2393341
-54.65 5.2398599
-54.64 5.2403857
-54.63 5.2408876
-54.62 5.2414134
-54.61 5.2419392
-54.6 5.242465
-54.59 5.2429669
-54.58 5.2434927
-54.57 5.2440185
-54.56 5.2445443
-54.55 5.2450462
-54.54 5.245572
-54.53 5.2460978
-54.52 5.2465997
-54.51 5.2471255
-54.5 5.2476274
-54.49 5.2481532
-54.48 5.248679
-54.47 5.2491809
-54.46 5.2497067
-54.45 5.2502086
-54.44 5.2507344
-54.43 5.2512602
-54.42 5.2517621
-54.41 5.2522879
-54.4 5.2527898
-54.39 5.2533156
-54.38 5.2538175
-54.37 5.2543433
-54.36 5.2548452
-54.35 5.255371
-54.34 5.2558729
-54.33 5.2563748
-54.32 5.2569006
-54.31 5.2574025
-54.3 5.2579283
-54.29 5.2584302
-54.28 5.2589321
-54.27 5.2594579
-54.26 5.2599598
-54.25 5.2604856
-54.24 5.2609875
-54.23 5.2614894
-54.22 5.2620152
-54.21 5.2625171
-54.2 5.263019
-54.19 5.2635209
-54.18 5.2640467
-54.17 5.2645486
-54.16 5.2650505
-54.15 5.2655524
-54.14 5.2660782
-54.13 5.2665801
-54.12 5.267082
-54.11 5.2675839
-54.1 5.2680858
-54.09 5.2686116
-54.08 5.2691135
-54.07 5.2696154
-54.06 5.2701173
-54.05 5.2706192
-54.04 5.2711211
-54.03 5.271623
-54.02 5.2721249
-54.01 5.2726268
-54.0 5.2731526
-53.99 5.2736545
-53.98 5.2741564
-53.97 5.2746583
-53.96 5.2751602
-53.95 5.2756621
-53.94 5.276164
-53.93 5.2766659
-53.92 5.2771678
-53.91 5.2776697
-53.9 5.2781716
-53.89 5.2786496
-53.88 5.2791515
-53.87 5.2796534
-53.86 5.2801553
-53.85 5.2806572
-53.84 5.2811591
-53.83 5.281661
-53.82 5.2821629
-53.81 5.2826648
-53.8 5.2831428
-53.79 5.2836447
-53.78 5.2841466
-53.77 5.2846485
-53.76 5.2851504
-53.75 5.2856284
-53.74 5.2861303
-53.73 5.2866322
-53.72 5.2871341
-53.71 5.2876121
-53.7 5.288114
-53.69 5.2886159
-53.68 5.2890939
-53.67 5.2895958
-53.66 5.2900977
-53.65 5.2905757
-53.64 5.2910776
-53.63 5.2915795
-53.62 5.2920575
-53.61 5.2925594
-53.6 5.2930613
-53.59 5.2935393
-53.58 5.2940412
-53.57 5.2945192
-53.56 5.2950211
-53.55 5.2954991
-53.54 5.296001
-53.53 5.296479
-53.52 5.2969809
-53.51 5.2974589
-53.5 5.2979608
-53.49 5.2984388
-53.48 5.2989407
-53.47 5.2994187
-53.46 5.2999206
-53.45 5.3003986
-53.44 5.3009005
-53.43 5.3013785
-53.42 5.3018565
-53.41 5.3023584
-53.4 5.3028364
-53.39 5.3033383
-53.38 5.3038163
-53.37 5.3042943
-53.36 5.3047962
-53.35 5.3052742
-53.34 5.3057522
-53.33 5.3062302
-53.32 5.3067321
-53.31 5.3072101
-53.3 5.3076881
-53.29 5.3081661
-53.28 5.308668
-53.27 5.309146
-53.26 5.309624
-53.25 5.310102
-53.24 5.31058
-53.23 5.3110819
-53.22 5.3115599
-53.21 5.3120379
-53.2 5.3125159
-53.19 5.3129939
-53.18 5.3134719
-53.17 5.3139499
-53.16 5.3144279
-53.15 5.3149298
-53.14 5.3154078
-53.13 5.3158858
-53.12 5.3163638
-53.11 5.3168418
-53.1 5.3173198
-53.09 5.3177978
-53.08 5.3182758
-53.07 5.3187538
-53.06 5.3192318
-53.05 5.3197098
-53.04 5.3201878
-53.03 5.3206419
-53.02 5.3211199
-53.01 5.3215979
-53.0 5.3220759
-52.99 5.3225539
-52.98 5.3230319
-52.97 5.3235099
-52.96 5.3239879
-52.95 5.324442
-52.94 5.32492
-52.93 5.325398
-52.92 5.325876
-52.91 5.326354
-52.9 5.3268081
-52.89 5.3272861
-52.88 5.3277641
-52.87 5.3282421
-52.86 5.3286962
-52.85 5.3291742
-52.84 5.3296522
-52.83 5.3301302
-52.82 5.3305843
-52.81 5.3310623
-52.8 5.3315403
-52.79 5.3319944
-52.78 5.3324724
-52.77 5.3329504
-52.76 5.3334045
-52.75 5.3338825
-52.74 5.3343366
-52.73 5.3348146
-52.72 5.3352687
-52.71 5.3357467
-52.7 5.3362247
-52.69 5.3366788
-52.68 5.3371568
-52.67 5.3376109
-52.66 5.3380889
-52.65 5.338543
-52.64 5.339021
-52.63 5.3394751
-52.62 5.3399292
-52.61 5.3404072
-52.6 5.3408613
-52.59 5.3413393
-52.58 5.3417934
-52.57 5.3422475
-52.56 5.3427255
-52.55 5.3431796
-52.54 5.3436576
-52.53 5.3441117
-52.52 5.3445658
-52.51 5.3450199
-52.5 5.3454979
-52.49 5.345952
-52.48 5.3464061
-52.47 5.3468841
-52.46 5.3473382
-52.45 5.3477923
-52.44 5.3482464
-52.43 5.3487244
-52.42 5.3491785
-52.41 5.3496326
-52.4 5.3500867
-52.39 5.3505408
-52.38 5.3509949
-52.37 5.3514729
-52.36 5.351927
-52.35 5.3523811
-52.34 5.3528352
-52.33 5.3532893
-52.32 5.3537434
-52.31 5.3541975
-52.3 5.3546516
-52.29 5.3551057
-52.28 5.3555598
-52.27 5.3560139
-52.26 5.356468
-52.25 5.3569221
-52.24 5.3573762
-52.23 5.3578303
-52.22 5.3582844
-52.21 5.3587385
-52.2 5.3591926
-52.19 5.3596467
-52.18 5.3601008
-52.17 5.3605549
-52.16 5.361009
-52.15 5.3614631
-52.14 5.3619172
-52.13 5.3623474
-52.12 5.3628015
-52.11 5.3632556
-52.1 5.3637097
-52.09 5.3641638
-52.08 5.364594
-52.07 5.3650481
-52.06 5.3655022
-52.05 5.3659563
-52.04 5.3664104
-52.03 5.3668406
-52.02 5.3672947
-52.01 5.3677488
-52.0 5.368179
-51.99 5.3686331
-51.98 5.3690872
-51.97 5.3695174
-51.96 5.3699715
-51.95 5.3704256
-51.94 5.3708558
-51.93 5.3713099
-51.92 5.371764
-51.91 5.3721942
-51.9 5.3726483
-51.89 5.3730785
-51.88 5.3735326
-51.87 5.3739628
-51.86 5.3744169
-51.85 5.3748471
-51.84 5.3753012
-51.83 5.3757314
-51.82 5.3761855
-51.81 5.3766157
-51.8 5.3770698
-51.79 5.3775
-51.78 5.3779541
-51.77 5.3783843
-51.76 5.3788145
-51.75 5.3792686
-51.74 5.3796988
-51.73 5.3801529
-51.72 5.3805831
-51.71 5.3810133
-51.7 5.3814674
-51.69 5.3818976
-51.68 5.3823278
-51.67 5.382758
-51.66 5.3832121
-51.65 5.3836423
-51.64 5.3840725
-51.63 5.3845266
-51.62 5.3849568
-51.61 5.385387
-51.6 5.3858172
-51.59 5.3862474
-51.58 5.3867015
-51.57 5.3871317
-51.56 5.3875619
-51.55 5.3879921
-51.54 5.3884223
-51.53 5.3888525
-51.52 5.3892827
-51.51 5.3897368
-51.5 5.390167
-51.49 5.3905972
-51.48 5.3910274
-51.47 5.3914576
-51.46 5.3918878
-51.45 5.392318
-51.44 5.3927482
-51.43 5.3931784
-51.42 5.3936086
-51.41 5.3940388
-51.4 5.394469
-51.39 5.3948992
-51.38 5.3953294
-51.37 5.3957596
-51.36 5.3961659
-51.35 5.3965961
-51.34 5.3970263
-51.33 5.3974565
-51.32 5.3978867
-51.31 5.3983169
-51.3 5.3987471
-51.29 5.3991773
-51.28 5.3995836
-51.27 5.4000138
-51.26 5.400444
-51.25 5.4008742
-51.24 5.4012805
-51.23 5.4017107
-51.22 5.4021409
-51.21 5.4025711
-51.2 5.4029774
-51.19 5.4034076
-51.18 5.4038378
-51.17 5.4042441
-51.16 5.4046743
-51.15 5.4051045
-51.14 5.4055108
-51.13 5.405941
-51.12 5.4063712
-51.11 5.4067775
-51.1 5.4072077
-51.09 5.407614
-51.08 5.4080442
-51.07 5.4084744
-51.06 5.4088807
-51.05 5.4093109
-51.04 5.4097172
-51.03 5.4101474
-51.02 5.4105537
-51.01 5.4109839
-51.0 5.4113902
-50.99 5.4118204
-50.98 5.4122267
-50.97 5.412633
-50.96 5.4130632
-50.95 5.4134695
-50.94 5.4138997
-50.93 5.414306
-50.92 5.4147123
-50.91 5.4151425
-50.9 5.4155488
-50.89 5.4159551
-50.88 5.4163853
-50.87 5.4167916
-50.86 5.4171979
-50.85 5.4176281
-50.84 5.4180344
-50.83 5.4184407
-50.82 5.418847
-50.81 5.4192772
-50.8 5.4196835
-50.79 5.4200898
-50.78 5.4204961
-50.77 5.4209024
-50.76 5.4213326
-50.75 5.4217389
-50.74 5.4221452
-50.73 5.4225515
-50.72 5.4229578
-50.71 5.4233641
-50.7 5.4237704
-50.69 5.4241767
-50.68 5.424583
-50.67 5.4249893
-50.66 5.4254195
-50.65 5.4258258
-50.64 5.4262321
-50.63 5.4266384
-50.62 5.4270447
-50.61 5.427451
-50.6 5.4278334
-50.59 5.4282397
-50.58 5.428646
-50.57 5.4290523
-50.56 5.4294586
-50.55 5.4298649
-50.54 5.4302712
-50.53 5.4306775
-50.52 5.4310838
-50.51 5.4314901
-50.5 5.4318725
-50.49 5.4322788
-50.48 5.4326851
-50.47 5.4330914
-50.46 5.4334977
-50.45 5.433904
-50.44 5.4342864
-50.43 5.4346927
-50.42 5.435099
-50.41 5.4355053
-50.4 5.4358877
-50.39 5.436294
-50.38 5.4367003
-50.37 5.4370827
-50.36 5.437489
-50.35 5.4378953
-50.34 5.4382777
-50.33 5.438684
-50.32 5.4390903
-50.31 5.4394727
-50.3 5.439879
-50.29 5.4402614
-50.28 5.4406677
-50.27 5.4410501
-50.26 5.4414564
-50.25 5.4418388
-50.24 5.4422451
-50.23 5.4426514
-50.22 5.4430338
-50.21 5.4434162
-50.2 5.4438225
-50.19 5.4442049
-50.18 5.4446112
-50.17 5.4449936
-50.16 5.4453999
-50.15 5.4457823
-50.14 5.4461647
-50.13 5.446571
-50.12 5.4469534
-50.11 5.4473597
-50.1 5.4477421
-50.09 5.4481245
-50.08 5.4485308
-50.07 5.4489132
-50.06 5.4492956
-50.05 5.449678
-50.04 5.4500843
-50.03 5.4504667
-50.02 5.4508491
-50.01 5.4512315
-50.0 5.4516378
-49.99 5.4520202
-49.98 5.4524026
-49.97 5.452785
-49.96 5.4531674
-49.95 5.4535737
-49.94 5.4539561
-49.93 5.4543385
-49.92 5.4547209
-49.91 5.4551033
-49.9 5.4554857
-49.89 5.4558681
-49.88 5.4562505
-49.87 5.4566329
-49.86 5.4570153
-49.85 5.4573977
-49.84 5.4577801
-49.83 5.4581625
-49.82 5.4585449
-49.81 5.4589273
-49.8 5.4593097
-49.79 5.4596921
-49.78 5.4600745
-49.77 5.4604569
-49.76 5.4608393
-49.75 5.4612217
-49.74 5.4616041
-49.73 5.4619865
-49.72 5.4623689
-49.71 5.4627274
-49.7 5.4631098
-49.69 5.4634922
-49.68 5.4638746
-49.67 5.464257
-49.66 5.4646155
-49.65 5.4649979
-49.64 5.4653803
-49.63 5.4657627
-49.62 5.4661212
-49.61 5.4665036
-49.6 5.466886
-49.59 5.4672684
-49.58 5.4676269
-49.57 5.4680093
-49.56 5.4683917
-49.55 5.4687502
-49.54 5.4691326
-49.53 5.4694911
-49.52 5.4698735
-49.51 5.4702559
-49.5 5.4706144
-49.49 5.4709968
-49.48 5.4713553
-49.47 5.4717377
-49.46 5.4720962
-49.45 5.4724786
-49.44 5.472861
-49.43 5.4732195
-49.42 5.473578
-49.41 5.4739604
-49.4 5.4743189
-49.39 5.4747013
-49.38 5.4750598
-49.37 5.4754422
-49.36 5.4758007
-49.35 5.4761592
-49.34 5.4765416
-49.33 5.4769001
-49.32 5.4772825
-49.31 5.477641
-49.3 5.4779995
-49.29 5.4783819
-49.28 5.4787404
-49.27 5.4790989
-49.26 5.4794574
-49.25 5.4798398
-49.24 5.4801983
-49.23 5.4805568
-49.22 5.4809153
-49.21 5.4812977
-49.2 5.4816562
-49.19 5.4820147
-49.18 5.4823732
-49.17 5.4827317
-49.16 5.4831141
-49.15 5.4834726
-49.14 5.4838311
-49.13 5.4841896
-49.12 5.4845481
-49.11 5.4849066
-49.1 5.4852651
-49.09 5.4856236
-49.08 5.4859821
-49.07 5.4863406
-49.06 5.4866991
-49.05 5.4870576
-49.04 5.4874161
-49.03 5.4877746
-49.02 5.4881331
-49.01 5.4884916
-49.0 5.4888501
-48.99 5.4892086
-48.98 5.4895671
-48.97 5.4899256
-48.96 5.4902841
-48.95 5.4906426
-48.94 5.4910011
-48.93 5.4913357
-48.92 5.4916942
-48.91 5.4920527
-48.9 5.4924112
-48.89 5.4927697
-48.88 5.4931282
-48.87 5.4934628
-48.86 5.4938213
-48.85 5.4941798
-48.84 5.4945383
-48.83 5.4948729
-48.82 5.4952314
-48.81 5.4955899
-48.8 5.4959245
-48.79 5.496283
-48.78 5.4966415
-48.77 5.4969761
-48.76 5.4973346
-48.75 5.4976931
-48.74 5.4980277
-48.73 5.4983862
-48.72 5.4987447
-48.71 5.4990793
-48.7 5.4994378
-48.69 5.4997724
-48.68 5.5001309
-48.67 5.5004655
-48.66 5.500824
-48.65 5.5011586
-48.64 5.5015171
-48.63 5.5018517
-48.62 5.5022102
-48.61 5.5025448
-48.6 5.5029033
-48.59 5.5032379
-48.58 5.5035725
-48.57 5.503931
-48.56 5.5042656
-48.55 5.5046241
-48.54 5.5049587
-48.53 5.5052933
-48.52 5.5056518
-48.51 5.5059864
-48.5 5.506321
-48.49 5.5066795
-48.48 5.5070141
-48.47 5.5073487
-48.46 5.5076833
-48.45 5.5080418
-48.44 5.5083764
-48.43 5.508711
-48.42 5.5090456
-48.41 5.5094041
-48.4 5.5097387
-48.39 5.5100733
-48.38 5.5104079
-48.37 5.5107425
-48.36 5.5110771
-48.35 5.5114117
-48.34 5.5117702
-48.33 5.5121048
-48.32 5.5124394
-48.31 5.512774
-48.3 5.5131086
-48.29 5.5134432
-48.28 5.5137778
-48.27 5.5141124
-48.26 5.514447
-48.25 5.5147816
-48.24 5.5151162
-48.23 5.5154508
-48.22 5.5157854
-48.21 5.51612
-48.2 5.5164546
-48.19 5.5167892
-48.18 5.5170999
-48.17 5.5174345
-48.16 5.5177691
-48.15 5.5181037
-48.14 5.5184383
-48.13 5.5187729
-48.12 5.5191075
-48.11 5.5194182
-48.1 5.5197528
-48.09 5.5200874
-48.08 5.520422
-48.07 5.5207566
-48.06 5.5210673
-48.05 5.5214019
-48.04 5.5217365
-48.03 5.5220472
-48.02 5.5223818
-48.01 5.5227164
-48.0 5.5230271
-47.99 5.5233617
-47.98 5.5236963
-47.97 5.524007
-47.96 5.5243416
-47.95 5.5246762
-47.94 5.5249869
-47.93 5.5253215
-47.92 5.5256322
-47.91 5.5259668
-47.9 5.5262775
-47.89 5.5266121
-47.88 5.5269228
-47.87 5.5272574
-47.86 5.5275681
-47.85 5.5279027
-47.84 5.5282134
-47.83 5.528548
-47.82 5.5288587
-47.81 5.5291933
-47.8 5.529504
-47.79 5.5298386
-47.78 5.5301493
-47.77 5.53046
-47.76 5.5307946
-47.75 5.5311053
-47.74 5.531416
-47.73 5.5317506
-47.72 5.5320613
-47.71 5.532372
-47.7 5.5327066
-47.69 5.5330173
-47.68 5.533328
-47.67 5.5336387
-47.66 5.5339733
-47.65 5.534284
-47.64 5.5345947
-47.63 5.5349054
-47.62 5.5352161
-47.61 5.5355507
-47.6 5.5358614
-47.59 5.5361721
-47.58 5.5364828
-47.57 5.5367935
-47.56 5.5371042
-47.55 5.5374149
-47.54 5.5377256
-47.53 5.5380363
-47.52 5.5383709
-47.51 5.5386816
-47.5 5.5389923
-47.49 5.539303
-47.48 5.5396137
-47.47 5.5399244
-47.46 5.5402351
-47.45 5.5405458
-47.44 5.5408326
-47.43 5.5411433
-47.42 5.541454
-47.41 5.5417647
-47.4 5.5420754
-47.39 5.5423861
-47.38 5.5426968
-47.37 5.5430075
-47.36 5.5433182
-47.35 5.543605
-47.34 5.5439157
-47.33 5.5442264
-47.32 5.5445371
-47.31 5.5448478
-47.3 5.5451346
-47.29 5.5454453
-47.28 5.545756
-47.27 5.5460667
-47.26 5.5463535
-47.25 5.5466642
-47.24 5.5469749
-47.23 5.5472617
-47.22 5.5475724
-47.21 5.5478831
-47.2 5.5481699
-47.19 5.5484806
-47.18 5.5487913
-47.17 5.5490781
-47.16 5.5493888
-47.15 5.5496756
-47.14 5.5499863
-47.13 5.550297
-47.12 5.5505838
-47.11 5.5508945
-47.1 5.5511813
-47.09 5.551492
-47.08 5.5517788
-47.07 5.5520895
-47.06 5.5523763
-47.05 5.552687
-47.04 5.5529738
-47.03 5.5532606
-47.02 5.5535713
-47.01 5.5538581
-47.0 5.5541688
-46.99 5.5544556
-46.98 5.5547424
-46.97 5.5550531
-46.96 5.5553399
-46.95 5.5556267
-46.94 5.5559374
-46.93 5.5562242
-46.92 5.556511
-46.91 5.5568217
-46.9 5.5571085
-46.89 5.5573953
-46.88 5.5576821
-46.87 5.5579928
-46.86 5.5582796
-46.85 5.5585664
-46.84 5.5588532
-46.83 5.55914
-46.82 5.5594268
-46.81 5.5597375
-46.8 5.5600243
-46.79 5.5603111
-46.78 5.5605979
-46.77 5.5608847
-46.76 5.5611715
-46.75 5.5614583
-46.74 5.5617451
-46.73 5.5620319
-46.72 5.5623187
-46.71 5.5626055
-46.7 5.5628923
-46.69 5.5631791
-46.68 5.5634659
-46.67 5.5637527
-46.66 5.5640395
-46.65 5.5643263
-46.64 5.5646131
-46.63 5.5648999
-46.62 5.5651867
-46.61 5.5654735
-46.6 5.5657603
-46.59 5.5660232
-46.58 5.56631
-46.57 5.5665968
-46.56 5.5668836
-46.55 5.5671704
-46.54 5.5674572
-46.53 5.5677201
-46.52 5.5680069
-46.51 5.5682937
-46.5 5.5685805
-46.49 5.5688434
-46.48 5.5691302
-46.47 5.569417
-46.46 5.5697038
-46.45 5.5699667
-46.44 5.5702535
-46.43 5.5705403
-46.42 5.5708032
-46.41 5.57109
-46.4 5.5713529
-46.39 5.5716397
-46.38 5.5719265
-46.37 5.5721894
-46.36 5.5724762
-46.35 5.5727391
-46.34 5.5730259
-46.33 5.5732888
-46.32 5.5735756
-46.31 5.5738385
-46.3 5.5741253
-46.29 5.5743882
-46.28 5.574675
-46.27 5.5749379
-46.26 5.5752247
-46.25 5.5754876
-46.24 5.5757744
-46.23 5.5760373
-46.22 5.5763002
-46.21 5.576587
-46.2 5.5768499
-46.19 5.5771128
-46.18 5.5773996
-46.17 5.5776625
-46.16 5.5779254
-46.15 5.5782122
-46.14 5.5784751
-46.13 5.578738
-46.12 5.5790248
-46.11 5.5792877
-46.1 5.5795506
-46.09 5.5798135
-46.08 5.5800764
-46.07 5.5803632
-46.06 5.5806261
-46.05 5.580889
-46.04 5.5811519
-46.03 5.5814148
-46.02 5.5816777
-46.01 5.5819645
-46.0 5.5822274
-45.99 5.5824903
-45.98 5.5827532
-45.97 5.5830161
-45.96 5.583279
-45.95 5.5835419
-45.94 5.5838048
-45.93 5.5840677
-45.92 5.5843306
-45.91 5.5845935
-45.9 5.5848564
-45.89 5.5851193
-45.88 5.5853822
-45.87 5.5856451
-45.86 5.585908
-45.85 5.5861709
-45.84 5.5864338
-45.83 5.5866967
-45.82 5.5869357
-45.81 5.5871986
-45.8 5.5874615
-45.79 5.5877244
-45.78 5.5879873
-45.77 5.5882502
-45.76 5.5884892
-45.75 5.5887521
-45.74 5.589015
-45.73 5.5892779
-45.72 5.5895169
-45.71 5.5897798
-45.7 5.5900427
-45.69 5.5903056
-45.68 5.5905446
-45.67 5.5908075
-45.66 5.5910704
-45.65 5.5913094
-45.64 5.5915723
-45.63 5.5918352
-45.62 5.5920742
-45.61 5.5923371
-45.6 5.5925761
-45.59 5.592839
-45.58 5.5931019
-45.57 5.5933409
-45.56 5.5936038
-45.55 5.5938428
-45.54 5.5941057
-45.53 5.5943447
-45.52 5.5946076
-45.51 5.5948466
-45.5 5.5951095
-45.49 5.5953485
-45.48 5.5956114
-45.47 5.5958504
-45.46 5.5960894
-45.45 5.5963523
-45.44 5.5965913
-45.43 5.5968542
-45.42 5.5970932
-45.41 5.5973322
-45.4 5.5975951
-45.39 5.5978341
-45.38 5.5980731
-45.37 5.598336
-45.36 5.598575
-45.35 5.598814
-45.34 5.5990769
-45.33 5.5993159
-45.32 5.5995549
-45.31 5.5997939
-45.3 5.6000329
-45.29 5.6002958
-45.28 5.6005348
-45.27 5.6007738
-45.26 5.6010128
-45.25 5.6012518
-45.24 5.6014908
-45.23 5.6017537
-45.22 5.6019927
-45.21 5.6022317
-45.2 5.6024707
-45.19 5.6027097
-45.18 5.6029487
-45.17 5.6031877
-45.16 5.6034267
-45.15 5.6036657
-45.14 5.6039047
-45.13 5.6041437
-45.12 5.6043827
-45.11 5.6046217
-45.1 5.6048607
-45.09 5.6050997
-45.08 5.6053387
-45.07 5.6055777
-45.06 5.6058167
-45.05 5.6060557
-45.04 5.6062947
-45.03 5.6065098
-45.02 5.6067488
-45.01 5.6069878
-45.0 5.6072268
-44.99 5.6074658
-44.98 5.6077048
-44.97 5.6079199
-44.96 5.6081589
-44.95 5.6083979
-44.94 5.6086369
-44.93 5.608852
-44.92 5.609091
-44.91 5.60933
-44.9 5.609569
-44.89 5.6097841
-44.88 5.6100231
-44.87 5.6102621
-44.86 5.6104772
-44.85 5.6107162
-44.84 5.6109552
-44.83 5.6111703
-44.82 5.6114093
-44.81 5.6116244
-44.8 5.6118634
-44.79 5.6121024
-44.78 5.6123175
-44.77 5.6125565
-44.76 5.6127716
-44.75 5.6130106
-44.74 5.6132257
-44.73 5.6134647
-44.72 5.6136798
-44.71 5.6139188
-44.7 5.6141339
-44.69 5.6143729
-44.68 5.614588
-44.67 5.6148031
-44.66 5.6150421
-44.65 5.6152572
-44.64 5.6154962
-44.63 5.6157113
-44.62 5.6159264
-44.61 5.6161654
-44.6 5.6163805
-44.59 5.6165956
-44.58 5.6168346
-44.57 5.6170497
-44.56 5.6172648
-44.55 5.6174799
-44.54 5.6177189
-44.53 5.617934
-44.52 5.6181491
-44.51 5.6183642
-44.5 5.6186032
-44.49 5.6188183
-44.48 5.6190334
-44.47 5.6192485
-44.46 5.6194636
-44.45 5.6196787
-44.44 5.6199177
-44.43 5.6201328
-44.42 5.6203479
-44.41 5.620563
-44.4 5.6207781
-44.39 5.6209932
-44.38 5.6212083
-44.37 5.6214234
-44.36 5.6216385
-44.35 5.6218536
-44.34 5.6220687
-44.33 5.6222838
-44.32 5.6224989
-44.31 5.622714
-44.3 5.6229291
-44.29 5.6231442
-44.28 5.6233593
-44.27 5.6235744
-44.26 5.6237895
-44.25 5.6240046
-44.24 5.6241958
-44.23 5.6244109
-44.22 5.624626
-44.21 5.6248411
-44.2 5.6250562
-44.19 5.6252713
-44.18 5.6254625
-44.17 5.6256776
-44.16 5.6258927
-44.15 5.6261078
-44.14 5.6263229
-44.13 5.6265141
-44.12 5.6267292
-44.11 5.6269443
-44.1 5.6271355
-44.09 5.6273506
-44.08 5.6275657
-44.07 5.6277569
-44.06 5.627972
-44.05 5.6281871
-44.04 5.6283783
-44.03 5.6285934
-44.02 5.6288085
-44.01 5.6289997
-44.0 5.6292148
-43.99 5.629406
-43.98 5.6296211
-43.97 5.6298123
-43.96 5.6300274
-43.95 5.6302186
-43.94 5.6304337
-43.93 5.6306249
-43.92 5.63084
-43.91 5.6310312
-43.9 5.6312463
-43.89 5.6314375
-43.88 5.6316526
-43.87 5.6318438
-43.86 5.6320589
-43.85 5.6322501
-43.84 5.6324413
-43.83 5.6326564
-43.82 5.6328476
-43.81 5.6330388
-43.8 5.6332539
-43.79 5.6334451
-43.78 5.6336363
-43.77 5.6338514
-43.76 5.6340426
-43.75 5.6342338
-43.74 5.634425
-43.73 5.6346401
-43.72 5.6348313
-43.71 5.6350225
-43.7 5.6352137
-43.69 5.6354049
-43.68 5.63562
-43.67 5.6358112
-43.66 5.6360024
-43.65 5.6361936
-43.64 5.6363848
-43.63 5.636576
-43.62 5.6367672
-43.61 5.6369823
-43.6 5.6371735
-43.59 5.6373647
-43.58 5.6375559
-43.57 5.6377471
-43.56 5.6379383
-43.55 5.6381295
-43.54 5.6383207
-43.53 5.6385119
-43.52 5.6387031
-43.51 5.6388943
-43.5 5.6390855
-43.49 5.6392767
-43.48 5.6394679
-43.47 5.6396591
-43.46 5.6398264
-43.45 5.6400176
-43.44 5.6402088
-43.43 5.6404
-43.42 5.6405912
-43.41 5.6407824
-43.4 5.6409736
-43.39 5.6411409
-43.38 5.6413321
-43.37 5.6415233
-43.36 5.6417145
-43.35 5.6419057
-43.34 5.642073
-43.33 5.6422642
-43.32 5.6424554
-43.31 5.6426227
-43.3 5.6428139
-43.29 5.6430051
-43.28 5.6431963
-43.27 5.6433636
-43.26 5.6435548
-43.25 5.643746
-43.24 5.6439133
-43.23 5.6441045
-43.22 5.6442718
-43.21 5.644463
-43.2 5.6446542
-43.19 5.6448215
-43.18 5.6450127
-43.17 5.64518
-43.16 5.6453712
-43.15 5.6455385
-43.14 5.6457297
-43.13 5.645897
-43.12 5.6460882
-43.11 5.6462555
-43.1 5.6464467
-43.09 5.646614
-43.08 5.6468052
-43.07 5.6469725
-43.06 5.6471398
-43.05 5.647331
-43.04 5.6474983
-43.03 5.6476895
-43.02 5.6478568
-43.01 5.6480241
-43.0 5.6482153
-42.99 5.6483826
-42.98 5.6485499
-42.97 5.6487411
-42.96 5.6489084
-42.95 5.6490757
-42.94 5.649243
-42.93 5.6494342
-42.92 5.6496015
-42.91 5.6497688
-42.9 5.6499361
-42.89 5.6501273
-42.88 5.6502946
-42.87 5.6504619
-42.86 5.6506292
-42.85 5.6507965
-42.84 5.6509638
-42.83 5.651155
-42.82 5.6513223
-42.81 5.6514896
-42.8 5.6516569
-42.79 5.6518242
-42.78 5.6519915
-42.77 5.6521588
-42.76 5.6523261
-42.75 5.6524934
-42.74 5.6526607
-42.73 5.652828
-42.72 5.6529953
-42.71 5.6531626
-42.7 5.6533299
-42.69 5.6534972
-42.68 5.6536645
-42.67 5.6538318
-42.66 5.6539991
-42.65 5.6541664
-42.64 5.6543337
-42.63 5.654501
-42.62 5.6546444
-42.61 5.6548117
-42.6 5.654979
-42.59 5.6551463
-42.58 5.6553136
-42.57 5.6554809
-42.56 5.6556243
-42.55 5.6557916
-42.54 5.6559589
-42.53 5.6561262
-42.52 5.6562935
-42.51 5.6564369
-42.5 5.6566042
-42.49 5.6567715
-42.48 5.6569149
-42.47 5.6570822
-42.46 5.6572495
-42.45 5.6573929
-42.44 5.6575602
-42.43 5.6577275
-42.42 5.6578709
-42.41 5.6580382
-42.4 5.6582055
-42.39 5.6583489
-42.38 5.6585162
-42.37 5.6586596
-42.36 5.6588269
-42.35 5.6589703
-42.34 5.6591376
-42.33 5.6593049
-42.32 5.6594483
-42.31 5.6596156
-42.3 5.659759
-42.29 5.6599024
-42.28 5.6600697
-42.27 5.6602131
-42.26 5.6603804
-42.25 5.6605238
-42.24 5.6606911
-42.23 5.6608345
-42.22 5.6609779
-42.21 5.6611452
-42.2 5.6612886
-42.19 5.6614559
-42.18 5.6615993
-42.17 5.6617427
-42.16 5.66191
-42.15 5.6620534
-42.14 5.6621968
-42.13 5.6623402
-42.12 5.6625075
-42.11 5.6626509
-42.1 5.6627943
-42.09 5.6629377
-42.08 5.663105
-42.07 5.6632484
-42.06 5.6633918
-42.05 5.6635352
-42.04 5.6636786
-42.03 5.6638459
-42.02 5.6639893
-42.01 5.6641327
-42.0 5.6642761
-41.99 5.6644195
-41.98 5.6645629
-41.97 5.6647063
-41.96 5.6648497
-41.95 5.6649931
-41.94 5.6651365
-41.93 5.6653038
-41.92 5.6654472
-41.91 5.6655906
-41.9 5.665734
-41.89 5.6658774
-41.88 5.6660208
-41.87 5.6661642
-41.86 5.6662837
-41.85 5.6664271
-41.84 5.6665705
-41.83 5.6667139
-41.82 5.6668573
-41.81 5.6670007
-41.8 5.6671441
-41.79 5.6672875
-41.78 5.6674309
-41.77 5.6675743
-41.76 5.6676938
-41.75 5.6678372
-41.74 5.6679806
-41.73 5.668124
-41.72 5.6682674
-41.71 5.6683869
-41.7 5.6685303
-41.69 5.6686737
-41.68 5.6688171
-41.67 5.6689366
-41.66 5.66908
-41.65 5.6692234
-41.64 5.6693668
-41.63 5.6694863
-41.62 5.6696297
-41.61 5.6697731
-41.6 5.6698926
-41.59 5.670036
-41.58 5.6701555
-41.57 5.6702989
-41.56 5.6704423
-41.55 5.6705618
-41.54 5.6707052
-41.53 5.6708247
-41.52 5.6709681
-41.51 5.6710876
-41.5 5.671231
-41.49 5.6713744
-41.48 5.6714939
-41.47 5.6716373
-41.46 5.6717568
-41.45 5.6718763
-41.44 5.6720197
-41.43 5.6721392
-41.42 5.6722826
-41.41 5.6724021
-41.4 5.6725455
-41.39 5.672665
-41.38 5.6727845
-41.37 5.6729279
-41.36 5.6730474
-41.35 5.6731908
-41.34 5.6733103
-41.33 5.6734298
-41.32 5.6735732
-41.31 5.6736927
-41.3 5.6738122
-41.29 5.6739317
-41.28 5.6740751
-41.27 5.6741946
-41.26 5.6743141
-41.25 5.6744336
-41.24 5.674577
-41.23 5.6746965
-41.22 5.674816
-41.21 5.6749355
-41.2 5.675055
-41.19 5.6751984
-41.18 5.6753179
-41.17 5.6754374
-41.16 5.6755569
-41.15 5.6756764
-41.14 5.6757959
-41.13 5.6759154
-41.12 5.6760349
-41.11 5.6761544
-41.1 5.6762978
-41.09 5.6764173
-41.08 5.6765368
-41.07 5.6766563
-41.06 5.6767758
-41.05 5.6768953
-41.04 5.6770148
-41.03 5.6771343
-41.02 5.6772538
-41.01 5.6773733
-41.0 5.6774689
-40.99 5.6775884
-40.98 5.6777079
-40.97 5.6778274
-40.96 5.6779469
-40.95 5.6780664
-40.94 5.6781859
-40.93 5.6783054
-40.92 5.6784249
-40.91 5.6785205
-40.9 5.67864
-40.89 5.6787595
-40.88 5.678879
-40.87 5.6789985
-40.86 5.6790941
-40.85 5.6792136
-40.84 5.6793331
-40.83 5.6794526
-40.82 5.6795482
-40.81 5.6796677
-40.8 5.6797872
-40.79 5.6799067
-40.78 5.6800023
-40.77 5.6801218
-40.76 5.6802413
-40.75 5.6803369
-40.74 5.6804564
-40.73 5.6805759
-40.72 5.6806715
-40.71 5.680791
-40.7 5.6808866
-40.69 5.6810061
-40.68 5.6811256
-40.67 5.6812212
-40.66 5.6813407
-40.65 5.6814363
-40.64 5.6815558
-40.63 5.6816514
-40.62 5.6817709
-40.61 5.6818665
-40.6 5.681986
-40.59 5.6820816
-40.58 5.6822011
-40.57 5.6822967
-40.56 5.6823923
-40.55 5.6825118
-40.54 5.6826074
-40.53 5.6827269
-40.52 5.6828225
-40.51 5.6829181
-40.5 5.6830376
-40.49 5.6831332
-40.48 5.6832527
-40.47 5.6833483
-40.46 5.6834439
-40.45 5.6835395
-40.44 5.683659
-40.43 5.6837546
-40.42 5.6838502
-40.41 5.6839697
-40.4 5.6840653
-40.39 5.6841609
-40.38 5.6842565
-40.37 5.684376
-40.36 5.6844716
-40.35 5.6845672
-40.34 5.6846628
-40.33 5.6847584
-40.32 5.684854
-40.31 5.6849735
-40.3 5.6850691
-40.29 5.6851647
-40.28 5.6852603
-40.27 5.6853559
-40.26 5.6854515
-40.25 5.6855471
-40.24 5.6856427
-40.23 5.6857383
-40.22 5.6858339
-40.21 5.6859295
-40.2 5.6860251
-40.19 5.6861207
-40.18 5.6862163
-40.17 5.6863119
-40.16 5.6864075
-40.15 5.6865031
-40.14 5.6865987
-40.13 5.6866943
-40.12 5.6867899
-40.11 5.6868855
-40.1 5.6869811
-40.09 5.6870767
-40.08 5.6871723
-40.07 5.6872679
-40.06 5.6873635
-40.05 5.6874352
-40.04 5.6875308
-40.03 5.6876264
-40.02 5.687722
-40.01 5.6878176
-40.0 5.6879132
-39.99 5.6879849
-39.98 5.6880805
-39.97 5.6881761
-39.96 5.6882717
-39.95 5.6883434
-39.94 5.688439
-39.93 5.6885346
-39.92 5.6886302
-39.91 5.6887019
-39.9 5.6887975
-39.89 5.6888931
-39.88 5.6889648
-39.87 5.6890604
-39.86 5.689156
-39.85 5.6892277
-39.84 5.6893233
-39.83 5.689395
-39.82 5.6894906
-39.81 5.6895862
-39.8 5.6896579
-39.79 5.6897535
-39.78 5.6898252
-39.77 5.6899208
-39.76 5.6899925
-39.75 5.6900881
-39.74 5.6901598
-39.73 5.6902554
-39.72 5.6903271
-39.71 5.6904227
-39.7 5.6904944
-39.69 5.69059
-39.68 5.6906617
-39.67 5.6907573
-39.66 5.690829
-39.65 5.6909007
-39.64 5.6909963
-39.63 5.691068
-39.62 5.6911636
-39.61 5.6912353
-39.6 5.691307
-39.59 5.6914026
-39.58 5.6914743
-39.57 5.691546
-39.56 5.6916416
-39.55 5.6917133
-39.54 5.691785
-39.53 5.6918567
-39.52 5.6919523
-39.51 5.692024
-39.5 5.6920957
-39.49 5.6921674
-39.48 5.692263
-39.47 5.6923347
-39.46 5.6924064
-39.45 5.6924781
-39.44 5.6925498
-39.43 5.6926215
-39.42 5.6927171
-39.41 5.6927888
-39.4 5.6928605
-39.39 5.6929322
-39.38 5.6930039
-39.37 5.6930756
-39.36 5.6931473
-39.35 5.693219
-39.34 5.6932907
-39.33 5.6933624
-39.32 5.693458
-39.31 5.6935297
-39.3 5.6936014
-39.29 5.6936731
-39.28 5.6937448
-39.27 5.6938165
-39.26 5.6938882
-39.25 5.693936
-39.24 5.6940077
-39.23 5.6940794
-39.22 5.6941511
-39.21 5.6942228
-39.2 5.6942945
-39.19 5.6943662
-39.18 5.6944379
-39.17 5.6945096
-39.16 5.6945813
-39.15 5.694653
-39.14 5.6947008
-39.13 5.6947725
-39.12 5.6948442
-39.11 5.6949159
-39.1 5.6949876
-39.09 5.6950354
-39.08 5.6951071
-39.07 5.6951788
-39.06 5.6952505
-39.05 5.6952983
-39.04 5.69537
-39.03 5.6954417
-39.02 5.6955134
-39.01 5.6955612
-39.0 5.6956329
-38.99 5.6957046
-38.98 5.6957524
-38.97 5.6958241
-38.96 5.6958958
-38.95 5.6959436
-38.94 5.6960153
-38.93 5.696087
-38.92 5.6961348
-38.91 5.6962065
-38.9 5.6962543
-38.89 5.696326
-38.88 5.6963977
-38.87 5.6964455
-38.86 5.6965172
-38.85 5.696565
-38.84 5.6966367
-38.83 5.6966845
-38.82 5.6967562
-38.81 5.696804
-38.8 5.6968757
-38.79 5.6969235
-38.78 5.6969952
-38.77 5.697043
-38.76 5.6970908
-38.75 5.6971625
-38.74 5.6972103
-38.73 5.697282
-38.72 5.6973298
-38.71 5.6973776
-38.7 5.6974493
-38.69 5.6974971
-38.68 5.6975688
-38.67 5.6976166
-38.66 5.6976644
-38.65 5.6977122
-38.64 5.6977839
-38.63 5.6978317
-38.62 5.6978795
-38.61 5.6979512
-38.6 5.697999
-38.59 5.6980468
-38.58 5.6980946
-38.57 5.6981663
-38.56 5.6982141
-38.55 5.6982619
-38.54 5.6983097
-38.53 5.6983575
-38.52 5.6984292
-38.51 5.698477
-38.5 5.6985248
-38.49 5.6985726
-38.48 5.6986204
-38.47 5.6986682
-38.46 5.698716
-38.45 5.6987877
-38.44 5.6988355
-38.43 5.6988833
-38.42 5.6989311
-38.41 5.6989789
-38.4 5.6990267
-38.39 5.6990745
-38.38 5.6991223
-38.37 5.6991701
-38.36 5.6992179
-38.35 5.6992657
-38.34 5.6993135
-38.33 5.6993613
-38.32 5.6994091
-38.31 5.6994569
-38.3 5.6995047
-38.29 5.6995525
-38.28 5.6996003
-38.27 5.6996481
-38.26 5.6996959
-38.25 5.6997198
-38.24 5.6997676
-38.23 5.6998154
-38.22 5.6998632
-38.21 5.699911
-38.2 5.6999588
-38.19 5.7000066
-38.18 5.7000305
-38.17 5.7000783
-38.16 5.7001261
-38.15 5.7001739
-38.14 5.7002217
-38.13 5.7002456
-38.12 5.7002934
-38.11 5.7003412
-38.1 5.700389
-38.09 5.7004129
-38.08 5.7004607
-38.07 5.7005085
-38.06 5.7005324
-38.05 5.7005802
-38.04 5.700628
-38.03 5.7006519
-38.02 5.7006997
-38.01 5.7007475
-38.0 5.7007714
-37.99 5.7008192
-37.98 5.700867
-37.97 5.7008909
-37.96 5.7009387
-37.95 5.7009626
-37.94 5.7010104
-37.93 5.7010582
-37.92 5.7010821
-37.91 5.7011299
-37.9 5.7011538
-37.89 5.7012016
-37.88 5.7012255
-37.87 5.7012733
-37.86 5.7012972
-37.85 5.701345
-37.84 5.7013689
-37.83 5.7014167
-37.82 5.7014406
-37.81 5.7014645
-37.8 5.7015123
-37.79 5.7015362
-37.78 5.701584
-37.77 5.7016079
-37.76 5.7016318
-37.75 5.7016796
-37.74 5.7017035
-37.73 5.7017513
-37.72 5.7017752
-37.71 5.7017991
-37.7 5.7018469
-37.69 5.7018708
-37.68 5.7018947
-37.67 5.7019186
-37.66 5.7019664
-37.65 5.7019903
-37.64 5.7020142
-37.63 5.702062
-37.62 5.7020859
-37.61 5.7021098
-37.6 5.7021337
-37.59 5.7021576
-37.58 5.7022054
-37.57 5.7022293
-37.56 5.7022532
-37.55 5.7022771
-37.54 5.702301
-37.53 5.7023488
-37.52 5.7023727
-37.51 5.7023966
-37.5 5.7024205
-37.49 5.7024444
-37.48 5.7024683
-37.47 5.7024922
-37.46 5.7025161
-37.45 5.70254
-37.44 5.7025639
-37.43 5.7026117
-37.42 5.7026356
-37.41 5.7026595
-37.4 5.7026834
-37.39 5.7027073
-37.38 5.7027312
-37.37 5.7027551
-37.36 5.702779
-37.35 5.7028029
-37.34 5.7028268
-37.33 5.7028268
-37.32 5.7028507
-37.31 5.7028746
-37.3 5.7028985
-37.29 5.7029224
-37.28 5.7029463
-37.27 5.7029702
-37.26 5.7029941
-37.25 5.703018
-37.24 5.7030419
-37.23 5.7030419
-37.22 5.7030658
-37.21 5.7030897
-37.2 5.7031136
-37.19 5.7031375
-37.18 5.7031614
-37.17 5.7031614
-37.16 5.7031853
-37.15 5.7032092
-37.14 5.7032331
-37.13 5.7032331
-37.12 5.703257
-37.11 5.7032809
-37.1 5.7033048
-37.09 5.7033048
-37.08 5.7033287
-37.07 5.7033526
-37.06 5.7033526
-37.05 5.7033765
-37.04 5.7034004
-37.03 5.7034004
-37.02 5.7034243
-37.01 5.7034482
-37.0 5.7034482
-36.99 5.7034721
-36.98 5.703496
-36.97 5.703496
-36.96 5.7035199
-36.95 5.7035199
-36.94 5.7035438
-36.93 5.7035438
-36.92 5.7035677
-36.91 5.7035677
-36.9 5.7035916
-36.89 5.7036155
-36.88 5.7036155
-36.87 5.7036394
-36.86 5.7036394
-36.85 5.7036394
-36.84 5.7036633
-36.83 5.7036633
-36.82 5.7036872
-36.81 5.7036872
-36.8 5.7037111
-36.79 5.7037111
-36.78 5.703735
-36.77 5.703735
-36.76 5.703735
-36.75 5.7037589
-36.74 5.7037589
-36.73 5.7037589
-36.72 5.7037828
-36.71 5.7037828
-36.7 5.7037828
-36.69 5.7038067
-36.68 5.7038067
-36.67 5.7038067
-36.66 5.7038306
-36.65 5.7038306
-36.64 5.7038306
-36.63 5.7038545
-36.62 5.7038545
-36.61 5.7038545
-36.6 5.7038545
-36.59 5.7038784
-36.58 5.7038784
-36.57 5.7038784
-36.56 5.7038784
-36.55 5.7038784
-36.54 5.7038784
-36.53 5.7039023
-36.52 5.7039023
-36.51 5.7039023
-36.5 5.7039023
-36.49 5.7039023
-36.48 5.7039023
-36.47 5.7039023
-36.46 5.7039262
-36.45 5.7039262
-36.44 5.7039262
-36.43 5.7039262
-36.42 5.7039262
-36.41 5.7039262
-36.4 5.7039262
-36.39 5.7039262
-36.38 5.7039262
-36.37 5.7039262
-36.36 5.7039262
-36.35 5.7039262
-36.34 5.7039262
-36.33 5.7039262
-36.32 5.7039262
-36.31 5.7039262
-36.3 5.7039262
-36.29 5.7039262
-36.28 5.7039262
-36.27 5.7039262
-36.26 5.7039262
-36.25 5.7039262
-36.24 5.7039023
-36.23 5.7039023
-36.22 5.7039023
-36.21 5.7039023
-36.2 5.7039023
-36.19 5.7039023
-36.18 5.7039023
-36.17 5.7038784
-36.16 5.7038784
-36.15 5.7038784
-36.14 5.7038784
-36.13 5.7038784
-36.12 5.7038545
-36.11 5.7038545
-36.1 5.7038545
-36.09 5.7038545
-36.08 5.7038306
-36.07 5.7038306
-36.06 5.7038306
-36.05 5.7038306
-36.04 5.7038067
-36.03 5.7038067
-36.02 5.7038067
-36.01 5.7037828
-36.0 5.7037828
-35.99 5.7037828
-35.98 5.7037589
-35.97 5.7037589
-35.96 5.7037589
-35.95 5.703735
-35.94 5.703735
-35.93 5.7037111
-35.92 5.7037111
-35.91 5.7037111
-35.9 5.7036872
-35.89 5.7036872
-35.88 5.7036633
-35.87 5.7036633
-35.86 5.7036394
-35.85 5.7036394
-35.84 5.7036394
-35.83 5.7036155
-35.82 5.7036155
-35.81 5.7035916
-35.8 5.7035916
-35.79 5.7035677
-35.78 5.7035438
-35.77 5.7035438
-35.76 5.7035199
-35.75 5.7035199
-35.74 5.703496
-35.73 5.703496
-35.72 5.7034721
-35.71 5.7034482
-35.7 5.7034482
-35.69 5.7034243
-35.68 5.7034243
-35.67 5.7034004
-35.66 5.7033765
-35.65 5.7033765
-35.64 5.7033526
-35.63 5.7033287
-35.62 5.7033287
-35.61 5.7033048
-35.6 5.7032809
-35.59 5.7032809
-35.58 5.703257
-35.57 5.7032331
-35.56 5.7032092
-35.55 5.7032092
-35.54 5.7031853
-35.53 5.7031614
-35.52 5.7031375
-35.51 5.7031375
-35.5 5.7031136
-35.49 5.7030897
-35.48 5.7030658
-35.47 5.7030419
-35.46 5.7030419
-35.45 5.703018
-35.44 5.7029941
-35.43 5.7029702
-35.42 5.7029463
-35.41 5.7029224
-35.4 5.7029224
-35.39 5.7028985
-35.38 5.7028746
-35.37 5.7028507
-35.36 5.7028268
-35.35 5.7028029
-35.34 5.702779
-35.33 5.7027551
-35.32 5.7027312
-35.31 5.7027073
-35.3 5.7026834
-35.29 5.7026595
-35.28 5.7026356
-35.27 5.7026117
-35.26 5.7025878
-35.25 5.7025639
-35.24 5.70254
-35.23 5.7025161
-35.22 5.7024922
-35.21 5.7024683
-35.2 5.7024444
-35.19 5.7024205
-35.18 5.7023966
-35.17 5.7023727
-35.16 5.7023488
-35.15 5.7023249
-35.14 5.702301
-35.13 5.7022771
-35.12 5.7022293
-35.11 5.7022054
-35.1 5.7021815
-35.09 5.7021576
-35.08 5.7021337
-35.07 5.7021098
-35.06 5.7020859
-35.05 5.7020381
-35.04 5.7020142
-35.03 5.7019903
-35.02 5.7019664
-35.01 5.7019425
-35.0 5.7018947
-34.99 5.7018708
-34.98 5.7018469
-34.97 5.701823
-34.96 5.7017752
-34.95 5.7017513
-34.94 5.7017274
-34.93 5.7016796
-34.92 5.7016557
-34.91 5.7016318
-34.9 5.7016079
-34.89 5.7015601
-34.88 5.7015362
-34.87 5.7015123
-34.86 5.7014645
-34.85 5.7014406
-34.84 5.7013928
-34.83 5.7013689
-34.82 5.701345
-34.81 5.7012972
-34.8 5.7012733
-34.79 5.7012494
-34.78 5.7012016
-34.77 5.7011777
-34.76 5.7011299
-34.75 5.701106
-34.74 5.7010582
-34.73 5.7010343
-34.72 5.7009865
-34.71 5.7009626
-34.7 5.7009148
-34.69 5.7008909
-34.68 5.7008431
-34.67 5.7008192
-34.66 5.7007714
-34.65 5.7007475
-34.64 5.7006997
-34.63 5.7006758
-34.62 5.700628
-34.61 5.7006041
-34.6 5.7005563
-34.59 5.7005324
-34.58 5.7004846
-34.57 5.7004368
-34.56 5.7004129
-34.55 5.7003651
-34.54 5.7003412
-34.53 5.7002934
-34.52 5.7002456
-34.51 5.7002217
-34.5 5.7001739
-34.49 5.7001261
-34.48 5.7001022
-34.47 5.7000544
-34.46 5.7000066
-34.45 5.6999827
-34.44 5.6999349
-34.43 5.6998871
-34.42 5.6998632
-34.41 5.6998154
-34.4 5.6997676
-34.39 5.6997198
-34.38 5.6996959
-34.37 5.6996481
-34.36 5.6996003
-34.35 5.6995525
-34.34 5.6995047
-34.33 5.6994808
-34.32 5.699433
-34.31 5.6993852
-34.3 5.6993374
-34.29 5.6992896
-34.28 5.6992657
-34.27 5.6992179
-34.26 5.6991701
-34.25 5.6991223
-34.24 5.6990745
-34.23 5.6990267
-34.22 5.6989789
-34.21 5.698955
-34.2 5.6989072
-34.19 5.6988594
-34.18 5.6988116
-34.17 5.6987638
-34.16 5.698716
-34.15 5.6986682
-34.14 5.6986204
-34.13 5.6985726
-34.12 5.6985248
-34.11 5.698477
-34.1 5.6984292
-34.09 5.6983814
-34.08 5.6983336
-34.07 5.6982858
-34.06 5.698238
-34.05 5.6981902
-34.04 5.6981424
-34.03 5.6980946
-34.02 5.6980468
-34.01 5.697999
-34.0 5.6979512
-33.99 5.6979034
-33.98 5.6978556
-33.97 5.6978078
-33.96 5.69776
-33.95 5.6976883
-33.94 5.6976405
-33.93 5.6975927
-33.92 5.6975449
-33.91 5.6974971
-33.9 5.6974493
-33.89 5.6974015
-33.88 5.6973537
-33.87 5.697282
-33.86 5.6972342
-33.85 5.6971864
-33.84 5.6971386
-33.83 5.6970908
-33.82 5.6970191
-33.81 5.6969713
-33.8 5.6969235
-33.79 5.6968757
-33.78 5.6968279
-33.77 5.6967562
-33.76 5.6967084
-33.75 5.6966606
-33.74 5.6966128
-33.73 5.6965411
-33.72 5.6964933
-33.71 5.6964455
-33.7 5.6963738
-33.69 5.696326
-33.68 5.6962782
-33.67 5.6962065
-33.66 5.6961587
-33.65 5.6961109
-33.64 5.6960392
-33.63 5.6959914
-33.62 5.6959436
-33.61 5.6958719
-33.6 5.6958241
-33.59 5.6957763
-33.58 5.6957046
-33.57 5.6956568
-33.56 5.6955851
-33.55 5.6955373
-33.54 5.6954656
-33.53 5.6954178
-33.52 5.69537
-33.51 5.6952983
-33.5 5.6952505
-33.49 5.6951788
-33.48 5.695131
-33.47 5.6950593
-33.46 5.6950115
-33.45 5.6949398
-33.44 5.694892
-33.43 5.6948203
-33.42 5.6947725
-33.41 5.6947008
-33.4 5.694653
-33.39 5.6945813
-33.38 5.6945335
-33.37 5.6944618
-33.36 5.694414
-33.35 5.6943423
-33.34 5.6942706
-33.33 5.6942228
-33.32 5.6941511
-33.31 5.6941033
-33.3 5.6940316
-33.29 5.6939599
-33.28 5.6939121
-33.27 5.6938404
-33.26 5.6937687
-33.25 5.6937209
-33.24 5.6936492
-33.23 5.6936014
-33.22 5.6935297
-33.21 5.693458
-33.2 5.6933863
-33.19 5.6933385
-33.18 5.6932668
-33.17 5.6931951
-33.16 5.6931473
-33.15 5.6930756
-33.14 5.6930039
-33.13 5.6929322
-33.12 5.6928844
-33.11 5.6928127
-33.1 5.692741
-33.09 5.6926693
-33.08 5.6926215
-33.07 5.6925498
-33.06 5.6924781
-33.05 5.6924064
-33.04 5.6923586
-33.03 5.6922869
-33.02 5.6922152
-33.01 5.6921435
-33.0 5.6920718
-32.99 5.6920001
-32.98 5.6919523
-32.97 5.6918806
-32.96 5.6918089
-32.95 5.6917372
-32.94 5.6916655
-32.93 5.6915938
-32.92 5.6915221
-32.91 5.6914504
-32.9 5.6913787
-32.89 5.6913309
-32.88 5.6912592
-32.87 5.6911875
-32.86 5.6911158
-32.85 5.6910441
-32.84 5.6909724
-32.83 5.6909007
-32.82 5.690829
-32.81 5.6907573
-32.8 5.6906856
-32.79 5.6906139
-32.78 5.6905422
-32.77 5.6904705
-32.76 5.6903988
-32.75 5.6903271
-32.74 5.6902554
-32.73 5.6901837
-32.72 5.690112
-32.71 5.6900403
-32.7 5.6899686
-32.69 5.6898969
-32.68 5.6898252
-32.67 5.6897535
-32.66 5.6896818
-32.65 5.6895862
-32.64 5.6895145
-32.63 5.6894428
-32.62 5.6893711
-32.61 5.6892994
-32.6 5.6892277
-32.59 5.689156
-32.58 5.6890843
-32.57 5.6889887
-32.56 5.688917
-32.55 5.6888453
-32.54 5.6887736
-32.53 5.6887019
-32.52 5.6886302
-32.51 5.6885346
-32.5 5.6884629
-32.49 5.6883912
-32.48 5.6883195
-32.47 5.6882478
-32.46 5.6881522
-32.45 5.6880805
-32.44 5.6880088
-32.43 5.6879371
-32.42 5.6878415
-32.41 5.6877698
-32.4 5.6876981
-32.39 5.6876264
-32.38 5.6875308
-32.37 5.6874591
-32.36 5.6873874
-32.35 5.6873157
-32.34 5.6872201
-32.33 5.6871484
-32.32 5.6870767
-32.31 5.6869811
-32.3 5.6869094
-32.29 5.6868377
-32.28 5.6867421
-32.27 5.6866704
-32.26 5.6865987
-32.25 5.6865031
-32.24 5.6864314
-32.23 5.6863358
-32.22 5.6862641
-32.21 5.6861924
-32.2 5.6860968
-32.19 5.6860251
-32.18 5.6859295
-32.17 5.6858578
-32.16 5.6857861
-32.15 5.6856905
-32.14 5.6856188
-32.13 5.6855232
-32.12 5.6854515
-32.11 5.6853559
-32.1 5.6852842
-32.09 5.6851886
-32.08 5.6851169
-32.07 5.6850213
-32.06 5.6849496
-32.05 5.684854
-32.04 5.6847823
-32.03 5.6846867
-32.02 5.684615
-32.01 5.6845194
-32.0 5.6844477
-31.99 5.6843521
-31.98 5.6842804
-31.97 5.6841848
-31.96 5.6840892
-31.95 5.6840175
-31.94 5.6839219
-31.93 5.6838502
-31.92 5.6837546
-31.91 5.6836829
-31.9 5.6835873
-31.89 5.6834917
-31.88 5.68342
-31.87 5.6833244
-31.86 5.6832288
-31.85 5.6831571
-31.84 5.6830615
-31.83 5.6829898
-31.82 5.6828942
-31.81 5.6827986
-31.8 5.6827269
-31.79 5.6826313
-31.78 5.6825357
-31.77 5.6824401
-31.76 5.6823684
-31.75 5.6822728
-31.74 5.6821772
-31.73 5.6821055
-31.72 5.6820099
-31.71 5.6819143
-31.7 5.6818187
-31.69 5.681747
-31.68 5.6816514
-31.67 5.6815558
-31.66 5.6814602
-31.65 5.6813885
-31.64 5.6812929
-31.63 5.6811973
-31.62 5.6811017
-31.61 5.68103
-31.6 5.6809344
-31.59 5.6808388
-31.58 5.6807432
-31.57 5.6806476
-31.56 5.680552
-31.55 5.6804803
-31.54 5.6803847
-31.53 5.6802891
-31.52 5.6801935
-31.51 5.6800979
-31.5 5.6800023
-31.49 5.6799306
-31.48 5.679835
-31.47 5.6797394
-31.46 5.6796438
-31.45 5.6795482
-31.44 5.6794526
-31.43 5.679357
-31.42 5.6792614
-31.41 5.6791658
-31.4 5.6790702
-31.39 5.6789746
-31.38 5.678879
-31.37 5.6788073
-31.36 5.6787117
-31.35 5.6786161
-31.34 5.6785205
-31.33 5.6784249
-31.32 5.6783293
-31.31 5.6782337
-31.3 5.6781381
-31.29 5.6780425
-31.28 5.6779469
-31.27 5.6778513
-31.26 5.6777557
-31.25 5.6776601
-31.24 5.6775645
-31.23 5.6774689
-31.22 5.6773733
-31.21 5.6772777
-31.2 5.6771582
-31.19 5.6770626
-31.18 5.676967
-31.17 5.6768714
-31.16 5.6767758
-31.15 5.6766802
-31.14 5.6765846
-31.13 5.676489
-31.12 5.6763934
-31.11 5.6762978
-31.1 5.6762022
-31.09 5.6760827
-31.08 5.6759871
-31.07 5.6758915
-31.06 5.6757959
-31.05 5.6757003
-31.04 5.6756047
-31.03 5.6755091
-31.02 5.6753896
-31.01 5.675294
-31.0 5.6751984
-30.99 5.6751028
-30.98 5.6750072
-30.97 5.6749116
-30.96 5.6747921
-30.95 5.6746965
-30.94 5.6746009
-30.93 5.6745053
-30.92 5.6744097
-30.91 5.6742902
-30.9 5.6741946
-30.89 5.674099
-30.88 5.6740034
-30.87 5.6738839
-30.86 5.6737883
-30.85 5.6736927
-30.84 5.6735971
-30.83 5.6734776
-30.82 5.673382
-30.81 5.6732864
-30.8 5.6731669
-30.79 5.6730713
-30.78 5.6729757
-30.77 5.6728562
-30.76 5.6727606
-30.75 5.672665
-30.74 5.6725455
-30.73 5.6724499
-30.72 5.6723543
-30.71 5.6722348
-30.7 5.6721392
-30.69 5.6720436
-30.68 5.6719241
-30.67 5.6718285
-30.66 5.6717329
-30.65 5.6716134
-30.64 5.6715178
-30.63 5.6713983
-30.62 5.6713027
-30.61 5.6712071
-30.6 5.6710876
-30.59 5.670992
-30.58 5.6708725
-30.57 5.6707769
-30.56 5.6706813
-30.55 5.6705618
-30.54 5.6704662
-30.53 5.6703467
-30.52 5.6702511
-30.51 5.6701316
-30.5 5.670036
-30.49 5.6699165
-30.48 5.6698209
-30.47 5.6697014
-30.46 5.6696058
-30.45 5.6694863
-30.44 5.6693907
-30.43 5.6692712
-30.42 5.6691756
-30.41 5.6690561
-30.4 5.6689605
-30.39 5.668841
-30.38 5.6687454
-30.37 5.6686259
-30.36 5.6685303
-30.35 5.6684108
-30.34 5.6683152
-30.33 5.6681957
-30.32 5.6680762
-30.31 5.6679806
-30.3 5.6678611
-30.29 5.6677655
-30.28 5.667646
-30.27 5.6675504
-30.26 5.6674309
-30.25 5.6673114
-30.24 5.6672158
-30.23 5.6670963
-30.22 5.6669768
-30.21 5.6668812
-30.2 5.6667617
-30.19 5.6666661
-30.18 5.6665466
-30.17 5.6664271
-30.16 5.6663315
-30.15 5.666212
-30.14 5.6660925
-30.13 5.6659969
-30.12 5.6658774
-30.11 5.6657579
-30.1 5.6656623
-30.09 5.6655428
-30.08 5.6654233
-30.07 5.6653038
-30.06 5.6652082
-30.05 5.6650887
-30.04 5.6649692
-30.03 5.6648736
-30.02 5.6647541
-30.01 5.6646346
-30.0 5.6645151
-29.99 5.6644195
-29.98 5.6643
-29.97 5.6641805
-29.96 5.664061
-29.95 5.6639654
-29.94 5.6638459
-29.93 5.6637264
-29.92 5.6636069
-29.91 5.6634874
-29.9 5.6633918
-29.89 5.6632723
-29.88 5.6631528
-29.87 5.6630333
-29.86 5.6629138
-29.85 5.6628182
-29.84 5.6626987
-29.83 5.6625792
-29.82 5.6624597
-29.81 5.6623402
-29.8 5.6622207
-29.79 5.6621251
-29.78 5.6620056
-29.77 5.6618861
-29.76 5.6617666
-29.75 5.6616471
-29.74 5.6615276
-29.73 5.6614081
-29.72 5.6613125
-29.71 5.661193
-29.7 5.6610735
-29.69 5.660954
-29.68 5.6608345
-29.67 5.660715
-29.66 5.6605955
-29.65 5.660476
-29.64 5.6603565
-29.63 5.660237
-29.62 5.6601175
-29.61 5.659998
-29.6 5.6598785
-29.59 5.6597829
-29.58 5.6596634
-29.57 5.6595439
-29.56 5.6594244
-29.55 5.6593049
-29.54 5.6591854
-29.53 5.6590659
-29.52 5.6589464
-29.51 5.6588269
-29.5 5.6587074
-29.49 5.6585879
-29.48 5.6584684
-29.47 5.6583489
-29.46 5.6582294
-29.45 5.6581099
-29.44 5.6579904
-29.43 5.6578709
-29.42 5.6577514
-29.41 5.657608
-29.4 5.6574885
-29.39 5.657369
-29.38 5.6572495
-29.37 5.65713
-29.36 5.6570105
-29.35 5.656891
-29.34 5.6567715
-29.33 5.656652
-29.32 5.6565325
-29.31 5.656413
-29.3 5.6562935
-29.29 5.656174
-29.28 5.6560306
-29.27 5.6559111
-29.26 5.6557916
-29.25 5.6556721
-29.24 5.6555526
-29.23 5.6554331
-29.22 5.6553136
-29.21 5.6551941
-29.2 5.6550507
-29.19 5.6549312
-29.18 5.6548117
-29.17 5.6546922
-29.16 5.6545727
-29.15 5.6544532
-29.14 5.6543098
-29.13 5.6541903
-29.12 5.6540708
-29.11 5.6539513
-29.1 5.6538318
-29.09 5.6537123
-29.08 5.6535689
-29.07 5.6534494
-29.06 5.6533299
-29.05 5.6532104
-29.04 5.6530909
-29.03 5.6529475
-29.02 5.652828
-29.01 5.6527085
-29.0 5.652589
-28.99 5.6524456
-28.98 5.6523261
-28.97 5.6522066
-28.96 5.6520871
-28.95 5.6519437
-28.94 5.6518242
-28.93 5.6517047
-28.92 5.6515852
-28.91 5.6514418
-28.9 5.6513223
-28.89 5.6512028
-28.88 5.6510594
-28.87 5.6509399
-28.86 5.6508204
-28.85 5.650677
-28.84 5.6505575
-28.83 5.650438
-28.82 5.6503185
-28.81 5.6501751
-28.8 5.6500556
-28.79 5.6499361
-28.78 5.6497927
-28.77 5.6496732
-28.76 5.6495537
-28.75 5.6494103
-28.74 5.6492908
-28.73 5.6491474
-28.72 5.6490279
-28.71 5.6489084
-28.7 5.648765
-28.69 5.6486455
-28.68 5.648526
-28.67 5.6483826
-28.66 5.6482631
-28.65 5.6481197
-28.64 5.6480002
-28.63 5.6478807
-28.62 5.6477373
-28.61 5.6476178
-28.6 5.6474744
-28.59 5.6473549
-28.58 5.6472354
-28.57 5.647092
-28.56 5.6469725
-28.55 5.6468291
-28.54 5.6467096
-28.53 5.6465662
-28.52 5.6464467
-28.51 5.6463033
-28.5 5.6461838
-28.49 5.6460643
-28.48 5.6459209
-28.47 5.6458014
-28.46 5.645658
-28.45 5.6455385
-28.44 5.6453951
-28.43 5.6452756
-28.42 5.6451322
-28.41 5.6450127
-28.4 5.6448693
-28.39 5.6447498
-28.38 5.6446064
-28.37 5.6444869
-28.36 5.6443435
-28.35 5.644224
-28.34 5.6440806
-28.33 5.6439611
-28.32 5.6438177
-28.31 5.6436743
-28.3 5.6435548
-28.29 5.6434114
-28.28 5.6432919
-28.27 5.6431485
-28.26 5.643029
-28.25 5.6428856
-28.24 5.6427661
-28.23 5.6426227
-28.22 5.6424793
-28.21 5.6423598
-28.2 5.6422164
-28.19 5.6420969
-28.18 5.6419535
-28.17 5.6418101
-28.16 5.6416906
-28.15 5.6415472
-28.14 5.6414277
-28.13 5.6412843
-28.12 5.6411409
-28.11 5.6410214
-28.1 5.640878
-28.09 5.6407585
-28.08 5.6406151
-28.07 5.6404717
-28.06 5.6403522
-28.05 5.6402088
-28.04 5.6400654
-28.03 5.6399459
-28.02 5.6398025
-28.01 5.6396591
-28.0 5.6395396
-27.99 5.6393962
-27.98 5.6392528
-27.97 5.6391333
-27.96 5.6389899
-27.95 5.6388465
-27.94 5.638727
-27.93 5.6385836
-27.92 5.6384402
-27.91 5.6383207
-27.9 5.6381773
-27.89 5.6380339
-27.88 5.6379144
-27.87 5.637771
-27.86 5.6376276
-27.85 5.6374842
-27.84 5.6373647
-27.83 5.6372213
-27.82 5.6370779
-27.81 5.6369345
-27.8 5.636815
-27.79 5.6366716
-27.78 5.6365282
-27.77 5.6363848
-27.76 5.6362653
-27.75 5.6361219
-27.74 5.6359785
-27.73 5.6358351
-27.72 5.6357156
-27.71 5.6355722
-27.7 5.6354288
-27.69 5.6352854
-27.68 5.6351659
-27.67 5.6350225
-27.66 5.6348791
-27.65 5.6347357
-27.64 5.6345923
-27.63 5.6344728
-27.62 5.6343294
-27.61 5.634186
-27.6 5.6340426
-27.59 5.6338992
-27.58 5.6337797
-27.57 5.6336363
-27.56 5.6334929
-27.55 5.6333495
-27.54 5.6332061
-27.53 5.6330627
-27.52 5.6329432
-27.51 5.6327998
-27.5 5.6326564
-27.49 5.632513
-27.48 5.6323696
-27.47 5.6322262
-27.46 5.6320828
-27.45 5.6319633
-27.44 5.6318199
-27.43 5.6316765
-27.42 5.6315331
-27.41 5.6313897
-27.4 5.6312463
-27.39 5.6311029
-27.38 5.6309595
-27.37 5.63084
-27.36 5.6306966
-27.35 5.6305532
-27.34 5.6304098
-27.33 5.6302664
-27.32 5.630123
-27.31 5.6299796
-27.3 5.6298362
-27.29 5.6296928
-27.28 5.6295494
-27.27 5.629406
-27.26 5.6292626
-27.25 5.6291431
-27.24 5.6289997
-27.23 5.6288563
-27.22 5.6287129
-27.21 5.6285695
-27.2 5.6284261
-27.19 5.6282827
-27.18 5.6281393
-27.17 5.6279959
-27.16 5.6278525
-27.15 5.6277091
-27.14 5.6275657
-27.13 5.6274223
-27.12 5.6272789
-27.11 5.6271355
-27.1 5.6269921
-27.09 5.6268487
-27.08 5.6267053
-27.07 5.6265619
-27.06 5.6264185
-27.05 5.6262751
-27.04 5.6261317
-27.03 5.6259883
-27.02 5.6258449
-27.01 5.6257015
-27.0 5.6255581
-26.99 5.6254147
-26.98 5.6252713
-26.97 5.6251279
-26.96 5.6249845
-26.95 5.6248411
-26.94 5.6246977
-26.93 5.6245543
-26.92 5.6244109
-26.91 5.6242675
-26.9 5.6241241
-26.89 5.6239807
-26.88 5.6238373
-26.87 5.6236939
-26.86 5.6235505
-26.85 5.6234071
-26.84 5.6232398
-26.83 5.6230964
-26.82 5.622953
-26.81 5.6228096
-26.8 5.6226662
-26.79 5.6225228
-26.78 5.6223794
-26.77 5.622236
-26.76 5.6220926
-26.75 5.6219492
-26.74 5.6218058
-26.73 5.6216624
-26.72 5.6214951
-26.71 5.6213517
-26.7 5.6212083
-26.69 5.6210649
-26.68 5.6209215
-26.67 5.6207781
-26.66 5.6206347
-26.65 5.6204913
-26.64 5.6203479
-26.63 5.6201806
-26.62 5.6200372
-26.61 5.6198938
-26.6 5.6197504
-26.59 5.619607
-26.58 5.6194636
-26.57 5.6193202
-26.56 5.6191529
-26.55 5.6190095
-26.54 5.6188661
-26.53 5.6187227
-26.52 5.6185793
-26.51 5.6184359
-26.5 5.6182925
-26.49 5.6181252
-26.48 5.6179818
-26.47 5.6178384
-26.46 5.617695
-26.45 5.6175516
-26.44 5.6173843
-26.43 5.6172409
-26.42 5.6170975
-26.41 5.6169541
-26.4 5.6168107
-26.39 5.6166673
-26.38 5.6165
-26.37 5.6163566
-26.36 5.6162132
-26.35 5.6160698
-26.34 5.6159025
-26.33 5.6157591
-26.32 5.6156157
-26.31 5.6154723
-26.3 5.6153289
-26.29 5.6151616
-26.28 5.6150182
-26.27 5.6148748
-26.26 5.6147314
-26.25 5.6145641
-26.24 5.6144207
-26.23 5.6142773
-26.22 5.6141339
-26.21 5.6139905
-26.2 5.6138232
-26.19 5.6136798
-26.18 5.6135364
-26.17 5.613393
-26.16 5.6132257
-26.15 5.6130823
-26.14 5.6129389
-26.13 5.6127955
-26.12 5.6126282
-26.11 5.6124848
-26.1 5.6123414
-26.09 5.6121741
-26.08 5.6120307
-26.07 5.6118873
-26.06 5.6117439
-26.05 5.6115766
-26.04 5.6114332
-26.03 5.6112898
-26.02 5.6111225
-26.01 5.6109791
-26.0 5.6108357
-25.99 5.6106923
-25.98 5.610525
-25.97 5.6103816
-25.96 5.6102382
-25.95 5.6100709
-25.94 5.6099275
-25.93 5.6097841
-25.92 5.6096168
-25.91 5.6094734
-25.9 5.60933
-25.89 5.6091627
-25.88 5.6090193
-25.87 5.6088759
-25.86 5.6087086
-25.85 5.6085652
-25.84 5.6084218
-25.83 5.6082545
-25.82 5.6081111
-25.81 5.6079677
-25.8 5.6078004
-25.79 5.607657
-25.78 5.6075136
-25.77 5.6073463
-25.76 5.6072029
-25.75 5.6070595
-25.74 5.6068922
-25.73 5.6067488
-25.72 5.6066054
-25.71 5.6064381
-25.7 5.6062947
-25.69 5.6061274
-25.68 5.605984
-25.67 5.6058406
-25.66 5.6056733
-25.65 5.6055299
-25.64 5.6053865
-25.63 5.6052192
-25.62 5.6050758
-25.61 5.6049085
-25.6 5.6047651
-25.59 5.6046217
-25.58 5.6044544
-25.57 5.604311
-25.56 5.6041437
-25.55 5.6040003
-25.54 5.6038569
-25.53 5.6036896
-25.52 5.6035462
-25.51 5.6033789
-25.5 5.6032355
-25.49 5.6030921
-25.48 5.6029248
-25.47 5.6027814
-25.46 5.6026141
-25.45 5.6024707
-25.44 5.6023273
-25.43 5.60216
-25.42 5.6020166
-25.41 5.6018493
-25.4 5.6017059
-25.39 5.6015386
-25.38 5.6013952
-25.37 5.6012518
-25.36 5.6010845
-25.35 5.6009411
-25.34 5.6007738
-25.33 5.6006304
-25.32 5.6004631
-25.31 5.6003197
-25.3 5.6001524
-25.29 5.600009
-25.28 5.5998417
-25.27 5.5996983
-25.26 5.5995549
-25.25 5.5993876
-25.24 5.5992442
-25.23 5.5990769
-25.22 5.5989335
-25.21 5.5987662
-25.2 5.5986228
-25.19 5.5984555
-25.18 5.5983121
-25.17 5.5981448
-25.16 5.5980014
-25.15 5.5978341
-25.14 5.5976907
-25.13 5.5975234
-25.12 5.59738
-25.11 5.5972127
-25.1 5.5970693
-25.09 5.596902
-25.08 5.5967586
-25.07 5.5965913
-25.06 5.5964479
-25.05 5.5962806
-25.04 5.5961372
-25.03 5.5959699
-25.02 5.5958265
-25.01 5.5956592
-25.0 5.5955158
-24.99 5.5953485
-24.98 5.5952051
-24.97 5.5950378
-24.96 5.5948944
-24.95 5.5947271
-24.94 5.5945837
-24.93 5.5944164
-24.92 5.594273
-24.91 5.5941057
-24.9 5.5939623
-24.89 5.593795
-24.88 5.5936516
-24.87 5.5934843
-24.86 5.5933409
-24.85 5.5931736
-24.84 5.5930302
-24.83 5.5928629
-24.82 5.5927195
-24.81 5.5925522
-24.8 5.5923849
-24.79 5.5922415
-24.78 5.5920742
-24.77 5.5919308
-24.76 5.5917635
-24.75 5.5916201
-24.74 5.5914528
-24.73 5.5913094
-24.72 5.5911421
-24.71 5.5909987
-24.7 5.5908314
-24.69 5.5906641
-24.68 5.5905207
-24.67 5.5903534
-24.66 5.59021
-24.65 5.5900427
-24.64 5.5898993
-24.63 5.589732
-24.62 5.5895647
-24.61 5.5894213
-24.6 5.589254
-24.59 5.5891106
-24.58 5.5889433
-24.57 5.5887999
-24.56 5.5886326
-24.55 5.5884653
-24.54 5.5883219
-24.53 5.5881546
-24.52 5.5880112
-24.51 5.5878439
-24.5 5.5876766
-24.49 5.5875332
-24.48 5.5873659
-24.47 5.5872225
-24.46 5.5870552
-24.45 5.5869118
-24.44 5.5867445
-24.43 5.5865772
-24.42 5.5864338
-24.41 5.5862665
-24.4 5.5861231
-24.39 5.5859558
-24.38 5.5857885
-24.37 5.5856451
-24.36 5.5854778
-24.35 5.5853344
-24.34 5.5851671
-24.33 5.5849998
-24.32 5.5848564
-24.31 5.5846891
-24.3 5.5845218
-24.29 5.5843784
-24.28 5.5842111
-24.27 5.5840677
-24.26 5.5839004
-24.25 5.5837331
-24.24 5.5835897
-24.23 5.5834224
-24.22 5.583279
-24.21 5.5831117
-24.2 5.5829444
-24.19 5.582801
-24.18 5.5826337
-24.17 5.5824664
-24.16 5.582323
-24.15 5.5821557
-24.14 5.5819884
-24.13 5.581845
-24.12 5.5816777
-24.11 5.5815343
-24.1 5.581367
-24.09 5.5811997
-24.08 5.5810563
-24.07 5.580889
-24.06 5.5807217
-24.05 5.5805783
-24.04 5.580411
-24.03 5.5802437
-24.02 5.5801003
-24.01 5.579933
-24.0 5.5797657
-23.99 5.5796223
-23.98 5.579455
-23.97 5.5793116
-23.96 5.5791443
-23.95 5.578977
-23.94 5.5788336
-23.93 5.5786663
-23.92 5.578499
-23.91 5.5783556
-23.9 5.5781883
-23.89 5.578021
-23.88 5.5778776
-23.87 5.5777103
-23.86 5.577543
-23.85 5.5773996
-23.84 5.5772323
-23.83 5.577065
-23.82 5.5769216
-23.81 5.5767543
-23.8 5.576587
-23.79 5.5764436
-23.78 5.5762763
-23.77 5.576109
-23.76 5.5759656
-23.75 5.5757983
-23.74 5.575631
-23.73 5.5754876
-23.72 5.5753203
-23.71 5.575153
-23.7 5.5750096
-23.69 5.5748423
-23.68 5.574675
-23.67 5.5745077
-23.66 5.5743643
-23.65 5.574197
-23.64 5.5740297
-23.63 5.5738863
-23.62 5.573719
-23.61 5.5735517
-23.6 5.5734083
-23.59 5.573241
-23.58 5.5730737
-23.57 5.5729303
-23.56 5.572763
-23.55 5.5725957
-23.54 5.5724523
-23.53 5.572285
-23.52 5.5721177
-23.51 5.5719504
-23.5 5.571807
-23.49 5.5716397
-23.48 5.5714724
-23.47 5.571329
-23.46 5.5711617
-23.45 5.5709944
-23.44 5.570851
-23.43 5.5706837
-23.42 5.5705164
-23.41 5.570373
-23.4 5.5702057
-23.39 5.5700384
-23.38 5.5698711
-23.37 5.5697277
-23.36 5.5695604
-23.35 5.5693931
-23.34 5.5692497
-23.33 5.5690824
-23.32 5.5689151
-23.31 5.5687478
-23.3 5.5686044
-23.29 5.5684371
-23.28 5.5682698
-23.27 5.5681264
-23.26 5.5679591
-23.25 5.5677918
-23.24 5.5676245
-23.23 5.5674811
-23.22 5.5673138
-23.21 5.5671465
-23.2 5.5670031
-23.19 5.5668358
-23.18 5.5666685
-23.17 5.5665012
-23.16 5.5663578
-23.15 5.5661905
-23.14 5.5660232
-23.13 5.5658798
-23.12 5.5657125
-23.11 5.5655452
-23.1 5.5653779
-23.09 5.5652345
-23.08 5.5650672
-23.07 5.5648999
-23.06 5.5647565
-23.05 5.5645892
-23.04 5.5644219
-23.03 5.5642546
-23.02 5.5641112
-23.01 5.5639439
-23.0 5.5637766
-22.99 5.5636332
-22.98 5.5634659
-22.97 5.5632986
-22.96 5.5631313
-22.95 5.5629879
-22.94 5.5628206
-22.93 5.5626533
-22.92 5.562486
-22.91 5.5623426
-22.9 5.5621753
-22.89 5.562008
-22.88 5.5618646
-22.87 5.5616973
-22.86 5.56153
-22.85 5.5613627
-22.84 5.5612193
-22.83 5.561052
-22.82 5.5608847
-22.81 5.5607174
-22.8 5.560574
-22.79 5.5604067
-22.78 5.5602394
-22.77 5.560096
-22.76 5.5599287
-22.75 5.5597614
-22.74 5.5595941
-22.73 5.5594507
-22.72 5.5592834
-22.71 5.5591161
-22.7 5.5589488
-22.69 5.5588054
-22.68 5.5586381
-22.67 5.5584708
-22.66 5.5583035
-22.65 5.5581601
-22.64 5.5579928
-22.63 5.5578255
-22.62 5.5576821
-22.61 5.5575148
-22.6 5.5573475
-22.59 5.5571802
-22.58 5.5570368
-22.57 5.5568695
-22.56 5.5567022
-22.55 5.5565349
-22.54 5.5563915
-22.53 5.5562242
-22.52 5.5560569
-22.51 5.5558896
-22.5 5.5557462
-22.49 5.5555789
-22.48 5.5554116
-22.47 5.5552443
-22.46 5.5551009
-22.45 5.5549336
-22.44 5.5547663
-22.43 5.5546229
-22.42 5.5544556
-22.41 5.5542883
-22.4 5.554121
-22.39 5.5539776
-22.38 5.5538103
-22.37 5.553643
-22.36 5.5534757
-22.35 5.5533323
-22.34 5.553165
-22.33 5.5529977
-22.32 5.5528304
-22.31 5.552687
-22.3 5.5525197
-22.29 5.5523524
-22.28 5.552209
-22.27 5.5520417
-22.26 5.5518744
-22.25 5.5517071
-22.24 5.5515637
-22.23 5.5513964
-22.22 5.5512291
-22.21 5.5510618
-22.2 5.5509184
-22.19 5.5507511
-22.18 5.5505838
-22.17 5.5504165
-22.16 5.5502731
-22.15 5.5501058
-22.14 5.5499385
-22.13 5.5497712
-22.12 5.5496278
-22.11 5.5494605
-22.1 5.5492932
-22.09 5.5491498
-22.08 5.5489825
-22.07 5.5488152
-22.06 5.5486479
-22.05 5.5485045
-22.04 5.5483372
-22.03 5.5481699
-22.02 5.5480026
-22.01 5.5478592
-22.0 5.5476919
-21.99 5.5475246
-21.98 5.5473573
-21.97 5.5472139
-21.96 5.5470466
-21.95 5.5468793
-21.94 5.5467359
-21.93 5.5465686
-21.92 5.5464013
-21.91 5.546234
-21.9 5.5460906
-21.89 5.5459233
-21.88 5.545756
-21.87 5.5455887
-21.86 5.5454453
-21.85 5.545278
-21.84 5.5451107
-21.83 5.5449673
-21.82 5.5448
-21.81 5.5446327
-21.8 5.5444654
-21.79 5.544322
-21.78 5.5441547
-21.77 5.5439874
-21.76 5.5438201
-21.75 5.5436767
-21.74 5.5435094
-21.73 5.5433421
-21.72 5.5431987
-21.71 5.5430314
-21.7 5.5428641
-21.69 5.5426968
-21.68 5.5425534
-21.67 5.5423861
-21.66 5.5422188
-21.65 5.5420754
-21.64 5.5419081
-21.63 5.5417408
-21.62 5.5415735
-21.61 5.5414301
-21.6 5.5412628
-21.59 5.5410955
-21.58 5.5409282
-21.57 5.5407848
-21.56 5.5406175
-21.55 5.5404502
-21.54 5.5403068
-21.53 5.5401395
-21.52 5.5399722
-21.51 5.5398049
-21.5 5.5396615
-21.49 5.5394942
-21.48 5.5393269
-21.47 5.5391835
-21.46 5.5390162
-21.45 5.5388489
-21.44 5.5387055
-21.43 5.5385382
-21.42 5.5383709
-21.41 5.5382036
-21.4 5.5380602
-21.39 5.5378929
-21.38 5.5377256
-21.37 5.5375822
-21.36 5.5374149
-21.35 5.5372476
-21.34 5.5370803
-21.33 5.5369369
-21.32 5.5367696
-21.31 5.5366023
-21.3 5.5364589
-21.29 5.5362916
-21.28 5.5361243
-21.27 5.5359809
-21.26 5.5358136
-21.25 5.5356463
-21.24 5.535479
-21.23 5.5353356
-21.22 5.5351683
-21.21 5.535001
-21.2 5.5348576
-21.19 5.5346903
-21.18 5.534523
-21.17 5.5343796
-21.16 5.5342123
-21.15 5.534045
-21.14 5.5339016
-21.13 5.5337343
-21.12 5.533567
-21.11 5.5333997
-21.1 5.5332563
-21.09 5.533089
-21.08 5.5329217
-21.07 5.5327783
-21.06 5.532611
-21.05 5.5324437
-21.04 5.5323003
-21.03 5.532133
-21.02 5.5319657
-21.01 5.5318223
-21.0 5.531655
-20.99 5.5314877
-20.98 5.5313443
-20.97 5.531177
-20.96 5.5310097
-20.95 5.5308663
-20.94 5.530699
-20.93 5.5305317
-20.92 5.5303883
-20.91 5.530221
-20.9 5.5300537
-20.89 5.5299103
-20.88 5.529743
-20.87 5.5295757
-20.86 5.5294323
-20.85 5.529265
-20.84 5.5290977
-20.83 5.5289543
-20.82 5.528787
-20.81 5.5286197
-20.8 5.5284763
-20.79 5.528309
-20.78 5.5281417
-20.77 5.5279983
-20.76 5.527831
-20.75 5.5276637
-20.74 5.5275203
-20.73 5.527353
-20.72 5.5271857
-20.71 5.5270423
-20.7 5.526875
-20.69 5.5267077
-20.68 5.5265643
-20.67 5.526397
-20.66 5.5262297
-20.65 5.5260863
-20.64 5.525919
-20.63 5.5257756
-20.62 5.5256083
-20.61 5.525441
-20.6 5.5252976
-20.59 5.5251303
-20.58 5.524963
-20.57 5.5248196
-20.56 5.5246523
-20.55 5.524485
-20.54 5.5243416
-20.53 5.5241743
-20.52 5.5240309
-20.51 5.5238636
-20.5 5.5236963
-20.49 5.5235529
-20.48 5.5233856
-20.47 5.5232183
-20.46 5.5230749
-20.45 5.5229076
-20.44 5.5227642
-20.43 5.5225969
-20.42 5.5224296
-20.41 5.5222862
-20.4 5.5221189
-20.39 5.5219516
-20.38 5.5218082
-20.37 5.5216409
-20.36 5.5214975
-20.35 5.5213302
-20.34 5.5211629
-20.33 5.5210195
-20.32 5.5208522
-20.31 5.5207088
-20.3 5.5205415
-20.29 5.5203742
-20.28 5.5202308
-20.27 5.5200635
-20.26 5.5199201
-20.25 5.5197528
-20.24 5.5195855
-20.23 5.5194421
-20.22 5.5192748
-20.21 5.5191314
-20.2 5.5189641
-20.19 5.5187968
-20.18 5.5186534
-20.17 5.5184861
-20.16 5.5183427
-20.15 5.5181754
-20.14 5.5180081
-20.13 5.5178647
-20.12 5.5176974
-20.11 5.517554
-20.1 5.5173867
-20.09 5.5172433
-20.08 5.517076
-20.07 5.5169087
-20.06 5.5167653
-20.05 5.516598
-20.04 5.5164546
-20.03 5.5162873
-20.02 5.5161439
-20.01 5.5159766
-20.0 5.5158093
-19.99 5.5156659
-19.98 5.5154986
-19.97 5.5153552
-19.96 5.5151879
-19.95 5.5150445
-19.94 5.5148772
-19.93 5.5147338
-19.92 5.5145665
-19.91 5.5143992
-19.9 5.5142558
-19.89 5.5140885
-19.88 5.5139451
-19.87 5.5137778
-19.86 5.5136344
-19.85 5.5134671
-19.84 5.5133237
-19.83 5.5131564
-19.82 5.513013
-19.81 5.5128457
-19.8 5.5126784
-19.79 5.512535
-19.78 5.5123677
-19.77 5.5122243
-19.76 5.512057
-19.75 5.5119136
-19.74 5.5117463
-19.73 5.5116029
-19.72 5.5114356
-19.71 5.5112922
-19.7 5.5111249
-19.69 5.5109815
-19.68 5.5108142
-19.67 5.5106708
-19.66 5.5105035
-19.65 5.5103601
-19.64 5.5101928
-19.63 5.5100494
-19.62 5.5098821
-19.61 5.5097387
-19.6 5.5095714
-19.59 5.509428
-19.58 5.5092607
-19.57 5.5091173
-19.56 5.50895
-19.55 5.5088066
-19.54 5.5086393
-19.53 5.5084959
-19.52 5.5083286
-19.51 5.5081852
-19.5 5.5080179
-19.49 5.5078745
-19.48 5.5077072
-19.47 5.5075638
-19.46 5.5073965
-19.45 5.5072531
-19.44 5.5070858
-19.43 5.5069424
-19.42 5.5067751
-19.41 5.5066317
-19.4 5.5064644
-19.39 5.506321
-19.38 5.5061776
-19.37 5.5060103
-19.36 5.5058669
-19.35 5.5056996
-19.34 5.5055562
-19.33 5.5053889
-19.32 5.5052455
-19.31 5.5050782
-19.3 5.5049348
-19.29 5.5047675
-19.28 5.5046241
-19.27 5.5044807
-19.26 5.5043134
-19.25 5.50417
-19.24 5.5040027
-19.23 5.5038593
-19.22 5.503692
-19.21 5.5035486
-19.2 5.5033813
-19.19 5.5032379
-19.18 5.5030945
-19.17 5.5029272
-19.16 5.5027838
-19.15 5.5026165
-19.14 5.5024731
-19.13 5.5023297
-19.12 5.5021624
-19.11 5.502019
-19.1 5.5018517
-19.09 5.5017083
-19.08 5.501541
-19.07 5.5013976
-19.06 5.5012542
-19.05 5.5010869
-19.04 5.5009435
-19.03 5.5007762
-19.02 5.5006328
-19.01 5.5004894
-19.0 5.5003221
-18.99 5.5001787
-18.98 5.5000114
-18.97 5.499868
-18.96 5.4997246
-18.95 5.4995573
-18.94 5.4994139
-18.93 5.4992705
-18.92 5.4991032
-18.91 5.4989598
-18.9 5.4987925
-18.89 5.4986491
-18.88 5.4985057
-18.87 5.4983384
-18.86 5.498195
-18.85 5.4980516
-18.84 5.4978843
-18.83 5.4977409
-18.82 5.4975975
-18.81 5.4974302
-18.8 5.4972868
-18.79 5.4971195
-18.78 5.4969761
-18.77 5.4968327
-18.76 5.4966654
-18.75 5.496522
-18.74 5.4963786
-18.73 5.4962113
-18.72 5.4960679
-18.71 5.4959245
-18.7 5.4957572
-18.69 5.4956138
-18.68 5.4954704
-18.67 5.4953031
-18.66 5.4951597
-18.65 5.4950163
-18.64 5.4948729
-18.63 5.4947056
-18.62 5.4945622
-18.61 5.4944188
-18.6 5.4942515
-18.59 5.4941081
-18.58 5.4939647
-18.57 5.4937974
-18.56 5.493654
-18.55 5.4935106
-18.54 5.4933433
-18.53 5.4931999
-18.52 5.4930565
-18.51 5.4929131
-18.5 5.4927458
-18.49 5.4926024
-18.48 5.492459
-18.47 5.4922917
-18.46 5.4921483
-18.45 5.4920049
-18.44 5.4918615
-18.43 5.4916942
-18.42 5.4915508
-18.41 5.4914074
-18.4 5.491264
-18.39 5.4910967
-18.38 5.4909533
-18.37 5.4908099
-18.36 5.4906665
-18.35 5.4904992
-18.34 5.4903558
-18.33 5.4902124
-18.32 5.490069
-18.31 5.4899017
-18.3 5.4897583
-18.29 5.4896149
-18.28 5.4894715
-18.27 5.4893042
-18.26 5.4891608
-18.25 5.4890174
-18.24 5.488874
-18.23 5.4887067
-18.22 5.4885633
-18.21 5.4884199
-18.2 5.4882765
-18.19 5.4881331
-18.18 5.4879658
-18.17 5.4878224
-18.16 5.487679
-18.15 5.4875356
-18.14 5.4873922
-18.13 5.4872249
-18.12 5.4870815
-18.11 5.4869381
-18.1 5.4867947
-18.09 5.4866513
-18.08 5.486484
-18.07 5.4863406
-18.06 5.4861972
-18.05 5.4860538
-18.04 5.4859104
-18.03 5.4857431
-18.02 5.4855997
-18.01 5.4854563
-18.0 5.4853129
-17.99 5.4851695
-17.98 5.4850261
-17.97 5.4848588
-17.96 5.4847154
-17.95 5.484572
-17.94 5.4844286
-17.93 5.4842852
-17.92 5.4841418
-17.91 5.4839984
-17.9 5.4838311
-17.89 5.4836877
-17.88 5.4835443
-17.87 5.4834009
-17.86 5.4832575
-17.85 5.4831141
-17.84 5.4829707
-17.83 5.4828034
-17.82 5.48266
-17.81 5.4825166
-17.8 5.4823732
-17.79 5.4822298
-17.78 5.4820864
-17.77 5.481943
-17.76 5.4817996
-17.75 5.4816562
-17.74 5.4814889
-17.73 5.4813455
-17.72 5.4812021
-17.71 5.4810587
-17.7 5.4809153
-17.69 5.4807719
-17.68 5.4806285
-17.67 5.4804851
-17.66 5.4803417
-17.65 5.4801983
-17.64 5.4800549
-17.63 5.4799115
-17.62 5.4797442
-17.61 5.4796008
-17.6 5.4794574
-17.59 5.479314
-17.58 5.4791706
-17.57 5.4790272
-17.56 5.4788838
-17.55 5.4787404
-17.54 5.478597
-17.53 5.4784536
-17.52 5.4783102
-17.51 5.4781668
-17.5 5.4780234
-17.49 5.47788
-17.48 5.4777366
-17.47 5.4775932
-17.46 5.4774498
-17.45 5.4773064
-17.44 5.477163
-17.43 5.4770196
-17.42 5.4768762
-17.41 5.4767328
-17.4 5.4765894
-17.39 5.476446
-17.38 5.4763026
-17.37 5.4761592
-17.36 5.4760158
-17.35 5.4758724
-17.34 5.475729
-17.33 5.4755856
-17.32 5.4754422
-17.31 5.4752988
-17.3 5.4751554
-17.29 5.475012
-17.28 5.4748686
-17.27 5.4747252
-17.26 5.4745818
-17.25 5.4744384
-17.24 5.474295
-17.23 5.4741516
-17.22 5.4740082
-17.21 5.4738648
-17.2 5.4737214
-17.19 5.473578
-17.18 5.4734346
-17.17 5.4732912
-17.16 5.4731478
-17.15 5.4730044
-17.14 5.472861
-17.13 5.4727176
-17.12 5.4725742
-17.11 5.4724547
-17.1 5.4723113
-17.09 5.4721679
-17.08 5.4720245
-17.07 5.4718811
-17.06 5.4717377
-17.05 5.4715943
-17.04 5.4714509
-17.03 5.4713075
-17.02 5.4711641
-17.01 5.4710207
-17.0 5.4709012
-16.99 5.4707578
-16.98 5.4706144
-16.97 5.470471
-16.96 5.4703276
-16.95 5.4701842
-16.94 5.4700408
-16.93 5.4698974
-16.92 5.469754
-16.91 5.4696345
-16.9 5.4694911
-16.89 5.4693477
-16.88 5.4692043
-16.87 5.4690609
-16.86 5.4689175
-16.85 5.4687741
-16.84 5.4686546
-16.83 5.4685112
-16.82 5.4683678
-16.81 5.4682244
-16.8 5.468081
-16.79 5.4679376
-16.78 5.4678181
-16.77 5.4676747
-16.76 5.4675313
-16.75 5.4673879
-16.74 5.4672445
-16.73 5.467125
-16.72 5.4669816
-16.71 5.4668382
-16.7 5.4666948
-16.69 5.4665514
-16.68 5.4664319
-16.67 5.4662885
-16.66 5.4661451
-16.65 5.4660017
-16.64 5.4658583
-16.63 5.4657388
-16.62 5.4655954
-16.61 5.465452
-16.6 5.4653086
-16.59 5.4651652
-16.58 5.4650457
-16.57 5.4649023
-16.56 5.4647589
-16.55 5.4646155
-16.54 5.464496
-16.53 5.4643526
-16.52 5.4642092
-16.51 5.4640658
-16.5 5.4639463
-16.49 5.4638029
-16.48 5.4636595
-16.47 5.46354
-16.46 5.4633966
-16.45 5.4632532
-16.44 5.4631098
-16.43 5.4629903
-16.42 5.4628469
-16.41 5.4627035
-16.4 5.4625601
-16.39 5.4624406
-16.38 5.4622972
-16.37 5.4621538
-16.36 5.4620343
-16.35 5.4618909
-16.34 5.4617475
-16.33 5.461628
-16.32 5.4614846
-16.31 5.4613412
-16.3 5.4612217
-16.29 5.4610783
-16.28 5.4609349
-16.27 5.4608154
-16.26 5.460672
-16.25 5.4605286
-16.24 5.4604091
-16.23 5.4602657
-16.22 5.4601223
-16.21 5.4600028
-16.2 5.4598594
-16.19 5.459716
-16.18 5.4595965
-16.17 5.4594531
-16.16 5.4593097
-16.15 5.4591902
-16.14 5.4590468
-16.13 5.4589273
-16.12 5.4587839
-16.11 5.4586405
-16.1 5.458521
-16.09 5.4583776
-16.08 5.4582581
-16.07 5.4581147
-16.06 5.4579713
-16.05 5.4578518
-16.04 5.4577084
-16.03 5.4575889
-16.02 5.4574455
-16.01 5.4573021
-16.0 5.4571826
-15.99 5.4570392
-15.98 5.4569197
-15.97 5.4567763
-15.96 5.4566568
-15.95 5.4565134
-15.94 5.45637
-15.93 5.4562505
-15.92 5.4561071
-15.91 5.4559876
-15.9 5.4558442
-15.89 5.4557247
-15.88 5.4555813
-15.87 5.4554618
-15.86 5.4553184
-15.85 5.4551989
-15.84 5.4550555
-15.83 5.454936
-15.82 5.4547926
-15.81 5.4546731
-15.8 5.4545297
-15.79 5.4544102
-15.78 5.4542668
-15.77 5.4541473
-15.76 5.4540039
-15.75 5.4538844
-15.74 5.453741
-15.73 5.4536215
-15.72 5.4534781
-15.71 5.4533586
-15.7 5.4532152
-15.69 5.4530957
-15.68 5.4529523
-15.67 5.4528328
-15.66 5.4526894
-15.65 5.4525699
-15.64 5.4524265
-15.63 5.452307
-15.62 5.4521875
-15.61 5.4520441
-15.6 5.4519246
-15.59 5.4517812
-15.58 5.4516617
-15.57 5.4515183
-15.56 5.4513988
-15.55 5.4512793
-15.54 5.4511359
-15.53 5.4510164
-15.52 5.450873
-15.51 5.4507535
-15.5 5.450634
-15.49 5.4504906
-15.48 5.4503711
-15.47 5.4502277
-15.46 5.4501082
-15.45 5.4499887
-15.44 5.4498453
-15.43 5.4497258
-15.42 5.4495824
-15.41 5.4494629
-15.4 5.4493434
-15.39 5.4492
-15.38 5.4490805
-15.37 5.448961
-15.36 5.4488176
-15.35 5.4486981
-15.34 5.4485786
-15.33 5.4484352
-15.32 5.4483157
-15.31 5.4481962
-15.3 5.4480528
-15.29 5.4479333
-15.28 5.4478138
-15.27 5.4476704
-15.26 5.4475509
-15.25 5.4474314
-15.24 5.447288
-15.23 5.4471685
-15.22 5.447049
-15.21 5.4469295
-15.2 5.4467861
-15.19 5.4466666
-15.18 5.4465471
-15.17 5.4464037
-15.16 5.4462842
-15.15 5.4461647
-15.14 5.4460452
-15.13 5.4459018
-15.12 5.4457823
-15.11 5.4456628
-15.1 5.4455433
-15.09 5.4453999
-15.08 5.4452804
-15.07 5.4451609
-15.06 5.4450414
-15.05 5.444898
-15.04 5.4447785
-15.03 5.444659
-15.02 5.4445395
-15.01 5.4443961
-15.0 5.4442766
-14.99 5.4441571
-14.98 5.4440376
-14.97 5.4439181
-14.96 5.4437747
-14.95 5.4436552
-14.94 5.4435357
-14.93 5.4434162
-14.92 5.4432967
-14.91 5.4431533
-14.9 5.4430338
-14.89 5.4429143
-14.88 5.4427948
-14.87 5.4426753
-14.86 5.4425558
-14.85 5.4424124
-14.84 5.4422929
-14.83 5.4421734
-14.82 5.4420539
-14.81 5.4419344
-14.8 5.4418149
-14.79 5.4416954
-14.78 5.441552
-14.77 5.4414325
-14.76 5.441313
-14.75 5.4411935
-14.74 5.441074
-14.73 5.4409545
-14.72 5.440835
-14.71 5.4407155
-14.7 5.440596
-14.69 5.4404526
-14.68 5.4403331
-14.67 5.4402136
-14.66 5.4400941
-14.65 5.4399746
-14.64 5.4398551
-14.63 5.4397356
-14.62 5.4396161
-14.61 5.4394966
-14.6 5.4393771
-14.59 5.4392576
-14.58 5.4391381
-14.57 5.4390186
-14.56 5.4388991
-14.55 5.4387557
-14.54 5.4386362
-14.53 5.4385167
-14.52 5.4383972
-14.51 5.4382777
-14.5 5.4381582
-14.49 5.4380387
-14.48 5.4379192
-14.47 5.4377997
-14.46 5.4376802
-14.45 5.4375607
-14.44 5.4374412
-14.43 5.4373217
-14.42 5.4372022
-14.41 5.4370827
-14.4 5.4369632
-14.39 5.4368437
-14.38 5.4367242
-14.37 5.4366047
-14.36 5.4364852
-14.35 5.4363657
-14.34 5.4362701
-14.33 5.4361506
-14.32 5.4360311
-14.31 5.4359116
-14.3 5.4357921
-14.29 5.4356726
-14.28 5.4355531
-14.27 5.4354336
-14.26 5.4353141
-14.25 5.4351946
-14.24 5.4350751
-14.23 5.4349556
-14.22 5.4348361
-14.21 5.4347166
-14.2 5.434621
-14.19 5.4345015
-14.18 5.434382
-14.17 5.4342625
-14.16 5.434143
-14.15 5.4340235
-14.14 5.433904
-14.13 5.4337845
-14.12 5.433665
-14.11 5.4335694
-14.1 5.4334499
-14.09 5.4333304
-14.08 5.4332109
-14.07 5.4330914
-14.06 5.4329719
-14.05 5.4328763
-14.04 5.4327568
-14.03 5.4326373
-14.02 5.4325178
-14.01 5.4323983
-14.0 5.4322788
-13.99 5.4321832
-13.98 5.4320637
-13.97 5.4319442
-13.96 5.4318247
-13.95 5.4317052
-13.94 5.4316096
-13.93 5.4314901
-13.92 5.4313706
-13.91 5.4312511
-13.9 5.4311316
-13.89 5.431036
-13.88 5.4309165
-13.87 5.430797
-13.86 5.4306775
-13.85 5.4305819
-13.84 5.4304624
-13.83 5.4303429
-13.82 5.4302234
-13.81 5.4301278
-13.8 5.4300083
-13.79 5.4298888
-13.78 5.4297693
-13.77 5.4296737
-13.76 5.4295542
-13.75 5.4294347
-13.74 5.4293391
-13.73 5.4292196
-13.72 5.4291001
-13.71 5.4289806
-13.7 5.428885
-13.69 5.4287655
-13.68 5.428646
-13.67 5.4285504
-13.66 5.4284309
-13.65 5.4283114
-13.64 5.4282158
-13.63 5.4280963
-13.62 5.4279768
-13.61 5.4278812
-13.6 5.4277617
-13.59 5.4276422
-13.58 5.4275466
-13.57 5.4274271
-13.56 5.4273076
-13.55 5.427212
-13.54 5.4270925
-13.53 5.4269969
-13.52 5.4268774
-13.51 5.4267579
-13.5 5.4266623
-13.49 5.4265428
-13.48 5.4264472
-13.47 5.4263277
-13.46 5.4262082
-13.45 5.4261126
-13.44 5.4259931
-13.43 5.4258975
-13.42 5.425778
-13.41 5.4256585
-13.4 5.4255629
-13.39 5.4254434
-13.38 5.4253478
-13.37 5.4252283
-13.36 5.4251327
-13.35 5.4250132
-13.34 5.4249176
-13.33 5.4247981
-13.32 5.4246786
-13.31 5.424583
-13.3 5.4244635
-13.29 5.4243679
-13.28 5.4242484
-13.27 5.4241528
-13.26 5.4240333
-13.25 5.4239377
-13.24 5.4238182
-13.23 5.4237226
-13.22 5.4236031
-13.21 5.4235075
-13.2 5.423388
-13.19 5.4232924
-13.18 5.4231968
-13.17 5.4230773
-13.16 5.4229817
-13.15 5.4228622
-13.14 5.4227666
-13.13 5.4226471
-13.12 5.4225515
-13.11 5.422432
-13.1 5.4223364
-13.09 5.4222169
-13.08 5.4221213
-13.07 5.4220257
-13.06 5.4219062
-13.05 5.4218106
-13.04 5.4216911
-13.03 5.4215955
-13.02 5.4214999
-13.01 5.4213804
-13.0 5.4212848
-12.99 5.4211653
-12.98 5.4210697
-12.97 5.4209741
-12.96 5.4208546
-12.95 5.420759
-12.94 5.4206634
-12.93 5.4205439
-12.92 5.4204483
-12.91 5.4203288
-12.9 5.4202332
-12.89 5.4201376
-12.88 5.4200181
-12.87 5.4199225
-12.86 5.4198269
-12.85 5.4197074
-12.84 5.4196118
-12.83 5.4195162
-12.82 5.4193967
-12.81 5.4193011
-12.8 5.4192055
-12.79 5.4191099
-12.78 5.4189904
-12.77 5.4188948
-12.76 5.4187992
-12.75 5.4186797
-12.74 5.4185841
-12.73 5.4184885
-12.72 5.4183929
-12.71 5.4182734
-12.7 5.4181778
-12.69 5.4180822
-12.68 5.4179866
-12.67 5.4178671
-12.66 5.4177715
-12.65 5.4176759
-12.64 5.4175803
-12.63 5.4174608
-12.62 5.4173652
-12.61 5.4172696
-12.6 5.417174
-12.59 5.4170784
-12.58 5.4169589
-12.57 5.4168633
-12.56 5.4167677
-12.55 5.4166721
-12.54 5.4165765
-12.53 5.416457
-12.52 5.4163614
-12.51 5.4162658
-12.5 5.4161702
-12.49 5.4160746
-12.48 5.415979
-12.47 5.4158595
-12.46 5.4157639
-12.45 5.4156683
-12.44 5.4155727
-12.43 5.4154771
-12.42 5.4153815
-12.41 5.4152859
-12.4 5.4151664
-12.39 5.4150708
-12.38 5.4149752
-12.37 5.4148796
-12.36 5.414784
-12.35 5.4146884
-12.34 5.4145928
-12.33 5.4144972
-12.32 5.4144016
-12.31 5.414306
-12.3 5.4141865
-12.29 5.4140909
-12.28 5.4139953
-12.27 5.4138997
-12.26 5.4138041
-12.25 5.4137085
-12.24 5.4136129
-12.23 5.4135173
-12.22 5.4134217
-12.21 5.4133261
-12.2 5.4132305
-12.19 5.4131349
-12.18 5.4130393
-12.17 5.4129437
-12.16 5.4128481
-12.15 5.4127525
-12.14 5.4126569
-12.13 5.4125613
-12.12 5.4124657
-12.11 5.4123701
-12.1 5.4122745
-12.09 5.4121789
-12.08 5.4120833
-12.07 5.4119877
-12.06 5.4118921
-12.05 5.4117965
-12.04 5.4117009
-12.03 5.4116053
-12.02 5.4115097
-12.01 5.4114141
-12.0 5.4113185
-11.99 5.4112229
-11.98 5.4111273
-11.97 5.4110556
-11.96 5.41096
-11.95 5.4108644
-11.94 5.4107688
-11.93 5.4106732
-11.92 5.4105776
-11.91 5.410482
-11.9 5.4103864
-11.89 5.4102908
-11.88 5.4101952
-11.87 5.4101235
-11.86 5.4100279
-11.85 5.4099323
-11.84 5.4098367
-11.83 5.4097411
-11.82 5.4096455
-11.81 5.4095499
-11.8 5.4094782
-11.79 5.4093826
-11.78 5.409287
-11.77 5.4091914
-11.76 5.4090958
-11.75 5.4090002
-11.74 5.4089285
-11.73 5.4088329
-11.72 5.4087373
-11.71 5.4086417
-11.7 5.4085461
-11.69 5.4084744
-11.68 5.4083788
-11.67 5.4082832
-11.66 5.4081876
-11.65 5.408092
-11.64 5.4080203
-11.63 5.4079247
-11.62 5.4078291
-11.61 5.4077335
-11.6 5.4076618
-11.59 5.4075662
-11.58 5.4074706
-11.57 5.407375
-11.56 5.4073033
-11.55 5.4072077
-11.54 5.4071121
-11.53 5.4070404
-11.52 5.4069448
-11.51 5.4068492
-11.5 5.4067536
-11.49 5.4066819
-11.48 5.4065863
-11.47 5.4064907
-11.46 5.406419
-11.45 5.4063234
-11.44 5.4062278
-11.43 5.4061561
-11.42 5.4060605
-11.41 5.4059649
-11.4 5.4058932
-11.39 5.4057976
-11.38 5.405702
-11.37 5.4056303
-11.36 5.4055347
-11.35 5.4054391
-11.34 5.4053674
-11.33 5.4052718
-11.32 5.4052001
-11.31 5.4051045
-11.3 5.4050089
-11.29 5.4049372
-11.28 5.4048416
-11.27 5.4047699
-11.26 5.4046743
-11.25 5.4045787
-11.24 5.404507
-11.23 5.4044114
-11.22 5.4043397
-11.21 5.4042441
-11.2 5.4041724
-11.19 5.4040768
-11.18 5.4039812
-11.17 5.4039095
-11.16 5.4038139
-11.15 5.4037422
-11.14 5.4036466
-11.13 5.4035749
-11.12 5.4034793
-11.11 5.4034076
-11.1 5.403312
-11.09 5.4032403
-11.08 5.4031447
-11.07 5.403073
-11.06 5.4029774
-11.05 5.4029057
-11.04 5.4028101
-11.03 5.4027384
-11.02 5.4026428
-11.01 5.4025711
-11.0 5.4024755
-10.99 5.4024038
-10.98 5.4023321
-10.97 5.4022365
-10.96 5.4021648
-10.95 5.4020692
-10.94 5.4019975
-10.93 5.4019019
-10.92 5.4018302
-10.91 5.4017346
-10.9 5.4016629
-10.89 5.4015912
-10.88 5.4014956
-10.87 5.4014239
-10.86 5.4013283
-10.85 5.4012566
-10.84 5.4011849
-10.83 5.4010893
-10.82 5.4010176
-10.81 5.4009459
-10.8 5.4008503
-10.79 5.4007786
-10.78 5.400683
-10.77 5.4006113
-10.76 5.4005396
-10.75 5.400444
-10.74 5.4003723
-10.73 5.4003006
-10.72 5.400205
-10.71 5.4001333
-10.7 5.4000616
-10.69 5.3999899
-10.68 5.3998943
-10.67 5.3998226
-10.66 5.3997509
-10.65 5.3996553
-10.64 5.3995836
-10.63 5.3995119
-10.62 5.3994163
-10.61 5.3993446
-10.6 5.3992729
-10.59 5.3992012
-10.58 5.3991056
-10.57 5.3990339
-10.56 5.3989622
-10.55 5.3988905
-10.54 5.3987949
-10.53 5.3987232
-10.52 5.3986515
-10.51 5.3985798
-10.5 5.3985081
-10.49 5.3984125
-10.48 5.3983408
-10.47 5.3982691
-10.46 5.3981974
-10.45 5.3981257
-10.44 5.3980301
-10.43 5.3979584
-10.42 5.3978867
-10.41 5.397815
-10.4 5.3977433
-10.39 5.3976477
-10.38 5.397576
-10.37 5.3975043
-10.36 5.3974326
-10.35 5.3973609
-10.34 5.3972892
-10.33 5.3972175
-10.32 5.3971219
-10.31 5.3970502
-10.3 5.3969785
-10.29 5.3969068
-10.28 5.3968351
-10.27 5.3967634
-10.26 5.3966917
-10.25 5.39662
-10.24 5.3965483
-10.23 5.3964766
-10.22 5.396381
-10.21 5.3963093
-10.2 5.3962376
-10.19 5.3961659
-10.18 5.3960942
-10.17 5.3960225
-10.16 5.3959508
-10.15 5.3958791
-10.14 5.3958074
-10.13 5.3957357
-10.12 5.395664
-10.11 5.3955923
-10.1 5.3955206
-10.09 5.3954489
-10.08 5.3953772
-10.07 5.3953055
-10.06 5.3952338
-10.05 5.3951621
-10.04 5.3950904
-10.03 5.3950187
-10.02 5.394947
-10.01 5.3948753
-10.0 5.3948036
-9.99 5.3947319
-9.98 5.3946602
-9.97 5.3945885
-9.96 5.3945168
-9.95 5.3944451
-9.94 5.3943734
-9.93 5.3943017
-9.92 5.39423
-9.91 5.3941583
-9.9 5.3941105
-9.89 5.3940388
-9.88 5.3939671
-9.87 5.3938954
-9.86 5.3938237
-9.85 5.393752
-9.84 5.3936803
-9.83 5.3936086
-9.82 5.3935369
-9.81 5.3934652
-9.8 5.3934174
-9.79 5.3933457
-9.78 5.393274
-9.77 5.3932023
-9.76 5.3931306
-9.75 5.3930589
-9.74 5.3929872
-9.73 5.3929394
-9.72 5.3928677
-9.71 5.392796
-9.7 5.3927243
-9.69 5.3926526
-9.68 5.3926048
-9.67 5.3925331
-9.66 5.3924614
-9.65 5.3923897
-9.64 5.392318
-9.63 5.3922702
-9.62 5.3921985
-9.61 5.3921268
-9.6 5.3920551
-9.59 5.3919834
-9.58 5.3919356
-9.57 5.3918639
-9.56 5.3917922
-9.55 5.3917205
-9.54 5.3916727
-9.53 5.391601
-9.52 5.3915293
-9.51 5.3914815
-9.5 5.3914098
-9.49 5.3913381
-9.48 5.3912664
-9.47 5.3912186
-9.46 5.3911469
-9.45 5.3910752
-9.44 5.3910274
-9.43 5.3909557
-9.42 5.390884
-9.41 5.3908362
-9.4 5.3907645
-9.39 5.3906928
-9.38 5.390645
-9.37 5.3905733
-9.36 5.3905016
-9.35 5.3904538
-9.34 5.3903821
-9.33 5.3903104
-9.32 5.3902626
-9.31 5.3901909
-9.3 5.3901192
-9.29 5.3900714
-9.28 5.3899997
-9.27 5.3899519
-9.26 5.3898802
-9.25 5.3898085
-9.24 5.3897607
-9.23 5.389689
-9.22 5.3896412
-9.21 5.3895695
-9.2 5.3895217
-9.19 5.38945
-9.18 5.3893783
-9.17 5.3893305
-9.16 5.3892588
-9.15 5.389211
-9.14 5.3891393
-9.13 5.3890915
-9.12 5.3890198
-9.11 5.388972
-9.1 5.3889003
-9.09 5.3888525
-9.08 5.3887808
-9.07 5.388733
-9.06 5.3886613
-9.05 5.3886135
-9.04 5.3885418
-9.03 5.388494
-9.02 5.3884223
-9.01 5.3883745
-9.0 5.3883028
-8.99 5.388255
-8.98 5.3881833
-8.97 5.3881355
-8.96 5.3880638
-8.95 5.388016
-8.94 5.3879682
-8.93 5.3878965
-8.92 5.3878487
-8.91 5.387777
-8.9 5.3877292
-8.89 5.3876575
-8.88 5.3876097
-8.87 5.3875619
-8.86 5.3874902
-8.85 5.3874424
-8.84 5.3873946
-8.83 5.3873229
-8.82 5.3872751
-8.81 5.3872034
-8.8 5.3871556
-8.79 5.3871078
-8.78 5.3870361
-8.77 5.3869883
-8.76 5.3869405
-8.75 5.3868688
-8.74 5.386821
-8.73 5.3867732
-8.72 5.3867015
-8.71 5.3866537
-8.7 5.3866059
-8.69 5.3865342
-8.68 5.3864864
-8.67 5.3864386
-8.66 5.3863669
-8.65 5.3863191
-8.64 5.3862713
-8.63 5.3862235
-8.62 5.3861518
-8.61 5.386104
-8.6 5.3860562
-8.59 5.3860084
-8.58 5.3859367
-8.57 5.3858889
-8.56 5.3858411
-8.55 5.3857933
-8.54 5.3857216
-8.53 5.3856738
-8.52 5.385626
-8.51 5.3855782
-8.5 5.3855065
-8.49 5.3854587
-8.48 5.3854109
-8.47 5.3853631
-8.46 5.3853153
-8.45 5.3852436
-8.44 5.3851958
-8.43 5.385148
-8.42 5.3851002
-8.41 5.3850524
-8.4 5.3850046
-8.39 5.3849329
-8.38 5.3848851
-8.37 5.3848373
-8.36 5.3847895
-8.35 5.3847417
-8.34 5.3846939
-8.33 5.3846461
-8.32 5.3845744
-8.31 5.3845266
-8.3 5.3844788
-8.29 5.384431
-8.28 5.3843832
-8.27 5.3843354
-8.26 5.3842876
-8.25 5.3842398
-8.24 5.384192
-8.23 5.3841442
-8.22 5.3840964
-8.21 5.3840247
-8.2 5.3839769
-8.19 5.3839291
-8.18 5.3838813
-8.17 5.3838335
-8.16 5.3837857
-8.15 5.3837379
-8.14 5.3836901
-8.13 5.3836423
-8.12 5.3835945
-8.11 5.3835467
-8.1 5.3834989
-8.09 5.3834511
-8.08 5.3834033
-8.07 5.3833555
-8.06 5.3833077
-8.05 5.3832599
-8.04 5.3832121
-8.03 5.3831643
-8.02 5.3831165
-8.01 5.3830687
-8.0 5.3830209
-7.99 5.3829731
-7.98 5.3829253
-7.97 5.3828775
-7.96 5.3828536
-7.95 5.3828058
-7.94 5.382758
-7.93 5.3827102
-7.92 5.3826624
-7.91 5.3826146
-7.9 5.3825668
-7.89 5.382519
-7.88 5.3824712
-7.87 5.3824234
-7.86 5.3823756
-7.85 5.3823517
-7.84 5.3823039
-7.83 5.3822561
-7.82 5.3822083
-7.81 5.3821605
-7.8 5.3821127
-7.79 5.3820649
-7.78 5.382041
-7.77 5.3819932
-7.76 5.3819454
-7.75 5.3818976
-7.74 5.3818498
-7.73 5.381802
-7.72 5.3817781
-7.71 5.3817303
-7.7 5.3816825
-7.69 5.3816347
-7.68 5.3815869
-7.67 5.381563
-7.66 5.3815152
-7.65 5.3814674
-7.64 5.3814196
-7.63 5.3813957
-7.62 5.3813479
-7.61 5.3813001
-7.6 5.3812523
-7.59 5.3812045
-7.58 5.3811806
-7.57 5.3811328
-7.56 5.381085
-7.55 5.3810611
-7.54 5.3810133
-7.53 5.3809655
-7.52 5.3809177
-7.51 5.3808938
-7.5 5.380846
-7.49 5.3807982
-7.48 5.3807743
-7.47 5.3807265
-7.46 5.3806787
-7.45 5.3806548
-7.44 5.380607
-7.43 5.3805592
-7.42 5.3805353
-7.41 5.3804875
-7.4 5.3804397
-7.39 5.3804158
-7.38 5.380368
-7.37 5.3803202
-7.36 5.3802963
-7.35 5.3802485
-7.34 5.3802007
-7.33 5.3801768
-7.32 5.380129
-7.31 5.3801051
-7.3 5.3800573
-7.29 5.3800095
-7.28 5.3799856
-7.27 5.3799378
-7.26 5.3799139
-7.25 5.3798661
-7.24 5.3798422
-7.23 5.3797944
-7.22 5.3797466
-7.21 5.3797227
-7.2 5.3796749
-7.19 5.379651
-7.18 5.3796032
-7.17 5.3795793
-7.16 5.3795315
-7.15 5.3795076
-7.14 5.3794598
-7.13 5.3794359
-7.12 5.3793881
-7.11 5.3793642
-7.1 5.3793164
-7.09 5.3792925
-7.08 5.3792447
-7.07 5.3792208
-7.06 5.379173
-7.05 5.3791491
-7.04 5.3791013
-7.03 5.3790774
-7.02 5.3790296
-7.01 5.3790057
-7.0 5.3789579
-6.99 5.378934
-6.98 5.3789101
-6.97 5.3788623
-6.96 5.3788384
-6.95 5.3787906
-6.94 5.3787667
-6.93 5.3787189
-6.92 5.378695
-6.91 5.3786711
-6.9 5.3786233
-6.89 5.3785994
-6.88 5.3785516
-6.87 5.3785277
-6.86 5.3785038
-6.85 5.378456
-6.84 5.3784321
-6.83 5.3784082
-6.82 5.3783604
-6.81 5.3783365
-6.8 5.3783126
-6.79 5.3782648
-6.78 5.3782409
-6.77 5.378217
-6.76 5.3781692
-6.75 5.3781453
-6.74 5.3781214
-6.73 5.3780736
-6.72 5.3780497
-6.71 5.3780258
-6.7 5.377978
-6.69 5.3779541
-6.68 5.3779302
-6.67 5.3779063
-6.66 5.3778585
-6.65 5.3778346
-6.64 5.3778107
-6.63 5.3777629
-6.62 5.377739
-6.61 5.3777151
-6.6 5.3776912
-6.59 5.3776673
-6.58 5.3776195
-6.57 5.3775956
-6.56 5.3775717
-6.55 5.3775478
-6.54 5.3775
-6.53 5.3774761
-6.52 5.3774522
-6.51 5.3774283
-6.5 5.3774044
-6.49 5.3773566
-6.48 5.3773327
-6.47 5.3773088
-6.46 5.3772849
-6.45 5.377261
-6.44 5.3772371
-6.43 5.3771893
-6.42 5.3771654
-6.41 5.3771415
-6.4 5.3771176
-6.39 5.3770937
-6.38 5.3770698
-6.37 5.3770459
-6.36 5.3769981
-6.35 5.3769742
-6.34 5.3769503
-6.33 5.3769264
-6.32 5.3769025
-6.31 5.3768786
-6.3 5.3768547
-6.29 5.3768308
-6.28 5.3768069
-6.27 5.376783
-6.26 5.3767591
-6.25 5.3767113
-6.24 5.3766874
-6.23 5.3766635
-6.22 5.3766396
-6.21 5.3766157
-6.2 5.3765918
-6.19 5.3765679
-6.18 5.376544
-6.17 5.3765201
-6.16 5.3764962
-6.15 5.3764723
-6.14 5.3764484
-6.13 5.3764245
-6.12 5.3764006
-6.11 5.3763767
-6.1 5.3763528
-6.09 5.3763289
-6.08 5.376305
-6.07 5.3762811
-6.06 5.3762572
-6.05 5.3762333
-6.04 5.3762094
-6.03 5.3761855
-6.02 5.3761616
-6.01 5.3761377
-6.0 5.3761138
-5.99 5.3761138
-5.98 5.3760899
-5.97 5.376066
-5.96 5.3760421
-5.95 5.3760182
-5.94 5.3759943
-5.93 5.3759704
-5.92 5.3759465
-5.91 5.3759226
-5.9 5.3758987
-5.89 5.3758748
-5.88 5.3758748
-5.87 5.3758509
-5.86 5.375827
-5.85 5.3758031
-5.84 5.3757792
-5.83 5.3757553
-5.82 5.3757314
-5.81 5.3757314
-5.8 5.3757075
-5.79 5.3756836
-5.78 5.3756597
-5.77 5.3756358
-5.76 5.3756119
-5.75 5.3756119
-5.74 5.375588
-5.73 5.3755641
-5.72 5.3755402
-5.71 5.3755163
-5.7 5.3755163
-5.69 5.3754924
-5.68 5.3754685
-5.67 5.3754446
-5.66 5.3754446
-5.65 5.3754207
-5.64 5.3753968
-5.63 5.3753729
-5.62 5.375349
-5.61 5.375349
-5.6 5.3753251
-5.59 5.3753012
-5.58 5.3753012
-5.57 5.3752773
-5.56 5.3752534
-5.55 5.3752295
-5.54 5.3752295
-5.53 5.3752056
-5.52 5.3751817
-5.51 5.3751817
-5.5 5.3751578
-5.49 5.3751339
-5.48 5.3751339
-5.47 5.37511
-5.46 5.3750861
-5.45 5.3750861
-5.44 5.3750622
-5.43 5.3750383
-5.42 5.3750383
-5.41 5.3750144
-5.4 5.3749905
-5.39 5.3749905
-5.38 5.3749666
-5.37 5.3749427
-5.36 5.3749427
-5.35 5.3749188
-5.34 5.3749188
-5.33 5.3748949
-5.32 5.374871
-5.31 5.374871
-5.3 5.3748471
-5.29 5.3748471
-5.28 5.3748232
-5.27 5.3747993
-5.26 5.3747993
-5.25 5.3747754
-5.24 5.3747754
-5.23 5.3747515
-5.22 5.3747515
-5.21 5.3747276
-5.2 5.3747276
-5.19 5.3747037
-5.18 5.3746798
-5.17 5.3746798
-5.16 5.3746559
-5.15 5.3746559
-5.14 5.374632
-5.13 5.374632
-5.12 5.3746081
-5.11 5.3746081
-5.1 5.3745842
-5.09 5.3745842
-5.08 5.3745603
-5.07 5.3745603
-5.06 5.3745603
-5.05 5.3745364
-5.04 5.3745364
-5.03 5.3745125
-5.02 5.3745125
-5.01 5.3744886
-5.0 5.3744886
-4.99 5.3744647
-4.98 5.3744647
-4.97 5.3744647
-4.96 5.3744408
-4.95 5.3744408
-4.94 5.3744169
-4.93 5.3744169
-4.92 5.374393
-4.91 5.374393
-4.9 5.374393
-4.89 5.3743691
-4.88 5.3743691
-4.87 5.3743691
-4.86 5.3743452
-4.85 5.3743452
-4.84 5.3743213
-4.83 5.3743213
-4.82 5.3743213
-4.81 5.3742974
-4.8 5.3742974
-4.79 5.3742974
-4.78 5.3742735
-4.77 5.3742735
-4.76 5.3742735
-4.75 5.3742496
-4.74 5.3742496
-4.73 5.3742496
-4.72 5.3742257
-4.71 5.3742257
-4.7 5.3742257
-4.69 5.3742257
-4.68 5.3742018
-4.67 5.3742018
-4.66 5.3742018
-4.65 5.3741779
-4.64 5.3741779
-4.63 5.3741779
-4.62 5.3741779
-4.61 5.374154
-4.6 5.374154
-4.59 5.374154
-4.58 5.374154
-4.57 5.3741301
-4.56 5.3741301
-4.55 5.3741301
-4.54 5.3741301
-4.53 5.3741301
-4.52 5.3741062
-4.51 5.3741062
-4.5 5.3741062
-4.49 5.3741062
-4.48 5.3741062
-4.47 5.3740823
-4.46 5.3740823
-4.45 5.3740823
-4.44 5.3740823
-4.43 5.3740823
-4.42 5.3740823
-4.41 5.3740584
-4.4 5.3740584
-4.39 5.3740584
-4.38 5.3740584
-4.37 5.3740584
-4.36 5.3740584
-4.35 5.3740584
-4.34 5.3740584
-4.33 5.3740345
-4.32 5.3740345
-4.31 5.3740345
-4.3 5.3740345
-4.29 5.3740345
-4.28 5.3740345
-4.27 5.3740345
-4.26 5.3740345
-4.25 5.3740345
-4.24 5.3740345
-4.23 5.3740345
-4.22 5.3740106
-4.21 5.3740106
-4.2 5.3740106
-4.19 5.3740106
-4.18 5.3740106
-4.17 5.3740106
-4.16 5.3740106
-4.15 5.3740106
-4.14 5.3740106
-4.13 5.3740106
-4.12 5.3740106
-4.11 5.3740106
-4.1 5.3740106
-4.09 5.3740106
-4.08 5.3740106
-4.07 5.3740106
-4.06 5.3740106
-4.05 5.3740106
-4.04 5.3740106
-4.03 5.3740106
-4.02 5.3740106
-4.01 5.3740106
-4.0 5.3740106
-3.99 5.3740106
-3.98 5.3740106
-3.97 5.3740345
-3.96 5.3740345
-3.95 5.3740345
-3.94 5.3740345
-3.93 5.3740345
-3.92 5.3740345
-3.91 5.3740345
-3.9 5.3740345
-3.89 5.3740345
-3.88 5.3740345
-3.87 5.3740345
-3.86 5.3740345
-3.85 5.3740584
-3.84 5.3740584
-3.83 5.3740584
-3.82 5.3740584
-3.81 5.3740584
-3.8 5.3740584
-3.79 5.3740584
-3.78 5.3740823
-3.77 5.3740823
-3.76 5.3740823
-3.75 5.3740823
-3.74 5.3740823
-3.73 5.3740823
-3.72 5.3741062
-3.71 5.3741062
-3.7 5.3741062
-3.69 5.3741062
-3.68 5.3741062
-3.67 5.3741062
-3.66 5.3741301
-3.65 5.3741301
-3.64 5.3741301
-3.63 5.3741301
-3.62 5.374154
-3.61 5.374154
-3.6 5.374154
-3.59 5.374154
-3.58 5.3741779
-3.57 5.3741779
-3.56 5.3741779
-3.55 5.3741779
-3.54 5.3742018
-3.53 5.3742018
-3.52 5.3742018
-3.51 5.3742018
-3.5 5.3742257
-3.49 5.3742257
-3.48 5.3742257
-3.47 5.3742257
-3.46 5.3742496
-3.45 5.3742496
-3.44 5.3742496
-3.43 5.3742735
-3.42 5.3742735
-3.41 5.3742735
-3.4 5.3742974
-3.39 5.3742974
-3.38 5.3742974
-3.37 5.3743213
-3.36 5.3743213
-3.35 5.3743213
-3.34 5.3743452
-3.33 5.3743452
-3.32 5.3743452
-3.31 5.3743691
-3.3 5.3743691
-3.29 5.374393
-3.28 5.374393
-3.27 5.374393
-3.26 5.3744169
-3.25 5.3744169
-3.24 5.3744408
-3.23 5.3744408
-3.22 5.3744408
-3.21 5.3744647
-3.2 5.3744647
-3.19 5.3744886
-3.18 5.3744886
-3.17 5.3744886
-3.16 5.3745125
-3.15 5.3745125
-3.14 5.3745364
-3.13 5.3745364
-3.12 5.3745603
-3.11 5.3745603
-3.1 5.3745842
-3.09 5.3745842
-3.08 5.3746081
-3.07 5.3746081
-3.06 5.374632
-3.05 5.374632
-3.04 5.3746559
-3.03 5.3746559
-3.02 5.3746798
-3.01 5.3746798
-3.0 5.3747037
-2.99 5.3747037
-2.98 5.3747276
-2.97 5.3747276
-2.96 5.3747515
-2.95 5.3747515
-2.94 5.3747754
-2.93 5.3747754
-2.92 5.3747993
-2.91 5.3747993
-2.9 5.3748232
-2.89 5.3748471
-2.88 5.3748471
-2.87 5.374871
-2.86 5.374871
-2.85 5.3748949
-2.84 5.3748949
-2.83 5.3749188
-2.82 5.3749427
-2.81 5.3749427
-2.8 5.3749666
-2.79 5.3749666
-2.78 5.3749905
-2.77 5.3750144
-2.76 5.3750144
-2.75 5.3750383
-2.74 5.3750383
-2.73 5.3750622
-2.72 5.3750861
-2.71 5.3750861
-2.7 5.37511
-2.69 5.3751339
-2.68 5.3751339
-2.67 5.3751578
-2.66 5.3751817
-2.65 5.3751817
-2.64 5.3752056
-2.63 5.3752295
-2.62 5.3752295
-2.61 5.3752534
-2.6 5.3752773
-2.59 5.3752773
-2.58 5.3753012
-2.57 5.3753251
-2.56 5.375349
-2.55 5.375349
-2.54 5.3753729
-2.53 5.3753968
-2.52 5.3753968
-2.51 5.3754207
-2.5 5.3754446
-2.49 5.3754685
-2.48 5.3754685
-2.47 5.3754924
-2.46 5.3755163
-2.45 5.3755402
-2.44 5.3755402
-2.43 5.3755641
-2.42 5.375588
-2.41 5.3756119
-2.4 5.3756358
-2.39 5.3756358
-2.38 5.3756597
-2.37 5.3756836
-2.36 5.3757075
-2.35 5.3757314
-2.34 5.3757314
-2.33 5.3757553
-2.32 5.3757792
-2.31 5.3758031
-2.3 5.375827
-2.29 5.375827
-2.28 5.3758509
-2.27 5.3758748
-2.26 5.3758987
-2.25 5.3759226
-2.24 5.3759465
-2.23 5.3759704
-2.22 5.3759704
-2.21 5.3759943
-2.2 5.3760182
-2.19 5.3760421
-2.18 5.376066
-2.17 5.3760899
-2.16 5.3761138
-2.15 5.3761377
-2.14 5.3761377
-2.13 5.3761616
-2.12 5.3761855
-2.11 5.3762094
-2.1 5.3762333
-2.09 5.3762572
-2.08 5.3762811
-2.07 5.376305
-2.06 5.3763289
-2.05 5.3763528
-2.04 5.3763767
-2.03 5.3764006
-2.02 5.3764245
-2.01 5.3764245
-2.0 5.3764484
-1.99 5.3764723
-1.98 5.3764962
-1.97 5.3765201
-1.96 5.376544
-1.95 5.3765679
-1.94 5.3765918
-1.93 5.3766157
-1.92 5.3766396
-1.91 5.3766635
-1.9 5.3766874
-1.89 5.3767113
-1.88 5.3767352
-1.87 5.3767591
-1.86 5.376783
-1.85 5.3768069
-1.84 5.3768308
-1.83 5.3768547
-1.82 5.3768786
-1.81 5.3769025
-1.8 5.3769503
-1.79 5.3769742
-1.78 5.3769981
-1.77 5.377022
-1.76 5.3770459
-1.75 5.3770698
-1.74 5.3770937
-1.73 5.3771176
-1.72 5.3771415
-1.71 5.3771654
-1.7 5.3771893
-1.69 5.3772132
-1.68 5.3772371
-1.67 5.377261
-1.66 5.3773088
-1.65 5.3773327
-1.64 5.3773566
-1.63 5.3773805
-1.62 5.3774044
-1.61 5.3774283
-1.6 5.3774522
-1.59 5.3774761
-1.58 5.3775239
-1.57 5.3775478
-1.56 5.3775717
-1.55 5.3775956
-1.54 5.3776195
-1.53 5.3776434
-1.52 5.3776673
-1.51 5.3777151
-1.5 5.377739
-1.49 5.3777629
-1.48 5.3777868
-1.47 5.3778107
-1.46 5.3778585
-1.45 5.3778824
-1.44 5.3779063
-1.43 5.3779302
-1.42 5.3779541
-1.41 5.3780019
-1.4 5.3780258
-1.39 5.3780497
-1.38 5.3780736
-1.37 5.3780975
-1.36 5.3781453
-1.35 5.3781692
-1.34 5.3781931
-1.33 5.378217
-1.32 5.3782648
-1.31 5.3782887
-1.3 5.3783126
-1.29 5.3783365
-1.28 5.3783843
-1.27 5.3784082
-1.26 5.3784321
-1.25 5.378456
-1.24 5.3785038
-1.23 5.3785277
-1.22 5.3785516
-1.21 5.3785994
-1.2 5.3786233
-1.19 5.3786472
-1.18 5.3786711
-1.17 5.3787189
-1.16 5.3787428
-1.15 5.3787667
-1.14 5.3788145
-1.13 5.3788384
-1.12 5.3788623
-1.11 5.3789101
-1.1 5.378934
-1.09 5.3789579
-1.08 5.3790057
-1.07 5.3790296
-1.06 5.3790535
-1.05 5.3791013
-1.04 5.3791252
-1.03 5.3791491
-1.02 5.3791969
-1.01 5.3792208
-1.0 5.3792686
-0.99 5.3792925
-0.98 5.3793164
-0.97 5.3793642
-0.96 5.3793881
-0.95 5.3794359
-0.94 5.3794598
-0.93 5.3794837
-0.92 5.3795315
-0.91 5.3795554
-0.9 5.3796032
-0.89 5.3796271
-0.88 5.379651
-0.87 5.3796988
-0.86 5.3797227
-0.85 5.3797705
-0.84 5.3797944
-0.83 5.3798422
-0.82 5.3798661
-0.81 5.3799139
-0.8 5.3799378
-0.79 5.3799617
-0.78 5.3800095
-0.77 5.3800334
-0.76 5.3800812
-0.75 5.3801051
-0.74 5.3801529
-0.73 5.3801768
-0.72 5.3802246
-0.71 5.3802485
-0.7 5.3802963
-0.69 5.3803202
-0.68 5.380368
-0.67 5.3803919
-0.66 5.3804397
-0.65 5.3804636
-0.64 5.3805114
-0.63 5.3805353
-0.62 5.3805831
-0.61 5.380607
-0.6 5.3806548
-0.59 5.3806787
-0.58 5.3807265
-0.57 5.3807743
-0.56 5.3807982
-0.55 5.380846
-0.54 5.3808699
-0.53 5.3809177
-0.52 5.3809416
-0.51 5.3809894
-0.5 5.3810372
-0.49 5.3810611
-0.48 5.3811089
-0.47 5.3811328
-0.46 5.3811806
-0.45 5.3812045
-0.44 5.3812523
-0.43 5.3813001
-0.42 5.381324
-0.41 5.3813718
-0.4 5.3813957
-0.39 5.3814435
-0.38 5.3814913
-0.37 5.3815152
-0.36 5.381563
-0.35 5.3816108
-0.34 5.3816347
-0.33 5.3816825
-0.32 5.3817303
-0.31 5.3817542
-0.3 5.381802
-0.29 5.3818498
-0.28 5.3818737
-0.27 5.3819215
-0.26 5.3819454
-0.25 5.3819932
-0.24 5.382041
-0.23 5.3820888
-0.22 5.3821127
-0.21 5.3821605
-0.2 5.3822083
-0.19 5.3822322
-0.18 5.38228
-0.17 5.3823278
-0.16 5.3823517
-0.15 5.3823995
-0.14 5.3824473
-0.13 5.3824951
-0.12 5.382519
-0.11 5.3825668
-0.1 5.3826146
-0.09 5.3826385
-0.08 5.3826863
-0.07 5.3827341
-0.06 5.3827819
-0.05 5.3828058
-0.04 5.3828536
-0.03 5.3829014
-0.02 5.3829492
-0.01 5.3829731
0.0 5.3830209
0.01 5.3830687
0.02 5.3831165
0.03 5.3831643
0.04 5.3831882
0.05 5.383236
0.06 5.3832838
0.07 5.3833316
0.08 5.3833555
0.09 5.3834033
0.1 5.3834511
0.11 5.3834989
0.12 5.3835467
0.13 5.3835945
0.14 5.3836184
0.15 5.3836662
0.16 5.383714
0.17 5.3837618
0.18 5.3838096
0.19 5.3838335
0.2 5.3838813
0.21 5.3839291
0.22 5.3839769
0.23 5.3840247
0.24 5.3840725
0.25 5.3841203
0.26 5.3841442
0.27 5.384192
0.28 5.3842398
0.29 5.3842876
0.3 5.3843354
0.31 5.3843832
0.32 5.384431
0.33 5.3844788
0.34 5.3845027
0.35 5.3845505
0.36 5.3845983
0.37 5.3846461
0.38 5.3846939
0.39 5.3847417
0.4 5.3847895
0.41 5.3848373
0.42 5.3848851
0.43 5.3849329
0.44 5.3849807
0.45 5.3850046
0.46 5.3850524
0.47 5.3851002
0.48 5.385148
0.49 5.3851958
0.5 5.3852436
0.51 5.3852914
0.52 5.3853392
0.53 5.385387
0.54 5.3854348
0.55 5.3854826
0.56 5.3855304
0.57 5.3855782
0.58 5.385626
0.59 5.3856738
0.6 5.3857216
0.61 5.3857694
0.62 5.3858172
0.63 5.385865
0.64 5.3859128
0.65 5.3859606
0.66 5.3860084
0.67 5.3860562
0.68 5.386104
0.69 5.3861518
0.7 5.3861996
0.71 5.3862474
0.72 5.3862952
0.73 5.386343
0.74 5.3863908
0.75 5.3864386
0.76 5.3864864
0.77 5.3865342
0.78 5.386582
0.79 5.3866298
0.8 5.3866776
0.81 5.3867254
0.82 5.3867732
0.83 5.3868449
0.84 5.3868927
0.85 5.3869405
0.86 5.3869883
0.87 5.3870361
0.88 5.3870839
0.89 5.3871317
0.9 5.3871795
0.91 5.3872273
0.92 5.3872751
0.93 5.3873229
0.94 5.3873707
0.95 5.3874424
0.96 5.3874902
0.97 5.387538
0.98 5.3875858
0.99 5.3876336
1.0 5.3876814
1.01 5.3877292
1.02 5.387777
1.03 5.3878487
1.04 5.3878965
1.05 5.3879443
1.06 5.3879921
1.07 5.3880399
1.08 5.3880877
1.09 5.3881355
1.1 5.3882072
1.11 5.388255
1.12 5.3883028
1.13 5.3883506
1.14 5.3883984
1.15 5.3884462
1.16 5.3885179
1.17 5.3885657
1.18 5.3886135
1.19 5.3886613
1.2 5.3887091
1.21 5.3887569
1.22 5.3888286
1.23 5.3888764
1.24 5.3889242
1.25 5.388972
1.26 5.3890198
1.27 5.3890915
1.28 5.3891393
1.29 5.3891871
1.3 5.3892349
1.31 5.3893066
1.32 5.3893544
1.33 5.3894022
1.34 5.38945
1.35 5.3895217
1.36 5.3895695
1.37 5.3896173
1.38 5.3896651
1.39 5.3897368
1.4 5.3897846
1.41 5.3898324
1.42 5.3898802
1.43 5.3899519
1.44 5.3899997
1.45 5.3900475
1.46 5.3900953
1.47 5.390167
1.48 5.3902148
1.49 5.3902626
1.5 5.3903343
1.51 5.3903821
1.52 5.3904299
1.53 5.3904777
1.54 5.3905494
1.55 5.3905972
1.56 5.390645
1.57 5.3907167
1.58 5.3907645
1.59 5.3908123
1.6 5.390884
1.61 5.3909318
1.62 5.3909796
1.63 5.3910513
1.64 5.3910991
1.65 5.3911469
1.66 5.3912186
1.67 5.3912664
1.68 5.3913142
1.69 5.3913859
1.7 5.3914337
1.71 5.3914815
1.72 5.3915532
1.73 5.391601
1.74 5.3916488
1.75 5.3917205
1.76 5.3917683
1.77 5.3918161
1.78 5.3918878
1.79 5.3919356
1.8 5.3920073
1.81 5.3920551
1.82 5.3921029
1.83 5.3921746
1.84 5.3922224
1.85 5.3922941
1.86 5.3923419
1.87 5.3923897
1.88 5.3924614
1.89 5.3925092
1.9 5.3925809
1.91 5.3926287
1.92 5.3926765
1.93 5.3927482
1.94 5.392796
1.95 5.3928677
1.96 5.3929155
1.97 5.3929872
1.98 5.393035
1.99 5.3930828
2.0 5.3931545
2.01 5.3932023
2.02 5.393274
2.03 5.3933218
2.04 5.3933935
2.05 5.3934413
2.06 5.393513
2.07 5.3935608
2.08 5.3936325
2.09 5.3936803
2.1 5.3937281
2.11 5.3937998
2.12 5.3938476
2.13 5.3939193
2.14 5.3939671
2.15 5.3940388
2.16 5.3940866
2.17 5.3941583
2.18 5.3942061
2.19 5.3942778
2.2 5.3943256
2.21 5.3943973
2.22 5.3944451
2.23 5.3945168
2.24 5.3945646
2.25 5.3946363
2.26 5.3946841
2.27 5.3947558
2.28 5.3948275
2.29 5.3948753
2.3 5.394947
2.31 5.3949948
2.32 5.3950665
2.33 5.3951143
2.34 5.395186
2.35 5.3952338
2.36 5.3953055
2.37 5.3953533
2.38 5.395425
2.39 5.3954728
2.4 5.3955445
2.41 5.3956162
2.42 5.395664
2.43 5.3957357
2.44 5.3957835
2.45 5.3958552
2.46 5.395903
2.47 5.3959747
2.48 5.3960464
2.49 5.3960942
2.5 5.3961659
2.51 5.3962137
2.52 5.3962854
2.53 5.3963571
2.54 5.3964049
2.55 5.3964766
2.56 5.3965244
2.57 5.3965961
2.58 5.3966678
2.59 5.3967156
2.6 5.3967873
2.61 5.3968351
2.62 5.3969068
2.63 5.3969785
2.64 5.3970263
2.65 5.397098
2.66 5.3971697
2.67 5.3972175
2.68 5.3972892
2.69 5.3973609
2.7 5.3974087
2.71 5.3974804
2.72 5.3975282
2.73 5.3975999
2.74 5.3976716
2.75 5.3977194
2.76 5.3977911
2.77 5.3978628
2.78 5.3979106
2.79 5.3979823
2.8 5.398054
2.81 5.3981018
2.82 5.3981735
2.83 5.3982452
2.84 5.398293
2.85 5.3983647
2.86 5.3984364
2.87 5.3985081
2.88 5.3985559
2.89 5.3986276
2.9 5.3986993
2.91 5.3987471
2.92 5.3988188
2.93 5.3988905
2.94 5.3989383
2.95 5.39901
2.96 5.3990817
2.97 5.3991534
2.98 5.3992012
2.99 5.3992729
3.0 5.3993446
3.01 5.3993924
3.02 5.3994641
3.03 5.3995358
3.04 5.3996075
3.05 5.3996553
3.06 5.399727
3.07 5.3997987
3.08 5.3998704
3.09 5.3999182
3.1 5.3999899
3.11 5.4000616
3.12 5.4001333
3.13 5.4001811
3.14 5.4002528
3.15 5.4003245
3.16 5.4003962
3.17 5.400444
3.18 5.4005157
3.19 5.4005874
3.2 5.4006591
3.21 5.4007308
3.22 5.4007786
3.23 5.4008503
3.24 5.400922
3.25 5.4009937
3.26 5.4010654
3.27 5.4011132
3.28 5.4011849
3.29 5.4012566
3.3 5.4013283
3.31 5.4013761
3.32 5.4014478
3.33 5.4015195
3.34 5.4015912
3.35 5.4016629
3.36 5.4017346
3.37 5.4017824
3.38 5.4018541
3.39 5.4019258
3.4 5.4019975
3.41 5.4020692
3.42 5.402117
3.43 5.4021887
3.44 5.4022604
3.45 5.4023321
3.46 5.4024038
3.47 5.4024755
3.48 5.4025472
3.49 5.402595
3.5 5.4026667
3.51 5.4027384
3.52 5.4028101
3.53 5.4028818
3.54 5.4029535
3.55 5.4030252
3.56 5.403073
3.57 5.4031447
3.58 5.4032164
3.59 5.4032881
3.6 5.4033598
3.61 5.4034315
3.62 5.4035032
3.63 5.403551
3.64 5.4036227
3.65 5.4036944
3.66 5.4037661
3.67 5.4038378
3.68 5.4039095
3.69 5.4039812
3.7 5.4040529
3.71 5.4041246
3.72 5.4041963
3.73 5.4042441
3.74 5.4043158
3.75 5.4043875
3.76 5.4044592
3.77 5.4045309
3.78 5.4046026
3.79 5.4046743
3.8 5.404746
3.81 5.4048177
3.82 5.4048894
3.83 5.4049611
3.84 5.4050328
3.85 5.4050806
3.86 5.4051523
3.87 5.405224
3.88 5.4052957
3.89 5.4053674
3.9 5.4054391
3.91 5.4055108
3.92 5.4055825
3.93 5.4056542
3.94 5.4057259
3.95 5.4057976
3.96 5.4058693
3.97 5.405941
3.98 5.4060127
3.99 5.4060844
4.0 5.4061561
4.01 5.4062278
4.02 5.4062995
4.03 5.4063712
4.04 5.4064429
4.05 5.4065146
4.06 5.4065863
4.07 5.406658
4.08 5.4067058
4.09 5.4067775
4.1 5.4068492
4.11 5.4069209
4.12 5.4069926
4.13 5.4070643
4.14 5.407136
4.15 5.4072077
4.16 5.4072794
4.17 5.4073511
4.18 5.4074228
4.19 5.4074945
4.2 5.4075662
4.21 5.4076379
4.22 5.4077096
4.23 5.4077813
4.24 5.407853
4.25 5.4079486
4.26 5.4080203
4.27 5.408092
4.28 5.4081637
4.29 5.4082354
4.3 5.4083071
4.31 5.4083788
4.32 5.4084505
4.33 5.4085222
4.34 5.4085939
4.35 5.4086656
4.36 5.4087373
4.37 5.408809
4.38 5.4088807
4.39 5.4089524
4.4 5.4090241
4.41 5.4090958
4.42 5.4091675
4.43 5.4092392
4.44 5.4093109
4.45 5.4093826
4.46 5.4094543
4.47 5.409526
4.48 5.4095977
4.49 5.4096933
4.5 5.409765
4.51 5.4098367
4.52 5.4099084
4.53 5.4099801
4.54 5.4100518
4.55 5.4101235
4.56 5.4101952
4.57 5.4102669
4.58 5.4103386
4.59 5.4104103
4.6 5.410482
4.61 5.4105776
4.62 5.4106493
4.63 5.410721
4.64 5.4107927
4.65 5.4108644
4.66 5.4109361
4.67 5.4110078
4.68 5.4110795
4.69 5.4111512
4.7 5.4112229
4.71 5.4113185
4.72 5.4113902
4.73 5.4114619
4.74 5.4115336
4.75 5.4116053
4.76 5.411677
4.77 5.4117487
4.78 5.4118204
4.79 5.4118921
4.8 5.4119877
4.81 5.4120594
4.82 5.4121311
4.83 5.4122028
4.84 5.4122745
4.85 5.4123462
4.86 5.4124179
4.87 5.4125135
4.88 5.4125852
4.89 5.4126569
4.9 5.4127286
4.91 5.4128003
4.92 5.412872
4.93 5.4129437
4.94 5.4130393
4.95 5.413111
4.96 5.4131827
4.97 5.4132544
4.98 5.4133261
4.99 5.4133978
5.0 5.4134695
5.01 5.4135651
5.02 5.4136368
5.03 5.4137085
5.04 5.4137802
5.05 5.4138519
5.06 5.4139236
5.07 5.4140192
5.08 5.4140909
5.09 5.4141626
5.1 5.4142343
5.11 5.414306
5.12 5.4144016
5.13 5.4144733
5.14 5.414545
5.15 5.4146167
5.16 5.4146884
5.17 5.4147601
5.18 5.4148557
5.19 5.4149274
5.2 5.4149991
5.21 5.4150708
5.22 5.4151425
5.23 5.4152381
5.24 5.4153098
5.25 5.4153815
5.26 5.4154532
5.27 5.4155249
5.28 5.4156205
5.29 5.4156922
5.3 5.4157639
5.31 5.4158356
5.32 5.4159312
5.33 5.4160029
5.34 5.4160746
5.35 5.4161463
5.36 5.416218
5.37 5.4163136
5.38 5.4163853
5.39 5.416457
5.4 5.4165287
5.41 5.4166243
5.42 5.416696
5.43 5.4167677
5.44 5.4168394
5.45 5.4169111
5.46 5.4170067
5.47 5.4170784
5.48 5.4171501
5.49 5.4172218
5.5 5.4173174
5.51 5.4173891
5.52 5.4174608
5.53 5.4175325
5.54 5.4176281
5.55 5.4176998
5.56 5.4177715
5.57 5.4178432
5.58 5.4179388
5.59 5.4180105
5.6 5.4180822
5.61 5.4181539
5.62 5.4182495
5.63 5.4183212
5.64 5.4183929
5.65 5.4184885
5.66 5.4185602
5.67 5.4186319
5.68 5.4187036
5.69 5.4187992
5.7 5.4188709
5.71 5.4189426
5.72 5.4190143
5.73 5.4191099
5.74 5.4191816
5.75 5.4192533
5.76 5.4193489
5.77 5.4194206
5.78 5.4194923
5.79 5.419564
5.8 5.4196596
5.81 5.4197313
5.82 5.419803
5.83 5.4198986
5.84 5.4199703
5.85 5.420042
5.86 5.4201137
5.87 5.4202093
5.88 5.420281
5.89 5.4203527
5.9 5.4204483
5.91 5.42052
5.92 5.4205917
5.93 5.4206873
5.94 5.420759
5.95 5.4208307
5.96 5.4209024
5.97 5.420998
5.98 5.4210697
5.99 5.4211414
6.0 5.421237
6.01 5.4213087
6.02 5.4213804
6.03 5.421476
6.04 5.4215477
6.05 5.4216194
6.06 5.421715
6.07 5.4217867
6.08 5.4218584
6.09 5.421954
6.1 5.4220257
6.11 5.4220974
6.12 5.422193
6.13 5.4222647
6.14 5.4223364
6.15 5.422432
6.16 5.4225037
6.17 5.4225754
6.18 5.422671
6.19 5.4227427
6.2 5.4228144
6.21 5.42291
6.22 5.4229817
6.23 5.4230534
6.24 5.423149
6.25 5.4232207
6.26 5.4232924
6.27 5.423388
6.28 5.4234597
6.29 5.4235314
6.3 5.423627
6.31 5.4236987
6.32 5.4237704
6.33 5.423866
6.34 5.4239377
6.35 5.4240094
6.36 5.424105
6.37 5.4241767
6.38 5.4242723
6.39 5.424344
6.4 5.4244157
6.41 5.4245113
6.42 5.424583
6.43 5.4246547
6.44 5.4247503
6.45 5.424822
6.46 5.4248937
6.47 5.4249893
6.48 5.425061
6.49 5.4251566
6.5 5.4252283
6.51 5.4253
6.52 5.4253956
6.53 5.4254673
6.54 5.425539
6.55 5.4256346
6.56 5.4257063
6.57 5.4258019
6.58 5.4258736
6.59 5.4259453
6.6 5.4260409
6.61 5.4261126
6.62 5.4261843
6.63 5.4262799
6.64 5.4263516
6.65 5.4264472
6.66 5.4265189
6.67 5.4265906
6.68 5.4266862
6.69 5.4267579
6.7 5.4268535
6.71 5.4269252
6.72 5.4269969
6.73 5.4270925
6.74 5.4271642
6.75 5.4272598
6.76 5.4273315
6.77 5.4274032
6.78 5.4274988
6.79 5.4275705
6.8 5.4276661
6.81 5.4277378
6.82 5.4278095
6.83 5.4279051
6.84 5.4279768
6.85 5.4280724
6.86 5.4281441
6.87 5.4282158
6.88 5.4283114
6.89 5.4283831
6.9 5.4284787
6.91 5.4285504
6.92 5.4286221
6.93 5.4287177
6.94 5.4287894
6.95 5.428885
6.96 5.4289567
6.97 5.4290523
6.98 5.429124
6.99 5.4291957
7.0 5.4292913
7.01 5.429363
7.02 5.4294586
7.03 5.4295303
7.04 5.4296259
7.05 5.4296976
7.06 5.4297693
7.07 5.4298649
7.08 5.4299366
7.09 5.4300322
7.1 5.4301039
7.11 5.4301756
7.12 5.4302712
7.13 5.4303429
7.14 5.4304385
7.15 5.4305102
7.16 5.4306058
7.17 5.4306775
7.18 5.4307731
7.19 5.4308448
7.2 5.4309165
7.21 5.4310121
7.22 5.4310838
7.23 5.4311794
7.24 5.4312511
7.25 5.4313467
7.26 5.4314184
7.27 5.4314901
7.28 5.4315857
7.29 5.4316574
7.3 5.431753
7.31 5.4318247
7.32 5.4319203
7.33 5.431992
7.34 5.4320876
7.35 5.4321593
7.36 5.432231
7.37 5.4323266
7.38 5.4323983
7.39 5.4324939
7.4 5.4325656
7.41 5.4326612
7.42 5.4327329
7.43 5.4328285
7.44 5.4329002
7.45 5.4329958
7.46 5.4330675
7.47 5.4331392
7.48 5.4332348
7.49 5.4333065
7.5 5.4334021
7.51 5.4334738
7.52 5.4335694
7.53 5.4336411
7.54 5.4337367
7.55 5.4338084
7.56 5.433904
7.57 5.4339757
7.58 5.4340474
7.59 5.434143
7.6 5.4342147
7.61 5.4343103
7.62 5.434382
7.63 5.4344776
7.64 5.4345493
7.65 5.4346449
7.66 5.4347166
7.67 5.4348122
7.68 5.4348839
7.69 5.4349795
7.7 5.4350512
7.71 5.4351229
7.72 5.4352185
7.73 5.4352902
7.74 5.4353858
7.75 5.4354575
7.76 5.4355531
7.77 5.4356248
7.78 5.4357204
7.79 5.4357921
7.8 5.4358877
7.81 5.4359594
7.82 5.436055
7.83 5.4361267
7.84 5.4362223
7.85 5.436294
7.86 5.4363896
7.87 5.4364613
7.88 5.4365569
7.89 5.4366286
7.9 5.4367003
7.91 5.4367959
7.92 5.4368676
7.93 5.4369632
7.94 5.4370349
7.95 5.4371305
7.96 5.4372022
7.97 5.4372978
7.98 5.4373695
7.99 5.4374651
8.0 5.4375368
8.01 5.4376324
8.02 5.4377041
8.03 5.4377997
8.04 5.4378714
8.05 5.437967
8.06 5.4380387
8.07 5.4381343
8.08 5.438206
8.09 5.4383016
8.1 5.4383733
8.11 5.4384689
8.12 5.4385406
8.13 5.4386362
8.14 5.4387079
8.15 5.4387796
8.16 5.4388752
8.17 5.4389469
8.18 5.4390425
8.19 5.4391142
8.2 5.4392098
8.21 5.4392815
8.22 5.4393771
8.23 5.4394488
8.24 5.4395444
8.25 5.4396161
8.26 5.4397117
8.27 5.4397834
8.28 5.439879
8.29 5.4399507
8.3 5.4400463
8.31 5.440118
8.32 5.4402136
8.33 5.4402853
8.34 5.4403809
8.35 5.4404526
8.36 5.4405482
8.37 5.4406199
8.38 5.4407155
8.39 5.4407872
8.4 5.4408828
8.41 5.4409545
8.42 5.4410501
8.43 5.4411218
8.44 5.4412174
8.45 5.4412891
8.46 5.4413847
8.47 5.4414564
8.48 5.441552
8.49 5.4416237
8.5 5.4417193
8.51 5.441791
8.52 5.4418866
8.53 5.4419583
8.54 5.4420539
8.55 5.4421256
8.56 5.4422212
8.57 5.4422929
8.58 5.4423885
8.59 5.4424602
8.6 5.4425558
8.61 5.4426275
8.62 5.4427231
8.63 5.4427948
8.64 5.4428665
8.65 5.4429621
8.66 5.4430338
8.67 5.4431294
8.68 5.4432011
8.69 5.4432967
8.7 5.4433684
8.71 5.443464
8.72 5.4435357
8.73 5.4436313
8.74 5.443703
8.75 5.4437986
8.76 5.4438703
8.77 5.4439659
8.78 5.4440376
8.79 5.4441332
8.8 5.4442049
8.81 5.4443005
8.82 5.4443722
8.83 5.4444678
8.84 5.4445395
8.85 5.4446351
8.86 5.4447068
8.87 5.4448024
8.88 5.4448741
8.89 5.4449697
8.9 5.4450414
8.91 5.445137
8.92 5.4452087
8.93 5.4453043
8.94 5.445376
8.95 5.4454716
8.96 5.4455433
8.97 5.4456389
8.98 5.4457106
8.99 5.4458062
9.0 5.4458779
9.01 5.4459735
9.02 5.4460452
9.03 5.4461408
9.04 5.4462125
9.05 5.4463081
9.06 5.4463798
9.07 5.4464754
9.08 5.4465471
9.09 5.4466427
9.1 5.4467144
9.11 5.44681
9.12 5.4468817
9.13 5.4469773
9.14 5.447049
9.15 5.4471446
9.16 5.4472163
9.17 5.4473119
9.18 5.4473836
9.19 5.4474792
9.2 5.4475509
9.21 5.4476465
9.22 5.4477182
9.23 5.4478138
9.24 5.4478855
9.25 5.4479811
9.26 5.4480528
9.27 5.4481484
9.28 5.4482201
9.29 5.4482918
9.3 5.4483874
9.31 5.4484591
9.32 5.4485547
9.33 5.4486264
9.34 5.448722
9.35 5.4487937
9.36 5.4488893
9.37 5.448961
9.38 5.4490566
9.39 5.4491283
9.4 5.4492239
9.41 5.4492956
9.42 5.4493912
9.43 5.4494629
9.44 5.4495585
9.45 5.4496302
9.46 5.4497258
9.47 5.4497975
9.48 5.4498931
9.49 5.4499648
9.5 5.4500604
9.51 5.4501321
9.52 5.4502277
9.53 5.4502994
9.54 5.450395
9.55 5.4504667
9.56 5.4505623
9.57 5.450634
9.58 5.4507296
9.59 5.4508013
9.6 5.450873
9.61 5.4509686
9.62 5.4510403
9.63 5.4511359
9.64 5.4512076
9.65 5.4513032
9.66 5.4513749
9.67 5.4514705
9.68 5.4515422
9.69 5.4516378
9.7 5.4517095
9.71 5.4518051
9.72 5.4518768
9.73 5.4519724
9.74 5.4520441
9.75 5.4521397
9.76 5.4522114
9.77 5.452307
9.78 5.4523787
9.79 5.4524504
9.8 5.452546
9.81 5.4526177
9.82 5.4527133
9.83 5.452785
9.84 5.4528806
9.85 5.4529523
9.86 5.4530479
9.87 5.4531196
9.88 5.4532152
9.89 5.4532869
9.9 5.4533825
9.91 5.4534542
9.92 5.4535498
9.93 5.4536215
9.94 5.4536932
9.95 5.4537888
9.96 5.4538605
9.97 5.4539561
9.98 5.4540278
9.99 5.4541234
10.0 5.4541951
10.01 5.4542907
10.02 5.4543624
10.03 5.454458
10.04 5.4545297
10.05 5.4546253
10.06 5.454697
10.07 5.4547687
10.08 5.4548643
10.09 5.454936
10.1 5.4550316
10.11 5.4551033
10.12 5.4551989
10.13 5.4552706
10.14 5.4553662
10.15 5.4554379
10.16 5.4555096
10.17 5.4556052
10.18 5.4556769
10.19 5.4557725
10.2 5.4558442
10.21 5.4559398
10.22 5.4560115
10.23 5.4561071
10.24 5.4561788
10.25 5.4562744
10.26 5.4563461
10.27 5.4564178
10.28 5.4565134
10.29 5.4565851
10.3 5.4566807
10.31 5.4567524
10.32 5.456848
10.33 5.4569197
10.34 5.4569914
10.35 5.457087
10.36 5.4571587
10.37 5.4572543
10.38 5.457326
10.39 5.4574216
10.4 5.4574933
10.41 5.4575889
10.42 5.4576606
10.43 5.4577323
10.44 5.4578279
10.45 5.4578996
10.46 5.4579952
10.47 5.4580669
10.48 5.4581625
10.49 5.4582342
10.5 5.4583059
10.51 5.4584015
10.52 5.4584732
10.53 5.4585688
10.54 5.4586405
10.55 5.4587122
10.56 5.4588078
10.57 5.4588795
10.58 5.4589751
10.59 5.4590468
10.6 5.4591424
10.61 5.4592141
10.62 5.4592858
10.63 5.4593814
10.64 5.4594531
10.65 5.4595487
10.66 5.4596204
10.67 5.4596921
10.68 5.4597877
10.69 5.4598594
10.7 5.459955
10.71 5.4600267
10.72 5.4600984
10.73 5.460194
10.74 5.4602657
10.75 5.4603613
10.76 5.460433
10.77 5.4605286
10.78 5.4606003
10.79 5.460672
10.8 5.4607676
10.81 5.4608393
10.82 5.4609349
10.83 5.4610066
10.84 5.4610783
10.85 5.4611739
10.86 5.4612456
10.87 5.4613173
10.88 5.4614129
10.89 5.4614846
10.9 5.4615802
10.91 5.4616519
10.92 5.4617236
10.93 5.4618192
10.94 5.4618909
10.95 5.4619865
10.96 5.4620582
10.97 5.4621299
10.98 5.4622255
10.99 5.4622972
11.0 5.4623689
11.01 5.4624645
11.02 5.4625362
11.03 5.4626318
11.04 5.4627035
11.05 5.4627752
11.06 5.4628708
11.07 5.4629425
11.08 5.4630142
11.09 5.4631098
11.1 5.4631815
11.11 5.4632771
11.12 5.4633488
11.13 5.4634205
11.14 5.4635161
11.15 5.4635878
11.16 5.4636595
11.17 5.4637551
11.18 5.4638268
11.19 5.4638985
11.2 5.4639941
11.21 5.4640658
11.22 5.4641614
11.23 5.4642331
11.24 5.4643048
11.25 5.4644004
11.26 5.4644721
11.27 5.4645438
11.28 5.4646394
11.29 5.4647111
11.3 5.4647828
11.31 5.4648784
11.32 5.4649501
11.33 5.4650218
11.34 5.4651174
11.35 5.4651891
11.36 5.4652608
11.37 5.4653564
11.38 5.4654281
11.39 5.4654998
11.4 5.4655954
11.41 5.4656671
11.42 5.4657388
11.43 5.4658344
11.44 5.4659061
11.45 5.4659778
11.46 5.4660734
11.47 5.4661451
11.48 5.4662168
11.49 5.4663124
11.5 5.4663841
11.51 5.4664558
11.52 5.4665514
11.53 5.4666231
11.54 5.4666948
11.55 5.4667904
11.56 5.4668621
11.57 5.4669338
11.58 5.4670294
11.59 5.4671011
11.6 5.4671728
11.61 5.4672445
11.62 5.4673401
11.63 5.4674118
11.64 5.4674835
11.65 5.4675791
11.66 5.4676508
11.67 5.4677225
11.68 5.4678181
11.69 5.4678898
11.7 5.4679615
11.71 5.4680571
11.72 5.4681288
11.73 5.4682005
11.74 5.4682722
11.75 5.4683678
11.76 5.4684395
11.77 5.4685112
11.78 5.4686068
11.79 5.4686785
11.8 5.4687502
11.81 5.4688219
11.82 5.4689175
11.83 5.4689892
11.84 5.4690609
11.85 5.4691326
11.86 5.4692282
11.87 5.4692999
11.88 5.4693716
11.89 5.4694672
11.9 5.4695389
11.91 5.4696106
11.92 5.4696823
11.93 5.4697779
11.94 5.4698496
11.95 5.4699213
11.96 5.469993
11.97 5.4700886
11.98 5.4701603
11.99 5.470232
12.0 5.4703037
12.01 5.4703993
12.02 5.470471
12.03 5.4705427
12.04 5.4706144
12.05 5.47071
12.06 5.4707817
12.07 5.4708534
12.08 5.4709251
12.09 5.4710207
12.1 5.4710924
12.11 5.4711641
12.12 5.4712358
12.13 5.4713314
12.14 5.4714031
12.15 5.4714748
12.16 5.4715465
12.17 5.4716421
12.18 5.4717138
12.19 5.4717855
12.2 5.4718572
12.21 5.4719289
12.22 5.4720245
12.23 5.4720962
12.24 5.4721679
12.25 5.4722396
12.26 5.4723352
12.27 5.4724069
12.28 5.4724786
12.29 5.4725503
12.3 5.472622
12.31 5.4727176
12.32 5.4727893
12.33 5.472861
12.34 5.4729327
12.35 5.4730044
12.36 5.4731
12.37 5.4731717
12.38 5.4732434
12.39 5.4733151
12.4 5.4733868
12.41 5.4734824
12.42 5.4735541
12.43 5.4736258
12.44 5.4736975
12.45 5.4737692
12.46 5.4738409
12.47 5.4739365
12.48 5.4740082
12.49 5.4740799
12.5 5.4741516
12.51 5.4742233
12.52 5.4743189
12.53 5.4743906
12.54 5.4744623
12.55 5.474534
12.56 5.4746057
12.57 5.4746774
12.58 5.474773
12.59 5.4748447
12.6 5.4749164
12.61 5.4749881
12.62 5.4750598
12.63 5.4751315
12.64 5.4752032
12.65 5.4752988
12.66 5.4753705
12.67 5.4754422
12.68 5.4755139
12.69 5.4755856
12.7 5.4756573
12.71 5.475729
12.72 5.4758246
12.73 5.4758963
12.74 5.475968
12.75 5.4760397
12.76 5.4761114
12.77 5.4761831
12.78 5.4762548
12.79 5.4763504
12.8 5.4764221
12.81 5.4764938
12.82 5.4765655
12.83 5.4766372
12.84 5.4767089
12.85 5.4767806
12.86 5.4768523
12.87 5.476924
12.88 5.4770196
12.89 5.4770913
12.9 5.477163
12.91 5.4772347
12.92 5.4773064
12.93 5.4773781
12.94 5.4774498
12.95 5.4775215
12.96 5.4775932
12.97 5.4776649
12.98 5.4777605
12.99 5.4778322
13.0 5.4779039
13.01 5.4779756
13.02 5.4780473
13.03 5.478119
13.04 5.4781907
13.05 5.4782624
13.06 5.4783341
13.07 5.4784058
13.08 5.4784775
13.09 5.4785492
13.1 5.4786209
13.11 5.4787165
13.12 5.4787882
13.13 5.4788599
13.14 5.4789316
13.15 5.4790033
13.16 5.479075
13.17 5.4791467
13.18 5.4792184
13.19 5.4792901
13.2 5.4793618
13.21 5.4794335
13.22 5.4795052
13.23 5.4795769
13.24 5.4796486
13.25 5.4797203
13.26 5.479792
13.27 5.4798637
13.28 5.4799354
13.29 5.4800071
13.3 5.4800788
13.31 5.4801505
13.32 5.4802222
13.33 5.4802939
13.34 5.4803656
13.35 5.4804373
13.36 5.4805329
13.37 5.4806046
13.38 5.4806763
13.39 5.480748
13.4 5.4808197
13.41 5.4808914
13.42 5.4809631
13.43 5.4810348
13.44 5.4811065
13.45 5.4811782
13.46 5.4812499
13.47 5.4813216
13.48 5.4813933
13.49 5.481465
13.5 5.4815128
13.51 5.4815845
13.52 5.4816562
13.53 5.4817279
13.54 5.4817996
13.55 5.4818713
13.56 5.481943
13.57 5.4820147
13.58 5.4820864
13.59 5.4821581
13.6 5.4822298
13.61 5.4823015
13.62 5.4823732
13.63 5.4824449
13.64 5.4825166
13.65 5.4825883
13.66 5.48266
13.67 5.4827317
13.68 5.4828034
13.69 5.4828751
13.7 5.4829468
13.71 5.4830185
13.72 5.4830902
13.73 5.4831619
13.74 5.4832097
13.75 5.4832814
13.76 5.4833531
13.77 5.4834248
13.78 5.4834965
13.79 5.4835682
13.8 5.4836399
13.81 5.4837116
13.82 5.4837833
13.83 5.483855
13.84 5.4839267
13.85 5.4839984
13.86 5.4840701
13.87 5.4841179
13.88 5.4841896
13.89 5.4842613
13.9 5.484333
13.91 5.4844047
13.92 5.4844764
13.93 5.4845481
13.94 5.4846198
13.95 5.4846915
13.96 5.4847393
13.97 5.484811
13.98 5.4848827
13.99 5.4849544
14.0 5.4850261
14.01 5.4850978
14.02 5.4851695
14.03 5.4852412
14.04 5.485289
14.05 5.4853607
14.06 5.4854324
14.07 5.4855041
14.08 5.4855758
14.09 5.4856475
14.1 5.4857192
14.11 5.485767
14.12 5.4858387
14.13 5.4859104
14.14 5.4859821
14.15 5.4860538
14.16 5.4861255
14.17 5.4861972
14.18 5.486245
14.19 5.4863167
14.2 5.4863884
14.21 5.4864601
14.22 5.4865318
14.23 5.4865796
14.24 5.4866513
14.25 5.486723
14.26 5.4867947
14.27 5.4868664
14.28 5.4869381
14.29 5.4869859
14.3 5.4870576
14.31 5.4871293
14.32 5.487201
14.33 5.4872727
14.34 5.4873205
14.35 5.4873922
14.36 5.4874639
14.37 5.4875356
14.38 5.4875834
14.39 5.4876551
14.4 5.4877268
14.41 5.4877985
14.42 5.4878702
14.43 5.487918
14.44 5.4879897
14.45 5.4880614
14.46 5.4881331
14.47 5.4881809
14.48 5.4882526
14.49 5.4883243
14.5 5.488396
14.51 5.4884438
14.52 5.4885155
14.53 5.4885872
14.54 5.4886589
14.55 5.4887067
14.56 5.4887784
14.57 5.4888501
14.58 5.4889218
14.59 5.4889696
14.6 5.4890413
14.61 5.489113
14.62 5.4891847
14.63 5.4892325
14.64 5.4893042
14.65 5.4893759
14.66 5.4894237
14.67 5.4894954
14.68 5.4895671
14.69 5.4896388
14.7 5.4896866
14.71 5.4897583
14.72 5.48983
14.73 5.4898778
14.74 5.4899495
14.75 5.4900212
14.76 5.490069
14.77 5.4901407
14.78 5.4902124
14.79 5.4902602
14.8 5.4903319
14.81 5.4904036
14.82 5.4904753
14.83 5.4905231
14.84 5.4905948
14.85 5.4906665
14.86 5.4907143
14.87 5.490786
14.88 5.4908338
14.89 5.4909055
14.9 5.4909772
14.91 5.491025
14.92 5.4910967
14.93 5.4911684
14.94 5.4912162
14.95 5.4912879
14.96 5.4913596
14.97 5.4914074
14.98 5.4914791
14.99 5.4915508
15.0 5.4915986
15.01 5.4916703
15.02 5.4917181
15.03 5.4917898
15.04 5.4918615
15.05 5.4919093
15.06 5.491981
15.07 5.4920288
15.08 5.4921005
15.09 5.4921722
15.1 5.49222
15.11 5.4922917
15.12 5.4923395
15.13 5.4924112
15.14 5.4924829
15.15 5.4925307
15.16 5.4926024
15.17 5.4926502
15.18 5.4927219
15.19 5.4927936
15.2 5.4928414
15.21 5.4929131
15.22 5.4929609
15.23 5.4930326
15.24 5.4930804
15.25 5.4931521
15.26 5.4931999
15.27 5.4932716
15.28 5.4933433
15.29 5.4933911
15.3 5.4934628
15.31 5.4935106
15.32 5.4935823
15.33 5.4936301
15.34 5.4937018
15.35 5.4937496
15.36 5.4938213
15.37 5.4938691
15.38 5.4939408
15.39 5.4939886
15.4 5.4940603
15.41 5.4941081
15.42 5.4941798
15.43 5.4942276
15.44 5.4942993
15.45 5.4943471
15.46 5.4944188
15.47 5.4944666
15.48 5.4945383
15.49 5.4945861
15.5 5.4946578
15.51 5.4947056
15.52 5.4947773
15.53 5.4948251
15.54 5.4948968
15.55 5.4949446
15.56 5.4950163
15.57 5.4950641
15.58 5.4951358
15.59 5.4951836
15.6 5.4952553
15.61 5.4953031
15.62 5.4953509
15.63 5.4954226
15.64 5.4954704
15.65 5.4955421
15.66 5.4955899
15.67 5.4956616
15.68 5.4957094
15.69 5.4957811
15.7 5.4958289
15.71 5.4958767
15.72 5.4959484
15.73 5.4959962
15.74 5.4960679
15.75 5.4961157
15.76 5.4961635
15.77 5.4962352
15.78 5.496283
15.79 5.4963547
15.8 5.4964025
15.81 5.4964503
15.82 5.496522
15.83 5.4965698
15.84 5.4966415
15.85 5.4966893
15.86 5.4967371
15.87 5.4968088
15.88 5.4968566
15.89 5.4969283
15.9 5.4969761
15.91 5.4970239
15.92 5.4970956
15.93 5.4971434
15.94 5.4971912
15.95 5.4972629
15.96 5.4973107
15.97 5.4973585
15.98 5.4974302
15.99 5.497478
16.0 5.4975258
16.01 5.4975975
16.02 5.4976453
16.03 5.4976931
16.04 5.4977648
16.05 5.4978126
16.06 5.4978604
16.07 5.4979321
16.08 5.4979799
16.09 5.4980277
16.1 5.4980994
16.11 5.4981472
16.12 5.498195
16.13 5.4982667
16.14 5.4983145
16.15 5.4983623
16.16 5.4984101
16.17 5.4984818
16.18 5.4985296
16.19 5.4985774
16.2 5.4986491
16.21 5.4986969
16.22 5.4987447
16.23 5.4987925
16.24 5.4988642
16.25 5.498912
16.26 5.4989598
16.27 5.4990076
16.28 5.4990793
16.29 5.4991271
16.3 5.4991749
16.31 5.4992227
16.32 5.4992944
16.33 5.4993422
16.34 5.49939
16.35 5.4994378
16.36 5.4994856
16.37 5.4995573
16.38 5.4996051
16.39 5.4996529
16.4 5.4997007
16.41 5.4997724
16.42 5.4998202
16.43 5.499868
16.44 5.4999158
16.45 5.4999636
16.46 5.5000353
16.47 5.5000831
16.48 5.5001309
16.49 5.5001787
16.5 5.5002265
16.51 5.5002743
16.52 5.500346
16.53 5.5003938
16.54 5.5004416
16.55 5.5004894
16.56 5.5005372
16.57 5.500585
16.58 5.5006567
16.59 5.5007045
16.6 5.5007523
16.61 5.5008001
16.62 5.5008479
16.63 5.5008957
16.64 5.5009435
16.65 5.5010152
16.66 5.501063
16.67 5.5011108
16.68 5.5011586
16.69 5.5012064
16.7 5.5012542
16.71 5.501302
16.72 5.5013498
16.73 5.5014215
16.74 5.5014693
16.75 5.5015171
16.76 5.5015649
16.77 5.5016127
16.78 5.5016605
16.79 5.5017083
16.8 5.5017561
16.81 5.5018039
16.82 5.5018517
16.83 5.5018995
16.84 5.5019712
16.85 5.502019
16.86 5.5020668
16.87 5.5021146
16.88 5.5021624
16.89 5.5022102
16.9 5.502258
16.91 5.5023058
16.92 5.5023536
16.93 5.5024014
16.94 5.5024492
16.95 5.502497
16.96 5.5025448
16.97 5.5025926
16.98 5.5026404
16.99 5.5026882
17.0 5.502736
17.01 5.5027838
17.02 5.5028316
17.03 5.5028794
17.04 5.5029272
17.05 5.502975
17.06 5.5030228
17.07 5.5030706
17.08 5.5031184
17.09 5.5031662
17.1 5.503214
17.11 5.5032618
17.12 5.5033096
17.13 5.5033574
17.14 5.5034052
17.15 5.503453
17.16 5.5035008
17.17 5.5035486
17.18 5.5035964
17.19 5.5036442
17.2 5.503692
17.21 5.5037398
17.22 5.5037876
17.23 5.5038354
17.24 5.5038832
17.25 5.5039071
17.26 5.5039549
17.27 5.5040027
17.28 5.5040505
17.29 5.5040983
17.3 5.5041461
17.31 5.5041939
17.32 5.5042417
17.33 5.5042895
17.34 5.5043373
17.35 5.5043851
17.36 5.504409
17.37 5.5044568
17.38 5.5045046
17.39 5.5045524
17.4 5.5046002
17.41 5.504648
17.42 5.5046958
17.43 5.5047436
17.44 5.5047675
17.45 5.5048153
17.46 5.5048631
17.47 5.5049109
17.48 5.5049587
17.49 5.5050065
17.5 5.5050543
17.51 5.5050782
17.52 5.505126
17.53 5.5051738
17.54 5.5052216
17.55 5.5052694
17.56 5.5053172
17.57 5.5053411
17.58 5.5053889
17.59 5.5054367
17.6 5.5054845
17.61 5.5055323
17.62 5.5055562
17.63 5.505604
17.64 5.5056518
17.65 5.5056996
17.66 5.5057474
17.67 5.5057713
17.68 5.5058191
17.69 5.5058669
17.7 5.5059147
17.71 5.5059386
17.72 5.5059864
17.73 5.5060342
17.74 5.506082
17.75 5.5061059
17.76 5.5061537
17.77 5.5062015
17.78 5.5062493
17.79 5.5062732
17.8 5.506321
17.81 5.5063688
17.82 5.5064166
17.83 5.5064405
17.84 5.5064883
17.85 5.5065361
17.86 5.5065839
17.87 5.5066078
17.88 5.5066556
17.89 5.5067034
17.9 5.5067273
17.91 5.5067751
17.92 5.5068229
17.93 5.5068468
17.94 5.5068946
17.95 5.5069424
17.96 5.5069663
17.97 5.5070141
17.98 5.5070619
17.99 5.5070858
18.0 5.5071336
18.01 5.5071814
18.02 5.5072053
18.03 5.5072531
18.04 5.5073009
18.05 5.5073248
18.06 5.5073726
18.07 5.5074204
18.08 5.5074443
18.09 5.5074921
18.1 5.5075399
18.11 5.5075638
18.12 5.5076116
18.13 5.5076355
18.14 5.5076833
18.15 5.5077311
18.16 5.507755
18.17 5.5078028
18.18 5.5078267
18.19 5.5078745
18.2 5.5079223
18.21 5.5079462
18.22 5.507994
18.23 5.5080179
18.24 5.5080657
18.25 5.5081135
18.26 5.5081374
18.27 5.5081852
18.28 5.5082091
18.29 5.5082569
18.3 5.5082808
18.31 5.5083286
18.32 5.5083525
18.33 5.5084003
18.34 5.5084242
18.35 5.508472
18.36 5.5085198
18.37 5.5085437
18.38 5.5085915
18.39 5.5086154
18.4 5.5086632
18.41 5.5086871
18.42 5.5087349
18.43 5.5087588
18.44 5.5088066
18.45 5.5088305
18.46 5.5088783
18.47 5.5089022
18.48 5.50895
18.49 5.5089739
18.5 5.5090217
18.51 5.5090456
18.52 5.5090695
18.53 5.5091173
18.54 5.5091412
18.55 5.509189
18.56 5.5092129
18.57 5.5092607
18.58 5.5092846
18.59 5.5093324
18.6 5.5093563
18.61 5.5094041
18.62 5.509428
18.63 5.5094519
18.64 5.5094997
18.65 5.5095236
18.66 5.5095714
18.67 5.5095953
18.68 5.5096192
18.69 5.509667
18.7 5.5096909
18.71 5.5097387
18.72 5.5097626
18.73 5.5097865
18.74 5.5098343
18.75 5.5098582
18.76 5.509906
18.77 5.5099299
18.78 5.5099538
18.79 5.5100016
18.8 5.5100255
18.81 5.5100494
18.82 5.5100972
18.83 5.5101211
18.84 5.510145
18.85 5.5101928
18.86 5.5102167
18.87 5.5102406
18.88 5.5102884
18.89 5.5103123
18.9 5.5103362
18.91 5.510384
18.92 5.5104079
18.93 5.5104318
18.94 5.5104796
18.95 5.5105035
18.96 5.5105274
18.97 5.5105752
18.98 5.5105991
18.99 5.510623
19.0 5.5106469
19.01 5.5106947
19.02 5.5107186
19.03 5.5107425
19.04 5.5107903
19.05 5.5108142
19.06 5.5108381
19.07 5.510862
19.08 5.5109098
19.09 5.5109337
19.1 5.5109576
19.11 5.5109815
19.12 5.5110293
19.13 5.5110532
19.14 5.5110771
19.15 5.511101
19.16 5.5111249
19.17 5.5111727
19.18 5.5111966
19.19 5.5112205
19.2 5.5112444
19.21 5.5112683
19.22 5.5113161
19.23 5.51134
19.24 5.5113639
19.25 5.5113878
19.26 5.5114117
19.27 5.5114595
19.28 5.5114834
19.29 5.5115073
19.3 5.5115312
19.31 5.5115551
19.32 5.511579
19.33 5.5116268
19.34 5.5116507
19.35 5.5116746
19.36 5.5116985
19.37 5.5117224
19.38 5.5117463
19.39 5.5117702
19.4 5.5117941
19.41 5.5118419
19.42 5.5118658
19.43 5.5118897
19.44 5.5119136
19.45 5.5119375
19.46 5.5119614
19.47 5.5119853
19.48 5.5120092
19.49 5.5120331
19.5 5.512057
19.51 5.5121048
19.52 5.5121287
19.53 5.5121526
19.54 5.5121765
19.55 5.5122004
19.56 5.5122243
19.57 5.5122482
19.58 5.5122721
19.59 5.512296
19.6 5.5123199
19.61 5.5123438
19.62 5.5123677
19.63 5.5123916
19.64 5.5124155
19.65 5.5124394
19.66 5.5124633
19.67 5.5124872
19.68 5.5125111
19.69 5.512535
19.7 5.5125589
19.71 5.5125828
19.72 5.5126067
19.73 5.5126306
19.74 5.5126545
19.75 5.5126784
19.76 5.5127023
19.77 5.5127262
19.78 5.5127501
19.79 5.512774
19.8 5.5127979
19.81 5.5128218
19.82 5.5128457
19.83 5.5128696
19.84 5.5128935
19.85 5.5129174
19.86 5.5129413
19.87 5.5129652
19.88 5.5129891
19.89 5.513013
19.9 5.513013
19.91 5.5130369
19.92 5.5130608
19.93 5.5130847
19.94 5.5131086
19.95 5.5131325
19.96 5.5131564
19.97 5.5131803
19.98 5.5132042
19.99 5.5132281
20.0 5.5132281
20.01 5.513252
20.02 5.5132759
20.03 5.5132998
20.04 5.5133237
20.05 5.5133476
20.06 5.5133715
20.07 5.5133715
20.08 5.5133954
20.09 5.5134193
20.1 5.5134432
20.11 5.5134671
20.12 5.513491
20.13 5.513491
20.14 5.5135149
20.15 5.5135388
20.16 5.5135627
20.17 5.5135866
20.18 5.5136105
20.19 5.5136105
20.2 5.5136344
20.21 5.5136583
20.22 5.5136822
20.23 5.5136822
20.24 5.5137061
20.25 5.51373
20.26 5.5137539
20.27 5.5137778
20.28 5.5137778
20.29 5.5138017
20.3 5.5138256
20.31 5.5138495
20.32 5.5138495
20.33 5.5138734
20.34 5.5138973
20.35 5.5139212
20.36 5.5139212
20.37 5.5139451
20.38 5.513969
20.39 5.513969
20.4 5.5139929
20.41 5.5140168
20.42 5.5140407
20.43 5.5140407
20.44 5.5140646
20.45 5.5140885
20.46 5.5140885
20.47 5.5141124
20.48 5.5141363
20.49 5.5141363
20.5 5.5141602
20.51 5.5141841
20.52 5.5141841
20.53 5.514208
20.54 5.5142319
20.55 5.5142319
20.56 5.5142558
20.57 5.5142797
20.58 5.5142797
20.59 5.5143036
20.6 5.5143036
20.61 5.5143275
20.62 5.5143514
20.63 5.5143514
20.64 5.5143753
20.65 5.5143992
20.66 5.5143992
20.67 5.5144231
20.68 5.5144231
20.69 5.514447
20.7 5.5144709
20.71 5.5144709
20.72 5.5144948
20.73 5.5144948
20.74 5.5145187
20.75 5.5145187
20.76 5.5145426
20.77 5.5145426
20.78 5.5145665
20.79 5.5145904
20.8 5.5145904
20.81 5.5146143
20.82 5.5146143
20.83 5.5146382
20.84 5.5146382
20.85 5.5146621
20.86 5.5146621
20.87 5.514686
20.88 5.514686
20.89 5.5147099
20.9 5.5147099
20.91 5.5147338
20.92 5.5147338
20.93 5.5147577
20.94 5.5147577
20.95 5.5147816
20.96 5.5147816
20.97 5.5148055
20.98 5.5148055
20.99 5.5148294
21.0 5.5148294
21.01 5.5148294
21.02 5.5148533
21.03 5.5148533
21.04 5.5148772
21.05 5.5148772
21.06 5.5149011
21.07 5.5149011
21.08 5.5149011
21.09 5.514925
21.1 5.514925
21.11 5.5149489
21.12 5.5149489
21.13 5.5149728
21.14 5.5149728
21.15 5.5149728
21.16 5.5149967
21.17 5.5149967
21.18 5.5149967
21.19 5.5150206
21.2 5.5150206
21.21 5.5150445
21.22 5.5150445
21.23 5.5150445
21.24 5.5150684
21.25 5.5150684
21.26 5.5150684
21.27 5.5150923
21.28 5.5150923
21.29 5.5150923
21.3 5.5151162
21.31 5.5151162
21.32 5.5151162
21.33 5.5151401
21.34 5.5151401
21.35 5.5151401
21.36 5.5151401
21.37 5.515164
21.38 5.515164
21.39 5.515164
21.4 5.5151879
21.41 5.5151879
21.42 5.5151879
21.43 5.5151879
21.44 5.5152118
21.45 5.5152118
21.46 5.5152118
21.47 5.5152118
21.48 5.5152357
21.49 5.5152357
21.5 5.5152357
21.51 5.5152357
21.52 5.5152596
21.53 5.5152596
21.54 5.5152596
21.55 5.5152596
21.56 5.5152835
21.57 5.5152835
21.58 5.5152835
21.59 5.5152835
21.6 5.5152835
21.61 5.5152835
21.62 5.5153074
21.63 5.5153074
21.64 5.5153074
21.65 5.5153074
21.66 5.5153074
21.67 5.5153313
21.68 5.5153313
21.69 5.5153313
21.7 5.5153313
21.71 5.5153313
21.72 5.5153313
21.73 5.5153313
21.74 5.5153552
21.75 5.5153552
21.76 5.5153552
21.77 5.5153552
21.78 5.5153552
21.79 5.5153552
21.8 5.5153552
21.81 5.5153552
21.82 5.5153552
21.83 5.5153791
21.84 5.5153791
21.85 5.5153791
21.86 5.5153791
21.87 5.5153791
21.88 5.5153791
21.89 5.5153791
21.9 5.5153791
21.91 5.5153791
21.92 5.5153791
21.93 5.5153791
21.94 5.5153791
21.95 5.5153791
21.96 5.5153791
21.97 5.5153791
21.98 5.5153791
21.99 5.5153791
22.0 5.5153791
22.01 5.5153791
22.02 5.5153791
22.03 5.5153791
22.04 5.5153791
22.05 5.5153791
22.06 5.5153791
22.07 5.5153791
22.08 5.5153791
22.09 5.5153791
22.1 5.5153791
22.11 5.5153791
22.12 5.5153791
22.13 5.5153791
22.14 5.5153791
22.15 5.5153791
22.16 5.5153791
22.17 5.5153791
22.18 5.5153791
22.19 5.5153791
22.2 5.5153791
22.21 5.5153791
22.22 5.5153791
22.23 5.5153552
22.24 5.5153552
22.25 5.5153552
22.26 5.5153552
22.27 5.5153552
22.28 5.5153552
22.29 5.5153552
22.3 5.5153552
22.31 5.5153552
22.32 5.5153313
22.33 5.5153313
22.34 5.5153313
22.35 5.5153313
22.36 5.5153313
22.37 5.5153313
22.38 5.5153313
22.39 5.5153074
22.4 5.5153074
22.41 5.5153074
22.42 5.5153074
22.43 5.5153074
22.44 5.5153074
22.45 5.5152835
22.46 5.5152835
22.47 5.5152835
22.48 5.5152835
22.49 5.5152835
22.5 5.5152596
22.51 5.5152596
22.52 5.5152596
22.53 5.5152596
22.54 5.5152596
22.55 5.5152357
22.56 5.5152357
22.57 5.5152357
22.58 5.5152357
22.59 5.5152118
22.6 5.5152118
22.61 5.5152118
22.62 5.5152118
22.63 5.5151879
22.64 5.5151879
22.65 5.5151879
22.66 5.515164
22.67 5.515164
22.68 5.515164
22.69 5.515164
22.7 5.5151401
22.71 5.5151401
22.72 5.5151401
22.73 5.5151162
22.74 5.5151162
22.75 5.5151162
22.76 5.5150923
22.77 5.5150923
22.78 5.5150923
22.79 5.5150684
22.8 5.5150684
22.81 5.5150684
22.82 5.5150445
22.83 5.5150445
22.84 5.5150445
22.85 5.5150206
22.86 5.5150206
22.87 5.5150206
22.88 5.5149967
22.89 5.5149967
22.9 5.5149728
22.91 5.5149728
22.92 5.5149728
22.93 5.5149489
22.94 5.5149489
22.95 5.514925
22.96 5.514925
22.97 5.5149011
22.98 5.5149011
22.99 5.5149011
23.0 5.5148772
23.01 5.5148772
23.02 5.5148533
23.03 5.5148533
23.04 5.5148294
23.05 5.5148294
23.06 5.5148055
23.07 5.5148055
23.08 5.5148055
23.09 5.5147816
23.1 5.5147816
23.11 5.5147577
23.12 5.5147577
23.13 5.5147338
23.14 5.5147338
23.15 5.5147099
23.16 5.5147099
23.17 5.514686
23.18 5.514686
23.19 5.5146621
23.2 5.5146621
23.21 5.5146382
23.22 5.5146143
23.23 5.5146143
23.24 5.5145904
23.25 5.5145904
23.26 5.5145665
23.27 5.5145665
23.28 5.5145426
23.29 5.5145426
23.3 5.5145187
23.31 5.5144948
23.32 5.5144948
23.33 5.5144709
23.34 5.5144709
23.35 5.514447
23.36 5.5144231
23.37 5.5144231
23.38 5.5143992
23.39 5.5143992
23.4 5.5143753
23.41 5.5143514
23.42 5.5143514
23.43 5.5143275
23.44 5.5143275
23.45 5.5143036
23.46 5.5142797
23.47 5.5142797
23.48 5.5142558
23.49 5.5142319
23.5 5.5142319
23.51 5.514208
23.52 5.5141841
23.53 5.5141841
23.54 5.5141602
23.55 5.5141363
23.56 5.5141363
23.57 5.5141124
23.58 5.5140885
23.59 5.5140646
23.6 5.5140646
23.61 5.5140407
23.62 5.5140168
23.63 5.5140168
23.64 5.5139929
23.65 5.513969
23.66 5.5139451
23.67 5.5139451
23.68 5.5139212
23.69 5.5138973
23.7 5.5138734
23.71 5.5138734
23.72 5.5138495
23.73 5.5138256
23.74 5.5138017
23.75 5.5138017
23.76 5.5137778
23.77 5.5137539
23.78 5.51373
23.79 5.5137061
23.8 5.5137061
23.81 5.5136822
23.82 5.5136583
23.83 5.5136344
23.84 5.5136105
23.85 5.5135866
23.86 5.5135866
23.87 5.5135627
23.88 5.5135388
23.89 5.5135149
23.9 5.513491
23.91 5.5134671
23.92 5.5134671
23.93 5.5134432
23.94 5.5134193
23.95 5.5133954
23.96 5.5133715
23.97 5.5133476
23.98 5.5133237
23.99 5.5132998
24.0 5.5132998
24.01 5.5132759
24.02 5.513252
24.03 5.5132281
24.04 5.5132042
24.05 5.5131803
24.06 5.5131564
24.07 5.5131325
24.08 5.5131086
24.09 5.5130847
24.1 5.5130608
24.11 5.5130369
24.12 5.5130369
24.13 5.513013
24.14 5.5129891
24.15 5.5129652
24.16 5.5129413
24.17 5.5129174
24.18 5.5128935
24.19 5.5128696
24.2 5.5128457
24.21 5.5128218
24.22 5.5127979
24.23 5.512774
24.24 5.5127501
24.25 5.5127262
24.26 5.5127023
24.27 5.5126784
24.28 5.5126545
24.29 5.5126306
24.3 5.5126067
24.31 5.5125828
24.32 5.5125589
24.33 5.512535
24.34 5.5124872
24.35 5.5124633
24.36 5.5124394
24.37 5.5124155
24.38 5.5123916
24.39 5.5123677
24.4 5.5123438
24.41 5.5123199
24.42 5.512296
24.43 5.5122721
24.44 5.5122482
24.45 5.5122243
24.46 5.5122004
24.47 5.5121526
24.48 5.5121287
24.49 5.5121048
24.5 5.5120809
24.51 5.512057
24.52 5.5120331
24.53 5.5120092
24.54 5.5119853
24.55 5.5119375
24.56 5.5119136
24.57 5.5118897
24.58 5.5118658
24.59 5.5118419
24.6 5.511818
24.61 5.5117702
24.62 5.5117463
24.63 5.5117224
24.64 5.5116985
24.65 5.5116746
24.66 5.5116268
24.67 5.5116029
24.68 5.511579
24.69 5.5115551
24.7 5.5115312
24.71 5.5114834
24.72 5.5114595
24.73 5.5114356
24.74 5.5114117
24.75 5.5113878
24.76 5.51134
24.77 5.5113161
24.78 5.5112922
24.79 5.5112683
24.8 5.5112205
24.81 5.5111966
24.82 5.5111727
24.83 5.5111249
24.84 5.511101
24.85 5.5110771
24.86 5.5110532
24.87 5.5110054
24.88 5.5109815
24.89 5.5109576
24.9 5.5109098
24.91 5.5108859
24.92 5.510862
24.93 5.5108142
24.94 5.5107903
24.95 5.5107664
24.96 5.5107186
24.97 5.5106947
24.98 5.5106708
24.99 5.510623
25.0 5.5105991
25.01 5.5105752
25.02 5.5105274
25.03 5.5105035
25.04 5.5104796
25.05 5.5104318
25.06 5.5104079
25.07 5.5103601
25.08 5.5103362
25.09 5.5103123
25.1 5.5102645
25.11 5.5102406
25.12 5.5102167
25.13 5.5101689
25.14 5.510145
25.15 5.5100972
25.16 5.5100733
25.17 5.5100255
25.18 5.5100016
25.19 5.5099777
25.2 5.5099299
25.21 5.509906
25.22 5.5098582
25.23 5.5098343
25.24 5.5097865
25.25 5.5097626
25.26 5.5097148
25.27 5.5096909
25.28 5.5096431
25.29 5.5096192
25.3 5.5095714
25.31 5.5095475
25.32 5.5094997
25.33 5.5094758
25.34 5.509428
25.35 5.5094041
25.36 5.5093563
25.37 5.5093324
25.38 5.5092846
25.39 5.5092607
25.4 5.5092129
25.41 5.509189
25.42 5.5091412
25.43 5.5091173
25.44 5.5090695
25.45 5.5090217
25.46 5.5089978
25.47 5.50895
25.48 5.5089261
25.49 5.5088783
25.5 5.5088544
25.51 5.5088066
25.52 5.5087588
25.53 5.5087349
25.54 5.5086871
25.55 5.5086632
25.56 5.5086154
25.57 5.5085676
25.58 5.5085437
25.59 5.5084959
25.6 5.508472
25.61 5.5084242
25.62 5.5083764
25.63 5.5083525
25.64 5.5083047
25.65 5.5082569
25.66 5.508233
25.67 5.5081852
25.68 5.5081374
25.69 5.5081135
25.7 5.5080657
25.71 5.5080179
25.72 5.507994
25.73 5.5079462
25.74 5.5078984
25.75 5.5078745
25.76 5.5078267
25.77 5.5077789
25.78 5.507755
25.79 5.5077072
25.8 5.5076594
25.81 5.5076116
25.82 5.5075877
25.83 5.5075399
25.84 5.5074921
25.85 5.5074443
25.86 5.5074204
25.87 5.5073726
25.88 5.5073248
25.89 5.507277
25.9 5.5072531
25.91 5.5072053
25.92 5.5071575
25.93 5.5071097
25.94 5.5070858
25.95 5.507038
25.96 5.5069902
25.97 5.5069424
25.98 5.5068946
25.99 5.5068707
26.0 5.5068229
26.01 5.5067751
26.02 5.5067273
26.03 5.5066795
26.04 5.5066317
26.05 5.5066078
26.06 5.50656
26.07 5.5065122
26.08 5.5064644
26.09 5.5064166
26.1 5.5063688
26.11 5.5063449
26.12 5.5062971
26.13 5.5062493
26.14 5.5062015
26.15 5.5061537
26.16 5.5061059
26.17 5.5060581
26.18 5.5060103
26.19 5.5059864
26.2 5.5059386
26.21 5.5058908
26.22 5.505843
26.23 5.5057952
26.24 5.5057474
26.25 5.5056996
26.26 5.5056518
26.27 5.505604
26.28 5.5055562
26.29 5.5055084
26.3 5.5054606
26.31 5.5054128
26.32 5.505365
26.33 5.5053411
26.34 5.5052933
26.35 5.5052455
26.36 5.5051977
26.37 5.5051499
26.38 5.5051021
26.39 5.5050543
26.4 5.5050065
26.41 5.5049587
26.42 5.5049109
26.43 5.5048631
26.44 5.5048153
26.45 5.5047675
26.46 5.5047197
26.47 5.5046719
26.48 5.5046241
26.49 5.5045763
26.5 5.5045285
26.51 5.5044807
26.52 5.504409
26.53 5.5043612
26.54 5.5043134
26.55 5.5042656
26.56 5.5042178
26.57 5.50417
26.58 5.5041222
26.59 5.5040744
26.6 5.5040266
26.61 5.5039788
26.62 5.503931
26.63 5.5038832
26.64 5.5038354
26.65 5.5037637
26.66 5.5037159
26.67 5.5036681
26.68 5.5036203
26.69 5.5035725
26.7 5.5035247
26.71 5.5034769
26.72 5.5034291
26.73 5.5033813
26.74 5.5033096
26.75 5.5032618
26.76 5.503214
26.77 5.5031662
26.78 5.5031184
26.79 5.5030706
26.8 5.5029989
26.81 5.5029511
26.82 5.5029033
26.83 5.5028555
26.84 5.5028077
26.85 5.5027599
26.86 5.5026882
26.87 5.5026404
26.88 5.5025926
26.89 5.5025448
26.9 5.5024731
26.91 5.5024253
26.92 5.5023775
26.93 5.5023297
26.94 5.5022819
26.95 5.5022102
26.96 5.5021624
26.97 5.5021146
26.98 5.5020668
26.99 5.5019951
27.0 5.5019473
27.01 5.5018995
27.02 5.5018517
27.03 5.50178
27.04 5.5017322
27.05 5.5016844
27.06 5.5016127
27.07 5.5015649
27.08 5.5015171
27.09 5.5014693
27.1 5.5013976
27.11 5.5013498
27.12 5.501302
27.13 5.5012303
27.14 5.5011825
27.15 5.5011347
27.16 5.501063
27.17 5.5010152
27.18 5.5009674
27.19 5.5008957
27.2 5.5008479
27.21 5.5008001
27.22 5.5007284
27.23 5.5006806
27.24 5.5006328
27.25 5.5005611
27.26 5.5005133
27.27 5.5004416
27.28 5.5003938
27.29 5.500346
27.3 5.5002743
27.31 5.5002265
27.32 5.5001787
27.33 5.500107
27.34 5.5000592
27.35 5.4999875
27.36 5.4999397
27.37 5.499868
27.38 5.4998202
27.39 5.4997724
27.4 5.4997007
27.41 5.4996529
27.42 5.4995812
27.43 5.4995334
27.44 5.4994617
27.45 5.4994139
27.46 5.4993422
27.47 5.4992944
27.48 5.4992466
27.49 5.4991749
27.5 5.4991271
27.51 5.4990554
27.52 5.4990076
27.53 5.4989359
27.54 5.4988881
27.55 5.4988164
27.56 5.4987686
27.57 5.4986969
27.58 5.4986491
27.59 5.4985774
27.6 5.4985296
27.61 5.4984579
27.62 5.4983862
27.63 5.4983384
27.64 5.4982667
27.65 5.4982189
27.66 5.4981472
27.67 5.4980994
27.68 5.4980277
27.69 5.4979799
27.7 5.4979082
27.71 5.4978604
27.72 5.4977887
27.73 5.497717
27.74 5.4976692
27.75 5.4975975
27.76 5.4975497
27.77 5.497478
27.78 5.4974063
27.79 5.4973585
27.8 5.4972868
27.81 5.497239
27.82 5.4971673
27.83 5.4970956
27.84 5.4970478
27.85 5.4969761
27.86 5.4969044
27.87 5.4968566
27.88 5.4967849
27.89 5.4967371
27.9 5.4966654
27.91 5.4965937
27.92 5.4965459
27.93 5.4964742
27.94 5.4964025
27.95 5.4963547
27.96 5.496283
27.97 5.4962113
27.98 5.4961396
27.99 5.4960918
28.0 5.4960201
28.01 5.4959484
28.02 5.4959006
28.03 5.4958289
28.04 5.4957572
28.05 5.4957094
28.06 5.4956377
28.07 5.495566
28.08 5.4954943
28.09 5.4954465
28.1 5.4953748
28.11 5.4953031
28.12 5.4952314
28.13 5.4951836
28.14 5.4951119
28.15 5.4950402
28.16 5.4949685
28.17 5.4949207
28.18 5.494849
28.19 5.4947773
28.2 5.4947056
28.21 5.4946578
28.22 5.4945861
28.23 5.4945144
28.24 5.4944427
28.25 5.494371
28.26 5.4943232
28.27 5.4942515
28.28 5.4941798
28.29 5.4941081
28.3 5.4940364
28.31 5.4939647
28.32 5.4939169
28.33 5.4938452
28.34 5.4937735
28.35 5.4937018
28.36 5.4936301
28.37 5.4935584
28.38 5.4935106
28.39 5.4934389
28.4 5.4933672
28.41 5.4932955
28.42 5.4932238
28.43 5.4931521
28.44 5.4930804
28.45 5.4930087
28.46 5.4929609
28.47 5.4928892
28.48 5.4928175
28.49 5.4927458
28.5 5.4926741
28.51 5.4926024
28.52 5.4925307
28.53 5.492459
28.54 5.4923873
28.55 5.4923156
28.56 5.4922439
28.57 5.4921722
28.58 5.4921005
28.59 5.4920527
28.6 5.491981
28.61 5.4919093
28.62 5.4918376
28.63 5.4917659
28.64 5.4916942
28.65 5.4916225
28.66 5.4915508
28.67 5.4914791
28.68 5.4914074
28.69 5.4913357
28.7 5.491264
28.71 5.4911923
28.72 5.4911206
28.73 5.4910489
28.74 5.4909772
28.75 5.4909055
28.76 5.4908338
28.77 5.4907621
28.78 5.4906904
28.79 5.4906187
28.8 5.490547
28.81 5.4904753
28.82 5.4904036
28.83 5.4903319
28.84 5.4902602
28.85 5.4901646
28.86 5.4900929
28.87 5.4900212
28.88 5.4899495
28.89 5.4898778
28.9 5.4898061
28.91 5.4897344
28.92 5.4896627
28.93 5.489591
28.94 5.4895193
28.95 5.4894476
28.96 5.4893759
28.97 5.4893042
28.98 5.4892086
28.99 5.4891369
29.0 5.4890652
29.01 5.4889935
29.02 5.4889218
29.03 5.4888501
29.04 5.4887784
29.05 5.4887067
29.06 5.4886111
29.07 5.4885394
29.08 5.4884677
29.09 5.488396
29.1 5.4883243
29.11 5.4882526
29.12 5.488157
29.13 5.4880853
29.14 5.4880136
29.15 5.4879419
29.16 5.4878702
29.17 5.4877985
29.18 5.4877029
29.19 5.4876312
29.2 5.4875595
29.21 5.4874878
29.22 5.4874161
29.23 5.4873205
29.24 5.4872488
29.25 5.4871771
29.26 5.4871054
29.27 5.4870337
29.28 5.4869381
29.29 5.4868664
29.3 5.4867947
29.31 5.486723
29.32 5.4866274
29.33 5.4865557
29.34 5.486484
29.35 5.4864123
29.36 5.4863167
29.37 5.486245
29.38 5.4861733
29.39 5.4860777
29.4 5.486006
29.41 5.4859343
29.42 5.4858626
29.43 5.485767
29.44 5.4856953
29.45 5.4856236
29.46 5.485528
29.47 5.4854563
29.48 5.4853846
29.49 5.4853129
29.5 5.4852173
29.51 5.4851456
29.52 5.4850739
29.53 5.4849783
29.54 5.4849066
29.55 5.4848349
29.56 5.4847393
29.57 5.4846676
29.58 5.4845959
29.59 5.4845003
29.6 5.4844286
29.61 5.484333
29.62 5.4842613
29.63 5.4841896
29.64 5.484094
29.65 5.4840223
29.66 5.4839506
29.67 5.483855
29.68 5.4837833
29.69 5.4836877
29.7 5.483616
29.71 5.4835443
29.72 5.4834487
29.73 5.483377
29.74 5.4832814
29.75 5.4832097
29.76 5.483138
29.77 5.4830424
29.78 5.4829707
29.79 5.4828751
29.8 5.4828034
29.81 5.4827078
29.82 5.4826361
29.83 5.4825405
29.84 5.4824688
29.85 5.4823971
29.86 5.4823015
29.87 5.4822298
29.88 5.4821342
29.89 5.4820625
29.9 5.4819669
29.91 5.4818952
29.92 5.4817996
29.93 5.4817279
29.94 5.4816323
29.95 5.4815606
29.96 5.481465
29.97 5.4813933
29.98 5.4812977
29.99 5.481226
30.0 5.4811304
30.01 5.4810587
30.02 5.4809631
30.03 5.4808914
30.04 5.4807958
30.05 5.4807241
30.06 5.4806285
30.07 5.4805568
30.08 5.4804612
30.09 5.4803656
30.1 5.4802939
30.11 5.4801983
30.12 5.4801266
30.13 5.480031
30.14 5.4799593
30.15 5.4798637
30.16 5.479792
30.17 5.4796964
30.18 5.4796008
30.19 5.4795291
30.2 5.4794335
30.21 5.4793618
30.22 5.4792662
30.23 5.4791706
30.24 5.4790989
30.25 5.4790033
30.26 5.4789316
30.27 5.478836
30.28 5.4787404
30.29 5.4786687
30.3 5.4785731
30.31 5.4784775
30.32 5.4784058
30.33 5.4783102
30.34 5.4782146
30.35 5.4781429
30.36 5.4780473
30.37 5.4779756
30.38 5.47788
30.39 5.4777844
30.4 5.4777127
30.41 5.4776171
30.42 5.4775215
30.43 5.4774498
30.44 5.4773542
30.45 5.4772586
30.46 5.477163
30.47 5.4770913
30.48 5.4769957
30.49 5.4769001
30.5 5.4768284
30.51 5.4767328
30.52 5.4766372
30.53 5.4765655
30.54 5.4764699
30.55 5.4763743
30.56 5.4762787
30.57 5.476207
30.58 5.4761114
30.59 5.4760158
30.6 5.4759202
30.61 5.4758485
30.62 5.4757529
30.63 5.4756573
30.64 5.4755617
30.65 5.47549
30.66 5.4753944
30.67 5.4752988
30.68 5.4752032
30.69 5.4751315
30.7 5.4750359
30.71 5.4749403
30.72 5.4748447
30.73 5.4747491
30.74 5.4746774
30.75 5.4745818
30.76 5.4744862
30.77 5.4743906
30.78 5.474295
30.79 5.4742233
30.8 5.4741277
30.81 5.4740321
30.82 5.4739365
30.83 5.4738409
30.84 5.4737453
30.85 5.4736736
30.86 5.473578
30.87 5.4734824
30.88 5.4733868
30.89 5.4732912
30.9 5.4731956
30.91 5.4731239
30.92 5.4730283
30.93 5.4729327
30.94 5.4728371
30.95 5.4727415
30.96 5.4726459
30.97 5.4725503
30.98 5.4724547
30.99 5.472383
31.0 5.4722874
31.01 5.4721918
31.02 5.4720962
31.03 5.4720006
31.04 5.471905
31.05 5.4718094
31.06 5.4717138
31.07 5.4716182
31.08 5.4715226
31.09 5.4714509
31.1 5.4713553
31.11 5.4712597
31.12 5.4711641
31.13 5.4710685
31.14 5.4709729
31.15 5.4708773
31.16 5.4707817
31.17 5.4706861
31.18 5.4705905
31.19 5.4704949
31.2 5.4703993
31.21 5.4703037
31.22 5.4702081
31.23 5.4701125
31.24 5.4700169
31.25 5.4699213
31.26 5.4698257
31.27 5.4697301
31.28 5.4696345
31.29 5.4695389
31.3 5.4694433
31.31 5.4693477
31.32 5.4692521
31.33 5.4691565
31.34 5.4690609
31.35 5.4689653
31.36 5.4688697
31.37 5.4687741
31.38 5.4686785
31.39 5.4685829
31.4 5.4684873
31.41 5.4683917
31.42 5.4682961
31.43 5.4682005
31.44 5.4681049
31.45 5.4680093
31.46 5.4679137
31.47 5.4678181
31.48 5.4677225
31.49 5.4676269
31.5 5.4675313
31.51 5.4674357
31.52 5.4673401
31.53 5.4672445
31.54 5.467125
31.55 5.4670294
31.56 5.4669338
31.57 5.4668382
31.58 5.4667426
31.59 5.466647
31.6 5.4665514
31.61 5.4664558
31.62 5.4663602
31.63 5.4662646
31.64 5.466169
31.65 5.4660495
31.66 5.4659539
31.67 5.4658583
31.68 5.4657627
31.69 5.4656671
31.7 5.4655715
31.71 5.4654759
31.72 5.4653564
31.73 5.4652608
31.74 5.4651652
31.75 5.4650696
31.76 5.464974
31.77 5.4648784
31.78 5.4647828
31.79 5.4646633
31.8 5.4645677
31.81 5.4644721
31.82 5.4643765
31.83 5.4642809
31.84 5.4641853
31.85 5.4640658
31.86 5.4639702
31.87 5.4638746
31.88 5.463779
31.89 5.4636834
31.9 5.4635639
31.91 5.4634683
31.92 5.4633727
31.93 5.4632771
31.94 5.4631815
31.95 5.463062
31.96 5.4629664
31.97 5.4628708
31.98 5.4627752
31.99 5.4626557
32.0 5.4625601
32.01 5.4624645
32.02 5.4623689
32.03 5.4622733
32.04 5.4621538
32.05 5.4620582
32.06 5.4619626
32.07 5.461867
32.08 5.4617475
32.09 5.4616519
32.1 5.4615563
32.11 5.4614368
32.12 5.4613412
32.13 5.4612456
32.14 5.46115
32.15 5.4610305
32.16 5.4609349
32.17 5.4608393
32.18 5.4607437
32.19 5.4606242
32.2 5.4605286
32.21 5.460433
32.22 5.4603135
32.23 5.4602179
32.24 5.4601223
32.25 5.4600028
32.26 5.4599072
32.27 5.4598116
32.28 5.4596921
32.29 5.4595965
32.3 5.4595009
32.31 5.4593814
32.32 5.4592858
32.33 5.4591902
32.34 5.4590707
32.35 5.4589751
32.36 5.4588795
32.37 5.45876
32.38 5.4586644
32.39 5.4585688
32.4 5.4584493
32.41 5.4583537
32.42 5.4582581
32.43 5.4581386
32.44 5.458043
32.45 5.4579235
32.46 5.4578279
32.47 5.4577323
32.48 5.4576128
32.49 5.4575172
32.5 5.4574216
32.51 5.4573021
32.52 5.4572065
32.53 5.457087
32.54 5.4569914
32.55 5.4568958
32.56 5.4567763
32.57 5.4566807
32.58 5.4565612
32.59 5.4564656
32.6 5.4563461
32.61 5.4562505
32.62 5.4561549
32.63 5.4560354
32.64 5.4559398
32.65 5.4558203
32.66 5.4557247
32.67 5.4556052
32.68 5.4555096
32.69 5.455414
32.7 5.4552945
32.71 5.4551989
32.72 5.4550794
32.73 5.4549838
32.74 5.4548643
32.75 5.4547687
32.76 5.4546492
32.77 5.4545536
32.78 5.4544341
32.79 5.4543385
32.8 5.454219
32.81 5.4541234
32.82 5.4540039
32.83 5.4539083
32.84 5.4537888
32.85 5.4536932
32.86 5.4535737
32.87 5.4534781
32.88 5.4533586
32.89 5.453263
32.9 5.4531435
32.91 5.4530479
32.92 5.4529284
32.93 5.4528328
32.94 5.4527133
32.95 5.4526177
32.96 5.4524982
32.97 5.4524026
32.98 5.4522831
32.99 5.4521875
33.0 5.452068
33.01 5.4519724
33.02 5.4518529
33.03 5.4517573
33.04 5.4516378
33.05 5.4515183
33.06 5.4514227
33.07 5.4513032
33.08 5.4512076
33.09 5.4510881
33.1 5.4509925
33.11 5.450873
33.12 5.4507535
33.13 5.4506579
33.14 5.4505384
33.15 5.4504428
33.16 5.4503233
33.17 5.4502277
33.18 5.4501082
33.19 5.4499887
33.2 5.4498931
33.21 5.4497736
33.22 5.449678
33.23 5.4495585
33.24 5.449439
33.25 5.4493434
33.26 5.4492239
33.27 5.4491044
33.28 5.4490088
33.29 5.4488893
33.3 5.4487937
33.31 5.4486742
33.32 5.4485547
33.33 5.4484591
33.34 5.4483396
33.35 5.4482201
33.36 5.4481245
33.37 5.448005
33.38 5.4478855
33.39 5.4477899
33.4 5.4476704
33.41 5.4475748
33.42 5.4474553
33.43 5.4473358
33.44 5.4472402
33.45 5.4471207
33.46 5.4470012
33.47 5.4469056
33.48 5.4467861
33.49 5.4466666
33.5 5.4465471
33.51 5.4464515
33.52 5.446332
33.53 5.4462125
33.54 5.4461169
33.55 5.4459974
33.56 5.4458779
33.57 5.4457823
33.58 5.4456628
33.59 5.4455433
33.6 5.4454477
33.61 5.4453282
33.62 5.4452087
33.63 5.4450892
33.64 5.4449936
33.65 5.4448741
33.66 5.4447546
33.67 5.4446351
33.68 5.4445395
33.69 5.44442
33.7 5.4443005
33.71 5.4442049
33.72 5.4440854
33.73 5.4439659
33.74 5.4438464
33.75 5.4437508
33.76 5.4436313
33.77 5.4435118
33.78 5.4433923
33.79 5.4432967
33.8 5.4431772
33.81 5.4430577
33.82 5.4429382
33.83 5.4428426
33.84 5.4427231
33.85 5.4426036
33.86 5.4424841
33.87 5.4423646
33.88 5.442269
33.89 5.4421495
33.9 5.44203
33.91 5.4419105
33.92 5.441791
33.93 5.4416954
33.94 5.4415759
33.95 5.4414564
33.96 5.4413369
33.97 5.4412174
33.98 5.4411218
33.99 5.4410023
34.0 5.4408828
34.01 5.4407633
34.02 5.4406438
34.03 5.4405482
34.04 5.4404287
34.05 5.4403092
34.06 5.4401897
34.07 5.4400702
34.08 5.4399507
34.09 5.4398551
34.1 5.4397356
34.11 5.4396161
34.12 5.4394966
34.13 5.4393771
34.14 5.4392576
34.15 5.439162
34.16 5.4390425
34.17 5.438923
34.18 5.4388035
34.19 5.438684
34.2 5.4385645
34.21 5.438445
34.22 5.4383494
34.23 5.4382299
34.24 5.4381104
34.25 5.4379909
34.26 5.4378714
34.27 5.4377519
34.28 5.4376324
34.29 5.4375129
34.3 5.4374173
34.31 5.4372978
34.32 5.4371783
34.33 5.4370588
34.34 5.4369393
34.35 5.4368198
34.36 5.4367003
34.37 5.4365808
34.38 5.4364613
34.39 5.4363418
34.4 5.4362462
34.41 5.4361267
34.42 5.4360072
34.43 5.4358877
34.44 5.4357682
34.45 5.4356487
34.46 5.4355292
34.47 5.4354097
34.48 5.4352902
34.49 5.4351707
34.5 5.4350512
34.51 5.4349317
34.52 5.4348122
34.53 5.4347166
34.54 5.4345971
34.55 5.4344776
34.56 5.4343581
34.57 5.4342386
34.58 5.4341191
34.59 5.4339996
34.6 5.4338801
34.61 5.4337606
34.62 5.4336411
34.63 5.4335216
34.64 5.4334021
34.65 5.4332826
34.66 5.4331631
34.67 5.4330436
34.68 5.4329241
34.69 5.4328046
34.7 5.4326851
34.71 5.4325656
34.72 5.4324461
34.73 5.4323266
34.74 5.4322071
34.75 5.4320876
34.76 5.4319681
34.77 5.4318486
34.78 5.4317291
34.79 5.4316096
34.8 5.4314901
34.81 5.4313706
34.82 5.4312511
34.83 5.4311316
34.84 5.4310121
34.85 5.4308926
34.86 5.4307731
34.87 5.4306536
34.88 5.4305341
34.89 5.4304146
34.9 5.4302951
34.91 5.4301756
34.92 5.4300561
34.93 5.4299366
34.94 5.4298171
34.95 5.4296976
34.96 5.4295781
34.97 5.4294586
34.98 5.4293391
34.99 5.4292196
35.0 5.4291001
35.01 5.4289806
35.02 5.4288611
35.03 5.4287416
35.04 5.4286221
35.05 5.4285026
35.06 5.4283831
35.07 5.4282636
35.08 5.4281202
35.09 5.4280007
35.1 5.4278812
35.11 5.4277617
35.12 5.4276422
35.13 5.4275227
35.14 5.4274032
35.15 5.4272837
35.16 5.4271642
35.17 5.4270447
35.18 5.4269252
35.19 5.4268057
35.2 5.4266862
35.21 5.4265667
35.22 5.4264233
35.23 5.4263038
35.24 5.4261843
35.25 5.4260648
35.26 5.4259453
35.27 5.4258258
35.28 5.4257063
35.29 5.4255868
35.3 5.4254673
35.31 5.4253478
35.32 5.4252044
35.33 5.4250849
35.34 5.4249654
35.35 5.4248459
35.36 5.4247264
35.37 5.4246069
35.38 5.4244874
35.39 5.4243679
35.4 5.4242484
35.41 5.424105
35.42 5.4239855
35.43 5.423866
35.44 5.4237465
35.45 5.423627
35.46 5.4235075
35.47 5.423388
35.48 5.4232446
35.49 5.4231251
35.5 5.4230056
35.51 5.4228861
35.52 5.4227666
35.53 5.4226471
35.54 5.4225276
35.55 5.4223842
35.56 5.4222647
35.57 5.4221452
35.58 5.4220257
35.59 5.4219062
35.6 5.4217867
35.61 5.4216672
35.62 5.4215238
35.63 5.4214043
35.64 5.4212848
35.65 5.4211653
35.66 5.4210458
35.67 5.4209263
35.68 5.4207829
35.69 5.4206634
35.7 5.4205439
35.71 5.4204244
35.72 5.4203049
35.73 5.4201854
35.74 5.420042
35.75 5.4199225
35.76 5.419803
35.77 5.4196835
35.78 5.419564
35.79 5.4194206
35.8 5.4193011
35.81 5.4191816
35.82 5.4190621
35.83 5.4189426
35.84 5.4187992
35.85 5.4186797
35.86 5.4185602
35.87 5.4184407
35.88 5.4183212
35.89 5.4181778
35.9 5.4180583
35.91 5.4179388
35.92 5.4178193
35.93 5.4176998
35.94 5.4175564
35.95 5.4174369
35.96 5.4173174
35.97 5.4171979
35.98 5.4170545
35.99 5.416935
36.0 5.4168155
36.01 5.416696
36.02 5.4165765
36.03 5.4164331
36.04 5.4163136
36.05 5.4161941
36.06 5.4160746
36.07 5.4159312
36.08 5.4158117
36.09 5.4156922
36.1 5.4155727
36.11 5.4154293
36.12 5.4153098
36.13 5.4151903
36.14 5.4150708
36.15 5.4149274
36.16 5.4148079
36.17 5.4146884
36.18 5.4145689
36.19 5.4144255
36.2 5.414306
36.21 5.4141865
36.22 5.414067
36.23 5.4139236
36.24 5.4138041
36.25 5.4136846
36.26 5.4135651
36.27 5.4134217
36.28 5.4133022
36.29 5.4131827
36.3 5.4130393
36.31 5.4129198
36.32 5.4128003
36.33 5.4126808
36.34 5.4125374
36.35 5.4124179
36.36 5.4122984
36.37 5.412155
36.38 5.4120355
36.39 5.411916
36.4 5.4117965
36.41 5.4116531
36.42 5.4115336
36.43 5.4114141
36.44 5.4112707
36.45 5.4111512
36.46 5.4110317
36.47 5.4109122
36.48 5.4107688
36.49 5.4106493
36.5 5.4105298
36.51 5.4103864
36.52 5.4102669
36.53 5.4101474
36.54 5.410004
36.55 5.4098845
36.56 5.409765
36.57 5.4096455
36.58 5.4095021
36.59 5.4093826
36.6 5.4092631
36.61 5.4091197
36.62 5.4090002
36.63 5.4088807
36.64 5.4087373
36.65 5.4086178
36.66 5.4084983
36.67 5.4083549
36.68 5.4082354
36.69 5.4081159
36.7 5.4079725
36.71 5.407853
36.72 5.4077335
36.73 5.4075901
36.74 5.4074706
36.75 5.4073511
36.76 5.4072077
36.77 5.4070882
36.78 5.4069687
36.79 5.4068253
36.8 5.4067058
36.81 5.4065863
36.82 5.4064429
36.83 5.4063234
36.84 5.4062039
36.85 5.4060605
36.86 5.405941
36.87 5.4058215
36.88 5.4056781
36.89 5.4055586
36.9 5.4054391
36.91 5.4052957
36.92 5.4051762
36.93 5.4050567
36.94 5.4049133
36.95 5.4047938
36.96 5.4046504
36.97 5.4045309
36.98 5.4044114
36.99 5.404268
37.0 5.4041485
37.01 5.404029
37.02 5.4038856
37.03 5.4037661
37.04 5.4036466
37.05 5.4035032
37.06 5.4033837
37.07 5.4032403
37.08 5.4031208
37.09 5.4030013
37.1 5.4028579
37.11 5.4027384
37.12 5.4026189
37.13 5.4024755
37.14 5.402356
37.15 5.4022126
37.16 5.4020931
37.17 5.4019736
37.18 5.4018302
37.19 5.4017107
37.2 5.4015912
37.21 5.4014478
37.22 5.4013283
37.23 5.4011849
37.24 5.4010654
37.25 5.4009459
37.26 5.4008025
37.27 5.400683
37.28 5.4005396
37.29 5.4004201
37.3 5.4003006
37.31 5.4001572
37.32 5.4000377
37.33 5.3998943
37.34 5.3997748
37.35 5.3996553
37.36 5.3995119
37.37 5.3993924
37.38 5.399249
37.39 5.3991295
37.4 5.39901
37.41 5.3988666
37.42 5.3987471
37.43 5.3986037
37.44 5.3984842
37.45 5.3983647
37.46 5.3982213
37.47 5.3981018
37.48 5.3979584
37.49 5.3978389
37.5 5.3977194
37.51 5.397576
37.52 5.3974565
37.53 5.3973131
37.54 5.3971936
37.55 5.3970502
37.56 5.3969307
37.57 5.3968112
37.58 5.3966678
37.59 5.3965483
37.6 5.3964049
37.61 5.3962854
37.62 5.396142
37.63 5.3960225
37.64 5.395903
37.65 5.3957596
37.66 5.3956401
37.67 5.3954967
37.68 5.3953772
37.69 5.3952577
37.7 5.3951143
37.71 5.3949948
37.72 5.3948514
37.73 5.3947319
37.74 5.3945885
37.75 5.394469
37.76 5.3943256
37.77 5.3942061
37.78 5.3940866
37.79 5.3939432
37.8 5.3938237
37.81 5.3936803
37.82 5.3935608
37.83 5.3934174
37.84 5.3932979
37.85 5.3931784
37.86 5.393035
37.87 5.3929155
37.88 5.3927721
37.89 5.3926526
37.9 5.3925092
37.91 5.3923897
37.92 5.3922463
37.93 5.3921268
37.94 5.3920073
37.95 5.3918639
37.96 5.3917444
37.97 5.391601
37.98 5.3914815
37.99 5.3913381
38.0 5.3912186
38.01 5.3910752
38.02 5.3909557
38.03 5.3908362
38.04 5.3906928
38.05 5.3905733
38.06 5.3904299
38.07 5.3903104
38.08 5.390167
38.09 5.3900475
38.1 5.3899041
38.11 5.3897846
38.12 5.3896412
38.13 5.3895217
38.14 5.3894022
38.15 5.3892588
38.16 5.3891393
38.17 5.3889959
38.18 5.3888764
38.19 5.388733
38.2 5.3886135
38.21 5.3884701
38.22 5.3883506
38.23 5.3882072
38.24 5.3880877
38.25 5.3879443
38.26 5.3878248
38.27 5.3877053
38.28 5.3875619
38.29 5.3874424
38.3 5.387299
38.31 5.3871795
38.32 5.3870361
38.33 5.3869166
38.34 5.3867732
38.35 5.3866537
38.36 5.3865103
38.37 5.3863908
38.38 5.3862474
38.39 5.3861279
38.4 5.3859845
38.41 5.385865
38.42 5.3857455
38.43 5.3856021
38.44 5.3854826
38.45 5.3853392
38.46 5.3852197
38.47 5.3850763
38.48 5.3849568
38.49 5.3848134
38.5 5.3846939
38.51 5.3845505
38.52 5.384431
38.53 5.3842876
38.54 5.3841681
38.55 5.3840247
38.56 5.3839052
38.57 5.3837618
38.58 5.3836423
38.59 5.3835228
38.6 5.3833794
38.61 5.3832599
38.62 5.3831165
38.63 5.382997
38.64 5.3828536
38.65 5.3827341
38.66 5.3825907
38.67 5.3824712
38.68 5.3823278
38.69 5.3822083
38.7 5.3820649
38.71 5.3819454
38.72 5.381802
38.73 5.3816825
38.74 5.3815391
38.75 5.3814196
38.76 5.3812762
38.77 5.3811567
38.78 5.3810133
38.79 5.3808938
38.8 5.3807504
38.81 5.3806309
38.82 5.3805114
38.83 5.380368
38.84 5.3802485
38.85 5.3801051
38.86 5.3799856
38.87 5.3798422
38.88 5.3797227
38.89 5.3795793
38.9 5.3794598
38.91 5.3793164
38.92 5.3791969
38.93 5.3790535
38.94 5.378934
38.95 5.3787906
38.96 5.3786711
38.97 5.3785277
38.98 5.3784082
38.99 5.3782648
39.0 5.3781453
39.01 5.3780019
39.02 5.3778824
39.03 5.377739
39.04 5.3776195
39.05 5.3774761
39.06 5.3773566
39.07 5.3772132
39.08 5.3770937
39.09 5.3769503
39.1 5.3768308
39.11 5.3767113
39.12 5.3765679
39.13 5.3764484
39.14 5.376305
39.15 5.3761855
39.16 5.3760421
39.17 5.3759226
39.18 5.3757792
39.19 5.3756597
39.2 5.3755163
39.21 5.3753968
39.22 5.3752534
39.23 5.3751339
39.24 5.3749905
39.25 5.374871
39.26 5.3747276
39.27 5.3746081
39.28 5.3744647
39.29 5.3743452
39.3 5.3742018
39.31 5.3740823
39.32 5.3739389
39.33 5.3738194
39.34 5.373676
39.35 5.3735565
39.36 5.3734131
39.37 5.3732936
39.38 5.3731741
39.39 5.3730307
39.4 5.3729112
39.41 5.3727678
39.42 5.3726483
39.43 5.3725049
39.44 5.3723854
39.45 5.372242
39.46 5.3721225
39.47 5.3719791
39.48 5.3718596
39.49 5.3717162
39.5 5.3715967
39.51 5.3714533
39.52 5.3713338
39.53 5.3711904
39.54 5.3710709
39.55 5.3709275
39.56 5.370808
39.57 5.3706646
39.58 5.3705451
39.59 5.3704017
39.6 5.3702822
39.61 5.3701388
39.62 5.3700193
39.63 5.3698998
39.64 5.3697564
39.65 5.3696369
39.66 5.3694935
39.67 5.369374
39.68 5.3692306
39.69 5.3691111
39.7 5.3689677
39.71 5.3688482
39.72 5.3687048
39.73 5.3685853
39.74 5.3684419
39.75 5.3683224
39.76 5.368179
39.77 5.3680595
39.78 5.3679161
39.79 5.3677966
39.8 5.3676771
39.81 5.3675337
39.82 5.3674142
39.83 5.3672708
39.84 5.3671513
39.85 5.3670079
39.86 5.3668884
39.87 5.366745
39.88 5.3666255
39.89 5.3664821
39.9 5.3663626
39.91 5.3662192
39.92 5.3660997
39.93 5.3659563
39.94 5.3658368
39.95 5.3657173
39.96 5.3655739
39.97 5.3654544
39.98 5.365311
39.99 5.3651915
40.0 5.3650481
40.01 5.3649286
40.02 5.3647852
40.03 5.3646657
40.04 5.3645223
40.05 5.3644028
40.06 5.3642594
40.07 5.3641399
40.08 5.3640204
40.09 5.363877
40.1 5.3637575
40.11 5.3636141
40.12 5.3634946
40.13 5.3633512
40.14 5.3632317
40.15 5.3630883
40.16 5.3629688
40.17 5.3628254
40.18 5.3627059
40.19 5.3625864
40.2 5.362443
40.21 5.3623235
40.22 5.3621801
40.23 5.3620606
40.24 5.3619172
40.25 5.3617977
40.26 5.3616543
40.27 5.3615348
40.28 5.3614153
40.29 5.3612719
40.3 5.3611524
40.31 5.361009
40.32 5.3608895
40.33 5.3607461
40.34 5.3606266
40.35 5.3604832
40.36 5.3603637
40.37 5.3602442
40.38 5.3601008
40.39 5.3599813
40.4 5.3598379
40.41 5.3597184
40.42 5.359575
40.43 5.3594555
40.44 5.359336
40.45 5.3591926
40.46 5.3590731
40.47 5.3589297
40.48 5.3588102
40.49 5.3586668
40.5 5.3585473
40.51 5.3584039
40.52 5.3582844
40.53 5.3581649
40.54 5.3580215
40.55 5.357902
40.56 5.3577586
40.57 5.3576391
40.58 5.3575196
40.59 5.3573762
40.6 5.3572567
40.61 5.3571133
40.62 5.3569938
40.63 5.3568504
40.64 5.3567309
40.65 5.3566114
40.66 5.356468
40.67 5.3563485
40.68 5.3562051
40.69 5.3560856
40.7 5.3559661
40.71 5.3558227
40.72 5.3557032
40.73 5.3555598
40.74 5.3554403
40.75 5.3552969
40.76 5.3551774
40.77 5.3550579
40.78 5.3549145
40.79 5.354795
40.8 5.3546516
40.81 5.3545321
40.82 5.3544126
40.83 5.3542692
40.84 5.3541497
40.85 5.3540063
40.86 5.3538868
40.87 5.3537673
40.88 5.3536239
40.89 5.3535044
40.9 5.353361
40.91 5.3532415
40.92 5.353122
40.93 5.3529786
40.94 5.3528591
40.95 5.3527396
40.96 5.3525962
40.97 5.3524767
40.98 5.3523333
40.99 5.3522138
41.0 5.3520943
41.01 5.3519509
41.02 5.3518314
41.03 5.351688
41.04 5.3515685
41.05 5.351449
41.06 5.3513056
41.07 5.3511861
41.08 5.3510666
41.09 5.3509232
41.1 5.3508037
41.11 5.3506603
41.12 5.3505408
41.13 5.3504213
41.14 5.3502779
41.15 5.3501584
41.16 5.3500389
41.17 5.3498955
41.18 5.349776
41.19 5.3496565
41.2 5.3495131
41.21 5.3493936
41.22 5.3492502
41.23 5.3491307
41.24 5.3490112
41.25 5.3488678
41.26 5.3487483
41.27 5.3486288
41.28 5.3484854
41.29 5.3483659
41.3 5.3482464
41.31 5.348103
41.32 5.3479835
41.33 5.347864
41.34 5.3477206
41.35 5.3476011
41.36 5.3474816
41.37 5.3473382
41.38 5.3472187
41.39 5.3470992
41.4 5.3469558
41.41 5.3468363
41.42 5.3467168
41.43 5.3465734
41.44 5.3464539
41.45 5.3463344
41.46 5.346191
41.47 5.3460715
41.48 5.345952
41.49 5.3458086
41.5 5.3456891
41.51 5.3455696
41.52 5.3454262
41.53 5.3453067
41.54 5.3451872
41.55 5.3450438
41.56 5.3449243
41.57 5.3448048
41.58 5.3446614
41.59 5.3445419
41.6 5.3444224
41.61 5.344279
41.62 5.3441595
41.63 5.34404
41.64 5.3439205
41.65 5.3437771
41.66 5.3436576
41.67 5.3435381
41.68 5.3433947
41.69 5.3432752
41.7 5.3431557
41.71 5.3430123
41.72 5.3428928
41.73 5.3427733
41.74 5.3426538
41.75 5.3425104
41.76 5.3423909
41.77 5.3422714
41.78 5.342128
41.79 5.3420085
41.8 5.341889
41.81 5.3417695
41.82 5.3416261
41.83 5.3415066
41.84 5.3413871
41.85 5.3412676
41.86 5.3411242
41.87 5.3410047
41.88 5.3408852
41.89 5.3407418
41.9 5.3406223
41.91 5.3405028
41.92 5.3403833
41.93 5.3402399
41.94 5.3401204
41.95 5.3400009
41.96 5.3398814
41.97 5.339738
41.98 5.3396185
41.99 5.339499
42.0 5.3393795
42.01 5.3392361
42.02 5.3391166
42.03 5.3389971
42.04 5.3388776
42.05 5.3387342
42.06 5.3386147
42.07 5.3384952
42.08 5.3383757
42.09 5.3382562
42.1 5.3381128
42.11 5.3379933
42.12 5.3378738
42.13 5.3377543
42.14 5.3376109
42.15 5.3374914
42.16 5.3373719
42.17 5.3372524
42.18 5.3371329
42.19 5.3369895
42.2 5.33687
42.21 5.3367505
42.22 5.336631
42.23 5.3364876
42.24 5.3363681
42.25 5.3362486
42.26 5.3361291
42.27 5.3360096
42.28 5.3358662
42.29 5.3357467
42.3 5.3356272
42.31 5.3355077
42.32 5.3353882
42.33 5.3352448
42.34 5.3351253
42.35 5.3350058
42.36 5.3348863
42.37 5.3347668
42.38 5.3346473
42.39 5.3345039
42.4 5.3343844
42.41 5.3342649
42.42 5.3341454
42.43 5.3340259
42.44 5.3339064
42.45 5.333763
42.46 5.3336435
42.47 5.333524
42.48 5.3334045
42.49 5.333285
42.5 5.3331655
42.51 5.3330221
42.52 5.3329026
42.53 5.3327831
42.54 5.3326636
42.55 5.3325441
42.56 5.3324246
42.57 5.3322812
42.58 5.3321617
42.59 5.3320422
42.6 5.3319227
42.61 5.3318032
42.62 5.3316837
42.63 5.3315642
42.64 5.3314447
42.65 5.3313013
42.66 5.3311818
42.67 5.3310623
42.68 5.3309428
42.69 5.3308233
42.7 5.3307038
42.71 5.3305843
42.72 5.3304648
42.73 5.3303214
42.74 5.3302019
42.75 5.3300824
42.76 5.3299629
42.77 5.3298434
42.78 5.3297239
42.79 5.3296044
42.8 5.3294849
42.81 5.3293654
42.82 5.3292459
42.83 5.3291025
42.84 5.328983
42.85 5.3288635
42.86 5.328744
42.87 5.3286245
42.88 5.328505
42.89 5.3283855
42.9 5.328266
42.91 5.3281465
42.92 5.328027
42.93 5.3279075
42.94 5.327788
42.95 5.3276685
42.96 5.3275251
42.97 5.3274056
42.98 5.3272861
42.99 5.3271666
43.0 5.3270471
43.01 5.3269276
43.02 5.3268081
43.03 5.3266886
43.04 5.3265691
43.05 5.3264496
43.06 5.3263301
43.07 5.3262106
43.08 5.3260911
43.09 5.3259716
43.1 5.3258521
43.11 5.3257326
43.12 5.3256131
43.13 5.3254936
43.14 5.3253741
43.15 5.3252546
43.16 5.3251351
43.17 5.3250156
43.18 5.3248961
43.19 5.3247766
43.2 5.3246571
43.21 5.3245376
43.22 5.3244181
43.23 5.3242986
43.24 5.3241791
43.25 5.3240596
43.26 5.3239401
43.27 5.3238206
43.28 5.3237011
43.29 5.3235816
43.3 5.3234621
43.31 5.3233426
43.32 5.3232231
43.33 5.3231036
43.34 5.3229841
43.35 5.3228646
43.36 5.3227451
43.37 5.3226256
43.38 5.3225061
43.39 5.3223866
43.4 5.3222671
43.41 5.3221476
43.42 5.3220281
43.43 5.3219086
43.44 5.3217891
43.45 5.3216696
43.46 5.3215501
43.47 5.3214306
43.48 5.3213111
43.49 5.3211916
43.5 5.321096
43.51 5.3209765
43.52 5.320857
43.53 5.3207375
43.54 5.320618
43.55 5.3204985
43.56 5.320379
43.57 5.3202595
43.58 5.32014
43.59 5.3200205
43.6 5.319901
43.61 5.3197815
43.62 5.3196859
43.63 5.3195664
43.64 5.3194469
43.65 5.3193274
43.66 5.3192079
43.67 5.3190884
43.68 5.3189689
43.69 5.3188494
43.7 5.3187299
43.71 5.3186104
43.72 5.3185148
43.73 5.3183953
43.74 5.3182758
43.75 5.3181563
43.76 5.3180368
43.77 5.3179173
43.78 5.3177978
43.79 5.3177022
43.8 5.3175827
43.81 5.3174632
43.82 5.3173437
43.83 5.3172242
43.84 5.3171047
43.85 5.3169852
43.86 5.3168896
43.87 5.3167701
43.88 5.3166506
43.89 5.3165311
43.9 5.3164116
43.91 5.3162921
43.92 5.3161965
43.93 5.316077
43.94 5.3159575
43.95 5.315838
43.96 5.3157185
43.97 5.3156229
43.98 5.3155034
43.99 5.3153839
44.0 5.3152644
44.01 5.3151449
44.02 5.3150493
44.03 5.3149298
44.04 5.3148103
44.05 5.3146908
44.06 5.3145713
44.07 5.3144757
44.08 5.3143562
44.09 5.3142367
44.1 5.3141172
44.11 5.3139977
44.12 5.3139021
44.13 5.3137826
44.14 5.3136631
44.15 5.3135436
44.16 5.313448
44.17 5.3133285
44.18 5.313209
44.19 5.3130895
44.2 5.3129939
44.21 5.3128744
44.22 5.3127549
44.23 5.3126354
44.24 5.3125398
44.25 5.3124203
44.26 5.3123008
44.27 5.3122052
44.28 5.3120857
44.29 5.3119662
44.3 5.3118467
44.31 5.3117511
44.32 5.3116316
44.33 5.3115121
44.34 5.3114165
44.35 5.311297
44.36 5.3111775
44.37 5.311058
44.38 5.3109624
44.39 5.3108429
44.4 5.3107234
44.41 5.3106278
44.42 5.3105083
44.43 5.3103888
44.44 5.3102932
44.45 5.3101737
44.46 5.3100542
44.47 5.3099586
44.48 5.3098391
44.49 5.3097196
44.5 5.309624
44.51 5.3095045
44.52 5.309385
44.53 5.3092894
44.54 5.3091699
44.55 5.3090743
44.56 5.3089548
44.57 5.3088353
44.58 5.3087397
44.59 5.3086202
44.6 5.3085007
44.61 5.3084051
44.62 5.3082856
44.63 5.30819
44.64 5.3080705
44.65 5.307951
44.66 5.3078554
44.67 5.3077359
44.68 5.3076403
44.69 5.3075208
44.7 5.3074013
44.71 5.3073057
44.72 5.3071862
44.73 5.3070906
44.74 5.3069711
44.75 5.3068516
44.76 5.306756
44.77 5.3066365
44.78 5.3065409
44.79 5.3064214
44.8 5.3063258
44.81 5.3062063
44.82 5.3061107
44.83 5.3059912
44.84 5.3058717
44.85 5.3057761
44.86 5.3056566
44.87 5.305561
44.88 5.3054415
44.89 5.3053459
44.9 5.3052264
44.91 5.3051308
44.92 5.3050113
44.93 5.3049157
44.94 5.3047962
44.95 5.3047006
44.96 5.3045811
44.97 5.3044855
44.98 5.304366
44.99 5.3042704
45.0 5.3041509
45.01 5.3040553
45.02 5.3039358
45.03 5.3038402
45.04 5.3037207
45.05 5.3036251
45.06 5.3035056
45.07 5.30341
45.08 5.3032905
45.09 5.3031949
45.1 5.3030754
45.11 5.3029798
45.12 5.3028842
45.13 5.3027647
45.14 5.3026691
45.15 5.3025496
45.16 5.302454
45.17 5.3023345
45.18 5.3022389
45.19 5.3021194
45.2 5.3020238
45.21 5.3019282
45.22 5.3018087
45.23 5.3017131
45.24 5.3015936
45.25 5.301498
45.26 5.3014024
45.27 5.3012829
45.28 5.3011873
45.29 5.3010678
45.3 5.3009722
45.31 5.3008766
45.32 5.3007571
45.33 5.3006615
45.34 5.300542
45.35 5.3004464
45.36 5.3003508
45.37 5.3002313
45.38 5.3001357
45.39 5.3000401
45.4 5.2999206
45.41 5.299825
45.42 5.2997294
45.43 5.2996099
45.44 5.2995143
45.45 5.2994187
45.46 5.2992992
45.47 5.2992036
45.48 5.299108
45.49 5.2989885
45.5 5.2988929
45.51 5.2987973
45.52 5.2986778
45.53 5.2985822
45.54 5.2984866
45.55 5.298391
45.56 5.2982715
45.57 5.2981759
45.58 5.2980803
45.59 5.2979608
45.6 5.2978652
45.61 5.2977696
45.62 5.297674
45.63 5.2975545
45.64 5.2974589
45.65 5.2973633
45.66 5.2972438
45.67 5.2971482
45.68 5.2970526
45.69 5.296957
45.7 5.2968614
45.71 5.2967419
45.72 5.2966463
45.73 5.2965507
45.74 5.2964551
45.75 5.2963356
45.76 5.29624
45.77 5.2961444
45.78 5.2960488
45.79 5.2959532
45.8 5.2958337
45.81 5.2957381
45.82 5.2956425
45.83 5.2955469
45.84 5.2954513
45.85 5.2953318
45.86 5.2952362
45.87 5.2951406
45.88 5.295045
45.89 5.2949494
45.9 5.2948538
45.91 5.2947343
45.92 5.2946387
45.93 5.2945431
45.94 5.2944475
45.95 5.2943519
45.96 5.2942563
45.97 5.2941368
45.98 5.2940412
45.99 5.2939456
46.0 5.29385
46.01 5.2937544
46.02 5.2936588
46.03 5.2935632
46.04 5.2934676
46.05 5.293372
46.06 5.2932525
46.07 5.2931569
46.08 5.2930613
46.09 5.2929657
46.1 5.2928701
46.11 5.2927745
46.12 5.2926789
46.13 5.2925833
46.14 5.2924877
46.15 5.2923921
46.16 5.2922965
46.17 5.2922009
46.18 5.2921053
46.19 5.2920097
46.2 5.2918902
46.21 5.2917946
46.22 5.291699
46.23 5.2916034
46.24 5.2915078
46.25 5.2914122
46.26 5.2913166
46.27 5.291221
46.28 5.2911254
46.29 5.2910298
46.3 5.2909342
46.31 5.2908386
46.32 5.290743
46.33 5.2906474
46.34 5.2905518
46.35 5.2904562
46.36 5.2903606
46.37 5.290265
46.38 5.2901694
46.39 5.2900738
46.4 5.2899782
46.41 5.2899065
46.42 5.2898109
46.43 5.2897153
46.44 5.2896197
46.45 5.2895241
46.46 5.2894285
46.47 5.2893329
46.48 5.2892373
46.49 5.2891417
46.5 5.2890461
46.51 5.2889505
46.52 5.2888549
46.53 5.2887593
46.54 5.2886637
46.55 5.288592
46.56 5.2884964
46.57 5.2884008
46.58 5.2883052
46.59 5.2882096
46.6 5.288114
46.61 5.2880184
46.62 5.2879228
46.63 5.2878511
46.64 5.2877555
46.65 5.2876599
46.66 5.2875643
46.67 5.2874687
46.68 5.2873731
46.69 5.2872775
46.7 5.2872058
46.71 5.2871102
46.72 5.2870146
46.73 5.286919
46.74 5.2868234
46.75 5.2867517
46.76 5.2866561
46.77 5.2865605
46.78 5.2864649
46.79 5.2863693
46.8 5.2862976
46.81 5.286202
46.82 5.2861064
46.83 5.2860108
46.84 5.2859152
46.85 5.2858435
46.86 5.2857479
46.87 5.2856523
46.88 5.2855567
46.89 5.285485
46.9 5.2853894
46.91 5.2852938
46.92 5.2851982
46.93 5.2851265
46.94 5.2850309
46.95 5.2849353
46.96 5.2848636
46.97 5.284768
46.98 5.2846724
46.99 5.2845768
47.0 5.2845051
47.01 5.2844095
47.02 5.2843139
47.03 5.2842422
47.04 5.2841466
47.05 5.284051
47.06 5.2839793
47.07 5.2838837
47.08 5.2837881
47.09 5.2837164
47.1 5.2836208
47.11 5.2835252
47.12 5.2834535
47.13 5.2833579
47.14 5.2832623
47.15 5.2831906
47.16 5.283095
47.17 5.2830233
47.18 5.2829277
47.19 5.2828321
47.2 5.2827604
47.21 5.2826648
47.22 5.2825692
47.23 5.2824975
47.24 5.2824019
47.25 5.2823302
47.26 5.2822346
47.27 5.2821629
47.28 5.2820673
47.29 5.2819717
47.3 5.2819
47.31 5.2818044
47.32 5.2817327
47.33 5.2816371
47.34 5.2815654
47.35 5.2814698
47.36 5.2813981
47.37 5.2813025
47.38 5.2812308
47.39 5.2811352
47.4 5.2810396
47.41 5.2809679
47.42 5.2808723
47.43 5.2808006
47.44 5.280705
47.45 5.2806333
47.46 5.2805616
47.47 5.280466
47.48 5.2803943
47.49 5.2802987
47.5 5.280227
47.51 5.2801314
47.52 5.2800597
47.53 5.2799641
47.54 5.2798924
47.55 5.2797968
47.56 5.2797251
47.57 5.2796295
47.58 5.2795578
47.59 5.2794861
47.6 5.2793905
47.61 5.2793188
47.62 5.2792232
47.63 5.2791515
47.64 5.2790798
47.65 5.2789842
47.66 5.2789125
47.67 5.2788169
47.68 5.2787452
47.69 5.2786735
47.7 5.2785779
47.71 5.2785062
47.72 5.2784345
47.73 5.2783389
47.74 5.2782672
47.75 5.2781955
47.76 5.2780999
47.77 5.2780282
47.78 5.2779565
47.79 5.2778609
47.8 5.2777892
47.81 5.2777175
47.82 5.2776219
47.83 5.2775502
47.84 5.2774785
47.85 5.2773829
47.86 5.2773112
47.87 5.2772395
47.88 5.2771439
47.89 5.2770722
47.9 5.2770005
47.91 5.2769288
47.92 5.2768332
47.93 5.2767615
47.94 5.2766898
47.95 5.2766181
47.96 5.2765225
47.97 5.2764508
47.98 5.2763791
47.99 5.2763074
48.0 5.2762357
48.01 5.2761401
48.02 5.2760684
48.03 5.2759967
48.04 5.275925
48.05 5.2758294
48.06 5.2757577
48.07 5.275686
48.08 5.2756143
48.09 5.2755426
48.1 5.2754709
48.11 5.2753753
48.12 5.2753036
48.13 5.2752319
48.14 5.2751602
48.15 5.2750885
48.16 5.2750168
48.17 5.2749451
48.18 5.2748495
48.19 5.2747778
48.2 5.2747061
48.21 5.2746344
48.22 5.2745627
48.23 5.274491
48.24 5.2744193
48.25 5.2743476
48.26 5.2742759
48.27 5.2741803
48.28 5.2741086
48.29 5.2740369
48.3 5.2739652
48.31 5.2738935
48.32 5.2738218
48.33 5.2737501
48.34 5.2736784
48.35 5.2736067
48.36 5.273535
48.37 5.2734633
48.38 5.2733916
48.39 5.2733199
48.4 5.2732482
48.41 5.2731765
48.42 5.2731048
48.43 5.2730331
48.44 5.2729614
48.45 5.2728897
48.46 5.272818
48.47 5.2727463
48.48 5.2726746
48.49 5.2726029
48.5 5.2725312
48.51 5.2724595
48.52 5.2723878
48.53 5.2723161
48.54 5.2722444
48.55 5.2721727
48.56 5.272101
48.57 5.2720293
48.58 5.2719815
48.59 5.2719098
48.6 5.2718381
48.61 5.2717664
48.62 5.2716947
48.63 5.271623
48.64 5.2715513
48.65 5.2714796
48.66 5.2714079
48.67 5.2713601
48.68 5.2712884
48.69 5.2712167
48.7 5.271145
48.71 5.2710733
48.72 5.2710016
48.73 5.2709299
48.74 5.2708821
48.75 5.2708104
48.76 5.2707387
48.77 5.270667
48.78 5.2705953
48.79 5.2705475
48.8 5.2704758
48.81 5.2704041
48.82 5.2703324
48.83 5.2702607
48.84 5.2702129
48.85 5.2701412
48.86 5.2700695
48.87 5.2699978
48.88 5.26995
48.89 5.2698783
48.9 5.2698066
48.91 5.2697349
48.92 5.2696871
48.93 5.2696154
48.94 5.2695437
48.95 5.269472
48.96 5.2694242
48.97 5.2693525
48.98 5.2692808
48.99 5.269233
49.0 5.2691613
49.01 5.2690896
49.02 5.2690418
49.03 5.2689701
49.04 5.2688984
49.05 5.2688506
49.06 5.2687789
49.07 5.2687072
49.08 5.2686594
49.09 5.2685877
49.1 5.268516
49.11 5.2684682
49.12 5.2683965
49.13 5.2683248
49.14 5.268277
49.15 5.2682053
49.16 5.2681575
49.17 5.2680858
49.18 5.2680141
49.19 5.2679663
49.2 5.2678946
49.21 5.2678468
49.22 5.2677751
49.23 5.2677273
49.24 5.2676556
49.25 5.2676078
49.26 5.2675361
49.27 5.2674644
49.28 5.2674166
49.29 5.2673449
49.3 5.2672971
49.31 5.2672254
49.32 5.2671776
49.33 5.2671059
49.34 5.2670581
49.35 5.2669864
49.36 5.2669386
49.37 5.2668669
49.38 5.2668191
49.39 5.2667474
49.4 5.2666996
49.41 5.2666518
49.42 5.2665801
49.43 5.2665323
49.44 5.2664606
49.45 5.2664128
49.46 5.2663411
49.47 5.2662933
49.48 5.2662216
49.49 5.2661738
49.5 5.266126
49.51 5.2660543
49.52 5.2660065
49.53 5.2659587
49.54 5.265887
49.55 5.2658392
49.56 5.2657675
49.57 5.2657197
49.58 5.2656719
49.59 5.2656002
49.6 5.2655524
49.61 5.2655046
49.62 5.2654329
49.63 5.2653851
49.64 5.2653373
49.65 5.2652656
49.66 5.2652178
49.67 5.26517
49.68 5.2650983
49.69 5.2650505
49.7 5.2650027
49.71 5.2649549
49.72 5.2648832
49.73 5.2648354
49.74 5.2647876
49.75 5.2647398
49.76 5.2646681
49.77 5.2646203
49.78 5.2645725
49.79 5.2645247
49.8 5.264453
49.81 5.2644052
49.82 5.2643574
49.83 5.2643096
49.84 5.2642379
49.85 5.2641901
49.86 5.2641423
49.87 5.2640945
49.88 5.2640467
49.89 5.2639989
49.9 5.2639272
49.91 5.2638794
49.92 5.2638316
49.93 5.2637838
49.94 5.263736
49.95 5.2636882
49.96 5.2636404
49.97 5.2635687
49.98 5.2635209
49.99 5.2634731
50.0 5.2634253
50.01 5.2633775
50.02 5.2633297
50.03 5.2632819
50.04 5.2632341
50.05 5.2631863
50.06 5.2631385
50.07 5.2630668
50.08 5.263019
50.09 5.2629712
50.1 5.2629234
50.11 5.2628756
50.12 5.2628278
50.13 5.26278
50.14 5.2627322
50.15 5.2626844
50.16 5.2626366
50.17 5.2625888
50.18 5.262541
50.19 5.2624932
50.2 5.2624454
50.21 5.2623976
50.22 5.2623498
50.23 5.262302
50.24 5.2622542
50.25 5.2622064
50.26 5.2621586
50.27 5.2621108
50.28 5.2620869
50.29 5.2620391
50.3 5.2619913
50.31 5.2619435
50.32 5.2618957
50.33 5.2618479
50.34 5.2618001
50.35 5.2617523
50.36 5.2617045
50.37 5.2616567
50.38 5.2616328
50.39 5.261585
50.4 5.2615372
50.41 5.2614894
50.42 5.2614416
50.43 5.2613938
50.44 5.261346
50.45 5.2613221
50.46 5.2612743
50.47 5.2612265
50.48 5.2611787
50.49 5.2611309
50.5 5.261107
50.51 5.2610592
50.52 5.2610114
50.53 5.2609636
50.54 5.2609158
50.55 5.2608919
50.56 5.2608441
50.57 5.2607963
50.58 5.2607485
50.59 5.2607246
50.6 5.2606768
50.61 5.260629
50.62 5.2606051
50.63 5.2605573
50.64 5.2605095
50.65 5.2604617
50.66 5.2604378
50.67 5.26039
50.68 5.2603422
50.69 5.2603183
50.7 5.2602705
50.71 5.2602227
50.72 5.2601988
50.73 5.260151
50.74 5.2601032
50.75 5.2600793
50.76 5.2600315
50.77 5.2599837
50.78 5.2599598
50.79 5.259912
50.8 5.2598881
50.81 5.2598403
50.82 5.2597925
50.83 5.2597686
50.84 5.2597208
50.85 5.2596969
50.86 5.2596491
50.87 5.2596252
50.88 5.2595774
50.89 5.2595296
50.9 5.2595057
50.91 5.2594579
50.92 5.259434
50.93 5.2593862
50.94 5.2593623
50.95 5.2593145
50.96 5.2592906
50.97 5.2592428
50.98 5.2592189
50.99 5.2591711
51.0 5.2591472
51.01 5.2590994
51.02 5.2590755
51.03 5.2590277
51.04 5.2590038
51.05 5.2589799
51.06 5.2589321
51.07 5.2589082
51.08 5.2588604
51.09 5.2588365
51.1 5.2587887
51.11 5.2587648
51.12 5.2587409
51.13 5.2586931
51.14 5.2586692
51.15 5.2586453
51.16 5.2585975
51.17 5.2585736
51.18 5.2585258
51.19 5.2585019
51.2 5.258478
51.21 5.2584302
51.22 5.2584063
51.23 5.2583824
51.24 5.2583346
51.25 5.2583107
51.26 5.2582868
51.27 5.2582629
51.28 5.2582151
51.29 5.2581912
51.3 5.2581673
51.31 5.2581195
51.32 5.2580956
51.33 5.2580717
51.34 5.2580478
51.35 5.258
51.36 5.2579761
51.37 5.2579522
51.38 5.2579283
51.39 5.2578805
51.4 5.2578566
51.41 5.2578327
51.42 5.2578088
51.43 5.2577849
51.44 5.2577371
51.45 5.2577132
51.46 5.2576893
51.47 5.2576654
51.48 5.2576415
51.49 5.2576176
51.5 5.2575698
51.51 5.2575459
51.52 5.257522
51.53 5.2574981
51.54 5.2574742
51.55 5.2574503
51.56 5.2574264
51.57 5.2574025
51.58 5.2573786
51.59 5.2573308
51.6 5.2573069
51.61 5.257283
51.62 5.2572591
51.63 5.2572352
51.64 5.2572113
51.65 5.2571874
51.66 5.2571635
51.67 5.2571396
51.68 5.2571157
51.69 5.2570918
51.7 5.2570679
51.71 5.257044
51.72 5.2570201
51.73 5.2569962
51.74 5.2569723
51.75 5.2569484
51.76 5.2569245
51.77 5.2569006
51.78 5.2568767
51.79 5.2568528
51.8 5.2568289
51.81 5.256805
51.82 5.2567811
51.83 5.2567811
51.84 5.2567572
51.85 5.2567333
51.86 5.2567094
51.87 5.2566855
51.88 5.2566616
51.89 5.2566377
51.9 5.2566138
51.91 5.2565899
51.92 5.2565899
51.93 5.256566
51.94 5.2565421
51.95 5.2565182
51.96 5.2564943
51.97 5.2564704
51.98 5.2564704
51.99 5.2564465
52.0 5.2564226
52.01 5.2563987
52.02 5.2563748
52.03 5.2563748
52.04 5.2563509
52.05 5.256327
52.06 5.2563031
52.07 5.2563031
52.08 5.2562792
52.09 5.2562553
52.1 5.2562314
52.11 5.2562314
52.12 5.2562075
52.13 5.2561836
52.14 5.2561597
52.15 5.2561597
52.16 5.2561358
52.17 5.2561119
52.18 5.2561119
52.19 5.256088
52.2 5.2560641
52.21 5.2560641
52.22 5.2560402
52.23 5.2560163
52.24 5.2560163
52.25 5.2559924
52.26 5.2559924
52.27 5.2559685
52.28 5.2559446
52.29 5.2559446
52.3 5.2559207
52.31 5.2559207
52.32 5.2558968
52.33 5.2558729
52.34 5.2558729
52.35 5.255849
52.36 5.255849
52.37 5.2558251
52.38 5.2558251
52.39 5.2558012
52.4 5.2558012
52.41 5.2557773
52.42 5.2557773
52.43 5.2557534
52.44 5.2557534
52.45 5.2557295
52.46 5.2557295
52.47 5.2557056
52.48 5.2557056
52.49 5.2556817
52.5 5.2556817
52.51 5.2556578
52.52 5.2556578
52.53 5.2556578
52.54 5.2556339
52.55 5.2556339
52.56 5.25561
52.57 5.25561
52.58 5.25561
52.59 5.2555861
52.6 5.2555861
52.61 5.2555622
52.62 5.2555622
52.63 5.2555622
52.64 5.2555383
52.65 5.2555383
52.66 5.2555383
52.67 5.2555144
52.68 5.2555144
52.69 5.2555144
52.7 5.2554905
52.71 5.2554905
52.72 5.2554905
52.73 5.2554905
52.74 5.2554666
52.75 5.2554666
52.76 5.2554666
52.77 5.2554427
52.78 5.2554427
52.79 5.2554427
52.8 5.2554427
52.81 5.2554427
52.82 5.2554188
52.83 5.2554188
52.84 5.2554188
52.85 5.2554188
52.86 5.2554188
52.87 5.2553949
52.88 5.2553949
52.89 5.2553949
52.9 5.2553949
52.91 5.2553949
52.92 5.2553949
52.93 5.255371
52.94 5.255371
52.95 5.255371
52.96 5.255371
52.97 5.255371
52.98 5.255371
52.99 5.255371
53.0 5.255371
53.01 5.255371
53.02 5.2553471
53.03 5.2553471
53.04 5.2553471
53.05 5.2553471
53.06 5.2553471
53.07 5.2553471
53.08 5.2553471
53.09 5.2553471
53.1 5.2553471
53.11 5.2553471
53.12 5.2553471
53.13 5.2553471
53.14 5.2553471
53.15 5.2553471
53.16 5.2553471
53.17 5.2553471
53.18 5.2553471
53.19 5.2553471
53.2 5.2553471
53.21 5.255371
53.22 5.255371
53.23 5.255371
53.24 5.255371
53.25 5.255371
53.26 5.255371
53.27 5.255371
53.28 5.255371
53.29 5.255371
53.3 5.255371
53.31 5.2553949
53.32 5.2553949
53.33 5.2553949
53.34 5.2553949
53.35 5.2553949
53.36 5.2553949
53.37 5.2554188
53.38 5.2554188
53.39 5.2554188
53.4 5.2554188
53.41 5.2554188
53.42 5.2554427
53.43 5.2554427
53.44 5.2554427
53.45 5.2554427
53.46 5.2554666
53.47 5.2554666
53.48 5.2554666
53.49 5.2554666
53.5 5.2554905
53.51 5.2554905
53.52 5.2554905
53.53 5.2555144
53.54 5.2555144
53.55 5.2555144
53.56 5.2555383
53.57 5.2555383
53.58 5.2555383
53.59 5.2555622
53.6 5.2555622
53.61 5.2555622
53.62 5.2555861
53.63 5.2555861
53.64 5.25561
53.65 5.25561
53.66 5.25561
53.67 5.2556339
53.68 5.2556339
53.69 5.2556578
53.7 5.2556578
53.71 5.2556817
53.72 5.2556817
53.73 5.2556817
53.74 5.2557056
53.75 5.2557056
53.76 5.2557295
53.77 5.2557295
53.78 5.2557534
53.79 5.2557534
53.8 5.2557773
53.81 5.2557773
53.82 5.2558012
53.83 5.2558012
53.84 5.2558251
53.85 5.255849
53.86 5.255849
53.87 5.2558729
53.88 5.2558729
53.89 5.2558968
53.9 5.2558968
53.91 5.2559207
53.92 5.2559446
53.93 5.2559446
53.94 5.2559685
53.95 5.2559685
53.96 5.2559924
53.97 5.2560163
53.98 5.2560163
53.99 5.2560402
54.0 5.2560641
54.01 5.2560641
54.02 5.256088
54.03 5.2561119
54.04 5.2561119
54.05 5.2561358
54.06 5.2561597
54.07 5.2561836
54.08 5.2561836
54.09 5.2562075
54.1 5.2562314
54.11 5.2562553
54.12 5.2562553
54.13 5.2562792
54.14 5.2563031
54.15 5.256327
54.16 5.256327
54.17 5.2563509
54.18 5.2563748
54.19 5.2563987
54.2 5.2564226
54.21 5.2564465
54.22 5.2564465
54.23 5.2564704
54.24 5.2564943
54.25 5.2565182
54.26 5.2565421
54.27 5.256566
54.28 5.2565899
54.29 5.2565899
54.3 5.2566138
54.31 5.2566377
54.32 5.2566616
54.33 5.2566855
54.34 5.2567094
54.35 5.2567333
54.36 5.2567572
54.37 5.2567811
54.38 5.256805
54.39 5.2568289
54.4 5.2568528
54.41 5.2568767
54.42 5.2569006
54.43 5.2569245
54.44 5.2569484
54.45 5.2569723
54.46 5.2569962
54.47 5.2570201
54.48 5.257044
54.49 5.2570679
54.5 5.2570918
54.51 5.2571157
54.52 5.2571396
54.53 5.2571635
54.54 5.2571874
54.55 5.2572113
54.56 5.2572352
54.57 5.257283
54.58 5.2573069
54.59 5.2573308
54.6 5.2573547
54.61 5.2573786
54.62 5.2574025
54.63 5.2574264
54.64 5.2574742
54.65 5.2574981
54.66 5.257522
54.67 5.2575459
54.68 5.2575698
54.69 5.2575937
54.7 5.2576415
54.71 5.2576654
54.72 5.2576893
54.73 5.2577132
54.74 5.257761
54.75 5.2577849
54.76 5.2578088
54.77 5.2578327
54.78 5.2578805
54.79 5.2579044
54.8 5.2579283
54.81 5.2579761
54.82 5.258
54.83 5.2580239
54.84 5.2580478
54.85 5.2580956
54.86 5.2581195
54.87 5.2581673
54.88 5.2581912
54.89 5.2582151
54.9 5.2582629
54.91 5.2582868
54.92 5.2583107
54.93 5.2583585
54.94 5.2583824
54.95 5.2584302
54.96 5.2584541
54.97 5.258478
54.98 5.2585258
54.99 5.2585497
55.0 5.2585975
55.01 5.2586214
55.02 5.2586692
55.03 5.2586931
55.04 5.2587409
55.05 5.2587648
55.06 5.2588126
55.07 5.2588365
55.08 5.2588843
55.09 5.2589082
55.1 5.258956
55.11 5.2589799
55.12 5.2590277
55.13 5.2590516
55.14 5.2590994
55.15 5.2591233
55.16 5.2591711
55.17 5.2592189
55.18 5.2592428
55.19 5.2592906
55.2 5.2593145
55.21 5.2593623
55.22 5.2594101
55.23 5.259434
55.24 5.2594818
55.25 5.2595296
55.26 5.2595535
55.27 5.2596013
55.28 5.2596491
55.29 5.259673
55.3 5.2597208
55.31 5.2597686
55.32 5.2597925
55.33 5.2598403
55.34 5.2598881
55.35 5.2599359
55.36 5.2599598
55.37 5.2600076
55.38 5.2600554
55.39 5.2601032
55.4 5.2601271
55.41 5.2601749
55.42 5.2602227
55.43 5.2602705
55.44 5.2603183
55.45 5.2603422
55.46 5.26039
55.47 5.2604378
55.48 5.2604856
55.49 5.2605334
55.5 5.2605812
55.51 5.2606051
55.52 5.2606529
55.53 5.2607007
55.54 5.2607485
55.55 5.2607963
55.56 5.2608441
55.57 5.2608919
55.58 5.2609397
55.59 5.2609875
55.6 5.2610353
55.61 5.2610831
55.62 5.261107
55.63 5.2611548
55.64 5.2612026
55.65 5.2612504
55.66 5.2612982
55.67 5.261346
55.68 5.2613938
55.69 5.2614416
55.7 5.2614894
55.71 5.2615372
55.72 5.261585
55.73 5.2616328
55.74 5.2617045
55.75 5.2617523
55.76 5.2618001
55.77 5.2618479
55.78 5.2618957
55.79 5.2619435
55.8 5.2619913
55.81 5.2620391
55.82 5.2620869
55.83 5.2621347
55.84 5.2621825
55.85 5.2622542
55.86 5.262302
55.87 5.2623498
55.88 5.2623976
55.89 5.2624454
55.9 5.2624932
55.91 5.2625649
55.92 5.2626127
55.93 5.2626605
55.94 5.2627083
55.95 5.2627561
55.96 5.2628278
55.97 5.2628756
55.98 5.2629234
55.99 5.2629712
56.0 5.2630429
56.01 5.2630907
56.02 5.2631385
56.03 5.2632102
56.04 5.263258
56.05 5.2633058
56.06 5.2633536
56.07 5.2634253
56.08 5.2634731
56.09 5.2635209
56.1 5.2635926
56.11 5.2636404
56.12 5.2637121
56.13 5.2637599
56.14 5.2638077
56.15 5.2638794
56.16 5.2639272
56.17 5.263975
56.18 5.2640467
56.19 5.2640945
56.2 5.2641662
56.21 5.264214
56.22 5.2642857
56.23 5.2643335
56.24 5.2644052
56.25 5.264453
56.26 5.2645247
56.27 5.2645725
56.28 5.2646203
56.29 5.264692
56.3 5.2647637
56.31 5.2648115
56.32 5.2648832
56.33 5.264931
56.34 5.2650027
56.35 5.2650505
56.36 5.2651222
56.37 5.26517
56.38 5.2652417
56.39 5.2653134
56.4 5.2653612
56.41 5.2654329
56.42 5.2654807
56.43 5.2655524
56.44 5.2656241
56.45 5.2656719
56.46 5.2657436
56.47 5.2658153
56.48 5.2658631
56.49 5.2659348
56.5 5.2660065
56.51 5.2660543
56.52 5.266126
56.53 5.2661977
56.54 5.2662455
56.55 5.2663172
56.56 5.2663889
56.57 5.2664606
56.58 5.2665084
56.59 5.2665801
56.6 5.2666518
56.61 5.2667235
56.62 5.2667713
56.63 5.266843
56.64 5.2669147
56.65 5.2669864
56.66 5.2670581
56.67 5.2671059
56.68 5.2671776
56.69 5.2672493
56.7 5.267321
56.71 5.2673927
56.72 5.2674644
56.73 5.2675122
56.74 5.2675839
56.75 5.2676556
56.76 5.2677273
56.77 5.267799
56.78 5.2678707
56.79 5.2679424
56.8 5.2680141
56.81 5.2680858
56.82 5.2681575
56.83 5.2682292
56.84 5.2683009
56.85 5.2683726
56.86 5.2684443
56.87 5.268516
56.88 5.2685877
56.89 5.2686594
56.9 5.2687311
56.91 5.2688028
56.92 5.2688745
56.93 5.2689462
56.94 5.2690179
56.95 5.2690896
56.96 5.2691613
56.97 5.269233
56.98 5.2693047
56.99 5.2693764
57.0 5.2694481
57.01 5.2695198
57.02 5.2695915
57.03 5.2696871
57.04 5.2697588
57.05 5.2698305
57.06 5.2699022
57.07 5.2699739
57.08 5.2700456
57.09 5.2701412
57.1 5.2702129
57.11 5.2702846
57.12 5.2703563
57.13 5.270428
57.14 5.2705236
57.15 5.2705953
57.16 5.270667
57.17 5.2707387
57.18 5.2708343
57.19 5.270906
57.2 5.2709777
57.21 5.2710494
57.22 5.271145
57.23 5.2712167
57.24 5.2712884
57.25 5.271384
57.26 5.2714557
57.27 5.2715274
57.28 5.271623
57.29 5.2716947
57.3 5.2717664
57.31 5.271862
57.32 5.2719337
57.33 5.2720054
57.34 5.272101
57.35 5.2721727
57.36 5.2722683
57.37 5.27234
57.38 5.2724117
57.39 5.2725073
57.4 5.272579
57.41 5.2726746
57.42 5.2727463
57.43 5.2728419
57.44 5.2729136
57.45 5.2730092
57.46 5.2730809
57.47 5.2731765
57.48 5.2732482
57.49 5.2733438
57.5 5.2734155
57.51 5.2735111
57.52 5.2735828
57.53 5.2736784
57.54 5.2737501
57.55 5.2738457
57.56 5.2739174
57.57 5.274013
57.58 5.2741086
57.59 5.2741803
57.6 5.2742759
57.61 5.2743476
57.62 5.2744432
57.63 5.2745388
57.64 5.2746105
57.65 5.2747061
57.66 5.2748017
57.67 5.2748734
57.68 5.274969
57.69 5.2750646
57.7 5.2751363
57.71 5.2752319
57.72 5.2753275
57.73 5.2754231
57.74 5.2754948
57.75 5.2755904
57.76 5.275686
57.77 5.2757816
57.78 5.2758533
57.79 5.2759489
57.8 5.2760445
57.81 5.2761401
57.82 5.2762118
57.83 5.2763074
57.84 5.276403
57.85 5.2764986
57.86 5.2765942
57.87 5.2766898
57.88 5.2767615
57.89 5.2768571
57.9 5.2769527
57.91 5.2770483
57.92 5.2771439
57.93 5.2772395
57.94 5.2773351
57.95 5.2774307
57.96 5.2775263
57.97 5.2776219
57.98 5.2776936
57.99 5.2777892
58.0 5.2778848
58.01 5.2779804
58.02 5.278076
58.03 5.2781716
58.04 5.2782672
58.05 5.2783628
58.06 5.2784584
58.07 5.278554
58.08 5.2786496
58.09 5.2787452
58.1 5.2788408
58.11 5.2789364
58.12 5.2790559
58.13 5.2791515
58.14 5.2792471
58.15 5.2793427
58.16 5.2794383
58.17 5.2795339
58.18 5.2796295
58.19 5.2797251
58.2 5.2798207
58.21 5.2799163
58.22 5.2800358
58.23 5.2801314
58.24 5.280227
58.25 5.2803226
58.26 5.2804182
58.27 5.2805138
58.28 5.2806333
58.29 5.2807289
58.3 5.2808245
58.31 5.2809201
58.32 5.2810396
58.33 5.2811352
58.34 5.2812308
58.35 5.2813264
58.36 5.2814459
58.37 5.2815415
58.38 5.2816371
58.39 5.2817327
58.4 5.2818522
58.41 5.2819478
58.42 5.2820434
58.43 5.2821629
58.44 5.2822585
58.45 5.2823541
58.46 5.2824736
58.47 5.2825692
58.48 5.2826648
58.49 5.2827843
58.5 5.2828799
58.51 5.2829994
58.52 5.283095
58.53 5.2831906
58.54 5.2833101
58.55 5.2834057
58.56 5.2835252
58.57 5.2836208
58.58 5.2837403
58.59 5.2838359
58.6 5.2839554
58.61 5.284051
58.62 5.2841705
58.63 5.2842661
58.64 5.2843856
58.65 5.2844812
58.66 5.2846007
58.67 5.2846963
58.68 5.2848158
58.69 5.2849114
58.7 5.2850309
58.71 5.2851265
58.72 5.285246
58.73 5.2853416
58.74 5.2854611
58.75 5.2855806
58.76 5.2856762
58.77 5.2857957
58.78 5.2859152
58.79 5.2860108
58.8 5.2861303
58.81 5.2862498
58.82 5.2863454
58.83 5.2864649
58.84 5.2865844
58.85 5.28668
58.86 5.2867995
58.87 5.286919
58.88 5.2870146
58.89 5.2871341
58.9 5.2872536
58.91 5.2873731
58.92 5.2874687
58.93 5.2875882
58.94 5.2877077
58.95 5.2878272
58.96 5.2879228
58.97 5.2880423
58.98 5.2881618
58.99 5.2882813
59.0 5.2884008
59.01 5.2884964
59.02 5.2886159
59.03 5.2887354
59.04 5.2888549
59.05 5.2889744
59.06 5.2890939
59.07 5.2892134
59.08 5.2893329
59.09 5.2894285
59.1 5.289548
59.11 5.2896675
59.12 5.289787
59.13 5.2899065
59.14 5.290026
59.15 5.2901455
59.16 5.290265
59.17 5.2903845
59.18 5.290504
59.19 5.2906235
59.2 5.290743
59.21 5.2908625
59.22 5.290982
59.23 5.2911015
59.24 5.291221
59.25 5.2913405
59.26 5.29146
59.27 5.2915795
59.28 5.291699
59.29 5.2918185
59.3 5.291938
59.31 5.2920814
59.32 5.2922009
59.33 5.2923204
59.34 5.2924399
59.35 5.2925594
59.36 5.2926789
59.37 5.2927984
59.38 5.2929179
59.39 5.2930613
59.4 5.2931808
59.41 5.2933003
59.42 5.2934198
59.43 5.2935393
59.44 5.2936827
59.45 5.2938022
59.46 5.2939217
59.47 5.2940412
59.48 5.2941607
59.49 5.2943041
59.5 5.2944236
59.51 5.2945431
59.52 5.2946865
59.53 5.294806
59.54 5.2949255
59.55 5.295045
59.56 5.2951884
59.57 5.2953079
59.58 5.2954274
59.59 5.2955708
59.6 5.2956903
59.61 5.2958098
59.62 5.2959532
59.63 5.2960727
59.64 5.2962161
59.65 5.2963356
59.66 5.2964551
59.67 5.2965985
59.68 5.296718
59.69 5.2968614
59.7 5.2969809
59.71 5.2971004
59.72 5.2972438
59.73 5.2973633
59.74 5.2975067
59.75 5.2976262
59.76 5.2977696
59.77 5.2978891
59.78 5.2980325
59.79 5.298152
59.8 5.2982954
59.81 5.2984149
59.82 5.2985583
59.83 5.2986778
59.84 5.2988212
59.85 5.2989646
59.86 5.2990841
59.87 5.2992275
59.88 5.299347
59.89 5.2994904
59.9 5.2996338
59.91 5.2997533
59.92 5.2998967
59.93 5.3000162
59.94 5.3001596
59.95 5.300303
59.96 5.3004225
59.97 5.3005659
59.98 5.3007093
59.99 5.3008288
60.0 5.3009722
60.01 5.3011156
60.02 5.301259
60.03 5.3013785
60.04 5.3015219
60.05 5.3016653
60.06 5.3018087
60.07 5.3019282
60.08 5.3020716
60.09 5.302215
60.1 5.3023584
60.11 5.3024779
60.12 5.3026213
60.13 5.3027647
60.14 5.3029081
60.15 5.3030515
60.16 5.303171
60.17 5.3033144
60.18 5.3034578
60.19 5.3036012
60.2 5.3037446
60.21 5.303888
60.22 5.3040314
60.23 5.3041748
60.24 5.3043182
60.25 5.3044377
60.26 5.3045811
60.27 5.3047245
60.28 5.3048679
60.29 5.3050113
60.3 5.3051547
60.31 5.3052981
60.32 5.3054415
60.33 5.3055849
60.34 5.3057283
60.35 5.3058717
60.36 5.3060151
60.37 5.3061585
60.38 5.3063019
60.39 5.3064453
60.4 5.3065887
60.41 5.3067321
60.42 5.3068755
60.43 5.3070189
60.44 5.3071862
60.45 5.3073296
60.46 5.307473
60.47 5.3076164
60.48 5.3077598
60.49 5.3079032
60.5 5.3080466
60.51 5.30819
60.52 5.3083573
60.53 5.3085007
60.54 5.3086441
60.55 5.3087875
60.56 5.3089309
60.57 5.3090743
60.58 5.3092416
60.59 5.309385
60.6 5.3095284
60.61 5.3096718
60.62 5.3098391
60.63 5.3099825
60.64 5.3101259
60.65 5.3102693
60.66 5.3104366
60.67 5.31058
60.68 5.3107234
60.69 5.3108668
60.7 5.3110341
60.71 5.3111775
60.72 5.3113209
60.73 5.3114882
60.74 5.3116316
60.75 5.311775
60.76 5.3119423
60.77 5.3120857
60.78 5.312253
60.79 5.3123964
60.8 5.3125398
60.81 5.3127071
60.82 5.3128505
60.83 5.3130178
60.84 5.3131612
60.85 5.3133285
60.86 5.3134719
60.87 5.3136153
60.88 5.3137826
60.89 5.313926
60.9 5.3140933
60.91 5.3142367
60.92 5.314404
60.93 5.3145474
60.94 5.3147147
60.95 5.3148581
60.96 5.3150254
60.97 5.3151927
60.98 5.3153361
60.99 5.3155034
61.0 5.3156468
61.01 5.3158141
61.02 5.3159575
61.03 5.3161248
61.04 5.3162921
61.05 5.3164355
61.06 5.3166028
61.07 5.3167701
61.08 5.3169135
61.09 5.3170808
61.1 5.3172242
61.11 5.3173915
61.12 5.3175588
61.13 5.3177261
61.14 5.3178695
61.15 5.3180368
61.16 5.3182041
61.17 5.3183475
61.18 5.3185148
61.19 5.3186821
61.2 5.3188494
61.21 5.3189928
61.22 5.3191601
61.23 5.3193274
61.24 5.3194947
61.25 5.3196381
61.26 5.3198054
61.27 5.3199727
61.28 5.32014
61.29 5.3203073
61.3 5.3204746
61.31 5.320618
61.32 5.3207853
61.33 5.3209526
61.34 5.3211199
61.35 5.3212872
61.36 5.3214545
61.37 5.3216218
61.38 5.3217891
61.39 5.3219325
61.4 5.3220998
61.41 5.3222671
61.42 5.3224344
61.43 5.3226017
61.44 5.322769
61.45 5.3229363
61.46 5.3231036
61.47 5.3232709
61.48 5.3234382
61.49 5.3236055
61.5 5.3237728
61.51 5.3239401
61.52 5.3241074
61.53 5.3242747
61.54 5.324442
61.55 5.3246093
61.56 5.3247766
61.57 5.3249439
61.58 5.3251351
61.59 5.3253024
61.6 5.3254697
61.61 5.325637
61.62 5.3258043
61.63 5.3259716
61.64 5.3261389
61.65 5.3263062
61.66 5.3264974
61.67 5.3266647
61.68 5.326832
61.69 5.3269993
61.7 5.3271666
61.71 5.3273339
61.72 5.3275251
61.73 5.3276924
61.74 5.3278597
61.75 5.328027
61.76 5.3282182
61.77 5.3283855
61.78 5.3285528
61.79 5.3287201
61.8 5.3289113
61.81 5.3290786
61.82 5.3292459
61.83 5.3294132
61.84 5.3296044
61.85 5.3297717
61.86 5.329939
61.87 5.3301302
61.88 5.3302975
61.89 5.3304648
61.9 5.330656
61.91 5.3308233
61.92 5.3310145
61.93 5.3311818
61.94 5.3313491
61.95 5.3315403
61.96 5.3317076
61.97 5.3318988
61.98 5.3320661
61.99 5.3322334
62.0 5.3324246
62.01 5.3325919
62.02 5.3327831
62.03 5.3329504
62.04 5.3331416
62.05 5.3333089
62.06 5.3335001
62.07 5.3336674
62.08 5.3338586
62.09 5.3340259
62.1 5.3342171
62.11 5.3343844
62.12 5.3345756
62.13 5.3347668
62.14 5.3349341
62.15 5.3351253
62.16 5.3352926
62.17 5.3354838
62.18 5.3356511
62.19 5.3358423
62.2 5.3360335
62.21 5.3362008
62.22 5.336392
62.23 5.3365832
62.24 5.3367505
62.25 5.3369417
62.26 5.3371329
62.27 5.3373002
62.28 5.3374914
62.29 5.3376826
62.3 5.3378499
62.31 5.3380411
62.32 5.3382323
62.33 5.3384235
62.34 5.3385908
62.35 5.338782
62.36 5.3389732
62.37 5.3391644
62.38 5.3393317
62.39 5.3395229
62.4 5.3397141
62.41 5.3399053
62.42 5.3400965
62.43 5.3402638
62.44 5.340455
62.45 5.3406462
62.46 5.3408374
62.47 5.3410286
62.48 5.3412198
62.49 5.3413871
62.5 5.3415783
62.51 5.3417695
62.52 5.3419607
62.53 5.3421519
62.54 5.3423431
62.55 5.3425343
62.56 5.3427255
62.57 5.3429167
62.58 5.3431079
62.59 5.3432991
62.6 5.3434903
62.61 5.3436815
62.62 5.3438727
62.63 5.3440639
62.64 5.3442551
62.65 5.3444463
62.66 5.3446375
62.67 5.3448287
62.68 5.3450199
62.69 5.3452111
62.7 5.3454023
62.71 5.3455935
62.72 5.3457847
62.73 5.3459759
62.74 5.3461671
62.75 5.3463583
62.76 5.3465495
62.77 5.3467407
62.78 5.3469558
62.79 5.347147
62.8 5.3473382
62.81 5.3475294
62.82 5.3477206
62.83 5.3479118
62.84 5.348103
62.85 5.3483181
62.86 5.3485093
62.87 5.3487005
62.88 5.3488917
62.89 5.3490829
62.9 5.349298
62.91 5.3494892
62.92 5.3496804
62.93 5.3498716
62.94 5.3500867
62.95 5.3502779
62.96 5.3504691
62.97 5.3506842
62.98 5.3508754
62.99 5.3510666
63.0 5.3512578
63.01 5.3514729
63.02 5.3516641
63.03 5.3518553
63.04 5.3520704
63.05 5.3522616
63.06 5.3524528
63.07 5.3526679
63.08 5.3528591
63.09 5.3530742
63.1 5.3532654
63.11 5.3534566
63.12 5.3536717
63.13 5.3538629
63.14 5.354078
63.15 5.3542692
63.16 5.3544843
63.17 5.3546755
63.18 5.3548667
63.19 5.3550818
63.2 5.355273
63.21 5.3554881
63.22 5.3556793
63.23 5.3558944
63.24 5.3560856
63.25 5.3563007
63.26 5.3565158
63.27 5.356707
63.28 5.3569221
63.29 5.3571133
63.3 5.3573284
63.31 5.3575196
63.32 5.3577347
63.33 5.3579498
63.34 5.358141
63.35 5.3583561
63.36 5.3585473
63.37 5.3587624
63.38 5.3589775
63.39 5.3591687
63.4 5.3593838
63.41 5.3595989
63.42 5.3597901
63.43 5.3600052
63.44 5.3602203
63.45 5.3604115
63.46 5.3606266
63.47 5.3608417
63.48 5.3610329
63.49 5.361248
63.5 5.3614631
63.51 5.3616782
63.52 5.3618694
63.53 5.3620845
63.54 5.3622996
63.55 5.3625147
63.56 5.3627298
63.57 5.362921
63.58 5.3631361
63.59 5.3633512
63.6 5.3635663
63.61 5.3637814
63.62 5.3639726
63.63 5.3641877
63.64 5.3644028
63.65 5.3646179
63.66 5.364833
63.67 5.3650481
63.68 5.3652632
63.69 5.3654783
63.7 5.3656695
63.71 5.3658846
63.72 5.3660997
63.73 5.3663148
63.74 5.3665299
63.75 5.366745
63.76 5.3669601
63.77 5.3671752
63.78 5.3673903
63.79 5.3676054
63.8 5.3678205
63.81 5.3680356
63.82 5.3682507
63.83 5.3684658
63.84 5.3686809
63.85 5.368896
63.86 5.3691111
63.87 5.3693262
63.88 5.3695413
63.89 5.3697564
63.9 5.3699715
63.91 5.3701866
63.92 5.3704256
63.93 5.3706407
63.94 5.3708558
63.95 5.3710709
63.96 5.371286
63.97 5.3715011
63.98 5.3717162
63.99 5.3719313
64.0 5.3721703
64.01 5.3723854
64.02 5.3726005
64.03 5.3728156
64.04 5.3730307
64.05 5.3732458
64.06 5.3734848
64.07 5.3736999
64.08 5.373915
64.09 5.3741301
64.1 5.3743691
64.11 5.3745842
64.12 5.3747993
64.13 5.3750144
64.14 5.3752534
64.15 5.3754685
64.16 5.3756836
64.17 5.3759226
64.18 5.3761377
64.19 5.3763528
64.2 5.3765918
64.21 5.3768069
64.22 5.377022
64.23 5.377261
64.24 5.3774761
64.25 5.3776912
64.26 5.3779302
64.27 5.3781453
64.28 5.3783604
64.29 5.3785994
64.3 5.3788145
64.31 5.3790535
64.32 5.3792686
64.33 5.3795076
64.34 5.3797227
64.35 5.3799378
64.36 5.3801768
64.37 5.3803919
64.38 5.3806309
64.39 5.380846
64.4 5.381085
64.41 5.3813001
64.42 5.3815391
64.43 5.3817542
64.44 5.3819932
64.45 5.3822083
64.46 5.3824473
64.47 5.3826863
64.48 5.3829014
64.49 5.3831404
64.5 5.3833555
64.51 5.3835945
64.52 5.3838096
64.53 5.3840486
64.54 5.3842876
64.55 5.3845027
64.56 5.3847417
64.57 5.3849568
64.58 5.3851958
64.59 5.3854348
64.6 5.3856499
64.61 5.3858889
64.62 5.3861279
64.63 5.386343
64.64 5.386582
64.65 5.386821
64.66 5.38706
64.67 5.3872751
64.68 5.3875141
64.69 5.3877531
64.7 5.3879682
64.71 5.3882072
64.72 5.3884462
64.73 5.3886852
64.74 5.3889242
64.75 5.3891393
64.76 5.3893783
64.77 5.3896173
64.78 5.3898563
64.79 5.3900953
64.8 5.3903104
64.81 5.3905494
64.82 5.3907884
64.83 5.3910274
64.84 5.3912664
64.85 5.3915054
64.86 5.3917205
64.87 5.3919595
64.88 5.3921985
64.89 5.3924375
64.9 5.3926765
64.91 5.3929155
64.92 5.3931545
64.93 5.3933935
64.94 5.3936325
64.95 5.3938715
64.96 5.3941105
64.97 5.3943495
64.98 5.3945885
64.99 5.3948275
65.0 5.3950665
65.01 5.3953055
65.02 5.3955445
65.03 5.3957835
65.04 5.3960225
65.05 5.3962615
65.06 5.3965005
65.07 5.3967395
65.08 5.3969785
65.09 5.3972175
65.1 5.3974565
65.11 5.3976955
65.12 5.3979345
65.13 5.3981735
65.14 5.3984125
65.15 5.3986515
65.16 5.3988905
65.17 5.3991534
65.18 5.3993924
65.19 5.3996314
65.2 5.3998704
65.21 5.4001094
65.22 5.4003484
65.23 5.4005874
65.24 5.4008503
65.25 5.4010893
65.26 5.4013283
65.27 5.4015673
65.28 5.4018063
65.29 5.4020692
65.3 5.4023082
65.31 5.4025472
65.32 5.4027862
65.33 5.4030491
65.34 5.4032881
65.35 5.4035271
65.36 5.4037661
65.37 5.404029
65.38 5.404268
65.39 5.404507
65.4 5.4047699
65.41 5.4050089
65.42 5.4052479
65.43 5.4055108
65.44 5.4057498
65.45 5.4059888
65.46 5.4062517
65.47 5.4064907
65.48 5.4067297
65.49 5.4069926
65.5 5.4072316
65.51 5.4074945
65.52 5.4077335
65.53 5.4079725
65.54 5.4082354
65.55 5.4084744
65.56 5.4087373
65.57 5.4089763
65.58 5.4092392
65.59 5.4094782
65.6 5.4097411
65.61 5.4099801
65.62 5.4102191
65.63 5.410482
65.64 5.410721
65.65 5.4109839
65.66 5.4112468
65.67 5.4114858
65.68 5.4117487
65.69 5.4119877
65.7 5.4122506
65.71 5.4124896
65.72 5.4127525
65.73 5.4129915
65.74 5.4132544
65.75 5.4135173
65.76 5.4137563
65.77 5.4140192
65.78 5.4142582
65.79 5.4145211
65.8 5.414784
65.81 5.415023
65.82 5.4152859
65.83 5.4155488
65.84 5.4157878
65.85 5.4160507
65.86 5.4163136
65.87 5.4165526
65.88 5.4168155
65.89 5.4170784
65.9 5.4173174
65.91 5.4175803
65.92 5.4178432
65.93 5.4181061
65.94 5.4183451
65.95 5.418608
65.96 5.4188709
65.97 5.4191338
65.98 5.4193728
65.99 5.4196357
66.0 5.4198986
66.01 5.4201615
66.02 5.4204005
66.03 5.4206634
66.04 5.4209263
66.05 5.4211892
66.06 5.4214521
66.07 5.421715
66.08 5.421954
66.09 5.4222169
66.1 5.4224798
66.11 5.4227427
66.12 5.4230056
66.13 5.4232685
66.14 5.4235314
66.15 5.4237943
66.16 5.4240572
66.17 5.4242962
66.18 5.4245591
66.19 5.424822
66.2 5.4250849
66.21 5.4253478
66.22 5.4256107
66.23 5.4258736
66.24 5.4261365
66.25 5.4263994
66.26 5.4266623
66.27 5.4269252
66.28 5.4271881
66.29 5.427451
66.3 5.4277139
66.31 5.4279768
66.32 5.4282397
66.33 5.4285026
66.34 5.4287655
66.35 5.4290284
66.36 5.4292913
66.37 5.4295542
66.38 5.429841
66.39 5.4301039
66.4 5.4303668
66.41 5.4306297
66.42 5.4308926
66.43 5.4311555
66.44 5.4314184
66.45 5.4316813
66.46 5.4319442
66.47 5.432231
66.48 5.4324939
66.49 5.4327568
66.5 5.4330197
66.51 5.4332826
66.52 5.4335694
66.53 5.4338323
66.54 5.4340952
66.55 5.4343581
66.56 5.434621
66.57 5.4349078
66.58 5.4351707
66.59 5.4354336
66.6 5.4356965
66.61 5.4359833
66.62 5.4362462
66.63 5.4365091
66.64 5.436772
66.65 5.4370588
66.66 5.4373217
66.67 5.4375846
66.68 5.4378714
66.69 5.4381343
66.7 5.4383972
66.71 5.438684
66.72 5.4389469
66.73 5.4392098
66.74 5.4394966
66.75 5.4397595
66.76 5.4400224
66.77 5.4403092
66.78 5.4405721
66.79 5.4408589
66.8 5.4411218
66.81 5.4413847
66.82 5.4416715
66.83 5.4419344
66.84 5.4422212
66.85 5.4424841
66.86 5.4427709
66.87 5.4430338
66.88 5.4432967
66.89 5.4435835
66.9 5.4438464
66.91 5.4441332
66.92 5.4443961
66.93 5.4446829
66.94 5.4449458
66.95 5.4452326
66.96 5.4454955
66.97 5.4457823
66.98 5.4460691
66.99 5.446332
67.0 5.4466188
67.01 5.4468817
67.02 5.4471685
67.03 5.4474314
67.04 5.4477182
67.05 5.4479811
67.06 5.4482679
67.07 5.4485547
67.08 5.4488176
67.09 5.4491044
67.1 5.4493912
67.11 5.4496541
67.12 5.4499409
67.13 5.4502277
67.14 5.4504906
67.15 5.4507774
67.16 5.4510642
67.17 5.4513271
67.18 5.4516139
67.19 5.4519007
67.2 5.4521636
67.21 5.4524504
67.22 5.4527372
67.23 5.4530001
67.24 5.4532869
67.25 5.4535737
67.26 5.4538605
67.27 5.4541234
67.28 5.4544102
67.29 5.454697
67.3 5.4549838
67.31 5.4552706
67.32 5.4555335
67.33 5.4558203
67.34 5.4561071
67.35 5.4563939
67.36 5.4566807
67.37 5.4569436
67.38 5.4572304
67.39 5.4575172
67.4 5.457804
67.41 5.4580908
67.42 5.4583776
67.43 5.4586644
67.44 5.4589273
67.45 5.4592141
67.46 5.4595009
67.47 5.4597877
67.48 5.4600745
67.49 5.4603613
67.5 5.4606481
67.51 5.4609349
67.52 5.4612217
67.53 5.4615085
67.54 5.4617953
67.55 5.4620821
67.56 5.4623689
67.57 5.4626318
67.58 5.4629186
67.59 5.4632054
67.6 5.4634922
67.61 5.463779
67.62 5.4640658
67.63 5.4643765
67.64 5.4646633
67.65 5.4649501
67.66 5.4652369
67.67 5.4655237
67.68 5.4658105
67.69 5.4660973
67.7 5.4663841
67.71 5.4666709
67.72 5.4669577
67.73 5.4672445
67.74 5.4675313
67.75 5.4678181
67.76 5.4681049
67.77 5.4684156
67.78 5.4687024
67.79 5.4689892
67.8 5.469276
67.81 5.4695628
67.82 5.4698496
67.83 5.4701364
67.84 5.4704471
67.85 5.4707339
67.86 5.4710207
67.87 5.4713075
67.88 5.4715943
67.89 5.471905
67.9 5.4721918
67.91 5.4724786
67.92 5.4727654
67.93 5.4730522
67.94 5.4733629
67.95 5.4736497
67.96 5.4739365
67.97 5.4742233
67.98 5.474534
67.99 5.4748208
68.0 5.4751076
68.01 5.4754183
68.02 5.4757051
68.03 5.4759919
68.04 5.4762787
68.05 5.4765894
68.06 5.4768762
68.07 5.477163
68.08 5.4774737
68.09 5.4777605
68.1 5.4780712
68.11 5.478358
68.12 5.4786448
68.13 5.4789555
68.14 5.4792423
68.15 5.4795291
68.16 5.4798398
68.17 5.4801266
68.18 5.4804373
68.19 5.4807241
68.2 5.4810109
68.21 5.4813216
68.22 5.4816084
68.23 5.4819191
68.24 5.4822059
68.25 5.4825166
68.26 5.4828034
68.27 5.4831141
68.28 5.4834009
68.29 5.4837116
68.3 5.4839984
68.31 5.4843091
68.32 5.4845959
68.33 5.4849066
68.34 5.4851934
68.35 5.4855041
68.36 5.4857909
68.37 5.4861016
68.38 5.4863884
68.39 5.4866991
68.4 5.4869859
68.41 5.4872966
68.42 5.4876073
68.43 5.4878941
68.44 5.4882048
68.45 5.4884916
68.46 5.4888023
68.47 5.489113
68.48 5.4893998
68.49 5.4897105
68.5 5.4899973
68.51 5.490308
68.52 5.4906187
68.53 5.4909055
68.54 5.4912162
68.55 5.4915269
68.56 5.4918137
68.57 5.4921244
68.58 5.4924351
68.59 5.4927219
68.6 5.4930326
68.61 5.4933433
68.62 5.493654
68.63 5.4939408
68.64 5.4942515
68.65 5.4945622
68.66 5.4948729
68.67 5.4951597
68.68 5.4954704
68.69 5.4957811
68.7 5.4960918
68.71 5.4963786
68.72 5.4966893
68.73 5.497
68.74 5.4973107
68.75 5.4975975
68.76 5.4979082
68.77 5.4982189
68.78 5.4985296
68.79 5.4988403
68.8 5.499151
68.81 5.4994378
68.82 5.4997485
68.83 5.5000592
68.84 5.5003699
68.85 5.5006806
68.86 5.5009913
68.87 5.501302
68.88 5.5016127
68.89 5.5018995
68.9 5.5022102
68.91 5.5025209
68.92 5.5028316
68.93 5.5031423
68.94 5.503453
68.95 5.5037637
68.96 5.5040744
68.97 5.5043851
68.98 5.5046958
68.99 5.5050065
69.0 5.5053172
69.01 5.5056279
69.02 5.5059386
69.03 5.5062493
69.04 5.50656
69.05 5.5068707
69.06 5.5071814
69.07 5.5074921
69.08 5.5078028
69.09 5.5081135
69.1 5.5084242
69.11 5.5087349
69.12 5.5090456
69.13 5.5093563
69.14 5.509667
69.15 5.5099777
69.16 5.5102884
69.17 5.5105991
69.18 5.5109098
69.19 5.5112205
69.2 5.5115551
69.21 5.5118658
69.22 5.5121765
69.23 5.5124872
69.24 5.5127979
69.25 5.5131086
69.26 5.5134193
69.27 5.51373
69.28 5.5140646
69.29 5.5143753
69.3 5.514686
69.31 5.5149967
69.32 5.5153074
69.33 5.515642
69.34 5.5159527
69.35 5.5162634
69.36 5.5165741
69.37 5.5168848
69.38 5.5172194
69.39 5.5175301
69.4 5.5178408
69.41 5.5181515
69.42 5.5184622
69.43 5.5187968
69.44 5.5191075
69.45 5.5194182
69.46 5.5197528
69.47 5.5200635
69.48 5.5203742
69.49 5.5206849
69.5 5.5210195
69.51 5.5213302
69.52 5.5216409
69.53 5.5219755
69.54 5.5222862
69.55 5.5225969
69.56 5.5229315
69.57 5.5232422
69.58 5.5235529
69.59 5.5238875
69.6 5.5241982
69.61 5.5245089
69.62 5.5248435
69.63 5.5251542
69.64 5.5254649
69.65 5.5257995
69.66 5.5261102
69.67 5.5264448
69.68 5.5267555
69.69 5.5270901
69.7 5.5274008
69.71 5.5277115
69.72 5.5280461
69.73 5.5283568
69.74 5.5286914
69.75 5.5290021
69.76 5.5293367
69.77 5.5296474
69.78 5.529982
69.79 5.5302927
69.8 5.5306273
69.81 5.530938
69.82 5.5312726
69.83 5.5315833
69.84 5.5319179
69.85 5.5322286
69.86 5.5325632
69.87 5.5328739
69.88 5.5332085
69.89 5.5335192
69.9 5.5338538
69.91 5.5341645
69.92 5.5344991
69.93 5.5348098
69.94 5.5351444
69.95 5.535479
69.96 5.5357897
69.97 5.5361243
69.98 5.536435
69.99 5.5367696
70.0 5.5371042
70.01 5.5374149
70.02 5.5377495
70.03 5.5380602
70.04 5.5383948
70.05 5.5387294
70.06 5.5390401
70.07 5.5393747
70.08 5.5397093
70.09 5.54002
70.1 5.5403546
70.11 5.5406892
70.12 5.5409999
70.13 5.5413345
70.14 5.5416691
70.15 5.5419798
70.16 5.5423144
70.17 5.542649
70.18 5.5429836
70.19 5.5432943
70.2 5.5436289
70.21 5.5439635
70.22 5.5442742
70.23 5.5446088
70.24 5.5449434
70.25 5.545278
70.26 5.5455887
70.27 5.5459233
70.28 5.5462579
70.29 5.5465925
70.3 5.5469271
70.31 5.5472378
70.32 5.5475724
70.33 5.547907
70.34 5.5482416
70.35 5.5485762
70.36 5.5488869
70.37 5.5492215
70.38 5.5495561
70.39 5.5498907
70.4 5.5502253
70.41 5.5505599
70.42 5.5508945
70.43 5.5512052
70.44 5.5515398
70.45 5.5518744
70.46 5.552209
70.47 5.5525436
70.48 5.5528782
70.49 5.5532128
70.5 5.5535474
70.51 5.553882
70.52 5.5542166
70.53 5.5545273
70.54 5.5548619
70.55 5.5551965
70.56 5.5555311
70.57 5.5558657
70.58 5.5562003
70.59 5.5565349
70.6 5.5568695
70.61 5.5572041
70.62 5.5575387
70.63 5.5578733
70.64 5.5582079
70.65 5.5585425
70.66 5.5588771
70.67 5.5592117
70.68 5.5595463
70.69 5.5598809
70.7 5.5602155
70.71 5.5605501
70.72 5.5608847
70.73 5.5612193
70.74 5.5615539
70.75 5.5618885
70.76 5.5622231
70.77 5.5625577
70.78 5.5628923
70.79 5.5632508
70.8 5.5635854
70.81 5.56392
70.82 5.5642546
70.83 5.5645892
70.84 5.5649238
70.85 5.5652584
70.86 5.565593
70.87 5.5659276
70.88 5.5662622
70.89 5.5666207
70.9 5.5669553
70.91 5.5672899
70.92 5.5676245
70.93 5.5679591
70.94 5.5682937
70.95 5.5686522
70.96 5.5689868
70.97 5.5693214
70.98 5.569656
70.99 5.5699906
71.0 5.5703252
71.01 5.5706837
71.02 5.5710183
71.03 5.5713529
71.04 5.5716875
71.05 5.5720221
71.06 5.5723806
71.07 5.5727152
71.08 5.5730498
71.09 5.5733844
71.1 5.5737429
71.11 5.5740775
71.12 5.5744121
71.13 5.5747467
71.14 5.5751052
71.15 5.5754398
71.16 5.5757744
71.17 5.5761329
71.18 5.5764675
71.19 5.5768021
71.2 5.5771367
71.21 5.5774952
71.22 5.5778298
71.23 5.5781644
71.24 5.5785229
71.25 5.5788575
71.26 5.5791921
71.27 5.5795506
71.28 5.5798852
71.29 5.5802198
71.3 5.5805783
71.31 5.5809129
71.32 5.5812714
71.33 5.581606
71.34 5.5819406
71.35 5.5822991
71.36 5.5826337
71.37 5.5829683
71.38 5.5833268
71.39 5.5836614
71.4 5.5840199
71.41 5.5843545
71.42 5.584713
71.43 5.5850476
71.44 5.5853822
71.45 5.5857407
71.46 5.5860753
71.47 5.5864338
71.48 5.5867684
71.49 5.5871269
71.5 5.5874615
71.51 5.58782
71.52 5.5881546
71.53 5.5885131
71.54 5.5888477
71.55 5.5892062
71.56 5.5895408
71.57 5.5898993
71.58 5.5902339
71.59 5.5905924
71.6 5.590927
71.61 5.5912855
71.62 5.5916201
71.63 5.5919786
71.64 5.5923132
71.65 5.5926717
71.66 5.5930063
71.67 5.5933648
71.68 5.5936994
71.69 5.5940579
71.7 5.5944164
71.71 5.594751
71.72 5.5951095
71.73 5.5954441
71.74 5.5958026
71.75 5.5961372
71.76 5.5964957
71.77 5.5968542
71.78 5.5971888
71.79 5.5975473
71.8 5.5978819
71.81 5.5982404
71.82 5.5985989
71.83 5.5989335
71.84 5.599292
71.85 5.5996505
71.86 5.5999851
71.87 5.6003436
71.88 5.6007021
71.89 5.6010367
71.9 5.6013952
71.91 5.6017537
71.92 5.6020883
71.93 5.6024468
71.94 5.6028053
71.95 5.6031399
71.96 5.6034984
71.97 5.6038569
71.98 5.6042154
71.99 5.60455
72.0 5.6049085
72.01 5.605267
72.02 5.6056016
72.03 5.6059601
72.04 5.6063186
72.05 5.6066771
72.06 5.6070117
72.07 5.6073702
72.08 5.6077287
72.09 5.6080872
72.1 5.6084218
72.11 5.6087803
72.12 5.6091388
72.13 5.6094973
72.14 5.6098558
72.15 5.6101904
72.16 5.6105489
72.17 5.6109074
72.18 5.6112659
72.19 5.6116244
72.2 5.611959
72.21 5.6123175
72.22 5.612676
72.23 5.6130345
72.24 5.613393
72.25 5.6137515
72.26 5.6140861
72.27 5.6144446
72.28 5.6148031
72.29 5.6151616
72.3 5.6155201
72.31 5.6158786
72.32 5.6162371
72.33 5.6165956
72.34 5.6169302
72.35 5.6172887
72.36 5.6176472
72.37 5.6180057
72.38 5.6183642
72.39 5.6187227
72.4 5.6190812
72.41 5.6194397
72.42 5.6197982
72.43 5.6201567
72.44 5.6205152
72.45 5.6208498
72.46 5.6212083
72.47 5.6215668
72.48 5.6219253
72.49 5.6222838
72.5 5.6226423
72.51 5.6230008
72.52 5.6233593
72.53 5.6237178
72.54 5.6240763
72.55 5.6244348
72.56 5.6247933
72.57 5.6251518
72.58 5.6255103
72.59 5.6258688
72.6 5.6262273
72.61 5.6265858
72.62 5.6269443
72.63 5.6273028
72.64 5.6276613
72.65 5.6280198
72.66 5.6283783
72.67 5.6287368
72.68 5.6290953
72.69 5.6294538
72.7 5.6298123
72.71 5.6301708
72.72 5.6305532
72.73 5.6309117
72.74 5.6312702
72.75 5.6316287
72.76 5.6319872
72.77 5.6323457
72.78 5.6327042
72.79 5.6330627
72.8 5.6334212
72.81 5.6337797
72.82 5.6341382
72.83 5.6345206
72.84 5.6348791
72.85 5.6352376
72.86 5.6355961
72.87 5.6359546
72.88 5.6363131
72.89 5.6366716
72.9 5.6370301
72.91 5.6374125
72.92 5.637771
72.93 5.6381295
72.94 5.638488
72.95 5.6388465
72.96 5.639205
72.97 5.6395874
72.98 5.6399459
72.99 5.6403044
73.0 5.6406629
73.01 5.6410214
73.02 5.6413799
73.03 5.6417623
73.04 5.6421208
73.05 5.6424793
73.06 5.6428378
73.07 5.6432202
73.08 5.6435787
73.09 5.6439372
73.1 5.6442957
73.11 5.6446542
73.12 5.6450366
73.13 5.6453951
73.14 5.6457536
73.15 5.6461121
73.16 5.6464945
73.17 5.646853
73.18 5.6472115
73.19 5.64757
73.2 5.6479524
73.21 5.6483109
73.22 5.6486694
73.23 5.6490518
73.24 5.6494103
73.25 5.6497688
73.26 5.6501273
73.27 5.6505097
73.28 5.6508682
73.29 5.6512267
73.3 5.6516091
73.31 5.6519676
73.32 5.6523261
73.33 5.6527085
73.34 5.653067
73.35 5.6534255
73.36 5.6538079
73.37 5.6541664
73.38 5.6545249
73.39 5.6549073
73.4 5.6552658
73.41 5.6556243
73.42 5.6560067
73.43 5.6563652
73.44 5.6567237
73.45 5.6571061
73.46 5.6574646
73.47 5.657847
73.48 5.6582055
73.49 5.658564
73.5 5.6589464
73.51 5.6593049
73.52 5.6596873
73.53 5.6600458
73.54 5.6604043
73.55 5.6607867
73.56 5.6611452
73.57 5.6615276
73.58 5.6618861
73.59 5.6622446
73.6 5.662627
73.61 5.6629855
73.62 5.6633679
73.63 5.6637264
73.64 5.6641088
73.65 5.6644673
73.66 5.6648497
73.67 5.6652082
73.68 5.6655906
73.69 5.6659491
73.7 5.6663076
73.71 5.66669
73.72 5.6670485
73.73 5.6674309
73.74 5.6677894
73.75 5.6681718
73.76 5.6685303
73.77 5.6689127
73.78 5.6692712
73.79 5.6696536
73.8 5.6700121
73.81 5.6703945
73.82 5.670753
73.83 5.6711354
73.84 5.6714939
73.85 5.6718763
73.86 5.6722587
73.87 5.6726172
73.88 5.6729996
73.89 5.6733581
73.9 5.6737405
73.91 5.674099
73.92 5.6744814
73.93 5.6748399
73.94 5.6752223
73.95 5.6756047
73.96 5.6759632
73.97 5.6763456
73.98 5.6767041
73.99 5.6770865
74.0 5.677445
74.01 5.6778274
74.02 5.6782098
74.03 5.6785683
74.04 5.6789507
74.05 5.6793092
74.06 5.6796916
74.07 5.680074
74.08 5.6804325
74.09 5.6808149
74.1 5.6811734
74.11 5.6815558
74.12 5.6819382
74.13 5.6822967
74.14 5.6826791
74.15 5.6830615
74.16 5.68342
74.17 5.6838024
74.18 5.6841848
74.19 5.6845433
74.2 5.6849257
74.21 5.6853081
74.22 5.6856666
74.23 5.686049
74.24 5.6864314
74.25 5.6867899
74.26 5.6871723
74.27 5.6875547
74.28 5.6879132
74.29 5.6882956
74.3 5.688678
74.31 5.6890365
74.32 5.6894189
74.33 5.6898013
74.34 5.6901598
74.35 5.6905422
74.36 5.6909246
74.37 5.691307
74.38 5.6916655
74.39 5.6920479
74.4 5.6924303
74.41 5.6927888
74.42 5.6931712
74.43 5.6935536
74.44 5.693936
74.45 5.6942945
74.46 5.6946769
74.47 5.6950593
74.48 5.6954417
74.49 5.6958002
74.5 5.6961826
74.51 5.696565
74.52 5.6969474
74.53 5.6973059
74.54 5.6976883
74.55 5.6980707
74.56 5.6984531
74.57 5.6988355
74.58 5.699194
74.59 5.6995764
74.6 5.6999588
74.61 5.7003412
74.62 5.7006997
74.63 5.7010821
74.64 5.7014645
74.65 5.7018469
74.66 5.7022293
74.67 5.7026117
74.68 5.7029702
74.69 5.7033526
74.7 5.703735
74.71 5.7041174
74.72 5.7044998
74.73 5.7048583
74.74 5.7052407
74.75 5.7056231
74.76 5.7060055
74.77 5.7063879
74.78 5.7067703
74.79 5.7071527
74.8 5.7075112
74.81 5.7078936
74.82 5.708276
74.83 5.7086584
74.84 5.7090408
74.85 5.7094232
74.86 5.7098056
74.87 5.7101641
74.88 5.7105465
74.89 5.7109289
74.9 5.7113113
74.91 5.7116937
74.92 5.7120761
74.93 5.7124585
74.94 5.7128409
74.95 5.7132233
74.96 5.7135818
74.97 5.7139642
74.98 5.7143466
74.99 5.714729
75.0 5.7151114
75.01 5.7154938
75.02 5.7158762
75.03 5.7162586
75.04 5.716641
75.05 5.7170234
75.06 5.7174058
75.07 5.7177882
75.08 5.7181706
75.09 5.7185291
75.1 5.7189115
75.11 5.7192939
75.12 5.7196763
75.13 5.7200587
75.14 5.7204411
75.15 5.7208235
75.16 5.7212059
75.17 5.7215883
75.18 5.7219707
75.19 5.7223531
75.2 5.7227355
75.21 5.7231179
75.22 5.7235003
75.23 5.7238827
75.24 5.7242651
75.25 5.7246475
75.26 5.7250299
75.27 5.7254123
75.28 5.7257947
75.29 5.7261771
75.3 5.7265595
75.31 5.7269419
75.32 5.7273243
75.33 5.7277067
75.34 5.7280891
75.35 5.7284715
75.36 5.7288539
75.37 5.7292363
75.38 5.7296187
75.39 5.7300011
75.4 5.7303835
75.41 5.7307659
75.42 5.7311483
75.43 5.7315307
75.44 5.7319131
75.45 5.7322955
75.46 5.7326779
75.47 5.7330603
75.48 5.7334427
75.49 5.7338251
75.5 5.7342075
75.51 5.7345899
75.52 5.7349723
75.53 5.7353786
75.54 5.735761
75.55 5.7361434
75.56 5.7365258
75.57 5.7369082
75.58 5.7372906
75.59 5.737673
75.6 5.7380554
75.61 5.7384378
75.62 5.7388202
75.63 5.7392026
75.64 5.739585
75.65 5.7399674
75.66 5.7403737
75.67 5.7407561
75.68 5.7411385
75.69 5.7415209
75.7 5.7419033
75.71 5.7422857
75.72 5.7426681
75.73 5.7430505
75.74 5.7434329
75.75 5.7438153
75.76 5.7442216
75.77 5.744604
75.78 5.7449864
75.79 5.7453688
75.8 5.7457512
75.81 5.7461336
75.82 5.746516
75.83 5.7468984
75.84 5.7473047
75.85 5.7476871
75.86 5.7480695
75.87 5.7484519
75.88 5.7488343
75.89 5.7492167
75.9 5.7495991
75.91 5.7500054
75.92 5.7503878
75.93 5.7507702
75.94 5.7511526
75.95 5.751535
75.96 5.7519174
75.97 5.7523237
75.98 5.7527061
75.99 5.7530885
76.0 5.7534709
76.01 5.7538533
76.02 5.7542357
76.03 5.754642
76.04 5.7550244
76.05 5.7554068
76.06 5.7557892
76.07 5.7561716
76.08 5.756554
76.09 5.7569603
76.1 5.7573427
76.11 5.7577251
76.12 5.7581075
76.13 5.7584899
76.14 5.7588962
76.15 5.7592786
76.16 5.759661
76.17 5.7600434
76.18 5.7604258
76.19 5.7608321
76.2 5.7612145
76.21 5.7615969
76.22 5.7619793
76.23 5.7623856
76.24 5.762768
76.25 5.7631504
76.26 5.7635328
76.27 5.7639152
76.28 5.7643215
76.29 5.7647039
76.3 5.7650863
76.31 5.7654687
76.32 5.765875
76.33 5.7662574
76.34 5.7666398
76.35 5.7670222
76.36 5.7674285
76.37 5.7678109
76.38 5.7681933
76.39 5.7685757
76.4 5.768982
76.41 5.7693644
76.42 5.7697468
76.43 5.7701292
76.44 5.7705355
76.45 5.7709179
76.46 5.7713003
76.47 5.7716827
76.48 5.772089
76.49 5.7724714
76.5 5.7728538
76.51 5.7732362
76.52 5.7736425
76.53 5.7740249
76.54 5.7744073
76.55 5.7748136
76.56 5.775196
76.57 5.7755784
76.58 5.7759608
76.59 5.7763671
76.6 5.7767495
76.61 5.7771319
76.62 5.7775382
76.63 5.7779206
76.64 5.778303
76.65 5.7786854
76.66 5.7790917
76.67 5.7794741
76.68 5.7798565
76.69 5.7802628
76.7 5.7806452
76.71 5.7810276
76.72 5.7814339
76.73 5.7818163
76.74 5.7821987
76.75 5.7825811
76.76 5.7829874
76.77 5.7833698
76.78 5.7837522
76.79 5.7841585
76.8 5.7845409
76.81 5.7849233
76.82 5.7853296
76.83 5.785712
76.84 5.7860944
76.85 5.7865007
76.86 5.7868831
76.87 5.7872655
76.88 5.7876718
76.89 5.7880542
76.9 5.7884366
76.91 5.7888429
76.92 5.7892253
76.93 5.7896077
76.94 5.790014
76.95 5.7903964
76.96 5.7907788
76.97 5.7911851
76.98 5.7915675
76.99 5.7919499
77.0 5.7923562
77.01 5.7927386
77.02 5.793121
77.03 5.7935273
77.04 5.7939097
77.05 5.794316
77.06 5.7946984
77.07 5.7950808
77.08 5.7954871
77.09 5.7958695
77.1 5.7962519
77.11 5.7966582
77.12 5.7970406
77.13 5.797423
77.14 5.7978293
77.15 5.7982117
77.16 5.798618
77.17 5.7990004
77.18 5.7993828
77.19 5.7997891
77.2 5.8001715
77.21 5.8005539
77.22 5.8009602
77.23 5.8013426
77.24 5.8017489
77.25 5.8021313
77.26 5.8025137
77.27 5.80292
77.28 5.8033024
77.29 5.8036848
77.3 5.8040911
77.31 5.8044735
77.32 5.8048798
77.33 5.8052622
77.34 5.8056446
77.35 5.8060509
77.36 5.8064333
77.37 5.8068396
77.38 5.807222
77.39 5.8076044
77.4 5.8080107
77.41 5.8083931
77.42 5.8087994
77.43 5.8091818
77.44 5.8095642
77.45 5.8099705
77.46 5.8103529
77.47 5.8107592
77.48 5.8111416
77.49 5.811524
77.5 5.8119303
77.51 5.8123127
77.52 5.812719
77.53 5.8131014
77.54 5.8135077
77.55 5.8138901
77.56 5.8142725
77.57 5.8146788
77.58 5.8150612
77.59 5.8154675
77.6 5.8158499
77.61 5.8162323
77.62 5.8166386
77.63 5.817021
77.64 5.8174273
77.65 5.8178097
77.66 5.818216
77.67 5.8185984
77.68 5.8189808
77.69 5.8193871
77.7 5.8197695
77.71 5.8201758
77.72 5.8205582
77.73 5.8209645
77.74 5.8213469
77.75 5.8217293
77.76 5.8221356
77.77 5.822518
77.78 5.8229243
77.79 5.8233067
77.8 5.823713
77.81 5.8240954
77.82 5.8245017
77.83 5.8248841
77.84 5.8252665
77.85 5.8256728
77.86 5.8260552
77.87 5.8264615
77.88 5.8268439
77.89 5.8272502
77.9 5.8276326
77.91 5.8280389
77.92 5.8284213
77.93 5.8288037
77.94 5.82921
77.95 5.8295924
77.96 5.8299987
77.97 5.8303811
77.98 5.8307874
77.99 5.8311698
78.0 5.8315761
78.01 5.8319585
78.02 5.8323409
78.03 5.8327472
78.04 5.8331296
78.05 5.8335359
78.06 5.8339183
78.07 5.8343246
78.08 5.834707
78.09 5.8351133
78.1 5.8354957
78.11 5.835902
78.12 5.8362844
78.13 5.8366668
78.14 5.8370731
78.15 5.8374555
78.16 5.8378618
78.17 5.8382442
78.18 5.8386505
78.19 5.8390329
78.2 5.8394392
78.21 5.8398216
78.22 5.8402279
78.23 5.8406103
78.24 5.8410166
78.25 5.841399
78.26 5.8418053
78.27 5.8421877
78.28 5.8425701
78.29 5.8429764
78.3 5.8433588
78.31 5.8437651
78.32 5.8441475
78.33 5.8445538
78.34 5.8449362
78.35 5.8453425
78.36 5.8457249
78.37 5.8461312
78.38 5.8465136
78.39 5.8469199
78.4 5.8473023
78.41 5.8477086
78.42 5.848091
78.43 5.8484734
78.44 5.8488797
78.45 5.8492621
78.46 5.8496684
78.47 5.8500508
78.48 5.8504571
78.49 5.8508395
78.5 5.8512458
78.51 5.8516282
78.52 5.8520345
78.53 5.8524169
78.54 5.8528232
78.55 5.8532056
78.56 5.8536119
78.57 5.8539943
78.58 5.8544006
78.59 5.854783
78.6 5.8551893
78.61 5.8555717
78.62 5.8559541
78.63 5.8563604
78.64 5.8567428
78.65 5.8571491
78.66 5.8575315
78.67 5.8579378
78.68 5.8583202
78.69 5.8587265
78.7 5.8591089
78.71 5.8595152
78.72 5.8598976
78.73 5.8603039
78.74 5.8606863
78.75 5.8610926
78.76 5.861475
78.77 5.8618813
78.78 5.8622637
78.79 5.86267
78.8 5.8630524
78.81 5.8634587
78.82 5.8638411
78.83 5.8642235
78.84 5.8646298
78.85 5.8650122
78.86 5.8654185
78.87 5.8658009
78.88 5.8662072
78.89 5.8665896
78.9 5.8669959
78.91 5.8673783
78.92 5.8677846
78.93 5.868167
78.94 5.8685733
78.95 5.8689557
78.96 5.869362
78.97 5.8697444
78.98 5.8701507
78.99 5.8705331
79.0 5.8709394
79.01 5.8713218
79.02 5.8717281
79.03 5.8721105
79.04 5.8724929
79.05 5.8728992
79.06 5.8732816
79.07 5.8736879
79.08 5.8740703
79.09 5.8744766
79.1 5.874859
79.11 5.8752653
79.12 5.8756477
79.13 5.876054
79.14 5.8764364
79.15 5.8768427
79.16 5.8772251
79.17 5.8776314
79.18 5.8780138
79.19 5.8784201
79.2 5.8788025
79.21 5.8791849
79.22 5.8795912
79.23 5.8799736
79.24 5.8803799
79.25 5.8807623
79.26 5.8811686
79.27 5.881551
79.28 5.8819573
79.29 5.8823397
79.3 5.882746
79.31 5.8831284
79.32 5.8835347
79.33 5.8839171
79.34 5.8843234
79.35 5.8847058
79.36 5.8850882
79.37 5.8854945
79.38 5.8858769
79.39 5.8862832
79.4 5.8866656
79.41 5.8870719
79.42 5.8874543
79.43 5.8878606
79.44 5.888243
79.45 5.8886493
79.46 5.8890317
79.47 5.8894141
79.48 5.8898204
79.49 5.8902028
79.5 5.8906091
79.51 5.8909915
79.52 5.8913978
79.53 5.8917802
79.54 5.8921865
79.55 5.8925689
79.56 5.8929752
79.57 5.8933576
79.58 5.89374
79.59 5.8941463
79.6 5.8945287
79.61 5.894935
79.62 5.8953174
79.63 5.8957237
79.64 5.8961061
79.65 5.8965124
79.66 5.8968948
79.67 5.8972772
79.68 5.8976835
79.69 5.8980659
79.7 5.8984722
79.71 5.8988546
79.72 5.8992609
79.73 5.8996433
79.74 5.9000496
79.75 5.900432
79.76 5.9008144
79.77 5.9012207
79.78 5.9016031
79.79 5.9020094
79.8 5.9023918
79.81 5.9027981
79.82 5.9031805
79.83 5.9035629
79.84 5.9039692
79.85 5.9043516
79.86 5.9047579
79.87 5.9051403
79.88 5.9055466
79.89 5.905929
79.9 5.9063114
79.91 5.9067177
79.92 5.9071001
79.93 5.9075064
79.94 5.9078888
79.95 5.9082951
79.96 5.9086775
79.97 5.9090599
79.98 5.9094662
79.99 5.9098486
80.0 5.9102549
80.01 5.9106373
80.02 5.9110197
80.03 5.911426
80.04 5.9118084
80.05 5.9122147
80.06 5.9125971
80.07 5.9129795
80.08 5.9133858
80.09 5.9137682
80.1 5.9141745
80.11 5.9145569
80.12 5.9149632
80.13 5.9153456
80.14 5.915728
80.15 5.9161343
80.16 5.9165167
80.17 5.9168991
80.18 5.9173054
80.19 5.9176878
80.2 5.9180941
80.21 5.9184765
80.22 5.9188589
80.23 5.9192652
80.24 5.9196476
80.25 5.9200539
80.26 5.9204363
80.27 5.9208187
80.28 5.921225
80.29 5.9216074
80.3 5.9220137
80.31 5.9223961
80.32 5.9227785
80.33 5.9231848
80.34 5.9235672
80.35 5.9239496
80.36 5.9243559
80.37 5.9247383
80.38 5.9251446
80.39 5.925527
80.4 5.9259094
80.41 5.9263157
80.42 5.9266981
80.43 5.9270805
80.44 5.9274868
80.45 5.9278692
80.46 5.9282516
80.47 5.9286579
80.48 5.9290403
80.49 5.9294466
80.5 5.929829
80.51 5.9302114
80.52 5.9306177
80.53 5.9310001
80.54 5.9313825
80.55 5.9317888
80.56 5.9321712
80.57 5.9325536
80.58 5.9329599
80.59 5.9333423
80.6 5.9337247
80.61 5.934131
80.62 5.9345134
80.63 5.9348958
80.64 5.9353021
80.65 5.9356845
80.66 5.9360669
80.67 5.9364732
80.68 5.9368556
80.69 5.937238
80.7 5.9376443
80.71 5.9380267
80.72 5.9384091
80.73 5.9388154
80.74 5.9391978
80.75 5.9395802
80.76 5.9399865
80.77 5.9403689
80.78 5.9407513
80.79 5.9411337
80.8 5.94154
80.81 5.9419224
80.82 5.9423048
80.83 5.9427111
80.84 5.9430935
80.85 5.9434759
80.86 5.9438822
80.87 5.9442646
80.88 5.944647
80.89 5.9450294
80.9 5.9454357
80.91 5.9458181
80.92 5.9462005
80.93 5.9466068
80.94 5.9469892
80.95 5.9473716
80.96 5.947754
80.97 5.9481603
80.98 5.9485427
80.99 5.9489251
81.0 5.9493314
81.01 5.9497138
81.02 5.9500962
81.03 5.9504786
81.04 5.9508849
81.05 5.9512673
81.06 5.9516497
81.07 5.9520321
81.08 5.9524384
81.09 5.9528208
81.1 5.9532032
81.11 5.9535856
81.12 5.9539919
81.13 5.9543743
81.14 5.9547567
81.15 5.9551391
81.16 5.9555454
81.17 5.9559278
81.18 5.9563102
81.19 5.9566926
81.2 5.9570989
81.21 5.9574813
81.22 5.9578637
81.23 5.9582461
81.24 5.9586285
81.25 5.9590348
81.26 5.9594172
81.27 5.9597996
81.28 5.960182
81.29 5.9605883
81.3 5.9609707
81.31 5.9613531
81.32 5.9617355
81.33 5.9621179
81.34 5.9625242
81.35 5.9629066
81.36 5.963289
81.37 5.9636714
81.38 5.9640538
81.39 5.9644601
81.4 5.9648425
81.41 5.9652249
81.42 5.9656073
81.43 5.9659897
81.44 5.966396
81.45 5.9667784
81.46 5.9671608
81.47 5.9675432
81.48 5.9679256
81.49 5.968308
81.5 5.9687143
81.51 5.9690967
81.52 5.9694791
81.53 5.9698615
81.54 5.9702439
81.55 5.9706263
81.56 5.9710326
81.57 5.971415
81.58 5.9717974
81.59 5.9721798
81.6 5.9725622
81.61 5.9729446
81.62 5.973327
81.63 5.9737333
81.64 5.9741157
81.65 5.9744981
81.66 5.9748805
81.67 5.9752629
81.68 5.9756453
81.69 5.9760277
81.7 5.9764101
81.71 5.9768164
81.72 5.9771988
81.73 5.9775812
81.74 5.9779636
81.75 5.978346
81.76 5.9787284
81.77 5.9791108
81.78 5.9794932
81.79 5.9798756
81.8 5.9802819
81.81 5.9806643
81.82 5.9810467
81.83 5.9814291
81.84 5.9818115
81.85 5.9821939
81.86 5.9825763
81.87 5.9829587
81.88 5.9833411
81.89 5.9837235
81.9 5.9841059
81.91 5.9844883
81.92 5.9848946
81.93 5.985277
81.94 5.9856594
81.95 5.9860418
81.96 5.9864242
81.97 5.9868066
81.98 5.987189
81.99 5.9875714
82.0 5.9879538
82.01 5.9883362
82.02 5.9887186
82.03 5.989101
82.04 5.9894834
82.05 5.9898658
82.06 5.9902482
82.07 5.9906306
82.08 5.991013
82.09 5.9913954
82.1 5.9917778
82.11 5.9921602
82.12 5.9925426
82.13 5.992925
82.14 5.9933074
82.15 5.9936898
82.16 5.9940722
82.17 5.9944546
82.18 5.994837
82.19 5.9952194
82.2 5.9956018
82.21 5.9959842
82.22 5.9963666
82.23 5.996749
82.24 5.9971314
82.25 5.9975138
82.26 5.9978962
82.27 5.9982786
82.28 5.998661
82.29 5.9990434
82.3 5.9994258
82.31 5.9998082
82.32 6.0001906
82.33 6.000573
82.34 6.0009554
82.35 6.0013378
82.36 6.0017202
82.37 6.0021026
82.38 6.002485
82.39 6.0028674
82.4 6.0032498
82.41 6.0036083
82.42 6.0039907
82.43 6.0043731
82.44 6.0047555
82.45 6.0051379
82.46 6.0055203
82.47 6.0059027
82.48 6.0062851
82.49 6.0066675
82.5 6.0070499
82.51 6.0074323
82.52 6.0077908
82.53 6.0081732
82.54 6.0085556
82.55 6.008938
82.56 6.0093204
82.57 6.0097028
82.58 6.0100852
82.59 6.0104676
82.6 6.01085
82.61 6.0112085
82.62 6.0115909
82.63 6.0119733
82.64 6.0123557
82.65 6.0127381
82.66 6.0131205
82.67 6.0135029
82.68 6.0138614
82.69 6.0142438
82.7 6.0146262
82.71 6.0150086
82.72 6.015391
82.73 6.0157734
82.74 6.0161319
82.75 6.0165143
82.76 6.0168967
82.77 6.0172791
82.78 6.0176615
82.79 6.01802
82.8 6.0184024
82.81 6.0187848
82.82 6.0191672
82.83 6.0195496
82.84 6.0199081
82.85 6.0202905
82.86 6.0206729
82.87 6.0210553
82.88 6.0214377
82.89 6.0217962
82.9 6.0221786
82.91 6.022561
82.92 6.0229434
82.93 6.0233019
82.94 6.0236843
82.95 6.0240667
82.96 6.0244491
82.97 6.0248076
82.98 6.02519
82.99 6.0255724
83.0 6.0259548
83.01 6.0263133
83.02 6.0266957
83.03 6.0270781
83.04 6.0274605
83.05 6.027819
83.06 6.0282014
83.07 6.0285838
83.08 6.0289423
83.09 6.0293247
83.1 6.0297071
83.11 6.0300656
83.12 6.030448
83.13 6.0308304
83.14 6.0312128
83.15 6.0315713
83.16 6.0319537
83.17 6.0323361
83.18 6.0326946
83.19 6.033077
83.2 6.0334594
83.21 6.0338179
83.22 6.0342003
83.23 6.0345827
83.24 6.0349412
83.25 6.0353236
83.26 6.035706
83.27 6.0360645
83.28 6.0364469
83.29 6.0368054
83.3 6.0371878
83.31 6.0375702
83.32 6.0379287
83.33 6.0383111
83.34 6.0386935
83.35 6.039052
83.36 6.0394344
83.37 6.0397929
83.38 6.0401753
83.39 6.0405577
83.4 6.0409162
83.41 6.0412986
83.42 6.0416571
83.43 6.0420395
83.44 6.042398
83.45 6.0427804
83.46 6.0431628
83.47 6.0435213
83.48 6.0439037
83.49 6.0442622
83.5 6.0446446
83.51 6.0450031
83.52 6.0453855
83.53 6.045744
83.54 6.0461264
83.55 6.0465088
83.56 6.0468673
83.57 6.0472497
83.58 6.0476082
83.59 6.0479906
83.6 6.0483491
83.61 6.0487315
83.62 6.04909
83.63 6.0494724
83.64 6.0498309
83.65 6.0502133
83.66 6.0505718
83.67 6.0509542
83.68 6.0513127
83.69 6.0516951
83.7 6.0520536
83.71 6.0524121
83.72 6.0527945
83.73 6.053153
83.74 6.0535354
83.75 6.0538939
83.76 6.0542763
83.77 6.0546348
83.78 6.0550172
83.79 6.0553757
83.8 6.0557342
83.81 6.0561166
83.82 6.0564751
83.83 6.0568575
83.84 6.057216
83.85 6.0575984
83.86 6.0579569
83.87 6.0583154
83.88 6.0586978
83.89 6.0590563
83.9 6.0594387
83.91 6.0597972
83.92 6.0601557
83.93 6.0605381
83.94 6.0608966
83.95 6.0612551
83.96 6.0616375
83.97 6.061996
83.98 6.0623545
83.99 6.0627369
84.0 6.0630954
84.01 6.0634778
84.02 6.0638363
84.03 6.0641948
84.04 6.0645772
84.05 6.0649357
84.06 6.0652942
84.07 6.0656527
84.08 6.0660351
84.09 6.0663936
84.1 6.0667521
84.11 6.0671345
84.12 6.067493
84.13 6.0678515
84.14 6.0682339
84.15 6.0685924
84.16 6.0689509
84.17 6.0693094
84.18 6.0696918
84.19 6.0700503
84.2 6.0704088
84.21 6.0707673
84.22 6.0711497
84.23 6.0715082
84.24 6.0718667
84.25 6.0722252
84.26 6.0726076
84.27 6.0729661
84.28 6.0733246
84.29 6.0736831
84.3 6.0740416
84.31 6.074424
84.32 6.0747825
84.33 6.075141
84.34 6.0754995
84.35 6.075858
84.36 6.0762404
84.37 6.0765989
84.38 6.0769574
84.39 6.0773159
84.4 6.0776744
84.41 6.0780329
84.42 6.0784153
84.43 6.0787738
84.44 6.0791323
84.45 6.0794908
84.46 6.0798493
84.47 6.0802078
84.48 6.0805663
84.49 6.0809487
84.5 6.0813072
84.51 6.0816657
84.52 6.0820242
84.53 6.0823827
84.54 6.0827412
84.55 6.0830997
84.56 6.0834582
84.57 6.0838167
84.58 6.0841752
84.59 6.0845576
84.6 6.0849161
84.61 6.0852746
84.62 6.0856331
84.63 6.0859916
84.64 6.0863501
84.65 6.0867086
84.66 6.0870671
84.67 6.0874256
84.68 6.0877841
84.69 6.0881426
84.7 6.0885011
84.71 6.0888596
84.72 6.0892181
84.73 6.0895766
84.74 6.0899351
84.75 6.0902936
84.76 6.0906521
84.77 6.0910106
84.78 6.0913691
84.79 6.0917276
84.8 6.0920861
84.81 6.0924446
84.82 6.0928031
84.83 6.0931616
84.84 6.0935201
84.85 6.0938786
84.86 6.0942371
84.87 6.0945956
84.88 6.0949541
84.89 6.0952887
84.9 6.0956472
84.91 6.0960057
84.92 6.0963642
84.93 6.0967227
84.94 6.0970812
84.95 6.0974397
84.96 6.0977982
84.97 6.0981567
84.98 6.0985152
84.99 6.0988498
85.0 6.0992083
85.01 6.0995668
85.02 6.0999253
85.03 6.1002838
85.04 6.1006423
85.05 6.1010008
85.06 6.1013354
85.07 6.1016939
85.08 6.1020524
85.09 6.1024109
85.1 6.1027694
85.11 6.1031279
85.12 6.1034625
85.13 6.103821
85.14 6.1041795
85.15 6.104538
85.16 6.1048965
85.17 6.1052311
85.18 6.1055896
85.19 6.1059481
85.2 6.1063066
85.21 6.1066412
85.22 6.1069997
85.23 6.1073582
85.24 6.1077167
85.25 6.1080513
85.26 6.1084098
85.27 6.1087683
85.28 6.1091268
85.29 6.1094614
85.3 6.1098199
85.31 6.1101784
85.32 6.110513
85.33 6.1108715
85.34 6.11123
85.35 6.1115646
85.36 6.1119231
85.37 6.1122816
85.38 6.1126401
85.39 6.1129747
85.4 6.1133332
85.41 6.1136678
85.42 6.1140263
85.43 6.1143848
85.44 6.1147194
85.45 6.1150779
85.46 6.1154364
85.47 6.115771
85.48 6.1161295
85.49 6.116488
85.5 6.1168226
85.51 6.1171811
85.52 6.1175157
85.53 6.1178742
85.54 6.1182088
85.55 6.1185673
85.56 6.1189258
85.57 6.1192604
85.58 6.1196189
85.59 6.1199535
85.6 6.120312
85.61 6.1206466
85.62 6.1210051
85.63 6.1213397
85.64 6.1216982
85.65 6.1220328
85.66 6.1223913
85.67 6.1227498
85.68 6.1230844
85.69 6.1234429
85.7 6.1237775
85.71 6.1241121
85.72 6.1244706
85.73 6.1248052
85.74 6.1251637
85.75 6.1254983
85.76 6.1258568
85.77 6.1261914
85.78 6.1265499
85.79 6.1268845
85.8 6.127243
85.81 6.1275776
85.82 6.1279122
85.83 6.1282707
85.84 6.1286053
85.85 6.1289638
85.86 6.1292984
85.87 6.129633
85.88 6.1299915
85.89 6.1303261
85.9 6.1306846
85.91 6.1310192
85.92 6.1313538
85.93 6.1317123
85.94 6.1320469
85.95 6.1323815
85.96 6.13274
85.97 6.1330746
85.98 6.1334092
85.99 6.1337677
86.0 6.1341023
86.01 6.1344369
86.02 6.1347954
86.03 6.13513
86.04 6.1354646
86.05 6.1357992
86.06 6.1361577
86.07 6.1364923
86.08 6.1368269
86.09 6.1371854
86.1 6.13752
86.11 6.1378546
86.12 6.1381892
86.13 6.1385477
86.14 6.1388823
86.15 6.1392169
86.16 6.1395515
86.17 6.1398861
86.18 6.1402446
86.19 6.1405792
86.2 6.1409138
86.21 6.1412484
86.22 6.141583
86.23 6.1419415
86.24 6.1422761
86.25 6.1426107
86.26 6.1429453
86.27 6.1432799
86.28 6.1436145
86.29 6.143973
86.3 6.1443076
86.31 6.1446422
86.32 6.1449768
86.33 6.1453114
86.34 6.145646
86.35 6.1459806
86.36 6.1463152
86.37 6.1466498
86.38 6.1469844
86.39 6.1473429
86.4 6.1476775
86.41 6.1480121
86.42 6.1483467
86.43 6.1486813
86.44 6.1490159
86.45 6.1493505
86.46 6.1496851
86.47 6.1500197
86.48 6.1503543
86.49 6.1506889
86.5 6.1510235
86.51 6.1513581
86.52 6.1516927
86.53 6.1520273
86.54 6.1523619
86.55 6.1526965
86.56 6.1530311
86.57 6.1533657
86.58 6.1537003
86.59 6.1540349
86.6 6.1543695
86.61 6.1547041
86.62 6.1550387
86.63 6.1553733
86.64 6.155684
86.65 6.1560186
86.66 6.1563532
86.67 6.1566878
86.68 6.1570224
86.69 6.157357
86.7 6.1576916
86.71 6.1580262
86.72 6.1583608
86.73 6.1586715
86.74 6.1590061
86.75 6.1593407
86.76 6.1596753
86.77 6.1600099
86.78 6.1603445
86.79 6.1606552
86.8 6.1609898
86.81 6.1613244
86.82 6.161659
86.83 6.1619936
86.84 6.1623043
86.85 6.1626389
86.86 6.1629735
86.87 6.1633081
86.88 6.1636427
86.89 6.1639534
86.9 6.164288
86.91 6.1646226
86.92 6.1649572
86.93 6.1652679
86.94 6.1656025
86.95 6.1659371
86.96 6.1662478
86.97 6.1665824
86.98 6.166917
86.99 6.1672277
87.0 6.1675623
87.01 6.1678969
87.02 6.1682076
87.03 6.1685422
87.04 6.1688768
87.05 6.1691875
87.06 6.1695221
87.07 6.1698567
87.08 6.1701674
87.09 6.170502
87.1 6.1708366
87.11 6.1711473
87.12 6.1714819
87.13 6.1717926
87.14 6.1721272
87.15 6.1724618
87.16 6.1727725
87.17 6.1731071
87.18 6.1734178
87.19 6.1737524
87.2 6.1740631
87.21 6.1743977
87.22 6.1747084
87.23 6.175043
87.24 6.1753537
87.25 6.1756883
87.26 6.175999
87.27 6.1763336
87.28 6.1766443
87.29 6.1769789
87.3 6.1772896
87.31 6.1776242
87.32 6.1779349
87.33 6.1782695
87.34 6.1785802
87.35 6.1789148
87.36 6.1792255
87.37 6.1795601
87.38 6.1798708
87.39 6.1801815
87.4 6.1805161
87.41 6.1808268
87.42 6.1811614
87.43 6.1814721
87.44 6.1817828
87.45 6.1821174
87.46 6.1824281
87.47 6.1827388
87.48 6.1830734
87.49 6.1833841
87.5 6.1836948
87.51 6.1840294
87.52 6.1843401
87.53 6.1846508
87.54 6.1849854
87.55 6.1852961
87.56 6.1856068
87.57 6.1859414
87.58 6.1862521
87.59 6.1865628
87.6 6.1868735
87.61 6.1872081
87.62 6.1875188
87.63 6.1878295
87.64 6.1881402
87.65 6.1884748
87.66 6.1887855
87.67 6.1890962
87.68 6.1894069
87.69 6.1897176
87.7 6.1900522
87.71 6.1903629
87.72 6.1906736
87.73 6.1909843
87.74 6.191295
87.75 6.1916057
87.76 6.1919403
87.77 6.192251
87.78 6.1925617
87.79 6.1928724
87.8 6.1931831
87.81 6.1934938
87.82 6.1938045
87.83 6.1941152
87.84 6.1944498
87.85 6.1947605
87.86 6.1950712
87.87 6.1953819
87.88 6.1956926
87.89 6.1960033
87.9 6.196314
87.91 6.1966247
87.92 6.1969354
87.93 6.1972461
87.94 6.1975568
87.95 6.1978675
87.96 6.1981782
87.97 6.1984889
87.98 6.1987996
87.99 6.1991103
88.0 6.199421
88.01 6.1997317
88.02 6.2000424
88.03 6.2003531
88.04 6.2006638
88.05 6.2009745
88.06 6.2012852
88.07 6.2015959
88.08 6.2018827
88.09 6.2021934
88.1 6.2025041
88.11 6.2028148
88.12 6.2031255
88.13 6.2034362
88.14 6.2037469
88.15 6.2040576
88.16 6.2043444
88.17 6.2046551
88.18 6.2049658
88.19 6.2052765
88.2 6.2055872
88.21 6.2058979
88.22 6.2061847
88.23 6.2064954
88.24 6.2068061
88.25 6.2071168
88.26 6.2074275
88.27 6.2077143
88.28 6.208025
88.29 6.2083357
88.3 6.2086464
88.31 6.2089332
88.32 6.2092439
88.33 6.2095546
88.34 6.2098414
88.35 6.2101521
88.36 6.2104628
88.37 6.2107735
88.38 6.2110603
88.39 6.211371
88.4 6.2116817
88.41 6.2119685
88.42 6.2122792
88.43 6.2125899
88.44 6.2128767
88.45 6.2131874
88.46 6.2134742
88.47 6.2137849
88.48 6.2140956
88.49 6.2143824
88.5 6.2146931
88.51 6.2149799
88.52 6.2152906
88.53 6.2156013
88.54 6.2158881
88.55 6.2161988
88.56 6.2164856
88.57 6.2167963
88.58 6.2170831
88.59 6.2173938
88.6 6.2176806
88.61 6.2179913
88.62 6.2182781
88.63 6.2185888
88.64 6.2188756
88.65 6.2191863
88.66 6.2194731
88.67 6.2197838
88.68 6.2200706
88.69 6.2203574
88.7 6.2206681
88.71 6.2209549
88.72 6.2212656
88.73 6.2215524
88.74 6.2218631
88.75 6.2221499
88.76 6.2224367
88.77 6.2227474
88.78 6.2230342
88.79 6.223321
88.8 6.2236317
88.81 6.2239185
88.82 6.2242053
88.83 6.224516
88.84 6.2248028
88.85 6.2250896
88.86 6.2254003
88.87 6.2256871
88.88 6.2259739
88.89 6.2262607
88.9 6.2265714
88.91 6.2268582
88.92 6.227145
88.93 6.2274557
88.94 6.2277425
88.95 6.2280293
88.96 6.2283161
88.97 6.2286029
88.98 6.2289136
88.99 6.2292004
89.0 6.2294872
89.01 6.229774
89.02 6.2300608
89.03 6.2303476
89.04 6.2306583
89.05 6.2309451
89.06 6.2312319
89.07 6.2315187
89.08 6.2318055
89.09 6.2320923
89.1 6.2323791
89.11 6.2326659
89.12 6.2329766
89.13 6.2332634
89.14 6.2335502
89.15 6.233837
89.16 6.2341238
89.17 6.2344106
89.18 6.2346974
89.19 6.2349842
89.2 6.235271
89.21 6.2355578
89.22 6.2358446
89.23 6.2361314
89.24 6.2364182
89.25 6.236705
89.26 6.2369918
89.27 6.2372786
89.28 6.2375654
89.29 6.2378522
89.3 6.238139
89.31 6.2384258
89.32 6.2387126
89.33 6.2389755
89.34 6.2392623
89.35 6.2395491
89.36 6.2398359
89.37 6.2401227
89.38 6.2404095
89.39 6.2406963
89.4 6.2409831
89.41 6.241246
89.42 6.2415328
89.43 6.2418196
89.44 6.2421064
89.45 6.2423932
89.46 6.24268
89.47 6.2429429
89.48 6.2432297
89.49 6.2435165
89.5 6.2438033
89.51 6.2440662
89.52 6.244353
89.53 6.2446398
89.54 6.2449266
89.55 6.2451895
89.56 6.2454763
89.57 6.2457631
89.58 6.246026
89.59 6.2463128
89.6 6.2465996
89.61 6.2468625
89.62 6.2471493
89.63 6.2474361
89.64 6.247699
89.65 6.2479858
89.66 6.2482726
89.67 6.2485355
89.68 6.2488223
89.69 6.2491091
89.7 6.249372
89.71 6.2496588
89.72 6.2499217
89.73 6.2502085
89.74 6.2504714
89.75 6.2507582
89.76 6.251045
89.77 6.2513079
89.78 6.2515947
89.79 6.2518576
89.8 6.2521444
89.81 6.2524073
89.82 6.2526941
89.83 6.252957
89.84 6.2532438
89.85 6.2535067
89.86 6.2537696
89.87 6.2540564
89.88 6.2543193
89.89 6.2546061
89.9 6.254869
89.91 6.2551558
89.92 6.2554187
89.93 6.2556816
89.94 6.2559684
89.95 6.2562313
89.96 6.2565181
89.97 6.256781
89.98 6.2570439
89.99 6.2573307
90.0 6.2575936
90.01 6.2578565
90.02 6.2581433
90.03 6.2584062
90.04 6.2586691
90.05 6.258932
90.06 6.2592188
90.07 6.2594817
90.08 6.2597446
90.09 6.2600075
90.1 6.2602943
90.11 6.2605572
90.12 6.2608201
90.13 6.261083
90.14 6.2613698
90.15 6.2616327
90.16 6.2618956
90.17 6.2621585
90.18 6.2624214
90.19 6.2626843
90.2 6.2629711
90.21 6.263234
90.22 6.2634969
90.23 6.2637598
90.24 6.2640227
90.25 6.2642856
90.26 6.2645485
90.27 6.2648114
90.28 6.2650743
90.29 6.2653611
90.3 6.265624
90.31 6.2658869
90.32 6.2661498
90.33 6.2664127
90.34 6.2666756
90.35 6.2669385
90.36 6.2672014
90.37 6.2674643
90.38 6.2677272
90.39 6.2679901
90.4 6.268253
90.41 6.2685159
90.42 6.2687788
90.43 6.2690417
90.44 6.2692807
90.45 6.2695436
90.46 6.2698065
90.47 6.2700694
90.48 6.2703323
90.49 6.2705952
90.5 6.2708581
90.51 6.271121
90.52 6.2713839
90.53 6.2716229
90.54 6.2718858
90.55 6.2721487
90.56 6.2724116
90.57 6.2726745
90.58 6.2729374
90.59 6.2731764
90.6 6.2734393
90.61 6.2737022
90.62 6.2739651
90.63 6.2742041
90.64 6.274467
90.65 6.2747299
90.66 6.2749928
90.67 6.2752318
90.68 6.2754947
90.69 6.2757576
90.7 6.2759966
90.71 6.2762595
90.72 6.2765224
90.73 6.2767614
90.74 6.2770243
90.75 6.2772872
90.76 6.2775262
90.77 6.2777891
90.78 6.278052
90.79 6.278291
90.8 6.2785539
90.81 6.2787929
90.82 6.2790558
90.83 6.2793187
90.84 6.2795577
90.85 6.2798206
90.86 6.2800596
90.87 6.2803225
90.88 6.2805615
90.89 6.2808244
90.9 6.2810634
90.91 6.2813263
90.92 6.2815653
90.93 6.2818282
90.94 6.2820672
90.95 6.2823301
90.96 6.2825691
90.97 6.282832
90.98 6.283071
90.99 6.28331
91.0 6.2835729
91.01 6.2838119
91.02 6.2840748
91.03 6.2843138
91.04 6.2845528
91.05 6.2848157
91.06 6.2850547
91.07 6.2852937
91.08 6.2855566
91.09 6.2857956
91.1 6.2860346
91.11 6.2862975
91.12 6.2865365
91.13 6.2867755
91.14 6.2870145
91.15 6.2872774
91.16 6.2875164
91.17 6.2877554
91.18 6.2879944
91.19 6.2882573
91.2 6.2884963
91.21 6.2887353
91.22 6.2889743
91.23 6.2892133
91.24 6.2894762
91.25 6.2897152
91.26 6.2899542
91.27 6.2901932
91.28 6.2904322
91.29 6.2906712
91.3 6.2909102
91.31 6.2911731
91.32 6.2914121
91.33 6.2916511
91.34 6.2918901
91.35 6.2921291
91.36 6.2923681
91.37 6.2926071
91.38 6.2928461
91.39 6.2930851
91.4 6.2933241
91.41 6.2935631
91.42 6.2938021
91.43 6.2940411
91.44 6.2942801
91.45 6.2945191
91.46 6.2947581
91.47 6.2949971
91.48 6.2952361
91.49 6.2954751
91.5 6.2957141
91.51 6.2959531
91.52 6.2961921
91.53 6.2964072
91.54 6.2966462
91.55 6.2968852
91.56 6.2971242
91.57 6.2973632
91.58 6.2976022
91.59 6.2978412
91.6 6.2980563
91.61 6.2982953
91.62 6.2985343
91.63 6.2987733
91.64 6.2990123
91.65 6.2992274
91.66 6.2994664
91.67 6.2997054
91.68 6.2999444
91.69 6.3001595
91.7 6.3003985
91.71 6.3006375
91.72 6.3008765
91.73 6.3010916
91.74 6.3013306
91.75 6.3015696
91.76 6.3017847
91.77 6.3020237
91.78 6.3022627
91.79 6.3024778
91.8 6.3027168
91.81 6.3029319
91.82 6.3031709
91.83 6.3034099
91.84 6.303625
91.85 6.303864
91.86 6.3040791
91.87 6.3043181
91.88 6.3045332
91.89 6.3047722
91.9 6.3049873
91.91 6.3052263
91.92 6.3054414
91.93 6.3056804
91.94 6.3058955
91.95 6.3061345
91.96 6.3063496
91.97 6.3065886
91.98 6.3068037
91.99 6.3070427
92.0 6.3072578
92.01 6.3074729
92.02 6.3077119
92.03 6.307927
92.04 6.308166
92.05 6.3083811
92.06 6.3085962
92.07 6.3088352
92.08 6.3090503
92.09 6.3092654
92.1 6.3095044
92.11 6.3097195
92.12 6.3099346
92.13 6.3101736
92.14 6.3103887
92.15 6.3106038
92.16 6.3108189
92.17 6.3110579
92.18 6.311273
92.19 6.3114881
92.2 6.3117032
92.21 6.3119422
92.22 6.3121573
92.23 6.3123724
92.24 6.3125875
92.25 6.3128026
92.26 6.3130177
92.27 6.3132567
92.28 6.3134718
92.29 6.3136869
92.3 6.313902
92.31 6.3141171
92.32 6.3143322
92.33 6.3145473
92.34 6.3147624
92.35 6.3149775
92.36 6.3151926
92.37 6.3154077
92.38 6.3156228
92.39 6.3158379
92.4 6.316053
92.41 6.3162681
92.42 6.3164832
92.43 6.3166983
92.44 6.3169134
92.45 6.3171285
92.46 6.3173436
92.47 6.3175587
92.48 6.3177738
92.49 6.3179889
92.5 6.318204
92.51 6.3184191
92.52 6.3186342
92.53 6.3188493
92.54 6.3190405
92.55 6.3192556
92.56 6.3194707
92.57 6.3196858
92.58 6.3199009
92.59 6.320116
92.6 6.3203072
92.61 6.3205223
92.62 6.3207374
92.63 6.3209525
92.64 6.3211676
92.65 6.3213588
92.66 6.3215739
92.67 6.321789
92.68 6.3219802
92.69 6.3221953
92.7 6.3224104
92.71 6.3226255
92.72 6.3228167
92.73 6.3230318
92.74 6.323223
92.75 6.3234381
92.76 6.3236532
92.77 6.3238444
92.78 6.3240595
92.79 6.3242746
92.8 6.3244658
92.81 6.3246809
92.82 6.3248721
92.83 6.3250872
92.84 6.3252784
92.85 6.3254935
92.86 6.3256847
92.87 6.3258998
92.88 6.326091
92.89 6.3263061
92.9 6.3264973
92.91 6.3267124
92.92 6.3269036
92.93 6.3271187
92.94 6.3273099
92.95 6.327525
92.96 6.3277162
92.97 6.3279313
92.98 6.3281225
92.99 6.3283137
93.0 6.3285288
93.01 6.32872
93.02 6.3289112
93.03 6.3291263
93.04 6.3293175
93.05 6.3295087
93.06 6.3297238
93.07 6.329915
93.08 6.3301062
93.09 6.3303213
93.1 6.3305125
93.11 6.3307037
93.12 6.3308949
93.13 6.33111
93.14 6.3313012
93.15 6.3314924
93.16 6.3316836
93.17 6.3318748
93.18 6.3320899
93.19 6.3322811
93.2 6.3324723
93.21 6.3326635
93.22 6.3328547
93.23 6.3330459
93.24 6.3332371
93.25 6.3334522
93.26 6.3336434
93.27 6.3338346
93.28 6.3340258
93.29 6.334217
93.3 6.3344082
93.31 6.3345994
93.32 6.3347906
93.33 6.3349818
93.34 6.335173
93.35 6.3353642
93.36 6.3355554
93.37 6.3357466
93.38 6.3359378
93.39 6.336129
93.4 6.3363202
93.41 6.3365114
93.42 6.3367026
93.43 6.3368699
93.44 6.3370611
93.45 6.3372523
93.46 6.3374435
93.47 6.3376347
93.48 6.3378259
93.49 6.3380171
93.5 6.3382083
93.51 6.3383756
93.52 6.3385668
93.53 6.338758
93.54 6.3389492
93.55 6.3391404
93.56 6.3393077
93.57 6.3394989
93.58 6.3396901
93.59 6.3398813
93.6 6.3400486
93.61 6.3402398
93.62 6.340431
93.63 6.3405983
93.64 6.3407895
93.65 6.3409807
93.66 6.341148
93.67 6.3413392
93.68 6.3415304
93.69 6.3416977
93.7 6.3418889
93.71 6.3420562
93.72 6.3422474
93.73 6.3424386
93.74 6.3426059
93.75 6.3427971
93.76 6.3429644
93.77 6.3431556
93.78 6.3433229
93.79 6.3435141
93.8 6.3436814
93.81 6.3438726
93.82 6.3440399
93.83 6.3442311
93.84 6.3443984
93.85 6.3445896
93.86 6.3447569
93.87 6.3449242
93.88 6.3451154
93.89 6.3452827
93.9 6.3454739
93.91 6.3456412
93.92 6.3458085
93.93 6.3459997
93.94 6.346167
93.95 6.3463343
93.96 6.3465255
93.97 6.3466928
93.98 6.3468601
93.99 6.3470513
94.0 6.3472186
94.01 6.3473859
94.02 6.3475532
94.03 6.3477444
94.04 6.3479117
94.05 6.348079
94.06 6.3482463
94.07 6.3484136
94.08 6.3486048
94.09 6.3487721
94.1 6.3489394
94.11 6.3491067
94.12 6.349274
94.13 6.3494413
94.14 6.3496086
94.15 6.3497998
94.16 6.3499671
94.17 6.3501344
94.18 6.3503017
94.19 6.350469
94.2 6.3506363
94.21 6.3508036
94.22 6.3509709
94.23 6.3511382
94.24 6.3513055
94.25 6.3514728
94.26 6.3516401
94.27 6.3518074
94.28 6.3519747
94.29 6.352142
94.3 6.3523093
94.31 6.3524766
94.32 6.3526439
94.33 6.3527873
94.34 6.3529546
94.35 6.3531219
94.36 6.3532892
94.37 6.3534565
94.38 6.3536238
94.39 6.3537911
94.4 6.3539345
94.41 6.3541018
94.42 6.3542691
94.43 6.3544364
94.44 6.3546037
94.45 6.3547471
94.46 6.3549144
94.47 6.3550817
94.48 6.355249
94.49 6.3553924
94.5 6.3555597
94.51 6.355727
94.52 6.3558704
94.53 6.3560377
94.54 6.356205
94.55 6.3563484
94.56 6.3565157
94.57 6.356683
94.58 6.3568264
94.59 6.3569937
94.6 6.3571371
94.61 6.3573044
94.62 6.3574717
94.63 6.3576151
94.64 6.3577824
94.65 6.3579258
94.66 6.3580931
94.67 6.3582365
94.68 6.3584038
94.69 6.3585472
94.7 6.3587145
94.71 6.3588579
94.72 6.3590252
94.73 6.3591686
94.74 6.359312
94.75 6.3594793
94.76 6.3596227
94.77 6.35979
94.78 6.3599334
94.79 6.3600768
94.8 6.3602441
94.81 6.3603875
94.82 6.3605309
94.83 6.3606982
94.84 6.3608416
94.85 6.360985
94.86 6.3611523
94.87 6.3612957
94.88 6.3614391
94.89 6.3615825
94.9 6.3617498
94.91 6.3618932
94.92 6.3620366
94.93 6.36218
94.94 6.3623234
94.95 6.3624907
94.96 6.3626341
94.97 6.3627775
94.98 6.3629209
94.99 6.3630643
95.0 6.3632077
95.01 6.3633511
95.02 6.3635184
95.03 6.3636618
95.04 6.3638052
95.05 6.3639486
95.06 6.364092
95.07 6.3642354
95.08 6.3643788
95.09 6.3645222
95.1 6.3646656
95.11 6.364809
95.12 6.3649524
95.13 6.3650958
95.14 6.3652392
95.15 6.3653826
95.16 6.365526
95.17 6.3656694
95.18 6.3658128
95.19 6.3659323
95.2 6.3660757
95.21 6.3662191
95.22 6.3663625
95.23 6.3665059
95.24 6.3666493
95.25 6.3667927
95.26 6.3669122
95.27 6.3670556
95.28 6.367199
95.29 6.3673424
95.3 6.3674858
95.31 6.3676053
95.32 6.3677487
95.33 6.3678921
95.34 6.3680116
95.35 6.368155
95.36 6.3682984
95.37 6.3684418
95.38 6.3685613
95.39 6.3687047
95.4 6.3688481
95.41 6.3689676
95.42 6.369111
95.43 6.3692305
95.44 6.3693739
95.45 6.3695173
95.46 6.3696368
95.47 6.3697802
95.48 6.3698997
95.49 6.3700431
95.5 6.3701626
95.51 6.370306
95.52 6.3704255
95.53 6.3705689
95.54 6.3706884
95.55 6.3708318
95.56 6.3709513
95.57 6.3710947
95.58 6.3712142
95.59 6.3713576
95.6 6.3714771
95.61 6.3715966
95.62 6.37174
95.63 6.3718595
95.64 6.3720029
95.65 6.3721224
95.66 6.3722419
95.67 6.3723853
95.68 6.3725048
95.69 6.3726243
95.7 6.3727438
95.71 6.3728872
95.72 6.3730067
95.73 6.3731262
95.74 6.3732457
95.75 6.3733891
95.76 6.3735086
95.77 6.3736281
95.78 6.3737476
95.79 6.373891
95.8 6.3740105
95.81 6.37413
95.82 6.3742495
95.83 6.374369
95.84 6.3744885
95.85 6.374608
95.86 6.3747275
95.87 6.3748709
95.88 6.3749904
95.89 6.3751099
95.9 6.3752294
95.91 6.3753489
95.92 6.3754684
95.93 6.3755879
95.94 6.3757074
95.95 6.3758269
95.96 6.3759464
95.97 6.3760659
95.98 6.3761854
95.99 6.3763049
96.0 6.3764244
96.01 6.37652
96.02 6.3766395
96.03 6.376759
96.04 6.3768785
96.05 6.376998
96.06 6.3771175
96.07 6.377237
96.08 6.3773326
96.09 6.3774521
96.1 6.3775716
96.11 6.3776911
96.12 6.3778106
96.13 6.3779062
96.14 6.3780257
96.15 6.3781452
96.16 6.3782647
96.17 6.3783603
96.18 6.3784798
96.19 6.3785993
96.2 6.3786949
96.21 6.3788144
96.22 6.3789339
96.23 6.3790295
96.24 6.379149
96.25 6.3792685
96.26 6.3793641
96.27 6.3794836
96.28 6.3795792
96.29 6.3796987
96.3 6.3798182
96.31 6.3799138
96.32 6.3800333
96.33 6.3801289
96.34 6.3802484
96.35 6.380344
96.36 6.3804635
96.37 6.3805591
96.38 6.3806786
96.39 6.3807742
96.4 6.3808937
96.41 6.3809893
96.42 6.3810849
96.43 6.3812044
96.44 6.3813
96.45 6.3814195
96.46 6.3815151
96.47 6.3816107
96.48 6.3817302
96.49 6.3818258
96.5 6.3819214
96.51 6.3820409
96.52 6.3821365
96.53 6.3822321
96.54 6.3823277
96.55 6.3824472
96.56 6.3825428
96.57 6.3826384
96.58 6.382734
96.59 6.3828296
96.6 6.3829491
96.61 6.3830447
96.62 6.3831403
96.63 6.3832359
96.64 6.3833315
96.65 6.3834271
96.66 6.3835466
96.67 6.3836422
96.68 6.3837378
96.69 6.3838334
96.7 6.383929
96.71 6.3840246
96.72 6.3841202
96.73 6.3842158
96.74 6.3843114
96.75 6.384407
96.76 6.3845026
96.77 6.3845982
96.78 6.3846938
96.79 6.3847894
96.8 6.384885
96.81 6.3849806
96.82 6.3850762
96.83 6.3851718
96.84 6.3852435
96.85 6.3853391
96.86 6.3854347
96.87 6.3855303
96.88 6.3856259
96.89 6.3857215
96.9 6.3858171
96.91 6.3858888
96.92 6.3859844
96.93 6.38608
96.94 6.3861756
96.95 6.3862473
96.96 6.3863429
96.97 6.3864385
96.98 6.3865341
96.99 6.3866058
97.0 6.3867014
97.01 6.386797
97.02 6.3868687
97.03 6.3869643
97.04 6.3870599
97.05 6.3871316
97.06 6.3872272
97.07 6.3873228
97.08 6.3873945
97.09 6.3874901
97.1 6.3875618
97.11 6.3876574
97.12 6.3877291
97.13 6.3878247
97.14 6.3878964
97.15 6.387992
97.16 6.3880637
97.17 6.3881593
97.18 6.388231
97.19 6.3883266
97.2 6.3883983
97.21 6.3884939
97.22 6.3885656
97.23 6.3886373
97.24 6.3887329
97.25 6.3888046
97.26 6.3889002
97.27 6.3889719
97.28 6.3890436
97.29 6.3891392
97.3 6.3892109
97.31 6.3892826
97.32 6.3893782
97.33 6.3894499
97.34 6.3895216
97.35 6.3895933
97.36 6.3896889
97.37 6.3897606
97.38 6.3898323
97.39 6.389904
97.4 6.3899757
97.41 6.3900713
97.42 6.390143
97.43 6.3902147
97.44 6.3902864
97.45 6.3903581
97.46 6.3904298
97.47 6.3905015
97.48 6.3905732
97.49 6.3906449
97.5 6.3907405
97.51 6.3908122
97.52 6.3908839
97.53 6.3909556
97.54 6.3910273
97.55 6.391099
97.56 6.3911707
97.57 6.3912424
97.58 6.3913141
97.59 6.3913619
97.6 6.3914336
97.61 6.3915053
97.62 6.391577
97.63 6.3916487
97.64 6.3917204
97.65 6.3917921
97.66 6.3918638
97.67 6.3919355
97.68 6.3919833
97.69 6.392055
97.7 6.3921267
97.71 6.3921984
97.72 6.3922701
97.73 6.3923179
97.74 6.3923896
97.75 6.3924613
97.76 6.392533
97.77 6.3925808
97.78 6.3926525
97.79 6.3927242
97.8 6.392772
97.81 6.3928437
97.82 6.3929154
97.83 6.3929632
97.84 6.3930349
97.85 6.3931066
97.86 6.3931544
97.87 6.3932261
97.88 6.3932739
97.89 6.3933456
97.9 6.3933934
97.91 6.3934651
97.92 6.3935368
97.93 6.3935846
97.94 6.3936563
97.95 6.3937041
97.96 6.3937758
97.97 6.3938236
97.98 6.3938714
97.99 6.3939431
98.0 6.3939909
98.01 6.3940626
98.02 6.3941104
98.03 6.3941582
98.04 6.3942299
98.05 6.3942777
98.06 6.3943494
98.07 6.3943972
98.08 6.394445
98.09 6.3944928
98.1 6.3945645
98.11 6.3946123
98.12 6.3946601
98.13 6.3947318
98.14 6.3947796
98.15 6.3948274
98.16 6.3948752
98.17 6.394923
98.18 6.3949947
98.19 6.3950425
98.2 6.3950903
98.21 6.3951381
98.22 6.3951859
98.23 6.3952337
98.24 6.3953054
98.25 6.3953532
98.26 6.395401
98.27 6.3954488
98.28 6.3954966
98.29 6.3955444
98.3 6.3955922
98.31 6.39564
98.32 6.3956878
98.33 6.3957356
98.34 6.3957834
98.35 6.3958312
98.36 6.395879
98.37 6.3959268
98.38 6.3959746
98.39 6.3960224
98.4 6.3960702
98.41 6.3960941
98.42 6.3961419
98.43 6.3961897
98.44 6.3962375
98.45 6.3962853
98.46 6.3963331
98.47 6.3963809
98.48 6.3964048
98.49 6.3964526
98.5 6.3965004
98.51 6.3965482
98.52 6.3965721
98.53 6.3966199
98.54 6.3966677
98.55 6.3967155
98.56 6.3967394
98.57 6.3967872
98.58 6.396835
98.59 6.3968589
98.6 6.3969067
98.61 6.3969545
98.62 6.3969784
98.63 6.3970262
98.64 6.3970501
98.65 6.3970979
98.66 6.3971457
98.67 6.3971696
98.68 6.3972174
98.69 6.3972413
98.7 6.3972891
98.71 6.397313
98.72 6.3973608
98.73 6.3973847
98.74 6.3974325
98.75 6.3974564
98.76 6.3975042
98.77 6.3975281
98.78 6.397552
98.79 6.3975998
98.8 6.3976237
98.81 6.3976715
98.82 6.3976954
98.83 6.3977193
98.84 6.3977671
98.85 6.397791
98.86 6.3978149
98.87 6.3978627
98.88 6.3978866
98.89 6.3979105
98.9 6.3979344
98.91 6.3979822
98.92 6.3980061
98.93 6.39803
98.94 6.3980539
98.95 6.3980778
98.96 6.3981256
98.97 6.3981495
98.98 6.3981734
98.99 6.3981973
99.0 6.3982212
99.01 6.3982451
99.02 6.398269
99.03 6.3982929
99.04 6.3983407
99.05 6.3983646
99.06 6.3983885
99.07 6.3984124
99.08 6.3984363
99.09 6.3984602
99.1 6.3984841
99.11 6.398508
99.12 6.3985319
99.13 6.3985558
99.14 6.3985797
99.15 6.3985797
99.16 6.3986036
99.17 6.3986275
99.18 6.3986514
99.19 6.3986753
99.2 6.3986992
99.21 6.3987231
99.22 6.398747
99.23 6.398747
99.24 6.3987709
99.25 6.3987948
99.26 6.3988187
99.27 6.3988426
99.28 6.3988426
99.29 6.3988665
99.3 6.3988904
99.31 6.3989143
99.32 6.3989143
99.33 6.3989382
99.34 6.3989621
99.35 6.3989621
99.36 6.398986
99.37 6.3990099
99.38 6.3990099
99.39 6.3990338
99.4 6.3990338
99.41 6.3990577
99.42 6.3990816
99.43 6.3990816
99.44 6.3991055
99.45 6.3991055
99.46 6.3991294
99.47 6.3991294
99.48 6.3991533
99.49 6.3991533
99.5 6.3991772
99.51 6.3991772
99.52 6.3992011
99.53 6.3992011
99.54 6.3992011
99.55 6.399225
99.56 6.399225
99.57 6.3992489
99.58 6.3992489
99.59 6.3992489
99.6 6.3992728
99.61 6.3992728
99.62 6.3992728
99.63 6.3992967
99.64 6.3992967
99.65 6.3992967
99.66 6.3992967
99.67 6.3993206
99.68 6.3993206
99.69 6.3993206
99.7 6.3993206
99.71 6.3993206
99.72 6.3993445
99.73 6.3993445
99.74 6.3993445
99.75 6.3993445
99.76 6.3993445
99.77 6.3993445
99.78 6.3993445
99.79 6.3993445
99.8 6.3993445
99.81 6.3993684
99.82 6.3993684
99.83 6.3993684
99.84 6.3993684
99.85 6.3993684
99.86 6.3993684
99.87 6.3993684
99.88 6.3993684
99.89 6.3993684
99.9 6.3993445
99.91 6.3993445
99.92 6.3993445
99.93 6.3993445
99.94 6.3993445
99.95 6.3993445
99.96 6.3993445
99.97 6.3993445
99.98 6.3993206
99.99 6.3993206
100.0 6.3993206
100.01 6.3993206
100.02 6.3993206
100.03 6.3992967
100.04 6.3992967
100.05 6.3992967
100.06 6.3992967
100.07 6.3992728
100.08 6.3992728
100.09 6.3992728
100.1 6.3992489
100.11 6.3992489
100.12 6.3992489
100.13 6.399225
100.14 6.399225
100.15 6.399225
100.16 6.3992011
100.17 6.3992011
100.18 6.3991772
100.19 6.3991772
100.2 6.3991533
100.21 6.3991533
100.22 6.3991294
100.23 6.3991294
100.24 6.3991055
100.25 6.3991055
100.26 6.3990816
100.27 6.3990816
100.28 6.3990577
100.29 6.3990577
100.3 6.3990338
100.31 6.3990099
100.32 6.3990099
100.33 6.398986
100.34 6.398986
100.35 6.3989621
100.36 6.3989382
100.37 6.3989382
100.38 6.3989143
100.39 6.3988904
100.4 6.3988665
100.41 6.3988665
100.42 6.3988426
100.43 6.3988187
100.44 6.3987948
100.45 6.3987948
100.46 6.3987709
100.47 6.398747
100.48 6.3987231
100.49 6.3986992
100.5 6.3986753
100.51 6.3986753
100.52 6.3986514
100.53 6.3986275
100.54 6.3986036
100.55 6.3985797
100.56 6.3985558
100.57 6.3985319
100.58 6.398508
100.59 6.3984841
100.6 6.3984602
100.61 6.3984363
100.62 6.3984124
100.63 6.3983885
100.64 6.3983646
100.65 6.3983407
100.66 6.3983168
100.67 6.3982929
100.68 6.398269
100.69 6.3982212
100.7 6.3981973
100.71 6.3981734
100.72 6.3981495
100.73 6.3981256
100.74 6.3981017
100.75 6.3980539
100.76 6.39803
100.77 6.3980061
100.78 6.3979822
100.79 6.3979583
100.8 6.3979105
100.81 6.3978866
100.82 6.3978627
100.83 6.3978149
100.84 6.397791
100.85 6.3977671
100.86 6.3977193
100.87 6.3976954
100.88 6.3976715
100.89 6.3976237
100.9 6.3975998
100.91 6.3975759
100.92 6.3975281
100.93 6.3975042
100.94 6.3974564
100.95 6.3974325
100.96 6.3973847
100.97 6.3973608
100.98 6.397313
100.99 6.3972891
101.0 6.3972413
101.01 6.3972174
101.02 6.3971696
101.03 6.3971457
101.04 6.3970979
101.05 6.3970501
101.06 6.3970262
101.07 6.3969784
101.08 6.3969545
101.09 6.3969067
101.1 6.3968589
101.11 6.396835
101.12 6.3967872
101.13 6.3967394
101.14 6.3966916
101.15 6.3966677
101.16 6.3966199
101.17 6.3965721
101.18 6.3965243
101.19 6.3965004
101.2 6.3964526
101.21 6.3964048
101.22 6.396357
101.23 6.3963092
101.24 6.3962614
101.25 6.3962375
101.26 6.3961897
101.27 6.3961419
101.28 6.3960941
101.29 6.3960463
101.3 6.3959985
101.31 6.3959507
101.32 6.3959029
101.33 6.3958551
101.34 6.3958073
101.35 6.3957595
101.36 6.3957117
101.37 6.3956639
101.38 6.3956161
101.39 6.3955683
101.4 6.3955205
101.41 6.3954727
101.42 6.3954249
101.43 6.3953771
101.44 6.3953293
101.45 6.3952576
101.46 6.3952098
101.47 6.395162
101.48 6.3951142
101.49 6.3950664
101.5 6.3950186
101.51 6.3949469
101.52 6.3948991
101.53 6.3948513
101.54 6.3948035
101.55 6.3947318
101.56 6.394684
101.57 6.3946362
101.58 6.3945645
101.59 6.3945167
101.6 6.3944689
101.61 6.3943972
101.62 6.3943494
101.63 6.3943016
101.64 6.3942299
101.65 6.3941821
101.66 6.3941104
101.67 6.3940626
101.68 6.3940148
101.69 6.3939431
101.7 6.3938953
101.71 6.3938236
101.72 6.3937758
101.73 6.3937041
101.74 6.3936563
101.75 6.3935846
101.76 6.3935368
101.77 6.3934651
101.78 6.3933934
101.79 6.3933456
101.8 6.3932739
101.81 6.3932261
101.82 6.3931544
101.83 6.3930827
101.84 6.3930349
101.85 6.3929632
101.86 6.3928915
101.87 6.3928437
101.88 6.392772
101.89 6.3927003
101.9 6.3926286
101.91 6.3925808
101.92 6.3925091
101.93 6.3924374
101.94 6.3923657
101.95 6.392294
101.96 6.3922462
101.97 6.3921745
101.98 6.3921028
101.99 6.3920311
102.0 6.3919594
102.01 6.3918877
102.02 6.391816
102.03 6.3917443
102.04 6.3916965
102.05 6.3916248
102.06 6.3915531
102.07 6.3914814
102.08 6.3914097
102.09 6.391338
102.1 6.3912663
102.11 6.3911946
102.12 6.3911229
102.13 6.3910512
102.14 6.3909556
102.15 6.3908839
102.16 6.3908122
102.17 6.3907405
102.18 6.3906688
102.19 6.3905971
102.2 6.3905254
102.21 6.3904537
102.22 6.3903581
102.23 6.3902864
102.24 6.3902147
102.25 6.390143
102.26 6.3900713
102.27 6.3899757
102.28 6.389904
102.29 6.3898323
102.3 6.3897606
102.31 6.389665
102.32 6.3895933
102.33 6.3895216
102.34 6.389426
102.35 6.3893543
102.36 6.3892826
102.37 6.389187
102.38 6.3891153
102.39 6.3890197
102.4 6.388948
102.41 6.3888763
102.42 6.3887807
102.43 6.388709
102.44 6.3886134
102.45 6.3885417
102.46 6.3884461
102.47 6.3883744
102.48 6.3882788
102.49 6.3882071
102.5 6.3881115
102.51 6.3880398
102.52 6.3879442
102.53 6.3878486
102.54 6.3877769
102.55 6.3876813
102.56 6.3875857
102.57 6.387514
102.58 6.3874184
102.59 6.3873228
102.6 6.3872511
102.61 6.3871555
102.62 6.3870599
102.63 6.3869882
102.64 6.3868926
102.65 6.386797
102.66 6.3867014
102.67 6.3866297
102.68 6.3865341
102.69 6.3864385
102.7 6.3863429
102.71 6.3862473
102.72 6.3861517
102.73 6.38608
102.74 6.3859844
102.75 6.3858888
102.76 6.3857932
102.77 6.3856976
102.78 6.385602
102.79 6.3855064
102.8 6.3854108
102.81 6.3853152
102.82 6.3852196
102.83 6.385124
102.84 6.3850284
102.85 6.3849328
102.86 6.3848372
102.87 6.3847416
102.88 6.384646
102.89 6.3845504
102.9 6.3844548
102.91 6.3843592
102.92 6.3842636
102.93 6.384168
102.94 6.3840485
102.95 6.3839529
102.96 6.3838573
102.97 6.3837617
102.98 6.3836661
102.99 6.3835466
103.0 6.383451
103.01 6.3833554
103.02 6.3832598
103.03 6.3831403
103.04 6.3830447
103.05 6.3829491
103.06 6.3828535
103.07 6.382734
103.08 6.3826384
103.09 6.3825428
103.1 6.3824233
103.11 6.3823277
103.12 6.3822082
103.13 6.3821126
103.14 6.382017
103.15 6.3818975
103.16 6.3818019
103.17 6.3816824
103.18 6.3815868
103.19 6.3814673
103.2 6.3813717
103.21 6.3812522
103.22 6.3811566
103.23 6.3810371
103.24 6.3809415
103.25 6.380822
103.26 6.3807264
103.27 6.3806069
103.28 6.3804874
103.29 6.3803918
103.3 6.3802723
103.31 6.3801528
103.32 6.3800572
103.33 6.3799377
103.34 6.3798182
103.35 6.3797226
103.36 6.3796031
103.37 6.3794836
103.38 6.3793641
103.39 6.3792685
103.4 6.379149
103.41 6.3790295
103.42 6.37891
103.43 6.3788144
103.44 6.3786949
103.45 6.3785754
103.46 6.3784559
103.47 6.3783364
103.48 6.3782169
103.49 6.3780974
103.5 6.3780018
103.51 6.3778823
103.52 6.3777628
103.53 6.3776433
103.54 6.3775238
103.55 6.3774043
103.56 6.3772848
103.57 6.3771653
103.58 6.3770458
103.59 6.3769263
103.6 6.3768068
103.61 6.3766873
103.62 6.3765678
103.63 6.3764483
103.64 6.3763049
103.65 6.3761854
103.66 6.3760659
103.67 6.3759464
103.68 6.3758269
103.69 6.3757074
103.7 6.3755879
103.71 6.3754445
103.72 6.375325
103.73 6.3752055
103.74 6.375086
103.75 6.3749665
103.76 6.3748231
103.77 6.3747036
103.78 6.3745841
103.79 6.3744407
103.8 6.3743212
103.81 6.3742017
103.82 6.3740583
103.83 6.3739388
103.84 6.3738193
103.85 6.3736759
103.86 6.3735564
103.87 6.3734369
103.88 6.3732935
103.89 6.373174
103.9 6.3730306
103.91 6.3729111
103.92 6.3727677
103.93 6.3726482
103.94 6.3725048
103.95 6.3723853
103.96 6.3722419
103.97 6.3721224
103.98 6.371979
103.99 6.3718595
104.0 6.3717161
104.01 6.3715966
104.02 6.3714532
104.03 6.3713098
104.04 6.3711903
104.05 6.3710469
104.06 6.3709035
104.07 6.370784
104.08 6.3706406
104.09 6.3704972
104.1 6.3703777
104.11 6.3702343
104.12 6.3700909
104.13 6.3699475
104.14 6.369828
104.15 6.3696846
104.16 6.3695412
104.17 6.3693978
104.18 6.3692544
104.19 6.3691349
104.2 6.3689915
104.21 6.3688481
104.22 6.3687047
104.23 6.3685613
104.24 6.3684179
104.25 6.3682745
104.26 6.3681311
104.27 6.3679877
104.28 6.3678443
104.29 6.3677248
104.3 6.3675814
104.31 6.367438
104.32 6.3672946
104.33 6.3671512
104.34 6.3669839
104.35 6.3668405
104.36 6.3666971
104.37 6.3665537
104.38 6.3664103
104.39 6.3662669
104.4 6.3661235
104.41 6.3659801
104.42 6.3658367
104.43 6.3656933
104.44 6.365526
104.45 6.3653826
104.46 6.3652392
104.47 6.3650958
104.48 6.3649524
104.49 6.3647851
104.5 6.3646417
104.51 6.3644983
104.52 6.3643549
104.53 6.3641876
104.54 6.3640442
104.55 6.3639008
104.56 6.3637335
104.57 6.3635901
104.58 6.3634467
104.59 6.3632794
104.6 6.363136
104.61 6.3629687
104.62 6.3628253
104.63 6.3626819
104.64 6.3625146
104.65 6.3623712
104.66 6.3622039
104.67 6.3620605
104.68 6.3618932
104.69 6.3617498
104.7 6.3615825
104.71 6.3614391
104.72 6.3612718
104.73 6.3611284
104.74 6.3609611
104.75 6.3607938
104.76 6.3606504
104.77 6.3604831
104.78 6.3603397
104.79 6.3601724
104.8 6.3600051
104.81 6.3598617
104.82 6.3596944
104.83 6.3595271
104.84 6.3593837
104.85 6.3592164
104.86 6.3590491
104.87 6.3588818
104.88 6.3587384
104.89 6.3585711
104.9 6.3584038
104.91 6.3582365
104.92 6.3580692
104.93 6.3579258
104.94 6.3577585
104.95 6.3575912
104.96 6.3574239
104.97 6.3572566
104.98 6.3570893
104.99 6.356922
105.0 6.3567547
105.01 6.3566113
105.02 6.356444
105.03 6.3562767
105.04 6.3561094
105.05 6.3559421
105.06 6.3557748
105.07 6.3556075
105.08 6.3554402
105.09 6.3552729
105.1 6.3551056
105.11 6.3549144
105.12 6.3547471
105.13 6.3545798
105.14 6.3544125
105.15 6.3542452
105.16 6.3540779
105.17 6.3539106
105.18 6.3537433
105.19 6.3535521
105.2 6.3533848
105.21 6.3532175
105.22 6.3530502
105.23 6.3528829
105.24 6.3526917
105.25 6.3525244
105.26 6.3523571
105.27 6.3521898
105.28 6.3519986
105.29 6.3518313
105.3 6.351664
105.31 6.3514728
105.32 6.3513055
105.33 6.3511382
105.34 6.350947
105.35 6.3507797
105.36 6.3505885
105.37 6.3504212
105.38 6.3502539
105.39 6.3500627
105.4 6.3498954
105.41 6.3497042
105.42 6.3495369
105.43 6.3493457
105.44 6.3491784
105.45 6.3489872
105.46 6.3488199
105.47 6.3486287
105.48 6.3484614
105.49 6.3482702
105.5 6.348079
105.51 6.3479117
105.52 6.3477205
105.53 6.3475532
105.54 6.347362
105.55 6.3471708
105.56 6.3470035
105.57 6.3468123
105.58 6.3466211
105.59 6.3464538
105.6 6.3462626
105.61 6.3460714
105.62 6.3458802
105.63 6.3457129
105.64 6.3455217
105.65 6.3453305
105.66 6.3451393
105.67 6.3449481
105.68 6.3447808
105.69 6.3445896
105.7 6.3443984
105.71 6.3442072
105.72 6.344016
105.73 6.3438248
105.74 6.3436336
105.75 6.3434424
105.76 6.3432751
105.77 6.3430839
105.78 6.3428927
105.79 6.3427015
105.8 6.3425103
105.81 6.3423191
105.82 6.3421279
105.83 6.3419367
105.84 6.3417455
105.85 6.3415543
105.86 6.3413631
105.87 6.341148
105.88 6.3409568
105.89 6.3407656
105.9 6.3405744
105.91 6.3403832
105.92 6.340192
105.93 6.3400008
105.94 6.3398096
105.95 6.3395945
105.96 6.3394033
105.97 6.3392121
105.98 6.3390209
105.99 6.3388058
106.0 6.3386146
106.01 6.3384234
106.02 6.3382322
106.03 6.3380171
106.04 6.3378259
106.05 6.3376347
106.06 6.3374196
106.07 6.3372284
106.08 6.3370372
106.09 6.3368221
106.1 6.3366309
106.11 6.3364397
106.12 6.3362246
106.13 6.3360334
106.14 6.3358183
106.15 6.3356271
106.16 6.335412
106.17 6.3352208
106.18 6.3350057
106.19 6.3348145
106.2 6.3345994
106.21 6.3344082
106.22 6.3341931
106.23 6.3340019
106.24 6.3337868
106.25 6.3335956
106.26 6.3333805
106.27 6.3331893
106.28 6.3329742
106.29 6.3327591
106.3 6.3325679
106.31 6.3323528
106.32 6.3321377
106.33 6.3319465
106.34 6.3317314
106.35 6.3315163
106.36 6.3313012
106.37 6.33111
106.38 6.3308949
106.39 6.3306798
106.4 6.3304647
106.41 6.3302735
106.42 6.3300584
106.43 6.3298433
106.44 6.3296282
106.45 6.3294131
106.46 6.3292219
106.47 6.3290068
106.48 6.3287917
106.49 6.3285766
106.5 6.3283615
106.51 6.3281464
106.52 6.3279313
106.53 6.3277162
106.54 6.3275011
106.55 6.327286
106.56 6.3270709
106.57 6.3268558
106.58 6.3266407
106.59 6.3264256
106.6 6.3262105
106.61 6.3259954
106.62 6.3257803
106.63 6.3255652
106.64 6.3253501
106.65 6.325135
106.66 6.3249199
106.67 6.3247048
106.68 6.3244658
106.69 6.3242507
106.7 6.3240356
106.71 6.3238205
106.72 6.3236054
106.73 6.3233903
106.74 6.3231513
106.75 6.3229362
106.76 6.3227211
106.77 6.322506
106.78 6.322267
106.79 6.3220519
106.8 6.3218368
106.81 6.3215978
106.82 6.3213827
106.83 6.3211676
106.84 6.3209286
106.85 6.3207135
106.86 6.3204984
106.87 6.3202594
106.88 6.3200443
106.89 6.3198053
106.9 6.3195902
106.91 6.3193751
106.92 6.3191361
106.93 6.318921
106.94 6.318682
106.95 6.3184669
106.96 6.3182279
106.97 6.3180128
106.98 6.3177738
106.99 6.3175587
107.0 6.3173197
107.01 6.3170807
107.02 6.3168656
107.03 6.3166266
107.04 6.3164115
107.05 6.3161725
107.06 6.3159335
107.07 6.3157184
107.08 6.3154794
107.09 6.3152404
107.1 6.3150253
107.11 6.3147863
107.12 6.3145473
107.13 6.3143322
107.14 6.3140932
107.15 6.3138542
107.16 6.3136152
107.17 6.3134001
107.18 6.3131611
107.19 6.3129221
107.2 6.3126831
107.21 6.3124441
107.22 6.3122051
107.23 6.31199
107.24 6.311751
107.25 6.311512
107.26 6.311273
107.27 6.311034
107.28 6.310795
107.29 6.310556
107.3 6.310317
107.31 6.310078
107.32 6.309839
107.33 6.3096
107.34 6.309361
107.35 6.309122
107.36 6.308883
107.37 6.308644
107.38 6.308405
107.39 6.308166
107.4 6.307927
107.41 6.307688
107.42 6.307449
107.43 6.30721
107.44 6.306971
107.45 6.306732
107.46 6.3064691
107.47 6.3062301
107.48 6.3059911
107.49 6.3057521
107.5 6.3055131
107.51 6.3052502
107.52 6.3050112
107.53 6.3047722
107.54 6.3045332
107.55 6.3042703
107.56 6.3040313
107.57 6.3037923
107.58 6.3035533
107.59 6.3032904
107.6 6.3030514
107.61 6.3028124
107.62 6.3025495
107.63 6.3023105
107.64 6.3020476
107.65 6.3018086
107.66 6.3015696
107.67 6.3013067
107.68 6.3010677
107.69 6.3008048
107.7 6.3005658
107.71 6.3003029
107.72 6.3000639
107.73 6.299801
107.74 6.299562
107.75 6.2992991
107.76 6.2990601
107.77 6.2987972
107.78 6.2985582
107.79 6.2982953
107.8 6.2980563
107.81 6.2977934
107.82 6.2975305
107.83 6.2972915
107.84 6.2970286
107.85 6.2967657
107.86 6.2965267
107.87 6.2962638
107.88 6.2960009
107.89 6.2957619
107.9 6.295499
107.91 6.2952361
107.92 6.2949732
107.93 6.2947342
107.94 6.2944713
107.95 6.2942084
107.96 6.2939455
107.97 6.2937065
107.98 6.2934436
107.99 6.2931807
108.0 6.2929178
108.01 6.2926549
108.02 6.292392
108.03 6.2921291
108.04 6.2918901
108.05 6.2916272
108.06 6.2913643
108.07 6.2911014
108.08 6.2908385
108.09 6.2905756
108.1 6.2903127
108.11 6.2900498
108.12 6.2897869
108.13 6.289524
108.14 6.2892611
108.15 6.2889982
108.16 6.2887353
108.17 6.2884724
108.18 6.2882095
108.19 6.2879466
108.2 6.2876837
108.21 6.2873969
108.22 6.287134
108.23 6.2868711
108.24 6.2866082
108.25 6.2863453
108.26 6.2860824
108.27 6.2857956
108.28 6.2855327
108.29 6.2852698
108.3 6.2850069
108.31 6.284744
108.32 6.2844572
108.33 6.2841943
108.34 6.2839314
108.35 6.2836685
108.36 6.2833817
108.37 6.2831188
108.38 6.2828559
108.39 6.2825691
108.4 6.2823062
108.41 6.2820433
108.42 6.2817565
108.43 6.2814936
108.44 6.2812068
108.45 6.2809439
108.46 6.280681
108.47 6.2803942
108.48 6.2801313
108.49 6.2798445
108.5 6.2795816
108.51 6.2792948
108.52 6.2790319
108.53 6.2787451
108.54 6.2784822
108.55 6.2781954
108.56 6.2779325
108.57 6.2776457
108.58 6.2773589
108.59 6.277096
108.6 6.2768092
108.61 6.2765463
108.62 6.2762595
108.63 6.2759727
108.64 6.2757098
108.65 6.275423
108.66 6.2751362
108.67 6.2748733
108.68 6.2745865
108.69 6.2742997
108.7 6.2740368
108.71 6.27375
108.72 6.2734632
108.73 6.2731764
108.74 6.2729135
108.75 6.2726267
108.76 6.2723399
108.77 6.2720531
108.78 6.2717663
108.79 6.2715034
108.8 6.2712166
108.81 6.2709298
108.82 6.270643
108.83 6.2703562
108.84 6.2700694
108.85 6.2697826
108.86 6.2694958
108.87 6.269209
108.88 6.2689222
108.89 6.2686354
108.9 6.2683486
108.91 6.2680618
108.92 6.267775
108.93 6.2674882
108.94 6.2672014
108.95 6.2669146
108.96 6.2666278
108.97 6.266341
108.98 6.2660542
108.99 6.2657674
109.0 6.2654806
109.01 6.2651938
109.02 6.264907
109.03 6.2646202
109.04 6.2643334
109.05 6.2640227
109.06 6.2637359
109.07 6.2634491
109.08 6.2631623
109.09 6.2628755
109.1 6.2625648
109.11 6.262278
109.12 6.2619912
109.13 6.2617044
109.14 6.2613937
109.15 6.2611069
109.16 6.2608201
109.17 6.2605094
109.18 6.2602226
109.19 6.2599358
109.2 6.2596251
109.21 6.2593383
109.22 6.2590515
109.23 6.2587408
109.24 6.258454
109.25 6.2581672
109.26 6.2578565
109.27 6.2575697
109.28 6.257259
109.29 6.2569722
109.3 6.2566615
109.31 6.2563747
109.32 6.256064
109.33 6.2557772
109.34 6.2554665
109.35 6.2551797
109.36 6.254869
109.37 6.2545822
109.38 6.2542715
109.39 6.2539847
109.4 6.253674
109.41 6.2533633
109.42 6.2530765
109.43 6.2527658
109.44 6.252479
109.45 6.2521683
109.46 6.2518576
109.47 6.2515708
109.48 6.2512601
109.49 6.2509494
109.5 6.2506387
109.51 6.2503519
109.52 6.2500412
109.53 6.2497305
109.54 6.2494198
109.55 6.249133
109.56 6.2488223
109.57 6.2485116
109.58 6.2482009
109.59 6.2478902
109.6 6.2476034
109.61 6.2472927
109.62 6.246982
109.63 6.2466713
109.64 6.2463606
109.65 6.2460499
109.66 6.2457392
109.67 6.2454285
109.68 6.2451178
109.69 6.244831
109.7 6.2445203
109.71 6.2442096
109.72 6.2438989
109.73 6.2435882
109.74 6.2432775
109.75 6.2429668
109.76 6.2426561
109.77 6.2423454
109.78 6.2420108
109.79 6.2417001
109.8 6.2413894
109.81 6.2410787
109.82 6.240768
109.83 6.2404573
109.84 6.2401466
109.85 6.2398359
109.86 6.2395252
109.87 6.2391906
109.88 6.2388799
109.89 6.2385692
109.9 6.2382585
109.91 6.2379478
109.92 6.2376132
109.93 6.2373025
109.94 6.2369918
109.95 6.2366811
109.96 6.2363465
109.97 6.2360358
109.98 6.2357251
109.99 6.2354144
110.0 6.2350798
110.01 6.2347691
110.02 6.2344584
110.03 6.2341238
110.04 6.2338131
110.05 6.2334785
110.06 6.2331678
110.07 6.2328571
110.08 6.2325225
110.09 6.2322118
110.1 6.2318772
110.11 6.2315665
110.12 6.2312319
110.13 6.2309212
110.14 6.2306105
110.15 6.2302759
110.16 6.2299652
110.17 6.2296306
110.18 6.229296
110.19 6.2289853
110.2 6.2286507
110.21 6.22834
110.22 6.2280054
110.23 6.2276947
110.24 6.2273601
110.25 6.2270255
110.26 6.2267148
110.27 6.2263802
110.28 6.2260456
110.29 6.2257349
110.3 6.2254003
110.31 6.2250657
110.32 6.224755
110.33 6.2244204
110.34 6.2240858
110.35 6.2237751
110.36 6.2234405
110.37 6.2231059
110.38 6.2227713
110.39 6.2224606
110.4 6.222126
110.41 6.2217914
110.42 6.2214568
110.43 6.2211222
110.44 6.2207876
110.45 6.2204769
110.46 6.2201423
110.47 6.2198077
110.48 6.2194731
110.49 6.2191385
110.5 6.2188039
110.51 6.2184693
110.52 6.2181347
110.53 6.2178001
110.54 6.2174655
110.55 6.2171309
110.56 6.2167963
110.57 6.2164617
110.58 6.2161271
110.59 6.2157925
110.6 6.2154579
110.61 6.2151233
110.62 6.2147887
110.63 6.2144541
110.64 6.2141195
110.65 6.2137849
110.66 6.2134503
110.67 6.2131157
110.68 6.2127811
110.69 6.2124226
110.7 6.212088
110.71 6.2117534
110.72 6.2114188
110.73 6.2110842
110.74 6.2107496
110.75 6.2103911
110.76 6.2100565
110.77 6.2097219
110.78 6.2093873
110.79 6.2090288
110.8 6.2086942
110.81 6.2083596
110.82 6.208025
110.83 6.2076665
110.84 6.2073319
110.85 6.2069973
110.86 6.2066388
110.87 6.2063042
110.88 6.2059696
110.89 6.2056111
110.9 6.2052765
110.91 6.2049419
110.92 6.2045834
110.93 6.2042488
110.94 6.2038903
110.95 6.2035557
110.96 6.2031972
110.97 6.2028626
110.98 6.2025041
110.99 6.2021695
111.0 6.201811
111.01 6.2014764
111.02 6.2011179
111.03 6.2007833
111.04 6.2004248
111.05 6.2000902
111.06 6.1997317
111.07 6.1993971
111.08 6.1990386
111.09 6.1986801
111.1 6.1983455
111.11 6.197987
111.12 6.1976524
111.13 6.1972939
111.14 6.1969354
111.15 6.1966008
111.16 6.1962423
111.17 6.1958838
111.18 6.1955253
111.19 6.1951907
111.2 6.1948322
111.21 6.1944737
111.22 6.1941391
111.23 6.1937806
111.24 6.1934221
111.25 6.1930636
111.26 6.1927051
111.27 6.1923705
111.28 6.192012
111.29 6.1916535
111.3 6.191295
111.31 6.1909365
111.32 6.190578
111.33 6.1902195
111.34 6.1898849
111.35 6.1895264
111.36 6.1891679
111.37 6.1888094
111.38 6.1884509
111.39 6.1880924
111.4 6.1877339
111.41 6.1873754
111.42 6.1870169
111.43 6.1866584
111.44 6.1862999
111.45 6.1859414
111.46 6.1855829
111.47 6.1852244
111.48 6.1848659
111.49 6.1845074
111.5 6.1841489
111.51 6.1837904
111.52 6.1834319
111.53 6.1830734
111.54 6.182691
111.55 6.1823325
111.56 6.181974
111.57 6.1816155
111.58 6.181257
111.59 6.1808985
111.6 6.1805161
111.61 6.1801576
111.62 6.1797991
111.63 6.1794406
111.64 6.1790821
111.65 6.1786997
111.66 6.1783412
111.67 6.1779827
111.68 6.1776242
111.69 6.1772418
111.7 6.1768833
111.71 6.1765248
111.72 6.1761424
111.73 6.1757839
111.74 6.1754254
111.75 6.175043
111.76 6.1746845
111.77 6.174326
111.78 6.1739436
111.79 6.1735851
111.8 6.1732027
111.81 6.1728442
111.82 6.1724857
111.83 6.1721033
111.84 6.1717448
111.85 6.1713624
111.86 6.1710039
111.87 6.1706215
111.88 6.170263
111.89 6.1698806
111.9 6.1695221
111.91 6.1691397
111.92 6.1687812
111.93 6.1683988
111.94 6.1680164
111.95 6.1676579
111.96 6.1672755
111.97 6.166917
111.98 6.1665346
111.99 6.1661522
112.0 6.1657937
112.01 6.1654113
112.02 6.1650289
112.03 6.1646704
112.04 6.164288
112.05 6.1639056
112.06 6.1635471
112.07 6.1631647
112.08 6.1627823
112.09 6.1624238
112.1 6.1620414
112.11 6.161659
112.12 6.1612766
112.13 6.1609181
112.14 6.1605357
112.15 6.1601533
112.16 6.1597709
112.17 6.1593885
112.18 6.1590061
112.19 6.1586476
112.2 6.1582652
112.21 6.1578828
112.22 6.1575004
112.23 6.157118
112.24 6.1567356
112.25 6.1563532
112.26 6.1559708
112.27 6.1555884
112.28 6.1552299
112.29 6.1548475
112.3 6.1544651
112.31 6.1540827
112.32 6.1537003
112.33 6.1533179
112.34 6.1529355
112.35 6.1525531
112.36 6.1521707
112.37 6.1517883
112.38 6.151382
112.39 6.1509996
112.4 6.1506172
112.41 6.1502348
112.42 6.1498524
112.43 6.14947
112.44 6.1490876
112.45 6.1487052
112.46 6.1483228
112.47 6.1479404
112.48 6.1475341
112.49 6.1471517
112.5 6.1467693
112.51 6.1463869
112.52 6.1460045
112.53 6.1455982
112.54 6.1452158
112.55 6.1448334
112.56 6.144451
112.57 6.1440447
112.58 6.1436623
112.59 6.1432799
112.6 6.1428975
112.61 6.1424912
112.62 6.1421088
112.63 6.1417264
112.64 6.1413201
112.65 6.1409377
112.66 6.1405553
112.67 6.140149
112.68 6.1397666
112.69 6.1393603
112.7 6.1389779
112.71 6.1385955
112.72 6.1381892
112.73 6.1378068
112.74 6.1374005
112.75 6.1370181
112.76 6.1366118
112.77 6.1362294
112.78 6.1358231
112.79 6.1354407
112.8 6.1350344
112.81 6.134652
112.82 6.1342457
112.83 6.1338633
112.84 6.133457
112.85 6.1330746
112.86 6.1326683
112.87 6.1322859
112.88 6.1318796
112.89 6.1314733
112.9 6.1310909
112.91 6.1306846
112.92 6.1303022
112.93 6.1298959
112.94 6.1294896
112.95 6.1291072
112.96 6.1287009
112.97 6.1282946
112.98 6.1278883
112.99 6.1275059
113.0 6.1270996
113.01 6.1266933
113.02 6.1263109
113.03 6.1259046
113.04 6.1254983
113.05 6.125092
113.06 6.1246857
113.07 6.1243033
113.08 6.123897
113.09 6.1234907
113.1 6.1230844
113.11 6.1226781
113.12 6.1222957
113.13 6.1218894
113.14 6.1214831
113.15 6.1210768
113.16 6.1206705
113.17 6.1202642
113.18 6.1198579
113.19 6.1194516
113.2 6.1190453
113.21 6.118639
113.22 6.1182327
113.23 6.1178503
113.24 6.117444
113.25 6.1170377
113.26 6.1166314
113.27 6.1162251
113.28 6.1158188
113.29 6.1154125
113.3 6.1149823
113.31 6.114576
113.32 6.1141697
113.33 6.1137634
113.34 6.1133571
113.35 6.1129508
113.36 6.1125445
113.37 6.1121382
113.38 6.1117319
113.39 6.1113256
113.4 6.1109193
113.41 6.1104891
113.42 6.1100828
113.43 6.1096765
113.44 6.1092702
113.45 6.1088639
113.46 6.1084337
113.47 6.1080274
113.48 6.1076211
113.49 6.1072148
113.5 6.1068085
113.51 6.1063783
113.52 6.105972
113.53 6.1055657
113.54 6.1051355
113.55 6.1047292
113.56 6.1043229
113.57 6.1039166
113.58 6.1034864
113.59 6.1030801
113.6 6.1026738
113.61 6.1022436
113.62 6.1018373
113.63 6.1014071
113.64 6.1010008
113.65 6.1005945
113.66 6.1001643
113.67 6.099758
113.68 6.0993278
113.69 6.0989215
113.7 6.0984913
113.71 6.098085
113.72 6.0976787
113.73 6.0972485
113.74 6.0968422
113.75 6.096412
113.76 6.0960057
113.77 6.0955755
113.78 6.0951453
113.79 6.094739
113.8 6.0943088
113.81 6.0939025
113.82 6.0934723
113.83 6.093066
113.84 6.0926358
113.85 6.0922056
113.86 6.0917993
113.87 6.0913691
113.88 6.0909628
113.89 6.0905326
113.9 6.0901024
113.91 6.0896961
113.92 6.0892659
113.93 6.0888357
113.94 6.0884294
113.95 6.0879992
113.96 6.087569
113.97 6.0871388
113.98 6.0867325
113.99 6.0863023
114.0 6.0858721
114.01 6.0854419
114.02 6.0850356
114.03 6.0846054
114.04 6.0841752
114.05 6.083745
114.06 6.0833148
114.07 6.0829085
114.08 6.0824783
114.09 6.0820481
114.1 6.0816179
114.11 6.0811877
114.12 6.0807575
114.13 6.0803273
114.14 6.079921
114.15 6.0794908
114.16 6.0790606
114.17 6.0786304
114.18 6.0782002
114.19 6.07777
114.2 6.0773398
114.21 6.0769096
114.22 6.0764794
114.23 6.0760492
114.24 6.075619
114.25 6.0751888
114.26 6.0747586
114.27 6.0743284
114.28 6.0738982
114.29 6.073468
114.3 6.0730378
114.31 6.0726076
114.32 6.0721774
114.33 6.0717472
114.34 6.071317
114.35 6.0708629
114.36 6.0704327
114.37 6.0700025
114.38 6.0695723
114.39 6.0691421
114.4 6.0687119
114.41 6.0682817
114.42 6.0678276
114.43 6.0673974
114.44 6.0669672
114.45 6.066537
114.46 6.0661068
114.47 6.0656527
114.48 6.0652225
114.49 6.0647923
114.5 6.0643621
114.51 6.063908
114.52 6.0634778
114.53 6.0630476
114.54 6.0626174
114.55 6.0621633
114.56 6.0617331
114.57 6.0613029
114.58 6.0608488
114.59 6.0604186
114.6 6.0599884
114.61 6.0595343
114.62 6.0591041
114.63 6.0586739
114.64 6.0582198
114.65 6.0577896
114.66 6.0573355
114.67 6.0569053
114.68 6.0564751
114.69 6.056021
114.7 6.0555908
114.71 6.0551367
114.72 6.0547065
114.73 6.0542524
114.74 6.0538222
114.75 6.0533681
114.76 6.0529379
114.77 6.0524838
114.78 6.0520536
114.79 6.0515995
114.8 6.0511693
114.81 6.0507152
114.82 6.050285
114.83 6.0498309
114.84 6.0493768
114.85 6.0489466
114.86 6.0484925
114.87 6.0480623
114.88 6.0476082
114.89 6.0471541
114.9 6.0467239
114.91 6.0462698
114.92 6.0458157
114.93 6.0453855
114.94 6.0449314
114.95 6.0444773
114.96 6.0440471
114.97 6.043593
114.98 6.0431389
114.99 6.0427087
115.0 6.0422546
115.01 6.0418005
115.02 6.0413464
115.03 6.0409162
115.04 6.0404621
115.05 6.040008
115.06 6.0395539
115.07 6.0390998
115.08 6.0386696
115.09 6.0382155
115.1 6.0377614
115.11 6.0373073
115.12 6.0368532
115.13 6.0363991
115.14 6.0359689
115.15 6.0355148
115.16 6.0350607
115.17 6.0346066
115.18 6.0341525
115.19 6.0336984
115.2 6.0332443
115.21 6.0327902
115.22 6.0323361
115.23 6.031882
115.24 6.0314279
115.25 6.0309738
115.26 6.0305197
115.27 6.0300656
115.28 6.0296115
115.29 6.0291574
115.3 6.0287033
115.31 6.0282492
115.32 6.0277951
115.33 6.027341
115.34 6.0268869
115.35 6.0264328
115.36 6.0259787
115.37 6.0255246
115.38 6.0250705
115.39 6.0246164
115.4 6.0241623
115.41 6.0237082
115.42 6.0232541
115.43 6.0227761
115.44 6.022322
115.45 6.0218679
115.46 6.0214138
115.47 6.0209597
115.48 6.0205056
115.49 6.0200276
115.5 6.0195735
115.51 6.0191194
115.52 6.0186653
115.53 6.0182112
115.54 6.0177332
115.55 6.0172791
115.56 6.016825
115.57 6.0163709
115.58 6.0158929
115.59 6.0154388
115.6 6.0149847
115.61 6.0145067
115.62 6.0140526
115.63 6.0135985
115.64 6.0131205
115.65 6.0126664
115.66 6.0122123
115.67 6.0117343
115.68 6.0112802
115.69 6.0108261
115.7 6.0103481
115.71 6.009894
115.72 6.0094399
115.73 6.0089619
115.74 6.0085078
115.75 6.0080298
115.76 6.0075757
115.77 6.0070977
115.78 6.0066436
115.79 6.0061656
115.8 6.0057115
115.81 6.0052574
115.82 6.0047794
115.83 6.0043253
115.84 6.0038473
115.85 6.0033693
115.86 6.0029152
115.87 6.0024372
115.88 6.0019831
115.89 6.0015051
115.9 6.001051
115.91 6.000573
115.92 6.0001189
115.93 5.9996409
115.94 5.9991629
115.95 5.9987088
115.96 5.9982308
115.97 5.9977767
115.98 5.9972987
115.99 5.9968207
116.0 5.9963666
116.01 5.9958886
116.02 5.9954106
116.03 5.9949565
116.04 5.9944785
116.05 5.9940005
116.06 5.9935464
116.07 5.9930684
116.08 5.9925904
116.09 5.9921124
116.1 5.9916583
116.11 5.9911803
116.12 5.9907023
116.13 5.9902243
116.14 5.9897702
116.15 5.9892922
116.16 5.9888142
116.17 5.9883362
116.18 5.9878582
116.19 5.9874041
116.2 5.9869261
116.21 5.9864481
116.22 5.9859701
116.23 5.9854921
116.24 5.9850141
116.25 5.98456
116.26 5.984082
116.27 5.983604
116.28 5.983126
116.29 5.982648
116.3 5.98217
116.31 5.981692
116.32 5.981214
116.33 5.980736
116.34 5.980258
116.35 5.97978
116.36 5.979302
116.37 5.978824
116.38 5.978346
116.39 5.977868
116.4 5.97739
116.41 5.976912
116.42 5.976434
116.43 5.975956
116.44 5.975478
116.45 5.975
116.46 5.974522
116.47 5.974044
116.48 5.973566
116.49 5.973088
116.5 5.97261
116.51 5.972132
116.52 5.971654
116.53 5.971176
116.54 5.970698
116.55 5.9701961
116.56 5.9697181
116.57 5.9692401
116.58 5.9687621
116.59 5.9682841
116.6 5.9678061
116.61 5.9673042
116.62 5.9668262
116.63 5.9663482
116.64 5.9658702
116.65 5.9653922
116.66 5.9648903
116.67 5.9644123
116.68 5.9639343
116.69 5.9634563
116.7 5.9629544
116.71 5.9624764
116.72 5.9619984
116.73 5.9615204
116.74 5.9610185
116.75 5.9605405
116.76 5.9600625
116.77 5.9595606
116.78 5.9590826
116.79 5.9586046
116.8 5.9581027
116.81 5.9576247
116.82 5.9571467
116.83 5.9566448
116.84 5.9561668
116.85 5.9556888
116.86 5.9551869
116.87 5.9547089
116.88 5.954207
116.89 5.953729
116.9 5.953251
116.91 5.9527491
116.92 5.9522711
116.93 5.9517692
116.94 5.9512912
116.95 5.9507893
116.96 5.9503113
116.97 5.9498094
116.98 5.9493314
116.99 5.9488295
117.0 5.9483515
117.01 5.9478496
117.02 5.9473716
117.03 5.9468697
117.04 5.9463917
117.05 5.9458898
117.06 5.9454118
117.07 5.9449099
117.08 5.9444319
117.09 5.94393
117.1 5.9434281
117.11 5.9429501
117.12 5.9424482
117.13 5.9419702
117.14 5.9414683
117.15 5.9409664
117.16 5.9404884
117.17 5.9399865
117.18 5.9394846
117.19 5.9390066
117.2 5.9385047
117.21 5.9380028
117.22 5.9375248
117.23 5.9370229
117.24 5.936521
117.25 5.936043
117.26 5.9355411
117.27 5.9350392
117.28 5.9345373
117.29 5.9340593
117.3 5.9335574
117.31 5.9330555
117.32 5.9325536
117.33 5.9320756
117.34 5.9315737
117.35 5.9310718
117.36 5.9305699
117.37 5.930068
117.38 5.92959
117.39 5.9290881
117.4 5.9285862
117.41 5.9280843
117.42 5.9275824
117.43 5.9270805
117.44 5.9266025
117.45 5.9261006
117.46 5.9255987
117.47 5.9250968
117.48 5.9245949
117.49 5.924093
117.5 5.9235911
117.51 5.9230892
117.52 5.9225873
117.53 5.9220854
117.54 5.9215835
117.55 5.9211055
117.56 5.9206036
117.57 5.9201017
117.58 5.9195998
117.59 5.9190979
117.6 5.918596
117.61 5.9180941
117.62 5.9175922
117.63 5.9170903
117.64 5.9165884
117.65 5.9160865
117.66 5.9155846
117.67 5.9150827
117.68 5.9145569
117.69 5.914055
117.7 5.9135531
117.71 5.9130512
117.72 5.9125493
117.73 5.9120474
117.74 5.9115455
117.75 5.9110436
117.76 5.9105417
117.77 5.9100398
117.78 5.9095379
117.79 5.9090121
117.8 5.9085102
117.81 5.9080083
117.82 5.9075064
117.83 5.9070045
117.84 5.9065026
117.85 5.9059768
117.86 5.9054749
117.87 5.904973
117.88 5.9044711
117.89 5.9039692
117.9 5.9034434
117.91 5.9029415
117.92 5.9024396
117.93 5.9019377
117.94 5.9014119
117.95 5.90091
117.96 5.9004081
117.97 5.8999062
117.98 5.8993804
117.99 5.8988785
118.0 5.8983766
118.01 5.8978508
118.02 5.8973489
118.03 5.896847
118.04 5.8963451
118.05 5.8958193
118.06 5.8953174
118.07 5.8948155
118.08 5.8942897
118.09 5.8937878
118.1 5.893262
118.11 5.8927601
118.12 5.8922582
118.13 5.8917324
118.14 5.8912305
118.15 5.8907047
118.16 5.8902028
118.17 5.8897009
118.18 5.8891751
118.19 5.8886732
118.2 5.8881474
118.21 5.8876455
118.22 5.8871197
118.23 5.8866178
118.24 5.886092
118.25 5.8855901
118.26 5.8850643
118.27 5.8845624
118.28 5.8840366
118.29 5.8835347
118.3 5.8830089
118.31 5.882507
118.32 5.8819812
118.33 5.8814793
118.34 5.8809535
118.35 5.8804516
118.36 5.8799258
118.37 5.8794239
118.38 5.8788981
118.39 5.8783723
118.4 5.8778704
118.41 5.8773446
118.42 5.8768427
118.43 5.8763169
118.44 5.8757911
118.45 5.8752892
118.46 5.8747634
118.47 5.8742376
118.48 5.8737357
118.49 5.8732099
118.5 5.8726841
118.51 5.8721822
118.52 5.8716564
118.53 5.8711306
118.54 5.8706287
118.55 5.8701029
118.56 5.8695771
118.57 5.8690752
118.58 5.8685494
118.59 5.8680236
118.6 5.8674978
118.61 5.8669959
118.62 5.8664701
118.63 5.8659443
118.64 5.8654185
118.65 5.8649166
118.66 5.8643908
118.67 5.863865
118.68 5.8633392
118.69 5.8628134
118.7 5.8623115
118.71 5.8617857
118.72 5.8612599
118.73 5.8607341
118.74 5.8602083
118.75 5.8596825
118.76 5.8591806
118.77 5.8586548
118.78 5.858129
118.79 5.8576032
118.8 5.8570774
118.81 5.8565516
118.82 5.8560258
118.83 5.8555
118.84 5.8549981
118.85 5.8544723
118.86 5.8539465
118.87 5.8534207
118.88 5.8528949
118.89 5.8523691
118.9 5.8518433
118.91 5.8513175
118.92 5.8507917
118.93 5.8502659
118.94 5.8497401
118.95 5.8492143
118.96 5.8486885
118.97 5.8481627
118.98 5.8476369
118.99 5.8471111
119.0 5.8465853
119.01 5.8460595
119.02 5.8455337
119.03 5.8450079
119.04 5.8444821
119.05 5.8439563
119.06 5.8434305
119.07 5.8429047
119.08 5.8423789
119.09 5.8418531
119.1 5.8413273
119.11 5.8407776
119.12 5.8402518
119.13 5.839726
119.14 5.8392002
119.15 5.8386744
119.16 5.8381486
119.17 5.8376228
119.18 5.837097
119.19 5.8365473
119.2 5.8360215
119.21 5.8354957
119.22 5.8349699
119.23 5.8344441
119.24 5.8339183
119.25 5.8333686
119.26 5.8328428
119.27 5.832317
119.28 5.8317912
119.29 5.8312654
119.3 5.8307157
119.31 5.8301899
119.32 5.8296641
119.33 5.8291383
119.34 5.8285886
119.35 5.8280628
119.36 5.827537
119.37 5.8270112
119.38 5.8264615
119.39 5.8259357
119.4 5.8254099
119.41 5.8248602
119.42 5.8243344
119.43 5.8238086
119.44 5.8232828
119.45 5.8227331
119.46 5.8222073
119.47 5.8216815
119.48 5.8211318
119.49 5.820606
119.5 5.8200563
119.51 5.8195305
119.52 5.8190047
119.53 5.818455
119.54 5.8179292
119.55 5.8174034
119.56 5.8168537
119.57 5.8163279
119.58 5.8157782
119.59 5.8152524
119.6 5.8147266
119.61 5.8141769
119.62 5.8136511
119.63 5.8131014
119.64 5.8125756
119.65 5.8120259
119.66 5.8115001
119.67 5.8109504
119.68 5.8104246
119.69 5.8098988
119.7 5.8093491
119.71 5.8088233
119.72 5.8082736
119.73 5.8077478
119.74 5.8071981
119.75 5.8066723
119.76 5.8061226
119.77 5.8055729
119.78 5.8050471
119.79 5.8044974
119.8 5.8039716
119.81 5.8034219
119.82 5.8028961
119.83 5.8023464
119.84 5.8018206
119.85 5.8012709
119.86 5.8007212
119.87 5.8001954
119.88 5.7996457
119.89 5.7991199
119.9 5.7985702
119.91 5.7980205
119.92 5.7974947
119.93 5.796945
119.94 5.7963953
119.95 5.7958695
119.96 5.7953198
119.97 5.794794
119.98 5.7942443
119.99 5.7936946
120.0 5.7931688
120.01 5.7926191
120.02 5.7920694
120.03 5.7915197
120.04 5.7909939
120.05 5.7904442
120.06 5.7898945
120.07 5.7893687
120.08 5.788819
120.09 5.7882693
120.1 5.7877196
120.11 5.7871938
120.12 5.7866441
120.13 5.7860944
120.14 5.7855447
120.15 5.7850189
120.16 5.7844692
120.17 5.7839195
120.18 5.7833698
120.19 5.782844
120.2 5.7822943
120.21 5.7817446
120.22 5.7811949
120.23 5.7806452
120.24 5.7801194
120.25 5.7795697
120.26 5.77902
120.27 5.7784703
120.28 5.7779206
120.29 5.7773709
120.3 5.7768212
120.31 5.7762954
120.32 5.7757457
120.33 5.775196
120.34 5.7746463
120.35 5.7740966
120.36 5.7735469
120.37 5.7729972
120.38 5.7724475
120.39 5.7719217
120.4 5.771372
120.41 5.7708223
120.42 5.7702726
120.43 5.7697229
120.44 5.7691732
120.45 5.7686235
120.46 5.7680738
120.47 5.7675241
120.48 5.7669744
120.49 5.7664247
120.5 5.765875
120.51 5.7653253
120.52 5.7647756
120.53 5.7642259
120.54 5.7636762
120.55 5.7631265
120.56 5.7625768
120.57 5.7620271
120.58 5.7614774
120.59 5.7609277
120.6 5.760378
120.61 5.7598283
120.62 5.7592786
120.63 5.7587289
120.64 5.7581792
120.65 5.7576295
120.66 5.7570798
120.67 5.7565301
120.68 5.7559804
120.69 5.7554307
120.7 5.7548571
120.71 5.7543074
120.72 5.7537577
120.73 5.753208
120.74 5.7526583
120.75 5.7521086
120.76 5.7515589
120.77 5.7510092
120.78 5.7504356
120.79 5.7498859
120.8 5.7493362
120.81 5.7487865
120.82 5.7482368
120.83 5.7476871
120.84 5.7471374
120.85 5.7465638
120.86 5.7460141
120.87 5.7454644
120.88 5.7449147
120.89 5.744365
120.9 5.7437914
120.91 5.7432417
120.92 5.742692
120.93 5.7421423
120.94 5.7415926
120.95 5.741019
120.96 5.7404693
120.97 5.7399196
120.98 5.7393699
120.99 5.7387963
121.0 5.7382466
121.01 5.7376969
121.02 5.7371472
121.03 5.7365736
121.04 5.7360239
121.05 5.7354742
121.06 5.7349006
121.07 5.7343509
121.08 5.7338012
121.09 5.7332515
121.1 5.7326779
121.11 5.7321282
121.12 5.7315785
121.13 5.7310049
121.14 5.7304552
121.15 5.7299055
121.16 5.7293319
121.17 5.7287822
121.18 5.7282325
121.19 5.7276589
121.2 5.7271092
121.21 5.7265356
121.22 5.7259859
121.23 5.7254362
121.24 5.7248626
121.25 5.7243129
121.26 5.7237632
121.27 5.7231896
121.28 5.7226399
121.29 5.7220663
121.3 5.7215166
121.31 5.720943
121.32 5.7203933
121.33 5.7198436
121.34 5.71927
121.35 5.7187203
121.36 5.7181467
121.37 5.717597
121.38 5.7170234
121.39 5.7164737
121.4 5.7159001
121.41 5.7153504
121.42 5.7147768
121.43 5.7142271
121.44 5.7136535
121.45 5.7131038
121.46 5.7125302
121.47 5.7119805
121.48 5.7114069
121.49 5.7108572
121.5 5.7102836
121.51 5.7097339
121.52 5.7091603
121.53 5.7086106
121.54 5.708037
121.55 5.7074873
121.56 5.7069137
121.57 5.706364
121.58 5.7057904
121.59 5.7052168
121.6 5.7046671
121.61 5.7040935
121.62 5.7035438
121.63 5.7029702
121.64 5.7024205
121.65 5.7018469
121.66 5.7012733
121.67 5.7007236
121.68 5.70015
121.69 5.6995764
121.7 5.6990267
121.71 5.6984531
121.72 5.6979034
121.73 5.6973298
121.74 5.6967562
121.75 5.6962065
121.76 5.6956329
121.77 5.6950593
121.78 5.6945096
121.79 5.693936
121.8 5.6933624
121.81 5.6928127
121.82 5.6922391
121.83 5.6916655
121.84 5.6911158
121.85 5.6905422
121.86 5.6899686
121.87 5.689395
121.88 5.6888453
121.89 5.6882717
121.9 5.6876981
121.91 5.6871484
121.92 5.6865748
121.93 5.6860012
121.94 5.6854276
121.95 5.6848779
121.96 5.6843043
121.97 5.6837307
121.98 5.6831571
121.99 5.6826074
122.0 5.6820338
122.01 5.6814602
122.02 5.6808866
122.03 5.6803369
122.04 5.6797633
122.05 5.6791897
122.06 5.6786161
122.07 5.6780425
122.08 5.6774928
122.09 5.6769192
122.1 5.6763456
122.11 5.675772
122.12 5.6751984
122.13 5.6746248
122.14 5.6740751
122.15 5.6735015
122.16 5.6729279
122.17 5.6723543
122.18 5.6717807
122.19 5.6712071
122.2 5.6706335
122.21 5.6700838
122.22 5.6695102
122.23 5.6689366
122.24 5.668363
122.25 5.6677894
122.26 5.6672158
122.27 5.6666422
122.28 5.6660686
122.29 5.665495
122.3 5.6649453
122.31 5.6643717
122.32 5.6637981
122.33 5.6632245
122.34 5.6626509
122.35 5.6620773
122.36 5.6615037
122.37 5.6609301
122.38 5.6603565
122.39 5.6597829
122.4 5.6592093
122.41 5.6586357
122.42 5.6580621
122.43 5.6574885
122.44 5.6569149
122.45 5.6563413
122.46 5.6557677
122.47 5.6551941
122.48 5.6546205
122.49 5.6540469
122.5 5.6534733
122.51 5.6528997
122.52 5.6523261
122.53 5.6517525
122.54 5.6511789
122.55 5.6506053
122.56 5.6500317
122.57 5.6494581
122.58 5.6488845
122.59 5.6483109
122.6 5.6477373
122.61 5.6471637
122.62 5.6465901
122.63 5.6460165
122.64 5.6454429
122.65 5.6448693
122.66 5.6442957
122.67 5.6437221
122.68 5.6431485
122.69 5.6425749
122.7 5.6419774
122.71 5.6414038
122.72 5.6408302
122.73 5.6402566
122.74 5.639683
122.75 5.6391094
122.76 5.6385358
122.77 5.6379622
122.78 5.6373886
122.79 5.6367911
122.8 5.6362175
122.81 5.6356439
122.82 5.6350703
122.83 5.6344967
122.84 5.6339231
122.85 5.6333495
122.86 5.632752
122.87 5.6321784
122.88 5.6316048
122.89 5.6310312
122.9 5.6304576
122.91 5.629884
122.92 5.6292865
122.93 5.6287129
122.94 5.6281393
122.95 5.6275657
122.96 5.6269921
122.97 5.6263946
122.98 5.625821
122.99 5.6252474
123.0 5.6246738
123.01 5.6241002
123.02 5.6235027
123.03 5.6229291
123.04 5.6223555
123.05 5.6217819
123.06 5.6212083
123.07 5.6206108
123.08 5.6200372
123.09 5.6194636
123.1 5.61889
123.11 5.6182925
123.12 5.6177189
123.13 5.6171453
123.14 5.6165478
123.15 5.6159742
123.16 5.6154006
123.17 5.614827
123.18 5.6142295
123.19 5.6136559
123.2 5.6130823
123.21 5.6124848
123.22 5.6119112
123.23 5.6113376
123.24 5.610764
123.25 5.6101665
123.26 5.6095929
123.27 5.6090193
123.28 5.6084218
123.29 5.6078482
123.3 5.6072746
123.31 5.6066771
123.32 5.6061035
123.33 5.6055299
123.34 5.6049324
123.35 5.6043588
123.36 5.6037852
123.37 5.6031877
123.38 5.6026141
123.39 5.6020166
123.4 5.601443
123.41 5.6008694
123.42 5.6002719
123.43 5.5996983
123.44 5.5991247
123.45 5.5985272
123.46 5.5979536
123.47 5.5973561
123.48 5.5967825
123.49 5.5962089
123.5 5.5956114
123.51 5.5950378
123.52 5.5944403
123.53 5.5938667
123.54 5.5932931
123.55 5.5926956
123.56 5.592122
123.57 5.5915245
123.58 5.5909509
123.59 5.5903534
123.6 5.5897798
123.61 5.5892062
123.62 5.5886087
123.63 5.5880351
123.64 5.5874376
123.65 5.586864
123.66 5.5862665
123.67 5.5856929
123.68 5.5850954
123.69 5.5845218
123.7 5.5839243
123.71 5.5833507
123.72 5.5827532
123.73 5.5821796
123.74 5.5815821
123.75 5.5810085
123.76 5.580411
123.77 5.5798374
123.78 5.5792399
123.79 5.5786663
123.8 5.5780688
123.81 5.5774952
123.82 5.5768977
123.83 5.5763241
123.84 5.5757266
123.85 5.575153
123.86 5.5745555
123.87 5.5739819
123.88 5.5733844
123.89 5.5728108
123.9 5.5722133
123.91 5.5716158
123.92 5.5710422
123.93 5.5704447
123.94 5.5698711
123.95 5.5692736
123.96 5.5687
123.97 5.5681025
123.98 5.567505
123.99 5.5669314
124.0 5.5663339
124.01 5.5657603
124.02 5.5651628
124.03 5.5645892
124.04 5.5639917
124.05 5.5633942
124.06 5.5628206
124.07 5.5622231
124.08 5.5616495
124.09 5.561052
124.1 5.5604545
124.11 5.5598809
124.12 5.5592834
124.13 5.5586859
124.14 5.5581123
124.15 5.5575148
124.16 5.5569412
124.17 5.5563437
124.18 5.5557462
124.19 5.5551726
124.2 5.5545751
124.21 5.5539776
124.22 5.553404
124.23 5.5528065
124.24 5.552209
124.25 5.5516354
124.26 5.5510379
124.27 5.5504404
124.28 5.5498668
124.29 5.5492693
124.3 5.5486718
124.31 5.5480982
124.32 5.5475007
124.33 5.5469032
124.34 5.5463296
124.35 5.5457321
124.36 5.5451346
124.37 5.5445371
124.38 5.5439635
124.39 5.543366
124.4 5.5427685
124.41 5.5421949
124.42 5.5415974
124.43 5.5409999
124.44 5.5404024
124.45 5.5398288
124.46 5.5392313
124.47 5.5386338
124.48 5.5380602
124.49 5.5374627
124.5 5.5368652
124.51 5.5362677
124.52 5.5356941
124.53 5.5350966
124.54 5.5344991
124.55 5.5339016
124.56 5.533328
124.57 5.5327305
124.58 5.532133
124.59 5.5315355
124.6 5.5309619
124.61 5.5303644
124.62 5.5297669
124.63 5.5291694
124.64 5.5285719
124.65 5.5279983
124.66 5.5274008
124.67 5.5268033
124.68 5.5262058
124.69 5.5256083
124.7 5.5250347
124.71 5.5244372
124.72 5.5238397
124.73 5.5232422
124.74 5.5226447
124.75 5.5220711
124.76 5.5214736
124.77 5.5208761
124.78 5.5202786
124.79 5.5196811
124.8 5.5191075
124.81 5.51851
124.82 5.5179125
124.83 5.517315
124.84 5.5167175
124.85 5.51612
124.86 5.5155225
124.87 5.5149489
124.88 5.5143514
124.89 5.5137539
124.9 5.5131564
124.91 5.5125589
124.92 5.5119614
124.93 5.5113639
124.94 5.5107903
124.95 5.5101928
124.96 5.5095953
124.97 5.5089978
124.98 5.5084003
124.99 5.5078028
125.0 5.5072053
125.01 5.5066078
125.02 5.5060342
125.03 5.5054367
125.04 5.5048392
125.05 5.5042417
125.06 5.5036442
125.07 5.5030467
125.08 5.5024492
125.09 5.5018517
125.1 5.5012542
125.11 5.5006806
125.12 5.5000831
125.13 5.4994856
125.14 5.4988881
125.15 5.4982906
125.16 5.4976931
125.17 5.4970956
125.18 5.4964981
125.19 5.4959006
125.2 5.4953031
125.21 5.4947056
125.22 5.4941081
125.23 5.4935106
125.24 5.4929131
125.25 5.4923156
125.26 5.491742
125.27 5.4911445
125.28 5.490547
125.29 5.4899495
125.3 5.489352
125.31 5.4887545
125.32 5.488157
125.33 5.4875595
125.34 5.486962
125.35 5.4863645
125.36 5.485767
125.37 5.4851695
125.38 5.484572
125.39 5.4839745
125.4 5.483377
125.41 5.4827795
125.42 5.482182
125.43 5.4815845
125.44 5.480987
125.45 5.4803895
125.46 5.479792
125.47 5.4791945
125.48 5.478597
125.49 5.4779995
125.5 5.477402
125.51 5.4768045
125.52 5.476207
125.53 5.4756095
125.54 5.475012
125.55 5.4744145
125.56 5.473817
125.57 5.4732195
125.58 5.472622
125.59 5.4720245
125.6 5.471427
125.61 5.4708295
125.62 5.470232
125.63 5.4696345
125.64 5.469037
125.65 5.4684395
125.66 5.467842
125.67 5.4672445
125.68 5.466647
125.69 5.4660495
125.7 5.465452
125.71 5.4648306
125.72 5.4642331
125.73 5.4636356
125.74 5.4630381
125.75 5.4624406
125.76 5.4618431
125.77 5.4612456
125.78 5.4606481
125.79 5.4600506
125.8 5.4594531
125.81 5.4588556
125.82 5.4582581
125.83 5.4576606
125.84 5.4570631
125.85 5.4564656
125.86 5.4558442
125.87 5.4552467
125.88 5.4546492
125.89 5.4540517
125.9 5.4534542
125.91 5.4528567
125.92 5.4522592
125.93 5.4516617
125.94 5.4510642
125.95 5.4504667
125.96 5.4498453
125.97 5.4492478
125.98 5.4486503
125.99 5.4480528
126.0 5.4474553
126.01 5.4468578
126.02 5.4462603
126.03 5.4456628
126.04 5.4450653
126.05 5.4444439
126.06 5.4438464
126.07 5.4432489
126.08 5.4426514
126.09 5.4420539
126.1 5.4414564
126.11 5.4408589
126.12 5.4402614
126.13 5.43964
126.14 5.4390425
126.15 5.438445
126.16 5.4378475
126.17 5.43725
126.18 5.4366525
126.19 5.436055
126.2 5.4354336
126.21 5.4348361
126.22 5.4342386
126.23 5.4336411
126.24 5.4330436
126.25 5.4324461
126.26 5.4318486
126.27 5.4312272
126.28 5.4306297
126.29 5.4300322
126.3 5.4294347
126.31 5.4288372
126.32 5.4282397
126.33 5.4276183
126.34 5.4270208
126.35 5.4264233
126.36 5.4258258
126.37 5.4252283
126.38 5.4246069
126.39 5.4240094
126.4 5.4234119
126.41 5.4228144
126.42 5.4222169
126.43 5.4216194
126.44 5.420998
126.45 5.4204005
126.46 5.419803
126.47 5.4192055
126.48 5.418608
126.49 5.4179866
126.5 5.4173891
126.51 5.4167916
126.52 5.4161941
126.53 5.4155966
126.54 5.4149752
126.55 5.4143777
126.56 5.4137802
126.57 5.4131827
126.58 5.4125852
126.59 5.4119638
126.6 5.4113663
126.61 5.4107688
126.62 5.4101713
126.63 5.4095499
126.64 5.4089524
126.65 5.4083549
126.66 5.4077574
126.67 5.4071599
126.68 5.4065385
126.69 5.405941
126.7 5.4053435
126.71 5.404746
126.72 5.4041246
126.73 5.4035271
126.74 5.4029296
126.75 5.4023321
126.76 5.4017107
126.77 5.4011132
126.78 5.4005157
126.79 5.3999182
126.8 5.3993207
126.81 5.3986993
126.82 5.3981018
126.83 5.3975043
126.84 5.3969068
126.85 5.3962854
126.86 5.3956879
126.87 5.3950904
126.88 5.3944929
126.89 5.3938715
126.9 5.393274
126.91 5.3926765
126.92 5.3920551
126.93 5.3914576
126.94 5.3908601
126.95 5.3902626
126.96 5.3896412
126.97 5.3890437
126.98 5.3884462
126.99 5.3878487
127.0 5.3872273
127.01 5.3866298
127.02 5.3860323
127.03 5.3854348
127.04 5.3848134
127.05 5.3842159
127.06 5.3836184
127.07 5.382997
127.08 5.3823995
127.09 5.381802
127.1 5.3812045
127.11 5.3805831
127.12 5.3799856
127.13 5.3793881
127.14 5.3787667
127.15 5.3781692
127.16 5.3775717
127.17 5.3769742
127.18 5.3763528
127.19 5.3757553
127.2 5.3751578
127.21 5.3745364
127.22 5.3739389
127.23 5.3733414
127.24 5.3727439
127.25 5.3721225
127.26 5.371525
127.27 5.3709275
127.28 5.3703061
127.29 5.3697086
127.3 5.3691111
127.31 5.3684897
127.32 5.3678922
127.33 5.3672947
127.34 5.3666733
127.35 5.3660758
127.36 5.3654783
127.37 5.3648808
127.38 5.3642594
127.39 5.3636619
127.4 5.3630644
127.41 5.362443
127.42 5.3618455
127.43 5.361248
127.44 5.3606266
127.45 5.3600291
127.46 5.3594316
127.47 5.3588102
127.48 5.3582127
127.49 5.3576152
127.5 5.3569938
127.51 5.3563963
127.52 5.3557988
127.53 5.3551774
127.54 5.3545799
127.55 5.3539824
127.56 5.353361
127.57 5.3527635
127.58 5.352166
127.59 5.3515446
127.6 5.3509471
127.61 5.3503496
127.62 5.3497282
127.63 5.3491307
127.64 5.3485332
127.65 5.3479118
127.66 5.3473143
127.67 5.3467168
127.68 5.3460954
127.69 5.3454979
127.7 5.3449004
127.71 5.344279
127.72 5.3436815
127.73 5.343084
127.74 5.3424626
127.75 5.3418651
127.76 5.3412676
127.77 5.3406462
127.78 5.3400487
127.79 5.3394512
127.8 5.3388298
127.81 5.3382323
127.82 5.3376348
127.83 5.3370134
127.84 5.3364159
127.85 5.3358184
127.86 5.335197
127.87 5.3345995
127.88 5.3339781
127.89 5.3333806
127.9 5.3327831
127.91 5.3321617
127.92 5.3315642
127.93 5.3309667
127.94 5.3303453
127.95 5.3297478
127.96 5.3291503
127.97 5.3285289
127.98 5.3279314
127.99 5.32731
128.0 5.3267125
128.01 5.326115
128.02 5.3254936
128.03 5.3248961
128.04 5.3242986
128.05 5.3236772
128.06 5.3230797
128.07 5.3224822
128.08 5.3218608
128.09 5.3212633
128.1 5.3206419
128.11 5.3200444
128.12 5.3194469
128.13 5.3188255
128.14 5.318228
128.15 5.3176305
128.16 5.3170091
128.17 5.3164116
128.18 5.3158141
128.19 5.3151927
128.2 5.3145952
128.21 5.3139738
128.22 5.3133763
128.23 5.3127788
128.24 5.3121574
128.25 5.3115599
128.26 5.3109624
128.27 5.310341
128.28 5.3097435
128.29 5.3091221
128.3 5.3085246
128.31 5.3079271
128.32 5.3073057
128.33 5.3067082
128.34 5.3061107
128.35 5.3054893
128.36 5.3048918
128.37 5.3042704
128.38 5.3036729
128.39 5.3030754
128.4 5.302454
128.41 5.3018565
128.42 5.3012351
128.43 5.3006376
128.44 5.3000401
128.45 5.2994187
128.46 5.2988212
128.47 5.2982237
128.48 5.2976023
128.49 5.2970048
128.5 5.2963834
128.51 5.2957859
128.52 5.2951884
128.53 5.294567
128.54 5.2939695
128.55 5.2933481
128.56 5.2927506
128.57 5.2921531
128.58 5.2915317
128.59 5.2909342
128.6 5.2903367
128.61 5.2897153
128.62 5.2891178
128.63 5.2884964
128.64 5.2878989
128.65 5.2873014
128.66 5.28668
128.67 5.2860825
128.68 5.2854611
128.69 5.2848636
128.7 5.2842661
128.71 5.2836447
128.72 5.2830472
128.73 5.2824497
128.74 5.2818283
128.75 5.2812308
128.76 5.2806094
128.77 5.2800119
128.78 5.2794144
128.79 5.278793
128.8 5.2781955
128.81 5.2775741
128.82 5.2769766
128.83 5.2763791
128.84 5.2757577
128.85 5.2751602
128.86 5.2745388
128.87 5.2739413
128.88 5.2733438
128.89 5.2727224
128.9 5.2721249
128.91 5.2715274
128.92 5.270906
128.93 5.2703085
128.94 5.2696871
128.95 5.2690896
128.96 5.2684921
128.97 5.2678707
128.98 5.2672732
128.99 5.2666518
129.0 5.2660543
129.01 5.2654568
129.02 5.2648354
129.03 5.2642379
129.04 5.2636404
129.05 5.263019
129.06 5.2624215
129.07 5.2618001
129.08 5.2612026
129.09 5.2606051
129.1 5.2599837
129.11 5.2593862
129.12 5.2587648
129.13 5.2581673
129.14 5.2575698
129.15 5.2569484
129.16 5.2563509
129.17 5.2557295
129.18 5.255132
129.19 5.2545345
129.2 5.2539131
129.21 5.2533156
129.22 5.2527181
129.23 5.2520967
129.24 5.2514992
129.25 5.2508778
129.26 5.2502803
129.27 5.2496828
129.28 5.2490614
129.29 5.2484639
129.3 5.2478425
129.31 5.247245
129.32 5.2466475
129.33 5.2460261
129.34 5.2454286
129.35 5.2448311
129.36 5.2442097
129.37 5.2436122
129.38 5.2429908
129.39 5.2423933
129.4 5.2417958
129.41 5.2411744
129.42 5.2405769
129.43 5.2399794
129.44 5.239358
129.45 5.2387605
129.46 5.2381391
129.47 5.2375416
129.48 5.2369441
129.49 5.2363227
129.5 5.2357252
129.51 5.2351038
129.52 5.2345063
129.53 5.2339088
129.54 5.2332874
129.55 5.2326899
129.56 5.2320924
129.57 5.231471
129.58 5.2308735
129.59 5.2302521
129.6 5.2296546
129.61 5.2290571
129.62 5.2284357
129.63 5.2278382
129.64 5.2272407
129.65 5.2266193
129.66 5.2260218
129.67 5.2254243
129.68 5.2248029
129.69 5.2242054
129.7 5.223584
129.71 5.2229865
129.72 5.222389
129.73 5.2217676
129.74 5.2211701
129.75 5.2205726
129.76 5.2199512
129.77 5.2193537
129.78 5.2187323
129.79 5.2181348
129.8 5.2175373
129.81 5.2169159
129.82 5.2163184
129.83 5.2157209
129.84 5.2150995
129.85 5.214502
129.86 5.2139045
129.87 5.2132831
129.88 5.2126856
129.89 5.2120881
129.9 5.2114667
129.91 5.2108692
129.92 5.2102478
129.93 5.2096503
129.94 5.2090528
129.95 5.2084314
129.96 5.2078339
129.97 5.2072364
129.98 5.206615
129.99 5.2060175
130.0 5.20542
130.01 5.2047986
130.02 5.2042011
130.03 5.2036036
130.04 5.2029822
130.05 5.2023847
130.06 5.2017872
130.07 5.2011658
130.08 5.2005683
130.09 5.1999469
130.1 5.1993494
130.11 5.1987519
130.12 5.1981305
130.13 5.197533
130.14 5.1969355
130.15 5.1963141
130.16 5.1957166
130.17 5.1951191
130.18 5.1944977
130.19 5.1939002
130.2 5.1933027
130.21 5.1926813
130.22 5.1920838
130.23 5.1914863
130.24 5.1908649
130.25 5.1902674
130.26 5.1896699
130.27 5.1890485
130.28 5.188451
130.29 5.1878535
130.3 5.1872321
130.31 5.1866346
130.32 5.1860371
130.33 5.1854157
130.34 5.1848182
130.35 5.1842207
130.36 5.1836232
130.37 5.1830018
130.38 5.1824043
130.39 5.1818068
130.4 5.1811854
130.41 5.1805879
130.42 5.1799904
130.43 5.179369
130.44 5.1787715
130.45 5.178174
130.46 5.1775526
130.47 5.1769551
130.48 5.1763576
130.49 5.1757362
130.5 5.1751387
130.51 5.1745412
130.52 5.1739198
130.53 5.1733223
130.54 5.1727248
130.55 5.1721273
130.56 5.1715059
130.57 5.1709084
130.58 5.1703109
130.59 5.1696895
130.6 5.169092
130.61 5.1684945
130.62 5.1678731
130.63 5.1672756
130.64 5.1666781
130.65 5.1660806
130.66 5.1654592
130.67 5.1648617
130.68 5.1642642
130.69 5.1636428
130.7 5.1630453
130.71 5.1624478
130.72 5.1618503
130.73 5.1612289
130.74 5.1606314
130.75 5.1600339
130.76 5.1594125
130.77 5.158815
130.78 5.1582175
130.79 5.15762
130.8 5.1569986
130.81 5.1564011
130.82 5.1558036
130.83 5.1552061
130.84 5.1545847
130.85 5.1539872
130.86 5.1533897
130.87 5.1527683
130.88 5.1521708
130.89 5.1515733
130.9 5.1509758
130.91 5.1503544
130.92 5.1497569
130.93 5.1491594
130.94 5.1485619
130.95 5.1479405
130.96 5.147343
130.97 5.1467455
130.98 5.146148
130.99 5.1455266
131.0 5.1449291
131.01 5.1443316
131.02 5.1437341
131.03 5.1431127
131.04 5.1425152
131.05 5.1419177
131.06 5.1413202
131.07 5.1406988
131.08 5.1401013
131.09 5.1395038
131.1 5.1389063
131.11 5.1382849
131.12 5.1376874
131.13 5.1370899
131.14 5.1364924
131.15 5.135871
131.16 5.1352735
131.17 5.134676
131.18 5.1340785
131.19 5.133481
131.2 5.1328596
131.21 5.1322621
131.22 5.1316646
131.23 5.1310671
131.24 5.1304457
131.25 5.1298482
131.26 5.1292507
131.27 5.1286532
131.28 5.1280557
131.29 5.1274343
131.3 5.1268368
131.31 5.1262393
131.32 5.1256418
131.33 5.1250443
131.34 5.1244229
131.35 5.1238254
131.36 5.1232279
131.37 5.1226304
131.38 5.1220329
131.39 5.1214115
131.4 5.120814
131.41 5.1202165
131.42 5.119619
131.43 5.1190215
131.44 5.1184001
131.45 5.1178026
131.46 5.1172051
131.47 5.1166076
131.48 5.1160101
131.49 5.1153887
131.5 5.1147912
131.51 5.1141937
131.52 5.1135962
131.53 5.1129987
131.54 5.1124012
131.55 5.1117798
131.56 5.1111823
131.57 5.1105848
131.58 5.1099873
131.59 5.1093898
131.6 5.1087923
131.61 5.1081709
131.62 5.1075734
131.63 5.1069759
131.64 5.1063784
131.65 5.1057809
131.66 5.1051834
131.67 5.104562
131.68 5.1039645
131.69 5.103367
131.7 5.1027695
131.71 5.102172
131.72 5.1015745
131.73 5.100977
131.74 5.1003556
131.75 5.0997581
131.76 5.0991606
131.77 5.0985631
131.78 5.0979656
131.79 5.0973681
131.8 5.0967706
131.81 5.0961492
131.82 5.0955517
131.83 5.0949542
131.84 5.0943567
131.85 5.0937592
131.86 5.0931617
131.87 5.0925642
131.88 5.0919667
131.89 5.0913692
131.9 5.0907478
131.91 5.0901503
131.92 5.0895528
131.93 5.0889553
131.94 5.0883578
131.95 5.0877603
131.96 5.0871628
131.97 5.0865653
131.98 5.0859678
131.99 5.0853464
132.0 5.0847489
132.01 5.0841514
132.02 5.0835539
132.03 5.0829564
132.04 5.0823589
132.05 5.0817614
132.06 5.0811639
132.07 5.0805664
132.08 5.0799689
132.09 5.0793714
132.1 5.0787739
132.11 5.0781525
132.12 5.077555
132.13 5.0769575
132.14 5.07636
132.15 5.0757625
132.16 5.075165
132.17 5.0745675
132.18 5.07397
132.19 5.0733725
132.2 5.072775
132.21 5.0721775
132.22 5.07158
132.23 5.0709825
132.24 5.070385
132.25 5.0697875
132.26 5.06919
132.27 5.0685925
132.28 5.067995
132.29 5.0673736
132.3 5.0667761
132.31 5.0661786
132.32 5.0655811
132.33 5.0649836
132.34 5.0643861
132.35 5.0637886
132.36 5.0631911
132.37 5.0625936
132.38 5.0619961
132.39 5.0613986
132.4 5.0608011
132.41 5.0602036
132.42 5.0596061
132.43 5.0590086
132.44 5.0584111
132.45 5.0578136
132.46 5.0572161
132.47 5.0566186
132.48 5.0560211
132.49 5.0554236
132.5 5.0548261
132.51 5.0542286
132.52 5.0536311
132.53 5.0530336
132.54 5.0524361
132.55 5.0518386
132.56 5.0512411
132.57 5.0506436
132.58 5.0500461
132.59 5.0494486
132.6 5.0488511
132.61 5.0482536
132.62 5.0476561
132.63 5.0470586
132.64 5.0464611
132.65 5.0458636
132.66 5.04529
132.67 5.0446925
132.68 5.044095
132.69 5.0434975
132.7 5.0429
132.71 5.0423025
132.72 5.041705
132.73 5.0411075
132.74 5.04051
132.75 5.0399125
132.76 5.039315
132.77 5.0387175
132.78 5.03812
132.79 5.0375225
132.8 5.036925
132.81 5.0363275
132.82 5.03573
132.83 5.0351564
132.84 5.0345589
132.85 5.0339614
132.86 5.0333639
132.87 5.0327664
132.88 5.0321689
132.89 5.0315714
132.9 5.0309739
132.91 5.0303764
132.92 5.0297789
132.93 5.0291814
132.94 5.0286078
132.95 5.0280103
132.96 5.0274128
132.97 5.0268153
132.98 5.0262178
132.99 5.0256203
133.0 5.0250228
133.01 5.0244253
133.02 5.0238278
133.03 5.0232542
133.04 5.0226567
133.05 5.0220592
133.06 5.0214617
133.07 5.0208642
133.08 5.0202667
133.09 5.0196692
133.1 5.0190956
133.11 5.0184981
133.12 5.0179006
133.13 5.0173031
133.14 5.0167056
133.15 5.0161081
133.16 5.0155106
133.17 5.014937
133.18 5.0143395
133.19 5.013742
133.2 5.0131445
133.21 5.012547
133.22 5.0119495
133.23 5.0113759
133.24 5.0107784
133.25 5.0101809
133.26 5.0095834
133.27 5.0089859
133.28 5.0084123
133.29 5.0078148
133.3 5.0072173
133.31 5.0066198
133.32 5.0060223
133.33 5.0054487
133.34 5.0048512
133.35 5.0042537
133.36 5.0036562
133.37 5.0030587
133.38 5.0024851
133.39 5.0018876
133.4 5.0012901
133.41 5.0006926
133.42 5.0000951
133.43 4.9995215
133.44 4.998924
133.45 4.9983265
133.46 4.997729
133.47 4.9971554
133.48 4.9965579
133.49 4.9959604
133.5 4.9953629
133.51 4.9947893
133.52 4.9941918
133.53 4.9935943
133.54 4.9929968
133.55 4.9924232
133.56 4.9918257
133.57 4.9912282
133.58 4.9906307
133.59 4.9900571
133.6 4.9894596
133.61 4.9888621
133.62 4.9882646
133.63 4.987691
133.64 4.9870935
133.65 4.986496
133.66 4.9859224
133.67 4.9853249
133.68 4.9847274
133.69 4.9841538
133.7 4.9835563
133.71 4.9829588
133.72 4.9823613
133.73 4.9817877
133.74 4.9811902
133.75 4.9805927
133.76 4.9800191
133.77 4.9794216
133.78 4.9788241
133.79 4.9782505
133.8 4.977653
133.81 4.9770555
133.82 4.9764819
133.83 4.9758844
133.84 4.9752869
133.85 4.9747133
133.86 4.9741158
133.87 4.9735183
133.88 4.9729447
133.89 4.9723472
133.9 4.9717497
133.91 4.9711761
133.92 4.9705786
133.93 4.9699811
133.94 4.9694075
133.95 4.96881
133.96 4.9682364
133.97 4.9676389
133.98 4.9670414
133.99 4.9664678
134.0 4.9658703
134.01 4.9652728
134.02 4.9646992
134.03 4.9641017
134.04 4.9635281
134.05 4.9629306
134.06 4.9623331
134.07 4.9617595
134.08 4.961162
134.09 4.9605884
134.1 4.9599909
134.11 4.9593934
134.12 4.9588198
134.13 4.9582223
134.14 4.9576487
134.15 4.9570512
134.16 4.9564776
134.17 4.9558801
134.18 4.9552826
134.19 4.954709
134.2 4.9541115
134.21 4.9535379
134.22 4.9529404
134.23 4.9523668
134.24 4.9517693
134.25 4.9511957
134.26 4.9505982
134.27 4.9500246
134.28 4.9494271
134.29 4.9488296
134.3 4.948256
134.31 4.9476585
134.32 4.9470849
134.33 4.9464874
134.34 4.9459138
134.35 4.9453163
134.36 4.9447427
134.37 4.9441452
134.38 4.9435716
134.39 4.9429741
134.4 4.9424005
134.41 4.941803
134.42 4.9412294
134.43 4.9406319
134.44 4.9400583
134.45 4.9394608
134.46 4.9388872
134.47 4.9382897
134.48 4.9377161
134.49 4.9371425
134.5 4.936545
134.51 4.9359714
134.52 4.9353739
134.53 4.9348003
134.54 4.9342028
134.55 4.9336292
134.56 4.9330317
134.57 4.9324581
134.58 4.9318606
134.59 4.931287
134.6 4.9307134
134.61 4.9301159
134.62 4.9295423
134.63 4.9289448
134.64 4.9283712
134.65 4.9277737
134.66 4.9272001
134.67 4.9266265
134.68 4.926029
134.69 4.9254554
134.7 4.9248579
134.71 4.9242843
134.72 4.9237107
134.73 4.9231132
134.74 4.9225396
134.75 4.9219421
134.76 4.9213685
134.77 4.9207949
134.78 4.9201974
134.79 4.9196238
134.8 4.9190502
134.81 4.9184527
134.82 4.9178791
134.83 4.9173055
134.84 4.916708
134.85 4.9161344
134.86 4.9155369
134.87 4.9149633
134.88 4.9143897
134.89 4.9137922
134.9 4.9132186
134.91 4.912645
134.92 4.9120475
134.93 4.9114739
134.94 4.9109003
134.95 4.9103028
134.96 4.9097292
134.97 4.9091556
134.98 4.908582
134.99 4.9079845
135.0 4.9074109
135.01 4.9068373
135.02 4.9062398
135.03 4.9056662
135.04 4.9050926
135.05 4.9044951
135.06 4.9039215
135.07 4.9033479
135.08 4.9027743
135.09 4.9021768
135.1 4.9016032
135.11 4.9010296
135.12 4.900456
135.13 4.8998585
135.14 4.8992849
135.15 4.8987113
135.16 4.8981377
135.17 4.8975402
135.18 4.8969666
135.19 4.896393
135.2 4.8958194
135.21 4.8952219
135.22 4.8946483
135.23 4.8940747
135.24 4.8935011
135.25 4.8929036
135.26 4.89233
135.27 4.8917564
135.28 4.8911828
135.29 4.8906092
135.3 4.8900117
135.31 4.8894381
135.32 4.8888645
135.33 4.8882909
135.34 4.8877173
135.35 4.8871198
135.36 4.8865462
135.37 4.8859726
135.38 4.885399
135.39 4.8848254
135.4 4.8842518
135.41 4.8836543
135.42 4.8830807
135.43 4.8825071
135.44 4.8819335
135.45 4.8813599
135.46 4.8807863
135.47 4.8802127
135.48 4.8796152
135.49 4.8790416
135.5 4.878468
135.51 4.8778944
135.52 4.8773208
135.53 4.8767472
135.54 4.8761736
135.55 4.8756
135.56 4.8750025
135.57 4.8744289
135.58 4.8738553
135.59 4.8732817
135.6 4.8727081
135.61 4.8721345
135.62 4.8715609
135.63 4.8709873
135.64 4.8704137
135.65 4.8698401
135.66 4.8692665
135.67 4.8686929
135.68 4.8680954
135.69 4.8675218
135.7 4.8669482
135.71 4.8663746
135.72 4.865801
135.73 4.8652274
135.74 4.8646538
135.75 4.8640802
135.76 4.8635066
135.77 4.862933
135.78 4.8623594
135.79 4.8617858
135.8 4.8612122
135.81 4.8606386
135.82 4.860065
135.83 4.8594914
135.84 4.8589178
135.85 4.8583442
135.86 4.8577706
135.87 4.857197
135.88 4.8566234
135.89 4.8560498
135.9 4.8554762
135.91 4.8549026
135.92 4.854329
135.93 4.8537554
135.94 4.8531818
135.95 4.8526082
135.96 4.8520346
135.97 4.851461
135.98 4.8508874
135.99 4.8503138
136.0 4.8497402
136.01 4.8491905
136.02 4.8486169
136.03 4.8480433
136.04 4.8474697
136.05 4.8468961
136.06 4.8463225
136.07 4.8457489
136.08 4.8451753
136.09 4.8446017
136.1 4.8440281
136.11 4.8434545
136.12 4.8428809
136.13 4.8423312
136.14 4.8417576
136.15 4.841184
136.16 4.8406104
136.17 4.8400368
136.18 4.8394632
136.19 4.8388896
136.2 4.838316
136.21 4.8377663
136.22 4.8371927
136.23 4.8366191
136.24 4.8360455
136.25 4.8354719
136.26 4.8348983
136.27 4.8343247
136.28 4.833775
136.29 4.8332014
136.3 4.8326278
136.31 4.8320542
136.32 4.8314806
136.33 4.830907
136.34 4.8303573
136.35 4.8297837
136.36 4.8292101
136.37 4.8286365
136.38 4.8280629
136.39 4.8275132
136.4 4.8269396
136.41 4.826366
136.42 4.8257924
136.43 4.8252427
136.44 4.8246691
136.45 4.8240955
136.46 4.8235219
136.47 4.8229483
136.48 4.8223986
136.49 4.821825
136.5 4.8212514
136.51 4.8206778
136.52 4.8201281
136.53 4.8195545
136.54 4.8189809
136.55 4.8184312
136.56 4.8178576
136.57 4.817284
136.58 4.8167104
136.59 4.8161607
136.6 4.8155871
136.61 4.8150135
136.62 4.8144638
136.63 4.8138902
136.64 4.8133166
136.65 4.812743
136.66 4.8121933
136.67 4.8116197
136.68 4.8110461
136.69 4.8104964
136.7 4.8099228
136.71 4.8093492
136.72 4.8087995
136.73 4.8082259
136.74 4.8076523
136.75 4.8071026
136.76 4.806529
136.77 4.8059793
136.78 4.8054057
136.79 4.8048321
136.8 4.8042824
136.81 4.8037088
136.82 4.8031352
136.83 4.8025855
136.84 4.8020119
136.85 4.8014622
136.86 4.8008886
136.87 4.800315
136.88 4.7997653
136.89 4.7991917
136.9 4.798642
136.91 4.7980684
136.92 4.7974948
136.93 4.7969451
136.94 4.7963715
136.95 4.7958218
136.96 4.7952482
136.97 4.7946985
136.98 4.7941249
136.99 4.7935752
137.0 4.7930016
137.01 4.792428
137.02 4.7918783
137.03 4.7913047
137.04 4.790755
137.05 4.7901814
137.06 4.7896317
137.07 4.7890581
137.08 4.7885084
137.09 4.7879348
137.1 4.7873851
137.11 4.7868115
137.12 4.7862618
137.13 4.7856882
137.14 4.7851385
137.15 4.7845649
137.16 4.7840152
137.17 4.7834416
137.18 4.7828919
137.19 4.7823183
137.2 4.7817686
137.21 4.7812189
137.22 4.7806453
137.23 4.7800956
137.24 4.779522
137.25 4.7789723
137.26 4.7783987
137.27 4.777849
137.28 4.7772993
137.29 4.7767257
137.3 4.776176
137.31 4.7756024
137.32 4.7750527
137.33 4.7744791
137.34 4.7739294
137.35 4.7733797
137.36 4.7728061
137.37 4.7722564
137.38 4.7717067
137.39 4.7711331
137.4 4.7705834
137.41 4.7700098
137.42 4.7694601
137.43 4.7689104
137.44 4.7683368
137.45 4.7677871
137.46 4.7672374
137.47 4.7666638
137.48 4.7661141
137.49 4.7655644
137.5 4.7649908
137.51 4.7644411
137.52 4.7638914
137.53 4.7633178
137.54 4.7627681
137.55 4.7622184
137.56 4.7616448
137.57 4.7610951
137.58 4.7605454
137.59 4.7599957
137.6 4.7594221
137.61 4.7588724
137.62 4.7583227
137.63 4.7577491
137.64 4.7571994
137.65 4.7566497
137.66 4.7561
137.67 4.7555264
137.68 4.7549767
137.69 4.754427
137.7 4.7538773
137.71 4.7533037
137.72 4.752754
137.73 4.7522043
137.74 4.7516546
137.75 4.7511049
137.76 4.7505313
137.77 4.7499816
137.78 4.7494319
137.79 4.7488822
137.8 4.7483086
137.81 4.7477589
137.82 4.7472092
137.83 4.7466595
137.84 4.7461098
137.85 4.7455601
137.86 4.7449865
137.87 4.7444368
137.88 4.7438871
137.89 4.7433374
137.9 4.7427877
137.91 4.742238
137.92 4.7416644
137.93 4.7411147
137.94 4.740565
137.95 4.7400153
137.96 4.7394656
137.97 4.7389159
137.98 4.7383662
137.99 4.7378165
138.0 4.7372668
138.01 4.7366932
138.02 4.7361435
138.03 4.7355938
138.04 4.7350441
138.05 4.7344944
138.06 4.7339447
138.07 4.733395
138.08 4.7328453
138.09 4.7322956
138.1 4.7317459
138.11 4.7311962
138.12 4.7306465
138.13 4.7300968
138.14 4.7295471
138.15 4.7289974
138.16 4.7284238
138.17 4.7278741
138.18 4.7273244
138.19 4.7267747
138.2 4.726225
138.21 4.7256753
138.22 4.7251256
138.23 4.7245759
138.24 4.7240262
138.25 4.7234765
138.26 4.7229268
138.27 4.7223771
138.28 4.7218274
138.29 4.7212777
138.3 4.7207519
138.31 4.7202022
138.32 4.7196525
138.33 4.7191028
138.34 4.7185531
138.35 4.7180034
138.36 4.7174537
138.37 4.716904
138.38 4.7163543
138.39 4.7158046
138.4 4.7152549
138.41 4.7147052
138.42 4.7141555
138.43 4.7136058
138.44 4.7130561
138.45 4.7125303
138.46 4.7119806
138.47 4.7114309
138.48 4.7108812
138.49 4.7103315
138.5 4.7097818
138.51 4.7092321
138.52 4.7086824
138.53 4.7081566
138.54 4.7076069
138.55 4.7070572
138.56 4.7065075
138.57 4.7059578
138.58 4.7054081
138.59 4.7048823
138.6 4.7043326
138.61 4.7037829
138.62 4.7032332
138.63 4.7026835
138.64 4.7021338
138.65 4.701608
138.66 4.7010583
138.67 4.7005086
138.68 4.6999589
138.69 4.6994092
138.7 4.6988834
138.71 4.6983337
138.72 4.697784
138.73 4.6972343
138.74 4.6967085
138.75 4.6961588
138.76 4.6956091
138.77 4.6950594
138.78 4.6945336
138.79 4.6939839
138.8 4.6934342
138.81 4.6928845
138.82 4.6923587
138.83 4.691809
138.84 4.6912593
138.85 4.6907335
138.86 4.6901838
138.87 4.6896341
138.88 4.6890844
138.89 4.6885586
138.9 4.6880089
138.91 4.6874592
138.92 4.6869334
138.93 4.6863837
138.94 4.685834
138.95 4.6853082
138.96 4.6847585
138.97 4.6842088
138.98 4.683683
138.99 4.6831333
139.0 4.6826075
139.01 4.6820578
139.02 4.6815081
139.03 4.6809823
139.04 4.6804326
139.05 4.6798829
139.06 4.6793571
139.07 4.6788074
139.08 4.6782816
139.09 4.6777319
139.1 4.6772061
139.11 4.6766564
139.12 4.6761067
139.13 4.6755809
139.14 4.6750312
139.15 4.6745054
139.16 4.6739557
139.17 4.6734299
139.18 4.6728802
139.19 4.6723305
139.2 4.6718047
139.21 4.671255
139.22 4.6707292
139.23 4.6701795
139.24 4.6696537
139.25 4.669104
139.26 4.6685782
139.27 4.6680285
139.28 4.6675027
139.29 4.666953
139.3 4.6664272
139.31 4.6658775
139.32 4.6653517
139.33 4.664802
139.34 4.6642762
139.35 4.6637265
139.36 4.6632007
139.37 4.6626749
139.38 4.6621252
139.39 4.6615994
139.4 4.6610497
139.41 4.6605239
139.42 4.6599742
139.43 4.6594484
139.44 4.6589226
139.45 4.6583729
139.46 4.6578471
139.47 4.6572974
139.48 4.6567716
139.49 4.6562458
139.5 4.6556961
139.51 4.6551703
139.52 4.6546206
139.53 4.6540948
139.54 4.653569
139.55 4.6530193
139.56 4.6524935
139.57 4.6519677
139.58 4.651418
139.59 4.6508922
139.6 4.6503664
139.61 4.6498167
139.62 4.6492909
139.63 4.6487651
139.64 4.6482154
139.65 4.6476896
139.66 4.6471638
139.67 4.6466141
139.68 4.6460883
139.69 4.6455625
139.7 4.6450128
139.71 4.644487
139.72 4.6439612
139.73 4.6434354
139.74 4.6428857
139.75 4.6423599
139.76 4.6418341
139.77 4.6413083
139.78 4.6407586
139.79 4.6402328
139.8 4.639707
139.81 4.6391812
139.82 4.6386315
139.83 4.6381057
139.84 4.6375799
139.85 4.6370541
139.86 4.6365283
139.87 4.6359786
139.88 4.6354528
139.89 4.634927
139.9 4.6344012
139.91 4.6338754
139.92 4.6333257
139.93 4.6327999
139.94 4.6322741
139.95 4.6317483
139.96 4.6312225
139.97 4.6306967
139.98 4.6301709
139.99 4.6296212
140.0 4.6290954
140.01 4.6285696
140.02 4.6280438
140.03 4.627518
140.04 4.6269922
140.05 4.6264664
140.06 4.6259406
140.07 4.6253909
140.08 4.6248651
140.09 4.6243393
140.1 4.6238135
140.11 4.6232877
140.12 4.6227619
140.13 4.6222361
140.14 4.6217103
140.15 4.6211845
140.16 4.6206587
140.17 4.6201329
140.18 4.6196071
140.19 4.6190813
140.2 4.6185555
140.21 4.6180297
140.22 4.6175039
140.23 4.6169781
140.24 4.6164523
140.25 4.6159265
140.26 4.6154007
140.27 4.6148749
140.28 4.6143491
140.29 4.6138233
140.3 4.6132975
140.31 4.6127717
140.32 4.6122459
140.33 4.6117201
140.34 4.6111943
140.35 4.6106685
140.36 4.6101427
140.37 4.6096169
140.38 4.6090911
140.39 4.6085653
140.4 4.6080395
140.41 4.6075137
140.42 4.6069879
140.43 4.6064621
140.44 4.6059602
140.45 4.6054344
140.46 4.6049086
140.47 4.6043828
140.48 4.603857
140.49 4.6033312
140.5 4.6028054
140.51 4.6022796
140.52 4.6017777
140.53 4.6012519
140.54 4.6007261
140.55 4.6002003
140.56 4.5996745
140.57 4.5991487
140.58 4.5986229
140.59 4.598121
140.6 4.5975952
140.61 4.5970694
140.62 4.5965436
140.63 4.5960178
140.64 4.5955159
140.65 4.5949901
140.66 4.5944643
140.67 4.5939385
140.68 4.5934127
140.69 4.5929108
140.7 4.592385
140.71 4.5918592
140.72 4.5913334
140.73 4.5908315
140.74 4.5903057
140.75 4.5897799
140.76 4.5892541
140.77 4.5887522
140.78 4.5882264
140.79 4.5877006
140.8 4.5871987
140.81 4.5866729
140.82 4.5861471
140.83 4.5856213
140.84 4.5851194
140.85 4.5845936
140.86 4.5840678
140.87 4.5835659
140.88 4.5830401
140.89 4.5825143
140.9 4.5820124
140.91 4.5814866
140.92 4.5809608
140.93 4.5804589
140.94 4.5799331
140.95 4.5794073
140.96 4.5789054
140.97 4.5783796
140.98 4.5778777
140.99 4.5773519
141.0 4.5768261
141.01 4.5763242
141.02 4.5757984
141.03 4.5752965
141.04 4.5747707
141.05 4.5742449
141.06 4.573743
141.07 4.5732172
141.08 4.5727153
141.09 4.5721895
141.1 4.5716876
141.11 4.5711618
141.12 4.5706599
141.13 4.5701341
141.14 4.5696083
141.15 4.5691064
141.16 4.5685806
141.17 4.5680787
141.18 4.5675529
141.19 4.567051
141.2 4.5665252
141.21 4.5660233
141.22 4.5654975
141.23 4.5649956
141.24 4.5644698
141.25 4.5639679
141.26 4.5634421
141.27 4.5629402
141.28 4.5624383
141.29 4.5619125
141.3 4.5614106
141.31 4.5608848
141.32 4.5603829
141.33 4.5598571
141.34 4.5593552
141.35 4.5588533
141.36 4.5583275
141.37 4.5578256
141.38 4.5572998
141.39 4.5567979
141.4 4.556296
141.41 4.5557702
141.42 4.5552683
141.43 4.5547425
141.44 4.5542406
141.45 4.5537387
141.46 4.5532129
141.47 4.552711
141.48 4.5522091
141.49 4.5516833
141.5 4.5511814
141.51 4.5506795
141.52 4.5501537
141.53 4.5496518
141.54 4.5491499
141.55 4.5486241
141.56 4.5481222
141.57 4.5476203
141.58 4.5470945
141.59 4.5465926
141.6 4.5460907
141.61 4.5455888
141.62 4.545063
141.63 4.5445611
141.64 4.5440592
141.65 4.5435573
141.66 4.5430315
141.67 4.5425296
141.68 4.5420277
141.69 4.5415258
141.7 4.541
141.71 4.5404981
141.72 4.5399962
141.73 4.5394943
141.74 4.5389924
141.75 4.5384666
141.76 4.5379647
141.77 4.5374628
141.78 4.5369609
141.79 4.536459
141.8 4.5359332
141.81 4.5354313
141.82 4.5349294
141.83 4.5344275
141.84 4.5339256
141.85 4.5334237
141.86 4.5329218
141.87 4.532396
141.88 4.5318941
141.89 4.5313922
141.9 4.5308903
141.91 4.5303884
141.92 4.5298865
141.93 4.5293846
141.94 4.5288827
141.95 4.5283808
141.96 4.527855
141.97 4.5273531
141.98 4.5268512
141.99 4.5263493
142.0 4.5258474
142.01 4.5253455
142.02 4.5248436
142.03 4.5243417
142.04 4.5238398
142.05 4.5233379
142.06 4.522836
142.07 4.5223341
142.08 4.5218322
142.09 4.5213303
142.1 4.5208284
142.11 4.5203265
142.12 4.5198246
142.13 4.5193227
142.14 4.5188208
142.15 4.5183189
142.16 4.517817
142.17 4.5173151
142.18 4.5168132
142.19 4.5163113
142.2 4.5158094
142.21 4.5153075
142.22 4.5148056
142.23 4.5143037
142.24 4.5138018
142.25 4.5133238
142.26 4.5128219
142.27 4.51232
142.28 4.5118181
142.29 4.5113162
142.3 4.5108143
142.31 4.5103124
142.32 4.5098105
142.33 4.5093086
142.34 4.5088067
142.35 4.5083287
142.36 4.5078268
142.37 4.5073249
142.38 4.506823
142.39 4.5063211
142.4 4.5058192
142.41 4.5053412
142.42 4.5048393
142.43 4.5043374
142.44 4.5038355
142.45 4.5033336
142.46 4.5028556
142.47 4.5023537
142.48 4.5018518
142.49 4.5013499
142.5 4.500848
142.51 4.50037
142.52 4.4998681
142.53 4.4993662
142.54 4.4988643
142.55 4.4983863
142.56 4.4978844
142.57 4.4973825
142.58 4.4968806
142.59 4.4964026
142.6 4.4959007
142.61 4.4953988
142.62 4.4948969
142.63 4.4944189
142.64 4.493917
142.65 4.4934151
142.66 4.4929371
142.67 4.4924352
142.68 4.4919333
142.69 4.4914553
142.7 4.4909534
142.71 4.4904515
142.72 4.4899735
142.73 4.4894716
142.74 4.4889697
142.75 4.4884917
142.76 4.4879898
142.77 4.4874879
142.78 4.4870099
142.79 4.486508
142.8 4.48603
142.81 4.4855281
142.82 4.4850262
142.83 4.4845482
142.84 4.4840463
142.85 4.4835683
142.86 4.4830664
142.87 4.4825884
142.88 4.4820865
142.89 4.4815846
142.9 4.4811066
142.91 4.4806047
142.92 4.4801267
142.93 4.4796248
142.94 4.4791468
142.95 4.4786449
142.96 4.4781669
142.97 4.477665
142.98 4.477187
142.99 4.4766851
143.0 4.4762071
143.01 4.4757052
143.02 4.4752272
143.03 4.4747253
143.04 4.4742473
143.05 4.4737454
143.06 4.4732674
143.07 4.4727655
143.08 4.4722875
143.09 4.4717856
143.1 4.4713076
143.11 4.4708296
143.12 4.4703277
143.13 4.4698497
143.14 4.4693478
143.15 4.4688698
143.16 4.4683918
143.17 4.4678899
143.18 4.4674119
143.19 4.46691
143.2 4.466432
143.21 4.465954
143.22 4.4654521
143.23 4.4649741
143.24 4.4644961
143.25 4.4639942
143.26 4.4635162
143.27 4.4630143
143.28 4.4625363
143.29 4.4620583
143.3 4.4615564
143.31 4.4610784
143.32 4.4606004
143.33 4.4601224
143.34 4.4596205
143.35 4.4591425
143.36 4.4586645
143.37 4.4581626
143.38 4.4576846
143.39 4.4572066
143.4 4.4567286
143.41 4.4562267
143.42 4.4557487
143.43 4.4552707
143.44 4.4547927
143.45 4.4542908
143.46 4.4538128
143.47 4.4533348
143.48 4.4528568
143.49 4.4523549
143.5 4.4518769
143.51 4.4513989
143.52 4.4509209
143.53 4.4504429
143.54 4.449941
143.55 4.449463
143.56 4.448985
143.57 4.448507
143.58 4.448029
143.59 4.447551
143.6 4.447073
143.61 4.4465711
143.62 4.4460931
143.63 4.4456151
143.64 4.4451371
143.65 4.4446591
143.66 4.4441811
143.67 4.4437031
143.68 4.4432251
143.69 4.4427232
143.7 4.4422452
143.71 4.4417672
143.72 4.4412892
143.73 4.4408112
143.74 4.4403332
143.75 4.4398552
143.76 4.4393772
143.77 4.4388992
143.78 4.4384212
143.79 4.4379432
143.8 4.4374652
143.81 4.4369872
143.82 4.4365092
143.83 4.4360312
143.84 4.4355532
143.85 4.4350752
143.86 4.4345972
143.87 4.4341192
143.88 4.4336412
143.89 4.4331632
143.9 4.4326852
143.91 4.4322072
143.92 4.4317292
143.93 4.4312512
143.94 4.4307732
143.95 4.4302952
143.96 4.4298172
143.97 4.4293392
143.98 4.4288612
143.99 4.4283832
144.0 4.4279052
144.01 4.4274272
144.02 4.4269492
144.03 4.4264951
144.04 4.4260171
144.05 4.4255391
144.06 4.4250611
144.07 4.4245831
144.08 4.4241051
144.09 4.4236271
144.1 4.4231491
144.11 4.422695
144.12 4.422217
144.13 4.421739
144.14 4.421261
144.15 4.420783
144.16 4.420305
144.17 4.4198509
144.18 4.4193729
144.19 4.4188949
144.2 4.4184169
144.21 4.4179389
144.22 4.4174848
144.23 4.4170068
144.24 4.4165288
144.25 4.4160508
144.26 4.4155967
144.27 4.4151187
144.28 4.4146407
144.29 4.4141627
144.3 4.4137086
144.31 4.4132306
144.32 4.4127526
144.33 4.4122746
144.34 4.4118205
144.35 4.4113425
144.36 4.4108645
144.37 4.4103865
144.38 4.4099324
144.39 4.4094544
144.4 4.4089764
144.41 4.4085223
144.42 4.4080443
144.43 4.4075663
144.44 4.4071122
144.45 4.4066342
144.46 4.4061562
144.47 4.4057021
144.48 4.4052241
144.49 4.40477
144.5 4.404292
144.51 4.403814
144.52 4.4033599
144.53 4.4028819
144.54 4.4024039
144.55 4.4019498
144.56 4.4014718
144.57 4.4010177
144.58 4.4005397
144.59 4.4000856
144.6 4.3996076
144.61 4.3991296
144.62 4.3986755
144.63 4.3981975
144.64 4.3977434
144.65 4.3972654
144.66 4.3968113
144.67 4.3963333
144.68 4.3958792
144.69 4.3954012
144.7 4.3949471
144.71 4.3944691
144.72 4.394015
144.73 4.393537
144.74 4.3930829
144.75 4.3926049
144.76 4.3921508
144.77 4.3916728
144.78 4.3912187
144.79 4.3907407
144.8 4.3902866
144.81 4.3898325
144.82 4.3893545
144.83 4.3889004
144.84 4.3884224
144.85 4.3879683
144.86 4.3874903
144.87 4.3870362
144.88 4.3865821
144.89 4.3861041
144.9 4.38565
144.91 4.385172
144.92 4.3847179
144.93 4.3842638
144.94 4.3837858
144.95 4.3833317
144.96 4.3828776
144.97 4.3823996
144.98 4.3819455
144.99 4.3814914
145.0 4.3810134
145.01 4.3805593
145.02 4.3801052
145.03 4.3796272
145.04 4.3791731
145.05 4.378719
145.06 4.378241
145.07 4.3777869
145.08 4.3773328
145.09 4.3768787
145.1 4.3764007
145.11 4.3759466
145.12 4.3754925
145.13 4.3750145
145.14 4.3745604
145.15 4.3741063
145.16 4.3736522
145.17 4.3731981
145.18 4.3727201
145.19 4.372266
145.2 4.3718119
145.21 4.3713578
145.22 4.3708798
145.23 4.3704257
145.24 4.3699716
145.25 4.3695175
145.26 4.3690634
145.27 4.3686093
145.28 4.3681313
145.29 4.3676772
145.3 4.3672231
145.31 4.366769
145.32 4.3663149
145.33 4.3658608
145.34 4.3654067
145.35 4.3649287
145.36 4.3644746
145.37 4.3640205
145.38 4.3635664
145.39 4.3631123
145.4 4.3626582
145.41 4.3622041
145.42 4.36175
145.43 4.3612959
145.44 4.3608418
145.45 4.3603877
145.46 4.3599097
145.47 4.3594556
145.48 4.3590015
145.49 4.3585474
145.5 4.3580933
145.51 4.3576392
145.52 4.3571851
145.53 4.356731
145.54 4.3562769
145.55 4.3558228
145.56 4.3553687
145.57 4.3549146
145.58 4.3544605
145.59 4.3540064
145.6 4.3535523
145.61 4.3530982
145.62 4.3526441
145.63 4.35219
145.64 4.3517359
145.65 4.3513057
145.66 4.3508516
145.67 4.3503975
145.68 4.3499434
145.69 4.3494893
145.7 4.3490352
145.71 4.3485811
145.72 4.348127
145.73 4.3476729
145.74 4.3472188
145.75 4.3467647
145.76 4.3463345
145.77 4.3458804
145.78 4.3454263
145.79 4.3449722
145.8 4.3445181
145.81 4.344064
145.82 4.3436099
145.83 4.3431797
145.84 4.3427256
145.85 4.3422715
145.86 4.3418174
145.87 4.3413633
145.88 4.3409092
145.89 4.340479
145.9 4.3400249
145.91 4.3395708
145.92 4.3391167
145.93 4.3386626
145.94 4.3382324
145.95 4.3377783
145.96 4.3373242
145.97 4.3368701
145.98 4.3364399
145.99 4.3359858
146.0 4.3355317
146.01 4.3350776
146.02 4.3346474
146.03 4.3341933
146.04 4.3337392
146.05 4.333309
146.06 4.3328549
146.07 4.3324008
146.08 4.3319706
146.09 4.3315165
146.1 4.3310624
146.11 4.3306083
146.12 4.3301781
146.13 4.329724
146.14 4.3292938
146.15 4.3288397
146.16 4.3283856
146.17 4.3279554
146.18 4.3275013
146.19 4.3270472
146.2 4.326617
146.21 4.3261629
146.22 4.3257327
146.23 4.3252786
146.24 4.3248245
146.25 4.3243943
146.26 4.3239402
146.27 4.32351
146.28 4.3230559
146.29 4.3226018
146.3 4.3221716
146.31 4.3217175
146.32 4.3212873
146.33 4.3208332
146.34 4.320403
146.35 4.3199489
146.36 4.3195187
146.37 4.3190646
146.38 4.3186344
146.39 4.3181803
146.4 4.3177501
146.41 4.317296
146.42 4.3168658
146.43 4.3164117
146.44 4.3159815
146.45 4.3155274
146.46 4.3150972
146.47 4.3146431
146.48 4.3142129
146.49 4.3137588
146.5 4.3133286
146.51 4.3128984
146.52 4.3124443
146.53 4.3120141
146.54 4.31156
146.55 4.3111298
146.56 4.3106757
146.57 4.3102455
146.58 4.3098153
146.59 4.3093612
146.6 4.308931
146.61 4.3085008
146.62 4.3080467
146.63 4.3076165
146.64 4.3071624
146.65 4.3067322
146.66 4.306302
146.67 4.3058479
146.68 4.3054177
146.69 4.3049875
146.7 4.3045334
146.71 4.3041032
146.72 4.303673
146.73 4.3032189
146.74 4.3027887
146.75 4.3023585
146.76 4.3019283
146.77 4.3014742
146.78 4.301044
146.79 4.3006138
146.8 4.3001836
146.81 4.2997295
146.82 4.2992993
146.83 4.2988691
146.84 4.2984389
146.85 4.2979848
146.86 4.2975546
146.87 4.2971244
146.88 4.2966942
146.89 4.2962401
146.9 4.2958099
146.91 4.2953797
146.92 4.2949495
146.93 4.2945193
146.94 4.2940891
146.95 4.293635
146.96 4.2932048
146.97 4.2927746
146.98 4.2923444
146.99 4.2919142
147.0 4.291484
147.01 4.2910299
147.02 4.2905997
147.03 4.2901695
147.04 4.2897393
147.05 4.2893091
147.06 4.2888789
147.07 4.2884487
147.08 4.2880185
147.09 4.2875883
147.1 4.2871342
147.11 4.286704
147.12 4.2862738
147.13 4.2858436
147.14 4.2854134
147.15 4.2849832
147.16 4.284553
147.17 4.2841228
147.18 4.2836926
147.19 4.2832624
147.2 4.2828322
147.21 4.282402
147.22 4.2819718
147.23 4.2815416
147.24 4.2811114
147.25 4.2806812
147.26 4.280251
147.27 4.2798208
147.28 4.2793906
147.29 4.2789604
147.3 4.2785302
147.31 4.2781
147.32 4.2776698
147.33 4.2772396
147.34 4.2768094
147.35 4.2763792
147.36 4.275949
147.37 4.2755188
147.38 4.2751125
147.39 4.2746823
147.4 4.2742521
147.41 4.2738219
147.42 4.2733917
147.43 4.2729615
147.44 4.2725313
147.45 4.2721011
147.46 4.2716709
147.47 4.2712646
147.48 4.2708344
147.49 4.2704042
147.5 4.269974
147.51 4.2695438
147.52 4.2691136
147.53 4.2687073
147.54 4.2682771
147.55 4.2678469
147.56 4.2674167
147.57 4.2669865
147.58 4.2665563
147.59 4.26615
147.6 4.2657198
147.61 4.2652896
147.62 4.2648594
147.63 4.2644531
147.64 4.2640229
147.65 4.2635927
147.66 4.2631625
147.67 4.2627562
147.68 4.262326
147.69 4.2618958
147.7 4.2614656
147.71 4.2610593
147.72 4.2606291
147.73 4.2601989
147.74 4.2597926
147.75 4.2593624
147.76 4.2589322
147.77 4.258502
147.78 4.2580957
147.79 4.2576655
147.8 4.2572353
147.81 4.256829
147.82 4.2563988
147.83 4.2559686
147.84 4.2555623
147.85 4.2551321
147.86 4.2547258
147.87 4.2542956
147.88 4.2538654
147.89 4.2534591
147.9 4.2530289
147.91 4.2525987
147.92 4.2521924
147.93 4.2517622
147.94 4.2513559
147.95 4.2509257
147.96 4.2505194
147.97 4.2500892
147.98 4.249659
147.99 4.2492527
148.0 4.2488225
148.01 4.2484162
148.02 4.247986
148.03 4.2475797
148.04 4.2471495
148.05 4.2467432
148.06 4.246313
148.07 4.2459067
148.08 4.2454765
148.09 4.2450702
148.1 4.24464
148.11 4.2442337
148.12 4.2438035
148.13 4.2433972
148.14 4.242967
148.15 4.2425607
148.16 4.2421305
148.17 4.2417242
148.18 4.241294
148.19 4.2408877
148.2 4.2404814
148.21 4.2400512
148.22 4.2396449
148.23 4.2392147
148.24 4.2388084
148.25 4.2383782
148.26 4.2379719
148.27 4.2375656
148.28 4.2371354
148.29 4.2367291
148.3 4.2363228
148.31 4.2358926
148.32 4.2354863
148.33 4.2350561
148.34 4.2346498
148.35 4.2342435
148.36 4.2338133
148.37 4.233407
148.38 4.2330007
148.39 4.2325705
148.4 4.2321642
148.41 4.2317579
148.42 4.2313516
148.43 4.2309214
148.44 4.2305151
148.45 4.2301088
148.46 4.2296786
148.47 4.2292723
148.48 4.228866
148.49 4.2284597
148.5 4.2280295
148.51 4.2276232
148.52 4.2272169
148.53 4.2268106
148.54 4.2263804
148.55 4.2259741
148.56 4.2255678
148.57 4.2251615
148.58 4.2247552
148.59 4.224325
148.6 4.2239187
148.61 4.2235124
148.62 4.2231061
148.63 4.2226998
148.64 4.2222696
148.65 4.2218633
148.66 4.221457
148.67 4.2210507
148.68 4.2206444
148.69 4.2202381
148.7 4.2198079
148.71 4.2194016
148.72 4.2189953
148.73 4.218589
148.74 4.2181827
148.75 4.2177764
148.76 4.2173701
148.77 4.2169638
148.78 4.2165575
148.79 4.2161512
148.8 4.215721
148.81 4.2153147
148.82 4.2149084
148.83 4.2145021
148.84 4.2140958
148.85 4.2136895
148.86 4.2132832
148.87 4.2128769
148.88 4.2124706
148.89 4.2120643
148.9 4.211658
148.91 4.2112517
148.92 4.2108454
148.93 4.2104391
148.94 4.2100328
148.95 4.2096265
148.96 4.2092202
148.97 4.2088139
148.98 4.2084076
148.99 4.2080013
149.0 4.207595
149.01 4.2071887
149.02 4.2067824
149.03 4.2063761
149.04 4.2059698
149.05 4.2055635
149.06 4.2051572
149.07 4.2047748
149.08 4.2043685
149.09 4.2039622
149.1 4.2035559
149.11 4.2031496
149.12 4.2027433
149.13 4.202337
149.14 4.2019307
149.15 4.2015244
149.16 4.201142
149.17 4.2007357
149.18 4.2003294
149.19 4.1999231
149.2 4.1995168
149.21 4.1991105
149.22 4.1987042
149.23 4.1983218
149.24 4.1979155
149.25 4.1975092
149.26 4.1971029
149.27 4.1966966
149.28 4.1963142
149.29 4.1959079
149.3 4.1955016
149.31 4.1950953
149.32 4.194689
149.33 4.1943066
149.34 4.1939003
149.35 4.193494
149.36 4.1930877
149.37 4.1927053
149.38 4.192299
149.39 4.1918927
149.4 4.1914864
149.41 4.191104
149.42 4.1906977
149.43 4.1902914
149.44 4.189909
149.45 4.1895027
149.46 4.1890964
149.47 4.1886901
149.48 4.1883077
149.49 4.1879014
149.5 4.1874951
149.51 4.1871127
149.52 4.1867064
149.53 4.1863001
149.54 4.1859177
149.55 4.1855114
149.56 4.185129
149.57 4.1847227
149.58 4.1843164
149.59 4.183934
149.6 4.1835277
149.61 4.1831214
149.62 4.182739
149.63 4.1823327
149.64 4.1819503
149.65 4.181544
149.66 4.1811377
149.67 4.1807553
149.68 4.180349
149.69 4.1799666
149.7 4.1795603
149.71 4.1791779
149.72 4.1787716
149.73 4.1783892
149.74 4.1779829
149.75 4.1776005
149.76 4.1771942
149.77 4.1768118
149.78 4.1764055
149.79 4.1760231
149.8 4.1756168
149.81 4.1752344
149.82 4.1748281
149.83 4.1744457
149.84 4.1740394
149.85 4.173657
149.86 4.1732507
149.87 4.1728683
149.88 4.172462
149.89 4.1720796
149.9 4.1716733
149.91 4.1712909
149.92 4.1708846
149.93 4.1705022
149.94 4.1701198
149.95 4.1697135
149.96 4.1693311
149.97 4.1689248
149.98 4.1685424
149.99 4.16816
150.0 4.1677537
150.01 4.1673713
150.02 4.1669889
150.03 4.1665826
150.04 4.1662002
150.05 4.1657939
150.06 4.1654115
150.07 4.1650291
150.08 4.1646228
150.09 4.1642404
150.1 4.163858
150.11 4.1634517
150.12 4.1630693
150.13 4.1626869
150.14 4.1623045
150.15 4.1618982
150.16 4.1615158
150.17 4.1611334
150.18 4.1607271
150.19 4.1603447
150.2 4.1599623
150.21 4.1595799
150.22 4.1591736
150.23 4.1587912
150.24 4.1584088
150.25 4.1580264
150.26 4.1576201
150.27 4.1572377
150.28 4.1568553
150.29 4.1564729
150.3 4.1560666
150.31 4.1556842
150.32 4.1553018
150.33 4.1549194
150.34 4.154537
150.35 4.1541307
150.36 4.1537483
150.37 4.1533659
150.38 4.1529835
150.39 4.1526011
150.4 4.1522187
150.41 4.1518363
150.42 4.15143
150.43 4.1510476
150.44 4.1506652
150.45 4.1502828
150.46 4.1499004
150.47 4.149518
150.48 4.1491356
150.49 4.1487532
150.5 4.1483469
150.51 4.1479645
150.52 4.1475821
150.53 4.1471997
150.54 4.1468173
150.55 4.1464349
150.56 4.1460525
150.57 4.1456701
150.58 4.1452877
150.59 4.1449053
150.6 4.1445229
150.61 4.1441405
150.62 4.1437581
150.63 4.1433757
150.64 4.1429933
150.65 4.1426109
150.66 4.1422285
150.67 4.1418461
150.68 4.1414637
150.69 4.1410813
150.7 4.1406989
150.71 4.1403165
150.72 4.1399341
150.73 4.1395517
150.74 4.1391693
150.75 4.1387869
150.76 4.1384045
150.77 4.1380221
150.78 4.1376397
150.79 4.1372573
150.8 4.1368749
150.81 4.1364925
150.82 4.1361101
150.83 4.1357277
150.84 4.1353692
150.85 4.1349868
150.86 4.1346044
150.87 4.134222
150.88 4.1338396
150.89 4.1334572
150.9 4.1330748
150.91 4.1326924
150.92 4.1323339
150.93 4.1319515
150.94 4.1315691
150.95 4.1311867
150.96 4.1308043
150.97 4.1304219
150.98 4.1300395
150.99 4.129681
151.0 4.1292986
151.01 4.1289162
151.02 4.1285338
151.03 4.1281514
151.04 4.1277929
151.05 4.1274105
151.06 4.1270281
151.07 4.1266457
151.08 4.1262872
151.09 4.1259048
151.1 4.1255224
151.11 4.12514
151.12 4.1247815
151.13 4.1243991
151.14 4.1240167
151.15 4.1236343
151.16 4.1232758
151.17 4.1228934
151.18 4.122511
151.19 4.1221286
151.2 4.1217701
151.21 4.1213877
151.22 4.1210053
151.23 4.1206468
151.24 4.1202644
151.25 4.119882
151.26 4.1195235
151.27 4.1191411
151.28 4.1187587
151.29 4.1184002
151.3 4.1180178
151.31 4.1176354
151.32 4.1172769
151.33 4.1168945
151.34 4.1165121
151.35 4.1161536
151.36 4.1157712
151.37 4.1154127
151.38 4.1150303
151.39 4.1146479
151.4 4.1142894
151.41 4.113907
151.42 4.1135485
151.43 4.1131661
151.44 4.1128076
151.45 4.1124252
151.46 4.1120428
151.47 4.1116843
151.48 4.1113019
151.49 4.1109434
151.5 4.110561
151.51 4.1102025
151.52 4.1098201
151.53 4.1094616
151.54 4.1090792
151.55 4.1087207
151.56 4.1083383
151.57 4.1079798
151.58 4.1075974
151.59 4.1072389
151.6 4.1068565
151.61 4.106498
151.62 4.1061156
151.63 4.1057571
151.64 4.1053747
151.65 4.1050162
151.66 4.1046338
151.67 4.1042753
151.68 4.1039168
151.69 4.1035344
151.7 4.1031759
151.71 4.1027935
151.72 4.102435
151.73 4.1020526
151.74 4.1016941
151.75 4.1013356
151.76 4.1009532
151.77 4.1005947
151.78 4.1002362
151.79 4.0998538
151.8 4.0994953
151.81 4.0991129
151.82 4.0987544
151.83 4.0983959
151.84 4.0980135
151.85 4.097655
151.86 4.0972965
151.87 4.0969141
151.88 4.0965556
151.89 4.0961971
151.9 4.0958147
151.91 4.0954562
151.92 4.0950977
151.93 4.0947153
151.94 4.0943568
151.95 4.0939983
151.96 4.0936398
151.97 4.0932574
151.98 4.0928989
151.99 4.0925404
152.0 4.0921819
152.01 4.0917995
152.02 4.091441
152.03 4.0910825
152.04 4.090724
152.05 4.0903416
152.06 4.0899831
152.07 4.0896246
152.08 4.0892661
152.09 4.0888837
152.1 4.0885252
152.11 4.0881667
152.12 4.0878082
152.13 4.0874497
152.14 4.0870673
152.15 4.0867088
152.16 4.0863503
152.17 4.0859918
152.18 4.0856333
152.19 4.0852748
152.2 4.0848924
152.21 4.0845339
152.22 4.0841754
152.23 4.0838169
152.24 4.0834584
152.25 4.0830999
152.26 4.0827414
152.27 4.0823829
152.28 4.0820005
152.29 4.081642
152.3 4.0812835
152.31 4.080925
152.32 4.0805665
152.33 4.080208
152.34 4.0798495
152.35 4.079491
152.36 4.0791325
152.37 4.078774
152.38 4.0784155
152.39 4.078057
152.4 4.0776985
152.41 4.07734
152.42 4.0769815
152.43 4.076623
152.44 4.0762406
152.45 4.0758821
152.46 4.0755236
152.47 4.0751651
152.48 4.0748066
152.49 4.0744481
152.5 4.0740896
152.51 4.0737311
152.52 4.0733965
152.53 4.073038
152.54 4.0726795
152.55 4.072321
152.56 4.0719625
152.57 4.071604
152.58 4.0712455
152.59 4.070887
152.6 4.0705285
152.61 4.07017
152.62 4.0698115
152.63 4.069453
152.64 4.0690945
152.65 4.068736
152.66 4.0683775
152.67 4.068019
152.68 4.0676844
152.69 4.0673259
152.7 4.0669674
152.71 4.0666089
152.72 4.0662504
152.73 4.0658919
152.74 4.0655334
152.75 4.0651988
152.76 4.0648403
152.77 4.0644818
152.78 4.0641233
152.79 4.0637648
152.8 4.0634063
152.81 4.0630478
152.82 4.0627132
152.83 4.0623547
152.84 4.0619962
152.85 4.0616377
152.86 4.0612792
152.87 4.0609446
152.88 4.0605861
152.89 4.0602276
152.9 4.0598691
152.91 4.0595345
152.92 4.059176
152.93 4.0588175
152.94 4.058459
152.95 4.0581244
152.96 4.0577659
152.97 4.0574074
152.98 4.0570489
152.99 4.0567143
153.0 4.0563558
153.01 4.0559973
153.02 4.0556388
153.03 4.0553042
153.04 4.0549457
153.05 4.0545872
153.06 4.0542526
153.07 4.0538941
153.08 4.0535356
153.09 4.053201
153.1 4.0528425
153.11 4.052484
153.12 4.0521494
153.13 4.0517909
153.14 4.0514324
153.15 4.0510978
153.16 4.0507393
153.17 4.0503808
153.18 4.0500462
153.19 4.0496877
153.2 4.0493531
153.21 4.0489946
153.22 4.0486361
153.23 4.0483015
153.24 4.047943
153.25 4.0476084
153.26 4.0472499
153.27 4.0468914
153.28 4.0465568
153.29 4.0461983
153.3 4.0458637
153.31 4.0455052
153.32 4.0451706
153.33 4.0448121
153.34 4.0444536
153.35 4.044119
153.36 4.0437605
153.37 4.0434259
153.38 4.0430674
153.39 4.0427328
153.4 4.0423743
153.41 4.0420397
153.42 4.0416812
153.43 4.0413466
153.44 4.0409881
153.45 4.0406535
153.46 4.040295
153.47 4.0399604
153.48 4.0396019
153.49 4.0392673
153.5 4.0389088
153.51 4.0385742
153.52 4.0382396
153.53 4.0378811
153.54 4.0375465
153.55 4.037188
153.56 4.0368534
153.57 4.0364949
153.58 4.0361603
153.59 4.0358257
153.6 4.0354672
153.61 4.0351326
153.62 4.0347741
153.63 4.0344395
153.64 4.0341049
153.65 4.0337464
153.66 4.0334118
153.67 4.0330533
153.68 4.0327187
153.69 4.0323841
153.7 4.0320256
153.71 4.031691
153.72 4.0313564
153.73 4.0309979
153.74 4.0306633
153.75 4.0303287
153.76 4.0299702
153.77 4.0296356
153.78 4.029301
153.79 4.0289425
153.8 4.0286079
153.81 4.0282733
153.82 4.0279148
153.83 4.0275802
153.84 4.0272456
153.85 4.026911
153.86 4.0265525
153.87 4.0262179
153.88 4.0258833
153.89 4.0255487
153.9 4.0251902
153.91 4.0248556
153.92 4.024521
153.93 4.0241864
153.94 4.0238279
153.95 4.0234933
153.96 4.0231587
153.97 4.0228241
153.98 4.0224656
153.99 4.022131
154.0 4.0217964
154.01 4.0214618
154.02 4.0211272
154.03 4.0207687
154.04 4.0204341
154.05 4.0200995
154.06 4.0197649
154.07 4.0194303
154.08 4.0190957
154.09 4.0187372
154.1 4.0184026
154.11 4.018068
154.12 4.0177334
154.13 4.0173988
154.14 4.0170642
154.15 4.0167296
154.16 4.0163711
154.17 4.0160365
154.18 4.0157019
154.19 4.0153673
154.2 4.0150327
154.21 4.0146981
154.22 4.0143635
154.23 4.0140289
154.24 4.0136943
154.25 4.0133597
154.26 4.0130251
154.27 4.0126666
154.28 4.012332
154.29 4.0119974
154.3 4.0116628
154.31 4.0113282
154.32 4.0109936
154.33 4.010659
154.34 4.0103244
154.35 4.0099898
154.36 4.0096552
154.37 4.0093206
154.38 4.008986
154.39 4.0086514
154.4 4.0083168
154.41 4.0079822
154.42 4.0076476
154.43 4.007313
154.44 4.0069784
154.45 4.0066438
154.46 4.0063092
154.47 4.0059746
154.48 4.00564
154.49 4.0053054
154.5 4.0049708
154.51 4.0046362
154.52 4.0043016
154.53 4.0039909
154.54 4.0036563
154.55 4.0033217
154.56 4.0029871
154.57 4.0026525
154.58 4.0023179
154.59 4.0019833
154.6 4.0016487
154.61 4.0013141
154.62 4.0009795
154.63 4.0006449
154.64 4.0003342
154.65 3.9999996
154.66 3.999665
154.67 3.9993304
154.68 3.9989958
154.69 3.9986612
154.7 3.9983266
154.71 3.9980159
154.72 3.9976813
154.73 3.9973467
154.74 3.9970121
154.75 3.9966775
154.76 3.9963429
154.77 3.9960322
154.78 3.9956976
154.79 3.995363
154.8 3.9950284
154.81 3.9946938
154.82 3.9943831
154.83 3.9940485
154.84 3.9937139
154.85 3.9933793
154.86 3.9930447
154.87 3.992734
154.88 3.9923994
154.89 3.9920648
154.9 3.9917302
154.91 3.9914195
154.92 3.9910849
154.93 3.9907503
154.94 3.9904157
154.95 3.990105
154.96 3.9897704
154.97 3.9894358
154.98 3.9891251
154.99 3.9887905
155.0 3.9884559
155.01 3.9881213
155.02 3.9878106
155.03 3.987476
155.04 3.9871414
155.05 3.9868307
155.06 3.9864961
155.07 3.9861615
155.08 3.9858508
155.09 3.9855162
155.1 3.9851816
155.11 3.9848709
155.12 3.9845363
155.13 3.9842017
155.14 3.983891
155.15 3.9835564
155.16 3.9832218
155.17 3.9829111
155.18 3.9825765
155.19 3.9822658
155.2 3.9819312
155.21 3.9815966
155.22 3.9812859
155.23 3.9809513
155.24 3.9806406
155.25 3.980306
155.26 3.9799714
155.27 3.9796607
155.28 3.9793261
155.29 3.9790154
155.3 3.9786808
155.31 3.9783701
155.32 3.9780355
155.33 3.9777248
155.34 3.9773902
155.35 3.9770556
155.36 3.9767449
155.37 3.9764103
155.38 3.9760996
155.39 3.975765
155.4 3.9754543
155.41 3.9751197
155.42 3.974809
155.43 3.9744744
155.44 3.9741637
155.45 3.9738291
155.46 3.9735184
155.47 3.9731838
155.48 3.9728731
155.49 3.9725624
155.5 3.9722278
155.51 3.9719171
155.52 3.9715825
155.53 3.9712718
155.54 3.9709372
155.55 3.9706265
155.56 3.9702919
155.57 3.9699812
155.58 3.9696705
155.59 3.9693359
155.6 3.9690252
155.61 3.9686906
155.62 3.9683799
155.63 3.9680453
155.64 3.9677346
155.65 3.9674239
155.66 3.9670893
155.67 3.9667786
155.68 3.9664679
155.69 3.9661333
155.7 3.9658226
155.71 3.965488
155.72 3.9651773
155.73 3.9648666
155.74 3.964532
155.75 3.9642213
155.76 3.9639106
155.77 3.963576
155.78 3.9632653
155.79 3.9629546
155.8 3.96262
155.81 3.9623093
155.82 3.9619986
155.83 3.961664
155.84 3.9613533
155.85 3.9610426
155.86 3.9607319
155.87 3.9603973
155.88 3.9600866
155.89 3.9597759
155.9 3.9594413
155.91 3.9591306
155.92 3.9588199
155.93 3.9585092
155.94 3.9581746
155.95 3.9578639
155.96 3.9575532
155.97 3.9572425
155.98 3.9569079
155.99 3.9565972
156.0 3.9562865
156.01 3.9559758
156.02 3.9556412
156.03 3.9553305
156.04 3.9550198
156.05 3.9547091
156.06 3.9543984
156.07 3.9540638
156.08 3.9537531
156.09 3.9534424
156.1 3.9531317
156.11 3.952821
156.12 3.9525103
156.13 3.9521757
156.14 3.951865
156.15 3.9515543
156.16 3.9512436
156.17 3.9509329
156.18 3.9506222
156.19 3.9502876
156.2 3.9499769
156.21 3.9496662
156.22 3.9493555
156.23 3.9490448
156.24 3.9487341
156.25 3.9484234
156.26 3.9481127
156.27 3.9477781
156.28 3.9474674
156.29 3.9471567
156.3 3.946846
156.31 3.9465353
156.32 3.9462246
156.33 3.9459139
156.34 3.9456032
156.35 3.9452925
156.36 3.9449818
156.37 3.9446711
156.38 3.9443604
156.39 3.9440497
156.4 3.943739
156.41 3.9434283
156.42 3.9430937
156.43 3.942783
156.44 3.9424723
156.45 3.9421616
156.46 3.9418509
156.47 3.9415402
156.48 3.9412295
156.49 3.9409188
156.5 3.9406081
156.51 3.9402974
156.52 3.9399867
156.53 3.939676
156.54 3.9393653
156.55 3.9390546
156.56 3.9387439
156.57 3.9384332
156.58 3.9381464
156.59 3.9378357
156.6 3.937525
156.61 3.9372143
156.62 3.9369036
156.63 3.9365929
156.64 3.9362822
156.65 3.9359715
156.66 3.9356608
156.67 3.9353501
156.68 3.9350394
156.69 3.9347287
156.7 3.934418
156.71 3.9341073
156.72 3.9338205
156.73 3.9335098
156.74 3.9331991
156.75 3.9328884
156.76 3.9325777
156.77 3.932267
156.78 3.9319563
156.79 3.9316456
156.8 3.9313349
156.81 3.9310481
156.82 3.9307374
156.83 3.9304267
156.84 3.930116
156.85 3.9298053
156.86 3.9294946
156.87 3.9292078
156.88 3.9288971
156.89 3.9285864
156.9 3.9282757
156.91 3.927965
156.92 3.9276543
156.93 3.9273675
156.94 3.9270568
156.95 3.9267461
156.96 3.9264354
156.97 3.9261247
156.98 3.9258379
156.99 3.9255272
157.0 3.9252165
157.01 3.9249058
157.02 3.924619
157.03 3.9243083
157.04 3.9239976
157.05 3.9236869
157.06 3.9234001
157.07 3.9230894
157.08 3.9227787
157.09 3.922468
157.1 3.9221812
157.11 3.9218705
157.12 3.9215598
157.13 3.9212491
157.14 3.9209623
157.15 3.9206516
157.16 3.9203409
157.17 3.9200541
157.18 3.9197434
157.19 3.9194327
157.2 3.9191459
157.21 3.9188352
157.22 3.9185245
157.23 3.9182138
157.24 3.917927
157.25 3.9176163
157.26 3.9173056
157.27 3.9170188
157.28 3.9167081
157.29 3.9164213
157.3 3.9161106
157.31 3.9157999
157.32 3.9155131
157.33 3.9152024
157.34 3.9148917
157.35 3.9146049
157.36 3.9142942
157.37 3.9139835
157.38 3.9136967
157.39 3.913386
157.4 3.9130992
157.41 3.9127885
157.42 3.9124778
157.43 3.912191
157.44 3.9118803
157.45 3.9115935
157.46 3.9112828
157.47 3.910996
157.48 3.9106853
157.49 3.9103746
157.5 3.9100878
157.51 3.9097771
157.52 3.9094903
157.53 3.9091796
157.54 3.9088928
157.55 3.9085821
157.56 3.9082953
157.57 3.9079846
157.58 3.9076978
157.59 3.9073871
157.6 3.9071003
157.61 3.9067896
157.62 3.9064789
157.63 3.9061921
157.64 3.9058814
157.65 3.9055946
157.66 3.9053078
157.67 3.9049971
157.68 3.9047103
157.69 3.9043996
157.7 3.9041128
157.71 3.9038021
157.72 3.9035153
157.73 3.9032046
157.74 3.9029178
157.75 3.9026071
157.76 3.9023203
157.77 3.9020096
157.78 3.9017228
157.79 3.901436
157.8 3.9011253
157.81 3.9008385
157.82 3.9005278
157.83 3.900241
157.84 3.8999303
157.85 3.8996435
157.86 3.8993567
157.87 3.899046
157.88 3.8987592
157.89 3.8984485
157.9 3.8981617
157.91 3.8978749
157.92 3.8975642
157.93 3.8972774
157.94 3.8969667
157.95 3.8966799
157.96 3.8963931
157.97 3.8960824
157.98 3.8957956
157.99 3.8955088
158.0 3.8951981
158.01 3.8949113
158.02 3.8946245
158.03 3.8943138
158.04 3.894027
158.05 3.8937402
158.06 3.8934295
158.07 3.8931427
158.08 3.8928559
158.09 3.8925452
158.1 3.8922584
158.11 3.8919716
158.12 3.8916609
158.13 3.8913741
158.14 3.8910873
158.15 3.8908005
158.16 3.8904898
158.17 3.890203
158.18 3.8899162
158.19 3.8896055
158.2 3.8893187
158.21 3.8890319
158.22 3.8887451
158.23 3.8884344
158.24 3.8881476
158.25 3.8878608
158.26 3.887574
158.27 3.8872633
158.28 3.8869765
158.29 3.8866897
158.3 3.8864029
158.31 3.8861161
158.32 3.8858054
158.33 3.8855186
158.34 3.8852318
158.35 3.884945
158.36 3.8846343
158.37 3.8843475
158.38 3.8840607
158.39 3.8837739
158.4 3.8834871
158.41 3.8832003
158.42 3.8828896
158.43 3.8826028
158.44 3.882316
158.45 3.8820292
158.46 3.8817424
158.47 3.8814556
158.48 3.8811449
158.49 3.8808581
158.5 3.8805713
158.51 3.8802845
158.52 3.8799977
158.53 3.8797109
158.54 3.8794241
158.55 3.8791134
158.56 3.8788266
158.57 3.8785398
158.58 3.878253
158.59 3.8779662
158.6 3.8776794
158.61 3.8773926
158.62 3.8771058
158.63 3.876819
158.64 3.8765083
158.65 3.8762215
158.66 3.8759347
158.67 3.8756479
158.68 3.8753611
158.69 3.8750743
158.7 3.8747875
158.71 3.8745007
158.72 3.8742139
158.73 3.8739271
158.74 3.8736403
158.75 3.8733535
158.76 3.8730667
158.77 3.8727799
158.78 3.8724931
158.79 3.8722063
158.8 3.8719195
158.81 3.8716327
158.82 3.8713459
158.83 3.8710591
158.84 3.8707723
158.85 3.8704855
158.86 3.8701987
158.87 3.8699119
158.88 3.8696251
158.89 3.8693383
158.9 3.8690515
158.91 3.8687647
158.92 3.8684779
158.93 3.8681911
158.94 3.8679043
158.95 3.8676175
158.96 3.8673307
158.97 3.8670439
158.98 3.8667571
158.99 3.8664703
159.0 3.8661835
159.01 3.8658967
159.02 3.8656099
159.03 3.8653231
159.04 3.8650363
159.05 3.8647495
159.06 3.8644627
159.07 3.8641759
159.08 3.8638891
159.09 3.8636262
159.1 3.8633394
159.11 3.8630526
159.12 3.8627658
159.13 3.862479
159.14 3.8621922
159.15 3.8619054
159.16 3.8616186
159.17 3.8613318
159.18 3.8610689
159.19 3.8607821
159.2 3.8604953
159.21 3.8602085
159.22 3.8599217
159.23 3.8596349
159.24 3.8593481
159.25 3.8590852
159.26 3.8587984
159.27 3.8585116
159.28 3.8582248
159.29 3.857938
159.3 3.8576512
159.31 3.8573644
159.32 3.8571015
159.33 3.8568147
159.34 3.8565279
159.35 3.8562411
159.36 3.8559543
159.37 3.8556914
159.38 3.8554046
159.39 3.8551178
159.4 3.854831
159.41 3.8545442
159.42 3.8542813
159.43 3.8539945
159.44 3.8537077
159.45 3.8534209
159.46 3.853158
159.47 3.8528712
159.48 3.8525844
159.49 3.8522976
159.5 3.8520108
159.51 3.8517479
159.52 3.8514611
159.53 3.8511743
159.54 3.8508875
159.55 3.8506246
159.56 3.8503378
159.57 3.850051
159.58 3.8497881
159.59 3.8495013
159.6 3.8492145
159.61 3.8489277
159.62 3.8486648
159.63 3.848378
159.64 3.8480912
159.65 3.8478283
159.66 3.8475415
159.67 3.8472547
159.68 3.8469679
159.69 3.846705
159.7 3.8464182
159.71 3.8461314
159.72 3.8458685
159.73 3.8455817
159.74 3.8452949
159.75 3.845032
159.76 3.8447452
159.77 3.8444584
159.78 3.8441955
159.79 3.8439087
159.8 3.8436458
159.81 3.843359
159.82 3.8430722
159.83 3.8428093
159.84 3.8425225
159.85 3.8422357
159.86 3.8419728
159.87 3.841686
159.88 3.8413992
159.89 3.8411363
159.9 3.8408495
159.91 3.8405866
159.92 3.8402998
159.93 3.840013
159.94 3.8397501
159.95 3.8394633
159.96 3.8392004
159.97 3.8389136
159.98 3.8386507
159.99 3.8383639
160.0 3.8380771
160.01 3.8378142
160.02 3.8375274
160.03 3.8372645
160.04 3.8369777
160.05 3.8367148
160.06 3.836428
160.07 3.8361412
160.08 3.8358783
160.09 3.8355915
160.1 3.8353286
160.11 3.8350418
160.12 3.8347789
160.13 3.8344921
160.14 3.8342292
160.15 3.8339424
160.16 3.8336795
160.17 3.8333927
160.18 3.8331298
160.19 3.832843
160.2 3.8325801
160.21 3.8322933
160.22 3.8320304
160.23 3.8317436
160.24 3.8314807
160.25 3.8311939
160.26 3.830931
160.27 3.8306442
160.28 3.8303813
160.29 3.8300945
160.3 3.8298316
160.31 3.8295448
160.32 3.8292819
160.33 3.8289951
160.34 3.8287322
160.35 3.8284693
160.36 3.8281825
160.37 3.8279196
160.38 3.8276328
160.39 3.8273699
160.4 3.8270831
160.41 3.8268202
160.42 3.8265573
160.43 3.8262705
160.44 3.8260076
160.45 3.8257208
160.46 3.8254579
160.47 3.8251711
160.48 3.8249082
160.49 3.8246453
160.5 3.8243585
160.51 3.8240956
160.52 3.8238327
160.53 3.8235459
160.54 3.823283
160.55 3.8229962
160.56 3.8227333
160.57 3.8224704
160.58 3.8221836
160.59 3.8219207
160.6 3.8216578
160.61 3.821371
160.62 3.8211081
160.63 3.8208213
160.64 3.8205584
160.65 3.8202955
160.66 3.8200087
160.67 3.8197458
160.68 3.8194829
160.69 3.8191961
160.7 3.8189332
160.71 3.8186703
160.72 3.8183835
160.73 3.8181206
160.74 3.8178577
160.75 3.8175948
160.76 3.817308
160.77 3.8170451
160.78 3.8167822
160.79 3.8164954
160.8 3.8162325
160.81 3.8159696
160.82 3.8156828
160.83 3.8154199
160.84 3.815157
160.85 3.8148941
160.86 3.8146073
160.87 3.8143444
160.88 3.8140815
160.89 3.8138186
160.9 3.8135318
160.91 3.8132689
160.92 3.813006
160.93 3.8127431
160.94 3.8124563
160.95 3.8121934
160.96 3.8119305
160.97 3.8116676
160.98 3.8113808
160.99 3.8111179
161.0 3.810855
161.01 3.8105921
161.02 3.8103053
161.03 3.8100424
161.04 3.8097795
161.05 3.8095166
161.06 3.8092537
161.07 3.8089669
161.08 3.808704
161.09 3.8084411
161.1 3.8081782
161.11 3.8079153
161.12 3.8076285
161.13 3.8073656
161.14 3.8071027
161.15 3.8068398
161.16 3.8065769
161.17 3.806314
161.18 3.8060272
161.19 3.8057643
161.2 3.8055014
161.21 3.8052385
161.22 3.8049756
161.23 3.8047127
161.24 3.8044498
161.25 3.804163
161.26 3.8039001
161.27 3.8036372
161.28 3.8033743
161.29 3.8031114
161.3 3.8028485
161.31 3.8025856
161.32 3.8023227
161.33 3.8020359
161.34 3.801773
161.35 3.8015101
161.36 3.8012472
161.37 3.8009843
161.38 3.8007214
161.39 3.8004585
161.4 3.8001956
161.41 3.7999327
161.42 3.7996459
161.43 3.799383
161.44 3.7991201
161.45 3.7988572
161.46 3.7985943
161.47 3.7983314
161.48 3.7980685
161.49 3.7978056
161.5 3.7975427
161.51 3.7972798
161.52 3.7970169
161.53 3.796754
161.54 3.7964911
161.55 3.7962282
161.56 3.7959653
161.57 3.7957024
161.58 3.7954395
161.59 3.7951766
161.6 3.7948898
161.61 3.7946269
161.62 3.794364
161.63 3.7941011
161.64 3.7938382
161.65 3.7935753
161.66 3.7933124
161.67 3.7930495
161.68 3.7927866
161.69 3.7925237
161.7 3.7922608
161.71 3.7919979
161.72 3.791735
161.73 3.7914721
161.74 3.7912092
161.75 3.7909463
161.76 3.7906834
161.77 3.7904205
161.78 3.7901815
161.79 3.7899186
161.8 3.7896557
161.81 3.7893928
161.82 3.7891299
161.83 3.788867
161.84 3.7886041
161.85 3.7883412
161.86 3.7880783
161.87 3.7878154
161.88 3.7875525
161.89 3.7872896
161.9 3.7870267
161.91 3.7867638
161.92 3.7865009
161.93 3.786238
161.94 3.7859751
161.95 3.7857122
161.96 3.7854732
161.97 3.7852103
161.98 3.7849474
161.99 3.7846845
162.0 3.7844216
162.01 3.7841587
162.02 3.7838958
162.03 3.7836329
162.04 3.78337
162.05 3.7831071
162.06 3.7828681
162.07 3.7826052
162.08 3.7823423
162.09 3.7820794
162.1 3.7818165
162.11 3.7815536
162.12 3.7812907
162.13 3.7810278
162.14 3.7807888
162.15 3.7805259
162.16 3.780263
162.17 3.7800001
162.18 3.7797372
162.19 3.7794743
162.2 3.7792353
162.21 3.7789724
162.22 3.7787095
162.23 3.7784466
162.24 3.7781837
162.25 3.7779208
162.26 3.7776818
162.27 3.7774189
162.28 3.777156
162.29 3.7768931
162.3 3.7766302
162.31 3.7763673
162.32 3.7761283
162.33 3.7758654
162.34 3.7756025
162.35 3.7753396
162.36 3.7750767
162.37 3.7748377
162.38 3.7745748
162.39 3.7743119
162.4 3.774049
162.41 3.77381
162.42 3.7735471
162.43 3.7732842
162.44 3.7730213
162.45 3.7727584
162.46 3.7725194
162.47 3.7722565
162.48 3.7719936
162.49 3.7717307
162.5 3.7714917
162.51 3.7712288
162.52 3.7709659
162.53 3.770703
162.54 3.770464
162.55 3.7702011
162.56 3.7699382
162.57 3.7696753
162.58 3.7694363
162.59 3.7691734
162.6 3.7689105
162.61 3.7686715
162.62 3.7684086
162.63 3.7681457
162.64 3.7678828
162.65 3.7676438
162.66 3.7673809
162.67 3.767118
162.68 3.766879
162.69 3.7666161
162.7 3.7663532
162.71 3.7660903
162.72 3.7658513
162.73 3.7655884
162.74 3.7653255
162.75 3.7650865
162.76 3.7648236
162.77 3.7645607
162.78 3.7643217
162.79 3.7640588
162.8 3.7637959
162.81 3.7635569
162.82 3.763294
162.83 3.7630311
162.84 3.7627921
162.85 3.7625292
162.86 3.7622663
162.87 3.7620273
162.88 3.7617644
162.89 3.7615254
162.9 3.7612625
162.91 3.7609996
162.92 3.7607606
162.93 3.7604977
162.94 3.7602348
162.95 3.7599958
162.96 3.7597329
162.97 3.7594939
162.98 3.759231
162.99 3.7589681
163.0 3.7587291
163.01 3.7584662
163.02 3.7582033
163.03 3.7579643
163.04 3.7577014
163.05 3.7574624
163.06 3.7571995
163.07 3.7569366
163.08 3.7566976
163.09 3.7564347
163.1 3.7561957
163.11 3.7559328
163.12 3.7556938
163.13 3.7554309
163.14 3.755168
163.15 3.754929
163.16 3.7546661
163.17 3.7544271
163.18 3.7541642
163.19 3.7539252
163.2 3.7536623
163.21 3.7534233
163.22 3.7531604
163.23 3.7528975
163.24 3.7526585
163.25 3.7523956
163.26 3.7521566
163.27 3.7518937
163.28 3.7516547
163.29 3.7513918
163.3 3.7511528
163.31 3.7508899
163.32 3.7506509
163.33 3.750388
163.34 3.750149
163.35 3.7498861
163.36 3.7496471
163.37 3.7493842
163.38 3.7491452
163.39 3.7488823
163.4 3.7486433
163.41 3.7483804
163.42 3.7481414
163.43 3.7478785
163.44 3.7476395
163.45 3.7473766
163.46 3.7471376
163.47 3.7468747
163.48 3.7466357
163.49 3.7463728
163.5 3.7461338
163.51 3.7458709
163.52 3.7456319
163.53 3.745369
163.54 3.74513
163.55 3.7448671
163.56 3.7446281
163.57 3.7443891
163.58 3.7441262
163.59 3.7438872
163.6 3.7436243
163.61 3.7433853
163.62 3.7431224
163.63 3.7428834
163.64 3.7426205
163.65 3.7423815
163.66 3.7421425
163.67 3.7418796
163.68 3.7416406
163.69 3.7413777
163.7 3.7411387
163.71 3.7408758
163.72 3.7406368
163.73 3.7403978
163.74 3.7401349
163.75 3.7398959
163.76 3.739633
163.77 3.739394
163.78 3.739155
163.79 3.7388921
163.8 3.7386531
163.81 3.7383902
163.82 3.7381512
163.83 3.7379122
163.84 3.7376493
163.85 3.7374103
163.86 3.7371474
163.87 3.7369084
163.88 3.7366694
163.89 3.7364065
163.9 3.7361675
163.91 3.7359285
163.92 3.7356656
163.93 3.7354266
163.94 3.7351876
163.95 3.7349247
163.96 3.7346857
163.97 3.7344467
163.98 3.7341838
163.99 3.7339448
164.0 3.7336819
164.01 3.7334429
164.02 3.7332039
164.03 3.732941
164.04 3.732702
164.05 3.732463
164.06 3.7322001
164.07 3.7319611
164.08 3.7317221
164.09 3.7314831
164.1 3.7312202
164.11 3.7309812
164.12 3.7307422
164.13 3.7304793
164.14 3.7302403
164.15 3.7300013
164.16 3.7297384
164.17 3.7294994
164.18 3.7292604
164.19 3.7289975
164.2 3.7287585
164.21 3.7285195
164.22 3.7282805
164.23 3.7280176
164.24 3.7277786
164.25 3.7275396
164.26 3.7272767
164.27 3.7270377
164.28 3.7267987
164.29 3.7265597
164.3 3.7262968
164.31 3.7260578
164.32 3.7258188
164.33 3.7255798
164.34 3.7253169
164.35 3.7250779
164.36 3.7248389
164.37 3.7245999
164.38 3.724337
164.39 3.724098
164.4 3.723859
164.41 3.72362
164.42 3.7233571
164.43 3.7231181
164.44 3.7228791
164.45 3.7226401
164.46 3.7223772
164.47 3.7221382
164.48 3.7218992
164.49 3.7216602
164.5 3.7214212
164.51 3.7211583
164.52 3.7209193
164.53 3.7206803
164.54 3.7204413
164.55 3.7202023
164.56 3.7199394
164.57 3.7197004
164.58 3.7194614
164.59 3.7192224
164.6 3.7189834
164.61 3.7187205
164.62 3.7184815
164.63 3.7182425
164.64 3.7180035
164.65 3.7177645
164.66 3.7175016
164.67 3.7172626
164.68 3.7170236
164.69 3.7167846
164.7 3.7165456
164.71 3.7163066
164.72 3.7160437
164.73 3.7158047
164.74 3.7155657
164.75 3.7153267
164.76 3.7150877
164.77 3.7148487
164.78 3.7145858
164.79 3.7143468
164.8 3.7141078
164.81 3.7138688
164.82 3.7136298
164.83 3.7133908
164.84 3.7131518
164.85 3.7128889
164.86 3.7126499
164.87 3.7124109
164.88 3.7121719
164.89 3.7119329
164.9 3.7116939
164.91 3.7114549
164.92 3.7112159
164.93 3.710953
164.94 3.710714
164.95 3.710475
164.96 3.710236
164.97 3.709997
164.98 3.709758
164.99 3.709519
165.0 3.70928
165.01 3.709041
165.02 3.708802
165.03 3.7085391
165.04 3.7083001
165.05 3.7080611
165.06 3.7078221
165.07 3.7075831
165.08 3.7073441
165.09 3.7071051
165.1 3.7068661
165.11 3.7066271
165.12 3.7063881
165.13 3.7061491
165.14 3.7059101
165.15 3.7056711
165.16 3.7054082
165.17 3.7051692
165.18 3.7049302
165.19 3.7046912
165.2 3.7044522
165.21 3.7042132
165.22 3.7039742
165.23 3.7037352
165.24 3.7034962
165.25 3.7032572
165.26 3.7030182
165.27 3.7027792
165.28 3.7025402
165.29 3.7023012
165.3 3.7020622
165.31 3.7018232
165.32 3.7015842
165.33 3.7013452
165.34 3.7011062
165.35 3.7008672
165.36 3.7006282
165.37 3.7003892
165.38 3.7001502
165.39 3.6999112
165.4 3.6996722
165.41 3.6994332
165.42 3.6991942
165.43 3.6989552
165.44 3.6987162
165.45 3.6984772
165.46 3.6982382
165.47 3.6979992
165.48 3.6977602
165.49 3.6975212
165.5 3.6972822
165.51 3.6970432
165.52 3.6968042
165.53 3.6965652
165.54 3.6963262
165.55 3.6960872
165.56 3.6958482
165.57 3.6956092
165.58 3.6953702
165.59 3.6951312
165.6 3.6948922
165.61 3.6946532
165.62 3.6944142
165.63 3.6941752
165.64 3.6939362
165.65 3.6936972
165.66 3.6934582
165.67 3.6932192
165.68 3.6929802
165.69 3.6927412
165.7 3.6925022
165.71 3.6922632
165.72 3.6920242
165.73 3.6917852
165.74 3.6915701
165.75 3.6913311
165.76 3.6910921
165.77 3.6908531
165.78 3.6906141
165.79 3.6903751
165.8 3.6901361
165.81 3.6898971
165.82 3.6896581
165.83 3.6894191
165.84 3.6891801
165.85 3.6889411
165.86 3.6887021
165.87 3.688487
165.88 3.688248
165.89 3.688009
165.9 3.68777
165.91 3.687531
165.92 3.687292
165.93 3.687053
165.94 3.686814
165.95 3.686575
165.96 3.686336
165.97 3.6861209
165.98 3.6858819
165.99 3.6856429
166.0 3.6854039
166.01 3.6851649
166.02 3.6849259
166.03 3.6846869
166.04 3.6844479
166.05 3.6842328
166.06 3.6839938
166.07 3.6837548
166.08 3.6835158
166.09 3.6832768
166.1 3.6830378
166.11 3.6827988
166.12 3.6825598
166.13 3.6823447
166.14 3.6821057
166.15 3.6818667
166.16 3.6816277
166.17 3.6813887
166.18 3.6811497
166.19 3.6809346
166.2 3.6806956
166.21 3.6804566
166.22 3.6802176
166.23 3.6799786
166.24 3.6797396
166.25 3.6795006
166.26 3.6792855
166.27 3.6790465
166.28 3.6788075
166.29 3.6785685
166.3 3.6783295
166.31 3.6781144
166.32 3.6778754
166.33 3.6776364
166.34 3.6773974
166.35 3.6771584
166.36 3.6769194
166.37 3.6767043
166.38 3.6764653
166.39 3.6762263
166.4 3.6759873
166.41 3.6757483
166.42 3.6755332
166.43 3.6752942
166.44 3.6750552
166.45 3.6748162
166.46 3.6745772
166.47 3.6743621
166.48 3.6741231
166.49 3.6738841
166.5 3.6736451
166.51 3.67343
166.52 3.673191
166.53 3.672952
166.54 3.672713
166.55 3.672474
166.56 3.6722589
166.57 3.6720199
166.58 3.6717809
166.59 3.6715419
166.6 3.6713268
166.61 3.6710878
166.62 3.6708488
166.63 3.6706098
166.64 3.6703947
166.65 3.6701557
166.66 3.6699167
166.67 3.6696777
166.68 3.6694626
166.69 3.6692236
166.7 3.6689846
166.71 3.6687456
166.72 3.6685305
166.73 3.6682915
166.74 3.6680525
166.75 3.6678135
166.76 3.6675984
166.77 3.6673594
166.78 3.6671204
166.79 3.6668814
166.8 3.6666663
166.81 3.6664273
166.82 3.6661883
166.83 3.6659493
166.84 3.6657342
166.85 3.6654952
166.86 3.6652562
166.87 3.6650411
166.88 3.6648021
166.89 3.6645631
166.9 3.6643241
166.91 3.664109
166.92 3.66387
166.93 3.663631
166.94 3.6634159
166.95 3.6631769
166.96 3.6629379
166.97 3.6627228
166.98 3.6624838
166.99 3.6622448
167.0 3.6620297
167.01 3.6617907
167.02 3.6615517
167.03 3.6613127
167.04 3.6610976
167.05 3.6608586
167.06 3.6606196
167.07 3.6604045
167.08 3.6601655
167.09 3.6599265
167.1 3.6597114
167.11 3.6594724
167.12 3.6592334
167.13 3.6590183
167.14 3.6587793
167.15 3.6585403
167.16 3.6583252
167.17 3.6580862
167.18 3.6578472
167.19 3.6576321
167.2 3.6573931
167.21 3.6571541
167.22 3.656939
167.23 3.6567
167.24 3.656461
167.25 3.6562459
167.26 3.6560069
167.27 3.6557918
167.28 3.6555528
167.29 3.6553138
167.3 3.6550987
167.31 3.6548597
167.32 3.6546207
167.33 3.6544056
167.34 3.6541666
167.35 3.6539276
167.36 3.6537125
167.37 3.6534735
167.38 3.6532584
167.39 3.6530194
167.4 3.6527804
167.41 3.6525653
167.42 3.6523263
167.43 3.6520873
167.44 3.6518722
167.45 3.6516332
167.46 3.6514181
167.47 3.6511791
167.48 3.6509401
167.49 3.650725
167.5 3.650486
167.51 3.6502709
167.52 3.6500319
167.53 3.6497929
167.54 3.6495778
167.55 3.6493388
167.56 3.6491237
167.57 3.6488847
167.58 3.6486457
167.59 3.6484306
167.6 3.6481916
167.61 3.6479765
167.62 3.6477375
167.63 3.6475224
167.64 3.6472834
167.65 3.6470444
167.66 3.6468293
167.67 3.6465903
167.68 3.6463752
167.69 3.6461362
167.7 3.6459211
167.71 3.6456821
167.72 3.6454431
167.73 3.645228
167.74 3.644989
167.75 3.6447739
167.76 3.6445349
167.77 3.6443198
167.78 3.6440808
167.79 3.6438418
167.8 3.6436267
167.81 3.6433877
167.82 3.6431726
167.83 3.6429336
167.84 3.6427185
167.85 3.6424795
167.86 3.6422644
167.87 3.6420254
167.88 3.6418103
167.89 3.6415713
167.9 3.6413323
167.91 3.6411172
167.92 3.6408782
167.93 3.6406631
167.94 3.6404241
167.95 3.640209
167.96 3.63997
167.97 3.6397549
167.98 3.6395159
167.99 3.6393008
168.0 3.6390618
168.01 3.6388467
168.02 3.6386077
168.03 3.6383926
168.04 3.6381536
168.05 3.6379385
168.06 3.6376995
168.07 3.6374844
168.08 3.6372454
168.09 3.6370303
168.1 3.6367913
168.11 3.6365762
168.12 3.6363372
168.13 3.6361221
168.14 3.6358831
168.15 3.635668
168.16 3.635429
168.17 3.6352139
168.18 3.6349749
168.19 3.6347598
168.2 3.6345208
168.21 3.6343057
168.22 3.6340667
168.23 3.6338516
168.24 3.6336126
168.25 3.6333975
168.26 3.6331585
168.27 3.6329434
168.28 3.6327044
168.29 3.6324893
168.3 3.6322503
168.31 3.6320352
168.32 3.6317962
168.33 3.6315811
168.34 3.6313421
168.35 3.631127
168.36 3.630888
168.37 3.6306729
168.38 3.6304578
168.39 3.6302188
168.4 3.6300037
168.41 3.6297647
168.42 3.6295496
168.43 3.6293106
168.44 3.6290955
168.45 3.6288565
168.46 3.6286414
168.47 3.6284024
168.48 3.6281873
168.49 3.6279722
168.5 3.6277332
168.51 3.6275181
168.52 3.6272791
168.53 3.627064
168.54 3.626825
168.55 3.6266099
168.56 3.6263709
168.57 3.6261558
168.58 3.6259407
168.59 3.6257017
168.6 3.6254866
168.61 3.6252476
168.62 3.6250325
168.63 3.6247935
168.64 3.6245784
168.65 3.6243633
168.66 3.6241243
168.67 3.6239092
168.68 3.6236702
168.69 3.6234551
168.7 3.62324
168.71 3.623001
168.72 3.6227859
168.73 3.6225469
168.74 3.6223318
168.75 3.6220928
168.76 3.6218777
168.77 3.6216626
168.78 3.6214236
168.79 3.6212085
168.8 3.6209695
168.81 3.6207544
168.82 3.6205393
168.83 3.6203003
168.84 3.6200852
168.85 3.6198462
168.86 3.6196311
168.87 3.619416
168.88 3.619177
168.89 3.6189619
168.9 3.6187468
168.91 3.6185078
168.92 3.6182927
168.93 3.6180537
168.94 3.6178386
168.95 3.6176235
168.96 3.6173845
168.97 3.6171694
168.98 3.6169543
168.99 3.6167153
169.0 3.6165002
169.01 3.6162612
169.02 3.6160461
169.03 3.615831
169.04 3.615592
169.05 3.6153769
169.06 3.6151618
169.07 3.6149228
169.08 3.6147077
169.09 3.6144687
169.1 3.6142536
169.11 3.6140385
169.12 3.6137995
169.13 3.6135844
169.14 3.6133693
169.15 3.6131303
169.16 3.6129152
169.17 3.6127001
169.18 3.6124611
169.19 3.612246
169.2 3.6120309
169.21 3.6117919
169.22 3.6115768
169.23 3.6113617
169.24 3.6111227
169.25 3.6109076
169.26 3.6106925
169.27 3.6104535
169.28 3.6102384
169.29 3.6100233
169.3 3.6097843
169.31 3.6095692
169.32 3.6093541
169.33 3.6091151
169.34 3.6089
169.35 3.6086849
169.36 3.6084459
169.37 3.6082308
169.38 3.6080157
169.39 3.6077767
169.4 3.6075616
169.41 3.6073465
169.42 3.6071075
169.43 3.6068924
169.44 3.6066773
169.45 3.6064383
169.46 3.6062232
169.47 3.6060081
169.48 3.6057691
169.49 3.605554
169.5 3.6053389
169.51 3.6051238
169.52 3.6048848
169.53 3.6046697
169.54 3.6044546
169.55 3.6042156
169.56 3.6040005
169.57 3.6037854
169.58 3.6035464
169.59 3.6033313
169.6 3.6031162
169.61 3.6029011
169.62 3.6026621
169.63 3.602447
169.64 3.6022319
169.65 3.6019929
169.66 3.6017778
169.67 3.6015627
169.68 3.6013476
169.69 3.6011086
169.7 3.6008935
169.71 3.6006784
169.72 3.6004394
169.73 3.6002243
169.74 3.6000092
169.75 3.5997941
169.76 3.5995551
169.77 3.59934
169.78 3.5991249
169.79 3.5989098
169.8 3.5986708
169.81 3.5984557
169.82 3.5982406
169.83 3.5980016
169.84 3.5977865
169.85 3.5975714
169.86 3.5973563
169.87 3.5971173
169.88 3.5969022
169.89 3.5966871
169.9 3.596472
169.91 3.596233
169.92 3.5960179
169.93 3.5958028
169.94 3.5955877
169.95 3.5953487
169.96 3.5951336
169.97 3.5949185
169.98 3.5947034
169.99 3.5944644
170.0 3.5942493
170.01 3.5940342
170.02 3.5938191
170.03 3.5935801
170.04 3.593365
170.05 3.5931499
170.06 3.5929348
170.07 3.5926958
170.08 3.5924807
170.09 3.5922656
170.1 3.5920505
170.11 3.5918354
170.12 3.5915964
170.13 3.5913813
170.14 3.5911662
170.15 3.5909511
170.16 3.5907121
170.17 3.590497
170.18 3.5902819
170.19 3.5900668
170.2 3.5898278
170.21 3.5896127
170.22 3.5893976
170.23 3.5891825
170.24 3.5889674
170.25 3.5887284
170.26 3.5885133
170.27 3.5882982
170.28 3.5880831
170.29 3.587868
170.3 3.587629
170.31 3.5874139
170.32 3.5871988
170.33 3.5869837
170.34 3.5867447
170.35 3.5865296
170.36 3.5863145
170.37 3.5860994
170.38 3.5858843
170.39 3.5856453
170.4 3.5854302
170.41 3.5852151
170.42 3.585
170.43 3.5847849
170.44 3.5845698
170.45 3.5843308
170.46 3.5841157
170.47 3.5839006
170.48 3.5836855
170.49 3.5834704
170.5 3.5832314
170.51 3.5830163
170.52 3.5828012
170.53 3.5825861
170.54 3.582371
170.55 3.582132
170.56 3.5819169
170.57 3.5817018
170.58 3.5814867
170.59 3.5812716
170.6 3.5810565
170.61 3.5808175
170.62 3.5806024
170.63 3.5803873
170.64 3.5801722
170.65 3.5799571
170.66 3.579742
170.67 3.579503
170.68 3.5792879
170.69 3.5790728
170.7 3.5788577
170.71 3.5786426
170.72 3.5784275
170.73 3.5781885
170.74 3.5779734
170.75 3.5777583
170.76 3.5775432
170.77 3.5773281
170.78 3.577113
170.79 3.576874
170.8 3.5766589
170.81 3.5764438
170.82 3.5762287
170.83 3.5760136
170.84 3.5757985
170.85 3.5755595
170.86 3.5753444
170.87 3.5751293
170.88 3.5749142
170.89 3.5746991
170.9 3.574484
170.91 3.5742689
170.92 3.5740299
170.93 3.5738148
170.94 3.5735997
170.95 3.5733846
170.96 3.5731695
170.97 3.5729544
170.98 3.5727393
170.99 3.5725003
171.0 3.5722852
171.01 3.5720701
171.02 3.571855
171.03 3.5716399
171.04 3.5714248
171.05 3.5712097
171.06 3.5709946
171.07 3.5707556
171.08 3.5705405
171.09 3.5703254
171.1 3.5701103
171.11 3.5698952
171.12 3.5696801
171.13 3.569465
171.14 3.5692499
171.15 3.5690109
171.16 3.5687958
171.17 3.5685807
171.18 3.5683656
171.19 3.5681505
171.2 3.5679354
171.21 3.5677203
171.22 3.5675052
171.23 3.5672901
171.24 3.5670511
171.25 3.566836
171.26 3.5666209
171.27 3.5664058
171.28 3.5661907
171.29 3.5659756
171.3 3.5657605
171.31 3.5655454
171.32 3.5653303
171.33 3.5650913
171.34 3.5648762
171.35 3.5646611
171.36 3.564446
171.37 3.5642309
171.38 3.5640158
171.39 3.5638007
171.4 3.5635856
171.41 3.5633705
171.42 3.5631554
171.43 3.5629164
171.44 3.5627013
171.45 3.5624862
171.46 3.5622711
171.47 3.562056
171.48 3.5618409
171.49 3.5616258
171.5 3.5614107
171.51 3.5611956
171.52 3.5609805
171.53 3.5607654
171.54 3.5605503
171.55 3.5603113
171.56 3.5600962
171.57 3.5598811
171.58 3.559666
171.59 3.5594509
171.6 3.5592358
171.61 3.5590207
171.62 3.5588056
171.63 3.5585905
171.64 3.5583754
171.65 3.5581603
171.66 3.5579452
171.67 3.5577301
171.68 3.5574911
171.69 3.557276
171.7 3.5570609
171.71 3.5568458
171.72 3.5566307
171.73 3.5564156
171.74 3.5562005
171.75 3.5559854
171.76 3.5557703
171.77 3.5555552
171.78 3.5553401
171.79 3.555125
171.8 3.5549099
171.81 3.5546948
171.82 3.5544797
171.83 3.5542646
171.84 3.5540256
171.85 3.5538105
171.86 3.5535954
171.87 3.5533803
171.88 3.5531652
171.89 3.5529501
171.9 3.552735
171.91 3.5525199
171.92 3.5523048
171.93 3.5520897
171.94 3.5518746
171.95 3.5516595
171.96 3.5514444
171.97 3.5512293
171.98 3.5510142
171.99 3.5507991
172.0 3.550584
172.01 3.5503689
172.02 3.5501538
172.03 3.5499387
172.04 3.5497236
172.05 3.5495085
172.06 3.5492695
172.07 3.5490544
172.08 3.5488393
172.09 3.5486242
172.1 3.5484091
172.11 3.548194
172.12 3.5479789
172.13 3.5477638
172.14 3.5475487
172.15 3.5473336
172.16 3.5471185
172.17 3.5469034
172.18 3.5466883
172.19 3.5464732
172.2 3.5462581
172.21 3.546043
172.22 3.5458279
172.23 3.5456128
172.24 3.5453977
172.25 3.5451826
172.26 3.5449675
172.27 3.5447524
172.28 3.5445373
172.29 3.5443222
172.3 3.5441071
172.31 3.543892
172.32 3.5436769
172.33 3.5434618
172.34 3.5432467
172.35 3.5430316
172.36 3.5428165
172.37 3.5426014
172.38 3.5423863
172.39 3.5421712
172.4 3.5419561
172.41 3.541741
172.42 3.5415259
172.43 3.5413108
172.44 3.5410957
172.45 3.5408806
172.46 3.5406655
172.47 3.5404504
172.48 3.5402353
172.49 3.5400202
172.5 3.5398051
172.51 3.53959
172.52 3.5393749
172.53 3.5391598
172.54 3.5389447
172.55 3.5387296
172.56 3.5385145
172.57 3.5382994
172.58 3.5380843
172.59 3.5378692
172.6 3.5376541
172.61 3.537439
172.62 3.5372239
172.63 3.5370088
172.64 3.5367937
172.65 3.5365786
172.66 3.5363635
172.67 3.5361484
172.68 3.5359333
172.69 3.5357182
172.7 3.5355031
172.71 3.535288
172.72 3.5350729
172.73 3.5348578
172.74 3.5346427
172.75 3.5344276
172.76 3.5342125
172.77 3.5339974
172.78 3.5337823
172.79 3.5335672
172.8 3.5333521
172.81 3.533137
172.82 3.5329219
172.83 3.5327068
172.84 3.5324917
172.85 3.5322766
172.86 3.5320615
172.87 3.5318464
172.88 3.5316313
172.89 3.5314162
172.9 3.5312011
172.91 3.530986
172.92 3.5307709
172.93 3.5305558
172.94 3.5303407
172.95 3.5301256
172.96 3.5299105
172.97 3.5297193
172.98 3.5295042
172.99 3.5292891
173.0 3.529074
173.01 3.5288589
173.02 3.5286438
173.03 3.5284287
173.04 3.5282136
173.05 3.5279985
173.06 3.5277834
173.07 3.5275683
173.08 3.5273532
173.09 3.5271381
173.1 3.526923
173.11 3.5267079
173.12 3.5264928
173.13 3.5262777
173.14 3.5260626
173.15 3.5258475
173.16 3.5256324
173.17 3.5254173
173.18 3.5252022
173.19 3.5249871
173.2 3.524772
173.21 3.5245808
173.22 3.5243657
173.23 3.5241506
173.24 3.5239355
173.25 3.5237204
173.26 3.5235053
173.27 3.5232902
173.28 3.5230751
173.29 3.52286
173.3 3.5226449
173.31 3.5224298
173.32 3.5222147
173.33 3.5219996
173.34 3.5217845
173.35 3.5215694
173.36 3.5213543
173.37 3.5211392
173.38 3.520948
173.39 3.5207329
173.4 3.5205178
173.41 3.5203027
173.42 3.5200876
173.43 3.5198725
173.44 3.5196574
173.45 3.5194423
173.46 3.5192272
173.47 3.5190121
173.48 3.518797
173.49 3.5185819
173.5 3.5183668
173.51 3.5181517
173.52 3.5179366
173.53 3.5177454
173.54 3.5175303
173.55 3.5173152
173.56 3.5171001
173.57 3.516885
173.58 3.5166699
173.59 3.5164548
173.6 3.5162397
173.61 3.5160246
173.62 3.5158095
173.63 3.5155944
173.64 3.5153793
173.65 3.5151642
173.66 3.514973
173.67 3.5147579
173.68 3.5145428
173.69 3.5143277
173.7 3.5141126
173.71 3.5138975
173.72 3.5136824
173.73 3.5134673
173.74 3.5132522
173.75 3.5130371
173.76 3.512822
173.77 3.5126069
173.78 3.5124157
173.79 3.5122006
173.8 3.5119855
173.81 3.5117704
173.82 3.5115553
173.83 3.5113402
173.84 3.5111251
173.85 3.51091
173.86 3.5106949
173.87 3.5104798
173.88 3.5102647
173.89 3.5100735
173.9 3.5098584
173.91 3.5096433
173.92 3.5094282
173.93 3.5092131
173.94 3.508998
173.95 3.5087829
173.96 3.5085678
173.97 3.5083527
173.98 3.5081376
173.99 3.5079464
174.0 3.5077313
174.01 3.5075162
174.02 3.5073011
174.03 3.507086
174.04 3.5068709
174.05 3.5066558
174.06 3.5064407
174.07 3.5062256
174.08 3.5060105
174.09 3.5058193
174.1 3.5056042
174.11 3.5053891
174.12 3.505174
174.13 3.5049589
174.14 3.5047438
174.15 3.5045287
174.16 3.5043136
174.17 3.5040985
174.18 3.5039073
174.19 3.5036922
174.2 3.5034771
174.21 3.503262
174.22 3.5030469
174.23 3.5028318
174.24 3.5026167
174.25 3.5024016
174.26 3.5022104
174.27 3.5019953
174.28 3.5017802
174.29 3.5015651
174.3 3.50135
174.31 3.5011349
174.32 3.5009198
174.33 3.5007047
174.34 3.5004896
174.35 3.5002984
174.36 3.5000833
174.37 3.4998682
174.38 3.4996531
174.39 3.499438
174.4 3.4992229
174.41 3.4990078
174.42 3.4987927
174.43 3.4986015
174.44 3.4983864
174.45 3.4981713
174.46 3.4979562
174.47 3.4977411
174.48 3.497526
174.49 3.4973109
174.5 3.4970958
174.51 3.4969046
174.52 3.4966895
174.53 3.4964744
174.54 3.4962593
174.55 3.4960442
174.56 3.4958291
174.57 3.495614
174.58 3.4954228
174.59 3.4952077
174.6 3.4949926
174.61 3.4947775
174.62 3.4945624
174.63 3.4943473
174.64 3.4941322
174.65 3.493941
174.66 3.4937259
174.67 3.4935108
174.68 3.4932957
174.69 3.4930806
174.7 3.4928655
174.71 3.4926504
174.72 3.4924353
174.73 3.4922441
174.74 3.492029
174.75 3.4918139
174.76 3.4915988
174.77 3.4913837
174.78 3.4911686
174.79 3.4909535
174.8 3.4907623
174.81 3.4905472
174.82 3.4903321
174.83 3.490117
174.84 3.4899019
174.85 3.4896868
174.86 3.4894956
174.87 3.4892805
174.88 3.4890654
174.89 3.4888503
174.9 3.4886352
174.91 3.4884201
174.92 3.488205
174.93 3.4880138
174.94 3.4877987
174.95 3.4875836
174.96 3.4873685
174.97 3.4871534
174.98 3.4869383
174.99 3.4867471
175.0 3.486532
175.01 3.4863169
175.02 3.4861018
175.03 3.4858867
175.04 3.4856716
175.05 3.4854565
175.06 3.4852653
175.07 3.4850502
175.08 3.4848351
175.09 3.48462
175.1 3.4844049
175.11 3.4841898
175.12 3.4839986
175.13 3.4837835
175.14 3.4835684
175.15 3.4833533
175.16 3.4831382
175.17 3.4829231
175.18 3.4827319
175.19 3.4825168
175.2 3.4823017
175.21 3.4820866
175.22 3.4818715
175.23 3.4816564
175.24 3.4814652
175.25 3.4812501
175.26 3.481035
175.27 3.4808199
175.28 3.4806048
175.29 3.4803897
175.3 3.4801985
175.31 3.4799834
175.32 3.4797683
175.33 3.4795532
175.34 3.4793381
175.35 3.479123
175.36 3.4789318
175.37 3.4787167
175.38 3.4785016
175.39 3.4782865
175.4 3.4780714
175.41 3.4778563
175.42 3.4776651
175.43 3.47745
175.44 3.4772349
175.45 3.4770198
175.46 3.4768047
175.47 3.4766135
175.48 3.4763984
175.49 3.4761833
175.5 3.4759682
175.51 3.4757531
175.52 3.475538
175.53 3.4753468
175.54 3.4751317
175.55 3.4749166
175.56 3.4747015
175.57 3.4744864
175.58 3.4742952
175.59 3.4740801
175.6 3.473865
175.61 3.4736499
175.62 3.4734348
175.63 3.4732197
175.64 3.4730285
175.65 3.4728134
175.66 3.4725983
175.67 3.4723832
175.68 3.4721681
175.69 3.4719769
175.7 3.4717618
175.71 3.4715467
175.72 3.4713316
175.73 3.4711165
175.74 3.4709253
175.75 3.4707102
175.76 3.4704951
175.77 3.47028
175.78 3.4700649
175.79 3.4698498
175.8 3.4696586
175.81 3.4694435
175.82 3.4692284
175.83 3.4690133
175.84 3.4687982
175.85 3.468607
175.86 3.4683919
175.87 3.4681768
175.88 3.4679617
175.89 3.4677466
175.9 3.4675554
175.91 3.4673403
175.92 3.4671252
175.93 3.4669101
175.94 3.466695
175.95 3.4665038
175.96 3.4662887
175.97 3.4660736
175.98 3.4658585
175.99 3.4656434
176.0 3.4654522
176.01 3.4652371
176.02 3.465022
176.03 3.4648069
176.04 3.4645918
176.05 3.4644006
176.06 3.4641855
176.07 3.4639704
176.08 3.4637553
176.09 3.4635402
176.1 3.463349
176.11 3.4631339
176.12 3.4629188
176.13 3.4627037
176.14 3.4624886
176.15 3.4622974
176.16 3.4620823
176.17 3.4618672
176.18 3.4616521
176.19 3.461437
176.2 3.4612458
176.21 3.4610307
176.22 3.4608156
176.23 3.4606005
176.24 3.4604093
176.25 3.4601942
176.26 3.4599791
176.27 3.459764
176.28 3.4595489
176.29 3.4593577
176.3 3.4591426
176.31 3.4589275
176.32 3.4587124
176.33 3.4584973
176.34 3.4583061
176.35 3.458091
176.36 3.4578759
176.37 3.4576608
176.38 3.4574696
176.39 3.4572545
176.4 3.4570394
176.41 3.4568243
176.42 3.4566092
176.43 3.456418
176.44 3.4562029
176.45 3.4559878
176.46 3.4557727
176.47 3.4555576
176.48 3.4553664
176.49 3.4551513
176.5 3.4549362
176.51 3.4547211
176.52 3.4545299
176.53 3.4543148
176.54 3.4540997
176.55 3.4538846
176.56 3.4536695
176.57 3.4534783
176.58 3.4532632
176.59 3.4530481
176.6 3.452833
176.61 3.4526418
176.62 3.4524267
176.63 3.4522116
176.64 3.4519965
176.65 3.4518053
176.66 3.4515902
176.67 3.4513751
176.68 3.45116
176.69 3.4509449
176.7 3.4507537
176.71 3.4505386
176.72 3.4503235
176.73 3.4501084
176.74 3.4499172
176.75 3.4497021
176.76 3.449487
176.77 3.4492719
176.78 3.4490568
176.79 3.4488656
176.8 3.4486505
176.81 3.4484354
176.82 3.4482203
176.83 3.4480291
176.84 3.447814
176.85 3.4475989
176.86 3.4473838
176.87 3.4471926
176.88 3.4469775
176.89 3.4467624
176.9 3.4465473
176.91 3.4463561
176.92 3.446141
176.93 3.4459259
176.94 3.4457108
176.95 3.4454957
176.96 3.4453045
176.97 3.4450894
176.98 3.4448743
176.99 3.4446592
177.0 3.444468
177.01 3.4442529
177.02 3.4440378
177.03 3.4438227
177.04 3.4436315
177.05 3.4434164
177.06 3.4432013
177.07 3.4429862
177.08 3.442795
177.09 3.4425799
177.1 3.4423648
177.11 3.4421497
177.12 3.4419585
177.13 3.4417434
177.14 3.4415283
177.15 3.4413132
177.16 3.441122
177.17 3.4409069
177.18 3.4406918
177.19 3.4404767
177.2 3.4402616
177.21 3.4400704
177.22 3.4398553
177.23 3.4396402
177.24 3.4394251
177.25 3.4392339
177.26 3.4390188
177.27 3.4388037
177.28 3.4385886
177.29 3.4383974
177.3 3.4381823
177.31 3.4379672
177.32 3.4377521
177.33 3.4375609
177.34 3.4373458
177.35 3.4371307
177.36 3.4369156
177.37 3.4367244
177.38 3.4365093
177.39 3.4362942
177.4 3.4360791
177.41 3.4358879
177.42 3.4356728
177.43 3.4354577
177.44 3.4352426
177.45 3.4350514
177.46 3.4348363
177.47 3.4346212
177.48 3.43443
177.49 3.4342149
177.5 3.4339998
177.51 3.4337847
177.52 3.4335935
177.53 3.4333784
177.54 3.4331633
177.55 3.4329482
177.56 3.432757
177.57 3.4325419
177.58 3.4323268
177.59 3.4321117
177.6 3.4319205
177.61 3.4317054
177.62 3.4314903
177.63 3.4312752
177.64 3.431084
177.65 3.4308689
177.66 3.4306538
177.67 3.4304387
177.68 3.4302475
177.69 3.4300324
177.7 3.4298173
177.71 3.4296022
177.72 3.429411
177.73 3.4291959
177.74 3.4289808
177.75 3.4287896
177.76 3.4285745
177.77 3.4283594
177.78 3.4281443
177.79 3.4279531
177.8 3.427738
177.81 3.4275229
177.82 3.4273078
177.83 3.4271166
177.84 3.4269015
177.85 3.4266864
177.86 3.4264713
177.87 3.4262801
177.88 3.426065
177.89 3.4258499
177.9 3.4256348
177.91 3.4254436
177.92 3.4252285
177.93 3.4250134
177.94 3.4248222
177.95 3.4246071
177.96 3.424392
177.97 3.4241769
177.98 3.4239857
177.99 3.4237706
178.0 3.4235555
178.01 3.4233404
178.02 3.4231492
178.03 3.4229341
178.04 3.422719
178.05 3.4225278
178.06 3.4223127
178.07 3.4220976
178.08 3.4218825
178.09 3.4216913
178.1 3.4214762
178.11 3.4212611
178.12 3.421046
178.13 3.4208548
178.14 3.4206397
178.15 3.4204246
178.16 3.4202334
178.17 3.4200183
178.18 3.4198032
178.19 3.4195881
178.2 3.4193969
178.21 3.4191818
178.22 3.4189667
178.23 3.4187755
178.24 3.4185604
178.25 3.4183453
178.26 3.4181302
178.27 3.417939
178.28 3.4177239
178.29 3.4175088
178.3 3.4172937
178.31 3.4171025
178.32 3.4168874
178.33 3.4166723
178.34 3.4164811
178.35 3.416266
178.36 3.4160509
178.37 3.4158358
178.38 3.4156446
178.39 3.4154295
178.4 3.4152144
178.41 3.4150232
178.42 3.4148081
178.43 3.414593
178.44 3.4143779
178.45 3.4141867
178.46 3.4139716
178.47 3.4137565
178.48 3.4135653
178.49 3.4133502
178.5 3.4131351
178.51 3.41292
178.52 3.4127288
178.53 3.4125137
178.54 3.4122986
178.55 3.4121074
178.56 3.4118923
178.57 3.4116772
178.58 3.4114621
178.59 3.4112709
178.6 3.4110558
178.61 3.4108407
178.62 3.4106495
178.63 3.4104344
178.64 3.4102193
178.65 3.4100042
178.66 3.409813
178.67 3.4095979
178.68 3.4093828
178.69 3.4091916
178.7 3.4089765
178.71 3.4087614
178.72 3.4085702
178.73 3.4083551
178.74 3.40814
178.75 3.4079249
178.76 3.4077337
178.77 3.4075186
178.78 3.4073035
178.79 3.4071123
178.8 3.4068972
178.81 3.4066821
178.82 3.406467
178.83 3.4062758
178.84 3.4060607
178.85 3.4058456
178.86 3.4056544
178.87 3.4054393
178.88 3.4052242
178.89 3.405033
178.9 3.4048179
178.91 3.4046028
178.92 3.4043877
178.93 3.4041965
178.94 3.4039814
178.95 3.4037663
178.96 3.4035751
178.97 3.40336
178.98 3.4031449
178.99 3.4029298
179.0 3.4027386
179.01 3.4025235
179.02 3.4023084
179.03 3.4021172
179.04 3.4019021
179.05 3.401687
179.06 3.4014958
179.07 3.4012807
179.08 3.4010656
179.09 3.4008744
179.1 3.4006593
179.11 3.4004442
179.12 3.4002291
179.13 3.4000379
179.14 3.3998228
179.15 3.3996077
179.16 3.3994165
179.17 3.3992014
179.18 3.3989863
179.19 3.3987951
179.2 3.39858
179.21 3.3983649
179.22 3.3981498
179.23 3.3979586
179.24 3.3977435
179.25 3.3975284
179.26 3.3973372
179.27 3.3971221
179.28 3.396907
179.29 3.3967158
179.3 3.3965007
179.31 3.3962856
179.32 3.3960944
179.33 3.3958793
179.34 3.3956642
179.35 3.3954491
179.36 3.3952579
179.37 3.3950428
179.38 3.3948277
179.39 3.3946365
179.4 3.3944214
179.41 3.3942063
179.42 3.3940151
179.43 3.3938
179.44 3.3935849
179.45 3.3933937
179.46 3.3931786
179.47 3.3929635
179.48 3.3927723
179.49 3.3925572
179.5 3.3923421
179.51 3.392127
179.52 3.3919358
179.53 3.3917207
179.54 3.3915056
179.55 3.3913144
179.56 3.3910993
179.57 3.3908842
179.58 3.390693
179.59 3.3904779
179.6 3.3902628
179.61 3.3900716
179.62 3.3898565
179.63 3.3896414
179.64 3.3894502
179.65 3.3892351
179.66 3.38902
179.67 3.3888288
179.68 3.3886137
179.69 3.3883986
179.7 3.3881835
179.71 3.3879923
179.72 3.3877772
179.73 3.3875621
179.74 3.3873709
179.75 3.3871558
179.76 3.3869407
179.77 3.3867495
179.78 3.3865344
179.79 3.3863193
179.8 3.3861281
179.81 3.385913
179.82 3.3856979
179.83 3.3855067
179.84 3.3852916
179.85 3.3850765
179.86 3.3848853
179.87 3.3846702
179.88 3.3844551
179.89 3.3842639
179.9 3.3840488
179.91 3.3838337
179.92 3.3836425
179.93 3.3834274
179.94 3.3832123
179.95 3.3830211
179.96 3.382806
179.97 3.3825909
179.98 3.3823997
179.99 3.3821846
180.0 3.3819695
180.01 3.3819695
