-180.0 4.0628566
-179.99 4.0628088
-179.98 4.0627849
-179.97 4.0627371
-179.96 4.0627132
-179.95 4.0626893
-179.94 4.0626415
-179.93 4.0626176
-179.92 4.0625698
-179.91 4.0625459
-179.9 4.0624981
-179.89 4.0624742
-179.88 4.0624264
-179.87 4.0624025
-179.86 4.0623547
-179.85 4.0623308
-179.84 4.062283
-179.83 4.0622591
-179.82 4.0622113
-179.81 4.0621874
-179.8 4.0621396
-179.79 4.0621157
-179.78 4.0620679
-179.77 4.062044
-179.76 4.0619962
-179.75 4.0619723
-179.74 4.0619245
-179.73 4.0619006
-179.72 4.0618528
-179.71 4.061805
-179.7 4.0617811
-179.69 4.0617333
-179.68 4.0617094
-179.67 4.0616616
-179.66 4.0616377
-179.65 4.0615899
-179.64 4.0615421
-179.63 4.0615182
-179.62 4.0614704
-179.61 4.0614465
-179.6 4.0613987
-179.59 4.0613748
-179.58 4.061327
-179.57 4.0612792
-179.56 4.0612553
-179.55 4.0612075
-179.54 4.0611836
-179.53 4.0611358
-179.52 4.061088
-179.51 4.0610641
-179.5 4.0610163
-179.49 4.0609685
-179.48 4.0609446
-179.47 4.0608968
-179.46 4.0608729
-179.45 4.0608251
-179.44 4.0607773
-179.43 4.0607534
-179.42 4.0607056
-179.41 4.0606578
-179.4 4.0606339
-179.39 4.0605861
-179.38 4.0605383
-179.37 4.0605144
-179.36 4.0604666
-179.35 4.0604188
-179.34 4.0603949
-179.33 4.0603471
-179.32 4.0602993
-179.31 4.0602754
-179.3 4.0602276
-179.29 4.0601798
-179.28 4.060132
-179.27 4.0601081
-179.26 4.0600603
-179.25 4.0600125
-179.24 4.0599886
-179.23 4.0599408
-179.22 4.059893
-179.21 4.0598452
-179.2 4.0598213
-179.19 4.0597735
-179.18 4.0597257
-179.17 4.0596779
-179.16 4.059654
-179.15 4.0596062
-179.14 4.0595584
-179.13 4.0595106
-179.12 4.0594867
-179.11 4.0594389
-179.1 4.0593911
-179.09 4.0593433
-179.08 4.0593194
-179.07 4.0592716
-179.06 4.0592238
-179.05 4.059176
-179.04 4.0591521
-179.03 4.0591043
-179.02 4.0590565
-179.01 4.0590087
-179.0 4.0589609
-178.99 4.058937
-178.98 4.0588892
-178.97 4.0588414
-178.96 4.0587936
-178.95 4.0587458
-178.94 4.058698
-178.93 4.0586741
-178.92 4.0586263
-178.91 4.0585785
-178.9 4.0585307
-178.89 4.0584829
-178.88 4.0584351
-178.87 4.0584112
-178.86 4.0583634
-178.85 4.0583156
-178.84 4.0582678
-178.83 4.05822
-178.82 4.0581722
-178.81 4.0581244
-178.8 4.0581005
-178.79 4.0580527
-178.78 4.0580049
-178.77 4.0579571
-178.76 4.0579093
-178.75 4.0578615
-178.74 4.0578137
-178.73 4.0577659
-178.72 4.0577181
-178.71 4.0576703
-178.7 4.0576464
-178.69 4.0575986
-178.68 4.0575508
-178.67 4.057503
-178.66 4.0574552
-178.65 4.0574074
-178.64 4.0573596
-178.63 4.0573118
-178.62 4.057264
-178.61 4.0572162
-178.6 4.0571684
-178.59 4.0571206
-178.58 4.0570728
-178.57 4.057025
-178.56 4.0569772
-178.55 4.0569294
-178.54 4.0569055
-178.53 4.0568577
-178.52 4.0568099
-178.51 4.0567621
-178.5 4.0567143
-178.49 4.0566665
-178.48 4.0566187
-178.47 4.0565709
-178.46 4.0565231
-178.45 4.0564753
-178.44 4.0564275
-178.43 4.0563797
-178.42 4.0563319
-178.41 4.0562841
-178.4 4.0562363
-178.39 4.0561885
-178.38 4.0561407
-178.37 4.0560929
-178.36 4.0560212
-178.35 4.0559734
-178.34 4.0559256
-178.33 4.0558778
-178.32 4.05583
-178.31 4.0557822
-178.3 4.0557344
-178.29 4.0556866
-178.28 4.0556388
-178.27 4.055591
-178.26 4.0555432
-178.25 4.0554954
-178.24 4.0554476
-178.23 4.0553998
-178.22 4.055352
-178.21 4.0553042
-178.2 4.0552564
-178.19 4.0551847
-178.18 4.0551369
-178.17 4.0550891
-178.16 4.0550413
-178.15 4.0549935
-178.14 4.0549457
-178.13 4.0548979
-178.12 4.0548501
-178.11 4.0548023
-178.1 4.0547306
-178.09 4.0546828
-178.08 4.054635
-178.07 4.0545872
-178.06 4.0545394
-178.05 4.0544916
-178.04 4.0544438
-178.03 4.054396
-178.02 4.0543243
-178.01 4.0542765
-178.0 4.0542287
-177.99 4.0541809
-177.98 4.0541331
-177.97 4.0540853
-177.96 4.0540136
-177.95 4.0539658
-177.94 4.053918
-177.93 4.0538702
-177.92 4.0538224
-177.91 4.0537507
-177.9 4.0537029
-177.89 4.0536551
-177.88 4.0536073
-177.87 4.0535595
-177.86 4.0534878
-177.85 4.05344
-177.84 4.0533922
-177.83 4.0533444
-177.82 4.0532966
-177.81 4.0532249
-177.8 4.0531771
-177.79 4.0531293
-177.78 4.0530815
-177.77 4.0530098
-177.76 4.052962
-177.75 4.0529142
-177.74 4.0528664
-177.73 4.0527947
-177.72 4.0527469
-177.71 4.0526991
-177.7 4.0526513
-177.69 4.0525796
-177.68 4.0525318
-177.67 4.052484
-177.66 4.0524362
-177.65 4.0523645
-177.64 4.0523167
-177.63 4.0522689
-177.62 4.0521972
-177.61 4.0521494
-177.6 4.0521016
-177.59 4.0520538
-177.58 4.0519821
-177.57 4.0519343
-177.56 4.0518865
-177.55 4.0518148
-177.54 4.051767
-177.53 4.0517192
-177.52 4.0516475
-177.51 4.0515997
-177.5 4.0515519
-177.49 4.0514802
-177.48 4.0514324
-177.47 4.0513846
-177.46 4.0513129
-177.45 4.0512651
-177.44 4.0512173
-177.43 4.0511456
-177.42 4.0510978
-177.41 4.05105
-177.4 4.0509783
-177.39 4.0509305
-177.38 4.0508827
-177.37 4.050811
-177.36 4.0507632
-177.35 4.0506915
-177.34 4.0506437
-177.33 4.0505959
-177.32 4.0505242
-177.31 4.0504764
-177.3 4.0504047
-177.29 4.0503569
-177.28 4.0503091
-177.27 4.0502374
-177.26 4.0501896
-177.25 4.0501179
-177.24 4.0500701
-177.23 4.0500223
-177.22 4.0499506
-177.21 4.0499028
-177.2 4.0498311
-177.19 4.0497833
-177.18 4.0497116
-177.17 4.0496638
-177.16 4.0495921
-177.15 4.0495443
-177.14 4.0494965
-177.13 4.0494248
-177.12 4.049377
-177.11 4.0493053
-177.1 4.0492575
-177.09 4.0491858
-177.08 4.049138
-177.07 4.0490663
-177.06 4.0490185
-177.05 4.0489468
-177.04 4.048899
-177.03 4.0488273
-177.02 4.0487795
-177.01 4.0487078
-177.0 4.04866
-176.99 4.0485883
-176.98 4.0485405
-176.97 4.0484688
-176.96 4.048421
-176.95 4.0483493
-176.94 4.0483015
-176.93 4.0482298
-176.92 4.048182
-176.91 4.0481103
-176.9 4.0480625
-176.89 4.0479908
-176.88 4.047943
-176.87 4.0478713
-176.86 4.0477996
-176.85 4.0477518
-176.84 4.0476801
-176.83 4.0476323
-176.82 4.0475606
-176.81 4.0475128
-176.8 4.0474411
-176.79 4.0473694
-176.78 4.0473216
-176.77 4.0472499
-176.76 4.0472021
-176.75 4.0471304
-176.74 4.0470826
-176.73 4.0470109
-176.72 4.0469392
-176.71 4.0468914
-176.7 4.0468197
-176.69 4.0467719
-176.68 4.0467002
-176.67 4.0466285
-176.66 4.0465807
-176.65 4.046509
-176.64 4.0464373
-176.63 4.0463895
-176.62 4.0463178
-176.61 4.04627
-176.6 4.0461983
-176.59 4.0461266
-176.58 4.0460788
-176.57 4.0460071
-176.56 4.0459354
-176.55 4.0458876
-176.54 4.0458159
-176.53 4.0457442
-176.52 4.0456964
-176.51 4.0456247
-176.5 4.045553
-176.49 4.0455052
-176.48 4.0454335
-176.47 4.0453618
-176.46 4.045314
-176.45 4.0452423
-176.44 4.0451706
-176.43 4.0451228
-176.42 4.0450511
-176.41 4.0449794
-176.4 4.0449077
-176.39 4.0448599
-176.38 4.0447882
-176.37 4.0447165
-176.36 4.0446687
-176.35 4.044597
-176.34 4.0445253
-176.33 4.0444536
-176.32 4.0444058
-176.31 4.0443341
-176.3 4.0442624
-176.29 4.0442146
-176.28 4.0441429
-176.27 4.0440712
-176.26 4.0439995
-176.25 4.0439517
-176.24 4.04388
-176.23 4.0438083
-176.22 4.0437366
-176.21 4.0436649
-176.2 4.0436171
-176.19 4.0435454
-176.18 4.0434737
-176.17 4.043402
-176.16 4.0433542
-176.15 4.0432825
-176.14 4.0432108
-176.13 4.0431391
-176.12 4.0430674
-176.11 4.0430196
-176.1 4.0429479
-176.09 4.0428762
-176.08 4.0428045
-176.07 4.0427328
-176.06 4.042685
-176.05 4.0426133
-176.04 4.0425416
-176.03 4.0424699
-176.02 4.0423982
-176.01 4.0423265
-176.0 4.0422787
-175.99 4.042207
-175.98 4.0421353
-175.97 4.0420636
-175.96 4.0419919
-175.95 4.0419202
-175.94 4.0418485
-175.93 4.0418007
-175.92 4.041729
-175.91 4.0416573
-175.9 4.0415856
-175.89 4.0415139
-175.88 4.0414422
-175.87 4.0413705
-175.86 4.0412988
-175.85 4.041251
-175.84 4.0411793
-175.83 4.0411076
-175.82 4.0410359
-175.81 4.0409642
-175.8 4.0408925
-175.79 4.0408208
-175.78 4.0407491
-175.77 4.0406774
-175.76 4.0406057
-175.75 4.0405579
-175.74 4.0404862
-175.73 4.0404145
-175.72 4.0403428
-175.71 4.0402711
-175.7 4.0401994
-175.69 4.0401277
-175.68 4.040056
-175.67 4.0399843
-175.66 4.0399126
-175.65 4.0398409
-175.64 4.0397692
-175.63 4.0396975
-175.62 4.0396258
-175.61 4.0395541
-175.6 4.0394824
-175.59 4.0394107
-175.58 4.039339
-175.57 4.0392673
-175.56 4.0391956
-175.55 4.0391239
-175.54 4.0390522
-175.53 4.0389805
-175.52 4.0389088
-175.51 4.0388371
-175.5 4.0387654
-175.49 4.0386937
-175.48 4.038622
-175.47 4.0385503
-175.46 4.0384786
-175.45 4.0384069
-175.44 4.0383352
-175.43 4.0382635
-175.42 4.0381918
-175.41 4.0381201
-175.4 4.0380484
-175.39 4.0379767
-175.38 4.037905
-175.37 4.0378333
-175.36 4.0377616
-175.35 4.0376899
-175.34 4.0376182
-175.33 4.0375465
-175.32 4.0374748
-175.31 4.0374031
-175.3 4.0373314
-175.29 4.0372597
-175.28 4.037188
-175.27 4.0371163
-175.26 4.0370207
-175.25 4.036949
-175.24 4.0368773
-175.23 4.0368056
-175.22 4.0367339
-175.21 4.0366622
-175.2 4.0365905
-175.19 4.0365188
-175.18 4.0364471
-175.17 4.0363754
-175.16 4.0363037
-175.15 4.0362081
-175.14 4.0361364
-175.13 4.0360647
-175.12 4.035993
-175.11 4.0359213
-175.1 4.0358496
-175.09 4.0357779
-175.08 4.0357062
-175.07 4.0356106
-175.06 4.0355389
-175.05 4.0354672
-175.04 4.0353955
-175.03 4.0353238
-175.02 4.0352521
-175.01 4.0351565
-175.0 4.0350848
-174.99 4.0350131
-174.98 4.0349414
-174.97 4.0348697
-174.96 4.034798
-174.95 4.0347024
-174.94 4.0346307
-174.93 4.034559
-174.92 4.0344873
-174.91 4.0344156
-174.9 4.03432
-174.89 4.0342483
-174.88 4.0341766
-174.87 4.0341049
-174.86 4.0340332
-174.85 4.0339376
-174.84 4.0338659
-174.83 4.0337942
-174.82 4.0337225
-174.81 4.0336508
-174.8 4.0335552
-174.79 4.0334835
-174.78 4.0334118
-174.77 4.0333401
-174.76 4.0332445
-174.75 4.0331728
-174.74 4.0331011
-174.73 4.0330294
-174.72 4.0329338
-174.71 4.0328621
-174.7 4.0327904
-174.69 4.0327187
-174.68 4.0326231
-174.67 4.0325514
-174.66 4.0324797
-174.65 4.032408
-174.64 4.0323124
-174.63 4.0322407
-174.62 4.032169
-174.61 4.0320734
-174.6 4.0320017
-174.59 4.03193
-174.58 4.0318583
-174.57 4.0317627
-174.56 4.031691
-174.55 4.0316193
-174.54 4.0315237
-174.53 4.031452
-174.52 4.0313803
-174.51 4.0312847
-174.5 4.031213
-174.49 4.0311413
-174.48 4.0310457
-174.47 4.030974
-174.46 4.0309023
-174.45 4.0308067
-174.44 4.030735
-174.43 4.0306633
-174.42 4.0305677
-174.41 4.030496
-174.4 4.0304243
-174.39 4.0303287
-174.38 4.030257
-174.37 4.0301853
-174.36 4.0300897
-174.35 4.030018
-174.34 4.0299463
-174.33 4.0298507
-174.32 4.029779
-174.31 4.0296834
-174.3 4.0296117
-174.29 4.02954
-174.28 4.0294444
-174.27 4.0293727
-174.26 4.029301
-174.25 4.0292054
-174.24 4.0291337
-174.23 4.0290381
-174.22 4.0289664
-174.21 4.0288947
-174.2 4.0287991
-174.19 4.0287274
-174.18 4.0286318
-174.17 4.0285601
-174.16 4.0284645
-174.15 4.0283928
-174.14 4.0283211
-174.13 4.0282255
-174.12 4.0281538
-174.11 4.0280582
-174.1 4.0279865
-174.09 4.0278909
-174.08 4.0278192
-174.07 4.0277236
-174.06 4.0276519
-174.05 4.0275802
-174.04 4.0274846
-174.03 4.0274129
-174.02 4.0273173
-174.01 4.0272456
-174.0 4.02715
-173.99 4.0270783
-173.98 4.0269827
-173.97 4.026911
-173.96 4.0268154
-173.95 4.0267437
-173.94 4.0266481
-173.93 4.0265764
-173.92 4.0264808
-173.91 4.0264091
-173.9 4.0263135
-173.89 4.0262418
-173.88 4.0261462
-173.87 4.0260745
-173.86 4.0259789
-173.85 4.0259072
-173.84 4.0258116
-173.83 4.0257399
-173.82 4.0256443
-173.81 4.0255726
-173.8 4.025477
-173.79 4.0253814
-173.78 4.0253097
-173.77 4.0252141
-173.76 4.0251424
-173.75 4.0250468
-173.74 4.0249751
-173.73 4.0248795
-173.72 4.0248078
-173.71 4.0247122
-173.7 4.0246405
-173.69 4.0245449
-173.68 4.0244493
-173.67 4.0243776
-173.66 4.024282
-173.65 4.0242103
-173.64 4.0241147
-173.63 4.0240191
-173.62 4.0239474
-173.61 4.0238518
-173.6 4.0237801
-173.59 4.0236845
-173.58 4.0235889
-173.57 4.0235172
-173.56 4.0234216
-173.55 4.0233499
-173.54 4.0232543
-173.53 4.0231587
-173.52 4.023087
-173.51 4.0229914
-173.5 4.0229197
-173.49 4.0228241
-173.48 4.0227285
-173.47 4.0226568
-173.46 4.0225612
-173.45 4.0224656
-173.44 4.0223939
-173.43 4.0222983
-173.42 4.0222027
-173.41 4.022131
-173.4 4.0220354
-173.39 4.0219398
-173.38 4.0218681
-173.37 4.0217725
-173.36 4.0216769
-173.35 4.0216052
-173.34 4.0215096
-173.33 4.021414
-173.32 4.0213423
-173.31 4.0212467
-173.3 4.0211511
-173.29 4.0210794
-173.28 4.0209838
-173.27 4.0208882
-173.26 4.0208165
-173.25 4.0207209
-173.24 4.0206253
-173.23 4.0205536
-173.22 4.020458
-173.21 4.0203624
-173.2 4.0202668
-173.19 4.0201951
-173.18 4.0200995
-173.17 4.0200039
-173.16 4.0199083
-173.15 4.0198366
-173.14 4.019741
-173.13 4.0196454
-173.12 4.0195737
-173.11 4.0194781
-173.1 4.0193825
-173.09 4.0192869
-173.08 4.0192152
-173.07 4.0191196
-173.06 4.019024
-173.05 4.0189284
-173.04 4.0188567
-173.03 4.0187611
-173.02 4.0186655
-173.01 4.0185699
-173.0 4.0184743
-172.99 4.0184026
-172.98 4.018307
-172.97 4.0182114
-172.96 4.0181158
-172.95 4.0180441
-172.94 4.0179485
-172.93 4.0178529
-172.92 4.0177573
-172.91 4.0176617
-172.9 4.01759
-172.89 4.0174944
-172.88 4.0173988
-172.87 4.0173032
-172.86 4.0172076
-172.85 4.017112
-172.84 4.0170403
-172.83 4.0169447
-172.82 4.0168491
-172.81 4.0167535
-172.8 4.0166579
-172.79 4.0165623
-172.78 4.0164906
-172.77 4.016395
-172.76 4.0162994
-172.75 4.0162038
-172.74 4.0161082
-172.73 4.0160126
-172.72 4.0159409
-172.71 4.0158453
-172.7 4.0157497
-172.69 4.0156541
-172.68 4.0155585
-172.67 4.0154629
-172.66 4.0153673
-172.65 4.0152717
-172.64 4.0152
-172.63 4.0151044
-172.62 4.0150088
-172.61 4.0149132
-172.6 4.0148176
-172.59 4.014722
-172.58 4.0146264
-172.57 4.0145308
-172.56 4.0144352
-172.55 4.0143635
-172.54 4.0142679
-172.53 4.0141723
-172.52 4.0140767
-172.51 4.0139811
-172.5 4.0138855
-172.49 4.0137899
-172.48 4.0136943
-172.47 4.0135987
-172.46 4.0135031
-172.45 4.0134075
-172.44 4.0133119
-172.43 4.0132163
-172.42 4.0131446
-172.41 4.013049
-172.4 4.0129534
-172.39 4.0128578
-172.38 4.0127622
-172.37 4.0126666
-172.36 4.012571
-172.35 4.0124754
-172.34 4.0123798
-172.33 4.0122842
-172.32 4.0121886
-172.31 4.012093
-172.3 4.0119974
-172.29 4.0119018
-172.28 4.0118062
-172.27 4.0117106
-172.26 4.011615
-172.25 4.0115194
-172.24 4.0114238
-172.23 4.0113282
-172.22 4.0112326
-172.21 4.011137
-172.2 4.0110414
-172.19 4.0109458
-172.18 4.0108502
-172.17 4.0107546
-172.16 4.010659
-172.15 4.0105634
-172.14 4.0104678
-172.13 4.0103722
-172.12 4.0102766
-172.11 4.010181
-172.1 4.0100854
-172.09 4.0099898
-172.08 4.0098942
-172.07 4.0097986
-172.06 4.009703
-172.05 4.0096074
-172.04 4.0095118
-172.03 4.0094162
-172.02 4.0092967
-172.01 4.0092011
-172.0 4.0091055
-171.99 4.0090099
-171.98 4.0089143
-171.97 4.0088187
-171.96 4.0087231
-171.95 4.0086275
-171.94 4.0085319
-171.93 4.0084363
-171.92 4.0083407
-171.91 4.0082451
-171.9 4.0081495
-171.89 4.00803
-171.88 4.0079344
-171.87 4.0078388
-171.86 4.0077432
-171.85 4.0076476
-171.84 4.007552
-171.83 4.0074564
-171.82 4.0073608
-171.81 4.0072652
-171.8 4.0071696
-171.79 4.0070501
-171.78 4.0069545
-171.77 4.0068589
-171.76 4.0067633
-171.75 4.0066677
-171.74 4.0065721
-171.73 4.0064765
-171.72 4.0063809
-171.71 4.0062614
-171.7 4.0061658
-171.69 4.0060702
-171.68 4.0059746
-171.67 4.005879
-171.66 4.0057834
-171.65 4.0056639
-171.64 4.0055683
-171.63 4.0054727
-171.62 4.0053771
-171.61 4.0052815
-171.6 4.0051859
-171.59 4.0050664
-171.58 4.0049708
-171.57 4.0048752
-171.56 4.0047796
-171.55 4.004684
-171.54 4.0045884
-171.53 4.0044689
-171.52 4.0043733
-171.51 4.0042777
-171.5 4.0041821
-171.49 4.0040865
-171.48 4.003967
-171.47 4.0038714
-171.46 4.0037758
-171.45 4.0036802
-171.44 4.0035607
-171.43 4.0034651
-171.42 4.0033695
-171.41 4.0032739
-171.4 4.0031783
-171.39 4.0030588
-171.38 4.0029632
-171.37 4.0028676
-171.36 4.002772
-171.35 4.0026525
-171.34 4.0025569
-171.33 4.0024613
-171.32 4.0023657
-171.31 4.0022462
-171.3 4.0021506
-171.29 4.002055
-171.28 4.0019594
-171.27 4.0018399
-171.26 4.0017443
-171.25 4.0016487
-171.24 4.0015531
-171.23 4.0014336
-171.22 4.001338
-171.21 4.0012424
-171.2 4.0011468
-171.19 4.0010273
-171.18 4.0009317
-171.17 4.0008361
-171.16 4.0007166
-171.15 4.000621
-171.14 4.0005254
-171.13 4.0004059
-171.12 4.0003103
-171.11 4.0002147
-171.1 4.0001191
-171.09 3.9999996
-171.08 3.999904
-171.07 3.9998084
-171.06 3.9996889
-171.05 3.9995933
-171.04 3.9994977
-171.03 3.9993782
-171.02 3.9992826
-171.01 3.999187
-171.0 3.9990675
-170.99 3.9989719
-170.98 3.9988763
-170.97 3.9987568
-170.96 3.9986612
-170.95 3.9985656
-170.94 3.9984461
-170.93 3.9983505
-170.92 3.9982549
-170.91 3.9981354
-170.9 3.9980398
-170.89 3.9979203
-170.88 3.9978247
-170.87 3.9977291
-170.86 3.9976096
-170.85 3.997514
-170.84 3.9974184
-170.83 3.9972989
-170.82 3.9972033
-170.81 3.9970838
-170.8 3.9969882
-170.79 3.9968926
-170.78 3.9967731
-170.77 3.9966775
-170.76 3.9965819
-170.75 3.9964624
-170.74 3.9963668
-170.73 3.9962473
-170.72 3.9961517
-170.71 3.9960561
-170.7 3.9959366
-170.69 3.995841
-170.68 3.9957215
-170.67 3.9956259
-170.66 3.9955064
-170.65 3.9954108
-170.64 3.9953152
-170.63 3.9951957
-170.62 3.9951001
-170.61 3.9949806
-170.6 3.994885
-170.59 3.9947655
-170.58 3.9946699
-170.57 3.9945743
-170.56 3.9944548
-170.55 3.9943592
-170.54 3.9942397
-170.53 3.9941441
-170.52 3.9940246
-170.51 3.993929
-170.5 3.9938095
-170.49 3.9937139
-170.48 3.9935944
-170.47 3.9934988
-170.46 3.9933793
-170.45 3.9932837
-170.44 3.9931642
-170.43 3.9930686
-170.42 3.992973
-170.41 3.9928535
-170.4 3.9927579
-170.39 3.9926384
-170.38 3.9925428
-170.37 3.9924233
-170.36 3.9923277
-170.35 3.9922082
-170.34 3.9921126
-170.33 3.9919931
-170.32 3.9918975
-170.31 3.991778
-170.3 3.9916585
-170.29 3.9915629
-170.28 3.9914434
-170.27 3.9913478
-170.26 3.9912283
-170.25 3.9911327
-170.24 3.9910132
-170.23 3.9909176
-170.22 3.9907981
-170.21 3.9907025
-170.2 3.990583
-170.19 3.9904874
-170.18 3.9903679
-170.17 3.9902723
-170.16 3.9901528
-170.15 3.9900333
-170.14 3.9899377
-170.13 3.9898182
-170.12 3.9897226
-170.11 3.9896031
-170.1 3.9895075
-170.09 3.989388
-170.08 3.9892924
-170.07 3.9891729
-170.06 3.9890534
-170.05 3.9889578
-170.04 3.9888383
-170.03 3.9887427
-170.02 3.9886232
-170.01 3.9885037
-170.0 3.9884081
-169.99 3.9882886
-169.98 3.988193
-169.97 3.9880735
-169.96 3.987954
-169.95 3.9878584
-169.94 3.9877389
-169.93 3.9876433
-169.92 3.9875238
-169.91 3.9874043
-169.9 3.9873087
-169.89 3.9871892
-169.88 3.9870936
-169.87 3.9869741
-169.86 3.9868546
-169.85 3.986759
-169.84 3.9866395
-169.83 3.98652
-169.82 3.9864244
-169.81 3.9863049
-169.8 3.9861854
-169.79 3.9860898
-169.78 3.9859703
-169.77 3.9858747
-169.76 3.9857552
-169.75 3.9856357
-169.74 3.9855401
-169.73 3.9854206
-169.72 3.9853011
-169.71 3.9852055
-169.7 3.985086
-169.69 3.9849665
-169.68 3.9848709
-169.67 3.9847514
-169.66 3.9846319
-169.65 3.9845363
-169.64 3.9844168
-169.63 3.9842973
-169.62 3.9842017
-169.61 3.9840822
-169.6 3.9839627
-169.59 3.9838432
-169.58 3.9837476
-169.57 3.9836281
-169.56 3.9835086
-169.55 3.983413
-169.54 3.9832935
-169.53 3.983174
-169.52 3.9830784
-169.51 3.9829589
-169.5 3.9828394
-169.49 3.9827199
-169.48 3.9826243
-169.47 3.9825048
-169.46 3.9823853
-169.45 3.9822897
-169.44 3.9821702
-169.43 3.9820507
-169.42 3.9819312
-169.41 3.9818356
-169.4 3.9817161
-169.39 3.9815966
-169.38 3.9814771
-169.37 3.9813815
-169.36 3.981262
-169.35 3.9811425
-169.34 3.981023
-169.33 3.9809274
-169.32 3.9808079
-169.31 3.9806884
-169.3 3.9805689
-169.29 3.9804733
-169.28 3.9803538
-169.27 3.9802343
-169.26 3.9801148
-169.25 3.9799953
-169.24 3.9798997
-169.23 3.9797802
-169.22 3.9796607
-169.21 3.9795412
-169.2 3.9794456
-169.19 3.9793261
-169.18 3.9792066
-169.17 3.9790871
-169.16 3.9789676
-169.15 3.978872
-169.14 3.9787525
-169.13 3.978633
-169.12 3.9785135
-169.11 3.978394
-169.1 3.9782984
-169.09 3.9781789
-169.08 3.9780594
-169.07 3.9779399
-169.06 3.9778204
-169.05 3.9777248
-169.04 3.9776053
-169.03 3.9774858
-169.02 3.9773663
-169.01 3.9772468
-169.0 3.9771273
-168.99 3.9770317
-168.98 3.9769122
-168.97 3.9767927
-168.96 3.9766732
-168.95 3.9765537
-168.94 3.9764342
-168.93 3.9763147
-168.92 3.9762191
-168.91 3.9760996
-168.9 3.9759801
-168.89 3.9758606
-168.88 3.9757411
-168.87 3.9756216
-168.86 3.9755021
-168.85 3.9754065
-168.84 3.975287
-168.83 3.9751675
-168.82 3.975048
-168.81 3.9749285
-168.8 3.974809
-168.79 3.9746895
-168.78 3.97457
-168.77 3.9744744
-168.76 3.9743549
-168.75 3.9742354
-168.74 3.9741159
-168.73 3.9739964
-168.72 3.9738769
-168.71 3.9737574
-168.7 3.9736379
-168.69 3.9735184
-168.68 3.9733989
-168.67 3.9733033
-168.66 3.9731838
-168.65 3.9730643
-168.64 3.9729448
-168.63 3.9728253
-168.62 3.9727058
-168.61 3.9725863
-168.6 3.9724668
-168.59 3.9723473
-168.58 3.9722278
-168.57 3.9721083
-168.56 3.9719888
-168.55 3.9718693
-168.54 3.9717737
-168.53 3.9716542
-168.52 3.9715347
-168.51 3.9714152
-168.5 3.9712957
-168.49 3.9711762
-168.48 3.9710567
-168.47 3.9709372
-168.46 3.9708177
-168.45 3.9706982
-168.44 3.9705787
-168.43 3.9704592
-168.42 3.9703397
-168.41 3.9702202
-168.4 3.9701007
-168.39 3.9699812
-168.38 3.9698617
-168.37 3.9697422
-168.36 3.9696227
-168.35 3.9695032
-168.34 3.9693837
-168.33 3.9692642
-168.32 3.9691447
-168.31 3.9690252
-168.3 3.9689057
-168.29 3.9687862
-168.28 3.9686667
-168.27 3.9685472
-168.26 3.9684277
-168.25 3.9683082
-168.24 3.9681887
-168.23 3.9680692
-168.22 3.9679497
-168.21 3.9678302
-168.2 3.9677107
-168.19 3.9675912
-168.18 3.9674717
-168.17 3.9673522
-168.16 3.9672327
-168.15 3.9671132
-168.14 3.9669937
-168.13 3.9668742
-168.12 3.9667547
-168.11 3.9666352
-168.1 3.9665157
-168.09 3.9663962
-168.08 3.9662767
-168.07 3.9661572
-168.06 3.9660377
-168.05 3.9659182
-168.04 3.9657987
-168.03 3.9656792
-168.02 3.9655597
-168.01 3.9654402
-168.0 3.9653207
-167.99 3.9651773
-167.98 3.9650578
-167.97 3.9649383
-167.96 3.9648188
-167.95 3.9646993
-167.94 3.9645798
-167.93 3.9644603
-167.92 3.9643408
-167.91 3.9642213
-167.9 3.9641018
-167.89 3.9639823
-167.88 3.9638628
-167.87 3.9637433
-167.86 3.9635999
-167.85 3.9634804
-167.84 3.9633609
-167.83 3.9632414
-167.82 3.9631219
-167.81 3.9630024
-167.8 3.9628829
-167.79 3.9627634
-167.78 3.9626439
-167.77 3.9625244
-167.76 3.962381
-167.75 3.9622615
-167.74 3.962142
-167.73 3.9620225
-167.72 3.961903
-167.71 3.9617835
-167.7 3.961664
-167.69 3.9615445
-167.68 3.9614011
-167.67 3.9612816
-167.66 3.9611621
-167.65 3.9610426
-167.64 3.9609231
-167.63 3.9608036
-167.62 3.9606841
-167.61 3.9605646
-167.6 3.9604212
-167.59 3.9603017
-167.58 3.9601822
-167.57 3.9600627
-167.56 3.9599432
-167.55 3.9598237
-167.54 3.9596803
-167.53 3.9595608
-167.52 3.9594413
-167.51 3.9593218
-167.5 3.9592023
-167.49 3.9590828
-167.48 3.9589394
-167.47 3.9588199
-167.46 3.9587004
-167.45 3.9585809
-167.44 3.9584614
-167.43 3.9583419
-167.42 3.9581985
-167.41 3.958079
-167.4 3.9579595
-167.39 3.95784
-167.38 3.9577205
-167.37 3.9575771
-167.36 3.9574576
-167.35 3.9573381
-167.34 3.9572186
-167.33 3.9570991
-167.32 3.9569557
-167.31 3.9568362
-167.3 3.9567167
-167.29 3.9565972
-167.28 3.9564777
-167.27 3.9563343
-167.26 3.9562148
-167.25 3.9560953
-167.24 3.9559758
-167.23 3.9558563
-167.22 3.9557129
-167.21 3.9555934
-167.2 3.9554739
-167.19 3.9553544
-167.18 3.955211
-167.17 3.9550915
-167.16 3.954972
-167.15 3.9548525
-167.14 3.9547091
-167.13 3.9545896
-167.12 3.9544701
-167.11 3.9543506
-167.1 3.9542072
-167.09 3.9540877
-167.08 3.9539682
-167.07 3.9538487
-167.06 3.9537053
-167.05 3.9535858
-167.04 3.9534663
-167.03 3.9533468
-167.02 3.9532034
-167.01 3.9530839
-167.0 3.9529644
-166.99 3.9528449
-166.98 3.9527015
-166.97 3.952582
-166.96 3.9524625
-166.95 3.9523191
-166.94 3.9521996
-166.93 3.9520801
-166.92 3.9519606
-166.91 3.9518172
-166.9 3.9516977
-166.89 3.9515782
-166.88 3.9514348
-166.87 3.9513153
-166.86 3.9511958
-166.85 3.9510763
-166.84 3.9509329
-166.83 3.9508134
-166.82 3.9506939
-166.81 3.9505505
-166.8 3.950431
-166.79 3.9503115
-166.78 3.9501681
-166.77 3.9500486
-166.76 3.9499291
-166.75 3.9497857
-166.74 3.9496662
-166.73 3.9495467
-166.72 3.9494033
-166.71 3.9492838
-166.7 3.9491643
-166.69 3.9490209
-166.68 3.9489014
-166.67 3.9487819
-166.66 3.9486385
-166.65 3.948519
-166.64 3.9483995
-166.63 3.9482561
-166.62 3.9481366
-166.61 3.9480171
-166.6 3.9478737
-166.59 3.9477542
-166.58 3.9476347
-166.57 3.9474913
-166.56 3.9473718
-166.55 3.9472523
-166.54 3.9471089
-166.53 3.9469894
-166.52 3.9468699
-166.51 3.9467265
-166.5 3.946607
-166.49 3.9464636
-166.48 3.9463441
-166.47 3.9462246
-166.46 3.9460812
-166.45 3.9459617
-166.44 3.9458422
-166.43 3.9456988
-166.42 3.9455793
-166.41 3.9454359
-166.4 3.9453164
-166.39 3.9451969
-166.38 3.9450535
-166.37 3.944934
-166.36 3.9447906
-166.35 3.9446711
-166.34 3.9445516
-166.33 3.9444082
-166.32 3.9442887
-166.31 3.9441453
-166.3 3.9440258
-166.29 3.9439063
-166.28 3.9437629
-166.27 3.9436434
-166.26 3.9435
-166.25 3.9433805
-166.24 3.943261
-166.23 3.9431176
-166.22 3.9429981
-166.21 3.9428547
-166.2 3.9427352
-166.19 3.9425918
-166.18 3.9424723
-166.17 3.9423528
-166.16 3.9422094
-166.15 3.9420899
-166.14 3.9419465
-166.13 3.941827
-166.12 3.9416836
-166.11 3.9415641
-166.1 3.9414446
-166.09 3.9413012
-166.08 3.9411817
-166.07 3.9410383
-166.06 3.9409188
-166.05 3.9407754
-166.04 3.9406559
-166.03 3.9405125
-166.02 3.940393
-166.01 3.9402496
-166.0 3.9401301
-165.99 3.9400106
-165.98 3.9398672
-165.97 3.9397477
-165.96 3.9396043
-165.95 3.9394848
-165.94 3.9393414
-165.93 3.9392219
-165.92 3.9390785
-165.91 3.938959
-165.9 3.9388156
-165.89 3.9386961
-165.88 3.9385527
-165.87 3.9384332
-165.86 3.9382898
-165.85 3.9381703
-165.84 3.9380269
-165.83 3.9379074
-165.82 3.937764
-165.81 3.9376445
-165.8 3.9375011
-165.79 3.9373816
-165.78 3.9372382
-165.77 3.9371187
-165.76 3.9369753
-165.75 3.9368558
-165.74 3.9367124
-165.73 3.9365929
-165.72 3.9364495
-165.71 3.93633
-165.7 3.9361866
-165.69 3.9360671
-165.68 3.9359237
-165.67 3.9358042
-165.66 3.9356608
-165.65 3.9355413
-165.64 3.9353979
-165.63 3.9352784
-165.62 3.935135
-165.61 3.9350155
-165.6 3.9348721
-165.59 3.9347287
-165.58 3.9346092
-165.57 3.9344658
-165.56 3.9343463
-165.55 3.9342029
-165.54 3.9340834
-165.53 3.93394
-165.52 3.9338205
-165.51 3.9336771
-165.5 3.9335576
-165.49 3.9334142
-165.48 3.9332708
-165.47 3.9331513
-165.46 3.9330079
-165.45 3.9328884
-165.44 3.932745
-165.43 3.9326255
-165.42 3.9324821
-165.41 3.9323387
-165.4 3.9322192
-165.39 3.9320758
-165.38 3.9319563
-165.37 3.9318129
-165.36 3.9316934
-165.35 3.93155
-165.34 3.9314066
-165.33 3.9312871
-165.32 3.9311437
-165.31 3.9310242
-165.3 3.9308808
-165.29 3.9307613
-165.28 3.9306179
-165.27 3.9304745
-165.26 3.930355
-165.25 3.9302116
-165.24 3.9300921
-165.23 3.9299487
-165.22 3.9298053
-165.21 3.9296858
-165.2 3.9295424
-165.19 3.9294229
-165.18 3.9292795
-165.17 3.9291361
-165.16 3.9290166
-165.15 3.9288732
-165.14 3.9287298
-165.13 3.9286103
-165.12 3.9284669
-165.11 3.9283474
-165.1 3.928204
-165.09 3.9280606
-165.08 3.9279411
-165.07 3.9277977
-165.06 3.9276543
-165.05 3.9275348
-165.04 3.9273914
-165.03 3.9272719
-165.02 3.9271285
-165.01 3.9269851
-165.0 3.9268656
-164.99 3.9267222
-164.98 3.9265788
-164.97 3.9264593
-164.96 3.9263159
-164.95 3.9261725
-164.94 3.926053
-164.93 3.9259096
-164.92 3.9257662
-164.91 3.9256467
-164.9 3.9255033
-164.89 3.9253838
-164.88 3.9252404
-164.87 3.925097
-164.86 3.9249775
-164.85 3.9248341
-164.84 3.9246907
-164.83 3.9245712
-164.82 3.9244278
-164.81 3.9242844
-164.8 3.9241649
-164.79 3.9240215
-164.78 3.9238781
-164.77 3.9237347
-164.76 3.9236152
-164.75 3.9234718
-164.74 3.9233284
-164.73 3.9232089
-164.72 3.9230655
-164.71 3.9229221
-164.7 3.9228026
-164.69 3.9226592
-164.68 3.9225158
-164.67 3.9223963
-164.66 3.9222529
-164.65 3.9221095
-164.64 3.92199
-164.63 3.9218466
-164.62 3.9217032
-164.61 3.9215598
-164.6 3.9214403
-164.59 3.9212969
-164.58 3.9211535
-164.57 3.921034
-164.56 3.9208906
-164.55 3.9207472
-164.54 3.9206038
-164.53 3.9204843
-164.52 3.9203409
-164.51 3.9201975
-164.5 3.920078
-164.49 3.9199346
-164.48 3.9197912
-164.47 3.9196478
-164.46 3.9195283
-164.45 3.9193849
-164.44 3.9192415
-164.43 3.9190981
-164.42 3.9189786
-164.41 3.9188352
-164.4 3.9186918
-164.39 3.9185723
-164.38 3.9184289
-164.37 3.9182855
-164.36 3.9181421
-164.35 3.9180226
-164.34 3.9178792
-164.33 3.9177358
-164.32 3.9175924
-164.31 3.9174729
-164.3 3.9173295
-164.29 3.9171861
-164.28 3.9170427
-164.27 3.9169232
-164.26 3.9167798
-164.25 3.9166364
-164.24 3.916493
-164.23 3.9163735
-164.22 3.9162301
-164.21 3.9160867
-164.2 3.9159433
-164.19 3.9157999
-164.18 3.9156804
-164.17 3.915537
-164.16 3.9153936
-164.15 3.9152502
-164.14 3.9151307
-164.13 3.9149873
-164.12 3.9148439
-164.11 3.9147005
-164.1 3.9145571
-164.09 3.9144376
-164.08 3.9142942
-164.07 3.9141508
-164.06 3.9140074
-164.05 3.913864
-164.04 3.9137445
-164.03 3.9136011
-164.02 3.9134577
-164.01 3.9133143
-164.0 3.9131948
-163.99 3.9130514
-163.98 3.912908
-163.97 3.9127646
-163.96 3.9126212
-163.95 3.9125017
-163.94 3.9123583
-163.93 3.9122149
-163.92 3.9120715
-163.91 3.9119281
-163.9 3.9117847
-163.89 3.9116652
-163.88 3.9115218
-163.87 3.9113784
-163.86 3.911235
-163.85 3.9110916
-163.84 3.9109721
-163.83 3.9108287
-163.82 3.9106853
-163.81 3.9105419
-163.8 3.9103985
-163.79 3.9102551
-163.78 3.9101356
-163.77 3.9099922
-163.76 3.9098488
-163.75 3.9097054
-163.74 3.909562
-163.73 3.9094186
-163.72 3.9092991
-163.71 3.9091557
-163.7 3.9090123
-163.69 3.9088689
-163.68 3.9087255
-163.67 3.9085821
-163.66 3.9084387
-163.65 3.9083192
-163.64 3.9081758
-163.63 3.9080324
-163.62 3.907889
-163.61 3.9077456
-163.6 3.9076022
-163.59 3.9074588
-163.58 3.9073393
-163.57 3.9071959
-163.56 3.9070525
-163.55 3.9069091
-163.54 3.9067657
-163.53 3.9066223
-163.52 3.9064789
-163.51 3.9063594
-163.5 3.906216
-163.49 3.9060726
-163.48 3.9059292
-163.47 3.9057858
-163.46 3.9056424
-163.45 3.905499
-163.44 3.9053556
-163.43 3.9052361
-163.42 3.9050927
-163.41 3.9049493
-163.4 3.9048059
-163.39 3.9046625
-163.38 3.9045191
-163.37 3.9043757
-163.36 3.9042323
-163.35 3.9040889
-163.34 3.9039694
-163.33 3.903826
-163.32 3.9036826
-163.31 3.9035392
-163.3 3.9033958
-163.29 3.9032524
-163.28 3.903109
-163.27 3.9029656
-163.26 3.9028222
-163.25 3.9026788
-163.24 3.9025354
-163.23 3.9024159
-163.22 3.9022725
-163.21 3.9021291
-163.2 3.9019857
-163.19 3.9018423
-163.18 3.9016989
-163.17 3.9015555
-163.16 3.9014121
-163.15 3.9012687
-163.14 3.9011253
-163.13 3.9009819
-163.12 3.9008385
-163.11 3.900719
-163.1 3.9005756
-163.09 3.9004322
-163.08 3.9002888
-163.07 3.9001454
-163.06 3.900002
-163.05 3.8998586
-163.04 3.8997152
-163.03 3.8995718
-163.02 3.8994284
-163.01 3.899285
-163.0 3.8991416
-162.99 3.8989982
-162.98 3.8988548
-162.97 3.8987114
-162.96 3.898568
-162.95 3.8984485
-162.94 3.8983051
-162.93 3.8981617
-162.92 3.8980183
-162.91 3.8978749
-162.9 3.8977315
-162.89 3.8975881
-162.88 3.8974447
-162.87 3.8973013
-162.86 3.8971579
-162.85 3.8970145
-162.84 3.8968711
-162.83 3.8967277
-162.82 3.8965843
-162.81 3.8964409
-162.8 3.8962975
-162.79 3.8961541
-162.78 3.8960107
-162.77 3.8958673
-162.76 3.8957239
-162.75 3.8955805
-162.74 3.8954371
-162.73 3.8952937
-162.72 3.8951503
-162.71 3.8950069
-162.7 3.8948635
-162.69 3.8947201
-162.68 3.8945767
-162.67 3.8944333
-162.66 3.8942899
-162.65 3.8941465
-162.64 3.8940031
-162.63 3.8938597
-162.62 3.8937163
-162.61 3.8935729
-162.6 3.8934295
-162.59 3.8932861
-162.58 3.8931427
-162.57 3.8929993
-162.56 3.8928559
-162.55 3.8927125
-162.54 3.8925691
-162.53 3.8924257
-162.52 3.8922823
-162.51 3.8921389
-162.5 3.8919955
-162.49 3.8918521
-162.48 3.8917087
-162.47 3.8915653
-162.46 3.8914219
-162.45 3.8912785
-162.44 3.8911351
-162.43 3.8909917
-162.42 3.8908483
-162.41 3.8907049
-162.4 3.8905615
-162.39 3.8904181
-162.38 3.8902747
-162.37 3.8901313
-162.36 3.8899879
-162.35 3.8898445
-162.34 3.8897011
-162.33 3.8895577
-162.32 3.8894143
-162.31 3.8892709
-162.3 3.8891275
-162.29 3.8889841
-162.28 3.8888407
-162.27 3.8886973
-162.26 3.8885539
-162.25 3.8884105
-162.24 3.8882671
-162.23 3.8881237
-162.22 3.8879803
-162.21 3.8878369
-162.2 3.8876935
-162.19 3.8875501
-162.18 3.8874067
-162.17 3.8872633
-162.16 3.887096
-162.15 3.8869526
-162.14 3.8868092
-162.13 3.8866658
-162.12 3.8865224
-162.11 3.886379
-162.1 3.8862356
-162.09 3.8860922
-162.08 3.8859488
-162.07 3.8858054
-162.06 3.885662
-162.05 3.8855186
-162.04 3.8853752
-162.03 3.8852318
-162.02 3.8850884
-162.01 3.884945
-162.0 3.8848016
-161.99 3.8846343
-161.98 3.8844909
-161.97 3.8843475
-161.96 3.8842041
-161.95 3.8840607
-161.94 3.8839173
-161.93 3.8837739
-161.92 3.8836305
-161.91 3.8834871
-161.9 3.8833437
-161.89 3.8832003
-161.88 3.8830569
-161.87 3.8829135
-161.86 3.8827462
-161.85 3.8826028
-161.84 3.8824594
-161.83 3.882316
-161.82 3.8821726
-161.81 3.8820292
-161.8 3.8818858
-161.79 3.8817424
-161.78 3.881599
-161.77 3.8814556
-161.76 3.8813122
-161.75 3.8811449
-161.74 3.8810015
-161.73 3.8808581
-161.72 3.8807147
-161.71 3.8805713
-161.7 3.8804279
-161.69 3.8802845
-161.68 3.8801411
-161.67 3.8799977
-161.66 3.8798543
-161.65 3.879687
-161.64 3.8795436
-161.63 3.8794002
-161.62 3.8792568
-161.61 3.8791134
-161.6 3.87897
-161.59 3.8788266
-161.58 3.8786832
-161.57 3.8785159
-161.56 3.8783725
-161.55 3.8782291
-161.54 3.8780857
-161.53 3.8779423
-161.52 3.8777989
-161.51 3.8776555
-161.5 3.8775121
-161.49 3.8773687
-161.48 3.8772014
-161.47 3.877058
-161.46 3.8769146
-161.45 3.8767712
-161.44 3.8766278
-161.43 3.8764844
-161.42 3.876341
-161.41 3.8761737
-161.4 3.8760303
-161.39 3.8758869
-161.38 3.8757435
-161.37 3.8756001
-161.36 3.8754567
-161.35 3.8753133
-161.34 3.875146
-161.33 3.8750026
-161.32 3.8748592
-161.31 3.8747158
-161.3 3.8745724
-161.29 3.874429
-161.28 3.8742856
-161.27 3.8741183
-161.26 3.8739749
-161.25 3.8738315
-161.24 3.8736881
-161.23 3.8735447
-161.22 3.8734013
-161.21 3.8732579
-161.2 3.8730906
-161.19 3.8729472
-161.18 3.8728038
-161.17 3.8726604
-161.16 3.872517
-161.15 3.8723736
-161.14 3.8722063
-161.13 3.8720629
-161.12 3.8719195
-161.11 3.8717761
-161.1 3.8716327
-161.09 3.8714893
-161.08 3.871322
-161.07 3.8711786
-161.06 3.8710352
-161.05 3.8708918
-161.04 3.8707484
-161.03 3.870605
-161.02 3.8704377
-161.01 3.8702943
-161.0 3.8701509
-160.99 3.8700075
-160.98 3.8698641
-160.97 3.8696968
-160.96 3.8695534
-160.95 3.86941
-160.94 3.8692666
-160.93 3.8691232
-160.92 3.8689798
-160.91 3.8688125
-160.9 3.8686691
-160.89 3.8685257
-160.88 3.8683823
-160.87 3.8682389
-160.86 3.8680716
-160.85 3.8679282
-160.84 3.8677848
-160.83 3.8676414
-160.82 3.867498
-160.81 3.8673307
-160.8 3.8671873
-160.79 3.8670439
-160.78 3.8669005
-160.77 3.8667571
-160.76 3.8665898
-160.75 3.8664464
-160.74 3.866303
-160.73 3.8661596
-160.72 3.8660162
-160.71 3.8658489
-160.7 3.8657055
-160.69 3.8655621
-160.68 3.8654187
-160.67 3.8652753
-160.66 3.865108
-160.65 3.8649646
-160.64 3.8648212
-160.63 3.8646778
-160.62 3.8645344
-160.61 3.8643671
-160.6 3.8642237
-160.59 3.8640803
-160.58 3.8639369
-160.57 3.8637696
-160.56 3.8636262
-160.55 3.8634828
-160.54 3.8633394
-160.53 3.863196
-160.52 3.8630287
-160.51 3.8628853
-160.5 3.8627419
-160.49 3.8625985
-160.48 3.8624312
-160.47 3.8622878
-160.46 3.8621444
-160.45 3.862001
-160.44 3.8618337
-160.43 3.8616903
-160.42 3.8615469
-160.41 3.8614035
-160.4 3.8612601
-160.39 3.8610928
-160.38 3.8609494
-160.37 3.860806
-160.36 3.8606626
-160.35 3.8604953
-160.34 3.8603519
-160.33 3.8602085
-160.32 3.8600651
-160.31 3.8598978
-160.3 3.8597544
-160.29 3.859611
-160.28 3.8594676
-160.27 3.8593003
-160.26 3.8591569
-160.25 3.8590135
-160.24 3.8588701
-160.23 3.8587028
-160.22 3.8585594
-160.21 3.858416
-160.2 3.8582726
-160.19 3.8581053
-160.18 3.8579619
-160.17 3.8578185
-160.16 3.8576751
-160.15 3.8575078
-160.14 3.8573644
-160.13 3.857221
-160.12 3.8570776
-160.11 3.8569103
-160.1 3.8567669
-160.09 3.8566235
-160.08 3.8564801
-160.07 3.8563128
-160.06 3.8561694
-160.05 3.856026
-160.04 3.8558587
-160.03 3.8557153
-160.02 3.8555719
-160.01 3.8554285
-160.0 3.8552612
-159.99 3.8551178
-159.98 3.8549744
-159.97 3.854831
-159.96 3.8546637
-159.95 3.8545203
-159.94 3.8543769
-159.93 3.8542096
-159.92 3.8540662
-159.91 3.8539228
-159.9 3.8537794
-159.89 3.8536121
-159.88 3.8534687
-159.87 3.8533253
-159.86 3.8531819
-159.85 3.8530146
-159.84 3.8528712
-159.83 3.8527278
-159.82 3.8525605
-159.81 3.8524171
-159.8 3.8522737
-159.79 3.8521303
-159.78 3.851963
-159.77 3.8518196
-159.76 3.8516762
-159.75 3.8515089
-159.74 3.8513655
-159.73 3.8512221
-159.72 3.8510548
-159.71 3.8509114
-159.7 3.850768
-159.69 3.8506246
-159.68 3.8504573
-159.67 3.8503139
-159.66 3.8501705
-159.65 3.8500032
-159.64 3.8498598
-159.63 3.8497164
-159.62 3.8495491
-159.61 3.8494057
-159.6 3.8492623
-159.59 3.8491189
-159.58 3.8489516
-159.57 3.8488082
-159.56 3.8486648
-159.55 3.8484975
-159.54 3.8483541
-159.53 3.8482107
-159.52 3.8480434
-159.51 3.8479
-159.5 3.8477566
-159.49 3.8475893
-159.48 3.8474459
-159.47 3.8473025
-159.46 3.8471591
-159.45 3.8469918
-159.44 3.8468484
-159.43 3.846705
-159.42 3.8465377
-159.41 3.8463943
-159.4 3.8462509
-159.39 3.8460836
-159.38 3.8459402
-159.37 3.8457968
-159.36 3.8456295
-159.35 3.8454861
-159.34 3.8453427
-159.33 3.8451754
-159.32 3.845032
-159.31 3.8448886
-159.3 3.8447213
-159.29 3.8445779
-159.28 3.8444345
-159.27 3.8442672
-159.26 3.8441238
-159.25 3.8439804
-159.24 3.8438131
-159.23 3.8436697
-159.22 3.8435263
-159.21 3.843359
-159.2 3.8432156
-159.19 3.8430722
-159.18 3.8429049
-159.17 3.8427615
-159.16 3.8426181
-159.15 3.8424508
-159.14 3.8423074
-159.13 3.842164
-159.12 3.8419967
-159.11 3.8418533
-159.1 3.8417099
-159.09 3.8415426
-159.08 3.8413992
-159.07 3.8412558
-159.06 3.8410885
-159.05 3.8409451
-159.04 3.8408017
-159.03 3.8406344
-159.02 3.840491
-159.01 3.8403476
-159.0 3.8401803
-158.99 3.8400369
-158.98 3.8398935
-158.97 3.8397262
-158.96 3.8395828
-158.95 3.8394394
-158.94 3.8392721
-158.93 3.8391287
-158.92 3.8389614
-158.91 3.838818
-158.9 3.8386746
-158.89 3.8385073
-158.88 3.8383639
-158.87 3.8382205
-158.86 3.8380532
-158.85 3.8379098
-158.84 3.8377664
-158.83 3.8375991
-158.82 3.8374557
-158.81 3.8373123
-158.8 3.837145
-158.79 3.8370016
-158.78 3.8368343
-158.77 3.8366909
-158.76 3.8365475
-158.75 3.8363802
-158.74 3.8362368
-158.73 3.8360934
-158.72 3.8359261
-158.71 3.8357827
-158.7 3.8356393
-158.69 3.835472
-158.68 3.8353286
-158.67 3.8351613
-158.66 3.8350179
-158.65 3.8348745
-158.64 3.8347072
-158.63 3.8345638
-158.62 3.8344204
-158.61 3.8342531
-158.6 3.8341097
-158.59 3.8339424
-158.58 3.833799
-158.57 3.8336556
-158.56 3.8334883
-158.55 3.8333449
-158.54 3.8332015
-158.53 3.8330342
-158.52 3.8328908
-158.51 3.8327235
-158.5 3.8325801
-158.49 3.8324367
-158.48 3.8322694
-158.47 3.832126
-158.46 3.8319587
-158.45 3.8318153
-158.44 3.8316719
-158.43 3.8315046
-158.42 3.8313612
-158.41 3.8312178
-158.4 3.8310505
-158.39 3.8309071
-158.38 3.8307398
-158.37 3.8305964
-158.36 3.830453
-158.35 3.8302857
-158.34 3.8301423
-158.33 3.829975
-158.32 3.8298316
-158.31 3.8296882
-158.3 3.8295209
-158.29 3.8293775
-158.28 3.8292102
-158.27 3.8290668
-158.26 3.8289234
-158.25 3.8287561
-158.24 3.8286127
-158.23 3.8284693
-158.22 3.828302
-158.21 3.8281586
-158.2 3.8279913
-158.19 3.8278479
-158.18 3.8277045
-158.17 3.8275372
-158.16 3.8273938
-158.15 3.8272265
-158.14 3.8270831
-158.13 3.8269397
-158.12 3.8267724
-158.11 3.826629
-158.1 3.8264617
-158.09 3.8263183
-158.08 3.826151
-158.07 3.8260076
-158.06 3.8258642
-158.05 3.8256969
-158.04 3.8255535
-158.03 3.8253862
-158.02 3.8252428
-158.01 3.8250994
-158.0 3.8249321
-157.99 3.8247887
-157.98 3.8246214
-157.97 3.824478
-157.96 3.8243346
-157.95 3.8241673
-157.94 3.8240239
-157.93 3.8238566
-157.92 3.8237132
-157.91 3.8235698
-157.9 3.8234025
-157.89 3.8232591
-157.88 3.8230918
-157.87 3.8229484
-157.86 3.8227811
-157.85 3.8226377
-157.84 3.8224943
-157.83 3.822327
-157.82 3.8221836
-157.81 3.8220163
-157.8 3.8218729
-157.79 3.8217295
-157.78 3.8215622
-157.77 3.8214188
-157.76 3.8212515
-157.75 3.8211081
-157.74 3.8209408
-157.73 3.8207974
-157.72 3.820654
-157.71 3.8204867
-157.7 3.8203433
-157.69 3.820176
-157.68 3.8200326
-157.67 3.8198653
-157.66 3.8197219
-157.65 3.8195785
-157.64 3.8194112
-157.63 3.8192678
-157.62 3.8191005
-157.61 3.8189571
-157.6 3.8187898
-157.59 3.8186464
-157.58 3.818503
-157.57 3.8183357
-157.56 3.8181923
-157.55 3.818025
-157.54 3.8178816
-157.53 3.8177143
-157.52 3.8175709
-157.51 3.8174275
-157.5 3.8172602
-157.49 3.8171168
-157.48 3.8169495
-157.47 3.8168061
-157.46 3.8166388
-157.45 3.8164954
-157.44 3.8163281
-157.43 3.8161847
-157.42 3.8160413
-157.41 3.815874
-157.4 3.8157306
-157.39 3.8155633
-157.38 3.8154199
-157.37 3.8152526
-157.36 3.8151092
-157.35 3.8149658
-157.34 3.8147985
-157.33 3.8146551
-157.32 3.8144878
-157.31 3.8143444
-157.3 3.8141771
-157.29 3.8140337
-157.28 3.8138664
-157.27 3.813723
-157.26 3.8135796
-157.25 3.8134123
-157.24 3.8132689
-157.23 3.8131016
-157.22 3.8129582
-157.21 3.8127909
-157.2 3.8126475
-157.19 3.8124802
-157.18 3.8123368
-157.17 3.8121934
-157.16 3.8120261
-157.15 3.8118827
-157.14 3.8117154
-157.13 3.811572
-157.12 3.8114047
-157.11 3.8112613
-157.1 3.811094
-157.09 3.8109506
-157.08 3.8107833
-157.07 3.8106399
-157.06 3.8104965
-157.05 3.8103292
-157.04 3.8101858
-157.03 3.8100185
-157.02 3.8098751
-157.01 3.8097078
-157.0 3.8095644
-156.99 3.8093971
-156.98 3.8092537
-156.97 3.8090864
-156.96 3.808943
-156.95 3.8087996
-156.94 3.8086323
-156.93 3.8084889
-156.92 3.8083216
-156.91 3.8081782
-156.9 3.8080109
-156.89 3.8078675
-156.88 3.8077002
-156.87 3.8075568
-156.86 3.8073895
-156.85 3.8072461
-156.84 3.8070788
-156.83 3.8069354
-156.82 3.806792
-156.81 3.8066247
-156.8 3.8064813
-156.79 3.806314
-156.78 3.8061706
-156.77 3.8060033
-156.76 3.8058599
-156.75 3.8056926
-156.74 3.8055492
-156.73 3.8053819
-156.72 3.8052385
-156.71 3.8050712
-156.7 3.8049278
-156.69 3.8047844
-156.68 3.8046171
-156.67 3.8044737
-156.66 3.8043064
-156.65 3.804163
-156.64 3.8039957
-156.63 3.8038523
-156.62 3.803685
-156.61 3.8035416
-156.6 3.8033743
-156.59 3.8032309
-156.58 3.8030636
-156.57 3.8029202
-156.56 3.8027529
-156.55 3.8026095
-156.54 3.8024422
-156.53 3.8022988
-156.52 3.8021554
-156.51 3.8019881
-156.5 3.8018447
-156.49 3.8016774
-156.48 3.801534
-156.47 3.8013667
-156.46 3.8012233
-156.45 3.801056
-156.44 3.8009126
-156.43 3.8007453
-156.42 3.8006019
-156.41 3.8004346
-156.4 3.8002912
-156.39 3.8001239
-156.38 3.7999805
-156.37 3.7998132
-156.36 3.7996698
-156.35 3.7995025
-156.34 3.7993591
-156.33 3.7991918
-156.32 3.7990484
-156.31 3.798905
-156.3 3.7987377
-156.29 3.7985943
-156.28 3.798427
-156.27 3.7982836
-156.26 3.7981163
-156.25 3.7979729
-156.24 3.7978056
-156.23 3.7976622
-156.22 3.7974949
-156.21 3.7973515
-156.2 3.7971842
-156.19 3.7970408
-156.18 3.7968735
-156.17 3.7967301
-156.16 3.7965628
-156.15 3.7964194
-156.14 3.7962521
-156.13 3.7961087
-156.12 3.7959414
-156.11 3.795798
-156.1 3.7956307
-156.09 3.7954873
-156.08 3.79532
-156.07 3.7951766
-156.06 3.7950093
-156.05 3.7948659
-156.04 3.7946986
-156.03 3.7945552
-156.02 3.7944118
-156.01 3.7942445
-156.0 3.7941011
-155.99 3.7939338
-155.98 3.7937904
-155.97 3.7936231
-155.96 3.7934797
-155.95 3.7933124
-155.94 3.793169
-155.93 3.7930017
-155.92 3.7928583
-155.91 3.792691
-155.9 3.7925476
-155.89 3.7923803
-155.88 3.7922369
-155.87 3.7920696
-155.86 3.7919262
-155.85 3.7917589
-155.84 3.7916155
-155.83 3.7914482
-155.82 3.7913048
-155.81 3.7911375
-155.8 3.7909941
-155.79 3.7908268
-155.78 3.7906834
-155.77 3.7905161
-155.76 3.7903727
-155.75 3.7902054
-155.74 3.790062
-155.73 3.7898947
-155.72 3.7897513
-155.71 3.789584
-155.7 3.7894406
-155.69 3.7892733
-155.68 3.7891299
-155.67 3.7889626
-155.66 3.7888192
-155.65 3.7886519
-155.64 3.7885085
-155.63 3.7883412
-155.62 3.7881978
-155.61 3.7880305
-155.6 3.7878871
-155.59 3.7877198
-155.58 3.7875764
-155.57 3.7874091
-155.56 3.7872657
-155.55 3.7870984
-155.54 3.786955
-155.53 3.7867877
-155.52 3.7866443
-155.51 3.786477
-155.5 3.7863336
-155.49 3.7861663
-155.48 3.7860229
-155.47 3.7858556
-155.46 3.7857122
-155.45 3.7855449
-155.44 3.7854015
-155.43 3.7852342
-155.42 3.7850908
-155.41 3.7849235
-155.4 3.7847801
-155.39 3.7846128
-155.38 3.7844694
-155.37 3.7843021
-155.36 3.7841587
-155.35 3.7839914
-155.34 3.783848
-155.33 3.7836807
-155.32 3.7835373
-155.31 3.78337
-155.3 3.7832266
-155.29 3.7830593
-155.28 3.7829159
-155.27 3.7827486
-155.26 3.7826052
-155.25 3.7824379
-155.24 3.7822945
-155.23 3.7821272
-155.22 3.7819838
-155.21 3.7818165
-155.2 3.7816731
-155.19 3.7815058
-155.18 3.7813624
-155.17 3.7811951
-155.16 3.7810517
-155.15 3.7808844
-155.14 3.780741
-155.13 3.7805737
-155.12 3.7804303
-155.11 3.780263
-155.1 3.7801196
-155.09 3.7799523
-155.08 3.7798089
-155.07 3.7796416
-155.06 3.7794982
-155.05 3.7793309
-155.04 3.7791875
-155.03 3.7790202
-155.02 3.7788768
-155.01 3.7787095
-155.0 3.7785661
-154.99 3.7783988
-154.98 3.7782554
-154.97 3.7780881
-154.96 3.7779447
-154.95 3.7777774
-154.94 3.777634
-154.93 3.7774667
-154.92 3.7773233
-154.91 3.777156
-154.9 3.7770126
-154.89 3.7768453
-154.88 3.7767019
-154.87 3.7765346
-154.86 3.7763912
-154.85 3.7762239
-154.84 3.7760805
-154.83 3.7759132
-154.82 3.7757698
-154.81 3.7756025
-154.8 3.7754591
-154.79 3.7752918
-154.78 3.7751484
-154.77 3.7749811
-154.76 3.7748377
-154.75 3.7746704
-154.74 3.774527
-154.73 3.7743597
-154.72 3.7742163
-154.71 3.774049
-154.7 3.7739056
-154.69 3.7737383
-154.68 3.7735949
-154.67 3.7734276
-154.66 3.7732842
-154.65 3.7731169
-154.64 3.7729735
-154.63 3.7728062
-154.62 3.7726628
-154.61 3.7724955
-154.6 3.7723521
-154.59 3.7721848
-154.58 3.7720414
-154.57 3.7718741
-154.56 3.7717307
-154.55 3.7715634
-154.54 3.77142
-154.53 3.7712527
-154.52 3.7710854
-154.51 3.770942
-154.5 3.7707747
-154.49 3.7706313
-154.48 3.770464
-154.47 3.7703206
-154.46 3.7701533
-154.45 3.7700099
-154.44 3.7698426
-154.43 3.7696992
-154.42 3.7695319
-154.41 3.7693885
-154.4 3.7692212
-154.39 3.7690778
-154.38 3.7689105
-154.37 3.7687671
-154.36 3.7685998
-154.35 3.7684564
-154.34 3.7682891
-154.33 3.7681457
-154.32 3.7679784
-154.31 3.767835
-154.3 3.7676677
-154.29 3.7675243
-154.28 3.767357
-154.27 3.7672136
-154.26 3.7670463
-154.25 3.7669029
-154.24 3.7667356
-154.23 3.7665922
-154.22 3.7664249
-154.21 3.7662815
-154.2 3.7661142
-154.19 3.7659708
-154.18 3.7658035
-154.17 3.7656601
-154.16 3.7654928
-154.15 3.7653494
-154.14 3.7651821
-154.13 3.7650387
-154.12 3.7648714
-154.11 3.764728
-154.1 3.7645607
-154.09 3.7644173
-154.08 3.76425
-154.07 3.7641066
-154.06 3.7639393
-154.05 3.7637959
-154.04 3.7636286
-154.03 3.7634852
-154.02 3.7633179
-154.01 3.7631745
-154.0 3.7630072
-153.99 3.7628638
-153.98 3.7626965
-153.97 3.7625292
-153.96 3.7623858
-153.95 3.7622185
-153.94 3.7620751
-153.93 3.7619078
-153.92 3.7617644
-153.91 3.7615971
-153.9 3.7614537
-153.89 3.7612864
-153.88 3.761143
-153.87 3.7609757
-153.86 3.7608323
-153.85 3.760665
-153.84 3.7605216
-153.83 3.7603543
-153.82 3.7602109
-153.81 3.7600436
-153.8 3.7599002
-153.79 3.7597329
-153.78 3.7595895
-153.77 3.7594222
-153.76 3.7592788
-153.75 3.7591115
-153.74 3.7589681
-153.73 3.7588008
-153.72 3.7586574
-153.71 3.7584901
-153.7 3.7583467
-153.69 3.7581794
-153.68 3.758036
-153.67 3.7578687
-153.66 3.7577253
-153.65 3.757558
-153.64 3.7574146
-153.63 3.7572473
-153.62 3.7571039
-153.61 3.7569366
-153.6 3.7567932
-153.59 3.7566259
-153.58 3.7564825
-153.57 3.7563152
-153.56 3.7561718
-153.55 3.7560045
-153.54 3.7558611
-153.53 3.7556938
-153.52 3.7555504
-153.51 3.7553831
-153.5 3.7552397
-153.49 3.7550724
-153.48 3.754929
-153.47 3.7547617
-153.46 3.7546183
-153.45 3.754451
-153.44 3.7543076
-153.43 3.7541403
-153.42 3.7539969
-153.41 3.7538296
-153.4 3.7536862
-153.39 3.7535189
-153.38 3.7533755
-153.37 3.7532082
-153.36 3.7530648
-153.35 3.7528975
-153.34 3.7527541
-153.33 3.7525868
-153.32 3.7524434
-153.31 3.7522761
-153.3 3.7521327
-153.29 3.7519654
-153.28 3.751822
-153.27 3.7516547
-153.26 3.7515113
-153.25 3.751344
-153.24 3.7512006
-153.23 3.7510333
-153.22 3.7508899
-153.21 3.7507226
-153.2 3.7505792
-153.19 3.7504119
-153.18 3.7502685
-153.17 3.7501012
-153.16 3.7499339
-153.15 3.7497905
-153.14 3.7496232
-153.13 3.7494798
-153.12 3.7493125
-153.11 3.7491691
-153.1 3.7490018
-153.09 3.7488584
-153.08 3.7486911
-153.07 3.7485477
-153.06 3.7483804
-153.05 3.748237
-153.04 3.7480697
-153.03 3.7479263
-153.02 3.747759
-153.01 3.7476156
-153.0 3.7474483
-152.99 3.7473049
-152.98 3.7471376
-152.97 3.7469942
-152.96 3.7468269
-152.95 3.7466835
-152.94 3.7465162
-152.93 3.7463728
-152.92 3.7462055
-152.91 3.7460621
-152.9 3.7458948
-152.89 3.7457514
-152.88 3.7455841
-152.87 3.7454407
-152.86 3.7452734
-152.85 3.74513
-152.84 3.7449627
-152.83 3.7448193
-152.82 3.7446759
-152.81 3.7445086
-152.8 3.7443652
-152.79 3.7441979
-152.78 3.7440545
-152.77 3.7438872
-152.76 3.7437438
-152.75 3.7435765
-152.74 3.7434331
-152.73 3.7432658
-152.72 3.7431224
-152.71 3.7429551
-152.7 3.7428117
-152.69 3.7426444
-152.68 3.742501
-152.67 3.7423337
-152.66 3.7421903
-152.65 3.742023
-152.64 3.7418796
-152.63 3.7417123
-152.62 3.7415689
-152.61 3.7414016
-152.6 3.7412582
-152.59 3.7410909
-152.58 3.7409475
-152.57 3.7407802
-152.56 3.7406368
-152.55 3.7404695
-152.54 3.7403261
-152.53 3.7401588
-152.52 3.7400154
-152.51 3.7398481
-152.5 3.7397047
-152.49 3.7395374
-152.48 3.739394
-152.47 3.7392267
-152.46 3.7390833
-152.45 3.738916
-152.44 3.7387726
-152.43 3.7386053
-152.42 3.7384619
-152.41 3.7382946
-152.4 3.7381512
-152.39 3.7379839
-152.38 3.7378405
-152.37 3.7376732
-152.36 3.7375298
-152.35 3.7373625
-152.34 3.7372191
-152.33 3.7370518
-152.32 3.7369084
-152.31 3.7367411
-152.3 3.7365977
-152.29 3.7364304
-152.28 3.736287
-152.27 3.7361197
-152.26 3.7359763
-152.25 3.735809
-152.24 3.7356656
-152.23 3.7355222
-152.22 3.7353549
-152.21 3.7352115
-152.2 3.7350442
-152.19 3.7349008
-152.18 3.7347335
-152.17 3.7345901
-152.16 3.7344228
-152.15 3.7342794
-152.14 3.7341121
-152.13 3.7339687
-152.12 3.7338014
-152.11 3.733658
-152.1 3.7334907
-152.09 3.7333473
-152.08 3.73318
-152.07 3.7330366
-152.06 3.7328693
-152.05 3.7327259
-152.04 3.7325586
-152.03 3.7324152
-152.02 3.7322479
-152.01 3.7321045
-152.0 3.7319372
-151.99 3.7317938
-151.98 3.7316265
-151.97 3.7314831
-151.96 3.7313158
-151.95 3.7311724
-151.94 3.731029
-151.93 3.7308617
-151.92 3.7307183
-151.91 3.730551
-151.9 3.7304076
-151.89 3.7302403
-151.88 3.7300969
-151.87 3.7299296
-151.86 3.7297862
-151.85 3.7296189
-151.84 3.7294755
-151.83 3.7293082
-151.82 3.7291648
-151.81 3.7289975
-151.8 3.7288541
-151.79 3.7286868
-151.78 3.7285434
-151.77 3.7283761
-151.76 3.7282327
-151.75 3.7280893
-151.74 3.727922
-151.73 3.7277786
-151.72 3.7276113
-151.71 3.7274679
-151.7 3.7273006
-151.69 3.7271572
-151.68 3.7269899
-151.67 3.7268465
-151.66 3.7266792
-151.65 3.7265358
-151.64 3.7263685
-151.63 3.7262251
-151.62 3.7260578
-151.61 3.7259144
-151.6 3.7257471
-151.59 3.7256037
-151.58 3.7254603
-151.57 3.725293
-151.56 3.7251496
-151.55 3.7249823
-151.54 3.7248389
-151.53 3.7246716
-151.52 3.7245282
-151.51 3.7243609
-151.5 3.7242175
-151.49 3.7240502
-151.48 3.7239068
-151.47 3.7237395
-151.46 3.7235961
-151.45 3.7234288
-151.44 3.7232854
-151.43 3.723142
-151.42 3.7229747
-151.41 3.7228313
-151.4 3.722664
-151.39 3.7225206
-151.38 3.7223533
-151.37 3.7222099
-151.36 3.7220426
-151.35 3.7218992
-151.34 3.7217319
-151.33 3.7215885
-151.32 3.7214212
-151.31 3.7212778
-151.3 3.7211344
-151.29 3.7209671
-151.28 3.7208237
-151.27 3.7206564
-151.26 3.720513
-151.25 3.7203457
-151.24 3.7202023
-151.23 3.720035
-151.22 3.7198916
-151.21 3.7197243
-151.2 3.7195809
-151.19 3.7194375
-151.18 3.7192702
-151.17 3.7191268
-151.16 3.7189595
-151.15 3.7188161
-151.14 3.7186488
-151.13 3.7185054
-151.12 3.7183381
-151.11 3.7181947
-151.1 3.7180274
-151.09 3.717884
-151.08 3.7177406
-151.07 3.7175733
-151.06 3.7174299
-151.05 3.7172626
-151.04 3.7171192
-151.03 3.7169519
-151.02 3.7168085
-151.01 3.7166412
-151.0 3.7164978
-150.99 3.7163544
-150.98 3.7161871
-150.97 3.7160437
-150.96 3.7158764
-150.95 3.715733
-150.94 3.7155657
-150.93 3.7154223
-150.92 3.715255
-150.91 3.7151116
-150.9 3.7149682
-150.89 3.7148009
-150.88 3.7146575
-150.87 3.7144902
-150.86 3.7143468
-150.85 3.7141795
-150.84 3.7140361
-150.83 3.7138688
-150.82 3.7137254
-150.81 3.713582
-150.8 3.7134147
-150.79 3.7132713
-150.78 3.713104
-150.77 3.7129606
-150.76 3.7127933
-150.75 3.7126499
-150.74 3.7124826
-150.73 3.7123392
-150.72 3.7121958
-150.71 3.7120285
-150.7 3.7118851
-150.69 3.7117178
-150.68 3.7115744
-150.67 3.7114071
-150.66 3.7112637
-150.65 3.7111203
-150.64 3.710953
-150.63 3.7108096
-150.62 3.7106423
-150.61 3.7104989
-150.6 3.7103316
-150.59 3.7101882
-150.58 3.7100448
-150.57 3.7098775
-150.56 3.7097341
-150.55 3.7095668
-150.54 3.7094234
-150.53 3.7092561
-150.52 3.7091127
-150.51 3.7089693
-150.5 3.708802
-150.49 3.7086586
-150.48 3.7084913
-150.47 3.7083479
-150.46 3.7081806
-150.45 3.7080372
-150.44 3.7078938
-150.43 3.7077265
-150.42 3.7075831
-150.41 3.7074158
-150.4 3.7072724
-150.39 3.7071051
-150.38 3.7069617
-150.37 3.7068183
-150.36 3.706651
-150.35 3.7065076
-150.34 3.7063403
-150.33 3.7061969
-150.32 3.7060296
-150.31 3.7058862
-150.3 3.7057428
-150.29 3.7055755
-150.28 3.7054321
-150.27 3.7052648
-150.26 3.7051214
-150.25 3.704978
-150.24 3.7048107
-150.23 3.7046673
-150.22 3.7045
-150.21 3.7043566
-150.2 3.7041893
-150.19 3.7040459
-150.18 3.7039025
-150.17 3.7037352
-150.16 3.7035918
-150.15 3.7034245
-150.14 3.7032811
-150.13 3.7031377
-150.12 3.7029704
-150.11 3.702827
-150.1 3.7026597
-150.09 3.7025163
-150.08 3.7023729
-150.07 3.7022056
-150.06 3.7020622
-150.05 3.7018949
-150.04 3.7017515
-150.03 3.7015842
-150.02 3.7014408
-150.01 3.7012974
-150.0 3.7011301
-149.99 3.7009867
-149.98 3.7008194
-149.97 3.700676
-149.96 3.7005326
-149.95 3.7003653
-149.94 3.7002219
-149.93 3.7000546
-149.92 3.6999112
-149.91 3.6997678
-149.9 3.6996005
-149.89 3.6994571
-149.88 3.6992898
-149.87 3.6991464
-149.86 3.699003
-149.85 3.6988357
-149.84 3.6986923
-149.83 3.698525
-149.82 3.6983816
-149.81 3.6982382
-149.8 3.6980709
-149.79 3.6979275
-149.78 3.6977602
-149.77 3.6976168
-149.76 3.6974734
-149.75 3.6973061
-149.74 3.6971627
-149.73 3.6970193
-149.72 3.696852
-149.71 3.6967086
-149.7 3.6965413
-149.69 3.6963979
-149.68 3.6962545
-149.67 3.6960872
-149.66 3.6959438
-149.65 3.6957765
-149.64 3.6956331
-149.63 3.6954897
-149.62 3.6953224
-149.61 3.695179
-149.6 3.6950117
-149.59 3.6948683
-149.58 3.6947249
-149.57 3.6945576
-149.56 3.6944142
-149.55 3.6942708
-149.54 3.6941035
-149.53 3.6939601
-149.52 3.6937928
-149.51 3.6936494
-149.5 3.693506
-149.49 3.6933387
-149.48 3.6931953
-149.47 3.693028
-149.46 3.6928846
-149.45 3.6927412
-149.44 3.6925739
-149.43 3.6924305
-149.42 3.6922871
-149.41 3.6921198
-149.4 3.6919764
-149.39 3.6918091
-149.38 3.6916657
-149.37 3.6915223
-149.36 3.691355
-149.35 3.6912116
-149.34 3.6910682
-149.33 3.6909009
-149.32 3.6907575
-149.31 3.6906141
-149.3 3.6904468
-149.29 3.6903034
-149.28 3.6901361
-149.27 3.6899927
-149.26 3.6898493
-149.25 3.689682
-149.24 3.6895386
-149.23 3.6893952
-149.22 3.6892279
-149.21 3.6890845
-149.2 3.6889172
-149.19 3.6887738
-149.18 3.6886304
-149.17 3.6884631
-149.16 3.6883197
-149.15 3.6881763
-149.14 3.688009
-149.13 3.6878656
-149.12 3.6877222
-149.11 3.6875549
-149.1 3.6874115
-149.09 3.6872442
-149.08 3.6871008
-149.07 3.6869574
-149.06 3.6867901
-149.05 3.6866467
-149.04 3.6865033
-149.03 3.686336
-149.02 3.6861926
-149.01 3.6860492
-149.0 3.6858819
-148.99 3.6857385
-148.98 3.6855951
-148.97 3.6854278
-148.96 3.6852844
-148.95 3.685141
-148.94 3.6849737
-148.93 3.6848303
-148.92 3.684663
-148.91 3.6845196
-148.9 3.6843762
-148.89 3.6842089
-148.88 3.6840655
-148.87 3.6839221
-148.86 3.6837548
-148.85 3.6836114
-148.84 3.683468
-148.83 3.6833007
-148.82 3.6831573
-148.81 3.6830139
-148.8 3.6828466
-148.79 3.6827032
-148.78 3.6825598
-148.77 3.6823925
-148.76 3.6822491
-148.75 3.6821057
-148.74 3.6819384
-148.73 3.681795
-148.72 3.6816516
-148.71 3.6814843
-148.7 3.6813409
-148.69 3.6811975
-148.68 3.6810302
-148.67 3.6808868
-148.66 3.6807434
-148.65 3.6805761
-148.64 3.6804327
-148.63 3.6802893
-148.62 3.680122
-148.61 3.6799786
-148.6 3.6798352
-148.59 3.6796679
-148.58 3.6795245
-148.57 3.6793811
-148.56 3.6792138
-148.55 3.6790704
-148.54 3.678927
-148.53 3.6787597
-148.52 3.6786163
-148.51 3.6784729
-148.5 3.6783056
-148.49 3.6781622
-148.48 3.6780188
-148.47 3.6778515
-148.46 3.6777081
-148.45 3.6775647
-148.44 3.6773974
-148.43 3.677254
-148.42 3.6771106
-148.41 3.6769433
-148.4 3.6767999
-148.39 3.6766565
-148.38 3.6765131
-148.37 3.6763458
-148.36 3.6762024
-148.35 3.676059
-148.34 3.6758917
-148.33 3.6757483
-148.32 3.6756049
-148.31 3.6754376
-148.3 3.6752942
-148.29 3.6751508
-148.28 3.6749835
-148.27 3.6748401
-148.26 3.6746967
-148.25 3.6745294
-148.24 3.674386
-148.23 3.6742426
-148.22 3.6740992
-148.21 3.6739319
-148.2 3.6737885
-148.19 3.6736451
-148.18 3.6734778
-148.17 3.6733344
-148.16 3.673191
-148.15 3.6730237
-148.14 3.6728803
-148.13 3.6727369
-148.12 3.6725696
-148.11 3.6724262
-148.1 3.6722828
-148.09 3.6721394
-148.08 3.6719721
-148.07 3.6718287
-148.06 3.6716853
-148.05 3.671518
-148.04 3.6713746
-148.03 3.6712312
-148.02 3.6710878
-148.01 3.6709205
-148.0 3.6707771
-147.99 3.6706337
-147.98 3.6704664
-147.97 3.670323
-147.96 3.6701796
-147.95 3.6700123
-147.94 3.6698689
-147.93 3.6697255
-147.92 3.6695821
-147.91 3.6694148
-147.9 3.6692714
-147.89 3.669128
-147.88 3.6689607
-147.87 3.6688173
-147.86 3.6686739
-147.85 3.6685305
-147.84 3.6683632
-147.83 3.6682198
-147.82 3.6680764
-147.81 3.667933
-147.8 3.6677657
-147.79 3.6676223
-147.78 3.6674789
-147.77 3.6673116
-147.76 3.6671682
-147.75 3.6670248
-147.74 3.6668814
-147.73 3.6667141
-147.72 3.6665707
-147.71 3.6664273
-147.7 3.66626
-147.69 3.6661166
-147.68 3.6659732
-147.67 3.6658298
-147.66 3.6656625
-147.65 3.6655191
-147.64 3.6653757
-147.63 3.6652323
-147.62 3.665065
-147.61 3.6649216
-147.6 3.6647782
-147.59 3.6646348
-147.58 3.6644675
-147.57 3.6643241
-147.56 3.6641807
-147.55 3.6640134
-147.54 3.66387
-147.53 3.6637266
-147.52 3.6635832
-147.51 3.6634159
-147.5 3.6632725
-147.49 3.6631291
-147.48 3.6629857
-147.47 3.6628184
-147.46 3.662675
-147.45 3.6625316
-147.44 3.6623882
-147.43 3.6622209
-147.42 3.6620775
-147.41 3.6619341
-147.4 3.6617907
-147.39 3.6616234
-147.38 3.66148
-147.37 3.6613366
-147.36 3.6611932
-147.35 3.6610259
-147.34 3.6608825
-147.33 3.6607391
-147.32 3.6605957
-147.31 3.6604284
-147.3 3.660285
-147.29 3.6601416
-147.28 3.6599982
-147.27 3.6598309
-147.26 3.6596875
-147.25 3.6595441
-147.24 3.6594007
-147.23 3.6592334
-147.22 3.65909
-147.21 3.6589466
-147.2 3.6588032
-147.19 3.6586359
-147.18 3.6584925
-147.17 3.6583491
-147.16 3.6582057
-147.15 3.6580384
-147.14 3.657895
-147.13 3.6577516
-147.12 3.6576082
-147.11 3.6574648
-147.1 3.6572975
-147.09 3.6571541
-147.08 3.6570107
-147.07 3.6568673
-147.06 3.6567
-147.05 3.6565566
-147.04 3.6564132
-147.03 3.6562698
-147.02 3.6561264
-147.01 3.6559591
-147.0 3.6558157
-146.99 3.6556723
-146.98 3.6555289
-146.97 3.6553616
-146.96 3.6552182
-146.95 3.6550748
-146.94 3.6549314
-146.93 3.654788
-146.92 3.6546207
-146.91 3.6544773
-146.9 3.6543339
-146.89 3.6541905
-146.88 3.6540232
-146.87 3.6538798
-146.86 3.6537364
-146.85 3.653593
-146.84 3.6534496
-146.83 3.6532823
-146.82 3.6531389
-146.81 3.6529955
-146.8 3.6528521
-146.79 3.6527087
-146.78 3.6525414
-146.77 3.652398
-146.76 3.6522546
-146.75 3.6521112
-146.74 3.6519439
-146.73 3.6518005
-146.72 3.6516571
-146.71 3.6515137
-146.7 3.6513703
-146.69 3.651203
-146.68 3.6510596
-146.67 3.6509162
-146.66 3.6507728
-146.65 3.6506294
-146.64 3.6504621
-146.63 3.6503187
-146.62 3.6501753
-146.61 3.6500319
-146.6 3.6498885
-146.59 3.6497212
-146.58 3.6495778
-146.57 3.6494344
-146.56 3.649291
-146.55 3.6491476
-146.54 3.6490042
-146.53 3.6488369
-146.52 3.6486935
-146.51 3.6485501
-146.5 3.6484067
-146.49 3.6482633
-146.48 3.648096
-146.47 3.6479526
-146.46 3.6478092
-146.45 3.6476658
-146.44 3.6475224
-146.43 3.6473551
-146.42 3.6472117
-146.41 3.6470683
-146.4 3.6469249
-146.39 3.6467815
-146.38 3.6466381
-146.37 3.6464708
-146.36 3.6463274
-146.35 3.646184
-146.34 3.6460406
-146.33 3.6458972
-146.32 3.6457538
-146.31 3.6455865
-146.3 3.6454431
-146.29 3.6452997
-146.28 3.6451563
-146.27 3.6450129
-146.26 3.6448695
-146.25 3.6447022
-146.24 3.6445588
-146.23 3.6444154
-146.22 3.644272
-146.21 3.6441286
-146.2 3.6439852
-146.19 3.6438179
-146.18 3.6436745
-146.17 3.6435311
-146.16 3.6433877
-146.15 3.6432443
-146.14 3.6431009
-146.13 3.6429336
-146.12 3.6427902
-146.11 3.6426468
-146.1 3.6425034
-146.09 3.64236
-146.08 3.6422166
-146.07 3.6420493
-146.06 3.6419059
-146.05 3.6417625
-146.04 3.6416191
-146.03 3.6414757
-146.02 3.6413323
-146.01 3.6411889
-146.0 3.6410216
-145.99 3.6408782
-145.98 3.6407348
-145.97 3.6405914
-145.96 3.640448
-145.95 3.6403046
-145.94 3.6401612
-145.93 3.6399939
-145.92 3.6398505
-145.91 3.6397071
-145.9 3.6395637
-145.89 3.6394203
-145.88 3.6392769
-145.87 3.6391335
-145.86 3.6389662
-145.85 3.6388228
-145.84 3.6386794
-145.83 3.638536
-145.82 3.6383926
-145.81 3.6382492
-145.8 3.6381058
-145.79 3.6379385
-145.78 3.6377951
-145.77 3.6376517
-145.76 3.6375083
-145.75 3.6373649
-145.74 3.6372215
-145.73 3.6370781
-145.72 3.6369347
-145.71 3.6367674
-145.7 3.636624
-145.69 3.6364806
-145.68 3.6363372
-145.67 3.6361938
-145.66 3.6360504
-145.65 3.635907
-145.64 3.6357636
-145.63 3.6355963
-145.62 3.6354529
-145.61 3.6353095
-145.6 3.6351661
-145.59 3.6350227
-145.58 3.6348793
-145.57 3.6347359
-145.56 3.6345925
-145.55 3.6344491
-145.54 3.6342818
-145.53 3.6341384
-145.52 3.633995
-145.51 3.6338516
-145.5 3.6337082
-145.49 3.6335648
-145.48 3.6334214
-145.47 3.633278
-145.46 3.6331346
-145.45 3.6329673
-145.44 3.6328239
-145.43 3.6326805
-145.42 3.6325371
-145.41 3.6323937
-145.4 3.6322503
-145.39 3.6321069
-145.38 3.6319635
-145.37 3.6318201
-145.36 3.6316767
-145.35 3.6315094
-145.34 3.631366
-145.33 3.6312226
-145.32 3.6310792
-145.31 3.6309358
-145.3 3.6307924
-145.29 3.630649
-145.28 3.6305056
-145.27 3.6303622
-145.26 3.6302188
-145.25 3.6300754
-145.24 3.6299081
-145.23 3.6297647
-145.22 3.6296213
-145.21 3.6294779
-145.2 3.6293345
-145.19 3.6291911
-145.18 3.6290477
-145.17 3.6289043
-145.16 3.6287609
-145.15 3.6286175
-145.14 3.6284741
-145.13 3.6283307
-145.12 3.6281634
-145.11 3.62802
-145.1 3.6278766
-145.09 3.6277332
-145.08 3.6275898
-145.07 3.6274464
-145.06 3.627303
-145.05 3.6271596
-145.04 3.6270162
-145.03 3.6268728
-145.02 3.6267294
-145.01 3.626586
-145.0 3.6264426
-144.99 3.6262992
-144.98 3.6261319
-144.97 3.6259885
-144.96 3.6258451
-144.95 3.6257017
-144.94 3.6255583
-144.93 3.6254149
-144.92 3.6252715
-144.91 3.6251281
-144.9 3.6249847
-144.89 3.6248413
-144.88 3.6246979
-144.87 3.6245545
-144.86 3.6244111
-144.85 3.6242677
-144.84 3.6241243
-144.83 3.6239809
-144.82 3.6238375
-144.81 3.6236702
-144.8 3.6235268
-144.79 3.6233834
-144.78 3.62324
-144.77 3.6230966
-144.76 3.6229532
-144.75 3.6228098
-144.74 3.6226664
-144.73 3.622523
-144.72 3.6223796
-144.71 3.6222362
-144.7 3.6220928
-144.69 3.6219494
-144.68 3.621806
-144.67 3.6216626
-144.66 3.6215192
-144.65 3.6213758
-144.64 3.6212324
-144.63 3.621089
-144.62 3.6209456
-144.61 3.6208022
-144.6 3.6206588
-144.59 3.6205154
-144.58 3.620372
-144.57 3.6202286
-144.56 3.6200613
-144.55 3.6199179
-144.54 3.6197745
-144.53 3.6196311
-144.52 3.6194877
-144.51 3.6193443
-144.5 3.6192009
-144.49 3.6190575
-144.48 3.6189141
-144.47 3.6187707
-144.46 3.6186273
-144.45 3.6184839
-144.44 3.6183405
-144.43 3.6181971
-144.42 3.6180537
-144.41 3.6179103
-144.4 3.6177669
-144.39 3.6176235
-144.38 3.6174801
-144.37 3.6173367
-144.36 3.6171933
-144.35 3.6170499
-144.34 3.6169065
-144.33 3.6167631
-144.32 3.6166197
-144.31 3.6164763
-144.3 3.6163329
-144.29 3.6161895
-144.28 3.6160461
-144.27 3.6159027
-144.26 3.6157593
-144.25 3.6156159
-144.24 3.6154725
-144.23 3.6153291
-144.22 3.6151857
-144.21 3.6150423
-144.2 3.6148989
-144.19 3.6147555
-144.18 3.6146121
-144.17 3.6144687
-144.16 3.6143253
-144.15 3.6141819
-144.14 3.6140385
-144.13 3.6138951
-144.12 3.6137517
-144.11 3.6136083
-144.1 3.6134649
-144.09 3.6133215
-144.08 3.6131781
-144.07 3.6130347
-144.06 3.6128913
-144.05 3.6127479
-144.04 3.6126045
-144.03 3.6124611
-144.02 3.6123177
-144.01 3.6121743
-144.0 3.6120309
-143.99 3.6118875
-143.98 3.6117441
-143.97 3.6116007
-143.96 3.6114573
-143.95 3.6113139
-143.94 3.6111705
-143.93 3.6110271
-143.92 3.6108837
-143.91 3.6107403
-143.9 3.6105969
-143.89 3.6104774
-143.88 3.610334
-143.87 3.6101906
-143.86 3.6100472
-143.85 3.6099038
-143.84 3.6097604
-143.83 3.609617
-143.82 3.6094736
-143.81 3.6093302
-143.8 3.6091868
-143.79 3.6090434
-143.78 3.6089
-143.77 3.6087566
-143.76 3.6086132
-143.75 3.6084698
-143.74 3.6083264
-143.73 3.608183
-143.72 3.6080396
-143.71 3.6078962
-143.7 3.6077528
-143.69 3.6076094
-143.68 3.607466
-143.67 3.6073226
-143.66 3.6071792
-143.65 3.6070358
-143.64 3.6069163
-143.63 3.6067729
-143.62 3.6066295
-143.61 3.6064861
-143.6 3.6063427
-143.59 3.6061993
-143.58 3.6060559
-143.57 3.6059125
-143.56 3.6057691
-143.55 3.6056257
-143.54 3.6054823
-143.53 3.6053389
-143.52 3.6051955
-143.51 3.6050521
-143.5 3.6049087
-143.49 3.6047653
-143.48 3.6046458
-143.47 3.6045024
-143.46 3.604359
-143.45 3.6042156
-143.44 3.6040722
-143.43 3.6039288
-143.42 3.6037854
-143.41 3.603642
-143.4 3.6034986
-143.39 3.6033552
-143.38 3.6032118
-143.37 3.6030684
-143.36 3.602925
-143.35 3.6027816
-143.34 3.6026621
-143.33 3.6025187
-143.32 3.6023753
-143.31 3.6022319
-143.3 3.6020885
-143.29 3.6019451
-143.28 3.6018017
-143.27 3.6016583
-143.26 3.6015149
-143.25 3.6013715
-143.24 3.6012281
-143.23 3.6010847
-143.22 3.6009652
-143.21 3.6008218
-143.2 3.6006784
-143.19 3.600535
-143.18 3.6003916
-143.17 3.6002482
-143.16 3.6001048
-143.15 3.5999614
-143.14 3.599818
-143.13 3.5996746
-143.12 3.5995551
-143.11 3.5994117
-143.1 3.5992683
-143.09 3.5991249
-143.08 3.5989815
-143.07 3.5988381
-143.06 3.5986947
-143.05 3.5985513
-143.04 3.5984079
-143.03 3.5982645
-143.02 3.598145
-143.01 3.5980016
-143.0 3.5978582
-142.99 3.5977148
-142.98 3.5975714
-142.97 3.597428
-142.96 3.5972846
-142.95 3.5971412
-142.94 3.5970217
-142.93 3.5968783
-142.92 3.5967349
-142.91 3.5965915
-142.9 3.5964481
-142.89 3.5963047
-142.88 3.5961613
-142.87 3.5960179
-142.86 3.5958745
-142.85 3.595755
-142.84 3.5956116
-142.83 3.5954682
-142.82 3.5953248
-142.81 3.5951814
-142.8 3.595038
-142.79 3.5948946
-142.78 3.5947751
-142.77 3.5946317
-142.76 3.5944883
-142.75 3.5943449
-142.74 3.5942015
-142.73 3.5940581
-142.72 3.5939147
-142.71 3.5937713
-142.7 3.5936518
-142.69 3.5935084
-142.68 3.593365
-142.67 3.5932216
-142.66 3.5930782
-142.65 3.5929348
-142.64 3.5927914
-142.63 3.5926719
-142.62 3.5925285
-142.61 3.5923851
-142.6 3.5922417
-142.59 3.5920983
-142.58 3.5919549
-142.57 3.5918115
-142.56 3.591692
-142.55 3.5915486
-142.54 3.5914052
-142.53 3.5912618
-142.52 3.5911184
-142.51 3.590975
-142.5 3.5908555
-142.49 3.5907121
-142.48 3.5905687
-142.47 3.5904253
-142.46 3.5902819
-142.45 3.5901385
-142.44 3.590019
-142.43 3.5898756
-142.42 3.5897322
-142.41 3.5895888
-142.4 3.5894454
-142.39 3.589302
-142.38 3.5891825
-142.37 3.5890391
-142.36 3.5888957
-142.35 3.5887523
-142.34 3.5886089
-142.33 3.5884655
-142.32 3.588346
-142.31 3.5882026
-142.3 3.5880592
-142.29 3.5879158
-142.28 3.5877724
-142.27 3.5876529
-142.26 3.5875095
-142.25 3.5873661
-142.24 3.5872227
-142.23 3.5870793
-142.22 3.5869359
-142.21 3.5868164
-142.2 3.586673
-142.19 3.5865296
-142.18 3.5863862
-142.17 3.5862428
-142.16 3.5861233
-142.15 3.5859799
-142.14 3.5858365
-142.13 3.5856931
-142.12 3.5855497
-142.11 3.5854302
-142.1 3.5852868
-142.09 3.5851434
-142.08 3.585
-142.07 3.5848566
-142.06 3.5847371
-142.05 3.5845937
-142.04 3.5844503
-142.03 3.5843069
-142.02 3.5841635
-142.01 3.584044
-142.0 3.5839006
-141.99 3.5837572
-141.98 3.5836138
-141.97 3.5834704
-141.96 3.5833509
-141.95 3.5832075
-141.94 3.5830641
-141.93 3.5829207
-141.92 3.5827773
-141.91 3.5826578
-141.9 3.5825144
-141.89 3.582371
-141.88 3.5822276
-141.87 3.5821081
-141.86 3.5819647
-141.85 3.5818213
-141.84 3.5816779
-141.83 3.5815345
-141.82 3.581415
-141.81 3.5812716
-141.8 3.5811282
-141.79 3.5809848
-141.78 3.5808653
-141.77 3.5807219
-141.76 3.5805785
-141.75 3.5804351
-141.74 3.5802917
-141.73 3.5801722
-141.72 3.5800288
-141.71 3.5798854
-141.7 3.579742
-141.69 3.5796225
-141.68 3.5794791
-141.67 3.5793357
-141.66 3.5791923
-141.65 3.5790728
-141.64 3.5789294
-141.63 3.578786
-141.62 3.5786426
-141.61 3.5785231
-141.6 3.5783797
-141.59 3.5782363
-141.58 3.5780929
-141.57 3.5779734
-141.56 3.57783
-141.55 3.5776866
-141.54 3.5775432
-141.53 3.5774237
-141.52 3.5772803
-141.51 3.5771369
-141.5 3.5769935
-141.49 3.576874
-141.48 3.5767306
-141.47 3.5765872
-141.46 3.5764438
-141.45 3.5763243
-141.44 3.5761809
-141.43 3.5760375
-141.42 3.5758941
-141.41 3.5757746
-141.4 3.5756312
-141.39 3.5754878
-141.38 3.5753444
-141.37 3.5752249
-141.36 3.5750815
-141.35 3.5749381
-141.34 3.5748186
-141.33 3.5746752
-141.32 3.5745318
-141.31 3.5743884
-141.3 3.5742689
-141.29 3.5741255
-141.28 3.5739821
-141.27 3.5738387
-141.26 3.5737192
-141.25 3.5735758
-141.24 3.5734324
-141.23 3.5733129
-141.22 3.5731695
-141.21 3.5730261
-141.2 3.5728827
-141.19 3.5727632
-141.18 3.5726198
-141.17 3.5724764
-141.16 3.5723569
-141.15 3.5722135
-141.14 3.5720701
-141.13 3.5719267
-141.12 3.5718072
-141.11 3.5716638
-141.1 3.5715204
-141.09 3.5714009
-141.08 3.5712575
-141.07 3.5711141
-141.06 3.5709946
-141.05 3.5708512
-141.04 3.5707078
-141.03 3.5705644
-141.02 3.5704449
-141.01 3.5703015
-141.0 3.5701581
-140.99 3.5700386
-140.98 3.5698952
-140.97 3.5697518
-140.96 3.5696323
-140.95 3.5694889
-140.94 3.5693455
-140.93 3.569226
-140.92 3.5690826
-140.91 3.5689392
-140.9 3.5687958
-140.89 3.5686763
-140.88 3.5685329
-140.87 3.5683895
-140.86 3.56827
-140.85 3.5681266
-140.84 3.5679832
-140.83 3.5678637
-140.82 3.5677203
-140.81 3.5675769
-140.8 3.5674574
-140.79 3.567314
-140.78 3.5671706
-140.77 3.5670511
-140.76 3.5669077
-140.75 3.5667643
-140.74 3.5666448
-140.73 3.5665014
-140.72 3.566358
-140.71 3.5662385
-140.7 3.5660951
-140.69 3.5659517
-140.68 3.5658322
-140.67 3.5656888
-140.66 3.5655454
-140.65 3.5654259
-140.64 3.5652825
-140.63 3.5651391
-140.62 3.5650196
-140.61 3.5648762
-140.6 3.5647328
-140.59 3.5646133
-140.58 3.5644699
-140.57 3.5643265
-140.56 3.564207
-140.55 3.5640636
-140.54 3.5639202
-140.53 3.5638007
-140.52 3.5636573
-140.51 3.5635378
-140.5 3.5633944
-140.49 3.563251
-140.48 3.5631315
-140.47 3.5629881
-140.46 3.5628447
-140.45 3.5627252
-140.44 3.5625818
-140.43 3.5624384
-140.42 3.5623189
-140.41 3.5621755
-140.4 3.562056
-140.39 3.5619126
-140.38 3.5617692
-140.37 3.5616497
-140.36 3.5615063
-140.35 3.5613629
-140.34 3.5612434
-140.33 3.5611
-140.32 3.5609566
-140.31 3.5608371
-140.3 3.5606937
-140.29 3.5605742
-140.28 3.5604308
-140.27 3.5602874
-140.26 3.5601679
-140.25 3.5600245
-140.24 3.5598811
-140.23 3.5597616
-140.22 3.5596182
-140.21 3.5594987
-140.2 3.5593553
-140.19 3.5592119
-140.18 3.5590924
-140.17 3.558949
-140.16 3.5588295
-140.15 3.5586861
-140.14 3.5585427
-140.13 3.5584232
-140.12 3.5582798
-140.11 3.5581603
-140.1 3.5580169
-140.09 3.5578735
-140.08 3.557754
-140.07 3.5576106
-140.06 3.5574911
-140.05 3.5573477
-140.04 3.5572043
-140.03 3.5570848
-140.02 3.5569414
-140.01 3.5568219
-140.0 3.5566785
-139.99 3.5565351
-139.98 3.5564156
-139.97 3.5562722
-139.96 3.5561527
-139.95 3.5560093
-139.94 3.5558659
-139.93 3.5557464
-139.92 3.555603
-139.91 3.5554835
-139.9 3.5553401
-139.89 3.5551967
-139.88 3.5550772
-139.87 3.5549338
-139.86 3.5548143
-139.85 3.5546709
-139.84 3.5545514
-139.83 3.554408
-139.82 3.5542646
-139.81 3.5541451
-139.8 3.5540017
-139.79 3.5538822
-139.78 3.5537388
-139.77 3.5536193
-139.76 3.5534759
-139.75 3.5533325
-139.74 3.553213
-139.73 3.5530696
-139.72 3.5529501
-139.71 3.5528067
-139.7 3.5526872
-139.69 3.5525438
-139.68 3.5524004
-139.67 3.5522809
-139.66 3.5521375
-139.65 3.552018
-139.64 3.5518746
-139.63 3.5517551
-139.62 3.5516117
-139.61 3.5514922
-139.6 3.5513488
-139.59 3.5512054
-139.58 3.5510859
-139.57 3.5509425
-139.56 3.550823
-139.55 3.5506796
-139.54 3.5505601
-139.53 3.5504167
-139.52 3.5502972
-139.51 3.5501538
-139.5 3.5500343
-139.49 3.5498909
-139.48 3.5497475
-139.47 3.549628
-139.46 3.5494846
-139.45 3.5493651
-139.44 3.5492217
-139.43 3.5491022
-139.42 3.5489588
-139.41 3.5488393
-139.4 3.5486959
-139.39 3.5485764
-139.38 3.548433
-139.37 3.5483135
-139.36 3.5481701
-139.35 3.5480267
-139.34 3.5479072
-139.33 3.5477638
-139.32 3.5476443
-139.31 3.5475009
-139.3 3.5473814
-139.29 3.547238
-139.28 3.5471185
-139.27 3.5469751
-139.26 3.5468556
-139.25 3.5467122
-139.24 3.5465927
-139.23 3.5464493
-139.22 3.5463298
-139.21 3.5461864
-139.2 3.5460669
-139.19 3.5459235
-139.18 3.545804
-139.17 3.5456606
-139.16 3.5455411
-139.15 3.5453977
-139.14 3.5452782
-139.13 3.5451348
-139.12 3.5450153
-139.11 3.5448719
-139.1 3.5447524
-139.09 3.544609
-139.08 3.5444895
-139.07 3.5443461
-139.06 3.5442266
-139.05 3.5440832
-139.04 3.5439637
-139.03 3.5438203
-139.02 3.5437008
-139.01 3.5435574
-139.0 3.5434379
-138.99 3.5432945
-138.98 3.543175
-138.97 3.5430316
-138.96 3.5429121
-138.95 3.5427687
-138.94 3.5426492
-138.93 3.5425058
-138.92 3.5423863
-138.91 3.5422429
-138.9 3.5421234
-138.89 3.54198
-138.88 3.5418605
-138.87 3.5417171
-138.86 3.5415976
-138.85 3.5414542
-138.84 3.5413347
-138.83 3.5411913
-138.82 3.5410718
-138.81 3.5409284
-138.8 3.5408089
-138.79 3.5406894
-138.78 3.540546
-138.77 3.5404265
-138.76 3.5402831
-138.75 3.5401636
-138.74 3.5400202
-138.73 3.5399007
-138.72 3.5397573
-138.71 3.5396378
-138.7 3.5394944
-138.69 3.5393749
-138.68 3.5392315
-138.67 3.539112
-138.66 3.5389925
-138.65 3.5388491
-138.64 3.5387296
-138.63 3.5385862
-138.62 3.5384667
-138.61 3.5383233
-138.6 3.5382038
-138.59 3.5380604
-138.58 3.5379409
-138.57 3.5377975
-138.56 3.537678
-138.55 3.5375585
-138.54 3.5374151
-138.53 3.5372956
-138.52 3.5371522
-138.51 3.5370327
-138.5 3.5368893
-138.49 3.5367698
-138.48 3.5366264
-138.47 3.5365069
-138.46 3.5363874
-138.45 3.536244
-138.44 3.5361245
-138.43 3.5359811
-138.42 3.5358616
-138.41 3.5357182
-138.4 3.5355987
-138.39 3.5354792
-138.38 3.5353358
-138.37 3.5352163
-138.36 3.5350729
-138.35 3.5349534
-138.34 3.53481
-138.33 3.5346905
-138.32 3.534571
-138.31 3.5344276
-138.3 3.5343081
-138.29 3.5341647
-138.28 3.5340452
-138.27 3.5339018
-138.26 3.5337823
-138.25 3.5336628
-138.24 3.5335194
-138.23 3.5333999
-138.22 3.5332565
-138.21 3.533137
-138.2 3.5330175
-138.19 3.5328741
-138.18 3.5327546
-138.17 3.5326112
-138.16 3.5324917
-138.15 3.5323722
-138.14 3.5322288
-138.13 3.5321093
-138.12 3.5319659
-138.11 3.5318464
-138.1 3.5317269
-138.09 3.5315835
-138.08 3.531464
-138.07 3.5313206
-138.06 3.5312011
-138.05 3.5310816
-138.04 3.5309382
-138.03 3.5308187
-138.02 3.5306753
-138.01 3.5305558
-138.0 3.5304363
-137.99 3.5302929
-137.98 3.5301734
-137.97 3.53003
-137.96 3.5299105
-137.95 3.529791
-137.94 3.5296476
-137.93 3.5295281
-137.92 3.5294086
-137.91 3.5292652
-137.9 3.5291457
-137.89 3.5290023
-137.88 3.5288828
-137.87 3.5287633
-137.86 3.5286199
-137.85 3.5285004
-137.84 3.5283809
-137.83 3.5282375
-137.82 3.528118
-137.81 3.5279746
-137.8 3.5278551
-137.79 3.5277356
-137.78 3.5275922
-137.77 3.5274727
-137.76 3.5273532
-137.75 3.5272098
-137.74 3.5270903
-137.73 3.5269708
-137.72 3.5268274
-137.71 3.5267079
-137.7 3.5265645
-137.69 3.526445
-137.68 3.5263255
-137.67 3.5261821
-137.66 3.5260626
-137.65 3.5259431
-137.64 3.5257997
-137.63 3.5256802
-137.62 3.5255607
-137.61 3.5254173
-137.6 3.5252978
-137.59 3.5251783
-137.58 3.5250349
-137.57 3.5249154
-137.56 3.5247959
-137.55 3.5246525
-137.54 3.524533
-137.53 3.5243896
-137.52 3.5242701
-137.51 3.5241506
-137.5 3.5240072
-137.49 3.5238877
-137.48 3.5237682
-137.47 3.5236248
-137.46 3.5235053
-137.45 3.5233858
-137.44 3.5232424
-137.43 3.5231229
-137.42 3.5230034
-137.41 3.52286
-137.4 3.5227405
-137.39 3.522621
-137.38 3.5225015
-137.37 3.5223581
-137.36 3.5222386
-137.35 3.5221191
-137.34 3.5219757
-137.33 3.5218562
-137.32 3.5217367
-137.31 3.5215933
-137.3 3.5214738
-137.29 3.5213543
-137.28 3.5212109
-137.27 3.5210914
-137.26 3.5209719
-137.25 3.5208285
-137.24 3.520709
-137.23 3.5205895
-137.22 3.5204461
-137.21 3.5203266
-137.2 3.5202071
-137.19 3.5200876
-137.18 3.5199442
-137.17 3.5198247
-137.16 3.5197052
-137.15 3.5195618
-137.14 3.5194423
-137.13 3.5193228
-137.12 3.5191794
-137.11 3.5190599
-137.1 3.5189404
-137.09 3.5188209
-137.08 3.5186775
-137.07 3.518558
-137.06 3.5184385
-137.05 3.5182951
-137.04 3.5181756
-137.03 3.5180561
-137.02 3.5179127
-137.01 3.5177932
-137.0 3.5176737
-136.99 3.5175542
-136.98 3.5174108
-136.97 3.5172913
-136.96 3.5171718
-136.95 3.5170284
-136.94 3.5169089
-136.93 3.5167894
-136.92 3.5166699
-136.91 3.5165265
-136.9 3.516407
-136.89 3.5162875
-136.88 3.516168
-136.87 3.5160246
-136.86 3.5159051
-136.85 3.5157856
-136.84 3.5156422
-136.83 3.5155227
-136.82 3.5154032
-136.81 3.5152837
-136.8 3.5151403
-136.79 3.5150208
-136.78 3.5149013
-136.77 3.5147818
-136.76 3.5146384
-136.75 3.5145189
-136.74 3.5143994
-136.73 3.5142799
-136.72 3.5141365
-136.71 3.514017
-136.7 3.5138975
-136.69 3.513778
-136.68 3.5136346
-136.67 3.5135151
-136.66 3.5133956
-136.65 3.5132761
-136.64 3.5131327
-136.63 3.5130132
-136.62 3.5128937
-136.61 3.5127742
-136.6 3.5126308
-136.59 3.5125113
-136.58 3.5123918
-136.57 3.5122723
-136.56 3.5121289
-136.55 3.5120094
-136.54 3.5118899
-136.53 3.5117704
-136.52 3.511627
-136.51 3.5115075
-136.5 3.511388
-136.49 3.5112685
-136.48 3.5111251
-136.47 3.5110056
-136.46 3.5108861
-136.45 3.5107666
-136.44 3.5106471
-136.43 3.5105037
-136.42 3.5103842
-136.41 3.5102647
-136.4 3.5101452
-136.39 3.5100018
-136.38 3.5098823
-136.37 3.5097628
-136.36 3.5096433
-136.35 3.5095238
-136.34 3.5093804
-136.33 3.5092609
-136.32 3.5091414
-136.31 3.5090219
-136.3 3.5088785
-136.29 3.508759
-136.28 3.5086395
-136.27 3.50852
-136.26 3.5084005
-136.25 3.5082571
-136.24 3.5081376
-136.23 3.5080181
-136.22 3.5078986
-136.21 3.5077791
-136.2 3.5076357
-136.19 3.5075162
-136.18 3.5073967
-136.17 3.5072772
-136.16 3.5071577
-136.15 3.5070143
-136.14 3.5068948
-136.13 3.5067753
-136.12 3.5066558
-136.11 3.5065363
-136.1 3.5063929
-136.09 3.5062734
-136.08 3.5061539
-136.07 3.5060344
-136.06 3.5059149
-136.05 3.5057715
-136.04 3.505652
-136.03 3.5055325
-136.02 3.505413
-136.01 3.5052935
-136.0 3.505174
-135.99 3.5050306
-135.98 3.5049111
-135.97 3.5047916
-135.96 3.5046721
-135.95 3.5045526
-135.94 3.5044092
-135.93 3.5042897
-135.92 3.5041702
-135.91 3.5040507
-135.9 3.5039312
-135.89 3.5038117
-135.88 3.5036683
-135.87 3.5035488
-135.86 3.5034293
-135.85 3.5033098
-135.84 3.5031903
-135.83 3.5030708
-135.82 3.5029274
-135.81 3.5028079
-135.8 3.5026884
-135.79 3.5025689
-135.78 3.5024494
-135.77 3.5023299
-135.76 3.5021865
-135.75 3.502067
-135.74 3.5019475
-135.73 3.501828
-135.72 3.5017085
-135.71 3.501589
-135.7 3.5014695
-135.69 3.5013261
-135.68 3.5012066
-135.67 3.5010871
-135.66 3.5009676
-135.65 3.5008481
-135.64 3.5007286
-135.63 3.5005852
-135.62 3.5004657
-135.61 3.5003462
-135.6 3.5002267
-135.59 3.5001072
-135.58 3.4999877
-135.57 3.4998682
-135.56 3.4997248
-135.55 3.4996053
-135.54 3.4994858
-135.53 3.4993663
-135.52 3.4992468
-135.51 3.4991273
-135.5 3.4990078
-135.49 3.4988883
-135.48 3.4987449
-135.47 3.4986254
-135.46 3.4985059
-135.45 3.4983864
-135.44 3.4982669
-135.43 3.4981474
-135.42 3.4980279
-135.41 3.4979084
-135.4 3.497765
-135.39 3.4976455
-135.38 3.497526
-135.37 3.4974065
-135.36 3.497287
-135.35 3.4971675
-135.34 3.497048
-135.33 3.4969285
-135.32 3.4967851
-135.31 3.4966656
-135.3 3.4965461
-135.29 3.4964266
-135.28 3.4963071
-135.27 3.4961876
-135.26 3.4960681
-135.25 3.4959486
-135.24 3.4958291
-135.23 3.4957096
-135.22 3.4955662
-135.21 3.4954467
-135.2 3.4953272
-135.19 3.4952077
-135.18 3.4950882
-135.17 3.4949687
-135.16 3.4948492
-135.15 3.4947297
-135.14 3.4946102
-135.13 3.4944907
-135.12 3.4943473
-135.11 3.4942278
-135.1 3.4941083
-135.09 3.4939888
-135.08 3.4938693
-135.07 3.4937498
-135.06 3.4936303
-135.05 3.4935108
-135.04 3.4933913
-135.03 3.4932718
-135.02 3.4931523
-135.01 3.4930089
-135.0 3.4928894
-134.99 3.4927699
-134.98 3.4926504
-134.97 3.4925309
-134.96 3.4924114
-134.95 3.4922919
-134.94 3.4921724
-134.93 3.4920529
-134.92 3.4919334
-134.91 3.4918139
-134.9 3.4916944
-134.89 3.4915749
-134.88 3.4914554
-134.87 3.491312
-134.86 3.4911925
-134.85 3.491073
-134.84 3.4909535
-134.83 3.490834
-134.82 3.4907145
-134.81 3.490595
-134.8 3.4904755
-134.79 3.490356
-134.78 3.4902365
-134.77 3.490117
-134.76 3.4899975
-134.75 3.489878
-134.74 3.4897585
-134.73 3.489639
-134.72 3.4895195
-134.71 3.4894
-134.7 3.4892566
-134.69 3.4891371
-134.68 3.4890176
-134.67 3.4888981
-134.66 3.4887786
-134.65 3.4886591
-134.64 3.4885396
-134.63 3.4884201
-134.62 3.4883006
-134.61 3.4881811
-134.6 3.4880616
-134.59 3.4879421
-134.58 3.4878226
-134.57 3.4877031
-134.56 3.4875836
-134.55 3.4874641
-134.54 3.4873446
-134.53 3.4872251
-134.52 3.4871056
-134.51 3.4869861
-134.5 3.4868666
-134.49 3.4867471
-134.48 3.4866276
-134.47 3.4865081
-134.46 3.4863886
-134.45 3.4862691
-134.44 3.4861496
-134.43 3.4860062
-134.42 3.4858867
-134.41 3.4857672
-134.4 3.4856477
-134.39 3.4855282
-134.38 3.4854087
-134.37 3.4852892
-134.36 3.4851697
-134.35 3.4850502
-134.34 3.4849307
-134.33 3.4848112
-134.32 3.4846917
-134.31 3.4845722
-134.3 3.4844527
-134.29 3.4843332
-134.28 3.4842137
-134.27 3.4840942
-134.26 3.4839747
-134.25 3.4838552
-134.24 3.4837357
-134.23 3.4836162
-134.22 3.4834967
-134.21 3.4833772
-134.2 3.4832577
-134.19 3.4831382
-134.18 3.4830187
-134.17 3.4828992
-134.16 3.4827797
-134.15 3.4826602
-134.14 3.4825407
-134.13 3.4824212
-134.12 3.4823017
-134.11 3.4821822
-134.1 3.4820627
-134.09 3.4819432
-134.08 3.4818237
-134.07 3.4817042
-134.06 3.4815847
-134.05 3.4814652
-134.04 3.4813457
-134.03 3.4812262
-134.02 3.4811067
-134.01 3.4809872
-134.0 3.4808677
-133.99 3.4807482
-133.98 3.4806526
-133.97 3.4805331
-133.96 3.4804136
-133.95 3.4802941
-133.94 3.4801746
-133.93 3.4800551
-133.92 3.4799356
-133.91 3.4798161
-133.9 3.4796966
-133.89 3.4795771
-133.88 3.4794576
-133.87 3.4793381
-133.86 3.4792186
-133.85 3.4790991
-133.84 3.4789796
-133.83 3.4788601
-133.82 3.4787406
-133.81 3.4786211
-133.8 3.4785016
-133.79 3.4783821
-133.78 3.4782626
-133.77 3.4781431
-133.76 3.4780236
-133.75 3.4779041
-133.74 3.4777846
-133.73 3.4776651
-133.72 3.4775456
-133.71 3.47745
-133.7 3.4773305
-133.69 3.477211
-133.68 3.4770915
-133.67 3.476972
-133.66 3.4768525
-133.65 3.476733
-133.64 3.4766135
-133.63 3.476494
-133.62 3.4763745
-133.61 3.476255
-133.6 3.4761355
-133.59 3.476016
-133.58 3.4758965
-133.57 3.475777
-133.56 3.4756575
-133.55 3.475538
-133.54 3.4754185
-133.53 3.4753229
-133.52 3.4752034
-133.51 3.4750839
-133.5 3.4749644
-133.49 3.4748449
-133.48 3.4747254
-133.47 3.4746059
-133.46 3.4744864
-133.45 3.4743669
-133.44 3.4742474
-133.43 3.4741279
-133.42 3.4740084
-133.41 3.4738889
-133.4 3.4737933
-133.39 3.4736738
-133.38 3.4735543
-133.37 3.4734348
-133.36 3.4733153
-133.35 3.4731958
-133.34 3.4730763
-133.33 3.4729568
-133.32 3.4728373
-133.31 3.4727178
-133.3 3.4725983
-133.29 3.4724788
-133.28 3.4723832
-133.27 3.4722637
-133.26 3.4721442
-133.25 3.4720247
-133.24 3.4719052
-133.23 3.4717857
-133.22 3.4716662
-133.21 3.4715467
-133.2 3.4714272
-133.19 3.4713077
-133.18 3.4712121
-133.17 3.4710926
-133.16 3.4709731
-133.15 3.4708536
-133.14 3.4707341
-133.13 3.4706146
-133.12 3.4704951
-133.11 3.4703756
-133.1 3.4702561
-133.09 3.4701605
-133.08 3.470041
-133.07 3.4699215
-133.06 3.469802
-133.05 3.4696825
-133.04 3.469563
-133.03 3.4694435
-133.02 3.469324
-133.01 3.4692045
-133.0 3.4691089
-132.99 3.4689894
-132.98 3.4688699
-132.97 3.4687504
-132.96 3.4686309
-132.95 3.4685114
-132.94 3.4683919
-132.93 3.4682724
-132.92 3.4681768
-132.91 3.4680573
-132.9 3.4679378
-132.89 3.4678183
-132.88 3.4676988
-132.87 3.4675793
-132.86 3.4674598
-132.85 3.4673403
-132.84 3.4672447
-132.83 3.4671252
-132.82 3.4670057
-132.81 3.4668862
-132.8 3.4667667
-132.79 3.4666472
-132.78 3.4665277
-132.77 3.4664321
-132.76 3.4663126
-132.75 3.4661931
-132.74 3.4660736
-132.73 3.4659541
-132.72 3.4658346
-132.71 3.4657151
-132.7 3.4656195
-132.69 3.4655
-132.68 3.4653805
-132.67 3.465261
-132.66 3.4651415
-132.65 3.465022
-132.64 3.4649264
-132.63 3.4648069
-132.62 3.4646874
-132.61 3.4645679
-132.6 3.4644484
-132.59 3.4643289
-132.58 3.4642333
-132.57 3.4641138
-132.56 3.4639943
-132.55 3.4638748
-132.54 3.4637553
-132.53 3.4636358
-132.52 3.4635402
-132.51 3.4634207
-132.5 3.4633012
-132.49 3.4631817
-132.48 3.4630622
-132.47 3.4629427
-132.46 3.4628471
-132.45 3.4627276
-132.44 3.4626081
-132.43 3.4624886
-132.42 3.4623691
-132.41 3.4622496
-132.4 3.462154
-132.39 3.4620345
-132.38 3.461915
-132.37 3.4617955
-132.36 3.461676
-132.35 3.4615804
-132.34 3.4614609
-132.33 3.4613414
-132.32 3.4612219
-132.31 3.4611024
-132.3 3.4609829
-132.29 3.4608873
-132.28 3.4607678
-132.27 3.4606483
-132.26 3.4605288
-132.25 3.4604093
-132.24 3.4603137
-132.23 3.4601942
-132.22 3.4600747
-132.21 3.4599552
-132.2 3.4598357
-132.19 3.4597401
-132.18 3.4596206
-132.17 3.4595011
-132.16 3.4593816
-132.15 3.4592621
-132.14 3.4591665
-132.13 3.459047
-132.12 3.4589275
-132.11 3.458808
-132.1 3.4586885
-132.09 3.4585929
-132.08 3.4584734
-132.07 3.4583539
-132.06 3.4582344
-132.05 3.4581149
-132.04 3.4580193
-132.03 3.4578998
-132.02 3.4577803
-132.01 3.4576608
-132.0 3.4575652
-131.99 3.4574457
-131.98 3.4573262
-131.97 3.4572067
-131.96 3.4570872
-131.95 3.4569916
-131.94 3.4568721
-131.93 3.4567526
-131.92 3.4566331
-131.91 3.4565375
-131.9 3.456418
-131.89 3.4562985
-131.88 3.456179
-131.87 3.4560595
-131.86 3.4559639
-131.85 3.4558444
-131.84 3.4557249
-131.83 3.4556054
-131.82 3.4555098
-131.81 3.4553903
-131.8 3.4552708
-131.79 3.4551513
-131.78 3.4550557
-131.77 3.4549362
-131.76 3.4548167
-131.75 3.4546972
-131.74 3.4546016
-131.73 3.4544821
-131.72 3.4543626
-131.71 3.4542431
-131.7 3.4541475
-131.69 3.454028
-131.68 3.4539085
-131.67 3.453789
-131.66 3.4536934
-131.65 3.4535739
-131.64 3.4534544
-131.63 3.4533349
-131.62 3.4532393
-131.61 3.4531198
-131.6 3.4530003
-131.59 3.4528808
-131.58 3.4527852
-131.57 3.4526657
-131.56 3.4525462
-131.55 3.4524267
-131.54 3.4523311
-131.53 3.4522116
-131.52 3.4520921
-131.51 3.4519726
-131.5 3.451877
-131.49 3.4517575
-131.48 3.451638
-131.47 3.4515424
-131.46 3.4514229
-131.45 3.4513034
-131.44 3.4511839
-131.43 3.4510883
-131.42 3.4509688
-131.41 3.4508493
-131.4 3.4507298
-131.39 3.4506342
-131.38 3.4505147
-131.37 3.4503952
-131.36 3.4502996
-131.35 3.4501801
-131.34 3.4500606
-131.33 3.4499411
-131.32 3.4498455
-131.31 3.449726
-131.3 3.4496065
-131.29 3.4495109
-131.28 3.4493914
-131.27 3.4492719
-131.26 3.4491524
-131.25 3.4490568
-131.24 3.4489373
-131.23 3.4488178
-131.22 3.4487222
-131.21 3.4486027
-131.2 3.4484832
-131.19 3.4483637
-131.18 3.4482681
-131.17 3.4481486
-131.16 3.4480291
-131.15 3.4479335
-131.14 3.447814
-131.13 3.4476945
-131.12 3.4475989
-131.11 3.4474794
-131.1 3.4473599
-131.09 3.4472404
-131.08 3.4471448
-131.07 3.4470253
-131.06 3.4469058
-131.05 3.4468102
-131.04 3.4466907
-131.03 3.4465712
-131.02 3.4464756
-131.01 3.4463561
-131.0 3.4462366
-130.99 3.446141
-130.98 3.4460215
-130.97 3.445902
-130.96 3.4457825
-130.95 3.4456869
-130.94 3.4455674
-130.93 3.4454479
-130.92 3.4453523
-130.91 3.4452328
-130.9 3.4451133
-130.89 3.4450177
-130.88 3.4448982
-130.87 3.4447787
-130.86 3.4446831
-130.85 3.4445636
-130.84 3.4444441
-130.83 3.4443485
-130.82 3.444229
-130.81 3.4441095
-130.8 3.4440139
-130.79 3.4438944
-130.78 3.4437749
-130.77 3.4436793
-130.76 3.4435598
-130.75 3.4434403
-130.74 3.4433447
-130.73 3.4432252
-130.72 3.4431057
-130.71 3.4430101
-130.7 3.4428906
-130.69 3.4427711
-130.68 3.4426755
-130.67 3.442556
-130.66 3.4424365
-130.65 3.4423409
-130.64 3.4422214
-130.63 3.4421258
-130.62 3.4420063
-130.61 3.4418868
-130.6 3.4417912
-130.59 3.4416717
-130.58 3.4415522
-130.57 3.4414566
-130.56 3.4413371
-130.55 3.4412176
-130.54 3.441122
-130.53 3.4410025
-130.52 3.440883
-130.51 3.4407874
-130.5 3.4406679
-130.49 3.4405484
-130.48 3.4404528
-130.47 3.4403333
-130.46 3.4402377
-130.45 3.4401182
-130.44 3.4399987
-130.43 3.4399031
-130.42 3.4397836
-130.41 3.4396641
-130.4 3.4395685
-130.39 3.439449
-130.38 3.4393534
-130.37 3.4392339
-130.36 3.4391144
-130.35 3.4390188
-130.34 3.4388993
-130.33 3.4387798
-130.32 3.4386842
-130.31 3.4385647
-130.3 3.4384691
-130.29 3.4383496
-130.28 3.4382301
-130.27 3.4381345
-130.26 3.438015
-130.25 3.4378955
-130.24 3.4377999
-130.23 3.4376804
-130.22 3.4375848
-130.21 3.4374653
-130.2 3.4373458
-130.19 3.4372502
-130.18 3.4371307
-130.17 3.4370351
-130.16 3.4369156
-130.15 3.4367961
-130.14 3.4367005
-130.13 3.436581
-130.12 3.4364854
-130.11 3.4363659
-130.1 3.4362464
-130.09 3.4361508
-130.08 3.4360313
-130.07 3.4359357
-130.06 3.4358162
-130.05 3.4356967
-130.04 3.4356011
-130.03 3.4354816
-130.02 3.435386
-130.01 3.4352665
-130.0 3.435147
-129.99 3.4350514
-129.98 3.4349319
-129.97 3.4348363
-129.96 3.4347168
-129.95 3.4345973
-129.94 3.4345017
-129.93 3.4343822
-129.92 3.4342866
-129.91 3.4341671
-129.9 3.4340476
-129.89 3.433952
-129.88 3.4338325
-129.87 3.4337369
-129.86 3.4336174
-129.85 3.4335218
-129.84 3.4334023
-129.83 3.4332828
-129.82 3.4331872
-129.81 3.4330677
-129.8 3.4329721
-129.79 3.4328526
-129.78 3.432757
-129.77 3.4326375
-129.76 3.432518
-129.75 3.4324224
-129.74 3.4323029
-129.73 3.4322073
-129.72 3.4320878
-129.71 3.4319922
-129.7 3.4318727
-129.69 3.4317532
-129.68 3.4316576
-129.67 3.4315381
-129.66 3.4314425
-129.65 3.431323
-129.64 3.4312274
-129.63 3.4311079
-129.62 3.4310123
-129.61 3.4308928
-129.6 3.4307733
-129.59 3.4306777
-129.58 3.4305582
-129.57 3.4304626
-129.56 3.4303431
-129.55 3.4302475
-129.54 3.430128
-129.53 3.4300324
-129.52 3.4299129
-129.51 3.4297934
-129.5 3.4296978
-129.49 3.4295783
-129.48 3.4294827
-129.47 3.4293632
-129.46 3.4292676
-129.45 3.4291481
-129.44 3.4290525
-129.43 3.428933
-129.42 3.4288374
-129.41 3.4287179
-129.4 3.4285984
-129.39 3.4285028
-129.38 3.4283833
-129.37 3.4282877
-129.36 3.4281682
-129.35 3.4280726
-129.34 3.4279531
-129.33 3.4278575
-129.32 3.427738
-129.31 3.4276424
-129.3 3.4275229
-129.29 3.4274273
-129.28 3.4273078
-129.27 3.4272122
-129.26 3.4270927
-129.25 3.4269971
-129.24 3.4268776
-129.23 3.4267581
-129.22 3.4266625
-129.21 3.426543
-129.2 3.4264474
-129.19 3.4263279
-129.18 3.4262323
-129.17 3.4261128
-129.16 3.4260172
-129.15 3.4258977
-129.14 3.4258021
-129.13 3.4256826
-129.12 3.425587
-129.11 3.4254675
-129.1 3.4253719
-129.09 3.4252524
-129.08 3.4251568
-129.07 3.4250373
-129.06 3.4249417
-129.05 3.4248222
-129.04 3.4247266
-129.03 3.4246071
-129.02 3.4245115
-129.01 3.424392
-129.0 3.4242964
-128.99 3.4241769
-128.98 3.4240813
-128.97 3.4239618
-128.96 3.4238662
-128.95 3.4237467
-128.94 3.4236511
-128.93 3.4235316
-128.92 3.423436
-128.91 3.4233165
-128.9 3.4232209
-128.89 3.4231014
-128.88 3.4230058
-128.87 3.4228863
-128.86 3.4227907
-128.85 3.4226712
-128.84 3.4225756
-128.83 3.4224561
-128.82 3.4223605
-128.81 3.422241
-128.8 3.4221454
-128.79 3.4220259
-128.78 3.4219303
-128.77 3.4218108
-128.76 3.4217152
-128.75 3.4215957
-128.74 3.4215001
-128.73 3.4214045
-128.72 3.421285
-128.71 3.4211894
-128.7 3.4210699
-128.69 3.4209743
-128.68 3.4208548
-128.67 3.4207592
-128.66 3.4206397
-128.65 3.4205441
-128.64 3.4204246
-128.63 3.420329
-128.62 3.4202095
-128.61 3.4201139
-128.6 3.4199944
-128.59 3.4198988
-128.58 3.4197793
-128.57 3.4196837
-128.56 3.4195881
-128.55 3.4194686
-128.54 3.419373
-128.53 3.4192535
-128.52 3.4191579
-128.51 3.4190384
-128.5 3.4189428
-128.49 3.4188233
-128.48 3.4187277
-128.47 3.4186082
-128.46 3.4185126
-128.45 3.418417
-128.44 3.4182975
-128.43 3.4182019
-128.42 3.4180824
-128.41 3.4179868
-128.4 3.4178673
-128.39 3.4177717
-128.38 3.4176522
-128.37 3.4175566
-128.36 3.4174371
-128.35 3.4173415
-128.34 3.4172459
-128.33 3.4171264
-128.32 3.4170308
-128.31 3.4169113
-128.3 3.4168157
-128.29 3.4166962
-128.28 3.4166006
-128.27 3.416505
-128.26 3.4163855
-128.25 3.4162899
-128.24 3.4161704
-128.23 3.4160748
-128.22 3.4159553
-128.21 3.4158597
-128.2 3.4157641
-128.19 3.4156446
-128.18 3.415549
-128.17 3.4154295
-128.16 3.4153339
-128.15 3.4152144
-128.14 3.4151188
-128.13 3.4150232
-128.12 3.4149037
-128.11 3.4148081
-128.1 3.4146886
-128.09 3.414593
-128.08 3.4144735
-128.07 3.4143779
-128.06 3.4142823
-128.05 3.4141628
-128.04 3.4140672
-128.03 3.4139477
-128.02 3.4138521
-128.01 3.4137326
-128.0 3.413637
-127.99 3.4135414
-127.98 3.4134219
-127.97 3.4133263
-127.96 3.4132068
-127.95 3.4131112
-127.94 3.4130156
-127.93 3.4128961
-127.92 3.4128005
-127.91 3.412681
-127.9 3.4125854
-127.89 3.4124898
-127.88 3.4123703
-127.87 3.4122747
-127.86 3.4121552
-127.85 3.4120596
-127.84 3.411964
-127.83 3.4118445
-127.82 3.4117489
-127.81 3.4116294
-127.8 3.4115338
-127.79 3.4114382
-127.78 3.4113187
-127.77 3.4112231
-127.76 3.4111036
-127.75 3.411008
-127.74 3.4109124
-127.73 3.4107929
-127.72 3.4106973
-127.71 3.4105778
-127.7 3.4104822
-127.69 3.4103866
-127.68 3.4102671
-127.67 3.4101715
-127.66 3.4100759
-127.65 3.4099564
-127.64 3.4098608
-127.63 3.4097413
-127.62 3.4096457
-127.61 3.4095501
-127.6 3.4094306
-127.59 3.409335
-127.58 3.4092394
-127.57 3.4091199
-127.56 3.4090243
-127.55 3.4089048
-127.54 3.4088092
-127.53 3.4087136
-127.52 3.4085941
-127.51 3.4084985
-127.5 3.4084029
-127.49 3.4082834
-127.48 3.4081878
-127.47 3.4080683
-127.46 3.4079727
-127.45 3.4078771
-127.44 3.4077576
-127.43 3.407662
-127.42 3.4075664
-127.41 3.4074469
-127.4 3.4073513
-127.39 3.4072557
-127.38 3.4071362
-127.37 3.4070406
-127.36 3.4069211
-127.35 3.4068255
-127.34 3.4067299
-127.33 3.4066104
-127.32 3.4065148
-127.31 3.4064192
-127.3 3.4062997
-127.29 3.4062041
-127.28 3.4061085
-127.27 3.405989
-127.26 3.4058934
-127.25 3.4057978
-127.24 3.4056783
-127.23 3.4055827
-127.22 3.4054871
-127.21 3.4053676
-127.2 3.405272
-127.19 3.4051764
-127.18 3.4050569
-127.17 3.4049613
-127.16 3.4048418
-127.15 3.4047462
-127.14 3.4046506
-127.13 3.4045311
-127.12 3.4044355
-127.11 3.4043399
-127.1 3.4042204
-127.09 3.4041248
-127.08 3.4040292
-127.07 3.4039097
-127.06 3.4038141
-127.05 3.4037185
-127.04 3.403599
-127.03 3.4035034
-127.02 3.4034078
-127.01 3.4032883
-127.0 3.4031927
-126.99 3.4030971
-126.98 3.4030015
-126.97 3.402882
-126.96 3.4027864
-126.95 3.4026908
-126.94 3.4025713
-126.93 3.4024757
-126.92 3.4023801
-126.91 3.4022606
-126.9 3.402165
-126.89 3.4020694
-126.88 3.4019499
-126.87 3.4018543
-126.86 3.4017587
-126.85 3.4016392
-126.84 3.4015436
-126.83 3.401448
-126.82 3.4013285
-126.81 3.4012329
-126.8 3.4011373
-126.79 3.4010417
-126.78 3.4009222
-126.77 3.4008266
-126.76 3.400731
-126.75 3.4006115
-126.74 3.4005159
-126.73 3.4004203
-126.72 3.4003008
-126.71 3.4002052
-126.7 3.4001096
-126.69 3.3999901
-126.68 3.3998945
-126.67 3.3997989
-126.66 3.3997033
-126.65 3.3995838
-126.64 3.3994882
-126.63 3.3993926
-126.62 3.3992731
-126.61 3.3991775
-126.6 3.3990819
-126.59 3.3989863
-126.58 3.3988668
-126.57 3.3987712
-126.56 3.3986756
-126.55 3.3985561
-126.54 3.3984605
-126.53 3.3983649
-126.52 3.3982454
-126.51 3.3981498
-126.5 3.3980542
-126.49 3.3979586
-126.48 3.3978391
-126.47 3.3977435
-126.46 3.3976479
-126.45 3.3975523
-126.44 3.3974328
-126.43 3.3973372
-126.42 3.3972416
-126.41 3.3971221
-126.4 3.3970265
-126.39 3.3969309
-126.38 3.3968353
-126.37 3.3967158
-126.36 3.3966202
-126.35 3.3965246
-126.34 3.3964051
-126.33 3.3963095
-126.32 3.3962139
-126.31 3.3961183
-126.3 3.3959988
-126.29 3.3959032
-126.28 3.3958076
-126.27 3.395712
-126.26 3.3955925
-126.25 3.3954969
-126.24 3.3954013
-126.23 3.3953057
-126.22 3.3951862
-126.21 3.3950906
-126.2 3.394995
-126.19 3.3948994
-126.18 3.3947799
-126.17 3.3946843
-126.16 3.3945887
-126.15 3.3944692
-126.14 3.3943736
-126.13 3.394278
-126.12 3.3941824
-126.11 3.3940629
-126.1 3.3939673
-126.09 3.3938717
-126.08 3.3937761
-126.07 3.3936566
-126.06 3.393561
-126.05 3.3934654
-126.04 3.3933698
-126.03 3.3932503
-126.02 3.3931547
-126.01 3.3930591
-126.0 3.3929635
-125.99 3.3928679
-125.98 3.3927484
-125.97 3.3926528
-125.96 3.3925572
-125.95 3.3924616
-125.94 3.3923421
-125.93 3.3922465
-125.92 3.3921509
-125.91 3.3920553
-125.9 3.3919358
-125.89 3.3918402
-125.88 3.3917446
-125.87 3.391649
-125.86 3.3915295
-125.85 3.3914339
-125.84 3.3913383
-125.83 3.3912427
-125.82 3.3911471
-125.81 3.3910276
-125.8 3.390932
-125.79 3.3908364
-125.78 3.3907408
-125.77 3.3906213
-125.76 3.3905257
-125.75 3.3904301
-125.74 3.3903345
-125.73 3.3902389
-125.72 3.3901194
-125.71 3.3900238
-125.7 3.3899282
-125.69 3.3898326
-125.68 3.3897131
-125.67 3.3896175
-125.66 3.3895219
-125.65 3.3894263
-125.64 3.3893307
-125.63 3.3892112
-125.62 3.3891156
-125.61 3.38902
-125.6 3.3889244
-125.59 3.3888288
-125.58 3.3887093
-125.57 3.3886137
-125.56 3.3885181
-125.55 3.3884225
-125.54 3.388303
-125.53 3.3882074
-125.52 3.3881118
-125.51 3.3880162
-125.5 3.3879206
-125.49 3.3878011
-125.48 3.3877055
-125.47 3.3876099
-125.46 3.3875143
-125.45 3.3874187
-125.44 3.3872992
-125.43 3.3872036
-125.42 3.387108
-125.41 3.3870124
-125.4 3.3869168
-125.39 3.3867973
-125.38 3.3867017
-125.37 3.3866061
-125.36 3.3865105
-125.35 3.3864149
-125.34 3.3863193
-125.33 3.3861998
-125.32 3.3861042
-125.31 3.3860086
-125.3 3.385913
-125.29 3.3858174
-125.28 3.3856979
-125.27 3.3856023
-125.26 3.3855067
-125.25 3.3854111
-125.24 3.3853155
-125.23 3.3852199
-125.22 3.3851004
-125.21 3.3850048
-125.2 3.3849092
-125.19 3.3848136
-125.18 3.384718
-125.17 3.3845985
-125.16 3.3845029
-125.15 3.3844073
-125.14 3.3843117
-125.13 3.3842161
-125.12 3.3841205
-125.11 3.384001
-125.1 3.3839054
-125.09 3.3838098
-125.08 3.3837142
-125.07 3.3836186
-125.06 3.383523
-125.05 3.3834035
-125.04 3.3833079
-125.03 3.3832123
-125.02 3.3831167
-125.01 3.3830211
-125.0 3.3829255
-124.99 3.382806
-124.98 3.3827104
-124.97 3.3826148
-124.96 3.3825192
-124.95 3.3824236
-124.94 3.382328
-124.93 3.3822085
-124.92 3.3821129
-124.91 3.3820173
-124.9 3.3819217
-124.89 3.3818261
-124.88 3.3817305
-124.87 3.3816349
-124.86 3.3815154
-124.85 3.3814198
-124.84 3.3813242
-124.83 3.3812286
-124.82 3.381133
-124.81 3.3810374
-124.8 3.3809418
-124.79 3.3808223
-124.78 3.3807267
-124.77 3.3806311
-124.76 3.3805355
-124.75 3.3804399
-124.74 3.3803443
-124.73 3.3802487
-124.72 3.3801292
-124.71 3.3800336
-124.7 3.379938
-124.69 3.3798424
-124.68 3.3797468
-124.67 3.3796512
-124.66 3.3795556
-124.65 3.3794361
-124.64 3.3793405
-124.63 3.3792449
-124.62 3.3791493
-124.61 3.3790537
-124.6 3.3789581
-124.59 3.3788625
-124.58 3.3787669
-124.57 3.3786474
-124.56 3.3785518
-124.55 3.3784562
-124.54 3.3783606
-124.53 3.378265
-124.52 3.3781694
-124.51 3.3780738
-124.5 3.3779782
-124.49 3.3778587
-124.48 3.3777631
-124.47 3.3776675
-124.46 3.3775719
-124.45 3.3774763
-124.44 3.3773807
-124.43 3.3772851
-124.42 3.3771895
-124.41 3.37707
-124.4 3.3769744
-124.39 3.3768788
-124.38 3.3767832
-124.37 3.3766876
-124.36 3.376592
-124.35 3.3764964
-124.34 3.3764008
-124.33 3.3763052
-124.32 3.3762096
-124.31 3.3760901
-124.3 3.3759945
-124.29 3.3758989
-124.28 3.3758033
-124.27 3.3757077
-124.26 3.3756121
-124.25 3.3755165
-124.24 3.3754209
-124.23 3.3753253
-124.22 3.3752058
-124.21 3.3751102
-124.2 3.3750146
-124.19 3.374919
-124.18 3.3748234
-124.17 3.3747278
-124.16 3.3746322
-124.15 3.3745366
-124.14 3.374441
-124.13 3.3743454
-124.12 3.3742498
-124.11 3.3741303
-124.1 3.3740347
-124.09 3.3739391
-124.08 3.3738435
-124.07 3.3737479
-124.06 3.3736523
-124.05 3.3735567
-124.04 3.3734611
-124.03 3.3733655
-124.02 3.3732699
-124.01 3.3731743
-124.0 3.3730548
-123.99 3.3729592
-123.98 3.3728636
-123.97 3.372768
-123.96 3.3726724
-123.95 3.3725768
-123.94 3.3724812
-123.93 3.3723856
-123.92 3.37229
-123.91 3.3721944
-123.9 3.3720988
-123.89 3.3720032
-123.88 3.3719076
-123.87 3.3717881
-123.86 3.3716925
-123.85 3.3715969
-123.84 3.3715013
-123.83 3.3714057
-123.82 3.3713101
-123.81 3.3712145
-123.8 3.3711189
-123.79 3.3710233
-123.78 3.3709277
-123.77 3.3708321
-123.76 3.3707365
-123.75 3.3706409
-123.74 3.3705453
-123.73 3.3704497
-123.72 3.3703541
-123.71 3.3702346
-123.7 3.370139
-123.69 3.3700434
-123.68 3.3699478
-123.67 3.3698522
-123.66 3.3697566
-123.65 3.369661
-123.64 3.3695654
-123.63 3.3694698
-123.62 3.3693742
-123.61 3.3692786
-123.6 3.369183
-123.59 3.3690874
-123.58 3.3689918
-123.57 3.3688962
-123.56 3.3688006
-123.55 3.368705
-123.54 3.3686094
-123.53 3.3685138
-123.52 3.3683943
-123.51 3.3682987
-123.5 3.3682031
-123.49 3.3681075
-123.48 3.3680119
-123.47 3.3679163
-123.46 3.3678207
-123.45 3.3677251
-123.44 3.3676295
-123.43 3.3675339
-123.42 3.3674383
-123.41 3.3673427
-123.4 3.3672471
-123.39 3.3671515
-123.38 3.3670559
-123.37 3.3669603
-123.36 3.3668647
-123.35 3.3667691
-123.34 3.3666735
-123.33 3.3665779
-123.32 3.3664823
-123.31 3.3663867
-123.3 3.3662911
-123.29 3.3661955
-123.28 3.3660999
-123.27 3.3660043
-123.26 3.3659087
-123.25 3.3658131
-123.24 3.3657175
-123.23 3.3656219
-123.22 3.3655024
-123.21 3.3654068
-123.2 3.3653112
-123.19 3.3652156
-123.18 3.36512
-123.17 3.3650244
-123.16 3.3649288
-123.15 3.3648332
-123.14 3.3647376
-123.13 3.364642
-123.12 3.3645464
-123.11 3.3644508
-123.1 3.3643552
-123.09 3.3642596
-123.08 3.364164
-123.07 3.3640684
-123.06 3.3639728
-123.05 3.3638772
-123.04 3.3637816
-123.03 3.363686
-123.02 3.3635904
-123.01 3.3634948
-123.0 3.3633992
-122.99 3.3633036
-122.98 3.363208
-122.97 3.3631124
-122.96 3.3630168
-122.95 3.3629212
-122.94 3.3628256
-122.93 3.36273
-122.92 3.3626344
-122.91 3.3625388
-122.9 3.3624432
-122.89 3.3623476
-122.88 3.362252
-122.87 3.3621564
-122.86 3.3620608
-122.85 3.3619652
-122.84 3.3618696
-122.83 3.361774
-122.82 3.3616784
-122.81 3.3615828
-122.8 3.3614872
-122.79 3.3613916
-122.78 3.361296
-122.77 3.3612004
-122.76 3.3611048
-122.75 3.3610092
-122.74 3.3609136
-122.73 3.360818
-122.72 3.3607224
-122.71 3.3606268
-122.7 3.3605312
-122.69 3.3604356
-122.68 3.36034
-122.67 3.3602444
-122.66 3.3601488
-122.65 3.3600771
-122.64 3.3599815
-122.63 3.3598859
-122.62 3.3597903
-122.61 3.3596947
-122.6 3.3595991
-122.59 3.3595035
-122.58 3.3594079
-122.57 3.3593123
-122.56 3.3592167
-122.55 3.3591211
-122.54 3.3590255
-122.53 3.3589299
-122.52 3.3588343
-122.51 3.3587387
-122.5 3.3586431
-122.49 3.3585475
-122.48 3.3584519
-122.47 3.3583563
-122.46 3.3582607
-122.45 3.3581651
-122.44 3.3580695
-122.43 3.3579739
-122.42 3.3578783
-122.41 3.3577827
-122.4 3.3576871
-122.39 3.3575915
-122.38 3.3574959
-122.37 3.3574003
-122.36 3.3573047
-122.35 3.357233
-122.34 3.3571374
-122.33 3.3570418
-122.32 3.3569462
-122.31 3.3568506
-122.3 3.356755
-122.29 3.3566594
-122.28 3.3565638
-122.27 3.3564682
-122.26 3.3563726
-122.25 3.356277
-122.24 3.3561814
-122.23 3.3560858
-122.22 3.3559902
-122.21 3.3558946
-122.2 3.355799
-122.19 3.3557034
-122.18 3.3556078
-122.17 3.3555122
-122.16 3.3554405
-122.15 3.3553449
-122.14 3.3552493
-122.13 3.3551537
-122.12 3.3550581
-122.11 3.3549625
-122.1 3.3548669
-122.09 3.3547713
-122.08 3.3546757
-122.07 3.3545801
-122.06 3.3544845
-122.05 3.3543889
-122.04 3.3542933
-122.03 3.3541977
-122.02 3.3541021
-122.01 3.3540065
-122.0 3.3539348
-121.99 3.3538392
-121.98 3.3537436
-121.97 3.353648
-121.96 3.3535524
-121.95 3.3534568
-121.94 3.3533612
-121.93 3.3532656
-121.92 3.35317
-121.91 3.3530744
-121.9 3.3529788
-121.89 3.3528832
-121.88 3.3527876
-121.87 3.3527159
-121.86 3.3526203
-121.85 3.3525247
-121.84 3.3524291
-121.83 3.3523335
-121.82 3.3522379
-121.81 3.3521423
-121.8 3.3520467
-121.79 3.3519511
-121.78 3.3518555
-121.77 3.3517599
-121.76 3.3516643
-121.75 3.3515926
-121.74 3.351497
-121.73 3.3514014
-121.72 3.3513058
-121.71 3.3512102
-121.7 3.3511146
-121.69 3.351019
-121.68 3.3509234
-121.67 3.3508278
-121.66 3.3507322
-121.65 3.3506605
-121.64 3.3505649
-121.63 3.3504693
-121.62 3.3503737
-121.61 3.3502781
-121.6 3.3501825
-121.59 3.3500869
-121.58 3.3499913
-121.57 3.3498957
-121.56 3.3498001
-121.55 3.3497284
-121.54 3.3496328
-121.53 3.3495372
-121.52 3.3494416
-121.51 3.349346
-121.5 3.3492504
-121.49 3.3491548
-121.48 3.3490592
-121.47 3.3489636
-121.46 3.3488919
-121.45 3.3487963
-121.44 3.3487007
-121.43 3.3486051
-121.42 3.3485095
-121.41 3.3484139
-121.4 3.3483183
-121.39 3.3482227
-121.38 3.3481271
-121.37 3.3480554
-121.36 3.3479598
-121.35 3.3478642
-121.34 3.3477686
-121.33 3.347673
-121.32 3.3475774
-121.31 3.3474818
-121.3 3.3473862
-121.29 3.3473145
-121.28 3.3472189
-121.27 3.3471233
-121.26 3.3470277
-121.25 3.3469321
-121.24 3.3468365
-121.23 3.3467409
-121.22 3.3466453
-121.21 3.3465736
-121.2 3.346478
-121.19 3.3463824
-121.18 3.3462868
-121.17 3.3461912
-121.16 3.3460956
-121.15 3.346
-121.14 3.3459044
-121.13 3.3458327
-121.12 3.3457371
-121.11 3.3456415
-121.1 3.3455459
-121.09 3.3454503
-121.08 3.3453547
-121.07 3.3452591
-121.06 3.3451874
-121.05 3.3450918
-121.04 3.3449962
-121.03 3.3449006
-121.02 3.344805
-121.01 3.3447094
-121.0 3.3446138
-120.99 3.3445421
-120.98 3.3444465
-120.97 3.3443509
-120.96 3.3442553
-120.95 3.3441597
-120.94 3.3440641
-120.93 3.3439685
-120.92 3.3438968
-120.91 3.3438012
-120.9 3.3437056
-120.89 3.34361
-120.88 3.3435144
-120.87 3.3434188
-120.86 3.3433471
-120.85 3.3432515
-120.84 3.3431559
-120.83 3.3430603
-120.82 3.3429647
-120.81 3.3428691
-120.8 3.3427735
-120.79 3.3427018
-120.78 3.3426062
-120.77 3.3425106
-120.76 3.342415
-120.75 3.3423194
-120.74 3.3422238
-120.73 3.3421521
-120.72 3.3420565
-120.71 3.3419609
-120.7 3.3418653
-120.69 3.3417697
-120.68 3.3416741
-120.67 3.3416024
-120.66 3.3415068
-120.65 3.3414112
-120.64 3.3413156
-120.63 3.34122
-120.62 3.3411244
-120.61 3.3410527
-120.6 3.3409571
-120.59 3.3408615
-120.58 3.3407659
-120.57 3.3406703
-120.56 3.3405986
-120.55 3.340503
-120.54 3.3404074
-120.53 3.3403118
-120.52 3.3402162
-120.51 3.3401206
-120.5 3.3400489
-120.49 3.3399533
-120.48 3.3398577
-120.47 3.3397621
-120.46 3.3396665
-120.45 3.3395948
-120.44 3.3394992
-120.43 3.3394036
-120.42 3.339308
-120.41 3.3392124
-120.4 3.3391168
-120.39 3.3390451
-120.38 3.3389495
-120.37 3.3388539
-120.36 3.3387583
-120.35 3.3386627
-120.34 3.338591
-120.33 3.3384954
-120.32 3.3383998
-120.31 3.3383042
-120.3 3.3382086
-120.29 3.3381369
-120.28 3.3380413
-120.27 3.3379457
-120.26 3.3378501
-120.25 3.3377545
-120.24 3.3376828
-120.23 3.3375872
-120.22 3.3374916
-120.21 3.337396
-120.2 3.3373004
-120.19 3.3372287
-120.18 3.3371331
-120.17 3.3370375
-120.16 3.3369419
-120.15 3.3368463
-120.14 3.3367746
-120.13 3.336679
-120.12 3.3365834
-120.11 3.3364878
-120.1 3.3364161
-120.09 3.3363205
-120.08 3.3362249
-120.07 3.3361293
-120.06 3.3360337
-120.05 3.335962
-120.04 3.3358664
-120.03 3.3357708
-120.02 3.3356752
-120.01 3.3355796
-120.0 3.3355079
-119.99 3.3354123
-119.98 3.3353167
-119.97 3.3352211
-119.96 3.3351494
-119.95 3.3350538
-119.94 3.3349582
-119.93 3.3348626
-119.92 3.334767
-119.91 3.3346953
-119.9 3.3345997
-119.89 3.3345041
-119.88 3.3344085
-119.87 3.3343368
-119.86 3.3342412
-119.85 3.3341456
-119.84 3.33405
-119.83 3.3339544
-119.82 3.3338827
-119.81 3.3337871
-119.8 3.3336915
-119.79 3.3335959
-119.78 3.3335242
-119.77 3.3334286
-119.76 3.333333
-119.75 3.3332374
-119.74 3.3331657
-119.73 3.3330701
-119.72 3.3329745
-119.71 3.3328789
-119.7 3.3328072
-119.69 3.3327116
-119.68 3.332616
-119.67 3.3325204
-119.66 3.3324487
-119.65 3.3323531
-119.64 3.3322575
-119.63 3.3321619
-119.62 3.3320902
-119.61 3.3319946
-119.6 3.331899
-119.59 3.3318034
-119.58 3.3317078
-119.57 3.3316361
-119.56 3.3315405
-119.55 3.3314449
-119.54 3.3313493
-119.53 3.3312776
-119.52 3.331182
-119.51 3.3310864
-119.5 3.3310147
-119.49 3.3309191
-119.48 3.3308235
-119.47 3.3307279
-119.46 3.3306562
-119.45 3.3305606
-119.44 3.330465
-119.43 3.3303694
-119.42 3.3302977
-119.41 3.3302021
-119.4 3.3301065
-119.39 3.3300109
-119.38 3.3299392
-119.37 3.3298436
-119.36 3.329748
-119.35 3.3296524
-119.34 3.3295807
-119.33 3.3294851
-119.32 3.3293895
-119.31 3.3292939
-119.3 3.3292222
-119.29 3.3291266
-119.28 3.329031
-119.27 3.3289593
-119.26 3.3288637
-119.25 3.3287681
-119.24 3.3286725
-119.23 3.3286008
-119.22 3.3285052
-119.21 3.3284096
-119.2 3.328314
-119.19 3.3282423
-119.18 3.3281467
-119.17 3.3280511
-119.16 3.3279794
-119.15 3.3278838
-119.14 3.3277882
-119.13 3.3276926
-119.12 3.3276209
-119.11 3.3275253
-119.1 3.3274297
-119.09 3.327358
-119.08 3.3272624
-119.07 3.3271668
-119.06 3.3270712
-119.05 3.3269995
-119.04 3.3269039
-119.03 3.3268083
-119.02 3.3267366
-119.01 3.326641
-119.0 3.3265454
-118.99 3.3264498
-118.98 3.3263781
-118.97 3.3262825
-118.96 3.3261869
-118.95 3.3261152
-118.94 3.3260196
-118.93 3.325924
-118.92 3.3258523
-118.91 3.3257567
-118.9 3.3256611
-118.89 3.3255655
-118.88 3.3254938
-118.87 3.3253982
-118.86 3.3253026
-118.85 3.3252309
-118.84 3.3251353
-118.83 3.3250397
-118.82 3.324968
-118.81 3.3248724
-118.8 3.3247768
-118.79 3.3246812
-118.78 3.3246095
-118.77 3.3245139
-118.76 3.3244183
-118.75 3.3243466
-118.74 3.324251
-118.73 3.3241554
-118.72 3.3240837
-118.71 3.3239881
-118.7 3.3238925
-118.69 3.3238208
-118.68 3.3237252
-118.67 3.3236296
-118.66 3.323534
-118.65 3.3234623
-118.64 3.3233667
-118.63 3.3232711
-118.62 3.3231994
-118.61 3.3231038
-118.6 3.3230082
-118.59 3.3229365
-118.58 3.3228409
-118.57 3.3227453
-118.56 3.3226736
-118.55 3.322578
-118.54 3.3224824
-118.53 3.3224107
-118.52 3.3223151
-118.51 3.3222195
-118.5 3.3221478
-118.49 3.3220522
-118.48 3.3219566
-118.47 3.3218849
-118.46 3.3217893
-118.45 3.3216937
-118.44 3.321622
-118.43 3.3215264
-118.42 3.3214308
-118.41 3.3213591
-118.4 3.3212635
-118.39 3.3211679
-118.38 3.3210962
-118.37 3.3210006
-118.36 3.320905
-118.35 3.3208333
-118.34 3.3207377
-118.33 3.3206421
-118.32 3.3205704
-118.31 3.3204748
-118.3 3.3203792
-118.29 3.3203075
-118.28 3.3202119
-118.27 3.3201163
-118.26 3.3200446
-118.25 3.319949
-118.24 3.3198534
-118.23 3.3197817
-118.22 3.3196861
-118.21 3.3195905
-118.2 3.3195188
-118.19 3.3194232
-118.18 3.3193276
-118.17 3.3192559
-118.16 3.3191603
-118.15 3.3190886
-118.14 3.318993
-118.13 3.3188974
-118.12 3.3188257
-118.11 3.3187301
-118.1 3.3186345
-118.09 3.3185628
-118.08 3.3184672
-118.07 3.3183716
-118.06 3.3182999
-118.05 3.3182043
-118.04 3.3181087
-118.03 3.318037
-118.02 3.3179414
-118.01 3.3178697
-118.0 3.3177741
-117.99 3.3176785
-117.98 3.3176068
-117.97 3.3175112
-117.96 3.3174156
-117.95 3.3173439
-117.94 3.3172483
-117.93 3.3171527
-117.92 3.317081
-117.91 3.3169854
-117.9 3.3169137
-117.89 3.3168181
-117.88 3.3167225
-117.87 3.3166508
-117.86 3.3165552
-117.85 3.3164596
-117.84 3.3163879
-117.83 3.3162923
-117.82 3.3162206
-117.81 3.316125
-117.8 3.3160294
-117.79 3.3159577
-117.78 3.3158621
-117.77 3.3157665
-117.76 3.3156948
-117.75 3.3155992
-117.74 3.3155275
-117.73 3.3154319
-117.72 3.3153363
-117.71 3.3152646
-117.7 3.315169
-117.69 3.3150973
-117.68 3.3150017
-117.67 3.3149061
-117.66 3.3148344
-117.65 3.3147388
-117.64 3.3146432
-117.63 3.3145715
-117.62 3.3144759
-117.61 3.3144042
-117.6 3.3143086
-117.59 3.314213
-117.58 3.3141413
-117.57 3.3140457
-117.56 3.313974
-117.55 3.3138784
-117.54 3.3137828
-117.53 3.3137111
-117.52 3.3136155
-117.51 3.3135438
-117.5 3.3134482
-117.49 3.3133526
-117.48 3.3132809
-117.47 3.3131853
-117.46 3.3131136
-117.45 3.313018
-117.44 3.3129224
-117.43 3.3128507
-117.42 3.3127551
-117.41 3.3126834
-117.4 3.3125878
-117.39 3.3124922
-117.38 3.3124205
-117.37 3.3123249
-117.36 3.3122532
-117.35 3.3121576
-117.34 3.312062
-117.33 3.3119903
-117.32 3.3118947
-117.31 3.311823
-117.3 3.3117274
-117.29 3.3116557
-117.28 3.3115601
-117.27 3.3114645
-117.26 3.3113928
-117.25 3.3112972
-117.24 3.3112255
-117.23 3.3111299
-117.22 3.3110343
-117.21 3.3109626
-117.2 3.310867
-117.19 3.3107953
-117.18 3.3106997
-117.17 3.310628
-117.16 3.3105324
-117.15 3.3104368
-117.14 3.3103651
-117.13 3.3102695
-117.12 3.3101978
-117.11 3.3101022
-117.1 3.3100305
-117.09 3.3099349
-117.08 3.3098393
-117.07 3.3097676
-117.06 3.309672
-117.05 3.3096003
-117.04 3.3095047
-117.03 3.309433
-117.02 3.3093374
-117.01 3.3092418
-117.0 3.3091701
-116.99 3.3090745
-116.98 3.3090028
-116.97 3.3089072
-116.96 3.3088355
-116.95 3.3087399
-116.94 3.3086682
-116.93 3.3085726
-116.92 3.308477
-116.91 3.3084053
-116.9 3.3083097
-116.89 3.308238
-116.88 3.3081424
-116.87 3.3080707
-116.86 3.3079751
-116.85 3.3079034
-116.84 3.3078078
-116.83 3.3077122
-116.82 3.3076405
-116.81 3.3075449
-116.8 3.3074732
-116.79 3.3073776
-116.78 3.3073059
-116.77 3.3072103
-116.76 3.3071386
-116.75 3.307043
-116.74 3.3069474
-116.73 3.3068757
-116.72 3.3067801
-116.71 3.3067084
-116.7 3.3066128
-116.69 3.3065411
-116.68 3.3064455
-116.67 3.3063738
-116.66 3.3062782
-116.65 3.3062065
-116.64 3.3061109
-116.63 3.3060392
-116.62 3.3059436
-116.61 3.305848
-116.6 3.3057763
-116.59 3.3056807
-116.58 3.305609
-116.57 3.3055134
-116.56 3.3054417
-116.55 3.3053461
-116.54 3.3052744
-116.53 3.3051788
-116.52 3.3051071
-116.51 3.3050115
-116.5 3.3049398
-116.49 3.3048442
-116.48 3.3047725
-116.47 3.3046769
-116.46 3.3045813
-116.45 3.3045096
-116.44 3.304414
-116.43 3.3043423
-116.42 3.3042467
-116.41 3.304175
-116.4 3.3040794
-116.39 3.3040077
-116.38 3.3039121
-116.37 3.3038404
-116.36 3.3037448
-116.35 3.3036731
-116.34 3.3035775
-116.33 3.3035058
-116.32 3.3034102
-116.31 3.3033385
-116.3 3.3032429
-116.29 3.3031712
-116.28 3.3030756
-116.27 3.3030039
-116.26 3.3029083
-116.25 3.3028366
-116.24 3.302741
-116.23 3.3026693
-116.22 3.3025737
-116.21 3.302502
-116.2 3.3024064
-116.19 3.3023347
-116.18 3.3022391
-116.17 3.3021674
-116.16 3.3020718
-116.15 3.3020001
-116.14 3.3019045
-116.13 3.3018328
-116.12 3.3017372
-116.11 3.3016655
-116.1 3.3015699
-116.09 3.3014982
-116.08 3.3014026
-116.07 3.3013309
-116.06 3.3012353
-116.05 3.3011636
-116.04 3.301068
-116.03 3.3009963
-116.02 3.3009007
-116.01 3.300829
-116.0 3.3007334
-115.99 3.3006617
-115.98 3.3005661
-115.97 3.3004944
-115.96 3.3003988
-115.95 3.3003271
-115.94 3.3002315
-115.93 3.3001598
-115.92 3.3000642
-115.91 3.2999925
-115.9 3.2998969
-115.89 3.2998252
-115.88 3.2997296
-115.87 3.2996579
-115.86 3.2995623
-115.85 3.2994906
-115.84 3.299395
-115.83 3.2993233
-115.82 3.2992277
-115.81 3.299156
-115.8 3.2990604
-115.79 3.2989887
-115.78 3.2988931
-115.77 3.2988214
-115.76 3.2987497
-115.75 3.2986541
-115.74 3.2985824
-115.73 3.2984868
-115.72 3.2984151
-115.71 3.2983195
-115.7 3.2982478
-115.69 3.2981522
-115.68 3.2980805
-115.67 3.2979849
-115.66 3.2979132
-115.65 3.2978176
-115.64 3.2977459
-115.63 3.2976503
-115.62 3.2975786
-115.61 3.297483
-115.6 3.2974113
-115.59 3.2973396
-115.58 3.297244
-115.57 3.2971723
-115.56 3.2970767
-115.55 3.297005
-115.54 3.2969094
-115.53 3.2968377
-115.52 3.2967421
-115.51 3.2966704
-115.5 3.2965748
-115.49 3.2965031
-115.48 3.2964314
-115.47 3.2963358
-115.46 3.2962641
-115.45 3.2961685
-115.44 3.2960968
-115.43 3.2960012
-115.42 3.2959295
-115.41 3.2958339
-115.4 3.2957622
-115.39 3.2956666
-115.38 3.2955949
-115.37 3.2955232
-115.36 3.2954276
-115.35 3.2953559
-115.34 3.2952603
-115.33 3.2951886
-115.32 3.295093
-115.31 3.2950213
-115.3 3.2949257
-115.29 3.294854
-115.28 3.2947823
-115.27 3.2946867
-115.26 3.294615
-115.25 3.2945194
-115.24 3.2944477
-115.23 3.2943521
-115.22 3.2942804
-115.21 3.2942087
-115.2 3.2941131
-115.19 3.2940414
-115.18 3.2939458
-115.17 3.2938741
-115.16 3.2937785
-115.15 3.2937068
-115.14 3.2936351
-115.13 3.2935395
-115.12 3.2934678
-115.11 3.2933722
-115.1 3.2933005
-115.09 3.2932049
-115.08 3.2931332
-115.07 3.2930615
-115.06 3.2929659
-115.05 3.2928942
-115.04 3.2927986
-115.03 3.2927269
-115.02 3.2926313
-115.01 3.2925596
-115.0 3.2924879
-114.99 3.2923923
-114.98 3.2923206
-114.97 3.292225
-114.96 3.2921533
-114.95 3.2920816
-114.94 3.291986
-114.93 3.2919143
-114.92 3.2918187
-114.91 3.291747
-114.9 3.2916514
-114.89 3.2915797
-114.88 3.291508
-114.87 3.2914124
-114.86 3.2913407
-114.85 3.2912451
-114.84 3.2911734
-114.83 3.2911017
-114.82 3.2910061
-114.81 3.2909344
-114.8 3.2908388
-114.79 3.2907671
-114.78 3.2906954
-114.77 3.2905998
-114.76 3.2905281
-114.75 3.2904325
-114.74 3.2903608
-114.73 3.2902891
-114.72 3.2901935
-114.71 3.2901218
-114.7 3.2900262
-114.69 3.2899545
-114.68 3.2898828
-114.67 3.2897872
-114.66 3.2897155
-114.65 3.2896199
-114.64 3.2895482
-114.63 3.2894765
-114.62 3.2893809
-114.61 3.2893092
-114.6 3.2892375
-114.59 3.2891419
-114.58 3.2890702
-114.57 3.2889746
-114.56 3.2889029
-114.55 3.2888312
-114.54 3.2887356
-114.53 3.2886639
-114.52 3.2885683
-114.51 3.2884966
-114.5 3.2884249
-114.49 3.2883293
-114.48 3.2882576
-114.47 3.2881859
-114.46 3.2880903
-114.45 3.2880186
-114.44 3.287923
-114.43 3.2878513
-114.42 3.2877796
-114.41 3.287684
-114.4 3.2876123
-114.39 3.2875406
-114.38 3.287445
-114.37 3.2873733
-114.36 3.2872777
-114.35 3.287206
-114.34 3.2871343
-114.33 3.2870387
-114.32 3.286967
-114.31 3.2868953
-114.3 3.2867997
-114.29 3.286728
-114.28 3.2866563
-114.27 3.2865607
-114.26 3.286489
-114.25 3.2863934
-114.24 3.2863217
-114.23 3.28625
-114.22 3.2861544
-114.21 3.2860827
-114.2 3.286011
-114.19 3.2859154
-114.18 3.2858437
-114.17 3.285772
-114.16 3.2856764
-114.15 3.2856047
-114.14 3.2855091
-114.13 3.2854374
-114.12 3.2853657
-114.11 3.2852701
-114.1 3.2851984
-114.09 3.2851267
-114.08 3.2850311
-114.07 3.2849594
-114.06 3.2848877
-114.05 3.2847921
-114.04 3.2847204
-114.03 3.2846487
-114.02 3.2845531
-114.01 3.2844814
-114.0 3.2844097
-113.99 3.2843141
-113.98 3.2842424
-113.97 3.2841707
-113.96 3.2840751
-113.95 3.2840034
-113.94 3.2839317
-113.93 3.2838361
-113.92 3.2837644
-113.91 3.2836927
-113.9 3.2835971
-113.89 3.2835254
-113.88 3.2834537
-113.87 3.2833581
-113.86 3.2832864
-113.85 3.2832147
-113.84 3.2831191
-113.83 3.2830474
-113.82 3.2829757
-113.81 3.2828801
-113.8 3.2828084
-113.79 3.2827367
-113.78 3.2826411
-113.77 3.2825694
-113.76 3.2824977
-113.75 3.2824021
-113.74 3.2823304
-113.73 3.2822587
-113.72 3.2821631
-113.71 3.2820914
-113.7 3.2820197
-113.69 3.2819241
-113.68 3.2818524
-113.67 3.2817807
-113.66 3.2816851
-113.65 3.2816134
-113.64 3.2815417
-113.63 3.2814461
-113.62 3.2813744
-113.61 3.2813027
-113.6 3.281231
-113.59 3.2811354
-113.58 3.2810637
-113.57 3.280992
-113.56 3.2808964
-113.55 3.2808247
-113.54 3.280753
-113.53 3.2806574
-113.52 3.2805857
-113.51 3.280514
-113.5 3.2804184
-113.49 3.2803467
-113.48 3.280275
-113.47 3.2802033
-113.46 3.2801077
-113.45 3.280036
-113.44 3.2799643
-113.43 3.2798687
-113.42 3.279797
-113.41 3.2797253
-113.4 3.2796297
-113.39 3.279558
-113.38 3.2794863
-113.37 3.2794146
-113.36 3.279319
-113.35 3.2792473
-113.34 3.2791756
-113.33 3.27908
-113.32 3.2790083
-113.31 3.2789366
-113.3 3.2788649
-113.29 3.2787693
-113.28 3.2786976
-113.27 3.2786259
-113.26 3.2785303
-113.25 3.2784586
-113.24 3.2783869
-113.23 3.2783152
-113.22 3.2782196
-113.21 3.2781479
-113.2 3.2780762
-113.19 3.2779806
-113.18 3.2779089
-113.17 3.2778372
-113.16 3.2777655
-113.15 3.2776699
-113.14 3.2775982
-113.13 3.2775265
-113.12 3.2774309
-113.11 3.2773592
-113.1 3.2772875
-113.09 3.2772158
-113.08 3.2771202
-113.07 3.2770485
-113.06 3.2769768
-113.05 3.2769051
-113.04 3.2768095
-113.03 3.2767378
-113.02 3.2766661
-113.01 3.2765705
-113.0 3.2764988
-112.99 3.2764271
-112.98 3.2763554
-112.97 3.2762598
-112.96 3.2761881
-112.95 3.2761164
-112.94 3.2760447
-112.93 3.2759491
-112.92 3.2758774
-112.91 3.2758057
-112.9 3.275734
-112.89 3.2756384
-112.88 3.2755667
-112.87 3.275495
-112.86 3.2754233
-112.85 3.2753277
-112.84 3.275256
-112.83 3.2751843
-112.82 3.2751126
-112.81 3.275017
-112.8 3.2749453
-112.79 3.2748736
-112.78 3.2748019
-112.77 3.2747063
-112.76 3.2746346
-112.75 3.2745629
-112.74 3.2744912
-112.73 3.2743956
-112.72 3.2743239
-112.71 3.2742522
-112.7 3.2741805
-112.69 3.2740849
-112.68 3.2740132
-112.67 3.2739415
-112.66 3.2738698
-112.65 3.2737742
-112.64 3.2737025
-112.63 3.2736308
-112.62 3.2735591
-112.61 3.2734635
-112.6 3.2733918
-112.59 3.2733201
-112.58 3.2732484
-112.57 3.2731767
-112.56 3.2730811
-112.55 3.2730094
-112.54 3.2729377
-112.53 3.272866
-112.52 3.2727704
-112.51 3.2726987
-112.5 3.272627
-112.49 3.2725553
-112.48 3.2724597
-112.47 3.272388
-112.46 3.2723163
-112.45 3.2722446
-112.44 3.2721729
-112.43 3.2720773
-112.42 3.2720056
-112.41 3.2719339
-112.4 3.2718622
-112.39 3.2717666
-112.38 3.2716949
-112.37 3.2716232
-112.36 3.2715515
-112.35 3.2714798
-112.34 3.2713842
-112.33 3.2713125
-112.32 3.2712408
-112.31 3.2711691
-112.3 3.2710974
-112.29 3.2710018
-112.28 3.2709301
-112.27 3.2708584
-112.26 3.2707867
-112.25 3.270715
-112.24 3.2706194
-112.23 3.2705477
-112.22 3.270476
-112.21 3.2704043
-112.2 3.2703087
-112.19 3.270237
-112.18 3.2701653
-112.17 3.2700936
-112.16 3.2700219
-112.15 3.2699263
-112.14 3.2698546
-112.13 3.2697829
-112.12 3.2697112
-112.11 3.2696395
-112.1 3.2695678
-112.09 3.2694722
-112.08 3.2694005
-112.07 3.2693288
-112.06 3.2692571
-112.05 3.2691854
-112.04 3.2690898
-112.03 3.2690181
-112.02 3.2689464
-112.01 3.2688747
-112.0 3.268803
-111.99 3.2687074
-111.98 3.2686357
-111.97 3.268564
-111.96 3.2684923
-111.95 3.2684206
-111.94 3.2683489
-111.93 3.2682533
-111.92 3.2681816
-111.91 3.2681099
-111.9 3.2680382
-111.89 3.2679665
-111.88 3.2678709
-111.87 3.2677992
-111.86 3.2677275
-111.85 3.2676558
-111.84 3.2675841
-111.83 3.2675124
-111.82 3.2674168
-111.81 3.2673451
-111.8 3.2672734
-111.79 3.2672017
-111.78 3.26713
-111.77 3.2670583
-111.76 3.2669627
-111.75 3.266891
-111.74 3.2668193
-111.73 3.2667476
-111.72 3.2666759
-111.71 3.2666042
-111.7 3.2665086
-111.69 3.2664369
-111.68 3.2663652
-111.67 3.2662935
-111.66 3.2662218
-111.65 3.2661501
-111.64 3.2660545
-111.63 3.2659828
-111.62 3.2659111
-111.61 3.2658394
-111.6 3.2657677
-111.59 3.265696
-111.58 3.2656243
-111.57 3.2655287
-111.56 3.265457
-111.55 3.2653853
-111.54 3.2653136
-111.53 3.2652419
-111.52 3.2651702
-111.51 3.2650746
-111.5 3.2650029
-111.49 3.2649312
-111.48 3.2648595
-111.47 3.2647878
-111.46 3.2647161
-111.45 3.2646444
-111.44 3.2645488
-111.43 3.2644771
-111.42 3.2644054
-111.41 3.2643337
-111.4 3.264262
-111.39 3.2641903
-111.38 3.2641186
-111.37 3.264023
-111.36 3.2639513
-111.35 3.2638796
-111.34 3.2638079
-111.33 3.2637362
-111.32 3.2636645
-111.31 3.2635928
-111.3 3.2635211
-111.29 3.2634255
-111.28 3.2633538
-111.27 3.2632821
-111.26 3.2632104
-111.25 3.2631387
-111.24 3.263067
-111.23 3.2629953
-111.22 3.2629236
-111.21 3.262828
-111.2 3.2627563
-111.19 3.2626846
-111.18 3.2626129
-111.17 3.2625412
-111.16 3.2624695
-111.15 3.2623978
-111.14 3.2623261
-111.13 3.2622305
-111.12 3.2621588
-111.11 3.2620871
-111.1 3.2620154
-111.09 3.2619437
-111.08 3.261872
-111.07 3.2618003
-111.06 3.2617286
-111.05 3.2616569
-111.04 3.2615613
-111.03 3.2614896
-111.02 3.2614179
-111.01 3.2613462
-111.0 3.2612745
-110.99 3.2612028
-110.98 3.2611311
-110.97 3.2610594
-110.96 3.2609877
-110.95 3.260916
-110.94 3.2608204
-110.93 3.2607487
-110.92 3.260677
-110.91 3.2606053
-110.9 3.2605336
-110.89 3.2604619
-110.88 3.2603902
-110.87 3.2603185
-110.86 3.2602468
-110.85 3.2601751
-110.84 3.2601034
-110.83 3.2600078
-110.82 3.2599361
-110.81 3.2598644
-110.8 3.2597927
-110.79 3.259721
-110.78 3.2596493
-110.77 3.2595776
-110.76 3.2595059
-110.75 3.2594342
-110.74 3.2593625
-110.73 3.2592908
-110.72 3.2591952
-110.71 3.2591235
-110.7 3.2590518
-110.69 3.2589801
-110.68 3.2589084
-110.67 3.2588367
-110.66 3.258765
-110.65 3.2586933
-110.64 3.2586216
-110.63 3.2585499
-110.62 3.2584782
-110.61 3.2584065
-110.6 3.2583348
-110.59 3.2582631
-110.58 3.2581675
-110.57 3.2580958
-110.56 3.2580241
-110.55 3.2579524
-110.54 3.2578807
-110.53 3.257809
-110.52 3.2577373
-110.51 3.2576656
-110.5 3.2575939
-110.49 3.2575222
-110.48 3.2574505
-110.47 3.2573788
-110.46 3.2573071
-110.45 3.2572354
-110.44 3.2571637
-110.43 3.257092
-110.42 3.2569964
-110.41 3.2569247
-110.4 3.256853
-110.39 3.2567813
-110.38 3.2567096
-110.37 3.2566379
-110.36 3.2565662
-110.35 3.2564945
-110.34 3.2564228
-110.33 3.2563511
-110.32 3.2562794
-110.31 3.2562077
-110.3 3.256136
-110.29 3.2560643
-110.28 3.2559926
-110.27 3.2559209
-110.26 3.2558492
-110.25 3.2557775
-110.24 3.2557058
-110.23 3.2556341
-110.22 3.2555624
-110.21 3.2554668
-110.2 3.2553951
-110.19 3.2553234
-110.18 3.2552517
-110.17 3.25518
-110.16 3.2551083
-110.15 3.2550366
-110.14 3.2549649
-110.13 3.2548932
-110.12 3.2548215
-110.11 3.2547498
-110.1 3.2546781
-110.09 3.2546064
-110.08 3.2545347
-110.07 3.254463
-110.06 3.2543913
-110.05 3.2543196
-110.04 3.2542479
-110.03 3.2541762
-110.02 3.2541045
-110.01 3.2540328
-110.0 3.2539611
-109.99 3.2538894
-109.98 3.2538177
-109.97 3.253746
-109.96 3.2536743
-109.95 3.2536026
-109.94 3.2535309
-109.93 3.2534592
-109.92 3.2533875
-109.91 3.2533158
-109.9 3.2532441
-109.89 3.2531724
-109.88 3.2531007
-109.87 3.253029
-109.86 3.2529573
-109.85 3.2528856
-109.84 3.2528139
-109.83 3.2527422
-109.82 3.2526705
-109.81 3.2525988
-109.8 3.2525271
-109.79 3.2524554
-109.78 3.2523837
-109.77 3.252312
-109.76 3.2522403
-109.75 3.2521686
-109.74 3.2520969
-109.73 3.2520252
-109.72 3.2519535
-109.71 3.2518818
-109.7 3.2518101
-109.69 3.2517384
-109.68 3.2516667
-109.67 3.251595
-109.66 3.2515233
-109.65 3.2514516
-109.64 3.2513799
-109.63 3.2513082
-109.62 3.2512365
-109.61 3.2511648
-109.6 3.2510931
-109.59 3.2510214
-109.58 3.2509497
-109.57 3.250878
-109.56 3.2508063
-109.55 3.2507346
-109.54 3.2506629
-109.53 3.2505912
-109.52 3.2505195
-109.51 3.2504478
-109.5 3.2503761
-109.49 3.2503044
-109.48 3.2502327
-109.47 3.250161
-109.46 3.2500893
-109.45 3.2500176
-109.44 3.2499459
-109.43 3.2498742
-109.42 3.2498025
-109.41 3.2497308
-109.4 3.2496591
-109.39 3.2495874
-109.38 3.2495157
-109.37 3.249444
-109.36 3.2493962
-109.35 3.2493245
-109.34 3.2492528
-109.33 3.2491811
-109.32 3.2491094
-109.31 3.2490377
-109.3 3.248966
-109.29 3.2488943
-109.28 3.2488226
-109.27 3.2487509
-109.26 3.2486792
-109.25 3.2486075
-109.24 3.2485358
-109.23 3.2484641
-109.22 3.2483924
-109.21 3.2483207
-109.2 3.248249
-109.19 3.2481773
-109.18 3.2481056
-109.17 3.2480339
-109.16 3.2479622
-109.15 3.2479144
-109.14 3.2478427
-109.13 3.247771
-109.12 3.2476993
-109.11 3.2476276
-109.1 3.2475559
-109.09 3.2474842
-109.08 3.2474125
-109.07 3.2473408
-109.06 3.2472691
-109.05 3.2471974
-109.04 3.2471257
-109.03 3.247054
-109.02 3.2469823
-109.01 3.2469106
-109.0 3.2468389
-108.99 3.2467911
-108.98 3.2467194
-108.97 3.2466477
-108.96 3.246576
-108.95 3.2465043
-108.94 3.2464326
-108.93 3.2463609
-108.92 3.2462892
-108.91 3.2462175
-108.9 3.2461458
-108.89 3.2460741
-108.88 3.2460024
-108.87 3.2459307
-108.86 3.2458829
-108.85 3.2458112
-108.84 3.2457395
-108.83 3.2456678
-108.82 3.2455961
-108.81 3.2455244
-108.8 3.2454527
-108.79 3.245381
-108.78 3.2453093
-108.77 3.2452376
-108.76 3.2451659
-108.75 3.2451181
-108.74 3.2450464
-108.73 3.2449747
-108.72 3.244903
-108.71 3.2448313
-108.7 3.2447596
-108.69 3.2446879
-108.68 3.2446162
-108.67 3.2445445
-108.66 3.2444728
-108.65 3.2444011
-108.64 3.2443533
-108.63 3.2442816
-108.62 3.2442099
-108.61 3.2441382
-108.6 3.2440665
-108.59 3.2439948
-108.58 3.2439231
-108.57 3.2438514
-108.56 3.2437797
-108.55 3.2437319
-108.54 3.2436602
-108.53 3.2435885
-108.52 3.2435168
-108.51 3.2434451
-108.5 3.2433734
-108.49 3.2433017
-108.48 3.24323
-108.47 3.2431583
-108.46 3.2431105
-108.45 3.2430388
-108.44 3.2429671
-108.43 3.2428954
-108.42 3.2428237
-108.41 3.242752
-108.4 3.2426803
-108.39 3.2426086
-108.38 3.2425608
-108.37 3.2424891
-108.36 3.2424174
-108.35 3.2423457
-108.34 3.242274
-108.33 3.2422023
-108.32 3.2421306
-108.31 3.2420589
-108.3 3.2420111
-108.29 3.2419394
-108.28 3.2418677
-108.27 3.241796
-108.26 3.2417243
-108.25 3.2416526
-108.24 3.2415809
-108.23 3.2415331
-108.22 3.2414614
-108.21 3.2413897
-108.2 3.241318
-108.19 3.2412463
-108.18 3.2411746
-108.17 3.2411029
-108.16 3.2410551
-108.15 3.2409834
-108.14 3.2409117
-108.13 3.24084
-108.12 3.2407683
-108.11 3.2406966
-108.1 3.2406488
-108.09 3.2405771
-108.08 3.2405054
-108.07 3.2404337
-108.06 3.240362
-108.05 3.2402903
-108.04 3.2402186
-108.03 3.2401708
-108.02 3.2400991
-108.01 3.2400274
-108.0 3.2399557
-107.99 3.239884
-107.98 3.2398123
-107.97 3.2397645
-107.96 3.2396928
-107.95 3.2396211
-107.94 3.2395494
-107.93 3.2394777
-107.92 3.239406
-107.91 3.2393582
-107.9 3.2392865
-107.89 3.2392148
-107.88 3.2391431
-107.87 3.2390714
-107.86 3.2389997
-107.85 3.2389519
-107.84 3.2388802
-107.83 3.2388085
-107.82 3.2387368
-107.81 3.2386651
-107.8 3.2386173
-107.79 3.2385456
-107.78 3.2384739
-107.77 3.2384022
-107.76 3.2383305
-107.75 3.2382588
-107.74 3.238211
-107.73 3.2381393
-107.72 3.2380676
-107.71 3.2379959
-107.7 3.2379242
-107.69 3.2378764
-107.68 3.2378047
-107.67 3.237733
-107.66 3.2376613
-107.65 3.2375896
-107.64 3.2375418
-107.63 3.2374701
-107.62 3.2373984
-107.61 3.2373267
-107.6 3.237255
-107.59 3.2372072
-107.58 3.2371355
-107.57 3.2370638
-107.56 3.2369921
-107.55 3.2369204
-107.54 3.2368726
-107.53 3.2368009
-107.52 3.2367292
-107.51 3.2366575
-107.5 3.2365858
-107.49 3.236538
-107.48 3.2364663
-107.47 3.2363946
-107.46 3.2363229
-107.45 3.2362751
-107.44 3.2362034
-107.43 3.2361317
-107.42 3.23606
-107.41 3.2359883
-107.4 3.2359405
-107.39 3.2358688
-107.38 3.2357971
-107.37 3.2357254
-107.36 3.2356776
-107.35 3.2356059
-107.34 3.2355342
-107.33 3.2354625
-107.32 3.2353908
-107.31 3.235343
-107.3 3.2352713
-107.29 3.2351996
-107.28 3.2351279
-107.27 3.2350801
-107.26 3.2350084
-107.25 3.2349367
-107.24 3.234865
-107.23 3.2348172
-107.22 3.2347455
-107.21 3.2346738
-107.2 3.2346021
-107.19 3.2345304
-107.18 3.2344826
-107.17 3.2344109
-107.16 3.2343392
-107.15 3.2342675
-107.14 3.2342197
-107.13 3.234148
-107.12 3.2340763
-107.11 3.2340046
-107.1 3.2339568
-107.09 3.2338851
-107.08 3.2338134
-107.07 3.2337417
-107.06 3.2336939
-107.05 3.2336222
-107.04 3.2335505
-107.03 3.2334788
-107.02 3.233431
-107.01 3.2333593
-107.0 3.2332876
-106.99 3.2332398
-106.98 3.2331681
-106.97 3.2330964
-106.96 3.2330247
-106.95 3.2329769
-106.94 3.2329052
-106.93 3.2328335
-106.92 3.2327618
-106.91 3.232714
-106.9 3.2326423
-106.89 3.2325706
-106.88 3.2324989
-106.87 3.2324511
-106.86 3.2323794
-106.85 3.2323077
-106.84 3.2322599
-106.83 3.2321882
-106.82 3.2321165
-106.81 3.2320448
-106.8 3.231997
-106.79 3.2319253
-106.78 3.2318536
-106.77 3.2318058
-106.76 3.2317341
-106.75 3.2316624
-106.74 3.2315907
-106.73 3.2315429
-106.72 3.2314712
-106.71 3.2313995
-106.7 3.2313517
-106.69 3.23128
-106.68 3.2312083
-106.67 3.2311366
-106.66 3.2310888
-106.65 3.2310171
-106.64 3.2309454
-106.63 3.2308976
-106.62 3.2308259
-106.61 3.2307542
-106.6 3.2306825
-106.59 3.2306347
-106.58 3.230563
-106.57 3.2304913
-106.56 3.2304435
-106.55 3.2303718
-106.54 3.2303001
-106.53 3.2302523
-106.52 3.2301806
-106.51 3.2301089
-106.5 3.2300611
-106.49 3.2299894
-106.48 3.2299177
-106.47 3.229846
-106.46 3.2297982
-106.45 3.2297265
-106.44 3.2296548
-106.43 3.229607
-106.42 3.2295353
-106.41 3.2294636
-106.4 3.2294158
-106.39 3.2293441
-106.38 3.2292724
-106.37 3.2292246
-106.36 3.2291529
-106.35 3.2290812
-106.34 3.2290334
-106.33 3.2289617
-106.32 3.22889
-106.31 3.2288422
-106.3 3.2287705
-106.29 3.2286988
-106.28 3.228651
-106.27 3.2285793
-106.26 3.2285076
-106.25 3.2284598
-106.24 3.2283881
-106.23 3.2283164
-106.22 3.2282686
-106.21 3.2281969
-106.2 3.2281252
-106.19 3.2280774
-106.18 3.2280057
-106.17 3.227934
-106.16 3.2278862
-106.15 3.2278145
-106.14 3.2277428
-106.13 3.227695
-106.12 3.2276233
-106.11 3.2275516
-106.1 3.2275038
-106.09 3.2274321
-106.08 3.2273604
-106.07 3.2273126
-106.06 3.2272409
-106.05 3.2271931
-106.04 3.2271214
-106.03 3.2270497
-106.02 3.2270019
-106.01 3.2269302
-106.0 3.2268585
-105.99 3.2268107
-105.98 3.226739
-105.97 3.2266673
-105.96 3.2266195
-105.95 3.2265478
-105.94 3.2265
-105.93 3.2264283
-105.92 3.2263566
-105.91 3.2263088
-105.9 3.2262371
-105.89 3.2261654
-105.88 3.2261176
-105.87 3.2260459
-105.86 3.2259981
-105.85 3.2259264
-105.84 3.2258547
-105.83 3.2258069
-105.82 3.2257352
-105.81 3.2256635
-105.8 3.2256157
-105.79 3.225544
-105.78 3.2254962
-105.77 3.2254245
-105.76 3.2253528
-105.75 3.225305
-105.74 3.2252333
-105.73 3.2251855
-105.72 3.2251138
-105.71 3.2250421
-105.7 3.2249943
-105.69 3.2249226
-105.68 3.2248509
-105.67 3.2248031
-105.66 3.2247314
-105.65 3.2246836
-105.64 3.2246119
-105.63 3.2245402
-105.62 3.2244924
-105.61 3.2244207
-105.6 3.2243729
-105.59 3.2243012
-105.58 3.2242534
-105.57 3.2241817
-105.56 3.22411
-105.55 3.2240622
-105.54 3.2239905
-105.53 3.2239427
-105.52 3.223871
-105.51 3.2237993
-105.5 3.2237515
-105.49 3.2236798
-105.48 3.223632
-105.47 3.2235603
-105.46 3.2234886
-105.45 3.2234408
-105.44 3.2233691
-105.43 3.2233213
-105.42 3.2232496
-105.41 3.2232018
-105.4 3.2231301
-105.39 3.2230584
-105.38 3.2230106
-105.37 3.2229389
-105.36 3.2228911
-105.35 3.2228194
-105.34 3.2227716
-105.33 3.2226999
-105.32 3.2226282
-105.31 3.2225804
-105.3 3.2225087
-105.29 3.2224609
-105.28 3.2223892
-105.27 3.2223414
-105.26 3.2222697
-105.25 3.2222219
-105.24 3.2221502
-105.23 3.2220785
-105.22 3.2220307
-105.21 3.221959
-105.2 3.2219112
-105.19 3.2218395
-105.18 3.2217917
-105.17 3.22172
-105.16 3.2216722
-105.15 3.2216005
-105.14 3.2215288
-105.13 3.221481
-105.12 3.2214093
-105.11 3.2213615
-105.1 3.2212898
-105.09 3.221242
-105.08 3.2211703
-105.07 3.2211225
-105.06 3.2210508
-105.05 3.221003
-105.04 3.2209313
-105.03 3.2208835
-105.02 3.2208118
-105.01 3.2207401
-105.0 3.2206923
-104.99 3.2206206
-104.98 3.2205728
-104.97 3.2205011
-104.96 3.2204533
-104.95 3.2203816
-104.94 3.2203338
-104.93 3.2202621
-104.92 3.2202143
-104.91 3.2201426
-104.9 3.2200948
-104.89 3.2200231
-104.88 3.2199753
-104.87 3.2199036
-104.86 3.2198558
-104.85 3.2197841
-104.84 3.2197363
-104.83 3.2196646
-104.82 3.2196168
-104.81 3.2195451
-104.8 3.2194973
-104.79 3.2194256
-104.78 3.2193778
-104.77 3.2193061
-104.76 3.2192583
-104.75 3.2191866
-104.74 3.2191388
-104.73 3.2190671
-104.72 3.2190193
-104.71 3.2189476
-104.7 3.2188998
-104.69 3.2188281
-104.68 3.2187803
-104.67 3.2187086
-104.66 3.2186608
-104.65 3.2185891
-104.64 3.2185413
-104.63 3.2184696
-104.62 3.2184218
-104.61 3.2183501
-104.6 3.2183023
-104.59 3.2182306
-104.58 3.2181828
-104.57 3.2181111
-104.56 3.2180633
-104.55 3.2179916
-104.54 3.2179438
-104.53 3.2178721
-104.52 3.2178243
-104.51 3.2177526
-104.5 3.2177048
-104.49 3.2176331
-104.48 3.2175853
-104.47 3.2175136
-104.46 3.2174658
-104.45 3.2173941
-104.44 3.2173463
-104.43 3.2172746
-104.42 3.2172268
-104.41 3.217179
-104.4 3.2171073
-104.39 3.2170595
-104.38 3.2169878
-104.37 3.21694
-104.36 3.2168683
-104.35 3.2168205
-104.34 3.2167488
-104.33 3.216701
-104.32 3.2166293
-104.31 3.2165815
-104.3 3.2165337
-104.29 3.216462
-104.28 3.2164142
-104.27 3.2163425
-104.26 3.2162947
-104.25 3.216223
-104.24 3.2161752
-104.23 3.2161035
-104.22 3.2160557
-104.21 3.215984
-104.2 3.2159362
-104.19 3.2158884
-104.18 3.2158167
-104.17 3.2157689
-104.16 3.2156972
-104.15 3.2156494
-104.14 3.2155777
-104.13 3.2155299
-104.12 3.2154821
-104.11 3.2154104
-104.1 3.2153626
-104.09 3.2152909
-104.08 3.2152431
-104.07 3.2151714
-104.06 3.2151236
-104.05 3.2150758
-104.04 3.2150041
-104.03 3.2149563
-104.02 3.2148846
-104.01 3.2148368
-104.0 3.2147651
-103.99 3.2147173
-103.98 3.2146695
-103.97 3.2145978
-103.96 3.21455
-103.95 3.2144783
-103.94 3.2144305
-103.93 3.2143827
-103.92 3.214311
-103.91 3.2142632
-103.9 3.2141915
-103.89 3.2141437
-103.88 3.2140959
-103.87 3.2140242
-103.86 3.2139764
-103.85 3.2139047
-103.84 3.2138569
-103.83 3.2138091
-103.82 3.2137374
-103.81 3.2136896
-103.8 3.2136179
-103.79 3.2135701
-103.78 3.2135223
-103.77 3.2134506
-103.76 3.2134028
-103.75 3.2133311
-103.74 3.2132833
-103.73 3.2132355
-103.72 3.2131638
-103.71 3.213116
-103.7 3.2130443
-103.69 3.2129965
-103.68 3.2129487
-103.67 3.212877
-103.66 3.2128292
-103.65 3.2127814
-103.64 3.2127097
-103.63 3.2126619
-103.62 3.2125902
-103.61 3.2125424
-103.6 3.2124946
-103.59 3.2124229
-103.58 3.2123751
-103.57 3.2123273
-103.56 3.2122556
-103.55 3.2122078
-103.54 3.2121361
-103.53 3.2120883
-103.52 3.2120405
-103.51 3.2119688
-103.5 3.211921
-103.49 3.2118732
-103.48 3.2118015
-103.47 3.2117537
-103.46 3.2117059
-103.45 3.2116342
-103.44 3.2115864
-103.43 3.2115386
-103.42 3.2114669
-103.41 3.2114191
-103.4 3.2113474
-103.39 3.2112996
-103.38 3.2112518
-103.37 3.2111801
-103.36 3.2111323
-103.35 3.2110845
-103.34 3.2110128
-103.33 3.210965
-103.32 3.2109172
-103.31 3.2108455
-103.3 3.2107977
-103.29 3.2107499
-103.28 3.2106782
-103.27 3.2106304
-103.26 3.2105826
-103.25 3.2105109
-103.24 3.2104631
-103.23 3.2104153
-103.22 3.2103436
-103.21 3.2102958
-103.2 3.210248
-103.19 3.2101763
-103.18 3.2101285
-103.17 3.2100807
-103.16 3.210009
-103.15 3.2099612
-103.14 3.2099134
-103.13 3.2098656
-103.12 3.2097939
-103.11 3.2097461
-103.1 3.2096983
-103.09 3.2096266
-103.08 3.2095788
-103.07 3.209531
-103.06 3.2094593
-103.05 3.2094115
-103.04 3.2093637
-103.03 3.209292
-103.02 3.2092442
-103.01 3.2091964
-103.0 3.2091486
-102.99 3.2090769
-102.98 3.2090291
-102.97 3.2089813
-102.96 3.2089096
-102.95 3.2088618
-102.94 3.208814
-102.93 3.2087423
-102.92 3.2086945
-102.91 3.2086467
-102.9 3.2085989
-102.89 3.2085272
-102.88 3.2084794
-102.87 3.2084316
-102.86 3.2083599
-102.85 3.2083121
-102.84 3.2082643
-102.83 3.2082165
-102.82 3.2081448
-102.81 3.208097
-102.8 3.2080492
-102.79 3.2079775
-102.78 3.2079297
-102.77 3.2078819
-102.76 3.2078341
-102.75 3.2077624
-102.74 3.2077146
-102.73 3.2076668
-102.72 3.207619
-102.71 3.2075473
-102.7 3.2074995
-102.69 3.2074517
-102.68 3.2074039
-102.67 3.2073322
-102.66 3.2072844
-102.65 3.2072366
-102.64 3.2071888
-102.63 3.2071171
-102.62 3.2070693
-102.61 3.2070215
-102.6 3.2069498
-102.59 3.206902
-102.58 3.2068542
-102.57 3.2068064
-102.56 3.2067586
-102.55 3.2066869
-102.54 3.2066391
-102.53 3.2065913
-102.52 3.2065435
-102.51 3.2064718
-102.5 3.206424
-102.49 3.2063762
-102.48 3.2063284
-102.47 3.2062567
-102.46 3.2062089
-102.45 3.2061611
-102.44 3.2061133
-102.43 3.2060416
-102.42 3.2059938
-102.41 3.205946
-102.4 3.2058982
-102.39 3.2058265
-102.38 3.2057787
-102.37 3.2057309
-102.36 3.2056831
-102.35 3.2056353
-102.34 3.2055636
-102.33 3.2055158
-102.32 3.205468
-102.31 3.2054202
-102.3 3.2053724
-102.29 3.2053007
-102.28 3.2052529
-102.27 3.2052051
-102.26 3.2051573
-102.25 3.2050856
-102.24 3.2050378
-102.23 3.20499
-102.22 3.2049422
-102.21 3.2048944
-102.2 3.2048227
-102.19 3.2047749
-102.18 3.2047271
-102.17 3.2046793
-102.16 3.2046315
-102.15 3.2045598
-102.14 3.204512
-102.13 3.2044642
-102.12 3.2044164
-102.11 3.2043686
-102.1 3.2042969
-102.09 3.2042491
-102.08 3.2042013
-102.07 3.2041535
-102.06 3.2041057
-102.05 3.2040579
-102.04 3.2039862
-102.03 3.2039384
-102.02 3.2038906
-102.01 3.2038428
-102.0 3.203795
-101.99 3.2037233
-101.98 3.2036755
-101.97 3.2036277
-101.96 3.2035799
-101.95 3.2035321
-101.94 3.2034843
-101.93 3.2034126
-101.92 3.2033648
-101.91 3.203317
-101.9 3.2032692
-101.89 3.2032214
-101.88 3.2031736
-101.87 3.2031019
-101.86 3.2030541
-101.85 3.2030063
-101.84 3.2029585
-101.83 3.2029107
-101.82 3.2028629
-101.81 3.2028151
-101.8 3.2027434
-101.79 3.2026956
-101.78 3.2026478
-101.77 3.2026
-101.76 3.2025522
-101.75 3.2025044
-101.74 3.2024566
-101.73 3.2023849
-101.72 3.2023371
-101.71 3.2022893
-101.7 3.2022415
-101.69 3.2021937
-101.68 3.2021459
-101.67 3.2020981
-101.66 3.2020264
-101.65 3.2019786
-101.64 3.2019308
-101.63 3.201883
-101.62 3.2018352
-101.61 3.2017874
-101.6 3.2017396
-101.59 3.2016918
-101.58 3.2016201
-101.57 3.2015723
-101.56 3.2015245
-101.55 3.2014767
-101.54 3.2014289
-101.53 3.2013811
-101.52 3.2013333
-101.51 3.2012855
-101.5 3.2012138
-101.49 3.201166
-101.48 3.2011182
-101.47 3.2010704
-101.46 3.2010226
-101.45 3.2009748
-101.44 3.200927
-101.43 3.2008792
-101.42 3.2008314
-101.41 3.2007597
-101.4 3.2007119
-101.39 3.2006641
-101.38 3.2006163
-101.37 3.2005685
-101.36 3.2005207
-101.35 3.2004729
-101.34 3.2004251
-101.33 3.2003773
-101.32 3.2003295
-101.31 3.2002817
-101.3 3.20021
-101.29 3.2001622
-101.28 3.2001144
-101.27 3.2000666
-101.26 3.2000188
-101.25 3.199971
-101.24 3.1999232
-101.23 3.1998754
-101.22 3.1998276
-101.21 3.1997798
-101.2 3.199732
-101.19 3.1996842
-101.18 3.1996364
-101.17 3.1995647
-101.16 3.1995169
-101.15 3.1994691
-101.14 3.1994213
-101.13 3.1993735
-101.12 3.1993257
-101.11 3.1992779
-101.1 3.1992301
-101.09 3.1991823
-101.08 3.1991345
-101.07 3.1990867
-101.06 3.1990389
-101.05 3.1989911
-101.04 3.1989433
-101.03 3.1988955
-101.02 3.1988477
-101.01 3.1987999
-101.0 3.1987282
-100.99 3.1986804
-100.98 3.1986326
-100.97 3.1985848
-100.96 3.198537
-100.95 3.1984892
-100.94 3.1984414
-100.93 3.1983936
-100.92 3.1983458
-100.91 3.198298
-100.9 3.1982502
-100.89 3.1982024
-100.88 3.1981546
-100.87 3.1981068
-100.86 3.198059
-100.85 3.1980112
-100.84 3.1979634
-100.83 3.1979156
-100.82 3.1978678
-100.81 3.19782
-100.8 3.1977722
-100.79 3.1977244
-100.78 3.1976766
-100.77 3.1976288
-100.76 3.197581
-100.75 3.1975332
-100.74 3.1974854
-100.73 3.1974376
-100.72 3.1973898
-100.71 3.197342
-100.7 3.1972942
-100.69 3.1972464
-100.68 3.1971986
-100.67 3.1971508
-100.66 3.197103
-100.65 3.1970552
-100.64 3.1970074
-100.63 3.1969596
-100.62 3.1969118
-100.61 3.196864
-100.6 3.1968162
-100.59 3.1967684
-100.58 3.1967206
-100.57 3.1966728
-100.56 3.196625
-100.55 3.1965772
-100.54 3.1965294
-100.53 3.1964816
-100.52 3.1964338
-100.51 3.196386
-100.5 3.1963382
-100.49 3.1962904
-100.48 3.1962426
-100.47 3.1961948
-100.46 3.196147
-100.45 3.1960992
-100.44 3.1960514
-100.43 3.1960036
-100.42 3.1959558
-100.41 3.195908
-100.4 3.1958602
-100.39 3.1958124
-100.38 3.1957646
-100.37 3.1957168
-100.36 3.195669
-100.35 3.1956212
-100.34 3.1955734
-100.33 3.1955256
-100.32 3.1954778
-100.31 3.19543
-100.3 3.1954061
-100.29 3.1953583
-100.28 3.1953105
-100.27 3.1952627
-100.26 3.1952149
-100.25 3.1951671
-100.24 3.1951193
-100.23 3.1950715
-100.22 3.1950237
-100.21 3.1949759
-100.2 3.1949281
-100.19 3.1948803
-100.18 3.1948325
-100.17 3.1947847
-100.16 3.1947369
-100.15 3.1946891
-100.14 3.1946413
-100.13 3.1946174
-100.12 3.1945696
-100.11 3.1945218
-100.1 3.194474
-100.09 3.1944262
-100.08 3.1943784
-100.07 3.1943306
-100.06 3.1942828
-100.05 3.194235
-100.04 3.1941872
-100.03 3.1941394
-100.02 3.1940916
-100.01 3.1940438
-100.0 3.1940199
-99.99 3.1939721
-99.98 3.1939243
-99.97 3.1938765
-99.96 3.1938287
-99.95 3.1937809
-99.94 3.1937331
-99.93 3.1936853
-99.92 3.1936375
-99.91 3.1935897
-99.9 3.1935658
-99.89 3.193518
-99.88 3.1934702
-99.87 3.1934224
-99.86 3.1933746
-99.85 3.1933268
-99.84 3.193279
-99.83 3.1932312
-99.82 3.1931834
-99.81 3.1931595
-99.8 3.1931117
-99.79 3.1930639
-99.78 3.1930161
-99.77 3.1929683
-99.76 3.1929205
-99.75 3.1928727
-99.74 3.1928249
-99.73 3.192801
-99.72 3.1927532
-99.71 3.1927054
-99.7 3.1926576
-99.69 3.1926098
-99.68 3.192562
-99.67 3.1925142
-99.66 3.1924664
-99.65 3.1924425
-99.64 3.1923947
-99.63 3.1923469
-99.62 3.1922991
-99.61 3.1922513
-99.6 3.1922035
-99.59 3.1921557
-99.58 3.1921318
-99.57 3.192084
-99.56 3.1920362
-99.55 3.1919884
-99.54 3.1919406
-99.53 3.1918928
-99.52 3.191845
-99.51 3.1918211
-99.5 3.1917733
-99.49 3.1917255
-99.48 3.1916777
-99.47 3.1916299
-99.46 3.1915821
-99.45 3.1915582
-99.44 3.1915104
-99.43 3.1914626
-99.42 3.1914148
-99.41 3.191367
-99.4 3.1913192
-99.39 3.1912953
-99.38 3.1912475
-99.37 3.1911997
-99.36 3.1911519
-99.35 3.1911041
-99.34 3.1910802
-99.33 3.1910324
-99.32 3.1909846
-99.31 3.1909368
-99.3 3.190889
-99.29 3.1908412
-99.28 3.1908173
-99.27 3.1907695
-99.26 3.1907217
-99.25 3.1906739
-99.24 3.1906261
-99.23 3.1906022
-99.22 3.1905544
-99.21 3.1905066
-99.2 3.1904588
-99.19 3.190411
-99.18 3.1903871
-99.17 3.1903393
-99.16 3.1902915
-99.15 3.1902437
-99.14 3.1901959
-99.13 3.190172
-99.12 3.1901242
-99.11 3.1900764
-99.1 3.1900286
-99.09 3.1900047
-99.08 3.1899569
-99.07 3.1899091
-99.06 3.1898613
-99.05 3.1898135
-99.04 3.1897896
-99.03 3.1897418
-99.02 3.189694
-99.01 3.1896462
-99.0 3.1896223
-98.99 3.1895745
-98.98 3.1895267
-98.97 3.1894789
-98.96 3.189455
-98.95 3.1894072
-98.94 3.1893594
-98.93 3.1893116
-98.92 3.1892638
-98.91 3.1892399
-98.9 3.1891921
-98.89 3.1891443
-98.88 3.1890965
-98.87 3.1890726
-98.86 3.1890248
-98.85 3.188977
-98.84 3.1889292
-98.83 3.1889053
-98.82 3.1888575
-98.81 3.1888097
-98.8 3.1887619
-98.79 3.188738
-98.78 3.1886902
-98.77 3.1886424
-98.76 3.1886185
-98.75 3.1885707
-98.74 3.1885229
-98.73 3.1884751
-98.72 3.1884512
-98.71 3.1884034
-98.7 3.1883556
-98.69 3.1883078
-98.68 3.1882839
-98.67 3.1882361
-98.66 3.1881883
-98.65 3.1881644
-98.64 3.1881166
-98.63 3.1880688
-98.62 3.188021
-98.61 3.1879971
-98.6 3.1879493
-98.59 3.1879015
-98.58 3.1878776
-98.57 3.1878298
-98.56 3.187782
-98.55 3.1877342
-98.54 3.1877103
-98.53 3.1876625
-98.52 3.1876147
-98.51 3.1875908
-98.5 3.187543
-98.49 3.1874952
-98.48 3.1874713
-98.47 3.1874235
-98.46 3.1873757
-98.45 3.1873279
-98.44 3.187304
-98.43 3.1872562
-98.42 3.1872084
-98.41 3.1871845
-98.4 3.1871367
-98.39 3.1870889
-98.38 3.187065
-98.37 3.1870172
-98.36 3.1869694
-98.35 3.1869455
-98.34 3.1868977
-98.33 3.1868499
-98.32 3.186826
-98.31 3.1867782
-98.3 3.1867304
-98.29 3.1867065
-98.28 3.1866587
-98.27 3.1866109
-98.26 3.186587
-98.25 3.1865392
-98.24 3.1864914
-98.23 3.1864675
-98.22 3.1864197
-98.21 3.1863719
-98.2 3.186348
-98.19 3.1863002
-98.18 3.1862524
-98.17 3.1862285
-98.16 3.1861807
-98.15 3.1861568
-98.14 3.186109
-98.13 3.1860612
-98.12 3.1860373
-98.11 3.1859895
-98.1 3.1859417
-98.09 3.1859178
-98.08 3.18587
-98.07 3.1858222
-98.06 3.1857983
-98.05 3.1857505
-98.04 3.1857266
-98.03 3.1856788
-98.02 3.185631
-98.01 3.1856071
-98.0 3.1855593
-97.99 3.1855115
-97.98 3.1854876
-97.97 3.1854398
-97.96 3.1854159
-97.95 3.1853681
-97.94 3.1853203
-97.93 3.1852964
-97.92 3.1852486
-97.91 3.1852247
-97.9 3.1851769
-97.89 3.1851291
-97.88 3.1851052
-97.87 3.1850574
-97.86 3.1850335
-97.85 3.1849857
-97.84 3.1849379
-97.83 3.184914
-97.82 3.1848662
-97.81 3.1848423
-97.8 3.1847945
-97.79 3.1847467
-97.78 3.1847228
-97.77 3.184675
-97.76 3.1846511
-97.75 3.1846033
-97.74 3.1845555
-97.73 3.1845316
-97.72 3.1844838
-97.71 3.1844599
-97.7 3.1844121
-97.69 3.1843882
-97.68 3.1843404
-97.67 3.1842926
-97.66 3.1842687
-97.65 3.1842209
-97.64 3.184197
-97.63 3.1841492
-97.62 3.1841253
-97.61 3.1840775
-97.6 3.1840297
-97.59 3.1840058
-97.58 3.183958
-97.57 3.1839341
-97.56 3.1838863
-97.55 3.1838624
-97.54 3.1838146
-97.53 3.1837907
-97.52 3.1837429
-97.51 3.1836951
-97.5 3.1836712
-97.49 3.1836234
-97.48 3.1835995
-97.47 3.1835517
-97.46 3.1835278
-97.45 3.18348
-97.44 3.1834561
-97.43 3.1834083
-97.42 3.1833844
-97.41 3.1833366
-97.4 3.1833127
-97.39 3.1832649
-97.38 3.183241
-97.37 3.1831932
-97.36 3.1831454
-97.35 3.1831215
-97.34 3.1830737
-97.33 3.1830498
-97.32 3.183002
-97.31 3.1829781
-97.3 3.1829303
-97.29 3.1829064
-97.28 3.1828586
-97.27 3.1828347
-97.26 3.1827869
-97.25 3.182763
-97.24 3.1827152
-97.23 3.1826913
-97.22 3.1826435
-97.21 3.1826196
-97.2 3.1825718
-97.19 3.1825479
-97.18 3.1825001
-97.17 3.1824762
-97.16 3.1824284
-97.15 3.1824045
-97.14 3.1823567
-97.13 3.1823328
-97.12 3.182285
-97.11 3.1822611
-97.1 3.1822133
-97.09 3.1821894
-97.08 3.1821416
-97.07 3.1821177
-97.06 3.1820699
-97.05 3.182046
-97.04 3.1820221
-97.03 3.1819743
-97.02 3.1819504
-97.01 3.1819026
-97.0 3.1818787
-96.99 3.1818309
-96.98 3.181807
-96.97 3.1817592
-96.96 3.1817353
-96.95 3.1816875
-96.94 3.1816636
-96.93 3.1816158
-96.92 3.1815919
-96.91 3.181568
-96.9 3.1815202
-96.89 3.1814963
-96.88 3.1814485
-96.87 3.1814246
-96.86 3.1813768
-96.85 3.1813529
-96.84 3.1813051
-96.83 3.1812812
-96.82 3.1812573
-96.81 3.1812095
-96.8 3.1811856
-96.79 3.1811378
-96.78 3.1811139
-96.77 3.1810661
-96.76 3.1810422
-96.75 3.1810183
-96.74 3.1809705
-96.73 3.1809466
-96.72 3.1808988
-96.71 3.1808749
-96.7 3.1808271
-96.69 3.1808032
-96.68 3.1807793
-96.67 3.1807315
-96.66 3.1807076
-96.65 3.1806598
-96.64 3.1806359
-96.63 3.180612
-96.62 3.1805642
-96.61 3.1805403
-96.6 3.1804925
-96.59 3.1804686
-96.58 3.1804208
-96.57 3.1803969
-96.56 3.180373
-96.55 3.1803252
-96.54 3.1803013
-96.53 3.1802774
-96.52 3.1802296
-96.51 3.1802057
-96.5 3.1801579
-96.49 3.180134
-96.48 3.1801101
-96.47 3.1800623
-96.46 3.1800384
-96.45 3.1799906
-96.44 3.1799667
-96.43 3.1799428
-96.42 3.179895
-96.41 3.1798711
-96.4 3.1798472
-96.39 3.1797994
-96.38 3.1797755
-96.37 3.1797277
-96.36 3.1797038
-96.35 3.1796799
-96.34 3.1796321
-96.33 3.1796082
-96.32 3.1795843
-96.31 3.1795365
-96.3 3.1795126
-96.29 3.1794887
-96.28 3.1794409
-96.27 3.179417
-96.26 3.1793931
-96.25 3.1793453
-96.24 3.1793214
-96.23 3.1792736
-96.22 3.1792497
-96.21 3.1792258
-96.2 3.179178
-96.19 3.1791541
-96.18 3.1791302
-96.17 3.1790824
-96.16 3.1790585
-96.15 3.1790346
-96.14 3.1789868
-96.13 3.1789629
-96.12 3.178939
-96.11 3.1788912
-96.1 3.1788673
-96.09 3.1788434
-96.08 3.1788195
-96.07 3.1787717
-96.06 3.1787478
-96.05 3.1787239
-96.04 3.1786761
-96.03 3.1786522
-96.02 3.1786283
-96.01 3.1785805
-96.0 3.1785566
-95.99 3.1785327
-95.98 3.1784849
-95.97 3.178461
-95.96 3.1784371
-95.95 3.1784132
-95.94 3.1783654
-95.93 3.1783415
-95.92 3.1783176
-95.91 3.1782698
-95.9 3.1782459
-95.89 3.178222
-95.88 3.1781742
-95.87 3.1781503
-95.86 3.1781264
-95.85 3.1781025
-95.84 3.1780547
-95.83 3.1780308
-95.82 3.1780069
-95.81 3.177983
-95.8 3.1779352
-95.79 3.1779113
-95.78 3.1778874
-95.77 3.1778396
-95.76 3.1778157
-95.75 3.1777918
-95.74 3.1777679
-95.73 3.1777201
-95.72 3.1776962
-95.71 3.1776723
-95.7 3.1776484
-95.69 3.1776006
-95.68 3.1775767
-95.67 3.1775528
-95.66 3.1775289
-95.65 3.1774811
-95.64 3.1774572
-95.63 3.1774333
-95.62 3.1774094
-95.61 3.1773616
-95.6 3.1773377
-95.59 3.1773138
-95.58 3.1772899
-95.57 3.1772421
-95.56 3.1772182
-95.55 3.1771943
-95.54 3.1771704
-95.53 3.1771226
-95.52 3.1770987
-95.51 3.1770748
-95.5 3.1770509
-95.49 3.177027
-95.48 3.1769792
-95.47 3.1769553
-95.46 3.1769314
-95.45 3.1769075
-95.44 3.1768836
-95.43 3.1768358
-95.42 3.1768119
-95.41 3.176788
-95.4 3.1767641
-95.39 3.1767163
-95.38 3.1766924
-95.37 3.1766685
-95.36 3.1766446
-95.35 3.1766207
-95.34 3.1765729
-95.33 3.176549
-95.32 3.1765251
-95.31 3.1765012
-95.3 3.1764773
-95.29 3.1764295
-95.28 3.1764056
-95.27 3.1763817
-95.26 3.1763578
-95.25 3.1763339
-95.24 3.17631
-95.23 3.1762622
-95.22 3.1762383
-95.21 3.1762144
-95.2 3.1761905
-95.19 3.1761666
-95.18 3.1761427
-95.17 3.1760949
-95.16 3.176071
-95.15 3.1760471
-95.14 3.1760232
-95.13 3.1759993
-95.12 3.1759754
-95.11 3.1759276
-95.1 3.1759037
-95.09 3.1758798
-95.08 3.1758559
-95.07 3.175832
-95.06 3.1758081
-95.05 3.1757603
-95.04 3.1757364
-95.03 3.1757125
-95.02 3.1756886
-95.01 3.1756647
-95.0 3.1756408
-94.99 3.1756169
-94.98 3.1755691
-94.97 3.1755452
-94.96 3.1755213
-94.95 3.1754974
-94.94 3.1754735
-94.93 3.1754496
-94.92 3.1754257
-94.91 3.1754018
-94.9 3.175354
-94.89 3.1753301
-94.88 3.1753062
-94.87 3.1752823
-94.86 3.1752584
-94.85 3.1752345
-94.84 3.1752106
-94.83 3.1751867
-94.82 3.1751628
-94.81 3.175115
-94.8 3.1750911
-94.79 3.1750672
-94.78 3.1750433
-94.77 3.1750194
-94.76 3.1749955
-94.75 3.1749716
-94.74 3.1749477
-94.73 3.1749238
-94.72 3.1748999
-94.71 3.1748521
-94.7 3.1748282
-94.69 3.1748043
-94.68 3.1747804
-94.67 3.1747565
-94.66 3.1747326
-94.65 3.1747087
-94.64 3.1746848
-94.63 3.1746609
-94.62 3.174637
-94.61 3.1746131
-94.6 3.1745892
-94.59 3.1745414
-94.58 3.1745175
-94.57 3.1744936
-94.56 3.1744697
-94.55 3.1744458
-94.54 3.1744219
-94.53 3.174398
-94.52 3.1743741
-94.51 3.1743502
-94.5 3.1743263
-94.49 3.1743024
-94.48 3.1742785
-94.47 3.1742546
-94.46 3.1742307
-94.45 3.1742068
-94.44 3.1741829
-94.43 3.174159
-94.42 3.1741351
-94.41 3.1741112
-94.4 3.1740634
-94.39 3.1740395
-94.38 3.1740156
-94.37 3.1739917
-94.36 3.1739678
-94.35 3.1739439
-94.34 3.17392
-94.33 3.1738961
-94.32 3.1738722
-94.31 3.1738483
-94.3 3.1738244
-94.29 3.1738005
-94.28 3.1737766
-94.27 3.1737527
-94.26 3.1737288
-94.25 3.1737049
-94.24 3.173681
-94.23 3.1736571
-94.22 3.1736332
-94.21 3.1736093
-94.2 3.1735854
-94.19 3.1735615
-94.18 3.1735376
-94.17 3.1735137
-94.16 3.1734898
-94.15 3.1734659
-94.14 3.173442
-94.13 3.1734181
-94.12 3.1733942
-94.11 3.1733703
-94.1 3.1733464
-94.09 3.1733225
-94.08 3.1732986
-94.07 3.1732747
-94.06 3.1732508
-94.05 3.1732269
-94.04 3.173203
-94.03 3.1731791
-94.02 3.1731552
-94.01 3.1731313
-94.0 3.1731074
-93.99 3.1730835
-93.98 3.1730596
-93.97 3.1730596
-93.96 3.1730357
-93.95 3.1730118
-93.94 3.1729879
-93.93 3.172964
-93.92 3.1729401
-93.91 3.1729162
-93.9 3.1728923
-93.89 3.1728684
-93.88 3.1728445
-93.87 3.1728206
-93.86 3.1727967
-93.85 3.1727728
-93.84 3.1727489
-93.83 3.172725
-93.82 3.1727011
-93.81 3.1726772
-93.8 3.1726533
-93.79 3.1726533
-93.78 3.1726294
-93.77 3.1726055
-93.76 3.1725816
-93.75 3.1725577
-93.74 3.1725338
-93.73 3.1725099
-93.72 3.172486
-93.71 3.1724621
-93.7 3.1724382
-93.69 3.1724143
-93.68 3.1723904
-93.67 3.1723665
-93.66 3.1723665
-93.65 3.1723426
-93.64 3.1723187
-93.63 3.1722948
-93.62 3.1722709
-93.61 3.172247
-93.6 3.1722231
-93.59 3.1721992
-93.58 3.1721753
-93.57 3.1721753
-93.56 3.1721514
-93.55 3.1721275
-93.54 3.1721036
-93.53 3.1720797
-93.52 3.1720558
-93.51 3.1720319
-93.5 3.172008
-93.49 3.1719841
-93.48 3.1719841
-93.47 3.1719602
-93.46 3.1719363
-93.45 3.1719124
-93.44 3.1718885
-93.43 3.1718646
-93.42 3.1718407
-93.41 3.1718168
-93.4 3.1718168
-93.39 3.1717929
-93.38 3.171769
-93.37 3.1717451
-93.36 3.1717212
-93.35 3.1716973
-93.34 3.1716734
-93.33 3.1716734
-93.32 3.1716495
-93.31 3.1716256
-93.3 3.1716017
-93.29 3.1715778
-93.28 3.1715539
-93.27 3.1715539
-93.26 3.17153
-93.25 3.1715061
-93.24 3.1714822
-93.23 3.1714583
-93.22 3.1714344
-93.21 3.1714344
-93.2 3.1714105
-93.19 3.1713866
-93.18 3.1713627
-93.17 3.1713388
-93.16 3.1713149
-93.15 3.1713149
-93.14 3.171291
-93.13 3.1712671
-93.12 3.1712432
-93.11 3.1712193
-93.1 3.1712193
-93.09 3.1711954
-93.08 3.1711715
-93.07 3.1711476
-93.06 3.1711237
-93.05 3.1711237
-93.04 3.1710998
-93.03 3.1710759
-93.02 3.171052
-93.01 3.1710281
-93.0 3.1710281
-92.99 3.1710042
-92.98 3.1709803
-92.97 3.1709564
-92.96 3.1709564
-92.95 3.1709325
-92.94 3.1709086
-92.93 3.1708847
-92.92 3.1708608
-92.91 3.1708608
-92.9 3.1708369
-92.89 3.170813
-92.88 3.1707891
-92.87 3.1707891
-92.86 3.1707652
-92.85 3.1707413
-92.84 3.1707174
-92.83 3.1707174
-92.82 3.1706935
-92.81 3.1706696
-92.8 3.1706457
-92.79 3.1706457
-92.78 3.1706218
-92.77 3.1705979
-92.76 3.170574
-92.75 3.170574
-92.74 3.1705501
-92.73 3.1705262
-92.72 3.1705023
-92.71 3.1705023
-92.7 3.1704784
-92.69 3.1704545
-92.68 3.1704306
-92.67 3.1704306
-92.66 3.1704067
-92.65 3.1703828
-92.64 3.1703589
-92.63 3.1703589
-92.62 3.170335
-92.61 3.1703111
-92.6 3.1703111
-92.59 3.1702872
-92.58 3.1702633
-92.57 3.1702394
-92.56 3.1702394
-92.55 3.1702155
-92.54 3.1701916
-92.53 3.1701916
-92.52 3.1701677
-92.51 3.1701438
-92.5 3.1701438
-92.49 3.1701199
-92.48 3.170096
-92.47 3.1700721
-92.46 3.1700721
-92.45 3.1700482
-92.44 3.1700243
-92.43 3.1700243
-92.42 3.1700004
-92.41 3.1699765
-92.4 3.1699765
-92.39 3.1699526
-92.38 3.1699287
-92.37 3.1699287
-92.36 3.1699048
-92.35 3.1698809
-92.34 3.1698809
-92.33 3.169857
-92.32 3.1698331
-92.31 3.1698331
-92.3 3.1698092
-92.29 3.1697853
-92.28 3.1697853
-92.27 3.1697614
-92.26 3.1697375
-92.25 3.1697375
-92.24 3.1697136
-92.23 3.1696897
-92.22 3.1696897
-92.21 3.1696658
-92.2 3.1696419
-92.19 3.1696419
-92.18 3.169618
-92.17 3.169618
-92.16 3.1695941
-92.15 3.1695702
-92.14 3.1695702
-92.13 3.1695463
-92.12 3.1695224
-92.11 3.1695224
-92.1 3.1694985
-92.09 3.1694746
-92.08 3.1694746
-92.07 3.1694507
-92.06 3.1694507
-92.05 3.1694268
-92.04 3.1694029
-92.03 3.1694029
-92.02 3.169379
-92.01 3.169379
-92.0 3.1693551
-91.99 3.1693312
-91.98 3.1693312
-91.97 3.1693073
-91.96 3.1693073
-91.95 3.1692834
-91.94 3.1692595
-91.93 3.1692595
-91.92 3.1692356
-91.91 3.1692356
-91.9 3.1692117
-91.89 3.1691878
-91.88 3.1691878
-91.87 3.1691639
-91.86 3.1691639
-91.85 3.16914
-91.84 3.16914
-91.83 3.1691161
-91.82 3.1690922
-91.81 3.1690922
-91.8 3.1690683
-91.79 3.1690683
-91.78 3.1690444
-91.77 3.1690444
-91.76 3.1690205
-91.75 3.1689966
-91.74 3.1689966
-91.73 3.1689727
-91.72 3.1689727
-91.71 3.1689488
-91.7 3.1689488
-91.69 3.1689249
-91.68 3.1689249
-91.67 3.168901
-91.66 3.168901
-91.65 3.1688771
-91.64 3.1688532
-91.63 3.1688532
-91.62 3.1688293
-91.61 3.1688293
-91.6 3.1688054
-91.59 3.1688054
-91.58 3.1687815
-91.57 3.1687815
-91.56 3.1687576
-91.55 3.1687576
-91.54 3.1687337
-91.53 3.1687337
-91.52 3.1687098
-91.51 3.1687098
-91.5 3.1686859
-91.49 3.1686859
-91.48 3.168662
-91.47 3.168662
-91.46 3.1686381
-91.45 3.1686381
-91.44 3.1686142
-91.43 3.1686142
-91.42 3.1685903
-91.41 3.1685903
-91.4 3.1685664
-91.39 3.1685664
-91.38 3.1685425
-91.37 3.1685425
-91.36 3.1685186
-91.35 3.1685186
-91.34 3.1684947
-91.33 3.1684947
-91.32 3.1684708
-91.31 3.1684708
-91.3 3.1684469
-91.29 3.1684469
-91.28 3.168423
-91.27 3.168423
-91.26 3.1683991
-91.25 3.1683991
-91.24 3.1683752
-91.23 3.1683752
-91.22 3.1683752
-91.21 3.1683513
-91.2 3.1683513
-91.19 3.1683274
-91.18 3.1683274
-91.17 3.1683035
-91.16 3.1683035
-91.15 3.1682796
-91.14 3.1682796
-91.13 3.1682796
-91.12 3.1682557
-91.11 3.1682557
-91.1 3.1682318
-91.09 3.1682318
-91.08 3.1682079
-91.07 3.1682079
-91.06 3.1682079
-91.05 3.168184
-91.04 3.168184
-91.03 3.1681601
-91.02 3.1681601
-91.01 3.1681362
-91.0 3.1681362
-90.99 3.1681362
-90.98 3.1681123
-90.97 3.1681123
-90.96 3.1680884
-90.95 3.1680884
-90.94 3.1680884
-90.93 3.1680645
-90.92 3.1680645
-90.91 3.1680406
-90.9 3.1680406
-90.89 3.1680406
-90.88 3.1680167
-90.87 3.1680167
-90.86 3.1679928
-90.85 3.1679928
-90.84 3.1679928
-90.83 3.1679689
-90.82 3.1679689
-90.81 3.167945
-90.8 3.167945
-90.79 3.167945
-90.78 3.1679211
-90.77 3.1679211
-90.76 3.1679211
-90.75 3.1678972
-90.74 3.1678972
-90.73 3.1678733
-90.72 3.1678733
-90.71 3.1678733
-90.7 3.1678494
-90.69 3.1678494
-90.68 3.1678494
-90.67 3.1678255
-90.66 3.1678255
-90.65 3.1678255
-90.64 3.1678016
-90.63 3.1678016
-90.62 3.1678016
-90.61 3.1677777
-90.6 3.1677777
-90.59 3.1677777
-90.58 3.1677538
-90.57 3.1677538
-90.56 3.1677538
-90.55 3.1677299
-90.54 3.1677299
-90.53 3.1677299
-90.52 3.167706
-90.51 3.167706
-90.5 3.167706
-90.49 3.1676821
-90.48 3.1676821
-90.47 3.1676821
-90.46 3.1676582
-90.45 3.1676582
-90.44 3.1676582
-90.43 3.1676343
-90.42 3.1676343
-90.41 3.1676343
-90.4 3.1676343
-90.39 3.1676104
-90.38 3.1676104
-90.37 3.1676104
-90.36 3.1675865
-90.35 3.1675865
-90.34 3.1675865
-90.33 3.1675626
-90.32 3.1675626
-90.31 3.1675626
-90.3 3.1675626
-90.29 3.1675387
-90.28 3.1675387
-90.27 3.1675387
-90.26 3.1675387
-90.25 3.1675148
-90.24 3.1675148
-90.23 3.1675148
-90.22 3.1674909
-90.21 3.1674909
-90.2 3.1674909
-90.19 3.1674909
-90.18 3.167467
-90.17 3.167467
-90.16 3.167467
-90.15 3.167467
-90.14 3.1674431
-90.13 3.1674431
-90.12 3.1674431
-90.11 3.1674431
-90.1 3.1674192
-90.09 3.1674192
-90.08 3.1674192
-90.07 3.1674192
-90.06 3.1674192
-90.05 3.1673953
-90.04 3.1673953
-90.03 3.1673953
-90.02 3.1673953
-90.01 3.1673714
-90.0 3.1673714
-89.99 3.1673714
-89.98 3.1673714
-89.97 3.1673475
-89.96 3.1673475
-89.95 3.1673475
-89.94 3.1673475
-89.93 3.1673475
-89.92 3.1673236
-89.91 3.1673236
-89.9 3.1673236
-89.89 3.1673236
-89.88 3.1673236
-89.87 3.1672997
-89.86 3.1672997
-89.85 3.1672997
-89.84 3.1672997
-89.83 3.1672997
-89.82 3.1672758
-89.81 3.1672758
-89.8 3.1672758
-89.79 3.1672758
-89.78 3.1672758
-89.77 3.1672758
-89.76 3.1672519
-89.75 3.1672519
-89.74 3.1672519
-89.73 3.1672519
-89.72 3.1672519
-89.71 3.1672519
-89.7 3.167228
-89.69 3.167228
-89.68 3.167228
-89.67 3.167228
-89.66 3.167228
-89.65 3.167228
-89.64 3.1672041
-89.63 3.1672041
-89.62 3.1672041
-89.61 3.1672041
-89.6 3.1672041
-89.59 3.1672041
-89.58 3.1672041
-89.57 3.1671802
-89.56 3.1671802
-89.55 3.1671802
-89.54 3.1671802
-89.53 3.1671802
-89.52 3.1671802
-89.51 3.1671802
-89.5 3.1671802
-89.49 3.1671563
-89.48 3.1671563
-89.47 3.1671563
-89.46 3.1671563
-89.45 3.1671563
-89.44 3.1671563
-89.43 3.1671563
-89.42 3.1671563
-89.41 3.1671563
-89.4 3.1671324
-89.39 3.1671324
-89.38 3.1671324
-89.37 3.1671324
-89.36 3.1671324
-89.35 3.1671324
-89.34 3.1671324
-89.33 3.1671324
-89.32 3.1671324
-89.31 3.1671324
-89.3 3.1671324
-89.29 3.1671085
-89.28 3.1671085
-89.27 3.1671085
-89.26 3.1671085
-89.25 3.1671085
-89.24 3.1671085
-89.23 3.1671085
-89.22 3.1671085
-89.21 3.1671085
-89.2 3.1671085
-89.19 3.1671085
-89.18 3.1671085
-89.17 3.1671085
-89.16 3.1671085
-89.15 3.1671085
-89.14 3.1670846
-89.13 3.1670846
-89.12 3.1670846
-89.11 3.1670846
-89.1 3.1670846
-89.09 3.1670846
-89.08 3.1670846
-89.07 3.1670846
-89.06 3.1670846
-89.05 3.1670846
-89.04 3.1670846
-89.03 3.1670846
-89.02 3.1670846
-89.01 3.1670846
-89.0 3.1670846
-88.99 3.1670846
-88.98 3.1670846
-88.97 3.1670846
-88.96 3.1670846
-88.95 3.1670846
-88.94 3.1670846
-88.93 3.1670846
-88.92 3.1670846
-88.91 3.1670846
-88.9 3.1670846
-88.89 3.1670846
-88.88 3.1670846
-88.87 3.1670846
-88.86 3.1670846
-88.85 3.1670846
-88.84 3.1670846
-88.83 3.1670846
-88.82 3.1670846
-88.81 3.1670846
-88.8 3.1670846
-88.79 3.1670846
-88.78 3.1670846
-88.77 3.1670846
-88.76 3.1670846
-88.75 3.1670846
-88.74 3.1670846
-88.73 3.1670846
-88.72 3.1670846
-88.71 3.1670846
-88.7 3.1670846
-88.69 3.1670846
-88.68 3.1670846
-88.67 3.1670846
-88.66 3.1670846
-88.65 3.1670846
-88.64 3.1671085
-88.63 3.1671085
-88.62 3.1671085
-88.61 3.1671085
-88.6 3.1671085
-88.59 3.1671085
-88.58 3.1671085
-88.57 3.1671085
-88.56 3.1671085
-88.55 3.1671085
-88.54 3.1671085
-88.53 3.1671085
-88.52 3.1671085
-88.51 3.1671085
-88.5 3.1671085
-88.49 3.1671085
-88.48 3.1671324
-88.47 3.1671324
-88.46 3.1671324
-88.45 3.1671324
-88.44 3.1671324
-88.43 3.1671324
-88.42 3.1671324
-88.41 3.1671324
-88.4 3.1671324
-88.39 3.1671324
-88.38 3.1671563
-88.37 3.1671563
-88.36 3.1671563
-88.35 3.1671563
-88.34 3.1671563
-88.33 3.1671563
-88.32 3.1671563
-88.31 3.1671563
-88.3 3.1671563
-88.29 3.1671802
-88.28 3.1671802
-88.27 3.1671802
-88.26 3.1671802
-88.25 3.1671802
-88.24 3.1671802
-88.23 3.1671802
-88.22 3.1671802
-88.21 3.1672041
-88.2 3.1672041
-88.19 3.1672041
-88.18 3.1672041
-88.17 3.1672041
-88.16 3.1672041
-88.15 3.1672041
-88.14 3.167228
-88.13 3.167228
-88.12 3.167228
-88.11 3.167228
-88.1 3.167228
-88.09 3.167228
-88.08 3.1672519
-88.07 3.1672519
-88.06 3.1672519
-88.05 3.1672519
-88.04 3.1672519
-88.03 3.1672519
-88.02 3.1672758
-88.01 3.1672758
-88.0 3.1672758
-87.99 3.1672758
-87.98 3.1672758
-87.97 3.1672758
-87.96 3.1672997
-87.95 3.1672997
-87.94 3.1672997
-87.93 3.1672997
-87.92 3.1672997
-87.91 3.1673236
-87.9 3.1673236
-87.89 3.1673236
-87.88 3.1673236
-87.87 3.1673236
-87.86 3.1673475
-87.85 3.1673475
-87.84 3.1673475
-87.83 3.1673475
-87.82 3.1673714
-87.81 3.1673714
-87.8 3.1673714
-87.79 3.1673714
-87.78 3.1673714
-87.77 3.1673953
-87.76 3.1673953
-87.75 3.1673953
-87.74 3.1673953
-87.73 3.1674192
-87.72 3.1674192
-87.71 3.1674192
-87.7 3.1674192
-87.69 3.1674431
-87.68 3.1674431
-87.67 3.1674431
-87.66 3.1674431
-87.65 3.167467
-87.64 3.167467
-87.63 3.167467
-87.62 3.167467
-87.61 3.1674909
-87.6 3.1674909
-87.59 3.1674909
-87.58 3.1674909
-87.57 3.1675148
-87.56 3.1675148
-87.55 3.1675148
-87.54 3.1675148
-87.53 3.1675387
-87.52 3.1675387
-87.51 3.1675387
-87.5 3.1675626
-87.49 3.1675626
-87.48 3.1675626
-87.47 3.1675626
-87.46 3.1675865
-87.45 3.1675865
-87.44 3.1675865
-87.43 3.1676104
-87.42 3.1676104
-87.41 3.1676104
-87.4 3.1676343
-87.39 3.1676343
-87.38 3.1676343
-87.37 3.1676343
-87.36 3.1676582
-87.35 3.1676582
-87.34 3.1676582
-87.33 3.1676821
-87.32 3.1676821
-87.31 3.1676821
-87.3 3.167706
-87.29 3.167706
-87.28 3.167706
-87.27 3.1677299
-87.26 3.1677299
-87.25 3.1677299
-87.24 3.1677538
-87.23 3.1677538
-87.22 3.1677538
-87.21 3.1677777
-87.2 3.1677777
-87.19 3.1677777
-87.18 3.1678016
-87.17 3.1678016
-87.16 3.1678016
-87.15 3.1678255
-87.14 3.1678255
-87.13 3.1678494
-87.12 3.1678494
-87.11 3.1678494
-87.1 3.1678733
-87.09 3.1678733
-87.08 3.1678733
-87.07 3.1678972
-87.06 3.1678972
-87.05 3.1679211
-87.04 3.1679211
-87.03 3.1679211
-87.02 3.167945
-87.01 3.167945
-87.0 3.167945
-86.99 3.1679689
-86.98 3.1679689
-86.97 3.1679928
-86.96 3.1679928
-86.95 3.1679928
-86.94 3.1680167
-86.93 3.1680167
-86.92 3.1680406
-86.91 3.1680406
-86.9 3.1680406
-86.89 3.1680645
-86.88 3.1680645
-86.87 3.1680884
-86.86 3.1680884
-86.85 3.1681123
-86.84 3.1681123
-86.83 3.1681123
-86.82 3.1681362
-86.81 3.1681362
-86.8 3.1681601
-86.79 3.1681601
-86.78 3.168184
-86.77 3.168184
-86.76 3.168184
-86.75 3.1682079
-86.74 3.1682079
-86.73 3.1682318
-86.72 3.1682318
-86.71 3.1682557
-86.7 3.1682557
-86.69 3.1682796
-86.68 3.1682796
-86.67 3.1682796
-86.66 3.1683035
-86.65 3.1683035
-86.64 3.1683274
-86.63 3.1683274
-86.62 3.1683513
-86.61 3.1683513
-86.6 3.1683752
-86.59 3.1683752
-86.58 3.1683991
-86.57 3.1683991
-86.56 3.168423
-86.55 3.168423
-86.54 3.1684469
-86.53 3.1684469
-86.52 3.1684708
-86.51 3.1684708
-86.5 3.1684947
-86.49 3.1684947
-86.48 3.1685186
-86.47 3.1685186
-86.46 3.1685425
-86.45 3.1685425
-86.44 3.1685664
-86.43 3.1685664
-86.42 3.1685903
-86.41 3.1685903
-86.4 3.1686142
-86.39 3.1686142
-86.38 3.1686381
-86.37 3.1686381
-86.36 3.168662
-86.35 3.168662
-86.34 3.1686859
-86.33 3.1686859
-86.32 3.1687098
-86.31 3.1687098
-86.3 3.1687337
-86.29 3.1687337
-86.28 3.1687576
-86.27 3.1687576
-86.26 3.1687815
-86.25 3.1688054
-86.24 3.1688054
-86.23 3.1688293
-86.22 3.1688293
-86.21 3.1688532
-86.2 3.1688532
-86.19 3.1688771
-86.18 3.1688771
-86.17 3.168901
-86.16 3.1689249
-86.15 3.1689249
-86.14 3.1689488
-86.13 3.1689488
-86.12 3.1689727
-86.11 3.1689727
-86.1 3.1689966
-86.09 3.1690205
-86.08 3.1690205
-86.07 3.1690444
-86.06 3.1690444
-86.05 3.1690683
-86.04 3.1690683
-86.03 3.1690922
-86.02 3.1691161
-86.01 3.1691161
-86.0 3.16914
-85.99 3.16914
-85.98 3.1691639
-85.97 3.1691878
-85.96 3.1691878
-85.95 3.1692117
-85.94 3.1692356
-85.93 3.1692356
-85.92 3.1692595
-85.91 3.1692595
-85.9 3.1692834
-85.89 3.1693073
-85.88 3.1693073
-85.87 3.1693312
-85.86 3.1693312
-85.85 3.1693551
-85.84 3.169379
-85.83 3.169379
-85.82 3.1694029
-85.81 3.1694268
-85.8 3.1694268
-85.79 3.1694507
-85.78 3.1694746
-85.77 3.1694746
-85.76 3.1694985
-85.75 3.1695224
-85.74 3.1695224
-85.73 3.1695463
-85.72 3.1695702
-85.71 3.1695702
-85.7 3.1695941
-85.69 3.1695941
-85.68 3.169618
-85.67 3.1696419
-85.66 3.1696658
-85.65 3.1696658
-85.64 3.1696897
-85.63 3.1697136
-85.62 3.1697136
-85.61 3.1697375
-85.6 3.1697614
-85.59 3.1697614
-85.58 3.1697853
-85.57 3.1698092
-85.56 3.1698092
-85.55 3.1698331
-85.54 3.169857
-85.53 3.169857
-85.52 3.1698809
-85.51 3.1699048
-85.5 3.1699287
-85.49 3.1699287
-85.48 3.1699526
-85.47 3.1699765
-85.46 3.1699765
-85.45 3.1700004
-85.44 3.1700243
-85.43 3.1700482
-85.42 3.1700482
-85.41 3.1700721
-85.4 3.170096
-85.39 3.170096
-85.38 3.1701199
-85.37 3.1701438
-85.36 3.1701677
-85.35 3.1701677
-85.34 3.1701916
-85.33 3.1702155
-85.32 3.1702394
-85.31 3.1702394
-85.3 3.1702633
-85.29 3.1702872
-85.28 3.1703111
-85.27 3.1703111
-85.26 3.170335
-85.25 3.1703589
-85.24 3.1703828
-85.23 3.1703828
-85.22 3.1704067
-85.21 3.1704306
-85.2 3.1704545
-85.19 3.1704545
-85.18 3.1704784
-85.17 3.1705023
-85.16 3.1705262
-85.15 3.1705501
-85.14 3.1705501
-85.13 3.170574
-85.12 3.1705979
-85.11 3.1706218
-85.1 3.1706457
-85.09 3.1706457
-85.08 3.1706696
-85.07 3.1706935
-85.06 3.1707174
-85.05 3.1707413
-85.04 3.1707413
-85.03 3.1707652
-85.02 3.1707891
-85.01 3.170813
-85.0 3.1708369
-84.99 3.1708369
-84.98 3.1708608
-84.97 3.1708847
-84.96 3.1709086
-84.95 3.1709325
-84.94 3.1709325
-84.93 3.1709564
-84.92 3.1709803
-84.91 3.1710042
-84.9 3.1710281
-84.89 3.171052
-84.88 3.171052
-84.87 3.1710759
-84.86 3.1710998
-84.85 3.1711237
-84.84 3.1711476
-84.83 3.1711715
-84.82 3.1711954
-84.81 3.1711954
-84.8 3.1712193
-84.79 3.1712432
-84.78 3.1712671
-84.77 3.171291
-84.76 3.1713149
-84.75 3.1713388
-84.74 3.1713388
-84.73 3.1713627
-84.72 3.1713866
-84.71 3.1714105
-84.7 3.1714344
-84.69 3.1714583
-84.68 3.1714822
-84.67 3.1715061
-84.66 3.17153
-84.65 3.17153
-84.64 3.1715539
-84.63 3.1715778
-84.62 3.1716017
-84.61 3.1716256
-84.6 3.1716495
-84.59 3.1716734
-84.58 3.1716973
-84.57 3.1717212
-84.56 3.1717212
-84.55 3.1717451
-84.54 3.171769
-84.53 3.1717929
-84.52 3.1718168
-84.51 3.1718407
-84.5 3.1718646
-84.49 3.1718885
-84.48 3.1719124
-84.47 3.1719363
-84.46 3.1719602
-84.45 3.1719841
-84.44 3.172008
-84.43 3.1720319
-84.42 3.1720319
-84.41 3.1720558
-84.4 3.1720797
-84.39 3.1721036
-84.38 3.1721275
-84.37 3.1721514
-84.36 3.1721753
-84.35 3.1721992
-84.34 3.1722231
-84.33 3.172247
-84.32 3.1722709
-84.31 3.1722948
-84.3 3.1723187
-84.29 3.1723426
-84.28 3.1723665
-84.27 3.1723904
-84.26 3.1724143
-84.25 3.1724382
-84.24 3.1724621
-84.23 3.172486
-84.22 3.1725099
-84.21 3.1725338
-84.2 3.1725577
-84.19 3.1725816
-84.18 3.1726055
-84.17 3.1726294
-84.16 3.1726533
-84.15 3.1726772
-84.14 3.1727011
-84.13 3.172725
-84.12 3.1727489
-84.11 3.1727728
-84.1 3.1727967
-84.09 3.1728206
-84.08 3.1728445
-84.07 3.1728684
-84.06 3.1728923
-84.05 3.1729162
-84.04 3.1729401
-84.03 3.172964
-84.02 3.1729879
-84.01 3.1730118
-84.0 3.1730357
-83.99 3.1730596
-83.98 3.1730835
-83.97 3.1731074
-83.96 3.1731313
-83.95 3.1731552
-83.94 3.1731791
-83.93 3.173203
-83.92 3.1732269
-83.91 3.1732508
-83.9 3.1732747
-83.89 3.1732986
-83.88 3.1733225
-83.87 3.1733464
-83.86 3.1733703
-83.85 3.1734181
-83.84 3.173442
-83.83 3.1734659
-83.82 3.1734898
-83.81 3.1735137
-83.8 3.1735376
-83.79 3.1735615
-83.78 3.1735854
-83.77 3.1736093
-83.76 3.1736332
-83.75 3.1736571
-83.74 3.173681
-83.73 3.1737049
-83.72 3.1737527
-83.71 3.1737766
-83.7 3.1738005
-83.69 3.1738244
-83.68 3.1738483
-83.67 3.1738722
-83.66 3.1738961
-83.65 3.17392
-83.64 3.1739439
-83.63 3.1739678
-83.62 3.1740156
-83.61 3.1740395
-83.6 3.1740634
-83.59 3.1740873
-83.58 3.1741112
-83.57 3.1741351
-83.56 3.174159
-83.55 3.1741829
-83.54 3.1742307
-83.53 3.1742546
-83.52 3.1742785
-83.51 3.1743024
-83.5 3.1743263
-83.49 3.1743502
-83.48 3.1743741
-83.47 3.1744219
-83.46 3.1744458
-83.45 3.1744697
-83.44 3.1744936
-83.43 3.1745175
-83.42 3.1745414
-83.41 3.1745892
-83.4 3.1746131
-83.39 3.174637
-83.38 3.1746609
-83.37 3.1746848
-83.36 3.1747087
-83.35 3.1747565
-83.34 3.1747804
-83.33 3.1748043
-83.32 3.1748282
-83.31 3.1748521
-83.3 3.174876
-83.29 3.1749238
-83.28 3.1749477
-83.27 3.1749716
-83.26 3.1749955
-83.25 3.1750194
-83.24 3.1750672
-83.23 3.1750911
-83.22 3.175115
-83.21 3.1751389
-83.2 3.1751628
-83.19 3.1752106
-83.18 3.1752345
-83.17 3.1752584
-83.16 3.1752823
-83.15 3.1753062
-83.14 3.175354
-83.13 3.1753779
-83.12 3.1754018
-83.11 3.1754257
-83.1 3.1754735
-83.09 3.1754974
-83.08 3.1755213
-83.07 3.1755452
-83.06 3.1755691
-83.05 3.1756169
-83.04 3.1756408
-83.03 3.1756647
-83.02 3.1756886
-83.01 3.1757364
-83.0 3.1757603
-82.99 3.1757842
-82.98 3.1758081
-82.97 3.1758559
-82.96 3.1758798
-82.95 3.1759037
-82.94 3.1759276
-82.93 3.1759754
-82.92 3.1759993
-82.91 3.1760232
-82.9 3.176071
-82.89 3.1760949
-82.88 3.1761188
-82.87 3.1761427
-82.86 3.1761905
-82.85 3.1762144
-82.84 3.1762383
-82.83 3.1762861
-82.82 3.17631
-82.81 3.1763339
-82.8 3.1763578
-82.79 3.1764056
-82.78 3.1764295
-82.77 3.1764534
-82.76 3.1765012
-82.75 3.1765251
-82.74 3.176549
-82.73 3.1765968
-82.72 3.1766207
-82.71 3.1766446
-82.7 3.1766685
-82.69 3.1767163
-82.68 3.1767402
-82.67 3.1767641
-82.66 3.1768119
-82.65 3.1768358
-82.64 3.1768597
-82.63 3.1769075
-82.62 3.1769314
-82.61 3.1769553
-82.6 3.1770031
-82.59 3.177027
-82.58 3.1770509
-82.57 3.1770987
-82.56 3.1771226
-82.55 3.1771465
-82.54 3.1771943
-82.53 3.1772182
-82.52 3.177266
-82.51 3.1772899
-82.5 3.1773138
-82.49 3.1773616
-82.48 3.1773855
-82.47 3.1774094
-82.46 3.1774572
-82.45 3.1774811
-82.44 3.177505
-82.43 3.1775528
-82.42 3.1775767
-82.41 3.1776245
-82.4 3.1776484
-82.39 3.1776723
-82.38 3.1777201
-82.37 3.177744
-82.36 3.1777918
-82.35 3.1778157
-82.34 3.1778396
-82.33 3.1778874
-82.32 3.1779113
-82.31 3.1779591
-82.3 3.177983
-82.29 3.1780069
-82.28 3.1780547
-82.27 3.1780786
-82.26 3.1781264
-82.25 3.1781503
-82.24 3.1781742
-82.23 3.178222
-82.22 3.1782459
-82.21 3.1782937
-82.2 3.1783176
-82.19 3.1783654
-82.18 3.1783893
-82.17 3.1784132
-82.16 3.178461
-82.15 3.1784849
-82.14 3.1785327
-82.13 3.1785566
-82.12 3.1786044
-82.11 3.1786283
-82.1 3.1786522
-82.09 3.1787
-82.08 3.1787239
-82.07 3.1787717
-82.06 3.1787956
-82.05 3.1788434
-82.04 3.1788673
-82.03 3.1789151
-82.02 3.178939
-82.01 3.1789868
-82.0 3.1790107
-81.99 3.1790585
-81.98 3.1790824
-81.97 3.1791302
-81.96 3.1791541
-81.95 3.179178
-81.94 3.1792258
-81.93 3.1792497
-81.92 3.1792975
-81.91 3.1793214
-81.9 3.1793692
-81.89 3.1793931
-81.88 3.1794409
-81.87 3.1794648
-81.86 3.1795126
-81.85 3.1795365
-81.84 3.1795843
-81.83 3.1796082
-81.82 3.179656
-81.81 3.1796799
-81.8 3.1797277
-81.79 3.1797516
-81.78 3.1797994
-81.77 3.1798472
-81.76 3.1798711
-81.75 3.1799189
-81.74 3.1799428
-81.73 3.1799906
-81.72 3.1800145
-81.71 3.1800623
-81.7 3.1800862
-81.69 3.180134
-81.68 3.1801579
-81.67 3.1802057
-81.66 3.1802296
-81.65 3.1802774
-81.64 3.1803252
-81.63 3.1803491
-81.62 3.1803969
-81.61 3.1804208
-81.6 3.1804686
-81.59 3.1804925
-81.58 3.1805403
-81.57 3.1805642
-81.56 3.180612
-81.55 3.1806598
-81.54 3.1806837
-81.53 3.1807315
-81.52 3.1807554
-81.51 3.1808032
-81.5 3.1808271
-81.49 3.1808749
-81.48 3.1809227
-81.47 3.1809466
-81.46 3.1809944
-81.45 3.1810183
-81.44 3.1810661
-81.43 3.1811139
-81.42 3.1811378
-81.41 3.1811856
-81.4 3.1812095
-81.39 3.1812573
-81.38 3.1813051
-81.37 3.181329
-81.36 3.1813768
-81.35 3.1814007
-81.34 3.1814485
-81.33 3.1814963
-81.32 3.1815202
-81.31 3.181568
-81.3 3.1816158
-81.29 3.1816397
-81.28 3.1816875
-81.27 3.1817114
-81.26 3.1817592
-81.25 3.181807
-81.24 3.1818309
-81.23 3.1818787
-81.22 3.1819265
-81.21 3.1819504
-81.2 3.1819982
-81.19 3.182046
-81.18 3.1820699
-81.17 3.1821177
-81.16 3.1821655
-81.15 3.1821894
-81.14 3.1822372
-81.13 3.182285
-81.12 3.1823089
-81.11 3.1823567
-81.1 3.1824045
-81.09 3.1824284
-81.08 3.1824762
-81.07 3.182524
-81.06 3.1825479
-81.05 3.1825957
-81.04 3.1826435
-81.03 3.1826674
-81.02 3.1827152
-81.01 3.182763
-81.0 3.1827869
-80.99 3.1828347
-80.98 3.1828825
-80.97 3.1829303
-80.96 3.1829542
-80.95 3.183002
-80.94 3.1830498
-80.93 3.1830737
-80.92 3.1831215
-80.91 3.1831693
-80.9 3.1831932
-80.89 3.183241
-80.88 3.1832888
-80.87 3.1833366
-80.86 3.1833605
-80.85 3.1834083
-80.84 3.1834561
-80.83 3.1835039
-80.82 3.1835278
-80.81 3.1835756
-80.8 3.1836234
-80.79 3.1836712
-80.78 3.1836951
-80.77 3.1837429
-80.76 3.1837907
-80.75 3.1838146
-80.74 3.1838624
-80.73 3.1839102
-80.72 3.183958
-80.71 3.1840058
-80.7 3.1840297
-80.69 3.1840775
-80.68 3.1841253
-80.67 3.1841731
-80.66 3.184197
-80.65 3.1842448
-80.64 3.1842926
-80.63 3.1843404
-80.62 3.1843643
-80.61 3.1844121
-80.6 3.1844599
-80.59 3.1845077
-80.58 3.1845555
-80.57 3.1845794
-80.56 3.1846272
-80.55 3.184675
-80.54 3.1847228
-80.53 3.1847706
-80.52 3.1847945
-80.51 3.1848423
-80.5 3.1848901
-80.49 3.1849379
-80.48 3.1849857
-80.47 3.1850096
-80.46 3.1850574
-80.45 3.1851052
-80.44 3.185153
-80.43 3.1852008
-80.42 3.1852247
-80.41 3.1852725
-80.4 3.1853203
-80.39 3.1853681
-80.38 3.1854159
-80.37 3.1854637
-80.36 3.1854876
-80.35 3.1855354
-80.34 3.1855832
-80.33 3.185631
-80.32 3.1856788
-80.31 3.1857266
-80.3 3.1857744
-80.29 3.1857983
-80.28 3.1858461
-80.27 3.1858939
-80.26 3.1859417
-80.25 3.1859895
-80.24 3.1860373
-80.23 3.1860851
-80.22 3.186109
-80.21 3.1861568
-80.2 3.1862046
-80.19 3.1862524
-80.18 3.1863002
-80.17 3.186348
-80.16 3.1863958
-80.15 3.1864436
-80.14 3.1864675
-80.13 3.1865153
-80.12 3.1865631
-80.11 3.1866109
-80.1 3.1866587
-80.09 3.1867065
-80.08 3.1867543
-80.07 3.1868021
-80.06 3.1868499
-80.05 3.1868977
-80.04 3.1869216
-80.03 3.1869694
-80.02 3.1870172
-80.01 3.187065
-80.0 3.1871128
-79.99 3.1871606
-79.98 3.1872084
-79.97 3.1872562
-79.96 3.187304
-79.95 3.1873518
-79.94 3.1873996
-79.93 3.1874474
-79.92 3.1874952
-79.91 3.1875191
-79.9 3.1875669
-79.89 3.1876147
-79.88 3.1876625
-79.87 3.1877103
-79.86 3.1877581
-79.85 3.1878059
-79.84 3.1878537
-79.83 3.1879015
-79.82 3.1879493
-79.81 3.1879971
-79.8 3.1880449
-79.79 3.1880927
-79.78 3.1881405
-79.77 3.1881883
-79.76 3.1882361
-79.75 3.1882839
-79.74 3.1883317
-79.73 3.1883795
-79.72 3.1884273
-79.71 3.1884751
-79.7 3.1885229
-79.69 3.1885707
-79.68 3.1886185
-79.67 3.1886663
-79.66 3.1887141
-79.65 3.1887619
-79.64 3.1888097
-79.63 3.1888575
-79.62 3.1889053
-79.61 3.1889531
-79.6 3.1890009
-79.59 3.1890487
-79.58 3.1890965
-79.57 3.1891443
-79.56 3.1891921
-79.55 3.1892399
-79.54 3.1892877
-79.53 3.1893355
-79.52 3.1893833
-79.51 3.1894311
-79.5 3.1894789
-79.49 3.1895267
-79.48 3.1895745
-79.47 3.1896223
-79.46 3.1896701
-79.45 3.1897179
-79.44 3.1897657
-79.43 3.1898135
-79.42 3.1898613
-79.41 3.1899091
-79.4 3.1899569
-79.39 3.1900047
-79.38 3.1900525
-79.37 3.1901003
-79.36 3.1901481
-79.35 3.1902198
-79.34 3.1902676
-79.33 3.1903154
-79.32 3.1903632
-79.31 3.190411
-79.3 3.1904588
-79.29 3.1905066
-79.28 3.1905544
-79.27 3.1906022
-79.26 3.19065
-79.25 3.1906978
-79.24 3.1907456
-79.23 3.1907934
-79.22 3.1908651
-79.21 3.1909129
-79.2 3.1909607
-79.19 3.1910085
-79.18 3.1910563
-79.17 3.1911041
-79.16 3.1911519
-79.15 3.1911997
-79.14 3.1912475
-79.13 3.1912953
-79.12 3.191367
-79.11 3.1914148
-79.1 3.1914626
-79.09 3.1915104
-79.08 3.1915582
-79.07 3.191606
-79.06 3.1916538
-79.05 3.1917016
-79.04 3.1917733
-79.03 3.1918211
-79.02 3.1918689
-79.01 3.1919167
-79.0 3.1919645
-78.99 3.1920123
-78.98 3.1920601
-78.97 3.1921318
-78.96 3.1921796
-78.95 3.1922274
-78.94 3.1922752
-78.93 3.192323
-78.92 3.1923708
-78.91 3.1924425
-78.9 3.1924903
-78.89 3.1925381
-78.88 3.1925859
-78.87 3.1926337
-78.86 3.1926815
-78.85 3.1927532
-78.84 3.192801
-78.83 3.1928488
-78.82 3.1928966
-78.81 3.1929444
-78.8 3.1929922
-78.79 3.1930639
-78.78 3.1931117
-78.77 3.1931595
-78.76 3.1932073
-78.75 3.1932551
-78.74 3.1933268
-78.73 3.1933746
-78.72 3.1934224
-78.71 3.1934702
-78.7 3.193518
-78.69 3.1935897
-78.68 3.1936375
-78.67 3.1936853
-78.66 3.1937331
-78.65 3.1938048
-78.64 3.1938526
-78.63 3.1939004
-78.62 3.1939482
-78.61 3.193996
-78.6 3.1940677
-78.59 3.1941155
-78.58 3.1941633
-78.57 3.1942111
-78.56 3.1942828
-78.55 3.1943306
-78.54 3.1943784
-78.53 3.1944262
-78.52 3.1944979
-78.51 3.1945457
-78.5 3.1945935
-78.49 3.1946413
-78.48 3.194713
-78.47 3.1947608
-78.46 3.1948086
-78.45 3.1948564
-78.44 3.1949281
-78.43 3.1949759
-78.42 3.1950237
-78.41 3.1950715
-78.4 3.1951432
-78.39 3.195191
-78.38 3.1952388
-78.37 3.1953105
-78.36 3.1953583
-78.35 3.1954061
-78.34 3.1954539
-78.33 3.1955256
-78.32 3.1955734
-78.31 3.1956212
-78.3 3.1956929
-78.29 3.1957407
-78.28 3.1957885
-78.27 3.1958602
-78.26 3.195908
-78.25 3.1959558
-78.24 3.1960036
-78.23 3.1960753
-78.22 3.1961231
-78.21 3.1961709
-78.2 3.1962426
-78.19 3.1962904
-78.18 3.1963382
-78.17 3.1964099
-78.16 3.1964577
-78.15 3.1965055
-78.14 3.1965772
-78.13 3.196625
-78.12 3.1966728
-78.11 3.1967445
-78.1 3.1967923
-78.09 3.1968401
-78.08 3.1969118
-78.07 3.1969596
-78.06 3.1970074
-78.05 3.1970791
-78.04 3.1971269
-78.03 3.1971986
-78.02 3.1972464
-78.01 3.1972942
-78.0 3.1973659
-77.99 3.1974137
-77.98 3.1974615
-77.97 3.1975332
-77.96 3.197581
-77.95 3.1976288
-77.94 3.1977005
-77.93 3.1977483
-77.92 3.19782
-77.91 3.1978678
-77.9 3.1979156
-77.89 3.1979873
-77.88 3.1980351
-77.87 3.1981068
-77.86 3.1981546
-77.85 3.1982024
-77.84 3.1982741
-77.83 3.1983219
-77.82 3.1983936
-77.81 3.1984414
-77.8 3.1984892
-77.79 3.1985609
-77.78 3.1986087
-77.77 3.1986804
-77.76 3.1987282
-77.75 3.198776
-77.74 3.1988477
-77.73 3.1988955
-77.72 3.1989672
-77.71 3.199015
-77.7 3.1990867
-77.69 3.1991345
-77.68 3.1991823
-77.67 3.199254
-77.66 3.1993018
-77.65 3.1993735
-77.64 3.1994213
-77.63 3.199493
-77.62 3.1995408
-77.61 3.1996125
-77.6 3.1996603
-77.59 3.199732
-77.58 3.1997798
-77.57 3.1998276
-77.56 3.1998993
-77.55 3.1999471
-77.54 3.2000188
-77.53 3.2000666
-77.52 3.2001383
-77.51 3.2001861
-77.5 3.2002578
-77.49 3.2003056
-77.48 3.2003773
-77.47 3.2004251
-77.46 3.2004968
-77.45 3.2005446
-77.44 3.2006163
-77.43 3.2006641
-77.42 3.2007358
-77.41 3.2007836
-77.4 3.2008553
-77.39 3.2009031
-77.38 3.2009748
-77.37 3.2010226
-77.36 3.2010943
-77.35 3.2011421
-77.34 3.2012138
-77.33 3.2012616
-77.32 3.2013333
-77.31 3.2013811
-77.3 3.2014528
-77.29 3.2015006
-77.28 3.2015723
-77.27 3.2016201
-77.26 3.2016918
-77.25 3.2017396
-77.24 3.2018113
-77.23 3.2018591
-77.22 3.2019308
-77.21 3.2020025
-77.2 3.2020503
-77.19 3.202122
-77.18 3.2021698
-77.17 3.2022415
-77.16 3.2022893
-77.15 3.202361
-77.14 3.2024088
-77.13 3.2024805
-77.12 3.2025522
-77.11 3.2026
-77.1 3.2026717
-77.09 3.2027195
-77.08 3.2027912
-77.07 3.202839
-77.06 3.2029107
-77.05 3.2029824
-77.04 3.2030302
-77.03 3.2031019
-77.02 3.2031497
-77.01 3.2032214
-77.0 3.2032692
-76.99 3.2033409
-76.98 3.2034126
-76.97 3.2034604
-76.96 3.2035321
-76.95 3.2035799
-76.94 3.2036516
-76.93 3.2037233
-76.92 3.2037711
-76.91 3.2038428
-76.9 3.2038906
-76.89 3.2039623
-76.88 3.204034
-76.87 3.2040818
-76.86 3.2041535
-76.85 3.2042252
-76.84 3.204273
-76.83 3.2043447
-76.82 3.2043925
-76.81 3.2044642
-76.8 3.2045359
-76.79 3.2045837
-76.78 3.2046554
-76.77 3.2047271
-76.76 3.2047749
-76.75 3.2048466
-76.74 3.2049183
-76.73 3.2049661
-76.72 3.2050378
-76.71 3.2051095
-76.7 3.2051573
-76.69 3.205229
-76.68 3.2052768
-76.67 3.2053485
-76.66 3.2054202
-76.65 3.205468
-76.64 3.2055397
-76.63 3.2056114
-76.62 3.2056592
-76.61 3.2057309
-76.6 3.2058026
-76.59 3.2058743
-76.58 3.2059221
-76.57 3.2059938
-76.56 3.2060655
-76.55 3.2061133
-76.54 3.206185
-76.53 3.2062567
-76.52 3.2063045
-76.51 3.2063762
-76.5 3.2064479
-76.49 3.2064957
-76.48 3.2065674
-76.47 3.2066391
-76.46 3.2067108
-76.45 3.2067586
-76.44 3.2068303
-76.43 3.206902
-76.42 3.2069498
-76.41 3.2070215
-76.4 3.2070932
-76.39 3.2071649
-76.38 3.2072127
-76.37 3.2072844
-76.36 3.2073561
-76.35 3.2074278
-76.34 3.2074756
-76.33 3.2075473
-76.32 3.207619
-76.31 3.2076668
-76.3 3.2077385
-76.29 3.2078102
-76.28 3.2078819
-76.27 3.2079297
-76.26 3.2080014
-76.25 3.2080731
-76.24 3.2081448
-76.23 3.2082165
-76.22 3.2082643
-76.21 3.208336
-76.2 3.2084077
-76.19 3.2084794
-76.18 3.2085272
-76.17 3.2085989
-76.16 3.2086706
-76.15 3.2087423
-76.14 3.2087901
-76.13 3.2088618
-76.12 3.2089335
-76.11 3.2090052
-76.1 3.2090769
-76.09 3.2091247
-76.08 3.2091964
-76.07 3.2092681
-76.06 3.2093398
-76.05 3.2094115
-76.04 3.2094593
-76.03 3.209531
-76.02 3.2096027
-76.01 3.2096744
-76.0 3.2097461
-75.99 3.2097939
-75.98 3.2098656
-75.97 3.2099373
-75.96 3.210009
-75.95 3.2100807
-75.94 3.2101524
-75.93 3.2102002
-75.92 3.2102719
-75.91 3.2103436
-75.9 3.2104153
-75.89 3.210487
-75.88 3.2105587
-75.87 3.2106065
-75.86 3.2106782
-75.85 3.2107499
-75.84 3.2108216
-75.83 3.2108933
-75.82 3.210965
-75.81 3.2110128
-75.8 3.2110845
-75.79 3.2111562
-75.78 3.2112279
-75.77 3.2112996
-75.76 3.2113713
-75.75 3.211443
-75.74 3.2114908
-75.73 3.2115625
-75.72 3.2116342
-75.71 3.2117059
-75.7 3.2117776
-75.69 3.2118493
-75.68 3.211921
-75.67 3.2119927
-75.66 3.2120644
-75.65 3.2121122
-75.64 3.2121839
-75.63 3.2122556
-75.62 3.2123273
-75.61 3.212399
-75.6 3.2124707
-75.59 3.2125424
-75.58 3.2126141
-75.57 3.2126858
-75.56 3.2127575
-75.55 3.2128053
-75.54 3.212877
-75.53 3.2129487
-75.52 3.2130204
-75.51 3.2130921
-75.5 3.2131638
-75.49 3.2132355
-75.48 3.2133072
-75.47 3.2133789
-75.46 3.2134506
-75.45 3.2135223
-75.44 3.213594
-75.43 3.2136657
-75.42 3.2137135
-75.41 3.2137852
-75.4 3.2138569
-75.39 3.2139286
-75.38 3.2140003
-75.37 3.214072
-75.36 3.2141437
-75.35 3.2142154
-75.34 3.2142871
-75.33 3.2143588
-75.32 3.2144305
-75.31 3.2145022
-75.3 3.2145739
-75.29 3.2146456
-75.28 3.2147173
-75.27 3.214789
-75.26 3.2148607
-75.25 3.2149324
-75.24 3.2150041
-75.23 3.2150758
-75.22 3.2151475
-75.21 3.2152192
-75.2 3.2152909
-75.19 3.2153626
-75.18 3.2154343
-75.17 3.215506
-75.16 3.2155777
-75.15 3.2156494
-75.14 3.2157211
-75.13 3.2157928
-75.12 3.2158645
-75.11 3.2159362
-75.1 3.2160079
-75.09 3.2160796
-75.08 3.2161513
-75.07 3.216223
-75.06 3.2162947
-75.05 3.2163664
-75.04 3.2164381
-75.03 3.2165098
-75.02 3.2165815
-75.01 3.2166532
-75.0 3.2167249
-74.99 3.2167966
-74.98 3.2168683
-74.97 3.21694
-74.96 3.2170117
-74.95 3.2170834
-74.94 3.2171551
-74.93 3.2172268
-74.92 3.2172985
-74.91 3.2173702
-74.9 3.2174419
-74.89 3.2175136
-74.88 3.2176092
-74.87 3.2176809
-74.86 3.2177526
-74.85 3.2178243
-74.84 3.217896
-74.83 3.2179677
-74.82 3.2180394
-74.81 3.2181111
-74.8 3.2181828
-74.79 3.2182545
-74.78 3.2183262
-74.77 3.2183979
-74.76 3.2184696
-74.75 3.2185413
-74.74 3.2186369
-74.73 3.2187086
-74.72 3.2187803
-74.71 3.218852
-74.7 3.2189237
-74.69 3.2189954
-74.68 3.2190671
-74.67 3.2191388
-74.66 3.2192105
-74.65 3.2192822
-74.64 3.2193778
-74.63 3.2194495
-74.62 3.2195212
-74.61 3.2195929
-74.6 3.2196646
-74.59 3.2197363
-74.58 3.219808
-74.57 3.2198797
-74.56 3.2199753
-74.55 3.220047
-74.54 3.2201187
-74.53 3.2201904
-74.52 3.2202621
-74.51 3.2203338
-74.5 3.2204055
-74.49 3.2205011
-74.48 3.2205728
-74.47 3.2206445
-74.46 3.2207162
-74.45 3.2207879
-74.44 3.2208596
-74.43 3.2209313
-74.42 3.2210269
-74.41 3.2210986
-74.4 3.2211703
-74.39 3.221242
-74.38 3.2213137
-74.37 3.2213854
-74.36 3.221481
-74.35 3.2215527
-74.34 3.2216244
-74.33 3.2216961
-74.32 3.2217678
-74.31 3.2218634
-74.3 3.2219351
-74.29 3.2220068
-74.28 3.2220785
-74.27 3.2221502
-74.26 3.2222219
-74.25 3.2223175
-74.24 3.2223892
-74.23 3.2224609
-74.22 3.2225326
-74.21 3.2226043
-74.2 3.2226999
-74.19 3.2227716
-74.18 3.2228433
-74.17 3.222915
-74.16 3.2230106
-74.15 3.2230823
-74.14 3.223154
-74.13 3.2232257
-74.12 3.2232974
-74.11 3.223393
-74.1 3.2234647
-74.09 3.2235364
-74.08 3.2236081
-74.07 3.2237037
-74.06 3.2237754
-74.05 3.2238471
-74.04 3.2239188
-74.03 3.2240144
-74.02 3.2240861
-74.01 3.2241578
-74.0 3.2242295
-73.99 3.2243251
-73.98 3.2243968
-73.97 3.2244685
-73.96 3.2245402
-73.95 3.2246358
-73.94 3.2247075
-73.93 3.2247792
-73.92 3.2248509
-73.91 3.2249465
-73.9 3.2250182
-73.89 3.2250899
-73.88 3.2251616
-73.87 3.2252572
-73.86 3.2253289
-73.85 3.2254006
-73.84 3.2254962
-73.83 3.2255679
-73.82 3.2256396
-73.81 3.2257113
-73.8 3.2258069
-73.79 3.2258786
-73.78 3.2259503
-73.77 3.2260459
-73.76 3.2261176
-73.75 3.2261893
-73.74 3.2262849
-73.73 3.2263566
-73.72 3.2264283
-73.71 3.2265239
-73.7 3.2265956
-73.69 3.2266673
-73.68 3.226739
-73.67 3.2268346
-73.66 3.2269063
-73.65 3.226978
-73.64 3.2270736
-73.63 3.2271453
-73.62 3.227217
-73.61 3.2273126
-73.6 3.2273843
-73.59 3.227456
-73.58 3.2275516
-73.57 3.2276233
-73.56 3.2277189
-73.55 3.2277906
-73.54 3.2278623
-73.53 3.2279579
-73.52 3.2280296
-73.51 3.2281013
-73.5 3.2281969
-73.49 3.2282686
-73.48 3.2283403
-73.47 3.2284359
-73.46 3.2285076
-73.45 3.2285793
-73.44 3.2286749
-73.43 3.2287466
-73.42 3.2288422
-73.41 3.2289139
-73.4 3.2289856
-73.39 3.2290812
-73.38 3.2291529
-73.37 3.2292485
-73.36 3.2293202
-73.35 3.2293919
-73.34 3.2294875
-73.33 3.2295592
-73.32 3.2296548
-73.31 3.2297265
-73.3 3.2297982
-73.29 3.2298938
-73.28 3.2299655
-73.27 3.2300611
-73.26 3.2301328
-73.25 3.2302045
-73.24 3.2303001
-73.23 3.2303718
-73.22 3.2304674
-73.21 3.2305391
-73.2 3.2306108
-73.19 3.2307064
-73.18 3.2307781
-73.17 3.2308737
-73.16 3.2309454
-73.15 3.231041
-73.14 3.2311127
-73.13 3.2312083
-73.12 3.23128
-73.11 3.2313517
-73.1 3.2314473
-73.09 3.231519
-73.08 3.2316146
-73.07 3.2316863
-73.06 3.2317819
-73.05 3.2318536
-73.04 3.2319492
-73.03 3.2320209
-73.02 3.2320926
-73.01 3.2321882
-73.0 3.2322599
-72.99 3.2323555
-72.98 3.2324272
-72.97 3.2325228
-72.96 3.2325945
-72.95 3.2326901
-72.94 3.2327618
-72.93 3.2328574
-72.92 3.2329291
-72.91 3.2330247
-72.9 3.2330964
-72.89 3.233192
-72.88 3.2332637
-72.87 3.2333593
-72.86 3.233431
-72.85 3.2335266
-72.84 3.2335983
-72.83 3.2336939
-72.82 3.2337656
-72.81 3.2338612
-72.8 3.2339329
-72.79 3.2340285
-72.78 3.2341002
-72.77 3.2341958
-72.76 3.2342675
-72.75 3.2343631
-72.74 3.2344348
-72.73 3.2345304
-72.72 3.2346021
-72.71 3.2346977
-72.7 3.2347694
-72.69 3.234865
-72.68 3.2349606
-72.67 3.2350323
-72.66 3.2351279
-72.65 3.2351996
-72.64 3.2352952
-72.63 3.2353669
-72.62 3.2354625
-72.61 3.2355342
-72.6 3.2356298
-72.59 3.2357015
-72.58 3.2357971
-72.57 3.2358927
-72.56 3.2359644
-72.55 3.23606
-72.54 3.2361317
-72.53 3.2362273
-72.52 3.236299
-72.51 3.2363946
-72.5 3.2364902
-72.49 3.2365619
-72.48 3.2366575
-72.47 3.2367292
-72.46 3.2368248
-72.45 3.2369204
-72.44 3.2369921
-72.43 3.2370877
-72.42 3.2371594
-72.41 3.237255
-72.4 3.2373267
-72.39 3.2374223
-72.38 3.2375179
-72.37 3.2375896
-72.36 3.2376852
-72.35 3.2377569
-72.34 3.2378525
-72.33 3.2379481
-72.32 3.2380198
-72.31 3.2381154
-72.3 3.238211
-72.29 3.2382827
-72.28 3.2383783
-72.27 3.23845
-72.26 3.2385456
-72.25 3.2386412
-72.24 3.2387129
-72.23 3.2388085
-72.22 3.2389041
-72.21 3.2389758
-72.2 3.2390714
-72.19 3.2391431
-72.18 3.2392387
-72.17 3.2393343
-72.16 3.239406
-72.15 3.2395016
-72.14 3.2395972
-72.13 3.2396689
-72.12 3.2397645
-72.11 3.2398601
-72.1 3.2399318
-72.09 3.2400274
-72.08 3.240123
-72.07 3.2401947
-72.06 3.2402903
-72.05 3.2403859
-72.04 3.2404576
-72.03 3.2405532
-72.02 3.2406488
-72.01 3.2407205
-72.0 3.2408161
-71.99 3.2409117
-71.98 3.2409834
-71.97 3.241079
-71.96 3.2411746
-71.95 3.2412702
-71.94 3.2413419
-71.93 3.2414375
-71.92 3.2415331
-71.91 3.2416048
-71.9 3.2417004
-71.89 3.241796
-71.88 3.2418677
-71.87 3.2419633
-71.86 3.2420589
-71.85 3.2421545
-71.84 3.2422262
-71.83 3.2423218
-71.82 3.2424174
-71.81 3.2424891
-71.8 3.2425847
-71.79 3.2426803
-71.78 3.2427759
-71.77 3.2428476
-71.76 3.2429432
-71.75 3.2430388
-71.74 3.2431344
-71.73 3.2432061
-71.72 3.2433017
-71.71 3.2433973
-71.7 3.2434929
-71.69 3.2435646
-71.68 3.2436602
-71.67 3.2437558
-71.66 3.2438514
-71.65 3.2439231
-71.64 3.2440187
-71.63 3.2441143
-71.62 3.2442099
-71.61 3.2442816
-71.6 3.2443772
-71.59 3.2444728
-71.58 3.2445684
-71.57 3.2446401
-71.56 3.2447357
-71.55 3.2448313
-71.54 3.2449269
-71.53 3.2450225
-71.52 3.2450942
-71.51 3.2451898
-71.5 3.2452854
-71.49 3.245381
-71.48 3.2454527
-71.47 3.2455483
-71.46 3.2456439
-71.45 3.2457395
-71.44 3.2458351
-71.43 3.2459068
-71.42 3.2460024
-71.41 3.246098
-71.4 3.2461936
-71.39 3.2462892
-71.38 3.2463848
-71.37 3.2464565
-71.36 3.2465521
-71.35 3.2466477
-71.34 3.2467433
-71.33 3.2468389
-71.32 3.2469106
-71.31 3.2470062
-71.3 3.2471018
-71.29 3.2471974
-71.28 3.247293
-71.27 3.2473886
-71.26 3.2474603
-71.25 3.2475559
-71.24 3.2476515
-71.23 3.2477471
-71.22 3.2478427
-71.21 3.2479383
-71.2 3.2480339
-71.19 3.2481056
-71.18 3.2482012
-71.17 3.2482968
-71.16 3.2483924
-71.15 3.248488
-71.14 3.2485836
-71.13 3.2486792
-71.12 3.2487509
-71.11 3.2488465
-71.1 3.2489421
-71.09 3.2490377
-71.08 3.2491333
-71.07 3.2492289
-71.06 3.2493245
-71.05 3.2494201
-71.04 3.2494918
-71.03 3.2495874
-71.02 3.249683
-71.01 3.2497786
-71.0 3.2498742
-70.99 3.2499698
-70.98 3.2500654
-70.97 3.250161
-70.96 3.2502566
-70.95 3.2503283
-70.94 3.2504239
-70.93 3.2505195
-70.92 3.2506151
-70.91 3.2507107
-70.9 3.2508063
-70.89 3.2509019
-70.88 3.2509975
-70.87 3.2510931
-70.86 3.2511887
-70.85 3.2512843
-70.84 3.2513799
-70.83 3.2514516
-70.82 3.2515472
-70.81 3.2516428
-70.8 3.2517384
-70.79 3.251834
-70.78 3.2519296
-70.77 3.2520252
-70.76 3.2521208
-70.75 3.2522164
-70.74 3.252312
-70.73 3.2524076
-70.72 3.2525032
-70.71 3.2525988
-70.7 3.2526944
-70.69 3.25279
-70.68 3.2528856
-70.67 3.2529812
-70.66 3.2530768
-70.65 3.2531724
-70.64 3.253268
-70.63 3.2533397
-70.62 3.2534353
-70.61 3.2535309
-70.6 3.2536265
-70.59 3.2537221
-70.58 3.2538177
-70.57 3.2539133
-70.56 3.2540089
-70.55 3.2541045
-70.54 3.2542001
-70.53 3.2542957
-70.52 3.2543913
-70.51 3.2544869
-70.5 3.2545825
-70.49 3.2546781
-70.48 3.2547737
-70.47 3.2548693
-70.46 3.2549649
-70.45 3.2550605
-70.44 3.2551561
-70.43 3.2552517
-70.42 3.2553473
-70.41 3.2554429
-70.4 3.2555385
-70.39 3.2556341
-70.38 3.2557297
-70.37 3.2558253
-70.36 3.2559209
-70.35 3.2560165
-70.34 3.256136
-70.33 3.2562316
-70.32 3.2563272
-70.31 3.2564228
-70.3 3.2565184
-70.29 3.256614
-70.28 3.2567096
-70.27 3.2568052
-70.26 3.2569008
-70.25 3.2569964
-70.24 3.257092
-70.23 3.2571876
-70.22 3.2572832
-70.21 3.2573788
-70.2 3.2574744
-70.19 3.25757
-70.18 3.2576656
-70.17 3.2577612
-70.16 3.2578568
-70.15 3.2579524
-70.14 3.2580719
-70.13 3.2581675
-70.12 3.2582631
-70.11 3.2583587
-70.1 3.2584543
-70.09 3.2585499
-70.08 3.2586455
-70.07 3.2587411
-70.06 3.2588367
-70.05 3.2589323
-70.04 3.2590279
-70.03 3.2591235
-70.02 3.259243
-70.01 3.2593386
-70.0 3.2594342
-69.99 3.2595298
-69.98 3.2596254
-69.97 3.259721
-69.96 3.2598166
-69.95 3.2599122
-69.94 3.2600078
-69.93 3.2601273
-69.92 3.2602229
-69.91 3.2603185
-69.9 3.2604141
-69.89 3.2605097
-69.88 3.2606053
-69.87 3.2607009
-69.86 3.2607965
-69.85 3.2608921
-69.84 3.2610116
-69.83 3.2611072
-69.82 3.2612028
-69.81 3.2612984
-69.8 3.261394
-69.79 3.2614896
-69.78 3.2615852
-69.77 3.2617047
-69.76 3.2618003
-69.75 3.2618959
-69.74 3.2619915
-69.73 3.2620871
-69.72 3.2621827
-69.71 3.2623022
-69.7 3.2623978
-69.69 3.2624934
-69.68 3.262589
-69.67 3.2626846
-69.66 3.2627802
-69.65 3.2628997
-69.64 3.2629953
-69.63 3.2630909
-69.62 3.2631865
-69.61 3.2632821
-69.6 3.2633777
-69.59 3.2634972
-69.58 3.2635928
-69.57 3.2636884
-69.56 3.263784
-69.55 3.2638796
-69.54 3.2639991
-69.53 3.2640947
-69.52 3.2641903
-69.51 3.2642859
-69.5 3.2643815
-69.49 3.264501
-69.48 3.2645966
-69.47 3.2646922
-69.46 3.2647878
-69.45 3.2648834
-69.44 3.2650029
-69.43 3.2650985
-69.42 3.2651941
-69.41 3.2652897
-69.4 3.2653853
-69.39 3.2655048
-69.38 3.2656004
-69.37 3.265696
-69.36 3.2657916
-69.35 3.2659111
-69.34 3.2660067
-69.33 3.2661023
-69.32 3.2661979
-69.31 3.2663174
-69.3 3.266413
-69.29 3.2665086
-69.28 3.2666042
-69.27 3.2667237
-69.26 3.2668193
-69.25 3.2669149
-69.24 3.2670105
-69.23 3.26713
-69.22 3.2672256
-69.21 3.2673212
-69.2 3.2674168
-69.19 3.2675363
-69.18 3.2676319
-69.17 3.2677275
-69.16 3.2678231
-69.15 3.2679426
-69.14 3.2680382
-69.13 3.2681338
-69.12 3.2682533
-69.11 3.2683489
-69.1 3.2684445
-69.09 3.2685401
-69.08 3.2686596
-69.07 3.2687552
-69.06 3.2688508
-69.05 3.2689703
-69.04 3.2690659
-69.03 3.2691615
-69.02 3.2692571
-69.01 3.2693766
-69.0 3.2694722
-68.99 3.2695678
-68.98 3.2696873
-68.97 3.2697829
-68.96 3.2698785
-68.95 3.269998
-68.94 3.2700936
-68.93 3.2701892
-68.92 3.2702848
-68.91 3.2704043
-68.9 3.2704999
-68.89 3.2705955
-68.88 3.270715
-68.87 3.2708106
-68.86 3.2709062
-68.85 3.2710257
-68.84 3.2711213
-68.83 3.2712169
-68.82 3.2713364
-68.81 3.271432
-68.8 3.2715276
-68.79 3.2716471
-68.78 3.2717427
-68.77 3.2718622
-68.76 3.2719578
-68.75 3.2720534
-68.74 3.2721729
-68.73 3.2722685
-68.72 3.2723641
-68.71 3.2724836
-68.7 3.2725792
-68.69 3.2726748
-68.68 3.2727943
-68.67 3.2728899
-68.66 3.2729855
-68.65 3.273105
-68.64 3.2732006
-68.63 3.2733201
-68.62 3.2734157
-68.61 3.2735113
-68.6 3.2736308
-68.59 3.2737264
-68.58 3.2738459
-68.57 3.2739415
-68.56 3.2740371
-68.55 3.2741566
-68.54 3.2742522
-68.53 3.2743478
-68.52 3.2744673
-68.51 3.2745629
-68.5 3.2746824
-68.49 3.274778
-68.48 3.2748736
-68.47 3.2749931
-68.46 3.2750887
-68.45 3.2752082
-68.44 3.2753038
-68.43 3.2754233
-68.42 3.2755189
-68.41 3.2756145
-68.4 3.275734
-68.39 3.2758296
-68.38 3.2759491
-68.37 3.2760447
-68.36 3.2761642
-68.35 3.2762598
-68.34 3.2763554
-68.33 3.2764749
-68.32 3.2765705
-68.31 3.27669
-68.3 3.2767856
-68.29 3.2769051
-68.28 3.2770007
-68.27 3.2770963
-68.26 3.2772158
-68.25 3.2773114
-68.24 3.2774309
-68.23 3.2775265
-68.22 3.277646
-68.21 3.2777416
-68.2 3.2778611
-68.19 3.2779567
-68.18 3.2780762
-68.17 3.2781718
-68.16 3.2782913
-68.15 3.2783869
-68.14 3.2784825
-68.13 3.278602
-68.12 3.2786976
-68.11 3.2788171
-68.1 3.2789127
-68.09 3.2790322
-68.08 3.2791278
-68.07 3.2792473
-68.06 3.2793429
-68.05 3.2794624
-68.04 3.279558
-68.03 3.2796775
-68.02 3.2797731
-68.01 3.2798926
-68.0 3.2799882
-67.99 3.2801077
-67.98 3.2802033
-67.97 3.2803228
-67.96 3.2804184
-67.95 3.2805379
-67.94 3.2806335
-67.93 3.280753
-67.92 3.2808486
-67.91 3.2809681
-67.9 3.2810637
-67.89 3.2811832
-67.88 3.2812788
-67.87 3.2813983
-67.86 3.2815178
-67.85 3.2816134
-67.84 3.2817329
-67.83 3.2818285
-67.82 3.281948
-67.81 3.2820436
-67.8 3.2821631
-67.79 3.2822587
-67.78 3.2823782
-67.77 3.2824738
-67.76 3.2825933
-67.75 3.2826889
-67.74 3.2828084
-67.73 3.2829279
-67.72 3.2830235
-67.71 3.283143
-67.7 3.2832386
-67.69 3.2833581
-67.68 3.2834537
-67.67 3.2835732
-67.66 3.2836688
-67.65 3.2837883
-67.64 3.2839078
-67.63 3.2840034
-67.62 3.2841229
-67.61 3.2842185
-67.6 3.284338
-67.59 3.2844575
-67.58 3.2845531
-67.57 3.2846726
-67.56 3.2847682
-67.55 3.2848877
-67.54 3.2849833
-67.53 3.2851028
-67.52 3.2852223
-67.51 3.2853179
-67.5 3.2854374
-67.49 3.285533
-67.48 3.2856525
-67.47 3.285772
-67.46 3.2858676
-67.45 3.2859871
-67.44 3.2860827
-67.43 3.2862022
-67.42 3.2863217
-67.41 3.2864173
-67.4 3.2865368
-67.39 3.2866563
-67.38 3.2867519
-67.37 3.2868714
-67.36 3.286967
-67.35 3.2870865
-67.34 3.287206
-67.33 3.2873016
-67.32 3.2874211
-67.31 3.2875406
-67.3 3.2876362
-67.29 3.2877557
-67.28 3.2878513
-67.27 3.2879708
-67.26 3.2880903
-67.25 3.2881859
-67.24 3.2883054
-67.23 3.2884249
-67.22 3.2885205
-67.21 3.28864
-67.2 3.2887595
-67.19 3.2888551
-67.18 3.2889746
-67.17 3.2890941
-67.16 3.2891897
-67.15 3.2893092
-67.14 3.2894287
-67.13 3.2895243
-67.12 3.2896438
-67.11 3.2897633
-67.1 3.2898589
-67.09 3.2899784
-67.08 3.2900979
-67.07 3.2901935
-67.06 3.290313
-67.05 3.2904325
-67.04 3.2905281
-67.03 3.2906476
-67.02 3.2907671
-67.01 3.2908627
-67.0 3.2909822
-66.99 3.2911017
-66.98 3.2912212
-66.97 3.2913168
-66.96 3.2914363
-66.95 3.2915558
-66.94 3.2916514
-66.93 3.2917709
-66.92 3.2918904
-66.91 3.2920099
-66.9 3.2921055
-66.89 3.292225
-66.88 3.2923445
-66.87 3.2924401
-66.86 3.2925596
-66.85 3.2926791
-66.84 3.2927986
-66.83 3.2928942
-66.82 3.2930137
-66.81 3.2931332
-66.8 3.2932288
-66.79 3.2933483
-66.78 3.2934678
-66.77 3.2935873
-66.76 3.2936829
-66.75 3.2938024
-66.74 3.2939219
-66.73 3.2940414
-66.72 3.294137
-66.71 3.2942565
-66.7 3.294376
-66.69 3.2944955
-66.68 3.2945911
-66.67 3.2947106
-66.66 3.2948301
-66.65 3.2949496
-66.64 3.2950452
-66.63 3.2951647
-66.62 3.2952842
-66.61 3.2954037
-66.6 3.2955232
-66.59 3.2956188
-66.58 3.2957383
-66.57 3.2958578
-66.56 3.2959773
-66.55 3.2960729
-66.54 3.2961924
-66.53 3.2963119
-66.52 3.2964314
-66.51 3.2965509
-66.5 3.2966465
-66.49 3.296766
-66.48 3.2968855
-66.47 3.297005
-66.46 3.2971006
-66.45 3.2972201
-66.44 3.2973396
-66.43 3.2974591
-66.42 3.2975786
-66.41 3.2976742
-66.4 3.2977937
-66.39 3.2979132
-66.38 3.2980327
-66.37 3.2981522
-66.36 3.2982717
-66.35 3.2983673
-66.34 3.2984868
-66.33 3.2986063
-66.32 3.2987258
-66.31 3.2988453
-66.3 3.2989409
-66.29 3.2990604
-66.28 3.2991799
-66.27 3.2992994
-66.26 3.2994189
-66.25 3.2995384
-66.24 3.299634
-66.23 3.2997535
-66.22 3.299873
-66.21 3.2999925
-66.2 3.300112
-66.19 3.3002315
-66.18 3.300351
-66.17 3.3004466
-66.16 3.3005661
-66.15 3.3006856
-66.14 3.3008051
-66.13 3.3009246
-66.12 3.3010441
-66.11 3.3011636
-66.1 3.3012592
-66.09 3.3013787
-66.08 3.3014982
-66.07 3.3016177
-66.06 3.3017372
-66.05 3.3018567
-66.04 3.3019762
-66.03 3.3020718
-66.02 3.3021913
-66.01 3.3023108
-66.0 3.3024303
-65.99 3.3025498
-65.98 3.3026693
-65.97 3.3027888
-65.96 3.3029083
-65.95 3.3030278
-65.94 3.3031234
-65.93 3.3032429
-65.92 3.3033624
-65.91 3.3034819
-65.9 3.3036014
-65.89 3.3037209
-65.88 3.3038404
-65.87 3.3039599
-65.86 3.3040794
-65.85 3.3041989
-65.84 3.3042945
-65.83 3.304414
-65.82 3.3045335
-65.81 3.304653
-65.8 3.3047725
-65.79 3.304892
-65.78 3.3050115
-65.77 3.305131
-65.76 3.3052505
-65.75 3.30537
-65.74 3.3054895
-65.73 3.305609
-65.72 3.3057285
-65.71 3.305848
-65.7 3.3059436
-65.69 3.3060631
-65.68 3.3061826
-65.67 3.3063021
-65.66 3.3064216
-65.65 3.3065411
-65.64 3.3066606
-65.63 3.3067801
-65.62 3.3068996
-65.61 3.3070191
-65.6 3.3071386
-65.59 3.3072581
-65.58 3.3073776
-65.57 3.3074971
-65.56 3.3076166
-65.55 3.3077361
-65.54 3.3078556
-65.53 3.3079751
-65.52 3.3080946
-65.51 3.3082141
-65.5 3.3083336
-65.49 3.3084531
-65.48 3.3085726
-65.47 3.3086921
-65.46 3.3088116
-65.45 3.3089072
-65.44 3.3090267
-65.43 3.3091462
-65.42 3.3092657
-65.41 3.3093852
-65.4 3.3095047
-65.39 3.3096242
-65.38 3.3097437
-65.37 3.3098632
-65.36 3.3099827
-65.35 3.3101022
-65.34 3.3102217
-65.33 3.3103412
-65.32 3.3104607
-65.31 3.3105802
-65.3 3.3106997
-65.29 3.3108192
-65.28 3.3109387
-65.27 3.3110582
-65.26 3.3112016
-65.25 3.3113211
-65.24 3.3114406
-65.23 3.3115601
-65.22 3.3116796
-65.21 3.3117991
-65.2 3.3119186
-65.19 3.3120381
-65.18 3.3121576
-65.17 3.3122771
-65.16 3.3123966
-65.15 3.3125161
-65.14 3.3126356
-65.13 3.3127551
-65.12 3.3128746
-65.11 3.3129941
-65.1 3.3131136
-65.09 3.3132331
-65.08 3.3133526
-65.07 3.3134721
-65.06 3.3135916
-65.05 3.3137111
-65.04 3.3138306
-65.03 3.3139501
-65.02 3.3140696
-65.01 3.314213
-65.0 3.3143325
-64.99 3.314452
-64.98 3.3145715
-64.97 3.314691
-64.96 3.3148105
-64.95 3.31493
-64.94 3.3150495
-64.93 3.315169
-64.92 3.3152885
-64.91 3.315408
-64.9 3.3155275
-64.89 3.315647
-64.88 3.3157904
-64.87 3.3159099
-64.86 3.3160294
-64.85 3.3161489
-64.84 3.3162684
-64.83 3.3163879
-64.82 3.3165074
-64.81 3.3166269
-64.8 3.3167464
-64.79 3.3168659
-64.78 3.3169854
-64.77 3.3171288
-64.76 3.3172483
-64.75 3.3173678
-64.74 3.3174873
-64.73 3.3176068
-64.72 3.3177263
-64.71 3.3178458
-64.7 3.3179653
-64.69 3.3181087
-64.68 3.3182282
-64.67 3.3183477
-64.66 3.3184672
-64.65 3.3185867
-64.64 3.3187062
-64.63 3.3188257
-64.62 3.3189452
-64.61 3.3190886
-64.6 3.3192081
-64.59 3.3193276
-64.58 3.3194471
-64.57 3.3195666
-64.56 3.3196861
-64.55 3.3198056
-64.54 3.319949
-64.53 3.3200685
-64.52 3.320188
-64.51 3.3203075
-64.5 3.320427
-64.49 3.3205465
-64.48 3.320666
-64.47 3.3208094
-64.46 3.3209289
-64.45 3.3210484
-64.44 3.3211679
-64.43 3.3212874
-64.42 3.3214069
-64.41 3.3215503
-64.4 3.3216698
-64.39 3.3217893
-64.38 3.3219088
-64.37 3.3220283
-64.36 3.3221478
-64.35 3.3222912
-64.34 3.3224107
-64.33 3.3225302
-64.32 3.3226497
-64.31 3.3227692
-64.3 3.3229126
-64.29 3.3230321
-64.28 3.3231516
-64.27 3.3232711
-64.26 3.3233906
-64.25 3.323534
-64.24 3.3236535
-64.23 3.323773
-64.22 3.3238925
-64.21 3.324012
-64.2 3.3241554
-64.19 3.3242749
-64.18 3.3243944
-64.17 3.3245139
-64.16 3.3246334
-64.15 3.3247768
-64.14 3.3248963
-64.13 3.3250158
-64.12 3.3251353
-64.11 3.3252548
-64.1 3.3253982
-64.09 3.3255177
-64.08 3.3256372
-64.07 3.3257567
-64.06 3.3259001
-64.05 3.3260196
-64.04 3.3261391
-64.03 3.3262586
-64.02 3.326402
-64.01 3.3265215
-64.0 3.326641
-63.99 3.3267605
-63.98 3.3269039
-63.97 3.3270234
-63.96 3.3271429
-63.95 3.3272624
-63.94 3.3274058
-63.93 3.3275253
-63.92 3.3276448
-63.91 3.3277643
-63.9 3.3279077
-63.89 3.3280272
-63.88 3.3281467
-63.87 3.3282662
-63.86 3.3284096
-63.85 3.3285291
-63.84 3.3286486
-63.83 3.3287681
-63.82 3.3289115
-63.81 3.329031
-63.8 3.3291505
-63.79 3.3292939
-63.78 3.3294134
-63.77 3.3295329
-63.76 3.3296524
-63.75 3.3297958
-63.74 3.3299153
-63.73 3.3300348
-63.72 3.3301543
-63.71 3.3302977
-63.7 3.3304172
-63.69 3.3305367
-63.68 3.3306801
-63.67 3.3307996
-63.66 3.3309191
-63.65 3.3310625
-63.64 3.331182
-63.63 3.3313015
-63.62 3.331421
-63.61 3.3315644
-63.6 3.3316839
-63.59 3.3318034
-63.58 3.3319468
-63.57 3.3320663
-63.56 3.3321858
-63.55 3.3323292
-63.54 3.3324487
-63.53 3.3325682
-63.52 3.3327116
-63.51 3.3328311
-63.5 3.3329506
-63.49 3.333094
-63.48 3.3332135
-63.47 3.333333
-63.46 3.3334764
-63.45 3.3335959
-63.44 3.3337154
-63.43 3.3338588
-63.42 3.3339783
-63.41 3.3340978
-63.4 3.3342412
-63.39 3.3343607
-63.38 3.3344802
-63.37 3.3346236
-63.36 3.3347431
-63.35 3.3348626
-63.34 3.335006
-63.33 3.3351255
-63.32 3.335245
-63.31 3.3353884
-63.3 3.3355079
-63.29 3.3356513
-63.28 3.3357708
-63.27 3.3358903
-63.26 3.3360337
-63.25 3.3361532
-63.24 3.3362727
-63.23 3.3364161
-63.22 3.3365356
-63.21 3.336679
-63.2 3.3367985
-63.19 3.336918
-63.18 3.3370614
-63.17 3.3371809
-63.16 3.3373004
-63.15 3.3374438
-63.14 3.3375633
-63.13 3.3377067
-63.12 3.3378262
-63.11 3.3379457
-63.1 3.3380891
-63.09 3.3382086
-63.08 3.338352
-63.07 3.3384715
-63.06 3.338591
-63.05 3.3387344
-63.04 3.3388539
-63.03 3.3389973
-63.02 3.3391168
-63.01 3.3392363
-63.0 3.3393797
-62.99 3.3394992
-62.98 3.3396426
-62.97 3.3397621
-62.96 3.3398816
-62.95 3.340025
-62.94 3.3401445
-62.93 3.3402879
-62.92 3.3404074
-62.91 3.3405508
-62.9 3.3406703
-62.89 3.3407898
-62.88 3.3409332
-62.87 3.3410527
-62.86 3.3411961
-62.85 3.3413156
-62.84 3.341459
-62.83 3.3415785
-62.82 3.3417219
-62.81 3.3418414
-62.8 3.3419609
-62.79 3.3421043
-62.78 3.3422238
-62.77 3.3423672
-62.76 3.3424867
-62.75 3.3426301
-62.74 3.3427496
-62.73 3.342893
-62.72 3.3430125
-62.71 3.343132
-62.7 3.3432754
-62.69 3.3433949
-62.68 3.3435383
-62.67 3.3436578
-62.66 3.3438012
-62.65 3.3439207
-62.64 3.3440641
-62.63 3.3441836
-62.62 3.344327
-62.61 3.3444465
-62.6 3.3445899
-62.59 3.3447094
-62.58 3.3448528
-62.57 3.3449723
-62.56 3.3451157
-62.55 3.3452352
-62.54 3.3453786
-62.53 3.3454981
-62.52 3.3456415
-62.51 3.345761
-62.5 3.3459044
-62.49 3.3460239
-62.48 3.3461673
-62.47 3.3462868
-62.46 3.3464302
-62.45 3.3465497
-62.44 3.3466931
-62.43 3.3468126
-62.42 3.346956
-62.41 3.3470755
-62.4 3.3472189
-62.39 3.3473384
-62.38 3.3474818
-62.37 3.3476013
-62.36 3.3477447
-62.35 3.3478642
-62.34 3.3480076
-62.33 3.3481271
-62.32 3.3482705
-62.31 3.34839
-62.3 3.3485334
-62.29 3.3486529
-62.28 3.3487963
-62.27 3.3489158
-62.26 3.3490592
-62.25 3.3491787
-62.24 3.3493221
-62.23 3.3494416
-62.22 3.349585
-62.21 3.3497284
-62.2 3.3498479
-62.19 3.3499913
-62.18 3.3501108
-62.17 3.3502542
-62.16 3.3503737
-62.15 3.3505171
-62.14 3.3506366
-62.13 3.35078
-62.12 3.3508995
-62.11 3.3510429
-62.1 3.3511863
-62.09 3.3513058
-62.08 3.3514492
-62.07 3.3515687
-62.06 3.3517121
-62.05 3.3518316
-62.04 3.351975
-62.03 3.3521184
-62.02 3.3522379
-62.01 3.3523813
-62.0 3.3525008
-61.99 3.3526442
-61.98 3.3527637
-61.97 3.3529071
-61.96 3.3530505
-61.95 3.35317
-61.94 3.3533134
-61.93 3.3534329
-61.92 3.3535763
-61.91 3.3537197
-61.9 3.3538392
-61.89 3.3539826
-61.88 3.3541021
-61.87 3.3542455
-61.86 3.3543889
-61.85 3.3545084
-61.84 3.3546518
-61.83 3.3547713
-61.82 3.3549147
-61.81 3.3550581
-61.8 3.3551776
-61.79 3.355321
-61.78 3.3554405
-61.77 3.3555839
-61.76 3.3557273
-61.75 3.3558468
-61.74 3.3559902
-61.73 3.3561097
-61.72 3.3562531
-61.71 3.3563965
-61.7 3.356516
-61.69 3.3566594
-61.68 3.3568028
-61.67 3.3569223
-61.66 3.3570657
-61.65 3.3571852
-61.64 3.3573286
-61.63 3.357472
-61.62 3.3575915
-61.61 3.3577349
-61.6 3.3578783
-61.59 3.3579978
-61.58 3.3581412
-61.57 3.3582846
-61.56 3.3584041
-61.55 3.3585475
-61.54 3.358667
-61.53 3.3588104
-61.52 3.3589538
-61.51 3.3590733
-61.5 3.3592167
-61.49 3.3593601
-61.48 3.3594796
-61.47 3.359623
-61.46 3.3597664
-61.45 3.3598859
-61.44 3.3600293
-61.43 3.3601727
-61.42 3.3602922
-61.41 3.3604356
-61.4 3.360579
-61.39 3.3606985
-61.38 3.3608419
-61.37 3.3609853
-61.36 3.3611048
-61.35 3.3612482
-61.34 3.3613916
-61.33 3.3615111
-61.32 3.3616545
-61.31 3.3617979
-61.3 3.3619413
-61.29 3.3620608
-61.28 3.3622042
-61.27 3.3623476
-61.26 3.3624671
-61.25 3.3626105
-61.24 3.3627539
-61.23 3.3628734
-61.22 3.3630168
-61.21 3.3631602
-61.2 3.3632797
-61.19 3.3634231
-61.18 3.3635665
-61.17 3.3637099
-61.16 3.3638294
-61.15 3.3639728
-61.14 3.3641162
-61.13 3.3642357
-61.12 3.3643791
-61.11 3.3645225
-61.1 3.3646659
-61.09 3.3647854
-61.08 3.3649288
-61.07 3.3650722
-61.06 3.3651917
-61.05 3.3653351
-61.04 3.3654785
-61.03 3.3656219
-61.02 3.3657414
-61.01 3.3658848
-61.0 3.3660282
-60.99 3.3661716
-60.98 3.3662911
-60.97 3.3664345
-60.96 3.3665779
-60.95 3.3666974
-60.94 3.3668408
-60.93 3.3669842
-60.92 3.3671276
-60.91 3.3672471
-60.9 3.3673905
-60.89 3.3675339
-60.88 3.3676773
-60.87 3.3677968
-60.86 3.3679402
-60.85 3.3680836
-60.84 3.368227
-60.83 3.3683465
-60.82 3.3684899
-60.81 3.3686333
-60.8 3.3687767
-60.79 3.3689201
-60.78 3.3690396
-60.77 3.369183
-60.76 3.3693264
-60.75 3.3694698
-60.74 3.3695893
-60.73 3.3697327
-60.72 3.3698761
-60.71 3.3700195
-60.7 3.370139
-60.69 3.3702824
-60.68 3.3704258
-60.67 3.3705692
-60.66 3.3707126
-60.65 3.3708321
-60.64 3.3709755
-60.63 3.3711189
-60.62 3.3712623
-60.61 3.3714057
-60.6 3.3715252
-60.59 3.3716686
-60.58 3.371812
-60.57 3.3719554
-60.56 3.3720988
-60.55 3.3722183
-60.54 3.3723617
-60.53 3.3725051
-60.52 3.3726485
-60.51 3.3727919
-60.5 3.3729114
-60.49 3.3730548
-60.48 3.3731982
-60.47 3.3733416
-60.46 3.373485
-60.45 3.3736045
-60.44 3.3737479
-60.43 3.3738913
-60.42 3.3740347
-60.41 3.3741781
-60.4 3.3743215
-60.39 3.374441
-60.38 3.3745844
-60.37 3.3747278
-60.36 3.3748712
-60.35 3.3750146
-60.34 3.3751341
-60.33 3.3752775
-60.32 3.3754209
-60.31 3.3755643
-60.3 3.3757077
-60.29 3.3758511
-60.28 3.3759945
-60.27 3.376114
-60.26 3.3762574
-60.25 3.3764008
-60.24 3.3765442
-60.23 3.3766876
-60.22 3.376831
-60.21 3.3769505
-60.2 3.3770939
-60.19 3.3772373
-60.18 3.3773807
-60.17 3.3775241
-60.16 3.3776675
-60.15 3.3778109
-60.14 3.3779304
-60.13 3.3780738
-60.12 3.3782172
-60.11 3.3783606
-60.1 3.378504
-60.09 3.3786474
-60.08 3.3787908
-60.07 3.3789342
-60.06 3.3790537
-60.05 3.3791971
-60.04 3.3793405
-60.03 3.3794839
-60.02 3.3796273
-60.01 3.3797707
-60.0 3.3799141
-59.99 3.3800575
-59.98 3.380177
-59.97 3.3803204
-59.96 3.3804638
-59.95 3.3806072
-59.94 3.3807506
-59.93 3.380894
-59.92 3.3810374
-59.91 3.3811808
-59.9 3.3813242
-59.89 3.3814437
-59.88 3.3815871
-59.87 3.3817305
-59.86 3.3818739
-59.85 3.3820173
-59.84 3.3821607
-59.83 3.3823041
-59.82 3.3824475
-59.81 3.3825909
-59.8 3.3827343
-59.79 3.3828777
-59.78 3.3829972
-59.77 3.3831406
-59.76 3.383284
-59.75 3.3834274
-59.74 3.3835708
-59.73 3.3837142
-59.72 3.3838576
-59.71 3.384001
-59.7 3.3841444
-59.69 3.3842878
-59.68 3.3844312
-59.67 3.3845746
-59.66 3.384718
-59.65 3.3848375
-59.64 3.3849809
-59.63 3.3851243
-59.62 3.3852677
-59.61 3.3854111
-59.6 3.3855545
-59.59 3.3856979
-59.58 3.3858413
-59.57 3.3859847
-59.56 3.3861281
-59.55 3.3862715
-59.54 3.3864149
-59.53 3.3865583
-59.52 3.3867017
-59.51 3.3868451
-59.5 3.3869885
-59.49 3.3871319
-59.48 3.3872753
-59.47 3.3873948
-59.46 3.3875382
-59.45 3.3876816
-59.44 3.387825
-59.43 3.3879684
-59.42 3.3881118
-59.41 3.3882552
-59.4 3.3883986
-59.39 3.388542
-59.38 3.3886854
-59.37 3.3888288
-59.36 3.3889722
-59.35 3.3891156
-59.34 3.389259
-59.33 3.3894024
-59.32 3.3895458
-59.31 3.3896892
-59.3 3.3898326
-59.29 3.389976
-59.28 3.3901194
-59.27 3.3902628
-59.26 3.3904062
-59.25 3.3905496
-59.24 3.390693
-59.23 3.3908364
-59.22 3.3909798
-59.21 3.3911232
-59.2 3.3912666
-59.19 3.39141
-59.18 3.3915534
-59.17 3.3916968
-59.16 3.3918402
-59.15 3.3919836
-59.14 3.392127
-59.13 3.3922704
-59.12 3.3924138
-59.11 3.3925572
-59.1 3.3927006
-59.09 3.392844
-59.08 3.3929874
-59.07 3.3931308
-59.06 3.3932742
-59.05 3.3934176
-59.04 3.393561
-59.03 3.3937044
-59.02 3.3938478
-59.01 3.3939912
-59.0 3.3941346
-58.99 3.394278
-58.98 3.3944214
-58.97 3.3945648
-58.96 3.3947082
-58.95 3.3948516
-58.94 3.394995
-58.93 3.3951384
-58.92 3.3952818
-58.91 3.3954252
-58.9 3.3955686
-58.89 3.395712
-58.88 3.3958793
-58.87 3.3960227
-58.86 3.3961661
-58.85 3.3963095
-58.84 3.3964529
-58.83 3.3965963
-58.82 3.3967397
-58.81 3.3968831
-58.8 3.3970265
-58.79 3.3971699
-58.78 3.3973133
-58.77 3.3974567
-58.76 3.3976001
-58.75 3.3977435
-58.74 3.3978869
-58.73 3.3980303
-58.72 3.3981737
-58.71 3.3983171
-58.7 3.3984844
-58.69 3.3986278
-58.68 3.3987712
-58.67 3.3989146
-58.66 3.399058
-58.65 3.3992014
-58.64 3.3993448
-58.63 3.3994882
-58.62 3.3996316
-58.61 3.399775
-58.6 3.3999184
-58.59 3.4000618
-58.58 3.4002052
-58.57 3.4003486
-58.56 3.4005159
-58.55 3.4006593
-58.54 3.4008027
-58.53 3.4009461
-58.52 3.4010895
-58.51 3.4012329
-58.5 3.4013763
-58.49 3.4015197
-58.48 3.4016631
-58.47 3.4018065
-58.46 3.4019499
-58.45 3.4021172
-58.44 3.4022606
-58.43 3.402404
-58.42 3.4025474
-58.41 3.4026908
-58.4 3.4028342
-58.39 3.4029776
-58.38 3.403121
-58.37 3.4032644
-58.36 3.4034317
-58.35 3.4035751
-58.34 3.4037185
-58.33 3.4038619
-58.32 3.4040053
-58.31 3.4041487
-58.3 3.4042921
-58.29 3.4044355
-58.28 3.4045789
-58.27 3.4047462
-58.26 3.4048896
-58.25 3.405033
-58.24 3.4051764
-58.23 3.4053198
-58.22 3.4054632
-58.21 3.4056066
-58.2 3.4057739
-58.19 3.4059173
-58.18 3.4060607
-58.17 3.4062041
-58.16 3.4063475
-58.15 3.4064909
-58.14 3.4066343
-58.13 3.4067777
-58.12 3.406945
-58.11 3.4070884
-58.1 3.4072318
-58.09 3.4073752
-58.08 3.4075186
-58.07 3.407662
-58.06 3.4078293
-58.05 3.4079727
-58.04 3.4081161
-58.03 3.4082595
-58.02 3.4084029
-58.01 3.4085463
-58.0 3.4086897
-57.99 3.408857
-57.98 3.4090004
-57.97 3.4091438
-57.96 3.4092872
-57.95 3.4094306
-57.94 3.409574
-57.93 3.4097413
-57.92 3.4098847
-57.91 3.4100281
-57.9 3.4101715
-57.89 3.4103149
-57.88 3.4104583
-57.87 3.4106256
-57.86 3.410769
-57.85 3.4109124
-57.84 3.4110558
-57.83 3.4111992
-57.82 3.4113665
-57.81 3.4115099
-57.8 3.4116533
-57.79 3.4117967
-57.78 3.4119401
-57.77 3.4120835
-57.76 3.4122508
-57.75 3.4123942
-57.74 3.4125376
-57.73 3.412681
-57.72 3.4128244
-57.71 3.4129917
-57.7 3.4131351
-57.69 3.4132785
-57.68 3.4134219
-57.67 3.4135653
-57.66 3.4137326
-57.65 3.413876
-57.64 3.4140194
-57.63 3.4141628
-57.62 3.4143062
-57.61 3.4144735
-57.6 3.4146169
-57.59 3.4147603
-57.58 3.4149037
-57.57 3.415071
-57.56 3.4152144
-57.55 3.4153578
-57.54 3.4155012
-57.53 3.4156446
-57.52 3.4158119
-57.51 3.4159553
-57.5 3.4160987
-57.49 3.4162421
-57.48 3.4164094
-57.47 3.4165528
-57.46 3.4166962
-57.45 3.4168396
-57.44 3.416983
-57.43 3.4171503
-57.42 3.4172937
-57.41 3.4174371
-57.4 3.4175805
-57.39 3.4177478
-57.38 3.4178912
-57.37 3.4180346
-57.36 3.418178
-57.35 3.4183453
-57.34 3.4184887
-57.33 3.4186321
-57.32 3.4187755
-57.31 3.4189428
-57.3 3.4190862
-57.29 3.4192296
-57.28 3.419373
-57.27 3.4195403
-57.26 3.4196837
-57.25 3.4198271
-57.24 3.4199705
-57.23 3.4201378
-57.22 3.4202812
-57.21 3.4204246
-57.2 3.420568
-57.19 3.4207353
-57.18 3.4208787
-57.17 3.4210221
-57.16 3.4211655
-57.15 3.4213328
-57.14 3.4214762
-57.13 3.4216196
-57.12 3.4217869
-57.11 3.4219303
-57.1 3.4220737
-57.09 3.4222171
-57.08 3.4223844
-57.07 3.4225278
-57.06 3.4226712
-57.05 3.4228146
-57.04 3.4229819
-57.03 3.4231253
-57.02 3.4232687
-57.01 3.423436
-57.0 3.4235794
-56.99 3.4237228
-56.98 3.4238662
-56.97 3.4240335
-56.96 3.4241769
-56.95 3.4243203
-56.94 3.4244876
-56.93 3.424631
-56.92 3.4247744
-56.91 3.4249417
-56.9 3.4250851
-56.89 3.4252285
-56.88 3.4253719
-56.87 3.4255392
-56.86 3.4256826
-56.85 3.425826
-56.84 3.4259933
-56.83 3.4261367
-56.82 3.4262801
-56.81 3.4264474
-56.8 3.4265908
-56.79 3.4267342
-56.78 3.4268776
-56.77 3.4270449
-56.76 3.4271883
-56.75 3.4273317
-56.74 3.427499
-56.73 3.4276424
-56.72 3.4277858
-56.71 3.4279531
-56.7 3.4280965
-56.69 3.4282399
-56.68 3.4284072
-56.67 3.4285506
-56.66 3.428694
-56.65 3.4288613
-56.64 3.4290047
-56.63 3.4291481
-56.62 3.4293154
-56.61 3.4294588
-56.6 3.4296022
-56.59 3.4297695
-56.58 3.4299129
-56.57 3.4300563
-56.56 3.4302236
-56.55 3.430367
-56.54 3.4305104
-56.53 3.4306777
-56.52 3.4308211
-56.51 3.4309645
-56.5 3.4311318
-56.49 3.4312752
-56.48 3.4314186
-56.47 3.4315859
-56.46 3.4317293
-56.45 3.4318727
-56.44 3.43204
-56.43 3.4321834
-56.42 3.4323507
-56.41 3.4324941
-56.4 3.4326375
-56.39 3.4328048
-56.38 3.4329482
-56.37 3.4330916
-56.36 3.4332589
-56.35 3.4334023
-56.34 3.4335457
-56.33 3.433713
-56.32 3.4338564
-56.31 3.4340237
-56.3 3.4341671
-56.29 3.4343105
-56.28 3.4344778
-56.27 3.4346212
-56.26 3.4347646
-56.25 3.4349319
-56.24 3.4350753
-56.23 3.4352426
-56.22 3.435386
-56.21 3.4355294
-56.2 3.4356967
-56.19 3.4358401
-56.18 3.4359835
-56.17 3.4361508
-56.16 3.4362942
-56.15 3.4364615
-56.14 3.4366049
-56.13 3.4367483
-56.12 3.4369156
-56.11 3.437059
-56.1 3.4372263
-56.09 3.4373697
-56.08 3.4375131
-56.07 3.4376804
-56.06 3.4378238
-56.05 3.4379911
-56.04 3.4381345
-56.03 3.4382779
-56.02 3.4384452
-56.01 3.4385886
-56.0 3.4387559
-55.99 3.4388993
-55.98 3.4390427
-55.97 3.43921
-55.96 3.4393534
-55.95 3.4395207
-55.94 3.4396641
-55.93 3.4398075
-55.92 3.4399748
-55.91 3.4401182
-55.9 3.4402855
-55.89 3.4404289
-55.88 3.4405962
-55.87 3.4407396
-55.86 3.440883
-55.85 3.4410503
-55.84 3.4411937
-55.83 3.441361
-55.82 3.4415044
-55.81 3.4416478
-55.8 3.4418151
-55.79 3.4419585
-55.78 3.4421258
-55.77 3.4422692
-55.76 3.4424365
-55.75 3.4425799
-55.74 3.4427472
-55.73 3.4428906
-55.72 3.443034
-55.71 3.4432013
-55.7 3.4433447
-55.69 3.443512
-55.68 3.4436554
-55.67 3.4438227
-55.66 3.4439661
-55.65 3.4441095
-55.64 3.4442768
-55.63 3.4444202
-55.62 3.4445875
-55.61 3.4447309
-55.6 3.4448982
-55.59 3.4450416
-55.58 3.4452089
-55.57 3.4453523
-55.56 3.4455196
-55.55 3.445663
-55.54 3.4458064
-55.53 3.4459737
-55.52 3.4461171
-55.51 3.4462844
-55.5 3.4464278
-55.49 3.4465951
-55.48 3.4467385
-55.47 3.4469058
-55.46 3.4470492
-55.45 3.4472165
-55.44 3.4473599
-55.43 3.4475272
-55.42 3.4476706
-55.41 3.447814
-55.4 3.4479813
-55.39 3.4481247
-55.38 3.448292
-55.37 3.4484354
-55.36 3.4486027
-55.35 3.4487461
-55.34 3.4489134
-55.33 3.4490568
-55.32 3.4492241
-55.31 3.4493675
-55.3 3.4495348
-55.29 3.4496782
-55.28 3.4498455
-55.27 3.4499889
-55.26 3.4501562
-55.25 3.4502996
-55.24 3.4504669
-55.23 3.4506103
-55.22 3.4507776
-55.21 3.450921
-55.2 3.4510883
-55.19 3.4512317
-55.18 3.451399
-55.17 3.4515424
-55.16 3.4517097
-55.15 3.4518531
-55.14 3.4520204
-55.13 3.4521638
-55.12 3.4523311
-55.11 3.4524745
-55.1 3.4526418
-55.09 3.4527852
-55.08 3.4529525
-55.07 3.4530959
-55.06 3.4532632
-55.05 3.4534066
-55.04 3.4535739
-55.03 3.4537173
-55.02 3.4538846
-55.01 3.454028
-55.0 3.4541953
-54.99 3.4543387
-54.98 3.454506
-54.97 3.4546494
-54.96 3.4548167
-54.95 3.4549601
-54.94 3.4551274
-54.93 3.4552708
-54.92 3.4554381
-54.91 3.4555815
-54.9 3.4557488
-54.89 3.4559161
-54.88 3.4560595
-54.87 3.4562268
-54.86 3.4563702
-54.85 3.4565375
-54.84 3.4566809
-54.83 3.4568482
-54.82 3.4569916
-54.81 3.4571589
-54.8 3.4573023
-54.79 3.4574696
-54.78 3.457613
-54.77 3.4577803
-54.76 3.4579237
-54.75 3.458091
-54.74 3.4582583
-54.73 3.4584017
-54.72 3.458569
-54.71 3.4587124
-54.7 3.4588797
-54.69 3.4590231
-54.68 3.4591904
-54.67 3.4593338
-54.66 3.4595011
-54.65 3.4596445
-54.64 3.4598118
-54.63 3.4599791
-54.62 3.4601225
-54.61 3.4602898
-54.6 3.4604332
-54.59 3.4606005
-54.58 3.4607439
-54.57 3.4609112
-54.56 3.4610785
-54.55 3.4612219
-54.54 3.4613892
-54.53 3.4615326
-54.52 3.4616999
-54.51 3.4618433
-54.5 3.4620106
-54.49 3.462154
-54.48 3.4623213
-54.47 3.4624886
-54.46 3.462632
-54.45 3.4627993
-54.44 3.4629427
-54.43 3.46311
-54.42 3.4632534
-54.41 3.4634207
-54.4 3.463588
-54.39 3.4637314
-54.38 3.4638987
-54.37 3.4640421
-54.36 3.4642094
-54.35 3.4643767
-54.34 3.4645201
-54.33 3.4646874
-54.32 3.4648308
-54.31 3.4649981
-54.3 3.4651415
-54.29 3.4653088
-54.28 3.4654761
-54.27 3.4656195
-54.26 3.4657868
-54.25 3.4659302
-54.24 3.4660975
-54.23 3.4662648
-54.22 3.4664082
-54.21 3.4665755
-54.2 3.4667189
-54.19 3.4668862
-54.18 3.4670535
-54.17 3.4671969
-54.16 3.4673642
-54.15 3.4675076
-54.14 3.4676749
-54.13 3.4678422
-54.12 3.4679856
-54.11 3.4681529
-54.1 3.4682963
-54.09 3.4684636
-54.08 3.4686309
-54.07 3.4687743
-54.06 3.4689416
-54.05 3.4691089
-54.04 3.4692523
-54.03 3.4694196
-54.02 3.469563
-54.01 3.4697303
-54.0 3.4698976
-53.99 3.470041
-53.98 3.4702083
-53.97 3.4703517
-53.96 3.470519
-53.95 3.4706863
-53.94 3.4708297
-53.93 3.470997
-53.92 3.4711643
-53.91 3.4713077
-53.9 3.471475
-53.89 3.4716184
-53.88 3.4717857
-53.87 3.471953
-53.86 3.4720964
-53.85 3.4722637
-53.84 3.472431
-53.83 3.4725744
-53.82 3.4727417
-53.81 3.472909
-53.8 3.4730524
-53.79 3.4732197
-53.78 3.4733631
-53.77 3.4735304
-53.76 3.4736977
-53.75 3.4738411
-53.74 3.4740084
-53.73 3.4741757
-53.72 3.4743191
-53.71 3.4744864
-53.7 3.4746537
-53.69 3.4747971
-53.68 3.4749644
-53.67 3.4751317
-53.66 3.4752751
-53.65 3.4754424
-53.64 3.4755858
-53.63 3.4757531
-53.62 3.4759204
-53.61 3.4760638
-53.6 3.4762311
-53.59 3.4763984
-53.58 3.4765418
-53.57 3.4767091
-53.56 3.4768764
-53.55 3.4770198
-53.54 3.4771871
-53.53 3.4773544
-53.52 3.4774978
-53.51 3.4776651
-53.5 3.4778324
-53.49 3.4779758
-53.48 3.4781431
-53.47 3.4783104
-53.46 3.4784538
-53.45 3.4786211
-53.44 3.4787884
-53.43 3.4789318
-53.42 3.4790991
-53.41 3.4792664
-53.4 3.4794098
-53.39 3.4795771
-53.38 3.4797444
-53.37 3.4798878
-53.36 3.4800551
-53.35 3.4802224
-53.34 3.4803658
-53.33 3.4805331
-53.32 3.4807004
-53.31 3.4808677
-53.3 3.4810111
-53.29 3.4811784
-53.28 3.4813457
-53.27 3.4814891
-53.26 3.4816564
-53.25 3.4818237
-53.24 3.4819671
-53.23 3.4821344
-53.22 3.4823017
-53.21 3.4824451
-53.2 3.4826124
-53.19 3.4827797
-53.18 3.482947
-53.17 3.4830904
-53.16 3.4832577
-53.15 3.483425
-53.14 3.4835684
-53.13 3.4837357
-53.12 3.483903
-53.11 3.4840464
-53.1 3.4842137
-53.09 3.484381
-53.08 3.4845483
-53.07 3.4846917
-53.06 3.484859
-53.05 3.4850263
-53.04 3.4851697
-53.03 3.485337
-53.02 3.4855043
-53.01 3.4856477
-53.0 3.485815
-52.99 3.4859823
-52.98 3.4861496
-52.97 3.486293
-52.96 3.4864603
-52.95 3.4866276
-52.94 3.486771
-52.93 3.4869383
-52.92 3.4871056
-52.91 3.4872729
-52.9 3.4874163
-52.89 3.4875836
-52.88 3.4877509
-52.87 3.4879182
-52.86 3.4880616
-52.85 3.4882289
-52.84 3.4883962
-52.83 3.4885396
-52.82 3.4887069
-52.81 3.4888742
-52.8 3.4890415
-52.79 3.4891849
-52.78 3.4893522
-52.77 3.4895195
-52.76 3.4896868
-52.75 3.4898302
-52.74 3.4899975
-52.73 3.4901648
-52.72 3.4903082
-52.71 3.4904755
-52.7 3.4906428
-52.69 3.4908101
-52.68 3.4909535
-52.67 3.4911208
-52.66 3.4912881
-52.65 3.4914554
-52.64 3.4915988
-52.63 3.4917661
-52.62 3.4919334
-52.61 3.4921007
-52.6 3.4922441
-52.59 3.4924114
-52.58 3.4925787
-52.57 3.492746
-52.56 3.4928894
-52.55 3.4930567
-52.54 3.493224
-52.53 3.4933913
-52.52 3.4935347
-52.51 3.493702
-52.5 3.4938693
-52.49 3.4940366
-52.48 3.49418
-52.47 3.4943473
-52.46 3.4945146
-52.45 3.4946819
-52.44 3.4948253
-52.43 3.4949926
-52.42 3.4951599
-52.41 3.4953272
-52.4 3.4954706
-52.39 3.4956379
-52.38 3.4958052
-52.37 3.4959725
-52.36 3.4961398
-52.35 3.4962832
-52.34 3.4964505
-52.33 3.4966178
-52.32 3.4967851
-52.31 3.4969285
-52.3 3.4970958
-52.29 3.4972631
-52.28 3.4974304
-52.27 3.4975738
-52.26 3.4977411
-52.25 3.4979084
-52.24 3.4980757
-52.23 3.498243
-52.22 3.4983864
-52.21 3.4985537
-52.2 3.498721
-52.19 3.4988883
-52.18 3.4990317
-52.17 3.499199
-52.16 3.4993663
-52.15 3.4995336
-52.14 3.4997009
-52.13 3.4998443
-52.12 3.5000116
-52.11 3.5001789
-52.1 3.5003462
-52.09 3.5005135
-52.08 3.5006569
-52.07 3.5008242
-52.06 3.5009915
-52.05 3.5011588
-52.04 3.5013022
-52.03 3.5014695
-52.02 3.5016368
-52.01 3.5018041
-52.0 3.5019714
-51.99 3.5021148
-51.98 3.5022821
-51.97 3.5024494
-51.96 3.5026167
-51.95 3.502784
-51.94 3.5029274
-51.93 3.5030947
-51.92 3.503262
-51.91 3.5034293
-51.9 3.5035966
-51.89 3.50374
-51.88 3.5039073
-51.87 3.5040746
-51.86 3.5042419
-51.85 3.5044092
-51.84 3.5045526
-51.83 3.5047199
-51.82 3.5048872
-51.81 3.5050545
-51.8 3.5052218
-51.79 3.5053891
-51.78 3.5055325
-51.77 3.5056998
-51.76 3.5058671
-51.75 3.5060344
-51.74 3.5062017
-51.73 3.5063451
-51.72 3.5065124
-51.71 3.5066797
-51.7 3.506847
-51.69 3.5070143
-51.68 3.5071816
-51.67 3.507325
-51.66 3.5074923
-51.65 3.5076596
-51.64 3.5078269
-51.63 3.5079942
-51.62 3.5081376
-51.61 3.5083049
-51.6 3.5084722
-51.59 3.5086395
-51.58 3.5088068
-51.57 3.5089741
-51.56 3.5091175
-51.55 3.5092848
-51.54 3.5094521
-51.53 3.5096194
-51.52 3.5097867
-51.51 3.509954
-51.5 3.5100974
-51.49 3.5102647
-51.48 3.510432
-51.47 3.5105993
-51.46 3.5107666
-51.45 3.5109339
-51.44 3.5110773
-51.43 3.5112446
-51.42 3.5114119
-51.41 3.5115792
-51.4 3.5117465
-51.39 3.5119138
-51.38 3.5120811
-51.37 3.5122245
-51.36 3.5123918
-51.35 3.5125591
-51.34 3.5127264
-51.33 3.5128937
-51.32 3.513061
-51.31 3.5132044
-51.3 3.5133717
-51.29 3.513539
-51.28 3.5137063
-51.27 3.5138736
-51.26 3.5140409
-51.25 3.5142082
-51.24 3.5143516
-51.23 3.5145189
-51.22 3.5146862
-51.21 3.5148535
-51.2 3.5150208
-51.19 3.5151881
-51.18 3.5153554
-51.17 3.5154988
-51.16 3.5156661
-51.15 3.5158334
-51.14 3.5160007
-51.13 3.516168
-51.12 3.5163353
-51.11 3.5165026
-51.1 3.516646
-51.09 3.5168133
-51.08 3.5169806
-51.07 3.5171479
-51.06 3.5173152
-51.05 3.5174825
-51.04 3.5176498
-51.03 3.5178171
-51.02 3.5179605
-51.01 3.5181278
-51.0 3.5182951
-50.99 3.5184624
-50.98 3.5186297
-50.97 3.518797
-50.96 3.5189643
-50.95 3.5191316
-50.94 3.519275
-50.93 3.5194423
-50.92 3.5196096
-50.91 3.5197769
-50.9 3.5199442
-50.89 3.5201115
-50.88 3.5202788
-50.87 3.5204461
-50.86 3.5205895
-50.85 3.5207568
-50.84 3.5209241
-50.83 3.5210914
-50.82 3.5212587
-50.81 3.521426
-50.8 3.5215933
-50.79 3.5217606
-50.78 3.521904
-50.77 3.5220713
-50.76 3.5222386
-50.75 3.5224059
-50.74 3.5225732
-50.73 3.5227405
-50.72 3.5229078
-50.71 3.5230751
-50.7 3.5232424
-50.69 3.5233858
-50.68 3.5235531
-50.67 3.5237204
-50.66 3.5238877
-50.65 3.524055
-50.64 3.5242223
-50.63 3.5243896
-50.62 3.5245569
-50.61 3.5247242
-50.6 3.5248915
-50.59 3.5250349
-50.58 3.5252022
-50.57 3.5253695
-50.56 3.5255368
-50.55 3.5257041
-50.54 3.5258714
-50.53 3.5260387
-50.52 3.526206
-50.51 3.5263733
-50.5 3.5265406
-50.49 3.526684
-50.48 3.5268513
-50.47 3.5270186
-50.46 3.5271859
-50.45 3.5273532
-50.44 3.5275205
-50.43 3.5276878
-50.42 3.5278551
-50.41 3.5280224
-50.4 3.5281897
-50.39 3.528357
-50.38 3.5285243
-50.37 3.5286677
-50.36 3.528835
-50.35 3.5290023
-50.34 3.5291696
-50.33 3.5293369
-50.32 3.5295042
-50.31 3.5296715
-50.3 3.5298388
-50.29 3.5300061
-50.28 3.5301734
-50.27 3.5303407
-50.26 3.530508
-50.25 3.5306514
-50.24 3.5308187
-50.23 3.530986
-50.22 3.5311533
-50.21 3.5313206
-50.2 3.5314879
-50.19 3.5316552
-50.18 3.5318225
-50.17 3.5319898
-50.16 3.5321571
-50.15 3.5323244
-50.14 3.5324917
-50.13 3.532659
-50.12 3.5328024
-50.11 3.5329697
-50.1 3.533137
-50.09 3.5333043
-50.08 3.5334716
-50.07 3.5336389
-50.06 3.5338062
-50.05 3.5339735
-50.04 3.5341408
-50.03 3.5343081
-50.02 3.5344754
-50.01 3.5346427
-50.0 3.53481
-49.99 3.5349773
-49.98 3.5351446
-49.97 3.5353119
-49.96 3.5354553
-49.95 3.5356226
-49.94 3.5357899
-49.93 3.5359572
-49.92 3.5361245
-49.91 3.5362918
-49.9 3.5364591
-49.89 3.5366264
-49.88 3.5367937
-49.87 3.536961
-49.86 3.5371283
-49.85 3.5372956
-49.84 3.5374629
-49.83 3.5376302
-49.82 3.5377975
-49.81 3.5379648
-49.8 3.5381321
-49.79 3.5382994
-49.78 3.5384428
-49.77 3.5386101
-49.76 3.5387774
-49.75 3.5389447
-49.74 3.539112
-49.73 3.5392793
-49.72 3.5394466
-49.71 3.5396139
-49.7 3.5397812
-49.69 3.5399485
-49.68 3.5401158
-49.67 3.5402831
-49.66 3.5404504
-49.65 3.5406177
-49.64 3.540785
-49.63 3.5409523
-49.62 3.5411196
-49.61 3.5412869
-49.6 3.5414542
-49.59 3.5416215
-49.58 3.5417888
-49.57 3.5419561
-49.56 3.5421234
-49.55 3.5422907
-49.54 3.5424341
-49.53 3.5426014
-49.52 3.5427687
-49.51 3.542936
-49.5 3.5431033
-49.49 3.5432706
-49.48 3.5434379
-49.47 3.5436052
-49.46 3.5437725
-49.45 3.5439398
-49.44 3.5441071
-49.43 3.5442744
-49.42 3.5444417
-49.41 3.544609
-49.4 3.5447763
-49.39 3.5449436
-49.38 3.5451109
-49.37 3.5452782
-49.36 3.5454455
-49.35 3.5456128
-49.34 3.5457801
-49.33 3.5459474
-49.32 3.5461147
-49.31 3.546282
-49.3 3.5464493
-49.29 3.5466166
-49.28 3.5467839
-49.27 3.5469512
-49.26 3.5471185
-49.25 3.5472858
-49.24 3.5474531
-49.23 3.5476204
-49.22 3.5477877
-49.21 3.547955
-49.2 3.5481223
-49.19 3.5482896
-49.18 3.5484569
-49.17 3.5486242
-49.16 3.5487915
-49.15 3.5489588
-49.14 3.5491261
-49.13 3.5492934
-49.12 3.5494368
-49.11 3.5496041
-49.1 3.5497714
-49.09 3.5499387
-49.08 3.550106
-49.07 3.5502733
-49.06 3.5504406
-49.05 3.5506079
-49.04 3.5507752
-49.03 3.5509425
-49.02 3.5511098
-49.01 3.5512771
-49.0 3.5514444
-48.99 3.5516117
-48.98 3.551779
-48.97 3.5519463
-48.96 3.5521136
-48.95 3.5522809
-48.94 3.5524482
-48.93 3.5526155
-48.92 3.5527828
-48.91 3.5529501
-48.9 3.5531174
-48.89 3.5532847
-48.88 3.553452
-48.87 3.5536193
-48.86 3.5537866
-48.85 3.5539539
-48.84 3.5541212
-48.83 3.5542885
-48.82 3.5544558
-48.81 3.5546231
-48.8 3.5547904
-48.79 3.5549577
-48.78 3.555125
-48.77 3.5552923
-48.76 3.5554596
-48.75 3.5556269
-48.74 3.5557942
-48.73 3.5559615
-48.72 3.5561288
-48.71 3.5562961
-48.7 3.5564634
-48.69 3.5566307
-48.68 3.556798
-48.67 3.5569653
-48.66 3.5571326
-48.65 3.5573238
-48.64 3.5574911
-48.63 3.5576584
-48.62 3.5578257
-48.61 3.557993
-48.6 3.5581603
-48.59 3.5583276
-48.58 3.5584949
-48.57 3.5586622
-48.56 3.5588295
-48.55 3.5589968
-48.54 3.5591641
-48.53 3.5593314
-48.52 3.5594987
-48.51 3.559666
-48.5 3.5598333
-48.49 3.5600006
-48.48 3.5601679
-48.47 3.5603352
-48.46 3.5605025
-48.45 3.5606698
-48.44 3.5608371
-48.43 3.5610044
-48.42 3.5611717
-48.41 3.561339
-48.4 3.5615063
-48.39 3.5616736
-48.38 3.5618409
-48.37 3.5620082
-48.36 3.5621755
-48.35 3.5623428
-48.34 3.5625101
-48.33 3.5626774
-48.32 3.5628447
-48.31 3.563012
-48.3 3.5631793
-48.29 3.5633466
-48.28 3.5635139
-48.27 3.5636812
-48.26 3.5638485
-48.25 3.5640158
-48.24 3.5641831
-48.23 3.5643504
-48.22 3.5645177
-48.21 3.564685
-48.2 3.5648762
-48.19 3.5650435
-48.18 3.5652108
-48.17 3.5653781
-48.16 3.5655454
-48.15 3.5657127
-48.14 3.56588
-48.13 3.5660473
-48.12 3.5662146
-48.11 3.5663819
-48.1 3.5665492
-48.09 3.5667165
-48.08 3.5668838
-48.07 3.5670511
-48.06 3.5672184
-48.05 3.5673857
-48.04 3.567553
-48.03 3.5677203
-48.02 3.5678876
-48.01 3.5680549
-48.0 3.5682222
-47.99 3.5683895
-47.98 3.5685568
-47.97 3.5687241
-47.96 3.5688914
-47.95 3.5690587
-47.94 3.5692499
-47.93 3.5694172
-47.92 3.5695845
-47.91 3.5697518
-47.9 3.5699191
-47.89 3.5700864
-47.88 3.5702537
-47.87 3.570421
-47.86 3.5705883
-47.85 3.5707556
-47.84 3.5709229
-47.83 3.5710902
-47.82 3.5712575
-47.81 3.5714248
-47.8 3.5715921
-47.79 3.5717594
-47.78 3.5719267
-47.77 3.572094
-47.76 3.5722613
-47.75 3.5724286
-47.74 3.5725959
-47.73 3.5727871
-47.72 3.5729544
-47.71 3.5731217
-47.7 3.573289
-47.69 3.5734563
-47.68 3.5736236
-47.67 3.5737909
-47.66 3.5739582
-47.65 3.5741255
-47.64 3.5742928
-47.63 3.5744601
-47.62 3.5746274
-47.61 3.5747947
-47.6 3.574962
-47.59 3.5751293
-47.58 3.5752966
-47.57 3.5754639
-47.56 3.5756551
-47.55 3.5758224
-47.54 3.5759897
-47.53 3.576157
-47.52 3.5763243
-47.51 3.5764916
-47.5 3.5766589
-47.49 3.5768262
-47.48 3.5769935
-47.47 3.5771608
-47.46 3.5773281
-47.45 3.5774954
-47.44 3.5776627
-47.43 3.57783
-47.42 3.5779973
-47.41 3.5781646
-47.4 3.5783319
-47.39 3.5785231
-47.38 3.5786904
-47.37 3.5788577
-47.36 3.579025
-47.35 3.5791923
-47.34 3.5793596
-47.33 3.5795269
-47.32 3.5796942
-47.31 3.5798615
-47.3 3.5800288
-47.29 3.5801961
-47.28 3.5803634
-47.27 3.5805307
-47.26 3.580698
-47.25 3.5808892
-47.24 3.5810565
-47.23 3.5812238
-47.22 3.5813911
-47.21 3.5815584
-47.2 3.5817257
-47.19 3.581893
-47.18 3.5820603
-47.17 3.5822276
-47.16 3.5823949
-47.15 3.5825622
-47.14 3.5827295
-47.13 3.5828968
-47.12 3.5830641
-47.11 3.5832553
-47.1 3.5834226
-47.09 3.5835899
-47.08 3.5837572
-47.07 3.5839245
-47.06 3.5840918
-47.05 3.5842591
-47.04 3.5844264
-47.03 3.5845937
-47.02 3.584761
-47.01 3.5849283
-47.0 3.5850956
-46.99 3.5852629
-46.98 3.5854541
-46.97 3.5856214
-46.96 3.5857887
-46.95 3.585956
-46.94 3.5861233
-46.93 3.5862906
-46.92 3.5864579
-46.91 3.5866252
-46.9 3.5867925
-46.89 3.5869598
-46.88 3.5871271
-46.87 3.5872944
-46.86 3.5874856
-46.85 3.5876529
-46.84 3.5878202
-46.83 3.5879875
-46.82 3.5881548
-46.81 3.5883221
-46.8 3.5884894
-46.79 3.5886567
-46.78 3.588824
-46.77 3.5889913
-46.76 3.5891586
-46.75 3.5893259
-46.74 3.5895171
-46.73 3.5896844
-46.72 3.5898517
-46.71 3.590019
-46.7 3.5901863
-46.69 3.5903536
-46.68 3.5905209
-46.67 3.5906882
-46.66 3.5908555
-46.65 3.5910228
-46.64 3.5911901
-46.63 3.5913813
-46.62 3.5915486
-46.61 3.5917159
-46.6 3.5918832
-46.59 3.5920505
-46.58 3.5922178
-46.57 3.5923851
-46.56 3.5925524
-46.55 3.5927197
-46.54 3.592887
-46.53 3.5930543
-46.52 3.5932455
-46.51 3.5934128
-46.5 3.5935801
-46.49 3.5937474
-46.48 3.5939147
-46.47 3.594082
-46.46 3.5942493
-46.45 3.5944166
-46.44 3.5945839
-46.43 3.5947512
-46.42 3.5949185
-46.41 3.5951097
-46.4 3.595277
-46.39 3.5954443
-46.38 3.5956116
-46.37 3.5957789
-46.36 3.5959462
-46.35 3.5961135
-46.34 3.5962808
-46.33 3.5964481
-46.32 3.5966154
-46.31 3.5968066
-46.3 3.5969739
-46.29 3.5971412
-46.28 3.5973085
-46.27 3.5974758
-46.26 3.5976431
-46.25 3.5978104
-46.24 3.5979777
-46.23 3.598145
-46.22 3.5983123
-46.21 3.5985035
-46.2 3.5986708
-46.19 3.5988381
-46.18 3.5990054
-46.17 3.5991727
-46.16 3.59934
-46.15 3.5995073
-46.14 3.5996746
-46.13 3.5998419
-46.12 3.6000092
-46.11 3.6002004
-46.1 3.6003677
-46.09 3.600535
-46.08 3.6007023
-46.07 3.6008696
-46.06 3.6010369
-46.05 3.6012042
-46.04 3.6013715
-46.03 3.6015388
-46.02 3.60173
-46.01 3.6018973
-46.0 3.6020646
-45.99 3.6022319
-45.98 3.6023992
-45.97 3.6025665
-45.96 3.6027338
-45.95 3.6029011
-45.94 3.6030684
-45.93 3.6032357
-45.92 3.6034269
-45.91 3.6035942
-45.9 3.6037615
-45.89 3.6039288
-45.88 3.6040961
-45.87 3.6042634
-45.86 3.6044307
-45.85 3.604598
-45.84 3.6047653
-45.83 3.6049565
-45.82 3.6051238
-45.81 3.6052911
-45.8 3.6054584
-45.79 3.6056257
-45.78 3.605793
-45.77 3.6059603
-45.76 3.6061276
-45.75 3.6062949
-45.74 3.6064861
-45.73 3.6066534
-45.72 3.6068207
-45.71 3.606988
-45.7 3.6071553
-45.69 3.6073226
-45.68 3.6074899
-45.67 3.6076572
-45.66 3.6078245
-45.65 3.6080157
-45.64 3.608183
-45.63 3.6083503
-45.62 3.6085176
-45.61 3.6086849
-45.6 3.6088522
-45.59 3.6090195
-45.58 3.6091868
-45.57 3.6093541
-45.56 3.6095453
-45.55 3.6097126
-45.54 3.6098799
-45.53 3.6100472
-45.52 3.6102145
-45.51 3.6103818
-45.5 3.6105491
-45.49 3.6107164
-45.48 3.6109076
-45.47 3.6110749
-45.46 3.6112422
-45.45 3.6114095
-45.44 3.6115768
-45.43 3.6117441
-45.42 3.6119114
-45.41 3.6120787
-45.4 3.612246
-45.39 3.6124372
-45.38 3.6126045
-45.37 3.6127718
-45.36 3.6129391
-45.35 3.6131064
-45.34 3.6132737
-45.33 3.613441
-45.32 3.6136083
-45.31 3.6137995
-45.3 3.6139668
-45.29 3.6141341
-45.28 3.6143014
-45.27 3.6144687
-45.26 3.614636
-45.25 3.6148033
-45.24 3.6149706
-45.23 3.6151618
-45.22 3.6153291
-45.21 3.6154964
-45.2 3.6156637
-45.19 3.615831
-45.18 3.6159983
-45.17 3.6161656
-45.16 3.6163329
-45.15 3.6165002
-45.14 3.6166914
-45.13 3.6168587
-45.12 3.617026
-45.11 3.6171933
-45.1 3.6173606
-45.09 3.6175279
-45.08 3.6176952
-45.07 3.6178625
-45.06 3.6180537
-45.05 3.618221
-45.04 3.6183883
-45.03 3.6185556
-45.02 3.6187229
-45.01 3.6188902
-45.0 3.6190575
-44.99 3.6192248
-44.98 3.619416
-44.97 3.6195833
-44.96 3.6197506
-44.95 3.6199179
-44.94 3.6200852
-44.93 3.6202525
-44.92 3.6204198
-44.91 3.6205871
-44.9 3.6207783
-44.89 3.6209456
-44.88 3.6211129
-44.87 3.6212802
-44.86 3.6214475
-44.85 3.6216148
-44.84 3.6217821
-44.83 3.6219494
-44.82 3.6221406
-44.81 3.6223079
-44.8 3.6224752
-44.79 3.6226425
-44.78 3.6228098
-44.77 3.6229771
-44.76 3.6231444
-44.75 3.6233117
-44.74 3.6235029
-44.73 3.6236702
-44.72 3.6238375
-44.71 3.6240048
-44.7 3.6241721
-44.69 3.6243394
-44.68 3.6245067
-44.67 3.624674
-44.66 3.6248652
-44.65 3.6250325
-44.64 3.6251998
-44.63 3.6253671
-44.62 3.6255344
-44.61 3.6257017
-44.6 3.625869
-44.59 3.6260363
-44.58 3.6262275
-44.57 3.6263948
-44.56 3.6265621
-44.55 3.6267294
-44.54 3.6268967
-44.53 3.627064
-44.52 3.6272313
-44.51 3.6274225
-44.5 3.6275898
-44.49 3.6277571
-44.48 3.6279244
-44.47 3.6280917
-44.46 3.628259
-44.45 3.6284263
-44.44 3.6285936
-44.43 3.6287848
-44.42 3.6289521
-44.41 3.6291194
-44.4 3.6292867
-44.39 3.629454
-44.38 3.6296213
-44.37 3.6297886
-44.36 3.6299559
-44.35 3.6301471
-44.34 3.6303144
-44.33 3.6304817
-44.32 3.630649
-44.31 3.6308163
-44.3 3.6309836
-44.29 3.6311509
-44.28 3.6313182
-44.27 3.6315094
-44.26 3.6316767
-44.25 3.631844
-44.24 3.6320113
-44.23 3.6321786
-44.22 3.6323459
-44.21 3.6325132
-44.2 3.6327044
-44.19 3.6328717
-44.18 3.633039
-44.17 3.6332063
-44.16 3.6333736
-44.15 3.6335409
-44.14 3.6337082
-44.13 3.6338755
-44.12 3.6340667
-44.11 3.634234
-44.1 3.6344013
-44.09 3.6345686
-44.08 3.6347359
-44.07 3.6349032
-44.06 3.6350705
-44.05 3.6352378
-44.04 3.635429
-44.03 3.6355963
-44.02 3.6357636
-44.01 3.6359309
-44.0 3.6360982
-43.99 3.6362655
-43.98 3.6364328
-43.97 3.636624
-43.96 3.6367913
-43.95 3.6369586
-43.94 3.6371259
-43.93 3.6372932
-43.92 3.6374605
-43.91 3.6376278
-43.9 3.6377951
-43.89 3.6379863
-43.88 3.6381536
-43.87 3.6383209
-43.86 3.6384882
-43.85 3.6386555
-43.84 3.6388228
-43.83 3.6389901
-43.82 3.6391574
-43.81 3.6393486
-43.8 3.6395159
-43.79 3.6396832
-43.78 3.6398505
-43.77 3.6400178
-43.76 3.6401851
-43.75 3.6403524
-43.74 3.6405436
-43.73 3.6407109
-43.72 3.6408782
-43.71 3.6410455
-43.7 3.6412128
-43.69 3.6413801
-43.68 3.6415474
-43.67 3.6417147
-43.66 3.6419059
-43.65 3.6420732
-43.64 3.6422405
-43.63 3.6424078
-43.62 3.6425751
-43.61 3.6427424
-43.6 3.6429097
-43.59 3.643077
-43.58 3.6432682
-43.57 3.6434355
-43.56 3.6436028
-43.55 3.6437701
-43.54 3.6439374
-43.53 3.6441047
-43.52 3.644272
-43.51 3.6444632
-43.5 3.6446305
-43.49 3.6447978
-43.48 3.6449651
-43.47 3.6451324
-43.46 3.6452997
-43.45 3.645467
-43.44 3.6456343
-43.43 3.6458255
-43.42 3.6459928
-43.41 3.6461601
-43.4 3.6463274
-43.39 3.6464947
-43.38 3.646662
-43.37 3.6468293
-43.36 3.6469966
-43.35 3.6471878
-43.34 3.6473551
-43.33 3.6475224
-43.32 3.6476897
-43.31 3.647857
-43.3 3.6480243
-43.29 3.6481916
-43.28 3.6483828
-43.27 3.6485501
-43.26 3.6487174
-43.25 3.6488847
-43.24 3.649052
-43.23 3.6492193
-43.22 3.6493866
-43.21 3.6495539
-43.2 3.6497451
-43.19 3.6499124
-43.18 3.6500797
-43.17 3.650247
-43.16 3.6504143
-43.15 3.6505816
-43.14 3.6507489
-43.13 3.6509162
-43.12 3.6511074
-43.11 3.6512747
-43.1 3.651442
-43.09 3.6516093
-43.08 3.6517766
-43.07 3.6519439
-43.06 3.6521112
-43.05 3.6522785
-43.04 3.6524697
-43.03 3.652637
-43.02 3.6528043
-43.01 3.6529716
-43.0 3.6531389
-42.99 3.6533062
-42.98 3.6534735
-42.97 3.6536647
-42.96 3.653832
-42.95 3.6539993
-42.94 3.6541666
-42.93 3.6543339
-42.92 3.6545012
-42.91 3.6546685
-42.9 3.6548358
-42.89 3.655027
-42.88 3.6551943
-42.87 3.6553616
-42.86 3.6555289
-42.85 3.6556962
-42.84 3.6558635
-42.83 3.6560308
-42.82 3.6561981
-42.81 3.6563893
-42.8 3.6565566
-42.79 3.6567239
-42.78 3.6568912
-42.77 3.6570585
-42.76 3.6572258
-42.75 3.6573931
-42.74 3.6575604
-42.73 3.6577516
-42.72 3.6579189
-42.71 3.6580862
-42.7 3.6582535
-42.69 3.6584208
-42.68 3.6585881
-42.67 3.6587554
-42.66 3.6589227
-42.65 3.6591139
-42.64 3.6592812
-42.63 3.6594485
-42.62 3.6596158
-42.61 3.6597831
-42.6 3.6599504
-42.59 3.6601177
-42.58 3.660285
-42.57 3.6604762
-42.56 3.6606435
-42.55 3.6608108
-42.54 3.6609781
-42.53 3.6611454
-42.52 3.6613127
-42.51 3.66148
-42.5 3.6616473
-42.49 3.6618146
-42.48 3.6620058
-42.47 3.6621731
-42.46 3.6623404
-42.45 3.6625077
-42.44 3.662675
-42.43 3.6628423
-42.42 3.6630096
-42.41 3.6631769
-42.4 3.6633681
-42.39 3.6635354
-42.38 3.6637027
-42.37 3.66387
-42.36 3.6640373
-42.35 3.6642046
-42.34 3.6643719
-42.33 3.6645392
-42.32 3.6647304
-42.31 3.6648977
-42.3 3.665065
-42.29 3.6652323
-42.28 3.6653996
-42.27 3.6655669
-42.26 3.6657342
-42.25 3.6659015
-42.24 3.6660688
-42.23 3.66626
-42.22 3.6664273
-42.21 3.6665946
-42.2 3.6667619
-42.19 3.6669292
-42.18 3.6670965
-42.17 3.6672638
-42.16 3.6674311
-42.15 3.6676223
-42.14 3.6677896
-42.13 3.6679569
-42.12 3.6681242
-42.11 3.6682915
-42.1 3.6684588
-42.09 3.6686261
-42.08 3.6687934
-42.07 3.6689607
-42.06 3.6691519
-42.05 3.6693192
-42.04 3.6694865
-42.03 3.6696538
-42.02 3.6698211
-42.01 3.6699884
-42.0 3.6701557
-41.99 3.670323
-41.98 3.6705142
-41.97 3.6706815
-41.96 3.6708488
-41.95 3.6710161
-41.94 3.6711834
-41.93 3.6713507
-41.92 3.671518
-41.91 3.6716853
-41.9 3.6718526
-41.89 3.6720438
-41.88 3.6722111
-41.87 3.6723784
-41.86 3.6725457
-41.85 3.672713
-41.84 3.6728803
-41.83 3.6730476
-41.82 3.6732149
-41.81 3.6733822
-41.8 3.6735734
-41.79 3.6737407
-41.78 3.673908
-41.77 3.6740753
-41.76 3.6742426
-41.75 3.6744099
-41.74 3.6745772
-41.73 3.6747445
-41.72 3.6749118
-41.71 3.6750791
-41.7 3.6752703
-41.69 3.6754376
-41.68 3.6756049
-41.67 3.6757722
-41.66 3.6759395
-41.65 3.6761068
-41.64 3.6762741
-41.63 3.6764414
-41.62 3.6766087
-41.61 3.6767999
-41.6 3.6769672
-41.59 3.6771345
-41.58 3.6773018
-41.57 3.6774691
-41.56 3.6776364
-41.55 3.6778037
-41.54 3.677971
-41.53 3.6781383
-41.52 3.6783295
-41.51 3.6784968
-41.5 3.6786641
-41.49 3.6788314
-41.48 3.6789987
-41.47 3.679166
-41.46 3.6793333
-41.45 3.6795006
-41.44 3.6796679
-41.43 3.6798352
-41.42 3.6800264
-41.41 3.6801937
-41.4 3.680361
-41.39 3.6805283
-41.38 3.6806956
-41.37 3.6808629
-41.36 3.6810302
-41.35 3.6811975
-41.34 3.6813648
-41.33 3.6815321
-41.32 3.6817233
-41.31 3.6818906
-41.3 3.6820579
-41.29 3.6822252
-41.28 3.6823925
-41.27 3.6825598
-41.26 3.6827271
-41.25 3.6828944
-41.24 3.6830617
-41.23 3.683229
-41.22 3.6833963
-41.21 3.6835875
-41.2 3.6837548
-41.19 3.6839221
-41.18 3.6840894
-41.17 3.6842567
-41.16 3.684424
-41.15 3.6845913
-41.14 3.6847586
-41.13 3.6849259
-41.12 3.6850932
-41.11 3.6852844
-41.1 3.6854517
-41.09 3.685619
-41.08 3.6857863
-41.07 3.6859536
-41.06 3.6861209
-41.05 3.6862882
-41.04 3.6864555
-41.03 3.6866228
-41.02 3.6867901
-41.01 3.6869574
-41.0 3.6871486
-40.99 3.6873159
-40.98 3.6874832
-40.97 3.6876505
-40.96 3.6878178
-40.95 3.6879851
-40.94 3.6881524
-40.93 3.6883197
-40.92 3.688487
-40.91 3.6886543
-40.9 3.6888216
-40.89 3.6889889
-40.88 3.6891801
-40.87 3.6893474
-40.86 3.6895147
-40.85 3.689682
-40.84 3.6898493
-40.83 3.6900166
-40.82 3.6901839
-40.81 3.6903512
-40.8 3.6905185
-40.79 3.6906858
-40.78 3.6908531
-40.77 3.6910443
-40.76 3.6912116
-40.75 3.6913789
-40.74 3.6915462
-40.73 3.6917135
-40.72 3.6918808
-40.71 3.6920481
-40.7 3.6922154
-40.69 3.6923827
-40.68 3.69255
-40.67 3.6927173
-40.66 3.6928846
-40.65 3.6930519
-40.64 3.6932431
-40.63 3.6934104
-40.62 3.6935777
-40.61 3.693745
-40.6 3.6939123
-40.59 3.6940796
-40.58 3.6942469
-40.57 3.6944142
-40.56 3.6945815
-40.55 3.6947488
-40.54 3.6949161
-40.53 3.6950834
-40.52 3.6952507
-40.51 3.6954419
-40.5 3.6956092
-40.49 3.6957765
-40.48 3.6959438
-40.47 3.6961111
-40.46 3.6962784
-40.45 3.6964457
-40.44 3.696613
-40.43 3.6967803
-40.42 3.6969476
-40.41 3.6971149
-40.4 3.6972822
-40.39 3.6974495
-40.38 3.6976168
-40.37 3.697808
-40.36 3.6979753
-40.35 3.6981426
-40.34 3.6983099
-40.33 3.6984772
-40.32 3.6986445
-40.31 3.6988118
-40.3 3.6989791
-40.29 3.6991464
-40.28 3.6993137
-40.27 3.699481
-40.26 3.6996483
-40.25 3.6998156
-40.24 3.6999829
-40.23 3.7001502
-40.22 3.7003414
-40.21 3.7005087
-40.2 3.700676
-40.19 3.7008433
-40.18 3.7010106
-40.17 3.7011779
-40.16 3.7013452
-40.15 3.7015125
-40.14 3.7016798
-40.13 3.7018471
-40.12 3.7020144
-40.11 3.7021817
-40.1 3.702349
-40.09 3.7025163
-40.08 3.7026836
-40.07 3.7028509
-40.06 3.7030182
-40.05 3.7032094
-40.04 3.7033767
-40.03 3.703544
-40.02 3.7037113
-40.01 3.7038786
-40.0 3.7040459
-39.99 3.7042132
-39.98 3.7043805
-39.97 3.7045478
-39.96 3.7047151
-39.95 3.7048824
-39.94 3.7050497
-39.93 3.705217
-39.92 3.7053843
-39.91 3.7055516
-39.9 3.7057189
-39.89 3.7058862
-39.88 3.7060535
-39.87 3.7062208
-39.86 3.706412
-39.85 3.7065793
-39.84 3.7067466
-39.83 3.7069139
-39.82 3.7070812
-39.81 3.7072485
-39.8 3.7074158
-39.79 3.7075831
-39.78 3.7077504
-39.77 3.7079177
-39.76 3.708085
-39.75 3.7082523
-39.74 3.7084196
-39.73 3.7085869
-39.72 3.7087542
-39.71 3.7089215
-39.7 3.7090888
-39.69 3.7092561
-39.68 3.7094234
-39.67 3.7095907
-39.66 3.709758
-39.65 3.7099253
-39.64 3.7101165
-39.63 3.7102838
-39.62 3.7104511
-39.61 3.7106184
-39.6 3.7107857
-39.59 3.710953
-39.58 3.7111203
-39.57 3.7112876
-39.56 3.7114549
-39.55 3.7116222
-39.54 3.7117895
-39.53 3.7119568
-39.52 3.7121241
-39.51 3.7122914
-39.5 3.7124587
-39.49 3.712626
-39.48 3.7127933
-39.47 3.7129606
-39.46 3.7131279
-39.45 3.7132952
-39.44 3.7134625
-39.43 3.7136298
-39.42 3.7137971
-39.41 3.7139644
-39.4 3.7141317
-39.39 3.714299
-39.38 3.7144663
-39.37 3.7146336
-39.36 3.7148009
-39.35 3.7149682
-39.34 3.7151355
-39.33 3.7153028
-39.32 3.715494
-39.31 3.7156613
-39.3 3.7158286
-39.29 3.7159959
-39.28 3.7161632
-39.27 3.7163305
-39.26 3.7164978
-39.25 3.7166651
-39.24 3.7168324
-39.23 3.7169997
-39.22 3.717167
-39.21 3.7173343
-39.2 3.7175016
-39.19 3.7176689
-39.18 3.7178362
-39.17 3.7180035
-39.16 3.7181708
-39.15 3.7183381
-39.14 3.7185054
-39.13 3.7186727
-39.12 3.71884
-39.11 3.7190073
-39.1 3.7191746
-39.09 3.7193419
-39.08 3.7195092
-39.07 3.7196765
-39.06 3.7198438
-39.05 3.7200111
-39.04 3.7201784
-39.03 3.7203457
-39.02 3.720513
-39.01 3.7206803
-39.0 3.7208476
-38.99 3.7210149
-38.98 3.7211822
-38.97 3.7213495
-38.96 3.7215168
-38.95 3.7216841
-38.94 3.7218514
-38.93 3.7220187
-38.92 3.722186
-38.91 3.7223533
-38.9 3.7225206
-38.89 3.7226879
-38.88 3.7228552
-38.87 3.7230225
-38.86 3.7231898
-38.85 3.7233571
-38.84 3.7235244
-38.83 3.7236917
-38.82 3.723859
-38.81 3.7240263
-38.8 3.7241936
-38.79 3.7243609
-38.78 3.7245282
-38.77 3.7246955
-38.76 3.7248628
-38.75 3.7250301
-38.74 3.7251974
-38.73 3.7253647
-38.72 3.725532
-38.71 3.7256993
-38.7 3.7258666
-38.69 3.7260339
-38.68 3.7262012
-38.67 3.7263685
-38.66 3.7265358
-38.65 3.7267031
-38.64 3.7268704
-38.63 3.7270377
-38.62 3.727205
-38.61 3.7273723
-38.6 3.7275396
-38.59 3.7277069
-38.58 3.7278742
-38.57 3.7280415
-38.56 3.7282088
-38.55 3.7283761
-38.54 3.7285434
-38.53 3.7287107
-38.52 3.728878
-38.51 3.7290453
-38.5 3.7292126
-38.49 3.7293799
-38.48 3.7295472
-38.47 3.7297145
-38.46 3.7298818
-38.45 3.7300491
-38.44 3.7302164
-38.43 3.7303837
-38.42 3.730551
-38.41 3.7307183
-38.4 3.7308856
-38.39 3.7310529
-38.38 3.7312202
-38.37 3.7313875
-38.36 3.7315309
-38.35 3.7316982
-38.34 3.7318655
-38.33 3.7320328
-38.32 3.7322001
-38.31 3.7323674
-38.3 3.7325347
-38.29 3.732702
-38.28 3.7328693
-38.27 3.7330366
-38.26 3.7332039
-38.25 3.7333712
-38.24 3.7335385
-38.23 3.7337058
-38.22 3.7338731
-38.21 3.7340404
-38.2 3.7342077
-38.19 3.734375
-38.18 3.7345423
-38.17 3.7347096
-38.16 3.7348769
-38.15 3.7350442
-38.14 3.7352115
-38.13 3.7353788
-38.12 3.7355461
-38.11 3.7357134
-38.1 3.7358807
-38.09 3.736048
-38.08 3.7362153
-38.07 3.7363587
-38.06 3.736526
-38.05 3.7366933
-38.04 3.7368606
-38.03 3.7370279
-38.02 3.7371952
-38.01 3.7373625
-38.0 3.7375298
-37.99 3.7376971
-37.98 3.7378644
-37.97 3.7380317
-37.96 3.738199
-37.95 3.7383663
-37.94 3.7385336
-37.93 3.7387009
-37.92 3.7388682
-37.91 3.7390355
-37.9 3.7392028
-37.89 3.7393701
-37.88 3.7395374
-37.87 3.7396808
-37.86 3.7398481
-37.85 3.7400154
-37.84 3.7401827
-37.83 3.74035
-37.82 3.7405173
-37.81 3.7406846
-37.8 3.7408519
-37.79 3.7410192
-37.78 3.7411865
-37.77 3.7413538
-37.76 3.7415211
-37.75 3.7416884
-37.74 3.7418557
-37.73 3.742023
-37.72 3.7421903
-37.71 3.7423337
-37.7 3.742501
-37.69 3.7426683
-37.68 3.7428356
-37.67 3.7430029
-37.66 3.7431702
-37.65 3.7433375
-37.64 3.7435048
-37.63 3.7436721
-37.62 3.7438394
-37.61 3.7440067
-37.6 3.744174
-37.59 3.7443413
-37.58 3.7445086
-37.57 3.744652
-37.56 3.7448193
-37.55 3.7449866
-37.54 3.7451539
-37.53 3.7453212
-37.52 3.7454885
-37.51 3.7456558
-37.5 3.7458231
-37.49 3.7459904
-37.48 3.7461577
-37.47 3.746325
-37.46 3.7464923
-37.45 3.7466596
-37.44 3.746803
-37.43 3.7469703
-37.42 3.7471376
-37.41 3.7473049
-37.4 3.7474722
-37.39 3.7476395
-37.38 3.7478068
-37.37 3.7479741
-37.36 3.7481414
-37.35 3.7483087
-37.34 3.748476
-37.33 3.7486194
-37.32 3.7487867
-37.31 3.748954
-37.3 3.7491213
-37.29 3.7492886
-37.28 3.7494559
-37.27 3.7496232
-37.26 3.7497905
-37.25 3.7499578
-37.24 3.7501251
-37.23 3.7502685
-37.22 3.7504358
-37.21 3.7506031
-37.2 3.7507704
-37.19 3.7509377
-37.18 3.751105
-37.17 3.7512723
-37.16 3.7514396
-37.15 3.7516069
-37.14 3.7517742
-37.13 3.7519176
-37.12 3.7520849
-37.11 3.7522522
-37.1 3.7524195
-37.09 3.7525868
-37.08 3.7527541
-37.07 3.7529214
-37.06 3.7530887
-37.05 3.753256
-37.04 3.7533994
-37.03 3.7535667
-37.02 3.753734
-37.01 3.7539013
-37.0 3.7540686
-36.99 3.7542359
-36.98 3.7544032
-36.97 3.7545705
-36.96 3.7547378
-36.95 3.7548812
-36.94 3.7550485
-36.93 3.7552158
-36.92 3.7553831
-36.91 3.7555504
-36.9 3.7557177
-36.89 3.755885
-36.88 3.7560523
-36.87 3.7561957
-36.86 3.756363
-36.85 3.7565303
-36.84 3.7566976
-36.83 3.7568649
-36.82 3.7570322
-36.81 3.7571995
-36.8 3.7573668
-36.79 3.7575102
-36.78 3.7576775
-36.77 3.7578448
-36.76 3.7580121
-36.75 3.7581794
-36.74 3.7583467
-36.73 3.758514
-36.72 3.7586574
-36.71 3.7588247
-36.7 3.758992
-36.69 3.7591593
-36.68 3.7593266
-36.67 3.7594939
-36.66 3.7596612
-36.65 3.7598046
-36.64 3.7599719
-36.63 3.7601392
-36.62 3.7603065
-36.61 3.7604738
-36.6 3.7606411
-36.59 3.7608084
-36.58 3.7609518
-36.57 3.7611191
-36.56 3.7612864
-36.55 3.7614537
-36.54 3.761621
-36.53 3.7617883
-36.52 3.7619556
-36.51 3.762099
-36.5 3.7622663
-36.49 3.7624336
-36.48 3.7626009
-36.47 3.7627682
-36.46 3.7629355
-36.45 3.7630789
-36.44 3.7632462
-36.43 3.7634135
-36.42 3.7635808
-36.41 3.7637481
-36.4 3.7639154
-36.39 3.7640827
-36.38 3.7642261
-36.37 3.7643934
-36.36 3.7645607
-36.35 3.764728
-36.34 3.7648953
-36.33 3.7650626
-36.32 3.765206
-36.31 3.7653733
-36.3 3.7655406
-36.29 3.7657079
-36.28 3.7658752
-36.27 3.7660425
-36.26 3.7661859
-36.25 3.7663532
-36.24 3.7665205
-36.23 3.7666878
-36.22 3.7668551
-36.21 3.7669985
-36.2 3.7671658
-36.19 3.7673331
-36.18 3.7675004
-36.17 3.7676677
-36.16 3.767835
-36.15 3.7679784
-36.14 3.7681457
-36.13 3.768313
-36.12 3.7684803
-36.11 3.7686476
-36.1 3.768791
-36.09 3.7689583
-36.08 3.7691256
-36.07 3.7692929
-36.06 3.7694602
-36.05 3.7696275
-36.04 3.7697709
-36.03 3.7699382
-36.02 3.7701055
-36.01 3.7702728
-36.0 3.7704401
-35.99 3.7705835
-35.98 3.7707508
-35.97 3.7709181
-35.96 3.7710854
-35.95 3.7712527
-35.94 3.7713961
-35.93 3.7715634
-35.92 3.7717307
-35.91 3.771898
-35.9 3.7720653
-35.89 3.7722087
-35.88 3.772376
-35.87 3.7725433
-35.86 3.7727106
-35.85 3.7728779
-35.84 3.7730213
-35.83 3.7731886
-35.82 3.7733559
-35.81 3.7735232
-35.8 3.7736666
-35.79 3.7738339
-35.78 3.7740012
-35.77 3.7741685
-35.76 3.7743358
-35.75 3.7744792
-35.74 3.7746465
-35.73 3.7748138
-35.72 3.7749811
-35.71 3.7751484
-35.7 3.7752918
-35.69 3.7754591
-35.68 3.7756264
-35.67 3.7757937
-35.66 3.7759371
-35.65 3.7761044
-35.64 3.7762717
-35.63 3.776439
-35.62 3.7766063
-35.61 3.7767497
-35.6 3.776917
-35.59 3.7770843
-35.58 3.7772516
-35.57 3.777395
-35.56 3.7775623
-35.55 3.7777296
-35.54 3.7778969
-35.53 3.7780403
-35.52 3.7782076
-35.51 3.7783749
-35.5 3.7785422
-35.49 3.7786856
-35.48 3.7788529
-35.47 3.7790202
-35.46 3.7791875
-35.45 3.7793548
-35.44 3.7794982
-35.43 3.7796655
-35.42 3.7798328
-35.41 3.7800001
-35.4 3.7801435
-35.39 3.7803108
-35.38 3.7804781
-35.37 3.7806454
-35.36 3.7807888
-35.35 3.7809561
-35.34 3.7811234
-35.33 3.7812907
-35.32 3.7814341
-35.31 3.7816014
-35.3 3.7817687
-35.29 3.781936
-35.28 3.7820794
-35.27 3.7822467
-35.26 3.782414
-35.25 3.7825574
-35.24 3.7827247
-35.23 3.782892
-35.22 3.7830593
-35.21 3.7832027
-35.2 3.78337
-35.19 3.7835373
-35.18 3.7837046
-35.17 3.783848
-35.16 3.7840153
-35.15 3.7841826
-35.14 3.7843499
-35.13 3.7844933
-35.12 3.7846606
-35.11 3.7848279
-35.1 3.7849713
-35.09 3.7851386
-35.08 3.7853059
-35.07 3.7854732
-35.06 3.7856166
-35.05 3.7857839
-35.04 3.7859512
-35.03 3.7860946
-35.02 3.7862619
-35.01 3.7864292
-35.0 3.7865965
-34.99 3.7867399
-34.98 3.7869072
-34.97 3.7870745
-34.96 3.7872179
-34.95 3.7873852
-34.94 3.7875525
-34.93 3.7877198
-34.92 3.7878632
-34.91 3.7880305
-34.9 3.7881978
-34.89 3.7883412
-34.88 3.7885085
-34.87 3.7886758
-34.86 3.7888431
-34.85 3.7889865
-34.84 3.7891538
-34.83 3.7893211
-34.82 3.7894645
-34.81 3.7896318
-34.8 3.7897991
-34.79 3.7899425
-34.78 3.7901098
-34.77 3.7902771
-34.76 3.7904444
-34.75 3.7905878
-34.74 3.7907551
-34.73 3.7909224
-34.72 3.7910658
-34.71 3.7912331
-34.7 3.7914004
-34.69 3.7915438
-34.68 3.7917111
-34.67 3.7918784
-34.66 3.7920218
-34.65 3.7921891
-34.64 3.7923564
-34.63 3.7924998
-34.62 3.7926671
-34.61 3.7928344
-34.6 3.7929778
-34.59 3.7931451
-34.58 3.7933124
-34.57 3.7934558
-34.56 3.7936231
-34.55 3.7937904
-34.54 3.7939577
-34.53 3.7941011
-34.52 3.7942684
-34.51 3.7944357
-34.5 3.7945791
-34.49 3.7947464
-34.48 3.7949137
-34.47 3.7950571
-34.46 3.7952244
-34.45 3.7953678
-34.44 3.7955351
-34.43 3.7957024
-34.42 3.7958458
-34.41 3.7960131
-34.4 3.7961804
-34.39 3.7963238
-34.38 3.7964911
-34.37 3.7966584
-34.36 3.7968018
-34.35 3.7969691
-34.34 3.7971364
-34.33 3.7972798
-34.32 3.7974471
-34.31 3.7976144
-34.3 3.7977578
-34.29 3.7979251
-34.28 3.7980924
-34.27 3.7982358
-34.26 3.7984031
-34.25 3.7985704
-34.24 3.7987138
-34.23 3.7988811
-34.22 3.7990245
-34.21 3.7991918
-34.2 3.7993591
-34.19 3.7995025
-34.18 3.7996698
-34.17 3.7998371
-34.16 3.7999805
-34.15 3.8001478
-34.14 3.8002912
-34.13 3.8004585
-34.12 3.8006258
-34.11 3.8007692
-34.1 3.8009365
-34.09 3.8011038
-34.08 3.8012472
-34.07 3.8014145
-34.06 3.8015579
-34.05 3.8017252
-34.04 3.8018925
-34.03 3.8020359
-34.02 3.8022032
-34.01 3.8023705
-34.0 3.8025139
-33.99 3.8026812
-33.98 3.8028246
-33.97 3.8029919
-33.96 3.8031592
-33.95 3.8033026
-33.94 3.8034699
-33.93 3.8036133
-33.92 3.8037806
-33.91 3.8039479
-33.9 3.8040913
-33.89 3.8042586
-33.88 3.804402
-33.87 3.8045693
-33.86 3.8047366
-33.85 3.80488
-33.84 3.8050473
-33.83 3.8051907
-33.82 3.805358
-33.81 3.8055253
-33.8 3.8056687
-33.79 3.805836
-33.78 3.8059794
-33.77 3.8061467
-33.76 3.806314
-33.75 3.8064574
-33.74 3.8066247
-33.73 3.8067681
-33.72 3.8069354
-33.71 3.8071027
-33.7 3.8072461
-33.69 3.8074134
-33.68 3.8075568
-33.67 3.8077241
-33.66 3.8078675
-33.65 3.8080348
-33.64 3.8082021
-33.63 3.8083455
-33.62 3.8085128
-33.61 3.8086562
-33.6 3.8088235
-33.59 3.8089669
-33.58 3.8091342
-33.57 3.8093015
-33.56 3.8094449
-33.55 3.8096122
-33.54 3.8097556
-33.53 3.8099229
-33.52 3.8100663
-33.51 3.8102336
-33.5 3.8104009
-33.49 3.8105443
-33.48 3.8107116
-33.47 3.810855
-33.46 3.8110223
-33.45 3.8111657
-33.44 3.811333
-33.43 3.8114764
-33.42 3.8116437
-33.41 3.811811
-33.4 3.8119544
-33.39 3.8121217
-33.38 3.8122651
-33.37 3.8124324
-33.36 3.8125758
-33.35 3.8127431
-33.34 3.8128865
-33.33 3.8130538
-33.32 3.8131972
-33.31 3.8133645
-33.3 3.8135079
-33.29 3.8136752
-33.28 3.8138425
-33.27 3.8139859
-33.26 3.8141532
-33.25 3.8142966
-33.24 3.8144639
-33.23 3.8146073
-33.22 3.8147746
-33.21 3.814918
-33.2 3.8150853
-33.19 3.8152287
-33.18 3.815396
-33.17 3.8155394
-33.16 3.8157067
-33.15 3.8158501
-33.14 3.8160174
-33.13 3.8161608
-33.12 3.8163281
-33.11 3.8164715
-33.1 3.8166388
-33.09 3.8167822
-33.08 3.8169495
-33.07 3.8171168
-33.06 3.8172602
-33.05 3.8174275
-33.04 3.8175709
-33.03 3.8177382
-33.02 3.8178816
-33.01 3.8180489
-33.0 3.8181923
-32.99 3.8183596
-32.98 3.818503
-32.97 3.8186703
-32.96 3.8188137
-32.95 3.818981
-32.94 3.8191244
-32.93 3.8192917
-32.92 3.8194351
-32.91 3.8196024
-32.9 3.8197458
-32.89 3.8198892
-32.88 3.8200565
-32.87 3.8201999
-32.86 3.8203672
-32.85 3.8205106
-32.84 3.8206779
-32.83 3.8208213
-32.82 3.8209886
-32.81 3.821132
-32.8 3.8212993
-32.79 3.8214427
-32.78 3.82161
-32.77 3.8217534
-32.76 3.8219207
-32.75 3.8220641
-32.74 3.8222314
-32.73 3.8223748
-32.72 3.8225421
-32.71 3.8226855
-32.7 3.8228528
-32.69 3.8229962
-32.68 3.8231396
-32.67 3.8233069
-32.66 3.8234503
-32.65 3.8236176
-32.64 3.823761
-32.63 3.8239283
-32.62 3.8240717
-32.61 3.824239
-32.6 3.8243824
-32.59 3.8245497
-32.58 3.8246931
-32.57 3.8248604
-32.56 3.8250038
-32.55 3.8251472
-32.54 3.8253145
-32.53 3.8254579
-32.52 3.8256252
-32.51 3.8257686
-32.5 3.8259359
-32.49 3.8260793
-32.48 3.8262466
-32.47 3.82639
-32.46 3.8265334
-32.45 3.8267007
-32.44 3.8268441
-32.43 3.8270114
-32.42 3.8271548
-32.41 3.8273221
-32.4 3.8274655
-32.39 3.8276089
-32.38 3.8277762
-32.37 3.8279196
-32.36 3.8280869
-32.35 3.8282303
-32.34 3.8283976
-32.33 3.828541
-32.32 3.8286844
-32.31 3.8288517
-32.3 3.8289951
-32.29 3.8291624
-32.28 3.8293058
-32.27 3.8294492
-32.26 3.8296165
-32.25 3.8297599
-32.24 3.8299272
-32.23 3.8300706
-32.22 3.8302379
-32.21 3.8303813
-32.2 3.8305247
-32.19 3.830692
-32.18 3.8308354
-32.17 3.8310027
-32.16 3.8311461
-32.15 3.8312895
-32.14 3.8314568
-32.13 3.8316002
-32.12 3.8317675
-32.11 3.8319109
-32.1 3.8320543
-32.09 3.8322216
-32.08 3.832365
-32.07 3.8325084
-32.06 3.8326757
-32.05 3.8328191
-32.04 3.8329864
-32.03 3.8331298
-32.02 3.8332732
-32.01 3.8334405
-32.0 3.8335839
-31.99 3.8337512
-31.98 3.8338946
-31.97 3.834038
-31.96 3.8342053
-31.95 3.8343487
-31.94 3.8344921
-31.93 3.8346594
-31.92 3.8348028
-31.91 3.8349462
-31.9 3.8351135
-31.89 3.8352569
-31.88 3.8354242
-31.87 3.8355676
-31.86 3.835711
-31.85 3.8358783
-31.84 3.8360217
-31.83 3.8361651
-31.82 3.8363324
-31.81 3.8364758
-31.8 3.8366192
-31.79 3.8367865
-31.78 3.8369299
-31.77 3.8370733
-31.76 3.8372406
-31.75 3.837384
-31.74 3.8375513
-31.73 3.8376947
-31.72 3.8378381
-31.71 3.8380054
-31.7 3.8381488
-31.69 3.8382922
-31.68 3.8384595
-31.67 3.8386029
-31.66 3.8387463
-31.65 3.8389136
-31.64 3.839057
-31.63 3.8392004
-31.62 3.8393677
-31.61 3.8395111
-31.6 3.8396545
-31.59 3.8398218
-31.58 3.8399652
-31.57 3.8401086
-31.56 3.8402759
-31.55 3.8404193
-31.54 3.8405627
-31.53 3.8407061
-31.52 3.8408734
-31.51 3.8410168
-31.5 3.8411602
-31.49 3.8413275
-31.48 3.8414709
-31.47 3.8416143
-31.46 3.8417816
-31.45 3.841925
-31.44 3.8420684
-31.43 3.8422357
-31.42 3.8423791
-31.41 3.8425225
-31.4 3.8426659
-31.39 3.8428332
-31.38 3.8429766
-31.37 3.84312
-31.36 3.8432873
-31.35 3.8434307
-31.34 3.8435741
-31.33 3.8437414
-31.32 3.8438848
-31.31 3.8440282
-31.3 3.8441716
-31.29 3.8443389
-31.28 3.8444823
-31.27 3.8446257
-31.26 3.844793
-31.25 3.8449364
-31.24 3.8450798
-31.23 3.8452232
-31.22 3.8453905
-31.21 3.8455339
-31.2 3.8456773
-31.19 3.8458207
-31.18 3.845988
-31.17 3.8461314
-31.16 3.8462748
-31.15 3.8464421
-31.14 3.8465855
-31.13 3.8467289
-31.12 3.8468723
-31.11 3.8470396
-31.1 3.847183
-31.09 3.8473264
-31.08 3.8474698
-31.07 3.8476371
-31.06 3.8477805
-31.05 3.8479239
-31.04 3.8480673
-31.03 3.8482346
-31.02 3.848378
-31.01 3.8485214
-31.0 3.8486648
-30.99 3.8488321
-30.98 3.8489755
-30.97 3.8491189
-30.96 3.8492623
-30.95 3.8494296
-30.94 3.849573
-30.93 3.8497164
-30.92 3.8498598
-30.91 3.8500032
-30.9 3.8501705
-30.89 3.8503139
-30.88 3.8504573
-30.87 3.8506007
-30.86 3.850768
-30.85 3.8509114
-30.84 3.8510548
-30.83 3.8511982
-30.82 3.8513416
-30.81 3.8515089
-30.8 3.8516523
-30.79 3.8517957
-30.78 3.8519391
-30.77 3.8521064
-30.76 3.8522498
-30.75 3.8523932
-30.74 3.8525366
-30.73 3.85268
-30.72 3.8528473
-30.71 3.8529907
-30.7 3.8531341
-30.69 3.8532775
-30.68 3.8534209
-30.67 3.8535882
-30.66 3.8537316
-30.65 3.853875
-30.64 3.8540184
-30.63 3.8541618
-30.62 3.8543291
-30.61 3.8544725
-30.6 3.8546159
-30.59 3.8547593
-30.58 3.8549027
-30.57 3.8550461
-30.56 3.8552134
-30.55 3.8553568
-30.54 3.8555002
-30.53 3.8556436
-30.52 3.855787
-30.51 3.8559543
-30.5 3.8560977
-30.49 3.8562411
-30.48 3.8563845
-30.47 3.8565279
-30.46 3.8566713
-30.45 3.8568386
-30.44 3.856982
-30.43 3.8571254
-30.42 3.8572688
-30.41 3.8574122
-30.4 3.8575556
-30.39 3.8577229
-30.38 3.8578663
-30.37 3.8580097
-30.36 3.8581531
-30.35 3.8582965
-30.34 3.8584399
-30.33 3.8585833
-30.32 3.8587506
-30.31 3.858894
-30.3 3.8590374
-30.29 3.8591808
-30.28 3.8593242
-30.27 3.8594676
-30.26 3.859611
-30.25 3.8597783
-30.24 3.8599217
-30.23 3.8600651
-30.22 3.8602085
-30.21 3.8603519
-30.2 3.8604953
-30.19 3.8606387
-30.18 3.860806
-30.17 3.8609494
-30.16 3.8610928
-30.15 3.8612362
-30.14 3.8613796
-30.13 3.861523
-30.12 3.8616664
-30.11 3.8618098
-30.1 3.8619532
-30.09 3.8621205
-30.08 3.8622639
-30.07 3.8624073
-30.06 3.8625507
-30.05 3.8626941
-30.04 3.8628375
-30.03 3.8629809
-30.02 3.8631243
-30.01 3.8632677
-30.0 3.863435
-29.99 3.8635784
-29.98 3.8637218
-29.97 3.8638652
-29.96 3.8640086
-29.95 3.864152
-29.94 3.8642954
-29.93 3.8644388
-29.92 3.8645822
-29.91 3.8647256
-29.9 3.864869
-29.89 3.8650363
-29.88 3.8651797
-29.87 3.8653231
-29.86 3.8654665
-29.85 3.8656099
-29.84 3.8657533
-29.83 3.8658967
-29.82 3.8660401
-29.81 3.8661835
-29.8 3.8663269
-29.79 3.8664703
-29.78 3.8666137
-29.77 3.8667571
-29.76 3.8669005
-29.75 3.8670439
-29.74 3.8672112
-29.73 3.8673546
-29.72 3.867498
-29.71 3.8676414
-29.7 3.8677848
-29.69 3.8679282
-29.68 3.8680716
-29.67 3.868215
-29.66 3.8683584
-29.65 3.8685018
-29.64 3.8686452
-29.63 3.8687886
-29.62 3.868932
-29.61 3.8690754
-29.6 3.8692188
-29.59 3.8693622
-29.58 3.8695056
-29.57 3.869649
-29.56 3.8697924
-29.55 3.8699358
-29.54 3.8700792
-29.53 3.8702226
-29.52 3.870366
-29.51 3.8705094
-29.5 3.8706767
-29.49 3.8708201
-29.48 3.8709635
-29.47 3.8711069
-29.46 3.8712503
-29.45 3.8713937
-29.44 3.8715371
-29.43 3.8716805
-29.42 3.8718239
-29.41 3.8719673
-29.4 3.8721107
-29.39 3.8722541
-29.38 3.8723975
-29.37 3.8725409
-29.36 3.8726843
-29.35 3.8728277
-29.34 3.8729711
-29.33 3.8731145
-29.32 3.8732579
-29.31 3.8734013
-29.3 3.8735447
-29.29 3.8736881
-29.28 3.8738315
-29.27 3.8739749
-29.26 3.8741183
-29.25 3.8742617
-29.24 3.8744051
-29.23 3.8745485
-29.22 3.874668
-29.21 3.8748114
-29.2 3.8749548
-29.19 3.8750982
-29.18 3.8752416
-29.17 3.875385
-29.16 3.8755284
-29.15 3.8756718
-29.14 3.8758152
-29.13 3.8759586
-29.12 3.876102
-29.11 3.8762454
-29.1 3.8763888
-29.09 3.8765322
-29.08 3.8766756
-29.07 3.876819
-29.06 3.8769624
-29.05 3.8771058
-29.04 3.8772492
-29.03 3.8773926
-29.02 3.877536
-29.01 3.8776794
-29.0 3.8778228
-28.99 3.8779662
-28.98 3.8780857
-28.97 3.8782291
-28.96 3.8783725
-28.95 3.8785159
-28.94 3.8786593
-28.93 3.8788027
-28.92 3.8789461
-28.91 3.8790895
-28.9 3.8792329
-28.89 3.8793763
-28.88 3.8795197
-28.87 3.8796631
-28.86 3.8798065
-28.85 3.8799499
-28.84 3.8800694
-28.83 3.8802128
-28.82 3.8803562
-28.81 3.8804996
-28.8 3.880643
-28.79 3.8807864
-28.78 3.8809298
-28.77 3.8810732
-28.76 3.8812166
-28.75 3.88136
-28.74 3.8815034
-28.73 3.8816229
-28.72 3.8817663
-28.71 3.8819097
-28.7 3.8820531
-28.69 3.8821965
-28.68 3.8823399
-28.67 3.8824833
-28.66 3.8826267
-28.65 3.8827701
-28.64 3.8828896
-28.63 3.883033
-28.62 3.8831764
-28.61 3.8833198
-28.6 3.8834632
-28.59 3.8836066
-28.58 3.88375
-28.57 3.8838934
-28.56 3.8840129
-28.55 3.8841563
-28.54 3.8842997
-28.53 3.8844431
-28.52 3.8845865
-28.51 3.8847299
-28.5 3.8848733
-28.49 3.8849928
-28.48 3.8851362
-28.47 3.8852796
-28.46 3.885423
-28.45 3.8855664
-28.44 3.8857098
-28.43 3.8858532
-28.42 3.8859727
-28.41 3.8861161
-28.4 3.8862595
-28.39 3.8864029
-28.38 3.8865463
-28.37 3.8866897
-28.36 3.8868092
-28.35 3.8869526
-28.34 3.887096
-28.33 3.8872394
-28.32 3.8873828
-28.31 3.8875262
-28.3 3.8876457
-28.29 3.8877891
-28.28 3.8879325
-28.27 3.8880759
-28.26 3.8882193
-28.25 3.8883627
-28.24 3.8884822
-28.23 3.8886256
-28.22 3.888769
-28.21 3.8889124
-28.2 3.8890558
-28.19 3.8891753
-28.18 3.8893187
-28.17 3.8894621
-28.16 3.8896055
-28.15 3.8897489
-28.14 3.8898684
-28.13 3.8900118
-28.12 3.8901552
-28.11 3.8902986
-28.1 3.890442
-28.09 3.8905615
-28.08 3.8907049
-28.07 3.8908483
-28.06 3.8909917
-28.05 3.8911351
-28.04 3.8912546
-28.03 3.891398
-28.02 3.8915414
-28.01 3.8916848
-28.0 3.8918043
-27.99 3.8919477
-27.98 3.8920911
-27.97 3.8922345
-27.96 3.8923779
-27.95 3.8924974
-27.94 3.8926408
-27.93 3.8927842
-27.92 3.8929276
-27.91 3.8930471
-27.9 3.8931905
-27.89 3.8933339
-27.88 3.8934773
-27.87 3.8935968
-27.86 3.8937402
-27.85 3.8938836
-27.84 3.894027
-27.83 3.8941465
-27.82 3.8942899
-27.81 3.8944333
-27.8 3.8945767
-27.79 3.8946962
-27.78 3.8948396
-27.77 3.894983
-27.76 3.8951264
-27.75 3.8952459
-27.74 3.8953893
-27.73 3.8955327
-27.72 3.8956522
-27.71 3.8957956
-27.7 3.895939
-27.69 3.8960824
-27.68 3.8962019
-27.67 3.8963453
-27.66 3.8964887
-27.65 3.8966321
-27.64 3.8967516
-27.63 3.896895
-27.62 3.8970384
-27.61 3.8971579
-27.6 3.8973013
-27.59 3.8974447
-27.58 3.8975642
-27.57 3.8977076
-27.56 3.897851
-27.55 3.8979944
-27.54 3.8981139
-27.53 3.8982573
-27.52 3.8984007
-27.51 3.8985202
-27.5 3.8986636
-27.49 3.898807
-27.48 3.8989265
-27.47 3.8990699
-27.46 3.8992133
-27.45 3.8993328
-27.44 3.8994762
-27.43 3.8996196
-27.42 3.8997391
-27.41 3.8998825
-27.4 3.9000259
-27.39 3.9001454
-27.38 3.9002888
-27.37 3.9004322
-27.36 3.9005517
-27.35 3.9006951
-27.34 3.9008385
-27.33 3.900958
-27.32 3.9011014
-27.31 3.9012448
-27.3 3.9013643
-27.29 3.9015077
-27.28 3.9016511
-27.27 3.9017706
-27.26 3.901914
-27.25 3.9020574
-27.24 3.9021769
-27.23 3.9023203
-27.22 3.9024637
-27.21 3.9025832
-27.2 3.9027266
-27.19 3.9028461
-27.18 3.9029895
-27.17 3.9031329
-27.16 3.9032524
-27.15 3.9033958
-27.14 3.9035392
-27.13 3.9036587
-27.12 3.9038021
-27.11 3.9039216
-27.1 3.904065
-27.09 3.9042084
-27.08 3.9043279
-27.07 3.9044713
-27.06 3.9045908
-27.05 3.9047342
-27.04 3.9048776
-27.03 3.9049971
-27.02 3.9051405
-27.01 3.9052839
-27.0 3.9054034
-26.99 3.9055468
-26.98 3.9056663
-26.97 3.9058097
-26.96 3.9059292
-26.95 3.9060726
-26.94 3.906216
-26.93 3.9063355
-26.92 3.9064789
-26.91 3.9065984
-26.9 3.9067418
-26.89 3.9068852
-26.88 3.9070047
-26.87 3.9071481
-26.86 3.9072676
-26.85 3.907411
-26.84 3.9075305
-26.83 3.9076739
-26.82 3.9078173
-26.81 3.9079368
-26.8 3.9080802
-26.79 3.9081997
-26.78 3.9083431
-26.77 3.9084626
-26.76 3.908606
-26.75 3.9087255
-26.74 3.9088689
-26.73 3.9090123
-26.72 3.9091318
-26.71 3.9092752
-26.7 3.9093947
-26.69 3.9095381
-26.68 3.9096576
-26.67 3.909801
-26.66 3.9099205
-26.65 3.9100639
-26.64 3.9101834
-26.63 3.9103268
-26.62 3.9104463
-26.61 3.9105897
-26.6 3.9107092
-26.59 3.9108526
-26.58 3.910996
-26.57 3.9111155
-26.56 3.9112589
-26.55 3.9113784
-26.54 3.9115218
-26.53 3.9116413
-26.52 3.9117847
-26.51 3.9119042
-26.5 3.9120476
-26.49 3.9121671
-26.48 3.9123105
-26.47 3.91243
-26.46 3.9125734
-26.45 3.9126929
-26.44 3.9128363
-26.43 3.9129558
-26.42 3.9130992
-26.41 3.9132187
-26.4 3.9133621
-26.39 3.9134816
-26.38 3.913625
-26.37 3.9137445
-26.36 3.913864
-26.35 3.9140074
-26.34 3.9141269
-26.33 3.9142703
-26.32 3.9143898
-26.31 3.9145332
-26.3 3.9146527
-26.29 3.9147961
-26.28 3.9149156
-26.27 3.915059
-26.26 3.9151785
-26.25 3.9153219
-26.24 3.9154414
-26.23 3.9155848
-26.22 3.9157043
-26.21 3.9158238
-26.2 3.9159672
-26.19 3.9160867
-26.18 3.9162301
-26.17 3.9163496
-26.16 3.916493
-26.15 3.9166125
-26.14 3.916732
-26.13 3.9168754
-26.12 3.9169949
-26.11 3.9171383
-26.1 3.9172578
-26.09 3.9174012
-26.08 3.9175207
-26.07 3.9176402
-26.06 3.9177836
-26.05 3.9179031
-26.04 3.9180465
-26.03 3.918166
-26.02 3.9183094
-26.01 3.9184289
-26.0 3.9185484
-25.99 3.9186918
-25.98 3.9188113
-25.97 3.9189547
-25.96 3.9190742
-25.95 3.9191937
-25.94 3.9193371
-25.93 3.9194566
-25.92 3.9196
-25.91 3.9197195
-25.9 3.919839
-25.89 3.9199824
-25.88 3.9201019
-25.87 3.9202453
-25.86 3.9203648
-25.85 3.9204843
-25.84 3.9206277
-25.83 3.9207472
-25.82 3.9208667
-25.81 3.9210101
-25.8 3.9211296
-25.79 3.921273
-25.78 3.9213925
-25.77 3.921512
-25.76 3.9216554
-25.75 3.9217749
-25.74 3.9218944
-25.73 3.9220378
-25.72 3.9221573
-25.71 3.9222768
-25.7 3.9224202
-25.69 3.9225397
-25.68 3.9226592
-25.67 3.9228026
-25.66 3.9229221
-25.65 3.9230416
-25.64 3.923185
-25.63 3.9233045
-25.62 3.923424
-25.61 3.9235674
-25.6 3.9236869
-25.59 3.9238064
-25.58 3.9239498
-25.57 3.9240693
-25.56 3.9241888
-25.55 3.9243322
-25.54 3.9244517
-25.53 3.9245712
-25.52 3.9247146
-25.51 3.9248341
-25.5 3.9249536
-25.49 3.925097
-25.48 3.9252165
-25.47 3.925336
-25.46 3.9254794
-25.45 3.9255989
-25.44 3.9257184
-25.43 3.9258379
-25.42 3.9259813
-25.41 3.9261008
-25.4 3.9262203
-25.39 3.9263637
-25.38 3.9264832
-25.37 3.9266027
-25.36 3.9267222
-25.35 3.9268656
-25.34 3.9269851
-25.33 3.9271046
-25.32 3.927248
-25.31 3.9273675
-25.3 3.927487
-25.29 3.9276065
-25.28 3.9277499
-25.27 3.9278694
-25.26 3.9279889
-25.25 3.9281084
-25.24 3.9282518
-25.23 3.9283713
-25.22 3.9284908
-25.21 3.9286103
-25.2 3.9287537
-25.19 3.9288732
-25.18 3.9289927
-25.17 3.9291122
-25.16 3.9292556
-25.15 3.9293751
-25.14 3.9294946
-25.13 3.9296141
-25.12 3.9297575
-25.11 3.929877
-25.1 3.9299965
-25.09 3.930116
-25.08 3.9302594
-25.07 3.9303789
-25.06 3.9304984
-25.05 3.9306179
-25.04 3.9307374
-25.03 3.9308808
-25.02 3.9310003
-25.01 3.9311198
-25.0 3.9312393
-24.99 3.9313827
-24.98 3.9315022
-24.97 3.9316217
-24.96 3.9317412
-24.95 3.9318607
-24.94 3.9320041
-24.93 3.9321236
-24.92 3.9322431
-24.91 3.9323626
-24.9 3.9324821
-24.89 3.9326016
-24.88 3.932745
-24.87 3.9328645
-24.86 3.932984
-24.85 3.9331035
-24.84 3.933223
-24.83 3.9333664
-24.82 3.9334859
-24.81 3.9336054
-24.8 3.9337249
-24.79 3.9338444
-24.78 3.9339639
-24.77 3.9341073
-24.76 3.9342268
-24.75 3.9343463
-24.74 3.9344658
-24.73 3.9345853
-24.72 3.9347048
-24.71 3.9348482
-24.7 3.9349677
-24.69 3.9350872
-24.68 3.9352067
-24.67 3.9353262
-24.66 3.9354457
-24.65 3.9355652
-24.64 3.9356847
-24.63 3.9358281
-24.62 3.9359476
-24.61 3.9360671
-24.6 3.9361866
-24.59 3.9363061
-24.58 3.9364256
-24.57 3.9365451
-24.56 3.9366885
-24.55 3.936808
-24.54 3.9369275
-24.53 3.937047
-24.52 3.9371665
-24.51 3.937286
-24.5 3.9374055
-24.49 3.937525
-24.48 3.9376445
-24.47 3.937764
-24.46 3.9379074
-24.45 3.9380269
-24.44 3.9381464
-24.43 3.9382659
-24.42 3.9383854
-24.41 3.9385049
-24.4 3.9386244
-24.39 3.9387439
-24.38 3.9388634
-24.37 3.9389829
-24.36 3.9391024
-24.35 3.9392458
-24.34 3.9393653
-24.33 3.9394848
-24.32 3.9396043
-24.31 3.9397238
-24.3 3.9398433
-24.29 3.9399628
-24.28 3.9400823
-24.27 3.9402018
-24.26 3.9403213
-24.25 3.9404408
-24.24 3.9405603
-24.23 3.9406798
-24.22 3.9407993
-24.21 3.9409188
-24.2 3.9410383
-24.19 3.9411578
-24.18 3.9412773
-24.17 3.9414207
-24.16 3.9415402
-24.15 3.9416597
-24.14 3.9417792
-24.13 3.9418987
-24.12 3.9420182
-24.11 3.9421377
-24.1 3.9422572
-24.09 3.9423767
-24.08 3.9424962
-24.07 3.9426157
-24.06 3.9427352
-24.05 3.9428547
-24.04 3.9429742
-24.03 3.9430937
-24.02 3.9432132
-24.01 3.9433327
-24.0 3.9434522
-23.99 3.9435717
-23.98 3.9436912
-23.97 3.9438107
-23.96 3.9439302
-23.95 3.9440497
-23.94 3.9441692
-23.93 3.9442887
-23.92 3.9444082
-23.91 3.9445277
-23.9 3.9446472
-23.89 3.9447667
-23.88 3.9448862
-23.87 3.9450057
-23.86 3.9451252
-23.85 3.9452447
-23.84 3.9453642
-23.83 3.9454837
-23.82 3.9455793
-23.81 3.9456988
-23.8 3.9458183
-23.79 3.9459378
-23.78 3.9460573
-23.77 3.9461768
-23.76 3.9462963
-23.75 3.9464158
-23.74 3.9465353
-23.73 3.9466548
-23.72 3.9467743
-23.71 3.9468938
-23.7 3.9470133
-23.69 3.9471328
-23.68 3.9472523
-23.67 3.9473718
-23.66 3.9474913
-23.65 3.9476108
-23.64 3.9477064
-23.63 3.9478259
-23.62 3.9479454
-23.61 3.9480649
-23.6 3.9481844
-23.59 3.9483039
-23.58 3.9484234
-23.57 3.9485429
-23.56 3.9486624
-23.55 3.9487819
-23.54 3.9489014
-23.53 3.948997
-23.52 3.9491165
-23.51 3.949236
-23.5 3.9493555
-23.49 3.949475
-23.48 3.9495945
-23.47 3.949714
-23.46 3.9498335
-23.45 3.949953
-23.44 3.9500486
-23.43 3.9501681
-23.42 3.9502876
-23.41 3.9504071
-23.4 3.9505266
-23.39 3.9506461
-23.38 3.9507656
-23.37 3.9508851
-23.36 3.9509807
-23.35 3.9511002
-23.34 3.9512197
-23.33 3.9513392
-23.32 3.9514587
-23.31 3.9515782
-23.3 3.9516977
-23.29 3.9517933
-23.28 3.9519128
-23.27 3.9520323
-23.26 3.9521518
-23.25 3.9522713
-23.24 3.9523908
-23.23 3.9524864
-23.22 3.9526059
-23.21 3.9527254
-23.2 3.9528449
-23.19 3.9529644
-23.18 3.9530839
-23.17 3.9531795
-23.16 3.953299
-23.15 3.9534185
-23.14 3.953538
-23.13 3.9536575
-23.12 3.9537531
-23.11 3.9538726
-23.1 3.9539921
-23.09 3.9541116
-23.08 3.9542311
-23.07 3.9543267
-23.06 3.9544462
-23.05 3.9545657
-23.04 3.9546852
-23.03 3.9548047
-23.02 3.9549003
-23.01 3.9550198
-23.0 3.9551393
-22.99 3.9552588
-22.98 3.9553783
-22.97 3.9554739
-22.96 3.9555934
-22.95 3.9557129
-22.94 3.9558324
-22.93 3.955928
-22.92 3.9560475
-22.91 3.956167
-22.9 3.9562865
-22.89 3.9563821
-22.88 3.9565016
-22.87 3.9566211
-22.86 3.9567406
-22.85 3.9568362
-22.84 3.9569557
-22.83 3.9570752
-22.82 3.9571947
-22.81 3.9572903
-22.8 3.9574098
-22.79 3.9575293
-22.78 3.9576488
-22.77 3.9577444
-22.76 3.9578639
-22.75 3.9579834
-22.74 3.9581029
-22.73 3.9581985
-22.72 3.958318
-22.71 3.9584375
-22.7 3.9585331
-22.69 3.9586526
-22.68 3.9587721
-22.67 3.9588916
-22.66 3.9589872
-22.65 3.9591067
-22.64 3.9592262
-22.63 3.9593218
-22.62 3.9594413
-22.61 3.9595608
-22.6 3.9596564
-22.59 3.9597759
-22.58 3.9598954
-22.57 3.959991
-22.56 3.9601105
-22.55 3.96023
-22.54 3.9603495
-22.53 3.9604451
-22.52 3.9605646
-22.51 3.9606841
-22.5 3.9607797
-22.49 3.9608992
-22.48 3.9610187
-22.47 3.9611143
-22.46 3.9612338
-22.45 3.9613533
-22.44 3.9614489
-22.43 3.9615684
-22.42 3.961664
-22.41 3.9617835
-22.4 3.961903
-22.39 3.9619986
-22.38 3.9621181
-22.37 3.9622376
-22.36 3.9623332
-22.35 3.9624527
-22.34 3.9625722
-22.33 3.9626678
-22.32 3.9627873
-22.31 3.9628829
-22.3 3.9630024
-22.29 3.9631219
-22.28 3.9632175
-22.27 3.963337
-22.26 3.9634565
-22.25 3.9635521
-22.24 3.9636716
-22.23 3.9637672
-22.22 3.9638867
-22.21 3.9640062
-22.2 3.9641018
-22.19 3.9642213
-22.18 3.9643169
-22.17 3.9644364
-22.16 3.9645559
-22.15 3.9646515
-22.14 3.964771
-22.13 3.9648666
-22.12 3.9649861
-22.11 3.9651056
-22.1 3.9652012
-22.09 3.9653207
-22.08 3.9654163
-22.07 3.9655358
-22.06 3.9656314
-22.05 3.9657509
-22.04 3.9658704
-22.03 3.965966
-22.02 3.9660855
-22.01 3.9661811
-22.0 3.9663006
-21.99 3.9663962
-21.98 3.9665157
-21.97 3.9666113
-21.96 3.9667308
-21.95 3.9668264
-21.94 3.9669459
-21.93 3.9670654
-21.92 3.967161
-21.91 3.9672805
-21.9 3.9673761
-21.89 3.9674956
-21.88 3.9675912
-21.87 3.9677107
-21.86 3.9678063
-21.85 3.9679258
-21.84 3.9680214
-21.83 3.9681409
-21.82 3.9682365
-21.81 3.968356
-21.8 3.9684516
-21.79 3.9685711
-21.78 3.9686667
-21.77 3.9687862
-21.76 3.9688818
-21.75 3.9690013
-21.74 3.9690969
-21.73 3.9692164
-21.72 3.969312
-21.71 3.9694315
-21.7 3.9695271
-21.69 3.9696466
-21.68 3.9697422
-21.67 3.9698617
-21.66 3.9699573
-21.65 3.9700768
-21.64 3.9701724
-21.63 3.9702919
-21.62 3.9703875
-21.61 3.970507
-21.6 3.9706026
-21.59 3.9706982
-21.58 3.9708177
-21.57 3.9709133
-21.56 3.9710328
-21.55 3.9711284
-21.54 3.9712479
-21.53 3.9713435
-21.52 3.971463
-21.51 3.9715586
-21.5 3.9716542
-21.49 3.9717737
-21.48 3.9718693
-21.47 3.9719888
-21.46 3.9720844
-21.45 3.9722039
-21.44 3.9722995
-21.43 3.9723951
-21.42 3.9725146
-21.41 3.9726102
-21.4 3.9727297
-21.39 3.9728253
-21.38 3.9729448
-21.37 3.9730404
-21.36 3.973136
-21.35 3.9732555
-21.34 3.9733511
-21.33 3.9734706
-21.32 3.9735662
-21.31 3.9736618
-21.3 3.9737813
-21.29 3.9738769
-21.28 3.9739725
-21.27 3.974092
-21.26 3.9741876
-21.25 3.9743071
-21.24 3.9744027
-21.23 3.9744983
-21.22 3.9746178
-21.21 3.9747134
-21.2 3.974809
-21.19 3.9749285
-21.18 3.9750241
-21.17 3.9751436
-21.16 3.9752392
-21.15 3.9753348
-21.14 3.9754543
-21.13 3.9755499
-21.12 3.9756455
-21.11 3.975765
-21.1 3.9758606
-21.09 3.9759562
-21.08 3.9760757
-21.07 3.9761713
-21.06 3.9762669
-21.05 3.9763864
-21.04 3.976482
-21.03 3.9765776
-21.02 3.9766971
-21.01 3.9767927
-21.0 3.9768883
-20.99 3.9770078
-20.98 3.9771034
-20.97 3.977199
-20.96 3.9772946
-20.95 3.9774141
-20.94 3.9775097
-20.93 3.9776053
-20.92 3.9777248
-20.91 3.9778204
-20.9 3.977916
-20.89 3.9780355
-20.88 3.9781311
-20.87 3.9782267
-20.86 3.9783223
-20.85 3.9784418
-20.84 3.9785374
-20.83 3.978633
-20.82 3.9787525
-20.81 3.9788481
-20.8 3.9789437
-20.79 3.9790393
-20.78 3.9791588
-20.77 3.9792544
-20.76 3.97935
-20.75 3.9794456
-20.74 3.9795651
-20.73 3.9796607
-20.72 3.9797563
-20.71 3.9798519
-20.7 3.9799714
-20.69 3.980067
-20.68 3.9801626
-20.67 3.9802582
-20.66 3.9803777
-20.65 3.9804733
-20.64 3.9805689
-20.63 3.9806645
-20.62 3.9807601
-20.61 3.9808796
-20.6 3.9809752
-20.59 3.9810708
-20.58 3.9811664
-20.57 3.9812859
-20.56 3.9813815
-20.55 3.9814771
-20.54 3.9815727
-20.53 3.9816683
-20.52 3.9817878
-20.51 3.9818834
-20.5 3.981979
-20.49 3.9820746
-20.48 3.9821702
-20.47 3.9822897
-20.46 3.9823853
-20.45 3.9824809
-20.44 3.9825765
-20.43 3.9826721
-20.42 3.9827677
-20.41 3.9828872
-20.4 3.9829828
-20.39 3.9830784
-20.38 3.983174
-20.37 3.9832696
-20.36 3.9833652
-20.35 3.9834847
-20.34 3.9835803
-20.33 3.9836759
-20.32 3.9837715
-20.31 3.9838671
-20.3 3.9839627
-20.29 3.9840822
-20.28 3.9841778
-20.27 3.9842734
-20.26 3.984369
-20.25 3.9844646
-20.24 3.9845602
-20.23 3.9846558
-20.22 3.9847514
-20.21 3.9848709
-20.2 3.9849665
-20.19 3.9850621
-20.18 3.9851577
-20.17 3.9852533
-20.16 3.9853489
-20.15 3.9854445
-20.14 3.9855401
-20.13 3.9856357
-20.12 3.9857552
-20.11 3.9858508
-20.1 3.9859464
-20.09 3.986042
-20.08 3.9861376
-20.07 3.9862332
-20.06 3.9863288
-20.05 3.9864244
-20.04 3.98652
-20.03 3.9866156
-20.02 3.9867112
-20.01 3.9868068
-20.0 3.9869263
-19.99 3.9870219
-19.98 3.9871175
-19.97 3.9872131
-19.96 3.9873087
-19.95 3.9874043
-19.94 3.9874999
-19.93 3.9875955
-19.92 3.9876911
-19.91 3.9877867
-19.9 3.9878823
-19.89 3.9879779
-19.88 3.9880735
-19.87 3.9881691
-19.86 3.9882647
-19.85 3.9883603
-19.84 3.9884559
-19.83 3.9885515
-19.82 3.9886471
-19.81 3.9887427
-19.8 3.9888383
-19.79 3.9889339
-19.78 3.9890295
-19.77 3.9891251
-19.76 3.9892446
-19.75 3.9893402
-19.74 3.9894358
-19.73 3.9895314
-19.72 3.989627
-19.71 3.9897226
-19.7 3.9898182
-19.69 3.9899138
-19.68 3.9899855
-19.67 3.9900811
-19.66 3.9901767
-19.65 3.9902723
-19.64 3.9903679
-19.63 3.9904635
-19.62 3.9905591
-19.61 3.9906547
-19.6 3.9907503
-19.59 3.9908459
-19.58 3.9909415
-19.57 3.9910371
-19.56 3.9911327
-19.55 3.9912283
-19.54 3.9913239
-19.53 3.9914195
-19.52 3.9915151
-19.51 3.9916107
-19.5 3.9917063
-19.49 3.9918019
-19.48 3.9918975
-19.47 3.9919931
-19.46 3.9920887
-19.45 3.9921843
-19.44 3.9922799
-19.43 3.9923516
-19.42 3.9924472
-19.41 3.9925428
-19.4 3.9926384
-19.39 3.992734
-19.38 3.9928296
-19.37 3.9929252
-19.36 3.9930208
-19.35 3.9931164
-19.34 3.993212
-19.33 3.9933076
-19.32 3.9933793
-19.31 3.9934749
-19.3 3.9935705
-19.29 3.9936661
-19.28 3.9937617
-19.27 3.9938573
-19.26 3.9939529
-19.25 3.9940485
-19.24 3.9941441
-19.23 3.9942158
-19.22 3.9943114
-19.21 3.994407
-19.2 3.9945026
-19.19 3.9945982
-19.18 3.9946938
-19.17 3.9947894
-19.16 3.9948611
-19.15 3.9949567
-19.14 3.9950523
-19.13 3.9951479
-19.12 3.9952435
-19.11 3.9953391
-19.1 3.9954347
-19.09 3.9955064
-19.08 3.995602
-19.07 3.9956976
-19.06 3.9957932
-19.05 3.9958888
-19.04 3.9959844
-19.03 3.9960561
-19.02 3.9961517
-19.01 3.9962473
-19.0 3.9963429
-18.99 3.9964385
-18.98 3.9965102
-18.97 3.9966058
-18.96 3.9967014
-18.95 3.996797
-18.94 3.9968926
-18.93 3.9969643
-18.92 3.9970599
-18.91 3.9971555
-18.9 3.9972511
-18.89 3.9973467
-18.88 3.9974184
-18.87 3.997514
-18.86 3.9976096
-18.85 3.9977052
-18.84 3.9978008
-18.83 3.9978725
-18.82 3.9979681
-18.81 3.9980637
-18.8 3.9981593
-18.79 3.998231
-18.78 3.9983266
-18.77 3.9984222
-18.76 3.9985178
-18.75 3.9985895
-18.74 3.9986851
-18.73 3.9987807
-18.72 3.9988763
-18.71 3.998948
-18.7 3.9990436
-18.69 3.9991392
-18.68 3.9992348
-18.67 3.9993065
-18.66 3.9994021
-18.65 3.9994977
-18.64 3.9995933
-18.63 3.999665
-18.62 3.9997606
-18.61 3.9998562
-18.6 3.9999279
-18.59 4.0000235
-18.58 4.0001191
-18.57 4.0001908
-18.56 4.0002864
-18.55 4.000382
-18.54 4.0004776
-18.53 4.0005493
-18.52 4.0006449
-18.51 4.0007405
-18.5 4.0008122
-18.49 4.0009078
-18.48 4.0010034
-18.47 4.0010751
-18.46 4.0011707
-18.45 4.0012663
-18.44 4.001338
-18.43 4.0014336
-18.42 4.0015292
-18.41 4.0016009
-18.4 4.0016965
-18.39 4.0017921
-18.38 4.0018638
-18.37 4.0019594
-18.36 4.002055
-18.35 4.0021267
-18.34 4.0022223
-18.33 4.0023179
-18.32 4.0023896
-18.31 4.0024852
-18.3 4.0025808
-18.29 4.0026525
-18.28 4.0027481
-18.27 4.0028198
-18.26 4.0029154
-18.25 4.003011
-18.24 4.0030827
-18.23 4.0031783
-18.22 4.00325
-18.21 4.0033456
-18.2 4.0034412
-18.19 4.0035129
-18.18 4.0036085
-18.17 4.0037041
-18.16 4.0037758
-18.15 4.0038714
-18.14 4.0039431
-18.13 4.0040387
-18.12 4.0041104
-18.11 4.004206
-18.1 4.0043016
-18.09 4.0043733
-18.08 4.0044689
-18.07 4.0045406
-18.06 4.0046362
-18.05 4.0047079
-18.04 4.0048035
-18.03 4.0048991
-18.02 4.0049708
-18.01 4.0050664
-18.0 4.0051381
-17.99 4.0052337
-17.98 4.0053054
-17.97 4.005401
-17.96 4.0054727
-17.95 4.0055683
-17.94 4.0056639
-17.93 4.0057356
-17.92 4.0058312
-17.91 4.0059029
-17.9 4.0059985
-17.89 4.0060702
-17.88 4.0061658
-17.87 4.0062375
-17.86 4.0063331
-17.85 4.0064048
-17.84 4.0065004
-17.83 4.0065721
-17.82 4.0066677
-17.81 4.0067394
-17.8 4.006835
-17.79 4.0069067
-17.78 4.0070023
-17.77 4.007074
-17.76 4.0071696
-17.75 4.0072413
-17.74 4.0073369
-17.73 4.0074086
-17.72 4.0075042
-17.71 4.0075759
-17.7 4.0076715
-17.69 4.0077432
-17.68 4.0078388
-17.67 4.0079105
-17.66 4.0080061
-17.65 4.0080778
-17.64 4.0081495
-17.63 4.0082451
-17.62 4.0083168
-17.61 4.0084124
-17.6 4.0084841
-17.59 4.0085797
-17.58 4.0086514
-17.57 4.008747
-17.56 4.0088187
-17.55 4.0088904
-17.54 4.008986
-17.53 4.0090577
-17.52 4.0091533
-17.51 4.009225
-17.5 4.0093206
-17.49 4.0093923
-17.48 4.009464
-17.47 4.0095596
-17.46 4.0096313
-17.45 4.0097269
-17.44 4.0097986
-17.43 4.0098703
-17.42 4.0099659
-17.41 4.0100376
-17.4 4.0101332
-17.39 4.0102049
-17.38 4.0102766
-17.37 4.0103722
-17.36 4.0104439
-17.35 4.0105395
-17.34 4.0106112
-17.33 4.0106829
-17.32 4.0107785
-17.31 4.0108502
-17.3 4.0109219
-17.29 4.0110175
-17.28 4.0110892
-17.27 4.0111609
-17.26 4.0112565
-17.25 4.0113282
-17.24 4.0114238
-17.23 4.0114955
-17.22 4.0115672
-17.21 4.0116628
-17.2 4.0117345
-17.19 4.0118062
-17.18 4.0119018
-17.17 4.0119735
-17.16 4.0120452
-17.15 4.0121408
-17.14 4.0122125
-17.13 4.0122842
-17.12 4.0123798
-17.11 4.0124515
-17.1 4.0125232
-17.09 4.0125949
-17.08 4.0126905
-17.07 4.0127622
-17.06 4.0128339
-17.05 4.0129295
-17.04 4.0130012
-17.03 4.0130729
-17.02 4.0131685
-17.01 4.0132402
-17.0 4.0133119
-16.99 4.0133836
-16.98 4.0134792
-16.97 4.0135509
-16.96 4.0136226
-16.95 4.0136943
-16.94 4.0137899
-16.93 4.0138616
-16.92 4.0139333
-16.91 4.0140289
-16.9 4.0141006
-16.89 4.0141723
-16.88 4.014244
-16.87 4.0143396
-16.86 4.0144113
-16.85 4.014483
-16.84 4.0145547
-16.83 4.0146503
-16.82 4.014722
-16.81 4.0147937
-16.8 4.0148654
-16.79 4.0149371
-16.78 4.0150327
-16.77 4.0151044
-16.76 4.0151761
-16.75 4.0152478
-16.74 4.0153434
-16.73 4.0154151
-16.72 4.0154868
-16.71 4.0155585
-16.7 4.0156302
-16.69 4.0157258
-16.68 4.0157975
-16.67 4.0158692
-16.66 4.0159409
-16.65 4.0160126
-16.64 4.0161082
-16.63 4.0161799
-16.62 4.0162516
-16.61 4.0163233
-16.6 4.016395
-16.59 4.0164667
-16.58 4.0165623
-16.57 4.016634
-16.56 4.0167057
-16.55 4.0167774
-16.54 4.0168491
-16.53 4.0169208
-16.52 4.0170164
-16.51 4.0170881
-16.5 4.0171598
-16.49 4.0172315
-16.48 4.0173032
-16.47 4.0173749
-16.46 4.0174466
-16.45 4.0175422
-16.44 4.0176139
-16.43 4.0176856
-16.42 4.0177573
-16.41 4.017829
-16.4 4.0179007
-16.39 4.0179724
-16.38 4.0180441
-16.37 4.0181158
-16.36 4.0182114
-16.35 4.0182831
-16.34 4.0183548
-16.33 4.0184265
-16.32 4.0184982
-16.31 4.0185699
-16.3 4.0186416
-16.29 4.0187133
-16.28 4.018785
-16.27 4.0188567
-16.26 4.0189284
-16.25 4.019024
-16.24 4.0190957
-16.23 4.0191674
-16.22 4.0192391
-16.21 4.0193108
-16.2 4.0193825
-16.19 4.0194542
-16.18 4.0195259
-16.17 4.0195976
-16.16 4.0196693
-16.15 4.019741
-16.14 4.0198127
-16.13 4.0198844
-16.12 4.0199561
-16.11 4.0200278
-16.1 4.0200995
-16.09 4.0201712
-16.08 4.0202429
-16.07 4.0203146
-16.06 4.0204102
-16.05 4.0204819
-16.04 4.0205536
-16.03 4.0206253
-16.02 4.020697
-16.01 4.0207687
-16.0 4.0208404
-15.99 4.0209121
-15.98 4.0209838
-15.97 4.0210555
-15.96 4.0211272
-15.95 4.0211989
-15.94 4.0212706
-15.93 4.0213423
-15.92 4.021414
-15.91 4.0214857
-15.9 4.0215574
-15.89 4.0216052
-15.88 4.0216769
-15.87 4.0217486
-15.86 4.0218203
-15.85 4.021892
-15.84 4.0219637
-15.83 4.0220354
-15.82 4.0221071
-15.81 4.0221788
-15.8 4.0222505
-15.79 4.0223222
-15.78 4.0223939
-15.77 4.0224656
-15.76 4.0225373
-15.75 4.022609
-15.74 4.0226807
-15.73 4.0227524
-15.72 4.0228241
-15.71 4.0228958
-15.7 4.0229675
-15.69 4.0230153
-15.68 4.023087
-15.67 4.0231587
-15.66 4.0232304
-15.65 4.0233021
-15.64 4.0233738
-15.63 4.0234455
-15.62 4.0235172
-15.61 4.0235889
-15.6 4.0236606
-15.59 4.0237084
-15.58 4.0237801
-15.57 4.0238518
-15.56 4.0239235
-15.55 4.0239952
-15.54 4.0240669
-15.53 4.0241386
-15.52 4.0242103
-15.51 4.024282
-15.5 4.0243298
-15.49 4.0244015
-15.48 4.0244732
-15.47 4.0245449
-15.46 4.0246166
-15.45 4.0246883
-15.44 4.02476
-15.43 4.0248078
-15.42 4.0248795
-15.41 4.0249512
-15.4 4.0250229
-15.39 4.0250946
-15.38 4.0251663
-15.37 4.0252141
-15.36 4.0252858
-15.35 4.0253575
-15.34 4.0254292
-15.33 4.0255009
-15.32 4.0255487
-15.31 4.0256204
-15.3 4.0256921
-15.29 4.0257638
-15.28 4.0258355
-15.27 4.0259072
-15.26 4.025955
-15.25 4.0260267
-15.24 4.0260984
-15.23 4.0261701
-15.22 4.0262179
-15.21 4.0262896
-15.2 4.0263613
-15.19 4.026433
-15.18 4.0265047
-15.17 4.0265525
-15.16 4.0266242
-15.15 4.0266959
-15.14 4.0267676
-15.13 4.0268154
-15.12 4.0268871
-15.11 4.0269588
-15.1 4.0270305
-15.09 4.0270783
-15.08 4.02715
-15.07 4.0272217
-15.06 4.0272934
-15.05 4.0273412
-15.04 4.0274129
-15.03 4.0274846
-15.02 4.0275563
-15.01 4.0276041
-15.0 4.0276758
-14.99 4.0277475
-14.98 4.0278192
-14.97 4.027867
-14.96 4.0279387
-14.95 4.0280104
-14.94 4.0280582
-14.93 4.0281299
-14.92 4.0282016
-14.91 4.0282494
-14.9 4.0283211
-14.89 4.0283928
-14.88 4.0284645
-14.87 4.0285123
-14.86 4.028584
-14.85 4.0286557
-14.84 4.0287035
-14.83 4.0287752
-14.82 4.0288469
-14.81 4.0288947
-14.8 4.0289664
-14.79 4.0290381
-14.78 4.0290859
-14.77 4.0291576
-14.76 4.0292293
-14.75 4.0292771
-14.74 4.0293488
-14.73 4.0294205
-14.72 4.0294683
-14.71 4.02954
-14.7 4.0295878
-14.69 4.0296595
-14.68 4.0297312
-14.67 4.029779
-14.66 4.0298507
-14.65 4.0299224
-14.64 4.0299702
-14.63 4.0300419
-14.62 4.0300897
-14.61 4.0301614
-14.6 4.0302331
-14.59 4.0302809
-14.58 4.0303526
-14.57 4.0304243
-14.56 4.0304721
-14.55 4.0305438
-14.54 4.0305916
-14.53 4.0306633
-14.52 4.0307111
-14.51 4.0307828
-14.5 4.0308545
-14.49 4.0309023
-14.48 4.030974
-14.47 4.0310218
-14.46 4.0310935
-14.45 4.0311652
-14.44 4.031213
-14.43 4.0312847
-14.42 4.0313325
-14.41 4.0314042
-14.4 4.031452
-14.39 4.0315237
-14.38 4.0315715
-14.37 4.0316432
-14.36 4.031691
-14.35 4.0317627
-14.34 4.0318344
-14.33 4.0318822
-14.32 4.0319539
-14.31 4.0320017
-14.3 4.0320734
-14.29 4.0321212
-14.28 4.0321929
-14.27 4.0322407
-14.26 4.0323124
-14.25 4.0323602
-14.24 4.0324319
-14.23 4.0324797
-14.22 4.0325514
-14.21 4.0325992
-14.2 4.0326709
-14.19 4.0327187
-14.18 4.0327904
-14.17 4.0328382
-14.16 4.0329099
-14.15 4.0329577
-14.14 4.0330294
-14.13 4.0330772
-14.12 4.0331489
-14.11 4.0331967
-14.1 4.0332684
-14.09 4.0333162
-14.08 4.033364
-14.07 4.0334357
-14.06 4.0334835
-14.05 4.0335552
-14.04 4.033603
-14.03 4.0336747
-14.02 4.0337225
-14.01 4.0337942
-14.0 4.033842
-13.99 4.0338898
-13.98 4.0339615
-13.97 4.0340093
-13.96 4.034081
-13.95 4.0341288
-13.94 4.0342005
-13.93 4.0342483
-13.92 4.0342961
-13.91 4.0343678
-13.9 4.0344156
-13.89 4.0344873
-13.88 4.0345351
-13.87 4.0345829
-13.86 4.0346546
-13.85 4.0347024
-13.84 4.0347741
-13.83 4.0348219
-13.82 4.0348697
-13.81 4.0349414
-13.8 4.0349892
-13.79 4.035037
-13.78 4.0351087
-13.77 4.0351565
-13.76 4.0352282
-13.75 4.035276
-13.74 4.0353238
-13.73 4.0353955
-13.72 4.0354433
-13.71 4.0354911
-13.7 4.0355628
-13.69 4.0356106
-13.68 4.0356584
-13.67 4.0357301
-13.66 4.0357779
-13.65 4.0358257
-13.64 4.0358974
-13.63 4.0359452
-13.62 4.035993
-13.61 4.0360647
-13.6 4.0361125
-13.59 4.0361603
-13.58 4.036232
-13.57 4.0362798
-13.56 4.0363276
-13.55 4.0363993
-13.54 4.0364471
-13.53 4.0364949
-13.52 4.0365427
-13.51 4.0366144
-13.5 4.0366622
-13.49 4.03671
-13.48 4.0367817
-13.47 4.0368295
-13.46 4.0368773
-13.45 4.0369251
-13.44 4.0369968
-13.43 4.0370446
-13.42 4.0370924
-13.41 4.0371641
-13.4 4.0372119
-13.39 4.0372597
-13.38 4.0373075
-13.37 4.0373792
-13.36 4.037427
-13.35 4.0374748
-13.34 4.0375226
-13.33 4.0375943
-13.32 4.0376421
-13.31 4.0376899
-13.3 4.0377377
-13.29 4.0377855
-13.28 4.0378572
-13.27 4.037905
-13.26 4.0379528
-13.25 4.0380006
-13.24 4.0380723
-13.23 4.0381201
-13.22 4.0381679
-13.21 4.0382157
-13.2 4.0382635
-13.19 4.0383352
-13.18 4.038383
-13.17 4.0384308
-13.16 4.0384786
-13.15 4.0385264
-13.14 4.0385981
-13.13 4.0386459
-13.12 4.0386937
-13.11 4.0387415
-13.1 4.0387893
-13.09 4.0388371
-13.08 4.0389088
-13.07 4.0389566
-13.06 4.0390044
-13.05 4.0390522
-13.04 4.0391
-13.03 4.0391478
-13.02 4.0391956
-13.01 4.0392673
-13.0 4.0393151
-12.99 4.0393629
-12.98 4.0394107
-12.97 4.0394585
-12.96 4.0395063
-12.95 4.0395541
-12.94 4.0396258
-12.93 4.0396736
-12.92 4.0397214
-12.91 4.0397692
-12.9 4.039817
-12.89 4.0398648
-12.88 4.0399126
-12.87 4.0399604
-12.86 4.0400082
-12.85 4.0400799
-12.84 4.0401277
-12.83 4.0401755
-12.82 4.0402233
-12.81 4.0402711
-12.8 4.0403189
-12.79 4.0403667
-12.78 4.0404145
-12.77 4.0404623
-12.76 4.0405101
-12.75 4.0405579
-12.74 4.0406057
-12.73 4.0406535
-12.72 4.0407252
-12.71 4.040773
-12.7 4.0408208
-12.69 4.0408686
-12.68 4.0409164
-12.67 4.0409642
-12.66 4.041012
-12.65 4.0410598
-12.64 4.0411076
-12.63 4.0411554
-12.62 4.0412032
-12.61 4.041251
-12.6 4.0412988
-12.59 4.0413466
-12.58 4.0413944
-12.57 4.0414422
-12.56 4.04149
-12.55 4.0415378
-12.54 4.0415856
-12.53 4.0416334
-12.52 4.0416812
-12.51 4.041729
-12.5 4.0417768
-12.49 4.0418246
-12.48 4.0418724
-12.47 4.0419202
-12.46 4.041968
-12.45 4.0420158
-12.44 4.0420636
-12.43 4.0421114
-12.42 4.0421592
-12.41 4.042207
-12.4 4.0422548
-12.39 4.0423026
-12.38 4.0423504
-12.37 4.0423982
-12.36 4.042446
-12.35 4.0424938
-12.34 4.0425416
-12.33 4.0425655
-12.32 4.0426133
-12.31 4.0426611
-12.3 4.0427089
-12.29 4.0427567
-12.28 4.0428045
-12.27 4.0428523
-12.26 4.0429001
-12.25 4.0429479
-12.24 4.0429957
-12.23 4.0430435
-12.22 4.0430913
-12.21 4.0431391
-12.2 4.043163
-12.19 4.0432108
-12.18 4.0432586
-12.17 4.0433064
-12.16 4.0433542
-12.15 4.043402
-12.14 4.0434498
-12.13 4.0434976
-12.12 4.0435454
-12.11 4.0435693
-12.1 4.0436171
-12.09 4.0436649
-12.08 4.0437127
-12.07 4.0437605
-12.06 4.0438083
-12.05 4.0438561
-12.04 4.0439039
-12.03 4.0439278
-12.02 4.0439756
-12.01 4.0440234
-12.0 4.0440712
-11.99 4.044119
-11.98 4.0441668
-11.97 4.0441907
-11.96 4.0442385
-11.95 4.0442863
-11.94 4.0443341
-11.93 4.0443819
-11.92 4.0444297
-11.91 4.0444536
-11.9 4.0445014
-11.89 4.0445492
-11.88 4.044597
-11.87 4.0446448
-11.86 4.0446687
-11.85 4.0447165
-11.84 4.0447643
-11.83 4.0448121
-11.82 4.0448599
-11.81 4.0448838
-11.8 4.0449316
-11.79 4.0449794
-11.78 4.0450272
-11.77 4.0450511
-11.76 4.0450989
-11.75 4.0451467
-11.74 4.0451945
-11.73 4.0452423
-11.72 4.0452662
-11.71 4.045314
-11.7 4.0453618
-11.69 4.0454096
-11.68 4.0454335
-11.67 4.0454813
-11.66 4.0455291
-11.65 4.0455769
-11.64 4.0456008
-11.63 4.0456486
-11.62 4.0456964
-11.61 4.0457203
-11.6 4.0457681
-11.59 4.0458159
-11.58 4.0458637
-11.57 4.0458876
-11.56 4.0459354
-11.55 4.0459832
-11.54 4.0460071
-11.53 4.0460549
-11.52 4.0461027
-11.51 4.0461505
-11.5 4.0461744
-11.49 4.0462222
-11.48 4.04627
-11.47 4.0462939
-11.46 4.0463417
-11.45 4.0463895
-11.44 4.0464134
-11.43 4.0464612
-11.42 4.046509
-11.41 4.0465329
-11.4 4.0465807
-11.39 4.0466285
-11.38 4.0466524
-11.37 4.0467002
-11.36 4.046748
-11.35 4.0467719
-11.34 4.0468197
-11.33 4.0468675
-11.32 4.0468914
-11.31 4.0469392
-11.3 4.0469631
-11.29 4.0470109
-11.28 4.0470587
-11.27 4.0470826
-11.26 4.0471304
-11.25 4.0471782
-11.24 4.0472021
-11.23 4.0472499
-11.22 4.0472738
-11.21 4.0473216
-11.2 4.0473694
-11.19 4.0473933
-11.18 4.0474411
-11.17 4.047465
-11.16 4.0475128
-11.15 4.0475606
-11.14 4.0475845
-11.13 4.0476323
-11.12 4.0476562
-11.11 4.047704
-11.1 4.0477279
-11.09 4.0477757
-11.08 4.0478235
-11.07 4.0478474
-11.06 4.0478952
-11.05 4.0479191
-11.04 4.0479669
-11.03 4.0479908
-11.02 4.0480386
-11.01 4.0480625
-11.0 4.0481103
-10.99 4.0481581
-10.98 4.048182
-10.97 4.0482298
-10.96 4.0482537
-10.95 4.0483015
-10.94 4.0483254
-10.93 4.0483732
-10.92 4.0483971
-10.91 4.0484449
-10.9 4.0484688
-10.89 4.0485166
-10.88 4.0485405
-10.87 4.0485883
-10.86 4.0486122
-10.85 4.04866
-10.84 4.0486839
-10.83 4.0487317
-10.82 4.0487556
-10.81 4.0488034
-10.8 4.0488273
-10.79 4.0488751
-10.78 4.048899
-10.77 4.0489468
-10.76 4.0489707
-10.75 4.0490185
-10.74 4.0490424
-10.73 4.0490663
-10.72 4.0491141
-10.71 4.049138
-10.7 4.0491858
-10.69 4.0492097
-10.68 4.0492575
-10.67 4.0492814
-10.66 4.0493292
-10.65 4.0493531
-10.64 4.049377
-10.63 4.0494248
-10.62 4.0494487
-10.61 4.0494965
-10.6 4.0495204
-10.59 4.0495682
-10.58 4.0495921
-10.57 4.049616
-10.56 4.0496638
-10.55 4.0496877
-10.54 4.0497355
-10.53 4.0497594
-10.52 4.0497833
-10.51 4.0498311
-10.5 4.049855
-10.49 4.0499028
-10.48 4.0499267
-10.47 4.0499506
-10.46 4.0499984
-10.45 4.0500223
-10.44 4.0500462
-10.43 4.050094
-10.42 4.0501179
-10.41 4.0501657
-10.4 4.0501896
-10.39 4.0502135
-10.38 4.0502613
-10.37 4.0502852
-10.36 4.0503091
-10.35 4.0503569
-10.34 4.0503808
-10.33 4.0504047
-10.32 4.0504525
-10.31 4.0504764
-10.3 4.0505003
-10.29 4.0505481
-10.28 4.050572
-10.27 4.0505959
-10.26 4.0506437
-10.25 4.0506676
-10.24 4.0506915
-10.23 4.0507154
-10.22 4.0507632
-10.21 4.0507871
-10.2 4.050811
-10.19 4.0508588
-10.18 4.0508827
-10.17 4.0509066
-10.16 4.0509544
-10.15 4.0509783
-10.14 4.0510022
-10.13 4.0510261
-10.12 4.0510739
-10.11 4.0510978
-10.1 4.0511217
-10.09 4.0511456
-10.08 4.0511934
-10.07 4.0512173
-10.06 4.0512412
-10.05 4.0512651
-10.04 4.0513129
-10.03 4.0513368
-10.02 4.0513607
-10.01 4.0513846
-10.0 4.0514324
-9.99 4.0514563
-9.98 4.0514802
-9.97 4.0515041
-9.96 4.0515519
-9.95 4.0515758
-9.94 4.0515997
-9.93 4.0516236
-9.92 4.0516475
-9.91 4.0516953
-9.9 4.0517192
-9.89 4.0517431
-9.88 4.051767
-9.87 4.0517909
-9.86 4.0518387
-9.85 4.0518626
-9.84 4.0518865
-9.83 4.0519104
-9.82 4.0519343
-9.81 4.0519821
-9.8 4.052006
-9.79 4.0520299
-9.78 4.0520538
-9.77 4.0520777
-9.76 4.0521016
-9.75 4.0521494
-9.74 4.0521733
-9.73 4.0521972
-9.72 4.0522211
-9.71 4.052245
-9.7 4.0522689
-9.69 4.0522928
-9.68 4.0523406
-9.67 4.0523645
-9.66 4.0523884
-9.65 4.0524123
-9.64 4.0524362
-9.63 4.0524601
-9.62 4.052484
-9.61 4.0525079
-9.6 4.0525557
-9.59 4.0525796
-9.58 4.0526035
-9.57 4.0526274
-9.56 4.0526513
-9.55 4.0526752
-9.54 4.0526991
-9.53 4.052723
-9.52 4.0527469
-9.51 4.0527708
-9.5 4.0528186
-9.49 4.0528425
-9.48 4.0528664
-9.47 4.0528903
-9.46 4.0529142
-9.45 4.0529381
-9.44 4.052962
-9.43 4.0529859
-9.42 4.0530098
-9.41 4.0530337
-9.4 4.0530576
-9.39 4.0530815
-9.38 4.0531054
-9.37 4.0531293
-9.36 4.0531532
-9.35 4.0531771
-9.34 4.053201
-9.33 4.0532249
-9.32 4.0532488
-9.31 4.0532966
-9.3 4.0533205
-9.29 4.0533444
-9.28 4.0533683
-9.27 4.0533922
-9.26 4.0534161
-9.25 4.05344
-9.24 4.0534639
-9.23 4.0534878
-9.22 4.0535117
-9.21 4.0535356
-9.2 4.0535595
-9.19 4.0535834
-9.18 4.0536073
-9.17 4.0536312
-9.16 4.0536551
-9.15 4.0536551
-9.14 4.053679
-9.13 4.0537029
-9.12 4.0537268
-9.11 4.0537507
-9.1 4.0537746
-9.09 4.0537985
-9.08 4.0538224
-9.07 4.0538463
-9.06 4.0538702
-9.05 4.0538941
-9.04 4.053918
-9.03 4.0539419
-9.02 4.0539658
-9.01 4.0539897
-9.0 4.0540136
-8.99 4.0540375
-8.98 4.0540614
-8.97 4.0540614
-8.96 4.0540853
-8.95 4.0541092
-8.94 4.0541331
-8.93 4.054157
-8.92 4.0541809
-8.91 4.0542048
-8.9 4.0542287
-8.89 4.0542526
-8.88 4.0542765
-8.87 4.0542765
-8.86 4.0543004
-8.85 4.0543243
-8.84 4.0543482
-8.83 4.0543721
-8.82 4.054396
-8.81 4.0544199
-8.8 4.0544438
-8.79 4.0544438
-8.78 4.0544677
-8.77 4.0544916
-8.76 4.0545155
-8.75 4.0545394
-8.74 4.0545633
-8.73 4.0545872
-8.72 4.0545872
-8.71 4.0546111
-8.7 4.054635
-8.69 4.0546589
-8.68 4.0546828
-8.67 4.0547067
-8.66 4.0547067
-8.65 4.0547306
-8.64 4.0547545
-8.63 4.0547784
-8.62 4.0548023
-8.61 4.0548023
-8.6 4.0548262
-8.59 4.0548501
-8.58 4.054874
-8.57 4.0548979
-8.56 4.0548979
-8.55 4.0549218
-8.54 4.0549457
-8.53 4.0549696
-8.52 4.0549935
-8.51 4.0549935
-8.5 4.0550174
-8.49 4.0550413
-8.48 4.0550652
-8.47 4.0550652
-8.46 4.0550891
-8.45 4.055113
-8.44 4.0551369
-8.43 4.0551369
-8.42 4.0551608
-8.41 4.0551847
-8.4 4.0552086
-8.39 4.0552086
-8.38 4.0552325
-8.37 4.0552564
-8.36 4.0552803
-8.35 4.0552803
-8.34 4.0553042
-8.33 4.0553281
-8.32 4.055352
-8.31 4.055352
-8.3 4.0553759
-8.29 4.0553998
-8.28 4.0553998
-8.27 4.0554237
-8.26 4.0554476
-8.25 4.0554476
-8.24 4.0554715
-8.23 4.0554954
-8.22 4.0555193
-8.21 4.0555193
-8.2 4.0555432
-8.19 4.0555671
-8.18 4.0555671
-8.17 4.055591
-8.16 4.0556149
-8.15 4.0556149
-8.14 4.0556388
-8.13 4.0556627
-8.12 4.0556627
-8.11 4.0556866
-8.1 4.0557105
-8.09 4.0557105
-8.08 4.0557344
-8.07 4.0557344
-8.06 4.0557583
-8.05 4.0557822
-8.04 4.0557822
-8.03 4.0558061
-8.02 4.05583
-8.01 4.05583
-8.0 4.0558539
-7.99 4.0558539
-7.98 4.0558778
-7.97 4.0559017
-7.96 4.0559017
-7.95 4.0559256
-7.94 4.0559495
-7.93 4.0559495
-7.92 4.0559734
-7.91 4.0559734
-7.9 4.0559973
-7.89 4.0559973
-7.88 4.0560212
-7.87 4.0560451
-7.86 4.0560451
-7.85 4.056069
-7.84 4.056069
-7.83 4.0560929
-7.82 4.0560929
-7.81 4.0561168
-7.8 4.0561407
-7.79 4.0561407
-7.78 4.0561646
-7.77 4.0561646
-7.76 4.0561885
-7.75 4.0561885
-7.74 4.0562124
-7.73 4.0562124
-7.72 4.0562363
-7.71 4.0562363
-7.7 4.0562602
-7.69 4.0562602
-7.68 4.0562841
-7.67 4.056308
-7.66 4.056308
-7.65 4.0563319
-7.64 4.0563319
-7.63 4.0563558
-7.62 4.0563558
-7.61 4.0563797
-7.6 4.0563797
-7.59 4.0564036
-7.58 4.0564036
-7.57 4.0564036
-7.56 4.0564275
-7.55 4.0564275
-7.54 4.0564514
-7.53 4.0564514
-7.52 4.0564753
-7.51 4.0564753
-7.5 4.0564992
-7.49 4.0564992
-7.48 4.0565231
-7.47 4.0565231
-7.46 4.056547
-7.45 4.056547
-7.44 4.0565709
-7.43 4.0565709
-7.42 4.0565709
-7.41 4.0565948
-7.4 4.0565948
-7.39 4.0566187
-7.38 4.0566187
-7.37 4.0566426
-7.36 4.0566426
-7.35 4.0566426
-7.34 4.0566665
-7.33 4.0566665
-7.32 4.0566904
-7.31 4.0566904
-7.3 4.0566904
-7.29 4.0567143
-7.28 4.0567143
-7.27 4.0567382
-7.26 4.0567382
-7.25 4.0567382
-7.24 4.0567621
-7.23 4.0567621
-7.22 4.0567621
-7.21 4.056786
-7.2 4.056786
-7.19 4.0568099
-7.18 4.0568099
-7.17 4.0568099
-7.16 4.0568338
-7.15 4.0568338
-7.14 4.0568338
-7.13 4.0568577
-7.12 4.0568577
-7.11 4.0568577
-7.1 4.0568816
-7.09 4.0568816
-7.08 4.0568816
-7.07 4.0569055
-7.06 4.0569055
-7.05 4.0569055
-7.04 4.0569294
-7.03 4.0569294
-7.02 4.0569294
-7.01 4.0569533
-7.0 4.0569533
-6.99 4.0569533
-6.98 4.0569772
-6.97 4.0569772
-6.96 4.0569772
-6.95 4.0569772
-6.94 4.0570011
-6.93 4.0570011
-6.92 4.0570011
-6.91 4.057025
-6.9 4.057025
-6.89 4.057025
-6.88 4.057025
-6.87 4.0570489
-6.86 4.0570489
-6.85 4.0570489
-6.84 4.0570489
-6.83 4.0570728
-6.82 4.0570728
-6.81 4.0570728
-6.8 4.0570728
-6.79 4.0570967
-6.78 4.0570967
-6.77 4.0570967
-6.76 4.0570967
-6.75 4.0571206
-6.74 4.0571206
-6.73 4.0571206
-6.72 4.0571206
-6.71 4.0571445
-6.7 4.0571445
-6.69 4.0571445
-6.68 4.0571445
-6.67 4.0571445
-6.66 4.0571684
-6.65 4.0571684
-6.64 4.0571684
-6.63 4.0571684
-6.62 4.0571684
-6.61 4.0571923
-6.6 4.0571923
-6.59 4.0571923
-6.58 4.0571923
-6.57 4.0571923
-6.56 4.0571923
-6.55 4.0572162
-6.54 4.0572162
-6.53 4.0572162
-6.52 4.0572162
-6.51 4.0572162
-6.5 4.0572162
-6.49 4.0572401
-6.48 4.0572401
-6.47 4.0572401
-6.46 4.0572401
-6.45 4.0572401
-6.44 4.0572401
-6.43 4.0572401
-6.42 4.0572401
-6.41 4.057264
-6.4 4.057264
-6.39 4.057264
-6.38 4.057264
-6.37 4.057264
-6.36 4.057264
-6.35 4.057264
-6.34 4.057264
-6.33 4.057264
-6.32 4.0572879
-6.31 4.0572879
-6.3 4.0572879
-6.29 4.0572879
-6.28 4.0572879
-6.27 4.0572879
-6.26 4.0572879
-6.25 4.0572879
-6.24 4.0572879
-6.23 4.0572879
-6.22 4.0572879
-6.21 4.0572879
-6.2 4.0573118
-6.19 4.0573118
-6.18 4.0573118
-6.17 4.0573118
-6.16 4.0573118
-6.15 4.0573118
-6.14 4.0573118
-6.13 4.0573118
-6.12 4.0573118
-6.11 4.0573118
-6.1 4.0573118
-6.09 4.0573118
-6.08 4.0573118
-6.07 4.0573118
-6.06 4.0573118
-6.05 4.0573118
-6.04 4.0573118
-6.03 4.0573118
-6.02 4.0573118
-6.01 4.0573118
-6.0 4.0573118
-5.99 4.0573118
-5.98 4.0573118
-5.97 4.0573118
-5.96 4.0573118
-5.95 4.0573118
-5.94 4.0573118
-5.93 4.0573118
-5.92 4.0573118
-5.91 4.0573118
-5.9 4.0573118
-5.89 4.0573118
-5.88 4.0573118
-5.87 4.0573118
-5.86 4.0573118
-5.85 4.0573118
-5.84 4.0573118
-5.83 4.0572879
-5.82 4.0572879
-5.81 4.0572879
-5.8 4.0572879
-5.79 4.0572879
-5.78 4.0572879
-5.77 4.0572879
-5.76 4.0572879
-5.75 4.0572879
-5.74 4.0572879
-5.73 4.0572879
-5.72 4.0572879
-5.71 4.0572879
-5.7 4.057264
-5.69 4.057264
-5.68 4.057264
-5.67 4.057264
-5.66 4.057264
-5.65 4.057264
-5.64 4.057264
-5.63 4.057264
-5.62 4.057264
-5.61 4.0572401
-5.6 4.0572401
-5.59 4.0572401
-5.58 4.0572401
-5.57 4.0572401
-5.56 4.0572401
-5.55 4.0572401
-5.54 4.0572401
-5.53 4.0572162
-5.52 4.0572162
-5.51 4.0572162
-5.5 4.0572162
-5.49 4.0572162
-5.48 4.0572162
-5.47 4.0571923
-5.46 4.0571923
-5.45 4.0571923
-5.44 4.0571923
-5.43 4.0571923
-5.42 4.0571923
-5.41 4.0571684
-5.4 4.0571684
-5.39 4.0571684
-5.38 4.0571684
-5.37 4.0571684
-5.36 4.0571445
-5.35 4.0571445
-5.34 4.0571445
-5.33 4.0571445
-5.32 4.0571445
-5.31 4.0571206
-5.3 4.0571206
-5.29 4.0571206
-5.28 4.0571206
-5.27 4.0570967
-5.26 4.0570967
-5.25 4.0570967
-5.24 4.0570967
-5.23 4.0570728
-5.22 4.0570728
-5.21 4.0570728
-5.2 4.0570728
-5.19 4.0570489
-5.18 4.0570489
-5.17 4.0570489
-5.16 4.0570489
-5.15 4.057025
-5.14 4.057025
-5.13 4.057025
-5.12 4.057025
-5.11 4.0570011
-5.1 4.0570011
-5.09 4.0570011
-5.08 4.0569772
-5.07 4.0569772
-5.06 4.0569772
-5.05 4.0569772
-5.04 4.0569533
-5.03 4.0569533
-5.02 4.0569533
-5.01 4.0569294
-5.0 4.0569294
-4.99 4.0569294
-4.98 4.0569055
-4.97 4.0569055
-4.96 4.0569055
-4.95 4.0568816
-4.94 4.0568816
-4.93 4.0568816
-4.92 4.0568577
-4.91 4.0568577
-4.9 4.0568577
-4.89 4.0568338
-4.88 4.0568338
-4.87 4.0568338
-4.86 4.0568099
-4.85 4.0568099
-4.84 4.0568099
-4.83 4.056786
-4.82 4.056786
-4.81 4.0567621
-4.8 4.0567621
-4.79 4.0567621
-4.78 4.0567382
-4.77 4.0567382
-4.76 4.0567382
-4.75 4.0567143
-4.74 4.0567143
-4.73 4.0566904
-4.72 4.0566904
-4.71 4.0566904
-4.7 4.0566665
-4.69 4.0566665
-4.68 4.0566426
-4.67 4.0566426
-4.66 4.0566187
-4.65 4.0566187
-4.64 4.0566187
-4.63 4.0565948
-4.62 4.0565948
-4.61 4.0565709
-4.6 4.0565709
-4.59 4.056547
-4.58 4.056547
-4.57 4.056547
-4.56 4.0565231
-4.55 4.0565231
-4.54 4.0564992
-4.53 4.0564992
-4.52 4.0564753
-4.51 4.0564753
-4.5 4.0564514
-4.49 4.0564514
-4.48 4.0564275
-4.47 4.0564275
-4.46 4.0564036
-4.45 4.0564036
-4.44 4.0563797
-4.43 4.0563797
-4.42 4.0563797
-4.41 4.0563558
-4.4 4.0563558
-4.39 4.0563319
-4.38 4.0563319
-4.37 4.056308
-4.36 4.0562841
-4.35 4.0562841
-4.34 4.0562602
-4.33 4.0562602
-4.32 4.0562363
-4.31 4.0562363
-4.3 4.0562124
-4.29 4.0562124
-4.28 4.0561885
-4.27 4.0561885
-4.26 4.0561646
-4.25 4.0561646
-4.24 4.0561407
-4.23 4.0561407
-4.22 4.0561168
-4.21 4.0560929
-4.2 4.0560929
-4.19 4.056069
-4.18 4.056069
-4.17 4.0560451
-4.16 4.0560451
-4.15 4.0560212
-4.14 4.0559973
-4.13 4.0559973
-4.12 4.0559734
-4.11 4.0559734
-4.1 4.0559495
-4.09 4.0559256
-4.08 4.0559256
-4.07 4.0559017
-4.06 4.0559017
-4.05 4.0558778
-4.04 4.0558539
-4.03 4.0558539
-4.02 4.05583
-4.01 4.05583
-4.0 4.0558061
-3.99 4.0557822
-3.98 4.0557822
-3.97 4.0557583
-3.96 4.0557344
-3.95 4.0557344
-3.94 4.0557105
-3.93 4.0557105
-3.92 4.0556866
-3.91 4.0556627
-3.9 4.0556627
-3.89 4.0556388
-3.88 4.0556149
-3.87 4.0556149
-3.86 4.055591
-3.85 4.0555671
-3.84 4.0555671
-3.83 4.0555432
-3.82 4.0555193
-3.81 4.0555193
-3.8 4.0554954
-3.79 4.0554715
-3.78 4.0554715
-3.77 4.0554476
-3.76 4.0554237
-3.75 4.0553998
-3.74 4.0553998
-3.73 4.0553759
-3.72 4.055352
-3.71 4.055352
-3.7 4.0553281
-3.69 4.0553042
-3.68 4.0552803
-3.67 4.0552803
-3.66 4.0552564
-3.65 4.0552325
-3.64 4.0552325
-3.63 4.0552086
-3.62 4.0551847
-3.61 4.0551608
-3.6 4.0551608
-3.59 4.0551369
-3.58 4.055113
-3.57 4.0550891
-3.56 4.0550891
-3.55 4.0550652
-3.54 4.0550413
-3.53 4.0550174
-3.52 4.0549935
-3.51 4.0549935
-3.5 4.0549696
-3.49 4.0549457
-3.48 4.0549218
-3.47 4.0549218
-3.46 4.0548979
-3.45 4.054874
-3.44 4.0548501
-3.43 4.0548262
-3.42 4.0548262
-3.41 4.0548023
-3.4 4.0547784
-3.39 4.0547545
-3.38 4.0547306
-3.37 4.0547306
-3.36 4.0547067
-3.35 4.0546828
-3.34 4.0546589
-3.33 4.054635
-3.32 4.0546111
-3.31 4.0546111
-3.3 4.0545872
-3.29 4.0545633
-3.28 4.0545394
-3.27 4.0545155
-3.26 4.0544916
-3.25 4.0544916
-3.24 4.0544677
-3.23 4.0544438
-3.22 4.0544199
-3.21 4.054396
-3.2 4.0543721
-3.19 4.0543482
-3.18 4.0543243
-3.17 4.0543243
-3.16 4.0543004
-3.15 4.0542765
-3.14 4.0542526
-3.13 4.0542287
-3.12 4.0542048
-3.11 4.0541809
-3.1 4.054157
-3.09 4.0541331
-3.08 4.0541331
-3.07 4.0541092
-3.06 4.0540853
-3.05 4.0540614
-3.04 4.0540375
-3.03 4.0540136
-3.02 4.0539897
-3.01 4.0539658
-3.0 4.0539419
-2.99 4.053918
-2.98 4.0538941
-2.97 4.0538702
-2.96 4.0538463
-2.95 4.0538224
-2.94 4.0538224
-2.93 4.0537985
-2.92 4.0537746
-2.91 4.0537507
-2.9 4.0537268
-2.89 4.0537029
-2.88 4.053679
-2.87 4.0536551
-2.86 4.0536312
-2.85 4.0536073
-2.84 4.0535834
-2.83 4.0535595
-2.82 4.0535356
-2.81 4.0535117
-2.8 4.0534878
-2.79 4.0534639
-2.78 4.05344
-2.77 4.0534161
-2.76 4.0533922
-2.75 4.0533683
-2.74 4.0533444
-2.73 4.0533205
-2.72 4.0532966
-2.71 4.0532727
-2.7 4.0532488
-2.69 4.0532249
-2.68 4.053201
-2.67 4.0531771
-2.66 4.0531532
-2.65 4.0531293
-2.64 4.0531054
-2.63 4.0530815
-2.62 4.0530576
-2.61 4.0530337
-2.6 4.0529859
-2.59 4.052962
-2.58 4.0529381
-2.57 4.0529142
-2.56 4.0528903
-2.55 4.0528664
-2.54 4.0528425
-2.53 4.0528186
-2.52 4.0527947
-2.51 4.0527708
-2.5 4.0527469
-2.49 4.052723
-2.48 4.0526991
-2.47 4.0526752
-2.46 4.0526274
-2.45 4.0526035
-2.44 4.0525796
-2.43 4.0525557
-2.42 4.0525318
-2.41 4.0525079
-2.4 4.052484
-2.39 4.0524601
-2.38 4.0524362
-2.37 4.0523884
-2.36 4.0523645
-2.35 4.0523406
-2.34 4.0523167
-2.33 4.0522928
-2.32 4.0522689
-2.31 4.052245
-2.3 4.0522211
-2.29 4.0521733
-2.28 4.0521494
-2.27 4.0521255
-2.26 4.0521016
-2.25 4.0520777
-2.24 4.0520538
-2.23 4.052006
-2.22 4.0519821
-2.21 4.0519582
-2.2 4.0519343
-2.19 4.0519104
-2.18 4.0518865
-2.17 4.0518387
-2.16 4.0518148
-2.15 4.0517909
-2.14 4.051767
-2.13 4.0517431
-2.12 4.0516953
-2.11 4.0516714
-2.1 4.0516475
-2.09 4.0516236
-2.08 4.0515997
-2.07 4.0515519
-2.06 4.051528
-2.05 4.0515041
-2.04 4.0514802
-2.03 4.0514563
-2.02 4.0514085
-2.01 4.0513846
-2.0 4.0513607
-1.99 4.0513368
-1.98 4.051289
-1.97 4.0512651
-1.96 4.0512412
-1.95 4.0512173
-1.94 4.0511695
-1.93 4.0511456
-1.92 4.0511217
-1.91 4.0510978
-1.9 4.05105
-1.89 4.0510261
-1.88 4.0510022
-1.87 4.0509544
-1.86 4.0509305
-1.85 4.0509066
-1.84 4.0508827
-1.83 4.0508349
-1.82 4.050811
-1.81 4.0507871
-1.8 4.0507393
-1.79 4.0507154
-1.78 4.0506915
-1.77 4.0506676
-1.76 4.0506198
-1.75 4.0505959
-1.74 4.050572
-1.73 4.0505242
-1.72 4.0505003
-1.71 4.0504764
-1.7 4.0504286
-1.69 4.0504047
-1.68 4.0503808
-1.67 4.050333
-1.66 4.0503091
-1.65 4.0502852
-1.64 4.0502374
-1.63 4.0502135
-1.62 4.0501896
-1.61 4.0501418
-1.6 4.0501179
-1.59 4.050094
-1.58 4.0500462
-1.57 4.0500223
-1.56 4.0499984
-1.55 4.0499506
-1.54 4.0499267
-1.53 4.0498789
-1.52 4.049855
-1.51 4.0498311
-1.5 4.0497833
-1.49 4.0497594
-1.48 4.0497116
-1.47 4.0496877
-1.46 4.0496638
-1.45 4.049616
-1.44 4.0495921
-1.43 4.0495443
-1.42 4.0495204
-1.41 4.0494965
-1.4 4.0494487
-1.39 4.0494248
-1.38 4.049377
-1.37 4.0493531
-1.36 4.0493292
-1.35 4.0492814
-1.34 4.0492575
-1.33 4.0492097
-1.32 4.0491858
-1.31 4.049138
-1.3 4.0491141
-1.29 4.0490663
-1.28 4.0490424
-1.27 4.0490185
-1.26 4.0489707
-1.25 4.0489468
-1.24 4.048899
-1.23 4.0488751
-1.22 4.0488273
-1.21 4.0488034
-1.2 4.0487556
-1.19 4.0487317
-1.18 4.0486839
-1.17 4.04866
-1.16 4.0486122
-1.15 4.0485883
-1.14 4.0485405
-1.13 4.0485166
-1.12 4.0484688
-1.11 4.0484449
-1.1 4.0483971
-1.09 4.0483732
-1.08 4.0483254
-1.07 4.0483015
-1.06 4.0482537
-1.05 4.0482298
-1.04 4.048182
-1.03 4.0481581
-1.02 4.0481103
-1.01 4.0480864
-1.0 4.0480386
-0.99 4.0480147
-0.98 4.0479669
-0.97 4.047943
-0.96 4.0478952
-0.95 4.0478474
-0.94 4.0478235
-0.93 4.0477757
-0.92 4.0477518
-0.91 4.047704
-0.9 4.0476801
-0.89 4.0476323
-0.88 4.0476084
-0.87 4.0475606
-0.86 4.0475128
-0.85 4.0474889
-0.84 4.0474411
-0.83 4.0474172
-0.82 4.0473694
-0.81 4.0473216
-0.8 4.0472977
-0.79 4.0472499
-0.78 4.047226
-0.77 4.0471782
-0.76 4.0471304
-0.75 4.0471065
-0.74 4.0470587
-0.73 4.0470348
-0.72 4.046987
-0.71 4.0469392
-0.7 4.0469153
-0.69 4.0468675
-0.68 4.0468197
-0.67 4.0467958
-0.66 4.046748
-0.65 4.0467241
-0.64 4.0466763
-0.63 4.0466285
-0.62 4.0466046
-0.61 4.0465568
-0.6 4.046509
-0.59 4.0464851
-0.58 4.0464373
-0.57 4.0463895
-0.56 4.0463656
-0.55 4.0463178
-0.54 4.04627
-0.53 4.0462461
-0.52 4.0461983
-0.51 4.0461505
-0.5 4.0461266
-0.49 4.0460788
-0.48 4.046031
-0.47 4.0460071
-0.46 4.0459593
-0.45 4.0459115
-0.44 4.0458637
-0.43 4.0458398
-0.42 4.045792
-0.41 4.0457442
-0.4 4.0457203
-0.39 4.0456725
-0.38 4.0456247
-0.37 4.0455769
-0.36 4.045553
-0.35 4.0455052
-0.34 4.0454574
-0.33 4.0454335
-0.32 4.0453857
-0.31 4.0453379
-0.3 4.0452901
-0.29 4.0452662
-0.28 4.0452184
-0.27 4.0451706
-0.26 4.0451228
-0.25 4.0450989
-0.24 4.0450511
-0.23 4.0450033
-0.22 4.0449555
-0.21 4.0449316
-0.2 4.0448838
-0.19 4.044836
-0.18 4.0447882
-0.17 4.0447404
-0.16 4.0447165
-0.15 4.0446687
-0.14 4.0446209
-0.13 4.0445731
-0.12 4.0445253
-0.11 4.0445014
-0.1 4.0444536
-0.09 4.0444058
-0.08 4.044358
-0.07 4.0443102
-0.06 4.0442863
-0.05 4.0442385
-0.04 4.0441907
-0.03 4.0441429
-0.02 4.0440951
-0.01 4.0440712
0.0 4.0440234
0.01 4.0439756
0.02 4.0439278
0.03 4.04388
0.04 4.0438322
0.05 4.0437844
0.06 4.0437605
0.07 4.0437127
0.08 4.0436649
0.09 4.0436171
0.1 4.0435693
0.11 4.0435215
0.12 4.0434737
0.13 4.0434498
0.14 4.043402
0.15 4.0433542
0.16 4.0433064
0.17 4.0432586
0.18 4.0432108
0.19 4.043163
0.2 4.0431152
0.21 4.0430913
0.22 4.0430435
0.23 4.0429957
0.24 4.0429479
0.25 4.0429001
0.26 4.0428523
0.27 4.0428045
0.28 4.0427567
0.29 4.0427089
0.3 4.0426611
0.31 4.0426133
0.32 4.0425894
0.33 4.0425416
0.34 4.0424938
0.35 4.042446
0.36 4.0423982
0.37 4.0423504
0.38 4.0423026
0.39 4.0422548
0.4 4.042207
0.41 4.0421592
0.42 4.0421114
0.43 4.0420636
0.44 4.0420158
0.45 4.041968
0.46 4.0419202
0.47 4.0418724
0.48 4.0418246
0.49 4.0417768
0.5 4.041729
0.51 4.0416812
0.52 4.0416334
0.53 4.0415856
0.54 4.0415378
0.55 4.04149
0.56 4.0414422
0.57 4.0413944
0.58 4.0413466
0.59 4.0412988
0.6 4.041251
0.61 4.0412032
0.62 4.0411554
0.63 4.0411076
0.64 4.0410598
0.65 4.041012
0.66 4.0409642
0.67 4.0409164
0.68 4.0408686
0.69 4.0408208
0.7 4.040773
0.71 4.0407252
0.72 4.0406774
0.73 4.0406296
0.74 4.0405818
0.75 4.040534
0.76 4.0404862
0.77 4.0404384
0.78 4.0403906
0.79 4.0403428
0.8 4.040295
0.81 4.0402472
0.82 4.0401994
0.83 4.0401277
0.84 4.0400799
0.85 4.0400321
0.86 4.0399843
0.87 4.0399365
0.88 4.0398887
0.89 4.0398409
0.9 4.0397931
0.91 4.0397453
0.92 4.0396975
0.93 4.0396497
0.94 4.039578
0.95 4.0395302
0.96 4.0394824
0.97 4.0394346
0.98 4.0393868
0.99 4.039339
1.0 4.0392912
1.01 4.0392434
1.02 4.0391956
1.03 4.0391239
1.04 4.0390761
1.05 4.0390283
1.06 4.0389805
1.07 4.0389327
1.08 4.0388849
1.09 4.0388371
1.1 4.0387654
1.11 4.0387176
1.12 4.0386698
1.13 4.038622
1.14 4.0385742
1.15 4.0385264
1.16 4.0384547
1.17 4.0384069
1.18 4.0383591
1.19 4.0383113
1.2 4.0382635
1.21 4.0382157
1.22 4.038144
1.23 4.0380962
1.24 4.0380484
1.25 4.0380006
1.26 4.0379528
1.27 4.0378811
1.28 4.0378333
1.29 4.0377855
1.3 4.0377377
1.31 4.0376899
1.32 4.0376182
1.33 4.0375704
1.34 4.0375226
1.35 4.0374748
1.36 4.0374031
1.37 4.0373553
1.38 4.0373075
1.39 4.0372597
1.4 4.0372119
1.41 4.0371402
1.42 4.0370924
1.43 4.0370446
1.44 4.0369968
1.45 4.0369251
1.46 4.0368773
1.47 4.0368295
1.48 4.0367817
1.49 4.03671
1.5 4.0366622
1.51 4.0366144
1.52 4.0365427
1.53 4.0364949
1.54 4.0364471
1.55 4.0363993
1.56 4.0363276
1.57 4.0362798
1.58 4.036232
1.59 4.0361603
1.6 4.0361125
1.61 4.0360647
1.62 4.0360169
1.63 4.0359452
1.64 4.0358974
1.65 4.0358496
1.66 4.0357779
1.67 4.0357301
1.68 4.0356823
1.69 4.0356106
1.7 4.0355628
1.71 4.035515
1.72 4.0354433
1.73 4.0353955
1.74 4.0353477
1.75 4.035276
1.76 4.0352282
1.77 4.0351804
1.78 4.0351087
1.79 4.0350609
1.8 4.0350131
1.81 4.0349414
1.82 4.0348936
1.83 4.0348458
1.84 4.0347741
1.85 4.0347263
1.86 4.0346546
1.87 4.0346068
1.88 4.034559
1.89 4.0344873
1.9 4.0344395
1.91 4.0343917
1.92 4.03432
1.93 4.0342722
1.94 4.0342005
1.95 4.0341527
1.96 4.0341049
1.97 4.0340332
1.98 4.0339854
1.99 4.0339137
2.0 4.0338659
2.01 4.0338181
2.02 4.0337464
2.03 4.0336986
2.04 4.0336269
2.05 4.0335791
2.06 4.0335313
2.07 4.0334596
2.08 4.0334118
2.09 4.0333401
2.1 4.0332923
2.11 4.0332206
2.12 4.0331728
2.13 4.0331011
2.14 4.0330533
2.15 4.0330055
2.16 4.0329338
2.17 4.032886
2.18 4.0328143
2.19 4.0327665
2.2 4.0326948
2.21 4.032647
2.22 4.0325753
2.23 4.0325275
2.24 4.0324558
2.25 4.032408
2.26 4.0323363
2.27 4.0322885
2.28 4.0322168
2.29 4.032169
2.3 4.0320973
2.31 4.0320495
2.32 4.0319778
2.33 4.03193
2.34 4.0318583
2.35 4.0318105
2.36 4.0317388
2.37 4.031691
2.38 4.0316193
2.39 4.0315715
2.4 4.0314998
2.41 4.031452
2.42 4.0313803
2.43 4.0313325
2.44 4.0312608
2.45 4.031213
2.46 4.0311413
2.47 4.0310935
2.48 4.0310218
2.49 4.030974
2.5 4.0309023
2.51 4.0308306
2.52 4.0307828
2.53 4.0307111
2.54 4.0306633
2.55 4.0305916
2.56 4.0305438
2.57 4.0304721
2.58 4.0304243
2.59 4.0303526
2.6 4.0302809
2.61 4.0302331
2.62 4.0301614
2.63 4.0301136
2.64 4.0300419
2.65 4.0299702
2.66 4.0299224
2.67 4.0298507
2.68 4.0298029
2.69 4.0297312
2.7 4.0296595
2.71 4.0296117
2.72 4.02954
2.73 4.0294922
2.74 4.0294205
2.75 4.0293488
2.76 4.029301
2.77 4.0292293
2.78 4.0291815
2.79 4.0291098
2.8 4.0290381
2.81 4.0289903
2.82 4.0289186
2.83 4.0288469
2.84 4.0287991
2.85 4.0287274
2.86 4.0286557
2.87 4.0286079
2.88 4.0285362
2.89 4.0284645
2.9 4.0284167
2.91 4.028345
2.92 4.0282733
2.93 4.0282255
2.94 4.0281538
2.95 4.0280821
2.96 4.0280343
2.97 4.0279626
2.98 4.0278909
2.99 4.0278431
3.0 4.0277714
3.01 4.0276997
3.02 4.0276519
3.03 4.0275802
3.04 4.0275085
3.05 4.0274607
3.06 4.027389
3.07 4.0273173
3.08 4.0272456
3.09 4.0271978
3.1 4.0271261
3.11 4.0270544
3.12 4.0270066
3.13 4.0269349
3.14 4.0268632
3.15 4.0267915
3.16 4.0267437
3.17 4.026672
3.18 4.0266003
3.19 4.0265286
3.2 4.0264808
3.21 4.0264091
3.22 4.0263374
3.23 4.0262657
3.24 4.0262179
3.25 4.0261462
3.26 4.0260745
3.27 4.0260028
3.28 4.025955
3.29 4.0258833
3.3 4.0258116
3.31 4.0257399
3.32 4.0256921
3.33 4.0256204
3.34 4.0255487
3.35 4.025477
3.36 4.0254053
3.37 4.0253575
3.38 4.0252858
3.39 4.0252141
3.4 4.0251424
3.41 4.0250707
3.42 4.0250229
3.43 4.0249512
3.44 4.0248795
3.45 4.0248078
3.46 4.0247361
3.47 4.0246883
3.48 4.0246166
3.49 4.0245449
3.5 4.0244732
3.51 4.0244015
3.52 4.0243298
3.53 4.024282
3.54 4.0242103
3.55 4.0241386
3.56 4.0240669
3.57 4.0239952
3.58 4.0239235
3.59 4.0238757
3.6 4.023804
3.61 4.0237323
3.62 4.0236606
3.63 4.0235889
3.64 4.0235172
3.65 4.0234455
3.66 4.0233977
3.67 4.023326
3.68 4.0232543
3.69 4.0231826
3.7 4.0231109
3.71 4.0230392
3.72 4.0229675
3.73 4.0228958
3.74 4.0228241
3.75 4.0227763
3.76 4.0227046
3.77 4.0226329
3.78 4.0225612
3.79 4.0224895
3.8 4.0224178
3.81 4.0223461
3.82 4.0222744
3.83 4.0222027
3.84 4.022131
3.85 4.0220832
3.86 4.0220115
3.87 4.0219398
3.88 4.0218681
3.89 4.0217964
3.9 4.0217247
3.91 4.021653
3.92 4.0215813
3.93 4.0215096
3.94 4.0214379
3.95 4.0213662
3.96 4.0212945
3.97 4.0212228
3.98 4.0211511
3.99 4.0210794
4.0 4.0210077
4.01 4.020936
4.02 4.0208643
4.03 4.0208165
4.04 4.0207448
4.05 4.0206731
4.06 4.0206014
4.07 4.0205297
4.08 4.020458
4.09 4.0203863
4.1 4.0203146
4.11 4.0202429
4.12 4.0201712
4.13 4.0200995
4.14 4.0200278
4.15 4.0199561
4.16 4.0198844
4.17 4.0198127
4.18 4.019741
4.19 4.0196693
4.2 4.0195976
4.21 4.0195259
4.22 4.0194542
4.23 4.0193825
4.24 4.0193108
4.25 4.0192391
4.26 4.0191674
4.27 4.0190718
4.28 4.0190001
4.29 4.0189284
4.3 4.0188567
4.31 4.018785
4.32 4.0187133
4.33 4.0186416
4.34 4.0185699
4.35 4.0184982
4.36 4.0184265
4.37 4.0183548
4.38 4.0182831
4.39 4.0182114
4.4 4.0181397
4.41 4.018068
4.42 4.0179963
4.43 4.0179246
4.44 4.0178529
4.45 4.0177573
4.46 4.0176856
4.47 4.0176139
4.48 4.0175422
4.49 4.0174705
4.5 4.0173988
4.51 4.0173271
4.52 4.0172554
4.53 4.0171837
4.54 4.017112
4.55 4.0170164
4.56 4.0169447
4.57 4.016873
4.58 4.0168013
4.59 4.0167296
4.6 4.0166579
4.61 4.0165862
4.62 4.0165145
4.63 4.0164428
4.64 4.0163472
4.65 4.0162755
4.66 4.0162038
4.67 4.0161321
4.68 4.0160604
4.69 4.0159887
4.7 4.015917
4.71 4.0158214
4.72 4.0157497
4.73 4.015678
4.74 4.0156063
4.75 4.0155346
4.76 4.0154629
4.77 4.0153673
4.78 4.0152956
4.79 4.0152239
4.8 4.0151522
4.81 4.0150805
4.82 4.0150088
4.83 4.0149132
4.84 4.0148415
4.85 4.0147698
4.86 4.0146981
4.87 4.0146264
4.88 4.0145308
4.89 4.0144591
4.9 4.0143874
4.91 4.0143157
4.92 4.014244
4.93 4.0141484
4.94 4.0140767
4.95 4.014005
4.96 4.0139333
4.97 4.0138616
4.98 4.013766
4.99 4.0136943
5.0 4.0136226
5.01 4.0135509
5.02 4.0134553
5.03 4.0133836
5.04 4.0133119
5.05 4.0132402
5.06 4.0131685
5.07 4.0130729
5.08 4.0130012
5.09 4.0129295
5.1 4.0128578
5.11 4.0127622
5.12 4.0126905
5.13 4.0126188
5.14 4.0125471
5.15 4.0124515
5.16 4.0123798
5.17 4.0123081
5.18 4.0122125
5.19 4.0121408
5.2 4.0120691
5.21 4.0119974
5.22 4.0119018
5.23 4.0118301
5.24 4.0117584
5.25 4.0116628
5.26 4.0115911
5.27 4.0115194
5.28 4.0114477
5.29 4.0113521
5.3 4.0112804
5.31 4.0112087
5.32 4.0111131
5.33 4.0110414
5.34 4.0109697
5.35 4.0108741
5.36 4.0108024
5.37 4.0107307
5.38 4.0106351
5.39 4.0105634
5.4 4.0104917
5.41 4.01042
5.42 4.0103244
5.43 4.0102527
5.44 4.0101571
5.45 4.0100854
5.46 4.0100137
5.47 4.0099181
5.48 4.0098464
5.49 4.0097747
5.5 4.0096791
5.51 4.0096074
5.52 4.0095357
5.53 4.0094401
5.54 4.0093684
5.55 4.0092967
5.56 4.0092011
5.57 4.0091294
5.58 4.0090338
5.59 4.0089621
5.6 4.0088904
5.61 4.0087948
5.62 4.0087231
5.63 4.0086514
5.64 4.0085558
5.65 4.0084841
5.66 4.0083885
5.67 4.0083168
5.68 4.0082451
5.69 4.0081495
5.7 4.0080778
5.71 4.0079822
5.72 4.0079105
5.73 4.0078388
5.74 4.0077432
5.75 4.0076715
5.76 4.0075759
5.77 4.0075042
5.78 4.0074086
5.79 4.0073369
5.8 4.0072652
5.81 4.0071696
5.82 4.0070979
5.83 4.0070023
5.84 4.0069306
5.85 4.006835
5.86 4.0067633
5.87 4.0066916
5.88 4.006596
5.89 4.0065243
5.9 4.0064287
5.91 4.006357
5.92 4.0062614
5.93 4.0061897
5.94 4.0060941
5.95 4.0060224
5.96 4.0059268
5.97 4.0058551
5.98 4.0057595
5.99 4.0056878
6.0 4.0055922
6.01 4.0055205
6.02 4.0054249
6.03 4.0053532
6.04 4.0052576
6.05 4.0051859
6.06 4.0051142
6.07 4.0050186
6.08 4.0049469
6.09 4.0048513
6.1 4.0047557
6.11 4.004684
6.12 4.0045884
6.13 4.0045167
6.14 4.0044211
6.15 4.0043494
6.16 4.0042538
6.17 4.0041821
6.18 4.0040865
6.19 4.0040148
6.2 4.0039192
6.21 4.0038475
6.22 4.0037519
6.23 4.0036802
6.24 4.0035846
6.25 4.0035129
6.26 4.0034173
6.27 4.0033456
6.28 4.00325
6.29 4.0031544
6.3 4.0030827
6.31 4.0029871
6.32 4.0029154
6.33 4.0028198
6.34 4.0027481
6.35 4.0026525
6.36 4.0025569
6.37 4.0024852
6.38 4.0023896
6.39 4.0023179
6.4 4.0022223
6.41 4.0021506
6.42 4.002055
6.43 4.0019594
6.44 4.0018877
6.45 4.0017921
6.46 4.0017204
6.47 4.0016248
6.48 4.0015292
6.49 4.0014575
6.5 4.0013619
6.51 4.0012902
6.52 4.0011946
6.53 4.001099
6.54 4.0010273
6.55 4.0009317
6.56 4.00086
6.57 4.0007644
6.58 4.0006688
6.59 4.0005971
6.6 4.0005015
6.61 4.0004059
6.62 4.0003342
6.63 4.0002386
6.64 4.000143
6.65 4.0000713
6.66 3.9999757
6.67 3.999904
6.68 3.9998084
6.69 3.9997128
6.7 3.9996411
6.71 3.9995455
6.72 3.9994499
6.73 3.9993782
6.74 3.9992826
6.75 3.999187
6.76 3.9991153
6.77 3.9990197
6.78 3.9989241
6.79 3.9988524
6.8 3.9987568
6.81 3.9986612
6.82 3.9985656
6.83 3.9984939
6.84 3.9983983
6.85 3.9983027
6.86 3.998231
6.87 3.9981354
6.88 3.9980398
6.89 3.9979681
6.9 3.9978725
6.91 3.9977769
6.92 3.9977052
6.93 3.9976096
6.94 3.997514
6.95 3.9974184
6.96 3.9973467
6.97 3.9972511
6.98 3.9971555
6.99 3.9970599
7.0 3.9969882
7.01 3.9968926
7.02 3.996797
7.03 3.9967253
7.04 3.9966297
7.05 3.9965341
7.06 3.9964385
7.07 3.9963668
7.08 3.9962712
7.09 3.9961756
7.1 3.99608
7.11 3.9960083
7.12 3.9959127
7.13 3.9958171
7.14 3.9957215
7.15 3.9956498
7.16 3.9955542
7.17 3.9954586
7.18 3.995363
7.19 3.9952674
7.2 3.9951957
7.21 3.9951001
7.22 3.9950045
7.23 3.9949089
7.24 3.9948372
7.25 3.9947416
7.26 3.994646
7.27 3.9945504
7.28 3.9944548
7.29 3.9943831
7.3 3.9942875
7.31 3.9941919
7.32 3.9940963
7.33 3.9940007
7.34 3.993929
7.35 3.9938334
7.36 3.9937378
7.37 3.9936422
7.38 3.9935466
7.39 3.993451
7.4 3.9933793
7.41 3.9932837
7.42 3.9931881
7.43 3.9930925
7.44 3.9929969
7.45 3.9929013
7.46 3.9928296
7.47 3.992734
7.48 3.9926384
7.49 3.9925428
7.5 3.9924472
7.51 3.9923516
7.52 3.9922799
7.53 3.9921843
7.54 3.9920887
7.55 3.9919931
7.56 3.9918975
7.57 3.9918019
7.58 3.9917063
7.59 3.9916107
7.6 3.991539
7.61 3.9914434
7.62 3.9913478
7.63 3.9912522
7.64 3.9911566
7.65 3.991061
7.66 3.9909654
7.67 3.9908698
7.68 3.9907981
7.69 3.9907025
7.7 3.9906069
7.71 3.9905113
7.72 3.9904157
7.73 3.9903201
7.74 3.9902245
7.75 3.9901289
7.76 3.9900333
7.77 3.9899377
7.78 3.9898421
7.79 3.9897704
7.8 3.9896748
7.81 3.9895792
7.82 3.9894836
7.83 3.989388
7.84 3.9892924
7.85 3.9891968
7.86 3.9891012
7.87 3.9890056
7.88 3.98891
7.89 3.9888144
7.9 3.9887188
7.91 3.9886232
7.92 3.9885276
7.93 3.988432
7.94 3.9883603
7.95 3.9882647
7.96 3.9881691
7.97 3.9880735
7.98 3.9879779
7.99 3.9878823
8.0 3.9877867
8.01 3.9876911
8.02 3.9875955
8.03 3.9874999
8.04 3.9874043
8.05 3.9873087
8.06 3.9872131
8.07 3.9871175
8.08 3.9870219
8.09 3.9869263
8.1 3.9868307
8.11 3.9867351
8.12 3.9866395
8.13 3.9865439
8.14 3.9864483
8.15 3.9863527
8.16 3.9862571
8.17 3.9861615
8.18 3.9860659
8.19 3.9859703
8.2 3.9858747
8.21 3.9857791
8.22 3.9856835
8.23 3.9855879
8.24 3.9854923
8.25 3.9853967
8.26 3.9853011
8.27 3.9852055
8.28 3.9851099
8.29 3.9850143
8.3 3.9849187
8.31 3.9848231
8.32 3.9847275
8.33 3.9846319
8.34 3.9845124
8.35 3.9844168
8.36 3.9843212
8.37 3.9842256
8.38 3.98413
8.39 3.9840344
8.4 3.9839388
8.41 3.9838432
8.42 3.9837476
8.43 3.983652
8.44 3.9835564
8.45 3.9834608
8.46 3.9833652
8.47 3.9832696
8.48 3.983174
8.49 3.9830784
8.5 3.9829589
8.51 3.9828633
8.52 3.9827677
8.53 3.9826721
8.54 3.9825765
8.55 3.9824809
8.56 3.9823853
8.57 3.9822897
8.58 3.9821941
8.59 3.9820985
8.6 3.981979
8.61 3.9818834
8.62 3.9817878
8.63 3.9816922
8.64 3.9815966
8.65 3.981501
8.66 3.9814054
8.67 3.9813098
8.68 3.9812142
8.69 3.9810947
8.7 3.9809991
8.71 3.9809035
8.72 3.9808079
8.73 3.9807123
8.74 3.9806167
8.75 3.9805211
8.76 3.9804016
8.77 3.980306
8.78 3.9802104
8.79 3.9801148
8.8 3.9800192
8.81 3.9799236
8.82 3.979828
8.83 3.9797085
8.84 3.9796129
8.85 3.9795173
8.86 3.9794217
8.87 3.9793261
8.88 3.9792305
8.89 3.979111
8.9 3.9790154
8.91 3.9789198
8.92 3.9788242
8.93 3.9787286
8.94 3.978633
8.95 3.9785135
8.96 3.9784179
8.97 3.9783223
8.98 3.9782267
8.99 3.9781311
9.0 3.9780116
9.01 3.977916
9.02 3.9778204
9.03 3.9777248
9.04 3.9776292
9.05 3.9775097
9.06 3.9774141
9.07 3.9773185
9.08 3.9772229
9.09 3.9771273
9.1 3.9770078
9.11 3.9769122
9.12 3.9768166
9.13 3.976721
9.14 3.9766015
9.15 3.9765059
9.16 3.9764103
9.17 3.9763147
9.18 3.9762191
9.19 3.9760996
9.2 3.976004
9.21 3.9759084
9.22 3.9758128
9.23 3.9756933
9.24 3.9755977
9.25 3.9755021
9.26 3.9754065
9.27 3.975287
9.28 3.9751914
9.29 3.9750958
9.3 3.9750002
9.31 3.9748807
9.32 3.9747851
9.33 3.9746895
9.34 3.97457
9.35 3.9744744
9.36 3.9743788
9.37 3.9742832
9.38 3.9741637
9.39 3.9740681
9.4 3.9739725
9.41 3.9738769
9.42 3.9737574
9.43 3.9736618
9.44 3.9735662
9.45 3.9734467
9.46 3.9733511
9.47 3.9732555
9.48 3.973136
9.49 3.9730404
9.5 3.9729448
9.51 3.9728492
9.52 3.9727297
9.53 3.9726341
9.54 3.9725385
9.55 3.972419
9.56 3.9723234
9.57 3.9722278
9.58 3.9721083
9.59 3.9720127
9.6 3.9719171
9.61 3.9717976
9.62 3.971702
9.63 3.9716064
9.64 3.9714869
9.65 3.9713913
9.66 3.9712957
9.67 3.9711762
9.68 3.9710806
9.69 3.970985
9.7 3.9708655
9.71 3.9707699
9.72 3.9706743
9.73 3.9705548
9.74 3.9704592
9.75 3.9703397
9.76 3.9702441
9.77 3.9701485
9.78 3.970029
9.79 3.9699334
9.8 3.9698378
9.81 3.9697183
9.82 3.9696227
9.83 3.9695271
9.84 3.9694076
9.85 3.969312
9.86 3.9691925
9.87 3.9690969
9.88 3.9690013
9.89 3.9688818
9.9 3.9687862
9.91 3.9686667
9.92 3.9685711
9.93 3.9684755
9.94 3.968356
9.95 3.9682604
9.96 3.9681409
9.97 3.9680453
9.98 3.9679497
9.99 3.9678302
10.0 3.9677346
10.01 3.9676151
10.02 3.9675195
10.03 3.9674239
10.04 3.9673044
10.05 3.9672088
10.06 3.9670893
10.07 3.9669937
10.08 3.9668742
10.09 3.9667786
10.1 3.966683
10.11 3.9665635
10.12 3.9664679
10.13 3.9663484
10.14 3.9662528
10.15 3.9661333
10.16 3.9660377
10.17 3.9659182
10.18 3.9658226
10.19 3.965727
10.2 3.9656075
10.21 3.9655119
10.22 3.9653924
10.23 3.9652968
10.24 3.9651773
10.25 3.9650817
10.26 3.9649622
10.27 3.9648666
10.28 3.9647471
10.29 3.9646515
10.3 3.964532
10.31 3.9644364
10.32 3.9643169
10.33 3.9642213
10.34 3.9641018
10.35 3.9640062
10.36 3.9638867
10.37 3.9637911
10.38 3.9636716
10.39 3.963576
10.4 3.9634804
10.41 3.9633609
10.42 3.9632653
10.43 3.9631458
10.44 3.9630263
10.45 3.9629307
10.46 3.9628112
10.47 3.9627156
10.48 3.9625961
10.49 3.9625005
10.5 3.962381
10.51 3.9622854
10.52 3.9621659
10.53 3.9620703
10.54 3.9619508
10.55 3.9618552
10.56 3.9617357
10.57 3.9616401
10.58 3.9615206
10.59 3.961425
10.6 3.9613055
10.61 3.9612099
10.62 3.9610904
10.63 3.9609709
10.64 3.9608753
10.65 3.9607558
10.66 3.9606602
10.67 3.9605407
10.68 3.9604451
10.69 3.9603256
10.7 3.96023
10.71 3.9601105
10.72 3.959991
10.73 3.9598954
10.74 3.9597759
10.75 3.9596803
10.76 3.9595608
10.77 3.9594652
10.78 3.9593457
10.79 3.9592262
10.8 3.9591306
10.81 3.9590111
10.82 3.9589155
10.83 3.958796
10.84 3.9587004
10.85 3.9585809
10.86 3.9584614
10.87 3.9583658
10.88 3.9582463
10.89 3.9581507
10.9 3.9580312
10.91 3.9579117
10.92 3.9578161
10.93 3.9576966
10.94 3.957601
10.95 3.9574815
10.96 3.957362
10.97 3.9572664
10.98 3.9571469
10.99 3.9570274
11.0 3.9569318
11.01 3.9568123
11.02 3.9567167
11.03 3.9565972
11.04 3.9564777
11.05 3.9563821
11.06 3.9562626
11.07 3.9561431
11.08 3.9560475
11.09 3.955928
11.1 3.9558324
11.11 3.9557129
11.12 3.9555934
11.13 3.9554978
11.14 3.9553783
11.15 3.9552588
11.16 3.9551632
11.17 3.9550437
11.18 3.9549242
11.19 3.9548286
11.2 3.9547091
11.21 3.9545896
11.22 3.954494
11.23 3.9543745
11.24 3.954255
11.25 3.9541594
11.26 3.9540399
11.27 3.9539204
11.28 3.9538248
11.29 3.9537053
11.3 3.9535858
11.31 3.9534902
11.32 3.9533707
11.33 3.9532512
11.34 3.9531556
11.35 3.9530361
11.36 3.9529166
11.37 3.9527971
11.38 3.9527015
11.39 3.952582
11.4 3.9524625
11.41 3.9523669
11.42 3.9522474
11.43 3.9521279
11.44 3.9520323
11.45 3.9519128
11.46 3.9517933
11.47 3.9516738
11.48 3.9515782
11.49 3.9514587
11.5 3.9513392
11.51 3.9512436
11.52 3.9511241
11.53 3.9510046
11.54 3.9508851
11.55 3.9507895
11.56 3.95067
11.57 3.9505505
11.58 3.950431
11.59 3.9503354
11.6 3.9502159
11.61 3.9500964
11.62 3.9499769
11.63 3.9498813
11.64 3.9497618
11.65 3.9496423
11.66 3.9495228
11.67 3.9494272
11.68 3.9493077
11.69 3.9491882
11.7 3.9490687
11.71 3.9489731
11.72 3.9488536
11.73 3.9487341
11.74 3.9486146
11.75 3.948519
11.76 3.9483995
11.77 3.94828
11.78 3.9481605
11.79 3.9480649
11.8 3.9479454
11.81 3.9478259
11.82 3.9477064
11.83 3.9475869
11.84 3.9474913
11.85 3.9473718
11.86 3.9472523
11.87 3.9471328
11.88 3.9470133
11.89 3.9469177
11.9 3.9467982
11.91 3.9466787
11.92 3.9465592
11.93 3.9464397
11.94 3.9463441
11.95 3.9462246
11.96 3.9461051
11.97 3.9459856
11.98 3.9458661
11.99 3.9457705
12.0 3.945651
12.01 3.9455315
12.02 3.945412
12.03 3.9452925
12.04 3.945173
12.05 3.9450774
12.06 3.9449579
12.07 3.9448384
12.08 3.9447189
12.09 3.9445994
12.1 3.9444799
12.11 3.9443843
12.12 3.9442648
12.13 3.9441453
12.14 3.9440258
12.15 3.9439063
12.16 3.9437868
12.17 3.9436912
12.18 3.9435717
12.19 3.9434522
12.2 3.9433327
12.21 3.9432132
12.22 3.9430937
12.23 3.9429742
12.24 3.9428786
12.25 3.9427591
12.26 3.9426396
12.27 3.9425201
12.28 3.9424006
12.29 3.9422811
12.3 3.9421616
12.31 3.9420421
12.32 3.9419465
12.33 3.941827
12.34 3.9417075
12.35 3.941588
12.36 3.9414685
12.37 3.941349
12.38 3.9412295
12.39 3.94111
12.4 3.9410144
12.41 3.9408949
12.42 3.9407754
12.43 3.9406559
12.44 3.9405364
12.45 3.9404169
12.46 3.9402974
12.47 3.9401779
12.48 3.9400584
12.49 3.9399389
12.5 3.9398194
12.51 3.9397238
12.52 3.9396043
12.53 3.9394848
12.54 3.9393653
12.55 3.9392458
12.56 3.9391263
12.57 3.9390068
12.58 3.9388873
12.59 3.9387678
12.6 3.9386483
12.61 3.9385288
12.62 3.9384093
12.63 3.9382898
12.64 3.9381942
12.65 3.9380747
12.66 3.9379552
12.67 3.9378357
12.68 3.9377162
12.69 3.9375967
12.7 3.9374772
12.71 3.9373577
12.72 3.9372382
12.73 3.9371187
12.74 3.9369992
12.75 3.9368797
12.76 3.9367602
12.77 3.9366407
12.78 3.9365212
12.79 3.9364017
12.8 3.9362822
12.81 3.9361627
12.82 3.9360432
12.83 3.9359237
12.84 3.9358042
12.85 3.9356847
12.86 3.9355652
12.87 3.9354457
12.88 3.9353262
12.89 3.9352067
12.9 3.9351111
12.91 3.9349916
12.92 3.9348721
12.93 3.9347526
12.94 3.9346331
12.95 3.9345136
12.96 3.9343941
12.97 3.9342746
12.98 3.9341551
12.99 3.9340356
13.0 3.9339161
13.01 3.9337966
13.02 3.9336771
13.03 3.9335576
13.04 3.9334381
13.05 3.9333186
13.06 3.9331991
13.07 3.9330796
13.08 3.9329362
13.09 3.9328167
13.1 3.9326972
13.11 3.9325777
13.12 3.9324582
13.13 3.9323387
13.14 3.9322192
13.15 3.9320997
13.16 3.9319802
13.17 3.9318607
13.18 3.9317412
13.19 3.9316217
13.2 3.9315022
13.21 3.9313827
13.22 3.9312632
13.23 3.9311437
13.24 3.9310242
13.25 3.9309047
13.26 3.9307852
13.27 3.9306657
13.28 3.9305462
13.29 3.9304267
13.3 3.9303072
13.31 3.9301877
13.32 3.9300682
13.33 3.9299248
13.34 3.9298053
13.35 3.9296858
13.36 3.9295663
13.37 3.9294468
13.38 3.9293273
13.39 3.9292078
13.4 3.9290883
13.41 3.9289688
13.42 3.9288493
13.43 3.9287298
13.44 3.9286103
13.45 3.9284908
13.46 3.9283713
13.47 3.9282279
13.48 3.9281084
13.49 3.9279889
13.5 3.9278694
13.51 3.9277499
13.52 3.9276304
13.53 3.9275109
13.54 3.9273914
13.55 3.9272719
13.56 3.9271524
13.57 3.9270329
13.58 3.9268895
13.59 3.92677
13.6 3.9266505
13.61 3.926531
13.62 3.9264115
13.63 3.926292
13.64 3.9261725
13.65 3.926053
13.66 3.9259096
13.67 3.9257901
13.68 3.9256706
13.69 3.9255511
13.7 3.9254316
13.71 3.9253121
13.72 3.9251926
13.73 3.9250731
13.74 3.9249297
13.75 3.9248102
13.76 3.9246907
13.77 3.9245712
13.78 3.9244517
13.79 3.9243322
13.8 3.9242127
13.81 3.9240932
13.82 3.9239498
13.83 3.9238303
13.84 3.9237108
13.85 3.9235913
13.86 3.9234718
13.87 3.9233523
13.88 3.9232089
13.89 3.9230894
13.9 3.9229699
13.91 3.9228504
13.92 3.9227309
13.93 3.9226114
13.94 3.922468
13.95 3.9223485
13.96 3.922229
13.97 3.9221095
13.98 3.92199
13.99 3.9218705
14.0 3.9217271
14.01 3.9216076
14.02 3.9214881
14.03 3.9213686
14.04 3.9212491
14.05 3.9211296
14.06 3.9209862
14.07 3.9208667
14.08 3.9207472
14.09 3.9206277
14.1 3.9205082
14.11 3.9203648
14.12 3.9202453
14.13 3.9201258
14.14 3.9200063
14.15 3.9198868
14.16 3.9197434
14.17 3.9196239
14.18 3.9195044
14.19 3.9193849
14.2 3.9192654
14.21 3.919122
14.22 3.9190025
14.23 3.918883
14.24 3.9187635
14.25 3.918644
14.26 3.9185006
14.27 3.9183811
14.28 3.9182616
14.29 3.9181421
14.3 3.9179987
14.31 3.9178792
14.32 3.9177597
14.33 3.9176402
14.34 3.9174968
14.35 3.9173773
14.36 3.9172578
14.37 3.9171383
14.38 3.9170188
14.39 3.9168754
14.4 3.9167559
14.41 3.9166364
14.42 3.9165169
14.43 3.9163735
14.44 3.916254
14.45 3.9161345
14.46 3.916015
14.47 3.9158716
14.48 3.9157521
14.49 3.9156326
14.5 3.9155131
14.51 3.9153697
14.52 3.9152502
14.53 3.9151307
14.54 3.9150112
14.55 3.9148678
14.56 3.9147483
14.57 3.9146288
14.58 3.9144854
14.59 3.9143659
14.6 3.9142464
14.61 3.9141269
14.62 3.9139835
14.63 3.913864
14.64 3.9137445
14.65 3.9136011
14.66 3.9134816
14.67 3.9133621
14.68 3.9132426
14.69 3.9130992
14.7 3.9129797
14.71 3.9128602
14.72 3.9127168
14.73 3.9125973
14.74 3.9124778
14.75 3.9123583
14.76 3.9122149
14.77 3.9120954
14.78 3.9119759
14.79 3.9118325
14.8 3.911713
14.81 3.9115935
14.82 3.9114501
14.83 3.9113306
14.84 3.9112111
14.85 3.9110916
14.86 3.9109482
14.87 3.9108287
14.88 3.9107092
14.89 3.9105658
14.9 3.9104463
14.91 3.9103268
14.92 3.9101834
14.93 3.9100639
14.94 3.9099444
14.95 3.909801
14.96 3.9096815
14.97 3.909562
14.98 3.9094186
14.99 3.9092991
15.0 3.9091796
15.01 3.9090362
15.02 3.9089167
15.03 3.9087972
15.04 3.9086538
15.05 3.9085343
15.06 3.9084148
15.07 3.9082714
15.08 3.9081519
15.09 3.9080085
15.1 3.907889
15.11 3.9077695
15.12 3.9076261
15.13 3.9075066
15.14 3.9073871
15.15 3.9072437
15.16 3.9071242
15.17 3.9070047
15.18 3.9068613
15.19 3.9067418
15.2 3.9066223
15.21 3.9064789
15.22 3.9063594
15.23 3.906216
15.24 3.9060965
15.25 3.905977
15.26 3.9058336
15.27 3.9057141
15.28 3.9055946
15.29 3.9054512
15.3 3.9053317
15.31 3.9051883
15.32 3.9050688
15.33 3.9049493
15.34 3.9048059
15.35 3.9046864
15.36 3.904543
15.37 3.9044235
15.38 3.904304
15.39 3.9041606
15.4 3.9040411
15.41 3.9038977
15.42 3.9037782
15.43 3.9036587
15.44 3.9035153
15.45 3.9033958
15.46 3.9032524
15.47 3.9031329
15.48 3.9030134
15.49 3.90287
15.5 3.9027505
15.51 3.9026071
15.52 3.9024876
15.53 3.9023681
15.54 3.9022247
15.55 3.9021052
15.56 3.9019618
15.57 3.9018423
15.58 3.9016989
15.59 3.9015794
15.6 3.9014599
15.61 3.9013165
15.62 3.901197
15.63 3.9010536
15.64 3.9009341
15.65 3.9007907
15.66 3.9006712
15.67 3.9005517
15.68 3.9004083
15.69 3.9002888
15.7 3.9001454
15.71 3.9000259
15.72 3.8998825
15.73 3.899763
15.74 3.8996196
15.75 3.8995001
15.76 3.8993567
15.77 3.8992372
15.78 3.8991177
15.79 3.8989743
15.8 3.8988548
15.81 3.8987114
15.82 3.8985919
15.83 3.8984485
15.84 3.898329
15.85 3.8981856
15.86 3.8980661
15.87 3.8979227
15.88 3.8978032
15.89 3.8976598
15.9 3.8975403
15.91 3.8974208
15.92 3.8972774
15.93 3.8971579
15.94 3.8970145
15.95 3.896895
15.96 3.8967516
15.97 3.8966321
15.98 3.8964887
15.99 3.8963692
16.0 3.8962258
16.01 3.8961063
16.02 3.8959629
16.03 3.8958434
16.04 3.8957
16.05 3.8955805
16.06 3.8954371
16.07 3.8953176
16.08 3.8951742
16.09 3.8950547
16.1 3.8949113
16.11 3.8947918
16.12 3.8946484
16.13 3.8945289
16.14 3.8943855
16.15 3.894266
16.16 3.8941226
16.17 3.8940031
16.18 3.8938597
16.19 3.8937402
16.2 3.8935968
16.21 3.8934773
16.22 3.8933339
16.23 3.8932144
16.24 3.893071
16.25 3.8929515
16.26 3.8928081
16.27 3.8926647
16.28 3.8925452
16.29 3.8924018
16.3 3.8922823
16.31 3.8921389
16.32 3.8920194
16.33 3.891876
16.34 3.8917565
16.35 3.8916131
16.36 3.8914936
16.37 3.8913502
16.38 3.8912307
16.39 3.8910873
16.4 3.8909678
16.41 3.8908244
16.42 3.890681
16.43 3.8905615
16.44 3.8904181
16.45 3.8902986
16.46 3.8901552
16.47 3.8900357
16.48 3.8898923
16.49 3.8897728
16.5 3.8896294
16.51 3.889486
16.52 3.8893665
16.53 3.8892231
16.54 3.8891036
16.55 3.8889602
16.56 3.8888407
16.57 3.8886973
16.58 3.8885778
16.59 3.8884344
16.6 3.888291
16.61 3.8881715
16.62 3.8880281
16.63 3.8879086
16.64 3.8877652
16.65 3.8876218
16.66 3.8875023
16.67 3.8873589
16.68 3.8872394
16.69 3.887096
16.7 3.8869765
16.71 3.8868331
16.72 3.8866897
16.73 3.8865702
16.74 3.8864268
16.75 3.8863073
16.76 3.8861639
16.77 3.8860205
16.78 3.885901
16.79 3.8857576
16.8 3.8856381
16.81 3.8854947
16.82 3.8853513
16.83 3.8852318
16.84 3.8850884
16.85 3.8849689
16.86 3.8848255
16.87 3.8846821
16.88 3.8845626
16.89 3.8844192
16.9 3.8842997
16.91 3.8841563
16.92 3.8840129
16.93 3.8838934
16.94 3.88375
16.95 3.8836305
16.96 3.8834871
16.97 3.8833437
16.98 3.8832242
16.99 3.8830808
17.0 3.8829374
17.01 3.8828179
17.02 3.8826745
17.03 3.882555
17.04 3.8824116
17.05 3.8822682
17.06 3.8821487
17.07 3.8820053
17.08 3.8818619
17.09 3.8817424
17.1 3.881599
17.11 3.8814556
17.12 3.8813361
17.13 3.8811927
17.14 3.8810732
17.15 3.8809298
17.16 3.8807864
17.17 3.8806669
17.18 3.8805235
17.19 3.8803801
17.2 3.8802606
17.21 3.8801172
17.22 3.8799738
17.23 3.8798543
17.24 3.8797109
17.25 3.8795675
17.26 3.879448
17.27 3.8793046
17.28 3.8791612
17.29 3.8790417
17.3 3.8788983
17.31 3.8787549
17.32 3.8786354
17.33 3.878492
17.34 3.8783486
17.35 3.8782291
17.36 3.8780857
17.37 3.8779423
17.38 3.8778228
17.39 3.8776794
17.4 3.877536
17.41 3.8774165
17.42 3.8772731
17.43 3.8771297
17.44 3.8770102
17.45 3.8768668
17.46 3.8767234
17.47 3.8766039
17.48 3.8764605
17.49 3.8763171
17.5 3.8761737
17.51 3.8760542
17.52 3.8759108
17.53 3.8757674
17.54 3.8756479
17.55 3.8755045
17.56 3.8753611
17.57 3.8752416
17.58 3.8750982
17.59 3.8749548
17.6 3.8748353
17.61 3.8746919
17.62 3.8745485
17.63 3.8744051
17.64 3.8742856
17.65 3.8741422
17.66 3.8739988
17.67 3.8738793
17.68 3.8737359
17.69 3.8735925
17.7 3.8734491
17.71 3.8733296
17.72 3.8731862
17.73 3.8730428
17.74 3.8729233
17.75 3.8727799
17.76 3.8726365
17.77 3.8724931
17.78 3.8723736
17.79 3.8722302
17.8 3.8720868
17.81 3.8719673
17.82 3.8718239
17.83 3.8716805
17.84 3.8715371
17.85 3.8714176
17.86 3.8712742
17.87 3.8711308
17.88 3.8709874
17.89 3.8708679
17.9 3.8707245
17.91 3.8705811
17.92 3.8704377
17.93 3.8703182
17.94 3.8701748
17.95 3.8700314
17.96 3.869888
17.97 3.8697685
17.98 3.8696251
17.99 3.8694817
18.0 3.8693383
18.01 3.8692188
18.02 3.8690754
18.03 3.868932
18.04 3.8687886
18.05 3.8686691
18.06 3.8685257
18.07 3.8683823
18.08 3.8682389
18.09 3.8681194
18.1 3.867976
18.11 3.8678326
18.12 3.8676892
18.13 3.8675697
18.14 3.8674263
18.15 3.8672829
18.16 3.8671395
18.17 3.86702
18.18 3.8668766
18.19 3.8667332
18.2 3.8665898
18.21 3.8664464
18.22 3.8663269
18.23 3.8661835
18.24 3.8660401
18.25 3.8658967
18.26 3.8657772
18.27 3.8656338
18.28 3.8654904
18.29 3.865347
18.3 3.8652036
18.31 3.8650841
18.32 3.8649407
18.33 3.8647973
18.34 3.8646539
18.35 3.8645105
18.36 3.864391
18.37 3.8642476
18.38 3.8641042
18.39 3.8639608
18.4 3.8638174
18.41 3.8636979
18.42 3.8635545
18.43 3.8634111
18.44 3.8632677
18.45 3.8631243
18.46 3.8630048
18.47 3.8628614
18.48 3.862718
18.49 3.8625746
18.5 3.8624312
18.51 3.8623117
18.52 3.8621683
18.53 3.8620249
18.54 3.8618815
18.55 3.8617381
18.56 3.8616186
18.57 3.8614752
18.58 3.8613318
18.59 3.8611884
18.6 3.861045
18.61 3.8609016
18.62 3.8607821
18.63 3.8606387
18.64 3.8604953
18.65 3.8603519
18.66 3.8602085
18.67 3.860089
18.68 3.8599456
18.69 3.8598022
18.7 3.8596588
18.71 3.8595154
18.72 3.859372
18.73 3.8592525
18.74 3.8591091
18.75 3.8589657
18.76 3.8588223
18.77 3.8586789
18.78 3.8585355
18.79 3.858416
18.8 3.8582726
18.81 3.8581292
18.82 3.8579858
18.83 3.8578424
18.84 3.857699
18.85 3.8575556
18.86 3.8574361
18.87 3.8572927
18.88 3.8571493
18.89 3.8570059
18.9 3.8568625
18.91 3.8567191
18.92 3.8565757
18.93 3.8564562
18.94 3.8563128
18.95 3.8561694
18.96 3.856026
18.97 3.8558826
18.98 3.8557392
18.99 3.8555958
19.0 3.8554763
19.01 3.8553329
19.02 3.8551895
19.03 3.8550461
19.04 3.8549027
19.05 3.8547593
19.06 3.8546159
19.07 3.8544964
19.08 3.854353
19.09 3.8542096
19.1 3.8540662
19.11 3.8539228
19.12 3.8537794
19.13 3.853636
19.14 3.8534926
19.15 3.8533731
19.16 3.8532297
19.17 3.8530863
19.18 3.8529429
19.19 3.8527995
19.2 3.8526561
19.21 3.8525127
19.22 3.8523693
19.23 3.8522259
19.24 3.8521064
19.25 3.851963
19.26 3.8518196
19.27 3.8516762
19.28 3.8515328
19.29 3.8513894
19.3 3.851246
19.31 3.8511026
19.32 3.8509592
19.33 3.8508158
19.34 3.8506963
19.35 3.8505529
19.36 3.8504095
19.37 3.8502661
19.38 3.8501227
19.39 3.8499793
19.4 3.8498359
19.41 3.8496925
19.42 3.8495491
19.43 3.8494057
19.44 3.8492862
19.45 3.8491428
19.46 3.8489994
19.47 3.848856
19.48 3.8487126
19.49 3.8485692
19.5 3.8484258
19.51 3.8482824
19.52 3.848139
19.53 3.8479956
19.54 3.8478522
19.55 3.8477088
19.56 3.8475893
19.57 3.8474459
19.58 3.8473025
19.59 3.8471591
19.6 3.8470157
19.61 3.8468723
19.62 3.8467289
19.63 3.8465855
19.64 3.8464421
19.65 3.8462987
19.66 3.8461553
19.67 3.8460119
19.68 3.8458685
19.69 3.8457251
19.7 3.8456056
19.71 3.8454622
19.72 3.8453188
19.73 3.8451754
19.74 3.845032
19.75 3.8448886
19.76 3.8447452
19.77 3.8446018
19.78 3.8444584
19.79 3.844315
19.8 3.8441716
19.81 3.8440282
19.82 3.8438848
19.83 3.8437414
19.84 3.843598
19.85 3.8434546
19.86 3.8433112
19.87 3.8431678
19.88 3.8430483
19.89 3.8429049
19.9 3.8427615
19.91 3.8426181
19.92 3.8424747
19.93 3.8423313
19.94 3.8421879
19.95 3.8420445
19.96 3.8419011
19.97 3.8417577
19.98 3.8416143
19.99 3.8414709
20.0 3.8413275
20.01 3.8411841
20.02 3.8410407
20.03 3.8408973
20.04 3.8407539
20.05 3.8406105
20.06 3.8404671
20.07 3.8403237
20.08 3.8401803
20.09 3.8400369
20.1 3.8398935
20.11 3.8397501
20.12 3.8396067
20.13 3.8394633
20.14 3.8393199
20.15 3.8391765
20.16 3.8390331
20.17 3.8388897
20.18 3.8387463
20.19 3.8386029
20.2 3.8384595
20.21 3.83834
20.22 3.8381966
20.23 3.8380532
20.24 3.8379098
20.25 3.8377664
20.26 3.837623
20.27 3.8374796
20.28 3.8373362
20.29 3.8371928
20.3 3.8370494
20.31 3.836906
20.32 3.8367626
20.33 3.8366192
20.34 3.8364758
20.35 3.8363324
20.36 3.836189
20.37 3.8360456
20.38 3.8359022
20.39 3.8357588
20.4 3.8356154
20.41 3.835472
20.42 3.8353286
20.43 3.8351852
20.44 3.8350418
20.45 3.8348984
20.46 3.834755
20.47 3.8346116
20.48 3.8344682
20.49 3.8343248
20.5 3.8341814
20.51 3.834038
20.52 3.8338946
20.53 3.8337512
20.54 3.8336078
20.55 3.8334405
20.56 3.8332971
20.57 3.8331537
20.58 3.8330103
20.59 3.8328669
20.6 3.8327235
20.61 3.8325801
20.62 3.8324367
20.63 3.8322933
20.64 3.8321499
20.65 3.8320065
20.66 3.8318631
20.67 3.8317197
20.68 3.8315763
20.69 3.8314329
20.7 3.8312895
20.71 3.8311461
20.72 3.8310027
20.73 3.8308593
20.74 3.8307159
20.75 3.8305725
20.76 3.8304291
20.77 3.8302857
20.78 3.8301423
20.79 3.8299989
20.8 3.8298555
20.81 3.8297121
20.82 3.8295687
20.83 3.8294253
20.84 3.8292819
20.85 3.8291385
20.86 3.8289951
20.87 3.8288517
20.88 3.8286844
20.89 3.828541
20.9 3.8283976
20.91 3.8282542
20.92 3.8281108
20.93 3.8279674
20.94 3.827824
20.95 3.8276806
20.96 3.8275372
20.97 3.8273938
20.98 3.8272504
20.99 3.827107
21.0 3.8269636
21.01 3.8268202
21.02 3.8266768
21.03 3.8265334
21.04 3.82639
21.05 3.8262466
21.06 3.8261032
21.07 3.8259359
21.08 3.8257925
21.09 3.8256491
21.1 3.8255057
21.11 3.8253623
21.12 3.8252189
21.13 3.8250755
21.14 3.8249321
21.15 3.8247887
21.16 3.8246453
21.17 3.8245019
21.18 3.8243585
21.19 3.8242151
21.2 3.8240717
21.21 3.8239283
21.22 3.823761
21.23 3.8236176
21.24 3.8234742
21.25 3.8233308
21.26 3.8231874
21.27 3.823044
21.28 3.8229006
21.29 3.8227572
21.3 3.8226138
21.31 3.8224704
21.32 3.822327
21.33 3.8221836
21.34 3.8220402
21.35 3.8218729
21.36 3.8217295
21.37 3.8215861
21.38 3.8214427
21.39 3.8212993
21.4 3.8211559
21.41 3.8210125
21.42 3.8208691
21.43 3.8207257
21.44 3.8205823
21.45 3.8204389
21.46 3.8202955
21.47 3.8201282
21.48 3.8199848
21.49 3.8198414
21.5 3.819698
21.51 3.8195546
21.52 3.8194112
21.53 3.8192678
21.54 3.8191244
21.55 3.818981
21.56 3.8188376
21.57 3.8186703
21.58 3.8185269
21.59 3.8183835
21.6 3.8182401
21.61 3.8180967
21.62 3.8179533
21.63 3.8178099
21.64 3.8176665
21.65 3.8175231
21.66 3.8173797
21.67 3.8172124
21.68 3.817069
21.69 3.8169256
21.7 3.8167822
21.71 3.8166388
21.72 3.8164954
21.73 3.816352
21.74 3.8162086
21.75 3.8160652
21.76 3.8158979
21.77 3.8157545
21.78 3.8156111
21.79 3.8154677
21.8 3.8153243
21.81 3.8151809
21.82 3.8150375
21.83 3.8148941
21.84 3.8147268
21.85 3.8145834
21.86 3.81444
21.87 3.8142966
21.88 3.8141532
21.89 3.8140098
21.9 3.8138664
21.91 3.813723
21.92 3.8135557
21.93 3.8134123
21.94 3.8132689
21.95 3.8131255
21.96 3.8129821
21.97 3.8128387
21.98 3.8126953
21.99 3.8125519
22.0 3.8123846
22.01 3.8122412
22.02 3.8120978
22.03 3.8119544
22.04 3.811811
22.05 3.8116676
22.06 3.8115242
22.07 3.8113808
22.08 3.8112135
22.09 3.8110701
22.1 3.8109267
22.11 3.8107833
22.12 3.8106399
22.13 3.8104965
22.14 3.8103531
22.15 3.8101858
22.16 3.8100424
22.17 3.809899
22.18 3.8097556
22.19 3.8096122
22.2 3.8094688
22.21 3.8093254
22.22 3.8091581
22.23 3.8090147
22.24 3.8088713
22.25 3.8087279
22.26 3.8085845
22.27 3.8084411
22.28 3.8082977
22.29 3.8081304
22.3 3.807987
22.31 3.8078436
22.32 3.8077002
22.33 3.8075568
22.34 3.8074134
22.35 3.8072461
22.36 3.8071027
22.37 3.8069593
22.38 3.8068159
22.39 3.8066725
22.4 3.8065291
22.41 3.8063618
22.42 3.8062184
22.43 3.806075
22.44 3.8059316
22.45 3.8057882
22.46 3.8056448
22.47 3.8055014
22.48 3.8053341
22.49 3.8051907
22.5 3.8050473
22.51 3.8049039
22.52 3.8047605
22.53 3.8046171
22.54 3.8044498
22.55 3.8043064
22.56 3.804163
22.57 3.8040196
22.58 3.8038762
22.59 3.8037089
22.6 3.8035655
22.61 3.8034221
22.62 3.8032787
22.63 3.8031353
22.64 3.8029919
22.65 3.8028246
22.66 3.8026812
22.67 3.8025378
22.68 3.8023944
22.69 3.802251
22.7 3.8021076
22.71 3.8019403
22.72 3.8017969
22.73 3.8016535
22.74 3.8015101
22.75 3.8013667
22.76 3.8011994
22.77 3.801056
22.78 3.8009126
22.79 3.8007692
22.8 3.8006258
22.81 3.8004824
22.82 3.8003151
22.83 3.8001717
22.84 3.8000283
22.85 3.7998849
22.86 3.7997415
22.87 3.7995742
22.88 3.7994308
22.89 3.7992874
22.9 3.799144
22.91 3.7990006
22.92 3.7988333
22.93 3.7986899
22.94 3.7985465
22.95 3.7984031
22.96 3.7982597
22.97 3.7981163
22.98 3.797949
22.99 3.7978056
23.0 3.7976622
23.01 3.7975188
23.02 3.7973754
23.03 3.7972081
23.04 3.7970647
23.05 3.7969213
23.06 3.7967779
23.07 3.7966345
23.08 3.7964672
23.09 3.7963238
23.1 3.7961804
23.11 3.796037
23.12 3.7958936
23.13 3.7957263
23.14 3.7955829
23.15 3.7954395
23.16 3.7952961
23.17 3.7951288
23.18 3.7949854
23.19 3.794842
23.2 3.7946986
23.21 3.7945552
23.22 3.7943879
23.23 3.7942445
23.24 3.7941011
23.25 3.7939577
23.26 3.7938143
23.27 3.793647
23.28 3.7935036
23.29 3.7933602
23.3 3.7932168
23.31 3.7930734
23.32 3.7929061
23.33 3.7927627
23.34 3.7926193
23.35 3.7924759
23.36 3.7923086
23.37 3.7921652
23.38 3.7920218
23.39 3.7918784
23.4 3.791735
23.41 3.7915677
23.42 3.7914243
23.43 3.7912809
23.44 3.7911375
23.45 3.7909702
23.46 3.7908268
23.47 3.7906834
23.48 3.79054
23.49 3.7903966
23.5 3.7902293
23.51 3.7900859
23.52 3.7899425
23.53 3.7897991
23.54 3.7896318
23.55 3.7894884
23.56 3.789345
23.57 3.7892016
23.58 3.7890582
23.59 3.7888909
23.6 3.7887475
23.61 3.7886041
23.62 3.7884607
23.63 3.7882934
23.64 3.78815
23.65 3.7880066
23.66 3.7878632
23.67 3.7876959
23.68 3.7875525
23.69 3.7874091
23.7 3.7872657
23.71 3.7870984
23.72 3.786955
23.73 3.7868116
23.74 3.7866682
23.75 3.7865248
23.76 3.7863575
23.77 3.7862141
23.78 3.7860707
23.79 3.7859273
23.8 3.78576
23.81 3.7856166
23.82 3.7854732
23.83 3.7853298
23.84 3.7851625
23.85 3.7850191
23.86 3.7848757
23.87 3.7847323
23.88 3.784565
23.89 3.7844216
23.9 3.7842782
23.91 3.7841348
23.92 3.7839675
23.93 3.7838241
23.94 3.7836807
23.95 3.7835373
23.96 3.78337
23.97 3.7832266
23.98 3.7830832
23.99 3.7829398
24.0 3.7827725
24.01 3.7826291
24.02 3.7824857
24.03 3.7823423
24.04 3.782175
24.05 3.7820316
24.06 3.7818882
24.07 3.7817448
24.08 3.7815775
24.09 3.7814341
24.1 3.7812907
24.11 3.7811473
24.12 3.78098
24.13 3.7808366
24.14 3.7806932
24.15 3.7805498
24.16 3.7803825
24.17 3.7802391
24.18 3.7800957
24.19 3.7799523
24.2 3.779785
24.21 3.7796416
24.22 3.7794982
24.23 3.7793548
24.24 3.7791875
24.25 3.7790441
24.26 3.7789007
24.27 3.7787334
24.28 3.77859
24.29 3.7784466
24.3 3.7783032
24.31 3.7781359
24.32 3.7779925
24.33 3.7778491
24.34 3.7777057
24.35 3.7775384
24.36 3.777395
24.37 3.7772516
24.38 3.7771082
24.39 3.7769409
24.4 3.7767975
24.41 3.7766541
24.42 3.7764868
24.43 3.7763434
24.44 3.7762
24.45 3.7760566
24.46 3.7758893
24.47 3.7757459
24.48 3.7756025
24.49 3.7754591
24.5 3.7752918
24.51 3.7751484
24.52 3.775005
24.53 3.7748377
24.54 3.7746943
24.55 3.7745509
24.56 3.7744075
24.57 3.7742402
24.58 3.7740968
24.59 3.7739534
24.6 3.77381
24.61 3.7736427
24.62 3.7734993
24.63 3.7733559
24.64 3.7731886
24.65 3.7730452
24.66 3.7729018
24.67 3.7727584
24.68 3.7725911
24.69 3.7724477
24.7 3.7723043
24.71 3.772137
24.72 3.7719936
24.73 3.7718502
24.74 3.7717068
24.75 3.7715395
24.76 3.7713961
24.77 3.7712527
24.78 3.7710854
24.79 3.770942
24.8 3.7707986
24.81 3.7706552
24.82 3.7704879
24.83 3.7703445
24.84 3.7702011
24.85 3.7700338
24.86 3.7698904
24.87 3.769747
24.88 3.7696036
24.89 3.7694363
24.9 3.7692929
24.91 3.7691495
24.92 3.7689822
24.93 3.7688388
24.94 3.7686954
24.95 3.768552
24.96 3.7683847
24.97 3.7682413
24.98 3.7680979
24.99 3.7679306
25.0 3.7677872
25.01 3.7676438
25.02 3.7674765
25.03 3.7673331
25.04 3.7671897
25.05 3.7670463
25.06 3.766879
25.07 3.7667356
25.08 3.7665922
25.09 3.7664249
25.1 3.7662815
25.11 3.7661381
25.12 3.7659947
25.13 3.7658274
25.14 3.765684
25.15 3.7655406
25.16 3.7653733
25.17 3.7652299
25.18 3.7650865
25.19 3.7649192
25.2 3.7647758
25.21 3.7646324
25.22 3.764489
25.23 3.7643217
25.24 3.7641783
25.25 3.7640349
25.26 3.7638676
25.27 3.7637242
25.28 3.7635808
25.29 3.7634135
25.3 3.7632701
25.31 3.7631267
25.32 3.7629833
25.33 3.762816
25.34 3.7626726
25.35 3.7625292
25.36 3.7623619
25.37 3.7622185
25.38 3.7620751
25.39 3.7619078
25.4 3.7617644
25.41 3.761621
25.42 3.7614537
25.43 3.7613103
25.44 3.7611669
25.45 3.7610235
25.46 3.7608562
25.47 3.7607128
25.48 3.7605694
25.49 3.7604021
25.5 3.7602587
25.51 3.7601153
25.52 3.759948
25.53 3.7598046
25.54 3.7596612
25.55 3.7594939
25.56 3.7593505
25.57 3.7592071
25.58 3.7590398
25.59 3.7588964
25.6 3.758753
25.61 3.7586096
25.62 3.7584423
25.63 3.7582989
25.64 3.7581555
25.65 3.7579882
25.66 3.7578448
25.67 3.7577014
25.68 3.7575341
25.69 3.7573907
25.7 3.7572473
25.71 3.75708
25.72 3.7569366
25.73 3.7567932
25.74 3.7566259
25.75 3.7564825
25.76 3.7563391
25.77 3.7561718
25.78 3.7560284
25.79 3.755885
25.8 3.7557416
25.81 3.7555743
25.82 3.7554309
25.83 3.7552875
25.84 3.7551202
25.85 3.7549768
25.86 3.7548334
25.87 3.7546661
25.88 3.7545227
25.89 3.7543793
25.9 3.754212
25.91 3.7540686
25.92 3.7539252
25.93 3.7537579
25.94 3.7536145
25.95 3.7534711
25.96 3.7533038
25.97 3.7531604
25.98 3.753017
25.99 3.7528497
26.0 3.7527063
26.01 3.7525629
26.02 3.7523956
26.03 3.7522522
26.04 3.7521088
26.05 3.7519415
26.06 3.7517981
26.07 3.7516547
26.08 3.7514874
26.09 3.751344
26.1 3.7512006
26.11 3.7510333
26.12 3.7508899
26.13 3.7507465
26.14 3.7505792
26.15 3.7504358
26.16 3.7502924
26.17 3.7501251
26.18 3.7499817
26.19 3.7498383
26.2 3.7496949
26.21 3.7495276
26.22 3.7493842
26.23 3.7492408
26.24 3.7490735
26.25 3.7489301
26.26 3.7487867
26.27 3.7486194
26.28 3.748476
26.29 3.7483326
26.3 3.7481653
26.31 3.7480219
26.32 3.7478785
26.33 3.7477112
26.34 3.7475678
26.35 3.7474244
26.36 3.7472571
26.37 3.7471137
26.38 3.7469703
26.39 3.746803
26.4 3.7466596
26.41 3.7465162
26.42 3.7463489
26.43 3.7462055
26.44 3.7460621
26.45 3.7458948
26.46 3.7457514
26.47 3.745608
26.48 3.7454407
26.49 3.7452973
26.5 3.74513
26.51 3.7449866
26.52 3.7448432
26.53 3.7446759
26.54 3.7445325
26.55 3.7443891
26.56 3.7442218
26.57 3.7440784
26.58 3.743935
26.59 3.7437677
26.6 3.7436243
26.61 3.7434809
26.62 3.7433136
26.63 3.7431702
26.64 3.7430268
26.65 3.7428595
26.66 3.7427161
26.67 3.7425727
26.68 3.7424054
26.69 3.742262
26.7 3.7421186
26.71 3.7419513
26.72 3.7418079
26.73 3.7416645
26.74 3.7414972
26.75 3.7413538
26.76 3.7412104
26.77 3.7410431
26.78 3.7408997
26.79 3.7407563
26.8 3.740589
26.81 3.7404456
26.82 3.7403022
26.83 3.7401349
26.84 3.7399915
26.85 3.7398481
26.86 3.7396808
26.87 3.7395374
26.88 3.739394
26.89 3.7392267
26.9 3.7390833
26.91 3.7389399
26.92 3.7387726
26.93 3.7386292
26.94 3.7384619
26.95 3.7383185
26.96 3.7381751
26.97 3.7380078
26.98 3.7378644
26.99 3.737721
27.0 3.7375537
27.01 3.7374103
27.02 3.7372669
27.03 3.7370996
27.04 3.7369562
27.05 3.7368128
27.06 3.7366455
27.07 3.7365021
27.08 3.7363587
27.09 3.7361914
27.1 3.736048
27.11 3.7359046
27.12 3.7357373
27.13 3.7355939
27.14 3.7354505
27.15 3.7352832
27.16 3.7351398
27.17 3.7349964
27.18 3.7348291
27.19 3.7346857
27.2 3.7345184
27.21 3.734375
27.22 3.7342316
27.23 3.7340643
27.24 3.7339209
27.25 3.7337775
27.26 3.7336102
27.27 3.7334668
27.28 3.7333234
27.29 3.7331561
27.3 3.7330127
27.31 3.7328693
27.32 3.732702
27.33 3.7325586
27.34 3.7324152
27.35 3.7322479
27.36 3.7321045
27.37 3.7319611
27.38 3.7317938
27.39 3.7316504
27.4 3.7314831
27.41 3.7313397
27.42 3.7311963
27.43 3.731029
27.44 3.7308856
27.45 3.7307422
27.46 3.7305749
27.47 3.7304315
27.48 3.7302881
27.49 3.7301208
27.5 3.7299774
27.51 3.729834
27.52 3.7296667
27.53 3.7295233
27.54 3.7293799
27.55 3.7292126
27.56 3.7290692
27.57 3.7289019
27.58 3.7287585
27.59 3.7286151
27.6 3.7284478
27.61 3.7283044
27.62 3.728161
27.63 3.7279937
27.64 3.7278503
27.65 3.7277069
27.66 3.7275396
27.67 3.7273962
27.68 3.7272528
27.69 3.7270855
27.7 3.7269421
27.71 3.7267987
27.72 3.7266314
27.73 3.726488
27.74 3.7263207
27.75 3.7261773
27.76 3.7260339
27.77 3.7258666
27.78 3.7257232
27.79 3.7255798
27.8 3.7254125
27.81 3.7252691
27.82 3.7251257
27.83 3.7249584
27.84 3.724815
27.85 3.7246716
27.86 3.7245043
27.87 3.7243609
27.88 3.7242175
27.89 3.7240502
27.9 3.7239068
27.91 3.7237395
27.92 3.7235961
27.93 3.7234527
27.94 3.7232854
27.95 3.723142
27.96 3.7229986
27.97 3.7228313
27.98 3.7226879
27.99 3.7225445
28.0 3.7223772
28.01 3.7222338
28.02 3.7220904
28.03 3.7219231
28.04 3.7217797
28.05 3.7216124
28.06 3.721469
28.07 3.7213256
28.08 3.7211583
28.09 3.7210149
28.1 3.7208715
28.11 3.7207042
28.12 3.7205608
28.13 3.7204174
28.14 3.7202501
28.15 3.7201067
28.16 3.7199633
28.17 3.719796
28.18 3.7196526
28.19 3.7194853
28.2 3.7193419
28.21 3.7191985
28.22 3.7190312
28.23 3.7188878
28.24 3.7187444
28.25 3.7185771
28.26 3.7184337
28.27 3.7182903
28.28 3.718123
28.29 3.7179796
28.3 3.7178362
28.31 3.7176689
28.32 3.7175255
28.33 3.7173582
28.34 3.7172148
28.35 3.7170714
28.36 3.7169041
28.37 3.7167607
28.38 3.7166173
28.39 3.71645
28.4 3.7163066
28.41 3.7161632
28.42 3.7159959
28.43 3.7158525
28.44 3.7157091
28.45 3.7155418
28.46 3.7153984
28.47 3.7152311
28.48 3.7150877
28.49 3.7149443
28.5 3.714777
28.51 3.7146336
28.52 3.7144902
28.53 3.7143229
28.54 3.7141795
28.55 3.7140361
28.56 3.7138688
28.57 3.7137254
28.58 3.713582
28.59 3.7134147
28.6 3.7132713
28.61 3.713104
28.62 3.7129606
28.63 3.7128172
28.64 3.7126499
28.65 3.7125065
28.66 3.7123631
28.67 3.7121958
28.68 3.7120524
28.69 3.711909
28.7 3.7117417
28.71 3.7115983
28.72 3.7114549
28.73 3.7112876
28.74 3.7111442
28.75 3.7109769
28.76 3.7108335
28.77 3.7106901
28.78 3.7105228
28.79 3.7103794
28.8 3.710236
28.81 3.7100687
28.82 3.7099253
28.83 3.7097819
28.84 3.7096146
28.85 3.7094712
28.86 3.7093278
28.87 3.7091605
28.88 3.7090171
28.89 3.7088498
28.9 3.7087064
28.91 3.708563
28.92 3.7083957
28.93 3.7082523
28.94 3.7081089
28.95 3.7079416
28.96 3.7077982
28.97 3.7076548
28.98 3.7074875
28.99 3.7073441
29.0 3.7072007
29.01 3.7070334
29.02 3.70689
29.03 3.7067227
29.04 3.7065793
29.05 3.7064359
29.06 3.7062686
29.07 3.7061252
29.08 3.7059818
29.09 3.7058145
29.1 3.7056711
29.11 3.7055277
29.12 3.7053604
29.13 3.705217
29.14 3.7050736
29.15 3.7049063
29.16 3.7047629
29.17 3.7045956
29.18 3.7044522
29.19 3.7043088
29.2 3.7041415
29.21 3.7039981
29.22 3.7038547
29.23 3.7036874
29.24 3.703544
29.25 3.7034006
29.26 3.7032333
29.27 3.7030899
29.28 3.7029465
29.29 3.7027792
29.3 3.7026358
29.31 3.7024924
29.32 3.7023251
29.33 3.7021817
29.34 3.7020144
29.35 3.701871
29.36 3.7017276
29.37 3.7015603
29.38 3.7014169
29.39 3.7012735
29.4 3.7011062
29.41 3.7009628
29.42 3.7008194
29.43 3.7006521
29.44 3.7005087
29.45 3.7003653
29.46 3.700198
29.47 3.7000546
29.48 3.6999112
29.49 3.6997439
29.5 3.6996005
29.51 3.6994332
29.52 3.6992898
29.53 3.6991464
29.54 3.6989791
29.55 3.6988357
29.56 3.6986923
29.57 3.698525
29.58 3.6983816
29.59 3.6982382
29.6 3.6980709
29.61 3.6979275
29.62 3.6977841
29.63 3.6976168
29.64 3.6974734
29.65 3.69733
29.66 3.6971627
29.67 3.6970193
29.68 3.696852
29.69 3.6967086
29.7 3.6965652
29.71 3.6963979
29.72 3.6962545
29.73 3.6961111
29.74 3.6959438
29.75 3.6958004
29.76 3.695657
29.77 3.6954897
29.78 3.6953463
29.79 3.6952029
29.8 3.6950356
29.81 3.6948922
29.82 3.6947488
29.83 3.6945815
29.84 3.6944381
29.85 3.6942947
29.86 3.6941274
29.87 3.693984
29.88 3.6938167
29.89 3.6936733
29.9 3.6935299
29.91 3.6933626
29.92 3.6932192
29.93 3.6930758
29.94 3.6929085
29.95 3.6927651
29.96 3.6926217
29.97 3.6924544
29.98 3.692311
29.99 3.6921676
30.0 3.6920003
30.01 3.6918569
30.02 3.6917135
30.03 3.6915462
30.04 3.6914028
30.05 3.6912594
30.06 3.6910921
30.07 3.6909487
30.08 3.6908053
30.09 3.690638
30.1 3.6904946
30.11 3.6903512
30.12 3.6901839
30.13 3.6900405
30.14 3.6898732
30.15 3.6897298
30.16 3.6895864
30.17 3.6894191
30.18 3.6892757
30.19 3.6891323
30.2 3.688965
30.21 3.6888216
30.22 3.6886782
30.23 3.6885109
30.24 3.6883675
30.25 3.6882241
30.26 3.6880568
30.27 3.6879134
30.28 3.68777
30.29 3.6876027
30.3 3.6874593
30.31 3.6873159
30.32 3.6871486
30.33 3.6870052
30.34 3.6868618
30.35 3.6866945
30.36 3.6865511
30.37 3.6864077
30.38 3.6862404
30.39 3.686097
30.4 3.6859536
30.41 3.6857863
30.42 3.6856429
30.43 3.6854995
30.44 3.6853322
30.45 3.6851888
30.46 3.6850454
30.47 3.6848781
30.48 3.6847347
30.49 3.6845913
30.5 3.684424
30.51 3.6842806
30.52 3.6841133
30.53 3.6839699
30.54 3.6838265
30.55 3.6836592
30.56 3.6835158
30.57 3.6833724
30.58 3.6832051
30.59 3.6830617
30.6 3.6829183
30.61 3.682751
30.62 3.6826076
30.63 3.6824642
30.64 3.6822969
30.65 3.6821535
30.66 3.6820101
30.67 3.6818428
30.68 3.6816994
30.69 3.681556
30.7 3.6813887
30.71 3.6812453
30.72 3.6811019
30.73 3.6809346
30.74 3.6807912
30.75 3.6806478
30.76 3.6804805
30.77 3.6803371
30.78 3.6801937
30.79 3.6800264
30.8 3.679883
30.81 3.6797396
30.82 3.6795723
30.83 3.6794289
30.84 3.6792855
30.85 3.6791182
30.86 3.6789748
30.87 3.6788314
30.88 3.6786641
30.89 3.6785207
30.9 3.6783773
30.91 3.67821
30.92 3.6780666
30.93 3.6779232
30.94 3.6777559
30.95 3.6776125
30.96 3.6774691
30.97 3.6773018
30.98 3.6771584
30.99 3.677015
31.0 3.6768477
31.01 3.6767043
31.02 3.6765609
31.03 3.6764175
31.04 3.6762502
31.05 3.6761068
31.06 3.6759634
31.07 3.6757961
31.08 3.6756527
31.09 3.6755093
31.1 3.675342
31.11 3.6751986
31.12 3.6750552
31.13 3.6748879
31.14 3.6747445
31.15 3.6746011
31.16 3.6744338
31.17 3.6742904
31.18 3.674147
31.19 3.6739797
31.2 3.6738363
31.21 3.6736929
31.22 3.6735256
31.23 3.6733822
31.24 3.6732388
31.25 3.6730715
31.26 3.6729281
31.27 3.6727847
31.28 3.6726174
31.29 3.672474
31.3 3.6723306
31.31 3.6721633
31.32 3.6720199
31.33 3.6718765
31.34 3.6717092
31.35 3.6715658
31.36 3.6714224
31.37 3.671279
31.38 3.6711117
31.39 3.6709683
31.4 3.6708249
31.41 3.6706576
31.42 3.6705142
31.43 3.6703708
31.44 3.6702035
31.45 3.6700601
31.46 3.6699167
31.47 3.6697494
31.48 3.669606
31.49 3.6694626
31.5 3.6692953
31.51 3.6691519
31.52 3.6690085
31.53 3.6688412
31.54 3.6686978
31.55 3.6685544
31.56 3.6683871
31.57 3.6682437
31.58 3.6681003
31.59 3.6679569
31.6 3.6677896
31.61 3.6676462
31.62 3.6675028
31.63 3.6673355
31.64 3.6671921
31.65 3.6670487
31.66 3.6668814
31.67 3.666738
31.68 3.6665946
31.69 3.6664273
31.7 3.6662839
31.71 3.6661405
31.72 3.6659971
31.73 3.6658298
31.74 3.6656864
31.75 3.665543
31.76 3.6653757
31.77 3.6652323
31.78 3.6650889
31.79 3.6649216
31.8 3.6647782
31.81 3.6646348
31.82 3.6644675
31.83 3.6643241
31.84 3.6641807
31.85 3.6640373
31.86 3.66387
31.87 3.6637266
31.88 3.6635832
31.89 3.6634159
31.9 3.6632725
31.91 3.6631291
31.92 3.6629618
31.93 3.6628184
31.94 3.662675
31.95 3.6625077
31.96 3.6623643
31.97 3.6622209
31.98 3.6620775
31.99 3.6619102
32.0 3.6617668
32.01 3.6616234
32.02 3.6614561
32.03 3.6613127
32.04 3.6611693
32.05 3.661002
32.06 3.6608586
32.07 3.6607152
32.08 3.6605718
32.09 3.6604045
32.1 3.6602611
32.11 3.6601177
32.12 3.6599504
32.13 3.659807
32.14 3.6596636
32.15 3.6594963
32.16 3.6593529
32.17 3.6592095
32.18 3.6590661
32.19 3.6588988
32.2 3.6587554
32.21 3.658612
32.22 3.6584447
32.23 3.6583013
32.24 3.6581579
32.25 3.6580145
32.26 3.6578472
32.27 3.6577038
32.28 3.6575604
32.29 3.6573931
32.3 3.6572497
32.31 3.6571063
32.32 3.6569629
32.33 3.6567956
32.34 3.6566522
32.35 3.6565088
32.36 3.6563415
32.37 3.6561981
32.38 3.6560547
32.39 3.6558874
32.4 3.655744
32.41 3.6556006
32.42 3.6554572
32.43 3.6552899
32.44 3.6551465
32.45 3.6550031
32.46 3.6548358
32.47 3.6546924
32.48 3.654549
32.49 3.6544056
32.5 3.6542383
32.51 3.6540949
32.52 3.6539515
32.53 3.6538081
32.54 3.6536408
32.55 3.6534974
32.56 3.653354
32.57 3.6531867
32.58 3.6530433
32.59 3.6528999
32.6 3.6527565
32.61 3.6525892
32.62 3.6524458
32.63 3.6523024
32.64 3.6521351
32.65 3.6519917
32.66 3.6518483
32.67 3.6517049
32.68 3.6515376
32.69 3.6513942
32.7 3.6512508
32.71 3.6510835
32.72 3.6509401
32.73 3.6507967
32.74 3.6506533
32.75 3.650486
32.76 3.6503426
32.77 3.6501992
32.78 3.6500558
32.79 3.6498885
32.8 3.6497451
32.81 3.6496017
32.82 3.6494344
32.83 3.649291
32.84 3.6491476
32.85 3.6490042
32.86 3.6488369
32.87 3.6486935
32.88 3.6485501
32.89 3.6484067
32.9 3.6482394
32.91 3.648096
32.92 3.6479526
32.93 3.6478092
32.94 3.6476419
32.95 3.6474985
32.96 3.6473551
32.97 3.6471878
32.98 3.6470444
32.99 3.646901
33.0 3.6467576
33.01 3.6465903
33.02 3.6464469
33.03 3.6463035
33.04 3.6461601
33.05 3.6459928
33.06 3.6458494
33.07 3.645706
33.08 3.6455626
33.09 3.6453953
33.1 3.6452519
33.11 3.6451085
33.12 3.6449412
33.13 3.6447978
33.14 3.6446544
33.15 3.644511
33.16 3.6443437
33.17 3.6442003
33.18 3.6440569
33.19 3.6439135
33.2 3.6437462
33.21 3.6436028
33.22 3.6434594
33.23 3.643316
33.24 3.6431487
33.25 3.6430053
33.26 3.6428619
33.27 3.6427185
33.28 3.6425512
33.29 3.6424078
33.3 3.6422644
33.31 3.642121
33.32 3.6419537
33.33 3.6418103
33.34 3.6416669
33.35 3.6415235
33.36 3.6413562
33.37 3.6412128
33.38 3.6410694
33.39 3.640926
33.4 3.6407587
33.41 3.6406153
33.42 3.6404719
33.43 3.6403285
33.44 3.6401612
33.45 3.6400178
33.46 3.6398744
33.47 3.639731
33.48 3.6395637
33.49 3.6394203
33.5 3.6392769
33.51 3.6391335
33.52 3.6389662
33.53 3.6388228
33.54 3.6386794
33.55 3.638536
33.56 3.6383687
33.57 3.6382253
33.58 3.6380819
33.59 3.6379385
33.6 3.6377951
33.61 3.6376278
33.62 3.6374844
33.63 3.637341
33.64 3.6371976
33.65 3.6370303
33.66 3.6368869
33.67 3.6367435
33.68 3.6366001
33.69 3.6364328
33.7 3.6362894
33.71 3.636146
33.72 3.6360026
33.73 3.6358353
33.74 3.6356919
33.75 3.6355485
33.76 3.6354051
33.77 3.6352617
33.78 3.6350944
33.79 3.634951
33.8 3.6348076
33.81 3.6346642
33.82 3.6344969
33.83 3.6343535
33.84 3.6342101
33.85 3.6340667
33.86 3.6338994
33.87 3.633756
33.88 3.6336126
33.89 3.6334692
33.9 3.6333258
33.91 3.6331585
33.92 3.6330151
33.93 3.6328717
33.94 3.6327283
33.95 3.632561
33.96 3.6324176
33.97 3.6322742
33.98 3.6321308
33.99 3.6319874
34.0 3.6318201
34.01 3.6316767
34.02 3.6315333
34.03 3.6313899
34.04 3.6312226
34.05 3.6310792
34.06 3.6309358
34.07 3.6307924
34.08 3.630649
34.09 3.6304817
34.1 3.6303383
34.11 3.6301949
34.12 3.6300515
34.13 3.6298842
34.14 3.6297408
34.15 3.6295974
34.16 3.629454
34.17 3.6293106
34.18 3.6291433
34.19 3.6289999
34.2 3.6288565
34.21 3.6287131
34.22 3.6285697
34.23 3.6284024
34.24 3.628259
34.25 3.6281156
34.26 3.6279722
34.27 3.6278288
34.28 3.6276615
34.29 3.6275181
34.3 3.6273747
34.31 3.6272313
34.32 3.627064
34.33 3.6269206
34.34 3.6267772
34.35 3.6266338
34.36 3.6264904
34.37 3.6263231
34.38 3.6261797
34.39 3.6260363
34.4 3.6258929
34.41 3.6257495
34.42 3.6255822
34.43 3.6254388
34.44 3.6252954
34.45 3.625152
34.46 3.6250086
34.47 3.6248413
34.48 3.6246979
34.49 3.6245545
34.5 3.6244111
34.51 3.6242677
34.52 3.6241004
34.53 3.623957
34.54 3.6238136
34.55 3.6236702
34.56 3.6235268
34.57 3.6233834
34.58 3.6232161
34.59 3.6230727
34.6 3.6229293
34.61 3.6227859
34.62 3.6226425
34.63 3.6224752
34.64 3.6223318
34.65 3.6221884
34.66 3.622045
34.67 3.6219016
34.68 3.6217343
34.69 3.6215909
34.7 3.6214475
34.71 3.6213041
34.72 3.6211607
34.73 3.6210173
34.74 3.62085
34.75 3.6207066
34.76 3.6205632
34.77 3.6204198
34.78 3.6202764
34.79 3.6201091
34.8 3.6199657
34.81 3.6198223
34.82 3.6196789
34.83 3.6195355
34.84 3.6193921
34.85 3.6192248
34.86 3.6190814
34.87 3.618938
34.88 3.6187946
34.89 3.6186512
34.9 3.6184839
34.91 3.6183405
34.92 3.6181971
34.93 3.6180537
34.94 3.6179103
34.95 3.6177669
34.96 3.6175996
34.97 3.6174562
34.98 3.6173128
34.99 3.6171694
35.0 3.617026
35.01 3.6168826
35.02 3.6167153
35.03 3.6165719
35.04 3.6164285
35.05 3.6162851
35.06 3.6161417
35.07 3.6159983
35.08 3.615831
35.09 3.6156876
35.1 3.6155442
35.11 3.6154008
35.12 3.6152574
35.13 3.615114
35.14 3.6149467
35.15 3.6148033
35.16 3.6146599
35.17 3.6145165
35.18 3.6143731
35.19 3.6142297
35.2 3.6140624
35.21 3.613919
35.22 3.6137756
35.23 3.6136322
35.24 3.6134888
35.25 3.6133454
35.26 3.613202
35.27 3.6130347
35.28 3.6128913
35.29 3.6127479
35.3 3.6126045
35.31 3.6124611
35.32 3.6123177
35.33 3.6121504
35.34 3.612007
35.35 3.6118636
35.36 3.6117202
35.37 3.6115768
35.38 3.6114334
35.39 3.61129
35.4 3.6111227
35.41 3.6109793
35.42 3.6108359
35.43 3.6106925
35.44 3.6105491
35.45 3.6104057
35.46 3.6102623
35.47 3.610095
35.48 3.6099516
35.49 3.6098082
35.5 3.6096648
35.51 3.6095214
35.52 3.609378
35.53 3.6092346
35.54 3.6090673
35.55 3.6089239
35.56 3.6087805
35.57 3.6086371
35.58 3.6084937
35.59 3.6083503
35.6 3.6082069
35.61 3.6080396
35.62 3.6078962
35.63 3.6077528
35.64 3.6076094
35.65 3.607466
35.66 3.6073226
35.67 3.6071792
35.68 3.6070358
35.69 3.6068685
35.7 3.6067251
35.71 3.6065817
35.72 3.6064383
35.73 3.6062949
35.74 3.6061515
35.75 3.6060081
35.76 3.6058647
35.77 3.6056974
35.78 3.605554
35.79 3.6054106
35.8 3.6052672
35.81 3.6051238
35.82 3.6049804
35.83 3.604837
35.84 3.6046936
35.85 3.6045263
35.86 3.6043829
35.87 3.6042395
35.88 3.6040961
35.89 3.6039527
35.9 3.6038093
35.91 3.6036659
35.92 3.6035225
35.93 3.6033552
35.94 3.6032118
35.95 3.6030684
35.96 3.602925
35.97 3.6027816
35.98 3.6026382
35.99 3.6024948
36.0 3.6023514
36.01 3.602208
36.02 3.6020407
36.03 3.6018973
36.04 3.6017539
36.05 3.6016105
36.06 3.6014671
36.07 3.6013237
36.08 3.6011803
36.09 3.6010369
36.1 3.6008935
36.11 3.6007501
36.12 3.6005828
36.13 3.6004394
36.14 3.600296
36.15 3.6001526
36.16 3.6000092
36.17 3.5998658
36.18 3.5997224
36.19 3.599579
36.2 3.5994356
36.21 3.5992683
36.22 3.5991249
36.23 3.5989815
36.24 3.5988381
36.25 3.5986947
36.26 3.5985513
36.27 3.5984079
36.28 3.5982645
36.29 3.5981211
36.3 3.5979777
36.31 3.5978343
36.32 3.597667
36.33 3.5975236
36.34 3.5973802
36.35 3.5972368
36.36 3.5970934
36.37 3.59695
36.38 3.5968066
36.39 3.5966632
36.4 3.5965198
36.41 3.5963764
36.42 3.596233
36.43 3.5960896
36.44 3.5959223
36.45 3.5957789
36.46 3.5956355
36.47 3.5954921
36.48 3.5953487
36.49 3.5952053
36.5 3.5950619
36.51 3.5949185
36.52 3.5947751
36.53 3.5946317
36.54 3.5944883
36.55 3.5943449
36.56 3.5941776
36.57 3.5940342
36.58 3.5938908
36.59 3.5937474
36.6 3.593604
36.61 3.5934606
36.62 3.5933172
36.63 3.5931738
36.64 3.5930304
36.65 3.592887
36.66 3.5927436
36.67 3.5926002
36.68 3.5924568
36.69 3.5923134
36.7 3.5921461
36.71 3.5920027
36.72 3.5918593
36.73 3.5917159
36.74 3.5915725
36.75 3.5914291
36.76 3.5912857
36.77 3.5911423
36.78 3.5909989
36.79 3.5908555
36.8 3.5907121
36.81 3.5905687
36.82 3.5904253
36.83 3.5902819
36.84 3.5901385
36.85 3.5899951
36.86 3.5898517
36.87 3.5896844
36.88 3.589541
36.89 3.5893976
36.9 3.5892542
36.91 3.5891108
36.92 3.5889674
36.93 3.588824
36.94 3.5886806
36.95 3.5885372
36.96 3.5883938
36.97 3.5882504
36.98 3.588107
36.99 3.5879636
37.0 3.5878202
37.01 3.5876768
37.02 3.5875334
37.03 3.58739
37.04 3.5872466
37.05 3.5871032
37.06 3.5869598
37.07 3.5868164
37.08 3.5866491
37.09 3.5865057
37.1 3.5863623
37.11 3.5862189
37.12 3.5860755
37.13 3.5859321
37.14 3.5857887
37.15 3.5856453
37.16 3.5855019
37.17 3.5853585
37.18 3.5852151
37.19 3.5850717
37.2 3.5849283
37.21 3.5847849
37.22 3.5846415
37.23 3.5844981
37.24 3.5843547
37.25 3.5842113
37.26 3.5840679
37.27 3.5839245
37.28 3.5837811
37.29 3.5836377
37.3 3.5834943
37.31 3.5833509
37.32 3.5832075
37.33 3.5830641
37.34 3.5829207
37.35 3.5827773
37.36 3.5826339
37.37 3.5824905
37.38 3.5823471
37.39 3.5822037
37.4 3.5820603
37.41 3.5819169
37.42 3.5817735
37.43 3.5816062
37.44 3.5814628
37.45 3.5813194
37.46 3.581176
37.47 3.5810326
37.48 3.5808892
37.49 3.5807458
37.5 3.5806024
37.51 3.580459
37.52 3.5803156
37.53 3.5801722
37.54 3.5800288
37.55 3.5798854
37.56 3.579742
37.57 3.5795986
37.58 3.5794552
37.59 3.5793118
37.6 3.5791684
37.61 3.579025
37.62 3.5788816
37.63 3.5787382
37.64 3.5785948
37.65 3.5784514
37.66 3.578308
37.67 3.5781646
37.68 3.5780212
37.69 3.5778778
37.7 3.5777344
37.71 3.577591
37.72 3.5774476
37.73 3.5773042
37.74 3.5771608
37.75 3.5770174
37.76 3.576874
37.77 3.5767306
37.78 3.5765872
37.79 3.5764438
37.8 3.5763004
37.81 3.576157
37.82 3.5760136
37.83 3.5758702
37.84 3.5757268
37.85 3.5755834
37.86 3.57544
37.87 3.5752966
37.88 3.5751771
37.89 3.5750337
37.9 3.5748903
37.91 3.5747469
37.92 3.5746035
37.93 3.5744601
37.94 3.5743167
37.95 3.5741733
37.96 3.5740299
37.97 3.5738865
37.98 3.5737431
37.99 3.5735997
38.0 3.5734563
38.01 3.5733129
38.02 3.5731695
38.03 3.5730261
38.04 3.5728827
38.05 3.5727393
38.06 3.5725959
38.07 3.5724525
38.08 3.5723091
38.09 3.5721657
38.1 3.5720223
38.11 3.5718789
38.12 3.5717355
38.13 3.5715921
38.14 3.5714487
38.15 3.5713053
38.16 3.5711619
38.17 3.5710185
38.18 3.5708751
38.19 3.5707317
38.2 3.5705883
38.21 3.5704449
38.22 3.5703254
38.23 3.570182
38.24 3.5700386
38.25 3.5698952
38.26 3.5697518
38.27 3.5696084
38.28 3.569465
38.29 3.5693216
38.3 3.5691782
38.31 3.5690348
38.32 3.5688914
38.33 3.568748
38.34 3.5686046
38.35 3.5684612
38.36 3.5683178
38.37 3.5681744
38.38 3.568031
38.39 3.5678876
38.4 3.5677442
38.41 3.5676008
38.42 3.5674813
38.43 3.5673379
38.44 3.5671945
38.45 3.5670511
38.46 3.5669077
38.47 3.5667643
38.48 3.5666209
38.49 3.5664775
38.5 3.5663341
38.51 3.5661907
38.52 3.5660473
38.53 3.5659039
38.54 3.5657605
38.55 3.5656171
38.56 3.5654737
38.57 3.5653303
38.58 3.5652108
38.59 3.5650674
38.6 3.564924
38.61 3.5647806
38.62 3.5646372
38.63 3.5644938
38.64 3.5643504
38.65 3.564207
38.66 3.5640636
38.67 3.5639202
38.68 3.5637768
38.69 3.5636334
38.7 3.56349
38.71 3.5633466
38.72 3.5632271
38.73 3.5630837
38.74 3.5629403
38.75 3.5627969
38.76 3.5626535
38.77 3.5625101
38.78 3.5623667
38.79 3.5622233
38.8 3.5620799
38.81 3.5619365
38.82 3.5617931
38.83 3.5616736
38.84 3.5615302
38.85 3.5613868
38.86 3.5612434
38.87 3.5611
38.88 3.5609566
38.89 3.5608132
38.9 3.5606698
38.91 3.5605264
38.92 3.560383
38.93 3.5602396
38.94 3.5601201
38.95 3.5599767
38.96 3.5598333
38.97 3.5596899
38.98 3.5595465
38.99 3.5594031
39.0 3.5592597
39.01 3.5591163
39.02 3.5589729
39.03 3.5588295
39.04 3.55871
39.05 3.5585666
39.06 3.5584232
39.07 3.5582798
39.08 3.5581364
39.09 3.557993
39.1 3.5578496
39.11 3.5577062
39.12 3.5575628
39.13 3.5574433
39.14 3.5572999
39.15 3.5571565
39.16 3.5570131
39.17 3.5568697
39.18 3.5567263
39.19 3.5565829
39.2 3.5564395
39.21 3.5562961
39.22 3.5561766
39.23 3.5560332
39.24 3.5558898
39.25 3.5557464
39.26 3.555603
39.27 3.5554596
39.28 3.5553162
39.29 3.5551728
39.3 3.5550533
39.31 3.5549099
39.32 3.5547665
39.33 3.5546231
39.34 3.5544797
39.35 3.5543363
39.36 3.5541929
39.37 3.5540495
39.38 3.55393
39.39 3.5537866
39.4 3.5536432
39.41 3.5534998
39.42 3.5533564
39.43 3.553213
39.44 3.5530696
39.45 3.5529501
39.46 3.5528067
39.47 3.5526633
39.48 3.5525199
39.49 3.5523765
39.5 3.5522331
39.51 3.5520897
39.52 3.5519702
39.53 3.5518268
39.54 3.5516834
39.55 3.55154
39.56 3.5513966
39.57 3.5512532
39.58 3.5511098
39.59 3.5509903
39.6 3.5508469
39.61 3.5507035
39.62 3.5505601
39.63 3.5504167
39.64 3.5502733
39.65 3.5501538
39.66 3.5500104
39.67 3.549867
39.68 3.5497236
39.69 3.5495802
39.7 3.5494368
39.71 3.5492934
39.72 3.5491739
39.73 3.5490305
39.74 3.5488871
39.75 3.5487437
39.76 3.5486003
39.77 3.5484569
39.78 3.5483374
39.79 3.548194
39.8 3.5480506
39.81 3.5479072
39.82 3.5477638
39.83 3.5476204
39.84 3.5475009
39.85 3.5473575
39.86 3.5472141
39.87 3.5470707
39.88 3.5469273
39.89 3.5467839
39.9 3.5466644
39.91 3.546521
39.92 3.5463776
39.93 3.5462342
39.94 3.5460908
39.95 3.5459713
39.96 3.5458279
39.97 3.5456845
39.98 3.5455411
39.99 3.5453977
40.0 3.5452543
40.01 3.5451348
40.02 3.5449914
40.03 3.544848
40.04 3.5447046
40.05 3.5445612
40.06 3.5444417
40.07 3.5442983
40.08 3.5441549
40.09 3.5440115
40.1 3.5438681
40.11 3.5437486
40.12 3.5436052
40.13 3.5434618
40.14 3.5433184
40.15 3.543175
40.16 3.5430555
40.17 3.5429121
40.18 3.5427687
40.19 3.5426253
40.2 3.5424819
40.21 3.5423624
40.22 3.542219
40.23 3.5420756
40.24 3.5419322
40.25 3.5417888
40.26 3.5416693
40.27 3.5415259
40.28 3.5413825
40.29 3.5412391
40.3 3.5410957
40.31 3.5409762
40.32 3.5408328
40.33 3.5406894
40.34 3.540546
40.35 3.5404026
40.36 3.5402831
40.37 3.5401397
40.38 3.5399963
40.39 3.5398529
40.4 3.5397334
40.41 3.53959
40.42 3.5394466
40.43 3.5393032
40.44 3.5391598
40.45 3.5390403
40.46 3.5388969
40.47 3.5387535
40.48 3.5386101
40.49 3.5384906
40.5 3.5383472
40.51 3.5382038
40.52 3.5380604
40.53 3.537917
40.54 3.5377975
40.55 3.5376541
40.56 3.5375107
40.57 3.5373673
40.58 3.5372478
40.59 3.5371044
40.6 3.536961
40.61 3.5368176
40.62 3.5366981
40.63 3.5365547
40.64 3.5364113
40.65 3.5362679
40.66 3.5361484
40.67 3.536005
40.68 3.5358616
40.69 3.5357182
40.7 3.5355987
40.71 3.5354553
40.72 3.5353119
40.73 3.5351685
40.74 3.535049
40.75 3.5349056
40.76 3.5347622
40.77 3.5346188
40.78 3.5344993
40.79 3.5343559
40.8 3.5342125
40.81 3.5340691
40.82 3.5339496
40.83 3.5338062
40.84 3.5336628
40.85 3.5335194
40.86 3.5333999
40.87 3.5332565
40.88 3.5331131
40.89 3.5329697
40.9 3.5328502
40.91 3.5327068
40.92 3.5325634
40.93 3.53242
40.94 3.5323005
40.95 3.5321571
40.96 3.5320137
40.97 3.5318703
40.98 3.5317508
40.99 3.5316074
41.0 3.531464
41.01 3.5313445
41.02 3.5312011
41.03 3.5310577
41.04 3.5309143
41.05 3.5307948
41.06 3.5306514
41.07 3.530508
41.08 3.5303646
41.09 3.5302451
41.1 3.5301017
41.11 3.5299583
41.12 3.5298388
41.13 3.5296954
41.14 3.529552
41.15 3.5294086
41.16 3.5292891
41.17 3.5291457
41.18 3.5290023
41.19 3.5288828
41.2 3.5287394
41.21 3.528596
41.22 3.5284526
41.23 3.5283331
41.24 3.5281897
41.25 3.5280463
41.26 3.5279268
41.27 3.5277834
41.28 3.52764
41.29 3.5275205
41.3 3.5273771
41.31 3.5272337
41.32 3.5270903
41.33 3.5269708
41.34 3.5268274
41.35 3.526684
41.36 3.5265645
41.37 3.5264211
41.38 3.5262777
41.39 3.5261582
41.4 3.5260148
41.41 3.5258714
41.42 3.525728
41.43 3.5256085
41.44 3.5254651
41.45 3.5253217
41.46 3.5252022
41.47 3.5250588
41.48 3.5249154
41.49 3.5247959
41.5 3.5246525
41.51 3.5245091
41.52 3.5243896
41.53 3.5242462
41.54 3.5241028
41.55 3.5239833
41.56 3.5238399
41.57 3.5236965
41.58 3.523577
41.59 3.5234336
41.6 3.5232902
41.61 3.5231707
41.62 3.5230273
41.63 3.5228839
41.64 3.5227644
41.65 3.522621
41.66 3.5224776
41.67 3.5223581
41.68 3.5222147
41.69 3.5220713
41.7 3.5219518
41.71 3.5218084
41.72 3.521665
41.73 3.5215455
41.74 3.5214021
41.75 3.5212587
41.76 3.5211392
41.77 3.5209958
41.78 3.5208524
41.79 3.5207329
41.8 3.5205895
41.81 3.5204461
41.82 3.5203266
41.83 3.5201832
41.84 3.5200398
41.85 3.5199203
41.86 3.5197769
41.87 3.5196335
41.88 3.519514
41.89 3.5193706
41.9 3.5192272
41.91 3.5191077
41.92 3.5189643
41.93 3.5188209
41.94 3.5187014
41.95 3.518558
41.96 3.5184385
41.97 3.5182951
41.98 3.5181517
41.99 3.5180322
42.0 3.5178888
42.01 3.5177454
42.02 3.5176259
42.03 3.5174825
42.04 3.5173391
42.05 3.5172196
42.06 3.5170762
42.07 3.5169567
42.08 3.5168133
42.09 3.5166699
42.1 3.5165504
42.11 3.516407
42.12 3.5162636
42.13 3.5161441
42.14 3.5160007
42.15 3.5158812
42.16 3.5157378
42.17 3.5155944
42.18 3.5154749
42.19 3.5153315
42.2 3.5151881
42.21 3.5150686
42.22 3.5149252
42.23 3.5148057
42.24 3.5146623
42.25 3.5145189
42.26 3.5143994
42.27 3.514256
42.28 3.5141365
42.29 3.5139931
42.3 3.5138497
42.31 3.5137302
42.32 3.5135868
42.33 3.5134673
42.34 3.5133239
42.35 3.5131805
42.36 3.513061
42.37 3.5129176
42.38 3.5127742
42.39 3.5126547
42.4 3.5125113
42.41 3.5123918
42.42 3.5122484
42.43 3.5121289
42.44 3.5119855
42.45 3.5118421
42.46 3.5117226
42.47 3.5115792
42.48 3.5114597
42.49 3.5113163
42.5 3.5111729
42.51 3.5110534
42.52 3.51091
42.53 3.5107905
42.54 3.5106471
42.55 3.5105037
42.56 3.5103842
42.57 3.5102408
42.58 3.5101213
42.59 3.5099779
42.6 3.5098584
42.61 3.509715
42.62 3.5095716
42.63 3.5094521
42.64 3.5093087
42.65 3.5091892
42.66 3.5090458
42.67 3.5089024
42.68 3.5087829
42.69 3.5086395
42.7 3.50852
42.71 3.5083766
42.72 3.5082571
42.73 3.5081137
42.74 3.5079703
42.75 3.5078508
42.76 3.5077074
42.77 3.5075879
42.78 3.5074445
42.79 3.507325
42.8 3.5071816
42.81 3.5070621
42.82 3.5069187
42.83 3.5067753
42.84 3.5066558
42.85 3.5065124
42.86 3.5063929
42.87 3.5062495
42.88 3.50613
42.89 3.5059866
42.9 3.5058671
42.91 3.5057237
42.92 3.5055803
42.93 3.5054608
42.94 3.5053174
42.95 3.5051979
42.96 3.5050545
42.97 3.504935
42.98 3.5047916
42.99 3.5046721
43.0 3.5045287
43.01 3.5044092
43.02 3.5042658
43.03 3.5041224
43.04 3.5040029
43.05 3.5038595
43.06 3.50374
43.07 3.5035966
43.08 3.5034771
43.09 3.5033337
43.1 3.5032142
43.11 3.5030708
43.12 3.5029513
43.13 3.5028079
43.14 3.5026884
43.15 3.502545
43.16 3.5024255
43.17 3.5022821
43.18 3.5021626
43.19 3.5020192
43.2 3.5018758
43.21 3.5017563
43.22 3.5016129
43.23 3.5014934
43.24 3.50135
43.25 3.5012305
43.26 3.5010871
43.27 3.5009676
43.28 3.5008242
43.29 3.5007047
43.3 3.5005613
43.31 3.5004418
43.32 3.5002984
43.33 3.5001789
43.34 3.5000355
43.35 3.499916
43.36 3.4997726
43.37 3.4996531
43.38 3.4995097
43.39 3.4993902
43.4 3.4992468
43.41 3.4991273
43.42 3.4989839
43.43 3.4988644
43.44 3.498721
43.45 3.4986015
43.46 3.4984581
43.47 3.4983386
43.48 3.4981952
43.49 3.4980757
43.5 3.4979323
43.51 3.4978128
43.52 3.4976694
43.53 3.4975499
43.54 3.4974065
43.55 3.497287
43.56 3.4971436
43.57 3.4970241
43.58 3.4968807
43.59 3.4967612
43.6 3.4966178
43.61 3.4964983
43.62 3.4963549
43.63 3.4962354
43.64 3.496092
43.65 3.4959725
43.66 3.495853
43.67 3.4957096
43.68 3.4955901
43.69 3.4954467
43.7 3.4953272
43.71 3.4951838
43.72 3.4950643
43.73 3.4949209
43.74 3.4948014
43.75 3.494658
43.76 3.4945385
43.77 3.4943951
43.78 3.4942756
43.79 3.4941322
43.8 3.4940127
43.81 3.4938693
43.82 3.4937498
43.83 3.4936303
43.84 3.4934869
43.85 3.4933674
43.86 3.493224
43.87 3.4931045
43.88 3.4929611
43.89 3.4928416
43.9 3.4926982
43.91 3.4925787
43.92 3.4924353
43.93 3.4923158
43.94 3.4921963
43.95 3.4920529
43.96 3.4919334
43.97 3.49179
43.98 3.4916705
43.99 3.4915271
44.0 3.4914076
44.01 3.4912642
44.02 3.4911447
44.03 3.4910252
44.04 3.4908818
44.05 3.4907623
44.06 3.4906189
44.07 3.4904994
44.08 3.490356
44.09 3.4902365
44.1 3.490117
44.11 3.4899736
44.12 3.4898541
44.13 3.4897107
44.14 3.4895912
44.15 3.4894478
44.16 3.4893283
44.17 3.4892088
44.18 3.4890654
44.19 3.4889459
44.2 3.4888025
44.21 3.488683
44.22 3.4885396
44.23 3.4884201
44.24 3.4883006
44.25 3.4881572
44.26 3.4880377
44.27 3.4878943
44.28 3.4877748
44.29 3.4876553
44.3 3.4875119
44.31 3.4873924
44.32 3.487249
44.33 3.4871295
44.34 3.4869861
44.35 3.4868666
44.36 3.4867471
44.37 3.4866037
44.38 3.4864842
44.39 3.4863408
44.4 3.4862213
44.41 3.4861018
44.42 3.4859584
44.43 3.4858389
44.44 3.4856955
44.45 3.485576
44.46 3.4854565
44.47 3.4853131
44.48 3.4851936
44.49 3.4850502
44.5 3.4849307
44.51 3.4848112
44.52 3.4846678
44.53 3.4845483
44.54 3.4844288
44.55 3.4842854
44.56 3.4841659
44.57 3.4840225
44.58 3.483903
44.59 3.4837835
44.6 3.4836401
44.61 3.4835206
44.62 3.4833772
44.63 3.4832577
44.64 3.4831382
44.65 3.4829948
44.66 3.4828753
44.67 3.4827558
44.68 3.4826124
44.69 3.4824929
44.7 3.4823495
44.71 3.48223
44.72 3.4821105
44.73 3.4819671
44.74 3.4818476
44.75 3.4817281
44.76 3.4815847
44.77 3.4814652
44.78 3.4813457
44.79 3.4812023
44.8 3.4810828
44.81 3.4809394
44.82 3.4808199
44.83 3.4807004
44.84 3.480557
44.85 3.4804375
44.86 3.480318
44.87 3.4801746
44.88 3.4800551
44.89 3.4799356
44.9 3.4797922
44.91 3.4796727
44.92 3.4795532
44.93 3.4794098
44.94 3.4792903
44.95 3.4791708
44.96 3.4790274
44.97 3.4789079
44.98 3.4787884
44.99 3.478645
45.0 3.4785255
45.01 3.4783821
45.02 3.4782626
45.03 3.4781431
45.04 3.4779997
45.05 3.4778802
45.06 3.4777607
45.07 3.4776173
45.08 3.4774978
45.09 3.4773783
45.1 3.4772349
45.11 3.4771154
45.12 3.4769959
45.13 3.4768525
45.14 3.476733
45.15 3.4766135
45.16 3.476494
45.17 3.4763506
45.18 3.4762311
45.19 3.4761116
45.2 3.4759682
45.21 3.4758487
45.22 3.4757292
45.23 3.4755858
45.24 3.4754663
45.25 3.4753468
45.26 3.4752034
45.27 3.4750839
45.28 3.4749644
45.29 3.474821
45.3 3.4747015
45.31 3.474582
45.32 3.4744386
45.33 3.4743191
45.34 3.4741996
45.35 3.4740801
45.36 3.4739367
45.37 3.4738172
45.38 3.4736977
45.39 3.4735543
45.4 3.4734348
45.41 3.4733153
45.42 3.4731719
45.43 3.4730524
45.44 3.4729329
45.45 3.4728134
45.46 3.47267
45.47 3.4725505
45.48 3.472431
45.49 3.4722876
45.5 3.4721681
45.51 3.4720486
45.52 3.4719291
45.53 3.4717857
45.54 3.4716662
45.55 3.4715467
45.56 3.4714033
45.57 3.4712838
45.58 3.4711643
45.59 3.4710448
45.6 3.4709014
45.61 3.4707819
45.62 3.4706624
45.63 3.4705429
45.64 3.4703995
45.65 3.47028
45.66 3.4701605
45.67 3.4700171
45.68 3.4698976
45.69 3.4697781
45.7 3.4696586
45.71 3.4695152
45.72 3.4693957
45.73 3.4692762
45.74 3.4691567
45.75 3.4690133
45.76 3.4688938
45.77 3.4687743
45.78 3.4686548
45.79 3.4685114
45.8 3.4683919
45.81 3.4682724
45.82 3.468129
45.83 3.4680095
45.84 3.46789
45.85 3.4677705
45.86 3.4676271
45.87 3.4675076
45.88 3.4673881
45.89 3.4672686
45.9 3.4671491
45.91 3.4670057
45.92 3.4668862
45.93 3.4667667
45.94 3.4666472
45.95 3.4665038
45.96 3.4663843
45.97 3.4662648
45.98 3.4661453
45.99 3.4660019
46.0 3.4658824
46.01 3.4657629
46.02 3.4656434
46.03 3.4655
46.04 3.4653805
46.05 3.465261
46.06 3.4651415
46.07 3.4649981
46.08 3.4648786
46.09 3.4647591
46.1 3.4646396
46.11 3.4645201
46.12 3.4643767
46.13 3.4642572
46.14 3.4641377
46.15 3.4640182
46.16 3.4638748
46.17 3.4637553
46.18 3.4636358
46.19 3.4635163
46.2 3.4633968
46.21 3.4632534
46.22 3.4631339
46.23 3.4630144
46.24 3.4628949
46.25 3.4627754
46.26 3.462632
46.27 3.4625125
46.28 3.462393
46.29 3.4622735
46.3 3.462154
46.31 3.4620106
46.32 3.4618911
46.33 3.4617716
46.34 3.4616521
46.35 3.4615326
46.36 3.4613892
46.37 3.4612697
46.38 3.4611502
46.39 3.4610307
46.4 3.4609112
46.41 3.4607678
46.42 3.4606483
46.43 3.4605288
46.44 3.4604093
46.45 3.4602898
46.46 3.4601464
46.47 3.4600269
46.48 3.4599074
46.49 3.4597879
46.5 3.4596684
46.51 3.4595489
46.52 3.4594055
46.53 3.459286
46.54 3.4591665
46.55 3.459047
46.56 3.4589275
46.57 3.4587841
46.58 3.4586646
46.59 3.4585451
46.6 3.4584256
46.61 3.4583061
46.62 3.4581866
46.63 3.4580432
46.64 3.4579237
46.65 3.4578042
46.66 3.4576847
46.67 3.4575652
46.68 3.4574457
46.69 3.4573023
46.7 3.4571828
46.71 3.4570633
46.72 3.4569438
46.73 3.4568243
46.74 3.4567048
46.75 3.4565853
46.76 3.4564419
46.77 3.4563224
46.78 3.4562029
46.79 3.4560834
46.8 3.4559639
46.81 3.4558444
46.82 3.4557249
46.83 3.4555815
46.84 3.455462
46.85 3.4553425
46.86 3.455223
46.87 3.4551035
46.88 3.454984
46.89 3.4548645
46.9 3.4547211
46.91 3.4546016
46.92 3.4544821
46.93 3.4543626
46.94 3.4542431
46.95 3.4541236
46.96 3.4540041
46.97 3.4538607
46.98 3.4537412
46.99 3.4536217
47.0 3.4535022
47.01 3.4533827
47.02 3.4532632
47.03 3.4531437
47.04 3.4530242
47.05 3.4528808
47.06 3.4527613
47.07 3.4526418
47.08 3.4525223
47.09 3.4524028
47.1 3.4522833
47.11 3.4521638
47.12 3.4520443
47.13 3.4519009
47.14 3.4517814
47.15 3.4516619
47.16 3.4515424
47.17 3.4514229
47.18 3.4513034
47.19 3.4511839
47.2 3.4510644
47.21 3.4509449
47.22 3.4508254
47.23 3.450682
47.24 3.4505625
47.25 3.450443
47.26 3.4503235
47.27 3.450204
47.28 3.4500845
47.29 3.449965
47.3 3.4498455
47.31 3.449726
47.32 3.4496065
47.33 3.4494631
47.34 3.4493436
47.35 3.4492241
47.36 3.4491046
47.37 3.4489851
47.38 3.4488656
47.39 3.4487461
47.4 3.4486266
47.41 3.4485071
47.42 3.4483876
47.43 3.4482681
47.44 3.4481486
47.45 3.4480052
47.46 3.4478857
47.47 3.4477662
47.48 3.4476467
47.49 3.4475272
47.5 3.4474077
47.51 3.4472882
47.52 3.4471687
47.53 3.4470492
47.54 3.4469297
47.55 3.4468102
47.56 3.4466907
47.57 3.4465712
47.58 3.4464517
47.59 3.4463083
47.6 3.4461888
47.61 3.4460693
47.62 3.4459498
47.63 3.4458303
47.64 3.4457108
47.65 3.4455913
47.66 3.4454718
47.67 3.4453523
47.68 3.4452328
47.69 3.4451133
47.7 3.4449938
47.71 3.4448743
47.72 3.4447548
47.73 3.4446353
47.74 3.4445158
47.75 3.4443963
47.76 3.4442768
47.77 3.4441573
47.78 3.4440378
47.79 3.4438944
47.8 3.4437749
47.81 3.4436554
47.82 3.4435359
47.83 3.4434164
47.84 3.4432969
47.85 3.4431774
47.86 3.4430579
47.87 3.4429384
47.88 3.4428189
47.89 3.4426994
47.9 3.4425799
47.91 3.4424604
47.92 3.4423409
47.93 3.4422214
47.94 3.4421019
47.95 3.4419824
47.96 3.4418629
47.97 3.4417434
47.98 3.4416239
47.99 3.4415044
48.0 3.4413849
48.01 3.4412654
48.02 3.4411459
48.03 3.4410264
48.04 3.4409069
48.05 3.4407874
48.06 3.4406679
48.07 3.4405484
48.08 3.4404289
48.09 3.4403094
48.1 3.4401899
48.11 3.4400704
48.12 3.4399509
48.13 3.4398314
48.14 3.4397119
48.15 3.4395924
48.16 3.4394729
48.17 3.4393534
48.18 3.4392339
48.19 3.4391144
48.2 3.4389949
48.21 3.4388754
48.22 3.4387559
48.23 3.4386364
48.24 3.4385169
48.25 3.4383974
48.26 3.4382779
48.27 3.4381584
48.28 3.4380389
48.29 3.4379194
48.3 3.4377999
48.31 3.4376804
48.32 3.4375609
48.33 3.4374414
48.34 3.4373219
48.35 3.4372024
48.36 3.4370829
48.37 3.4369634
48.38 3.4368439
48.39 3.4367244
48.4 3.4366049
48.41 3.4364854
48.42 3.4363659
48.43 3.4362464
48.44 3.4361269
48.45 3.4360074
48.46 3.4358879
48.47 3.4357684
48.48 3.4356489
48.49 3.4355294
48.5 3.4354099
48.51 3.4353143
48.52 3.4351948
48.53 3.4350753
48.54 3.4349558
48.55 3.4348363
48.56 3.4347168
48.57 3.4345973
48.58 3.4344778
48.59 3.4343583
48.6 3.4342388
48.61 3.4341193
48.62 3.4339998
48.63 3.4338803
48.64 3.4337608
48.65 3.4336413
48.66 3.4335218
48.67 3.4334023
48.68 3.4332828
48.69 3.4331633
48.7 3.4330438
48.71 3.4329482
48.72 3.4328287
48.73 3.4327092
48.74 3.4325897
48.75 3.4324702
48.76 3.4323507
48.77 3.4322312
48.78 3.4321117
48.79 3.4319922
48.8 3.4318727
48.81 3.4317532
48.82 3.4316337
48.83 3.4315142
48.84 3.4313947
48.85 3.4312991
48.86 3.4311796
48.87 3.4310601
48.88 3.4309406
48.89 3.4308211
48.9 3.4307016
48.91 3.4305821
48.92 3.4304626
48.93 3.4303431
48.94 3.4302236
48.95 3.4301041
48.96 3.4299846
48.97 3.429889
48.98 3.4297695
48.99 3.42965
49.0 3.4295305
49.01 3.429411
49.02 3.4292915
49.03 3.429172
49.04 3.4290525
49.05 3.428933
49.06 3.4288135
49.07 3.4287179
49.08 3.4285984
49.09 3.4284789
49.1 3.4283594
49.11 3.4282399
49.12 3.4281204
49.13 3.4280009
49.14 3.4278814
49.15 3.4277619
49.16 3.4276663
49.17 3.4275468
49.18 3.4274273
49.19 3.4273078
49.2 3.4271883
49.21 3.4270688
49.22 3.4269493
49.23 3.4268298
49.24 3.4267103
49.25 3.4266147
49.26 3.4264952
49.27 3.4263757
49.28 3.4262562
49.29 3.4261367
49.3 3.4260172
49.31 3.4258977
49.32 3.4257782
49.33 3.4256826
49.34 3.4255631
49.35 3.4254436
49.36 3.4253241
49.37 3.4252046
49.38 3.4250851
49.39 3.4249656
49.4 3.42487
49.41 3.4247505
49.42 3.424631
49.43 3.4245115
49.44 3.424392
49.45 3.4242725
49.46 3.424153
49.47 3.4240574
49.48 3.4239379
49.49 3.4238184
49.5 3.4236989
49.51 3.4235794
49.52 3.4234599
49.53 3.4233404
49.54 3.4232448
49.55 3.4231253
49.56 3.4230058
49.57 3.4228863
49.58 3.4227668
49.59 3.4226473
49.6 3.4225517
49.61 3.4224322
49.62 3.4223127
49.63 3.4221932
49.64 3.4220737
49.65 3.4219542
49.66 3.4218586
49.67 3.4217391
49.68 3.4216196
49.69 3.4215001
49.7 3.4213806
49.71 3.4212611
49.72 3.4211655
49.73 3.421046
49.74 3.4209265
49.75 3.420807
49.76 3.4206875
49.77 3.4205919
49.78 3.4204724
49.79 3.4203529
49.8 3.4202334
49.81 3.4201139
49.82 3.4199944
49.83 3.4198988
49.84 3.4197793
49.85 3.4196598
49.86 3.4195403
49.87 3.4194208
49.88 3.4193252
49.89 3.4192057
49.9 3.4190862
49.91 3.4189667
49.92 3.4188472
49.93 3.4187516
49.94 3.4186321
49.95 3.4185126
49.96 3.4183931
49.97 3.4182736
49.98 3.418178
49.99 3.4180585
50.0 3.417939
50.01 3.4178195
50.02 3.4177
50.03 3.4176044
50.04 3.4174849
50.05 3.4173654
50.06 3.4172459
50.07 3.4171503
50.08 3.4170308
50.09 3.4169113
50.1 3.4167918
50.11 3.4166723
50.12 3.4165767
50.13 3.4164572
50.14 3.4163377
50.15 3.4162182
50.16 3.4161226
50.17 3.4160031
50.18 3.4158836
50.19 3.4157641
50.2 3.4156446
50.21 3.415549
50.22 3.4154295
50.23 3.41531
50.24 3.4151905
50.25 3.4150949
50.26 3.4149754
50.27 3.4148559
50.28 3.4147364
50.29 3.4146408
50.3 3.4145213
50.31 3.4144018
50.32 3.4142823
50.33 3.4141867
50.34 3.4140672
50.35 3.4139477
50.36 3.4138282
50.37 3.4137326
50.38 3.4136131
50.39 3.4134936
50.4 3.4133741
50.41 3.4132785
50.42 3.413159
50.43 3.4130395
50.44 3.41292
50.45 3.4128244
50.46 3.4127049
50.47 3.4125854
50.48 3.4124659
50.49 3.4123703
50.5 3.4122508
50.51 3.4121313
50.52 3.4120357
50.53 3.4119162
50.54 3.4117967
50.55 3.4116772
50.56 3.4115816
50.57 3.4114621
50.58 3.4113426
50.59 3.4112231
50.6 3.4111275
50.61 3.411008
50.62 3.4108885
50.63 3.4107929
50.64 3.4106734
50.65 3.4105539
50.66 3.4104344
50.67 3.4103388
50.68 3.4102193
50.69 3.4100998
50.7 3.4100042
50.71 3.4098847
50.72 3.4097652
50.73 3.4096457
50.74 3.4095501
50.75 3.4094306
50.76 3.4093111
50.77 3.4092155
50.78 3.409096
50.79 3.4089765
50.8 3.408857
50.81 3.4087614
50.82 3.4086419
50.83 3.4085224
50.84 3.4084268
50.85 3.4083073
50.86 3.4081878
50.87 3.4080922
50.88 3.4079727
50.89 3.4078532
50.9 3.4077576
50.91 3.4076381
50.92 3.4075186
50.93 3.407423
50.94 3.4073035
50.95 3.407184
50.96 3.4070645
50.97 3.4069689
50.98 3.4068494
50.99 3.4067299
51.0 3.4066343
51.01 3.4065148
51.02 3.4063953
51.03 3.4062997
51.04 3.4061802
51.05 3.4060607
51.06 3.4059651
51.07 3.4058456
51.08 3.4057261
51.09 3.4056305
51.1 3.405511
51.11 3.4053915
51.12 3.4052959
51.13 3.4051764
51.14 3.4050569
51.15 3.4049613
51.16 3.4048418
51.17 3.4047223
51.18 3.4046267
51.19 3.4045072
51.2 3.4043877
51.21 3.4042921
51.22 3.4041726
51.23 3.404077
51.24 3.4039575
51.25 3.403838
51.26 3.4037424
51.27 3.4036229
51.28 3.4035034
51.29 3.4034078
51.3 3.4032883
51.31 3.4031688
51.32 3.4030732
51.33 3.4029537
51.34 3.4028342
51.35 3.4027386
51.36 3.4026191
51.37 3.4025235
51.38 3.402404
51.39 3.4022845
51.4 3.4021889
51.41 3.4020694
51.42 3.4019499
51.43 3.4018543
51.44 3.4017348
51.45 3.4016392
51.46 3.4015197
51.47 3.4014002
51.48 3.4013046
51.49 3.4011851
51.5 3.4010656
51.51 3.40097
51.52 3.4008505
51.53 3.4007549
51.54 3.4006354
51.55 3.4005159
51.56 3.4004203
51.57 3.4003008
51.58 3.4002052
51.59 3.4000857
51.6 3.3999662
51.61 3.3998706
51.62 3.3997511
51.63 3.3996316
51.64 3.399536
51.65 3.3994165
51.66 3.3993209
51.67 3.3992014
51.68 3.3990819
51.69 3.3989863
51.7 3.3988668
51.71 3.3987712
51.72 3.3986517
51.73 3.3985561
51.74 3.3984366
51.75 3.3983171
51.76 3.3982215
51.77 3.398102
51.78 3.3980064
51.79 3.3978869
51.8 3.3977674
51.81 3.3976718
51.82 3.3975523
51.83 3.3974567
51.84 3.3973372
51.85 3.3972416
51.86 3.3971221
51.87 3.3970026
51.88 3.396907
51.89 3.3967875
51.9 3.3966919
51.91 3.3965724
51.92 3.3964768
51.93 3.3963573
51.94 3.3962378
51.95 3.3961422
51.96 3.3960227
51.97 3.3959271
51.98 3.3958076
51.99 3.395712
52.0 3.3955925
52.01 3.395473
52.02 3.3953774
52.03 3.3952579
52.04 3.3951623
52.05 3.3950428
52.06 3.3949472
52.07 3.3948277
52.08 3.3947321
52.09 3.3946126
52.1 3.3944931
52.11 3.3943975
52.12 3.394278
52.13 3.3941824
52.14 3.3940629
52.15 3.3939673
52.16 3.3938478
52.17 3.3937522
52.18 3.3936327
52.19 3.3935371
52.2 3.3934176
52.21 3.393322
52.22 3.3932025
52.23 3.393083
52.24 3.3929874
52.25 3.3928679
52.26 3.3927723
52.27 3.3926528
52.28 3.3925572
52.29 3.3924377
52.3 3.3923421
52.31 3.3922226
52.32 3.392127
52.33 3.3920075
52.34 3.3919119
52.35 3.3917924
52.36 3.3916968
52.37 3.3915773
52.38 3.3914817
52.39 3.3913622
52.4 3.3912666
52.41 3.3911471
52.42 3.3910515
52.43 3.390932
52.44 3.3908364
52.45 3.3907169
52.46 3.3906213
52.47 3.3905018
52.48 3.3904062
52.49 3.3902867
52.5 3.3901911
52.51 3.3900716
52.52 3.389976
52.53 3.3898565
52.54 3.3897609
52.55 3.3896414
52.56 3.3895458
52.57 3.3894263
52.58 3.3893307
52.59 3.3892112
52.6 3.3891156
52.61 3.3889961
52.62 3.3889005
52.63 3.388781
52.64 3.3886854
52.65 3.3885659
52.66 3.3884703
52.67 3.3883508
52.68 3.3882552
52.69 3.3881357
52.7 3.3880401
52.71 3.3879206
52.72 3.387825
52.73 3.3877055
52.74 3.3876099
52.75 3.3874904
52.76 3.3873948
52.77 3.3872753
52.78 3.3871797
52.79 3.3870602
52.8 3.3869646
52.81 3.386869
52.82 3.3867495
52.83 3.3866539
52.84 3.3865344
52.85 3.3864388
52.86 3.3863193
52.87 3.3862237
52.88 3.3861042
52.89 3.3860086
52.9 3.3858891
52.91 3.3857935
52.92 3.3856979
52.93 3.3855784
52.94 3.3854828
52.95 3.3853633
52.96 3.3852677
52.97 3.3851482
52.98 3.3850526
52.99 3.3849331
53.0 3.3848375
53.01 3.3847419
53.02 3.3846224
53.03 3.3845268
53.04 3.3844073
53.05 3.3843117
53.06 3.3841922
53.07 3.3840966
53.08 3.3839771
53.09 3.3838815
53.1 3.3837859
53.11 3.3836664
53.12 3.3835708
53.13 3.3834513
53.14 3.3833557
53.15 3.3832362
53.16 3.3831406
53.17 3.383045
53.18 3.3829255
53.19 3.3828299
53.2 3.3827104
53.21 3.3826148
53.22 3.3825192
53.23 3.3823997
53.24 3.3823041
53.25 3.3821846
53.26 3.382089
53.27 3.3819695
53.28 3.3818739
53.29 3.3817783
53.3 3.3816588
53.31 3.3815632
53.32 3.3814437
53.33 3.3813481
53.34 3.3812525
53.35 3.381133
53.36 3.3810374
53.37 3.3809179
53.38 3.3808223
53.39 3.3807267
53.4 3.3806072
53.41 3.3805116
53.42 3.3803921
53.43 3.3802965
53.44 3.3802009
53.45 3.3800814
53.46 3.3799858
53.47 3.3798663
53.48 3.3797707
53.49 3.3796751
53.5 3.3795556
53.51 3.37946
53.52 3.3793644
53.53 3.3792449
53.54 3.3791493
53.55 3.3790298
53.56 3.3789342
53.57 3.3788386
53.58 3.3787191
53.59 3.3786235
53.6 3.3785279
53.61 3.3784084
53.62 3.3783128
53.63 3.3781933
53.64 3.3780977
53.65 3.3780021
53.66 3.3778826
53.67 3.377787
53.68 3.3776914
53.69 3.3775719
53.7 3.3774763
53.71 3.3773807
53.72 3.3772612
53.73 3.3771656
53.74 3.3770461
53.75 3.3769505
53.76 3.3768549
53.77 3.3767354
53.78 3.3766398
53.79 3.3765442
53.8 3.3764247
53.81 3.3763291
53.82 3.3762335
53.83 3.376114
53.84 3.3760184
53.85 3.3759228
53.86 3.3758033
53.87 3.3757077
53.88 3.3756121
53.89 3.3754926
53.9 3.375397
53.91 3.3753014
53.92 3.3751819
53.93 3.3750863
53.94 3.3749907
53.95 3.3748712
53.96 3.3747756
53.97 3.37468
53.98 3.3745605
53.99 3.3744649
54.0 3.3743693
54.01 3.3742498
54.02 3.3741542
54.03 3.3740586
54.04 3.3739391
54.05 3.3738435
54.06 3.3737479
54.07 3.3736284
54.08 3.3735328
54.09 3.3734372
54.1 3.3733177
54.11 3.3732221
54.12 3.3731265
54.13 3.3730309
54.14 3.3729114
54.15 3.3728158
54.16 3.3727202
54.17 3.3726007
54.18 3.3725051
54.19 3.3724095
54.2 3.37229
54.21 3.3721944
54.22 3.3720988
54.23 3.3720032
54.24 3.3718837
54.25 3.3717881
54.26 3.3716925
54.27 3.371573
54.28 3.3714774
54.29 3.3713818
54.3 3.3712623
54.31 3.3711667
54.32 3.3710711
54.33 3.3709755
54.34 3.370856
54.35 3.3707604
54.36 3.3706648
54.37 3.3705692
54.38 3.3704497
54.39 3.3703541
54.4 3.3702585
54.41 3.370139
54.42 3.3700434
54.43 3.3699478
54.44 3.3698522
54.45 3.3697327
54.46 3.3696371
54.47 3.3695415
54.48 3.369422
54.49 3.3693264
54.5 3.3692308
54.51 3.3691352
54.52 3.3690157
54.53 3.3689201
54.54 3.3688245
54.55 3.3687289
54.56 3.3686094
54.57 3.3685138
54.58 3.3684182
54.59 3.3683226
54.6 3.3682031
54.61 3.3681075
54.62 3.3680119
54.63 3.3679163
54.64 3.3677968
54.65 3.3677012
54.66 3.3676056
54.67 3.36751
54.68 3.3673905
54.69 3.3672949
54.7 3.3671993
54.71 3.3671037
54.72 3.3669842
54.73 3.3668886
54.74 3.366793
54.75 3.3666974
54.76 3.3665779
54.77 3.3664823
54.78 3.3663867
54.79 3.3662911
54.8 3.3661955
54.81 3.366076
54.82 3.3659804
54.83 3.3658848
54.84 3.3657892
54.85 3.3656697
54.86 3.3655741
54.87 3.3654785
54.88 3.3653829
54.89 3.3652873
54.9 3.3651678
54.91 3.3650722
54.92 3.3649766
54.93 3.364881
54.94 3.3647615
54.95 3.3646659
54.96 3.3645703
54.97 3.3644747
54.98 3.3643791
54.99 3.3642596
55.0 3.364164
55.01 3.3640684
55.02 3.3639728
55.03 3.3638772
55.04 3.3637577
55.05 3.3636621
55.06 3.3635665
55.07 3.3634709
55.08 3.3633753
55.09 3.3632558
55.1 3.3631602
55.11 3.3630646
55.12 3.362969
55.13 3.3628734
55.14 3.3627539
55.15 3.3626583
55.16 3.3625627
55.17 3.3624671
55.18 3.3623715
55.19 3.3622759
55.2 3.3621564
55.21 3.3620608
55.22 3.3619652
55.23 3.3618696
55.24 3.361774
55.25 3.3616545
55.26 3.3615589
55.27 3.3614633
55.28 3.3613677
55.29 3.3612721
55.3 3.3611765
55.31 3.361057
55.32 3.3609614
55.33 3.3608658
55.34 3.3607702
55.35 3.3606746
55.36 3.360579
55.37 3.3604595
55.38 3.3603639
55.39 3.3602683
55.4 3.3601727
55.41 3.3600771
55.42 3.3599815
55.43 3.3598859
55.44 3.3597664
55.45 3.3596708
55.46 3.3595752
55.47 3.3594796
55.48 3.359384
55.49 3.3592884
55.5 3.3591689
55.51 3.3590733
55.52 3.3589777
55.53 3.3588821
55.54 3.3587865
55.55 3.3586909
55.56 3.3585953
55.57 3.3584758
55.58 3.3583802
55.59 3.3582846
55.6 3.358189
55.61 3.3580934
55.62 3.3579978
55.63 3.3579022
55.64 3.3578066
55.65 3.3576871
55.66 3.3575915
55.67 3.3574959
55.68 3.3574003
55.69 3.3573047
55.7 3.3572091
55.71 3.3571135
55.72 3.3570179
55.73 3.3568984
55.74 3.3568028
55.75 3.3567072
55.76 3.3566116
55.77 3.356516
55.78 3.3564204
55.79 3.3563248
55.8 3.3562292
55.81 3.3561336
55.82 3.3560141
55.83 3.3559185
55.84 3.3558229
55.85 3.3557273
55.86 3.3556317
55.87 3.3555361
55.88 3.3554405
55.89 3.3553449
55.9 3.3552493
55.91 3.3551537
55.92 3.3550342
55.93 3.3549386
55.94 3.354843
55.95 3.3547474
55.96 3.3546518
55.97 3.3545562
55.98 3.3544606
55.99 3.354365
56.0 3.3542694
56.01 3.3541738
56.02 3.3540782
56.03 3.3539587
56.04 3.3538631
56.05 3.3537675
56.06 3.3536719
56.07 3.3535763
56.08 3.3534807
56.09 3.3533851
56.1 3.3532895
56.11 3.3531939
56.12 3.3530983
56.13 3.3530027
56.14 3.3529071
56.15 3.3528115
56.16 3.3527159
56.17 3.3525964
56.18 3.3525008
56.19 3.3524052
56.2 3.3523096
56.21 3.352214
56.22 3.3521184
56.23 3.3520228
56.24 3.3519272
56.25 3.3518316
56.26 3.351736
56.27 3.3516404
56.28 3.3515448
56.29 3.3514492
56.3 3.3513536
56.31 3.351258
56.32 3.3511624
56.33 3.3510668
56.34 3.3509712
56.35 3.3508517
56.36 3.3507561
56.37 3.3506605
56.38 3.3505649
56.39 3.3504693
56.4 3.3503737
56.41 3.3502781
56.42 3.3501825
56.43 3.3500869
56.44 3.3499913
56.45 3.3498957
56.46 3.3498001
56.47 3.3497045
56.48 3.3496089
56.49 3.3495133
56.5 3.3494177
56.51 3.3493221
56.52 3.3492265
56.53 3.3491309
56.54 3.3490353
56.55 3.3489397
56.56 3.3488441
56.57 3.3487485
56.58 3.3486529
56.59 3.3485573
56.6 3.3484617
56.61 3.3483661
56.62 3.3482705
56.63 3.3481749
56.64 3.3480793
56.65 3.3479837
56.66 3.3478881
56.67 3.3477925
56.68 3.3476969
56.69 3.3476013
56.7 3.3475057
56.71 3.3474101
56.72 3.3473145
56.73 3.3472189
56.74 3.3471233
56.75 3.3470277
56.76 3.3469321
56.77 3.3468365
56.78 3.3467409
56.79 3.3466453
56.8 3.3465497
56.81 3.3464541
56.82 3.3463585
56.83 3.3462629
56.84 3.3461673
56.85 3.3460717
56.86 3.3459761
56.87 3.3458805
56.88 3.3457849
56.89 3.3456893
56.9 3.3455937
56.91 3.3454981
56.92 3.3454025
56.93 3.3453069
56.94 3.3452113
56.95 3.3451157
56.96 3.3450201
56.97 3.3449245
56.98 3.3448289
56.99 3.3447333
57.0 3.3446377
57.01 3.3445421
57.02 3.3444465
57.03 3.3443509
57.04 3.3442553
57.05 3.3441597
57.06 3.3440641
57.07 3.3439685
57.08 3.3438729
57.09 3.3438012
57.1 3.3437056
57.11 3.34361
57.12 3.3435144
57.13 3.3434188
57.14 3.3433232
57.15 3.3432276
57.16 3.343132
57.17 3.3430364
57.18 3.3429408
57.19 3.3428452
57.2 3.3427496
57.21 3.342654
57.22 3.3425584
57.23 3.3424628
57.24 3.3423672
57.25 3.3422716
57.26 3.342176
57.27 3.3421043
57.28 3.3420087
57.29 3.3419131
57.3 3.3418175
57.31 3.3417219
57.32 3.3416263
57.33 3.3415307
57.34 3.3414351
57.35 3.3413395
57.36 3.3412439
57.37 3.3411483
57.38 3.3410527
57.39 3.3409571
57.4 3.3408615
57.41 3.3407898
57.42 3.3406942
57.43 3.3405986
57.44 3.340503
57.45 3.3404074
57.46 3.3403118
57.47 3.3402162
57.48 3.3401206
57.49 3.340025
57.5 3.3399294
57.51 3.3398338
57.52 3.3397621
57.53 3.3396665
57.54 3.3395709
57.55 3.3394753
57.56 3.3393797
57.57 3.3392841
57.58 3.3391885
57.59 3.3390929
57.6 3.3389973
57.61 3.3389017
57.62 3.33883
57.63 3.3387344
57.64 3.3386388
57.65 3.3385432
57.66 3.3384476
57.67 3.338352
57.68 3.3382564
57.69 3.3381608
57.7 3.3380652
57.71 3.3379935
57.72 3.3378979
57.73 3.3378023
57.74 3.3377067
57.75 3.3376111
57.76 3.3375155
57.77 3.3374199
57.78 3.3373243
57.79 3.3372526
57.8 3.337157
57.81 3.3370614
57.82 3.3369658
57.83 3.3368702
57.84 3.3367746
57.85 3.336679
57.86 3.3366073
57.87 3.3365117
57.88 3.3364161
57.89 3.3363205
57.9 3.3362249
57.91 3.3361293
57.92 3.3360337
57.93 3.335962
57.94 3.3358664
57.95 3.3357708
57.96 3.3356752
57.97 3.3355796
57.98 3.335484
57.99 3.3353884
58.0 3.3353167
58.01 3.3352211
58.02 3.3351255
58.03 3.3350299
58.04 3.3349343
58.05 3.3348387
58.06 3.334767
58.07 3.3346714
58.08 3.3345758
58.09 3.3344802
58.1 3.3343846
58.11 3.334289
58.12 3.3342173
58.13 3.3341217
58.14 3.3340261
58.15 3.3339305
58.16 3.3338349
58.17 3.3337393
58.18 3.3336676
58.19 3.333572
58.2 3.3334764
58.21 3.3333808
58.22 3.3332852
58.23 3.3331896
58.24 3.3331179
58.25 3.3330223
58.26 3.3329267
58.27 3.3328311
58.28 3.3327355
58.29 3.3326638
58.3 3.3325682
58.31 3.3324726
58.32 3.332377
58.33 3.3322814
58.34 3.3322097
58.35 3.3321141
58.36 3.3320185
58.37 3.3319229
58.38 3.3318273
58.39 3.3317556
58.4 3.33166
58.41 3.3315644
58.42 3.3314688
58.43 3.3313732
58.44 3.3313015
58.45 3.3312059
58.46 3.3311103
58.47 3.3310147
58.48 3.3309191
58.49 3.3308474
58.5 3.3307518
58.51 3.3306562
58.52 3.3305606
58.53 3.330465
58.54 3.3303933
58.55 3.3302977
58.56 3.3302021
58.57 3.3301065
58.58 3.3300348
58.59 3.3299392
58.6 3.3298436
58.61 3.329748
58.62 3.3296524
58.63 3.3295807
58.64 3.3294851
58.65 3.3293895
58.66 3.3292939
58.67 3.3292222
58.68 3.3291266
58.69 3.329031
58.7 3.3289354
58.71 3.3288637
58.72 3.3287681
58.73 3.3286725
58.74 3.3285769
58.75 3.3285052
58.76 3.3284096
58.77 3.328314
58.78 3.3282184
58.79 3.3281467
58.8 3.3280511
58.81 3.3279555
58.82 3.3278599
58.83 3.3277882
58.84 3.3276926
58.85 3.327597
58.86 3.3275014
58.87 3.3274297
58.88 3.3273341
58.89 3.3272385
58.9 3.3271429
58.91 3.3270712
58.92 3.3269756
58.93 3.32688
58.94 3.3267844
58.95 3.3267127
58.96 3.3266171
58.97 3.3265215
58.98 3.3264259
58.99 3.3263542
59.0 3.3262586
59.01 3.326163
59.02 3.3260913
59.03 3.3259957
59.04 3.3259001
59.05 3.3258045
59.06 3.3257328
59.07 3.3256372
59.08 3.3255416
59.09 3.3254699
59.1 3.3253743
59.11 3.3252787
59.12 3.3251831
59.13 3.3251114
59.14 3.3250158
59.15 3.3249202
59.16 3.3248485
59.17 3.3247529
59.18 3.3246573
59.19 3.3245617
59.2 3.32449
59.21 3.3243944
59.22 3.3242988
59.23 3.3242271
59.24 3.3241315
59.25 3.3240359
59.26 3.3239642
59.27 3.3238686
59.28 3.323773
59.29 3.3236774
59.3 3.3236057
59.31 3.3235101
59.32 3.3234145
59.33 3.3233428
59.34 3.3232472
59.35 3.3231516
59.36 3.3230799
59.37 3.3229843
59.38 3.3228887
59.39 3.322817
59.4 3.3227214
59.41 3.3226258
59.42 3.3225541
59.43 3.3224585
59.44 3.3223629
59.45 3.3222912
59.46 3.3221956
59.47 3.3221
59.48 3.3220283
59.49 3.3219327
59.5 3.3218371
59.51 3.3217654
59.52 3.3216698
59.53 3.3215742
59.54 3.3215025
59.55 3.3214069
59.56 3.3213113
59.57 3.3212396
59.58 3.321144
59.59 3.3210484
59.6 3.3209767
59.61 3.3208811
59.62 3.3207855
59.63 3.3207138
59.64 3.3206182
59.65 3.3205226
59.66 3.3204509
59.67 3.3203553
59.68 3.3202597
59.69 3.320188
59.7 3.3200924
59.71 3.3200207
59.72 3.3199251
59.73 3.3198295
59.74 3.3197578
59.75 3.3196622
59.76 3.3195666
59.77 3.3194949
59.78 3.3193993
59.79 3.3193037
59.8 3.319232
59.81 3.3191364
59.82 3.3190647
59.83 3.3189691
59.84 3.3188735
59.85 3.3188018
59.86 3.3187062
59.87 3.3186106
59.88 3.3185389
59.89 3.3184433
59.9 3.3183716
59.91 3.318276
59.92 3.3181804
59.93 3.3181087
59.94 3.3180131
59.95 3.3179414
59.96 3.3178458
59.97 3.3177502
59.98 3.3176785
59.99 3.3175829
60.0 3.3174873
60.01 3.3174156
60.02 3.31732
60.03 3.3172483
60.04 3.3171527
60.05 3.3170571
60.06 3.3169854
60.07 3.3168898
60.08 3.3168181
60.09 3.3167225
60.1 3.3166269
60.11 3.3165552
60.12 3.3164596
60.13 3.3163879
60.14 3.3162923
60.15 3.3162206
60.16 3.316125
60.17 3.3160294
60.18 3.3159577
60.19 3.3158621
60.2 3.3157904
60.21 3.3156948
60.22 3.3155992
60.23 3.3155275
60.24 3.3154319
60.25 3.3153602
60.26 3.3152646
60.27 3.3151929
60.28 3.3150973
60.29 3.3150017
60.3 3.31493
60.31 3.3148344
60.32 3.3147627
60.33 3.3146671
60.34 3.3145954
60.35 3.3144998
60.36 3.3144042
60.37 3.3143325
60.38 3.3142369
60.39 3.3141652
60.4 3.3140696
60.41 3.3139979
60.42 3.3139023
60.43 3.3138306
60.44 3.313735
60.45 3.3136394
60.46 3.3135677
60.47 3.3134721
60.48 3.3134004
60.49 3.3133048
60.5 3.3132331
60.51 3.3131375
60.52 3.3130658
60.53 3.3129702
60.54 3.3128985
60.55 3.3128029
60.56 3.3127073
60.57 3.3126356
60.58 3.31254
60.59 3.3124683
60.6 3.3123727
60.61 3.312301
60.62 3.3122054
60.63 3.3121337
60.64 3.3120381
60.65 3.3119664
60.66 3.3118708
60.67 3.3117991
60.68 3.3117035
60.69 3.3116318
60.7 3.3115362
60.71 3.3114645
60.72 3.3113689
60.73 3.3112972
60.74 3.3112016
60.75 3.311106
60.76 3.3110343
60.77 3.3109387
60.78 3.310867
60.79 3.3107714
60.8 3.3106997
60.81 3.3106041
60.82 3.3105324
60.83 3.3104368
60.84 3.3103651
60.85 3.3102695
60.86 3.3101978
60.87 3.3101022
60.88 3.3100305
60.89 3.3099349
60.9 3.3098632
60.91 3.3097676
60.92 3.3096959
60.93 3.3096003
60.94 3.3095286
60.95 3.309433
60.96 3.3093613
60.97 3.3092657
60.98 3.309194
60.99 3.3090984
61.0 3.3090267
61.01 3.3089311
61.02 3.3088594
61.03 3.3087877
61.04 3.3086921
61.05 3.3086204
61.06 3.3085248
61.07 3.3084531
61.08 3.3083575
61.09 3.3082858
61.1 3.3081902
61.11 3.3081185
61.12 3.3080229
61.13 3.3079512
61.14 3.3078556
61.15 3.3077839
61.16 3.3076883
61.17 3.3076166
61.18 3.307521
61.19 3.3074493
61.2 3.3073776
61.21 3.307282
61.22 3.3072103
61.23 3.3071147
61.24 3.307043
61.25 3.3069474
61.26 3.3068757
61.27 3.3067801
61.28 3.3067084
61.29 3.3066128
61.3 3.3065411
61.31 3.3064694
61.32 3.3063738
61.33 3.3063021
61.34 3.3062065
61.35 3.3061348
61.36 3.3060392
61.37 3.3059675
61.38 3.3058719
61.39 3.3058002
61.4 3.3057285
61.41 3.3056329
61.42 3.3055612
61.43 3.3054656
61.44 3.3053939
61.45 3.3052983
61.46 3.3052266
61.47 3.3051549
61.48 3.3050593
61.49 3.3049876
61.5 3.304892
61.51 3.3048203
61.52 3.3047247
61.53 3.304653
61.54 3.3045813
61.55 3.3044857
61.56 3.304414
61.57 3.3043184
61.58 3.3042467
61.59 3.3041511
61.6 3.3040794
61.61 3.3040077
61.62 3.3039121
61.63 3.3038404
61.64 3.3037448
61.65 3.3036731
61.66 3.3036014
61.67 3.3035058
61.68 3.3034341
61.69 3.3033385
61.7 3.3032668
61.71 3.3031951
61.72 3.3030995
61.73 3.3030278
61.74 3.3029322
61.75 3.3028605
61.76 3.3027888
61.77 3.3026932
61.78 3.3026215
61.79 3.3025259
61.8 3.3024542
61.81 3.3023825
61.82 3.3022869
61.83 3.3022152
61.84 3.3021435
61.85 3.3020479
61.86 3.3019762
61.87 3.3018806
61.88 3.3018089
61.89 3.3017372
61.9 3.3016416
61.91 3.3015699
61.92 3.3014743
61.93 3.3014026
61.94 3.3013309
61.95 3.3012353
61.96 3.3011636
61.97 3.3010919
61.98 3.3009963
61.99 3.3009246
62.0 3.3008529
62.01 3.3007573
62.02 3.3006856
62.03 3.30059
62.04 3.3005183
62.05 3.3004466
62.06 3.300351
62.07 3.3002793
62.08 3.3002076
62.09 3.300112
62.1 3.3000403
62.11 3.2999686
62.12 3.299873
62.13 3.2998013
62.14 3.2997296
62.15 3.299634
62.16 3.2995623
62.17 3.2994667
62.18 3.299395
62.19 3.2993233
62.2 3.2992277
62.21 3.299156
62.22 3.2990843
62.23 3.2989887
62.24 3.298917
62.25 3.2988453
62.26 3.2987497
62.27 3.298678
62.28 3.2986063
62.29 3.2985107
62.3 3.298439
62.31 3.2983673
62.32 3.2982717
62.33 3.2982
62.34 3.2981283
62.35 3.2980566
62.36 3.297961
62.37 3.2978893
62.38 3.2978176
62.39 3.297722
62.4 3.2976503
62.41 3.2975786
62.42 3.297483
62.43 3.2974113
62.44 3.2973396
62.45 3.297244
62.46 3.2971723
62.47 3.2971006
62.48 3.297005
62.49 3.2969333
62.5 3.2968616
62.51 3.296766
62.52 3.2966943
62.53 3.2966226
62.54 3.2965509
62.55 3.2964553
62.56 3.2963836
62.57 3.2963119
62.58 3.2962163
62.59 3.2961446
62.6 3.2960729
62.61 3.2960012
62.62 3.2959056
62.63 3.2958339
62.64 3.2957622
62.65 3.2956666
62.66 3.2955949
62.67 3.2955232
62.68 3.2954515
62.69 3.2953559
62.7 3.2952842
62.71 3.2952125
62.72 3.2951169
62.73 3.2950452
62.74 3.2949735
62.75 3.2949018
62.76 3.2948062
62.77 3.2947345
62.78 3.2946628
62.79 3.2945672
62.8 3.2944955
62.81 3.2944238
62.82 3.2943521
62.83 3.2942565
62.84 3.2941848
62.85 3.2941131
62.86 3.2940414
62.87 3.2939458
62.88 3.2938741
62.89 3.2938024
62.9 3.2937307
62.91 3.2936351
62.92 3.2935634
62.93 3.2934917
62.94 3.29342
62.95 3.2933244
62.96 3.2932527
62.97 3.293181
62.98 3.2931093
62.99 3.2930137
63.0 3.292942
63.01 3.2928703
63.02 3.2927986
63.03 3.292703
63.04 3.2926313
63.05 3.2925596
63.06 3.2924879
63.07 3.2923923
63.08 3.2923206
63.09 3.2922489
63.1 3.2921772
63.11 3.2920816
63.12 3.2920099
63.13 3.2919382
63.14 3.2918665
63.15 3.2917948
63.16 3.2916992
63.17 3.2916275
63.18 3.2915558
63.19 3.2914841
63.2 3.2913885
63.21 3.2913168
63.22 3.2912451
63.23 3.2911734
63.24 3.2911017
63.25 3.2910061
63.26 3.2909344
63.27 3.2908627
63.28 3.290791
63.29 3.2907193
63.3 3.2906237
63.31 3.290552
63.32 3.2904803
63.33 3.2904086
63.34 3.290313
63.35 3.2902413
63.36 3.2901696
63.37 3.2900979
63.38 3.2900262
63.39 3.2899306
63.4 3.2898589
63.41 3.2897872
63.42 3.2897155
63.43 3.2896438
63.44 3.2895721
63.45 3.2894765
63.46 3.2894048
63.47 3.2893331
63.48 3.2892614
63.49 3.2891897
63.5 3.2890941
63.51 3.2890224
63.52 3.2889507
63.53 3.288879
63.54 3.2888073
63.55 3.2887117
63.56 3.28864
63.57 3.2885683
63.58 3.2884966
63.59 3.2884249
63.6 3.2883532
63.61 3.2882576
63.62 3.2881859
63.63 3.2881142
63.64 3.2880425
63.65 3.2879708
63.66 3.2878991
63.67 3.2878035
63.68 3.2877318
63.69 3.2876601
63.7 3.2875884
63.71 3.2875167
63.72 3.287445
63.73 3.2873494
63.74 3.2872777
63.75 3.287206
63.76 3.2871343
63.77 3.2870626
63.78 3.2869909
63.79 3.2869192
63.8 3.2868236
63.81 3.2867519
63.82 3.2866802
63.83 3.2866085
63.84 3.2865368
63.85 3.2864651
63.86 3.2863934
63.87 3.2862978
63.88 3.2862261
63.89 3.2861544
63.9 3.2860827
63.91 3.286011
63.92 3.2859393
63.93 3.2858676
63.94 3.285772
63.95 3.2857003
63.96 3.2856286
63.97 3.2855569
63.98 3.2854852
63.99 3.2854135
64.0 3.2853418
64.01 3.2852701
64.02 3.2851745
64.03 3.2851028
64.04 3.2850311
64.05 3.2849594
64.06 3.2848877
64.07 3.284816
64.08 3.2847443
64.09 3.2846726
64.1 3.2846009
64.11 3.2845053
64.12 3.2844336
64.13 3.2843619
64.14 3.2842902
64.15 3.2842185
64.16 3.2841468
64.17 3.2840751
64.18 3.2840034
64.19 3.2839317
64.2 3.2838361
64.21 3.2837644
64.22 3.2836927
64.23 3.283621
64.24 3.2835493
64.25 3.2834776
64.26 3.2834059
64.27 3.2833342
64.28 3.2832625
64.29 3.2831908
64.3 3.2831191
64.31 3.2830235
64.32 3.2829518
64.33 3.2828801
64.34 3.2828084
64.35 3.2827367
64.36 3.282665
64.37 3.2825933
64.38 3.2825216
64.39 3.2824499
64.4 3.2823782
64.41 3.2823065
64.42 3.2822348
64.43 3.2821631
64.44 3.2820675
64.45 3.2819958
64.46 3.2819241
64.47 3.2818524
64.48 3.2817807
64.49 3.281709
64.5 3.2816373
64.51 3.2815656
64.52 3.2814939
64.53 3.2814222
64.54 3.2813505
64.55 3.2812788
64.56 3.2812071
64.57 3.2811354
64.58 3.2810637
64.59 3.280992
64.6 3.2808964
64.61 3.2808247
64.62 3.280753
64.63 3.2806813
64.64 3.2806096
64.65 3.2805379
64.66 3.2804662
64.67 3.2803945
64.68 3.2803228
64.69 3.2802511
64.7 3.2801794
64.71 3.2801077
64.72 3.280036
64.73 3.2799643
64.74 3.2798926
64.75 3.2798209
64.76 3.2797492
64.77 3.2796775
64.78 3.2796058
64.79 3.2795341
64.8 3.2794624
64.81 3.2793907
64.82 3.279319
64.83 3.2792473
64.84 3.2791756
64.85 3.2791039
64.86 3.2790322
64.87 3.2789605
64.88 3.2788649
64.89 3.2787932
64.9 3.2787215
64.91 3.2786498
64.92 3.2785781
64.93 3.2785064
64.94 3.2784347
64.95 3.278363
64.96 3.2782913
64.97 3.2782196
64.98 3.2781479
64.99 3.2780762
65.0 3.2780045
65.01 3.2779328
65.02 3.2778611
65.03 3.2777894
65.04 3.2777177
65.05 3.277646
65.06 3.2775743
65.07 3.2775026
65.08 3.2774309
65.09 3.2773592
65.1 3.2772875
65.11 3.2772158
65.12 3.2771441
65.13 3.2770724
65.14 3.2770007
65.15 3.276929
65.16 3.2768573
65.17 3.2767856
65.18 3.2767139
65.19 3.2766661
65.2 3.2765944
65.21 3.2765227
65.22 3.276451
65.23 3.2763793
65.24 3.2763076
65.25 3.2762359
65.26 3.2761642
65.27 3.2760925
65.28 3.2760208
65.29 3.2759491
65.3 3.2758774
65.31 3.2758057
65.32 3.275734
65.33 3.2756623
65.34 3.2755906
65.35 3.2755189
65.36 3.2754472
65.37 3.2753755
65.38 3.2753038
65.39 3.2752321
65.4 3.2751604
65.41 3.2750887
65.42 3.275017
65.43 3.2749453
65.44 3.2748736
65.45 3.2748019
65.46 3.2747302
65.47 3.2746824
65.48 3.2746107
65.49 3.274539
65.5 3.2744673
65.51 3.2743956
65.52 3.2743239
65.53 3.2742522
65.54 3.2741805
65.55 3.2741088
65.56 3.2740371
65.57 3.2739654
65.58 3.2738937
65.59 3.273822
65.6 3.2737503
65.61 3.2736786
65.62 3.2736069
65.63 3.2735591
65.64 3.2734874
65.65 3.2734157
65.66 3.273344
65.67 3.2732723
65.68 3.2732006
65.69 3.2731289
65.7 3.2730572
65.71 3.2729855
65.72 3.2729138
65.73 3.2728421
65.74 3.2727704
65.75 3.2726987
65.76 3.2726509
65.77 3.2725792
65.78 3.2725075
65.79 3.2724358
65.8 3.2723641
65.81 3.2722924
65.82 3.2722207
65.83 3.272149
65.84 3.2720773
65.85 3.2720056
65.86 3.2719578
65.87 3.2718861
65.88 3.2718144
65.89 3.2717427
65.9 3.271671
65.91 3.2715993
65.92 3.2715276
65.93 3.2714559
65.94 3.2713842
65.95 3.2713125
65.96 3.2712647
65.97 3.271193
65.98 3.2711213
65.99 3.2710496
66.0 3.2709779
66.01 3.2709062
66.02 3.2708345
66.03 3.2707628
66.04 3.270715
66.05 3.2706433
66.06 3.2705716
66.07 3.2704999
66.08 3.2704282
66.09 3.2703565
66.1 3.2702848
66.11 3.2702131
66.12 3.2701653
66.13 3.2700936
66.14 3.2700219
66.15 3.2699502
66.16 3.2698785
66.17 3.2698068
66.18 3.2697351
66.19 3.2696634
66.2 3.2696156
66.21 3.2695439
66.22 3.2694722
66.23 3.2694005
66.24 3.2693288
66.25 3.2692571
66.26 3.2691854
66.27 3.2691376
66.28 3.2690659
66.29 3.2689942
66.3 3.2689225
66.31 3.2688508
66.32 3.2687791
66.33 3.2687313
66.34 3.2686596
66.35 3.2685879
66.36 3.2685162
66.37 3.2684445
66.38 3.2683728
66.39 3.268325
66.4 3.2682533
66.41 3.2681816
66.42 3.2681099
66.43 3.2680382
66.44 3.2679665
66.45 3.2679187
66.46 3.267847
66.47 3.2677753
66.48 3.2677036
66.49 3.2676319
66.5 3.2675602
66.51 3.2675124
66.52 3.2674407
66.53 3.267369
66.54 3.2672973
66.55 3.2672256
66.56 3.2671539
66.57 3.2671061
66.58 3.2670344
66.59 3.2669627
66.6 3.266891
66.61 3.2668193
66.62 3.2667715
66.63 3.2666998
66.64 3.2666281
66.65 3.2665564
66.66 3.2664847
66.67 3.2664369
66.68 3.2663652
66.69 3.2662935
66.7 3.2662218
66.71 3.2661501
66.72 3.2661023
66.73 3.2660306
66.74 3.2659589
66.75 3.2658872
66.76 3.2658155
66.77 3.2657677
66.78 3.265696
66.79 3.2656243
66.8 3.2655526
66.81 3.2654809
66.82 3.2654331
66.83 3.2653614
66.84 3.2652897
66.85 3.265218
66.86 3.2651702
66.87 3.2650985
66.88 3.2650268
66.89 3.2649551
66.9 3.2648834
66.91 3.2648356
66.92 3.2647639
66.93 3.2646922
66.94 3.2646205
66.95 3.2645727
66.96 3.264501
66.97 3.2644293
66.98 3.2643576
66.99 3.2642859
67.0 3.2642381
67.01 3.2641664
67.02 3.2640947
67.03 3.264023
67.04 3.2639752
67.05 3.2639035
67.06 3.2638318
67.07 3.2637601
67.08 3.2637123
67.09 3.2636406
67.1 3.2635689
67.11 3.2634972
67.12 3.2634494
67.13 3.2633777
67.14 3.263306
67.15 3.2632343
67.16 3.2631865
67.17 3.2631148
67.18 3.2630431
67.19 3.2629714
67.2 3.2629236
67.21 3.2628519
67.22 3.2627802
67.23 3.2627324
67.24 3.2626607
67.25 3.262589
67.26 3.2625173
67.27 3.2624695
67.28 3.2623978
67.29 3.2623261
67.3 3.2622544
67.31 3.2622066
67.32 3.2621349
67.33 3.2620632
67.34 3.2619915
67.35 3.2619437
67.36 3.261872
67.37 3.2618003
67.38 3.2617525
67.39 3.2616808
67.4 3.2616091
67.41 3.2615374
67.42 3.2614896
67.43 3.2614179
67.44 3.2613462
67.45 3.2612984
67.46 3.2612267
67.47 3.261155
67.48 3.2610833
67.49 3.2610355
67.5 3.2609638
67.51 3.2608921
67.52 3.2608443
67.53 3.2607726
67.54 3.2607009
67.55 3.2606531
67.56 3.2605814
67.57 3.2605097
67.58 3.260438
67.59 3.2603902
67.6 3.2603185
67.61 3.2602468
67.62 3.260199
67.63 3.2601273
67.64 3.2600556
67.65 3.2600078
67.66 3.2599361
67.67 3.2598644
67.68 3.2598166
67.69 3.2597449
67.7 3.2596732
67.71 3.2596254
67.72 3.2595537
67.73 3.259482
67.74 3.2594342
67.75 3.2593625
67.76 3.2592908
67.77 3.259243
67.78 3.2591713
67.79 3.2590996
67.8 3.2590518
67.81 3.2589801
67.82 3.2589084
67.83 3.2588606
67.84 3.2587889
67.85 3.2587172
67.86 3.2586694
67.87 3.2585977
67.88 3.258526
67.89 3.2584782
67.9 3.2584065
67.91 3.2583348
67.92 3.258287
67.93 3.2582153
67.94 3.2581436
67.95 3.2580958
67.96 3.2580241
67.97 3.2579524
67.98 3.2579046
67.99 3.2578329
68.0 3.2577612
68.01 3.2577134
68.02 3.2576417
68.03 3.2575939
68.04 3.2575222
68.05 3.2574505
68.06 3.2574027
68.07 3.257331
68.08 3.2572593
68.09 3.2572115
68.1 3.2571398
68.11 3.2570681
68.12 3.2570203
68.13 3.2569486
68.14 3.2569008
68.15 3.2568291
68.16 3.2567574
68.17 3.2567096
68.18 3.2566379
68.19 3.2565662
68.2 3.2565184
68.21 3.2564467
68.22 3.2563989
68.23 3.2563272
68.24 3.2562555
68.25 3.2562077
68.26 3.256136
68.27 3.2560882
68.28 3.2560165
68.29 3.2559448
68.3 3.255897
68.31 3.2558253
68.32 3.2557536
68.33 3.2557058
68.34 3.2556341
68.35 3.2555863
68.36 3.2555146
68.37 3.2554429
68.38 3.2553951
68.39 3.2553234
68.4 3.2552756
68.41 3.2552039
68.42 3.2551322
68.43 3.2550844
68.44 3.2550127
68.45 3.2549649
68.46 3.2548932
68.47 3.2548454
68.48 3.2547737
68.49 3.254702
68.5 3.2546542
68.51 3.2545825
68.52 3.2545347
68.53 3.254463
68.54 3.2543913
68.55 3.2543435
68.56 3.2542718
68.57 3.254224
68.58 3.2541523
68.59 3.2541045
68.6 3.2540328
68.61 3.2539611
68.62 3.2539133
68.63 3.2538416
68.64 3.2537938
68.65 3.2537221
68.66 3.2536743
68.67 3.2536026
68.68 3.2535309
68.69 3.2534831
68.7 3.2534114
68.71 3.2533636
68.72 3.2532919
68.73 3.2532441
68.74 3.2531724
68.75 3.2531246
68.76 3.2530529
68.77 3.2529812
68.78 3.2529334
68.79 3.2528617
68.8 3.2528139
68.81 3.2527422
68.82 3.2526944
68.83 3.2526227
68.84 3.2525749
68.85 3.2525032
68.86 3.2524554
68.87 3.2523837
68.88 3.2523359
68.89 3.2522642
68.9 3.2521925
68.91 3.2521447
68.92 3.252073
68.93 3.2520252
68.94 3.2519535
68.95 3.2519057
68.96 3.251834
68.97 3.2517862
68.98 3.2517145
68.99 3.2516667
69.0 3.251595
69.01 3.2515472
69.02 3.2514755
69.03 3.2514277
69.04 3.251356
69.05 3.2513082
69.06 3.2512365
69.07 3.2511887
69.08 3.251117
69.09 3.2510453
69.1 3.2509975
69.11 3.2509258
69.12 3.250878
69.13 3.2508063
69.14 3.2507585
69.15 3.2506868
69.16 3.250639
69.17 3.2505673
69.18 3.2505195
69.19 3.2504478
69.2 3.2504
69.21 3.2503283
69.22 3.2502805
69.23 3.2502088
69.24 3.250161
69.25 3.2500893
69.26 3.2500415
69.27 3.2499698
69.28 3.249922
69.29 3.2498503
69.3 3.2498025
69.31 3.2497547
69.32 3.249683
69.33 3.2496352
69.34 3.2495635
69.35 3.2495157
69.36 3.249444
69.37 3.2493962
69.38 3.2493245
69.39 3.2492767
69.4 3.249205
69.41 3.2491572
69.42 3.2490855
69.43 3.2490377
69.44 3.248966
69.45 3.2489182
69.46 3.2488465
69.47 3.2487987
69.48 3.248727
69.49 3.2486792
69.5 3.2486314
69.51 3.2485597
69.52 3.2485119
69.53 3.2484402
69.54 3.2483924
69.55 3.2483207
69.56 3.2482729
69.57 3.2482012
69.58 3.2481534
69.59 3.2480817
69.6 3.2480339
69.61 3.2479622
69.62 3.2479144
69.63 3.2478666
69.64 3.2477949
69.65 3.2477471
69.66 3.2476754
69.67 3.2476276
69.68 3.2475559
69.69 3.2475081
69.7 3.2474364
69.71 3.2473886
69.72 3.2473408
69.73 3.2472691
69.74 3.2472213
69.75 3.2471496
69.76 3.2471018
69.77 3.2470301
69.78 3.2469823
69.79 3.2469345
69.8 3.2468628
69.81 3.246815
69.82 3.2467433
69.83 3.2466955
69.84 3.2466238
69.85 3.246576
69.86 3.2465282
69.87 3.2464565
69.88 3.2464087
69.89 3.246337
69.9 3.2462892
69.91 3.2462414
69.92 3.2461697
69.93 3.2461219
69.94 3.2460502
69.95 3.2460024
69.96 3.2459307
69.97 3.2458829
69.98 3.2458351
69.99 3.2457634
70.0 3.2457156
70.01 3.2456439
70.02 3.2455961
70.03 3.2455483
70.04 3.2454766
70.05 3.2454288
70.06 3.2453571
70.07 3.2453093
70.08 3.2452615
70.09 3.2451898
70.1 3.245142
70.11 3.2450942
70.12 3.2450225
70.13 3.2449747
70.14 3.244903
70.15 3.2448552
70.16 3.2448074
70.17 3.2447357
70.18 3.2446879
70.19 3.2446162
70.2 3.2445684
70.21 3.2445206
70.22 3.2444489
70.23 3.2444011
70.24 3.2443533
70.25 3.2442816
70.26 3.2442338
70.27 3.2441621
70.28 3.2441143
70.29 3.2440665
70.3 3.2439948
70.31 3.243947
70.32 3.2438992
70.33 3.2438275
70.34 3.2437797
70.35 3.243708
70.36 3.2436602
70.37 3.2436124
70.38 3.2435407
70.39 3.2434929
70.4 3.2434451
70.41 3.2433734
70.42 3.2433256
70.43 3.2432778
70.44 3.2432061
70.45 3.2431583
70.46 3.2431105
70.47 3.2430388
70.48 3.242991
70.49 3.2429432
70.5 3.2428715
70.51 3.2428237
70.52 3.2427759
70.53 3.2427042
70.54 3.2426564
70.55 3.2426086
70.56 3.2425369
70.57 3.2424891
70.58 3.2424413
70.59 3.2423696
70.6 3.2423218
70.61 3.242274
70.62 3.2422023
70.63 3.2421545
70.64 3.2421067
70.65 3.242035
70.66 3.2419872
70.67 3.2419394
70.68 3.2418677
70.69 3.2418199
70.7 3.2417721
70.71 3.2417004
70.72 3.2416526
70.73 3.2416048
70.74 3.2415331
70.75 3.2414853
70.76 3.2414375
70.77 3.2413658
70.78 3.241318
70.79 3.2412702
70.8 3.2411985
70.81 3.2411507
70.82 3.2411029
70.83 3.2410551
70.84 3.2409834
70.85 3.2409356
70.86 3.2408878
70.87 3.2408161
70.88 3.2407683
70.89 3.2407205
70.9 3.2406488
70.91 3.240601
70.92 3.2405532
70.93 3.2405054
70.94 3.2404337
70.95 3.2403859
70.96 3.2403381
70.97 3.2402664
70.98 3.2402186
70.99 3.2401708
71.0 3.240123
71.01 3.2400513
71.02 3.2400035
71.03 3.2399557
71.04 3.239884
71.05 3.2398362
71.06 3.2397884
71.07 3.2397406
71.08 3.2396689
71.09 3.2396211
71.1 3.2395733
71.11 3.2395255
71.12 3.2394538
71.13 3.239406
71.14 3.2393582
71.15 3.2392865
71.16 3.2392387
71.17 3.2391909
71.18 3.2391431
71.19 3.2390714
71.2 3.2390236
71.21 3.2389758
71.22 3.238928
71.23 3.2388563
71.24 3.2388085
71.25 3.2387607
71.26 3.2387129
71.27 3.2386412
71.28 3.2385934
71.29 3.2385456
71.3 3.2384978
71.31 3.2384261
71.32 3.2383783
71.33 3.2383305
71.34 3.2382827
71.35 3.238211
71.36 3.2381632
71.37 3.2381154
71.38 3.2380676
71.39 3.2379959
71.4 3.2379481
71.41 3.2379003
71.42 3.2378525
71.43 3.2378047
71.44 3.237733
71.45 3.2376852
71.46 3.2376374
71.47 3.2375896
71.48 3.2375179
71.49 3.2374701
71.5 3.2374223
71.51 3.2373745
71.52 3.2373028
71.53 3.237255
71.54 3.2372072
71.55 3.2371594
71.56 3.2371116
71.57 3.2370399
71.58 3.2369921
71.59 3.2369443
71.6 3.2368965
71.61 3.2368487
71.62 3.236777
71.63 3.2367292
71.64 3.2366814
71.65 3.2366336
71.66 3.2365858
71.67 3.2365141
71.68 3.2364663
71.69 3.2364185
71.7 3.2363707
71.71 3.2363229
71.72 3.2362512
71.73 3.2362034
71.74 3.2361556
71.75 3.2361078
71.76 3.23606
71.77 3.2359883
71.78 3.2359405
71.79 3.2358927
71.8 3.2358449
71.81 3.2357971
71.82 3.2357254
71.83 3.2356776
71.84 3.2356298
71.85 3.235582
71.86 3.2355342
71.87 3.2354864
71.88 3.2354147
71.89 3.2353669
71.9 3.2353191
71.91 3.2352713
71.92 3.2352235
71.93 3.2351518
71.94 3.235104
71.95 3.2350562
71.96 3.2350084
71.97 3.2349606
71.98 3.2349128
71.99 3.2348411
72.0 3.2347933
72.01 3.2347455
72.02 3.2346977
72.03 3.2346499
72.04 3.2346021
72.05 3.2345304
72.06 3.2344826
72.07 3.2344348
72.08 3.234387
72.09 3.2343392
72.1 3.2342914
72.11 3.2342436
72.12 3.2341719
72.13 3.2341241
72.14 3.2340763
72.15 3.2340285
72.16 3.2339807
72.17 3.2339329
72.18 3.2338851
72.19 3.2338134
72.2 3.2337656
72.21 3.2337178
72.22 3.23367
72.23 3.2336222
72.24 3.2335744
72.25 3.2335266
72.26 3.2334549
72.27 3.2334071
72.28 3.2333593
72.29 3.2333115
72.3 3.2332637
72.31 3.2332159
72.32 3.2331681
72.33 3.2331203
72.34 3.2330486
72.35 3.2330008
72.36 3.232953
72.37 3.2329052
72.38 3.2328574
72.39 3.2328096
72.4 3.2327618
72.41 3.232714
72.42 3.2326662
72.43 3.2325945
72.44 3.2325467
72.45 3.2324989
72.46 3.2324511
72.47 3.2324033
72.48 3.2323555
72.49 3.2323077
72.5 3.2322599
72.51 3.2322121
72.52 3.2321404
72.53 3.2320926
72.54 3.2320448
72.55 3.231997
72.56 3.2319492
72.57 3.2319014
72.58 3.2318536
72.59 3.2318058
72.6 3.231758
72.61 3.2317102
72.62 3.2316385
72.63 3.2315907
72.64 3.2315429
72.65 3.2314951
72.66 3.2314473
72.67 3.2313995
72.68 3.2313517
72.69 3.2313039
72.7 3.2312561
72.71 3.2312083
72.72 3.2311605
72.73 3.2311127
72.74 3.2310649
72.75 3.2309932
72.76 3.2309454
72.77 3.2308976
72.78 3.2308498
72.79 3.230802
72.8 3.2307542
72.81 3.2307064
72.82 3.2306586
72.83 3.2306108
72.84 3.230563
72.85 3.2305152
72.86 3.2304674
72.87 3.2304196
72.88 3.2303718
72.89 3.230324
72.9 3.2302523
72.91 3.2302045
72.92 3.2301567
72.93 3.2301089
72.94 3.2300611
72.95 3.2300133
72.96 3.2299655
72.97 3.2299177
72.98 3.2298699
72.99 3.2298221
73.0 3.2297743
73.01 3.2297265
73.02 3.2296787
73.03 3.2296309
73.04 3.2295831
73.05 3.2295353
73.06 3.2294875
73.07 3.2294397
73.08 3.2293919
73.09 3.2293441
73.1 3.2292963
73.11 3.2292485
73.12 3.2292007
73.13 3.2291529
73.14 3.2291051
73.15 3.2290334
73.16 3.2289856
73.17 3.2289378
73.18 3.22889
73.19 3.2288422
73.2 3.2287944
73.21 3.2287466
73.22 3.2286988
73.23 3.228651
73.24 3.2286032
73.25 3.2285554
73.26 3.2285076
73.27 3.2284598
73.28 3.228412
73.29 3.2283642
73.3 3.2283164
73.31 3.2282686
73.32 3.2282208
73.33 3.228173
73.34 3.2281252
73.35 3.2280774
73.36 3.2280296
73.37 3.2279818
73.38 3.227934
73.39 3.2278862
73.4 3.2278384
73.41 3.2277906
73.42 3.2277428
73.43 3.227695
73.44 3.2276472
73.45 3.2275994
73.46 3.2275516
73.47 3.2275038
73.48 3.227456
73.49 3.2274082
73.5 3.2273604
73.51 3.2273126
73.52 3.2272648
73.53 3.227217
73.54 3.2271692
73.55 3.2271214
73.56 3.2270736
73.57 3.2270258
73.58 3.2270019
73.59 3.2269541
73.6 3.2269063
73.61 3.2268585
73.62 3.2268107
73.63 3.2267629
73.64 3.2267151
73.65 3.2266673
73.66 3.2266195
73.67 3.2265717
73.68 3.2265239
73.69 3.2264761
73.7 3.2264283
73.71 3.2263805
73.72 3.2263327
73.73 3.2262849
73.74 3.2262371
73.75 3.2261893
73.76 3.2261415
73.77 3.2260937
73.78 3.2260459
73.79 3.2259981
73.8 3.2259503
73.81 3.2259025
73.82 3.2258786
73.83 3.2258308
73.84 3.225783
73.85 3.2257352
73.86 3.2256874
73.87 3.2256396
73.88 3.2255918
73.89 3.225544
73.9 3.2254962
73.91 3.2254484
73.92 3.2254006
73.93 3.2253528
73.94 3.225305
73.95 3.2252572
73.96 3.2252094
73.97 3.2251616
73.98 3.2251377
73.99 3.2250899
74.0 3.2250421
74.01 3.2249943
74.02 3.2249465
74.03 3.2248987
74.04 3.2248509
74.05 3.2248031
74.06 3.2247553
74.07 3.2247075
74.08 3.2246597
74.09 3.2246119
74.1 3.224588
74.11 3.2245402
74.12 3.2244924
74.13 3.2244446
74.14 3.2243968
74.15 3.224349
74.16 3.2243012
74.17 3.2242534
74.18 3.2242056
74.19 3.2241578
74.2 3.22411
74.21 3.2240861
74.22 3.2240383
74.23 3.2239905
74.24 3.2239427
74.25 3.2238949
74.26 3.2238471
74.27 3.2237993
74.28 3.2237515
74.29 3.2237037
74.3 3.2236798
74.31 3.223632
74.32 3.2235842
74.33 3.2235364
74.34 3.2234886
74.35 3.2234408
74.36 3.223393
74.37 3.2233452
74.38 3.2233213
74.39 3.2232735
74.4 3.2232257
74.41 3.2231779
74.42 3.2231301
74.43 3.2230823
74.44 3.2230345
74.45 3.2229867
74.46 3.2229628
74.47 3.222915
74.48 3.2228672
74.49 3.2228194
74.5 3.2227716
74.51 3.2227238
74.52 3.222676
74.53 3.2226282
74.54 3.2226043
74.55 3.2225565
74.56 3.2225087
74.57 3.2224609
74.58 3.2224131
74.59 3.2223653
74.6 3.2223175
74.61 3.2222936
74.62 3.2222458
74.63 3.222198
74.64 3.2221502
74.65 3.2221024
74.66 3.2220546
74.67 3.2220307
74.68 3.2219829
74.69 3.2219351
74.7 3.2218873
74.71 3.2218395
74.72 3.2217917
74.73 3.2217678
74.74 3.22172
74.75 3.2216722
74.76 3.2216244
74.77 3.2215766
74.78 3.2215288
74.79 3.2215049
74.8 3.2214571
74.81 3.2214093
74.82 3.2213615
74.83 3.2213137
74.84 3.2212659
74.85 3.221242
74.86 3.2211942
74.87 3.2211464
74.88 3.2210986
74.89 3.2210508
74.9 3.2210269
74.91 3.2209791
74.92 3.2209313
74.93 3.2208835
74.94 3.2208357
74.95 3.2207879
74.96 3.220764
74.97 3.2207162
74.98 3.2206684
74.99 3.2206206
75.0 3.2205728
75.01 3.2205489
75.02 3.2205011
75.03 3.2204533
75.04 3.2204055
75.05 3.2203577
75.06 3.2203338
75.07 3.220286
75.08 3.2202382
75.09 3.2201904
75.1 3.2201426
75.11 3.2201187
75.12 3.2200709
75.13 3.2200231
75.14 3.2199753
75.15 3.2199514
75.16 3.2199036
75.17 3.2198558
75.18 3.219808
75.19 3.2197602
75.2 3.2197363
75.21 3.2196885
75.22 3.2196407
75.23 3.2195929
75.24 3.219569
75.25 3.2195212
75.26 3.2194734
75.27 3.2194256
75.28 3.2193778
75.29 3.2193539
75.3 3.2193061
75.31 3.2192583
75.32 3.2192105
75.33 3.2191866
75.34 3.2191388
75.35 3.219091
75.36 3.2190432
75.37 3.2190193
75.38 3.2189715
75.39 3.2189237
75.4 3.2188759
75.41 3.218852
75.42 3.2188042
75.43 3.2187564
75.44 3.2187086
75.45 3.2186847
75.46 3.2186369
75.47 3.2185891
75.48 3.2185413
75.49 3.2185174
75.5 3.2184696
75.51 3.2184218
75.52 3.218374
75.53 3.2183501
75.54 3.2183023
75.55 3.2182545
75.56 3.2182067
75.57 3.2181828
75.58 3.218135
75.59 3.2180872
75.6 3.2180394
75.61 3.2180155
75.62 3.2179677
75.63 3.2179199
75.64 3.217896
75.65 3.2178482
75.66 3.2178004
75.67 3.2177526
75.68 3.2177287
75.69 3.2176809
75.7 3.2176331
75.71 3.2175853
75.72 3.2175614
75.73 3.2175136
75.74 3.2174658
75.75 3.2174419
75.76 3.2173941
75.77 3.2173463
75.78 3.2172985
75.79 3.2172746
75.8 3.2172268
75.81 3.217179
75.82 3.2171551
75.83 3.2171073
75.84 3.2170595
75.85 3.2170356
75.86 3.2169878
75.87 3.21694
75.88 3.2168922
75.89 3.2168683
75.9 3.2168205
75.91 3.2167727
75.92 3.2167488
75.93 3.216701
75.94 3.2166532
75.95 3.2166293
75.96 3.2165815
75.97 3.2165337
75.98 3.2165098
75.99 3.216462
76.0 3.2164142
76.01 3.2163664
76.02 3.2163425
76.03 3.2162947
76.04 3.2162469
76.05 3.216223
76.06 3.2161752
76.07 3.2161274
76.08 3.2161035
76.09 3.2160557
76.1 3.2160079
76.11 3.215984
76.12 3.2159362
76.13 3.2158884
76.14 3.2158645
76.15 3.2158167
76.16 3.2157689
76.17 3.215745
76.18 3.2156972
76.19 3.2156494
76.2 3.2156255
76.21 3.2155777
76.22 3.2155299
76.23 3.215506
76.24 3.2154582
76.25 3.2154104
76.26 3.2153865
76.27 3.2153387
76.28 3.2153148
76.29 3.215267
76.3 3.2152192
76.31 3.2151953
76.32 3.2151475
76.33 3.2150997
76.34 3.2150758
76.35 3.215028
76.36 3.2149802
76.37 3.2149563
76.38 3.2149085
76.39 3.2148607
76.4 3.2148368
76.41 3.214789
76.42 3.2147651
76.43 3.2147173
76.44 3.2146695
76.45 3.2146456
76.46 3.2145978
76.47 3.21455
76.48 3.2145261
76.49 3.2144783
76.5 3.2144544
76.51 3.2144066
76.52 3.2143588
76.53 3.2143349
76.54 3.2142871
76.55 3.2142393
76.56 3.2142154
76.57 3.2141676
76.58 3.2141437
76.59 3.2140959
76.6 3.2140481
76.61 3.2140242
76.62 3.2139764
76.63 3.2139525
76.64 3.2139047
76.65 3.2138569
76.66 3.213833
76.67 3.2137852
76.68 3.2137613
76.69 3.2137135
76.7 3.2136657
76.71 3.2136418
76.72 3.213594
76.73 3.2135701
76.74 3.2135223
76.75 3.2134745
76.76 3.2134506
76.77 3.2134028
76.78 3.2133789
76.79 3.2133311
76.8 3.2132833
76.81 3.2132594
76.82 3.2132116
76.83 3.2131877
76.84 3.2131399
76.85 3.2130921
76.86 3.2130682
76.87 3.2130204
76.88 3.2129965
76.89 3.2129487
76.9 3.2129248
76.91 3.212877
76.92 3.2128292
76.93 3.2128053
76.94 3.2127575
76.95 3.2127336
76.96 3.2126858
76.97 3.2126619
76.98 3.2126141
76.99 3.2125663
77.0 3.2125424
77.01 3.2124946
77.02 3.2124707
77.03 3.2124229
77.04 3.212399
77.05 3.2123512
77.06 3.2123273
77.07 3.2122795
77.08 3.2122317
77.09 3.2122078
77.1 3.21216
77.11 3.2121361
77.12 3.2120883
77.13 3.2120644
77.14 3.2120166
77.15 3.2119927
77.16 3.2119449
77.17 3.211921
77.18 3.2118732
77.19 3.2118254
77.2 3.2118015
77.21 3.2117537
77.22 3.2117298
77.23 3.211682
77.24 3.2116581
77.25 3.2116103
77.26 3.2115864
77.27 3.2115386
77.28 3.2115147
77.29 3.2114669
77.3 3.211443
77.31 3.2113952
77.32 3.2113713
77.33 3.2113235
77.34 3.2112757
77.35 3.2112518
77.36 3.211204
77.37 3.2111801
77.38 3.2111323
77.39 3.2111084
77.4 3.2110606
77.41 3.2110367
77.42 3.2109889
77.43 3.210965
77.44 3.2109172
77.45 3.2108933
77.46 3.2108455
77.47 3.2108216
77.48 3.2107738
77.49 3.2107499
77.5 3.2107021
77.51 3.2106782
77.52 3.2106304
77.53 3.2106065
77.54 3.2105587
77.55 3.2105348
77.56 3.210487
77.57 3.2104631
77.58 3.2104153
77.59 3.2103914
77.6 3.2103436
77.61 3.2103197
77.62 3.2102719
77.63 3.210248
77.64 3.2102002
77.65 3.2101763
77.66 3.2101285
77.67 3.2101046
77.68 3.2100568
77.69 3.2100329
77.7 3.210009
77.71 3.2099612
77.72 3.2099373
77.73 3.2098895
77.74 3.2098656
77.75 3.2098178
77.76 3.2097939
77.77 3.2097461
77.78 3.2097222
77.79 3.2096744
77.8 3.2096505
77.81 3.2096027
77.82 3.2095788
77.83 3.209531
77.84 3.2095071
77.85 3.2094593
77.86 3.2094354
77.87 3.2094115
77.88 3.2093637
77.89 3.2093398
77.9 3.209292
77.91 3.2092681
77.92 3.2092203
77.93 3.2091964
77.94 3.2091486
77.95 3.2091247
77.96 3.2090769
77.97 3.209053
77.98 3.2090291
77.99 3.2089813
78.0 3.2089574
78.01 3.2089096
78.02 3.2088857
78.03 3.2088379
78.04 3.208814
78.05 3.2087901
78.06 3.2087423
78.07 3.2087184
78.08 3.2086706
78.09 3.2086467
78.1 3.2085989
78.11 3.208575
78.12 3.2085511
78.13 3.2085033
78.14 3.2084794
78.15 3.2084316
78.16 3.2084077
78.17 3.2083599
78.18 3.208336
78.19 3.2083121
78.2 3.2082643
78.21 3.2082404
78.22 3.2081926
78.23 3.2081687
78.24 3.2081209
78.25 3.208097
78.26 3.2080731
78.27 3.2080253
78.28 3.2080014
78.29 3.2079536
78.3 3.2079297
78.31 3.2079058
78.32 3.207858
78.33 3.2078341
78.34 3.2077863
78.35 3.2077624
78.36 3.2077385
78.37 3.2076907
78.38 3.2076668
78.39 3.207619
78.4 3.2075951
78.41 3.2075712
78.42 3.2075234
78.43 3.2074995
78.44 3.2074517
78.45 3.2074278
78.46 3.2074039
78.47 3.2073561
78.48 3.2073322
78.49 3.2073083
78.5 3.2072605
78.51 3.2072366
78.52 3.2071888
78.53 3.2071649
78.54 3.207141
78.55 3.2070932
78.56 3.2070693
78.57 3.2070215
78.58 3.2069976
78.59 3.2069737
78.6 3.2069259
78.61 3.206902
78.62 3.2068781
78.63 3.2068303
78.64 3.2068064
78.65 3.2067825
78.66 3.2067347
78.67 3.2067108
78.68 3.206663
78.69 3.2066391
78.7 3.2066152
78.71 3.2065674
78.72 3.2065435
78.73 3.2065196
78.74 3.2064718
78.75 3.2064479
78.76 3.206424
78.77 3.2063762
78.78 3.2063523
78.79 3.2063284
78.8 3.2062806
78.81 3.2062567
78.82 3.2062328
78.83 3.206185
78.84 3.2061611
78.85 3.2061372
78.86 3.2060894
78.87 3.2060655
78.88 3.2060416
78.89 3.2059938
78.9 3.2059699
78.91 3.205946
78.92 3.2058982
78.93 3.2058743
78.94 3.2058504
78.95 3.2058026
78.96 3.2057787
78.97 3.2057548
78.98 3.205707
78.99 3.2056831
79.0 3.2056592
79.01 3.2056114
79.02 3.2055875
79.03 3.2055636
79.04 3.2055158
79.05 3.2054919
79.06 3.205468
79.07 3.2054202
79.08 3.2053963
79.09 3.2053724
79.1 3.2053246
79.11 3.2053007
79.12 3.2052768
79.13 3.205229
79.14 3.2052051
79.15 3.2051812
79.16 3.2051573
79.17 3.2051095
79.18 3.2050856
79.19 3.2050617
79.2 3.2050139
79.21 3.20499
79.22 3.2049661
79.23 3.2049422
79.24 3.2048944
79.25 3.2048705
79.26 3.2048466
79.27 3.2047988
79.28 3.2047749
79.29 3.204751
79.3 3.2047032
79.31 3.2046793
79.32 3.2046554
79.33 3.2046315
79.34 3.2045837
79.35 3.2045598
79.36 3.2045359
79.37 3.204512
79.38 3.2044642
79.39 3.2044403
79.4 3.2044164
79.41 3.2043686
79.42 3.2043447
79.43 3.2043208
79.44 3.2042969
79.45 3.2042491
79.46 3.2042252
79.47 3.2042013
79.48 3.2041774
79.49 3.2041296
79.5 3.2041057
79.51 3.2040818
79.52 3.2040579
79.53 3.2040101
79.54 3.2039862
79.55 3.2039623
79.56 3.2039145
79.57 3.2038906
79.58 3.2038667
79.59 3.2038428
79.6 3.203795
79.61 3.2037711
79.62 3.2037472
79.63 3.2037233
79.64 3.2036755
79.65 3.2036516
79.66 3.2036277
79.67 3.2036038
79.68 3.2035799
79.69 3.2035321
79.7 3.2035082
79.71 3.2034843
79.72 3.2034604
79.73 3.2034126
79.74 3.2033887
79.75 3.2033648
79.76 3.2033409
79.77 3.2032931
79.78 3.2032692
79.79 3.2032453
79.8 3.2032214
79.81 3.2031975
79.82 3.2031497
79.83 3.2031258
79.84 3.2031019
79.85 3.203078
79.86 3.2030302
79.87 3.2030063
79.88 3.2029824
79.89 3.2029585
79.9 3.2029346
79.91 3.2028868
79.92 3.2028629
79.93 3.202839
79.94 3.2028151
79.95 3.2027912
79.96 3.2027434
79.97 3.2027195
79.98 3.2026956
79.99 3.2026717
80.0 3.2026239
80.01 3.2026
80.02 3.2025761
80.03 3.2025522
80.04 3.2025283
80.05 3.2025044
80.06 3.2024566
80.07 3.2024327
80.08 3.2024088
80.09 3.2023849
80.1 3.202361
80.11 3.2023132
80.12 3.2022893
80.13 3.2022654
80.14 3.2022415
80.15 3.2022176
80.16 3.2021698
80.17 3.2021459
80.18 3.202122
80.19 3.2020981
80.2 3.2020742
80.21 3.2020503
80.22 3.2020025
80.23 3.2019786
80.24 3.2019547
80.25 3.2019308
80.26 3.2019069
80.27 3.201883
80.28 3.2018352
80.29 3.2018113
80.3 3.2017874
80.31 3.2017635
80.32 3.2017396
80.33 3.2017157
80.34 3.2016679
80.35 3.201644
80.36 3.2016201
80.37 3.2015962
80.38 3.2015723
80.39 3.2015484
80.4 3.2015006
80.41 3.2014767
80.42 3.2014528
80.43 3.2014289
80.44 3.201405
80.45 3.2013811
80.46 3.2013572
80.47 3.2013094
80.48 3.2012855
80.49 3.2012616
80.5 3.2012377
80.51 3.2012138
80.52 3.2011899
80.53 3.201166
80.54 3.2011182
80.55 3.2010943
80.56 3.2010704
80.57 3.2010465
80.58 3.2010226
80.59 3.2009987
80.6 3.2009748
80.61 3.2009509
80.62 3.2009031
80.63 3.2008792
80.64 3.2008553
80.65 3.2008314
80.66 3.2008075
80.67 3.2007836
80.68 3.2007597
80.69 3.2007358
80.7 3.200688
80.71 3.2006641
80.72 3.2006402
80.73 3.2006163
80.74 3.2005924
80.75 3.2005685
80.76 3.2005446
80.77 3.2005207
80.78 3.2004968
80.79 3.200449
80.8 3.2004251
80.81 3.2004012
80.82 3.2003773
80.83 3.2003534
80.84 3.2003295
80.85 3.2003056
80.86 3.2002817
80.87 3.2002578
80.88 3.2002339
80.89 3.2001861
80.9 3.2001622
80.91 3.2001383
80.92 3.2001144
80.93 3.2000905
80.94 3.2000666
80.95 3.2000427
80.96 3.2000188
80.97 3.1999949
80.98 3.199971
80.99 3.1999471
81.0 3.1999232
81.01 3.1998754
81.02 3.1998515
81.03 3.1998276
81.04 3.1998037
81.05 3.1997798
81.06 3.1997559
81.07 3.199732
81.08 3.1997081
81.09 3.1996842
81.1 3.1996603
81.11 3.1996364
81.12 3.1996125
81.13 3.1995886
81.14 3.1995647
81.15 3.1995169
81.16 3.199493
81.17 3.1994691
81.18 3.1994452
81.19 3.1994213
81.2 3.1993974
81.21 3.1993735
81.22 3.1993496
81.23 3.1993257
81.24 3.1993018
81.25 3.1992779
81.26 3.199254
81.27 3.1992301
81.28 3.1992062
81.29 3.1991823
81.3 3.1991584
81.31 3.1991345
81.32 3.1991106
81.33 3.1990867
81.34 3.1990628
81.35 3.199015
81.36 3.1989911
81.37 3.1989672
81.38 3.1989433
81.39 3.1989194
81.4 3.1988955
81.41 3.1988716
81.42 3.1988477
81.43 3.1988238
81.44 3.1987999
81.45 3.198776
81.46 3.1987521
81.47 3.1987282
81.48 3.1987043
81.49 3.1986804
81.5 3.1986565
81.51 3.1986326
81.52 3.1986087
81.53 3.1985848
81.54 3.1985609
81.55 3.198537
81.56 3.1985131
81.57 3.1984892
81.58 3.1984653
81.59 3.1984414
81.6 3.1984175
81.61 3.1983936
81.62 3.1983697
81.63 3.1983458
81.64 3.1983219
81.65 3.198298
81.66 3.1982741
81.67 3.1982502
81.68 3.1982263
81.69 3.1982024
81.7 3.1981785
81.71 3.1981546
81.72 3.1981307
81.73 3.1981068
81.74 3.1980829
81.75 3.198059
81.76 3.1980351
81.77 3.1980112
81.78 3.1979873
81.79 3.1979634
81.8 3.1979395
81.81 3.1979156
81.82 3.1978917
81.83 3.1978678
81.84 3.1978439
81.85 3.19782
81.86 3.1977961
81.87 3.1977722
81.88 3.1977483
81.89 3.1977244
81.9 3.1977005
81.91 3.1976766
81.92 3.1976527
81.93 3.1976288
81.94 3.1976049
81.95 3.197581
81.96 3.1975571
81.97 3.1975571
81.98 3.1975332
81.99 3.1975093
82.0 3.1974854
82.01 3.1974615
82.02 3.1974376
82.03 3.1974137
82.04 3.1973898
82.05 3.1973659
82.06 3.197342
82.07 3.1973181
82.08 3.1972942
82.09 3.1972703
82.1 3.1972464
82.11 3.1972225
82.12 3.1971986
82.13 3.1971747
82.14 3.1971508
82.15 3.1971269
82.16 3.197103
82.17 3.197103
82.18 3.1970791
82.19 3.1970552
82.2 3.1970313
82.21 3.1970074
82.22 3.1969835
82.23 3.1969596
82.24 3.1969357
82.25 3.1969118
82.26 3.1968879
82.27 3.196864
82.28 3.1968401
82.29 3.1968162
82.3 3.1967923
82.31 3.1967923
82.32 3.1967684
82.33 3.1967445
82.34 3.1967206
82.35 3.1966967
82.36 3.1966728
82.37 3.1966489
82.38 3.196625
82.39 3.1966011
82.4 3.1965772
82.41 3.1965533
82.42 3.1965294
82.43 3.1965294
82.44 3.1965055
82.45 3.1964816
82.46 3.1964577
82.47 3.1964338
82.48 3.1964099
82.49 3.196386
82.5 3.1963621
82.51 3.1963382
82.52 3.1963143
82.53 3.1963143
82.54 3.1962904
82.55 3.1962665
82.56 3.1962426
82.57 3.1962187
82.58 3.1961948
82.59 3.1961709
82.6 3.196147
82.61 3.1961231
82.62 3.1961231
82.63 3.1960992
82.64 3.1960753
82.65 3.1960514
82.66 3.1960275
82.67 3.1960036
82.68 3.1959797
82.69 3.1959558
82.7 3.1959558
82.71 3.1959319
82.72 3.195908
82.73 3.1958841
82.74 3.1958602
82.75 3.1958363
82.76 3.1958124
82.77 3.1957885
82.78 3.1957885
82.79 3.1957646
82.8 3.1957407
82.81 3.1957168
82.82 3.1956929
82.83 3.195669
82.84 3.1956451
82.85 3.1956451
82.86 3.1956212
82.87 3.1955973
82.88 3.1955734
82.89 3.1955495
82.9 3.1955256
82.91 3.1955256
82.92 3.1955017
82.93 3.1954778
82.94 3.1954539
82.95 3.19543
82.96 3.1954061
82.97 3.1953822
82.98 3.1953822
82.99 3.1953583
83.0 3.1953344
83.01 3.1953105
83.02 3.1952866
83.03 3.1952627
83.04 3.1952627
83.05 3.1952388
83.06 3.1952149
83.07 3.195191
83.08 3.1951671
83.09 3.1951432
83.1 3.1951432
83.11 3.1951193
83.12 3.1950954
83.13 3.1950715
83.14 3.1950476
83.15 3.1950476
83.16 3.1950237
83.17 3.1949998
83.18 3.1949759
83.19 3.194952
83.2 3.1949281
83.21 3.1949281
83.22 3.1949042
83.23 3.1948803
83.24 3.1948564
83.25 3.1948325
83.26 3.1948325
83.27 3.1948086
83.28 3.1947847
83.29 3.1947608
83.3 3.1947369
83.31 3.1947369
83.32 3.194713
83.33 3.1946891
83.34 3.1946652
83.35 3.1946413
83.36 3.1946413
83.37 3.1946174
83.38 3.1945935
83.39 3.1945696
83.4 3.1945457
83.41 3.1945457
83.42 3.1945218
83.43 3.1944979
83.44 3.194474
83.45 3.194474
83.46 3.1944501
83.47 3.1944262
83.48 3.1944023
83.49 3.1943784
83.5 3.1943784
83.51 3.1943545
83.52 3.1943306
83.53 3.1943067
83.54 3.1943067
83.55 3.1942828
83.56 3.1942589
83.57 3.194235
83.58 3.1942111
83.59 3.1942111
83.6 3.1941872
83.61 3.1941633
83.62 3.1941394
83.63 3.1941394
83.64 3.1941155
83.65 3.1940916
83.66 3.1940677
83.67 3.1940677
83.68 3.1940438
83.69 3.1940199
83.7 3.193996
83.71 3.193996
83.72 3.1939721
83.73 3.1939482
83.74 3.1939243
83.75 3.1939243
83.76 3.1939004
83.77 3.1938765
83.78 3.1938526
83.79 3.1938526
83.8 3.1938287
83.81 3.1938048
83.82 3.1937809
83.83 3.1937809
83.84 3.193757
83.85 3.1937331
83.86 3.1937331
83.87 3.1937092
83.88 3.1936853
83.89 3.1936614
83.9 3.1936614
83.91 3.1936375
83.92 3.1936136
83.93 3.1935897
83.94 3.1935897
83.95 3.1935658
83.96 3.1935419
83.97 3.1935419
83.98 3.193518
83.99 3.1934941
84.0 3.1934702
84.01 3.1934702
84.02 3.1934463
84.03 3.1934224
84.04 3.1934224
84.05 3.1933985
84.06 3.1933746
84.07 3.1933507
84.08 3.1933507
84.09 3.1933268
84.1 3.1933029
84.11 3.1933029
84.12 3.193279
84.13 3.1932551
84.14 3.1932551
84.15 3.1932312
84.16 3.1932073
84.17 3.1931834
84.18 3.1931834
84.19 3.1931595
84.2 3.1931356
84.21 3.1931356
84.22 3.1931117
84.23 3.1930878
84.24 3.1930878
84.25 3.1930639
84.26 3.19304
84.27 3.19304
84.28 3.1930161
84.29 3.1929922
84.3 3.1929922
84.31 3.1929683
84.32 3.1929444
84.33 3.1929205
84.34 3.1929205
84.35 3.1928966
84.36 3.1928727
84.37 3.1928727
84.38 3.1928488
84.39 3.1928249
84.4 3.1928249
84.41 3.192801
84.42 3.1927771
84.43 3.1927771
84.44 3.1927532
84.45 3.1927293
84.46 3.1927293
84.47 3.1927054
84.48 3.1927054
84.49 3.1926815
84.5 3.1926576
84.51 3.1926576
84.52 3.1926337
84.53 3.1926098
84.54 3.1926098
84.55 3.1925859
84.56 3.192562
84.57 3.192562
84.58 3.1925381
84.59 3.1925142
84.6 3.1925142
84.61 3.1924903
84.62 3.1924664
84.63 3.1924664
84.64 3.1924425
84.65 3.1924425
84.66 3.1924186
84.67 3.1923947
84.68 3.1923947
84.69 3.1923708
84.7 3.1923469
84.71 3.1923469
84.72 3.192323
84.73 3.1922991
84.74 3.1922991
84.75 3.1922752
84.76 3.1922752
84.77 3.1922513
84.78 3.1922274
84.79 3.1922274
84.8 3.1922035
84.81 3.1922035
84.82 3.1921796
84.83 3.1921557
84.84 3.1921557
84.85 3.1921318
84.86 3.1921079
84.87 3.1921079
84.88 3.192084
84.89 3.192084
84.9 3.1920601
84.91 3.1920362
84.92 3.1920362
84.93 3.1920123
84.94 3.1920123
84.95 3.1919884
84.96 3.1919645
84.97 3.1919645
84.98 3.1919406
84.99 3.1919406
85.0 3.1919167
85.01 3.1918928
85.02 3.1918928
85.03 3.1918689
85.04 3.1918689
85.05 3.191845
85.06 3.191845
85.07 3.1918211
85.08 3.1917972
85.09 3.1917972
85.1 3.1917733
85.11 3.1917733
85.12 3.1917494
85.13 3.1917255
85.14 3.1917255
85.15 3.1917016
85.16 3.1917016
85.17 3.1916777
85.18 3.1916777
85.19 3.1916538
85.2 3.1916299
85.21 3.1916299
85.22 3.191606
85.23 3.191606
85.24 3.1915821
85.25 3.1915821
85.26 3.1915582
85.27 3.1915582
85.28 3.1915343
85.29 3.1915104
85.3 3.1915104
85.31 3.1914865
85.32 3.1914865
85.33 3.1914626
85.34 3.1914626
85.35 3.1914387
85.36 3.1914387
85.37 3.1914148
85.38 3.1913909
85.39 3.1913909
85.4 3.191367
85.41 3.191367
85.42 3.1913431
85.43 3.1913431
85.44 3.1913192
85.45 3.1913192
85.46 3.1912953
85.47 3.1912953
85.48 3.1912714
85.49 3.1912714
85.5 3.1912475
85.51 3.1912236
85.52 3.1912236
85.53 3.1911997
85.54 3.1911997
85.55 3.1911758
85.56 3.1911758
85.57 3.1911519
85.58 3.1911519
85.59 3.191128
85.6 3.191128
85.61 3.1911041
85.62 3.1911041
85.63 3.1910802
85.64 3.1910802
85.65 3.1910563
85.66 3.1910563
85.67 3.1910324
85.68 3.1910324
85.69 3.1910085
85.7 3.1910085
85.71 3.1909846
85.72 3.1909846
85.73 3.1909607
85.74 3.1909607
85.75 3.1909368
85.76 3.1909368
85.77 3.1909129
85.78 3.1909129
85.79 3.190889
85.8 3.190889
85.81 3.1908651
85.82 3.1908651
85.83 3.1908412
85.84 3.1908412
85.85 3.1908173
85.86 3.1908173
85.87 3.1907934
85.88 3.1907934
85.89 3.1907695
85.9 3.1907695
85.91 3.1907456
85.92 3.1907456
85.93 3.1907217
85.94 3.1907217
85.95 3.1906978
85.96 3.1906978
85.97 3.1906739
85.98 3.1906739
85.99 3.19065
86.0 3.19065
86.01 3.19065
86.02 3.1906261
86.03 3.1906261
86.04 3.1906022
86.05 3.1906022
86.06 3.1905783
86.07 3.1905783
86.08 3.1905544
86.09 3.1905544
86.1 3.1905305
86.11 3.1905305
86.12 3.1905066
86.13 3.1905066
86.14 3.1905066
86.15 3.1904827
86.16 3.1904827
86.17 3.1904588
86.18 3.1904588
86.19 3.1904349
86.2 3.1904349
86.21 3.190411
86.22 3.190411
86.23 3.1903871
86.24 3.1903871
86.25 3.1903871
86.26 3.1903632
86.27 3.1903632
86.28 3.1903393
86.29 3.1903393
86.3 3.1903154
86.31 3.1903154
86.32 3.1903154
86.33 3.1902915
86.34 3.1902915
86.35 3.1902676
86.36 3.1902676
86.37 3.1902437
86.38 3.1902437
86.39 3.1902437
86.4 3.1902198
86.41 3.1902198
86.42 3.1901959
86.43 3.1901959
86.44 3.1901959
86.45 3.190172
86.46 3.190172
86.47 3.1901481
86.48 3.1901481
86.49 3.1901242
86.5 3.1901242
86.51 3.1901242
86.52 3.1901003
86.53 3.1901003
86.54 3.1900764
86.55 3.1900764
86.56 3.1900764
86.57 3.1900525
86.58 3.1900525
86.59 3.1900286
86.6 3.1900286
86.61 3.1900286
86.62 3.1900047
86.63 3.1900047
86.64 3.1899808
86.65 3.1899808
86.66 3.1899808
86.67 3.1899569
86.68 3.1899569
86.69 3.1899569
86.7 3.189933
86.71 3.189933
86.72 3.1899091
86.73 3.1899091
86.74 3.1899091
86.75 3.1898852
86.76 3.1898852
86.77 3.1898613
86.78 3.1898613
86.79 3.1898613
86.8 3.1898374
86.81 3.1898374
86.82 3.1898374
86.83 3.1898135
86.84 3.1898135
86.85 3.1898135
86.86 3.1897896
86.87 3.1897896
86.88 3.1897657
86.89 3.1897657
86.9 3.1897657
86.91 3.1897418
86.92 3.1897418
86.93 3.1897418
86.94 3.1897179
86.95 3.1897179
86.96 3.1897179
86.97 3.189694
86.98 3.189694
86.99 3.189694
87.0 3.1896701
87.01 3.1896701
87.02 3.1896462
87.03 3.1896462
87.04 3.1896462
87.05 3.1896223
87.06 3.1896223
87.07 3.1896223
87.08 3.1895984
87.09 3.1895984
87.1 3.1895984
87.11 3.1895745
87.12 3.1895745
87.13 3.1895745
87.14 3.1895506
87.15 3.1895506
87.16 3.1895506
87.17 3.1895267
87.18 3.1895267
87.19 3.1895267
87.2 3.1895028
87.21 3.1895028
87.22 3.1895028
87.23 3.1895028
87.24 3.1894789
87.25 3.1894789
87.26 3.1894789
87.27 3.189455
87.28 3.189455
87.29 3.189455
87.3 3.1894311
87.31 3.1894311
87.32 3.1894311
87.33 3.1894072
87.34 3.1894072
87.35 3.1894072
87.36 3.1894072
87.37 3.1893833
87.38 3.1893833
87.39 3.1893833
87.4 3.1893594
87.41 3.1893594
87.42 3.1893594
87.43 3.1893355
87.44 3.1893355
87.45 3.1893355
87.46 3.1893355
87.47 3.1893116
87.48 3.1893116
87.49 3.1893116
87.5 3.1892877
87.51 3.1892877
87.52 3.1892877
87.53 3.1892877
87.54 3.1892638
87.55 3.1892638
87.56 3.1892638
87.57 3.1892399
87.58 3.1892399
87.59 3.1892399
87.6 3.1892399
87.61 3.189216
87.62 3.189216
87.63 3.189216
87.64 3.189216
87.65 3.1891921
87.66 3.1891921
87.67 3.1891921
87.68 3.1891682
87.69 3.1891682
87.7 3.1891682
87.71 3.1891682
87.72 3.1891443
87.73 3.1891443
87.74 3.1891443
87.75 3.1891443
87.76 3.1891204
87.77 3.1891204
87.78 3.1891204
87.79 3.1891204
87.8 3.1890965
87.81 3.1890965
87.82 3.1890965
87.83 3.1890965
87.84 3.1890726
87.85 3.1890726
87.86 3.1890726
87.87 3.1890726
87.88 3.1890487
87.89 3.1890487
87.9 3.1890487
87.91 3.1890487
87.92 3.1890487
87.93 3.1890248
87.94 3.1890248
87.95 3.1890248
87.96 3.1890248
87.97 3.1890009
87.98 3.1890009
87.99 3.1890009
88.0 3.1890009
88.01 3.188977
88.02 3.188977
88.03 3.188977
88.04 3.188977
88.05 3.188977
88.06 3.1889531
88.07 3.1889531
88.08 3.1889531
88.09 3.1889531
88.1 3.1889531
88.11 3.1889292
88.12 3.1889292
88.13 3.1889292
88.14 3.1889292
88.15 3.1889292
88.16 3.1889053
88.17 3.1889053
88.18 3.1889053
88.19 3.1889053
88.2 3.1889053
88.21 3.1888814
88.22 3.1888814
88.23 3.1888814
88.24 3.1888814
88.25 3.1888814
88.26 3.1888575
88.27 3.1888575
88.28 3.1888575
88.29 3.1888575
88.3 3.1888575
88.31 3.1888336
88.32 3.1888336
88.33 3.1888336
88.34 3.1888336
88.35 3.1888336
88.36 3.1888097
88.37 3.1888097
88.38 3.1888097
88.39 3.1888097
88.4 3.1888097
88.41 3.1888097
88.42 3.1887858
88.43 3.1887858
88.44 3.1887858
88.45 3.1887858
88.46 3.1887858
88.47 3.1887858
88.48 3.1887619
88.49 3.1887619
88.5 3.1887619
88.51 3.1887619
88.52 3.1887619
88.53 3.1887619
88.54 3.188738
88.55 3.188738
88.56 3.188738
88.57 3.188738
88.58 3.188738
88.59 3.188738
88.6 3.188738
88.61 3.1887141
88.62 3.1887141
88.63 3.1887141
88.64 3.1887141
88.65 3.1887141
88.66 3.1887141
88.67 3.1887141
88.68 3.1886902
88.69 3.1886902
88.7 3.1886902
88.71 3.1886902
88.72 3.1886902
88.73 3.1886902
88.74 3.1886902
88.75 3.1886663
88.76 3.1886663
88.77 3.1886663
88.78 3.1886663
88.79 3.1886663
88.8 3.1886663
88.81 3.1886663
88.82 3.1886663
88.83 3.1886424
88.84 3.1886424
88.85 3.1886424
88.86 3.1886424
88.87 3.1886424
88.88 3.1886424
88.89 3.1886424
88.9 3.1886424
88.91 3.1886424
88.92 3.1886185
88.93 3.1886185
88.94 3.1886185
88.95 3.1886185
88.96 3.1886185
88.97 3.1886185
88.98 3.1886185
88.99 3.1886185
89.0 3.1886185
89.01 3.1886185
89.02 3.1885946
89.03 3.1885946
89.04 3.1885946
89.05 3.1885946
89.06 3.1885946
89.07 3.1885946
89.08 3.1885946
89.09 3.1885946
89.1 3.1885946
89.11 3.1885946
89.12 3.1885946
89.13 3.1885707
89.14 3.1885707
89.15 3.1885707
89.16 3.1885707
89.17 3.1885707
89.18 3.1885707
89.19 3.1885707
89.2 3.1885707
89.21 3.1885707
89.22 3.1885707
89.23 3.1885707
89.24 3.1885707
89.25 3.1885707
89.26 3.1885468
89.27 3.1885468
89.28 3.1885468
89.29 3.1885468
89.3 3.1885468
89.31 3.1885468
89.32 3.1885468
89.33 3.1885468
89.34 3.1885468
89.35 3.1885468
89.36 3.1885468
89.37 3.1885468
89.38 3.1885468
89.39 3.1885468
89.4 3.1885468
89.41 3.1885468
89.42 3.1885468
89.43 3.1885468
89.44 3.1885468
89.45 3.1885229
89.46 3.1885229
89.47 3.1885229
89.48 3.1885229
89.49 3.1885229
89.5 3.1885229
89.51 3.1885229
89.52 3.1885229
89.53 3.1885229
89.54 3.1885229
89.55 3.1885229
89.56 3.1885229
89.57 3.1885229
89.58 3.1885229
89.59 3.1885229
89.6 3.1885229
89.61 3.1885229
89.62 3.1885229
89.63 3.1885229
89.64 3.1885229
89.65 3.1885229
89.66 3.1885229
89.67 3.1885229
89.68 3.1885229
89.69 3.1885229
89.7 3.1885229
89.71 3.1885229
89.72 3.1885229
89.73 3.1885229
89.74 3.1885229
89.75 3.1885229
89.76 3.1885229
89.77 3.1885229
89.78 3.1885229
89.79 3.1885229
89.8 3.1885229
89.81 3.1885229
89.82 3.1885229
89.83 3.1885229
89.84 3.1885229
89.85 3.1885229
89.86 3.1885229
89.87 3.1885229
89.88 3.1885229
89.89 3.1885229
89.9 3.1885229
89.91 3.1885229
89.92 3.1885229
89.93 3.1885229
89.94 3.1885229
89.95 3.1885229
89.96 3.1885229
89.97 3.1885229
89.98 3.1885229
89.99 3.1885229
90.0 3.1885229
90.01 3.1885229
90.02 3.1885229
90.03 3.1885229
90.04 3.1885229
90.05 3.1885229
90.06 3.1885229
90.07 3.1885229
90.08 3.1885229
90.09 3.1885229
90.1 3.1885229
90.11 3.1885229
90.12 3.1885229
90.13 3.1885229
90.14 3.1885229
90.15 3.1885468
90.16 3.1885468
90.17 3.1885468
90.18 3.1885468
90.19 3.1885468
90.2 3.1885468
90.21 3.1885468
90.22 3.1885468
90.23 3.1885468
90.24 3.1885468
90.25 3.1885468
90.26 3.1885468
90.27 3.1885468
90.28 3.1885468
90.29 3.1885468
90.3 3.1885468
90.31 3.1885468
90.32 3.1885468
90.33 3.1885707
90.34 3.1885707
90.35 3.1885707
90.36 3.1885707
90.37 3.1885707
90.38 3.1885707
90.39 3.1885707
90.4 3.1885707
90.41 3.1885707
90.42 3.1885707
90.43 3.1885707
90.44 3.1885707
90.45 3.1885707
90.46 3.1885946
90.47 3.1885946
90.48 3.1885946
90.49 3.1885946
90.5 3.1885946
90.51 3.1885946
90.52 3.1885946
90.53 3.1885946
90.54 3.1885946
90.55 3.1885946
90.56 3.1885946
90.57 3.1886185
90.58 3.1886185
90.59 3.1886185
90.6 3.1886185
90.61 3.1886185
90.62 3.1886185
90.63 3.1886185
90.64 3.1886185
90.65 3.1886185
90.66 3.1886185
90.67 3.1886424
90.68 3.1886424
90.69 3.1886424
90.7 3.1886424
90.71 3.1886424
90.72 3.1886424
90.73 3.1886424
90.74 3.1886424
90.75 3.1886424
90.76 3.1886663
90.77 3.1886663
90.78 3.1886663
90.79 3.1886663
90.8 3.1886663
90.81 3.1886663
90.82 3.1886663
90.83 3.1886663
90.84 3.1886902
90.85 3.1886902
90.86 3.1886902
90.87 3.1886902
90.88 3.1886902
90.89 3.1886902
90.9 3.1886902
90.91 3.1887141
90.92 3.1887141
90.93 3.1887141
90.94 3.1887141
90.95 3.1887141
90.96 3.1887141
90.97 3.1887141
90.98 3.188738
90.99 3.188738
91.0 3.188738
91.01 3.188738
91.02 3.188738
91.03 3.188738
91.04 3.1887619
91.05 3.1887619
91.06 3.1887619
91.07 3.1887619
91.08 3.1887619
91.09 3.1887619
91.1 3.1887619
91.11 3.1887858
91.12 3.1887858
91.13 3.1887858
91.14 3.1887858
91.15 3.1887858
91.16 3.1887858
91.17 3.1888097
91.18 3.1888097
91.19 3.1888097
91.2 3.1888097
91.21 3.1888097
91.22 3.1888336
91.23 3.1888336
91.24 3.1888336
91.25 3.1888336
91.26 3.1888336
91.27 3.1888336
91.28 3.1888575
91.29 3.1888575
91.3 3.1888575
91.31 3.1888575
91.32 3.1888575
91.33 3.1888814
91.34 3.1888814
91.35 3.1888814
91.36 3.1888814
91.37 3.1888814
91.38 3.1889053
91.39 3.1889053
91.4 3.1889053
91.41 3.1889053
91.42 3.1889053
91.43 3.1889292
91.44 3.1889292
91.45 3.1889292
91.46 3.1889292
91.47 3.1889292
91.48 3.1889531
91.49 3.1889531
91.5 3.1889531
91.51 3.1889531
91.52 3.1889531
91.53 3.188977
91.54 3.188977
91.55 3.188977
91.56 3.188977
91.57 3.1890009
91.58 3.1890009
91.59 3.1890009
91.6 3.1890009
91.61 3.1890009
91.62 3.1890248
91.63 3.1890248
91.64 3.1890248
91.65 3.1890248
91.66 3.1890487
91.67 3.1890487
91.68 3.1890487
91.69 3.1890487
91.7 3.1890726
91.71 3.1890726
91.72 3.1890726
91.73 3.1890726
91.74 3.1890965
91.75 3.1890965
91.76 3.1890965
91.77 3.1890965
91.78 3.1891204
91.79 3.1891204
91.8 3.1891204
91.81 3.1891204
91.82 3.1891443
91.83 3.1891443
91.84 3.1891443
91.85 3.1891443
91.86 3.1891682
91.87 3.1891682
91.88 3.1891682
91.89 3.1891682
91.9 3.1891921
91.91 3.1891921
91.92 3.1891921
91.93 3.1891921
91.94 3.189216
91.95 3.189216
91.96 3.189216
91.97 3.1892399
91.98 3.1892399
91.99 3.1892399
92.0 3.1892399
92.01 3.1892638
92.02 3.1892638
92.03 3.1892638
92.04 3.1892638
92.05 3.1892877
92.06 3.1892877
92.07 3.1892877
92.08 3.1893116
92.09 3.1893116
92.1 3.1893116
92.11 3.1893116
92.12 3.1893355
92.13 3.1893355
92.14 3.1893355
92.15 3.1893594
92.16 3.1893594
92.17 3.1893594
92.18 3.1893833
92.19 3.1893833
92.2 3.1893833
92.21 3.1893833
92.22 3.1894072
92.23 3.1894072
92.24 3.1894072
92.25 3.1894311
92.26 3.1894311
92.27 3.1894311
92.28 3.189455
92.29 3.189455
92.3 3.189455
92.31 3.1894789
92.32 3.1894789
92.33 3.1894789
92.34 3.1895028
92.35 3.1895028
92.36 3.1895028
92.37 3.1895267
92.38 3.1895267
92.39 3.1895267
92.4 3.1895267
92.41 3.1895506
92.42 3.1895506
92.43 3.1895506
92.44 3.1895745
92.45 3.1895745
92.46 3.1895745
92.47 3.1895984
92.48 3.1895984
92.49 3.1895984
92.5 3.1896223
92.51 3.1896223
92.52 3.1896462
92.53 3.1896462
92.54 3.1896462
92.55 3.1896701
92.56 3.1896701
92.57 3.1896701
92.58 3.189694
92.59 3.189694
92.6 3.189694
92.61 3.1897179
92.62 3.1897179
92.63 3.1897179
92.64 3.1897418
92.65 3.1897418
92.66 3.1897418
92.67 3.1897657
92.68 3.1897657
92.69 3.1897896
92.7 3.1897896
92.71 3.1897896
92.72 3.1898135
92.73 3.1898135
92.74 3.1898135
92.75 3.1898374
92.76 3.1898374
92.77 3.1898613
92.78 3.1898613
92.79 3.1898613
92.8 3.1898852
92.81 3.1898852
92.82 3.1898852
92.83 3.1899091
92.84 3.1899091
92.85 3.189933
92.86 3.189933
92.87 3.189933
92.88 3.1899569
92.89 3.1899569
92.9 3.1899569
92.91 3.1899808
92.92 3.1899808
92.93 3.1900047
92.94 3.1900047
92.95 3.1900047
92.96 3.1900286
92.97 3.1900286
92.98 3.1900525
92.99 3.1900525
93.0 3.1900525
93.01 3.1900764
93.02 3.1900764
93.03 3.1901003
93.04 3.1901003
93.05 3.1901242
93.06 3.1901242
93.07 3.1901242
93.08 3.1901481
93.09 3.1901481
93.1 3.190172
93.11 3.190172
93.12 3.190172
93.13 3.1901959
93.14 3.1901959
93.15 3.1902198
93.16 3.1902198
93.17 3.1902437
93.18 3.1902437
93.19 3.1902437
93.2 3.1902676
93.21 3.1902676
93.22 3.1902915
93.23 3.1902915
93.24 3.1903154
93.25 3.1903154
93.26 3.1903154
93.27 3.1903393
93.28 3.1903393
93.29 3.1903632
93.3 3.1903632
93.31 3.1903871
93.32 3.1903871
93.33 3.190411
93.34 3.190411
93.35 3.190411
93.36 3.1904349
93.37 3.1904349
93.38 3.1904588
93.39 3.1904588
93.4 3.1904827
93.41 3.1904827
93.42 3.1905066
93.43 3.1905066
93.44 3.1905305
93.45 3.1905305
93.46 3.1905305
93.47 3.1905544
93.48 3.1905544
93.49 3.1905783
93.5 3.1905783
93.51 3.1906022
93.52 3.1906022
93.53 3.1906261
93.54 3.1906261
93.55 3.19065
93.56 3.19065
93.57 3.1906739
93.58 3.1906739
93.59 3.1906978
93.6 3.1906978
93.61 3.1907217
93.62 3.1907217
93.63 3.1907456
93.64 3.1907456
93.65 3.1907456
93.66 3.1907695
93.67 3.1907695
93.68 3.1907934
93.69 3.1907934
93.7 3.1908173
93.71 3.1908173
93.72 3.1908412
93.73 3.1908412
93.74 3.1908651
93.75 3.1908651
93.76 3.190889
93.77 3.190889
93.78 3.1909129
93.79 3.1909129
93.8 3.1909368
93.81 3.1909368
93.82 3.1909607
93.83 3.1909607
93.84 3.1909846
93.85 3.1910085
93.86 3.1910085
93.87 3.1910324
93.88 3.1910324
93.89 3.1910563
93.9 3.1910563
93.91 3.1910802
93.92 3.1910802
93.93 3.1911041
93.94 3.1911041
93.95 3.191128
93.96 3.191128
93.97 3.1911519
93.98 3.1911519
93.99 3.1911758
94.0 3.1911758
94.01 3.1911997
94.02 3.1911997
94.03 3.1912236
94.04 3.1912236
94.05 3.1912475
94.06 3.1912714
94.07 3.1912714
94.08 3.1912953
94.09 3.1912953
94.1 3.1913192
94.11 3.1913192
94.12 3.1913431
94.13 3.1913431
94.14 3.191367
94.15 3.191367
94.16 3.1913909
94.17 3.1914148
94.18 3.1914148
94.19 3.1914387
94.2 3.1914387
94.21 3.1914626
94.22 3.1914626
94.23 3.1914865
94.24 3.1915104
94.25 3.1915104
94.26 3.1915343
94.27 3.1915343
94.28 3.1915582
94.29 3.1915582
94.3 3.1915821
94.31 3.1915821
94.32 3.191606
94.33 3.1916299
94.34 3.1916299
94.35 3.1916538
94.36 3.1916538
94.37 3.1916777
94.38 3.1917016
94.39 3.1917016
94.4 3.1917255
94.41 3.1917255
94.42 3.1917494
94.43 3.1917494
94.44 3.1917733
94.45 3.1917972
94.46 3.1917972
94.47 3.1918211
94.48 3.1918211
94.49 3.191845
94.5 3.1918689
94.51 3.1918689
94.52 3.1918928
94.53 3.1918928
94.54 3.1919167
94.55 3.1919406
94.56 3.1919406
94.57 3.1919645
94.58 3.1919645
94.59 3.1919884
94.6 3.1920123
94.61 3.1920123
94.62 3.1920362
94.63 3.1920362
94.64 3.1920601
94.65 3.192084
94.66 3.192084
94.67 3.1921079
94.68 3.1921318
94.69 3.1921318
94.7 3.1921557
94.71 3.1921557
94.72 3.1921796
94.73 3.1922035
94.74 3.1922035
94.75 3.1922274
94.76 3.1922513
94.77 3.1922513
94.78 3.1922752
94.79 3.1922752
94.8 3.1922991
94.81 3.192323
94.82 3.192323
94.83 3.1923469
94.84 3.1923708
94.85 3.1923708
94.86 3.1923947
94.87 3.1924186
94.88 3.1924186
94.89 3.1924425
94.9 3.1924664
94.91 3.1924664
94.92 3.1924903
94.93 3.1924903
94.94 3.1925142
94.95 3.1925381
94.96 3.1925381
94.97 3.192562
94.98 3.1925859
94.99 3.1925859
95.0 3.1926098
95.01 3.1926337
95.02 3.1926337
95.03 3.1926576
95.04 3.1926815
95.05 3.1926815
95.06 3.1927054
95.07 3.1927293
95.08 3.1927293
95.09 3.1927532
95.1 3.1927771
95.11 3.1927771
95.12 3.192801
95.13 3.1928249
95.14 3.1928249
95.15 3.1928488
95.16 3.1928727
95.17 3.1928727
95.18 3.1928966
95.19 3.1929205
95.2 3.1929444
95.21 3.1929444
95.22 3.1929683
95.23 3.1929922
95.24 3.1929922
95.25 3.1930161
95.26 3.19304
95.27 3.19304
95.28 3.1930639
95.29 3.1930878
95.3 3.1930878
95.31 3.1931117
95.32 3.1931356
95.33 3.1931595
95.34 3.1931595
95.35 3.1931834
95.36 3.1932073
95.37 3.1932073
95.38 3.1932312
95.39 3.1932551
95.4 3.193279
95.41 3.193279
95.42 3.1933029
95.43 3.1933268
95.44 3.1933268
95.45 3.1933507
95.46 3.1933746
95.47 3.1933985
95.48 3.1933985
95.49 3.1934224
95.5 3.1934463
95.51 3.1934463
95.52 3.1934702
95.53 3.1934941
95.54 3.193518
95.55 3.193518
95.56 3.1935419
95.57 3.1935658
95.58 3.1935897
95.59 3.1935897
95.6 3.1936136
95.61 3.1936375
95.62 3.1936614
95.63 3.1936614
95.64 3.1936853
95.65 3.1937092
95.66 3.1937331
95.67 3.1937331
95.68 3.193757
95.69 3.1937809
95.7 3.1938048
95.71 3.1938048
95.72 3.1938287
95.73 3.1938526
95.74 3.1938765
95.75 3.1938765
95.76 3.1939004
95.77 3.1939243
95.78 3.1939482
95.79 3.1939482
95.8 3.1939721
95.81 3.193996
95.82 3.1940199
95.83 3.1940199
95.84 3.1940438
95.85 3.1940677
95.86 3.1940916
95.87 3.1941155
95.88 3.1941155
95.89 3.1941394
95.9 3.1941633
95.91 3.1941872
95.92 3.1941872
95.93 3.1942111
95.94 3.194235
95.95 3.1942589
95.96 3.1942828
95.97 3.1942828
95.98 3.1943067
95.99 3.1943306
96.0 3.1943545
96.01 3.1943545
96.02 3.1943784
96.03 3.1944023
96.04 3.1944262
96.05 3.1944501
96.06 3.1944501
96.07 3.194474
96.08 3.1944979
96.09 3.1945218
96.1 3.1945457
96.11 3.1945457
96.12 3.1945696
96.13 3.1945935
96.14 3.1946174
96.15 3.1946413
96.16 3.1946652
96.17 3.1946652
96.18 3.1946891
96.19 3.194713
96.2 3.1947369
96.21 3.1947608
96.22 3.1947608
96.23 3.1947847
96.24 3.1948086
96.25 3.1948325
96.26 3.1948564
96.27 3.1948803
96.28 3.1948803
96.29 3.1949042
96.3 3.1949281
96.31 3.194952
96.32 3.1949759
96.33 3.1949998
96.34 3.1949998
96.35 3.1950237
96.36 3.1950476
96.37 3.1950715
96.38 3.1950954
96.39 3.1951193
96.4 3.1951193
96.41 3.1951432
96.42 3.1951671
96.43 3.195191
96.44 3.1952149
96.45 3.1952388
96.46 3.1952627
96.47 3.1952627
96.48 3.1952866
96.49 3.1953105
96.5 3.1953344
96.51 3.1953583
96.52 3.1953822
96.53 3.1953822
96.54 3.1954061
96.55 3.19543
96.56 3.1954539
96.57 3.1954778
96.58 3.1955017
96.59 3.1955256
96.6 3.1955495
96.61 3.1955495
96.62 3.1955734
96.63 3.1955973
96.64 3.1956212
96.65 3.1956451
96.66 3.195669
96.67 3.1956929
96.68 3.1957168
96.69 3.1957168
96.7 3.1957407
96.71 3.1957646
96.72 3.1957885
96.73 3.1958124
96.74 3.1958363
96.75 3.1958602
96.76 3.1958841
96.77 3.195908
96.78 3.195908
96.79 3.1959319
96.8 3.1959558
96.81 3.1959797
96.82 3.1960036
96.83 3.1960275
96.84 3.1960514
96.85 3.1960753
96.86 3.1960992
96.87 3.1961231
96.88 3.1961231
96.89 3.196147
96.9 3.1961709
96.91 3.1961948
96.92 3.1962187
96.93 3.1962426
96.94 3.1962665
96.95 3.1962904
96.96 3.1963143
96.97 3.1963382
96.98 3.1963621
96.99 3.1963621
97.0 3.196386
97.01 3.1964099
97.02 3.1964338
97.03 3.1964577
97.04 3.1964816
97.05 3.1965055
97.06 3.1965294
97.07 3.1965533
97.08 3.1965772
97.09 3.1966011
97.1 3.196625
97.11 3.1966489
97.12 3.1966728
97.13 3.1966967
97.14 3.1966967
97.15 3.1967206
97.16 3.1967445
97.17 3.1967684
97.18 3.1967923
97.19 3.1968162
97.2 3.1968401
97.21 3.196864
97.22 3.1968879
97.23 3.1969118
97.24 3.1969357
97.25 3.1969596
97.26 3.1969835
97.27 3.1970074
97.28 3.1970313
97.29 3.1970552
97.3 3.1970791
97.31 3.197103
97.32 3.1971269
97.33 3.1971508
97.34 3.1971747
97.35 3.1971986
97.36 3.1971986
97.37 3.1972225
97.38 3.1972464
97.39 3.1972703
97.4 3.1972942
97.41 3.1973181
97.42 3.197342
97.43 3.1973659
97.44 3.1973898
97.45 3.1974137
97.46 3.1974376
97.47 3.1974615
97.48 3.1974854
97.49 3.1975093
97.5 3.1975332
97.51 3.1975571
97.52 3.197581
97.53 3.1976049
97.54 3.1976288
97.55 3.1976527
97.56 3.1976766
97.57 3.1977005
97.58 3.1977244
97.59 3.1977483
97.6 3.1977722
97.61 3.1977961
97.62 3.19782
97.63 3.1978439
97.64 3.1978678
97.65 3.1978917
97.66 3.1979156
97.67 3.1979395
97.68 3.1979634
97.69 3.1979873
97.7 3.1980112
97.71 3.1980351
97.72 3.198059
97.73 3.1980829
97.74 3.1981068
97.75 3.1981307
97.76 3.1981546
97.77 3.1981785
97.78 3.1982024
97.79 3.1982263
97.8 3.1982502
97.81 3.1982741
97.82 3.1983219
97.83 3.1983458
97.84 3.1983697
97.85 3.1983936
97.86 3.1984175
97.87 3.1984414
97.88 3.1984653
97.89 3.1984892
97.9 3.1985131
97.91 3.198537
97.92 3.1985609
97.93 3.1985848
97.94 3.1986087
97.95 3.1986326
97.96 3.1986565
97.97 3.1986804
97.98 3.1987043
97.99 3.1987282
98.0 3.1987521
98.01 3.198776
98.02 3.1987999
98.03 3.1988238
98.04 3.1988716
98.05 3.1988955
98.06 3.1989194
98.07 3.1989433
98.08 3.1989672
98.09 3.1989911
98.1 3.199015
98.11 3.1990389
98.12 3.1990628
98.13 3.1990867
98.14 3.1991106
98.15 3.1991345
98.16 3.1991584
98.17 3.1991823
98.18 3.1992062
98.19 3.199254
98.2 3.1992779
98.21 3.1993018
98.22 3.1993257
98.23 3.1993496
98.24 3.1993735
98.25 3.1993974
98.26 3.1994213
98.27 3.1994452
98.28 3.1994691
98.29 3.199493
98.3 3.1995408
98.31 3.1995647
98.32 3.1995886
98.33 3.1996125
98.34 3.1996364
98.35 3.1996603
98.36 3.1996842
98.37 3.1997081
98.38 3.199732
98.39 3.1997559
98.4 3.1998037
98.41 3.1998276
98.42 3.1998515
98.43 3.1998754
98.44 3.1998993
98.45 3.1999232
98.46 3.1999471
98.47 3.199971
98.48 3.1999949
98.49 3.2000427
98.5 3.2000666
98.51 3.2000905
98.52 3.2001144
98.53 3.2001383
98.54 3.2001622
98.55 3.2001861
98.56 3.20021
98.57 3.2002578
98.58 3.2002817
98.59 3.2003056
98.6 3.2003295
98.61 3.2003534
98.62 3.2003773
98.63 3.2004012
98.64 3.200449
98.65 3.2004729
98.66 3.2004968
98.67 3.2005207
98.68 3.2005446
98.69 3.2005685
98.7 3.2005924
98.71 3.2006402
98.72 3.2006641
98.73 3.200688
98.74 3.2007119
98.75 3.2007358
98.76 3.2007597
98.77 3.2007836
98.78 3.2008314
98.79 3.2008553
98.8 3.2008792
98.81 3.2009031
98.82 3.200927
98.83 3.2009509
98.84 3.2009987
98.85 3.2010226
98.86 3.2010465
98.87 3.2010704
98.88 3.2010943
98.89 3.2011182
98.9 3.201166
98.91 3.2011899
98.92 3.2012138
98.93 3.2012377
98.94 3.2012616
98.95 3.2013094
98.96 3.2013333
98.97 3.2013572
98.98 3.2013811
98.99 3.201405
99.0 3.2014289
99.01 3.2014767
99.02 3.2015006
99.03 3.2015245
99.04 3.2015484
99.05 3.2015723
99.06 3.2016201
99.07 3.201644
99.08 3.2016679
99.09 3.2016918
99.1 3.2017157
99.11 3.2017635
99.12 3.2017874
99.13 3.2018113
99.14 3.2018352
99.15 3.2018591
99.16 3.2019069
99.17 3.2019308
99.18 3.2019547
99.19 3.2019786
99.2 3.2020264
99.21 3.2020503
99.22 3.2020742
99.23 3.2020981
99.24 3.202122
99.25 3.2021698
99.26 3.2021937
99.27 3.2022176
99.28 3.2022415
99.29 3.2022893
99.3 3.2023132
99.31 3.2023371
99.32 3.202361
99.33 3.2023849
99.34 3.2024327
99.35 3.2024566
99.36 3.2024805
99.37 3.2025044
99.38 3.2025522
99.39 3.2025761
99.4 3.2026
99.41 3.2026239
99.42 3.2026717
99.43 3.2026956
99.44 3.2027195
99.45 3.2027434
99.46 3.2027912
99.47 3.2028151
99.48 3.202839
99.49 3.2028629
99.5 3.2029107
99.51 3.2029346
99.52 3.2029585
99.53 3.2029824
99.54 3.2030302
99.55 3.2030541
99.56 3.203078
99.57 3.2031019
99.58 3.2031497
99.59 3.2031736
99.6 3.2031975
99.61 3.2032214
99.62 3.2032692
99.63 3.2032931
99.64 3.203317
99.65 3.2033648
99.66 3.2033887
99.67 3.2034126
99.68 3.2034365
99.69 3.2034843
99.7 3.2035082
99.71 3.2035321
99.72 3.2035799
99.73 3.2036038
99.74 3.2036277
99.75 3.2036516
99.76 3.2036994
99.77 3.2037233
99.78 3.2037472
99.79 3.203795
99.8 3.2038189
99.81 3.2038428
99.82 3.2038667
99.83 3.2039145
99.84 3.2039384
99.85 3.2039623
99.86 3.2040101
99.87 3.204034
99.88 3.2040579
99.89 3.2041057
99.9 3.2041296
99.91 3.2041535
99.92 3.2042013
99.93 3.2042252
99.94 3.2042491
99.95 3.204273
99.96 3.2043208
99.97 3.2043447
99.98 3.2043686
99.99 3.2044164
100.0 3.2044403
100.01 3.2044642
100.02 3.204512
100.03 3.2045359
100.04 3.2045598
100.05 3.2046076
100.06 3.2046315
100.07 3.2046554
100.08 3.2047032
100.09 3.2047271
100.1 3.204751
100.11 3.2047988
100.12 3.2048227
100.13 3.2048466
100.14 3.2048944
100.15 3.2049183
100.16 3.2049422
100.17 3.20499
100.18 3.2050139
100.19 3.2050617
100.2 3.2050856
100.21 3.2051095
100.22 3.2051573
100.23 3.2051812
100.24 3.2052051
100.25 3.2052529
100.26 3.2052768
100.27 3.2053007
100.28 3.2053485
100.29 3.2053724
100.3 3.2053963
100.31 3.2054441
100.32 3.205468
100.33 3.2055158
100.34 3.2055397
100.35 3.2055636
100.36 3.2056114
100.37 3.2056353
100.38 3.2056592
100.39 3.205707
100.4 3.2057309
100.41 3.2057787
100.42 3.2058026
100.43 3.2058265
100.44 3.2058743
100.45 3.2058982
100.46 3.2059221
100.47 3.2059699
100.48 3.2059938
100.49 3.2060416
100.5 3.2060655
100.51 3.2060894
100.52 3.2061372
100.53 3.2061611
100.54 3.2062089
100.55 3.2062328
100.56 3.2062567
100.57 3.2063045
100.58 3.2063284
100.59 3.2063762
100.6 3.2064001
100.61 3.206424
100.62 3.2064718
100.63 3.2064957
100.64 3.2065435
100.65 3.2065674
100.66 3.2065913
100.67 3.2066391
100.68 3.206663
100.69 3.2067108
100.7 3.2067347
100.71 3.2067825
100.72 3.2068064
100.73 3.2068303
100.74 3.2068781
100.75 3.206902
100.76 3.2069498
100.77 3.2069737
100.78 3.2070215
100.79 3.2070454
100.8 3.2070693
100.81 3.2071171
100.82 3.207141
100.83 3.2071888
100.84 3.2072127
100.85 3.2072605
100.86 3.2072844
100.87 3.2073083
100.88 3.2073561
100.89 3.20738
100.9 3.2074278
100.91 3.2074517
100.92 3.2074995
100.93 3.2075234
100.94 3.2075712
100.95 3.2075951
100.96 3.207619
100.97 3.2076668
100.98 3.2076907
100.99 3.2077385
101.0 3.2077624
101.01 3.2078102
101.02 3.2078341
101.03 3.2078819
101.04 3.2079058
101.05 3.2079536
101.06 3.2079775
101.07 3.2080253
101.08 3.2080492
101.09 3.208097
101.1 3.2081209
101.11 3.2081448
101.12 3.2081926
101.13 3.2082165
101.14 3.2082643
101.15 3.2082882
101.16 3.208336
101.17 3.2083599
101.18 3.2084077
101.19 3.2084316
101.2 3.2084794
101.21 3.2085033
101.22 3.2085511
101.23 3.208575
101.24 3.2086228
101.25 3.2086467
101.26 3.2086945
101.27 3.2087184
101.28 3.2087662
101.29 3.2087901
101.3 3.2088379
101.31 3.2088618
101.32 3.2089096
101.33 3.2089335
101.34 3.2089813
101.35 3.2090052
101.36 3.209053
101.37 3.2090769
101.38 3.2091247
101.39 3.2091486
101.4 3.2091964
101.41 3.2092203
101.42 3.2092681
101.43 3.209292
101.44 3.2093398
101.45 3.2093637
101.46 3.2094115
101.47 3.2094593
101.48 3.2094832
101.49 3.209531
101.5 3.2095549
101.51 3.2096027
101.52 3.2096266
101.53 3.2096744
101.54 3.2096983
101.55 3.2097461
101.56 3.20977
101.57 3.2098178
101.58 3.2098417
101.59 3.2098895
101.6 3.2099134
101.61 3.2099612
101.62 3.210009
101.63 3.2100329
101.64 3.2100807
101.65 3.2101046
101.66 3.2101524
101.67 3.2101763
101.68 3.2102241
101.69 3.210248
101.7 3.2102958
101.71 3.2103436
101.72 3.2103675
101.73 3.2104153
101.74 3.2104392
101.75 3.210487
101.76 3.2105109
101.77 3.2105587
101.78 3.2105826
101.79 3.2106304
101.8 3.2106782
101.81 3.2107021
101.82 3.2107499
101.83 3.2107738
101.84 3.2108216
101.85 3.2108455
101.86 3.2108933
101.87 3.2109411
101.88 3.210965
101.89 3.2110128
101.9 3.2110367
101.91 3.2110845
101.92 3.2111323
101.93 3.2111562
101.94 3.211204
101.95 3.2112279
101.96 3.2112757
101.97 3.2113235
101.98 3.2113474
101.99 3.2113952
102.0 3.2114191
102.01 3.2114669
102.02 3.2115147
102.03 3.2115386
102.04 3.2115864
102.05 3.2116103
102.06 3.2116581
102.07 3.2117059
102.08 3.2117298
102.09 3.2117776
102.1 3.2118015
102.11 3.2118493
102.12 3.2118971
102.13 3.211921
102.14 3.2119688
102.15 3.2119927
102.16 3.2120405
102.17 3.2120883
102.18 3.2121122
102.19 3.21216
102.2 3.2122078
102.21 3.2122317
102.22 3.2122795
102.23 3.2123034
102.24 3.2123512
102.25 3.212399
102.26 3.2124229
102.27 3.2124707
102.28 3.2125185
102.29 3.2125424
102.3 3.2125902
102.31 3.212638
102.32 3.2126619
102.33 3.2127097
102.34 3.2127336
102.35 3.2127814
102.36 3.2128292
102.37 3.2128531
102.38 3.2129009
102.39 3.2129487
102.4 3.2129726
102.41 3.2130204
102.42 3.2130682
102.43 3.2130921
102.44 3.2131399
102.45 3.2131877
102.46 3.2132116
102.47 3.2132594
102.48 3.2133072
102.49 3.2133311
102.5 3.2133789
102.51 3.2134267
102.52 3.2134506
102.53 3.2134984
102.54 3.2135462
102.55 3.2135701
102.56 3.2136179
102.57 3.2136657
102.58 3.2136896
102.59 3.2137374
102.6 3.2137852
102.61 3.2138091
102.62 3.2138569
102.63 3.2139047
102.64 3.2139525
102.65 3.2139764
102.66 3.2140242
102.67 3.214072
102.68 3.2140959
102.69 3.2141437
102.7 3.2141915
102.71 3.2142154
102.72 3.2142632
102.73 3.214311
102.74 3.2143349
102.75 3.2143827
102.76 3.2144305
102.77 3.2144783
102.78 3.2145022
102.79 3.21455
102.8 3.2145978
102.81 3.2146217
102.82 3.2146695
102.83 3.2147173
102.84 3.2147651
102.85 3.214789
102.86 3.2148368
102.87 3.2148846
102.88 3.2149085
102.89 3.2149563
102.9 3.2150041
102.91 3.2150519
102.92 3.2150758
102.93 3.2151236
102.94 3.2151714
102.95 3.2152192
102.96 3.2152431
102.97 3.2152909
102.98 3.2153387
102.99 3.2153626
103.0 3.2154104
103.01 3.2154582
103.02 3.215506
103.03 3.2155299
103.04 3.2155777
103.05 3.2156255
103.06 3.2156733
103.07 3.2156972
103.08 3.215745
103.09 3.2157928
103.1 3.2158406
103.11 3.2158645
103.12 3.2159123
103.13 3.2159601
103.14 3.2160079
103.15 3.2160318
103.16 3.2160796
103.17 3.2161274
103.18 3.2161752
103.19 3.216223
103.2 3.2162469
103.21 3.2162947
103.22 3.2163425
103.23 3.2163903
103.24 3.2164142
103.25 3.216462
103.26 3.2165098
103.27 3.2165576
103.28 3.2165815
103.29 3.2166293
103.3 3.2166771
103.31 3.2167249
103.32 3.2167727
103.33 3.2167966
103.34 3.2168444
103.35 3.2168922
103.36 3.21694
103.37 3.2169878
103.38 3.2170117
103.39 3.2170595
103.4 3.2171073
103.41 3.2171551
103.42 3.2172029
103.43 3.2172268
103.44 3.2172746
103.45 3.2173224
103.46 3.2173702
103.47 3.217418
103.48 3.2174419
103.49 3.2174897
103.5 3.2175375
103.51 3.2175853
103.52 3.2176331
103.53 3.217657
103.54 3.2177048
103.55 3.2177526
103.56 3.2178004
103.57 3.2178482
103.58 3.2178721
103.59 3.2179199
103.6 3.2179677
103.61 3.2180155
103.62 3.2180633
103.63 3.2181111
103.64 3.218135
103.65 3.2181828
103.66 3.2182306
103.67 3.2182784
103.68 3.2183262
103.69 3.218374
103.7 3.2183979
103.71 3.2184457
103.72 3.2184935
103.73 3.2185413
103.74 3.2185891
103.75 3.2186369
103.76 3.2186608
103.77 3.2187086
103.78 3.2187564
103.79 3.2188042
103.8 3.218852
103.81 3.2188998
103.82 3.2189476
103.83 3.2189715
103.84 3.2190193
103.85 3.2190671
103.86 3.2191149
103.87 3.2191627
103.88 3.2192105
103.89 3.2192583
103.9 3.2192822
103.91 3.21933
103.92 3.2193778
103.93 3.2194256
103.94 3.2194734
103.95 3.2195212
103.96 3.219569
103.97 3.2196168
103.98 3.2196407
103.99 3.2196885
104.0 3.2197363
104.01 3.2197841
104.02 3.2198319
104.03 3.2198797
104.04 3.2199275
104.05 3.2199753
104.06 3.2200231
104.07 3.220047
104.08 3.2200948
104.09 3.2201426
104.1 3.2201904
104.11 3.2202382
104.12 3.220286
104.13 3.2203338
104.14 3.2203816
104.15 3.2204294
104.16 3.2204772
104.17 3.2205011
104.18 3.2205489
104.19 3.2205967
104.2 3.2206445
104.21 3.2206923
104.22 3.2207401
104.23 3.2207879
104.24 3.2208357
104.25 3.2208835
104.26 3.2209313
104.27 3.2209791
104.28 3.221003
104.29 3.2210508
104.3 3.2210986
104.31 3.2211464
104.32 3.2211942
104.33 3.221242
104.34 3.2212898
104.35 3.2213376
104.36 3.2213854
104.37 3.2214332
104.38 3.221481
104.39 3.2215288
104.4 3.2215766
104.41 3.2216244
104.42 3.2216722
104.43 3.2216961
104.44 3.2217439
104.45 3.2217917
104.46 3.2218395
104.47 3.2218873
104.48 3.2219351
104.49 3.2219829
104.5 3.2220307
104.51 3.2220785
104.52 3.2221263
104.53 3.2221741
104.54 3.2222219
104.55 3.2222697
104.56 3.2223175
104.57 3.2223653
104.58 3.2224131
104.59 3.2224609
104.6 3.2225087
104.61 3.2225565
104.62 3.2226043
104.63 3.2226521
104.64 3.2226999
104.65 3.2227477
104.66 3.2227955
104.67 3.2228194
104.68 3.2228672
104.69 3.222915
104.7 3.2229628
104.71 3.2230106
104.72 3.2230584
104.73 3.2231062
104.74 3.223154
104.75 3.2232018
104.76 3.2232496
104.77 3.2232974
104.78 3.2233452
104.79 3.223393
104.8 3.2234408
104.81 3.2234886
104.82 3.2235364
104.83 3.2235842
104.84 3.223632
104.85 3.2236798
104.86 3.2237276
104.87 3.2237754
104.88 3.2238232
104.89 3.223871
104.9 3.2239188
104.91 3.2239666
104.92 3.2240144
104.93 3.2240622
104.94 3.22411
104.95 3.2241578
104.96 3.2242056
104.97 3.2242534
104.98 3.2243012
104.99 3.2243729
105.0 3.2244207
105.01 3.2244685
105.02 3.2245163
105.03 3.2245641
105.04 3.2246119
105.05 3.2246597
105.06 3.2247075
105.07 3.2247553
105.08 3.2248031
105.09 3.2248509
105.1 3.2248987
105.11 3.2249465
105.12 3.2249943
105.13 3.2250421
105.14 3.2250899
105.15 3.2251377
105.16 3.2251855
105.17 3.2252333
105.18 3.2252811
105.19 3.2253289
105.2 3.2253767
105.21 3.2254245
105.22 3.2254723
105.23 3.225544
105.24 3.2255918
105.25 3.2256396
105.26 3.2256874
105.27 3.2257352
105.28 3.225783
105.29 3.2258308
105.3 3.2258786
105.31 3.2259264
105.32 3.2259742
105.33 3.226022
105.34 3.2260698
105.35 3.2261176
105.36 3.2261654
105.37 3.2262132
105.38 3.2262849
105.39 3.2263327
105.4 3.2263805
105.41 3.2264283
105.42 3.2264761
105.43 3.2265239
105.44 3.2265717
105.45 3.2266195
105.46 3.2266673
105.47 3.2267151
105.48 3.2267629
105.49 3.2268346
105.5 3.2268824
105.51 3.2269302
105.52 3.226978
105.53 3.2270258
105.54 3.2270736
105.55 3.2271214
105.56 3.2271692
105.57 3.227217
105.58 3.2272648
105.59 3.2273365
105.6 3.2273843
105.61 3.2274321
105.62 3.2274799
105.63 3.2275277
105.64 3.2275755
105.65 3.2276233
105.66 3.2276711
105.67 3.2277189
105.68 3.2277906
105.69 3.2278384
105.7 3.2278862
105.71 3.227934
105.72 3.2279818
105.73 3.2280296
105.74 3.2280774
105.75 3.2281491
105.76 3.2281969
105.77 3.2282447
105.78 3.2282925
105.79 3.2283403
105.8 3.2283881
105.81 3.2284359
105.82 3.2284837
105.83 3.2285554
105.84 3.2286032
105.85 3.228651
105.86 3.2286988
105.87 3.2287466
105.88 3.2287944
105.89 3.2288661
105.9 3.2289139
105.91 3.2289617
105.92 3.2290095
105.93 3.2290573
105.94 3.2291051
105.95 3.2291768
105.96 3.2292246
105.97 3.2292724
105.98 3.2293202
105.99 3.229368
106.0 3.2294158
106.01 3.2294875
106.02 3.2295353
106.03 3.2295831
106.04 3.2296309
106.05 3.2296787
106.06 3.2297265
106.07 3.2297982
106.08 3.229846
106.09 3.2298938
106.1 3.2299416
106.11 3.2299894
106.12 3.2300372
106.13 3.2301089
106.14 3.2301567
106.15 3.2302045
106.16 3.2302523
106.17 3.2303001
106.18 3.2303718
106.19 3.2304196
106.2 3.2304674
106.21 3.2305152
106.22 3.230563
106.23 3.2306347
106.24 3.2306825
106.25 3.2307303
106.26 3.2307781
106.27 3.2308259
106.28 3.2308976
106.29 3.2309454
106.3 3.2309932
106.31 3.231041
106.32 3.2311127
106.33 3.2311605
106.34 3.2312083
106.35 3.2312561
106.36 3.2313039
106.37 3.2313756
106.38 3.2314234
106.39 3.2314712
106.4 3.231519
106.41 3.2315907
106.42 3.2316385
106.43 3.2316863
106.44 3.2317341
106.45 3.2318058
106.46 3.2318536
106.47 3.2319014
106.48 3.2319492
106.49 3.231997
106.5 3.2320687
106.51 3.2321165
106.52 3.2321643
106.53 3.2322121
106.54 3.2322838
106.55 3.2323316
106.56 3.2323794
106.57 3.2324272
106.58 3.2324989
106.59 3.2325467
106.6 3.2325945
106.61 3.2326662
106.62 3.232714
106.63 3.2327618
106.64 3.2328096
106.65 3.2328813
106.66 3.2329291
106.67 3.2329769
106.68 3.2330247
106.69 3.2330964
106.7 3.2331442
106.71 3.233192
106.72 3.2332398
106.73 3.2333115
106.74 3.2333593
106.75 3.2334071
106.76 3.2334788
106.77 3.2335266
106.78 3.2335744
106.79 3.2336222
106.8 3.2336939
106.81 3.2337417
106.82 3.2337895
106.83 3.2338612
106.84 3.233909
106.85 3.2339568
106.86 3.2340285
106.87 3.2340763
106.88 3.2341241
106.89 3.2341719
106.9 3.2342436
106.91 3.2342914
106.92 3.2343392
106.93 3.2344109
106.94 3.2344587
106.95 3.2345065
106.96 3.2345782
106.97 3.234626
106.98 3.2346738
106.99 3.2347455
107.0 3.2347933
107.01 3.2348411
107.02 3.2348889
107.03 3.2349606
107.04 3.2350084
107.05 3.2350562
107.06 3.2351279
107.07 3.2351757
107.08 3.2352235
107.09 3.2352952
107.1 3.235343
107.11 3.2353908
107.12 3.2354625
107.13 3.2355103
107.14 3.2355581
107.15 3.2356298
107.16 3.2356776
107.17 3.2357254
107.18 3.2357971
107.19 3.2358449
107.2 3.2359166
107.21 3.2359644
107.22 3.2360122
107.23 3.2360839
107.24 3.2361317
107.25 3.2361795
107.26 3.2362512
107.27 3.236299
107.28 3.2363468
107.29 3.2364185
107.3 3.2364663
107.31 3.2365141
107.32 3.2365858
107.33 3.2366336
107.34 3.2367053
107.35 3.2367531
107.36 3.2368009
107.37 3.2368726
107.38 3.2369204
107.39 3.2369682
107.4 3.2370399
107.41 3.2370877
107.42 3.2371594
107.43 3.2372072
107.44 3.237255
107.45 3.2373267
107.46 3.2373745
107.47 3.2374223
107.48 3.237494
107.49 3.2375418
107.5 3.2376135
107.51 3.2376613
107.52 3.2377091
107.53 3.2377808
107.54 3.2378286
107.55 3.2379003
107.56 3.2379481
107.57 3.2379959
107.58 3.2380676
107.59 3.2381154
107.6 3.2381871
107.61 3.2382349
107.62 3.2382827
107.63 3.2383544
107.64 3.2384022
107.65 3.2384739
107.66 3.2385217
107.67 3.2385934
107.68 3.2386412
107.69 3.238689
107.7 3.2387607
107.71 3.2388085
107.72 3.2388802
107.73 3.238928
107.74 3.2389997
107.75 3.2390475
107.76 3.2390953
107.77 3.239167
107.78 3.2392148
107.79 3.2392865
107.8 3.2393343
107.81 3.239406
107.82 3.2394538
107.83 3.2395016
107.84 3.2395733
107.85 3.2396211
107.86 3.2396928
107.87 3.2397406
107.88 3.2398123
107.89 3.2398601
107.9 3.2399318
107.91 3.2399796
107.92 3.2400513
107.93 3.2400991
107.94 3.2401469
107.95 3.2402186
107.96 3.2402664
107.97 3.2403381
107.98 3.2403859
107.99 3.2404576
108.0 3.2405054
108.01 3.2405771
108.02 3.2406249
108.03 3.2406966
108.04 3.2407444
108.05 3.2408161
108.06 3.2408639
108.07 3.2409356
108.08 3.2409834
108.09 3.2410312
108.1 3.2411029
108.11 3.2411507
108.12 3.2412224
108.13 3.2412702
108.14 3.2413419
108.15 3.2413897
108.16 3.2414614
108.17 3.2415092
108.18 3.2415809
108.19 3.2416287
108.2 3.2417004
108.21 3.2417482
108.22 3.2418199
108.23 3.2418677
108.24 3.2419394
108.25 3.2419872
108.26 3.2420589
108.27 3.2421067
108.28 3.2421784
108.29 3.2422262
108.3 3.2422979
108.31 3.2423457
108.32 3.2424174
108.33 3.2424891
108.34 3.2425369
108.35 3.2426086
108.36 3.2426564
108.37 3.2427281
108.38 3.2427759
108.39 3.2428476
108.4 3.2428954
108.41 3.2429671
108.42 3.2430149
108.43 3.2430866
108.44 3.2431344
108.45 3.2432061
108.46 3.2432539
108.47 3.2433256
108.48 3.2433734
108.49 3.2434451
108.5 3.2435168
108.51 3.2435646
108.52 3.2436363
108.53 3.2436841
108.54 3.2437558
108.55 3.2438036
108.56 3.2438753
108.57 3.2439231
108.58 3.2439948
108.59 3.2440665
108.6 3.2441143
108.61 3.244186
108.62 3.2442338
108.63 3.2443055
108.64 3.2443533
108.65 3.244425
108.66 3.2444728
108.67 3.2445445
108.68 3.2446162
108.69 3.244664
108.7 3.2447357
108.71 3.2447835
108.72 3.2448552
108.73 3.244903
108.74 3.2449747
108.75 3.2450464
108.76 3.2450942
108.77 3.2451659
108.78 3.2452137
108.79 3.2452854
108.8 3.2453571
108.81 3.2454049
108.82 3.2454766
108.83 3.2455244
108.84 3.2455961
108.85 3.2456678
108.86 3.2457156
108.87 3.2457873
108.88 3.2458351
108.89 3.2459068
108.9 3.2459785
108.91 3.2460263
108.92 3.246098
108.93 3.2461458
108.94 3.2462175
108.95 3.2462892
108.96 3.246337
108.97 3.2464087
108.98 3.2464565
108.99 3.2465282
109.0 3.2465999
109.01 3.2466477
109.02 3.2467194
109.03 3.2467911
109.04 3.2468389
109.05 3.2469106
109.06 3.2469584
109.07 3.2470301
109.08 3.2471018
109.09 3.2471496
109.1 3.2472213
109.11 3.247293
109.12 3.2473408
109.13 3.2474125
109.14 3.2474842
109.15 3.247532
109.16 3.2476037
109.17 3.2476515
109.18 3.2477232
109.19 3.2477949
109.2 3.2478427
109.21 3.2479144
109.22 3.2479861
109.23 3.2480339
109.24 3.2481056
109.25 3.2481773
109.26 3.2482251
109.27 3.2482968
109.28 3.2483685
109.29 3.2484163
109.3 3.248488
109.31 3.2485597
109.32 3.2486075
109.33 3.2486792
109.34 3.2487509
109.35 3.2487987
109.36 3.2488704
109.37 3.2489421
109.38 3.2489899
109.39 3.2490616
109.4 3.2491333
109.41 3.2491811
109.42 3.2492528
109.43 3.2493245
109.44 3.2493962
109.45 3.249444
109.46 3.2495157
109.47 3.2495874
109.48 3.2496352
109.49 3.2497069
109.5 3.2497786
109.51 3.2498264
109.52 3.2498981
109.53 3.2499698
109.54 3.2500176
109.55 3.2500893
109.56 3.250161
109.57 3.2502327
109.58 3.2502805
109.59 3.2503522
109.6 3.2504239
109.61 3.2504717
109.62 3.2505434
109.63 3.2506151
109.64 3.2506868
109.65 3.2507346
109.66 3.2508063
109.67 3.250878
109.68 3.2509258
109.69 3.2509975
109.7 3.2510692
109.71 3.2511409
109.72 3.2511887
109.73 3.2512604
109.74 3.2513321
109.75 3.2514038
109.76 3.2514516
109.77 3.2515233
109.78 3.251595
109.79 3.2516667
109.8 3.2517145
109.81 3.2517862
109.82 3.2518579
109.83 3.2519296
109.84 3.2519774
109.85 3.2520491
109.86 3.2521208
109.87 3.2521925
109.88 3.2522403
109.89 3.252312
109.9 3.2523837
109.91 3.2524554
109.92 3.2525032
109.93 3.2525749
109.94 3.2526466
109.95 3.2527183
109.96 3.2527661
109.97 3.2528378
109.98 3.2529095
109.99 3.2529812
110.0 3.253029
110.01 3.2531007
110.02 3.2531724
110.03 3.2532441
110.04 3.2533158
110.05 3.2533636
110.06 3.2534353
110.07 3.253507
110.08 3.2535787
110.09 3.2536504
110.1 3.2536982
110.11 3.2537699
110.12 3.2538416
110.13 3.2539133
110.14 3.253985
110.15 3.2540328
110.16 3.2541045
110.17 3.2541762
110.18 3.2542479
110.19 3.2543196
110.2 3.2543674
110.21 3.2544391
110.22 3.2545108
110.23 3.2545825
110.24 3.2546542
110.25 3.254702
110.26 3.2547737
110.27 3.2548454
110.28 3.2549171
110.29 3.2549888
110.3 3.2550366
110.31 3.2551083
110.32 3.25518
110.33 3.2552517
110.34 3.2553234
110.35 3.2553951
110.36 3.2554429
110.37 3.2555146
110.38 3.2555863
110.39 3.255658
110.4 3.2557297
110.41 3.2558014
110.42 3.2558492
110.43 3.2559209
110.44 3.2559926
110.45 3.2560643
110.46 3.256136
110.47 3.2562077
110.48 3.2562794
110.49 3.2563272
110.5 3.2563989
110.51 3.2564706
110.52 3.2565423
110.53 3.256614
110.54 3.2566857
110.55 3.2567335
110.56 3.2568052
110.57 3.2568769
110.58 3.2569486
110.59 3.2570203
110.6 3.257092
110.61 3.2571637
110.62 3.2572354
110.63 3.2572832
110.64 3.2573549
110.65 3.2574266
110.66 3.2574983
110.67 3.25757
110.68 3.2576417
110.69 3.2577134
110.7 3.2577851
110.71 3.2578329
110.72 3.2579046
110.73 3.2579763
110.74 3.258048
110.75 3.2581197
110.76 3.2581914
110.77 3.2582631
110.78 3.2583348
110.79 3.2584065
110.8 3.2584782
110.81 3.258526
110.82 3.2585977
110.83 3.2586694
110.84 3.2587411
110.85 3.2588128
110.86 3.2588845
110.87 3.2589562
110.88 3.2590279
110.89 3.2590996
110.9 3.2591713
110.91 3.259243
110.92 3.2592908
110.93 3.2593625
110.94 3.2594342
110.95 3.2595059
110.96 3.2595776
110.97 3.2596493
110.98 3.259721
110.99 3.2597927
111.0 3.2598644
111.01 3.2599361
111.02 3.2600078
111.03 3.2600795
111.04 3.2601512
111.05 3.2602229
111.06 3.2602707
111.07 3.2603424
111.08 3.2604141
111.09 3.2604858
111.1 3.2605575
111.11 3.2606292
111.12 3.2607009
111.13 3.2607726
111.14 3.2608443
111.15 3.260916
111.16 3.2609877
111.17 3.2610594
111.18 3.2611311
111.19 3.2612028
111.2 3.2612745
111.21 3.2613462
111.22 3.2614179
111.23 3.2614896
111.24 3.2615613
111.25 3.261633
111.26 3.2617047
111.27 3.2617764
111.28 3.2618481
111.29 3.2619198
111.3 3.2619676
111.31 3.2620393
111.32 3.262111
111.33 3.2621827
111.34 3.2622544
111.35 3.2623261
111.36 3.2623978
111.37 3.2624695
111.38 3.2625412
111.39 3.2626129
111.4 3.2626846
111.41 3.2627563
111.42 3.262828
111.43 3.2628997
111.44 3.2629714
111.45 3.2630431
111.46 3.2631148
111.47 3.2631865
111.48 3.2632582
111.49 3.2633299
111.5 3.2634016
111.51 3.2634733
111.52 3.263545
111.53 3.2636167
111.54 3.2636884
111.55 3.2637601
111.56 3.2638318
111.57 3.2639274
111.58 3.2639991
111.59 3.2640708
111.6 3.2641425
111.61 3.2642142
111.62 3.2642859
111.63 3.2643576
111.64 3.2644293
111.65 3.264501
111.66 3.2645727
111.67 3.2646444
111.68 3.2647161
111.69 3.2647878
111.7 3.2648595
111.71 3.2649312
111.72 3.2650029
111.73 3.2650746
111.74 3.2651463
111.75 3.265218
111.76 3.2652897
111.77 3.2653614
111.78 3.2654331
111.79 3.2655048
111.8 3.2655765
111.81 3.2656482
111.82 3.2657438
111.83 3.2658155
111.84 3.2658872
111.85 3.2659589
111.86 3.2660306
111.87 3.2661023
111.88 3.266174
111.89 3.2662457
111.9 3.2663174
111.91 3.2663891
111.92 3.2664608
111.93 3.2665325
111.94 3.2666042
111.95 3.2666759
111.96 3.2667715
111.97 3.2668432
111.98 3.2669149
111.99 3.2669866
112.0 3.2670583
112.01 3.26713
112.02 3.2672017
112.03 3.2672734
112.04 3.2673451
112.05 3.2674168
112.06 3.2674885
112.07 3.2675841
112.08 3.2676558
112.09 3.2677275
112.1 3.2677992
112.11 3.2678709
112.12 3.2679426
112.13 3.2680143
112.14 3.268086
112.15 3.2681577
112.16 3.2682533
112.17 3.268325
112.18 3.2683967
112.19 3.2684684
112.2 3.2685401
112.21 3.2686118
112.22 3.2686835
112.23 3.2687552
112.24 3.2688508
112.25 3.2689225
112.26 3.2689942
112.27 3.2690659
112.28 3.2691376
112.29 3.2692093
112.3 3.269281
112.31 3.2693527
112.32 3.2694483
112.33 3.26952
112.34 3.2695917
112.35 3.2696634
112.36 3.2697351
112.37 3.2698068
112.38 3.2698785
112.39 3.2699741
112.4 3.2700458
112.41 3.2701175
112.42 3.2701892
112.43 3.2702609
112.44 3.2703326
112.45 3.2704282
112.46 3.2704999
112.47 3.2705716
112.48 3.2706433
112.49 3.270715
112.5 3.2707867
112.51 3.2708823
112.52 3.270954
112.53 3.2710257
112.54 3.2710974
112.55 3.2711691
112.56 3.2712408
112.57 3.2713364
112.58 3.2714081
112.59 3.2714798
112.6 3.2715515
112.61 3.2716232
112.62 3.2717188
112.63 3.2717905
112.64 3.2718622
112.65 3.2719339
112.66 3.2720056
112.67 3.2721012
112.68 3.2721729
112.69 3.2722446
112.7 3.2723163
112.71 3.272388
112.72 3.2724836
112.73 3.2725553
112.74 3.272627
112.75 3.2726987
112.76 3.2727704
112.77 3.272866
112.78 3.2729377
112.79 3.2730094
112.8 3.2730811
112.81 3.2731528
112.82 3.2732484
112.83 3.2733201
112.84 3.2733918
112.85 3.2734635
112.86 3.2735591
112.87 3.2736308
112.88 3.2737025
112.89 3.2737742
112.9 3.2738698
112.91 3.2739415
112.92 3.2740132
112.93 3.2740849
112.94 3.2741566
112.95 3.2742522
112.96 3.2743239
112.97 3.2743956
112.98 3.2744673
112.99 3.2745629
113.0 3.2746346
113.01 3.2747063
113.02 3.274778
113.03 3.2748736
113.04 3.2749453
113.05 3.275017
113.06 3.2750887
113.07 3.2751843
113.08 3.275256
113.09 3.2753277
113.1 3.2754233
113.11 3.275495
113.12 3.2755667
113.13 3.2756384
113.14 3.275734
113.15 3.2758057
113.16 3.2758774
113.17 3.2759491
113.18 3.2760447
113.19 3.2761164
113.2 3.2761881
113.21 3.2762837
113.22 3.2763554
113.23 3.2764271
113.24 3.2764988
113.25 3.2765944
113.26 3.2766661
113.27 3.2767378
113.28 3.2768334
113.29 3.2769051
113.3 3.2769768
113.31 3.2770485
113.32 3.2771441
113.33 3.2772158
113.34 3.2772875
113.35 3.2773831
113.36 3.2774548
113.37 3.2775265
113.38 3.2776221
113.39 3.2776938
113.4 3.2777655
113.41 3.2778611
113.42 3.2779328
113.43 3.2780045
113.44 3.2781001
113.45 3.2781718
113.46 3.2782435
113.47 3.2783391
113.48 3.2784108
113.49 3.2784825
113.5 3.2785781
113.51 3.2786498
113.52 3.2787215
113.53 3.2788171
113.54 3.2788888
113.55 3.2789605
113.56 3.2790561
113.57 3.2791278
113.58 3.2791995
113.59 3.2792951
113.6 3.2793668
113.61 3.2794385
113.62 3.2795341
113.63 3.2796058
113.64 3.2796775
113.65 3.2797731
113.66 3.2798448
113.67 3.2799165
113.68 3.2800121
113.69 3.2800838
113.7 3.2801555
113.71 3.2802511
113.72 3.2803228
113.73 3.2804184
113.74 3.2804901
113.75 3.2805618
113.76 3.2806574
113.77 3.2807291
113.78 3.2808008
113.79 3.2808964
113.8 3.2809681
113.81 3.2810637
113.82 3.2811354
113.83 3.2812071
113.84 3.2813027
113.85 3.2813744
113.86 3.2814461
113.87 3.2815417
113.88 3.2816134
113.89 3.281709
113.9 3.2817807
113.91 3.2818524
113.92 3.281948
113.93 3.2820197
113.94 3.2821153
113.95 3.282187
113.96 3.2822587
113.97 3.2823543
113.98 3.282426
113.99 3.2825216
114.0 3.2825933
114.01 3.2826889
114.02 3.2827606
114.03 3.2828323
114.04 3.2829279
114.05 3.2829996
114.06 3.2830952
114.07 3.2831669
114.08 3.2832386
114.09 3.2833342
114.1 3.2834059
114.11 3.2835015
114.12 3.2835732
114.13 3.2836688
114.14 3.2837405
114.15 3.2838361
114.16 3.2839078
114.17 3.2839795
114.18 3.2840751
114.19 3.2841468
114.2 3.2842424
114.21 3.2843141
114.22 3.2844097
114.23 3.2844814
114.24 3.284577
114.25 3.2846487
114.26 3.2847204
114.27 3.284816
114.28 3.2848877
114.29 3.2849833
114.3 3.285055
114.31 3.2851506
114.32 3.2852223
114.33 3.2853179
114.34 3.2853896
114.35 3.2854852
114.36 3.2855569
114.37 3.2856525
114.38 3.2857242
114.39 3.2857959
114.4 3.2858915
114.41 3.2859632
114.42 3.2860588
114.43 3.2861305
114.44 3.2862261
114.45 3.2862978
114.46 3.2863934
114.47 3.2864651
114.48 3.2865607
114.49 3.2866324
114.5 3.286728
114.51 3.2867997
114.52 3.2868953
114.53 3.286967
114.54 3.2870626
114.55 3.2871343
114.56 3.2872299
114.57 3.2873016
114.58 3.2873972
114.59 3.2874689
114.6 3.2875645
114.61 3.2876362
114.62 3.2877318
114.63 3.2878035
114.64 3.2878991
114.65 3.2879708
114.66 3.2880664
114.67 3.2881381
114.68 3.2882337
114.69 3.2883293
114.7 3.288401
114.71 3.2884966
114.72 3.2885683
114.73 3.2886639
114.74 3.2887356
114.75 3.2888312
114.76 3.2889029
114.77 3.2889985
114.78 3.2890702
114.79 3.2891658
114.8 3.2892375
114.81 3.2893331
114.82 3.2894287
114.83 3.2895004
114.84 3.289596
114.85 3.2896677
114.86 3.2897633
114.87 3.289835
114.88 3.2899306
114.89 3.2900023
114.9 3.2900979
114.91 3.2901935
114.92 3.2902652
114.93 3.2903608
114.94 3.2904325
114.95 3.2905281
114.96 3.2905998
114.97 3.2906954
114.98 3.2907671
114.99 3.2908627
115.0 3.2909583
115.01 3.29103
115.02 3.2911256
115.03 3.2911973
115.04 3.2912929
115.05 3.2913885
115.06 3.2914602
115.07 3.2915558
115.08 3.2916275
115.09 3.2917231
115.1 3.2917948
115.11 3.2918904
115.12 3.291986
115.13 3.2920577
115.14 3.2921533
115.15 3.292225
115.16 3.2923206
115.17 3.2924162
115.18 3.2924879
115.19 3.2925835
115.2 3.2926791
115.21 3.2927508
115.22 3.2928464
115.23 3.2929181
115.24 3.2930137
115.25 3.2931093
115.26 3.293181
115.27 3.2932766
115.28 3.2933483
115.29 3.2934439
115.3 3.2935395
115.31 3.2936112
115.32 3.2937068
115.33 3.2938024
115.34 3.2938741
115.35 3.2939697
115.36 3.2940653
115.37 3.294137
115.38 3.2942326
115.39 3.2943043
115.4 3.2943999
115.41 3.2944955
115.42 3.2945672
115.43 3.2946628
115.44 3.2947584
115.45 3.2948301
115.46 3.2949257
115.47 3.2950213
115.48 3.295093
115.49 3.2951886
115.5 3.2952842
115.51 3.2953559
115.52 3.2954515
115.53 3.2955471
115.54 3.2956188
115.55 3.2957144
115.56 3.29581
115.57 3.2958817
115.58 3.2959773
115.59 3.2960729
115.6 3.2961446
115.61 3.2962402
115.62 3.2963358
115.63 3.2964075
115.64 3.2965031
115.65 3.2965987
115.66 3.2966704
115.67 3.296766
115.68 3.2968616
115.69 3.2969333
115.7 3.2970289
115.71 3.2971245
115.72 3.2972201
115.73 3.2972918
115.74 3.2973874
115.75 3.297483
115.76 3.2975547
115.77 3.2976503
115.78 3.2977459
115.79 3.2978176
115.8 3.2979132
115.81 3.2980088
115.82 3.2981044
115.83 3.2981761
115.84 3.2982717
115.85 3.2983673
115.86 3.298439
115.87 3.2985346
115.88 3.2986302
115.89 3.2987258
115.9 3.2987975
115.91 3.2988931
115.92 3.2989887
115.93 3.2990843
115.94 3.299156
115.95 3.2992516
115.96 3.2993472
115.97 3.2994189
115.98 3.2995145
115.99 3.2996101
116.0 3.2997057
116.01 3.2997774
116.02 3.299873
116.03 3.2999686
116.04 3.3000642
116.05 3.3001359
116.06 3.3002315
116.07 3.3003271
116.08 3.3004227
116.09 3.3004944
116.1 3.30059
116.11 3.3006856
116.12 3.3007812
116.13 3.3008529
116.14 3.3009485
116.15 3.3010441
116.16 3.3011397
116.17 3.3012353
116.18 3.301307
116.19 3.3014026
116.2 3.3014982
116.21 3.3015938
116.22 3.3016655
116.23 3.3017611
116.24 3.3018567
116.25 3.3019523
116.26 3.3020479
116.27 3.3021196
116.28 3.3022152
116.29 3.3023108
116.3 3.3024064
116.31 3.302502
116.32 3.3025737
116.33 3.3026693
116.34 3.3027649
116.35 3.3028605
116.36 3.3029561
116.37 3.3030278
116.38 3.3031234
116.39 3.303219
116.4 3.3033146
116.41 3.3034102
116.42 3.3034819
116.43 3.3035775
116.44 3.3036731
116.45 3.3037687
116.46 3.3038643
116.47 3.303936
116.48 3.3040316
116.49 3.3041272
116.5 3.3042228
116.51 3.3043184
116.52 3.304414
116.53 3.3044857
116.54 3.3045813
116.55 3.3046769
116.56 3.3047725
116.57 3.3048681
116.58 3.3049637
116.59 3.3050354
116.6 3.305131
116.61 3.3052266
116.62 3.3053222
116.63 3.3054178
116.64 3.3055134
116.65 3.305609
116.66 3.3056807
116.67 3.3057763
116.68 3.3058719
116.69 3.3059675
116.7 3.3060631
116.71 3.3061587
116.72 3.3062543
116.73 3.306326
116.74 3.3064216
116.75 3.3065172
116.76 3.3066128
116.77 3.3067084
116.78 3.306804
116.79 3.3068996
116.8 3.3069713
116.81 3.3070669
116.82 3.3071625
116.83 3.3072581
116.84 3.3073537
116.85 3.3074493
116.86 3.3075449
116.87 3.3076405
116.88 3.3077361
116.89 3.3078078
116.9 3.3079034
116.91 3.307999
116.92 3.3080946
116.93 3.3081902
116.94 3.3082858
116.95 3.3083814
116.96 3.308477
116.97 3.3085726
116.98 3.3086682
116.99 3.3087399
117.0 3.3088355
117.01 3.3089311
117.02 3.3090267
117.03 3.3091223
117.04 3.3092179
117.05 3.3093135
117.06 3.3094091
117.07 3.3095047
117.08 3.3096003
117.09 3.3096959
117.1 3.3097915
117.11 3.3098871
117.12 3.3099588
117.13 3.3100544
117.14 3.31015
117.15 3.3102456
117.16 3.3103412
117.17 3.3104368
117.18 3.3105324
117.19 3.310628
117.2 3.3107236
117.21 3.3108192
117.22 3.3109148
117.23 3.3110104
117.24 3.311106
117.25 3.3112016
117.26 3.3112972
117.27 3.3113928
117.28 3.3114884
117.29 3.311584
117.3 3.3116557
117.31 3.3117513
117.32 3.3118469
117.33 3.3119425
117.34 3.3120381
117.35 3.3121337
117.36 3.3122293
117.37 3.3123249
117.38 3.3124205
117.39 3.3125161
117.4 3.3126117
117.41 3.3127073
117.42 3.3128029
117.43 3.3128985
117.44 3.3129941
117.45 3.3130897
117.46 3.3131853
117.47 3.3132809
117.48 3.3133765
117.49 3.3134721
117.5 3.3135677
117.51 3.3136633
117.52 3.3137589
117.53 3.3138545
117.54 3.3139501
117.55 3.3140457
117.56 3.3141413
117.57 3.3142369
117.58 3.3143325
117.59 3.3144281
117.6 3.3145237
117.61 3.3146193
117.62 3.3147149
117.63 3.3148105
117.64 3.3149061
117.65 3.3150017
117.66 3.3150973
117.67 3.3151929
117.68 3.3152885
117.69 3.3153841
117.7 3.3154797
117.71 3.3155753
117.72 3.3156709
117.73 3.3157665
117.74 3.3158621
117.75 3.3159577
117.76 3.3160533
117.77 3.3161728
117.78 3.3162684
117.79 3.316364
117.8 3.3164596
117.81 3.3165552
117.82 3.3166508
117.83 3.3167464
117.84 3.316842
117.85 3.3169376
117.86 3.3170332
117.87 3.3171288
117.88 3.3172244
117.89 3.31732
117.9 3.3174156
117.91 3.3175112
117.92 3.3176068
117.93 3.3177024
117.94 3.317798
117.95 3.3179175
117.96 3.3180131
117.97 3.3181087
117.98 3.3182043
117.99 3.3182999
118.0 3.3183955
118.01 3.3184911
118.02 3.3185867
118.03 3.3186823
118.04 3.3187779
118.05 3.3188735
118.06 3.3189691
118.07 3.3190886
118.08 3.3191842
118.09 3.3192798
118.1 3.3193754
118.11 3.319471
118.12 3.3195666
118.13 3.3196622
118.14 3.3197578
118.15 3.3198534
118.16 3.319949
118.17 3.3200685
118.18 3.3201641
118.19 3.3202597
118.2 3.3203553
118.21 3.3204509
118.22 3.3205465
118.23 3.3206421
118.24 3.3207377
118.25 3.3208333
118.26 3.3209528
118.27 3.3210484
118.28 3.321144
118.29 3.3212396
118.3 3.3213352
118.31 3.3214308
118.32 3.3215264
118.33 3.321622
118.34 3.3217415
118.35 3.3218371
118.36 3.3219327
118.37 3.3220283
118.38 3.3221239
118.39 3.3222195
118.4 3.3223151
118.41 3.3224346
118.42 3.3225302
118.43 3.3226258
118.44 3.3227214
118.45 3.322817
118.46 3.3229126
118.47 3.3230321
118.48 3.3231277
118.49 3.3232233
118.5 3.3233189
118.51 3.3234145
118.52 3.3235101
118.53 3.3236296
118.54 3.3237252
118.55 3.3238208
118.56 3.3239164
118.57 3.324012
118.58 3.3241076
118.59 3.3242271
118.6 3.3243227
118.61 3.3244183
118.62 3.3245139
118.63 3.3246095
118.64 3.3247051
118.65 3.3248246
118.66 3.3249202
118.67 3.3250158
118.68 3.3251114
118.69 3.325207
118.7 3.3253265
118.71 3.3254221
118.72 3.3255177
118.73 3.3256133
118.74 3.3257089
118.75 3.3258284
118.76 3.325924
118.77 3.3260196
118.78 3.3261152
118.79 3.3262347
118.8 3.3263303
118.81 3.3264259
118.82 3.3265215
118.83 3.3266171
118.84 3.3267366
118.85 3.3268322
118.86 3.3269278
118.87 3.3270234
118.88 3.3271429
118.89 3.3272385
118.9 3.3273341
118.91 3.3274297
118.92 3.3275253
118.93 3.3276448
118.94 3.3277404
118.95 3.327836
118.96 3.3279316
118.97 3.3280511
118.98 3.3281467
118.99 3.3282423
119.0 3.3283379
119.01 3.3284574
119.02 3.328553
119.03 3.3286486
119.04 3.3287442
119.05 3.3288637
119.06 3.3289593
119.07 3.3290549
119.08 3.3291505
119.09 3.32927
119.1 3.3293656
119.11 3.3294612
119.12 3.3295568
119.13 3.3296763
119.14 3.3297719
119.15 3.3298675
119.16 3.329987
119.17 3.3300826
119.18 3.3301782
119.19 3.3302738
119.2 3.3303933
119.21 3.3304889
119.22 3.3305845
119.23 3.330704
119.24 3.3307996
119.25 3.3308952
119.26 3.3309908
119.27 3.3311103
119.28 3.3312059
119.29 3.3313015
119.3 3.331421
119.31 3.3315166
119.32 3.3316122
119.33 3.3317317
119.34 3.3318273
119.35 3.3319229
119.36 3.3320185
119.37 3.332138
119.38 3.3322336
119.39 3.3323292
119.4 3.3324487
119.41 3.3325443
119.42 3.3326399
119.43 3.3327594
119.44 3.332855
119.45 3.3329506
119.46 3.3330701
119.47 3.3331657
119.48 3.3332613
119.49 3.3333808
119.5 3.3334764
119.51 3.333572
119.52 3.3336915
119.53 3.3337871
119.54 3.3338827
119.55 3.3340022
119.56 3.3340978
119.57 3.3341934
119.58 3.3343129
119.59 3.3344085
119.6 3.3345041
119.61 3.3346236
119.62 3.3347192
119.63 3.3348148
119.64 3.3349343
119.65 3.3350299
119.66 3.3351494
119.67 3.335245
119.68 3.3353406
119.69 3.3354601
119.7 3.3355557
119.71 3.3356513
119.72 3.3357708
119.73 3.3358664
119.74 3.3359859
119.75 3.3360815
119.76 3.3361771
119.77 3.3362966
119.78 3.3363922
119.79 3.3364878
119.8 3.3366073
119.81 3.3367029
119.82 3.3368224
119.83 3.336918
119.84 3.3370136
119.85 3.3371331
119.86 3.3372287
119.87 3.3373482
119.88 3.3374438
119.89 3.3375394
119.9 3.3376589
119.91 3.3377545
119.92 3.337874
119.93 3.3379696
119.94 3.3380652
119.95 3.3381847
119.96 3.3382803
119.97 3.3383998
119.98 3.3384954
119.99 3.338591
120.0 3.3387105
120.01 3.3388061
120.02 3.3389256
120.03 3.3390212
120.04 3.3391407
120.05 3.3392363
120.06 3.3393319
120.07 3.3394514
120.08 3.339547
120.09 3.3396665
120.1 3.3397621
120.11 3.3398816
120.12 3.3399772
120.13 3.3400728
120.14 3.3401923
120.15 3.3402879
120.16 3.3404074
120.17 3.340503
120.18 3.3406225
120.19 3.3407181
120.2 3.3408376
120.21 3.3409332
120.22 3.3410527
120.23 3.3411483
120.24 3.3412439
120.25 3.3413634
120.26 3.341459
120.27 3.3415785
120.28 3.3416741
120.29 3.3417936
120.3 3.3418892
120.31 3.3420087
120.32 3.3421043
120.33 3.3422238
120.34 3.3423194
120.35 3.3424389
120.36 3.3425345
120.37 3.342654
120.38 3.3427496
120.39 3.3428691
120.4 3.3429647
120.41 3.3430842
120.42 3.3431798
120.43 3.3432993
120.44 3.3433949
120.45 3.3435144
120.46 3.34361
120.47 3.3437295
120.48 3.3438251
120.49 3.3439446
120.5 3.3440402
120.51 3.3441597
120.52 3.3442553
120.53 3.3443748
120.54 3.3444704
120.55 3.3445899
120.56 3.3446855
120.57 3.344805
120.58 3.3449006
120.59 3.3450201
120.6 3.3451157
120.61 3.3452352
120.62 3.3453308
120.63 3.3454503
120.64 3.3455459
120.65 3.3456654
120.66 3.345761
120.67 3.3458805
120.68 3.3459761
120.69 3.3460956
120.7 3.3461912
120.71 3.3463107
120.72 3.3464302
120.73 3.3465258
120.74 3.3466453
120.75 3.3467409
120.76 3.3468604
120.77 3.346956
120.78 3.3470755
120.79 3.3471711
120.8 3.3472906
120.81 3.3474101
120.82 3.3475057
120.83 3.3476252
120.84 3.3477208
120.85 3.3478403
120.86 3.3479359
120.87 3.3480554
120.88 3.348151
120.89 3.3482705
120.9 3.34839
120.91 3.3484856
120.92 3.3486051
120.93 3.3487007
120.94 3.3488202
120.95 3.3489397
120.96 3.3490353
120.97 3.3491548
120.98 3.3492504
120.99 3.3493699
121.0 3.3494655
121.01 3.349585
121.02 3.3497045
121.03 3.3498001
121.04 3.3499196
121.05 3.3500152
121.06 3.3501347
121.07 3.3502542
121.08 3.3503498
121.09 3.3504693
121.1 3.3505649
121.11 3.3506844
121.12 3.3508039
121.13 3.3508995
121.14 3.351019
121.15 3.3511385
121.16 3.3512341
121.17 3.3513536
121.18 3.3514492
121.19 3.3515687
121.2 3.3516882
121.21 3.3517838
121.22 3.3519033
121.23 3.3520228
121.24 3.3521184
121.25 3.3522379
121.26 3.3523335
121.27 3.352453
121.28 3.3525725
121.29 3.3526681
121.3 3.3527876
121.31 3.3529071
121.32 3.3530027
121.33 3.3531222
121.34 3.3532417
121.35 3.3533373
121.36 3.3534568
121.37 3.3535763
121.38 3.3536719
121.39 3.3537914
121.4 3.353887
121.41 3.3540065
121.42 3.354126
121.43 3.3542216
121.44 3.3543411
121.45 3.3544606
121.46 3.3545562
121.47 3.3546757
121.48 3.3547952
121.49 3.3548908
121.5 3.3550103
121.51 3.3551298
121.52 3.3552493
121.53 3.3553449
121.54 3.3554644
121.55 3.3555839
121.56 3.3556795
121.57 3.355799
121.58 3.3559185
121.59 3.3560141
121.6 3.3561336
121.61 3.3562531
121.62 3.3563487
121.63 3.3564682
121.64 3.3565877
121.65 3.3567072
121.66 3.3568028
121.67 3.3569223
121.68 3.3570418
121.69 3.3571374
121.7 3.3572569
121.71 3.3573764
121.72 3.357472
121.73 3.3575915
121.74 3.357711
121.75 3.3578305
121.76 3.3579261
121.77 3.3580456
121.78 3.3581651
121.79 3.3582846
121.8 3.3583802
121.81 3.3584997
121.82 3.3586192
121.83 3.3587148
121.84 3.3588343
121.85 3.3589538
121.86 3.3590733
121.87 3.3591689
121.88 3.3592884
121.89 3.3594079
121.9 3.3595274
121.91 3.359623
121.92 3.3597425
121.93 3.359862
121.94 3.3599815
121.95 3.3600771
121.96 3.3601966
121.97 3.3603161
121.98 3.3604356
121.99 3.3605312
122.0 3.3606507
122.01 3.3607702
122.02 3.3608897
122.03 3.3609853
122.04 3.3611048
122.05 3.3612243
122.06 3.3613438
122.07 3.3614633
122.08 3.3615589
122.09 3.3616784
122.1 3.3617979
122.11 3.3619174
122.12 3.362013
122.13 3.3621325
122.14 3.362252
122.15 3.3623715
122.16 3.362491
122.17 3.3625866
122.18 3.3627061
122.19 3.3628256
122.2 3.3629451
122.21 3.3630646
122.22 3.3631602
122.23 3.3632797
122.24 3.3633992
122.25 3.3635187
122.26 3.3636382
122.27 3.3637338
122.28 3.3638533
122.29 3.3639728
122.3 3.3640923
122.31 3.3642118
122.32 3.3643074
122.33 3.3644269
122.34 3.3645464
122.35 3.3646659
122.36 3.3647854
122.37 3.3649049
122.38 3.3650005
122.39 3.36512
122.4 3.3652395
122.41 3.365359
122.42 3.3654785
122.43 3.365598
122.44 3.3656936
122.45 3.3658131
122.46 3.3659326
122.47 3.3660521
122.48 3.3661716
122.49 3.3662911
122.5 3.3663867
122.51 3.3665062
122.52 3.3666257
122.53 3.3667452
122.54 3.3668647
122.55 3.3669842
122.56 3.3671037
122.57 3.3671993
122.58 3.3673188
122.59 3.3674383
122.6 3.3675578
122.61 3.3676773
122.62 3.3677968
122.63 3.3679163
122.64 3.3680119
122.65 3.3681314
122.66 3.3682509
122.67 3.3683704
122.68 3.3684899
122.69 3.3686094
122.7 3.3687289
122.71 3.3688484
122.72 3.3689679
122.73 3.3690635
122.74 3.369183
122.75 3.3693025
122.76 3.369422
122.77 3.3695415
122.78 3.369661
122.79 3.3697805
122.8 3.3699
122.81 3.3700195
122.82 3.3701151
122.83 3.3702346
122.84 3.3703541
122.85 3.3704736
122.86 3.3705931
122.87 3.3707126
122.88 3.3708321
122.89 3.3709516
122.9 3.3710711
122.91 3.3711906
122.92 3.3713101
122.93 3.3714057
122.94 3.3715252
122.95 3.3716447
122.96 3.3717642
122.97 3.3718837
122.98 3.3720032
122.99 3.3721227
123.0 3.3722422
123.01 3.3723617
123.02 3.3724812
123.03 3.3726007
123.04 3.3727202
123.05 3.3728397
123.06 3.3729592
123.07 3.3730787
123.08 3.3731982
123.09 3.3732938
123.1 3.3734133
123.11 3.3735328
123.12 3.3736523
123.13 3.3737718
123.14 3.3738913
123.15 3.3740108
123.16 3.3741303
123.17 3.3742498
123.18 3.3743693
123.19 3.3744888
123.2 3.3746083
123.21 3.3747278
123.22 3.3748473
123.23 3.3749668
123.24 3.3750863
123.25 3.3752058
123.26 3.3753253
123.27 3.3754448
123.28 3.3755643
123.29 3.3756838
123.3 3.3758033
123.31 3.3759228
123.32 3.3760423
123.33 3.3761618
123.34 3.3762813
123.35 3.3764008
123.36 3.3765203
123.37 3.3766398
123.38 3.3767593
123.39 3.3768788
123.4 3.3769983
123.41 3.3771178
123.42 3.3772373
123.43 3.3773568
123.44 3.3774763
123.45 3.3775958
123.46 3.3777153
123.47 3.3778348
123.48 3.3779543
123.49 3.3780738
123.5 3.3781933
123.51 3.3783128
123.52 3.3784323
123.53 3.3785518
123.54 3.3786713
123.55 3.3787908
123.56 3.3789103
123.57 3.3790298
123.58 3.3791493
123.59 3.3792688
123.6 3.3793883
123.61 3.3795078
123.62 3.3796273
123.63 3.3797468
123.64 3.3798663
123.65 3.3799858
123.66 3.3801053
123.67 3.3802248
123.68 3.3803443
123.69 3.3804638
123.7 3.3806072
123.71 3.3807267
123.72 3.3808462
123.73 3.3809657
123.74 3.3810852
123.75 3.3812047
123.76 3.3813242
123.77 3.3814437
123.78 3.3815632
123.79 3.3816827
123.8 3.3818022
123.81 3.3819217
123.82 3.3820412
123.83 3.3821607
123.84 3.3822802
123.85 3.3823997
123.86 3.3825431
123.87 3.3826626
123.88 3.3827821
123.89 3.3829016
123.9 3.3830211
123.91 3.3831406
123.92 3.3832601
123.93 3.3833796
123.94 3.3834991
123.95 3.3836186
123.96 3.3837381
123.97 3.3838815
123.98 3.384001
123.99 3.3841205
124.0 3.38424
124.01 3.3843595
124.02 3.384479
124.03 3.3845985
124.04 3.384718
124.05 3.3848375
124.06 3.3849809
124.07 3.3851004
124.08 3.3852199
124.09 3.3853394
124.1 3.3854589
124.11 3.3855784
124.12 3.3856979
124.13 3.3858174
124.14 3.3859369
124.15 3.3860803
124.16 3.3861998
124.17 3.3863193
124.18 3.3864388
124.19 3.3865583
124.2 3.3866778
124.21 3.3867973
124.22 3.3869407
124.23 3.3870602
124.24 3.3871797
124.25 3.3872992
124.26 3.3874187
124.27 3.3875382
124.28 3.3876577
124.29 3.3878011
124.3 3.3879206
124.31 3.3880401
124.32 3.3881596
124.33 3.3882791
124.34 3.3883986
124.35 3.388542
124.36 3.3886615
124.37 3.388781
124.38 3.3889005
124.39 3.38902
124.4 3.3891395
124.41 3.3892829
124.42 3.3894024
124.43 3.3895219
124.44 3.3896414
124.45 3.3897609
124.46 3.3898804
124.47 3.3900238
124.48 3.3901433
124.49 3.3902628
124.5 3.3903823
124.51 3.3905018
124.52 3.3906452
124.53 3.3907647
124.54 3.3908842
124.55 3.3910037
124.56 3.3911232
124.57 3.3912666
124.58 3.3913861
124.59 3.3915056
124.6 3.3916251
124.61 3.3917446
124.62 3.391888
124.63 3.3920075
124.64 3.392127
124.65 3.3922465
124.66 3.392366
124.67 3.3925094
124.68 3.3926289
124.69 3.3927484
124.7 3.3928679
124.71 3.3929874
124.72 3.3931308
124.73 3.3932503
124.74 3.3933698
124.75 3.3934893
124.76 3.3936327
124.77 3.3937522
124.78 3.3938717
124.79 3.3939912
124.8 3.3941346
124.81 3.3942541
124.82 3.3943736
124.83 3.3944931
124.84 3.3946365
124.85 3.394756
124.86 3.3948755
124.87 3.394995
124.88 3.3951384
124.89 3.3952579
124.9 3.3953774
124.91 3.3954969
124.92 3.3956403
124.93 3.3957598
124.94 3.3958793
124.95 3.3959988
124.96 3.3961422
124.97 3.3962617
124.98 3.3963812
124.99 3.3965007
125.0 3.3966441
125.01 3.3967636
125.02 3.3968831
125.03 3.3970265
125.04 3.397146
125.05 3.3972655
125.06 3.397385
125.07 3.3975284
125.08 3.3976479
125.09 3.3977674
125.1 3.3979108
125.11 3.3980303
125.12 3.3981498
125.13 3.3982693
125.14 3.3984127
125.15 3.3985322
125.16 3.3986517
125.17 3.3987951
125.18 3.3989146
125.19 3.3990341
125.2 3.3991536
125.21 3.399297
125.22 3.3994165
125.23 3.399536
125.24 3.3996794
125.25 3.3997989
125.26 3.3999184
125.27 3.4000618
125.28 3.4001813
125.29 3.4003008
125.3 3.4004442
125.31 3.4005637
125.32 3.4006832
125.33 3.4008266
125.34 3.4009461
125.35 3.4010656
125.36 3.401209
125.37 3.4013285
125.38 3.401448
125.39 3.4015914
125.4 3.4017109
125.41 3.4018304
125.42 3.4019738
125.43 3.4020933
125.44 3.4022128
125.45 3.4023562
125.46 3.4024757
125.47 3.4025952
125.48 3.4027386
125.49 3.4028581
125.5 3.4029776
125.51 3.403121
125.52 3.4032405
125.53 3.4033839
125.54 3.4035034
125.55 3.4036229
125.56 3.4037663
125.57 3.4038858
125.58 3.4040053
125.59 3.4041487
125.6 3.4042682
125.61 3.4043877
125.62 3.4045311
125.63 3.4046506
125.64 3.404794
125.65 3.4049135
125.66 3.405033
125.67 3.4051764
125.68 3.4052959
125.69 3.4054393
125.7 3.4055588
125.71 3.4056783
125.72 3.4058217
125.73 3.4059412
125.74 3.4060607
125.75 3.4062041
125.76 3.4063236
125.77 3.406467
125.78 3.4065865
125.79 3.406706
125.8 3.4068494
125.81 3.4069689
125.82 3.4071123
125.83 3.4072318
125.84 3.4073752
125.85 3.4074947
125.86 3.4076142
125.87 3.4077576
125.88 3.4078771
125.89 3.4080205
125.9 3.40814
125.91 3.4082595
125.92 3.4084029
125.93 3.4085224
125.94 3.4086658
125.95 3.4087853
125.96 3.4089287
125.97 3.4090482
125.98 3.4091677
125.99 3.4093111
126.0 3.4094306
126.01 3.409574
126.02 3.4096935
126.03 3.4098369
126.04 3.4099564
126.05 3.4100998
126.06 3.4102193
126.07 3.4103388
126.08 3.4104822
126.09 3.4106017
126.1 3.4107451
126.11 3.4108646
126.12 3.411008
126.13 3.4111275
126.14 3.4112709
126.15 3.4113904
126.16 3.4115338
126.17 3.4116533
126.18 3.4117967
126.19 3.4119162
126.2 3.4120357
126.21 3.4121791
126.22 3.4122986
126.23 3.412442
126.24 3.4125615
126.25 3.4127049
126.26 3.4128244
126.27 3.4129678
126.28 3.4130873
126.29 3.4132307
126.3 3.4133502
126.31 3.4134936
126.32 3.4136131
126.33 3.4137565
126.34 3.413876
126.35 3.4140194
126.36 3.4141389
126.37 3.4142823
126.38 3.4144018
126.39 3.4145452
126.4 3.4146647
126.41 3.4148081
126.42 3.4149276
126.43 3.415071
126.44 3.4151905
126.45 3.4153339
126.46 3.4154534
126.47 3.4155968
126.48 3.4157163
126.49 3.4158597
126.5 3.4159792
126.51 3.4161226
126.52 3.4162421
126.53 3.4163855
126.54 3.4165289
126.55 3.4166484
126.56 3.4167918
126.57 3.4169113
126.58 3.4170547
126.59 3.4171742
126.6 3.4173176
126.61 3.4174371
126.62 3.4175805
126.63 3.4177
126.64 3.4178434
126.65 3.4179629
126.66 3.4181063
126.67 3.4182497
126.68 3.4183692
126.69 3.4185126
126.7 3.4186321
126.71 3.4187755
126.72 3.418895
126.73 3.4190384
126.74 3.4191579
126.75 3.4193013
126.76 3.4194447
126.77 3.4195642
126.78 3.4197076
126.79 3.4198271
126.8 3.4199705
126.81 3.42009
126.82 3.4202334
126.83 3.4203768
126.84 3.4204963
126.85 3.4206397
126.86 3.4207592
126.87 3.4209026
126.88 3.4210221
126.89 3.4211655
126.9 3.4213089
126.91 3.4214284
126.92 3.4215718
126.93 3.4216913
126.94 3.4218347
126.95 3.4219781
126.96 3.4220976
126.97 3.422241
126.98 3.4223605
126.99 3.4225039
127.0 3.4226473
127.01 3.4227668
127.02 3.4229102
127.03 3.4230297
127.04 3.4231731
127.05 3.4233165
127.06 3.423436
127.07 3.4235794
127.08 3.4237228
127.09 3.4238423
127.1 3.4239857
127.11 3.4241052
127.12 3.4242486
127.13 3.424392
127.14 3.4245115
127.15 3.4246549
127.16 3.4247744
127.17 3.4249178
127.18 3.4250612
127.19 3.4251807
127.2 3.4253241
127.21 3.4254675
127.22 3.425587
127.23 3.4257304
127.24 3.4258738
127.25 3.4259933
127.26 3.4261367
127.27 3.4262801
127.28 3.4263996
127.29 3.426543
127.3 3.4266625
127.31 3.4268059
127.32 3.4269493
127.33 3.4270688
127.34 3.4272122
127.35 3.4273556
127.36 3.4274751
127.37 3.4276185
127.38 3.4277619
127.39 3.4278814
127.4 3.4280248
127.41 3.4281682
127.42 3.4282877
127.43 3.4284311
127.44 3.4285745
127.45 3.428694
127.46 3.4288374
127.47 3.4289808
127.48 3.4291242
127.49 3.4292437
127.5 3.4293871
127.51 3.4295305
127.52 3.42965
127.53 3.4297934
127.54 3.4299368
127.55 3.4300563
127.56 3.4301997
127.57 3.4303431
127.58 3.4304626
127.59 3.430606
127.6 3.4307494
127.61 3.4308928
127.62 3.4310123
127.63 3.4311557
127.64 3.4312991
127.65 3.4314186
127.66 3.431562
127.67 3.4317054
127.68 3.4318488
127.69 3.4319683
127.7 3.4321117
127.71 3.4322551
127.72 3.4323746
127.73 3.432518
127.74 3.4326614
127.75 3.4328048
127.76 3.4329243
127.77 3.4330677
127.78 3.4332111
127.79 3.4333306
127.8 3.433474
127.81 3.4336174
127.82 3.4337608
127.83 3.4338803
127.84 3.4340237
127.85 3.4341671
127.86 3.4343105
127.87 3.43443
127.88 3.4345734
127.89 3.4347168
127.9 3.4348602
127.91 3.4349797
127.92 3.4351231
127.93 3.4352665
127.94 3.4354099
127.95 3.4355294
127.96 3.4356728
127.97 3.4358162
127.98 3.4359596
127.99 3.4360791
128.0 3.4362225
128.01 3.4363659
128.02 3.4365093
128.03 3.4366527
128.04 3.4367722
128.05 3.4369156
128.06 3.437059
128.07 3.4372024
128.08 3.4373219
128.09 3.4374653
128.1 3.4376087
128.11 3.4377521
128.12 3.4378955
128.13 3.438015
128.14 3.4381584
128.15 3.4383018
128.16 3.4384452
128.17 3.4385886
128.18 3.4387081
128.19 3.4388515
128.2 3.4389949
128.21 3.4391383
128.22 3.4392578
128.23 3.4394012
128.24 3.4395446
128.25 3.439688
128.26 3.4398314
128.27 3.4399748
128.28 3.4400943
128.29 3.4402377
128.3 3.4403811
128.31 3.4405245
128.32 3.4406679
128.33 3.4407874
128.34 3.4409308
128.35 3.4410742
128.36 3.4412176
128.37 3.441361
128.38 3.4415044
128.39 3.4416239
128.4 3.4417673
128.41 3.4419107
128.42 3.4420541
128.43 3.4421975
128.44 3.4423409
128.45 3.4424604
128.46 3.4426038
128.47 3.4427472
128.48 3.4428906
128.49 3.443034
128.5 3.4431774
128.51 3.4432969
128.52 3.4434403
128.53 3.4435837
128.54 3.4437271
128.55 3.4438705
128.56 3.4440139
128.57 3.4441573
128.58 3.4442768
128.59 3.4444202
128.6 3.4445636
128.61 3.444707
128.62 3.4448504
128.63 3.4449938
128.64 3.4451372
128.65 3.4452567
128.66 3.4454001
128.67 3.4455435
128.68 3.4456869
128.69 3.4458303
128.7 3.4459737
128.71 3.4461171
128.72 3.4462605
128.73 3.44638
128.74 3.4465234
128.75 3.4466668
128.76 3.4468102
128.77 3.4469536
128.78 3.447097
128.79 3.4472404
128.8 3.4473838
128.81 3.4475272
128.82 3.4476467
128.83 3.4477901
128.84 3.4479335
128.85 3.4480769
128.86 3.4482203
128.87 3.4483637
128.88 3.4485071
128.89 3.4486505
128.9 3.4487939
128.91 3.4489373
128.92 3.4490807
128.93 3.4492002
128.94 3.4493436
128.95 3.449487
128.96 3.4496304
128.97 3.4497738
128.98 3.4499172
128.99 3.4500606
129.0 3.450204
129.01 3.4503474
129.02 3.4504908
129.03 3.4506342
129.04 3.4507776
129.05 3.450921
129.06 3.4510405
129.07 3.4511839
129.08 3.4513273
129.09 3.4514707
129.1 3.4516141
129.11 3.4517575
129.12 3.4519009
129.13 3.4520443
129.14 3.4521877
129.15 3.4523311
129.16 3.4524745
129.17 3.4526179
129.18 3.4527613
129.19 3.4529047
129.2 3.4530481
129.21 3.4531915
129.22 3.4533349
129.23 3.4534783
129.24 3.4536217
129.25 3.4537651
129.26 3.4538846
129.27 3.454028
129.28 3.4541714
129.29 3.4543148
129.3 3.4544582
129.31 3.4546016
129.32 3.454745
129.33 3.4548884
129.34 3.4550318
129.35 3.4551752
129.36 3.4553186
129.37 3.455462
129.38 3.4556054
129.39 3.4557488
129.4 3.4558922
129.41 3.4560356
129.42 3.456179
129.43 3.4563224
129.44 3.4564658
129.45 3.4566092
129.46 3.4567526
129.47 3.456896
129.48 3.4570394
129.49 3.4571828
129.5 3.4573262
129.51 3.4574696
129.52 3.457613
129.53 3.4577564
129.54 3.4578998
129.55 3.4580432
129.56 3.4581866
129.57 3.45833
129.58 3.4584734
129.59 3.4586168
129.6 3.4587602
129.61 3.4589036
129.62 3.459047
129.63 3.4591904
129.64 3.4593338
129.65 3.4594772
129.66 3.4596206
129.67 3.459764
129.68 3.4599074
129.69 3.4600508
129.7 3.4602181
129.71 3.4603615
129.72 3.4605049
129.73 3.4606483
129.74 3.4607917
129.75 3.4609351
129.76 3.4610785
129.77 3.4612219
129.78 3.4613653
129.79 3.4615087
129.8 3.4616521
129.81 3.4617955
129.82 3.4619389
129.83 3.4620823
129.84 3.4622257
129.85 3.4623691
129.86 3.4625125
129.87 3.4626559
129.88 3.4627993
129.89 3.4629427
129.9 3.46311
129.91 3.4632534
129.92 3.4633968
129.93 3.4635402
129.94 3.4636836
129.95 3.463827
129.96 3.4639704
129.97 3.4641138
129.98 3.4642572
129.99 3.4644006
130.0 3.464544
130.01 3.4646874
130.02 3.4648308
130.03 3.4649742
130.04 3.4651415
130.05 3.4652849
130.06 3.4654283
130.07 3.4655717
130.08 3.4657151
130.09 3.4658585
130.1 3.4660019
130.11 3.4661453
130.12 3.4662887
130.13 3.4664321
130.14 3.4665994
130.15 3.4667428
130.16 3.4668862
130.17 3.4670296
130.18 3.467173
130.19 3.4673164
130.2 3.4674598
130.21 3.4676032
130.22 3.4677466
130.23 3.46789
130.24 3.4680573
130.25 3.4682007
130.26 3.4683441
130.27 3.4684875
130.28 3.4686309
130.29 3.4687743
130.3 3.4689177
130.31 3.4690611
130.32 3.4692284
130.33 3.4693718
130.34 3.4695152
130.35 3.4696586
130.36 3.469802
130.37 3.4699454
130.38 3.4700888
130.39 3.4702561
130.4 3.4703995
130.41 3.4705429
130.42 3.4706863
130.43 3.4708297
130.44 3.4709731
130.45 3.4711165
130.46 3.4712838
130.47 3.4714272
130.48 3.4715706
130.49 3.471714
130.5 3.4718574
130.51 3.4720008
130.52 3.4721442
130.53 3.4723115
130.54 3.4724549
130.55 3.4725983
130.56 3.4727417
130.57 3.4728851
130.58 3.4730285
130.59 3.4731958
130.6 3.4733392
130.61 3.4734826
130.62 3.473626
130.63 3.4737694
130.64 3.4739128
130.65 3.4740801
130.66 3.4742235
130.67 3.4743669
130.68 3.4745103
130.69 3.4746537
130.7 3.474821
130.71 3.4749644
130.72 3.4751078
130.73 3.4752512
130.74 3.4753946
130.75 3.475538
130.76 3.4757053
130.77 3.4758487
130.78 3.4759921
130.79 3.4761355
130.8 3.4762789
130.81 3.4764462
130.82 3.4765896
130.83 3.476733
130.84 3.4768764
130.85 3.4770198
130.86 3.4771871
130.87 3.4773305
130.88 3.4774739
130.89 3.4776173
130.9 3.4777846
130.91 3.477928
130.92 3.4780714
130.93 3.4782148
130.94 3.4783582
130.95 3.4785255
130.96 3.4786689
130.97 3.4788123
130.98 3.4789557
130.99 3.479123
131.0 3.4792664
131.01 3.4794098
131.02 3.4795532
131.03 3.4796966
131.04 3.4798639
131.05 3.4800073
131.06 3.4801507
131.07 3.4802941
131.08 3.4804614
131.09 3.4806048
131.1 3.4807482
131.11 3.4808916
131.12 3.4810589
131.13 3.4812023
131.14 3.4813457
131.15 3.4814891
131.16 3.4816564
131.17 3.4817998
131.18 3.4819432
131.19 3.4820866
131.2 3.4822539
131.21 3.4823973
131.22 3.4825407
131.23 3.4826841
131.24 3.4828514
131.25 3.4829948
131.26 3.4831382
131.27 3.4833055
131.28 3.4834489
131.29 3.4835923
131.3 3.4837357
131.31 3.483903
131.32 3.4840464
131.33 3.4841898
131.34 3.4843332
131.35 3.4845005
131.36 3.4846439
131.37 3.4847873
131.38 3.4849546
131.39 3.485098
131.4 3.4852414
131.41 3.4853848
131.42 3.4855521
131.43 3.4856955
131.44 3.4858389
131.45 3.4860062
131.46 3.4861496
131.47 3.486293
131.48 3.4864603
131.49 3.4866037
131.5 3.4867471
131.51 3.4868905
131.52 3.4870578
131.53 3.4872012
131.54 3.4873446
131.55 3.4875119
131.56 3.4876553
131.57 3.4877987
131.58 3.487966
131.59 3.4881094
131.6 3.4882528
131.61 3.4884201
131.62 3.4885635
131.63 3.4887069
131.64 3.4888503
131.65 3.4890176
131.66 3.489161
131.67 3.4893044
131.68 3.4894717
131.69 3.4896151
131.7 3.4897585
131.71 3.4899258
131.72 3.4900692
131.73 3.4902126
131.74 3.4903799
131.75 3.4905233
131.76 3.4906667
131.77 3.490834
131.78 3.4909774
131.79 3.4911208
131.8 3.4912881
131.81 3.4914315
131.82 3.4915988
131.83 3.4917422
131.84 3.4918856
131.85 3.4920529
131.86 3.4921963
131.87 3.4923397
131.88 3.492507
131.89 3.4926504
131.9 3.4927938
131.91 3.4929611
131.92 3.4931045
131.93 3.4932479
131.94 3.4934152
131.95 3.4935586
131.96 3.4937259
131.97 3.4938693
131.98 3.4940127
131.99 3.49418
132.0 3.4943234
132.01 3.4944668
132.02 3.4946341
132.03 3.4947775
132.04 3.4949448
132.05 3.4950882
132.06 3.4952316
132.07 3.4953989
132.08 3.4955423
132.09 3.4956857
132.1 3.495853
132.11 3.4959964
132.12 3.4961637
132.13 3.4963071
132.14 3.4964505
132.15 3.4966178
132.16 3.4967612
132.17 3.4969285
132.18 3.4970719
132.19 3.4972153
132.2 3.4973826
132.21 3.497526
132.22 3.4976933
132.23 3.4978367
132.24 3.4979801
132.25 3.4981474
132.26 3.4982908
132.27 3.4984581
132.28 3.4986015
132.29 3.4987449
132.3 3.4989122
132.31 3.4990556
132.32 3.4992229
132.33 3.4993663
132.34 3.4995336
132.35 3.499677
132.36 3.4998204
132.37 3.4999877
132.38 3.5001311
132.39 3.5002984
132.4 3.5004418
132.41 3.5006091
132.42 3.5007525
132.43 3.5008959
132.44 3.5010632
132.45 3.5012066
132.46 3.5013739
132.47 3.5015173
132.48 3.5016846
132.49 3.501828
132.5 3.5019714
132.51 3.5021387
132.52 3.5022821
132.53 3.5024494
132.54 3.5025928
132.55 3.5027601
132.56 3.5029035
132.57 3.5030708
132.58 3.5032142
132.59 3.5033815
132.6 3.5035249
132.61 3.5036683
132.62 3.5038356
132.63 3.503979
132.64 3.5041463
132.65 3.5042897
132.66 3.504457
132.67 3.5046004
132.68 3.5047677
132.69 3.5049111
132.7 3.5050784
132.71 3.5052218
132.72 3.5053891
132.73 3.5055325
132.74 3.5056998
132.75 3.5058432
132.76 3.5060105
132.77 3.5061539
132.78 3.5062973
132.79 3.5064646
132.8 3.506608
132.81 3.5067753
132.82 3.5069187
132.83 3.507086
132.84 3.5072294
132.85 3.5073967
132.86 3.5075401
132.87 3.5077074
132.88 3.5078508
132.89 3.5080181
132.9 3.5081615
132.91 3.5083288
132.92 3.5084722
132.93 3.5086395
132.94 3.5087829
132.95 3.5089502
132.96 3.5090936
132.97 3.5092609
132.98 3.5094043
132.99 3.5095716
133.0 3.509715
133.01 3.5098823
133.02 3.5100257
133.03 3.510193
133.04 3.5103364
133.05 3.5105037
133.06 3.510671
133.07 3.5108144
133.08 3.5109817
133.09 3.5111251
133.1 3.5112924
133.11 3.5114358
133.12 3.5116031
133.13 3.5117465
133.14 3.5119138
133.15 3.5120572
133.16 3.5122245
133.17 3.5123679
133.18 3.5125352
133.19 3.5126786
133.2 3.5128459
133.21 3.5129893
133.22 3.5131566
133.23 3.5133239
133.24 3.5134673
133.25 3.5136346
133.26 3.513778
133.27 3.5139453
133.28 3.5140887
133.29 3.514256
133.3 3.5143994
133.31 3.5145667
133.32 3.5147101
133.33 3.5148774
133.34 3.5150447
133.35 3.5151881
133.36 3.5153554
133.37 3.5154988
133.38 3.5156661
133.39 3.5158095
133.4 3.5159768
133.41 3.5161441
133.42 3.5162875
133.43 3.5164548
133.44 3.5165982
133.45 3.5167655
133.46 3.5169089
133.47 3.5170762
133.48 3.5172435
133.49 3.5173869
133.5 3.5175542
133.51 3.5176976
133.52 3.5178649
133.53 3.5180083
133.54 3.5181756
133.55 3.5183429
133.56 3.5184863
133.57 3.5186536
133.58 3.518797
133.59 3.5189643
133.6 3.5191316
133.61 3.519275
133.62 3.5194423
133.63 3.5195857
133.64 3.519753
133.65 3.5199203
133.66 3.5200637
133.67 3.520231
133.68 3.5203744
133.69 3.5205417
133.7 3.520709
133.71 3.5208524
133.72 3.5210197
133.73 3.5211631
133.74 3.5213304
133.75 3.5214977
133.76 3.5216411
133.77 3.5218084
133.78 3.5219518
133.79 3.5221191
133.8 3.5222864
133.81 3.5224298
133.82 3.5225971
133.83 3.5227644
133.84 3.5229078
133.85 3.5230751
133.86 3.5232185
133.87 3.5233858
133.88 3.5235531
133.89 3.5236965
133.9 3.5238638
133.91 3.5240311
133.92 3.5241745
133.93 3.5243418
133.94 3.5244852
133.95 3.5246525
133.96 3.5248198
133.97 3.5249632
133.98 3.5251305
133.99 3.5252978
134.0 3.5254412
134.01 3.5256085
134.02 3.5257758
134.03 3.5259192
134.04 3.5260865
134.05 3.5262299
134.06 3.5263972
134.07 3.5265645
134.08 3.5267079
134.09 3.5268752
134.1 3.5270425
134.11 3.5271859
134.12 3.5273532
134.13 3.5275205
134.14 3.5276639
134.15 3.5278312
134.16 3.5279985
134.17 3.5281419
134.18 3.5283092
134.19 3.5284765
134.2 3.5286199
134.21 3.5287872
134.22 3.5289545
134.23 3.5290979
134.24 3.5292652
134.25 3.5294325
134.26 3.5295759
134.27 3.5297432
134.28 3.5299105
134.29 3.5300539
134.3 3.5302212
134.31 3.5303885
134.32 3.5305319
134.33 3.5306992
134.34 3.5308665
134.35 3.5310338
134.36 3.5311772
134.37 3.5313445
134.38 3.5315118
134.39 3.5316552
134.4 3.5318225
134.41 3.5319898
134.42 3.5321332
134.43 3.5323005
134.44 3.5324678
134.45 3.5326112
134.46 3.5327785
134.47 3.5329458
134.48 3.5331131
134.49 3.5332565
134.5 3.5334238
134.51 3.5335911
134.52 3.5337345
134.53 3.5339018
134.54 3.5340691
134.55 3.5342364
134.56 3.5343798
134.57 3.5345471
134.58 3.5347144
134.59 3.5348578
134.6 3.5350251
134.61 3.5351924
134.62 3.5353597
134.63 3.5355031
134.64 3.5356704
134.65 3.5358377
134.66 3.5359811
134.67 3.5361484
134.68 3.5363157
134.69 3.536483
134.7 3.5366264
134.71 3.5367937
134.72 3.536961
134.73 3.5371283
134.74 3.5372717
134.75 3.537439
134.76 3.5376063
134.77 3.5377736
134.78 3.537917
134.79 3.5380843
134.8 3.5382516
134.81 3.538395
134.82 3.5385623
134.83 3.5387296
134.84 3.5388969
134.85 3.5390403
134.86 3.5392076
134.87 3.5393749
134.88 3.5395422
134.89 3.5396856
134.9 3.5398529
134.91 3.5400202
134.92 3.5401875
134.93 3.5403309
134.94 3.5404982
134.95 3.5406655
134.96 3.5408328
134.97 3.5410001
134.98 3.5411435
134.99 3.5413108
135.0 3.5414781
135.01 3.5416454
135.02 3.5417888
135.03 3.5419561
135.04 3.5421234
135.05 3.5422907
135.06 3.5424341
135.07 3.5426014
135.08 3.5427687
135.09 3.542936
135.1 3.5431033
135.11 3.5432467
135.12 3.543414
135.13 3.5435813
135.14 3.5437486
135.15 3.543892
135.16 3.5440593
135.17 3.5442266
135.18 3.5443939
135.19 3.5445612
135.2 3.5447046
135.21 3.5448719
135.22 3.5450392
135.23 3.5452065
135.24 3.5453738
135.25 3.5455172
135.26 3.5456845
135.27 3.5458518
135.28 3.5460191
135.29 3.5461864
135.3 3.5463298
135.31 3.5464971
135.32 3.5466644
135.33 3.5468317
135.34 3.546999
135.35 3.5471424
135.36 3.5473097
135.37 3.547477
135.38 3.5476443
135.39 3.5478116
135.4 3.547955
135.41 3.5481223
135.42 3.5482896
135.43 3.5484569
135.44 3.5486242
135.45 3.5487915
135.46 3.5489349
135.47 3.5491022
135.48 3.5492695
135.49 3.5494368
135.5 3.5496041
135.51 3.5497475
135.52 3.5499148
135.53 3.5500821
135.54 3.5502494
135.55 3.5504167
135.56 3.550584
135.57 3.5507274
135.58 3.5508947
135.59 3.551062
135.6 3.5512293
135.61 3.5513966
135.62 3.5515639
135.63 3.5517073
135.64 3.5518746
135.65 3.5520419
135.66 3.5522092
135.67 3.5523765
135.68 3.5525438
135.69 3.5527111
135.7 3.5528545
135.71 3.5530218
135.72 3.5531891
135.73 3.5533564
135.74 3.5535237
135.75 3.553691
135.76 3.5538344
135.77 3.5540017
135.78 3.554169
135.79 3.5543363
135.8 3.5545036
135.81 3.5546709
135.82 3.5548382
135.83 3.5550055
135.84 3.5551489
135.85 3.5553162
135.86 3.5554835
135.87 3.5556508
135.88 3.5558181
135.89 3.5559854
135.9 3.5561527
135.91 3.5562961
135.92 3.5564634
135.93 3.5566307
135.94 3.556798
135.95 3.5569653
135.96 3.5571326
135.97 3.5572999
135.98 3.5574672
135.99 3.5576106
136.0 3.5577779
136.01 3.5579452
136.02 3.5581125
136.03 3.5582798
136.04 3.5584471
136.05 3.5586144
136.06 3.5587817
136.07 3.558949
136.08 3.5590924
136.09 3.5592597
136.1 3.559427
136.11 3.5595943
136.12 3.5597616
136.13 3.5599289
136.14 3.5600962
136.15 3.5602635
136.16 3.5604308
136.17 3.5605742
136.18 3.5607415
136.19 3.5609088
136.2 3.5610761
136.21 3.5612434
136.22 3.5614107
136.23 3.561578
136.24 3.5617453
136.25 3.5619126
136.26 3.5620799
136.27 3.5622472
136.28 3.5623906
136.29 3.5625579
136.3 3.5627252
136.31 3.5628925
136.32 3.5630598
136.33 3.5632271
136.34 3.5633944
136.35 3.5635617
136.36 3.563729
136.37 3.5638963
136.38 3.5640636
136.39 3.5642309
136.4 3.5643743
136.41 3.5645416
136.42 3.5647089
136.43 3.5648762
136.44 3.5650435
136.45 3.5652108
136.46 3.5653781
136.47 3.5655454
136.48 3.5657127
136.49 3.56588
136.5 3.5660473
136.51 3.5662146
136.52 3.5663819
136.53 3.5665492
136.54 3.5667165
136.55 3.5668599
136.56 3.5670272
136.57 3.5671945
136.58 3.5673618
136.59 3.5675291
136.6 3.5676964
136.61 3.5678637
136.62 3.568031
136.63 3.5681983
136.64 3.5683656
136.65 3.5685329
136.66 3.5687002
136.67 3.5688675
136.68 3.5690348
136.69 3.5692021
136.7 3.5693694
136.71 3.5695367
136.72 3.569704
136.73 3.5698713
136.74 3.5700386
136.75 3.5702059
136.76 3.5703493
136.77 3.5705166
136.78 3.5706839
136.79 3.5708512
136.8 3.5710185
136.81 3.5711858
136.82 3.5713531
136.83 3.5715204
136.84 3.5716877
136.85 3.571855
136.86 3.5720223
136.87 3.5721896
136.88 3.5723569
136.89 3.5725242
136.9 3.5726915
136.91 3.5728588
136.92 3.5730261
136.93 3.5731934
136.94 3.5733607
136.95 3.573528
136.96 3.5736953
136.97 3.5738626
136.98 3.5740299
136.99 3.5741972
137.0 3.5743645
137.01 3.5745318
137.02 3.5746991
137.03 3.5748664
137.04 3.5750337
137.05 3.575201
137.06 3.5753683
137.07 3.5755356
137.08 3.5757029
137.09 3.5758702
137.1 3.5760375
137.11 3.5762048
137.12 3.5763721
137.13 3.5765394
137.14 3.5767067
137.15 3.576874
137.16 3.5770413
137.17 3.5772086
137.18 3.5773759
137.19 3.5775432
137.2 3.5777105
137.21 3.5778778
137.22 3.5780451
137.23 3.5782124
137.24 3.5783797
137.25 3.578547
137.26 3.5787143
137.27 3.5788816
137.28 3.5790489
137.29 3.5792162
137.3 3.5793835
137.31 3.5795508
137.32 3.5797181
137.33 3.5798854
137.34 3.5800527
137.35 3.58022
137.36 3.5803873
137.37 3.5805546
137.38 3.5807219
137.39 3.5808892
137.4 3.5810565
137.41 3.5812238
137.42 3.5813911
137.43 3.5815584
137.44 3.5817257
137.45 3.581893
137.46 3.5820603
137.47 3.5822276
137.48 3.5823949
137.49 3.5825622
137.5 3.5827534
137.51 3.5829207
137.52 3.583088
137.53 3.5832553
137.54 3.5834226
137.55 3.5835899
137.56 3.5837572
137.57 3.5839245
137.58 3.5840918
137.59 3.5842591
137.6 3.5844264
137.61 3.5845937
137.62 3.584761
137.63 3.5849283
137.64 3.5850956
137.65 3.5852629
137.66 3.5854302
137.67 3.5855975
137.68 3.5857648
137.69 3.5859321
137.7 3.5860994
137.71 3.5862667
137.72 3.5864579
137.73 3.5866252
137.74 3.5867925
137.75 3.5869598
137.76 3.5871271
137.77 3.5872944
137.78 3.5874617
137.79 3.587629
137.8 3.5877963
137.81 3.5879636
137.82 3.5881309
137.83 3.5882982
137.84 3.5884655
137.85 3.5886328
137.86 3.5888001
137.87 3.5889913
137.88 3.5891586
137.89 3.5893259
137.9 3.5894932
137.91 3.5896605
137.92 3.5898278
137.93 3.5899951
137.94 3.5901624
137.95 3.5903297
137.96 3.590497
137.97 3.5906643
137.98 3.5908316
137.99 3.5909989
138.0 3.5911901
138.01 3.5913574
138.02 3.5915247
138.03 3.591692
138.04 3.5918593
138.05 3.5920266
138.06 3.5921939
138.07 3.5923612
138.08 3.5925285
138.09 3.5926958
138.1 3.5928631
138.11 3.5930543
138.12 3.5932216
138.13 3.5933889
138.14 3.5935562
138.15 3.5937235
138.16 3.5938908
138.17 3.5940581
138.18 3.5942254
138.19 3.5943927
138.2 3.59456
138.21 3.5947273
138.22 3.5949185
138.23 3.5950858
138.24 3.5952531
138.25 3.5954204
138.26 3.5955877
138.27 3.595755
138.28 3.5959223
138.29 3.5960896
138.3 3.5962569
138.31 3.5964481
138.32 3.5966154
138.33 3.5967827
138.34 3.59695
138.35 3.5971173
138.36 3.5972846
138.37 3.5974519
138.38 3.5976192
138.39 3.5977865
138.4 3.5979777
138.41 3.598145
138.42 3.5983123
138.43 3.5984796
138.44 3.5986469
138.45 3.5988142
138.46 3.5989815
138.47 3.5991488
138.48 3.59934
138.49 3.5995073
138.5 3.5996746
138.51 3.5998419
138.52 3.6000092
138.53 3.6001765
138.54 3.6003438
138.55 3.6005111
138.56 3.6007023
138.57 3.6008696
138.58 3.6010369
138.59 3.6012042
138.6 3.6013715
138.61 3.6015388
138.62 3.6017061
138.63 3.6018973
138.64 3.6020646
138.65 3.6022319
138.66 3.6023992
138.67 3.6025665
138.68 3.6027338
138.69 3.6029011
138.7 3.6030923
138.71 3.6032596
138.72 3.6034269
138.73 3.6035942
138.74 3.6037615
138.75 3.6039288
138.76 3.6040961
138.77 3.6042873
138.78 3.6044546
138.79 3.6046219
138.8 3.6047892
138.81 3.6049565
138.82 3.6051238
138.83 3.6052911
138.84 3.6054823
138.85 3.6056496
138.86 3.6058169
138.87 3.6059842
138.88 3.6061515
138.89 3.6063188
138.9 3.60651
138.91 3.6066773
138.92 3.6068446
138.93 3.6070119
138.94 3.6071792
138.95 3.6073465
138.96 3.6075377
138.97 3.607705
138.98 3.6078723
138.99 3.6080396
139.0 3.6082069
139.01 3.6083742
139.02 3.6085654
139.03 3.6087327
139.04 3.6089
139.05 3.6090673
139.06 3.6092346
139.07 3.6094019
139.08 3.6095931
139.09 3.6097604
139.1 3.6099277
139.11 3.610095
139.12 3.6102623
139.13 3.6104296
139.14 3.6106208
139.15 3.6107881
139.16 3.6109554
139.17 3.6111227
139.18 3.61129
139.19 3.6114812
139.2 3.6116485
139.21 3.6118158
139.22 3.6119831
139.23 3.6121504
139.24 3.6123416
139.25 3.6125089
139.26 3.6126762
139.27 3.6128435
139.28 3.6130108
139.29 3.6131781
139.3 3.6133693
139.31 3.6135366
139.32 3.6137039
139.33 3.6138712
139.34 3.6140385
139.35 3.6142297
139.36 3.614397
139.37 3.6145643
139.38 3.6147316
139.39 3.6148989
139.4 3.6150901
139.41 3.6152574
139.42 3.6154247
139.43 3.615592
139.44 3.6157593
139.45 3.6159505
139.46 3.6161178
139.47 3.6162851
139.48 3.6164524
139.49 3.6166197
139.5 3.6168109
139.51 3.6169782
139.52 3.6171455
139.53 3.6173128
139.54 3.6174801
139.55 3.6176713
139.56 3.6178386
139.57 3.6180059
139.58 3.6181732
139.59 3.6183644
139.6 3.6185317
139.61 3.618699
139.62 3.6188663
139.63 3.6190336
139.64 3.6192248
139.65 3.6193921
139.66 3.6195594
139.67 3.6197267
139.68 3.619894
139.69 3.6200852
139.7 3.6202525
139.71 3.6204198
139.72 3.6205871
139.73 3.6207783
139.74 3.6209456
139.75 3.6211129
139.76 3.6212802
139.77 3.6214475
139.78 3.6216387
139.79 3.621806
139.8 3.6219733
139.81 3.6221406
139.82 3.6223318
139.83 3.6224991
139.84 3.6226664
139.85 3.6228337
139.86 3.6230249
139.87 3.6231922
139.88 3.6233595
139.89 3.6235268
139.9 3.6236941
139.91 3.6238853
139.92 3.6240526
139.93 3.6242199
139.94 3.6243872
139.95 3.6245784
139.96 3.6247457
139.97 3.624913
139.98 3.6250803
139.99 3.6252715
140.0 3.6254388
140.01 3.6256061
140.02 3.6257734
140.03 3.6259646
140.04 3.6261319
140.05 3.6262992
140.06 3.6264665
140.07 3.6266577
140.08 3.626825
140.09 3.6269923
140.1 3.6271596
140.11 3.6273508
140.12 3.6275181
140.13 3.6276854
140.14 3.6278527
140.15 3.6280439
140.16 3.6282112
140.17 3.6283785
140.18 3.6285458
140.19 3.628737
140.2 3.6289043
140.21 3.6290716
140.22 3.6292389
140.23 3.6294301
140.24 3.6295974
140.25 3.6297647
140.26 3.629932
140.27 3.6301232
140.28 3.6302905
140.29 3.6304578
140.3 3.6306251
140.31 3.6308163
140.32 3.6309836
140.33 3.6311509
140.34 3.6313421
140.35 3.6315094
140.36 3.6316767
140.37 3.631844
140.38 3.6320352
140.39 3.6322025
140.4 3.6323698
140.41 3.6325371
140.42 3.6327283
140.43 3.6328956
140.44 3.6330629
140.45 3.6332302
140.46 3.6334214
140.47 3.6335887
140.48 3.633756
140.49 3.6339472
140.5 3.6341145
140.51 3.6342818
140.52 3.6344491
140.53 3.6346403
140.54 3.6348076
140.55 3.6349749
140.56 3.6351422
140.57 3.6353334
140.58 3.6355007
140.59 3.635668
140.6 3.6358592
140.61 3.6360265
140.62 3.6361938
140.63 3.6363611
140.64 3.6365523
140.65 3.6367196
140.66 3.6368869
140.67 3.6370781
140.68 3.6372454
140.69 3.6374127
140.7 3.63758
140.71 3.6377712
140.72 3.6379385
140.73 3.6381058
140.74 3.638297
140.75 3.6384643
140.76 3.6386316
140.77 3.6387989
140.78 3.6389901
140.79 3.6391574
140.8 3.6393247
140.81 3.6395159
140.82 3.6396832
140.83 3.6398505
140.84 3.6400417
140.85 3.640209
140.86 3.6403763
140.87 3.6405436
140.88 3.6407348
140.89 3.6409021
140.9 3.6410694
140.91 3.6412606
140.92 3.6414279
140.93 3.6415952
140.94 3.6417864
140.95 3.6419537
140.96 3.642121
140.97 3.6422883
140.98 3.6424795
140.99 3.6426468
141.0 3.6428141
141.01 3.6430053
141.02 3.6431726
141.03 3.6433399
141.04 3.6435311
141.05 3.6436984
141.06 3.6438657
141.07 3.644033
141.08 3.6442242
141.09 3.6443915
141.1 3.6445588
141.11 3.64475
141.12 3.6449173
141.13 3.6450846
141.14 3.6452758
141.15 3.6454431
141.16 3.6456104
141.17 3.6458016
141.18 3.6459689
141.19 3.6461362
141.2 3.6463274
141.21 3.6464947
141.22 3.646662
141.23 3.6468293
141.24 3.6470205
141.25 3.6471878
141.26 3.6473551
141.27 3.6475463
141.28 3.6477136
141.29 3.6478809
141.3 3.6480721
141.31 3.6482394
141.32 3.6484067
141.33 3.6485979
141.34 3.6487652
141.35 3.6489325
141.36 3.6491237
141.37 3.649291
141.38 3.6494583
141.39 3.6496495
141.4 3.6498168
141.41 3.6499841
141.42 3.6501753
141.43 3.6503426
141.44 3.6505099
141.45 3.6507011
141.46 3.6508684
141.47 3.6510357
141.48 3.6512269
141.49 3.6513942
141.5 3.6515615
141.51 3.6517527
141.52 3.65192
141.53 3.6520873
141.54 3.6522785
141.55 3.6524458
141.56 3.6526131
141.57 3.6528043
141.58 3.6529716
141.59 3.6531389
141.6 3.6533301
141.61 3.6534974
141.62 3.6536647
141.63 3.6538559
141.64 3.6540232
141.65 3.6541905
141.66 3.6543817
141.67 3.654549
141.68 3.6547163
141.69 3.6549075
141.7 3.6550748
141.71 3.6552421
141.72 3.6554333
141.73 3.6556006
141.74 3.6557679
141.75 3.6559591
141.76 3.6561264
141.77 3.6562937
141.78 3.6564849
141.79 3.6566522
141.8 3.6568195
141.81 3.6570107
141.82 3.657178
141.83 3.6573453
141.84 3.6575365
141.85 3.6577038
141.86 3.6578711
141.87 3.6580623
141.88 3.6582296
141.89 3.6583969
141.9 3.6585881
141.91 3.6587554
141.92 3.6589227
141.93 3.6591139
141.94 3.6592812
141.95 3.6594724
141.96 3.6596397
141.97 3.659807
141.98 3.6599982
141.99 3.6601655
142.0 3.6603328
142.01 3.660524
142.02 3.6606913
142.03 3.6608586
142.04 3.6610498
142.05 3.6612171
142.06 3.6613844
142.07 3.6615756
142.08 3.6617429
142.09 3.6619102
142.1 3.6621014
142.11 3.6622687
142.12 3.6624599
142.13 3.6626272
142.14 3.6627945
142.15 3.6629857
142.16 3.663153
142.17 3.6633203
142.18 3.6635115
142.19 3.6636788
142.2 3.6638461
142.21 3.6640373
142.22 3.6642046
142.23 3.6643719
142.24 3.6645631
142.25 3.6647304
142.26 3.6649216
142.27 3.6650889
142.28 3.6652562
142.29 3.6654474
142.3 3.6656147
142.31 3.665782
142.32 3.6659732
142.33 3.6661405
142.34 3.6663078
142.35 3.666499
142.36 3.6666663
142.37 3.6668575
142.38 3.6670248
142.39 3.6671921
142.4 3.6673833
142.41 3.6675506
142.42 3.6677179
142.43 3.6679091
142.44 3.6680764
142.45 3.6682676
142.46 3.6684349
142.47 3.6686022
142.48 3.6687934
142.49 3.6689607
142.5 3.669128
142.51 3.6693192
142.52 3.6694865
142.53 3.6696777
142.54 3.669845
142.55 3.6700123
142.56 3.6702035
142.57 3.6703708
142.58 3.6705381
142.59 3.6707293
142.6 3.6708966
142.61 3.6710878
142.62 3.6712551
142.63 3.6714224
142.64 3.6716136
142.65 3.6717809
142.66 3.6719482
142.67 3.6721394
142.68 3.6723067
142.69 3.6724979
142.7 3.6726652
142.71 3.6728325
142.72 3.6730237
142.73 3.673191
142.74 3.6733583
142.75 3.6735495
142.76 3.6737168
142.77 3.673908
142.78 3.6740753
142.79 3.6742426
142.8 3.6744338
142.81 3.6746011
142.82 3.6747684
142.83 3.6749596
142.84 3.6751269
142.85 3.6753181
142.86 3.6754854
142.87 3.6756527
142.88 3.6758439
142.89 3.6760112
142.9 3.6762024
142.91 3.6763697
142.92 3.676537
142.93 3.6767282
142.94 3.6768955
142.95 3.6770628
142.96 3.677254
142.97 3.6774213
142.98 3.6776125
142.99 3.6777798
143.0 3.6779471
143.01 3.6781383
143.02 3.6783056
143.03 3.6784968
143.04 3.6786641
143.05 3.6788314
143.06 3.6790226
143.07 3.6791899
143.08 3.6793811
143.09 3.6795484
143.1 3.6797157
143.11 3.6799069
143.12 3.6800742
143.13 3.6802415
143.14 3.6804327
143.15 3.6806
143.16 3.6807912
143.17 3.6809585
143.18 3.6811258
143.19 3.681317
143.2 3.6814843
143.21 3.6816755
143.22 3.6818428
143.23 3.6820101
143.24 3.6822013
143.25 3.6823686
143.26 3.6825598
143.27 3.6827271
143.28 3.6828944
143.29 3.6830856
143.3 3.6832529
143.31 3.6834441
143.32 3.6836114
143.33 3.6837787
143.34 3.6839699
143.35 3.6841372
143.36 3.6843284
143.37 3.6844957
143.38 3.684663
143.39 3.6848542
143.4 3.6850215
143.41 3.6852127
143.42 3.68538
143.43 3.6855473
143.44 3.6857385
143.45 3.6859058
143.46 3.686097
143.47 3.6862643
143.48 3.6864316
143.49 3.6866228
143.5 3.6867901
143.51 3.6869813
143.52 3.6871486
143.53 3.6873159
143.54 3.6875071
143.55 3.6876744
143.56 3.6878656
143.57 3.6880329
143.58 3.6882002
143.59 3.6883914
143.6 3.6885587
143.61 3.6887499
143.62 3.6889172
143.63 3.6890845
143.64 3.6892757
143.65 3.689443
143.66 3.6896342
143.67 3.6898015
143.68 3.6899688
143.69 3.69016
143.7 3.6903273
143.71 3.6905185
143.72 3.6906858
143.73 3.6908531
143.74 3.6910443
143.75 3.6912116
143.76 3.6914028
143.77 3.6915701
143.78 3.6917374
143.79 3.6919286
143.8 3.6920959
143.81 3.6922871
143.82 3.6924544
143.83 3.6926217
143.84 3.6928129
143.85 3.6929802
143.86 3.6931714
143.87 3.6933387
143.88 3.693506
143.89 3.6936972
143.9 3.6938645
143.91 3.6940557
143.92 3.694223
143.93 3.6944142
143.94 3.6945815
143.95 3.6947488
143.96 3.69494
143.97 3.6951073
143.98 3.6952985
143.99 3.6954658
144.0 3.6956331
144.01 3.6958243
144.02 3.6959916
144.03 3.6961828
144.04 3.6963501
144.05 3.6965174
144.06 3.6967086
144.07 3.6968759
144.08 3.6970671
144.09 3.6972344
144.1 3.6974017
144.11 3.6975929
144.12 3.6977602
144.13 3.6979514
144.14 3.6981187
144.15 3.6983099
144.16 3.6984772
144.17 3.6986445
144.18 3.6988357
144.19 3.699003
144.2 3.6991942
144.21 3.6993615
144.22 3.6995288
144.23 3.69972
144.24 3.6998873
144.25 3.7000785
144.26 3.7002458
144.27 3.7004131
144.28 3.7006043
144.29 3.7007716
144.3 3.7009628
144.31 3.7011301
144.32 3.7013213
144.33 3.7014886
144.34 3.7016559
144.35 3.7018471
144.36 3.7020144
144.37 3.7022056
144.38 3.7023729
144.39 3.7025402
144.4 3.7027314
144.41 3.7028987
144.42 3.7030899
144.43 3.7032572
144.44 3.7034245
144.45 3.7036157
144.46 3.703783
144.47 3.7039742
144.48 3.7041415
144.49 3.7043327
144.5 3.7045
144.51 3.7046673
144.52 3.7048585
144.53 3.7050258
144.54 3.705217
144.55 3.7053843
144.56 3.7055516
144.57 3.7057428
144.58 3.7059101
144.59 3.7061013
144.6 3.7062686
144.61 3.7064598
144.62 3.7066271
144.63 3.7067944
144.64 3.7069856
144.65 3.7071529
144.66 3.7073441
144.67 3.7075114
144.68 3.7076787
144.69 3.7078699
144.7 3.7080372
144.71 3.7082284
144.72 3.7083957
144.73 3.7085869
144.74 3.7087542
144.75 3.7089215
144.76 3.7091127
144.77 3.70928
144.78 3.7094712
144.79 3.7096385
144.8 3.7098058
144.81 3.709997
144.82 3.7101643
144.83 3.7103555
144.84 3.7105228
144.85 3.7106901
144.86 3.7108813
144.87 3.7110486
144.88 3.7112398
144.89 3.7114071
144.9 3.7115983
144.91 3.7117656
144.92 3.7119329
144.93 3.7121241
144.94 3.7122914
144.95 3.7124826
144.96 3.7126499
144.97 3.7128172
144.98 3.7130084
144.99 3.7131757
145.0 3.7133669
145.01 3.7135342
145.02 3.7137254
145.03 3.7138927
145.04 3.71406
145.05 3.7142512
145.06 3.7144185
145.07 3.7146097
145.08 3.714777
145.09 3.7149443
145.1 3.7151355
145.11 3.7153028
145.12 3.715494
145.13 3.7156613
145.14 3.7158525
145.15 3.7160198
145.16 3.7161871
145.17 3.7163783
145.18 3.7165456
145.19 3.7167368
145.2 3.7169041
145.21 3.7170714
145.22 3.7172626
145.23 3.7174299
145.24 3.7176211
145.25 3.7177884
145.26 3.7179796
145.27 3.7181469
145.28 3.7183142
145.29 3.7185054
145.3 3.7186727
145.31 3.7188639
145.32 3.7190312
145.33 3.7191985
145.34 3.7193897
145.35 3.719557
145.36 3.7197482
145.37 3.7199155
145.38 3.7200828
145.39 3.720274
145.4 3.7204413
145.41 3.7206325
145.42 3.7207998
145.43 3.720991
145.44 3.7211583
145.45 3.7213256
145.46 3.7215168
145.47 3.7216841
145.48 3.7218753
145.49 3.7220426
145.5 3.7222099
145.51 3.7224011
145.52 3.7225684
145.53 3.7227596
145.54 3.7229269
145.55 3.7231181
145.56 3.7232854
145.57 3.7234527
145.58 3.7236439
145.59 3.7238112
145.6 3.7240024
145.61 3.7241697
145.62 3.724337
145.63 3.7245282
145.64 3.7246955
145.65 3.7248867
145.66 3.725054
145.67 3.7252213
145.68 3.7254125
145.69 3.7255798
145.7 3.725771
145.71 3.7259383
145.72 3.7261056
145.73 3.7262968
145.74 3.7264641
145.75 3.7266553
145.76 3.7268226
145.77 3.7270138
145.78 3.7271811
145.79 3.7273484
145.8 3.7275396
145.81 3.7277069
145.82 3.7278981
145.83 3.7280654
145.84 3.7282327
145.85 3.7284239
145.86 3.7285912
145.87 3.7287824
145.88 3.7289497
145.89 3.729117
145.9 3.7293082
145.91 3.7294755
145.92 3.7296667
145.93 3.729834
145.94 3.7300013
145.95 3.7301925
145.96 3.7303598
145.97 3.730551
145.98 3.7307183
145.99 3.7309095
146.0 3.7310768
146.01 3.7312441
146.02 3.7314353
146.03 3.7316026
146.04 3.7317938
146.05 3.7319611
146.06 3.7321284
146.07 3.7323196
146.08 3.7324869
146.09 3.7326781
146.1 3.7328454
146.11 3.7330127
146.12 3.7332039
146.13 3.7333712
146.14 3.7335624
146.15 3.7337297
146.16 3.733897
146.17 3.7340882
146.18 3.7342555
146.19 3.7344467
146.2 3.734614
146.21 3.7347813
146.22 3.7349725
146.23 3.7351398
146.24 3.735331
146.25 3.7354983
146.26 3.7356656
146.27 3.7358568
146.28 3.7360241
146.29 3.7362153
146.3 3.7363826
146.31 3.7365499
146.32 3.7367411
146.33 3.7369084
146.34 3.7370996
146.35 3.7372669
146.36 3.7374342
146.37 3.7376254
146.38 3.7377927
146.39 3.7379839
146.4 3.7381512
146.41 3.7383185
146.42 3.7385097
146.43 3.738677
146.44 3.7388682
146.45 3.7390355
146.46 3.7392028
146.47 3.739394
146.48 3.7395613
146.49 3.7397525
146.5 3.7399198
146.51 3.7400871
146.52 3.7402783
146.53 3.7404456
146.54 3.7406368
146.55 3.7408041
146.56 3.7409714
146.57 3.7411626
146.58 3.7413299
146.59 3.7415211
146.6 3.7416884
146.61 3.7418557
146.62 3.7420469
146.63 3.7422142
146.64 3.7424054
146.65 3.7425727
146.66 3.74274
146.67 3.7429312
146.68 3.7430985
146.69 3.7432658
146.7 3.743457
146.71 3.7436243
146.72 3.7438155
146.73 3.7439828
146.74 3.7441501
146.75 3.7443413
146.76 3.7445086
146.77 3.7446998
146.78 3.7448671
146.79 3.7450344
146.8 3.7452256
146.81 3.7453929
146.82 3.7455841
146.83 3.7457514
146.84 3.7459187
146.85 3.7461099
146.86 3.7462772
146.87 3.7464445
146.88 3.7466357
146.89 3.746803
146.9 3.7469942
146.91 3.7471615
146.92 3.7473288
146.93 3.74752
146.94 3.7476873
146.95 3.7478785
146.96 3.7480458
146.97 3.7482131
146.98 3.7484043
146.99 3.7485716
147.0 3.7487389
147.01 3.7489301
147.02 3.7490974
147.03 3.7492886
147.04 3.7494559
147.05 3.7496232
147.06 3.7498144
147.07 3.7499817
147.08 3.750149
147.09 3.7503402
147.1 3.7505075
147.11 3.7506987
147.12 3.750866
147.13 3.7510333
147.14 3.7512245
147.15 3.7513918
147.16 3.751583
147.17 3.7517503
147.18 3.7519176
147.19 3.7521088
147.2 3.7522761
147.21 3.7524434
147.22 3.7526346
147.23 3.7528019
147.24 3.7529931
147.25 3.7531604
147.26 3.7533277
147.27 3.7535189
147.28 3.7536862
147.29 3.7538535
147.3 3.7540447
147.31 3.754212
147.32 3.7543793
147.33 3.7545705
147.34 3.7547378
147.35 3.754929
147.36 3.7550963
147.37 3.7552636
147.38 3.7554548
147.39 3.7556221
147.4 3.7557894
147.41 3.7559806
147.42 3.7561479
147.43 3.7563391
147.44 3.7565064
147.45 3.7566737
147.46 3.7568649
147.47 3.7570322
147.48 3.7571995
147.49 3.7573907
147.5 3.757558
147.51 3.7577253
147.52 3.7579165
147.53 3.7580838
147.54 3.758275
147.55 3.7584423
147.56 3.7586096
147.57 3.7588008
147.58 3.7589681
147.59 3.7591354
147.6 3.7593266
147.61 3.7594939
147.62 3.7596612
147.63 3.7598524
147.64 3.7600197
147.65 3.760187
147.66 3.7603782
147.67 3.7605455
147.68 3.7607367
147.69 3.760904
147.7 3.7610713
147.71 3.7612625
147.72 3.7614298
147.73 3.7615971
147.74 3.7617883
147.75 3.7619556
147.76 3.7621229
147.77 3.7623141
147.78 3.7624814
147.79 3.7626487
147.8 3.7628399
147.81 3.7630072
147.82 3.7631745
147.83 3.7633657
147.84 3.763533
147.85 3.7637242
147.86 3.7638915
147.87 3.7640588
147.88 3.76425
147.89 3.7644173
147.9 3.7645846
147.91 3.7647758
147.92 3.7649431
147.93 3.7651104
147.94 3.7653016
147.95 3.7654689
147.96 3.7656362
147.97 3.7658274
147.98 3.7659947
147.99 3.766162
148.0 3.7663532
148.01 3.7665205
148.02 3.7666878
148.03 3.766879
148.04 3.7670463
148.05 3.7672136
148.06 3.7674048
148.07 3.7675721
148.08 3.7677394
148.09 3.7679306
148.1 3.7680979
148.11 3.7682652
148.12 3.7684564
148.13 3.7686237
148.14 3.768791
148.15 3.7689822
148.16 3.7691495
148.17 3.7693168
148.18 3.769508
148.19 3.7696753
148.2 3.7698426
148.21 3.7700338
148.22 3.7702011
148.23 3.7703684
148.24 3.7705596
148.25 3.7707269
148.26 3.7708942
148.27 3.7710854
148.28 3.7712527
148.29 3.77142
148.3 3.7716112
148.31 3.7717785
148.32 3.7719458
148.33 3.772137
148.34 3.7723043
148.35 3.7724716
148.36 3.7726628
148.37 3.7728301
148.38 3.7729974
148.39 3.7731886
148.4 3.7733559
148.41 3.7735232
148.42 3.7737144
148.43 3.7738817
148.44 3.774049
148.45 3.7742163
148.46 3.7744075
148.47 3.7745748
148.48 3.7747421
148.49 3.7749333
148.5 3.7751006
148.51 3.7752679
148.52 3.7754591
148.53 3.7756264
148.54 3.7757937
148.55 3.7759849
148.56 3.7761522
148.57 3.7763195
148.58 3.7765107
148.59 3.776678
148.6 3.7768453
148.61 3.7770126
148.62 3.7772038
148.63 3.7773711
148.64 3.7775384
148.65 3.7777296
148.66 3.7778969
148.67 3.7780642
148.68 3.7782554
148.69 3.7784227
148.7 3.77859
148.71 3.7787573
148.72 3.7789485
148.73 3.7791158
148.74 3.7792831
148.75 3.7794743
148.76 3.7796416
148.77 3.7798089
148.78 3.7800001
148.79 3.7801674
148.8 3.7803347
148.81 3.780502
148.82 3.7806932
148.83 3.7808605
148.84 3.7810278
148.85 3.781219
148.86 3.7813863
148.87 3.7815536
148.88 3.7817448
148.89 3.7819121
148.9 3.7820794
148.91 3.7822467
148.92 3.7824379
148.93 3.7826052
148.94 3.7827725
148.95 3.7829637
148.96 3.783131
148.97 3.7832983
148.98 3.7834656
148.99 3.7836568
149.0 3.7838241
149.01 3.7839914
149.02 3.7841826
149.03 3.7843499
149.04 3.7845172
149.05 3.7846845
149.06 3.7848757
149.07 3.785043
149.08 3.7852103
149.09 3.7853776
149.1 3.7855688
149.11 3.7857361
149.12 3.7859034
149.13 3.7860946
149.14 3.7862619
149.15 3.7864292
149.16 3.7865965
149.17 3.7867877
149.18 3.786955
149.19 3.7871223
149.2 3.7872896
149.21 3.7874808
149.22 3.7876481
149.23 3.7878154
149.24 3.7880066
149.25 3.7881739
149.26 3.7883412
149.27 3.7885085
149.28 3.7886997
149.29 3.788867
149.3 3.7890343
149.31 3.7892016
149.32 3.7893928
149.33 3.7895601
149.34 3.7897274
149.35 3.7898947
149.36 3.7900859
149.37 3.7902532
149.38 3.7904205
149.39 3.7905878
149.4 3.790779
149.41 3.7909463
149.42 3.7911136
149.43 3.7912809
149.44 3.7914721
149.45 3.7916394
149.46 3.7918067
149.47 3.791974
149.48 3.7921652
149.49 3.7923325
149.5 3.7924998
149.51 3.7926671
149.52 3.7928583
149.53 3.7930256
149.54 3.7931929
149.55 3.7933602
149.56 3.7935514
149.57 3.7937187
149.58 3.793886
149.59 3.7940533
149.6 3.7942445
149.61 3.7944118
149.62 3.7945791
149.63 3.7947464
149.64 3.7949376
149.65 3.7951049
149.66 3.7952722
149.67 3.7954395
149.68 3.7956307
149.69 3.795798
149.7 3.7959653
149.71 3.7961326
149.72 3.7962999
149.73 3.7964911
149.74 3.7966584
149.75 3.7968257
149.76 3.796993
149.77 3.7971842
149.78 3.7973515
149.79 3.7975188
149.8 3.7976861
149.81 3.7978773
149.82 3.7980446
149.83 3.7982119
149.84 3.7983792
149.85 3.7985465
149.86 3.7987377
149.87 3.798905
149.88 3.7990723
149.89 3.7992396
149.9 3.7994069
149.91 3.7995981
149.92 3.7997654
149.93 3.7999327
149.94 3.8001
149.95 3.8002912
149.96 3.8004585
149.97 3.8006258
149.98 3.8007931
149.99 3.8009604
150.0 3.8011516
150.01 3.8013189
150.02 3.8014862
150.03 3.8016535
150.04 3.8018208
150.05 3.802012
150.06 3.8021793
150.07 3.8023466
150.08 3.8025139
150.09 3.8026812
150.1 3.8028724
150.11 3.8030397
150.12 3.803207
150.13 3.8033743
150.14 3.8035416
150.15 3.8037328
150.16 3.8039001
150.17 3.8040674
150.18 3.8042347
150.19 3.804402
150.2 3.8045932
150.21 3.8047605
150.22 3.8049278
150.23 3.8050951
150.24 3.8052624
150.25 3.8054536
150.26 3.8056209
150.27 3.8057882
150.28 3.8059555
150.29 3.8061228
150.3 3.8062901
150.31 3.8064813
150.32 3.8066486
150.33 3.8068159
150.34 3.8069832
150.35 3.8071505
150.36 3.8073417
150.37 3.807509
150.38 3.8076763
150.39 3.8078436
150.4 3.8080109
150.41 3.8081782
150.42 3.8083694
150.43 3.8085367
150.44 3.808704
150.45 3.8088713
150.46 3.8090386
150.47 3.8092059
150.48 3.8093971
150.49 3.8095644
150.5 3.8097317
150.51 3.809899
150.52 3.8100663
150.53 3.8102336
150.54 3.8104248
150.55 3.8105921
150.56 3.8107594
150.57 3.8109267
150.58 3.811094
150.59 3.8112613
150.6 3.8114525
150.61 3.8116198
150.62 3.8117871
150.63 3.8119544
150.64 3.8121217
150.65 3.812289
150.66 3.8124563
150.67 3.8126475
150.68 3.8128148
150.69 3.8129821
150.7 3.8131494
150.71 3.8133167
150.72 3.813484
150.73 3.8136513
150.74 3.8138425
150.75 3.8140098
150.76 3.8141771
150.77 3.8143444
150.78 3.8145117
150.79 3.814679
150.8 3.8148463
150.81 3.8150375
150.82 3.8152048
150.83 3.8153721
150.84 3.8155394
150.85 3.8157067
150.86 3.815874
150.87 3.8160413
150.88 3.8162086
150.89 3.8163998
150.9 3.8165671
150.91 3.8167344
150.92 3.8169017
150.93 3.817069
150.94 3.8172363
150.95 3.8174036
150.96 3.8175709
150.97 3.8177621
150.98 3.8179294
150.99 3.8180967
151.0 3.818264
151.01 3.8184313
151.02 3.8185986
151.03 3.8187659
151.04 3.8189332
151.05 3.8191244
151.06 3.8192917
151.07 3.819459
151.08 3.8196263
151.09 3.8197936
151.1 3.8199609
151.11 3.8201282
151.12 3.8202955
151.13 3.8204628
151.14 3.8206301
151.15 3.8208213
151.16 3.8209886
151.17 3.8211559
151.18 3.8213232
151.19 3.8214905
151.2 3.8216578
151.21 3.8218251
151.22 3.8219924
151.23 3.8221597
151.24 3.822327
151.25 3.8225182
151.26 3.8226855
151.27 3.8228528
151.28 3.8230201
151.29 3.8231874
151.3 3.8233547
151.31 3.823522
151.32 3.8236893
151.33 3.8238566
151.34 3.8240239
151.35 3.8241912
151.36 3.8243585
151.37 3.8245497
151.38 3.824717
151.39 3.8248843
151.4 3.8250516
151.41 3.8252189
151.42 3.8253862
151.43 3.8255535
151.44 3.8257208
151.45 3.8258881
151.46 3.8260554
151.47 3.8262227
151.48 3.82639
151.49 3.8265573
151.5 3.8267246
151.51 3.8268919
151.52 3.8270831
151.53 3.8272504
151.54 3.8274177
151.55 3.827585
151.56 3.8277523
151.57 3.8279196
151.58 3.8280869
151.59 3.8282542
151.6 3.8284215
151.61 3.8285888
151.62 3.8287561
151.63 3.8289234
151.64 3.8290907
151.65 3.829258
151.66 3.8294253
151.67 3.8295926
151.68 3.8297599
151.69 3.8299272
151.7 3.8300945
151.71 3.8302857
151.72 3.830453
151.73 3.8306203
151.74 3.8307876
151.75 3.8309549
151.76 3.8311222
151.77 3.8312895
151.78 3.8314568
151.79 3.8316241
151.8 3.8317914
151.81 3.8319587
151.82 3.832126
151.83 3.8322933
151.84 3.8324606
151.85 3.8326279
151.86 3.8327952
151.87 3.8329625
151.88 3.8331298
151.89 3.8332971
151.9 3.8334644
151.91 3.8336317
151.92 3.833799
151.93 3.8339663
151.94 3.8341336
151.95 3.8343009
151.96 3.8344682
151.97 3.8346355
151.98 3.8348028
151.99 3.8349701
152.0 3.8351374
152.01 3.8353047
152.02 3.835472
152.03 3.8356393
152.04 3.8358066
152.05 3.8359739
152.06 3.8361412
152.07 3.8363085
152.08 3.8364758
152.09 3.8366431
152.1 3.8368104
152.11 3.8369777
152.12 3.837145
152.13 3.8373123
152.14 3.8374796
152.15 3.8376469
152.16 3.8378142
152.17 3.8379815
152.18 3.8381488
152.19 3.8383161
152.2 3.8384834
152.21 3.8386507
152.22 3.838818
152.23 3.8389853
152.24 3.8391526
152.25 3.8393199
152.26 3.8394872
152.27 3.8396545
152.28 3.8398218
152.29 3.8399891
152.3 3.8401564
152.31 3.8403237
152.32 3.840491
152.33 3.8406583
152.34 3.8408256
152.35 3.8409929
152.36 3.8411602
152.37 3.8413275
152.38 3.8414948
152.39 3.8416621
152.4 3.8418055
152.41 3.8419728
152.42 3.8421401
152.43 3.8423074
152.44 3.8424747
152.45 3.842642
152.46 3.8428093
152.47 3.8429766
152.48 3.8431439
152.49 3.8433112
152.5 3.8434785
152.51 3.8436458
152.52 3.8438131
152.53 3.8439804
152.54 3.8441477
152.55 3.844315
152.56 3.8444823
152.57 3.8446496
152.58 3.8448169
152.59 3.8449603
152.6 3.8451276
152.61 3.8452949
152.62 3.8454622
152.63 3.8456295
152.64 3.8457968
152.65 3.8459641
152.66 3.8461314
152.67 3.8462987
152.68 3.846466
152.69 3.8466333
152.7 3.8468006
152.71 3.8469679
152.72 3.8471113
152.73 3.8472786
152.74 3.8474459
152.75 3.8476132
152.76 3.8477805
152.77 3.8479478
152.78 3.8481151
152.79 3.8482824
152.8 3.8484497
152.81 3.848617
152.82 3.8487843
152.83 3.8489277
152.84 3.849095
152.85 3.8492623
152.86 3.8494296
152.87 3.8495969
152.88 3.8497642
152.89 3.8499315
152.9 3.8500988
152.91 3.8502661
152.92 3.8504334
152.93 3.8505768
152.94 3.8507441
152.95 3.8509114
152.96 3.8510787
152.97 3.851246
152.98 3.8514133
152.99 3.8515806
153.0 3.8517479
153.01 3.8519152
153.02 3.8520586
153.03 3.8522259
153.04 3.8523932
153.05 3.8525605
153.06 3.8527278
153.07 3.8528951
153.08 3.8530624
153.09 3.8532058
153.1 3.8533731
153.11 3.8535404
153.12 3.8537077
153.13 3.853875
153.14 3.8540423
153.15 3.8542096
153.16 3.8543769
153.17 3.8545203
153.18 3.8546876
153.19 3.8548549
153.2 3.8550222
153.21 3.8551895
153.22 3.8553568
153.23 3.8555241
153.24 3.8556675
153.25 3.8558348
153.26 3.8560021
153.27 3.8561694
153.28 3.8563367
153.29 3.856504
153.3 3.8566474
153.31 3.8568147
153.32 3.856982
153.33 3.8571493
153.34 3.8573166
153.35 3.8574839
153.36 3.8576273
153.37 3.8577946
153.38 3.8579619
153.39 3.8581292
153.4 3.8582965
153.41 3.8584638
153.42 3.8586072
153.43 3.8587745
153.44 3.8589418
153.45 3.8591091
153.46 3.8592764
153.47 3.8594198
153.48 3.8595871
153.49 3.8597544
153.5 3.8599217
153.51 3.860089
153.52 3.8602324
153.53 3.8603997
153.54 3.860567
153.55 3.8607343
153.56 3.8609016
153.57 3.8610689
153.58 3.8612123
153.59 3.8613796
153.6 3.8615469
153.61 3.8617142
153.62 3.8618576
153.63 3.8620249
153.64 3.8621922
153.65 3.8623595
153.66 3.8625268
153.67 3.8626702
153.68 3.8628375
153.69 3.8630048
153.7 3.8631721
153.71 3.8633394
153.72 3.8634828
153.73 3.8636501
153.74 3.8638174
153.75 3.8639847
153.76 3.8641281
153.77 3.8642954
153.78 3.8644627
153.79 3.86463
153.8 3.8647973
153.81 3.8649407
153.82 3.865108
153.83 3.8652753
153.84 3.8654426
153.85 3.865586
153.86 3.8657533
153.87 3.8659206
153.88 3.8660879
153.89 3.8662313
153.9 3.8663986
153.91 3.8665659
153.92 3.8667332
153.93 3.8668766
153.94 3.8670439
153.95 3.8672112
153.96 3.8673785
153.97 3.8675219
153.98 3.8676892
153.99 3.8678565
154.0 3.8680238
154.01 3.8681672
154.02 3.8683345
154.03 3.8685018
154.04 3.8686452
154.05 3.8688125
154.06 3.8689798
154.07 3.8691471
154.08 3.8692905
154.09 3.8694578
154.1 3.8696251
154.11 3.8697924
154.12 3.8699358
154.13 3.8701031
154.14 3.8702704
154.15 3.8704138
154.16 3.8705811
154.17 3.8707484
154.18 3.8708918
154.19 3.8710591
154.2 3.8712264
154.21 3.8713937
154.22 3.8715371
154.23 3.8717044
154.24 3.8718717
154.25 3.8720151
154.26 3.8721824
154.27 3.8723497
154.28 3.8724931
154.29 3.8726604
154.3 3.8728277
154.31 3.872995
154.32 3.8731384
154.33 3.8733057
154.34 3.873473
154.35 3.8736164
154.36 3.8737837
154.37 3.873951
154.38 3.8740944
154.39 3.8742617
154.4 3.874429
154.41 3.8745724
154.42 3.8747397
154.43 3.874907
154.44 3.8750504
154.45 3.8752177
154.46 3.875385
154.47 3.8755284
154.48 3.8756957
154.49 3.875863
154.5 3.8760064
154.51 3.8761737
154.52 3.876341
154.53 3.8764844
154.54 3.8766517
154.55 3.876819
154.56 3.8769624
154.57 3.8771297
154.58 3.877297
154.59 3.8774404
154.6 3.8776077
154.61 3.8777511
154.62 3.8779184
154.63 3.8780857
154.64 3.8782291
154.65 3.8783964
154.66 3.8785637
154.67 3.8787071
154.68 3.8788744
154.69 3.8790178
154.7 3.8791851
154.71 3.8793524
154.72 3.8794958
154.73 3.8796631
154.74 3.8798304
154.75 3.8799738
154.76 3.8801411
154.77 3.8802845
154.78 3.8804518
154.79 3.8806191
154.8 3.8807625
154.81 3.8809298
154.82 3.8810732
154.83 3.8812405
154.84 3.8814078
154.85 3.8815512
154.86 3.8817185
154.87 3.8818619
154.88 3.8820292
154.89 3.8821965
154.9 3.8823399
154.91 3.8825072
154.92 3.8826506
154.93 3.8828179
154.94 3.8829852
154.95 3.8831286
154.96 3.8832959
154.97 3.8834393
154.98 3.8836066
154.99 3.88375
155.0 3.8839173
155.01 3.8840846
155.02 3.884228
155.03 3.8843953
155.04 3.8845387
155.05 3.884706
155.06 3.8848494
155.07 3.8850167
155.08 3.885184
155.09 3.8853274
155.1 3.8854947
155.11 3.8856381
155.12 3.8858054
155.13 3.8859488
155.14 3.8861161
155.15 3.8862595
155.16 3.8864268
155.17 3.8865941
155.18 3.8867375
155.19 3.8869048
155.2 3.8870482
155.21 3.8872155
155.22 3.8873589
155.23 3.8875262
155.24 3.8876696
155.25 3.8878369
155.26 3.8879803
155.27 3.8881476
155.28 3.888291
155.29 3.8884583
155.3 3.8886017
155.31 3.888769
155.32 3.8889363
155.33 3.8890797
155.34 3.889247
155.35 3.8893904
155.36 3.8895577
155.37 3.8897011
155.38 3.8898684
155.39 3.8900118
155.4 3.8901791
155.41 3.8903225
155.42 3.8904898
155.43 3.8906332
155.44 3.8908005
155.45 3.8909439
155.46 3.8911112
155.47 3.8912546
155.48 3.8914219
155.49 3.8915653
155.5 3.8917326
155.51 3.891876
155.52 3.8920194
155.53 3.8921867
155.54 3.8923301
155.55 3.8924974
155.56 3.8926408
155.57 3.8928081
155.58 3.8929515
155.59 3.8931188
155.6 3.8932622
155.61 3.8934295
155.62 3.8935729
155.63 3.8937402
155.64 3.8938836
155.65 3.8940509
155.66 3.8941943
155.67 3.8943616
155.68 3.894505
155.69 3.8946484
155.7 3.8948157
155.71 3.8949591
155.72 3.8951264
155.73 3.8952698
155.74 3.8954371
155.75 3.8955805
155.76 3.8957478
155.77 3.8958912
155.78 3.8960346
155.79 3.8962019
155.8 3.8963453
155.81 3.8965126
155.82 3.896656
155.83 3.8968233
155.84 3.8969667
155.85 3.8971101
155.86 3.8972774
155.87 3.8974208
155.88 3.8975881
155.89 3.8977315
155.9 3.8978749
155.91 3.8980422
155.92 3.8981856
155.93 3.8983529
155.94 3.8984963
155.95 3.8986636
155.96 3.898807
155.97 3.8989504
155.98 3.8991177
155.99 3.8992611
156.0 3.8994284
156.01 3.8995718
156.02 3.8997152
156.03 3.8998825
156.04 3.9000259
156.05 3.9001693
156.06 3.9003366
156.07 3.90048
156.08 3.9006473
156.09 3.9007907
156.1 3.9009341
156.11 3.9011014
156.12 3.9012448
156.13 3.9013882
156.14 3.9015555
156.15 3.9016989
156.16 3.9018662
156.17 3.9020096
156.18 3.902153
156.19 3.9023203
156.2 3.9024637
156.21 3.9026071
156.22 3.9027744
156.23 3.9029178
156.24 3.9030612
156.25 3.9032285
156.26 3.9033719
156.27 3.9035153
156.28 3.9036826
156.29 3.903826
156.3 3.9039694
156.31 3.9041367
156.32 3.9042801
156.33 3.9044235
156.34 3.9045908
156.35 3.9047342
156.36 3.9048776
156.37 3.9050449
156.38 3.9051883
156.39 3.9053317
156.4 3.905499
156.41 3.9056424
156.42 3.9057858
156.43 3.9059531
156.44 3.9060965
156.45 3.9062399
156.46 3.9064072
156.47 3.9065506
156.48 3.906694
156.49 3.9068613
156.5 3.9070047
156.51 3.9071481
156.52 3.9072915
156.53 3.9074588
156.54 3.9076022
156.55 3.9077456
156.56 3.9079129
156.57 3.9080563
156.58 3.9081997
156.59 3.9083431
156.6 3.9085104
156.61 3.9086538
156.62 3.9087972
156.63 3.9089645
156.64 3.9091079
156.65 3.9092513
156.66 3.9093947
156.67 3.909562
156.68 3.9097054
156.69 3.9098488
156.7 3.9099922
156.71 3.9101595
156.72 3.9103029
156.73 3.9104463
156.74 3.9105897
156.75 3.910757
156.76 3.9109004
156.77 3.9110438
156.78 3.9111872
156.79 3.9113545
156.8 3.9114979
156.81 3.9116413
156.82 3.9117847
156.83 3.911952
156.84 3.9120954
156.85 3.9122388
156.86 3.9123822
156.87 3.9125256
156.88 3.9126929
156.89 3.9128363
156.9 3.9129797
156.91 3.9131231
156.92 3.9132904
156.93 3.9134338
156.94 3.9135772
156.95 3.9137206
156.96 3.913864
156.97 3.9140313
156.98 3.9141747
156.99 3.9143181
157.0 3.9144615
157.01 3.9146049
157.02 3.9147722
157.03 3.9149156
157.04 3.915059
157.05 3.9152024
157.06 3.9153458
157.07 3.9155131
157.08 3.9156565
157.09 3.9157999
157.1 3.9159433
157.11 3.9160867
157.12 3.9162301
157.13 3.9163974
157.14 3.9165408
157.15 3.9166842
157.16 3.9168276
157.17 3.916971
157.18 3.9171144
157.19 3.9172817
157.2 3.9174251
157.21 3.9175685
157.22 3.9177119
157.23 3.9178553
157.24 3.9179987
157.25 3.9181421
157.26 3.9183094
157.27 3.9184528
157.28 3.9185962
157.29 3.9187396
157.3 3.918883
157.31 3.9190264
157.32 3.9191698
157.33 3.9193371
157.34 3.9194805
157.35 3.9196239
157.36 3.9197673
157.37 3.9199107
157.38 3.9200541
157.39 3.9201975
157.4 3.9203409
157.41 3.9205082
157.42 3.9206516
157.43 3.920795
157.44 3.9209384
157.45 3.9210818
157.46 3.9212252
157.47 3.9213686
157.48 3.921512
157.49 3.9216554
157.5 3.9217988
157.51 3.9219661
157.52 3.9221095
157.53 3.9222529
157.54 3.9223963
157.55 3.9225397
157.56 3.9226831
157.57 3.9228265
157.58 3.9229699
157.59 3.9231133
157.6 3.9232567
157.61 3.9234001
157.62 3.9235435
157.63 3.9236869
157.64 3.9238542
157.65 3.9239976
157.66 3.924141
157.67 3.9242844
157.68 3.9244278
157.69 3.9245712
157.7 3.9247146
157.71 3.924858
157.72 3.9250014
157.73 3.9251448
157.74 3.9252882
157.75 3.9254316
157.76 3.925575
157.77 3.9257184
157.78 3.9258618
157.79 3.9260052
157.8 3.9261486
157.81 3.926292
157.82 3.9264354
157.83 3.9265788
157.84 3.9267222
157.85 3.9268656
157.86 3.927009
157.87 3.9271524
157.88 3.9272958
157.89 3.9274392
157.9 3.9275826
157.91 3.927726
157.92 3.9278694
157.93 3.9280128
157.94 3.9281562
157.95 3.9282996
157.96 3.928443
157.97 3.9285864
157.98 3.9287298
157.99 3.9288732
158.0 3.9290166
158.01 3.92916
158.02 3.9293034
158.03 3.9294468
158.04 3.9295902
158.05 3.9297336
158.06 3.929877
158.07 3.9300204
158.08 3.9301638
158.09 3.9303072
158.1 3.9304506
158.11 3.930594
158.12 3.9307374
158.13 3.9308808
158.14 3.9310242
158.15 3.9311676
158.16 3.931311
158.17 3.9314544
158.18 3.9315978
158.19 3.9317412
158.2 3.9318846
158.21 3.932028
158.22 3.9321475
158.23 3.9322909
158.24 3.9324343
158.25 3.9325777
158.26 3.9327211
158.27 3.9328645
158.28 3.9330079
158.29 3.9331513
158.3 3.9332947
158.31 3.9334381
158.32 3.9335815
158.33 3.9337249
158.34 3.9338683
158.35 3.9339878
158.36 3.9341312
158.37 3.9342746
158.38 3.934418
158.39 3.9345614
158.4 3.9347048
158.41 3.9348482
158.42 3.9349916
158.43 3.935135
158.44 3.9352545
158.45 3.9353979
158.46 3.9355413
158.47 3.9356847
158.48 3.9358281
158.49 3.9359715
158.5 3.9361149
158.51 3.9362583
158.52 3.9363778
158.53 3.9365212
158.54 3.9366646
158.55 3.936808
158.56 3.9369514
158.57 3.9370948
158.58 3.9372382
158.59 3.9373577
158.6 3.9375011
158.61 3.9376445
158.62 3.9377879
158.63 3.9379313
158.64 3.9380747
158.65 3.9382181
158.66 3.9383376
158.67 3.938481
158.68 3.9386244
158.69 3.9387678
158.7 3.9389112
158.71 3.9390546
158.72 3.9391741
158.73 3.9393175
158.74 3.9394609
158.75 3.9396043
158.76 3.9397477
158.77 3.9398672
158.78 3.9400106
158.79 3.940154
158.8 3.9402974
158.81 3.9404408
158.82 3.9405603
158.83 3.9407037
158.84 3.9408471
158.85 3.9409905
158.86 3.9411339
158.87 3.9412534
158.88 3.9413968
158.89 3.9415402
158.9 3.9416836
158.91 3.9418031
158.92 3.9419465
158.93 3.9420899
158.94 3.9422333
158.95 3.9423767
158.96 3.9424962
158.97 3.9426396
158.98 3.942783
158.99 3.9429264
159.0 3.9430459
159.01 3.9431893
159.02 3.9433327
159.03 3.9434761
159.04 3.9435956
159.05 3.943739
159.06 3.9438824
159.07 3.9440258
159.08 3.9441453
159.09 3.9442887
159.1 3.9444321
159.11 3.9445516
159.12 3.944695
159.13 3.9448384
159.14 3.9449818
159.15 3.9451013
159.16 3.9452447
159.17 3.9453881
159.18 3.9455315
159.19 3.945651
159.2 3.9457944
159.21 3.9459378
159.22 3.9460573
159.23 3.9462007
159.24 3.9463441
159.25 3.9464636
159.26 3.946607
159.27 3.9467504
159.28 3.9468938
159.29 3.9470133
159.3 3.9471567
159.31 3.9473001
159.32 3.9474196
159.33 3.947563
159.34 3.9477064
159.35 3.9478259
159.36 3.9479693
159.37 3.9481127
159.38 3.9482322
159.39 3.9483756
159.4 3.948519
159.41 3.9486385
159.42 3.9487819
159.43 3.9489253
159.44 3.9490448
159.45 3.9491882
159.46 3.9493077
159.47 3.9494511
159.48 3.9495945
159.49 3.949714
159.5 3.9498574
159.51 3.9500008
159.52 3.9501203
159.53 3.9502637
159.54 3.9504071
159.55 3.9505266
159.56 3.95067
159.57 3.9507895
159.58 3.9509329
159.59 3.9510763
159.6 3.9511958
159.61 3.9513392
159.62 3.9514587
159.63 3.9516021
159.64 3.9517455
159.65 3.951865
159.66 3.9520084
159.67 3.9521279
159.68 3.9522713
159.69 3.9524147
159.7 3.9525342
159.71 3.9526776
159.72 3.9527971
159.73 3.9529405
159.74 3.95306
159.75 3.9532034
159.76 3.9533468
159.77 3.9534663
159.78 3.9536097
159.79 3.9537292
159.8 3.9538726
159.81 3.9539921
159.82 3.9541355
159.83 3.9542789
159.84 3.9543984
159.85 3.9545418
159.86 3.9546613
159.87 3.9548047
159.88 3.9549242
159.89 3.9550676
159.9 3.9551871
159.91 3.9553305
159.92 3.95545
159.93 3.9555934
159.94 3.9557129
159.95 3.9558563
159.96 3.9559758
159.97 3.9561192
159.98 3.9562626
159.99 3.9563821
160.0 3.9565255
160.01 3.956645
160.02 3.9567884
160.03 3.9569079
160.04 3.9570513
160.05 3.9571708
160.06 3.9573142
160.07 3.9574337
160.08 3.9575771
160.09 3.9576966
160.1 3.9578161
160.11 3.9579595
160.12 3.958079
160.13 3.9582224
160.14 3.9583419
160.15 3.9584853
160.16 3.9586048
160.17 3.9587482
160.18 3.9588677
160.19 3.9590111
160.2 3.9591306
160.21 3.959274
160.22 3.9593935
160.23 3.9595369
160.24 3.9596564
160.25 3.9597759
160.26 3.9599193
160.27 3.9600388
160.28 3.9601822
160.29 3.9603017
160.3 3.9604451
160.31 3.9605646
160.32 3.9606841
160.33 3.9608275
160.34 3.960947
160.35 3.9610904
160.36 3.9612099
160.37 3.9613533
160.38 3.9614728
160.39 3.9615923
160.4 3.9617357
160.41 3.9618552
160.42 3.9619986
160.43 3.9621181
160.44 3.9622376
160.45 3.962381
160.46 3.9625005
160.47 3.9626439
160.48 3.9627634
160.49 3.9628829
160.5 3.9630263
160.51 3.9631458
160.52 3.9632653
160.53 3.9634087
160.54 3.9635282
160.55 3.9636716
160.56 3.9637911
160.57 3.9639106
160.58 3.964054
160.59 3.9641735
160.6 3.964293
160.61 3.9644364
160.62 3.9645559
160.63 3.9646754
160.64 3.9648188
160.65 3.9649383
160.66 3.9650578
160.67 3.9652012
160.68 3.9653207
160.69 3.9654402
160.7 3.9655836
160.71 3.9657031
160.72 3.9658226
160.73 3.965966
160.74 3.9660855
160.75 3.966205
160.76 3.9663484
160.77 3.9664679
160.78 3.9665874
160.79 3.9667308
160.8 3.9668503
160.81 3.9669698
160.82 3.9670893
160.83 3.9672327
160.84 3.9673522
160.85 3.9674717
160.86 3.9676151
160.87 3.9677346
160.88 3.9678541
160.89 3.9679736
160.9 3.968117
160.91 3.9682365
160.92 3.968356
160.93 3.9684994
160.94 3.9686189
160.95 3.9687384
160.96 3.9688579
160.97 3.9690013
160.98 3.9691208
160.99 3.9692403
161.0 3.9693598
161.01 3.9695032
161.02 3.9696227
161.03 3.9697422
161.04 3.9698617
161.05 3.9700051
161.06 3.9701246
161.07 3.9702441
161.08 3.9703636
161.09 3.9704831
161.1 3.9706265
161.11 3.970746
161.12 3.9708655
161.13 3.970985
161.14 3.9711284
161.15 3.9712479
161.16 3.9713674
161.17 3.9714869
161.18 3.9716064
161.19 3.9717498
161.2 3.9718693
161.21 3.9719888
161.22 3.9721083
161.23 3.9722278
161.24 3.9723473
161.25 3.9724907
161.26 3.9726102
161.27 3.9727297
161.28 3.9728492
161.29 3.9729687
161.3 3.9731121
161.31 3.9732316
161.32 3.9733511
161.33 3.9734706
161.34 3.9735901
161.35 3.9737096
161.36 3.9738291
161.37 3.9739725
161.38 3.974092
161.39 3.9742115
161.4 3.974331
161.41 3.9744505
161.42 3.97457
161.43 3.9746895
161.44 3.9748329
161.45 3.9749524
161.46 3.9750719
161.47 3.9751914
161.48 3.9753109
161.49 3.9754304
161.5 3.9755499
161.51 3.9756694
161.52 3.9757889
161.53 3.9759323
161.54 3.9760518
161.55 3.9761713
161.56 3.9762908
161.57 3.9764103
161.58 3.9765298
161.59 3.9766493
161.6 3.9767688
161.61 3.9768883
161.62 3.9770078
161.63 3.9771273
161.64 3.9772707
161.65 3.9773902
161.66 3.9775097
161.67 3.9776292
161.68 3.9777487
161.69 3.9778682
161.7 3.9779877
161.71 3.9781072
161.72 3.9782267
161.73 3.9783462
161.74 3.9784657
161.75 3.9785852
161.76 3.9787047
161.77 3.9788242
161.78 3.9789437
161.79 3.9790632
161.8 3.9791827
161.81 3.9793022
161.82 3.9794217
161.83 3.9795412
161.84 3.9796607
161.85 3.9797802
161.86 3.9798997
161.87 3.9800192
161.88 3.9801387
161.89 3.9802582
161.9 3.9803777
161.91 3.9804972
161.92 3.9806167
161.93 3.9807362
161.94 3.9808557
161.95 3.9809752
161.96 3.9810947
161.97 3.9812142
161.98 3.9813337
161.99 3.9814532
162.0 3.9815727
162.01 3.9816922
162.02 3.9818117
162.03 3.9819312
162.04 3.9820507
162.05 3.9821702
162.06 3.9822897
162.07 3.9824092
162.08 3.9825287
162.09 3.9826482
162.1 3.9827677
162.11 3.9828872
162.12 3.9830067
162.13 3.9831262
162.14 3.9832457
162.15 3.9833413
162.16 3.9834608
162.17 3.9835803
162.18 3.9836998
162.19 3.9838193
162.2 3.9839388
162.21 3.9840583
162.22 3.9841778
162.23 3.9842973
162.24 3.9844168
162.25 3.9845363
162.26 3.9846319
162.27 3.9847514
162.28 3.9848709
162.29 3.9849904
162.3 3.9851099
162.31 3.9852294
162.32 3.9853489
162.33 3.9854684
162.34 3.9855879
162.35 3.9856835
162.36 3.985803
162.37 3.9859225
162.38 3.986042
162.39 3.9861615
162.4 3.986281
162.41 3.9864005
162.42 3.9864961
162.43 3.9866156
162.44 3.9867351
162.45 3.9868546
162.46 3.9869741
162.47 3.9870936
162.48 3.9871892
162.49 3.9873087
162.5 3.9874282
162.51 3.9875477
162.52 3.9876672
162.53 3.9877867
162.54 3.9878823
162.55 3.9880018
162.56 3.9881213
162.57 3.9882408
162.58 3.9883603
162.59 3.9884559
162.6 3.9885754
162.61 3.9886949
162.62 3.9888144
162.63 3.9889339
162.64 3.9890295
162.65 3.989149
162.66 3.9892685
162.67 3.989388
162.68 3.9895075
162.69 3.9896031
162.7 3.9897226
162.71 3.9898421
162.72 3.9899616
162.73 3.9900572
162.74 3.9901767
162.75 3.9902962
162.76 3.9904157
162.77 3.9905113
162.78 3.9906308
162.79 3.9907503
162.8 3.9908698
162.81 3.9909654
162.82 3.9910849
162.83 3.9912044
162.84 3.9913239
162.85 3.9914195
162.86 3.991539
162.87 3.9916585
162.88 3.9917541
162.89 3.9918736
162.9 3.9919931
162.91 3.9921126
162.92 3.9922082
162.93 3.9923277
162.94 3.9924472
162.95 3.9925428
162.96 3.9926623
162.97 3.9927818
162.98 3.9928774
162.99 3.9929969
163.0 3.9931164
163.01 3.993212
163.02 3.9933315
163.03 3.993451
163.04 3.9935466
163.05 3.9936661
163.06 3.9937856
163.07 3.9938812
163.08 3.9940007
163.09 3.9941202
163.1 3.9942158
163.11 3.9943353
163.12 3.9944548
163.13 3.9945504
163.14 3.9946699
163.15 3.9947894
163.16 3.994885
163.17 3.9950045
163.18 3.995124
163.19 3.9952196
163.2 3.9953391
163.21 3.9954347
163.22 3.9955542
163.23 3.9956737
163.24 3.9957693
163.25 3.9958888
163.26 3.9959844
163.27 3.9961039
163.28 3.9962234
163.29 3.996319
163.3 3.9964385
163.31 3.9965341
163.32 3.9966536
163.33 3.9967731
163.34 3.9968687
163.35 3.9969882
163.36 3.9970838
163.37 3.9972033
163.38 3.9972989
163.39 3.9974184
163.4 3.9975379
163.41 3.9976335
163.42 3.997753
163.43 3.9978486
163.44 3.9979681
163.45 3.9980637
163.46 3.9981832
163.47 3.9982788
163.48 3.9983983
163.49 3.9984939
163.5 3.9986134
163.51 3.9987329
163.52 3.9988285
163.53 3.998948
163.54 3.9990436
163.55 3.9991631
163.56 3.9992587
163.57 3.9993782
163.58 3.9994738
163.59 3.9995933
163.6 3.9996889
163.61 3.9998084
163.62 3.999904
163.63 4.0000235
163.64 4.0001191
163.65 4.0002386
163.66 4.0003342
163.67 4.0004537
163.68 4.0005493
163.69 4.0006688
163.7 4.0007644
163.71 4.00086
163.72 4.0009795
163.73 4.0010751
163.74 4.0011946
163.75 4.0012902
163.76 4.0014097
163.77 4.0015053
163.78 4.0016248
163.79 4.0017204
163.8 4.0018399
163.81 4.0019355
163.82 4.0020311
163.83 4.0021506
163.84 4.0022462
163.85 4.0023657
163.86 4.0024613
163.87 4.0025569
163.88 4.0026764
163.89 4.002772
163.9 4.0028915
163.91 4.0029871
163.92 4.0031066
163.93 4.0032022
163.94 4.0032978
163.95 4.0034173
163.96 4.0035129
163.97 4.0036085
163.98 4.003728
163.99 4.0038236
164.0 4.0039431
164.01 4.0040387
164.02 4.0041343
164.03 4.0042538
164.04 4.0043494
164.05 4.004445
164.06 4.0045645
164.07 4.0046601
164.08 4.0047796
164.09 4.0048752
164.1 4.0049708
164.11 4.0050903
164.12 4.0051859
164.13 4.0052815
164.14 4.005401
164.15 4.0054966
164.16 4.0055922
164.17 4.0057117
164.18 4.0058073
164.19 4.0059029
164.2 4.0060224
164.21 4.006118
164.22 4.0062136
164.23 4.0063092
164.24 4.0064287
164.25 4.0065243
164.26 4.0066199
164.27 4.0067394
164.28 4.006835
164.29 4.0069306
164.3 4.0070262
164.31 4.0071457
164.32 4.0072413
164.33 4.0073369
164.34 4.0074564
164.35 4.007552
164.36 4.0076476
164.37 4.0077432
164.38 4.0078627
164.39 4.0079583
164.4 4.0080539
164.41 4.0081495
164.42 4.008269
164.43 4.0083646
164.44 4.0084602
164.45 4.0085558
164.46 4.0086753
164.47 4.0087709
164.48 4.0088665
164.49 4.0089621
164.5 4.0090577
164.51 4.0091772
164.52 4.0092728
164.53 4.0093684
164.54 4.009464
164.55 4.0095835
164.56 4.0096791
164.57 4.0097747
164.58 4.0098703
164.59 4.0099659
164.6 4.0100854
164.61 4.010181
164.62 4.0102766
164.63 4.0103722
164.64 4.0104678
164.65 4.0105634
164.66 4.0106829
164.67 4.0107785
164.68 4.0108741
164.69 4.0109697
164.7 4.0110653
164.71 4.0111609
164.72 4.0112804
164.73 4.011376
164.74 4.0114716
164.75 4.0115672
164.76 4.0116628
164.77 4.0117584
164.78 4.011854
164.79 4.0119735
164.8 4.0120691
164.81 4.0121647
164.82 4.0122603
164.83 4.0123559
164.84 4.0124515
164.85 4.0125471
164.86 4.0126427
164.87 4.0127383
164.88 4.0128578
164.89 4.0129534
164.9 4.013049
164.91 4.0131446
164.92 4.0132402
164.93 4.0133358
164.94 4.0134314
164.95 4.013527
164.96 4.0136226
164.97 4.0137182
164.98 4.0138138
164.99 4.0139094
165.0 4.014005
165.01 4.0141245
165.02 4.0142201
165.03 4.0143157
165.04 4.0144113
165.05 4.0145069
165.06 4.0146025
165.07 4.0146981
165.08 4.0147937
165.09 4.0148893
165.1 4.0149849
165.11 4.0150805
165.12 4.0151761
165.13 4.0152717
165.14 4.0153673
165.15 4.0154629
165.16 4.0155585
165.17 4.0156541
165.18 4.0157497
165.19 4.0158453
165.2 4.0159409
165.21 4.0160365
165.22 4.0161321
165.23 4.0162277
165.24 4.0163233
165.25 4.0164189
165.26 4.0165145
165.27 4.0166101
165.28 4.0167057
165.29 4.0168013
165.3 4.0168969
165.31 4.0169925
165.32 4.0170881
165.33 4.0171837
165.34 4.0172793
165.35 4.0173749
165.36 4.0174466
165.37 4.0175422
165.38 4.0176378
165.39 4.0177334
165.4 4.017829
165.41 4.0179246
165.42 4.0180202
165.43 4.0181158
165.44 4.0182114
165.45 4.018307
165.46 4.0184026
165.47 4.0184982
165.48 4.0185938
165.49 4.0186655
165.5 4.0187611
165.51 4.0188567
165.52 4.0189523
165.53 4.0190479
165.54 4.0191435
165.55 4.0192391
165.56 4.0193347
165.57 4.0194303
165.58 4.019502
165.59 4.0195976
165.6 4.0196932
165.61 4.0197888
165.62 4.0198844
165.63 4.01998
165.64 4.0200756
165.65 4.0201473
165.66 4.0202429
165.67 4.0203385
165.68 4.0204341
165.69 4.0205297
165.7 4.0206253
165.71 4.020697
165.72 4.0207926
165.73 4.0208882
165.74 4.0209838
165.75 4.0210794
165.76 4.021175
165.77 4.0212467
165.78 4.0213423
165.79 4.0214379
165.8 4.0215335
165.81 4.0216291
165.82 4.0217008
165.83 4.0217964
165.84 4.021892
165.85 4.0219876
165.86 4.0220593
165.87 4.0221549
165.88 4.0222505
165.89 4.0223461
165.9 4.0224417
165.91 4.0225134
165.92 4.022609
165.93 4.0227046
165.94 4.0228002
165.95 4.0228719
165.96 4.0229675
165.97 4.0230631
165.98 4.0231587
165.99 4.0232304
166.0 4.023326
166.01 4.0234216
166.02 4.0234933
166.03 4.0235889
166.04 4.0236845
166.05 4.0237801
166.06 4.0238518
166.07 4.0239474
166.08 4.024043
166.09 4.0241147
166.1 4.0242103
166.11 4.0243059
166.12 4.0244015
166.13 4.0244732
166.14 4.0245688
166.15 4.0246644
166.16 4.0247361
166.17 4.0248317
166.18 4.0249273
166.19 4.024999
166.2 4.0250946
166.21 4.0251902
166.22 4.0252619
166.23 4.0253575
166.24 4.0254531
166.25 4.0255248
166.26 4.0256204
166.27 4.025716
166.28 4.0257877
166.29 4.0258833
166.3 4.025955
166.31 4.0260506
166.32 4.0261462
166.33 4.0262179
166.34 4.0263135
166.35 4.0264091
166.36 4.0264808
166.37 4.0265764
166.38 4.0266481
166.39 4.0267437
166.4 4.0268393
166.41 4.026911
166.42 4.0270066
166.43 4.0270783
166.44 4.0271739
166.45 4.0272695
166.46 4.0273412
166.47 4.0274368
166.48 4.0275085
166.49 4.0276041
166.5 4.0276758
166.51 4.0277714
166.52 4.027867
166.53 4.0279387
166.54 4.0280343
166.55 4.028106
166.56 4.0282016
166.57 4.0282733
166.58 4.0283689
166.59 4.0284406
166.6 4.0285362
166.61 4.0286079
166.62 4.0287035
166.63 4.0287752
166.64 4.0288708
166.65 4.0289425
166.66 4.0290381
166.67 4.0291098
166.68 4.0292054
166.69 4.0292771
166.7 4.0293727
166.71 4.0294444
166.72 4.02954
166.73 4.0296117
166.74 4.0297073
166.75 4.029779
166.76 4.0298746
166.77 4.0299463
166.78 4.0300419
166.79 4.0301136
166.8 4.0302092
166.81 4.0302809
166.82 4.0303765
166.83 4.0304482
166.84 4.0305438
166.85 4.0306155
166.86 4.0306872
166.87 4.0307828
166.88 4.0308545
166.89 4.0309501
166.9 4.0310218
166.91 4.0311174
166.92 4.0311891
166.93 4.0312608
166.94 4.0313564
166.95 4.0314281
166.96 4.0315237
166.97 4.0315954
166.98 4.0316671
166.99 4.0317627
167.0 4.0318344
167.01 4.03193
167.02 4.0320017
167.03 4.0320734
167.04 4.032169
167.05 4.0322407
167.06 4.0323363
167.07 4.032408
167.08 4.0324797
167.09 4.0325753
167.1 4.032647
167.11 4.0327187
167.12 4.0328143
167.13 4.032886
167.14 4.0329577
167.15 4.0330533
167.16 4.033125
167.17 4.0331967
167.18 4.0332923
167.19 4.033364
167.2 4.0334357
167.21 4.0335313
167.22 4.033603
167.23 4.0336747
167.24 4.0337703
167.25 4.033842
167.26 4.0339137
167.27 4.0340093
167.28 4.034081
167.29 4.0341527
167.3 4.0342244
167.31 4.03432
167.32 4.0343917
167.33 4.0344634
167.34 4.034559
167.35 4.0346307
167.36 4.0347024
167.37 4.0347741
167.38 4.0348697
167.39 4.0349414
167.4 4.0350131
167.41 4.0350848
167.42 4.0351804
167.43 4.0352521
167.44 4.0353238
167.45 4.0353955
167.46 4.0354911
167.47 4.0355628
167.48 4.0356345
167.49 4.0357062
167.5 4.0358018
167.51 4.0358735
167.52 4.0359452
167.53 4.0360169
167.54 4.0360886
167.55 4.0361842
167.56 4.0362559
167.57 4.0363276
167.58 4.0363993
167.59 4.036471
167.6 4.0365666
167.61 4.0366383
167.62 4.03671
167.63 4.0367817
167.64 4.0368534
167.65 4.0369251
167.66 4.0370207
167.67 4.0370924
167.68 4.0371641
167.69 4.0372358
167.7 4.0373075
167.71 4.0373792
167.72 4.0374748
167.73 4.0375465
167.74 4.0376182
167.75 4.0376899
167.76 4.0377616
167.77 4.0378333
167.78 4.037905
167.79 4.0379767
167.8 4.0380723
167.81 4.038144
167.82 4.0382157
167.83 4.0382874
167.84 4.0383591
167.85 4.0384308
167.86 4.0385025
167.87 4.0385742
167.88 4.0386459
167.89 4.0387176
167.9 4.0388132
167.91 4.0388849
167.92 4.0389566
167.93 4.0390283
167.94 4.0391
167.95 4.0391717
167.96 4.0392434
167.97 4.0393151
167.98 4.0393868
167.99 4.0394585
168.0 4.0395302
168.01 4.0396019
168.02 4.0396736
168.03 4.0397453
168.04 4.039817
168.05 4.0398887
168.06 4.0399604
168.07 4.0400321
168.08 4.0401038
168.09 4.0401755
168.1 4.0402472
168.11 4.0403189
168.12 4.0403906
168.13 4.0404623
168.14 4.040534
168.15 4.0406057
168.16 4.0406774
168.17 4.0407491
168.18 4.0408208
168.19 4.0408925
168.2 4.0409642
168.21 4.0410359
168.22 4.0411076
168.23 4.0411793
168.24 4.041251
168.25 4.0413227
168.26 4.0413944
168.27 4.0414661
168.28 4.0415378
168.29 4.0416095
168.3 4.0416812
168.31 4.0417529
168.32 4.0418246
168.33 4.0418963
168.34 4.041968
168.35 4.0420397
168.36 4.0420875
168.37 4.0421592
168.38 4.0422309
168.39 4.0423026
168.4 4.0423743
168.41 4.042446
168.42 4.0425177
168.43 4.0425894
168.44 4.0426611
168.45 4.0427328
168.46 4.0427806
168.47 4.0428523
168.48 4.042924
168.49 4.0429957
168.5 4.0430674
168.51 4.0431391
168.52 4.0432108
168.53 4.0432825
168.54 4.0433303
168.55 4.043402
168.56 4.0434737
168.57 4.0435454
168.58 4.0436171
168.59 4.0436888
168.6 4.0437366
168.61 4.0438083
168.62 4.04388
168.63 4.0439517
168.64 4.0440234
168.65 4.0440951
168.66 4.0441429
168.67 4.0442146
168.68 4.0442863
168.69 4.044358
168.7 4.0444297
168.71 4.0444775
168.72 4.0445492
168.73 4.0446209
168.74 4.0446926
168.75 4.0447643
168.76 4.0448121
168.77 4.0448838
168.78 4.0449555
168.79 4.0450272
168.8 4.045075
168.81 4.0451467
168.82 4.0452184
168.83 4.0452901
168.84 4.0453379
168.85 4.0454096
168.86 4.0454813
168.87 4.045553
168.88 4.0456008
168.89 4.0456725
168.9 4.0457442
168.91 4.0458159
168.92 4.0458637
168.93 4.0459354
168.94 4.0460071
168.95 4.0460549
168.96 4.0461266
168.97 4.0461983
168.98 4.0462461
168.99 4.0463178
169.0 4.0463895
169.01 4.0464612
169.02 4.046509
169.03 4.0465807
169.04 4.0466524
169.05 4.0467002
169.06 4.0467719
169.07 4.0468436
169.08 4.0468914
169.09 4.0469631
169.1 4.0470348
169.11 4.0470826
169.12 4.0471543
169.13 4.0472021
169.14 4.0472738
169.15 4.0473455
169.16 4.0473933
169.17 4.047465
169.18 4.0475367
169.19 4.0475845
169.2 4.0476562
169.21 4.047704
169.22 4.0477757
169.23 4.0478474
169.24 4.0478952
169.25 4.0479669
169.26 4.0480147
169.27 4.0480864
169.28 4.0481581
169.29 4.0482059
169.3 4.0482776
169.31 4.0483254
169.32 4.0483971
169.33 4.0484688
169.34 4.0485166
169.35 4.0485883
169.36 4.0486361
169.37 4.0487078
169.38 4.0487556
169.39 4.0488273
169.4 4.0488751
169.41 4.0489468
169.42 4.0490185
169.43 4.0490663
169.44 4.049138
169.45 4.0491858
169.46 4.0492575
169.47 4.0493053
169.48 4.049377
169.49 4.0494248
169.5 4.0494965
169.51 4.0495443
169.52 4.049616
169.53 4.0496638
169.54 4.0497355
169.55 4.0497833
169.56 4.049855
169.57 4.0499028
169.58 4.0499745
169.59 4.0500223
169.6 4.050094
169.61 4.0501418
169.62 4.0502135
169.63 4.0502613
169.64 4.0503091
169.65 4.0503808
169.66 4.0504286
169.67 4.0505003
169.68 4.0505481
169.69 4.0506198
169.7 4.0506676
169.71 4.0507393
169.72 4.0507871
169.73 4.0508349
169.74 4.0509066
169.75 4.0509544
169.76 4.0510261
169.77 4.0510739
169.78 4.0511217
169.79 4.0511934
169.8 4.0512412
169.81 4.0513129
169.82 4.0513607
169.83 4.0514085
169.84 4.0514802
169.85 4.051528
169.86 4.0515997
169.87 4.0516475
169.88 4.0516953
169.89 4.051767
169.9 4.0518148
169.91 4.0518626
169.92 4.0519343
169.93 4.0519821
169.94 4.0520299
169.95 4.0521016
169.96 4.0521494
169.97 4.0521972
169.98 4.0522689
169.99 4.0523167
170.0 4.0523645
170.01 4.0524362
170.02 4.052484
170.03 4.0525318
170.04 4.0526035
170.05 4.0526513
170.06 4.0526991
170.07 4.0527708
170.08 4.0528186
170.09 4.0528664
170.1 4.0529381
170.11 4.0529859
170.12 4.0530337
170.13 4.0530815
170.14 4.0531532
170.15 4.053201
170.16 4.0532488
170.17 4.0532966
170.18 4.0533683
170.19 4.0534161
170.2 4.0534639
170.21 4.0535117
170.22 4.0535834
170.23 4.0536312
170.24 4.053679
170.25 4.0537268
170.26 4.0537985
170.27 4.0538463
170.28 4.0538941
170.29 4.0539419
170.3 4.0540136
170.31 4.0540614
170.32 4.0541092
170.33 4.054157
170.34 4.0542048
170.35 4.0542765
170.36 4.0543243
170.37 4.0543721
170.38 4.0544199
170.39 4.0544677
170.4 4.0545155
170.41 4.0545872
170.42 4.054635
170.43 4.0546828
170.44 4.0547306
170.45 4.0547784
170.46 4.0548262
170.47 4.0548979
170.48 4.0549457
170.49 4.0549935
170.5 4.0550413
170.51 4.0550891
170.52 4.0551369
170.53 4.0551847
170.54 4.0552564
170.55 4.0553042
170.56 4.055352
170.57 4.0553998
170.58 4.0554476
170.59 4.0554954
170.6 4.0555432
170.61 4.055591
170.62 4.0556388
170.63 4.0557105
170.64 4.0557583
170.65 4.0558061
170.66 4.0558539
170.67 4.0559017
170.68 4.0559495
170.69 4.0559973
170.7 4.0560451
170.71 4.0560929
170.72 4.0561407
170.73 4.0561885
170.74 4.0562363
170.75 4.0562841
170.76 4.0563319
170.77 4.0563797
170.78 4.0564275
170.79 4.0564992
170.8 4.056547
170.81 4.0565948
170.82 4.0566426
170.83 4.0566904
170.84 4.0567382
170.85 4.056786
170.86 4.0568338
170.87 4.0568816
170.88 4.0569294
170.89 4.0569772
170.9 4.057025
170.91 4.0570728
170.92 4.0571206
170.93 4.0571684
170.94 4.0572162
170.95 4.057264
170.96 4.0573118
170.97 4.0573357
170.98 4.0573835
170.99 4.0574313
171.0 4.0574791
171.01 4.0575269
171.02 4.0575747
171.03 4.0576225
171.04 4.0576703
171.05 4.0577181
171.06 4.0577659
171.07 4.0578137
171.08 4.0578615
171.09 4.0579093
171.1 4.0579571
171.11 4.0580049
171.12 4.0580527
171.13 4.0580766
171.14 4.0581244
171.15 4.0581722
171.16 4.05822
171.17 4.0582678
171.18 4.0583156
171.19 4.0583634
171.2 4.0584112
171.21 4.058459
171.22 4.0584829
171.23 4.0585307
171.24 4.0585785
171.25 4.0586263
171.26 4.0586741
171.27 4.0587219
171.28 4.0587697
171.29 4.0587936
171.3 4.0588414
171.31 4.0588892
171.32 4.058937
171.33 4.0589848
171.34 4.0590326
171.35 4.0590565
171.36 4.0591043
171.37 4.0591521
171.38 4.0591999
171.39 4.0592477
171.4 4.0592955
171.41 4.0593194
171.42 4.0593672
171.43 4.059415
171.44 4.0594628
171.45 4.0595106
171.46 4.0595345
171.47 4.0595823
171.48 4.0596301
171.49 4.0596779
171.5 4.0597018
171.51 4.0597496
171.52 4.0597974
171.53 4.0598452
171.54 4.0598691
171.55 4.0599169
171.56 4.0599647
171.57 4.0600125
171.58 4.0600364
171.59 4.0600842
171.6 4.060132
171.61 4.0601798
171.62 4.0602037
171.63 4.0602515
171.64 4.0602993
171.65 4.0603232
171.66 4.060371
171.67 4.0604188
171.68 4.0604666
171.69 4.0604905
171.7 4.0605383
171.71 4.0605861
171.72 4.06061
171.73 4.0606578
171.74 4.0607056
171.75 4.0607295
171.76 4.0607773
171.77 4.0608251
171.78 4.060849
171.79 4.0608968
171.8 4.0609446
171.81 4.0609685
171.82 4.0610163
171.83 4.0610641
171.84 4.061088
171.85 4.0611358
171.86 4.0611836
171.87 4.0612075
171.88 4.0612553
171.89 4.0612792
171.9 4.061327
171.91 4.0613748
171.92 4.0613987
171.93 4.0614465
171.94 4.0614704
171.95 4.0615182
171.96 4.061566
171.97 4.0615899
171.98 4.0616377
171.99 4.0616616
172.0 4.0617094
172.01 4.0617572
172.02 4.0617811
172.03 4.0618289
172.04 4.0618528
172.05 4.0619006
172.06 4.0619245
172.07 4.0619723
172.08 4.0620201
172.09 4.062044
172.1 4.0620918
172.11 4.0621157
172.12 4.0621635
172.13 4.0621874
172.14 4.0622352
172.15 4.0622591
172.16 4.0623069
172.17 4.0623308
172.18 4.0623786
172.19 4.0624025
172.2 4.0624503
172.21 4.0624742
172.22 4.062522
172.23 4.0625459
172.24 4.0625937
172.25 4.0626176
172.26 4.0626654
172.27 4.0626893
172.28 4.0627371
172.29 4.062761
172.3 4.0628088
172.31 4.0628327
172.32 4.0628805
172.33 4.0629044
172.34 4.0629522
172.35 4.0629761
172.36 4.063
172.37 4.0630478
172.38 4.0630717
172.39 4.0631195
172.4 4.0631434
172.41 4.0631912
172.42 4.0632151
172.43 4.063239
172.44 4.0632868
172.45 4.0633107
172.46 4.0633585
172.47 4.0633824
172.48 4.0634063
172.49 4.0634541
172.5 4.063478
172.51 4.0635258
172.52 4.0635497
172.53 4.0635736
172.54 4.0636214
172.55 4.0636453
172.56 4.0636931
172.57 4.063717
172.58 4.0637409
172.59 4.0637887
172.6 4.0638126
172.61 4.0638365
172.62 4.0638843
172.63 4.0639082
172.64 4.0639321
172.65 4.0639799
172.66 4.0640038
172.67 4.0640277
172.68 4.0640755
172.69 4.0640994
172.7 4.0641233
172.71 4.0641711
172.72 4.064195
172.73 4.0642189
172.74 4.0642667
172.75 4.0642906
172.76 4.0643145
172.77 4.0643384
172.78 4.0643862
172.79 4.0644101
172.8 4.064434
172.81 4.0644818
172.82 4.0645057
172.83 4.0645296
172.84 4.0645535
172.85 4.0646013
172.86 4.0646252
172.87 4.0646491
172.88 4.064673
172.89 4.0647208
172.9 4.0647447
172.91 4.0647686
172.92 4.0647925
172.93 4.0648403
172.94 4.0648642
172.95 4.0648881
172.96 4.064912
172.97 4.0649359
172.98 4.0649837
172.99 4.0650076
173.0 4.0650315
173.01 4.0650554
173.02 4.0650793
173.03 4.0651271
173.04 4.065151
173.05 4.0651749
173.06 4.0651988
173.07 4.0652227
173.08 4.0652466
173.09 4.0652944
173.1 4.0653183
173.11 4.0653422
173.12 4.0653661
173.13 4.06539
173.14 4.0654139
173.15 4.0654617
173.16 4.0654856
173.17 4.0655095
173.18 4.0655334
173.19 4.0655573
173.2 4.0655812
173.21 4.0656051
173.22 4.0656529
173.23 4.0656768
173.24 4.0657007
173.25 4.0657246
173.26 4.0657485
173.27 4.0657724
173.28 4.0657963
173.29 4.0658202
173.3 4.0658441
173.31 4.065868
173.32 4.0658919
173.33 4.0659397
173.34 4.0659636
173.35 4.0659875
173.36 4.0660114
173.37 4.0660353
173.38 4.0660592
173.39 4.0660831
173.4 4.066107
173.41 4.0661309
173.42 4.0661548
173.43 4.0661787
173.44 4.0662026
173.45 4.0662265
173.46 4.0662504
173.47 4.0662743
173.48 4.0662982
173.49 4.0663221
173.5 4.066346
173.51 4.0663699
173.52 4.0663938
173.53 4.0664177
173.54 4.0664416
173.55 4.0664655
173.56 4.0664894
173.57 4.0665133
173.58 4.0665372
173.59 4.0665611
173.6 4.066585
173.61 4.0666089
173.62 4.0666328
173.63 4.0666567
173.64 4.0666806
173.65 4.0667045
173.66 4.0667284
173.67 4.0667523
173.68 4.0667762
173.69 4.0668001
173.7 4.066824
173.71 4.0668479
173.72 4.0668718
173.73 4.0668957
173.74 4.0668957
173.75 4.0669196
173.76 4.0669435
173.77 4.0669674
173.78 4.0669913
173.79 4.0670152
173.8 4.0670391
173.81 4.067063
173.82 4.0670869
173.83 4.0671108
173.84 4.0671108
173.85 4.0671347
173.86 4.0671586
173.87 4.0671825
173.88 4.0672064
173.89 4.0672303
173.9 4.0672542
173.91 4.0672542
173.92 4.0672781
173.93 4.067302
173.94 4.0673259
173.95 4.0673498
173.96 4.0673737
173.97 4.0673976
173.98 4.0673976
173.99 4.0674215
174.0 4.0674454
174.01 4.0674693
174.02 4.0674932
174.03 4.0674932
174.04 4.0675171
174.05 4.067541
174.06 4.0675649
174.07 4.0675888
174.08 4.0675888
174.09 4.0676127
174.1 4.0676366
174.11 4.0676605
174.12 4.0676844
174.13 4.0676844
174.14 4.0677083
174.15 4.0677322
174.16 4.0677561
174.17 4.0677561
174.18 4.06778
174.19 4.0678039
174.2 4.0678278
174.21 4.0678278
174.22 4.0678517
174.23 4.0678756
174.24 4.0678995
174.25 4.0678995
174.26 4.0679234
174.27 4.0679473
174.28 4.0679473
174.29 4.0679712
174.3 4.0679951
174.31 4.068019
174.32 4.068019
174.33 4.0680429
174.34 4.0680668
174.35 4.0680668
174.36 4.0680907
174.37 4.0681146
174.38 4.0681146
174.39 4.0681385
174.4 4.0681624
174.41 4.0681624
174.42 4.0681863
174.43 4.0682102
174.44 4.0682102
174.45 4.0682341
174.46 4.068258
174.47 4.068258
174.48 4.0682819
174.49 4.0683058
174.5 4.0683058
174.51 4.0683297
174.52 4.0683297
174.53 4.0683536
174.54 4.0683775
174.55 4.0683775
174.56 4.0684014
174.57 4.0684253
174.58 4.0684253
174.59 4.0684492
174.6 4.0684492
174.61 4.0684731
174.62 4.0684731
174.63 4.068497
174.64 4.0685209
174.65 4.0685209
174.66 4.0685448
174.67 4.0685448
174.68 4.0685687
174.69 4.0685687
174.7 4.0685926
174.71 4.0686165
174.72 4.0686165
174.73 4.0686404
174.74 4.0686404
174.75 4.0686643
174.76 4.0686643
174.77 4.0686882
174.78 4.0686882
174.79 4.0687121
174.8 4.0687121
174.81 4.068736
174.82 4.068736
174.83 4.0687599
174.84 4.0687599
174.85 4.0687838
174.86 4.0687838
174.87 4.0688077
174.88 4.0688077
174.89 4.0688316
174.9 4.0688316
174.91 4.0688555
174.92 4.0688555
174.93 4.0688794
174.94 4.0688794
174.95 4.0689033
174.96 4.0689033
174.97 4.0689272
174.98 4.0689272
174.99 4.0689272
175.0 4.0689511
175.01 4.0689511
175.02 4.068975
175.03 4.068975
175.04 4.0689989
175.05 4.0689989
175.06 4.0689989
175.07 4.0690228
175.08 4.0690228
175.09 4.0690467
175.1 4.0690467
175.11 4.0690467
175.12 4.0690706
175.13 4.0690706
175.14 4.0690945
175.15 4.0690945
175.16 4.0690945
175.17 4.0691184
175.18 4.0691184
175.19 4.0691184
175.2 4.0691423
175.21 4.0691423
175.22 4.0691662
175.23 4.0691662
175.24 4.0691662
175.25 4.0691901
175.26 4.0691901
175.27 4.0691901
175.28 4.069214
175.29 4.069214
175.3 4.069214
175.31 4.0692379
175.32 4.0692379
175.33 4.0692379
175.34 4.0692618
175.35 4.0692618
175.36 4.0692618
175.37 4.0692618
175.38 4.0692857
175.39 4.0692857
175.4 4.0692857
175.41 4.0693096
175.42 4.0693096
175.43 4.0693096
175.44 4.0693096
175.45 4.0693335
175.46 4.0693335
175.47 4.0693335
175.48 4.0693335
175.49 4.0693574
175.5 4.0693574
175.51 4.0693574
175.52 4.0693574
175.53 4.0693813
175.54 4.0693813
175.55 4.0693813
175.56 4.0693813
175.57 4.0694052
175.58 4.0694052
175.59 4.0694052
175.6 4.0694052
175.61 4.0694052
175.62 4.0694291
175.63 4.0694291
175.64 4.0694291
175.65 4.0694291
175.66 4.0694291
175.67 4.069453
175.68 4.069453
175.69 4.069453
175.7 4.069453
175.71 4.069453
175.72 4.069453
175.73 4.0694769
175.74 4.0694769
175.75 4.0694769
175.76 4.0694769
175.77 4.0694769
175.78 4.0694769
175.79 4.0695008
175.8 4.0695008
175.81 4.0695008
175.82 4.0695008
175.83 4.0695008
175.84 4.0695008
175.85 4.0695008
175.86 4.0695008
175.87 4.0695008
175.88 4.0695247
175.89 4.0695247
175.9 4.0695247
175.91 4.0695247
175.92 4.0695247
175.93 4.0695247
175.94 4.0695247
175.95 4.0695247
175.96 4.0695247
175.97 4.0695247
175.98 4.0695247
175.99 4.0695247
176.0 4.0695486
176.01 4.0695486
176.02 4.0695486
176.03 4.0695486
176.04 4.0695486
176.05 4.0695486
176.06 4.0695486
176.07 4.0695486
176.08 4.0695486
176.09 4.0695486
176.1 4.0695486
176.11 4.0695486
176.12 4.0695486
176.13 4.0695486
176.14 4.0695486
176.15 4.0695486
176.16 4.0695486
176.17 4.0695486
176.18 4.0695486
176.19 4.0695486
176.2 4.0695486
176.21 4.0695486
176.22 4.0695486
176.23 4.0695486
176.24 4.0695486
176.25 4.0695486
176.26 4.0695486
176.27 4.0695486
176.28 4.0695486
176.29 4.0695486
176.3 4.0695247
176.31 4.0695247
176.32 4.0695247
176.33 4.0695247
176.34 4.0695247
176.35 4.0695247
176.36 4.0695247
176.37 4.0695247
176.38 4.0695247
176.39 4.0695247
176.4 4.0695247
176.41 4.0695247
176.42 4.0695008
176.43 4.0695008
176.44 4.0695008
176.45 4.0695008
176.46 4.0695008
176.47 4.0695008
176.48 4.0695008
176.49 4.0695008
176.5 4.0695008
176.51 4.0694769
176.52 4.0694769
176.53 4.0694769
176.54 4.0694769
176.55 4.0694769
176.56 4.0694769
176.57 4.0694769
176.58 4.069453
176.59 4.069453
176.6 4.069453
176.61 4.069453
176.62 4.069453
176.63 4.0694291
176.64 4.0694291
176.65 4.0694291
176.66 4.0694291
176.67 4.0694291
176.68 4.0694052
176.69 4.0694052
176.7 4.0694052
176.71 4.0694052
176.72 4.0694052
176.73 4.0693813
176.74 4.0693813
176.75 4.0693813
176.76 4.0693813
176.77 4.0693813
176.78 4.0693574
176.79 4.0693574
176.8 4.0693574
176.81 4.0693574
176.82 4.0693335
176.83 4.0693335
176.84 4.0693335
176.85 4.0693096
176.86 4.0693096
176.87 4.0693096
176.88 4.0693096
176.89 4.0692857
176.9 4.0692857
176.91 4.0692857
176.92 4.0692857
176.93 4.0692618
176.94 4.0692618
176.95 4.0692618
176.96 4.0692379
176.97 4.0692379
176.98 4.0692379
176.99 4.069214
177.0 4.069214
177.01 4.069214
177.02 4.0691901
177.03 4.0691901
177.04 4.0691901
177.05 4.0691662
177.06 4.0691662
177.07 4.0691662
177.08 4.0691423
177.09 4.0691423
177.1 4.0691423
177.11 4.0691184
177.12 4.0691184
177.13 4.0691184
177.14 4.0690945
177.15 4.0690945
177.16 4.0690706
177.17 4.0690706
177.18 4.0690706
177.19 4.0690467
177.2 4.0690467
177.21 4.0690228
177.22 4.0690228
177.23 4.0690228
177.24 4.0689989
177.25 4.0689989
177.26 4.068975
177.27 4.068975
177.28 4.0689511
177.29 4.0689511
177.3 4.0689511
177.31 4.0689272
177.32 4.0689272
177.33 4.0689033
177.34 4.0689033
177.35 4.0688794
177.36 4.0688794
177.37 4.0688555
177.38 4.0688555
177.39 4.0688555
177.4 4.0688316
177.41 4.0688316
177.42 4.0688077
177.43 4.0688077
177.44 4.0687838
177.45 4.0687838
177.46 4.0687599
177.47 4.0687599
177.48 4.068736
177.49 4.068736
177.5 4.0687121
177.51 4.0687121
177.52 4.0686882
177.53 4.0686882
177.54 4.0686643
177.55 4.0686404
177.56 4.0686404
177.57 4.0686165
177.58 4.0686165
177.59 4.0685926
177.6 4.0685926
177.61 4.0685687
177.62 4.0685687
177.63 4.0685448
177.64 4.0685448
177.65 4.0685209
177.66 4.068497
177.67 4.068497
177.68 4.0684731
177.69 4.0684731
177.7 4.0684492
177.71 4.0684253
177.72 4.0684253
177.73 4.0684014
177.74 4.0684014
177.75 4.0683775
177.76 4.0683536
177.77 4.0683536
177.78 4.0683297
177.79 4.0683297
177.8 4.0683058
177.81 4.0682819
177.82 4.0682819
177.83 4.068258
177.84 4.0682341
177.85 4.0682341
177.86 4.0682102
177.87 4.0682102
177.88 4.0681863
177.89 4.0681624
177.9 4.0681624
177.91 4.0681385
177.92 4.0681146
177.93 4.0681146
177.94 4.0680907
177.95 4.0680668
177.96 4.0680429
177.97 4.0680429
177.98 4.068019
177.99 4.0679951
178.0 4.0679951
178.01 4.0679712
178.02 4.0679473
178.03 4.0679473
178.04 4.0679234
178.05 4.0678995
178.06 4.0678756
178.07 4.0678756
178.08 4.0678517
178.09 4.0678278
178.1 4.0678039
178.11 4.0678039
178.12 4.06778
178.13 4.0677561
178.14 4.0677561
178.15 4.0677322
178.16 4.0677083
178.17 4.0676844
178.18 4.0676605
178.19 4.0676605
178.2 4.0676366
178.21 4.0676127
178.22 4.0675888
178.23 4.0675888
178.24 4.0675649
178.25 4.067541
178.26 4.0675171
178.27 4.0674932
178.28 4.0674932
178.29 4.0674693
178.3 4.0674454
178.31 4.0674215
178.32 4.0673976
178.33 4.0673737
178.34 4.0673737
178.35 4.0673498
178.36 4.0673259
178.37 4.067302
178.38 4.0672781
178.39 4.0672542
178.4 4.0672542
178.41 4.0672303
178.42 4.0672064
178.43 4.0671825
178.44 4.0671586
178.45 4.0671347
178.46 4.0671108
178.47 4.0671108
178.48 4.0670869
178.49 4.067063
178.5 4.0670391
178.51 4.0670152
178.52 4.0669913
178.53 4.0669674
178.54 4.0669435
178.55 4.0669196
178.56 4.0669196
178.57 4.0668957
178.58 4.0668718
178.59 4.0668479
178.6 4.066824
178.61 4.0668001
178.62 4.0667762
178.63 4.0667523
178.64 4.0667284
178.65 4.0667045
178.66 4.0666806
178.67 4.0666567
178.68 4.0666328
178.69 4.0666089
178.7 4.066585
178.71 4.0665611
178.72 4.0665372
178.73 4.0665133
178.74 4.0664894
178.75 4.0664894
178.76 4.0664655
178.77 4.0664416
178.78 4.0664177
178.79 4.0663938
178.8 4.0663699
178.81 4.066346
178.82 4.0663221
178.83 4.0662982
178.84 4.0662743
178.85 4.0662504
178.86 4.0662026
178.87 4.0661787
178.88 4.0661548
178.89 4.0661309
178.9 4.066107
178.91 4.0660831
178.92 4.0660592
178.93 4.0660353
178.94 4.0660114
178.95 4.0659875
178.96 4.0659636
178.97 4.0659397
178.98 4.0659158
178.99 4.0658919
179.0 4.065868
179.01 4.0658441
179.02 4.0658202
179.03 4.0657963
179.04 4.0657485
179.05 4.0657246
179.06 4.0657007
179.07 4.0656768
179.08 4.0656529
179.09 4.065629
179.1 4.0656051
179.11 4.0655812
179.12 4.0655573
179.13 4.0655334
179.14 4.0654856
179.15 4.0654617
179.16 4.0654378
179.17 4.0654139
179.18 4.06539
179.19 4.0653661
179.2 4.0653422
179.21 4.0652944
179.22 4.0652705
179.23 4.0652466
179.24 4.0652227
179.25 4.0651988
179.26 4.0651749
179.27 4.0651271
179.28 4.0651032
179.29 4.0650793
179.3 4.0650554
179.31 4.0650315
179.32 4.0649837
179.33 4.0649598
179.34 4.0649359
179.35 4.064912
179.36 4.0648881
179.37 4.0648403
179.38 4.0648164
179.39 4.0647925
179.4 4.0647686
179.41 4.0647447
179.42 4.0646969
179.43 4.064673
179.44 4.0646491
179.45 4.0646252
179.46 4.0645774
179.47 4.0645535
179.48 4.0645296
179.49 4.0645057
179.5 4.0644579
179.51 4.064434
179.52 4.0644101
179.53 4.0643862
179.54 4.0643384
179.55 4.0643145
179.56 4.0642906
179.57 4.0642428
179.58 4.0642189
179.59 4.064195
179.6 4.0641711
179.61 4.0641233
179.62 4.0640994
179.63 4.0640755
179.64 4.0640277
179.65 4.0640038
179.66 4.0639799
179.67 4.0639321
179.68 4.0639082
179.69 4.0638843
179.7 4.0638365
179.71 4.0638126
179.72 4.0637887
179.73 4.0637409
179.74 4.063717
179.75 4.0636931
179.76 4.0636453
179.77 4.0636214
179.78 4.0635975
179.79 4.0635497
179.8 4.0635258
179.81 4.0635019
179.82 4.0634541
179.83 4.0634302
179.84 4.0633824
179.85 4.0633585
179.86 4.0633346
179.87 4.0632868
179.88 4.0632629
179.89 4.0632151
179.9 4.0631912
179.91 4.0631673
179.92 4.0631195
179.93 4.0630956
179.94 4.0630478
179.95 4.0630239
179.96 4.063
179.97 4.0629522
179.98 4.0629283
179.99 4.0628805
180.0 4.0628566
180.01 4.0628566
