-180.0 3.2297504
-179.99 3.2296787
-179.98 3.2295831
-179.97 3.2295114
-179.96 3.2294397
-179.95 3.229368
-179.94 3.2292963
-179.93 3.2292246
-179.92 3.2291529
-179.91 3.2290812
-179.9 3.2290095
-179.89 3.2289378
-179.88 3.2288661
-179.87 3.2287944
-179.86 3.2286988
-179.85 3.2286271
-179.84 3.2285554
-179.83 3.2284837
-179.82 3.228412
-179.81 3.2283403
-179.8 3.2282686
-179.79 3.2281969
-179.78 3.2281252
-179.77 3.2280535
-179.76 3.2279818
-179.75 3.2279101
-179.74 3.2278384
-179.73 3.2277428
-179.72 3.2276711
-179.71 3.2275994
-179.7 3.2275277
-179.69 3.227456
-179.68 3.2273843
-179.67 3.2273126
-179.66 3.2272409
-179.65 3.2271692
-179.64 3.2270975
-179.63 3.2270258
-179.62 3.2269541
-179.61 3.2268824
-179.6 3.2268107
-179.59 3.226739
-179.58 3.2266434
-179.57 3.2265717
-179.56 3.2265
-179.55 3.2264283
-179.54 3.2263566
-179.53 3.2262849
-179.52 3.2262132
-179.51 3.2261415
-179.5 3.2260698
-179.49 3.2259981
-179.48 3.2259264
-179.47 3.2258547
-179.46 3.225783
-179.45 3.2257113
-179.44 3.2256396
-179.43 3.2255679
-179.42 3.2254723
-179.41 3.2254006
-179.4 3.2253289
-179.39 3.2252572
-179.38 3.2251855
-179.37 3.2251138
-179.36 3.2250421
-179.35 3.2249704
-179.34 3.2248987
-179.33 3.224827
-179.32 3.2247553
-179.31 3.2246836
-179.3 3.2246119
-179.29 3.2245402
-179.28 3.2244685
-179.27 3.2243968
-179.26 3.2243251
-179.25 3.2242534
-179.24 3.2241578
-179.23 3.2240861
-179.22 3.2240144
-179.21 3.2239427
-179.2 3.223871
-179.19 3.2237993
-179.18 3.2237276
-179.17 3.2236559
-179.16 3.2235842
-179.15 3.2235125
-179.14 3.2234408
-179.13 3.2233691
-179.12 3.2232974
-179.11 3.2232257
-179.1 3.223154
-179.09 3.2230823
-179.08 3.2230106
-179.07 3.2229389
-179.06 3.2228672
-179.05 3.2227955
-179.04 3.2227238
-179.03 3.2226521
-179.02 3.2225565
-179.01 3.2224848
-179.0 3.2224131
-178.99 3.2223414
-178.98 3.2222697
-178.97 3.222198
-178.96 3.2221263
-178.95 3.2220546
-178.94 3.2219829
-178.93 3.2219112
-178.92 3.2218395
-178.91 3.2217678
-178.9 3.2216961
-178.89 3.2216244
-178.88 3.2215527
-178.87 3.221481
-178.86 3.2214093
-178.85 3.2213376
-178.84 3.2212659
-178.83 3.2211942
-178.82 3.2211225
-178.81 3.2210508
-178.8 3.2209791
-178.79 3.2209074
-178.78 3.2208357
-178.77 3.220764
-178.76 3.2206923
-178.75 3.2206206
-178.74 3.2205489
-178.73 3.2204772
-178.72 3.2203816
-178.71 3.2203099
-178.7 3.2202382
-178.69 3.2201665
-178.68 3.2200948
-178.67 3.2200231
-178.66 3.2199514
-178.65 3.2198797
-178.64 3.219808
-178.63 3.2197363
-178.62 3.2196646
-178.61 3.2195929
-178.6 3.2195212
-178.59 3.2194495
-178.58 3.2193778
-178.57 3.2193061
-178.56 3.2192344
-178.55 3.2191627
-178.54 3.219091
-178.53 3.2190193
-178.52 3.2189476
-178.51 3.2188759
-178.5 3.2188042
-178.49 3.2187325
-178.48 3.2186608
-178.47 3.2185891
-178.46 3.2185174
-178.45 3.2184457
-178.44 3.218374
-178.43 3.2183023
-178.42 3.2182306
-178.41 3.2181589
-178.4 3.2180872
-178.39 3.2180155
-178.38 3.2179438
-178.37 3.2178721
-178.36 3.2178004
-178.35 3.2177287
-178.34 3.217657
-178.33 3.2175853
-178.32 3.2175136
-178.31 3.2174419
-178.3 3.2173702
-178.29 3.2172985
-178.28 3.2172268
-178.27 3.2171551
-178.26 3.2170834
-178.25 3.2170117
-178.24 3.21694
-178.23 3.2168683
-178.22 3.2167966
-178.21 3.2167249
-178.2 3.2166532
-178.19 3.2165815
-178.18 3.2165098
-178.17 3.2164381
-178.16 3.2163664
-178.15 3.2162947
-178.14 3.216223
-178.13 3.2161513
-178.12 3.2160796
-178.11 3.2160079
-178.1 3.2159362
-178.09 3.2158645
-178.08 3.2157928
-178.07 3.2157211
-178.06 3.2156494
-178.05 3.2155777
-178.04 3.215506
-178.03 3.2154343
-178.02 3.2153626
-178.01 3.2152909
-178.0 3.2152192
-177.99 3.2151475
-177.98 3.2150758
-177.97 3.2150041
-177.96 3.2149324
-177.95 3.2148607
-177.94 3.214789
-177.93 3.2147173
-177.92 3.2146456
-177.91 3.2145739
-177.9 3.2145022
-177.89 3.2144305
-177.88 3.2143588
-177.87 3.2142871
-177.86 3.2142154
-177.85 3.2141437
-177.84 3.214072
-177.83 3.2140003
-177.82 3.2139286
-177.81 3.2138569
-177.8 3.2137852
-177.79 3.2137135
-177.78 3.2136418
-177.77 3.2135701
-177.76 3.2134984
-177.75 3.2134267
-177.74 3.213355
-177.73 3.2132833
-177.72 3.2132116
-177.71 3.2131399
-177.7 3.2130682
-177.69 3.2129965
-177.68 3.2129248
-177.67 3.2128531
-177.66 3.2127814
-177.65 3.2127097
-177.64 3.212638
-177.63 3.2125663
-177.62 3.2124946
-177.61 3.2124229
-177.6 3.2123512
-177.59 3.2122795
-177.58 3.2122078
-177.57 3.2121361
-177.56 3.2120644
-177.55 3.2119927
-177.54 3.211921
-177.53 3.2118493
-177.52 3.2117776
-177.51 3.2117059
-177.5 3.2116342
-177.49 3.2115864
-177.48 3.2115147
-177.47 3.211443
-177.46 3.2113713
-177.45 3.2112996
-177.44 3.2112279
-177.43 3.2111562
-177.42 3.2110845
-177.41 3.2110128
-177.4 3.2109411
-177.39 3.2108694
-177.38 3.2107977
-177.37 3.210726
-177.36 3.2106543
-177.35 3.2105826
-177.34 3.2105109
-177.33 3.2104392
-177.32 3.2103675
-177.31 3.2102958
-177.3 3.2102241
-177.29 3.2101524
-177.28 3.2100807
-177.27 3.210009
-177.26 3.2099373
-177.25 3.2098656
-177.24 3.2097939
-177.23 3.2097222
-177.22 3.2096505
-177.21 3.2095788
-177.2 3.2095071
-177.19 3.2094593
-177.18 3.2093876
-177.17 3.2093159
-177.16 3.2092442
-177.15 3.2091725
-177.14 3.2091008
-177.13 3.2090291
-177.12 3.2089574
-177.11 3.2088857
-177.1 3.208814
-177.09 3.2087423
-177.08 3.2086706
-177.07 3.2085989
-177.06 3.2085272
-177.05 3.2084555
-177.04 3.2083838
-177.03 3.2083121
-177.02 3.2082404
-177.01 3.2081687
-177.0 3.208097
-176.99 3.2080253
-176.98 3.2079536
-176.97 3.2078819
-176.96 3.2078341
-176.95 3.2077624
-176.94 3.2076907
-176.93 3.207619
-176.92 3.2075473
-176.91 3.2074756
-176.9 3.2074039
-176.89 3.2073322
-176.88 3.2072605
-176.87 3.2071888
-176.86 3.2071171
-176.85 3.2070454
-176.84 3.2069737
-176.83 3.206902
-176.82 3.2068303
-176.81 3.2067586
-176.8 3.2066869
-176.79 3.2066152
-176.78 3.2065674
-176.77 3.2064957
-176.76 3.206424
-176.75 3.2063523
-176.74 3.2062806
-176.73 3.2062089
-176.72 3.2061372
-176.71 3.2060655
-176.7 3.2059938
-176.69 3.2059221
-176.68 3.2058504
-176.67 3.2057787
-176.66 3.205707
-176.65 3.2056353
-176.64 3.2055636
-176.63 3.2054919
-176.62 3.2054202
-176.61 3.2053724
-176.6 3.2053007
-176.59 3.205229
-176.58 3.2051573
-176.57 3.2050856
-176.56 3.2050139
-176.55 3.2049422
-176.54 3.2048705
-176.53 3.2047988
-176.52 3.2047271
-176.51 3.2046554
-176.5 3.2045837
-176.49 3.204512
-176.48 3.2044403
-176.47 3.2043686
-176.46 3.2043208
-176.45 3.2042491
-176.44 3.2041774
-176.43 3.2041057
-176.42 3.204034
-176.41 3.2039623
-176.4 3.2038906
-176.39 3.2038189
-176.38 3.2037472
-176.37 3.2036755
-176.36 3.2036038
-176.35 3.2035321
-176.34 3.2034604
-176.33 3.2034126
-176.32 3.2033409
-176.31 3.2032692
-176.3 3.2031975
-176.29 3.2031258
-176.28 3.2030541
-176.27 3.2029824
-176.26 3.2029107
-176.25 3.202839
-176.24 3.2027673
-176.23 3.2026956
-176.22 3.2026239
-176.21 3.2025522
-176.2 3.2025044
-176.19 3.2024327
-176.18 3.202361
-176.17 3.2022893
-176.16 3.2022176
-176.15 3.2021459
-176.14 3.2020742
-176.13 3.2020025
-176.12 3.2019308
-176.11 3.2018591
-176.1 3.2017874
-176.09 3.2017157
-176.08 3.2016679
-176.07 3.2015962
-176.06 3.2015245
-176.05 3.2014528
-176.04 3.2013811
-176.03 3.2013094
-176.02 3.2012377
-176.01 3.201166
-176.0 3.2010943
-175.99 3.2010226
-175.98 3.2009509
-175.97 3.2009031
-175.96 3.2008314
-175.95 3.2007597
-175.94 3.200688
-175.93 3.2006163
-175.92 3.2005446
-175.91 3.2004729
-175.9 3.2004012
-175.89 3.2003295
-175.88 3.2002578
-175.87 3.2001861
-175.86 3.2001383
-175.85 3.2000666
-175.84 3.1999949
-175.83 3.1999232
-175.82 3.1998515
-175.81 3.1997798
-175.8 3.1997081
-175.79 3.1996364
-175.78 3.1995647
-175.77 3.199493
-175.76 3.1994452
-175.75 3.1993735
-175.74 3.1993018
-175.73 3.1992301
-175.72 3.1991584
-175.71 3.1990867
-175.7 3.199015
-175.69 3.1989433
-175.68 3.1988716
-175.67 3.1987999
-175.66 3.1987521
-175.65 3.1986804
-175.64 3.1986087
-175.63 3.198537
-175.62 3.1984653
-175.61 3.1983936
-175.6 3.1983219
-175.59 3.1982502
-175.58 3.1981785
-175.57 3.1981307
-175.56 3.198059
-175.55 3.1979873
-175.54 3.1979156
-175.53 3.1978439
-175.52 3.1977722
-175.51 3.1977005
-175.5 3.1976288
-175.49 3.1975571
-175.48 3.1974854
-175.47 3.1974376
-175.46 3.1973659
-175.45 3.1972942
-175.44 3.1972225
-175.43 3.1971508
-175.42 3.1970791
-175.41 3.1970074
-175.4 3.1969357
-175.39 3.1968879
-175.38 3.1968162
-175.37 3.1967445
-175.36 3.1966728
-175.35 3.1966011
-175.34 3.1965294
-175.33 3.1964577
-175.32 3.196386
-175.31 3.1963143
-175.3 3.1962665
-175.29 3.1961948
-175.28 3.1961231
-175.27 3.1960514
-175.26 3.1959797
-175.25 3.195908
-175.24 3.1958363
-175.23 3.1957646
-175.22 3.1957168
-175.21 3.1956451
-175.2 3.1955734
-175.19 3.1955017
-175.18 3.19543
-175.17 3.1953583
-175.16 3.1952866
-175.15 3.1952149
-175.14 3.1951671
-175.13 3.1950954
-175.12 3.1950237
-175.11 3.194952
-175.1 3.1948803
-175.09 3.1948086
-175.08 3.1947369
-175.07 3.1946652
-175.06 3.1946174
-175.05 3.1945457
-175.04 3.194474
-175.03 3.1944023
-175.02 3.1943306
-175.01 3.1942589
-175.0 3.1941872
-174.99 3.1941155
-174.98 3.1940677
-174.97 3.193996
-174.96 3.1939243
-174.95 3.1938526
-174.94 3.1937809
-174.93 3.1937092
-174.92 3.1936375
-174.91 3.1935658
-174.9 3.193518
-174.89 3.1934463
-174.88 3.1933746
-174.87 3.1933029
-174.86 3.1932312
-174.85 3.1931595
-174.84 3.1930878
-174.83 3.19304
-174.82 3.1929683
-174.81 3.1928966
-174.8 3.1928249
-174.79 3.1927532
-174.78 3.1926815
-174.77 3.1926098
-174.76 3.192562
-174.75 3.1924903
-174.74 3.1924186
-174.73 3.1923469
-174.72 3.1922752
-174.71 3.1922035
-174.7 3.1921318
-174.69 3.192084
-174.68 3.1920123
-174.67 3.1919406
-174.66 3.1918689
-174.65 3.1917972
-174.64 3.1917255
-174.63 3.1916538
-174.62 3.191606
-174.61 3.1915343
-174.6 3.1914626
-174.59 3.1913909
-174.58 3.1913192
-174.57 3.1912475
-174.56 3.1911758
-174.55 3.191128
-174.54 3.1910563
-174.53 3.1909846
-174.52 3.1909129
-174.51 3.1908412
-174.5 3.1907695
-174.49 3.1906978
-174.48 3.19065
-174.47 3.1905783
-174.46 3.1905066
-174.45 3.1904349
-174.44 3.1903632
-174.43 3.1902915
-174.42 3.1902437
-174.41 3.190172
-174.4 3.1901003
-174.39 3.1900286
-174.38 3.1899569
-174.37 3.1898852
-174.36 3.1898135
-174.35 3.1897657
-174.34 3.189694
-174.33 3.1896223
-174.32 3.1895506
-174.31 3.1894789
-174.3 3.1894072
-174.29 3.1893594
-174.28 3.1892877
-174.27 3.189216
-174.26 3.1891443
-174.25 3.1890726
-174.24 3.1890009
-174.23 3.1889531
-174.22 3.1888814
-174.21 3.1888097
-174.2 3.188738
-174.19 3.1886663
-174.18 3.1885946
-174.17 3.1885468
-174.16 3.1884751
-174.15 3.1884034
-174.14 3.1883317
-174.13 3.18826
-174.12 3.1881883
-174.11 3.1881405
-174.1 3.1880688
-174.09 3.1879971
-174.08 3.1879254
-174.07 3.1878537
-174.06 3.187782
-174.05 3.1877342
-174.04 3.1876625
-174.03 3.1875908
-174.02 3.1875191
-174.01 3.1874474
-174.0 3.1873757
-173.99 3.1873279
-173.98 3.1872562
-173.97 3.1871845
-173.96 3.1871128
-173.95 3.1870411
-173.94 3.1869694
-173.93 3.1869216
-173.92 3.1868499
-173.91 3.1867782
-173.9 3.1867065
-173.89 3.1866348
-173.88 3.1865631
-173.87 3.1865153
-173.86 3.1864436
-173.85 3.1863719
-173.84 3.1863002
-173.83 3.1862285
-173.82 3.1861807
-173.81 3.186109
-173.8 3.1860373
-173.79 3.1859656
-173.78 3.1858939
-173.77 3.1858222
-173.76 3.1857744
-173.75 3.1857027
-173.74 3.185631
-173.73 3.1855593
-173.72 3.1854876
-173.71 3.1854159
-173.7 3.1853681
-173.69 3.1852964
-173.68 3.1852247
-173.67 3.185153
-173.66 3.1850813
-173.65 3.1850335
-173.64 3.1849618
-173.63 3.1848901
-173.62 3.1848184
-173.61 3.1847467
-173.6 3.1846989
-173.59 3.1846272
-173.58 3.1845555
-173.57 3.1844838
-173.56 3.1844121
-173.55 3.1843404
-173.54 3.1842926
-173.53 3.1842209
-173.52 3.1841492
-173.51 3.1840775
-173.5 3.1840058
-173.49 3.183958
-173.48 3.1838863
-173.47 3.1838146
-173.46 3.1837429
-173.45 3.1836712
-173.44 3.1836234
-173.43 3.1835517
-173.42 3.18348
-173.41 3.1834083
-173.4 3.1833366
-173.39 3.1832888
-173.38 3.1832171
-173.37 3.1831454
-173.36 3.1830737
-173.35 3.183002
-173.34 3.1829303
-173.33 3.1828825
-173.32 3.1828108
-173.31 3.1827391
-173.3 3.1826674
-173.29 3.1825957
-173.28 3.1825479
-173.27 3.1824762
-173.26 3.1824045
-173.25 3.1823328
-173.24 3.1822611
-173.23 3.1822133
-173.22 3.1821416
-173.21 3.1820699
-173.2 3.1819982
-173.19 3.1819265
-173.18 3.1818787
-173.17 3.181807
-173.16 3.1817353
-173.15 3.1816636
-173.14 3.1815919
-173.13 3.1815441
-173.12 3.1814724
-173.11 3.1814007
-173.1 3.181329
-173.09 3.1812812
-173.08 3.1812095
-173.07 3.1811378
-173.06 3.1810661
-173.05 3.1809944
-173.04 3.1809466
-173.03 3.1808749
-173.02 3.1808032
-173.01 3.1807315
-173.0 3.1806598
-172.99 3.180612
-172.98 3.1805403
-172.97 3.1804686
-172.96 3.1803969
-172.95 3.1803252
-172.94 3.1802774
-172.93 3.1802057
-172.92 3.180134
-172.91 3.1800623
-172.9 3.1800145
-172.89 3.1799428
-172.88 3.1798711
-172.87 3.1797994
-172.86 3.1797277
-172.85 3.1796799
-172.84 3.1796082
-172.83 3.1795365
-172.82 3.1794648
-172.81 3.1793931
-172.8 3.1793453
-172.79 3.1792736
-172.78 3.1792019
-172.77 3.1791302
-172.76 3.1790824
-172.75 3.1790107
-172.74 3.178939
-172.73 3.1788673
-172.72 3.1787956
-172.71 3.1787478
-172.7 3.1786761
-172.69 3.1786044
-172.68 3.1785327
-172.67 3.1784849
-172.66 3.1784132
-172.65 3.1783415
-172.64 3.1782698
-172.63 3.1781981
-172.62 3.1781503
-172.61 3.1780786
-172.6 3.1780069
-172.59 3.1779352
-172.58 3.1778874
-172.57 3.1778157
-172.56 3.177744
-172.55 3.1776723
-172.54 3.1776006
-172.53 3.1775528
-172.52 3.1774811
-172.51 3.1774094
-172.5 3.1773377
-172.49 3.1772899
-172.48 3.1772182
-172.47 3.1771465
-172.46 3.1770748
-172.45 3.1770031
-172.44 3.1769553
-172.43 3.1768836
-172.42 3.1768119
-172.41 3.1767402
-172.4 3.1766924
-172.39 3.1766207
-172.38 3.176549
-172.37 3.1764773
-172.36 3.1764295
-172.35 3.1763578
-172.34 3.1762861
-172.33 3.1762144
-172.32 3.1761666
-172.31 3.1760949
-172.3 3.1760232
-172.29 3.1759515
-172.28 3.1758798
-172.27 3.175832
-172.26 3.1757603
-172.25 3.1756886
-172.24 3.1756169
-172.23 3.1755691
-172.22 3.1754974
-172.21 3.1754257
-172.2 3.175354
-172.19 3.1753062
-172.18 3.1752345
-172.17 3.1751628
-172.16 3.1750911
-172.15 3.1750433
-172.14 3.1749716
-172.13 3.1748999
-172.12 3.1748282
-172.11 3.1747804
-172.1 3.1747087
-172.09 3.174637
-172.08 3.1745653
-172.07 3.1745175
-172.06 3.1744458
-172.05 3.1743741
-172.04 3.1743024
-172.03 3.1742546
-172.02 3.1741829
-172.01 3.1741112
-172.0 3.1740395
-171.99 3.1739678
-171.98 3.17392
-171.97 3.1738483
-171.96 3.1737766
-171.95 3.1737049
-171.94 3.1736571
-171.93 3.1735854
-171.92 3.1735137
-171.91 3.173442
-171.9 3.1733942
-171.89 3.1733225
-171.88 3.1732508
-171.87 3.1731791
-171.86 3.1731313
-171.85 3.1730596
-171.84 3.1729879
-171.83 3.1729401
-171.82 3.1728684
-171.81 3.1727967
-171.8 3.172725
-171.79 3.1726772
-171.78 3.1726055
-171.77 3.1725338
-171.76 3.1724621
-171.75 3.1724143
-171.74 3.1723426
-171.73 3.1722709
-171.72 3.1721992
-171.71 3.1721514
-171.7 3.1720797
-171.69 3.172008
-171.68 3.1719363
-171.67 3.1718885
-171.66 3.1718168
-171.65 3.1717451
-171.64 3.1716734
-171.63 3.1716256
-171.62 3.1715539
-171.61 3.1714822
-171.6 3.1714105
-171.59 3.1713627
-171.58 3.171291
-171.57 3.1712193
-171.56 3.1711476
-171.55 3.1710998
-171.54 3.1710281
-171.53 3.1709564
-171.52 3.1709086
-171.51 3.1708369
-171.5 3.1707652
-171.49 3.1706935
-171.48 3.1706457
-171.47 3.170574
-171.46 3.1705023
-171.45 3.1704306
-171.44 3.1703828
-171.43 3.1703111
-171.42 3.1702394
-171.41 3.1701677
-171.4 3.1701199
-171.39 3.1700482
-171.38 3.1699765
-171.37 3.1699287
-171.36 3.169857
-171.35 3.1697853
-171.34 3.1697136
-171.33 3.1696658
-171.32 3.1695941
-171.31 3.1695224
-171.3 3.1694507
-171.29 3.1694029
-171.28 3.1693312
-171.27 3.1692595
-171.26 3.1692117
-171.25 3.16914
-171.24 3.1690683
-171.23 3.1689966
-171.22 3.1689488
-171.21 3.1688771
-171.2 3.1688054
-171.19 3.1687576
-171.18 3.1686859
-171.17 3.1686142
-171.16 3.1685425
-171.15 3.1684947
-171.14 3.168423
-171.13 3.1683513
-171.12 3.1682796
-171.11 3.1682318
-171.1 3.1681601
-171.09 3.1680884
-171.08 3.1680406
-171.07 3.1679689
-171.06 3.1678972
-171.05 3.1678255
-171.04 3.1677777
-171.03 3.167706
-171.02 3.1676343
-171.01 3.1675865
-171.0 3.1675148
-170.99 3.1674431
-170.98 3.1673714
-170.97 3.1673236
-170.96 3.1672519
-170.95 3.1671802
-170.94 3.1671324
-170.93 3.1670607
-170.92 3.166989
-170.91 3.1669173
-170.9 3.1668695
-170.89 3.1667978
-170.88 3.1667261
-170.87 3.1666783
-170.86 3.1666066
-170.85 3.1665349
-170.84 3.1664632
-170.83 3.1664154
-170.82 3.1663437
-170.81 3.166272
-170.8 3.1662242
-170.79 3.1661525
-170.78 3.1660808
-170.77 3.1660091
-170.76 3.1659613
-170.75 3.1658896
-170.74 3.1658179
-170.73 3.1657701
-170.72 3.1656984
-170.71 3.1656267
-170.7 3.1655789
-170.69 3.1655072
-170.68 3.1654355
-170.67 3.1653638
-170.66 3.165316
-170.65 3.1652443
-170.64 3.1651726
-170.63 3.1651248
-170.62 3.1650531
-170.61 3.1649814
-170.6 3.1649336
-170.59 3.1648619
-170.58 3.1647902
-170.57 3.1647185
-170.56 3.1646707
-170.55 3.164599
-170.54 3.1645273
-170.53 3.1644795
-170.52 3.1644078
-170.51 3.1643361
-170.5 3.1642883
-170.49 3.1642166
-170.48 3.1641449
-170.47 3.1640732
-170.46 3.1640254
-170.45 3.1639537
-170.44 3.163882
-170.43 3.1638342
-170.42 3.1637625
-170.41 3.1636908
-170.4 3.163643
-170.39 3.1635713
-170.38 3.1634996
-170.37 3.1634279
-170.36 3.1633801
-170.35 3.1633084
-170.34 3.1632367
-170.33 3.1631889
-170.32 3.1631172
-170.31 3.1630455
-170.3 3.1629977
-170.29 3.162926
-170.28 3.1628543
-170.27 3.1628065
-170.26 3.1627348
-170.25 3.1626631
-170.24 3.1626153
-170.23 3.1625436
-170.22 3.1624719
-170.21 3.1624002
-170.2 3.1623524
-170.19 3.1622807
-170.18 3.162209
-170.17 3.1621612
-170.16 3.1620895
-170.15 3.1620178
-170.14 3.16197
-170.13 3.1618983
-170.12 3.1618266
-170.11 3.1617788
-170.1 3.1617071
-170.09 3.1616354
-170.08 3.1615876
-170.07 3.1615159
-170.06 3.1614442
-170.05 3.1613964
-170.04 3.1613247
-170.03 3.161253
-170.02 3.1611813
-170.01 3.1611335
-170.0 3.1610618
-169.99 3.1609901
-169.98 3.1609423
-169.97 3.1608706
-169.96 3.1607989
-169.95 3.1607511
-169.94 3.1606794
-169.93 3.1606077
-169.92 3.1605599
-169.91 3.1604882
-169.9 3.1604165
-169.89 3.1603687
-169.88 3.160297
-169.87 3.1602253
-169.86 3.1601775
-169.85 3.1601058
-169.84 3.1600341
-169.83 3.1599863
-169.82 3.1599146
-169.81 3.1598429
-169.8 3.1597951
-169.79 3.1597234
-169.78 3.1596517
-169.77 3.1596039
-169.76 3.1595322
-169.75 3.1594605
-169.74 3.1594127
-169.73 3.159341
-169.72 3.1592693
-169.71 3.1592215
-169.7 3.1591498
-169.69 3.1590781
-169.68 3.1590303
-169.67 3.1589586
-169.66 3.1588869
-169.65 3.1588391
-169.64 3.1587674
-169.63 3.1586957
-169.62 3.1586479
-169.61 3.1585762
-169.6 3.1585045
-169.59 3.1584567
-169.58 3.158385
-169.57 3.1583133
-169.56 3.1582655
-169.55 3.1581938
-169.54 3.1581221
-169.53 3.1580743
-169.52 3.1580026
-169.51 3.1579309
-169.5 3.1578831
-169.49 3.1578114
-169.48 3.1577397
-169.47 3.1576919
-169.46 3.1576202
-169.45 3.1575485
-169.44 3.1575007
-169.43 3.157429
-169.42 3.1573573
-169.41 3.1573095
-169.4 3.1572378
-169.39 3.1571661
-169.38 3.1571183
-169.37 3.1570466
-169.36 3.1569749
-169.35 3.1569271
-169.34 3.1568554
-169.33 3.1567837
-169.32 3.1567359
-169.31 3.1566642
-169.3 3.1565925
-169.29 3.1565447
-169.28 3.156473
-169.27 3.1564252
-169.26 3.1563535
-169.25 3.1562818
-169.24 3.156234
-169.23 3.1561623
-169.22 3.1560906
-169.21 3.1560428
-169.2 3.1559711
-169.19 3.1558994
-169.18 3.1558516
-169.17 3.1557799
-169.16 3.1557082
-169.15 3.1556604
-169.14 3.1555887
-169.13 3.155517
-169.12 3.1554692
-169.11 3.1553975
-169.1 3.1553258
-169.09 3.155278
-169.08 3.1552063
-169.07 3.1551585
-169.06 3.1550868
-169.05 3.1550151
-169.04 3.1549673
-169.03 3.1548956
-169.02 3.1548239
-169.01 3.1547761
-169.0 3.1547044
-168.99 3.1546327
-168.98 3.1545849
-168.97 3.1545132
-168.96 3.1544415
-168.95 3.1543937
-168.94 3.154322
-168.93 3.1542742
-168.92 3.1542025
-168.91 3.1541308
-168.9 3.154083
-168.89 3.1540113
-168.88 3.1539396
-168.87 3.1538918
-168.86 3.1538201
-168.85 3.1537484
-168.84 3.1537006
-168.83 3.1536289
-168.82 3.1535811
-168.81 3.1535094
-168.8 3.1534377
-168.79 3.1533899
-168.78 3.1533182
-168.77 3.1532465
-168.76 3.1531987
-168.75 3.153127
-168.74 3.1530553
-168.73 3.1530075
-168.72 3.1529358
-168.71 3.152888
-168.7 3.1528163
-168.69 3.1527446
-168.68 3.1526968
-168.67 3.1526251
-168.66 3.1525534
-168.65 3.1525056
-168.64 3.1524339
-168.63 3.1523622
-168.62 3.1523144
-168.61 3.1522427
-168.6 3.1521949
-168.59 3.1521232
-168.58 3.1520515
-168.57 3.1520037
-168.56 3.151932
-168.55 3.1518603
-168.54 3.1518125
-168.53 3.1517408
-168.52 3.151693
-168.51 3.1516213
-168.5 3.1515496
-168.49 3.1515018
-168.48 3.1514301
-168.47 3.1513584
-168.46 3.1513106
-168.45 3.1512389
-168.44 3.1511911
-168.43 3.1511194
-168.42 3.1510477
-168.41 3.1509999
-168.4 3.1509282
-168.39 3.1508565
-168.38 3.1508087
-168.37 3.150737
-168.36 3.1506892
-168.35 3.1506175
-168.34 3.1505458
-168.33 3.150498
-168.32 3.1504263
-168.31 3.1503785
-168.3 3.1503068
-168.29 3.1502351
-168.28 3.1501873
-168.27 3.1501156
-168.26 3.1500439
-168.25 3.1499961
-168.24 3.1499244
-168.23 3.1498766
-168.22 3.1498049
-168.21 3.1497332
-168.2 3.1496854
-168.19 3.1496137
-168.18 3.1495659
-168.17 3.1494942
-168.16 3.1494225
-168.15 3.1493747
-168.14 3.149303
-168.13 3.1492313
-168.12 3.1491835
-168.11 3.1491118
-168.1 3.149064
-168.09 3.1489923
-168.08 3.1489206
-168.07 3.1488728
-168.06 3.1488011
-168.05 3.1487533
-168.04 3.1486816
-168.03 3.1486099
-168.02 3.1485621
-168.01 3.1484904
-168.0 3.1484426
-167.99 3.1483709
-167.98 3.1482992
-167.97 3.1482514
-167.96 3.1481797
-167.95 3.148108
-167.94 3.1480602
-167.93 3.1479885
-167.92 3.1479407
-167.91 3.147869
-167.9 3.1477973
-167.89 3.1477495
-167.88 3.1476778
-167.87 3.14763
-167.86 3.1475583
-167.85 3.1474866
-167.84 3.1474388
-167.83 3.1473671
-167.82 3.1473193
-167.81 3.1472476
-167.8 3.1471759
-167.79 3.1471281
-167.78 3.1470564
-167.77 3.1470086
-167.76 3.1469369
-167.75 3.1468652
-167.74 3.1468174
-167.73 3.1467457
-167.72 3.1466979
-167.71 3.1466262
-167.7 3.1465545
-167.69 3.1465067
-167.68 3.146435
-167.67 3.1463872
-167.66 3.1463155
-167.65 3.1462438
-167.64 3.146196
-167.63 3.1461243
-167.62 3.1460765
-167.61 3.1460048
-167.6 3.145957
-167.59 3.1458853
-167.58 3.1458136
-167.57 3.1457658
-167.56 3.1456941
-167.55 3.1456463
-167.54 3.1455746
-167.53 3.1455029
-167.52 3.1454551
-167.51 3.1453834
-167.5 3.1453356
-167.49 3.1452639
-167.48 3.1451922
-167.47 3.1451444
-167.46 3.1450727
-167.45 3.1450249
-167.44 3.1449532
-167.43 3.1448815
-167.42 3.1448337
-167.41 3.144762
-167.4 3.1447142
-167.39 3.1446425
-167.38 3.1445947
-167.37 3.144523
-167.36 3.1444513
-167.35 3.1444035
-167.34 3.1443318
-167.33 3.144284
-167.32 3.1442123
-167.31 3.1441406
-167.3 3.1440928
-167.29 3.1440211
-167.28 3.1439733
-167.27 3.1439016
-167.26 3.1438538
-167.25 3.1437821
-167.24 3.1437104
-167.23 3.1436626
-167.22 3.1435909
-167.21 3.1435431
-167.2 3.1434714
-167.19 3.1434236
-167.18 3.1433519
-167.17 3.1432802
-167.16 3.1432324
-167.15 3.1431607
-167.14 3.1431129
-167.13 3.1430412
-167.12 3.1429695
-167.11 3.1429217
-167.1 3.14285
-167.09 3.1428022
-167.08 3.1427305
-167.07 3.1426827
-167.06 3.142611
-167.05 3.1425393
-167.04 3.1424915
-167.03 3.1424198
-167.02 3.142372
-167.01 3.1423003
-167.0 3.1422525
-166.99 3.1421808
-166.98 3.1421091
-166.97 3.1420613
-166.96 3.1419896
-166.95 3.1419418
-166.94 3.1418701
-166.93 3.1418223
-166.92 3.1417506
-166.91 3.1416789
-166.9 3.1416311
-166.89 3.1415594
-166.88 3.1415116
-166.87 3.1414399
-166.86 3.1413921
-166.85 3.1413204
-166.84 3.1412487
-166.83 3.1412009
-166.82 3.1411292
-166.81 3.1410814
-166.8 3.1410097
-166.79 3.1409619
-166.78 3.1408902
-166.77 3.1408424
-166.76 3.1407707
-166.75 3.140699
-166.74 3.1406512
-166.73 3.1405795
-166.72 3.1405317
-166.71 3.14046
-166.7 3.1404122
-166.69 3.1403405
-166.68 3.1402688
-166.67 3.140221
-166.66 3.1401493
-166.65 3.1401015
-166.64 3.1400298
-166.63 3.139982
-166.62 3.1399103
-166.61 3.1398625
-166.6 3.1397908
-166.59 3.1397191
-166.58 3.1396713
-166.57 3.1395996
-166.56 3.1395518
-166.55 3.1394801
-166.54 3.1394323
-166.53 3.1393606
-166.52 3.1393128
-166.51 3.1392411
-166.5 3.1391694
-166.49 3.1391216
-166.48 3.1390499
-166.47 3.1390021
-166.46 3.1389304
-166.45 3.1388826
-166.44 3.1388109
-166.43 3.1387631
-166.42 3.1386914
-166.41 3.1386197
-166.4 3.1385719
-166.39 3.1385002
-166.38 3.1384524
-166.37 3.1383807
-166.36 3.1383329
-166.35 3.1382612
-166.34 3.1382134
-166.33 3.1381417
-166.32 3.1380939
-166.31 3.1380222
-166.3 3.1379505
-166.29 3.1379027
-166.28 3.137831
-166.27 3.1377832
-166.26 3.1377115
-166.25 3.1376637
-166.24 3.137592
-166.23 3.1375442
-166.22 3.1374725
-166.21 3.1374247
-166.2 3.137353
-166.19 3.1372813
-166.18 3.1372335
-166.17 3.1371618
-166.16 3.137114
-166.15 3.1370423
-166.14 3.1369945
-166.13 3.1369228
-166.12 3.136875
-166.11 3.1368033
-166.1 3.1367555
-166.09 3.1366838
-166.08 3.1366121
-166.07 3.1365643
-166.06 3.1364926
-166.05 3.1364448
-166.04 3.1363731
-166.03 3.1363253
-166.02 3.1362536
-166.01 3.1362058
-166.0 3.1361341
-165.99 3.1360863
-165.98 3.1360146
-165.97 3.1359668
-165.96 3.1358951
-165.95 3.1358473
-165.94 3.1357756
-165.93 3.1357039
-165.92 3.1356561
-165.91 3.1355844
-165.9 3.1355366
-165.89 3.1354649
-165.88 3.1354171
-165.87 3.1353454
-165.86 3.1352976
-165.85 3.1352259
-165.84 3.1351781
-165.83 3.1351064
-165.82 3.1350586
-165.81 3.1349869
-165.8 3.1349391
-165.79 3.1348674
-165.78 3.1347957
-165.77 3.1347479
-165.76 3.1346762
-165.75 3.1346284
-165.74 3.1345567
-165.73 3.1345089
-165.72 3.1344372
-165.71 3.1343894
-165.7 3.1343177
-165.69 3.1342699
-165.68 3.1341982
-165.67 3.1341504
-165.66 3.1340787
-165.65 3.1340309
-165.64 3.1339592
-165.63 3.1339114
-165.62 3.1338397
-165.61 3.1337919
-165.6 3.1337202
-165.59 3.1336724
-165.58 3.1336007
-165.57 3.133529
-165.56 3.1334812
-165.55 3.1334095
-165.54 3.1333617
-165.53 3.13329
-165.52 3.1332422
-165.51 3.1331705
-165.5 3.1331227
-165.49 3.133051
-165.48 3.1330032
-165.47 3.1329315
-165.46 3.1328837
-165.45 3.132812
-165.44 3.1327642
-165.43 3.1326925
-165.42 3.1326447
-165.41 3.132573
-165.4 3.1325252
-165.39 3.1324535
-165.38 3.1324057
-165.37 3.132334
-165.36 3.1322862
-165.35 3.1322145
-165.34 3.1321667
-165.33 3.132095
-165.32 3.1320472
-165.31 3.1319755
-165.3 3.1319277
-165.29 3.131856
-165.28 3.1318082
-165.27 3.1317365
-165.26 3.1316648
-165.25 3.131617
-165.24 3.1315453
-165.23 3.1314975
-165.22 3.1314258
-165.21 3.131378
-165.2 3.1313063
-165.19 3.1312585
-165.18 3.1311868
-165.17 3.131139
-165.16 3.1310673
-165.15 3.1310195
-165.14 3.1309478
-165.13 3.1309
-165.12 3.1308283
-165.11 3.1307805
-165.1 3.1307088
-165.09 3.130661
-165.08 3.1305893
-165.07 3.1305415
-165.06 3.1304698
-165.05 3.130422
-165.04 3.1303503
-165.03 3.1303025
-165.02 3.1302308
-165.01 3.130183
-165.0 3.1301113
-164.99 3.1300635
-164.98 3.1299918
-164.97 3.129944
-164.96 3.1298723
-164.95 3.1298245
-164.94 3.1297528
-164.93 3.129705
-164.92 3.1296333
-164.91 3.1295855
-164.9 3.1295138
-164.89 3.129466
-164.88 3.1293943
-164.87 3.1293465
-164.86 3.1292748
-164.85 3.129227
-164.84 3.1291553
-164.83 3.1291075
-164.82 3.1290358
-164.81 3.128988
-164.8 3.1289163
-164.79 3.1288685
-164.78 3.1287968
-164.77 3.128749
-164.76 3.1286773
-164.75 3.1286295
-164.74 3.1285578
-164.73 3.12851
-164.72 3.1284383
-164.71 3.1283905
-164.7 3.1283427
-164.69 3.128271
-164.68 3.1282232
-164.67 3.1281515
-164.66 3.1281037
-164.65 3.128032
-164.64 3.1279842
-164.63 3.1279125
-164.62 3.1278647
-164.61 3.127793
-164.6 3.1277452
-164.59 3.1276735
-164.58 3.1276257
-164.57 3.127554
-164.56 3.1275062
-164.55 3.1274345
-164.54 3.1273867
-164.53 3.127315
-164.52 3.1272672
-164.51 3.1271955
-164.5 3.1271477
-164.49 3.127076
-164.48 3.1270282
-164.47 3.1269565
-164.46 3.1269087
-164.45 3.126837
-164.44 3.1267892
-164.43 3.1267175
-164.42 3.1266697
-164.41 3.126598
-164.4 3.1265502
-164.39 3.1265024
-164.38 3.1264307
-164.37 3.1263829
-164.36 3.1263112
-164.35 3.1262634
-164.34 3.1261917
-164.33 3.1261439
-164.32 3.1260722
-164.31 3.1260244
-164.3 3.1259527
-164.29 3.1259049
-164.28 3.1258332
-164.27 3.1257854
-164.26 3.1257137
-164.25 3.1256659
-164.24 3.1255942
-164.23 3.1255464
-164.22 3.1254747
-164.21 3.1254269
-164.2 3.1253552
-164.19 3.1253074
-164.18 3.1252596
-164.17 3.1251879
-164.16 3.1251401
-164.15 3.1250684
-164.14 3.1250206
-164.13 3.1249489
-164.12 3.1249011
-164.11 3.1248294
-164.1 3.1247816
-164.09 3.1247099
-164.08 3.1246621
-164.07 3.1245904
-164.06 3.1245426
-164.05 3.1244709
-164.04 3.1244231
-164.03 3.1243753
-164.02 3.1243036
-164.01 3.1242558
-164.0 3.1241841
-163.99 3.1241363
-163.98 3.1240646
-163.97 3.1240168
-163.96 3.1239451
-163.95 3.1238973
-163.94 3.1238256
-163.93 3.1237778
-163.92 3.1237061
-163.91 3.1236583
-163.9 3.1236105
-163.89 3.1235388
-163.88 3.123491
-163.87 3.1234193
-163.86 3.1233715
-163.85 3.1232998
-163.84 3.123252
-163.83 3.1231803
-163.82 3.1231325
-163.81 3.1230608
-163.8 3.123013
-163.79 3.1229413
-163.78 3.1228935
-163.77 3.1228457
-163.76 3.122774
-163.75 3.1227262
-163.74 3.1226545
-163.73 3.1226067
-163.72 3.122535
-163.71 3.1224872
-163.7 3.1224155
-163.69 3.1223677
-163.68 3.122296
-163.67 3.1222482
-163.66 3.1222004
-163.65 3.1221287
-163.64 3.1220809
-163.63 3.1220092
-163.62 3.1219614
-163.61 3.1218897
-163.6 3.1218419
-163.59 3.1217702
-163.58 3.1217224
-163.57 3.1216746
-163.56 3.1216029
-163.55 3.1215551
-163.54 3.1214834
-163.53 3.1214356
-163.52 3.1213639
-163.51 3.1213161
-163.5 3.1212444
-163.49 3.1211966
-163.48 3.1211488
-163.47 3.1210771
-163.46 3.1210293
-163.45 3.1209576
-163.44 3.1209098
-163.43 3.1208381
-163.42 3.1207903
-163.41 3.1207186
-163.4 3.1206708
-163.39 3.120623
-163.38 3.1205513
-163.37 3.1205035
-163.36 3.1204318
-163.35 3.120384
-163.34 3.1203123
-163.33 3.1202645
-163.32 3.1201928
-163.31 3.120145
-163.3 3.1200972
-163.29 3.1200255
-163.28 3.1199777
-163.27 3.119906
-163.26 3.1198582
-163.25 3.1197865
-163.24 3.1197387
-163.23 3.119667
-163.22 3.1196192
-163.21 3.1195714
-163.2 3.1194997
-163.19 3.1194519
-163.18 3.1193802
-163.17 3.1193324
-163.16 3.1192607
-163.15 3.1192129
-163.14 3.1191651
-163.13 3.1190934
-163.12 3.1190456
-163.11 3.1189739
-163.1 3.1189261
-163.09 3.1188544
-163.08 3.1188066
-163.07 3.1187588
-163.06 3.1186871
-163.05 3.1186393
-163.04 3.1185676
-163.03 3.1185198
-163.02 3.1184481
-163.01 3.1184003
-163.0 3.1183525
-162.99 3.1182808
-162.98 3.118233
-162.97 3.1181613
-162.96 3.1181135
-162.95 3.1180418
-162.94 3.117994
-162.93 3.1179462
-162.92 3.1178745
-162.91 3.1178267
-162.9 3.117755
-162.89 3.1177072
-162.88 3.1176355
-162.87 3.1175877
-162.86 3.1175399
-162.85 3.1174682
-162.84 3.1174204
-162.83 3.1173487
-162.82 3.1173009
-162.81 3.1172531
-162.8 3.1171814
-162.79 3.1171336
-162.78 3.1170619
-162.77 3.1170141
-162.76 3.1169424
-162.75 3.1168946
-162.74 3.1168468
-162.73 3.1167751
-162.72 3.1167273
-162.71 3.1166556
-162.7 3.1166078
-162.69 3.11656
-162.68 3.1164883
-162.67 3.1164405
-162.66 3.1163688
-162.65 3.116321
-162.64 3.1162493
-162.63 3.1162015
-162.62 3.1161537
-162.61 3.116082
-162.6 3.1160342
-162.59 3.1159625
-162.58 3.1159147
-162.57 3.1158669
-162.56 3.1157952
-162.55 3.1157474
-162.54 3.1156757
-162.53 3.1156279
-162.52 3.1155801
-162.51 3.1155084
-162.5 3.1154606
-162.49 3.1153889
-162.48 3.1153411
-162.47 3.1152694
-162.46 3.1152216
-162.45 3.1151738
-162.44 3.1151021
-162.43 3.1150543
-162.42 3.1149826
-162.41 3.1149348
-162.4 3.114887
-162.39 3.1148153
-162.38 3.1147675
-162.37 3.1146958
-162.36 3.114648
-162.35 3.1146002
-162.34 3.1145285
-162.33 3.1144807
-162.32 3.114409
-162.31 3.1143612
-162.3 3.1143134
-162.29 3.1142417
-162.28 3.1141939
-162.27 3.1141222
-162.26 3.1140744
-162.25 3.1140266
-162.24 3.1139549
-162.23 3.1139071
-162.22 3.1138354
-162.21 3.1137876
-162.2 3.1137398
-162.19 3.1136681
-162.18 3.1136203
-162.17 3.1135486
-162.16 3.1135008
-162.15 3.113453
-162.14 3.1133813
-162.13 3.1133335
-162.12 3.1132618
-162.11 3.113214
-162.1 3.1131662
-162.09 3.1130945
-162.08 3.1130467
-162.07 3.112975
-162.06 3.1129272
-162.05 3.1128794
-162.04 3.1128077
-162.03 3.1127599
-162.02 3.1127121
-162.01 3.1126404
-162.0 3.1125926
-161.99 3.1125209
-161.98 3.1124731
-161.97 3.1124253
-161.96 3.1123536
-161.95 3.1123058
-161.94 3.1122341
-161.93 3.1121863
-161.92 3.1121385
-161.91 3.1120668
-161.9 3.112019
-161.89 3.1119473
-161.88 3.1118995
-161.87 3.1118517
-161.86 3.11178
-161.85 3.1117322
-161.84 3.1116844
-161.83 3.1116127
-161.82 3.1115649
-161.81 3.1114932
-161.8 3.1114454
-161.79 3.1113976
-161.78 3.1113259
-161.77 3.1112781
-161.76 3.1112303
-161.75 3.1111586
-161.74 3.1111108
-161.73 3.1110391
-161.72 3.1109913
-161.71 3.1109435
-161.7 3.1108718
-161.69 3.110824
-161.68 3.1107762
-161.67 3.1107045
-161.66 3.1106567
-161.65 3.110585
-161.64 3.1105372
-161.63 3.1104894
-161.62 3.1104177
-161.61 3.1103699
-161.6 3.1102982
-161.59 3.1102504
-161.58 3.1102026
-161.57 3.1101309
-161.56 3.1100831
-161.55 3.1100353
-161.54 3.1099636
-161.53 3.1099158
-161.52 3.109868
-161.51 3.1097963
-161.5 3.1097485
-161.49 3.1096768
-161.48 3.109629
-161.47 3.1095812
-161.46 3.1095095
-161.45 3.1094617
-161.44 3.1094139
-161.43 3.1093422
-161.42 3.1092944
-161.41 3.1092227
-161.4 3.1091749
-161.39 3.1091271
-161.38 3.1090554
-161.37 3.1090076
-161.36 3.1089598
-161.35 3.1088881
-161.34 3.1088403
-161.33 3.1087925
-161.32 3.1087208
-161.31 3.108673
-161.3 3.1086013
-161.29 3.1085535
-161.28 3.1085057
-161.27 3.108434
-161.26 3.1083862
-161.25 3.1083384
-161.24 3.1082667
-161.23 3.1082189
-161.22 3.1081711
-161.21 3.1080994
-161.2 3.1080516
-161.19 3.1080038
-161.18 3.1079321
-161.17 3.1078843
-161.16 3.1078126
-161.15 3.1077648
-161.14 3.107717
-161.13 3.1076453
-161.12 3.1075975
-161.11 3.1075497
-161.1 3.107478
-161.09 3.1074302
-161.08 3.1073824
-161.07 3.1073107
-161.06 3.1072629
-161.05 3.1072151
-161.04 3.1071434
-161.03 3.1070956
-161.02 3.1070239
-161.01 3.1069761
-161.0 3.1069283
-160.99 3.1068566
-160.98 3.1068088
-160.97 3.106761
-160.96 3.1066893
-160.95 3.1066415
-160.94 3.1065937
-160.93 3.106522
-160.92 3.1064742
-160.91 3.1064264
-160.9 3.1063547
-160.89 3.1063069
-160.88 3.1062591
-160.87 3.1061874
-160.86 3.1061396
-160.85 3.1060918
-160.84 3.1060201
-160.83 3.1059723
-160.82 3.1059245
-160.81 3.1058528
-160.8 3.105805
-160.79 3.1057572
-160.78 3.1056855
-160.77 3.1056377
-160.76 3.105566
-160.75 3.1055182
-160.74 3.1054704
-160.73 3.1053987
-160.72 3.1053509
-160.71 3.1053031
-160.7 3.1052314
-160.69 3.1051836
-160.68 3.1051358
-160.67 3.1050641
-160.66 3.1050163
-160.65 3.1049685
-160.64 3.1048968
-160.63 3.104849
-160.62 3.1048012
-160.61 3.1047295
-160.6 3.1046817
-160.59 3.1046339
-160.58 3.1045622
-160.57 3.1045144
-160.56 3.1044666
-160.55 3.1043949
-160.54 3.1043471
-160.53 3.1042993
-160.52 3.1042276
-160.51 3.1041798
-160.5 3.104132
-160.49 3.1040603
-160.48 3.1040125
-160.47 3.1039647
-160.46 3.103893
-160.45 3.1038452
-160.44 3.1037974
-160.43 3.1037257
-160.42 3.1036779
-160.41 3.1036301
-160.4 3.1035584
-160.39 3.1035106
-160.38 3.1034628
-160.37 3.103415
-160.36 3.1033433
-160.35 3.1032955
-160.34 3.1032477
-160.33 3.103176
-160.32 3.1031282
-160.31 3.1030804
-160.3 3.1030087
-160.29 3.1029609
-160.28 3.1029131
-160.27 3.1028414
-160.26 3.1027936
-160.25 3.1027458
-160.24 3.1026741
-160.23 3.1026263
-160.22 3.1025785
-160.21 3.1025068
-160.2 3.102459
-160.19 3.1024112
-160.18 3.1023395
-160.17 3.1022917
-160.16 3.1022439
-160.15 3.1021722
-160.14 3.1021244
-160.13 3.1020766
-160.12 3.1020288
-160.11 3.1019571
-160.1 3.1019093
-160.09 3.1018615
-160.08 3.1017898
-160.07 3.101742
-160.06 3.1016942
-160.05 3.1016225
-160.04 3.1015747
-160.03 3.1015269
-160.02 3.1014552
-160.01 3.1014074
-160.0 3.1013596
-159.99 3.1012879
-159.98 3.1012401
-159.97 3.1011923
-159.96 3.1011445
-159.95 3.1010728
-159.94 3.101025
-159.93 3.1009772
-159.92 3.1009055
-159.91 3.1008577
-159.9 3.1008099
-159.89 3.1007382
-159.88 3.1006904
-159.87 3.1006426
-159.86 3.1005709
-159.85 3.1005231
-159.84 3.1004753
-159.83 3.1004275
-159.82 3.1003558
-159.81 3.100308
-159.8 3.1002602
-159.79 3.1001885
-159.78 3.1001407
-159.77 3.1000929
-159.76 3.1000212
-159.75 3.0999734
-159.74 3.0999256
-159.73 3.0998778
-159.72 3.0998061
-159.71 3.0997583
-159.7 3.0997105
-159.69 3.0996388
-159.68 3.099591
-159.67 3.0995432
-159.66 3.0994715
-159.65 3.0994237
-159.64 3.0993759
-159.63 3.0993281
-159.62 3.0992564
-159.61 3.0992086
-159.6 3.0991608
-159.59 3.0990891
-159.58 3.0990413
-159.57 3.0989935
-159.56 3.0989457
-159.55 3.098874
-159.54 3.0988262
-159.53 3.0987784
-159.52 3.0987067
-159.51 3.0986589
-159.5 3.0986111
-159.49 3.0985633
-159.48 3.0984916
-159.47 3.0984438
-159.46 3.098396
-159.45 3.0983243
-159.44 3.0982765
-159.43 3.0982287
-159.42 3.0981809
-159.41 3.0981092
-159.4 3.0980614
-159.39 3.0980136
-159.38 3.0979419
-159.37 3.0978941
-159.36 3.0978463
-159.35 3.0977985
-159.34 3.0977268
-159.33 3.097679
-159.32 3.0976312
-159.31 3.0975595
-159.3 3.0975117
-159.29 3.0974639
-159.28 3.0974161
-159.27 3.0973444
-159.26 3.0972966
-159.25 3.0972488
-159.24 3.0971771
-159.23 3.0971293
-159.22 3.0970815
-159.21 3.0970337
-159.2 3.096962
-159.19 3.0969142
-159.18 3.0968664
-159.17 3.0967947
-159.16 3.0967469
-159.15 3.0966991
-159.14 3.0966513
-159.13 3.0965796
-159.12 3.0965318
-159.11 3.096484
-159.1 3.0964362
-159.09 3.0963645
-159.08 3.0963167
-159.07 3.0962689
-159.06 3.0961972
-159.05 3.0961494
-159.04 3.0961016
-159.03 3.0960538
-159.02 3.0959821
-159.01 3.0959343
-159.0 3.0958865
-158.99 3.0958387
-158.98 3.095767
-158.97 3.0957192
-158.96 3.0956714
-158.95 3.0956236
-158.94 3.0955519
-158.93 3.0955041
-158.92 3.0954563
-158.91 3.0953846
-158.9 3.0953368
-158.89 3.095289
-158.88 3.0952412
-158.87 3.0951695
-158.86 3.0951217
-158.85 3.0950739
-158.84 3.0950261
-158.83 3.0949544
-158.82 3.0949066
-158.81 3.0948588
-158.8 3.094811
-158.79 3.0947393
-158.78 3.0946915
-158.77 3.0946437
-158.76 3.0945959
-158.75 3.0945242
-158.74 3.0944764
-158.73 3.0944286
-158.72 3.0943808
-158.71 3.0943091
-158.7 3.0942613
-158.69 3.0942135
-158.68 3.0941657
-158.67 3.094094
-158.66 3.0940462
-158.65 3.0939984
-158.64 3.0939506
-158.63 3.0938789
-158.62 3.0938311
-158.61 3.0937833
-158.6 3.0937355
-158.59 3.0936638
-158.58 3.093616
-158.57 3.0935682
-158.56 3.0935204
-158.55 3.0934487
-158.54 3.0934009
-158.53 3.0933531
-158.52 3.0933053
-158.51 3.0932336
-158.5 3.0931858
-158.49 3.093138
-158.48 3.0930902
-158.47 3.0930185
-158.46 3.0929707
-158.45 3.0929229
-158.44 3.0928751
-158.43 3.0928034
-158.42 3.0927556
-158.41 3.0927078
-158.4 3.09266
-158.39 3.0925883
-158.38 3.0925405
-158.37 3.0924927
-158.36 3.0924449
-158.35 3.0923732
-158.34 3.0923254
-158.33 3.0922776
-158.32 3.0922298
-158.31 3.0921581
-158.3 3.0921103
-158.29 3.0920625
-158.28 3.0920147
-158.27 3.091943
-158.26 3.0918952
-158.25 3.0918474
-158.24 3.0917996
-158.23 3.0917518
-158.22 3.0916801
-158.21 3.0916323
-158.2 3.0915845
-158.19 3.0915367
-158.18 3.091465
-158.17 3.0914172
-158.16 3.0913694
-158.15 3.0913216
-158.14 3.0912499
-158.13 3.0912021
-158.12 3.0911543
-158.11 3.0911065
-158.1 3.0910587
-158.09 3.090987
-158.08 3.0909392
-158.07 3.0908914
-158.06 3.0908436
-158.05 3.0907719
-158.04 3.0907241
-158.03 3.0906763
-158.02 3.0906285
-158.01 3.0905807
-158.0 3.090509
-157.99 3.0904612
-157.98 3.0904134
-157.97 3.0903656
-157.96 3.0902939
-157.95 3.0902461
-157.94 3.0901983
-157.93 3.0901505
-157.92 3.0901027
-157.91 3.090031
-157.9 3.0899832
-157.89 3.0899354
-157.88 3.0898876
-157.87 3.0898159
-157.86 3.0897681
-157.85 3.0897203
-157.84 3.0896725
-157.83 3.0896247
-157.82 3.089553
-157.81 3.0895052
-157.8 3.0894574
-157.79 3.0894096
-157.78 3.0893379
-157.77 3.0892901
-157.76 3.0892423
-157.75 3.0891945
-157.74 3.0891467
-157.73 3.089075
-157.72 3.0890272
-157.71 3.0889794
-157.7 3.0889316
-157.69 3.0888838
-157.68 3.0888121
-157.67 3.0887643
-157.66 3.0887165
-157.65 3.0886687
-157.64 3.0886209
-157.63 3.0885492
-157.62 3.0885014
-157.61 3.0884536
-157.6 3.0884058
-157.59 3.0883341
-157.58 3.0882863
-157.57 3.0882385
-157.56 3.0881907
-157.55 3.0881429
-157.54 3.0880712
-157.53 3.0880234
-157.52 3.0879756
-157.51 3.0879278
-157.5 3.08788
-157.49 3.0878083
-157.48 3.0877605
-157.47 3.0877127
-157.46 3.0876649
-157.45 3.0876171
-157.44 3.0875454
-157.43 3.0874976
-157.42 3.0874498
-157.41 3.087402
-157.4 3.0873542
-157.39 3.0872825
-157.38 3.0872347
-157.37 3.0871869
-157.36 3.0871391
-157.35 3.0870913
-157.34 3.0870196
-157.33 3.0869718
-157.32 3.086924
-157.31 3.0868762
-157.3 3.0868284
-157.29 3.0867806
-157.28 3.0867089
-157.27 3.0866611
-157.26 3.0866133
-157.25 3.0865655
-157.24 3.0865177
-157.23 3.086446
-157.22 3.0863982
-157.21 3.0863504
-157.2 3.0863026
-157.19 3.0862548
-157.18 3.0861831
-157.17 3.0861353
-157.16 3.0860875
-157.15 3.0860397
-157.14 3.0859919
-157.13 3.0859441
-157.12 3.0858724
-157.11 3.0858246
-157.1 3.0857768
-157.09 3.085729
-157.08 3.0856812
-157.07 3.0856095
-157.06 3.0855617
-157.05 3.0855139
-157.04 3.0854661
-157.03 3.0854183
-157.02 3.0853705
-157.01 3.0852988
-157.0 3.085251
-156.99 3.0852032
-156.98 3.0851554
-156.97 3.0851076
-156.96 3.0850359
-156.95 3.0849881
-156.94 3.0849403
-156.93 3.0848925
-156.92 3.0848447
-156.91 3.0847969
-156.9 3.0847252
-156.89 3.0846774
-156.88 3.0846296
-156.87 3.0845818
-156.86 3.084534
-156.85 3.0844862
-156.84 3.0844145
-156.83 3.0843667
-156.82 3.0843189
-156.81 3.0842711
-156.8 3.0842233
-156.79 3.0841755
-156.78 3.0841038
-156.77 3.084056
-156.76 3.0840082
-156.75 3.0839604
-156.74 3.0839126
-156.73 3.0838648
-156.72 3.0837931
-156.71 3.0837453
-156.7 3.0836975
-156.69 3.0836497
-156.68 3.0836019
-156.67 3.0835541
-156.66 3.0834824
-156.65 3.0834346
-156.64 3.0833868
-156.63 3.083339
-156.62 3.0832912
-156.61 3.0832434
-156.6 3.0831717
-156.59 3.0831239
-156.58 3.0830761
-156.57 3.0830283
-156.56 3.0829805
-156.55 3.0829327
-156.54 3.0828849
-156.53 3.0828132
-156.52 3.0827654
-156.51 3.0827176
-156.5 3.0826698
-156.49 3.082622
-156.48 3.0825742
-156.47 3.0825025
-156.46 3.0824547
-156.45 3.0824069
-156.44 3.0823591
-156.43 3.0823113
-156.42 3.0822635
-156.41 3.0822157
-156.4 3.082144
-156.39 3.0820962
-156.38 3.0820484
-156.37 3.0820006
-156.36 3.0819528
-156.35 3.081905
-156.34 3.0818333
-156.33 3.0817855
-156.32 3.0817377
-156.31 3.0816899
-156.3 3.0816421
-156.29 3.0815943
-156.28 3.0815465
-156.27 3.0814748
-156.26 3.081427
-156.25 3.0813792
-156.24 3.0813314
-156.23 3.0812836
-156.22 3.0812358
-156.21 3.081188
-156.2 3.0811163
-156.19 3.0810685
-156.18 3.0810207
-156.17 3.0809729
-156.16 3.0809251
-156.15 3.0808773
-156.14 3.0808295
-156.13 3.0807817
-156.12 3.08071
-156.11 3.0806622
-156.1 3.0806144
-156.09 3.0805666
-156.08 3.0805188
-156.07 3.080471
-156.06 3.0804232
-156.05 3.0803515
-156.04 3.0803037
-156.03 3.0802559
-156.02 3.0802081
-156.01 3.0801603
-156.0 3.0801125
-155.99 3.0800647
-155.98 3.0800169
-155.97 3.0799452
-155.96 3.0798974
-155.95 3.0798496
-155.94 3.0798018
-155.93 3.079754
-155.92 3.0797062
-155.91 3.0796584
-155.9 3.0796106
-155.89 3.0795389
-155.88 3.0794911
-155.87 3.0794433
-155.86 3.0793955
-155.85 3.0793477
-155.84 3.0792999
-155.83 3.0792521
-155.82 3.0792043
-155.81 3.0791326
-155.8 3.0790848
-155.79 3.079037
-155.78 3.0789892
-155.77 3.0789414
-155.76 3.0788936
-155.75 3.0788458
-155.74 3.078798
-155.73 3.0787263
-155.72 3.0786785
-155.71 3.0786307
-155.7 3.0785829
-155.69 3.0785351
-155.68 3.0784873
-155.67 3.0784395
-155.66 3.0783917
-155.65 3.0783439
-155.64 3.0782722
-155.63 3.0782244
-155.62 3.0781766
-155.61 3.0781288
-155.6 3.078081
-155.59 3.0780332
-155.58 3.0779854
-155.57 3.0779376
-155.56 3.0778898
-155.55 3.0778181
-155.54 3.0777703
-155.53 3.0777225
-155.52 3.0776747
-155.51 3.0776269
-155.5 3.0775791
-155.49 3.0775313
-155.48 3.0774835
-155.47 3.0774357
-155.46 3.0773879
-155.45 3.0773162
-155.44 3.0772684
-155.43 3.0772206
-155.42 3.0771728
-155.41 3.077125
-155.4 3.0770772
-155.39 3.0770294
-155.38 3.0769816
-155.37 3.0769338
-155.36 3.076886
-155.35 3.0768143
-155.34 3.0767665
-155.33 3.0767187
-155.32 3.0766709
-155.31 3.0766231
-155.3 3.0765753
-155.29 3.0765275
-155.28 3.0764797
-155.27 3.0764319
-155.26 3.0763841
-155.25 3.0763363
-155.24 3.0762646
-155.23 3.0762168
-155.22 3.076169
-155.21 3.0761212
-155.2 3.0760734
-155.19 3.0760256
-155.18 3.0759778
-155.17 3.07593
-155.16 3.0758822
-155.15 3.0758344
-155.14 3.0757866
-155.13 3.0757149
-155.12 3.0756671
-155.11 3.0756193
-155.1 3.0755715
-155.09 3.0755237
-155.08 3.0754759
-155.07 3.0754281
-155.06 3.0753803
-155.05 3.0753325
-155.04 3.0752847
-155.03 3.0752369
-155.02 3.0751891
-155.01 3.0751174
-155.0 3.0750696
-154.99 3.0750218
-154.98 3.074974
-154.97 3.0749262
-154.96 3.0748784
-154.95 3.0748306
-154.94 3.0747828
-154.93 3.074735
-154.92 3.0746872
-154.91 3.0746394
-154.9 3.0745916
-154.89 3.0745438
-154.88 3.0744721
-154.87 3.0744243
-154.86 3.0743765
-154.85 3.0743287
-154.84 3.0742809
-154.83 3.0742331
-154.82 3.0741853
-154.81 3.0741375
-154.8 3.0740897
-154.79 3.0740419
-154.78 3.0739941
-154.77 3.0739463
-154.76 3.0738985
-154.75 3.0738507
-154.74 3.0738029
-154.73 3.0737312
-154.72 3.0736834
-154.71 3.0736356
-154.7 3.0735878
-154.69 3.07354
-154.68 3.0734922
-154.67 3.0734444
-154.66 3.0733966
-154.65 3.0733488
-154.64 3.073301
-154.63 3.0732532
-154.62 3.0732054
-154.61 3.0731576
-154.6 3.0731098
-154.59 3.073062
-154.58 3.0730142
-154.57 3.0729425
-154.56 3.0728947
-154.55 3.0728469
-154.54 3.0727991
-154.53 3.0727513
-154.52 3.0727035
-154.51 3.0726557
-154.5 3.0726079
-154.49 3.0725601
-154.48 3.0725123
-154.47 3.0724645
-154.46 3.0724167
-154.45 3.0723689
-154.44 3.0723211
-154.43 3.0722733
-154.42 3.0722255
-154.41 3.0721777
-154.4 3.0721299
-154.39 3.0720821
-154.38 3.0720343
-154.37 3.0719626
-154.36 3.0719148
-154.35 3.071867
-154.34 3.0718192
-154.33 3.0717714
-154.32 3.0717236
-154.31 3.0716758
-154.3 3.071628
-154.29 3.0715802
-154.28 3.0715324
-154.27 3.0714846
-154.26 3.0714368
-154.25 3.071389
-154.24 3.0713412
-154.23 3.0712934
-154.22 3.0712456
-154.21 3.0711978
-154.2 3.07115
-154.19 3.0711022
-154.18 3.0710544
-154.17 3.0710066
-154.16 3.0709588
-154.15 3.070911
-154.14 3.0708632
-154.13 3.0708154
-154.12 3.0707676
-154.11 3.0706959
-154.1 3.0706481
-154.09 3.0706003
-154.08 3.0705525
-154.07 3.0705047
-154.06 3.0704569
-154.05 3.0704091
-154.04 3.0703613
-154.03 3.0703135
-154.02 3.0702657
-154.01 3.0702179
-154.0 3.0701701
-153.99 3.0701223
-153.98 3.0700745
-153.97 3.0700267
-153.96 3.0699789
-153.95 3.0699311
-153.94 3.0698833
-153.93 3.0698355
-153.92 3.0697877
-153.91 3.0697399
-153.9 3.0696921
-153.89 3.0696443
-153.88 3.0695965
-153.87 3.0695487
-153.86 3.0695009
-153.85 3.0694531
-153.84 3.0694053
-153.83 3.0693575
-153.82 3.0693097
-153.81 3.0692619
-153.8 3.0692141
-153.79 3.0691663
-153.78 3.0691185
-153.77 3.0690707
-153.76 3.0690229
-153.75 3.0689751
-153.74 3.0689273
-153.73 3.0688795
-153.72 3.0688317
-153.71 3.0687839
-153.7 3.0687361
-153.69 3.0686883
-153.68 3.0686405
-153.67 3.0685927
-153.66 3.0685449
-153.65 3.0684971
-153.64 3.0684493
-153.63 3.0684015
-153.62 3.0683537
-153.61 3.0683059
-153.6 3.0682581
-153.59 3.0682103
-153.58 3.0681625
-153.57 3.0681147
-153.56 3.0680669
-153.55 3.0680191
-153.54 3.0679713
-153.53 3.0679235
-153.52 3.0678757
-153.51 3.0678279
-153.5 3.0677801
-153.49 3.0677323
-153.48 3.0676845
-153.47 3.0676367
-153.46 3.0675889
-153.45 3.0675411
-153.44 3.0674933
-153.43 3.0674455
-153.42 3.0673977
-153.41 3.0673499
-153.4 3.0673021
-153.39 3.0672543
-153.38 3.0672065
-153.37 3.0671587
-153.36 3.0671109
-153.35 3.0670631
-153.34 3.0670153
-153.33 3.0669675
-153.32 3.0669197
-153.31 3.0668719
-153.3 3.0668241
-153.29 3.0667763
-153.28 3.0667285
-153.27 3.0666807
-153.26 3.0666329
-153.25 3.0665851
-153.24 3.0665373
-153.23 3.0664895
-153.22 3.0664417
-153.21 3.0663939
-153.2 3.0663461
-153.19 3.0662983
-153.18 3.0662505
-153.17 3.0662027
-153.16 3.0661549
-153.15 3.0661071
-153.14 3.0660593
-153.13 3.0660115
-153.12 3.0659637
-153.11 3.0659159
-153.1 3.0658681
-153.09 3.0658203
-153.08 3.0657725
-153.07 3.0657247
-153.06 3.0656769
-153.05 3.0656291
-153.04 3.0655813
-153.03 3.0655335
-153.02 3.0654857
-153.01 3.0654618
-153.0 3.065414
-152.99 3.0653662
-152.98 3.0653184
-152.97 3.0652706
-152.96 3.0652228
-152.95 3.065175
-152.94 3.0651272
-152.93 3.0650794
-152.92 3.0650316
-152.91 3.0649838
-152.9 3.064936
-152.89 3.0648882
-152.88 3.0648404
-152.87 3.0647926
-152.86 3.0647448
-152.85 3.064697
-152.84 3.0646492
-152.83 3.0646014
-152.82 3.0645536
-152.81 3.0645058
-152.8 3.064458
-152.79 3.0644102
-152.78 3.0643624
-152.77 3.0643146
-152.76 3.0642668
-152.75 3.0642429
-152.74 3.0641951
-152.73 3.0641473
-152.72 3.0640995
-152.71 3.0640517
-152.7 3.0640039
-152.69 3.0639561
-152.68 3.0639083
-152.67 3.0638605
-152.66 3.0638127
-152.65 3.0637649
-152.64 3.0637171
-152.63 3.0636693
-152.62 3.0636215
-152.61 3.0635737
-152.6 3.0635259
-152.59 3.0634781
-152.58 3.0634303
-152.57 3.0633825
-152.56 3.0633586
-152.55 3.0633108
-152.54 3.063263
-152.53 3.0632152
-152.52 3.0631674
-152.51 3.0631196
-152.5 3.0630718
-152.49 3.063024
-152.48 3.0629762
-152.47 3.0629284
-152.46 3.0628806
-152.45 3.0628328
-152.44 3.062785
-152.43 3.0627372
-152.42 3.0626894
-152.41 3.0626416
-152.4 3.0626177
-152.39 3.0625699
-152.38 3.0625221
-152.37 3.0624743
-152.36 3.0624265
-152.35 3.0623787
-152.34 3.0623309
-152.33 3.0622831
-152.32 3.0622353
-152.31 3.0621875
-152.3 3.0621397
-152.29 3.0620919
-152.28 3.0620441
-152.27 3.0619963
-152.26 3.0619724
-152.25 3.0619246
-152.24 3.0618768
-152.23 3.061829
-152.22 3.0617812
-152.21 3.0617334
-152.2 3.0616856
-152.19 3.0616378
-152.18 3.06159
-152.17 3.0615422
-152.16 3.0614944
-152.15 3.0614466
-152.14 3.0614227
-152.13 3.0613749
-152.12 3.0613271
-152.11 3.0612793
-152.1 3.0612315
-152.09 3.0611837
-152.08 3.0611359
-152.07 3.0610881
-152.06 3.0610403
-152.05 3.0609925
-152.04 3.0609447
-152.03 3.0608969
-152.02 3.060873
-152.01 3.0608252
-152.0 3.0607774
-151.99 3.0607296
-151.98 3.0606818
-151.97 3.060634
-151.96 3.0605862
-151.95 3.0605384
-151.94 3.0604906
-151.93 3.0604428
-151.92 3.0604189
-151.91 3.0603711
-151.9 3.0603233
-151.89 3.0602755
-151.88 3.0602277
-151.87 3.0601799
-151.86 3.0601321
-151.85 3.0600843
-151.84 3.0600365
-151.83 3.0599887
-151.82 3.0599648
-151.81 3.059917
-151.8 3.0598692
-151.79 3.0598214
-151.78 3.0597736
-151.77 3.0597258
-151.76 3.059678
-151.75 3.0596302
-151.74 3.0595824
-151.73 3.0595346
-151.72 3.0595107
-151.71 3.0594629
-151.7 3.0594151
-151.69 3.0593673
-151.68 3.0593195
-151.67 3.0592717
-151.66 3.0592239
-151.65 3.0591761
-151.64 3.0591283
-151.63 3.0591044
-151.62 3.0590566
-151.61 3.0590088
-151.6 3.058961
-151.59 3.0589132
-151.58 3.0588654
-151.57 3.0588176
-151.56 3.0587698
-151.55 3.0587459
-151.54 3.0586981
-151.53 3.0586503
-151.52 3.0586025
-151.51 3.0585547
-151.5 3.0585069
-151.49 3.0584591
-151.48 3.0584113
-151.47 3.0583874
-151.46 3.0583396
-151.45 3.0582918
-151.44 3.058244
-151.43 3.0581962
-151.42 3.0581484
-151.41 3.0581006
-151.4 3.0580528
-151.39 3.0580289
-151.38 3.0579811
-151.37 3.0579333
-151.36 3.0578855
-151.35 3.0578377
-151.34 3.0577899
-151.33 3.0577421
-151.32 3.0576943
-151.31 3.0576704
-151.3 3.0576226
-151.29 3.0575748
-151.28 3.057527
-151.27 3.0574792
-151.26 3.0574314
-151.25 3.0573836
-151.24 3.0573597
-151.23 3.0573119
-151.22 3.0572641
-151.21 3.0572163
-151.2 3.0571685
-151.19 3.0571207
-151.18 3.0570729
-151.17 3.057049
-151.16 3.0570012
-151.15 3.0569534
-151.14 3.0569056
-151.13 3.0568578
-151.12 3.05681
-151.11 3.0567622
-151.1 3.0567383
-151.09 3.0566905
-151.08 3.0566427
-151.07 3.0565949
-151.06 3.0565471
-151.05 3.0564993
-151.04 3.0564754
-151.03 3.0564276
-151.02 3.0563798
-151.01 3.056332
-151.0 3.0562842
-150.99 3.0562364
-150.98 3.0561886
-150.97 3.0561647
-150.96 3.0561169
-150.95 3.0560691
-150.94 3.0560213
-150.93 3.0559735
-150.92 3.0559257
-150.91 3.0559018
-150.9 3.055854
-150.89 3.0558062
-150.88 3.0557584
-150.87 3.0557106
-150.86 3.0556628
-150.85 3.0556389
-150.84 3.0555911
-150.83 3.0555433
-150.82 3.0554955
-150.81 3.0554477
-150.8 3.0553999
-150.79 3.055376
-150.78 3.0553282
-150.77 3.0552804
-150.76 3.0552326
-150.75 3.0551848
-150.74 3.055137
-150.73 3.0551131
-150.72 3.0550653
-150.71 3.0550175
-150.7 3.0549697
-150.69 3.0549219
-150.68 3.0548741
-150.67 3.0548502
-150.66 3.0548024
-150.65 3.0547546
-150.64 3.0547068
-150.63 3.054659
-150.62 3.0546351
-150.61 3.0545873
-150.6 3.0545395
-150.59 3.0544917
-150.58 3.0544439
-150.57 3.0543961
-150.56 3.0543722
-150.55 3.0543244
-150.54 3.0542766
-150.53 3.0542288
-150.52 3.054181
-150.51 3.0541571
-150.5 3.0541093
-150.49 3.0540615
-150.48 3.0540137
-150.47 3.0539659
-150.46 3.053942
-150.45 3.0538942
-150.44 3.0538464
-150.43 3.0537986
-150.42 3.0537508
-150.41 3.0537269
-150.4 3.0536791
-150.39 3.0536313
-150.38 3.0535835
-150.37 3.0535357
-150.36 3.0534879
-150.35 3.053464
-150.34 3.0534162
-150.33 3.0533684
-150.32 3.0533206
-150.31 3.0532728
-150.3 3.0532489
-150.29 3.0532011
-150.28 3.0531533
-150.27 3.0531055
-150.26 3.0530816
-150.25 3.0530338
-150.24 3.052986
-150.23 3.0529382
-150.22 3.0528904
-150.21 3.0528665
-150.2 3.0528187
-150.19 3.0527709
-150.18 3.0527231
-150.17 3.0526753
-150.16 3.0526514
-150.15 3.0526036
-150.14 3.0525558
-150.13 3.052508
-150.12 3.0524602
-150.11 3.0524363
-150.1 3.0523885
-150.09 3.0523407
-150.08 3.0522929
-150.07 3.052269
-150.06 3.0522212
-150.05 3.0521734
-150.04 3.0521256
-150.03 3.0520778
-150.02 3.0520539
-150.01 3.0520061
-150.0 3.0519583
-149.99 3.0519105
-149.98 3.0518866
-149.97 3.0518388
-149.96 3.051791
-149.95 3.0517432
-149.94 3.0516954
-149.93 3.0516715
-149.92 3.0516237
-149.91 3.0515759
-149.9 3.0515281
-149.89 3.0515042
-149.88 3.0514564
-149.87 3.0514086
-149.86 3.0513608
-149.85 3.0513369
-149.84 3.0512891
-149.83 3.0512413
-149.82 3.0511935
-149.81 3.0511457
-149.8 3.0511218
-149.79 3.051074
-149.78 3.0510262
-149.77 3.0509784
-149.76 3.0509545
-149.75 3.0509067
-149.74 3.0508589
-149.73 3.0508111
-149.72 3.0507872
-149.71 3.0507394
-149.7 3.0506916
-149.69 3.0506438
-149.68 3.0506199
-149.67 3.0505721
-149.66 3.0505243
-149.65 3.0504765
-149.64 3.0504526
-149.63 3.0504048
-149.62 3.050357
-149.61 3.0503092
-149.6 3.0502853
-149.59 3.0502375
-149.58 3.0501897
-149.57 3.0501419
-149.56 3.050118
-149.55 3.0500702
-149.54 3.0500224
-149.53 3.0499746
-149.52 3.0499507
-149.51 3.0499029
-149.5 3.0498551
-149.49 3.0498073
-149.48 3.0497834
-149.47 3.0497356
-149.46 3.0496878
-149.45 3.04964
-149.44 3.0496161
-149.43 3.0495683
-149.42 3.0495205
-149.41 3.0494966
-149.4 3.0494488
-149.39 3.049401
-149.38 3.0493532
-149.37 3.0493293
-149.36 3.0492815
-149.35 3.0492337
-149.34 3.0491859
-149.33 3.049162
-149.32 3.0491142
-149.31 3.0490664
-149.3 3.0490186
-149.29 3.0489947
-149.28 3.0489469
-149.27 3.0488991
-149.26 3.0488752
-149.25 3.0488274
-149.24 3.0487796
-149.23 3.0487318
-149.22 3.0487079
-149.21 3.0486601
-149.2 3.0486123
-149.19 3.0485884
-149.18 3.0485406
-149.17 3.0484928
-149.16 3.048445
-149.15 3.0484211
-149.14 3.0483733
-149.13 3.0483255
-149.12 3.0483016
-149.11 3.0482538
-149.1 3.048206
-149.09 3.0481582
-149.08 3.0481343
-149.07 3.0480865
-149.06 3.0480387
-149.05 3.0480148
-149.04 3.047967
-149.03 3.0479192
-149.02 3.0478714
-149.01 3.0478475
-149.0 3.0477997
-148.99 3.0477519
-148.98 3.047728
-148.97 3.0476802
-148.96 3.0476324
-148.95 3.0475846
-148.94 3.0475607
-148.93 3.0475129
-148.92 3.0474651
-148.91 3.0474412
-148.9 3.0473934
-148.89 3.0473456
-148.88 3.0473217
-148.87 3.0472739
-148.86 3.0472261
-148.85 3.0471783
-148.84 3.0471544
-148.83 3.0471066
-148.82 3.0470588
-148.81 3.0470349
-148.8 3.0469871
-148.79 3.0469393
-148.78 3.0469154
-148.77 3.0468676
-148.76 3.0468198
-148.75 3.0467959
-148.74 3.0467481
-148.73 3.0467003
-148.72 3.0466764
-148.71 3.0466286
-148.7 3.0465808
-148.69 3.046533
-148.68 3.0465091
-148.67 3.0464613
-148.66 3.0464135
-148.65 3.0463896
-148.64 3.0463418
-148.63 3.046294
-148.62 3.0462701
-148.61 3.0462223
-148.6 3.0461745
-148.59 3.0461506
-148.58 3.0461028
-148.57 3.046055
-148.56 3.0460311
-148.55 3.0459833
-148.54 3.0459355
-148.53 3.0459116
-148.52 3.0458638
-148.51 3.045816
-148.5 3.0457921
-148.49 3.0457443
-148.48 3.0456965
-148.47 3.0456726
-148.46 3.0456248
-148.45 3.045577
-148.44 3.0455531
-148.43 3.0455053
-148.42 3.0454575
-148.41 3.0454336
-148.4 3.0453858
-148.39 3.045338
-148.38 3.0453141
-148.37 3.0452663
-148.36 3.0452185
-148.35 3.0451946
-148.34 3.0451468
-148.33 3.045099
-148.32 3.0450751
-148.31 3.0450273
-148.3 3.0449795
-148.29 3.0449556
-148.28 3.0449078
-148.27 3.0448839
-148.26 3.0448361
-148.25 3.0447883
-148.24 3.0447644
-148.23 3.0447166
-148.22 3.0446688
-148.21 3.0446449
-148.2 3.0445971
-148.19 3.0445493
-148.18 3.0445254
-148.17 3.0444776
-148.16 3.0444298
-148.15 3.0444059
-148.14 3.0443581
-148.13 3.0443103
-148.12 3.0442864
-148.11 3.0442386
-148.1 3.0442147
-148.09 3.0441669
-148.08 3.0441191
-148.07 3.0440952
-148.06 3.0440474
-148.05 3.0439996
-148.04 3.0439757
-148.03 3.0439279
-148.02 3.0438801
-148.01 3.0438562
-148.0 3.0438084
-147.99 3.0437845
-147.98 3.0437367
-147.97 3.0436889
-147.96 3.043665
-147.95 3.0436172
-147.94 3.0435694
-147.93 3.0435455
-147.92 3.0434977
-147.91 3.0434738
-147.9 3.043426
-147.89 3.0433782
-147.88 3.0433543
-147.87 3.0433065
-147.86 3.0432587
-147.85 3.0432348
-147.84 3.043187
-147.83 3.0431631
-147.82 3.0431153
-147.81 3.0430675
-147.8 3.0430436
-147.79 3.0429958
-147.78 3.0429719
-147.77 3.0429241
-147.76 3.0428763
-147.75 3.0428524
-147.74 3.0428046
-147.73 3.0427807
-147.72 3.0427329
-147.71 3.0426851
-147.7 3.0426612
-147.69 3.0426134
-147.68 3.0425656
-147.67 3.0425417
-147.66 3.0424939
-147.65 3.04247
-147.64 3.0424222
-147.63 3.0423744
-147.62 3.0423505
-147.61 3.0423027
-147.6 3.0422788
-147.59 3.042231
-147.58 3.0421832
-147.57 3.0421593
-147.56 3.0421115
-147.55 3.0420876
-147.54 3.0420398
-147.53 3.041992
-147.52 3.0419681
-147.51 3.0419203
-147.5 3.0418964
-147.49 3.0418486
-147.48 3.0418247
-147.47 3.0417769
-147.46 3.0417291
-147.45 3.0417052
-147.44 3.0416574
-147.43 3.0416335
-147.42 3.0415857
-147.41 3.0415379
-147.4 3.041514
-147.39 3.0414662
-147.38 3.0414423
-147.37 3.0413945
-147.36 3.0413706
-147.35 3.0413228
-147.34 3.041275
-147.33 3.0412511
-147.32 3.0412033
-147.31 3.0411794
-147.3 3.0411316
-147.29 3.0411077
-147.28 3.0410599
-147.27 3.0410121
-147.26 3.0409882
-147.25 3.0409404
-147.24 3.0409165
-147.23 3.0408687
-147.22 3.0408448
-147.21 3.040797
-147.2 3.0407492
-147.19 3.0407253
-147.18 3.0406775
-147.17 3.0406536
-147.16 3.0406058
-147.15 3.0405819
-147.14 3.0405341
-147.13 3.0404863
-147.12 3.0404624
-147.11 3.0404146
-147.1 3.0403907
-147.09 3.0403429
-147.08 3.040319
-147.07 3.0402712
-147.06 3.0402473
-147.05 3.0401995
-147.04 3.0401517
-147.03 3.0401278
-147.02 3.04008
-147.01 3.0400561
-147.0 3.0400083
-146.99 3.0399844
-146.98 3.0399366
-146.97 3.0399127
-146.96 3.0398649
-146.95 3.0398171
-146.94 3.0397932
-146.93 3.0397454
-146.92 3.0397215
-146.91 3.0396737
-146.9 3.0396498
-146.89 3.039602
-146.88 3.0395781
-146.87 3.0395303
-146.86 3.0395064
-146.85 3.0394586
-146.84 3.0394347
-146.83 3.0393869
-146.82 3.0393391
-146.81 3.0393152
-146.8 3.0392674
-146.79 3.0392435
-146.78 3.0391957
-146.77 3.0391718
-146.76 3.039124
-146.75 3.0391001
-146.74 3.0390523
-146.73 3.0390284
-146.72 3.0389806
-146.71 3.0389567
-146.7 3.0389089
-146.69 3.038885
-146.68 3.0388372
-146.67 3.0388133
-146.66 3.0387655
-146.65 3.0387177
-146.64 3.0386938
-146.63 3.038646
-146.62 3.0386221
-146.61 3.0385743
-146.6 3.0385504
-146.59 3.0385026
-146.58 3.0384787
-146.57 3.0384309
-146.56 3.038407
-146.55 3.0383592
-146.54 3.0383353
-146.53 3.0382875
-146.52 3.0382636
-146.51 3.0382158
-146.5 3.0381919
-146.49 3.0381441
-146.48 3.0381202
-146.47 3.0380724
-146.46 3.0380485
-146.45 3.0380007
-146.44 3.0379768
-146.43 3.037929
-146.42 3.0379051
-146.41 3.0378573
-146.4 3.0378334
-146.39 3.0377856
-146.38 3.0377617
-146.37 3.0377139
-146.36 3.03769
-146.35 3.0376422
-146.34 3.0376183
-146.33 3.0375705
-146.32 3.0375466
-146.31 3.0374988
-146.3 3.0374749
-146.29 3.0374271
-146.28 3.0374032
-146.27 3.0373554
-146.26 3.0373315
-146.25 3.0372837
-146.24 3.0372598
-146.23 3.037212
-146.22 3.0371881
-146.21 3.0371403
-146.2 3.0371164
-146.19 3.0370686
-146.18 3.0370447
-146.17 3.0369969
-146.16 3.036973
-146.15 3.0369491
-146.14 3.0369013
-146.13 3.0368774
-146.12 3.0368296
-146.11 3.0368057
-146.1 3.0367579
-146.09 3.036734
-146.08 3.0366862
-146.07 3.0366623
-146.06 3.0366145
-146.05 3.0365906
-146.04 3.0365428
-146.03 3.0365189
-146.02 3.0364711
-146.01 3.0364472
-146.0 3.0363994
-145.99 3.0363755
-145.98 3.0363277
-145.97 3.0363038
-145.96 3.0362799
-145.95 3.0362321
-145.94 3.0362082
-145.93 3.0361604
-145.92 3.0361365
-145.91 3.0360887
-145.9 3.0360648
-145.89 3.036017
-145.88 3.0359931
-145.87 3.0359453
-145.86 3.0359214
-145.85 3.0358975
-145.84 3.0358497
-145.83 3.0358258
-145.82 3.035778
-145.81 3.0357541
-145.8 3.0357063
-145.79 3.0356824
-145.78 3.0356346
-145.77 3.0356107
-145.76 3.0355868
-145.75 3.035539
-145.74 3.0355151
-145.73 3.0354673
-145.72 3.0354434
-145.71 3.0353956
-145.7 3.0353717
-145.69 3.0353239
-145.68 3.0353
-145.67 3.0352761
-145.66 3.0352283
-145.65 3.0352044
-145.64 3.0351566
-145.63 3.0351327
-145.62 3.0350849
-145.61 3.035061
-145.6 3.0350371
-145.59 3.0349893
-145.58 3.0349654
-145.57 3.0349176
-145.56 3.0348937
-145.55 3.0348459
-145.54 3.034822
-145.53 3.0347981
-145.52 3.0347503
-145.51 3.0347264
-145.5 3.0346786
-145.49 3.0346547
-145.48 3.0346069
-145.47 3.034583
-145.46 3.0345591
-145.45 3.0345113
-145.44 3.0344874
-145.43 3.0344396
-145.42 3.0344157
-145.41 3.0343679
-145.4 3.034344
-145.39 3.0343201
-145.38 3.0342723
-145.37 3.0342484
-145.36 3.0342006
-145.35 3.0341767
-145.34 3.0341528
-145.33 3.034105
-145.32 3.0340811
-145.31 3.0340333
-145.3 3.0340094
-145.29 3.0339855
-145.28 3.0339377
-145.27 3.0339138
-145.26 3.033866
-145.25 3.0338421
-145.24 3.0338182
-145.23 3.0337704
-145.22 3.0337465
-145.21 3.0336987
-145.2 3.0336748
-145.19 3.0336509
-145.18 3.0336031
-145.17 3.0335792
-145.16 3.0335314
-145.15 3.0335075
-145.14 3.0334836
-145.13 3.0334358
-145.12 3.0334119
-145.11 3.0333641
-145.1 3.0333402
-145.09 3.0333163
-145.08 3.0332685
-145.07 3.0332446
-145.06 3.0332207
-145.05 3.0331729
-145.04 3.033149
-145.03 3.0331012
-145.02 3.0330773
-145.01 3.0330534
-145.0 3.0330056
-144.99 3.0329817
-144.98 3.0329578
-144.97 3.03291
-144.96 3.0328861
-144.95 3.0328383
-144.94 3.0328144
-144.93 3.0327905
-144.92 3.0327427
-144.91 3.0327188
-144.9 3.0326949
-144.89 3.0326471
-144.88 3.0326232
-144.87 3.0325754
-144.86 3.0325515
-144.85 3.0325276
-144.84 3.0324798
-144.83 3.0324559
-144.82 3.032432
-144.81 3.0323842
-144.8 3.0323603
-144.79 3.0323364
-144.78 3.0322886
-144.77 3.0322647
-144.76 3.0322408
-144.75 3.032193
-144.74 3.0321691
-144.73 3.0321213
-144.72 3.0320974
-144.71 3.0320735
-144.7 3.0320257
-144.69 3.0320018
-144.68 3.0319779
-144.67 3.0319301
-144.66 3.0319062
-144.65 3.0318823
-144.64 3.0318345
-144.63 3.0318106
-144.62 3.0317867
-144.61 3.0317389
-144.6 3.031715
-144.59 3.0316911
-144.58 3.0316433
-144.57 3.0316194
-144.56 3.0315955
-144.55 3.0315477
-144.54 3.0315238
-144.53 3.0314999
-144.52 3.0314521
-144.51 3.0314282
-144.5 3.0314043
-144.49 3.0313565
-144.48 3.0313326
-144.47 3.0313087
-144.46 3.0312609
-144.45 3.031237
-144.44 3.0312131
-144.43 3.0311653
-144.42 3.0311414
-144.41 3.0311175
-144.4 3.0310697
-144.39 3.0310458
-144.38 3.0310219
-144.37 3.0309741
-144.36 3.0309502
-144.35 3.0309263
-144.34 3.0308785
-144.33 3.0308546
-144.32 3.0308307
-144.31 3.0308068
-144.3 3.030759
-144.29 3.0307351
-144.28 3.0307112
-144.27 3.0306634
-144.26 3.0306395
-144.25 3.0306156
-144.24 3.0305678
-144.23 3.0305439
-144.22 3.03052
-144.21 3.0304722
-144.2 3.0304483
-144.19 3.0304244
-144.18 3.0304005
-144.17 3.0303527
-144.16 3.0303288
-144.15 3.0303049
-144.14 3.0302571
-144.13 3.0302332
-144.12 3.0302093
-144.11 3.0301615
-144.1 3.0301376
-144.09 3.0301137
-144.08 3.0300898
-144.07 3.030042
-144.06 3.0300181
-144.05 3.0299942
-144.04 3.0299464
-144.03 3.0299225
-144.02 3.0298986
-144.01 3.0298747
-144.0 3.0298269
-143.99 3.029803
-143.98 3.0297791
-143.97 3.0297313
-143.96 3.0297074
-143.95 3.0296835
-143.94 3.0296596
-143.93 3.0296118
-143.92 3.0295879
-143.91 3.029564
-143.9 3.0295401
-143.89 3.0294923
-143.88 3.0294684
-143.87 3.0294445
-143.86 3.0293967
-143.85 3.0293728
-143.84 3.0293489
-143.83 3.029325
-143.82 3.0292772
-143.81 3.0292533
-143.8 3.0292294
-143.79 3.0292055
-143.78 3.0291577
-143.77 3.0291338
-143.76 3.0291099
-143.75 3.029086
-143.74 3.0290382
-143.73 3.0290143
-143.72 3.0289904
-143.71 3.0289665
-143.7 3.0289187
-143.69 3.0288948
-143.68 3.0288709
-143.67 3.028847
-143.66 3.0287992
-143.65 3.0287753
-143.64 3.0287514
-143.63 3.0287275
-143.62 3.0286797
-143.61 3.0286558
-143.6 3.0286319
-143.59 3.028608
-143.58 3.0285602
-143.57 3.0285363
-143.56 3.0285124
-143.55 3.0284885
-143.54 3.0284407
-143.53 3.0284168
-143.52 3.0283929
-143.51 3.028369
-143.5 3.0283212
-143.49 3.0282973
-143.48 3.0282734
-143.47 3.0282495
-143.46 3.0282017
-143.45 3.0281778
-143.44 3.0281539
-143.43 3.02813
-143.42 3.0281061
-143.41 3.0280583
-143.4 3.0280344
-143.39 3.0280105
-143.38 3.0279866
-143.37 3.0279388
-143.36 3.0279149
-143.35 3.027891
-143.34 3.0278671
-143.33 3.0278432
-143.32 3.0277954
-143.31 3.0277715
-143.3 3.0277476
-143.29 3.0277237
-143.28 3.0276759
-143.27 3.027652
-143.26 3.0276281
-143.25 3.0276042
-143.24 3.0275803
-143.23 3.0275325
-143.22 3.0275086
-143.21 3.0274847
-143.2 3.0274608
-143.19 3.0274369
-143.18 3.0273891
-143.17 3.0273652
-143.16 3.0273413
-143.15 3.0273174
-143.14 3.0272935
-143.13 3.0272457
-143.12 3.0272218
-143.11 3.0271979
-143.1 3.027174
-143.09 3.0271501
-143.08 3.0271023
-143.07 3.0270784
-143.06 3.0270545
-143.05 3.0270306
-143.04 3.0270067
-143.03 3.0269589
-143.02 3.026935
-143.01 3.0269111
-143.0 3.0268872
-142.99 3.0268633
-142.98 3.0268394
-142.97 3.0267916
-142.96 3.0267677
-142.95 3.0267438
-142.94 3.0267199
-142.93 3.026696
-142.92 3.0266482
-142.91 3.0266243
-142.9 3.0266004
-142.89 3.0265765
-142.88 3.0265526
-142.87 3.0265287
-142.86 3.0264809
-142.85 3.026457
-142.84 3.0264331
-142.83 3.0264092
-142.82 3.0263853
-142.81 3.0263614
-142.8 3.0263136
-142.79 3.0262897
-142.78 3.0262658
-142.77 3.0262419
-142.76 3.026218
-142.75 3.0261941
-142.74 3.0261463
-142.73 3.0261224
-142.72 3.0260985
-142.71 3.0260746
-142.7 3.0260507
-142.69 3.0260268
-142.68 3.0260029
-142.67 3.0259551
-142.66 3.0259312
-142.65 3.0259073
-142.64 3.0258834
-142.63 3.0258595
-142.62 3.0258356
-142.61 3.0258117
-142.6 3.0257639
-142.59 3.02574
-142.58 3.0257161
-142.57 3.0256922
-142.56 3.0256683
-142.55 3.0256444
-142.54 3.0256205
-142.53 3.0255727
-142.52 3.0255488
-142.51 3.0255249
-142.5 3.025501
-142.49 3.0254771
-142.48 3.0254532
-142.47 3.0254293
-142.46 3.0253815
-142.45 3.0253576
-142.44 3.0253337
-142.43 3.0253098
-142.42 3.0252859
-142.41 3.025262
-142.4 3.0252381
-142.39 3.0252142
-142.38 3.0251903
-142.37 3.0251425
-142.36 3.0251186
-142.35 3.0250947
-142.34 3.0250708
-142.33 3.0250469
-142.32 3.025023
-142.31 3.0249991
-142.3 3.0249752
-142.29 3.0249274
-142.28 3.0249035
-142.27 3.0248796
-142.26 3.0248557
-142.25 3.0248318
-142.24 3.0248079
-142.23 3.024784
-142.22 3.0247601
-142.21 3.0247362
-142.2 3.0247123
-142.19 3.0246645
-142.18 3.0246406
-142.17 3.0246167
-142.16 3.0245928
-142.15 3.0245689
-142.14 3.024545
-142.13 3.0245211
-142.12 3.0244972
-142.11 3.0244733
-142.1 3.0244494
-142.09 3.0244016
-142.08 3.0243777
-142.07 3.0243538
-142.06 3.0243299
-142.05 3.024306
-142.04 3.0242821
-142.03 3.0242582
-142.02 3.0242343
-142.01 3.0242104
-142.0 3.0241865
-141.99 3.0241626
-141.98 3.0241387
-141.97 3.0240909
-141.96 3.024067
-141.95 3.0240431
-141.94 3.0240192
-141.93 3.0239953
-141.92 3.0239714
-141.91 3.0239475
-141.9 3.0239236
-141.89 3.0238997
-141.88 3.0238758
-141.87 3.0238519
-141.86 3.023828
-141.85 3.0238041
-141.84 3.0237802
-141.83 3.0237324
-141.82 3.0237085
-141.81 3.0236846
-141.8 3.0236607
-141.79 3.0236368
-141.78 3.0236129
-141.77 3.023589
-141.76 3.0235651
-141.75 3.0235412
-141.74 3.0235173
-141.73 3.0234934
-141.72 3.0234695
-141.71 3.0234456
-141.7 3.0234217
-141.69 3.0233978
-141.68 3.0233739
-141.67 3.02335
-141.66 3.0233261
-141.65 3.0233022
-141.64 3.0232783
-141.63 3.0232305
-141.62 3.0232066
-141.61 3.0231827
-141.6 3.0231588
-141.59 3.0231349
-141.58 3.023111
-141.57 3.0230871
-141.56 3.0230632
-141.55 3.0230393
-141.54 3.0230154
-141.53 3.0229915
-141.52 3.0229676
-141.51 3.0229437
-141.5 3.0229198
-141.49 3.0228959
-141.48 3.022872
-141.47 3.0228481
-141.46 3.0228242
-141.45 3.0228003
-141.44 3.0227764
-141.43 3.0227525
-141.42 3.0227286
-141.41 3.0227047
-141.4 3.0226808
-141.39 3.0226569
-141.38 3.022633
-141.37 3.0226091
-141.36 3.0225852
-141.35 3.0225613
-141.34 3.0225374
-141.33 3.0225135
-141.32 3.0224896
-141.31 3.0224657
-141.3 3.0224418
-141.29 3.0224179
-141.28 3.022394
-141.27 3.0223701
-141.26 3.0223462
-141.25 3.0223223
-141.24 3.0222984
-141.23 3.0222745
-141.22 3.0222506
-141.21 3.0222267
-141.2 3.0222028
-141.19 3.0221789
-141.18 3.022155
-141.17 3.0221311
-141.16 3.0221072
-141.15 3.0220833
-141.14 3.0220594
-141.13 3.0220355
-141.12 3.0220116
-141.11 3.0219877
-141.1 3.0219638
-141.09 3.0219399
-141.08 3.021916
-141.07 3.0218921
-141.06 3.0218682
-141.05 3.0218443
-141.04 3.0218204
-141.03 3.0217965
-141.02 3.0217726
-141.01 3.0217487
-141.0 3.0217248
-140.99 3.0217009
-140.98 3.021677
-140.97 3.0216531
-140.96 3.0216292
-140.95 3.0216053
-140.94 3.0215814
-140.93 3.0215575
-140.92 3.0215336
-140.91 3.0215097
-140.9 3.0214858
-140.89 3.0214619
-140.88 3.0214619
-140.87 3.021438
-140.86 3.0214141
-140.85 3.0213902
-140.84 3.0213663
-140.83 3.0213424
-140.82 3.0213185
-140.81 3.0212946
-140.8 3.0212707
-140.79 3.0212468
-140.78 3.0212229
-140.77 3.021199
-140.76 3.0211751
-140.75 3.0211512
-140.74 3.0211273
-140.73 3.0211034
-140.72 3.0210795
-140.71 3.0210556
-140.7 3.0210317
-140.69 3.0210317
-140.68 3.0210078
-140.67 3.0209839
-140.66 3.02096
-140.65 3.0209361
-140.64 3.0209122
-140.63 3.0208883
-140.62 3.0208644
-140.61 3.0208405
-140.6 3.0208166
-140.59 3.0207927
-140.58 3.0207688
-140.57 3.0207449
-140.56 3.020721
-140.55 3.020721
-140.54 3.0206971
-140.53 3.0206732
-140.52 3.0206493
-140.51 3.0206254
-140.5 3.0206015
-140.49 3.0205776
-140.48 3.0205537
-140.47 3.0205298
-140.46 3.0205059
-140.45 3.020482
-140.44 3.0204581
-140.43 3.0204581
-140.42 3.0204342
-140.41 3.0204103
-140.4 3.0203864
-140.39 3.0203625
-140.38 3.0203386
-140.37 3.0203147
-140.36 3.0202908
-140.35 3.0202669
-140.34 3.020243
-140.33 3.020243
-140.32 3.0202191
-140.31 3.0201952
-140.3 3.0201713
-140.29 3.0201474
-140.28 3.0201235
-140.27 3.0200996
-140.26 3.0200757
-140.25 3.0200518
-140.24 3.0200518
-140.23 3.0200279
-140.22 3.020004
-140.21 3.0199801
-140.2 3.0199562
-140.19 3.0199323
-140.18 3.0199084
-140.17 3.0198845
-140.16 3.0198845
-140.15 3.0198606
-140.14 3.0198367
-140.13 3.0198128
-140.12 3.0197889
-140.11 3.019765
-140.1 3.0197411
-140.09 3.0197172
-140.08 3.0197172
-140.07 3.0196933
-140.06 3.0196694
-140.05 3.0196455
-140.04 3.0196216
-140.03 3.0195977
-140.02 3.0195738
-140.01 3.0195738
-140.0 3.0195499
-139.99 3.019526
-139.98 3.0195021
-139.97 3.0194782
-139.96 3.0194543
-139.95 3.0194304
-139.94 3.0194304
-139.93 3.0194065
-139.92 3.0193826
-139.91 3.0193587
-139.9 3.0193348
-139.89 3.0193109
-139.88 3.019287
-139.87 3.019287
-139.86 3.0192631
-139.85 3.0192392
-139.84 3.0192153
-139.83 3.0191914
-139.82 3.0191675
-139.81 3.0191675
-139.8 3.0191436
-139.79 3.0191197
-139.78 3.0190958
-139.77 3.0190719
-139.76 3.019048
-139.75 3.019048
-139.74 3.0190241
-139.73 3.0190002
-139.72 3.0189763
-139.71 3.0189524
-139.7 3.0189285
-139.69 3.0189285
-139.68 3.0189046
-139.67 3.0188807
-139.66 3.0188568
-139.65 3.0188329
-139.64 3.0188329
-139.63 3.018809
-139.62 3.0187851
-139.61 3.0187612
-139.6 3.0187373
-139.59 3.0187373
-139.58 3.0187134
-139.57 3.0186895
-139.56 3.0186656
-139.55 3.0186417
-139.54 3.0186178
-139.53 3.0186178
-139.52 3.0185939
-139.51 3.01857
-139.5 3.0185461
-139.49 3.0185222
-139.48 3.0185222
-139.47 3.0184983
-139.46 3.0184744
-139.45 3.0184505
-139.44 3.0184505
-139.43 3.0184266
-139.42 3.0184027
-139.41 3.0183788
-139.4 3.0183549
-139.39 3.0183549
-139.38 3.018331
-139.37 3.0183071
-139.36 3.0182832
-139.35 3.0182593
-139.34 3.0182593
-139.33 3.0182354
-139.32 3.0182115
-139.31 3.0181876
-139.3 3.0181876
-139.29 3.0181637
-139.28 3.0181398
-139.27 3.0181159
-139.26 3.018092
-139.25 3.018092
-139.24 3.0180681
-139.23 3.0180442
-139.22 3.0180203
-139.21 3.0180203
-139.2 3.0179964
-139.19 3.0179725
-139.18 3.0179486
-139.17 3.0179486
-139.16 3.0179247
-139.15 3.0179008
-139.14 3.0178769
-139.13 3.0178769
-139.12 3.017853
-139.11 3.0178291
-139.1 3.0178052
-139.09 3.0178052
-139.08 3.0177813
-139.07 3.0177574
-139.06 3.0177335
-139.05 3.0177335
-139.04 3.0177096
-139.03 3.0176857
-139.02 3.0176618
-139.01 3.0176618
-139.0 3.0176379
-138.99 3.017614
-138.98 3.0175901
-138.97 3.0175901
-138.96 3.0175662
-138.95 3.0175423
-138.94 3.0175184
-138.93 3.0175184
-138.92 3.0174945
-138.91 3.0174706
-138.9 3.0174706
-138.89 3.0174467
-138.88 3.0174228
-138.87 3.0173989
-138.86 3.0173989
-138.85 3.017375
-138.84 3.0173511
-138.83 3.0173511
-138.82 3.0173272
-138.81 3.0173033
-138.8 3.0172794
-138.79 3.0172794
-138.78 3.0172555
-138.77 3.0172316
-138.76 3.0172316
-138.75 3.0172077
-138.74 3.0171838
-138.73 3.0171599
-138.72 3.0171599
-138.71 3.017136
-138.7 3.0171121
-138.69 3.0171121
-138.68 3.0170882
-138.67 3.0170643
-138.66 3.0170643
-138.65 3.0170404
-138.64 3.0170165
-138.63 3.0169926
-138.62 3.0169926
-138.61 3.0169687
-138.6 3.0169448
-138.59 3.0169448
-138.58 3.0169209
-138.57 3.016897
-138.56 3.016897
-138.55 3.0168731
-138.54 3.0168492
-138.53 3.0168492
-138.52 3.0168253
-138.51 3.0168014
-138.5 3.0168014
-138.49 3.0167775
-138.48 3.0167536
-138.47 3.0167536
-138.46 3.0167297
-138.45 3.0167058
-138.44 3.0167058
-138.43 3.0166819
-138.42 3.016658
-138.41 3.016658
-138.4 3.0166341
-138.39 3.0166102
-138.38 3.0166102
-138.37 3.0165863
-138.36 3.0165624
-138.35 3.0165624
-138.34 3.0165385
-138.33 3.0165146
-138.32 3.0165146
-138.31 3.0164907
-138.3 3.0164668
-138.29 3.0164668
-138.28 3.0164429
-138.27 3.016419
-138.26 3.016419
-138.25 3.0163951
-138.24 3.0163712
-138.23 3.0163712
-138.22 3.0163473
-138.21 3.0163473
-138.2 3.0163234
-138.19 3.0162995
-138.18 3.0162995
-138.17 3.0162756
-138.16 3.0162517
-138.15 3.0162517
-138.14 3.0162278
-138.13 3.0162039
-138.12 3.0162039
-138.11 3.01618
-138.1 3.01618
-138.09 3.0161561
-138.08 3.0161322
-138.07 3.0161322
-138.06 3.0161083
-138.05 3.0160844
-138.04 3.0160844
-138.03 3.0160605
-138.02 3.0160605
-138.01 3.0160366
-138.0 3.0160127
-137.99 3.0160127
-137.98 3.0159888
-137.97 3.0159888
-137.96 3.0159649
-137.95 3.015941
-137.94 3.015941
-137.93 3.0159171
-137.92 3.0159171
-137.91 3.0158932
-137.9 3.0158693
-137.89 3.0158693
-137.88 3.0158454
-137.87 3.0158454
-137.86 3.0158215
-137.85 3.0157976
-137.84 3.0157976
-137.83 3.0157737
-137.82 3.0157737
-137.81 3.0157498
-137.8 3.0157259
-137.79 3.0157259
-137.78 3.015702
-137.77 3.015702
-137.76 3.0156781
-137.75 3.0156542
-137.74 3.0156542
-137.73 3.0156303
-137.72 3.0156303
-137.71 3.0156064
-137.7 3.0156064
-137.69 3.0155825
-137.68 3.0155586
-137.67 3.0155586
-137.66 3.0155347
-137.65 3.0155347
-137.64 3.0155108
-137.63 3.0155108
-137.62 3.0154869
-137.61 3.015463
-137.6 3.015463
-137.59 3.0154391
-137.58 3.0154391
-137.57 3.0154152
-137.56 3.0154152
-137.55 3.0153913
-137.54 3.0153913
-137.53 3.0153674
-137.52 3.0153435
-137.51 3.0153435
-137.5 3.0153196
-137.49 3.0153196
-137.48 3.0152957
-137.47 3.0152957
-137.46 3.0152718
-137.45 3.0152718
-137.44 3.0152479
-137.43 3.0152479
-137.42 3.015224
-137.41 3.015224
-137.4 3.0152001
-137.39 3.0151762
-137.38 3.0151762
-137.37 3.0151523
-137.36 3.0151523
-137.35 3.0151284
-137.34 3.0151284
-137.33 3.0151045
-137.32 3.0151045
-137.31 3.0150806
-137.3 3.0150806
-137.29 3.0150567
-137.28 3.0150567
-137.27 3.0150328
-137.26 3.0150328
-137.25 3.0150089
-137.24 3.0150089
-137.23 3.014985
-137.22 3.014985
-137.21 3.0149611
-137.2 3.0149611
-137.19 3.0149372
-137.18 3.0149372
-137.17 3.0149133
-137.16 3.0149133
-137.15 3.0148894
-137.14 3.0148894
-137.13 3.0148655
-137.12 3.0148655
-137.11 3.0148416
-137.1 3.0148416
-137.09 3.0148177
-137.08 3.0148177
-137.07 3.0147938
-137.06 3.0147938
-137.05 3.0147699
-137.04 3.0147699
-137.03 3.014746
-137.02 3.014746
-137.01 3.0147221
-137.0 3.0147221
-136.99 3.0146982
-136.98 3.0146982
-136.97 3.0146743
-136.96 3.0146743
-136.95 3.0146504
-136.94 3.0146504
-136.93 3.0146265
-136.92 3.0146265
-136.91 3.0146026
-136.9 3.0146026
-136.89 3.0145787
-136.88 3.0145787
-136.87 3.0145548
-136.86 3.0145548
-136.85 3.0145548
-136.84 3.0145309
-136.83 3.0145309
-136.82 3.014507
-136.81 3.014507
-136.8 3.0144831
-136.79 3.0144831
-136.78 3.0144592
-136.77 3.0144592
-136.76 3.0144353
-136.75 3.0144353
-136.74 3.0144353
-136.73 3.0144114
-136.72 3.0144114
-136.71 3.0143875
-136.7 3.0143875
-136.69 3.0143636
-136.68 3.0143636
-136.67 3.0143397
-136.66 3.0143397
-136.65 3.0143397
-136.64 3.0143158
-136.63 3.0143158
-136.62 3.0142919
-136.61 3.0142919
-136.6 3.014268
-136.59 3.014268
-136.58 3.014268
-136.57 3.0142441
-136.56 3.0142441
-136.55 3.0142202
-136.54 3.0142202
-136.53 3.0141963
-136.52 3.0141963
-136.51 3.0141963
-136.5 3.0141724
-136.49 3.0141724
-136.48 3.0141485
-136.47 3.0141485
-136.46 3.0141485
-136.45 3.0141246
-136.44 3.0141246
-136.43 3.0141007
-136.42 3.0141007
-136.41 3.0141007
-136.4 3.0140768
-136.39 3.0140768
-136.38 3.0140529
-136.37 3.0140529
-136.36 3.0140529
-136.35 3.014029
-136.34 3.014029
-136.33 3.0140051
-136.32 3.0140051
-136.31 3.0140051
-136.3 3.0139812
-136.29 3.0139812
-136.28 3.0139573
-136.27 3.0139573
-136.26 3.0139573
-136.25 3.0139334
-136.24 3.0139334
-136.23 3.0139334
-136.22 3.0139095
-136.21 3.0139095
-136.2 3.0138856
-136.19 3.0138856
-136.18 3.0138856
-136.17 3.0138617
-136.16 3.0138617
-136.15 3.0138617
-136.14 3.0138378
-136.13 3.0138378
-136.12 3.0138139
-136.11 3.0138139
-136.1 3.0138139
-136.09 3.01379
-136.08 3.01379
-136.07 3.01379
-136.06 3.0137661
-136.05 3.0137661
-136.04 3.0137661
-136.03 3.0137422
-136.02 3.0137422
-136.01 3.0137422
-136.0 3.0137183
-135.99 3.0137183
-135.98 3.0137183
-135.97 3.0136944
-135.96 3.0136944
-135.95 3.0136944
-135.94 3.0136705
-135.93 3.0136705
-135.92 3.0136705
-135.91 3.0136466
-135.9 3.0136466
-135.89 3.0136466
-135.88 3.0136227
-135.87 3.0136227
-135.86 3.0136227
-135.85 3.0135988
-135.84 3.0135988
-135.83 3.0135988
-135.82 3.0135749
-135.81 3.0135749
-135.8 3.0135749
-135.79 3.013551
-135.78 3.013551
-135.77 3.013551
-135.76 3.0135271
-135.75 3.0135271
-135.74 3.0135271
-135.73 3.0135032
-135.72 3.0135032
-135.71 3.0135032
-135.7 3.0134793
-135.69 3.0134793
-135.68 3.0134793
-135.67 3.0134793
-135.66 3.0134554
-135.65 3.0134554
-135.64 3.0134554
-135.63 3.0134315
-135.62 3.0134315
-135.61 3.0134315
-135.6 3.0134315
-135.59 3.0134076
-135.58 3.0134076
-135.57 3.0134076
-135.56 3.0133837
-135.55 3.0133837
-135.54 3.0133837
-135.53 3.0133837
-135.52 3.0133598
-135.51 3.0133598
-135.5 3.0133598
-135.49 3.0133359
-135.48 3.0133359
-135.47 3.0133359
-135.46 3.0133359
-135.45 3.013312
-135.44 3.013312
-135.43 3.013312
-135.42 3.013312
-135.41 3.0132881
-135.4 3.0132881
-135.39 3.0132881
-135.38 3.0132881
-135.37 3.0132642
-135.36 3.0132642
-135.35 3.0132642
-135.34 3.0132403
-135.33 3.0132403
-135.32 3.0132403
-135.31 3.0132403
-135.3 3.0132164
-135.29 3.0132164
-135.28 3.0132164
-135.27 3.0132164
-135.26 3.0132164
-135.25 3.0131925
-135.24 3.0131925
-135.23 3.0131925
-135.22 3.0131925
-135.21 3.0131686
-135.2 3.0131686
-135.19 3.0131686
-135.18 3.0131686
-135.17 3.0131447
-135.16 3.0131447
-135.15 3.0131447
-135.14 3.0131447
-135.13 3.0131208
-135.12 3.0131208
-135.11 3.0131208
-135.1 3.0131208
-135.09 3.0131208
-135.08 3.0130969
-135.07 3.0130969
-135.06 3.0130969
-135.05 3.0130969
-135.04 3.0130969
-135.03 3.013073
-135.02 3.013073
-135.01 3.013073
-135.0 3.013073
-134.99 3.013073
-134.98 3.0130491
-134.97 3.0130491
-134.96 3.0130491
-134.95 3.0130491
-134.94 3.0130491
-134.93 3.0130252
-134.92 3.0130252
-134.91 3.0130252
-134.9 3.0130252
-134.89 3.0130252
-134.88 3.0130013
-134.87 3.0130013
-134.86 3.0130013
-134.85 3.0130013
-134.84 3.0130013
-134.83 3.0129774
-134.82 3.0129774
-134.81 3.0129774
-134.8 3.0129774
-134.79 3.0129774
-134.78 3.0129774
-134.77 3.0129535
-134.76 3.0129535
-134.75 3.0129535
-134.74 3.0129535
-134.73 3.0129535
-134.72 3.0129535
-134.71 3.0129296
-134.7 3.0129296
-134.69 3.0129296
-134.68 3.0129296
-134.67 3.0129296
-134.66 3.0129296
-134.65 3.0129057
-134.64 3.0129057
-134.63 3.0129057
-134.62 3.0129057
-134.61 3.0129057
-134.6 3.0129057
-134.59 3.0129057
-134.58 3.0128818
-134.57 3.0128818
-134.56 3.0128818
-134.55 3.0128818
-134.54 3.0128818
-134.53 3.0128818
-134.52 3.0128818
-134.51 3.0128579
-134.5 3.0128579
-134.49 3.0128579
-134.48 3.0128579
-134.47 3.0128579
-134.46 3.0128579
-134.45 3.0128579
-134.44 3.0128579
-134.43 3.012834
-134.42 3.012834
-134.41 3.012834
-134.4 3.012834
-134.39 3.012834
-134.38 3.012834
-134.37 3.012834
-134.36 3.012834
-134.35 3.012834
-134.34 3.0128101
-134.33 3.0128101
-134.32 3.0128101
-134.31 3.0128101
-134.3 3.0128101
-134.29 3.0128101
-134.28 3.0128101
-134.27 3.0128101
-134.26 3.0128101
-134.25 3.0128101
-134.24 3.0127862
-134.23 3.0127862
-134.22 3.0127862
-134.21 3.0127862
-134.2 3.0127862
-134.19 3.0127862
-134.18 3.0127862
-134.17 3.0127862
-134.16 3.0127862
-134.15 3.0127862
-134.14 3.0127862
-134.13 3.0127862
-134.12 3.0127623
-134.11 3.0127623
-134.1 3.0127623
-134.09 3.0127623
-134.08 3.0127623
-134.07 3.0127623
-134.06 3.0127623
-134.05 3.0127623
-134.04 3.0127623
-134.03 3.0127623
-134.02 3.0127623
-134.01 3.0127623
-134.0 3.0127623
-133.99 3.0127623
-133.98 3.0127623
-133.97 3.0127384
-133.96 3.0127384
-133.95 3.0127384
-133.94 3.0127384
-133.93 3.0127384
-133.92 3.0127384
-133.91 3.0127384
-133.9 3.0127384
-133.89 3.0127384
-133.88 3.0127384
-133.87 3.0127384
-133.86 3.0127384
-133.85 3.0127384
-133.84 3.0127384
-133.83 3.0127384
-133.82 3.0127384
-133.81 3.0127384
-133.8 3.0127384
-133.79 3.0127384
-133.78 3.0127384
-133.77 3.0127384
-133.76 3.0127384
-133.75 3.0127384
-133.74 3.0127384
-133.73 3.0127384
-133.72 3.0127384
-133.71 3.0127384
-133.7 3.0127384
-133.69 3.0127384
-133.68 3.0127384
-133.67 3.0127384
-133.66 3.0127384
-133.65 3.0127384
-133.64 3.0127384
-133.63 3.0127384
-133.62 3.0127384
-133.61 3.0127384
-133.6 3.0127384
-133.59 3.0127384
-133.58 3.0127384
-133.57 3.0127384
-133.56 3.0127384
-133.55 3.0127384
-133.54 3.0127384
-133.53 3.0127384
-133.52 3.0127384
-133.51 3.0127384
-133.5 3.0127384
-133.49 3.0127384
-133.48 3.0127384
-133.47 3.0127384
-133.46 3.0127384
-133.45 3.0127384
-133.44 3.0127384
-133.43 3.0127384
-133.42 3.0127384
-133.41 3.0127384
-133.4 3.0127384
-133.39 3.0127384
-133.38 3.0127384
-133.37 3.0127384
-133.36 3.0127384
-133.35 3.0127384
-133.34 3.0127384
-133.33 3.0127384
-133.32 3.0127384
-133.31 3.0127384
-133.3 3.0127384
-133.29 3.0127384
-133.28 3.0127384
-133.27 3.0127623
-133.26 3.0127623
-133.25 3.0127623
-133.24 3.0127623
-133.23 3.0127623
-133.22 3.0127623
-133.21 3.0127623
-133.2 3.0127623
-133.19 3.0127623
-133.18 3.0127623
-133.17 3.0127623
-133.16 3.0127623
-133.15 3.0127623
-133.14 3.0127623
-133.13 3.0127623
-133.12 3.0127862
-133.11 3.0127862
-133.1 3.0127862
-133.09 3.0127862
-133.08 3.0127862
-133.07 3.0127862
-133.06 3.0127862
-133.05 3.0127862
-133.04 3.0127862
-133.03 3.0127862
-133.02 3.0127862
-133.01 3.0127862
-133.0 3.0128101
-132.99 3.0128101
-132.98 3.0128101
-132.97 3.0128101
-132.96 3.0128101
-132.95 3.0128101
-132.94 3.0128101
-132.93 3.0128101
-132.92 3.0128101
-132.91 3.0128101
-132.9 3.012834
-132.89 3.012834
-132.88 3.012834
-132.87 3.012834
-132.86 3.012834
-132.85 3.012834
-132.84 3.012834
-132.83 3.012834
-132.82 3.0128579
-132.81 3.0128579
-132.8 3.0128579
-132.79 3.0128579
-132.78 3.0128579
-132.77 3.0128579
-132.76 3.0128579
-132.75 3.0128579
-132.74 3.0128818
-132.73 3.0128818
-132.72 3.0128818
-132.71 3.0128818
-132.7 3.0128818
-132.69 3.0128818
-132.68 3.0128818
-132.67 3.0129057
-132.66 3.0129057
-132.65 3.0129057
-132.64 3.0129057
-132.63 3.0129057
-132.62 3.0129057
-132.61 3.0129057
-132.6 3.0129296
-132.59 3.0129296
-132.58 3.0129296
-132.57 3.0129296
-132.56 3.0129296
-132.55 3.0129296
-132.54 3.0129535
-132.53 3.0129535
-132.52 3.0129535
-132.51 3.0129535
-132.5 3.0129535
-132.49 3.0129535
-132.48 3.0129774
-132.47 3.0129774
-132.46 3.0129774
-132.45 3.0129774
-132.44 3.0129774
-132.43 3.0130013
-132.42 3.0130013
-132.41 3.0130013
-132.4 3.0130013
-132.39 3.0130013
-132.38 3.0130252
-132.37 3.0130252
-132.36 3.0130252
-132.35 3.0130252
-132.34 3.0130252
-132.33 3.0130491
-132.32 3.0130491
-132.31 3.0130491
-132.3 3.0130491
-132.29 3.0130491
-132.28 3.013073
-132.27 3.013073
-132.26 3.013073
-132.25 3.013073
-132.24 3.013073
-132.23 3.0130969
-132.22 3.0130969
-132.21 3.0130969
-132.2 3.0130969
-132.19 3.0130969
-132.18 3.0131208
-132.17 3.0131208
-132.16 3.0131208
-132.15 3.0131208
-132.14 3.0131447
-132.13 3.0131447
-132.12 3.0131447
-132.11 3.0131447
-132.1 3.0131686
-132.09 3.0131686
-132.08 3.0131686
-132.07 3.0131686
-132.06 3.0131925
-132.05 3.0131925
-132.04 3.0131925
-132.03 3.0131925
-132.02 3.0132164
-132.01 3.0132164
-132.0 3.0132164
-131.99 3.0132164
-131.98 3.0132403
-131.97 3.0132403
-131.96 3.0132403
-131.95 3.0132403
-131.94 3.0132642
-131.93 3.0132642
-131.92 3.0132642
-131.91 3.0132642
-131.9 3.0132881
-131.89 3.0132881
-131.88 3.0132881
-131.87 3.0132881
-131.86 3.013312
-131.85 3.013312
-131.84 3.013312
-131.83 3.0133359
-131.82 3.0133359
-131.81 3.0133359
-131.8 3.0133359
-131.79 3.0133598
-131.78 3.0133598
-131.77 3.0133598
-131.76 3.0133837
-131.75 3.0133837
-131.74 3.0133837
-131.73 3.0133837
-131.72 3.0134076
-131.71 3.0134076
-131.7 3.0134076
-131.69 3.0134315
-131.68 3.0134315
-131.67 3.0134315
-131.66 3.0134554
-131.65 3.0134554
-131.64 3.0134554
-131.63 3.0134793
-131.62 3.0134793
-131.61 3.0134793
-131.6 3.0135032
-131.59 3.0135032
-131.58 3.0135032
-131.57 3.0135032
-131.56 3.0135271
-131.55 3.0135271
-131.54 3.0135271
-131.53 3.013551
-131.52 3.013551
-131.51 3.013551
-131.5 3.0135749
-131.49 3.0135749
-131.48 3.0135749
-131.47 3.0135988
-131.46 3.0135988
-131.45 3.0135988
-131.44 3.0136227
-131.43 3.0136227
-131.42 3.0136466
-131.41 3.0136466
-131.4 3.0136466
-131.39 3.0136705
-131.38 3.0136705
-131.37 3.0136705
-131.36 3.0136944
-131.35 3.0136944
-131.34 3.0136944
-131.33 3.0137183
-131.32 3.0137183
-131.31 3.0137183
-131.3 3.0137422
-131.29 3.0137422
-131.28 3.0137661
-131.27 3.0137661
-131.26 3.0137661
-131.25 3.01379
-131.24 3.01379
-131.23 3.01379
-131.22 3.0138139
-131.21 3.0138139
-131.2 3.0138378
-131.19 3.0138378
-131.18 3.0138378
-131.17 3.0138617
-131.16 3.0138617
-131.15 3.0138856
-131.14 3.0138856
-131.13 3.0138856
-131.12 3.0139095
-131.11 3.0139095
-131.1 3.0139334
-131.09 3.0139334
-131.08 3.0139334
-131.07 3.0139573
-131.06 3.0139573
-131.05 3.0139812
-131.04 3.0139812
-131.03 3.0139812
-131.02 3.0140051
-131.01 3.0140051
-131.0 3.014029
-130.99 3.014029
-130.98 3.014029
-130.97 3.0140529
-130.96 3.0140529
-130.95 3.0140768
-130.94 3.0140768
-130.93 3.0141007
-130.92 3.0141007
-130.91 3.0141007
-130.9 3.0141246
-130.89 3.0141246
-130.88 3.0141485
-130.87 3.0141485
-130.86 3.0141724
-130.85 3.0141724
-130.84 3.0141963
-130.83 3.0141963
-130.82 3.0141963
-130.81 3.0142202
-130.8 3.0142202
-130.79 3.0142441
-130.78 3.0142441
-130.77 3.014268
-130.76 3.014268
-130.75 3.0142919
-130.74 3.0142919
-130.73 3.0143158
-130.72 3.0143158
-130.71 3.0143158
-130.7 3.0143397
-130.69 3.0143397
-130.68 3.0143636
-130.67 3.0143636
-130.66 3.0143875
-130.65 3.0143875
-130.64 3.0144114
-130.63 3.0144114
-130.62 3.0144353
-130.61 3.0144353
-130.6 3.0144592
-130.59 3.0144592
-130.58 3.0144831
-130.57 3.0144831
-130.56 3.014507
-130.55 3.014507
-130.54 3.0145309
-130.53 3.0145309
-130.52 3.0145548
-130.51 3.0145548
-130.5 3.0145787
-130.49 3.0145787
-130.48 3.0146026
-130.47 3.0146026
-130.46 3.0146265
-130.45 3.0146265
-130.44 3.0146504
-130.43 3.0146504
-130.42 3.0146743
-130.41 3.0146743
-130.4 3.0146982
-130.39 3.0146982
-130.38 3.0147221
-130.37 3.0147221
-130.36 3.014746
-130.35 3.014746
-130.34 3.0147699
-130.33 3.0147699
-130.32 3.0147938
-130.31 3.0147938
-130.3 3.0148177
-130.29 3.0148416
-130.28 3.0148416
-130.27 3.0148655
-130.26 3.0148655
-130.25 3.0148894
-130.24 3.0148894
-130.23 3.0149133
-130.22 3.0149133
-130.21 3.0149372
-130.2 3.0149372
-130.19 3.0149611
-130.18 3.014985
-130.17 3.014985
-130.16 3.0150089
-130.15 3.0150089
-130.14 3.0150328
-130.13 3.0150328
-130.12 3.0150567
-130.11 3.0150567
-130.1 3.0150806
-130.09 3.0151045
-130.08 3.0151045
-130.07 3.0151284
-130.06 3.0151284
-130.05 3.0151523
-130.04 3.0151762
-130.03 3.0151762
-130.02 3.0152001
-130.01 3.0152001
-130.0 3.015224
-129.99 3.015224
-129.98 3.0152479
-129.97 3.0152718
-129.96 3.0152718
-129.95 3.0152957
-129.94 3.0152957
-129.93 3.0153196
-129.92 3.0153435
-129.91 3.0153435
-129.9 3.0153674
-129.89 3.0153674
-129.88 3.0153913
-129.87 3.0154152
-129.86 3.0154152
-129.85 3.0154391
-129.84 3.0154391
-129.83 3.015463
-129.82 3.0154869
-129.81 3.0154869
-129.8 3.0155108
-129.79 3.0155347
-129.78 3.0155347
-129.77 3.0155586
-129.76 3.0155586
-129.75 3.0155825
-129.74 3.0156064
-129.73 3.0156064
-129.72 3.0156303
-129.71 3.0156542
-129.7 3.0156542
-129.69 3.0156781
-129.68 3.015702
-129.67 3.015702
-129.66 3.0157259
-129.65 3.0157259
-129.64 3.0157498
-129.63 3.0157737
-129.62 3.0157737
-129.61 3.0157976
-129.6 3.0158215
-129.59 3.0158215
-129.58 3.0158454
-129.57 3.0158693
-129.56 3.0158693
-129.55 3.0158932
-129.54 3.0159171
-129.53 3.0159171
-129.52 3.015941
-129.51 3.0159649
-129.5 3.0159649
-129.49 3.0159888
-129.48 3.0160127
-129.47 3.0160127
-129.46 3.0160366
-129.45 3.0160605
-129.44 3.0160605
-129.43 3.0160844
-129.42 3.0161083
-129.41 3.0161322
-129.4 3.0161322
-129.39 3.0161561
-129.38 3.01618
-129.37 3.01618
-129.36 3.0162039
-129.35 3.0162278
-129.34 3.0162278
-129.33 3.0162517
-129.32 3.0162756
-129.31 3.0162995
-129.3 3.0162995
-129.29 3.0163234
-129.28 3.0163473
-129.27 3.0163473
-129.26 3.0163712
-129.25 3.0163951
-129.24 3.016419
-129.23 3.016419
-129.22 3.0164429
-129.21 3.0164668
-129.2 3.0164668
-129.19 3.0164907
-129.18 3.0165146
-129.17 3.0165385
-129.16 3.0165385
-129.15 3.0165624
-129.14 3.0165863
-129.13 3.0166102
-129.12 3.0166102
-129.11 3.0166341
-129.1 3.016658
-129.09 3.0166819
-129.08 3.0166819
-129.07 3.0167058
-129.06 3.0167297
-129.05 3.0167536
-129.04 3.0167536
-129.03 3.0167775
-129.02 3.0168014
-129.01 3.0168253
-129.0 3.0168253
-128.99 3.0168492
-128.98 3.0168731
-128.97 3.016897
-128.96 3.016897
-128.95 3.0169209
-128.94 3.0169448
-128.93 3.0169687
-128.92 3.0169687
-128.91 3.0169926
-128.9 3.0170165
-128.89 3.0170404
-128.88 3.0170643
-128.87 3.0170643
-128.86 3.0170882
-128.85 3.0171121
-128.84 3.017136
-128.83 3.0171599
-128.82 3.0171599
-128.81 3.0171838
-128.8 3.0172077
-128.79 3.0172316
-128.78 3.0172555
-128.77 3.0172555
-128.76 3.0172794
-128.75 3.0173033
-128.74 3.0173272
-128.73 3.0173511
-128.72 3.0173511
-128.71 3.017375
-128.7 3.0173989
-128.69 3.0174228
-128.68 3.0174467
-128.67 3.0174467
-128.66 3.0174706
-128.65 3.0174945
-128.64 3.0175184
-128.63 3.0175423
-128.62 3.0175662
-128.61 3.0175662
-128.6 3.0175901
-128.59 3.017614
-128.58 3.0176379
-128.57 3.0176618
-128.56 3.0176857
-128.55 3.0176857
-128.54 3.0177096
-128.53 3.0177335
-128.52 3.0177574
-128.51 3.0177813
-128.5 3.0178052
-128.49 3.0178052
-128.48 3.0178291
-128.47 3.017853
-128.46 3.0178769
-128.45 3.0179008
-128.44 3.0179247
-128.43 3.0179486
-128.42 3.0179725
-128.41 3.0179725
-128.4 3.0179964
-128.39 3.0180203
-128.38 3.0180442
-128.37 3.0180681
-128.36 3.018092
-128.35 3.0181159
-128.34 3.0181159
-128.33 3.0181398
-128.32 3.0181637
-128.31 3.0181876
-128.3 3.0182115
-128.29 3.0182354
-128.28 3.0182593
-128.27 3.0182832
-128.26 3.0183071
-128.25 3.0183071
-128.24 3.018331
-128.23 3.0183549
-128.22 3.0183788
-128.21 3.0184027
-128.2 3.0184266
-128.19 3.0184505
-128.18 3.0184744
-128.17 3.0184983
-128.16 3.0185222
-128.15 3.0185461
-128.14 3.0185461
-128.13 3.01857
-128.12 3.0185939
-128.11 3.0186178
-128.1 3.0186417
-128.09 3.0186656
-128.08 3.0186895
-128.07 3.0187134
-128.06 3.0187373
-128.05 3.0187612
-128.04 3.0187851
-128.03 3.018809
-128.02 3.0188329
-128.01 3.0188568
-128.0 3.0188568
-127.99 3.0188807
-127.98 3.0189046
-127.97 3.0189285
-127.96 3.0189524
-127.95 3.0189763
-127.94 3.0190002
-127.93 3.0190241
-127.92 3.019048
-127.91 3.0190719
-127.9 3.0190958
-127.89 3.0191197
-127.88 3.0191436
-127.87 3.0191675
-127.86 3.0191914
-127.85 3.0192153
-127.84 3.0192392
-127.83 3.0192631
-127.82 3.019287
-127.81 3.0193109
-127.8 3.0193348
-127.79 3.0193587
-127.78 3.0193826
-127.77 3.0194065
-127.76 3.0194304
-127.75 3.0194543
-127.74 3.0194782
-127.73 3.0195021
-127.72 3.019526
-127.71 3.0195499
-127.7 3.0195738
-127.69 3.0195977
-127.68 3.0196216
-127.67 3.0196455
-127.66 3.0196694
-127.65 3.0196933
-127.64 3.0197172
-127.63 3.0197411
-127.62 3.019765
-127.61 3.0197889
-127.6 3.0198128
-127.59 3.0198367
-127.58 3.0198606
-127.57 3.0198845
-127.56 3.0199084
-127.55 3.0199323
-127.54 3.0199562
-127.53 3.0199801
-127.52 3.020004
-127.51 3.0200279
-127.5 3.0200518
-127.49 3.0200757
-127.48 3.0200996
-127.47 3.0201235
-127.46 3.0201474
-127.45 3.0201713
-127.44 3.0201952
-127.43 3.0202191
-127.42 3.020243
-127.41 3.0202669
-127.4 3.0202908
-127.39 3.0203147
-127.38 3.0203386
-127.37 3.0203625
-127.36 3.0204103
-127.35 3.0204342
-127.34 3.0204581
-127.33 3.020482
-127.32 3.0205059
-127.31 3.0205298
-127.3 3.0205537
-127.29 3.0205776
-127.28 3.0206015
-127.27 3.0206254
-127.26 3.0206493
-127.25 3.0206732
-127.24 3.0206971
-127.23 3.020721
-127.22 3.0207688
-127.21 3.0207927
-127.2 3.0208166
-127.19 3.0208405
-127.18 3.0208644
-127.17 3.0208883
-127.16 3.0209122
-127.15 3.0209361
-127.14 3.02096
-127.13 3.0209839
-127.12 3.0210317
-127.11 3.0210556
-127.1 3.0210795
-127.09 3.0211034
-127.08 3.0211273
-127.07 3.0211512
-127.06 3.0211751
-127.05 3.021199
-127.04 3.0212229
-127.03 3.0212707
-127.02 3.0212946
-127.01 3.0213185
-127.0 3.0213424
-126.99 3.0213663
-126.98 3.0213902
-126.97 3.0214141
-126.96 3.021438
-126.95 3.0214858
-126.94 3.0215097
-126.93 3.0215336
-126.92 3.0215575
-126.91 3.0215814
-126.9 3.0216053
-126.89 3.0216292
-126.88 3.021677
-126.87 3.0217009
-126.86 3.0217248
-126.85 3.0217487
-126.84 3.0217726
-126.83 3.0217965
-126.82 3.0218443
-126.81 3.0218682
-126.8 3.0218921
-126.79 3.021916
-126.78 3.0219399
-126.77 3.0219638
-126.76 3.0220116
-126.75 3.0220355
-126.74 3.0220594
-126.73 3.0220833
-126.72 3.0221072
-126.71 3.0221311
-126.7 3.0221789
-126.69 3.0222028
-126.68 3.0222267
-126.67 3.0222506
-126.66 3.0222745
-126.65 3.0223223
-126.64 3.0223462
-126.63 3.0223701
-126.62 3.022394
-126.61 3.0224179
-126.6 3.0224657
-126.59 3.0224896
-126.58 3.0225135
-126.57 3.0225374
-126.56 3.0225613
-126.55 3.0226091
-126.54 3.022633
-126.53 3.0226569
-126.52 3.0226808
-126.51 3.0227047
-126.5 3.0227525
-126.49 3.0227764
-126.48 3.0228003
-126.47 3.0228242
-126.46 3.022872
-126.45 3.0228959
-126.44 3.0229198
-126.43 3.0229437
-126.42 3.0229915
-126.41 3.0230154
-126.4 3.0230393
-126.39 3.0230632
-126.38 3.0230871
-126.37 3.0231349
-126.36 3.0231588
-126.35 3.0231827
-126.34 3.0232066
-126.33 3.0232544
-126.32 3.0232783
-126.31 3.0233022
-126.3 3.02335
-126.29 3.0233739
-126.28 3.0233978
-126.27 3.0234217
-126.26 3.0234695
-126.25 3.0234934
-126.24 3.0235173
-126.23 3.0235412
-126.22 3.023589
-126.21 3.0236129
-126.2 3.0236368
-126.19 3.0236607
-126.18 3.0237085
-126.17 3.0237324
-126.16 3.0237563
-126.15 3.0238041
-126.14 3.023828
-126.13 3.0238519
-126.12 3.0238997
-126.11 3.0239236
-126.1 3.0239475
-126.09 3.0239714
-126.08 3.0240192
-126.07 3.0240431
-126.06 3.024067
-126.05 3.0241148
-126.04 3.0241387
-126.03 3.0241626
-126.02 3.0242104
-126.01 3.0242343
-126.0 3.0242582
-125.99 3.0242821
-125.98 3.0243299
-125.97 3.0243538
-125.96 3.0243777
-125.95 3.0244255
-125.94 3.0244494
-125.93 3.0244733
-125.92 3.0245211
-125.91 3.024545
-125.9 3.0245689
-125.89 3.0246167
-125.88 3.0246406
-125.87 3.0246645
-125.86 3.0247123
-125.85 3.0247362
-125.84 3.024784
-125.83 3.0248079
-125.82 3.0248318
-125.81 3.0248796
-125.8 3.0249035
-125.79 3.0249274
-125.78 3.0249752
-125.77 3.0249991
-125.76 3.025023
-125.75 3.0250708
-125.74 3.0250947
-125.73 3.0251186
-125.72 3.0251664
-125.71 3.0251903
-125.7 3.0252381
-125.69 3.025262
-125.68 3.0252859
-125.67 3.0253337
-125.66 3.0253576
-125.65 3.0253815
-125.64 3.0254293
-125.63 3.0254532
-125.62 3.025501
-125.61 3.0255249
-125.6 3.0255488
-125.59 3.0255966
-125.58 3.0256205
-125.57 3.0256683
-125.56 3.0256922
-125.55 3.0257161
-125.54 3.0257639
-125.53 3.0257878
-125.52 3.0258356
-125.51 3.0258595
-125.5 3.0259073
-125.49 3.0259312
-125.48 3.0259551
-125.47 3.0260029
-125.46 3.0260268
-125.45 3.0260746
-125.44 3.0260985
-125.43 3.0261224
-125.42 3.0261702
-125.41 3.0261941
-125.4 3.0262419
-125.39 3.0262658
-125.38 3.0263136
-125.37 3.0263375
-125.36 3.0263853
-125.35 3.0264092
-125.34 3.0264331
-125.33 3.0264809
-125.32 3.0265048
-125.31 3.0265526
-125.3 3.0265765
-125.29 3.0266243
-125.28 3.0266482
-125.27 3.026696
-125.26 3.0267199
-125.25 3.0267438
-125.24 3.0267916
-125.23 3.0268155
-125.22 3.0268633
-125.21 3.0268872
-125.2 3.026935
-125.19 3.0269589
-125.18 3.0270067
-125.17 3.0270306
-125.16 3.0270784
-125.15 3.0271023
-125.14 3.0271501
-125.13 3.027174
-125.12 3.0272218
-125.11 3.0272457
-125.1 3.0272935
-125.09 3.0273174
-125.08 3.0273652
-125.07 3.0273891
-125.06 3.0274369
-125.05 3.0274608
-125.04 3.0275086
-125.03 3.0275325
-125.02 3.0275803
-125.01 3.0276042
-125.0 3.027652
-124.99 3.0276759
-124.98 3.0277237
-124.97 3.0277476
-124.96 3.0277954
-124.95 3.0278193
-124.94 3.0278671
-124.93 3.027891
-124.92 3.0279388
-124.91 3.0279627
-124.9 3.0280105
-124.89 3.0280344
-124.88 3.0280822
-124.87 3.02813
-124.86 3.0281539
-124.85 3.0282017
-124.84 3.0282256
-124.83 3.0282734
-124.82 3.0282973
-124.81 3.0283451
-124.8 3.028369
-124.79 3.0284168
-124.78 3.0284407
-124.77 3.0284885
-124.76 3.0285363
-124.75 3.0285602
-124.74 3.028608
-124.73 3.0286319
-124.72 3.0286797
-124.71 3.0287036
-124.7 3.0287514
-124.69 3.0287992
-124.68 3.0288231
-124.67 3.0288709
-124.66 3.0288948
-124.65 3.0289426
-124.64 3.0289665
-124.63 3.0290143
-124.62 3.0290621
-124.61 3.029086
-124.6 3.0291338
-124.59 3.0291577
-124.58 3.0292055
-124.57 3.0292533
-124.56 3.0292772
-124.55 3.029325
-124.54 3.0293489
-124.53 3.0293967
-124.52 3.0294445
-124.51 3.0294684
-124.5 3.0295162
-124.49 3.0295401
-124.48 3.0295879
-124.47 3.0296357
-124.46 3.0296596
-124.45 3.0297074
-124.44 3.0297552
-124.43 3.0297791
-124.42 3.0298269
-124.41 3.0298508
-124.4 3.0298986
-124.39 3.0299464
-124.38 3.0299703
-124.37 3.0300181
-124.36 3.0300659
-124.35 3.0300898
-124.34 3.0301376
-124.33 3.0301854
-124.32 3.0302093
-124.31 3.0302571
-124.3 3.0303049
-124.29 3.0303288
-124.28 3.0303766
-124.27 3.0304244
-124.26 3.0304483
-124.25 3.0304961
-124.24 3.03052
-124.23 3.0305678
-124.22 3.0306156
-124.21 3.0306634
-124.2 3.0306873
-124.19 3.0307351
-124.18 3.0307829
-124.17 3.0308068
-124.16 3.0308546
-124.15 3.0309024
-124.14 3.0309263
-124.13 3.0309741
-124.12 3.0310219
-124.11 3.0310458
-124.1 3.0310936
-124.09 3.0311414
-124.08 3.0311653
-124.07 3.0312131
-124.06 3.0312609
-124.05 3.0313087
-124.04 3.0313326
-124.03 3.0313804
-124.02 3.0314282
-124.01 3.0314521
-124.0 3.0314999
-123.99 3.0315477
-123.98 3.0315716
-123.97 3.0316194
-123.96 3.0316672
-123.95 3.031715
-123.94 3.0317389
-123.93 3.0317867
-123.92 3.0318345
-123.91 3.0318823
-123.9 3.0319062
-123.89 3.031954
-123.88 3.0320018
-123.87 3.0320257
-123.86 3.0320735
-123.85 3.0321213
-123.84 3.0321691
-123.83 3.032193
-123.82 3.0322408
-123.81 3.0322886
-123.8 3.0323364
-123.79 3.0323603
-123.78 3.0324081
-123.77 3.0324559
-123.76 3.0325037
-123.75 3.0325515
-123.74 3.0325754
-123.73 3.0326232
-123.72 3.032671
-123.71 3.0327188
-123.7 3.0327427
-123.69 3.0327905
-123.68 3.0328383
-123.67 3.0328861
-123.66 3.03291
-123.65 3.0329578
-123.64 3.0330056
-123.63 3.0330534
-123.62 3.0331012
-123.61 3.0331251
-123.6 3.0331729
-123.59 3.0332207
-123.58 3.0332685
-123.57 3.0333163
-123.56 3.0333402
-123.55 3.033388
-123.54 3.0334358
-123.53 3.0334836
-123.52 3.0335314
-123.51 3.0335553
-123.5 3.0336031
-123.49 3.0336509
-123.48 3.0336987
-123.47 3.0337465
-123.46 3.0337943
-123.45 3.0338182
-123.44 3.033866
-123.43 3.0339138
-123.42 3.0339616
-123.41 3.0340094
-123.4 3.0340572
-123.39 3.0340811
-123.38 3.0341289
-123.37 3.0341767
-123.36 3.0342245
-123.35 3.0342723
-123.34 3.0343201
-123.33 3.034344
-123.32 3.0343918
-123.31 3.0344396
-123.3 3.0344874
-123.29 3.0345352
-123.28 3.034583
-123.27 3.0346308
-123.26 3.0346547
-123.25 3.0347025
-123.24 3.0347503
-123.23 3.0347981
-123.22 3.0348459
-123.21 3.0348937
-123.2 3.0349415
-123.19 3.0349893
-123.18 3.0350132
-123.17 3.035061
-123.16 3.0351088
-123.15 3.0351566
-123.14 3.0352044
-123.13 3.0352522
-123.12 3.0353
-123.11 3.0353478
-123.1 3.0353956
-123.09 3.0354195
-123.08 3.0354673
-123.07 3.0355151
-123.06 3.0355629
-123.05 3.0356107
-123.04 3.0356585
-123.03 3.0357063
-123.02 3.0357541
-123.01 3.0358019
-123.0 3.0358497
-122.99 3.0358975
-122.98 3.0359214
-122.97 3.0359692
-122.96 3.036017
-122.95 3.0360648
-122.94 3.0361126
-122.93 3.0361604
-122.92 3.0362082
-122.91 3.036256
-122.9 3.0363038
-122.89 3.0363516
-122.88 3.0363994
-122.87 3.0364472
-122.86 3.036495
-122.85 3.0365428
-122.84 3.0365906
-122.83 3.0366384
-122.82 3.0366862
-122.81 3.0367101
-122.8 3.0367579
-122.79 3.0368057
-122.78 3.0368535
-122.77 3.0369013
-122.76 3.0369491
-122.75 3.0369969
-122.74 3.0370447
-122.73 3.0370925
-122.72 3.0371403
-122.71 3.0371881
-122.7 3.0372359
-122.69 3.0372837
-122.68 3.0373315
-122.67 3.0373793
-122.66 3.0374271
-122.65 3.0374749
-122.64 3.0375227
-122.63 3.0375705
-122.62 3.0376183
-122.61 3.0376661
-122.6 3.0377139
-122.59 3.0377617
-122.58 3.0378095
-122.57 3.0378573
-122.56 3.0379051
-122.55 3.0379529
-122.54 3.0380007
-122.53 3.0380485
-122.52 3.0380963
-122.51 3.0381441
-122.5 3.0381919
-122.49 3.0382397
-122.48 3.0382875
-122.47 3.0383353
-122.46 3.0383831
-122.45 3.0384309
-122.44 3.0384787
-122.43 3.0385265
-122.42 3.0385743
-122.41 3.0386221
-122.4 3.0386938
-122.39 3.0387416
-122.38 3.0387894
-122.37 3.0388372
-122.36 3.038885
-122.35 3.0389328
-122.34 3.0389806
-122.33 3.0390284
-122.32 3.0390762
-122.31 3.039124
-122.3 3.0391718
-122.29 3.0392196
-122.28 3.0392674
-122.27 3.0393152
-122.26 3.039363
-122.25 3.0394108
-122.24 3.0394825
-122.23 3.0395303
-122.22 3.0395781
-122.21 3.0396259
-122.2 3.0396737
-122.19 3.0397215
-122.18 3.0397693
-122.17 3.0398171
-122.16 3.0398649
-122.15 3.0399127
-122.14 3.0399605
-122.13 3.0400083
-122.12 3.04008
-122.11 3.0401278
-122.1 3.0401756
-122.09 3.0402234
-122.08 3.0402712
-122.07 3.040319
-122.06 3.0403668
-122.05 3.0404146
-122.04 3.0404624
-122.03 3.0405341
-122.02 3.0405819
-122.01 3.0406297
-122.0 3.0406775
-121.99 3.0407253
-121.98 3.0407731
-121.97 3.0408209
-121.96 3.0408926
-121.95 3.0409404
-121.94 3.0409882
-121.93 3.041036
-121.92 3.0410838
-121.91 3.0411316
-121.9 3.0411794
-121.89 3.0412511
-121.88 3.0412989
-121.87 3.0413467
-121.86 3.0413945
-121.85 3.0414423
-121.84 3.0414901
-121.83 3.0415379
-121.82 3.0416096
-121.81 3.0416574
-121.8 3.0417052
-121.79 3.041753
-121.78 3.0418008
-121.77 3.0418725
-121.76 3.0419203
-121.75 3.0419681
-121.74 3.0420159
-121.73 3.0420637
-121.72 3.0421115
-121.71 3.0421832
-121.7 3.042231
-121.69 3.0422788
-121.68 3.0423266
-121.67 3.0423744
-121.66 3.0424461
-121.65 3.0424939
-121.64 3.0425417
-121.63 3.0425895
-121.62 3.0426373
-121.61 3.042709
-121.6 3.0427568
-121.59 3.0428046
-121.58 3.0428524
-121.57 3.0429002
-121.56 3.0429719
-121.55 3.0430197
-121.54 3.0430675
-121.53 3.0431153
-121.52 3.043187
-121.51 3.0432348
-121.5 3.0432826
-121.49 3.0433304
-121.48 3.0434021
-121.47 3.0434499
-121.46 3.0434977
-121.45 3.0435455
-121.44 3.0436172
-121.43 3.043665
-121.42 3.0437128
-121.41 3.0437606
-121.4 3.0438323
-121.39 3.0438801
-121.38 3.0439279
-121.37 3.0439757
-121.36 3.0440474
-121.35 3.0440952
-121.34 3.044143
-121.33 3.0441908
-121.32 3.0442625
-121.31 3.0443103
-121.3 3.0443581
-121.29 3.0444059
-121.28 3.0444776
-121.27 3.0445254
-121.26 3.0445732
-121.25 3.0446449
-121.24 3.0446927
-121.23 3.0447405
-121.22 3.0448122
-121.21 3.04486
-121.2 3.0449078
-121.19 3.0449556
-121.18 3.0450273
-121.17 3.0450751
-121.16 3.0451229
-121.15 3.0451946
-121.14 3.0452424
-121.13 3.0452902
-121.12 3.0453619
-121.11 3.0454097
-121.1 3.0454575
-121.09 3.0455292
-121.08 3.045577
-121.07 3.0456248
-121.06 3.0456965
-121.05 3.0457443
-121.04 3.0457921
-121.03 3.0458638
-121.02 3.0459116
-121.01 3.0459594
-121.0 3.0460311
-120.99 3.0460789
-120.98 3.0461267
-120.97 3.0461984
-120.96 3.0462462
-120.95 3.046294
-120.94 3.0463657
-120.93 3.0464135
-120.92 3.0464613
-120.91 3.046533
-120.9 3.0465808
-120.89 3.0466286
-120.88 3.0467003
-120.87 3.0467481
-120.86 3.0468198
-120.85 3.0468676
-120.84 3.0469154
-120.83 3.0469871
-120.82 3.0470349
-120.81 3.0470827
-120.8 3.0471544
-120.79 3.0472022
-120.78 3.0472739
-120.77 3.0473217
-120.76 3.0473695
-120.75 3.0474412
-120.74 3.047489
-120.73 3.0475607
-120.72 3.0476085
-120.71 3.0476563
-120.7 3.047728
-120.69 3.0477758
-120.68 3.0478475
-120.67 3.0478953
-120.66 3.0479431
-120.65 3.0480148
-120.64 3.0480626
-120.63 3.0481343
-120.62 3.0481821
-120.61 3.0482538
-120.6 3.0483016
-120.59 3.0483494
-120.58 3.0484211
-120.57 3.0484689
-120.56 3.0485406
-120.55 3.0485884
-120.54 3.0486601
-120.53 3.0487079
-120.52 3.0487557
-120.51 3.0488274
-120.5 3.0488752
-120.49 3.0489469
-120.48 3.0489947
-120.47 3.0490664
-120.46 3.0491142
-120.45 3.0491859
-120.44 3.0492337
-120.43 3.0493054
-120.42 3.0493532
-120.41 3.0494249
-120.4 3.0494727
-120.39 3.0495205
-120.38 3.0495922
-120.37 3.04964
-120.36 3.0497117
-120.35 3.0497595
-120.34 3.0498312
-120.33 3.049879
-120.32 3.0499507
-120.31 3.0499985
-120.3 3.0500702
-120.29 3.050118
-120.28 3.0501897
-120.27 3.0502375
-120.26 3.0503092
-120.25 3.050357
-120.24 3.0504287
-120.23 3.0504765
-120.22 3.0505482
-120.21 3.050596
-120.2 3.0506677
-120.19 3.0507155
-120.18 3.0507872
-120.17 3.050835
-120.16 3.0509067
-120.15 3.0509545
-120.14 3.0510262
-120.13 3.0510979
-120.12 3.0511457
-120.11 3.0512174
-120.1 3.0512652
-120.09 3.0513369
-120.08 3.0513847
-120.07 3.0514564
-120.06 3.0515042
-120.05 3.0515759
-120.04 3.0516237
-120.03 3.0516954
-120.02 3.0517671
-120.01 3.0518149
-120.0 3.0518866
-119.99 3.0519344
-119.98 3.0520061
-119.97 3.0520539
-119.96 3.0521256
-119.95 3.0521734
-119.94 3.0522451
-119.93 3.0523168
-119.92 3.0523646
-119.91 3.0524363
-119.9 3.0524841
-119.89 3.0525558
-119.88 3.0526275
-119.87 3.0526753
-119.86 3.052747
-119.85 3.0527948
-119.84 3.0528665
-119.83 3.0529382
-119.82 3.052986
-119.81 3.0530577
-119.8 3.0531055
-119.79 3.0531772
-119.78 3.0532489
-119.77 3.0532967
-119.76 3.0533684
-119.75 3.0534162
-119.74 3.0534879
-119.73 3.0535596
-119.72 3.0536074
-119.71 3.0536791
-119.7 3.0537269
-119.69 3.0537986
-119.68 3.0538703
-119.67 3.0539181
-119.66 3.0539898
-119.65 3.0540615
-119.64 3.0541093
-119.63 3.054181
-119.62 3.0542527
-119.61 3.0543005
-119.6 3.0543722
-119.59 3.0544439
-119.58 3.0544917
-119.57 3.0545634
-119.56 3.0546112
-119.55 3.0546829
-119.54 3.0547546
-119.53 3.0548024
-119.52 3.0548741
-119.51 3.0549458
-119.5 3.0549936
-119.49 3.0550653
-119.48 3.055137
-119.47 3.0551848
-119.46 3.0552565
-119.45 3.0553282
-119.44 3.0553999
-119.43 3.0554477
-119.42 3.0555194
-119.41 3.0555911
-119.4 3.0556389
-119.39 3.0557106
-119.38 3.0557823
-119.37 3.0558301
-119.36 3.0559018
-119.35 3.0559735
-119.34 3.0560213
-119.33 3.056093
-119.32 3.0561647
-119.31 3.0562364
-119.3 3.0562842
-119.29 3.0563559
-119.28 3.0564276
-119.27 3.0564993
-119.26 3.0565471
-119.25 3.0566188
-119.24 3.0566905
-119.23 3.0567383
-119.22 3.05681
-119.21 3.0568817
-119.2 3.0569534
-119.19 3.0570012
-119.18 3.0570729
-119.17 3.0571446
-119.16 3.0572163
-119.15 3.0572641
-119.14 3.0573358
-119.13 3.0574075
-119.12 3.0574792
-119.11 3.057527
-119.1 3.0575987
-119.09 3.0576704
-119.08 3.0577421
-119.07 3.0577899
-119.06 3.0578616
-119.05 3.0579333
-119.04 3.058005
-119.03 3.0580528
-119.02 3.0581245
-119.01 3.0581962
-119.0 3.0582679
-118.99 3.0583396
-118.98 3.0583874
-118.97 3.0584591
-118.96 3.0585308
-118.95 3.0586025
-118.94 3.0586742
-118.93 3.058722
-118.92 3.0587937
-118.91 3.0588654
-118.9 3.0589371
-118.89 3.0590088
-118.88 3.0590566
-118.87 3.0591283
-118.86 3.0592
-118.85 3.0592717
-118.84 3.0593434
-118.83 3.0593912
-118.82 3.0594629
-118.81 3.0595346
-118.8 3.0596063
-118.79 3.059678
-118.78 3.0597497
-118.77 3.0597975
-118.76 3.0598692
-118.75 3.0599409
-118.74 3.0600126
-118.73 3.0600843
-118.72 3.060156
-118.71 3.0602038
-118.7 3.0602755
-118.69 3.0603472
-118.68 3.0604189
-118.67 3.0604906
-118.66 3.0605623
-118.65 3.060634
-118.64 3.0606818
-118.63 3.0607535
-118.62 3.0608252
-118.61 3.0608969
-118.6 3.0609686
-118.59 3.0610403
-118.58 3.061112
-118.57 3.0611837
-118.56 3.0612315
-118.55 3.0613032
-118.54 3.0613749
-118.53 3.0614466
-118.52 3.0615183
-118.51 3.06159
-118.5 3.0616617
-118.49 3.0617334
-118.48 3.0618051
-118.47 3.0618529
-118.46 3.0619246
-118.45 3.0619963
-118.44 3.062068
-118.43 3.0621397
-118.42 3.0622114
-118.41 3.0622831
-118.4 3.0623548
-118.39 3.0624265
-118.38 3.0624982
-118.37 3.0625699
-118.36 3.0626416
-118.35 3.0626894
-118.34 3.0627611
-118.33 3.0628328
-118.32 3.0629045
-118.31 3.0629762
-118.3 3.0630479
-118.29 3.0631196
-118.28 3.0631913
-118.27 3.063263
-118.26 3.0633347
-118.25 3.0634064
-118.24 3.0634781
-118.23 3.0635498
-118.22 3.0636215
-118.21 3.0636932
-118.2 3.0637649
-118.19 3.0638366
-118.18 3.0639083
-118.17 3.06398
-118.16 3.0640517
-118.15 3.0641234
-118.14 3.0641951
-118.13 3.0642429
-118.12 3.0643146
-118.11 3.0643863
-118.1 3.064458
-118.09 3.0645297
-118.08 3.0646014
-118.07 3.0646731
-118.06 3.0647448
-118.05 3.0648165
-118.04 3.0648882
-118.03 3.0649599
-118.02 3.0650316
-118.01 3.0651033
-118.0 3.065175
-117.99 3.0652467
-117.98 3.0653184
-117.97 3.0653901
-117.96 3.0654618
-117.95 3.0655335
-117.94 3.0656291
-117.93 3.0657008
-117.92 3.0657725
-117.91 3.0658442
-117.9 3.0659159
-117.89 3.0659876
-117.88 3.0660593
-117.87 3.066131
-117.86 3.0662027
-117.85 3.0662744
-117.84 3.0663461
-117.83 3.0664178
-117.82 3.0664895
-117.81 3.0665612
-117.8 3.0666329
-117.79 3.0667046
-117.78 3.0667763
-117.77 3.066848
-117.76 3.0669197
-117.75 3.0669914
-117.74 3.0670631
-117.73 3.0671348
-117.72 3.0672304
-117.71 3.0673021
-117.7 3.0673738
-117.69 3.0674455
-117.68 3.0675172
-117.67 3.0675889
-117.66 3.0676606
-117.65 3.0677323
-117.64 3.067804
-117.63 3.0678757
-117.62 3.0679474
-117.61 3.0680191
-117.6 3.0681147
-117.59 3.0681864
-117.58 3.0682581
-117.57 3.0683298
-117.56 3.0684015
-117.55 3.0684732
-117.54 3.0685449
-117.53 3.0686166
-117.52 3.0686883
-117.51 3.0687839
-117.5 3.0688556
-117.49 3.0689273
-117.48 3.068999
-117.47 3.0690707
-117.46 3.0691424
-117.45 3.0692141
-117.44 3.0692858
-117.43 3.0693814
-117.42 3.0694531
-117.41 3.0695248
-117.4 3.0695965
-117.39 3.0696682
-117.38 3.0697399
-117.37 3.0698355
-117.36 3.0699072
-117.35 3.0699789
-117.34 3.0700506
-117.33 3.0701223
-117.32 3.070194
-117.31 3.0702657
-117.3 3.0703613
-117.29 3.070433
-117.28 3.0705047
-117.27 3.0705764
-117.26 3.0706481
-117.25 3.0707437
-117.24 3.0708154
-117.23 3.0708871
-117.22 3.0709588
-117.21 3.0710305
-117.2 3.0711022
-117.19 3.0711978
-117.18 3.0712695
-117.17 3.0713412
-117.16 3.0714129
-117.15 3.0714846
-117.14 3.0715802
-117.13 3.0716519
-117.12 3.0717236
-117.11 3.0717953
-117.1 3.071867
-117.09 3.0719626
-117.08 3.0720343
-117.07 3.072106
-117.06 3.0721777
-117.05 3.0722733
-117.04 3.072345
-117.03 3.0724167
-117.02 3.0724884
-117.01 3.072584
-117.0 3.0726557
-116.99 3.0727274
-116.98 3.0727991
-116.97 3.0728708
-116.96 3.0729664
-116.95 3.0730381
-116.94 3.0731098
-116.93 3.0731815
-116.92 3.0732771
-116.91 3.0733488
-116.9 3.0734205
-116.89 3.0735161
-116.88 3.0735878
-116.87 3.0736595
-116.86 3.0737312
-116.85 3.0738268
-116.84 3.0738985
-116.83 3.0739702
-116.82 3.0740419
-116.81 3.0741375
-116.8 3.0742092
-116.79 3.0742809
-116.78 3.0743765
-116.77 3.0744482
-116.76 3.0745199
-116.75 3.0745916
-116.74 3.0746872
-116.73 3.0747589
-116.72 3.0748306
-116.71 3.0749262
-116.7 3.0749979
-116.69 3.0750696
-116.68 3.0751652
-116.67 3.0752369
-116.66 3.0753086
-116.65 3.0754042
-116.64 3.0754759
-116.63 3.0755476
-116.62 3.0756193
-116.61 3.0757149
-116.6 3.0757866
-116.59 3.0758583
-116.58 3.0759539
-116.57 3.0760256
-116.56 3.0760973
-116.55 3.0761929
-116.54 3.0762646
-116.53 3.0763602
-116.52 3.0764319
-116.51 3.0765036
-116.5 3.0765992
-116.49 3.0766709
-116.48 3.0767426
-116.47 3.0768382
-116.46 3.0769099
-116.45 3.0769816
-116.44 3.0770772
-116.43 3.0771489
-116.42 3.0772206
-116.41 3.0773162
-116.4 3.0773879
-116.39 3.0774835
-116.38 3.0775552
-116.37 3.0776269
-116.36 3.0777225
-116.35 3.0777942
-116.34 3.0778898
-116.33 3.0779615
-116.32 3.0780332
-116.31 3.0781288
-116.3 3.0782005
-116.29 3.0782961
-116.28 3.0783678
-116.27 3.0784395
-116.26 3.0785351
-116.25 3.0786068
-116.24 3.0787024
-116.23 3.0787741
-116.22 3.0788458
-116.21 3.0789414
-116.2 3.0790131
-116.19 3.0791087
-116.18 3.0791804
-116.17 3.079276
-116.16 3.0793477
-116.15 3.0794194
-116.14 3.079515
-116.13 3.0795867
-116.12 3.0796823
-116.11 3.079754
-116.1 3.0798496
-116.09 3.0799213
-116.08 3.0800169
-116.07 3.0800886
-116.06 3.0801603
-116.05 3.0802559
-116.04 3.0803276
-116.03 3.0804232
-116.02 3.0804949
-116.01 3.0805905
-116.0 3.0806622
-115.99 3.0807578
-115.98 3.0808295
-115.97 3.0809251
-115.96 3.0809968
-115.95 3.0810924
-115.94 3.0811641
-115.93 3.0812597
-115.92 3.0813314
-115.91 3.081427
-115.9 3.0814987
-115.89 3.0815943
-115.88 3.081666
-115.87 3.0817616
-115.86 3.0818333
-115.85 3.0819289
-115.84 3.0820006
-115.83 3.0820962
-115.82 3.0821679
-115.81 3.0822635
-115.8 3.0823352
-115.79 3.0824308
-115.78 3.0825025
-115.77 3.0825981
-115.76 3.0826698
-115.75 3.0827654
-115.74 3.0828371
-115.73 3.0829327
-115.72 3.0830044
-115.71 3.0831
-115.7 3.0831717
-115.69 3.0832673
-115.68 3.0833629
-115.67 3.0834346
-115.66 3.0835302
-115.65 3.0836019
-115.64 3.0836975
-115.63 3.0837692
-115.62 3.0838648
-115.61 3.0839365
-115.6 3.0840321
-115.59 3.0841277
-115.58 3.0841994
-115.57 3.084295
-115.56 3.0843667
-115.55 3.0844623
-115.54 3.084534
-115.53 3.0846296
-115.52 3.0847252
-115.51 3.0847969
-115.5 3.0848925
-115.49 3.0849642
-115.48 3.0850598
-115.47 3.0851315
-115.46 3.0852271
-115.45 3.0853227
-115.44 3.0853944
-115.43 3.08549
-115.42 3.0855856
-115.41 3.0856573
-115.4 3.0857529
-115.39 3.0858246
-115.38 3.0859202
-115.37 3.0860158
-115.36 3.0860875
-115.35 3.0861831
-115.34 3.0862548
-115.33 3.0863504
-115.32 3.086446
-115.31 3.0865177
-115.3 3.0866133
-115.29 3.0867089
-115.28 3.0867806
-115.27 3.0868762
-115.26 3.0869718
-115.25 3.0870435
-115.24 3.0871391
-115.23 3.0872108
-115.22 3.0873064
-115.21 3.087402
-115.2 3.0874737
-115.19 3.0875693
-115.18 3.0876649
-115.17 3.0877366
-115.16 3.0878322
-115.15 3.0879278
-115.14 3.0879995
-115.13 3.0880951
-115.12 3.0881907
-115.11 3.0882624
-115.1 3.088358
-115.09 3.0884536
-115.08 3.0885492
-115.07 3.0886209
-115.06 3.0887165
-115.05 3.0888121
-115.04 3.0888838
-115.03 3.0889794
-115.02 3.089075
-115.01 3.0891467
-115.0 3.0892423
-114.99 3.0893379
-114.98 3.0894335
-114.97 3.0895052
-114.96 3.0896008
-114.95 3.0896964
-114.94 3.0897681
-114.93 3.0898637
-114.92 3.0899593
-114.91 3.0900549
-114.9 3.0901266
-114.89 3.0902222
-114.88 3.0903178
-114.87 3.0904134
-114.86 3.0904851
-114.85 3.0905807
-114.84 3.0906763
-114.83 3.090748
-114.82 3.0908436
-114.81 3.0909392
-114.8 3.0910348
-114.79 3.0911065
-114.78 3.0912021
-114.77 3.0912977
-114.76 3.0913933
-114.75 3.0914889
-114.74 3.0915606
-114.73 3.0916562
-114.72 3.0917518
-114.71 3.0918474
-114.7 3.0919191
-114.69 3.0920147
-114.68 3.0921103
-114.67 3.0922059
-114.66 3.0923015
-114.65 3.0923732
-114.64 3.0924688
-114.63 3.0925644
-114.62 3.09266
-114.61 3.0927317
-114.6 3.0928273
-114.59 3.0929229
-114.58 3.0930185
-114.57 3.0931141
-114.56 3.0932097
-114.55 3.0932814
-114.54 3.093377
-114.53 3.0934726
-114.52 3.0935682
-114.51 3.0936638
-114.5 3.0937355
-114.49 3.0938311
-114.48 3.0939267
-114.47 3.0940223
-114.46 3.0941179
-114.45 3.0942135
-114.44 3.0942852
-114.43 3.0943808
-114.42 3.0944764
-114.41 3.094572
-114.4 3.0946676
-114.39 3.0947632
-114.38 3.0948588
-114.37 3.0949305
-114.36 3.0950261
-114.35 3.0951217
-114.34 3.0952173
-114.33 3.0953129
-114.32 3.0954085
-114.31 3.0955041
-114.3 3.0955758
-114.29 3.0956714
-114.28 3.095767
-114.27 3.0958626
-114.26 3.0959582
-114.25 3.0960538
-114.24 3.0961494
-114.23 3.096245
-114.22 3.0963167
-114.21 3.0964123
-114.2 3.0965079
-114.19 3.0966035
-114.18 3.0966991
-114.17 3.0967947
-114.16 3.0968903
-114.15 3.0969859
-114.14 3.0970815
-114.13 3.0971771
-114.12 3.0972727
-114.11 3.0973444
-114.1 3.09744
-114.09 3.0975356
-114.08 3.0976312
-114.07 3.0977268
-114.06 3.0978224
-114.05 3.097918
-114.04 3.0980136
-114.03 3.0981092
-114.02 3.0982048
-114.01 3.0983004
-114.0 3.098396
-113.99 3.0984916
-113.98 3.0985872
-113.97 3.0986828
-113.96 3.0987784
-113.95 3.0988501
-113.94 3.0989457
-113.93 3.0990413
-113.92 3.0991369
-113.91 3.0992325
-113.9 3.0993281
-113.89 3.0994237
-113.88 3.0995193
-113.87 3.0996149
-113.86 3.0997105
-113.85 3.0998061
-113.84 3.0999017
-113.83 3.0999973
-113.82 3.1000929
-113.81 3.1001885
-113.8 3.1002841
-113.79 3.1003797
-113.78 3.1004753
-113.77 3.1005709
-113.76 3.1006665
-113.75 3.1007621
-113.74 3.1008577
-113.73 3.1009533
-113.72 3.1010489
-113.71 3.1011445
-113.7 3.1012401
-113.69 3.1013357
-113.68 3.1014313
-113.67 3.1015269
-113.66 3.1016225
-113.65 3.1017181
-113.64 3.1018137
-113.63 3.1019093
-113.62 3.1020049
-113.61 3.1021005
-113.6 3.1021961
-113.59 3.1022917
-113.58 3.1024112
-113.57 3.1025068
-113.56 3.1026024
-113.55 3.102698
-113.54 3.1027936
-113.53 3.1028892
-113.52 3.1029848
-113.51 3.1030804
-113.5 3.103176
-113.49 3.1032716
-113.48 3.1033672
-113.47 3.1034628
-113.46 3.1035584
-113.45 3.103654
-113.44 3.1037496
-113.43 3.1038452
-113.42 3.1039647
-113.41 3.1040603
-113.4 3.1041559
-113.39 3.1042515
-113.38 3.1043471
-113.37 3.1044427
-113.36 3.1045383
-113.35 3.1046339
-113.34 3.1047295
-113.33 3.1048251
-113.32 3.1049446
-113.31 3.1050402
-113.3 3.1051358
-113.29 3.1052314
-113.28 3.105327
-113.27 3.1054226
-113.26 3.1055182
-113.25 3.1056138
-113.24 3.1057094
-113.23 3.1058289
-113.22 3.1059245
-113.21 3.1060201
-113.2 3.1061157
-113.19 3.1062113
-113.18 3.1063069
-113.17 3.1064025
-113.16 3.106522
-113.15 3.1066176
-113.14 3.1067132
-113.13 3.1068088
-113.12 3.1069044
-113.11 3.107
-113.1 3.1071195
-113.09 3.1072151
-113.08 3.1073107
-113.07 3.1074063
-113.06 3.1075019
-113.05 3.1075975
-113.04 3.107717
-113.03 3.1078126
-113.02 3.1079082
-113.01 3.1080038
-113.0 3.1080994
-112.99 3.108195
-112.98 3.1083145
-112.97 3.1084101
-112.96 3.1085057
-112.95 3.1086013
-112.94 3.1086969
-112.93 3.1088164
-112.92 3.108912
-112.91 3.1090076
-112.9 3.1091032
-112.89 3.1091988
-112.88 3.1093183
-112.87 3.1094139
-112.86 3.1095095
-112.85 3.1096051
-112.84 3.1097246
-112.83 3.1098202
-112.82 3.1099158
-112.81 3.1100114
-112.8 3.110107
-112.79 3.1102265
-112.78 3.1103221
-112.77 3.1104177
-112.76 3.1105133
-112.75 3.1106328
-112.74 3.1107284
-112.73 3.110824
-112.72 3.1109196
-112.71 3.1110391
-112.7 3.1111347
-112.69 3.1112303
-112.68 3.1113259
-112.67 3.1114454
-112.66 3.111541
-112.65 3.1116366
-112.64 3.1117561
-112.63 3.1118517
-112.62 3.1119473
-112.61 3.1120429
-112.6 3.1121624
-112.59 3.112258
-112.58 3.1123536
-112.57 3.1124731
-112.56 3.1125687
-112.55 3.1126643
-112.54 3.1127599
-112.53 3.1128794
-112.52 3.112975
-112.51 3.1130706
-112.5 3.1131901
-112.49 3.1132857
-112.48 3.1133813
-112.47 3.1135008
-112.46 3.1135964
-112.45 3.113692
-112.44 3.1137876
-112.43 3.1139071
-112.42 3.1140027
-112.41 3.1140983
-112.4 3.1142178
-112.39 3.1143134
-112.38 3.114409
-112.37 3.1145285
-112.36 3.1146241
-112.35 3.1147197
-112.34 3.1148392
-112.33 3.1149348
-112.32 3.1150543
-112.31 3.1151499
-112.3 3.1152455
-112.29 3.115365
-112.28 3.1154606
-112.27 3.1155562
-112.26 3.1156757
-112.25 3.1157713
-112.24 3.1158669
-112.23 3.1159864
-112.22 3.116082
-112.21 3.1162015
-112.2 3.1162971
-112.19 3.1163927
-112.18 3.1165122
-112.17 3.1166078
-112.16 3.1167034
-112.15 3.1168229
-112.14 3.1169185
-112.13 3.117038
-112.12 3.1171336
-112.11 3.1172292
-112.1 3.1173487
-112.09 3.1174443
-112.08 3.1175638
-112.07 3.1176594
-112.06 3.117755
-112.05 3.1178745
-112.04 3.1179701
-112.03 3.1180896
-112.02 3.1181852
-112.01 3.1183047
-112.0 3.1184003
-111.99 3.1184959
-111.98 3.1186154
-111.97 3.118711
-111.96 3.1188305
-111.95 3.1189261
-111.94 3.1190456
-111.93 3.1191412
-111.92 3.1192607
-111.91 3.1193563
-111.9 3.1194519
-111.89 3.1195714
-111.88 3.119667
-111.87 3.1197865
-111.86 3.1198821
-111.85 3.1200016
-111.84 3.1200972
-111.83 3.1202167
-111.82 3.1203123
-111.81 3.1204318
-111.8 3.1205274
-111.79 3.1206469
-111.78 3.1207425
-111.77 3.120862
-111.76 3.1209576
-111.75 3.1210771
-111.74 3.1211727
-111.73 3.1212683
-111.72 3.1213878
-111.71 3.1214834
-111.7 3.1216029
-111.69 3.1216985
-111.68 3.121818
-111.67 3.1219375
-111.66 3.1220331
-111.65 3.1221526
-111.64 3.1222482
-111.63 3.1223677
-111.62 3.1224633
-111.61 3.1225828
-111.6 3.1226784
-111.59 3.1227979
-111.58 3.1228935
-111.57 3.123013
-111.56 3.1231086
-111.55 3.1232281
-111.54 3.1233237
-111.53 3.1234432
-111.52 3.1235388
-111.51 3.1236583
-111.5 3.1237778
-111.49 3.1238734
-111.48 3.1239929
-111.47 3.1240885
-111.46 3.124208
-111.45 3.1243036
-111.44 3.1244231
-111.43 3.1245187
-111.42 3.1246382
-111.41 3.1247577
-111.4 3.1248533
-111.39 3.1249728
-111.38 3.1250684
-111.37 3.1251879
-111.36 3.1252835
-111.35 3.125403
-111.34 3.1255225
-111.33 3.1256181
-111.32 3.1257376
-111.31 3.1258332
-111.3 3.1259527
-111.29 3.1260722
-111.28 3.1261678
-111.27 3.1262873
-111.26 3.1263829
-111.25 3.1265024
-111.24 3.1266219
-111.23 3.1267175
-111.22 3.126837
-111.21 3.1269565
-111.2 3.1270521
-111.19 3.1271716
-111.18 3.1272672
-111.17 3.1273867
-111.16 3.1275062
-111.15 3.1276018
-111.14 3.1277213
-111.13 3.1278408
-111.12 3.1279364
-111.11 3.1280559
-111.1 3.1281754
-111.09 3.128271
-111.08 3.1283905
-111.07 3.1284861
-111.06 3.1286056
-111.05 3.1287251
-111.04 3.1288207
-111.03 3.1289402
-111.02 3.1290597
-111.01 3.1291553
-111.0 3.1292748
-110.99 3.1293943
-110.98 3.1294899
-110.97 3.1296094
-110.96 3.1297289
-110.95 3.1298484
-110.94 3.129944
-110.93 3.1300635
-110.92 3.130183
-110.91 3.1302786
-110.9 3.1303981
-110.89 3.1305176
-110.88 3.1306132
-110.87 3.1307327
-110.86 3.1308522
-110.85 3.1309717
-110.84 3.1310673
-110.83 3.1311868
-110.82 3.1313063
-110.81 3.1314019
-110.8 3.1315214
-110.79 3.1316409
-110.78 3.1317604
-110.77 3.131856
-110.76 3.1319755
-110.75 3.132095
-110.74 3.1321906
-110.73 3.1323101
-110.72 3.1324296
-110.71 3.1325491
-110.7 3.1326447
-110.69 3.1327642
-110.68 3.1328837
-110.67 3.1330032
-110.66 3.1330988
-110.65 3.1332183
-110.64 3.1333378
-110.63 3.1334573
-110.62 3.1335768
-110.61 3.1336724
-110.6 3.1337919
-110.59 3.1339114
-110.58 3.1340309
-110.57 3.1341265
-110.56 3.134246
-110.55 3.1343655
-110.54 3.134485
-110.53 3.1346045
-110.52 3.1347001
-110.51 3.1348196
-110.5 3.1349391
-110.49 3.1350586
-110.48 3.1351542
-110.47 3.1352737
-110.46 3.1353932
-110.45 3.1355127
-110.44 3.1356322
-110.43 3.1357517
-110.42 3.1358473
-110.41 3.1359668
-110.4 3.1360863
-110.39 3.1362058
-110.38 3.1363253
-110.37 3.1364209
-110.36 3.1365404
-110.35 3.1366599
-110.34 3.1367794
-110.33 3.1368989
-110.32 3.1370184
-110.31 3.137114
-110.3 3.1372335
-110.29 3.137353
-110.28 3.1374725
-110.27 3.137592
-110.26 3.1377115
-110.25 3.137831
-110.24 3.1379266
-110.23 3.1380461
-110.22 3.1381656
-110.21 3.1382851
-110.2 3.1384046
-110.19 3.1385241
-110.18 3.1386436
-110.17 3.1387631
-110.16 3.1388587
-110.15 3.1389782
-110.14 3.1390977
-110.13 3.1392172
-110.12 3.1393367
-110.11 3.1394562
-110.1 3.1395757
-110.09 3.1396952
-110.08 3.1398147
-110.07 3.1399103
-110.06 3.1400298
-110.05 3.1401493
-110.04 3.1402688
-110.03 3.1403883
-110.02 3.1405078
-110.01 3.1406273
-110.0 3.1407468
-109.99 3.1408663
-109.98 3.1409858
-109.97 3.1411053
-109.96 3.1412009
-109.95 3.1413204
-109.94 3.1414399
-109.93 3.1415594
-109.92 3.1416789
-109.91 3.1417984
-109.9 3.1419179
-109.89 3.1420374
-109.88 3.1421569
-109.87 3.1422764
-109.86 3.1423959
-109.85 3.1425154
-109.84 3.1426349
-109.83 3.1427544
-109.82 3.1428739
-109.81 3.1429934
-109.8 3.1431129
-109.79 3.1432324
-109.78 3.1433519
-109.77 3.1434714
-109.76 3.1435909
-109.75 3.1437104
-109.74 3.1438299
-109.73 3.1439494
-109.72 3.1440689
-109.71 3.1441645
-109.7 3.144284
-109.69 3.1444035
-109.68 3.144523
-109.67 3.1446425
-109.66 3.144762
-109.65 3.1448815
-109.64 3.145001
-109.63 3.1451205
-109.62 3.1452639
-109.61 3.1453834
-109.6 3.1455029
-109.59 3.1456224
-109.58 3.1457419
-109.57 3.1458614
-109.56 3.1459809
-109.55 3.1461004
-109.54 3.1462199
-109.53 3.1463394
-109.52 3.1464589
-109.51 3.1465784
-109.5 3.1466979
-109.49 3.1468174
-109.48 3.1469369
-109.47 3.1470564
-109.46 3.1471759
-109.45 3.1472954
-109.44 3.1474149
-109.43 3.1475344
-109.42 3.1476539
-109.41 3.1477734
-109.4 3.1478929
-109.39 3.1480124
-109.38 3.1481558
-109.37 3.1482753
-109.36 3.1483948
-109.35 3.1485143
-109.34 3.1486338
-109.33 3.1487533
-109.32 3.1488728
-109.31 3.1489923
-109.3 3.1491118
-109.29 3.1492313
-109.28 3.1493508
-109.27 3.1494703
-109.26 3.1496137
-109.25 3.1497332
-109.24 3.1498527
-109.23 3.1499722
-109.22 3.1500917
-109.21 3.1502112
-109.2 3.1503307
-109.19 3.1504502
-109.18 3.1505697
-109.17 3.1507131
-109.16 3.1508326
-109.15 3.1509521
-109.14 3.1510716
-109.13 3.1511911
-109.12 3.1513106
-109.11 3.1514301
-109.1 3.1515735
-109.09 3.151693
-109.08 3.1518125
-109.07 3.151932
-109.06 3.1520515
-109.05 3.152171
-109.04 3.1522905
-109.03 3.1524339
-109.02 3.1525534
-109.01 3.1526729
-109.0 3.1527924
-108.99 3.1529119
-108.98 3.1530314
-108.97 3.1531748
-108.96 3.1532943
-108.95 3.1534138
-108.94 3.1535333
-108.93 3.1536528
-108.92 3.1537723
-108.91 3.1539157
-108.9 3.1540352
-108.89 3.1541547
-108.88 3.1542742
-108.87 3.1543937
-108.86 3.1545371
-108.85 3.1546566
-108.84 3.1547761
-108.83 3.1548956
-108.82 3.1550151
-108.81 3.1551585
-108.8 3.155278
-108.79 3.1553975
-108.78 3.155517
-108.77 3.1556604
-108.76 3.1557799
-108.75 3.1558994
-108.74 3.1560189
-108.73 3.1561384
-108.72 3.1562818
-108.71 3.1564013
-108.7 3.1565208
-108.69 3.1566403
-108.68 3.1567837
-108.67 3.1569032
-108.66 3.1570227
-108.65 3.1571422
-108.64 3.1572856
-108.63 3.1574051
-108.62 3.1575246
-108.61 3.1576441
-108.6 3.1577875
-108.59 3.157907
-108.58 3.1580265
-108.57 3.1581699
-108.56 3.1582894
-108.55 3.1584089
-108.54 3.1585284
-108.53 3.1586718
-108.52 3.1587913
-108.51 3.1589108
-108.5 3.1590542
-108.49 3.1591737
-108.48 3.1592932
-108.47 3.1594127
-108.46 3.1595561
-108.45 3.1596756
-108.44 3.1597951
-108.43 3.1599385
-108.42 3.160058
-108.41 3.1601775
-108.4 3.1603209
-108.39 3.1604404
-108.38 3.1605599
-108.37 3.1606794
-108.36 3.1608228
-108.35 3.1609423
-108.34 3.1610618
-108.33 3.1612052
-108.32 3.1613247
-108.31 3.1614442
-108.3 3.1615876
-108.29 3.1617071
-108.28 3.1618266
-108.27 3.16197
-108.26 3.1620895
-108.25 3.1622329
-108.24 3.1623524
-108.23 3.1624719
-108.22 3.1626153
-108.21 3.1627348
-108.2 3.1628543
-108.19 3.1629977
-108.18 3.1631172
-108.17 3.1632367
-108.16 3.1633801
-108.15 3.1634996
-108.14 3.163643
-108.13 3.1637625
-108.12 3.163882
-108.11 3.1640254
-108.1 3.1641449
-108.09 3.1642644
-108.08 3.1644078
-108.07 3.1645273
-108.06 3.1646707
-108.05 3.1647902
-108.04 3.1649097
-108.03 3.1650531
-108.02 3.1651726
-108.01 3.165316
-108.0 3.1654355
-107.99 3.1655789
-107.98 3.1656984
-107.97 3.1658179
-107.96 3.1659613
-107.95 3.1660808
-107.94 3.1662242
-107.93 3.1663437
-107.92 3.1664871
-107.91 3.1666066
-107.9 3.1667261
-107.89 3.1668695
-107.88 3.166989
-107.87 3.1671324
-107.86 3.1672519
-107.85 3.1673953
-107.84 3.1675148
-107.83 3.1676582
-107.82 3.1677777
-107.81 3.1678972
-107.8 3.1680406
-107.79 3.1681601
-107.78 3.1683035
-107.77 3.168423
-107.76 3.1685664
-107.75 3.1686859
-107.74 3.1688293
-107.73 3.1689488
-107.72 3.1690922
-107.71 3.1692117
-107.7 3.1693551
-107.69 3.1694746
-107.68 3.169618
-107.67 3.1697375
-107.66 3.1698809
-107.65 3.1700004
-107.64 3.1701438
-107.63 3.1702633
-107.62 3.1704067
-107.61 3.1705262
-107.6 3.1706696
-107.59 3.1707891
-107.58 3.1709325
-107.57 3.171052
-107.56 3.1711954
-107.55 3.1713149
-107.54 3.1714583
-107.53 3.1715778
-107.52 3.1717212
-107.51 3.1718407
-107.5 3.1719841
-107.49 3.1721036
-107.48 3.172247
-107.47 3.1723904
-107.46 3.1725099
-107.45 3.1726533
-107.44 3.1727728
-107.43 3.1729162
-107.42 3.1730357
-107.41 3.1731791
-107.4 3.1732986
-107.39 3.173442
-107.38 3.1735854
-107.37 3.1737049
-107.36 3.1738483
-107.35 3.1739678
-107.34 3.1741112
-107.33 3.1742307
-107.32 3.1743741
-107.31 3.1745175
-107.3 3.174637
-107.29 3.1747804
-107.28 3.1748999
-107.27 3.1750433
-107.26 3.1751867
-107.25 3.1753062
-107.24 3.1754496
-107.23 3.1755691
-107.22 3.1757125
-107.21 3.1758559
-107.2 3.1759754
-107.19 3.1761188
-107.18 3.1762383
-107.17 3.1763817
-107.16 3.1765251
-107.15 3.1766446
-107.14 3.176788
-107.13 3.1769314
-107.12 3.1770509
-107.11 3.1771943
-107.1 3.1773138
-107.09 3.1774572
-107.08 3.1776006
-107.07 3.1777201
-107.06 3.1778635
-107.05 3.1780069
-107.04 3.1781264
-107.03 3.1782698
-107.02 3.1784132
-107.01 3.1785327
-107.0 3.1786761
-106.99 3.1788195
-106.98 3.178939
-106.97 3.1790824
-106.96 3.1792258
-106.95 3.1793453
-106.94 3.1794887
-106.93 3.1796321
-106.92 3.1797516
-106.91 3.179895
-106.9 3.1800384
-106.89 3.1801579
-106.88 3.1803013
-106.87 3.1804447
-106.86 3.1805642
-106.85 3.1807076
-106.84 3.180851
-106.83 3.1809944
-106.82 3.1811139
-106.81 3.1812573
-106.8 3.1814007
-106.79 3.1815202
-106.78 3.1816636
-106.77 3.181807
-106.76 3.1819265
-106.75 3.1820699
-106.74 3.1822133
-106.73 3.1823567
-106.72 3.1824762
-106.71 3.1826196
-106.7 3.182763
-106.69 3.1829064
-106.68 3.1830259
-106.67 3.1831693
-106.66 3.1833127
-106.65 3.1834561
-106.64 3.1835756
-106.63 3.183719
-106.62 3.1838624
-106.61 3.1840058
-106.6 3.1841253
-106.59 3.1842687
-106.58 3.1844121
-106.57 3.1845555
-106.56 3.184675
-106.55 3.1848184
-106.54 3.1849618
-106.53 3.1851052
-106.52 3.1852486
-106.51 3.1853681
-106.5 3.1855115
-106.49 3.1856549
-106.48 3.1857983
-106.47 3.1859178
-106.46 3.1860612
-106.45 3.1862046
-106.44 3.186348
-106.43 3.1864914
-106.42 3.1866109
-106.41 3.1867543
-106.4 3.1868977
-106.39 3.1870411
-106.38 3.1871845
-106.37 3.1873279
-106.36 3.1874474
-106.35 3.1875908
-106.34 3.1877342
-106.33 3.1878776
-106.32 3.188021
-106.31 3.1881405
-106.3 3.1882839
-106.29 3.1884273
-106.28 3.1885707
-106.27 3.1887141
-106.26 3.1888575
-106.25 3.1890009
-106.24 3.1891204
-106.23 3.1892638
-106.22 3.1894072
-106.21 3.1895506
-106.2 3.189694
-106.19 3.1898374
-106.18 3.1899569
-106.17 3.1901003
-106.16 3.1902437
-106.15 3.1903871
-106.14 3.1905305
-106.13 3.1906739
-106.12 3.1908173
-106.11 3.1909607
-106.1 3.1910802
-106.09 3.1912236
-106.08 3.191367
-106.07 3.1915104
-106.06 3.1916538
-106.05 3.1917972
-106.04 3.1919406
-106.03 3.192084
-106.02 3.1922274
-106.01 3.1923708
-106.0 3.1924903
-105.99 3.1926337
-105.98 3.1927771
-105.97 3.1929205
-105.96 3.1930639
-105.95 3.1932073
-105.94 3.1933507
-105.93 3.1934941
-105.92 3.1936375
-105.91 3.1937809
-105.9 3.1939243
-105.89 3.1940677
-105.88 3.1942111
-105.87 3.1943306
-105.86 3.194474
-105.85 3.1946174
-105.84 3.1947608
-105.83 3.1949042
-105.82 3.1950476
-105.81 3.195191
-105.8 3.1953344
-105.79 3.1954778
-105.78 3.1956212
-105.77 3.1957646
-105.76 3.195908
-105.75 3.1960514
-105.74 3.1961948
-105.73 3.1963382
-105.72 3.1964816
-105.71 3.196625
-105.7 3.1967684
-105.69 3.1969118
-105.68 3.1970552
-105.67 3.1971986
-105.66 3.197342
-105.65 3.1974854
-105.64 3.1976288
-105.63 3.1977722
-105.62 3.1979156
-105.61 3.198059
-105.6 3.1982024
-105.59 3.1983458
-105.58 3.1984892
-105.57 3.1986326
-105.56 3.198776
-105.55 3.1989194
-105.54 3.1990628
-105.53 3.1992062
-105.52 3.1993496
-105.51 3.199493
-105.5 3.1996364
-105.49 3.1997798
-105.48 3.1999232
-105.47 3.2000666
-105.46 3.20021
-105.45 3.2003534
-105.44 3.2004968
-105.43 3.2006402
-105.42 3.2007836
-105.41 3.200927
-105.4 3.2010704
-105.39 3.2012377
-105.38 3.2013811
-105.37 3.2015245
-105.36 3.2016679
-105.35 3.2018113
-105.34 3.2019547
-105.33 3.2020981
-105.32 3.2022415
-105.31 3.2023849
-105.3 3.2025283
-105.29 3.2026717
-105.28 3.2028151
-105.27 3.2029585
-105.26 3.2031258
-105.25 3.2032692
-105.24 3.2034126
-105.23 3.203556
-105.22 3.2036994
-105.21 3.2038428
-105.2 3.2039862
-105.19 3.2041296
-105.18 3.204273
-105.17 3.2044164
-105.16 3.2045837
-105.15 3.2047271
-105.14 3.2048705
-105.13 3.2050139
-105.12 3.2051573
-105.11 3.2053007
-105.1 3.2054441
-105.09 3.2055875
-105.08 3.2057548
-105.07 3.2058982
-105.06 3.2060416
-105.05 3.206185
-105.04 3.2063284
-105.03 3.2064718
-105.02 3.2066152
-105.01 3.2067825
-105.0 3.2069259
-104.99 3.2070693
-104.98 3.2072127
-104.97 3.2073561
-104.96 3.2074995
-104.95 3.2076668
-104.94 3.2078102
-104.93 3.2079536
-104.92 3.208097
-104.91 3.2082404
-104.9 3.2083838
-104.89 3.2085511
-104.88 3.2086945
-104.87 3.2088379
-104.86 3.2089813
-104.85 3.2091247
-104.84 3.209292
-104.83 3.2094354
-104.82 3.2095788
-104.81 3.2097222
-104.8 3.2098656
-104.79 3.2100329
-104.78 3.2101763
-104.77 3.2103197
-104.76 3.2104631
-104.75 3.2106065
-104.74 3.2107738
-104.73 3.2109172
-104.72 3.2110606
-104.71 3.211204
-104.7 3.2113713
-104.69 3.2115147
-104.68 3.2116581
-104.67 3.2118015
-104.66 3.2119449
-104.65 3.2121122
-104.64 3.2122556
-104.63 3.212399
-104.62 3.2125424
-104.61 3.2127097
-104.6 3.2128531
-104.59 3.2129965
-104.58 3.2131399
-104.57 3.2133072
-104.56 3.2134506
-104.55 3.213594
-104.54 3.2137613
-104.53 3.2139047
-104.52 3.2140481
-104.51 3.2141915
-104.5 3.2143588
-104.49 3.2145022
-104.48 3.2146456
-104.47 3.214789
-104.46 3.2149563
-104.45 3.2150997
-104.44 3.2152431
-104.43 3.2154104
-104.42 3.2155538
-104.41 3.2156972
-104.4 3.2158645
-104.39 3.2160079
-104.38 3.2161513
-104.37 3.2162947
-104.36 3.216462
-104.35 3.2166054
-104.34 3.2167488
-104.33 3.2169161
-104.32 3.2170595
-104.31 3.2172029
-104.3 3.2173702
-104.29 3.2175136
-104.28 3.217657
-104.27 3.2178243
-104.26 3.2179677
-104.25 3.2181111
-104.24 3.2182784
-104.23 3.2184218
-104.22 3.2185652
-104.21 3.2187325
-104.2 3.2188759
-104.19 3.2190193
-104.18 3.2191866
-104.17 3.21933
-104.16 3.2194973
-104.15 3.2196407
-104.14 3.2197841
-104.13 3.2199514
-104.12 3.2200948
-104.11 3.2202382
-104.1 3.2204055
-104.09 3.2205489
-104.08 3.2207162
-104.07 3.2208596
-104.06 3.221003
-104.05 3.2211703
-104.04 3.2213137
-104.03 3.2214571
-104.02 3.2216244
-104.01 3.2217678
-104.0 3.2219351
-103.99 3.2220785
-103.98 3.2222219
-103.97 3.2223892
-103.96 3.2225326
-103.95 3.2226999
-103.94 3.2228433
-103.93 3.2230106
-103.92 3.223154
-103.91 3.2232974
-103.9 3.2234647
-103.89 3.2236081
-103.88 3.2237754
-103.87 3.2239188
-103.86 3.2240861
-103.85 3.2242295
-103.84 3.2243729
-103.83 3.2245402
-103.82 3.2246836
-103.81 3.2248509
-103.8 3.2249943
-103.79 3.2251616
-103.78 3.225305
-103.77 3.2254723
-103.76 3.2256157
-103.75 3.2257591
-103.74 3.2259264
-103.73 3.2260698
-103.72 3.2262371
-103.71 3.2263805
-103.7 3.2265478
-103.69 3.2266912
-103.68 3.2268585
-103.67 3.2270019
-103.66 3.2271692
-103.65 3.2273126
-103.64 3.2274799
-103.63 3.2276233
-103.62 3.2277906
-103.61 3.227934
-103.6 3.2281013
-103.59 3.2282447
-103.58 3.228412
-103.57 3.2285554
-103.56 3.2287227
-103.55 3.2288661
-103.54 3.2290334
-103.53 3.2291768
-103.52 3.2293441
-103.51 3.2294875
-103.5 3.2296548
-103.49 3.2297982
-103.48 3.2299655
-103.47 3.2301089
-103.46 3.2302762
-103.45 3.2304196
-103.44 3.2305869
-103.43 3.2307542
-103.42 3.2308976
-103.41 3.2310649
-103.4 3.2312083
-103.39 3.2313756
-103.38 3.231519
-103.37 3.2316863
-103.36 3.2318297
-103.35 3.231997
-103.34 3.2321643
-103.33 3.2323077
-103.32 3.232475
-103.31 3.2326184
-103.3 3.2327857
-103.29 3.2329291
-103.28 3.2330964
-103.27 3.2332637
-103.26 3.2334071
-103.25 3.2335744
-103.24 3.2337178
-103.23 3.2338851
-103.22 3.2340285
-103.21 3.2341958
-103.2 3.2343631
-103.19 3.2345065
-103.18 3.2346738
-103.17 3.2348172
-103.16 3.2349845
-103.15 3.2351518
-103.14 3.2352952
-103.13 3.2354625
-103.12 3.2356298
-103.11 3.2357732
-103.1 3.2359405
-103.09 3.2360839
-103.08 3.2362512
-103.07 3.2364185
-103.06 3.2365619
-103.05 3.2367292
-103.04 3.2368965
-103.03 3.2370399
-103.02 3.2372072
-103.01 3.2373506
-103.0 3.2375179
-102.99 3.2376852
-102.98 3.2378286
-102.97 3.2379959
-102.96 3.2381632
-102.95 3.2383066
-102.94 3.2384739
-102.93 3.2386412
-102.92 3.2387846
-102.91 3.2389519
-102.9 3.2391192
-102.89 3.2392626
-102.88 3.2394299
-102.87 3.2395972
-102.86 3.2397406
-102.85 3.2399079
-102.84 3.2400752
-102.83 3.2402186
-102.82 3.2403859
-102.81 3.2405532
-102.8 3.2407205
-102.79 3.2408639
-102.78 3.2410312
-102.77 3.2411985
-102.76 3.2413419
-102.75 3.2415092
-102.74 3.2416765
-102.73 3.2418199
-102.72 3.2419872
-102.71 3.2421545
-102.7 3.2423218
-102.69 3.2424652
-102.68 3.2426325
-102.67 3.2427998
-102.66 3.2429432
-102.65 3.2431105
-102.64 3.2432778
-102.63 3.2434451
-102.62 3.2435885
-102.61 3.2437558
-102.6 3.2439231
-102.59 3.2440904
-102.58 3.2442338
-102.57 3.2444011
-102.56 3.2445684
-102.55 3.2447357
-102.54 3.2448791
-102.53 3.2450464
-102.52 3.2452137
-102.51 3.245381
-102.5 3.2455244
-102.49 3.2456917
-102.48 3.245859
-102.47 3.2460263
-102.46 3.2461936
-102.45 3.246337
-102.44 3.2465043
-102.43 3.2466716
-102.42 3.2468389
-102.41 3.2469823
-102.4 3.2471496
-102.39 3.2473169
-102.38 3.2474842
-102.37 3.2476515
-102.36 3.2477949
-102.35 3.2479622
-102.34 3.2481295
-102.33 3.2482968
-102.32 3.2484641
-102.31 3.2486075
-102.3 3.2487748
-102.29 3.2489421
-102.28 3.2491094
-102.27 3.2492767
-102.26 3.249444
-102.25 3.2495874
-102.24 3.2497547
-102.23 3.249922
-102.22 3.2500893
-102.21 3.2502566
-102.2 3.2504239
-102.19 3.2505673
-102.18 3.2507346
-102.17 3.2509019
-102.16 3.2510692
-102.15 3.2512365
-102.14 3.2514038
-102.13 3.2515711
-102.12 3.2517145
-102.11 3.2518818
-102.1 3.2520491
-102.09 3.2522164
-102.08 3.2523837
-102.07 3.252551
-102.06 3.2527183
-102.05 3.2528617
-102.04 3.253029
-102.03 3.2531963
-102.02 3.2533636
-102.01 3.2535309
-102.0 3.2536982
-101.99 3.2538655
-101.98 3.2540328
-101.97 3.2542001
-101.96 3.2543435
-101.95 3.2545108
-101.94 3.2546781
-101.93 3.2548454
-101.92 3.2550127
-101.91 3.25518
-101.9 3.2553473
-101.89 3.2555146
-101.88 3.2556819
-101.87 3.2558492
-101.86 3.2560165
-101.85 3.2561599
-101.84 3.2563272
-101.83 3.2564945
-101.82 3.2566618
-101.81 3.2568291
-101.8 3.2569964
-101.79 3.2571637
-101.78 3.257331
-101.77 3.2574983
-101.76 3.2576656
-101.75 3.2578329
-101.74 3.2580002
-101.73 3.2581675
-101.72 3.2583348
-101.71 3.2585021
-101.7 3.2586694
-101.69 3.2588367
-101.68 3.259004
-101.67 3.2591474
-101.66 3.2593147
-101.65 3.259482
-101.64 3.2596493
-101.63 3.2598166
-101.62 3.2599839
-101.61 3.2601512
-101.6 3.2603185
-101.59 3.2604858
-101.58 3.2606531
-101.57 3.2608204
-101.56 3.2609877
-101.55 3.261155
-101.54 3.2613223
-101.53 3.2614896
-101.52 3.2616569
-101.51 3.2618242
-101.5 3.2619915
-101.49 3.2621588
-101.48 3.2623261
-101.47 3.2624934
-101.46 3.2626607
-101.45 3.262828
-101.44 3.2629953
-101.43 3.2631626
-101.42 3.2633299
-101.41 3.2634972
-101.4 3.2636645
-101.39 3.2638557
-101.38 3.264023
-101.37 3.2641903
-101.36 3.2643576
-101.35 3.2645249
-101.34 3.2646922
-101.33 3.2648595
-101.32 3.2650268
-101.31 3.2651941
-101.3 3.2653614
-101.29 3.2655287
-101.28 3.265696
-101.27 3.2658633
-101.26 3.2660306
-101.25 3.2661979
-101.24 3.2663652
-101.23 3.2665325
-101.22 3.2666998
-101.21 3.266891
-101.2 3.2670583
-101.19 3.2672256
-101.18 3.2673929
-101.17 3.2675602
-101.16 3.2677275
-101.15 3.2678948
-101.14 3.2680621
-101.13 3.2682294
-101.12 3.2683967
-101.11 3.268564
-101.1 3.2687552
-101.09 3.2689225
-101.08 3.2690898
-101.07 3.2692571
-101.06 3.2694244
-101.05 3.2695917
-101.04 3.269759
-101.03 3.2699263
-101.02 3.2700936
-101.01 3.2702848
-101.0 3.2704521
-100.99 3.2706194
-100.98 3.2707867
-100.97 3.270954
-100.96 3.2711213
-100.95 3.2712886
-100.94 3.2714559
-100.93 3.2716471
-100.92 3.2718144
-100.91 3.2719817
-100.9 3.272149
-100.89 3.2723163
-100.88 3.2724836
-100.87 3.2726748
-100.86 3.2728421
-100.85 3.2730094
-100.84 3.2731767
-100.83 3.273344
-100.82 3.2735113
-100.81 3.2737025
-100.8 3.2738698
-100.79 3.2740371
-100.78 3.2742044
-100.77 3.2743717
-100.76 3.274539
-100.75 3.2747302
-100.74 3.2748975
-100.73 3.2750648
-100.72 3.2752321
-100.71 3.2753994
-100.7 3.2755906
-100.69 3.2757579
-100.68 3.2759252
-100.67 3.2760925
-100.66 3.2762598
-100.65 3.276451
-100.64 3.2766183
-100.63 3.2767856
-100.62 3.2769529
-100.61 3.2771202
-100.6 3.2773114
-100.59 3.2774787
-100.58 3.277646
-100.57 3.2778133
-100.56 3.2780045
-100.55 3.2781718
-100.54 3.2783391
-100.53 3.2785064
-100.52 3.2786976
-100.51 3.2788649
-100.5 3.2790322
-100.49 3.2791995
-100.48 3.2793907
-100.47 3.279558
-100.46 3.2797253
-100.45 3.2798926
-100.44 3.2800838
-100.43 3.2802511
-100.42 3.2804184
-100.41 3.2805857
-100.4 3.2807769
-100.39 3.2809442
-100.38 3.2811115
-100.37 3.2812788
-100.36 3.28147
-100.35 3.2816373
-100.34 3.2818046
-100.33 3.2819958
-100.32 3.2821631
-100.31 3.2823304
-100.3 3.2824977
-100.29 3.2826889
-100.28 3.2828562
-100.27 3.2830235
-100.26 3.2832147
-100.25 3.283382
-100.24 3.2835493
-100.23 3.2837405
-100.22 3.2839078
-100.21 3.2840751
-100.2 3.2842663
-100.19 3.2844336
-100.18 3.2846009
-100.17 3.2847682
-100.16 3.2849594
-100.15 3.2851267
-100.14 3.285294
-100.13 3.2854852
-100.12 3.2856525
-100.11 3.2858198
-100.1 3.286011
-100.09 3.2861783
-100.08 3.2863456
-100.07 3.2865368
-100.06 3.2867041
-100.05 3.2868953
-100.04 3.2870626
-100.03 3.2872299
-100.02 3.2874211
-100.01 3.2875884
-100.0 3.2877557
-99.99 3.2879469
-99.98 3.2881142
-99.97 3.2882815
-99.96 3.2884727
-99.95 3.28864
-99.94 3.2888312
-99.93 3.2889985
-99.92 3.2891658
-99.91 3.289357
-99.9 3.2895243
-99.89 3.2896916
-99.88 3.2898828
-99.87 3.2900501
-99.86 3.2902413
-99.85 3.2904086
-99.84 3.2905759
-99.83 3.2907671
-99.82 3.2909344
-99.81 3.2911256
-99.8 3.2912929
-99.79 3.2914841
-99.78 3.2916514
-99.77 3.2918187
-99.76 3.2920099
-99.75 3.2921772
-99.74 3.2923684
-99.73 3.2925357
-99.72 3.292703
-99.71 3.2928942
-99.7 3.2930615
-99.69 3.2932527
-99.68 3.29342
-99.67 3.2936112
-99.66 3.2937785
-99.65 3.2939697
-99.64 3.294137
-99.63 3.2943043
-99.62 3.2944955
-99.61 3.2946628
-99.6 3.294854
-99.59 3.2950213
-99.58 3.2952125
-99.57 3.2953798
-99.56 3.295571
-99.55 3.2957383
-99.54 3.2959295
-99.53 3.2960968
-99.52 3.296288
-99.51 3.2964553
-99.5 3.2966226
-99.49 3.2968138
-99.48 3.2969811
-99.47 3.2971723
-99.46 3.2973396
-99.45 3.2975308
-99.44 3.2976981
-99.43 3.2978893
-99.42 3.2980566
-99.41 3.2982478
-99.4 3.2984151
-99.39 3.2986063
-99.38 3.2987736
-99.37 3.2989648
-99.36 3.2991321
-99.35 3.2993233
-99.34 3.2994906
-99.33 3.2996818
-99.32 3.299873
-99.31 3.3000403
-99.3 3.3002315
-99.29 3.3003988
-99.28 3.30059
-99.27 3.3007573
-99.26 3.3009485
-99.25 3.3011158
-99.24 3.301307
-99.23 3.3014743
-99.22 3.3016655
-99.21 3.3018328
-99.2 3.302024
-99.19 3.3022152
-99.18 3.3023825
-99.17 3.3025737
-99.16 3.302741
-99.15 3.3029322
-99.14 3.3030995
-99.13 3.3032907
-99.12 3.303458
-99.11 3.3036492
-99.1 3.3038404
-99.09 3.3040077
-99.08 3.3041989
-99.07 3.3043662
-99.06 3.3045574
-99.05 3.3047247
-99.04 3.3049159
-99.03 3.3051071
-99.02 3.3052744
-99.01 3.3054656
-99.0 3.3056329
-98.99 3.3058241
-98.98 3.3060153
-98.97 3.3061826
-98.96 3.3063738
-98.95 3.3065411
-98.94 3.3067323
-98.93 3.3069235
-98.92 3.3070908
-98.91 3.307282
-98.9 3.3074732
-98.89 3.3076405
-98.88 3.3078317
-98.87 3.307999
-98.86 3.3081902
-98.85 3.3083814
-98.84 3.3085487
-98.83 3.3087399
-98.82 3.3089311
-98.81 3.3090984
-98.8 3.3092896
-98.79 3.3094808
-98.78 3.3096481
-98.77 3.3098393
-98.76 3.3100066
-98.75 3.3101978
-98.74 3.310389
-98.73 3.3105563
-98.72 3.3107475
-98.71 3.3109387
-98.7 3.311106
-98.69 3.3112972
-98.68 3.3114884
-98.67 3.3116557
-98.66 3.3118469
-98.65 3.3120381
-98.64 3.3122054
-98.63 3.3123966
-98.62 3.3125878
-98.61 3.312779
-98.6 3.3129463
-98.59 3.3131375
-98.58 3.3133287
-98.57 3.313496
-98.56 3.3136872
-98.55 3.3138784
-98.54 3.3140457
-98.53 3.3142369
-98.52 3.3144281
-98.51 3.3145954
-98.5 3.3147866
-98.49 3.3149778
-98.48 3.315169
-98.47 3.3153363
-98.46 3.3155275
-98.45 3.3157187
-98.44 3.3159099
-98.43 3.3160772
-98.42 3.3162684
-98.41 3.3164596
-98.4 3.3166269
-98.39 3.3168181
-98.38 3.3170093
-98.37 3.3172005
-98.36 3.3173678
-98.35 3.317559
-98.34 3.3177502
-98.33 3.3179414
-98.32 3.3181087
-98.31 3.3182999
-98.3 3.3184911
-98.29 3.3186823
-98.28 3.3188496
-98.27 3.3190408
-98.26 3.319232
-98.25 3.3194232
-98.24 3.3195905
-98.23 3.3197817
-98.22 3.3199729
-98.21 3.3201641
-98.2 3.3203553
-98.19 3.3205226
-98.18 3.3207138
-98.17 3.320905
-98.16 3.3210962
-98.15 3.3212874
-98.14 3.3214547
-98.13 3.3216459
-98.12 3.3218371
-98.11 3.3220283
-98.1 3.3222195
-98.09 3.3223868
-98.08 3.322578
-98.07 3.3227692
-98.06 3.3229604
-98.05 3.3231516
-98.04 3.3233189
-98.03 3.3235101
-98.02 3.3237013
-98.01 3.3238925
-98.0 3.3240837
-97.99 3.324251
-97.98 3.3244422
-97.97 3.3246334
-97.96 3.3248246
-97.95 3.3250158
-97.94 3.325207
-97.93 3.3253982
-97.92 3.3255655
-97.91 3.3257567
-97.9 3.3259479
-97.89 3.3261391
-97.88 3.3263303
-97.87 3.3265215
-97.86 3.3266888
-97.85 3.32688
-97.84 3.3270712
-97.83 3.3272624
-97.82 3.3274536
-97.81 3.3276448
-97.8 3.327836
-97.79 3.3280272
-97.78 3.3281945
-97.77 3.3283857
-97.76 3.3285769
-97.75 3.3287681
-97.74 3.3289593
-97.73 3.3291505
-97.72 3.3293417
-97.71 3.3295329
-97.7 3.3297002
-97.69 3.3298914
-97.68 3.3300826
-97.67 3.3302738
-97.66 3.330465
-97.65 3.3306562
-97.64 3.3308474
-97.63 3.3310386
-97.62 3.3312298
-97.61 3.331421
-97.6 3.3316122
-97.59 3.3317795
-97.58 3.3319707
-97.57 3.3321619
-97.56 3.3323531
-97.55 3.3325443
-97.54 3.3327355
-97.53 3.3329267
-97.52 3.3331179
-97.51 3.3333091
-97.5 3.3335003
-97.49 3.3336915
-97.48 3.3338827
-97.47 3.3340739
-97.46 3.3342651
-97.45 3.3344563
-97.44 3.3346236
-97.43 3.3348148
-97.42 3.335006
-97.41 3.3351972
-97.4 3.3353884
-97.39 3.3355796
-97.38 3.3357708
-97.37 3.335962
-97.36 3.3361532
-97.35 3.3363444
-97.34 3.3365356
-97.33 3.3367268
-97.32 3.336918
-97.31 3.3371092
-97.3 3.3373004
-97.29 3.3374916
-97.28 3.3376828
-97.27 3.337874
-97.26 3.3380652
-97.25 3.3382564
-97.24 3.3384476
-97.23 3.3386388
-97.22 3.33883
-97.21 3.3390212
-97.2 3.3392124
-97.19 3.3394036
-97.18 3.3395948
-97.17 3.339786
-97.16 3.3399772
-97.15 3.3401684
-97.14 3.3403596
-97.13 3.3405508
-97.12 3.340742
-97.11 3.3409332
-97.1 3.3411244
-97.09 3.3413156
-97.08 3.3415068
-97.07 3.341698
-97.06 3.3418892
-97.05 3.3420804
-97.04 3.3422716
-97.03 3.3424628
-97.02 3.342654
-97.01 3.3428452
-97.0 3.3430603
-96.99 3.3432515
-96.98 3.3434427
-96.97 3.3436339
-96.96 3.3438251
-96.95 3.3440163
-96.94 3.3442075
-96.93 3.3443987
-96.92 3.3445899
-96.91 3.3447811
-96.9 3.3449723
-96.89 3.3451635
-96.88 3.3453547
-96.87 3.3455459
-96.86 3.3457371
-96.85 3.3459522
-96.84 3.3461434
-96.83 3.3463346
-96.82 3.3465258
-96.81 3.346717
-96.8 3.3469082
-96.79 3.3470994
-96.78 3.3472906
-96.77 3.3474818
-96.76 3.347673
-96.75 3.3478642
-96.74 3.3480793
-96.73 3.3482705
-96.72 3.3484617
-96.71 3.3486529
-96.7 3.3488441
-96.69 3.3490353
-96.68 3.3492265
-96.67 3.3494177
-96.66 3.3496328
-96.65 3.349824
-96.64 3.3500152
-96.63 3.3502064
-96.62 3.3503976
-96.61 3.3505888
-96.6 3.35078
-96.59 3.3509712
-96.58 3.3511863
-96.57 3.3513775
-96.56 3.3515687
-96.55 3.3517599
-96.54 3.3519511
-96.53 3.3521423
-96.52 3.3523335
-96.51 3.3525486
-96.5 3.3527398
-96.49 3.352931
-96.48 3.3531222
-96.47 3.3533134
-96.46 3.3535046
-96.45 3.3537197
-96.44 3.3539109
-96.43 3.3541021
-96.42 3.3542933
-96.41 3.3544845
-96.4 3.3546996
-96.39 3.3548908
-96.38 3.355082
-96.37 3.3552732
-96.36 3.3554644
-96.35 3.3556556
-96.34 3.3558707
-96.33 3.3560619
-96.32 3.3562531
-96.31 3.3564443
-96.3 3.3566355
-96.29 3.3568506
-96.28 3.3570418
-96.27 3.357233
-96.26 3.3574242
-96.25 3.3576154
-96.24 3.3578305
-96.23 3.3580217
-96.22 3.3582129
-96.21 3.3584041
-96.2 3.3586192
-96.19 3.3588104
-96.18 3.3590016
-96.17 3.3591928
-96.16 3.3594079
-96.15 3.3595991
-96.14 3.3597903
-96.13 3.3599815
-96.12 3.3601727
-96.11 3.3603878
-96.1 3.360579
-96.09 3.3607702
-96.08 3.3609614
-96.07 3.3611765
-96.06 3.3613677
-96.05 3.3615589
-96.04 3.3617501
-96.03 3.3619652
-96.02 3.3621564
-96.01 3.3623476
-96.0 3.3625627
-95.99 3.3627539
-95.98 3.3629451
-95.97 3.3631363
-95.96 3.3633514
-95.95 3.3635426
-95.94 3.3637338
-95.93 3.363925
-95.92 3.3641401
-95.91 3.3643313
-95.9 3.3645225
-95.89 3.3647376
-95.88 3.3649288
-95.87 3.36512
-95.86 3.3653351
-95.85 3.3655263
-95.84 3.3657175
-95.83 3.3659087
-95.82 3.3661238
-95.81 3.366315
-95.8 3.3665062
-95.79 3.3667213
-95.78 3.3669125
-95.77 3.3671037
-95.76 3.3673188
-95.75 3.36751
-95.74 3.3677012
-95.73 3.3679163
-95.72 3.3681075
-95.71 3.3682987
-95.7 3.3685138
-95.69 3.368705
-95.68 3.3688962
-95.67 3.3691113
-95.66 3.3693025
-95.65 3.3694937
-95.64 3.3697088
-95.63 3.3699
-95.62 3.3700912
-95.61 3.3703063
-95.6 3.3704975
-95.59 3.3706887
-95.58 3.3709038
-95.57 3.371095
-95.56 3.3712862
-95.55 3.3715013
-95.54 3.3716925
-95.53 3.3719076
-95.52 3.3720988
-95.51 3.37229
-95.5 3.3725051
-95.49 3.3726963
-95.48 3.3728875
-95.47 3.3731026
-95.46 3.3732938
-95.45 3.3735089
-95.44 3.3737001
-95.43 3.3738913
-95.42 3.3741064
-95.41 3.3742976
-95.4 3.3745127
-95.39 3.3747039
-95.38 3.3748951
-95.37 3.3751102
-95.36 3.3753014
-95.35 3.3755165
-95.34 3.3757077
-95.33 3.3758989
-95.32 3.376114
-95.31 3.3763052
-95.3 3.3765203
-95.29 3.3767115
-95.28 3.3769027
-95.27 3.3771178
-95.26 3.377309
-95.25 3.3775241
-95.24 3.3777153
-95.23 3.3779304
-95.22 3.3781216
-95.21 3.3783367
-95.2 3.3785279
-95.19 3.3787191
-95.18 3.3789342
-95.17 3.3791254
-95.16 3.3793405
-95.15 3.3795317
-95.14 3.3797468
-95.13 3.379938
-95.12 3.3801531
-95.11 3.3803443
-95.1 3.3805355
-95.09 3.3807506
-95.08 3.3809418
-95.07 3.3811569
-95.06 3.3813481
-95.05 3.3815632
-95.04 3.3817544
-95.03 3.3819695
-95.02 3.3821607
-95.01 3.3823758
-95.0 3.382567
-94.99 3.3827821
-94.98 3.3829733
-94.97 3.3831884
-94.96 3.3833796
-94.95 3.3835947
-94.94 3.3837859
-94.93 3.384001
-94.92 3.3841922
-94.91 3.3844073
-94.9 3.3845985
-94.89 3.3848136
-94.88 3.3850048
-94.87 3.3852199
-94.86 3.3854111
-94.85 3.3856262
-94.84 3.3858174
-94.83 3.3860325
-94.82 3.3862237
-94.81 3.3864388
-94.8 3.38663
-94.79 3.3868451
-94.78 3.3870363
-94.77 3.3872514
-94.76 3.3874426
-94.75 3.3876577
-94.74 3.3878489
-94.73 3.388064
-94.72 3.3882552
-94.71 3.3884703
-94.7 3.3886854
-94.69 3.3888766
-94.68 3.3890917
-94.67 3.3892829
-94.66 3.389498
-94.65 3.3896892
-94.64 3.3899043
-94.63 3.3900955
-94.62 3.3903106
-94.61 3.3905257
-94.6 3.3907169
-94.59 3.390932
-94.58 3.3911232
-94.57 3.3913383
-94.56 3.3915295
-94.55 3.3917446
-94.54 3.3919597
-94.53 3.3921509
-94.52 3.392366
-94.51 3.3925572
-94.5 3.3927723
-94.49 3.3929635
-94.48 3.3931786
-94.47 3.3933937
-94.46 3.3935849
-94.45 3.3938
-94.44 3.3939912
-94.43 3.3942063
-94.42 3.3944214
-94.41 3.3946126
-94.4 3.3948277
-94.39 3.3950189
-94.38 3.395234
-94.37 3.3954491
-94.36 3.3956403
-94.35 3.3958554
-94.34 3.3960705
-94.33 3.3962617
-94.32 3.3964768
-94.31 3.396668
-94.3 3.3968831
-94.29 3.3970982
-94.28 3.3972894
-94.27 3.3975045
-94.26 3.3977196
-94.25 3.3979108
-94.24 3.3981259
-94.23 3.3983171
-94.22 3.3985322
-94.21 3.3987473
-94.2 3.3989385
-94.19 3.3991536
-94.18 3.3993687
-94.17 3.3995599
-94.16 3.399775
-94.15 3.3999901
-94.14 3.4001813
-94.13 3.4003964
-94.12 3.4006115
-94.11 3.4008027
-94.1 3.4010178
-94.09 3.4012329
-94.08 3.4014241
-94.07 3.4016392
-94.06 3.4018543
-94.05 3.4020455
-94.04 3.4022606
-94.03 3.4024757
-94.02 3.4026669
-94.01 3.402882
-94.0 3.4030971
-93.99 3.4032883
-93.98 3.4035034
-93.97 3.4037185
-93.96 3.4039336
-93.95 3.4041248
-93.94 3.4043399
-93.93 3.404555
-93.92 3.4047462
-93.91 3.4049613
-93.9 3.4051764
-93.89 3.4053676
-93.88 3.4055827
-93.87 3.4057978
-93.86 3.4060129
-93.85 3.4062041
-93.84 3.4064192
-93.83 3.4066343
-93.82 3.4068255
-93.81 3.4070406
-93.8 3.4072557
-93.79 3.4074708
-93.78 3.407662
-93.77 3.4078771
-93.76 3.4080922
-93.75 3.4083073
-93.74 3.4084985
-93.73 3.4087136
-93.72 3.4089287
-93.71 3.4091438
-93.7 3.409335
-93.69 3.4095501
-93.68 3.4097652
-93.67 3.4099803
-93.66 3.4101715
-93.65 3.4103866
-93.64 3.4106017
-93.63 3.4108168
-93.62 3.411008
-93.61 3.4112231
-93.6 3.4114382
-93.59 3.4116533
-93.58 3.4118445
-93.57 3.4120596
-93.56 3.4122747
-93.55 3.4124898
-93.54 3.4127049
-93.53 3.4128961
-93.52 3.4131112
-93.51 3.4133263
-93.5 3.4135414
-93.49 3.4137565
-93.48 3.4139477
-93.47 3.4141628
-93.46 3.4143779
-93.45 3.414593
-93.44 3.4148081
-93.43 3.4149993
-93.42 3.4152144
-93.41 3.4154295
-93.4 3.4156446
-93.39 3.4158597
-93.38 3.4160509
-93.37 3.416266
-93.36 3.4164811
-93.35 3.4166962
-93.34 3.4169113
-93.33 3.4171025
-93.32 3.4173176
-93.31 3.4175327
-93.3 3.4177478
-93.29 3.4179629
-93.28 3.418178
-93.27 3.4183692
-93.26 3.4185843
-93.25 3.4187994
-93.24 3.4190145
-93.23 3.4192296
-93.22 3.4194447
-93.21 3.4196359
-93.2 3.419851
-93.19 3.4200661
-93.18 3.4202812
-93.17 3.4204963
-93.16 3.4207114
-93.15 3.4209265
-93.14 3.4211177
-93.13 3.4213328
-93.12 3.4215479
-93.11 3.421763
-93.1 3.4219781
-93.09 3.4221932
-93.08 3.4224083
-93.07 3.4226234
-93.06 3.4228146
-93.05 3.4230297
-93.04 3.4232448
-93.03 3.4234599
-93.02 3.423675
-93.01 3.4238901
-93.0 3.4241052
-92.99 3.4243203
-92.98 3.4245115
-92.97 3.4247266
-92.96 3.4249417
-92.95 3.4251568
-92.94 3.4253719
-92.93 3.425587
-92.92 3.4258021
-92.91 3.4260172
-92.9 3.4262323
-92.89 3.4264474
-92.88 3.4266386
-92.87 3.4268537
-92.86 3.4270688
-92.85 3.4272839
-92.84 3.427499
-92.83 3.4277141
-92.82 3.4279292
-92.81 3.4281443
-92.8 3.4283594
-92.79 3.4285745
-92.78 3.4287896
-92.77 3.4290047
-92.76 3.4292198
-92.75 3.4294349
-92.74 3.4296261
-92.73 3.4298412
-92.72 3.4300563
-92.71 3.4302714
-92.7 3.4304865
-92.69 3.4307016
-92.68 3.4309167
-92.67 3.4311318
-92.66 3.4313469
-92.65 3.431562
-92.64 3.4317771
-92.63 3.4319922
-92.62 3.4322073
-92.61 3.4324224
-92.6 3.4326375
-92.59 3.4328526
-92.58 3.4330677
-92.57 3.4332828
-92.56 3.4334979
-92.55 3.433713
-92.54 3.4339281
-92.53 3.4341432
-92.52 3.4343583
-92.51 3.4345734
-92.5 3.4347885
-92.49 3.4350036
-92.48 3.4352187
-92.47 3.4354338
-92.46 3.4356489
-92.45 3.435864
-92.44 3.4360791
-92.43 3.4362942
-92.42 3.4365093
-92.41 3.4367244
-92.4 3.4369395
-92.39 3.4371546
-92.38 3.4373697
-92.37 3.4375848
-92.36 3.4377999
-92.35 3.438015
-92.34 3.4382301
-92.33 3.4384452
-92.32 3.4386603
-92.31 3.4388754
-92.3 3.4390905
-92.29 3.4393056
-92.28 3.4395207
-92.27 3.4397358
-92.26 3.4399509
-92.25 3.440166
-92.24 3.4403811
-92.23 3.4405962
-92.22 3.4408113
-92.21 3.4410264
-92.2 3.4412415
-92.19 3.4414566
-92.18 3.4416717
-92.17 3.4418868
-92.16 3.4421019
-92.15 3.442317
-92.14 3.4425321
-92.13 3.4427472
-92.12 3.4429623
-92.11 3.4431774
-92.1 3.4434164
-92.09 3.4436315
-92.08 3.4438466
-92.07 3.4440617
-92.06 3.4442768
-92.05 3.4444919
-92.04 3.444707
-92.03 3.4449221
-92.02 3.4451372
-92.01 3.4453523
-92.0 3.4455674
-91.99 3.4457825
-91.98 3.4459976
-91.97 3.4462127
-91.96 3.4464517
-91.95 3.4466668
-91.94 3.4468819
-91.93 3.447097
-91.92 3.4473121
-91.91 3.4475272
-91.9 3.4477423
-91.89 3.4479574
-91.88 3.4481725
-91.87 3.4483876
-91.86 3.4486266
-91.85 3.4488417
-91.84 3.4490568
-91.83 3.4492719
-91.82 3.449487
-91.81 3.4497021
-91.8 3.4499172
-91.79 3.4501323
-91.78 3.4503474
-91.77 3.4505864
-91.76 3.4508015
-91.75 3.4510166
-91.74 3.4512317
-91.73 3.4514468
-91.72 3.4516619
-91.71 3.451877
-91.7 3.4520921
-91.69 3.4523311
-91.68 3.4525462
-91.67 3.4527613
-91.66 3.4529764
-91.65 3.4531915
-91.64 3.4534066
-91.63 3.4536217
-91.62 3.4538607
-91.61 3.4540758
-91.6 3.4542909
-91.59 3.454506
-91.58 3.4547211
-91.57 3.4549362
-91.56 3.4551752
-91.55 3.4553903
-91.54 3.4556054
-91.53 3.4558205
-91.52 3.4560356
-91.51 3.4562507
-91.5 3.4564897
-91.49 3.4567048
-91.48 3.4569199
-91.47 3.457135
-91.46 3.4573501
-91.45 3.4575652
-91.44 3.4578042
-91.43 3.4580193
-91.42 3.4582344
-91.41 3.4584495
-91.4 3.4586646
-91.39 3.4589036
-91.38 3.4591187
-91.37 3.4593338
-91.36 3.4595489
-91.35 3.459764
-91.34 3.460003
-91.33 3.4602181
-91.32 3.4604332
-91.31 3.4606483
-91.3 3.4608634
-91.29 3.4611024
-91.28 3.4613175
-91.27 3.4615326
-91.26 3.4617477
-91.25 3.4619628
-91.24 3.4622018
-91.23 3.4624169
-91.22 3.462632
-91.21 3.4628471
-91.2 3.4630861
-91.19 3.4633012
-91.18 3.4635163
-91.17 3.4637314
-91.16 3.4639704
-91.15 3.4641855
-91.14 3.4644006
-91.13 3.4646157
-91.12 3.4648308
-91.11 3.4650698
-91.1 3.4652849
-91.09 3.4655
-91.08 3.4657151
-91.07 3.4659541
-91.06 3.4661692
-91.05 3.4663843
-91.04 3.4665994
-91.03 3.4668384
-91.02 3.4670535
-91.01 3.4672686
-91.0 3.4675076
-90.99 3.4677227
-90.98 3.4679378
-90.97 3.4681529
-90.96 3.4683919
-90.95 3.468607
-90.94 3.4688221
-90.93 3.4690372
-90.92 3.4692762
-90.91 3.4694913
-90.9 3.4697064
-90.89 3.4699454
-90.88 3.4701605
-90.87 3.4703756
-90.86 3.4705907
-90.85 3.4708297
-90.84 3.4710448
-90.83 3.4712599
-90.82 3.4714989
-90.81 3.471714
-90.8 3.4719291
-90.79 3.4721442
-90.78 3.4723832
-90.77 3.4725983
-90.76 3.4728134
-90.75 3.4730524
-90.74 3.4732675
-90.73 3.4734826
-90.72 3.4737216
-90.71 3.4739367
-90.7 3.4741518
-90.69 3.4743908
-90.68 3.4746059
-90.67 3.474821
-90.66 3.47506
-90.65 3.4752751
-90.64 3.4754902
-90.63 3.4757292
-90.62 3.4759443
-90.61 3.4761594
-90.6 3.4763984
-90.59 3.4766135
-90.58 3.4768286
-90.57 3.4770676
-90.56 3.4772827
-90.55 3.4774978
-90.54 3.4777368
-90.53 3.4779519
-90.52 3.478167
-90.51 3.478406
-90.5 3.4786211
-90.49 3.4788362
-90.48 3.4790752
-90.47 3.4792903
-90.46 3.4795054
-90.45 3.4797444
-90.44 3.4799595
-90.43 3.4801985
-90.42 3.4804136
-90.41 3.4806287
-90.4 3.4808677
-90.39 3.4810828
-90.38 3.4812979
-90.37 3.4815369
-90.36 3.481752
-90.35 3.4819671
-90.34 3.4822061
-90.33 3.4824212
-90.32 3.4826602
-90.31 3.4828753
-90.3 3.4830904
-90.29 3.4833294
-90.28 3.4835445
-90.27 3.4837835
-90.26 3.4839986
-90.25 3.4842137
-90.24 3.4844527
-90.23 3.4846678
-90.22 3.4849068
-90.21 3.4851219
-90.2 3.485337
-90.19 3.485576
-90.18 3.4857911
-90.17 3.4860301
-90.16 3.4862452
-90.15 3.4864603
-90.14 3.4866993
-90.13 3.4869144
-90.12 3.4871534
-90.11 3.4873685
-90.1 3.4876075
-90.09 3.4878226
-90.08 3.4880377
-90.07 3.4882767
-90.06 3.4884918
-90.05 3.4887308
-90.04 3.4889459
-90.03 3.4891849
-90.02 3.4894
-90.01 3.4896151
-90.0 3.4898541
-89.99 3.4900692
-89.98 3.4903082
-89.97 3.4905233
-89.96 3.4907623
-89.95 3.4909774
-89.94 3.4911925
-89.93 3.4914315
-89.92 3.4916466
-89.91 3.4918856
-89.9 3.4921007
-89.89 3.4923397
-89.88 3.4925548
-89.87 3.4927938
-89.86 3.4930089
-89.85 3.4932479
-89.84 3.493463
-89.83 3.493702
-89.82 3.4939171
-89.81 3.4941322
-89.8 3.4943712
-89.79 3.4945863
-89.78 3.4948253
-89.77 3.4950404
-89.76 3.4952794
-89.75 3.4954945
-89.74 3.4957335
-89.73 3.4959486
-89.72 3.4961876
-89.71 3.4964027
-89.7 3.4966417
-89.69 3.4968568
-89.68 3.4970958
-89.67 3.4973109
-89.66 3.4975499
-89.65 3.497765
-89.64 3.498004
-89.63 3.4982191
-89.62 3.4984581
-89.61 3.4986732
-89.6 3.4989122
-89.59 3.4991273
-89.58 3.4993663
-89.57 3.4995814
-89.56 3.4998204
-89.55 3.5000355
-89.54 3.5002745
-89.53 3.5004896
-89.52 3.5007286
-89.51 3.5009437
-89.5 3.5011827
-89.49 3.5013978
-89.48 3.5016368
-89.47 3.5018758
-89.46 3.5020909
-89.45 3.5023299
-89.44 3.502545
-89.43 3.502784
-89.42 3.5029991
-89.41 3.5032381
-89.4 3.5034532
-89.39 3.5036922
-89.38 3.5039073
-89.37 3.5041463
-89.36 3.5043614
-89.35 3.5046004
-89.34 3.5048394
-89.33 3.5050545
-89.32 3.5052935
-89.31 3.5055086
-89.3 3.5057476
-89.29 3.5059627
-89.28 3.5062017
-89.27 3.5064168
-89.26 3.5066558
-89.25 3.5068948
-89.24 3.5071099
-89.23 3.5073489
-89.22 3.507564
-89.21 3.507803
-89.2 3.5080181
-89.19 3.5082571
-89.18 3.5084961
-89.17 3.5087112
-89.16 3.5089502
-89.15 3.5091653
-89.14 3.5094043
-89.13 3.5096194
-89.12 3.5098584
-89.11 3.5100974
-89.1 3.5103125
-89.09 3.5105515
-89.08 3.5107666
-89.07 3.5110056
-89.06 3.5112446
-89.05 3.5114597
-89.04 3.5116987
-89.03 3.5119138
-89.02 3.5121528
-89.01 3.5123918
-89.0 3.5126069
-88.99 3.5128459
-88.98 3.513061
-88.97 3.5133
-88.96 3.513539
-88.95 3.5137541
-88.94 3.5139931
-88.93 3.5142082
-88.92 3.5144472
-88.91 3.5146862
-88.9 3.5149013
-88.89 3.5151403
-88.88 3.5153793
-88.87 3.5155944
-88.86 3.5158334
-88.85 3.5160485
-88.84 3.5162875
-88.83 3.5165265
-88.82 3.5167416
-88.81 3.5169806
-88.8 3.5172196
-88.79 3.5174347
-88.78 3.5176737
-88.77 3.5179127
-88.76 3.5181278
-88.75 3.5183668
-88.74 3.5185819
-88.73 3.5188209
-88.72 3.5190599
-88.71 3.519275
-88.7 3.519514
-88.69 3.519753
-88.68 3.5199681
-88.67 3.5202071
-88.66 3.5204461
-88.65 3.5206612
-88.64 3.5209002
-88.63 3.5211392
-88.62 3.5213543
-88.61 3.5215933
-88.6 3.5218323
-88.59 3.5220474
-88.58 3.5222864
-88.57 3.5225254
-88.56 3.5227405
-88.55 3.5229795
-88.54 3.5232185
-88.53 3.5234336
-88.52 3.5236726
-88.51 3.5239116
-88.5 3.5241267
-88.49 3.5243657
-88.48 3.5246047
-88.47 3.5248198
-88.46 3.5250588
-88.45 3.5252978
-88.44 3.5255368
-88.43 3.5257519
-88.42 3.5259909
-88.41 3.5262299
-88.4 3.526445
-88.39 3.526684
-88.38 3.526923
-88.37 3.5271381
-88.36 3.5273771
-88.35 3.5276161
-88.34 3.5278551
-88.33 3.5280702
-88.32 3.5283092
-88.31 3.5285482
-88.3 3.5287633
-88.29 3.5290023
-88.28 3.5292413
-88.27 3.5294803
-88.26 3.5296954
-88.25 3.5299344
-88.24 3.5301734
-88.23 3.5303885
-88.22 3.5306275
-88.21 3.5308665
-88.2 3.5311055
-88.19 3.5313206
-88.18 3.5315596
-88.17 3.5317986
-88.16 3.5320376
-88.15 3.5322527
-88.14 3.5324917
-88.13 3.5327307
-88.12 3.5329697
-88.11 3.5331848
-88.1 3.5334238
-88.09 3.5336628
-88.08 3.5339018
-88.07 3.5341169
-88.06 3.5343559
-88.05 3.5345949
-88.04 3.5348339
-88.03 3.535049
-88.02 3.535288
-88.01 3.535527
-88.0 3.535766
-87.99 3.5359811
-87.98 3.5362201
-87.97 3.5364591
-87.96 3.5366981
-87.95 3.5369132
-87.94 3.5371522
-87.93 3.5373912
-87.92 3.5376302
-87.91 3.5378692
-87.9 3.5380843
-87.89 3.5383233
-87.88 3.5385623
-87.87 3.5388013
-87.86 3.5390164
-87.85 3.5392554
-87.84 3.5394944
-87.83 3.5397334
-87.82 3.5399724
-87.81 3.5401875
-87.8 3.5404265
-87.79 3.5406655
-87.78 3.5409045
-87.77 3.5411435
-87.76 3.5413586
-87.75 3.5415976
-87.74 3.5418366
-87.73 3.5420756
-87.72 3.5423146
-87.71 3.5425297
-87.7 3.5427687
-87.69 3.5430077
-87.68 3.5432467
-87.67 3.5434857
-87.66 3.5437008
-87.65 3.5439398
-87.64 3.5441788
-87.63 3.5444178
-87.62 3.5446568
-87.61 3.5448719
-87.6 3.5451109
-87.59 3.5453499
-87.58 3.5455889
-87.57 3.5458279
-87.56 3.5460669
-87.55 3.546282
-87.54 3.546521
-87.53 3.54676
-87.52 3.546999
-87.51 3.547238
-87.5 3.547477
-87.49 3.5476921
-87.48 3.5479311
-87.47 3.5481701
-87.46 3.5484091
-87.45 3.5486481
-87.44 3.5488871
-87.43 3.5491022
-87.42 3.5493412
-87.41 3.5495802
-87.4 3.5498192
-87.39 3.5500582
-87.38 3.5502972
-87.37 3.5505362
-87.36 3.5507513
-87.35 3.5509903
-87.34 3.5512293
-87.33 3.5514683
-87.32 3.5517073
-87.31 3.5519463
-87.3 3.5521853
-87.29 3.5524004
-87.28 3.5526394
-87.27 3.5528784
-87.26 3.5531174
-87.25 3.5533564
-87.24 3.5535954
-87.23 3.5538344
-87.22 3.5540495
-87.21 3.5542885
-87.2 3.5545275
-87.19 3.5547665
-87.18 3.5550055
-87.17 3.5552445
-87.16 3.5554835
-87.15 3.5557225
-87.14 3.5559615
-87.13 3.5561766
-87.12 3.5564156
-87.11 3.5566546
-87.1 3.5568936
-87.09 3.5571326
-87.08 3.5573716
-87.07 3.5576106
-87.06 3.5578496
-87.05 3.5580886
-87.04 3.5583037
-87.03 3.5585427
-87.02 3.5587817
-87.01 3.5590207
-87.0 3.5592597
-86.99 3.5594987
-86.98 3.5597377
-86.97 3.5599767
-86.96 3.5602157
-86.95 3.5604547
-86.94 3.5606937
-86.93 3.5609088
-86.92 3.5611478
-86.91 3.5613868
-86.9 3.5616258
-86.89 3.5618648
-86.88 3.5621038
-86.87 3.5623428
-86.86 3.5625818
-86.85 3.5628208
-86.84 3.5630598
-86.83 3.5632988
-86.82 3.5635378
-86.81 3.5637768
-86.8 3.5640158
-86.79 3.5642309
-86.78 3.5644699
-86.77 3.5647089
-86.76 3.5649479
-86.75 3.5651869
-86.74 3.5654259
-86.73 3.5656649
-86.72 3.5659039
-86.71 3.5661429
-86.7 3.5663819
-86.69 3.5666209
-86.68 3.5668599
-86.67 3.5670989
-86.66 3.5673379
-86.65 3.5675769
-86.64 3.5678159
-86.63 3.5680549
-86.62 3.5682939
-86.61 3.5685329
-86.6 3.568748
-86.59 3.568987
-86.58 3.569226
-86.57 3.569465
-86.56 3.569704
-86.55 3.569943
-86.54 3.570182
-86.53 3.570421
-86.52 3.57066
-86.51 3.570899
-86.5 3.571138
-86.49 3.571377
-86.48 3.571616
-86.47 3.571855
-86.46 3.572094
-86.45 3.572333
-86.44 3.572572
-86.43 3.572811
-86.42 3.57305
-86.41 3.573289
-86.4 3.573528
-86.39 3.573767
-86.38 3.574006
-86.37 3.574245
-86.36 3.574484
-86.35 3.574723
-86.34 3.574962
-86.33 3.575201
-86.32 3.57544
-86.31 3.575679
-86.3 3.575918
-86.29 3.576157
-86.28 3.576396
-86.27 3.576635
-86.26 3.576874
-86.25 3.577113
-86.24 3.577352
-86.23 3.577591
-86.22 3.57783
-86.21 3.578069
-86.2 3.578308
-86.19 3.578547
-86.18 3.578786
-86.17 3.579025
-86.16 3.579264
-86.15 3.579503
-86.14 3.579742
-86.13 3.579981
-86.12 3.58022
-86.11 3.580459
-86.1 3.580698
-86.09 3.580937
-86.08 3.581176
-86.07 3.581415
-86.06 3.581654
-86.05 3.581893
-86.04 3.582132
-86.03 3.582371
-86.02 3.58261
-86.01 3.5828729
-86.0 3.5831119
-85.99 3.5833509
-85.98 3.5835899
-85.97 3.5838289
-85.96 3.5840679
-85.95 3.5843069
-85.94 3.5845459
-85.93 3.5847849
-85.92 3.5850239
-85.91 3.5852629
-85.9 3.5855019
-85.89 3.5857409
-85.88 3.5859799
-85.87 3.5862189
-85.86 3.5864579
-85.85 3.5866969
-85.84 3.5869359
-85.83 3.5871749
-85.82 3.5874378
-85.81 3.5876768
-85.8 3.5879158
-85.79 3.5881548
-85.78 3.5883938
-85.77 3.5886328
-85.76 3.5888718
-85.75 3.5891108
-85.74 3.5893498
-85.73 3.5895888
-85.72 3.5898278
-85.71 3.5900668
-85.7 3.5903058
-85.69 3.5905448
-85.68 3.5908077
-85.67 3.5910467
-85.66 3.5912857
-85.65 3.5915247
-85.64 3.5917637
-85.63 3.5920027
-85.62 3.5922417
-85.61 3.5924807
-85.6 3.5927197
-85.59 3.5929587
-85.58 3.5931977
-85.57 3.5934367
-85.56 3.5936996
-85.55 3.5939386
-85.54 3.5941776
-85.53 3.5944166
-85.52 3.5946556
-85.51 3.5948946
-85.5 3.5951336
-85.49 3.5953726
-85.48 3.5956116
-85.47 3.5958506
-85.46 3.5961135
-85.45 3.5963525
-85.44 3.5965915
-85.43 3.5968305
-85.42 3.5970695
-85.41 3.5973085
-85.4 3.5975475
-85.39 3.5977865
-85.38 3.5980494
-85.37 3.5982884
-85.36 3.5985274
-85.35 3.5987664
-85.34 3.5990054
-85.33 3.5992444
-85.32 3.5994834
-85.31 3.5997224
-85.3 3.5999614
-85.29 3.6002243
-85.28 3.6004633
-85.27 3.6007023
-85.26 3.6009413
-85.25 3.6011803
-85.24 3.6014193
-85.23 3.6016583
-85.22 3.6019212
-85.21 3.6021602
-85.2 3.6023992
-85.19 3.6026382
-85.18 3.6028772
-85.17 3.6031162
-85.16 3.6033552
-85.15 3.6036181
-85.14 3.6038571
-85.13 3.6040961
-85.12 3.6043351
-85.11 3.6045741
-85.1 3.6048131
-85.09 3.6050521
-85.08 3.605315
-85.07 3.605554
-85.06 3.605793
-85.05 3.606032
-85.04 3.606271
-85.03 3.60651
-85.02 3.6067729
-85.01 3.6070119
-85.0 3.6072509
-84.99 3.6074899
-84.98 3.6077289
-84.97 3.6079679
-84.96 3.6082308
-84.95 3.6084698
-84.94 3.6087088
-84.93 3.6089478
-84.92 3.6091868
-84.91 3.6094258
-84.9 3.6096887
-84.89 3.6099277
-84.88 3.6101667
-84.87 3.6104057
-84.86 3.6106447
-84.85 3.6108837
-84.84 3.6111466
-84.83 3.6113856
-84.82 3.6116246
-84.81 3.6118636
-84.8 3.6121026
-84.79 3.6123655
-84.78 3.6126045
-84.77 3.6128435
-84.76 3.6130825
-84.75 3.6133215
-84.74 3.6135605
-84.73 3.6138234
-84.72 3.6140624
-84.71 3.6143014
-84.7 3.6145404
-84.69 3.6147794
-84.68 3.6150423
-84.67 3.6152813
-84.66 3.6155203
-84.65 3.6157593
-84.64 3.6159983
-84.63 3.6162612
-84.62 3.6165002
-84.61 3.6167392
-84.6 3.6169782
-84.59 3.6172411
-84.58 3.6174801
-84.57 3.6177191
-84.56 3.6179581
-84.55 3.6181971
-84.54 3.61846
-84.53 3.618699
-84.52 3.618938
-84.51 3.619177
-84.5 3.619416
-84.49 3.6196789
-84.48 3.6199179
-84.47 3.6201569
-84.46 3.6203959
-84.45 3.6206588
-84.44 3.6208978
-84.43 3.6211368
-84.42 3.6213758
-84.41 3.6216148
-84.4 3.6218777
-84.39 3.6221167
-84.38 3.6223557
-84.37 3.6225947
-84.36 3.6228576
-84.35 3.6230966
-84.34 3.6233356
-84.33 3.6235746
-84.32 3.6238375
-84.31 3.6240765
-84.3 3.6243155
-84.29 3.6245545
-84.28 3.6248174
-84.27 3.6250564
-84.26 3.6252954
-84.25 3.6255344
-84.24 3.6257973
-84.23 3.6260363
-84.22 3.6262753
-84.21 3.6265143
-84.2 3.6267772
-84.19 3.6270162
-84.18 3.6272552
-84.17 3.6274942
-84.16 3.6277571
-84.15 3.6279961
-84.14 3.6282351
-84.13 3.6284741
-84.12 3.628737
-84.11 3.628976
-84.1 3.629215
-84.09 3.629454
-84.08 3.6297169
-84.07 3.6299559
-84.06 3.6301949
-84.05 3.6304339
-84.04 3.6306968
-84.03 3.6309358
-84.02 3.6311748
-84.01 3.6314377
-84.0 3.6316767
-83.99 3.6319157
-83.98 3.6321547
-83.97 3.6324176
-83.96 3.6326566
-83.95 3.6328956
-83.94 3.6331346
-83.93 3.6333975
-83.92 3.6336365
-83.91 3.6338755
-83.9 3.6341384
-83.89 3.6343774
-83.88 3.6346164
-83.87 3.6348554
-83.86 3.6351183
-83.85 3.6353573
-83.84 3.6355963
-83.83 3.6358592
-83.82 3.6360982
-83.81 3.6363372
-83.8 3.6365762
-83.79 3.6368391
-83.78 3.6370781
-83.77 3.6373171
-83.76 3.63758
-83.75 3.637819
-83.74 3.638058
-83.73 3.6383209
-83.72 3.6385599
-83.71 3.6387989
-83.7 3.6390379
-83.69 3.6393008
-83.68 3.6395398
-83.67 3.6397788
-83.66 3.6400417
-83.65 3.6402807
-83.64 3.6405197
-83.63 3.6407826
-83.62 3.6410216
-83.61 3.6412606
-83.6 3.6415235
-83.59 3.6417625
-83.58 3.6420015
-83.57 3.6422644
-83.56 3.6425034
-83.55 3.6427424
-83.54 3.6429814
-83.53 3.6432443
-83.52 3.6434833
-83.51 3.6437223
-83.5 3.6439852
-83.49 3.6442242
-83.48 3.6444632
-83.47 3.6447261
-83.46 3.6449651
-83.45 3.6452041
-83.44 3.645467
-83.43 3.645706
-83.42 3.645945
-83.41 3.6462079
-83.4 3.6464469
-83.39 3.6466859
-83.38 3.6469488
-83.37 3.6471878
-83.36 3.6474268
-83.35 3.6476897
-83.34 3.6479287
-83.33 3.6481677
-83.32 3.6484306
-83.31 3.6486696
-83.3 3.6489086
-83.29 3.6491715
-83.28 3.6494105
-83.27 3.6496495
-83.26 3.6499124
-83.25 3.6501514
-83.24 3.6503904
-83.23 3.6506533
-83.22 3.6508923
-83.21 3.6511552
-83.2 3.6513942
-83.19 3.6516332
-83.18 3.6518961
-83.17 3.6521351
-83.16 3.6523741
-83.15 3.652637
-83.14 3.652876
-83.13 3.653115
-83.12 3.6533779
-83.11 3.6536169
-83.1 3.6538559
-83.09 3.6541188
-83.08 3.6543578
-83.07 3.6546207
-83.06 3.6548597
-83.05 3.6550987
-83.04 3.6553616
-83.03 3.6556006
-83.02 3.6558396
-83.01 3.6561025
-83.0 3.6563415
-82.99 3.6565805
-82.98 3.6568434
-82.97 3.6570824
-82.96 3.6573453
-82.95 3.6575843
-82.94 3.6578233
-82.93 3.6580862
-82.92 3.6583252
-82.91 3.6585642
-82.9 3.6588271
-82.89 3.6590661
-82.88 3.659329
-82.87 3.659568
-82.86 3.659807
-82.85 3.6600699
-82.84 3.6603089
-82.83 3.6605718
-82.82 3.6608108
-82.81 3.6610498
-82.8 3.6613127
-82.79 3.6615517
-82.78 3.6617907
-82.77 3.6620536
-82.76 3.6622926
-82.75 3.6625555
-82.74 3.6627945
-82.73 3.6630335
-82.72 3.6632964
-82.71 3.6635354
-82.7 3.6637983
-82.69 3.6640373
-82.68 3.6642763
-82.67 3.6645392
-82.66 3.6647782
-82.65 3.6650411
-82.64 3.6652801
-82.63 3.6655191
-82.62 3.665782
-82.61 3.666021
-82.6 3.6662839
-82.59 3.6665229
-82.58 3.6667619
-82.57 3.6670248
-82.56 3.6672638
-82.55 3.6675267
-82.54 3.6677657
-82.53 3.6680286
-82.52 3.6682676
-82.51 3.6685066
-82.5 3.6687695
-82.49 3.6690085
-82.48 3.6692714
-82.47 3.6695104
-82.46 3.6697494
-82.45 3.6700123
-82.44 3.6702513
-82.43 3.6705142
-82.42 3.6707532
-82.41 3.6710161
-82.4 3.6712551
-82.39 3.6714941
-82.38 3.671757
-82.37 3.671996
-82.36 3.6722589
-82.35 3.6724979
-82.34 3.6727608
-82.33 3.6729998
-82.32 3.6732388
-82.31 3.6735017
-82.3 3.6737407
-82.29 3.6740036
-82.28 3.6742426
-82.27 3.6745055
-82.26 3.6747445
-82.25 3.6749835
-82.24 3.6752464
-82.23 3.6754854
-82.22 3.6757483
-82.21 3.6759873
-82.2 3.6762502
-82.19 3.6764892
-82.18 3.6767282
-82.17 3.6769911
-82.16 3.6772301
-82.15 3.677493
-82.14 3.677732
-82.13 3.6779949
-82.12 3.6782339
-82.11 3.6784968
-82.1 3.6787358
-82.09 3.6789748
-82.08 3.6792377
-82.07 3.6794767
-82.06 3.6797396
-82.05 3.6799786
-82.04 3.6802415
-82.03 3.6804805
-82.02 3.6807434
-82.01 3.6809824
-82.0 3.6812453
-81.99 3.6814843
-81.98 3.6817233
-81.97 3.6819862
-81.96 3.6822252
-81.95 3.6824881
-81.94 3.6827271
-81.93 3.68299
-81.92 3.683229
-81.91 3.6834919
-81.9 3.6837309
-81.89 3.6839938
-81.88 3.6842328
-81.87 3.6844718
-81.86 3.6847347
-81.85 3.6849737
-81.84 3.6852366
-81.83 3.6854756
-81.82 3.6857385
-81.81 3.6859775
-81.8 3.6862404
-81.79 3.6864794
-81.78 3.6867423
-81.77 3.6869813
-81.76 3.6872442
-81.75 3.6874832
-81.74 3.6877461
-81.73 3.6879851
-81.72 3.688248
-81.71 3.688487
-81.7 3.688726
-81.69 3.6889889
-81.68 3.6892279
-81.67 3.6894908
-81.66 3.6897298
-81.65 3.6899927
-81.64 3.6902317
-81.63 3.6904946
-81.62 3.6907336
-81.61 3.6909965
-81.6 3.6912355
-81.59 3.6914984
-81.58 3.6917374
-81.57 3.6920003
-81.56 3.6922393
-81.55 3.6925022
-81.54 3.6927412
-81.53 3.6930041
-81.52 3.6932431
-81.51 3.693506
-81.5 3.693745
-81.49 3.6940079
-81.48 3.6942469
-81.47 3.6945098
-81.46 3.6947488
-81.45 3.6950117
-81.44 3.6952507
-81.43 3.6955136
-81.42 3.6957526
-81.41 3.6960155
-81.4 3.6962545
-81.39 3.6965174
-81.38 3.6967564
-81.37 3.6970193
-81.36 3.6972583
-81.35 3.6975212
-81.34 3.6977602
-81.33 3.6980231
-81.32 3.6982621
-81.31 3.698525
-81.3 3.698764
-81.29 3.6990269
-81.28 3.6992659
-81.27 3.6995288
-81.26 3.6997678
-81.25 3.7000307
-81.24 3.7002697
-81.23 3.7005326
-81.22 3.7007716
-81.21 3.7010345
-81.2 3.7012735
-81.19 3.7015364
-81.18 3.7017754
-81.17 3.7020383
-81.16 3.7022773
-81.15 3.7025402
-81.14 3.7027792
-81.13 3.7030421
-81.12 3.7032811
-81.11 3.703544
-81.1 3.703783
-81.09 3.7040459
-81.08 3.7042849
-81.07 3.7045478
-81.06 3.7047868
-81.05 3.7050497
-81.04 3.7053126
-81.03 3.7055516
-81.02 3.7058145
-81.01 3.7060535
-81.0 3.7063164
-80.99 3.7065554
-80.98 3.7068183
-80.97 3.7070573
-80.96 3.7073202
-80.95 3.7075592
-80.94 3.7078221
-80.93 3.7080611
-80.92 3.708324
-80.91 3.708563
-80.9 3.7088259
-80.89 3.7090649
-80.88 3.7093278
-80.87 3.7095668
-80.86 3.7098297
-80.85 3.7100926
-80.84 3.7103316
-80.83 3.7105945
-80.82 3.7108335
-80.81 3.7110964
-80.8 3.7113354
-80.79 3.7115983
-80.78 3.7118373
-80.77 3.7121002
-80.76 3.7123392
-80.75 3.7126021
-80.74 3.7128411
-80.73 3.713104
-80.72 3.7133669
-80.71 3.7136059
-80.7 3.7138688
-80.69 3.7141078
-80.68 3.7143707
-80.67 3.7146097
-80.66 3.7148726
-80.65 3.7151116
-80.64 3.7153745
-80.63 3.7156135
-80.62 3.7158764
-80.61 3.7161393
-80.6 3.7163783
-80.59 3.7166412
-80.58 3.7168802
-80.57 3.7171431
-80.56 3.7173821
-80.55 3.717645
-80.54 3.717884
-80.53 3.7181469
-80.52 3.7183859
-80.51 3.7186488
-80.5 3.7189117
-80.49 3.7191507
-80.48 3.7194136
-80.47 3.7196526
-80.46 3.7199155
-80.45 3.7201545
-80.44 3.7204174
-80.43 3.7206803
-80.42 3.7209193
-80.41 3.7211822
-80.4 3.7214212
-80.39 3.7216841
-80.38 3.7219231
-80.37 3.722186
-80.36 3.722425
-80.35 3.7226879
-80.34 3.7229508
-80.33 3.7231898
-80.32 3.7234527
-80.31 3.7236917
-80.3 3.7239546
-80.29 3.7241936
-80.28 3.7244565
-80.27 3.7247194
-80.26 3.7249584
-80.25 3.7252213
-80.24 3.7254603
-80.23 3.7257232
-80.22 3.7259622
-80.21 3.7262251
-80.2 3.7264641
-80.19 3.726727
-80.18 3.7269899
-80.17 3.7272289
-80.16 3.7274918
-80.15 3.7277308
-80.14 3.7279937
-80.13 3.7282327
-80.12 3.7284956
-80.11 3.7287585
-80.1 3.7289975
-80.09 3.7292604
-80.08 3.7294994
-80.07 3.7297623
-80.06 3.7300252
-80.05 3.7302642
-80.04 3.7305271
-80.03 3.7307661
-80.02 3.731029
-80.01 3.731268
-80.0 3.7315309
-79.99 3.7317938
-79.98 3.7320328
-79.97 3.7322957
-79.96 3.7325347
-79.95 3.7327976
-79.94 3.7330366
-79.93 3.7332995
-79.92 3.7335624
-79.91 3.7338014
-79.9 3.7340643
-79.89 3.7343033
-79.88 3.7345662
-79.87 3.7348291
-79.86 3.7350681
-79.85 3.735331
-79.84 3.73557
-79.83 3.7358329
-79.82 3.7360958
-79.81 3.7363348
-79.8 3.7365977
-79.79 3.7368367
-79.78 3.7370996
-79.77 3.7373386
-79.76 3.7376015
-79.75 3.7378644
-79.74 3.7381034
-79.73 3.7383663
-79.72 3.7386053
-79.71 3.7388682
-79.7 3.7391311
-79.69 3.7393701
-79.68 3.739633
-79.67 3.739872
-79.66 3.7401349
-79.65 3.7403978
-79.64 3.7406368
-79.63 3.7408997
-79.62 3.7411387
-79.61 3.7414016
-79.6 3.7416645
-79.59 3.7419035
-79.58 3.7421664
-79.57 3.7424054
-79.56 3.7426683
-79.55 3.7429312
-79.54 3.7431702
-79.53 3.7434331
-79.52 3.7436721
-79.51 3.743935
-79.5 3.7441979
-79.49 3.7444369
-79.48 3.7446998
-79.47 3.7449388
-79.46 3.7452017
-79.45 3.7454646
-79.44 3.7457036
-79.43 3.7459665
-79.42 3.7462055
-79.41 3.7464684
-79.4 3.7467313
-79.39 3.7469703
-79.38 3.7472332
-79.37 3.7474722
-79.36 3.7477351
-79.35 3.747998
-79.34 3.748237
-79.33 3.7484999
-79.32 3.7487628
-79.31 3.7490018
-79.3 3.7492647
-79.29 3.7495037
-79.28 3.7497666
-79.27 3.7500295
-79.26 3.7502685
-79.25 3.7505314
-79.24 3.7507704
-79.23 3.7510333
-79.22 3.7512962
-79.21 3.7515352
-79.2 3.7517981
-79.19 3.7520371
-79.18 3.7523
-79.17 3.7525629
-79.16 3.7528019
-79.15 3.7530648
-79.14 3.7533277
-79.13 3.7535667
-79.12 3.7538296
-79.11 3.7540686
-79.1 3.7543315
-79.09 3.7545944
-79.08 3.7548334
-79.07 3.7550963
-79.06 3.7553353
-79.05 3.7555982
-79.04 3.7558611
-79.03 3.7561001
-79.02 3.756363
-79.01 3.7566259
-79.0 3.7568649
-78.99 3.7571278
-78.98 3.7573668
-78.97 3.7576297
-78.96 3.7578926
-78.95 3.7581316
-78.94 3.7583945
-78.93 3.7586574
-78.92 3.7588964
-78.91 3.7591593
-78.9 3.7593983
-78.89 3.7596612
-78.88 3.7599241
-78.87 3.7601631
-78.86 3.760426
-78.85 3.7606889
-78.84 3.7609279
-78.83 3.7611908
-78.82 3.7614298
-78.81 3.7616927
-78.8 3.7619556
-78.79 3.7621946
-78.78 3.7624575
-78.77 3.7627204
-78.76 3.7629594
-78.75 3.7632223
-78.74 3.7634613
-78.73 3.7637242
-78.72 3.7639871
-78.71 3.7642261
-78.7 3.764489
-78.69 3.7647519
-78.68 3.7649909
-78.67 3.7652538
-78.66 3.7655167
-78.65 3.7657557
-78.64 3.7660186
-78.63 3.7662576
-78.62 3.7665205
-78.61 3.7667834
-78.6 3.7670224
-78.59 3.7672853
-78.58 3.7675482
-78.57 3.7677872
-78.56 3.7680501
-78.55 3.7682891
-78.54 3.768552
-78.53 3.7688149
-78.52 3.7690539
-78.51 3.7693168
-78.5 3.7695797
-78.49 3.7698187
-78.48 3.7700816
-78.47 3.7703445
-78.46 3.7705835
-78.45 3.7708464
-78.44 3.7710854
-78.43 3.7713483
-78.42 3.7716112
-78.41 3.7718502
-78.4 3.7721131
-78.39 3.772376
-78.38 3.772615
-78.37 3.7728779
-78.36 3.7731408
-78.35 3.7733798
-78.34 3.7736427
-78.33 3.7738817
-78.32 3.7741446
-78.31 3.7744075
-78.3 3.7746465
-78.29 3.7749094
-78.28 3.7751723
-78.27 3.7754113
-78.26 3.7756742
-78.25 3.7759371
-78.24 3.7761761
-78.23 3.776439
-78.22 3.7767019
-78.21 3.7769409
-78.2 3.7772038
-78.19 3.7774428
-78.18 3.7777057
-78.17 3.7779686
-78.16 3.7782076
-78.15 3.7784705
-78.14 3.7787334
-78.13 3.7789724
-78.12 3.7792353
-78.11 3.7794982
-78.1 3.7797372
-78.09 3.7800001
-78.08 3.780263
-78.07 3.780502
-78.06 3.7807649
-78.05 3.7810278
-78.04 3.7812668
-78.03 3.7815297
-78.02 3.7817687
-78.01 3.7820316
-78.0 3.7822945
-77.99 3.7825335
-77.98 3.7827964
-77.97 3.7830593
-77.96 3.7832983
-77.95 3.7835612
-77.94 3.7838241
-77.93 3.7840631
-77.92 3.784326
-77.91 3.7845889
-77.9 3.7848279
-77.89 3.7850908
-77.88 3.7853537
-77.87 3.7855927
-77.86 3.7858556
-77.85 3.7860946
-77.84 3.7863575
-77.83 3.7866204
-77.82 3.7868594
-77.81 3.7871223
-77.8 3.7873852
-77.79 3.7876242
-77.78 3.7878871
-77.77 3.78815
-77.76 3.788389
-77.75 3.7886519
-77.74 3.7889148
-77.73 3.7891538
-77.72 3.7894167
-77.71 3.7896796
-77.7 3.7899186
-77.69 3.7901815
-77.68 3.7904444
-77.67 3.7906834
-77.66 3.7909463
-77.65 3.7911853
-77.64 3.7914482
-77.63 3.7917111
-77.62 3.7919501
-77.61 3.792213
-77.6 3.7924759
-77.59 3.7927149
-77.58 3.7929778
-77.57 3.7932407
-77.56 3.7934797
-77.55 3.7937426
-77.54 3.7940055
-77.53 3.7942445
-77.52 3.7945074
-77.51 3.7947703
-77.5 3.7950093
-77.49 3.7952722
-77.48 3.7955351
-77.47 3.7957741
-77.46 3.796037
-77.45 3.7962999
-77.44 3.7965389
-77.43 3.7968018
-77.42 3.7970408
-77.41 3.7973037
-77.4 3.7975666
-77.39 3.7978056
-77.38 3.7980685
-77.37 3.7983314
-77.36 3.7985704
-77.35 3.7988333
-77.34 3.7990962
-77.33 3.7993352
-77.32 3.7995981
-77.31 3.799861
-77.3 3.8001
-77.29 3.8003629
-77.28 3.8006258
-77.27 3.8008648
-77.26 3.8011277
-77.25 3.8013906
-77.24 3.8016296
-77.23 3.8018925
-77.22 3.8021554
-77.21 3.8023944
-77.2 3.8026573
-77.19 3.8029202
-77.18 3.8031592
-77.17 3.8034221
-77.16 3.803685
-77.15 3.803924
-77.14 3.8041869
-77.13 3.8044259
-77.12 3.8046888
-77.11 3.8049517
-77.1 3.8051907
-77.09 3.8054536
-77.08 3.8057165
-77.07 3.8059555
-77.06 3.8062184
-77.05 3.8064813
-77.04 3.8067203
-77.03 3.8069832
-77.02 3.8072461
-77.01 3.8074851
-77.0 3.807748
-76.99 3.8080109
-76.98 3.8082499
-76.97 3.8085128
-76.96 3.8087757
-76.95 3.8090147
-76.94 3.8092776
-76.93 3.8095405
-76.92 3.8097795
-76.91 3.8100424
-76.9 3.8103053
-76.89 3.8105443
-76.88 3.8108072
-76.87 3.8110701
-76.86 3.8113091
-76.85 3.811572
-76.84 3.8118349
-76.83 3.8120739
-76.82 3.8123368
-76.81 3.8125997
-76.8 3.8128387
-76.79 3.8131016
-76.78 3.8133406
-76.77 3.8136035
-76.76 3.8138664
-76.75 3.8141054
-76.74 3.8143683
-76.73 3.8146312
-76.72 3.8148702
-76.71 3.8151331
-76.7 3.815396
-76.69 3.815635
-76.68 3.8158979
-76.67 3.8161608
-76.66 3.8163998
-76.65 3.8166627
-76.64 3.8169256
-76.63 3.8171646
-76.62 3.8174275
-76.61 3.8176904
-76.6 3.8179294
-76.59 3.8181923
-76.58 3.8184552
-76.57 3.8186942
-76.56 3.8189571
-76.55 3.81922
-76.54 3.819459
-76.53 3.8197219
-76.52 3.8199848
-76.51 3.8202238
-76.5 3.8204867
-76.49 3.8207257
-76.48 3.8209886
-76.47 3.8212515
-76.46 3.8214905
-76.45 3.8217534
-76.44 3.8220163
-76.43 3.8222553
-76.42 3.8225182
-76.41 3.8227811
-76.4 3.8230201
-76.39 3.823283
-76.38 3.8235459
-76.37 3.8237849
-76.36 3.8240478
-76.35 3.8243107
-76.34 3.8245497
-76.33 3.8248126
-76.32 3.8250755
-76.31 3.8253145
-76.3 3.8255774
-76.29 3.8258403
-76.28 3.8260793
-76.27 3.8263422
-76.26 3.8266051
-76.25 3.8268441
-76.24 3.827107
-76.23 3.8273699
-76.22 3.8276089
-76.21 3.8278718
-76.2 3.8281108
-76.19 3.8283737
-76.18 3.8286366
-76.17 3.8288756
-76.16 3.8291385
-76.15 3.8294014
-76.14 3.8296404
-76.13 3.8299033
-76.12 3.8301662
-76.11 3.8304052
-76.1 3.8306681
-76.09 3.830931
-76.08 3.83117
-76.07 3.8314329
-76.06 3.8316958
-76.05 3.8319348
-76.04 3.8321977
-76.03 3.8324606
-76.02 3.8326996
-76.01 3.8329625
-76.0 3.8332015
-75.99 3.8334644
-75.98 3.8337273
-75.97 3.8339663
-75.96 3.8342292
-75.95 3.8344921
-75.94 3.8347311
-75.93 3.834994
-75.92 3.8352569
-75.91 3.8354959
-75.9 3.8357588
-75.89 3.8360217
-75.88 3.8362607
-75.87 3.8365236
-75.86 3.8367865
-75.85 3.8370255
-75.84 3.8372884
-75.83 3.8375513
-75.82 3.8377903
-75.81 3.8380532
-75.8 3.8382922
-75.79 3.8385551
-75.78 3.838818
-75.77 3.839057
-75.76 3.8393199
-75.75 3.8395828
-75.74 3.8398218
-75.73 3.8400847
-75.72 3.8403476
-75.71 3.8405866
-75.7 3.8408495
-75.69 3.8411124
-75.68 3.8413514
-75.67 3.8416143
-75.66 3.8418533
-75.65 3.8421162
-75.64 3.8423791
-75.63 3.8426181
-75.62 3.842881
-75.61 3.8431439
-75.6 3.8433829
-75.59 3.8436458
-75.58 3.8439087
-75.57 3.8441477
-75.56 3.8444106
-75.55 3.8446735
-75.54 3.8449125
-75.53 3.8451754
-75.52 3.8454144
-75.51 3.8456773
-75.5 3.8459402
-75.49 3.8461792
-75.48 3.8464421
-75.47 3.846705
-75.46 3.846944
-75.45 3.8472069
-75.44 3.8474698
-75.43 3.8477088
-75.42 3.8479717
-75.41 3.8482346
-75.4 3.8484736
-75.39 3.8487365
-75.38 3.8489755
-75.37 3.8492384
-75.36 3.8495013
-75.35 3.8497403
-75.34 3.8500032
-75.33 3.8502661
-75.32 3.8505051
-75.31 3.850768
-75.3 3.8510309
-75.29 3.8512699
-75.28 3.8515328
-75.27 3.8517718
-75.26 3.8520347
-75.25 3.8522976
-75.24 3.8525366
-75.23 3.8527995
-75.22 3.8530624
-75.21 3.8533014
-75.2 3.8535643
-75.19 3.8538272
-75.18 3.8540662
-75.17 3.8543291
-75.16 3.8545681
-75.15 3.854831
-75.14 3.8550939
-75.13 3.8553329
-75.12 3.8555958
-75.11 3.8558587
-75.1 3.8560977
-75.09 3.8563606
-75.08 3.8565996
-75.07 3.8568625
-75.06 3.8571254
-75.05 3.8573644
-75.04 3.8576273
-75.03 3.8578902
-75.02 3.8581292
-75.01 3.8583921
-75.0 3.8586311
-74.99 3.858894
-74.98 3.8591569
-74.97 3.8593959
-74.96 3.8596588
-74.95 3.8599217
-74.94 3.8601607
-74.93 3.8604236
-74.92 3.8606626
-74.91 3.8609255
-74.9 3.8611884
-74.89 3.8614274
-74.88 3.8616903
-74.87 3.8619532
-74.86 3.8621922
-74.85 3.8624551
-74.84 3.8626941
-74.83 3.862957
-74.82 3.8632199
-74.81 3.8634589
-74.8 3.8637218
-74.79 3.8639847
-74.78 3.8642237
-74.77 3.8644866
-74.76 3.8647256
-74.75 3.8649885
-74.74 3.8652514
-74.73 3.8654904
-74.72 3.8657533
-74.71 3.8660162
-74.7 3.8662552
-74.69 3.8665181
-74.68 3.8667571
-74.67 3.86702
-74.66 3.8672829
-74.65 3.8675219
-74.64 3.8677848
-74.63 3.8680238
-74.62 3.8682867
-74.61 3.8685496
-74.6 3.8687886
-74.59 3.8690515
-74.58 3.8693144
-74.57 3.8695534
-74.56 3.8698163
-74.55 3.8700553
-74.54 3.8703182
-74.53 3.8705811
-74.52 3.8708201
-74.51 3.871083
-74.5 3.871322
-74.49 3.8715849
-74.48 3.8718478
-74.47 3.8720868
-74.46 3.8723497
-74.45 3.8725887
-74.44 3.8728516
-74.43 3.8731145
-74.42 3.8733535
-74.41 3.8736164
-74.4 3.8738554
-74.39 3.8741183
-74.38 3.8743812
-74.37 3.8746202
-74.36 3.8748831
-74.35 3.875146
-74.34 3.875385
-74.33 3.8756479
-74.32 3.8758869
-74.31 3.8761498
-74.3 3.8764127
-74.29 3.8766517
-74.28 3.8769146
-74.27 3.8771536
-74.26 3.8774165
-74.25 3.8776794
-74.24 3.8779184
-74.23 3.8781813
-74.22 3.8784203
-74.21 3.8786832
-74.2 3.8789461
-74.19 3.8791851
-74.18 3.879448
-74.17 3.879687
-74.16 3.8799499
-74.15 3.8801889
-74.14 3.8804518
-74.13 3.8807147
-74.12 3.8809537
-74.11 3.8812166
-74.1 3.8814556
-74.09 3.8817185
-74.08 3.8819814
-74.07 3.8822204
-74.06 3.8824833
-74.05 3.8827223
-74.04 3.8829852
-74.03 3.8832481
-74.02 3.8834871
-74.01 3.88375
-74.0 3.883989
-73.99 3.8842519
-73.98 3.8845148
-73.97 3.8847538
-73.96 3.8850167
-73.95 3.8852557
-73.94 3.8855186
-73.93 3.8857576
-73.92 3.8860205
-73.91 3.8862834
-73.9 3.8865224
-73.89 3.8867853
-73.88 3.8870243
-73.87 3.8872872
-73.86 3.8875501
-73.85 3.8877891
-73.84 3.888052
-73.83 3.888291
-73.82 3.8885539
-73.81 3.8887929
-73.8 3.8890558
-73.79 3.8893187
-73.78 3.8895577
-73.77 3.8898206
-73.76 3.8900596
-73.75 3.8903225
-73.74 3.8905615
-73.73 3.8908244
-73.72 3.8910873
-73.71 3.8913263
-73.7 3.8915892
-73.69 3.8918282
-73.68 3.8920911
-73.67 3.8923301
-73.66 3.892593
-73.65 3.8928559
-73.64 3.8930949
-73.63 3.8933578
-73.62 3.8935968
-73.61 3.8938597
-73.6 3.8940987
-73.59 3.8943616
-73.58 3.8946245
-73.57 3.8948635
-73.56 3.8951264
-73.55 3.8953654
-73.54 3.8956283
-73.53 3.8958673
-73.52 3.8961302
-73.51 3.8963931
-73.5 3.8966321
-73.49 3.896895
-73.48 3.897134
-73.47 3.8973969
-73.46 3.8976359
-73.45 3.8978988
-73.44 3.8981378
-73.43 3.8984007
-73.42 3.8986636
-73.41 3.8989026
-73.4 3.8991655
-73.39 3.8994045
-73.38 3.8996674
-73.37 3.8999064
-73.36 3.9001693
-73.35 3.9004083
-73.34 3.9006712
-73.33 3.9009341
-73.32 3.9011731
-73.31 3.901436
-73.3 3.901675
-73.29 3.9019379
-73.28 3.9021769
-73.27 3.9024398
-73.26 3.9026788
-73.25 3.9029417
-73.24 3.9031807
-73.23 3.9034436
-73.22 3.9037065
-73.21 3.9039455
-73.2 3.9042084
-73.19 3.9044474
-73.18 3.9047103
-73.17 3.9049493
-73.16 3.9052122
-73.15 3.9054512
-73.14 3.9057141
-73.13 3.9059531
-73.12 3.906216
-73.11 3.9064789
-73.1 3.9067179
-73.09 3.9069808
-73.08 3.9072198
-73.07 3.9074827
-73.06 3.9077217
-73.05 3.9079846
-73.04 3.9082236
-73.03 3.9084865
-73.02 3.9087255
-73.01 3.9089884
-73.0 3.9092274
-72.99 3.9094903
-72.98 3.9097293
-72.97 3.9099922
-72.96 3.9102551
-72.95 3.9104941
-72.94 3.910757
-72.93 3.910996
-72.92 3.9112589
-72.91 3.9114979
-72.9 3.9117608
-72.89 3.9119998
-72.88 3.9122627
-72.87 3.9125017
-72.86 3.9127646
-72.85 3.9130036
-72.84 3.9132665
-72.83 3.9135055
-72.82 3.9137684
-72.81 3.9140074
-72.8 3.9142703
-72.79 3.9145093
-72.78 3.9147722
-72.77 3.9150112
-72.76 3.9152741
-72.75 3.9155131
-72.74 3.915776
-72.73 3.916015
-72.72 3.9162779
-72.71 3.9165169
-72.7 3.9167798
-72.69 3.9170427
-72.68 3.9172817
-72.67 3.9175446
-72.66 3.9177836
-72.65 3.9180465
-72.64 3.9182855
-72.63 3.9185484
-72.62 3.9187874
-72.61 3.9190503
-72.6 3.9192893
-72.59 3.9195522
-72.58 3.9197912
-72.57 3.9200541
-72.56 3.9202931
-72.55 3.920556
-72.54 3.920795
-72.53 3.9210579
-72.52 3.9212969
-72.51 3.9215598
-72.5 3.9217988
-72.49 3.9220617
-72.48 3.9223007
-72.47 3.9225636
-72.46 3.9228026
-72.45 3.9230655
-72.44 3.9233045
-72.43 3.9235674
-72.42 3.9238064
-72.41 3.9240454
-72.4 3.9243083
-72.39 3.9245473
-72.38 3.9248102
-72.37 3.9250492
-72.36 3.9253121
-72.35 3.9255511
-72.34 3.925814
-72.33 3.926053
-72.32 3.9263159
-72.31 3.9265549
-72.3 3.9268178
-72.29 3.9270568
-72.28 3.9273197
-72.27 3.9275587
-72.26 3.9278216
-72.25 3.9280606
-72.24 3.9283235
-72.23 3.9285625
-72.22 3.9288254
-72.21 3.9290644
-72.2 3.9293273
-72.19 3.9295663
-72.18 3.9298292
-72.17 3.9300682
-72.16 3.9303072
-72.15 3.9305701
-72.14 3.9308091
-72.13 3.931072
-72.12 3.931311
-72.11 3.9315739
-72.1 3.9318129
-72.09 3.9320758
-72.08 3.9323148
-72.07 3.9325777
-72.06 3.9328167
-72.05 3.9330796
-72.04 3.9333186
-72.03 3.9335815
-72.02 3.9338205
-72.01 3.9340595
-72.0 3.9343224
-71.99 3.9345614
-71.98 3.9348243
-71.97 3.9350633
-71.96 3.9353262
-71.95 3.9355652
-71.94 3.9358281
-71.93 3.9360671
-71.92 3.93633
-71.91 3.936569
-71.9 3.936808
-71.89 3.9370709
-71.88 3.9373099
-71.87 3.9375728
-71.86 3.9378118
-71.85 3.9380747
-71.84 3.9383137
-71.83 3.9385766
-71.82 3.9388156
-71.81 3.9390546
-71.8 3.9393175
-71.79 3.9395565
-71.78 3.9398194
-71.77 3.9400584
-71.76 3.9403213
-71.75 3.9405603
-71.74 3.9407993
-71.73 3.9410622
-71.72 3.9413012
-71.71 3.9415641
-71.7 3.9418031
-71.69 3.942066
-71.68 3.942305
-71.67 3.942544
-71.66 3.9428069
-71.65 3.9430459
-71.64 3.9433088
-71.63 3.9435478
-71.62 3.9438107
-71.61 3.9440497
-71.6 3.9442887
-71.59 3.9445516
-71.58 3.9447906
-71.57 3.9450535
-71.56 3.9452925
-71.55 3.9455554
-71.54 3.9457944
-71.53 3.9460334
-71.52 3.9462963
-71.51 3.9465353
-71.5 3.9467982
-71.49 3.9470372
-71.48 3.9472762
-71.47 3.9475391
-71.46 3.9477781
-71.45 3.948041
-71.44 3.94828
-71.43 3.948519
-71.42 3.9487819
-71.41 3.9490209
-71.4 3.9492838
-71.39 3.9495228
-71.38 3.9497857
-71.37 3.9500247
-71.36 3.9502637
-71.35 3.9505266
-71.34 3.9507656
-71.33 3.9510285
-71.32 3.9512675
-71.31 3.9515065
-71.3 3.9517694
-71.29 3.9520084
-71.28 3.9522474
-71.27 3.9525103
-71.26 3.9527493
-71.25 3.9530122
-71.24 3.9532512
-71.23 3.9534902
-71.22 3.9537531
-71.21 3.9539921
-71.2 3.954255
-71.19 3.954494
-71.18 3.954733
-71.17 3.9549959
-71.16 3.9552349
-71.15 3.9554739
-71.14 3.9557368
-71.13 3.9559758
-71.12 3.9562387
-71.11 3.9564777
-71.1 3.9567167
-71.09 3.9569796
-71.08 3.9572186
-71.07 3.9574576
-71.06 3.9577205
-71.05 3.9579595
-71.04 3.9582224
-71.03 3.9584614
-71.02 3.9587004
-71.01 3.9589633
-71.0 3.9592023
-70.99 3.9594413
-70.98 3.9597042
-70.97 3.9599432
-70.96 3.9602061
-70.95 3.9604451
-70.94 3.9606841
-70.93 3.960947
-70.92 3.961186
-70.91 3.961425
-70.9 3.9616879
-70.89 3.9619269
-70.88 3.9621659
-70.87 3.9624288
-70.86 3.9626678
-70.85 3.9629068
-70.84 3.9631697
-70.83 3.9634087
-70.82 3.9636477
-70.81 3.9639106
-70.8 3.9641496
-70.79 3.9644125
-70.78 3.9646515
-70.77 3.9648905
-70.76 3.9651534
-70.75 3.9653924
-70.74 3.9656314
-70.73 3.9658943
-70.72 3.9661333
-70.71 3.9663723
-70.7 3.9666352
-70.69 3.9668742
-70.68 3.9671132
-70.67 3.9673761
-70.66 3.9676151
-70.65 3.9678541
-70.64 3.968117
-70.63 3.968356
-70.62 3.968595
-70.61 3.9688579
-70.6 3.9690969
-70.59 3.9693359
-70.58 3.9695749
-70.57 3.9698378
-70.56 3.9700768
-70.55 3.9703158
-70.54 3.9705787
-70.53 3.9708177
-70.52 3.9710567
-70.51 3.9713196
-70.5 3.9715586
-70.49 3.9717976
-70.48 3.9720605
-70.47 3.9722995
-70.46 3.9725385
-70.45 3.9728014
-70.44 3.9730404
-70.43 3.9732794
-70.42 3.9735184
-70.41 3.9737813
-70.4 3.9740203
-70.39 3.9742593
-70.38 3.9745222
-70.37 3.9747612
-70.36 3.9750002
-70.35 3.9752631
-70.34 3.9755021
-70.33 3.9757411
-70.32 3.9759801
-70.31 3.976243
-70.3 3.976482
-70.29 3.976721
-70.28 3.9769839
-70.27 3.9772229
-70.26 3.9774619
-70.25 3.9777009
-70.24 3.9779638
-70.23 3.9782028
-70.22 3.9784418
-70.21 3.9787047
-70.2 3.9789437
-70.19 3.9791827
-70.18 3.9794217
-70.17 3.9796846
-70.16 3.9799236
-70.15 3.9801626
-70.14 3.9804255
-70.13 3.9806645
-70.12 3.9809035
-70.11 3.9811425
-70.1 3.9814054
-70.09 3.9816444
-70.08 3.9818834
-70.07 3.9821224
-70.06 3.9823853
-70.05 3.9826243
-70.04 3.9828633
-70.03 3.9831023
-70.02 3.9833652
-70.01 3.9836042
-70.0 3.9838432
-69.99 3.9840822
-69.98 3.9843451
-69.97 3.9845841
-69.96 3.9848231
-69.95 3.9850621
-69.94 3.985325
-69.93 3.985564
-69.92 3.985803
-69.91 3.986042
-69.9 3.9863049
-69.89 3.9865439
-69.88 3.9867829
-69.87 3.9870219
-69.86 3.9872848
-69.85 3.9875238
-69.84 3.9877628
-69.83 3.9880018
-69.82 3.9882647
-69.81 3.9885037
-69.8 3.9887427
-69.79 3.9889817
-69.78 3.9892446
-69.77 3.9894836
-69.76 3.9897226
-69.75 3.9899616
-69.74 3.9902006
-69.73 3.9904635
-69.72 3.9907025
-69.71 3.9909415
-69.7 3.9911805
-69.69 3.9914434
-69.68 3.9916824
-69.67 3.9919214
-69.66 3.9921604
-69.65 3.9923994
-69.64 3.9926623
-69.63 3.9929013
-69.62 3.9931403
-69.61 3.9933793
-69.6 3.9936183
-69.59 3.9938812
-69.58 3.9941202
-69.57 3.9943592
-69.56 3.9945982
-69.55 3.9948372
-69.54 3.9951001
-69.53 3.9953391
-69.52 3.9955781
-69.51 3.9958171
-69.5 3.9960561
-69.49 3.996319
-69.48 3.996558
-69.47 3.996797
-69.46 3.997036
-69.45 3.997275
-69.44 3.9975379
-69.43 3.9977769
-69.42 3.9980159
-69.41 3.9982549
-69.4 3.9984939
-69.39 3.9987568
-69.38 3.9989958
-69.37 3.9992348
-69.36 3.9994738
-69.35 3.9997128
-69.34 3.9999518
-69.33 4.0002147
-69.32 4.0004537
-69.31 4.0006927
-69.3 4.0009317
-69.29 4.0011707
-69.28 4.0014097
-69.27 4.0016726
-69.26 4.0019116
-69.25 4.0021506
-69.24 4.0023896
-69.23 4.0026286
-69.22 4.0028676
-69.21 4.0031305
-69.2 4.0033695
-69.19 4.0036085
-69.18 4.0038475
-69.17 4.0040865
-69.16 4.0043255
-69.15 4.0045645
-69.14 4.0048274
-69.13 4.0050664
-69.12 4.0053054
-69.11 4.0055444
-69.1 4.0057834
-69.09 4.0060224
-69.08 4.0062614
-69.07 4.0065243
-69.06 4.0067633
-69.05 4.0070023
-69.04 4.0072413
-69.03 4.0074803
-69.02 4.0077193
-69.01 4.0079583
-69.0 4.0082212
-68.99 4.0084602
-68.98 4.0086992
-68.97 4.0089382
-68.96 4.0091772
-68.95 4.0094162
-68.94 4.0096552
-68.93 4.0098942
-68.92 4.0101332
-68.91 4.0103961
-68.9 4.0106351
-68.89 4.0108741
-68.88 4.0111131
-68.87 4.0113521
-68.86 4.0115911
-68.85 4.0118301
-68.84 4.0120691
-68.83 4.0123081
-68.82 4.012571
-68.81 4.01281
-68.8 4.013049
-68.79 4.013288
-68.78 4.013527
-68.77 4.013766
-68.76 4.014005
-68.75 4.014244
-68.74 4.014483
-68.73 4.014722
-68.72 4.0149849
-68.71 4.0152239
-68.7 4.0154629
-68.69 4.0157019
-68.68 4.0159409
-68.67 4.0161799
-68.66 4.0164189
-68.65 4.0166579
-68.64 4.0168969
-68.63 4.0171359
-68.62 4.0173749
-68.61 4.0176139
-68.6 4.0178768
-68.59 4.0181158
-68.58 4.0183548
-68.57 4.0185938
-68.56 4.0188328
-68.55 4.0190718
-68.54 4.0193108
-68.53 4.0195498
-68.52 4.0197888
-68.51 4.0200278
-68.5 4.0202668
-68.49 4.0205058
-68.48 4.0207448
-68.47 4.0209838
-68.46 4.0212228
-68.45 4.0214618
-68.44 4.0217008
-68.43 4.0219637
-68.42 4.0222027
-68.41 4.0224417
-68.4 4.0226807
-68.39 4.0229197
-68.38 4.0231587
-68.37 4.0233977
-68.36 4.0236367
-68.35 4.0238757
-68.34 4.0241147
-68.33 4.0243537
-68.32 4.0245927
-68.31 4.0248317
-68.3 4.0250707
-68.29 4.0253097
-68.28 4.0255487
-68.27 4.0257877
-68.26 4.0260267
-68.25 4.0262657
-68.24 4.0265047
-68.23 4.0267437
-68.22 4.0269827
-68.21 4.0272217
-68.2 4.0274607
-68.19 4.0276997
-68.18 4.0279387
-68.17 4.0281777
-68.16 4.0284167
-68.15 4.0286557
-68.14 4.0288947
-68.13 4.0291337
-68.12 4.0293727
-68.11 4.0296117
-68.1 4.0298507
-68.09 4.0300897
-68.08 4.0303287
-68.07 4.0305677
-68.06 4.0308067
-68.05 4.0310457
-68.04 4.0312847
-68.03 4.0315237
-68.02 4.0317627
-68.01 4.0320017
-68.0 4.0322407
-67.99 4.0324797
-67.98 4.0327187
-67.97 4.0329577
-67.96 4.0331967
-67.95 4.0334357
-67.94 4.0336747
-67.93 4.0339137
-67.92 4.0341527
-67.91 4.0343917
-67.9 4.0346307
-67.89 4.0348697
-67.88 4.0351087
-67.87 4.0353477
-67.86 4.0355867
-67.85 4.0358257
-67.84 4.0360647
-67.83 4.0363037
-67.82 4.0365427
-67.81 4.0367817
-67.8 4.0370207
-67.79 4.0372358
-67.78 4.0374748
-67.77 4.0377138
-67.76 4.0379528
-67.75 4.0381918
-67.74 4.0384308
-67.73 4.0386698
-67.72 4.0389088
-67.71 4.0391478
-67.7 4.0393868
-67.69 4.0396258
-67.68 4.0398648
-67.67 4.0401038
-67.66 4.0403428
-67.65 4.0405818
-67.64 4.0408208
-67.63 4.0410359
-67.62 4.0412749
-67.61 4.0415139
-67.6 4.0417529
-67.59 4.0419919
-67.58 4.0422309
-67.57 4.0424699
-67.56 4.0427089
-67.55 4.0429479
-67.54 4.0431869
-67.53 4.0434259
-67.52 4.0436649
-67.51 4.04388
-67.5 4.044119
-67.49 4.044358
-67.48 4.044597
-67.47 4.044836
-67.46 4.045075
-67.45 4.045314
-67.44 4.045553
-67.43 4.045792
-67.42 4.046031
-67.41 4.0462461
-67.4 4.0464851
-67.39 4.0467241
-67.38 4.0469631
-67.37 4.0472021
-67.36 4.0474411
-67.35 4.0476801
-67.34 4.0479191
-67.33 4.0481581
-67.32 4.0483732
-67.31 4.0486122
-67.3 4.0488512
-67.29 4.0490902
-67.28 4.0493292
-67.27 4.0495682
-67.26 4.0498072
-67.25 4.0500223
-67.24 4.0502613
-67.23 4.0505003
-67.22 4.0507393
-67.21 4.0509783
-67.2 4.0512173
-67.19 4.0514563
-67.18 4.0516714
-67.17 4.0519104
-67.16 4.0521494
-67.15 4.0523884
-67.14 4.0526274
-67.13 4.0528664
-67.12 4.0531054
-67.11 4.0533205
-67.1 4.0535595
-67.09 4.0537985
-67.08 4.0540375
-67.07 4.0542765
-67.06 4.0545155
-67.05 4.0547306
-67.04 4.0549696
-67.03 4.0552086
-67.02 4.0554476
-67.01 4.0556866
-67.0 4.0559017
-66.99 4.0561407
-66.98 4.0563797
-66.97 4.0566187
-66.96 4.0568577
-66.95 4.0570967
-66.94 4.0573118
-66.93 4.0575508
-66.92 4.0577898
-66.91 4.0580288
-66.9 4.0582678
-66.89 4.0584829
-66.88 4.0587219
-66.87 4.0589609
-66.86 4.0591999
-66.85 4.0594389
-66.84 4.059654
-66.83 4.059893
-66.82 4.060132
-66.81 4.060371
-66.8 4.06061
-66.79 4.0608251
-66.78 4.0610641
-66.77 4.0613031
-66.76 4.0615421
-66.75 4.0617572
-66.74 4.0619962
-66.73 4.0622352
-66.72 4.0624742
-66.71 4.0627132
-66.7 4.0629283
-66.69 4.0631673
-66.68 4.0634063
-66.67 4.0636453
-66.66 4.0638604
-66.65 4.0640994
-66.64 4.0643384
-66.63 4.0645774
-66.62 4.0647925
-66.61 4.0650315
-66.6 4.0652705
-66.59 4.0655095
-66.58 4.0657246
-66.57 4.0659636
-66.56 4.0662026
-66.55 4.0664416
-66.54 4.0666567
-66.53 4.0668957
-66.52 4.0671347
-66.51 4.0673737
-66.5 4.0675888
-66.49 4.0678278
-66.48 4.0680668
-66.47 4.0682819
-66.46 4.0685209
-66.45 4.0687599
-66.44 4.0689989
-66.43 4.069214
-66.42 4.069453
-66.41 4.069692
-66.4 4.069931
-66.39 4.0701461
-66.38 4.0703851
-66.37 4.0706241
-66.36 4.0708392
-66.35 4.0710782
-66.34 4.0713172
-66.33 4.0715323
-66.32 4.0717713
-66.31 4.0720103
-66.3 4.0722493
-66.29 4.0724644
-66.28 4.0727034
-66.27 4.0729424
-66.26 4.0731575
-66.25 4.0733965
-66.24 4.0736355
-66.23 4.0738506
-66.22 4.0740896
-66.21 4.0743286
-66.2 4.0745437
-66.19 4.0747827
-66.18 4.0750217
-66.17 4.0752368
-66.16 4.0754758
-66.15 4.0757148
-66.14 4.0759299
-66.13 4.0761689
-66.12 4.0764079
-66.11 4.076623
-66.1 4.076862
-66.09 4.077101
-66.08 4.0773161
-66.07 4.0775551
-66.06 4.0777941
-66.05 4.0780092
-66.04 4.0782482
-66.03 4.0784872
-66.02 4.0787023
-66.01 4.0789413
-66.0 4.0791803
-65.99 4.0793954
-65.98 4.0796344
-65.97 4.0798495
-65.96 4.0800885
-65.95 4.0803275
-65.94 4.0805426
-65.93 4.0807816
-65.92 4.0810206
-65.91 4.0812357
-65.9 4.0814747
-65.89 4.0816898
-65.88 4.0819288
-65.87 4.0821678
-65.86 4.0823829
-65.85 4.0826219
-65.84 4.0828609
-65.83 4.083076
-65.82 4.083315
-65.81 4.0835301
-65.8 4.0837691
-65.79 4.0840081
-65.78 4.0842232
-65.77 4.0844622
-65.76 4.0846773
-65.75 4.0849163
-65.74 4.0851553
-65.73 4.0853704
-65.72 4.0856094
-65.71 4.0858245
-65.7 4.0860635
-65.69 4.0862786
-65.68 4.0865176
-65.67 4.0867566
-65.66 4.0869717
-65.65 4.0872107
-65.64 4.0874258
-65.63 4.0876648
-65.62 4.0878799
-65.61 4.0881189
-65.6 4.0883579
-65.59 4.088573
-65.58 4.088812
-65.57 4.0890271
-65.56 4.0892661
-65.55 4.0894812
-65.54 4.0897202
-65.53 4.0899353
-65.52 4.0901743
-65.51 4.0904133
-65.5 4.0906284
-65.49 4.0908674
-65.48 4.0910825
-65.47 4.0913215
-65.46 4.0915366
-65.45 4.0917756
-65.44 4.0919907
-65.43 4.0922297
-65.42 4.0924448
-65.41 4.0926838
-65.4 4.0928989
-65.39 4.0931379
-65.38 4.093353
-65.37 4.093592
-65.36 4.093831
-65.35 4.0940461
-65.34 4.0942851
-65.33 4.0945002
-65.32 4.0947392
-65.31 4.0949543
-65.3 4.0951933
-65.29 4.0954084
-65.28 4.0956474
-65.27 4.0958625
-65.26 4.0961015
-65.25 4.0963166
-65.24 4.0965556
-65.23 4.0967707
-65.22 4.0970097
-65.21 4.0972248
-65.2 4.0974399
-65.19 4.0976789
-65.18 4.097894
-65.17 4.098133
-65.16 4.0983481
-65.15 4.0985871
-65.14 4.0988022
-65.13 4.0990412
-65.12 4.0992563
-65.11 4.0994953
-65.1 4.0997104
-65.09 4.0999494
-65.08 4.1001645
-65.07 4.1004035
-65.06 4.1006186
-65.05 4.1008337
-65.04 4.1010727
-65.03 4.1012878
-65.02 4.1015268
-65.01 4.1017419
-65.0 4.1019809
-64.99 4.102196
-64.98 4.102435
-64.97 4.1026501
-64.96 4.1028652
-64.95 4.1031042
-64.94 4.1033193
-64.93 4.1035583
-64.92 4.1037734
-64.91 4.1040124
-64.9 4.1042275
-64.89 4.1044426
-64.88 4.1046816
-64.87 4.1048967
-64.86 4.1051357
-64.85 4.1053508
-64.84 4.1055659
-64.83 4.1058049
-64.82 4.10602
-64.81 4.106259
-64.8 4.1064741
-64.79 4.1067131
-64.78 4.1069282
-64.77 4.1071433
-64.76 4.1073823
-64.75 4.1075974
-64.74 4.1078125
-64.73 4.1080515
-64.72 4.1082666
-64.71 4.1085056
-64.7 4.1087207
-64.69 4.1089358
-64.68 4.1091748
-64.67 4.1093899
-64.66 4.109605
-64.65 4.109844
-64.64 4.1100591
-64.63 4.1102981
-64.62 4.1105132
-64.61 4.1107283
-64.6 4.1109673
-64.59 4.1111824
-64.58 4.1113975
-64.57 4.1116365
-64.56 4.1118516
-64.55 4.1120667
-64.54 4.1123057
-64.53 4.1125208
-64.52 4.1127359
-64.51 4.1129749
-64.5 4.11319
-64.49 4.1134051
-64.48 4.1136441
-64.47 4.1138592
-64.46 4.1140743
-64.45 4.1143133
-64.44 4.1145284
-64.43 4.1147435
-64.42 4.1149825
-64.41 4.1151976
-64.4 4.1154127
-64.39 4.1156517
-64.38 4.1158668
-64.37 4.1160819
-64.36 4.1163209
-64.35 4.116536
-64.34 4.1167511
-64.33 4.1169662
-64.32 4.1172052
-64.31 4.1174203
-64.3 4.1176354
-64.29 4.1178744
-64.28 4.1180895
-64.27 4.1183046
-64.26 4.1185436
-64.25 4.1187587
-64.24 4.1189738
-64.23 4.1191889
-64.22 4.1194279
-64.21 4.119643
-64.2 4.1198581
-64.19 4.1200732
-64.18 4.1203122
-64.17 4.1205273
-64.16 4.1207424
-64.15 4.1209575
-64.14 4.1211965
-64.13 4.1214116
-64.12 4.1216267
-64.11 4.1218657
-64.1 4.1220808
-64.09 4.1222959
-64.08 4.122511
-64.07 4.1227261
-64.06 4.1229651
-64.05 4.1231802
-64.04 4.1233953
-64.03 4.1236104
-64.02 4.1238494
-64.01 4.1240645
-64.0 4.1242796
-63.99 4.1244947
-63.98 4.1247337
-63.97 4.1249488
-63.96 4.1251639
-63.95 4.125379
-63.94 4.1255941
-63.93 4.1258331
-63.92 4.1260482
-63.91 4.1262633
-63.9 4.1264784
-63.89 4.1266935
-63.88 4.1269325
-63.87 4.1271476
-63.86 4.1273627
-63.85 4.1275778
-63.84 4.1277929
-63.83 4.1280319
-63.82 4.128247
-63.81 4.1284621
-63.8 4.1286772
-63.79 4.1288923
-63.78 4.1291313
-63.77 4.1293464
-63.76 4.1295615
-63.75 4.1297766
-63.74 4.1299917
-63.73 4.1302068
-63.72 4.1304458
-63.71 4.1306609
-63.7 4.130876
-63.69 4.1310911
-63.68 4.1313062
-63.67 4.1315213
-63.66 4.1317364
-63.65 4.1319754
-63.64 4.1321905
-63.63 4.1324056
-63.62 4.1326207
-63.61 4.1328358
-63.6 4.1330509
-63.59 4.133266
-63.58 4.133505
-63.57 4.1337201
-63.56 4.1339352
-63.55 4.1341503
-63.54 4.1343654
-63.53 4.1345805
-63.52 4.1347956
-63.51 4.1350107
-63.5 4.1352497
-63.49 4.1354648
-63.48 4.1356799
-63.47 4.135895
-63.46 4.1361101
-63.45 4.1363252
-63.44 4.1365403
-63.43 4.1367554
-63.42 4.1369705
-63.41 4.1371856
-63.4 4.1374007
-63.39 4.1376397
-63.38 4.1378548
-63.37 4.1380699
-63.36 4.138285
-63.35 4.1385001
-63.34 4.1387152
-63.33 4.1389303
-63.32 4.1391454
-63.31 4.1393605
-63.3 4.1395756
-63.29 4.1397907
-63.28 4.1400058
-63.27 4.1402209
-63.26 4.140436
-63.25 4.140675
-63.24 4.1408901
-63.23 4.1411052
-63.22 4.1413203
-63.21 4.1415354
-63.2 4.1417505
-63.19 4.1419656
-63.18 4.1421807
-63.17 4.1423958
-63.16 4.1426109
-63.15 4.142826
-63.14 4.1430411
-63.13 4.1432562
-63.12 4.1434713
-63.11 4.1436864
-63.1 4.1439015
-63.09 4.1441166
-63.08 4.1443317
-63.07 4.1445468
-63.06 4.1447619
-63.05 4.144977
-63.04 4.1451921
-63.03 4.1454072
-63.02 4.1456223
-63.01 4.1458374
-63.0 4.1460525
-62.99 4.1462676
-62.98 4.1464827
-62.97 4.1466978
-62.96 4.1469129
-62.95 4.147128
-62.94 4.1473431
-62.93 4.1475582
-62.92 4.1477733
-62.91 4.1479884
-62.9 4.1482035
-62.89 4.1484186
-62.88 4.1486337
-62.87 4.1488488
-62.86 4.1490639
-62.85 4.149279
-62.84 4.1494941
-62.83 4.1497092
-62.82 4.1499243
-62.81 4.1501155
-62.8 4.1503306
-62.79 4.1505457
-62.78 4.1507608
-62.77 4.1509759
-62.76 4.151191
-62.75 4.1514061
-62.74 4.1516212
-62.73 4.1518363
-62.72 4.1520514
-62.71 4.1522665
-62.7 4.1524816
-62.69 4.1526967
-62.68 4.1529118
-62.67 4.153103
-62.66 4.1533181
-62.65 4.1535332
-62.64 4.1537483
-62.63 4.1539634
-62.62 4.1541785
-62.61 4.1543936
-62.6 4.1546087
-62.59 4.1548238
-62.58 4.1550389
-62.57 4.1552301
-62.56 4.1554452
-62.55 4.1556603
-62.54 4.1558754
-62.53 4.1560905
-62.52 4.1563056
-62.51 4.1565207
-62.5 4.1567358
-62.49 4.156927
-62.48 4.1571421
-62.47 4.1573572
-62.46 4.1575723
-62.45 4.1577874
-62.44 4.1580025
-62.43 4.1582176
-62.42 4.1584088
-62.41 4.1586239
-62.4 4.158839
-62.39 4.1590541
-62.38 4.1592692
-62.37 4.1594843
-62.36 4.1596755
-62.35 4.1598906
-62.34 4.1601057
-62.33 4.1603208
-62.32 4.1605359
-62.31 4.160751
-62.3 4.1609422
-62.29 4.1611573
-62.28 4.1613724
-62.27 4.1615875
-62.26 4.1618026
-62.25 4.1619938
-62.24 4.1622089
-62.23 4.162424
-62.22 4.1626391
-62.21 4.1628542
-62.2 4.1630454
-62.19 4.1632605
-62.18 4.1634756
-62.17 4.1636907
-62.16 4.1639058
-62.15 4.164097
-62.14 4.1643121
-62.13 4.1645272
-62.12 4.1647423
-62.11 4.1649335
-62.1 4.1651486
-62.09 4.1653637
-62.08 4.1655788
-62.07 4.1657939
-62.06 4.1659851
-62.05 4.1662002
-62.04 4.1664153
-62.03 4.1666304
-62.02 4.1668216
-62.01 4.1670367
-62.0 4.1672518
-61.99 4.1674669
-61.98 4.1676581
-61.97 4.1678732
-61.96 4.1680883
-61.95 4.1682795
-61.94 4.1684946
-61.93 4.1687097
-61.92 4.1689248
-61.91 4.169116
-61.9 4.1693311
-61.89 4.1695462
-61.88 4.1697374
-61.87 4.1699525
-61.86 4.1701676
-61.85 4.1703827
-61.84 4.1705739
-61.83 4.170789
-61.82 4.1710041
-61.81 4.1711953
-61.8 4.1714104
-61.79 4.1716255
-61.78 4.1718167
-61.77 4.1720318
-61.76 4.1722469
-61.75 4.172462
-61.74 4.1726532
-61.73 4.1728683
-61.72 4.1730834
-61.71 4.1732746
-61.7 4.1734897
-61.69 4.1737048
-61.68 4.173896
-61.67 4.1741111
-61.66 4.1743023
-61.65 4.1745174
-61.64 4.1747325
-61.63 4.1749237
-61.62 4.1751388
-61.61 4.1753539
-61.6 4.1755451
-61.59 4.1757602
-61.58 4.1759753
-61.57 4.1761665
-61.56 4.1763816
-61.55 4.1765728
-61.54 4.1767879
-61.53 4.177003
-61.52 4.1771942
-61.51 4.1774093
-61.5 4.1776244
-61.49 4.1778156
-61.48 4.1780307
-61.47 4.1782219
-61.46 4.178437
-61.45 4.1786521
-61.44 4.1788433
-61.43 4.1790584
-61.42 4.1792496
-61.41 4.1794647
-61.4 4.1796798
-61.39 4.179871
-61.38 4.1800861
-61.37 4.1802773
-61.36 4.1804924
-61.35 4.1806836
-61.34 4.1808987
-61.33 4.1811138
-61.32 4.181305
-61.31 4.1815201
-61.3 4.1817113
-61.29 4.1819264
-61.28 4.1821176
-61.27 4.1823327
-61.26 4.1825239
-61.25 4.182739
-61.24 4.1829302
-61.23 4.1831453
-61.22 4.1833604
-61.21 4.1835516
-61.2 4.1837667
-61.19 4.1839579
-61.18 4.184173
-61.17 4.1843642
-61.16 4.1845793
-61.15 4.1847705
-61.14 4.1849856
-61.13 4.1851768
-61.12 4.1853919
-61.11 4.1855831
-61.1 4.1857982
-61.09 4.1859894
-61.08 4.1862045
-61.07 4.1863957
-61.06 4.1866108
-61.05 4.186802
-61.04 4.1870171
-61.03 4.1872083
-61.02 4.1874234
-61.01 4.1876146
-61.0 4.1878297
-60.99 4.1880209
-60.98 4.188236
-60.97 4.1884272
-60.96 4.1886423
-60.95 4.1888335
-60.94 4.1890247
-60.93 4.1892398
-60.92 4.189431
-60.91 4.1896461
-60.9 4.1898373
-60.89 4.1900524
-60.88 4.1902436
-60.87 4.1904587
-60.86 4.1906499
-60.85 4.1908411
-60.84 4.1910562
-60.83 4.1912474
-60.82 4.1914625
-60.81 4.1916537
-60.8 4.1918688
-60.79 4.19206
-60.78 4.1922512
-60.77 4.1924663
-60.76 4.1926575
-60.75 4.1928726
-60.74 4.1930638
-60.73 4.193255
-60.72 4.1934701
-60.71 4.1936613
-60.7 4.1938764
-60.69 4.1940676
-60.68 4.1942588
-60.67 4.1944739
-60.66 4.1946651
-60.65 4.1948802
-60.64 4.1950714
-60.63 4.1952626
-60.62 4.1954777
-60.61 4.1956689
-60.6 4.1958601
-60.59 4.1960752
-60.58 4.1962664
-60.57 4.1964576
-60.56 4.1966727
-60.55 4.1968639
-60.54 4.197079
-60.53 4.1972702
-60.52 4.1974614
-60.51 4.1976765
-60.5 4.1978677
-60.49 4.1980589
-60.48 4.198274
-60.47 4.1984652
-60.46 4.1986564
-60.45 4.1988476
-60.44 4.1990627
-60.43 4.1992539
-60.42 4.1994451
-60.41 4.1996602
-60.4 4.1998514
-60.39 4.2000426
-60.38 4.2002577
-60.37 4.2004489
-60.36 4.2006401
-60.35 4.2008552
-60.34 4.2010464
-60.33 4.2012376
-60.32 4.2014288
-60.31 4.2016439
-60.3 4.2018351
-60.29 4.2020263
-60.28 4.2022414
-60.27 4.2024326
-60.26 4.2026238
-60.25 4.202815
-60.24 4.2030301
-60.23 4.2032213
-60.22 4.2034125
-60.21 4.2036037
-60.2 4.2038188
-60.19 4.20401
-60.18 4.2042012
-60.17 4.2043924
-60.16 4.2046075
-60.15 4.2047987
-60.14 4.2049899
-60.13 4.2051811
-60.12 4.2053723
-60.11 4.2055874
-60.1 4.2057786
-60.09 4.2059698
-60.08 4.206161
-60.07 4.2063761
-60.06 4.2065673
-60.05 4.2067585
-60.04 4.2069497
-60.03 4.2071409
-60.02 4.207356
-60.01 4.2075472
-60.0 4.2077384
-59.99 4.2079296
-59.98 4.2081208
-59.97 4.2083359
-59.96 4.2085271
-59.95 4.2087183
-59.94 4.2089095
-59.93 4.2091007
-59.92 4.2092919
-59.91 4.209507
-59.9 4.2096982
-59.89 4.2098894
-59.88 4.2100806
-59.87 4.2102718
-59.86 4.210463
-59.85 4.2106781
-59.84 4.2108693
-59.83 4.2110605
-59.82 4.2112517
-59.81 4.2114429
-59.8 4.2116341
-59.79 4.2118253
-59.78 4.2120165
-59.77 4.2122316
-59.76 4.2124228
-59.75 4.212614
-59.74 4.2128052
-59.73 4.2129964
-59.72 4.2131876
-59.71 4.2133788
-59.7 4.21357
-59.69 4.2137612
-59.68 4.2139763
-59.67 4.2141675
-59.66 4.2143587
-59.65 4.2145499
-59.64 4.2147411
-59.63 4.2149323
-59.62 4.2151235
-59.61 4.2153147
-59.6 4.2155059
-59.59 4.2156971
-59.58 4.2158883
-59.57 4.2160795
-59.56 4.2162946
-59.55 4.2164858
-59.54 4.216677
-59.53 4.2168682
-59.52 4.2170594
-59.51 4.2172506
-59.5 4.2174418
-59.49 4.217633
-59.48 4.2178242
-59.47 4.2180154
-59.46 4.2182066
-59.45 4.2183978
-59.44 4.218589
-59.43 4.2187802
-59.42 4.2189714
-59.41 4.2191626
-59.4 4.2193538
-59.39 4.219545
-59.38 4.2197362
-59.37 4.2199274
-59.36 4.2201186
-59.35 4.2203098
-59.34 4.220501
-59.33 4.2206922
-59.32 4.2208834
-59.31 4.2210746
-59.3 4.2212658
-59.29 4.221457
-59.28 4.2216482
-59.27 4.2218394
-59.26 4.2220306
-59.25 4.2222218
-59.24 4.222413
-59.23 4.2226042
-59.22 4.2227954
-59.21 4.2229866
-59.2 4.2231778
-59.19 4.223369
-59.18 4.2235602
-59.17 4.2237514
-59.16 4.2239426
-59.15 4.2241099
-59.14 4.2243011
-59.13 4.2244923
-59.12 4.2246835
-59.11 4.2248747
-59.1 4.2250659
-59.09 4.2252571
-59.08 4.2254483
-59.07 4.2256395
-59.06 4.2258307
-59.05 4.2260219
-59.04 4.2262131
-59.03 4.2263804
-59.02 4.2265716
-59.01 4.2267628
-59.0 4.226954
-58.99 4.2271452
-58.98 4.2273364
-58.97 4.2275276
-58.96 4.2277188
-58.95 4.22791
-58.94 4.2280773
-58.93 4.2282685
-58.92 4.2284597
-58.91 4.2286509
-58.9 4.2288421
-58.89 4.2290333
-58.88 4.2292245
-58.87 4.2293918
-58.86 4.229583
-58.85 4.2297742
-58.84 4.2299654
-58.83 4.2301566
-58.82 4.2303478
-58.81 4.230539
-58.8 4.2307063
-58.79 4.2308975
-58.78 4.2310887
-58.77 4.2312799
-58.76 4.2314711
-58.75 4.2316384
-58.74 4.2318296
-58.73 4.2320208
-58.72 4.232212
-58.71 4.2324032
-58.7 4.2325705
-58.69 4.2327617
-58.68 4.2329529
-58.67 4.2331441
-58.66 4.2333353
-58.65 4.2335026
-58.64 4.2336938
-58.63 4.233885
-58.62 4.2340762
-58.61 4.2342674
-58.6 4.2344347
-58.59 4.2346259
-58.58 4.2348171
-58.57 4.2350083
-58.56 4.2351756
-58.55 4.2353668
-58.54 4.235558
-58.53 4.2357492
-58.52 4.2359165
-58.51 4.2361077
-58.5 4.2362989
-58.49 4.2364901
-58.48 4.2366574
-58.47 4.2368486
-58.46 4.2370398
-58.45 4.2372071
-58.44 4.2373983
-58.43 4.2375895
-58.42 4.2377807
-58.41 4.237948
-58.4 4.2381392
-58.39 4.2383304
-58.38 4.2384977
-58.37 4.2386889
-58.36 4.2388801
-58.35 4.2390474
-58.34 4.2392386
-58.33 4.2394298
-58.32 4.239621
-58.31 4.2397883
-58.3 4.2399795
-58.29 4.2401707
-58.28 4.240338
-58.27 4.2405292
-58.26 4.2407204
-58.25 4.2408877
-58.24 4.2410789
-58.23 4.2412701
-58.22 4.2414374
-58.21 4.2416286
-58.2 4.2417959
-58.19 4.2419871
-58.18 4.2421783
-58.17 4.2423456
-58.16 4.2425368
-58.15 4.242728
-58.14 4.2428953
-58.13 4.2430865
-58.12 4.2432538
-58.11 4.243445
-58.1 4.2436362
-58.09 4.2438035
-58.08 4.2439947
-58.07 4.2441859
-58.06 4.2443532
-58.05 4.2445444
-58.04 4.2447117
-58.03 4.2449029
-58.02 4.2450702
-58.01 4.2452614
-58.0 4.2454526
-57.99 4.2456199
-57.98 4.2458111
-57.97 4.2459784
-57.96 4.2461696
-57.95 4.2463369
-57.94 4.2465281
-57.93 4.2467193
-57.92 4.2468866
-57.91 4.2470778
-57.9 4.2472451
-57.89 4.2474363
-57.88 4.2476036
-57.87 4.2477948
-57.86 4.2479621
-57.85 4.2481533
-57.84 4.2483206
-57.83 4.2485118
-57.82 4.2486791
-57.81 4.2488703
-57.8 4.2490376
-57.79 4.2492288
-57.78 4.2493961
-57.77 4.2495873
-57.76 4.2497785
-57.75 4.2499458
-57.74 4.2501131
-57.73 4.2503043
-57.72 4.2504716
-57.71 4.2506628
-57.7 4.2508301
-57.69 4.2510213
-57.68 4.2511886
-57.67 4.2513798
-57.66 4.2515471
-57.65 4.2517383
-57.64 4.2519056
-57.63 4.2520968
-57.62 4.2522641
-57.61 4.2524553
-57.6 4.2526226
-57.59 4.2527899
-57.58 4.2529811
-57.57 4.2531484
-57.56 4.2533396
-57.55 4.2535069
-57.54 4.2536981
-57.53 4.2538654
-57.52 4.2540566
-57.51 4.2542239
-57.5 4.2543912
-57.49 4.2545824
-57.48 4.2547497
-57.47 4.2549409
-57.46 4.2551082
-57.45 4.2552755
-57.44 4.2554667
-57.43 4.255634
-57.42 4.2558252
-57.41 4.2559925
-57.4 4.2561598
-57.39 4.256351
-57.38 4.2565183
-57.37 4.2566856
-57.36 4.2568768
-57.35 4.2570441
-57.34 4.2572353
-57.33 4.2574026
-57.32 4.2575699
-57.31 4.2577611
-57.3 4.2579284
-57.29 4.2580957
-57.28 4.2582869
-57.27 4.2584542
-57.26 4.2586215
-57.25 4.2588127
-57.24 4.25898
-57.23 4.2591473
-57.22 4.2593385
-57.21 4.2595058
-57.2 4.2596731
-57.19 4.2598643
-57.18 4.2600316
-57.17 4.2601989
-57.16 4.2603662
-57.15 4.2605574
-57.14 4.2607247
-57.13 4.260892
-57.12 4.2610832
-57.11 4.2612505
-57.1 4.2614178
-57.09 4.2615851
-57.08 4.2617763
-57.07 4.2619436
-57.06 4.2621109
-57.05 4.2623021
-57.04 4.2624694
-57.03 4.2626367
-57.02 4.262804
-57.01 4.2629952
-57.0 4.2631625
-56.99 4.2633298
-56.98 4.2634971
-56.97 4.2636883
-56.96 4.2638556
-56.95 4.2640229
-56.94 4.2641902
-56.93 4.2643575
-56.92 4.2645487
-56.91 4.264716
-56.9 4.2648833
-56.89 4.2650506
-56.88 4.2652418
-56.87 4.2654091
-56.86 4.2655764
-56.85 4.2657437
-56.84 4.265911
-56.83 4.2661022
-56.82 4.2662695
-56.81 4.2664368
-56.8 4.2666041
-56.79 4.2667714
-56.78 4.2669387
-56.77 4.2671299
-56.76 4.2672972
-56.75 4.2674645
-56.74 4.2676318
-56.73 4.2677991
-56.72 4.2679664
-56.71 4.2681576
-56.7 4.2683249
-56.69 4.2684922
-56.68 4.2686595
-56.67 4.2688268
-56.66 4.2689941
-56.65 4.2691614
-56.64 4.2693526
-56.63 4.2695199
-56.62 4.2696872
-56.61 4.2698545
-56.6 4.2700218
-56.59 4.2701891
-56.58 4.2703564
-56.57 4.2705237
-56.56 4.270691
-56.55 4.2708583
-56.54 4.2710495
-56.53 4.2712168
-56.52 4.2713841
-56.51 4.2715514
-56.5 4.2717187
-56.49 4.271886
-56.48 4.2720533
-56.47 4.2722206
-56.46 4.2723879
-56.45 4.2725552
-56.44 4.2727225
-56.43 4.2728898
-56.42 4.2730571
-56.41 4.2732244
-56.4 4.2734156
-56.39 4.2735829
-56.38 4.2737502
-56.37 4.2739175
-56.36 4.2740848
-56.35 4.2742521
-56.34 4.2744194
-56.33 4.2745867
-56.32 4.274754
-56.31 4.2749213
-56.3 4.2750886
-56.29 4.2752559
-56.28 4.2754232
-56.27 4.2755905
-56.26 4.2757578
-56.25 4.2759251
-56.24 4.2760924
-56.23 4.2762597
-56.22 4.276427
-56.21 4.2765943
-56.2 4.2767616
-56.19 4.2769289
-56.18 4.2770962
-56.17 4.2772635
-56.16 4.2774308
-56.15 4.2775742
-56.14 4.2777415
-56.13 4.2779088
-56.12 4.2780761
-56.11 4.2782434
-56.1 4.2784107
-56.09 4.278578
-56.08 4.2787453
-56.07 4.2789126
-56.06 4.2790799
-56.05 4.2792472
-56.04 4.2794145
-56.03 4.2795818
-56.02 4.2797491
-56.01 4.2798925
-56.0 4.2800598
-55.99 4.2802271
-55.98 4.2803944
-55.97 4.2805617
-55.96 4.280729
-55.95 4.2808963
-55.94 4.2810636
-55.93 4.2812309
-55.92 4.2813982
-55.91 4.2815416
-55.9 4.2817089
-55.89 4.2818762
-55.88 4.2820435
-55.87 4.2822108
-55.86 4.2823781
-55.85 4.2825454
-55.84 4.2826888
-55.83 4.2828561
-55.82 4.2830234
-55.81 4.2831907
-55.8 4.283358
-55.79 4.2835253
-55.78 4.2836687
-55.77 4.283836
-55.76 4.2840033
-55.75 4.2841706
-55.74 4.2843379
-55.73 4.2844813
-55.72 4.2846486
-55.71 4.2848159
-55.7 4.2849832
-55.69 4.2851505
-55.68 4.2852939
-55.67 4.2854612
-55.66 4.2856285
-55.65 4.2857958
-55.64 4.2859631
-55.63 4.2861065
-55.62 4.2862738
-55.61 4.2864411
-55.6 4.2866084
-55.59 4.2867518
-55.58 4.2869191
-55.57 4.2870864
-55.56 4.2872537
-55.55 4.2873971
-55.54 4.2875644
-55.53 4.2877317
-55.52 4.287899
-55.51 4.2880424
-55.5 4.2882097
-55.49 4.288377
-55.48 4.2885443
-55.47 4.2886877
-55.46 4.288855
-55.45 4.2890223
-55.44 4.2891657
-55.43 4.289333
-55.42 4.2895003
-55.41 4.2896437
-55.4 4.289811
-55.39 4.2899783
-55.38 4.2901456
-55.37 4.290289
-55.36 4.2904563
-55.35 4.2906236
-55.34 4.290767
-55.33 4.2909343
-55.32 4.2911016
-55.31 4.291245
-55.3 4.2914123
-55.29 4.2915796
-55.28 4.291723
-55.27 4.2918903
-55.26 4.2920337
-55.25 4.292201
-55.24 4.2923683
-55.23 4.2925117
-55.22 4.292679
-55.21 4.2928463
-55.2 4.2929897
-55.19 4.293157
-55.18 4.2933004
-55.17 4.2934677
-55.16 4.293635
-55.15 4.2937784
-55.14 4.2939457
-55.13 4.2940891
-55.12 4.2942564
-55.11 4.2944237
-55.1 4.2945671
-55.09 4.2947344
-55.08 4.2948778
-55.07 4.2950451
-55.06 4.2952124
-55.05 4.2953558
-55.04 4.2955231
-55.03 4.2956665
-55.02 4.2958338
-55.01 4.2959772
-55.0 4.2961445
-54.99 4.2962879
-54.98 4.2964552
-54.97 4.2966225
-54.96 4.2967659
-54.95 4.2969332
-54.94 4.2970766
-54.93 4.2972439
-54.92 4.2973873
-54.91 4.2975546
-54.9 4.297698
-54.89 4.2978653
-54.88 4.2980087
-54.87 4.298176
-54.86 4.2983194
-54.85 4.2984867
-54.84 4.2986301
-54.83 4.2987974
-54.82 4.2989408
-54.81 4.2991081
-54.8 4.2992515
-54.79 4.2994188
-54.78 4.2995622
-54.77 4.2997056
-54.76 4.2998729
-54.75 4.3000163
-54.74 4.3001836
-54.73 4.300327
-54.72 4.3004943
-54.71 4.3006377
-54.7 4.300805
-54.69 4.3009484
-54.68 4.3010918
-54.67 4.3012591
-54.66 4.3014025
-54.65 4.3015698
-54.64 4.3017132
-54.63 4.3018805
-54.62 4.3020239
-54.61 4.3021673
-54.6 4.3023346
-54.59 4.302478
-54.58 4.3026453
-54.57 4.3027887
-54.56 4.3029321
-54.55 4.3030994
-54.54 4.3032428
-54.53 4.3033862
-54.52 4.3035535
-54.51 4.3036969
-54.5 4.3038642
-54.49 4.3040076
-54.48 4.304151
-54.47 4.3043183
-54.46 4.3044617
-54.45 4.3046051
-54.44 4.3047724
-54.43 4.3049158
-54.42 4.3050592
-54.41 4.3052265
-54.4 4.3053699
-54.39 4.3055133
-54.38 4.3056806
-54.37 4.305824
-54.36 4.3059674
-54.35 4.3061347
-54.34 4.3062781
-54.33 4.3064215
-54.32 4.3065649
-54.31 4.3067322
-54.3 4.3068756
-54.29 4.307019
-54.28 4.3071863
-54.27 4.3073297
-54.26 4.3074731
-54.25 4.3076165
-54.24 4.3077838
-54.23 4.3079272
-54.22 4.3080706
-54.21 4.308214
-54.2 4.3083813
-54.19 4.3085247
-54.18 4.3086681
-54.17 4.3088115
-54.16 4.3089788
-54.15 4.3091222
-54.14 4.3092656
-54.13 4.309409
-54.12 4.3095763
-54.11 4.3097197
-54.1 4.3098631
-54.09 4.3100065
-54.08 4.3101499
-54.07 4.3103172
-54.06 4.3104606
-54.05 4.310604
-54.04 4.3107474
-54.03 4.3108908
-54.02 4.3110581
-54.01 4.3112015
-54.0 4.3113449
-53.99 4.3114883
-53.98 4.3116317
-53.97 4.3117751
-53.96 4.3119424
-53.95 4.3120858
-53.94 4.3122292
-53.93 4.3123726
-53.92 4.312516
-53.91 4.3126594
-53.9 4.3128267
-53.89 4.3129701
-53.88 4.3131135
-53.87 4.3132569
-53.86 4.3134003
-53.85 4.3135437
-53.84 4.3136871
-53.83 4.3138305
-53.82 4.3139978
-53.81 4.3141412
-53.8 4.3142846
-53.79 4.314428
-53.78 4.3145714
-53.77 4.3147148
-53.76 4.3148582
-53.75 4.3150016
-53.74 4.315145
-53.73 4.3152884
-53.72 4.3154318
-53.71 4.3155752
-53.7 4.3157425
-53.69 4.3158859
-53.68 4.3160293
-53.67 4.3161727
-53.66 4.3163161
-53.65 4.3164595
-53.64 4.3166029
-53.63 4.3167463
-53.62 4.3168897
-53.61 4.3170331
-53.6 4.3171765
-53.59 4.3173199
-53.58 4.3174633
-53.57 4.3176067
-53.56 4.3177501
-53.55 4.3178935
-53.54 4.3180369
-53.53 4.3181803
-53.52 4.3183237
-53.51 4.3184671
-53.5 4.3186105
-53.49 4.3187539
-53.48 4.3188973
-53.47 4.3190407
-53.46 4.3191841
-53.45 4.3193275
-53.44 4.3194709
-53.43 4.3196143
-53.42 4.3197577
-53.41 4.3199011
-53.4 4.3200445
-53.39 4.3201879
-53.38 4.3203313
-53.37 4.3204508
-53.36 4.3205942
-53.35 4.3207376
-53.34 4.320881
-53.33 4.3210244
-53.32 4.3211678
-53.31 4.3213112
-53.3 4.3214546
-53.29 4.321598
-53.28 4.3217414
-53.27 4.3218848
-53.26 4.3220282
-53.25 4.3221477
-53.24 4.3222911
-53.23 4.3224345
-53.22 4.3225779
-53.21 4.3227213
-53.2 4.3228647
-53.19 4.3230081
-53.18 4.3231515
-53.17 4.323271
-53.16 4.3234144
-53.15 4.3235578
-53.14 4.3237012
-53.13 4.3238446
-53.12 4.323988
-53.11 4.3241314
-53.1 4.3242509
-53.09 4.3243943
-53.08 4.3245377
-53.07 4.3246811
-53.06 4.3248245
-53.05 4.324944
-53.04 4.3250874
-53.03 4.3252308
-53.02 4.3253742
-53.01 4.3255176
-53.0 4.3256371
-52.99 4.3257805
-52.98 4.3259239
-52.97 4.3260673
-52.96 4.3262107
-52.95 4.3263302
-52.94 4.3264736
-52.93 4.326617
-52.92 4.3267604
-52.91 4.3268799
-52.9 4.3270233
-52.89 4.3271667
-52.88 4.3273101
-52.87 4.3274296
-52.86 4.327573
-52.85 4.3277164
-52.84 4.3278598
-52.83 4.3279793
-52.82 4.3281227
-52.81 4.3282661
-52.8 4.3284095
-52.79 4.328529
-52.78 4.3286724
-52.77 4.3288158
-52.76 4.3289353
-52.75 4.3290787
-52.74 4.3292221
-52.73 4.3293416
-52.72 4.329485
-52.71 4.3296284
-52.7 4.3297479
-52.69 4.3298913
-52.68 4.3300347
-52.67 4.3301542
-52.66 4.3302976
-52.65 4.330441
-52.64 4.3305605
-52.63 4.3307039
-52.62 4.3308473
-52.61 4.3309668
-52.6 4.3311102
-52.59 4.3312536
-52.58 4.3313731
-52.57 4.3315165
-52.56 4.3316599
-52.55 4.3317794
-52.54 4.3319228
-52.53 4.3320423
-52.52 4.3321857
-52.51 4.3323291
-52.5 4.3324486
-52.49 4.332592
-52.48 4.3327115
-52.47 4.3328549
-52.46 4.3329983
-52.45 4.3331178
-52.44 4.3332612
-52.43 4.3333807
-52.42 4.3335241
-52.41 4.3336436
-52.4 4.333787
-52.39 4.3339304
-52.38 4.3340499
-52.37 4.3341933
-52.36 4.3343128
-52.35 4.3344562
-52.34 4.3345757
-52.33 4.3347191
-52.32 4.3348386
-52.31 4.334982
-52.3 4.3351015
-52.29 4.3352449
-52.28 4.3353644
-52.27 4.3355078
-52.26 4.3356273
-52.25 4.3357707
-52.24 4.3358902
-52.23 4.3360336
-52.22 4.3361531
-52.21 4.3362965
-52.2 4.336416
-52.19 4.3365594
-52.18 4.3366789
-52.17 4.3368223
-52.16 4.3369418
-52.15 4.3370852
-52.14 4.3372047
-52.13 4.3373481
-52.12 4.3374676
-52.11 4.337611
-52.1 4.3377305
-52.09 4.33785
-52.08 4.3379934
-52.07 4.3381129
-52.06 4.3382563
-52.05 4.3383758
-52.04 4.3385192
-52.03 4.3386387
-52.02 4.3387582
-52.01 4.3389016
-52.0 4.3390211
-51.99 4.3391645
-51.98 4.339284
-51.97 4.3394035
-51.96 4.3395469
-51.95 4.3396664
-51.94 4.3397859
-51.93 4.3399293
-51.92 4.3400488
-51.91 4.3401922
-51.9 4.3403117
-51.89 4.3404312
-51.88 4.3405746
-51.87 4.3406941
-51.86 4.3408136
-51.85 4.340957
-51.84 4.3410765
-51.83 4.341196
-51.82 4.3413394
-51.81 4.3414589
-51.8 4.3415784
-51.79 4.3417218
-51.78 4.3418413
-51.77 4.3419608
-51.76 4.3421042
-51.75 4.3422237
-51.74 4.3423432
-51.73 4.3424627
-51.72 4.3426061
-51.71 4.3427256
-51.7 4.3428451
-51.69 4.3429885
-51.68 4.343108
-51.67 4.3432275
-51.66 4.343347
-51.65 4.3434904
-51.64 4.3436099
-51.63 4.3437294
-51.62 4.3438489
-51.61 4.3439923
-51.6 4.3441118
-51.59 4.3442313
-51.58 4.3443508
-51.57 4.3444942
-51.56 4.3446137
-51.55 4.3447332
-51.54 4.3448527
-51.53 4.3449722
-51.52 4.3451156
-51.51 4.3452351
-51.5 4.3453546
-51.49 4.3454741
-51.48 4.3455936
-51.47 4.345737
-51.46 4.3458565
-51.45 4.345976
-51.44 4.3460955
-51.43 4.346215
-51.42 4.3463584
-51.41 4.3464779
-51.4 4.3465974
-51.39 4.3467169
-51.38 4.3468364
-51.37 4.3469559
-51.36 4.3470754
-51.35 4.3472188
-51.34 4.3473383
-51.33 4.3474578
-51.32 4.3475773
-51.31 4.3476968
-51.3 4.3478163
-51.29 4.3479358
-51.28 4.3480553
-51.27 4.3481987
-51.26 4.3483182
-51.25 4.3484377
-51.24 4.3485572
-51.23 4.3486767
-51.22 4.3487962
-51.21 4.3489157
-51.2 4.3490352
-51.19 4.3491547
-51.18 4.3492742
-51.17 4.3493937
-51.16 4.3495371
-51.15 4.3496566
-51.14 4.3497761
-51.13 4.3498956
-51.12 4.3500151
-51.11 4.3501346
-51.1 4.3502541
-51.09 4.3503736
-51.08 4.3504931
-51.07 4.3506126
-51.06 4.3507321
-51.05 4.3508516
-51.04 4.3509711
-51.03 4.3510906
-51.02 4.3512101
-51.01 4.3513296
-51.0 4.3514491
-50.99 4.3515686
-50.98 4.3516881
-50.97 4.3518076
-50.96 4.3519271
-50.95 4.3520466
-50.94 4.3521661
-50.93 4.3522856
-50.92 4.3524051
-50.91 4.3525246
-50.9 4.3526441
-50.89 4.3527636
-50.88 4.3528831
-50.87 4.3530026
-50.86 4.3530982
-50.85 4.3532177
-50.84 4.3533372
-50.83 4.3534567
-50.82 4.3535762
-50.81 4.3536957
-50.8 4.3538152
-50.79 4.3539347
-50.78 4.3540542
-50.77 4.3541737
-50.76 4.3542932
-50.75 4.3544127
-50.74 4.3545083
-50.73 4.3546278
-50.72 4.3547473
-50.71 4.3548668
-50.7 4.3549863
-50.69 4.3551058
-50.68 4.3552253
-50.67 4.3553448
-50.66 4.3554404
-50.65 4.3555599
-50.64 4.3556794
-50.63 4.3557989
-50.62 4.3559184
-50.61 4.3560379
-50.6 4.3561574
-50.59 4.356253
-50.58 4.3563725
-50.57 4.356492
-50.56 4.3566115
-50.55 4.356731
-50.54 4.3568266
-50.53 4.3569461
-50.52 4.3570656
-50.51 4.3571851
-50.5 4.3573046
-50.49 4.3574002
-50.48 4.3575197
-50.47 4.3576392
-50.46 4.3577587
-50.45 4.3578782
-50.44 4.3579738
-50.43 4.3580933
-50.42 4.3582128
-50.41 4.3583323
-50.4 4.3584279
-50.39 4.3585474
-50.38 4.3586669
-50.37 4.3587864
-50.36 4.358882
-50.35 4.3590015
-50.34 4.359121
-50.33 4.3592166
-50.32 4.3593361
-50.31 4.3594556
-50.3 4.3595751
-50.29 4.3596707
-50.28 4.3597902
-50.27 4.3599097
-50.26 4.3600053
-50.25 4.3601248
-50.24 4.3602443
-50.23 4.3603399
-50.22 4.3604594
-50.21 4.3605789
-50.2 4.3606745
-50.19 4.360794
-50.18 4.3609135
-50.17 4.3610091
-50.16 4.3611286
-50.15 4.3612481
-50.14 4.3613437
-50.13 4.3614632
-50.12 4.3615827
-50.11 4.3616783
-50.1 4.3617978
-50.09 4.3619173
-50.08 4.3620129
-50.07 4.3621324
-50.06 4.362228
-50.05 4.3623475
-50.04 4.362467
-50.03 4.3625626
-50.02 4.3626821
-50.01 4.3627777
-50.0 4.3628972
-49.99 4.3630167
-49.98 4.3631123
-49.97 4.3632318
-49.96 4.3633274
-49.95 4.3634469
-49.94 4.3635425
-49.93 4.363662
-49.92 4.3637576
-49.91 4.3638771
-49.9 4.3639966
-49.89 4.3640922
-49.88 4.3642117
-49.87 4.3643073
-49.86 4.3644268
-49.85 4.3645224
-49.84 4.3646419
-49.83 4.3647375
-49.82 4.364857
-49.81 4.3649526
-49.8 4.3650721
-49.79 4.3651677
-49.78 4.3652872
-49.77 4.3653828
-49.76 4.3655023
-49.75 4.3655979
-49.74 4.3657174
-49.73 4.365813
-49.72 4.3659325
-49.71 4.3660281
-49.7 4.3661476
-49.69 4.3662432
-49.68 4.3663388
-49.67 4.3664583
-49.66 4.3665539
-49.65 4.3666734
-49.64 4.366769
-49.63 4.3668885
-49.62 4.3669841
-49.61 4.3670797
-49.6 4.3671992
-49.59 4.3672948
-49.58 4.3674143
-49.57 4.3675099
-49.56 4.3676055
-49.55 4.367725
-49.54 4.3678206
-49.53 4.3679401
-49.52 4.3680357
-49.51 4.3681313
-49.5 4.3682508
-49.49 4.3683464
-49.48 4.3684659
-49.47 4.3685615
-49.46 4.3686571
-49.45 4.3687766
-49.44 4.3688722
-49.43 4.3689678
-49.42 4.3690873
-49.41 4.3691829
-49.4 4.3692785
-49.39 4.369398
-49.38 4.3694936
-49.37 4.3695892
-49.36 4.3697087
-49.35 4.3698043
-49.34 4.3698999
-49.33 4.3700194
-49.32 4.370115
-49.31 4.3702106
-49.3 4.3703062
-49.29 4.3704257
-49.28 4.3705213
-49.27 4.3706169
-49.26 4.3707364
-49.25 4.370832
-49.24 4.3709276
-49.23 4.3710232
-49.22 4.3711427
-49.21 4.3712383
-49.2 4.3713339
-49.19 4.3714295
-49.18 4.371549
-49.17 4.3716446
-49.16 4.3717402
-49.15 4.3718358
-49.14 4.3719314
-49.13 4.3720509
-49.12 4.3721465
-49.11 4.3722421
-49.1 4.3723377
-49.09 4.3724572
-49.08 4.3725528
-49.07 4.3726484
-49.06 4.372744
-49.05 4.3728396
-49.04 4.3729352
-49.03 4.3730547
-49.02 4.3731503
-49.01 4.3732459
-49.0 4.3733415
-48.99 4.3734371
-48.98 4.3735327
-48.97 4.3736522
-48.96 4.3737478
-48.95 4.3738434
-48.94 4.373939
-48.93 4.3740346
-48.92 4.3741302
-48.91 4.3742258
-48.9 4.3743453
-48.89 4.3744409
-48.88 4.3745365
-48.87 4.3746321
-48.86 4.3747277
-48.85 4.3748233
-48.84 4.3749189
-48.83 4.3750145
-48.82 4.3751101
-48.81 4.3752057
-48.8 4.3753013
-48.79 4.3754208
-48.78 4.3755164
-48.77 4.375612
-48.76 4.3757076
-48.75 4.3758032
-48.74 4.3758988
-48.73 4.3759944
-48.72 4.37609
-48.71 4.3761856
-48.7 4.3762812
-48.69 4.3763768
-48.68 4.3764724
-48.67 4.376568
-48.66 4.3766636
-48.65 4.3767592
-48.64 4.3768548
-48.63 4.3769504
-48.62 4.377046
-48.61 4.3771416
-48.6 4.3772372
-48.59 4.3773328
-48.58 4.3774284
-48.57 4.377524
-48.56 4.3776196
-48.55 4.3777152
-48.54 4.3778108
-48.53 4.3779064
-48.52 4.378002
-48.51 4.3780976
-48.5 4.3781932
-48.49 4.3782888
-48.48 4.3783844
-48.47 4.37848
-48.46 4.3785756
-48.45 4.3786712
-48.44 4.3787429
-48.43 4.3788385
-48.42 4.3789341
-48.41 4.3790297
-48.4 4.3791253
-48.39 4.3792209
-48.38 4.3793165
-48.37 4.3794121
-48.36 4.3795077
-48.35 4.3796033
-48.34 4.379675
-48.33 4.3797706
-48.32 4.3798662
-48.31 4.3799618
-48.3 4.3800574
-48.29 4.380153
-48.28 4.3802486
-48.27 4.3803203
-48.26 4.3804159
-48.25 4.3805115
-48.24 4.3806071
-48.23 4.3807027
-48.22 4.3807983
-48.21 4.38087
-48.2 4.3809656
-48.19 4.3810612
-48.18 4.3811568
-48.17 4.3812524
-48.16 4.381348
-48.15 4.3814197
-48.14 4.3815153
-48.13 4.3816109
-48.12 4.3817065
-48.11 4.3817782
-48.1 4.3818738
-48.09 4.3819694
-48.08 4.382065
-48.07 4.3821606
-48.06 4.3822323
-48.05 4.3823279
-48.04 4.3824235
-48.03 4.3825191
-48.02 4.3825908
-48.01 4.3826864
-48.0 4.382782
-47.99 4.3828776
-47.98 4.3829493
-47.97 4.3830449
-47.96 4.3831405
-47.95 4.3832122
-47.94 4.3833078
-47.93 4.3834034
-47.92 4.383499
-47.91 4.3835707
-47.9 4.3836663
-47.89 4.3837619
-47.88 4.3838336
-47.87 4.3839292
-47.86 4.3840248
-47.85 4.3840965
-47.84 4.3841921
-47.83 4.3842877
-47.82 4.3843594
-47.81 4.384455
-47.8 4.3845506
-47.79 4.3846223
-47.78 4.3847179
-47.77 4.3847896
-47.76 4.3848852
-47.75 4.3849808
-47.74 4.3850525
-47.73 4.3851481
-47.72 4.3852437
-47.71 4.3853154
-47.7 4.385411
-47.69 4.3854827
-47.68 4.3855783
-47.67 4.3856739
-47.66 4.3857456
-47.65 4.3858412
-47.64 4.3859129
-47.63 4.3860085
-47.62 4.3860802
-47.61 4.3861758
-47.6 4.3862714
-47.59 4.3863431
-47.58 4.3864387
-47.57 4.3865104
-47.56 4.386606
-47.55 4.3866777
-47.54 4.3867733
-47.53 4.386845
-47.52 4.3869406
-47.51 4.3870123
-47.5 4.3871079
-47.49 4.3871796
-47.48 4.3872752
-47.47 4.3873469
-47.46 4.3874425
-47.45 4.3875142
-47.44 4.3876098
-47.43 4.3876815
-47.42 4.3877771
-47.41 4.3878488
-47.4 4.3879444
-47.39 4.3880161
-47.38 4.3881117
-47.37 4.3881834
-47.36 4.388279
-47.35 4.3883507
-47.34 4.3884463
-47.33 4.388518
-47.32 4.3886136
-47.31 4.3886853
-47.3 4.388757
-47.29 4.3888526
-47.28 4.3889243
-47.27 4.3890199
-47.26 4.3890916
-47.25 4.3891633
-47.24 4.3892589
-47.23 4.3893306
-47.22 4.3894262
-47.21 4.3894979
-47.2 4.3895696
-47.19 4.3896652
-47.18 4.3897369
-47.17 4.3898325
-47.16 4.3899042
-47.15 4.3899759
-47.14 4.3900715
-47.13 4.3901432
-47.12 4.3902149
-47.11 4.3903105
-47.1 4.3903822
-47.09 4.3904539
-47.08 4.3905495
-47.07 4.3906212
-47.06 4.3906929
-47.05 4.3907885
-47.04 4.3908602
-47.03 4.3909319
-47.02 4.3910275
-47.01 4.3910992
-47.0 4.3911709
-46.99 4.3912665
-46.98 4.3913382
-46.97 4.3914099
-46.96 4.3914816
-46.95 4.3915772
-46.94 4.3916489
-46.93 4.3917206
-46.92 4.3917923
-46.91 4.3918879
-46.9 4.3919596
-46.89 4.3920313
-46.88 4.392103
-46.87 4.3921986
-46.86 4.3922703
-46.85 4.392342
-46.84 4.3924137
-46.83 4.3925093
-46.82 4.392581
-46.81 4.3926527
-46.8 4.3927244
-46.79 4.3927961
-46.78 4.3928917
-46.77 4.3929634
-46.76 4.3930351
-46.75 4.3931068
-46.74 4.3931785
-46.73 4.3932741
-46.72 4.3933458
-46.71 4.3934175
-46.7 4.3934892
-46.69 4.3935609
-46.68 4.3936326
-46.67 4.3937282
-46.66 4.3937999
-46.65 4.3938716
-46.64 4.3939433
-46.63 4.394015
-46.62 4.3940867
-46.61 4.3941584
-46.6 4.394254
-46.59 4.3943257
-46.58 4.3943974
-46.57 4.3944691
-46.56 4.3945408
-46.55 4.3946125
-46.54 4.3946842
-46.53 4.3947559
-46.52 4.3948276
-46.51 4.3948993
-46.5 4.3949949
-46.49 4.3950666
-46.48 4.3951383
-46.47 4.39521
-46.46 4.3952817
-46.45 4.3953534
-46.44 4.3954251
-46.43 4.3954968
-46.42 4.3955685
-46.41 4.3956402
-46.4 4.3957119
-46.39 4.3957836
-46.38 4.3958553
-46.37 4.395927
-46.36 4.3959987
-46.35 4.3960704
-46.34 4.3961421
-46.33 4.3962138
-46.32 4.3962855
-46.31 4.3963572
-46.3 4.3964289
-46.29 4.3965006
-46.28 4.3965723
-46.27 4.396644
-46.26 4.3967157
-46.25 4.3967874
-46.24 4.3968591
-46.23 4.3969308
-46.22 4.3970025
-46.21 4.3970742
-46.2 4.3971459
-46.19 4.3972176
-46.18 4.3972893
-46.17 4.397361
-46.16 4.3974327
-46.15 4.3975044
-46.14 4.3975522
-46.13 4.3976239
-46.12 4.3976956
-46.11 4.3977673
-46.1 4.397839
-46.09 4.3979107
-46.08 4.3979824
-46.07 4.3980541
-46.06 4.3981258
-46.05 4.3981975
-46.04 4.3982453
-46.03 4.398317
-46.02 4.3983887
-46.01 4.3984604
-46.0 4.3985321
-45.99 4.3986038
-45.98 4.3986755
-45.97 4.3987233
-45.96 4.398795
-45.95 4.3988667
-45.94 4.3989384
-45.93 4.3990101
-45.92 4.3990818
-45.91 4.3991296
-45.9 4.3992013
-45.89 4.399273
-45.88 4.3993447
-45.87 4.3994164
-45.86 4.3994642
-45.85 4.3995359
-45.84 4.3996076
-45.83 4.3996793
-45.82 4.399751
-45.81 4.3997988
-45.8 4.3998705
-45.79 4.3999422
-45.78 4.4000139
-45.77 4.4000617
-45.76 4.4001334
-45.75 4.4002051
-45.74 4.4002768
-45.73 4.4003246
-45.72 4.4003963
-45.71 4.400468
-45.7 4.4005397
-45.69 4.4005875
-45.68 4.4006592
-45.67 4.4007309
-45.66 4.4007787
-45.65 4.4008504
-45.64 4.4009221
-45.63 4.4009699
-45.62 4.4010416
-45.61 4.4011133
-45.6 4.401185
-45.59 4.4012328
-45.58 4.4013045
-45.57 4.4013762
-45.56 4.401424
-45.55 4.4014957
-45.54 4.4015674
-45.53 4.4016152
-45.52 4.4016869
-45.51 4.4017347
-45.5 4.4018064
-45.49 4.4018781
-45.48 4.4019259
-45.47 4.4019976
-45.46 4.4020693
-45.45 4.4021171
-45.44 4.4021888
-45.43 4.4022366
-45.42 4.4023083
-45.41 4.40238
-45.4 4.4024278
-45.39 4.4024995
-45.38 4.4025473
-45.37 4.402619
-45.36 4.4026907
-45.35 4.4027385
-45.34 4.4028102
-45.33 4.402858
-45.32 4.4029297
-45.31 4.4029775
-45.3 4.4030492
-45.29 4.403097
-45.28 4.4031687
-45.27 4.4032165
-45.26 4.4032882
-45.25 4.4033599
-45.24 4.4034077
-45.23 4.4034794
-45.22 4.4035272
-45.21 4.4035989
-45.2 4.4036467
-45.19 4.4037184
-45.18 4.4037662
-45.17 4.4038379
-45.16 4.4038857
-45.15 4.4039574
-45.14 4.4040052
-45.13 4.404053
-45.12 4.4041247
-45.11 4.4041725
-45.1 4.4042442
-45.09 4.404292
-45.08 4.4043637
-45.07 4.4044115
-45.06 4.4044832
-45.05 4.404531
-45.04 4.4046027
-45.03 4.4046505
-45.02 4.4046983
-45.01 4.40477
-45.0 4.4048178
-44.99 4.4048895
-44.98 4.4049373
-44.97 4.4049851
-44.96 4.4050568
-44.95 4.4051046
-44.94 4.4051763
-44.93 4.4052241
-44.92 4.4052719
-44.91 4.4053436
-44.9 4.4053914
-44.89 4.4054392
-44.88 4.4055109
-44.87 4.4055587
-44.86 4.4056065
-44.85 4.4056782
-44.84 4.405726
-44.83 4.4057977
-44.82 4.4058455
-44.81 4.4058933
-44.8 4.4059411
-44.79 4.4060128
-44.78 4.4060606
-44.77 4.4061084
-44.76 4.4061801
-44.75 4.4062279
-44.74 4.4062757
-44.73 4.4063474
-44.72 4.4063952
-44.71 4.406443
-44.7 4.4064908
-44.69 4.4065625
-44.68 4.4066103
-44.67 4.4066581
-44.66 4.4067298
-44.65 4.4067776
-44.64 4.4068254
-44.63 4.4068732
-44.62 4.4069449
-44.61 4.4069927
-44.6 4.4070405
-44.59 4.4070883
-44.58 4.4071361
-44.57 4.4072078
-44.56 4.4072556
-44.55 4.4073034
-44.54 4.4073512
-44.53 4.4074229
-44.52 4.4074707
-44.51 4.4075185
-44.5 4.4075663
-44.49 4.4076141
-44.48 4.4076619
-44.47 4.4077336
-44.46 4.4077814
-44.45 4.4078292
-44.44 4.407877
-44.43 4.4079248
-44.42 4.4079726
-44.41 4.4080443
-44.4 4.4080921
-44.39 4.4081399
-44.38 4.4081877
-44.37 4.4082355
-44.36 4.4082833
-44.35 4.4083311
-44.34 4.4084028
-44.33 4.4084506
-44.32 4.4084984
-44.31 4.4085462
-44.3 4.408594
-44.29 4.4086418
-44.28 4.4086896
-44.27 4.4087374
-44.26 4.4087852
-44.25 4.408833
-44.24 4.4088808
-44.23 4.4089525
-44.22 4.4090003
-44.21 4.4090481
-44.2 4.4090959
-44.19 4.4091437
-44.18 4.4091915
-44.17 4.4092393
-44.16 4.4092871
-44.15 4.4093349
-44.14 4.4093827
-44.13 4.4094305
-44.12 4.4094783
-44.11 4.4095261
-44.1 4.4095739
-44.09 4.4096217
-44.08 4.4096695
-44.07 4.4097173
-44.06 4.4097651
-44.05 4.4098129
-44.04 4.4098607
-44.03 4.4099085
-44.02 4.4099563
-44.01 4.4100041
-44.0 4.4100519
-43.99 4.4100997
-43.98 4.4101475
-43.97 4.4101953
-43.96 4.4102431
-43.95 4.4102909
-43.94 4.4103387
-43.93 4.4103626
-43.92 4.4104104
-43.91 4.4104582
-43.9 4.410506
-43.89 4.4105538
-43.88 4.4106016
-43.87 4.4106494
-43.86 4.4106972
-43.85 4.410745
-43.84 4.4107928
-43.83 4.4108406
-43.82 4.4108645
-43.81 4.4109123
-43.8 4.4109601
-43.79 4.4110079
-43.78 4.4110557
-43.77 4.4111035
-43.76 4.4111513
-43.75 4.4111752
-43.74 4.411223
-43.73 4.4112708
-43.72 4.4113186
-43.71 4.4113664
-43.7 4.4114142
-43.69 4.4114381
-43.68 4.4114859
-43.67 4.4115337
-43.66 4.4115815
-43.65 4.4116293
-43.64 4.4116771
-43.63 4.411701
-43.62 4.4117488
-43.61 4.4117966
-43.6 4.4118444
-43.59 4.4118922
-43.58 4.4119161
-43.57 4.4119639
-43.56 4.4120117
-43.55 4.4120595
-43.54 4.4120834
-43.53 4.4121312
-43.52 4.412179
-43.51 4.4122268
-43.5 4.4122507
-43.49 4.4122985
-43.48 4.4123463
-43.47 4.4123941
-43.46 4.412418
-43.45 4.4124658
-43.44 4.4125136
-43.43 4.4125375
-43.42 4.4125853
-43.41 4.4126331
-43.4 4.412657
-43.39 4.4127048
-43.38 4.4127526
-43.37 4.4128004
-43.36 4.4128243
-43.35 4.4128721
-43.34 4.4129199
-43.33 4.4129438
-43.32 4.4129916
-43.31 4.4130394
-43.3 4.4130633
-43.29 4.4131111
-43.28 4.413135
-43.27 4.4131828
-43.26 4.4132306
-43.25 4.4132545
-43.24 4.4133023
-43.23 4.4133501
-43.22 4.413374
-43.21 4.4134218
-43.2 4.4134457
-43.19 4.4134935
-43.18 4.4135413
-43.17 4.4135652
-43.16 4.413613
-43.15 4.4136369
-43.14 4.4136847
-43.13 4.4137325
-43.12 4.4137564
-43.11 4.4138042
-43.1 4.4138281
-43.09 4.4138759
-43.08 4.4138998
-43.07 4.4139476
-43.06 4.4139715
-43.05 4.4140193
-43.04 4.4140432
-43.03 4.414091
-43.02 4.4141388
-43.01 4.4141627
-43.0 4.4142105
-42.99 4.4142344
-42.98 4.4142822
-42.97 4.4143061
-42.96 4.4143539
-42.95 4.4143778
-42.94 4.4144256
-42.93 4.4144495
-42.92 4.4144973
-42.91 4.4145212
-42.9 4.4145451
-42.89 4.4145929
-42.88 4.4146168
-42.87 4.4146646
-42.86 4.4146885
-42.85 4.4147363
-42.84 4.4147602
-42.83 4.414808
-42.82 4.4148319
-42.81 4.4148558
-42.8 4.4149036
-42.79 4.4149275
-42.78 4.4149753
-42.77 4.4149992
-42.76 4.415047
-42.75 4.4150709
-42.74 4.4150948
-42.73 4.4151426
-42.72 4.4151665
-42.71 4.4152143
-42.7 4.4152382
-42.69 4.4152621
-42.68 4.4153099
-42.67 4.4153338
-42.66 4.4153577
-42.65 4.4154055
-42.64 4.4154294
-42.63 4.4154533
-42.62 4.4155011
-42.61 4.415525
-42.6 4.4155489
-42.59 4.4155967
-42.58 4.4156206
-42.57 4.4156445
-42.56 4.4156923
-42.55 4.4157162
-42.54 4.4157401
-42.53 4.4157879
-42.52 4.4158118
-42.51 4.4158357
-42.5 4.4158835
-42.49 4.4159074
-42.48 4.4159313
-42.47 4.4159552
-42.46 4.416003
-42.45 4.4160269
-42.44 4.4160508
-42.43 4.4160747
-42.42 4.4161225
-42.41 4.4161464
-42.4 4.4161703
-42.39 4.4161942
-42.38 4.416242
-42.37 4.4162659
-42.36 4.4162898
-42.35 4.4163137
-42.34 4.4163615
-42.33 4.4163854
-42.32 4.4164093
-42.31 4.4164332
-42.3 4.4164571
-42.29 4.4165049
-42.28 4.4165288
-42.27 4.4165527
-42.26 4.4165766
-42.25 4.4166005
-42.24 4.4166244
-42.23 4.4166722
-42.22 4.4166961
-42.21 4.41672
-42.2 4.4167439
-42.19 4.4167678
-42.18 4.4167917
-42.17 4.4168395
-42.16 4.4168634
-42.15 4.4168873
-42.14 4.4169112
-42.13 4.4169351
-42.12 4.416959
-42.11 4.4169829
-42.1 4.4170068
-42.09 4.4170546
-42.08 4.4170785
-42.07 4.4171024
-42.06 4.4171263
-42.05 4.4171502
-42.04 4.4171741
-42.03 4.417198
-42.02 4.4172219
-42.01 4.4172458
-42.0 4.4172697
-41.99 4.4172936
-41.98 4.4173175
-41.97 4.4173414
-41.96 4.4173653
-41.95 4.4173892
-41.94 4.417437
-41.93 4.4174609
-41.92 4.4174848
-41.91 4.4175087
-41.9 4.4175326
-41.89 4.4175565
-41.88 4.4175804
-41.87 4.4176043
-41.86 4.4176282
-41.85 4.4176521
-41.84 4.417676
-41.83 4.4176999
-41.82 4.4177238
-41.81 4.4177477
-41.8 4.4177716
-41.79 4.4177955
-41.78 4.4177955
-41.77 4.4178194
-41.76 4.4178433
-41.75 4.4178672
-41.74 4.4178911
-41.73 4.417915
-41.72 4.4179389
-41.71 4.4179628
-41.7 4.4179867
-41.69 4.4180106
-41.68 4.4180345
-41.67 4.4180584
-41.66 4.4180823
-41.65 4.4181062
-41.64 4.4181301
-41.63 4.4181301
-41.62 4.418154
-41.61 4.4181779
-41.6 4.4182018
-41.59 4.4182257
-41.58 4.4182496
-41.57 4.4182735
-41.56 4.4182974
-41.55 4.4182974
-41.54 4.4183213
-41.53 4.4183452
-41.52 4.4183691
-41.51 4.418393
-41.5 4.4184169
-41.49 4.4184169
-41.48 4.4184408
-41.47 4.4184647
-41.46 4.4184886
-41.45 4.4185125
-41.44 4.4185364
-41.43 4.4185364
-41.42 4.4185603
-41.41 4.4185842
-41.4 4.4186081
-41.39 4.418632
-41.38 4.418632
-41.37 4.4186559
-41.36 4.4186798
-41.35 4.4187037
-41.34 4.4187037
-41.33 4.4187276
-41.32 4.4187515
-41.31 4.4187754
-41.3 4.4187754
-41.29 4.4187993
-41.28 4.4188232
-41.27 4.4188471
-41.26 4.4188471
-41.25 4.418871
-41.24 4.4188949
-41.23 4.4189188
-41.22 4.4189188
-41.21 4.4189427
-41.2 4.4189666
-41.19 4.4189666
-41.18 4.4189905
-41.17 4.4190144
-41.16 4.4190144
-41.15 4.4190383
-41.14 4.4190622
-41.13 4.4190861
-41.12 4.4190861
-41.11 4.41911
-41.1 4.41911
-41.09 4.4191339
-41.08 4.4191578
-41.07 4.4191578
-41.06 4.4191817
-41.05 4.4192056
-41.04 4.4192056
-41.03 4.4192295
-41.02 4.4192534
-41.01 4.4192534
-41.0 4.4192773
-40.99 4.4192773
-40.98 4.4193012
-40.97 4.4193251
-40.96 4.4193251
-40.95 4.419349
-40.94 4.419349
-40.93 4.4193729
-40.92 4.4193968
-40.91 4.4193968
-40.9 4.4194207
-40.89 4.4194207
-40.88 4.4194446
-40.87 4.4194446
-40.86 4.4194685
-40.85 4.4194685
-40.84 4.4194924
-40.83 4.4195163
-40.82 4.4195163
-40.81 4.4195402
-40.8 4.4195402
-40.79 4.4195641
-40.78 4.4195641
-40.77 4.419588
-40.76 4.419588
-40.75 4.4196119
-40.74 4.4196119
-40.73 4.4196358
-40.72 4.4196358
-40.71 4.4196597
-40.7 4.4196597
-40.69 4.4196836
-40.68 4.4196836
-40.67 4.4197075
-40.66 4.4197075
-40.65 4.4197075
-40.64 4.4197314
-40.63 4.4197314
-40.62 4.4197553
-40.61 4.4197553
-40.6 4.4197792
-40.59 4.4197792
-40.58 4.4198031
-40.57 4.4198031
-40.56 4.4198031
-40.55 4.419827
-40.54 4.419827
-40.53 4.4198509
-40.52 4.4198509
-40.51 4.4198509
-40.5 4.4198748
-40.49 4.4198748
-40.48 4.4198987
-40.47 4.4198987
-40.46 4.4198987
-40.45 4.4199226
-40.44 4.4199226
-40.43 4.4199226
-40.42 4.4199465
-40.41 4.4199465
-40.4 4.4199465
-40.39 4.4199704
-40.38 4.4199704
-40.37 4.4199704
-40.36 4.4199943
-40.35 4.4199943
-40.34 4.4199943
-40.33 4.4200182
-40.32 4.4200182
-40.31 4.4200182
-40.3 4.4200421
-40.29 4.4200421
-40.28 4.4200421
-40.27 4.4200421
-40.26 4.420066
-40.25 4.420066
-40.24 4.420066
-40.23 4.4200899
-40.22 4.4200899
-40.21 4.4200899
-40.2 4.4200899
-40.19 4.4201138
-40.18 4.4201138
-40.17 4.4201138
-40.16 4.4201138
-40.15 4.4201377
-40.14 4.4201377
-40.13 4.4201377
-40.12 4.4201377
-40.11 4.4201377
-40.1 4.4201616
-40.09 4.4201616
-40.08 4.4201616
-40.07 4.4201616
-40.06 4.4201616
-40.05 4.4201855
-40.04 4.4201855
-40.03 4.4201855
-40.02 4.4201855
-40.01 4.4201855
-40.0 4.4201855
-39.99 4.4202094
-39.98 4.4202094
-39.97 4.4202094
-39.96 4.4202094
-39.95 4.4202094
-39.94 4.4202094
-39.93 4.4202094
-39.92 4.4202333
-39.91 4.4202333
-39.9 4.4202333
-39.89 4.4202333
-39.88 4.4202333
-39.87 4.4202333
-39.86 4.4202333
-39.85 4.4202333
-39.84 4.4202333
-39.83 4.4202572
-39.82 4.4202572
-39.81 4.4202572
-39.8 4.4202572
-39.79 4.4202572
-39.78 4.4202572
-39.77 4.4202572
-39.76 4.4202572
-39.75 4.4202572
-39.74 4.4202572
-39.73 4.4202572
-39.72 4.4202572
-39.71 4.4202572
-39.7 4.4202572
-39.69 4.4202572
-39.68 4.4202572
-39.67 4.4202572
-39.66 4.4202572
-39.65 4.4202572
-39.64 4.4202572
-39.63 4.4202572
-39.62 4.4202572
-39.61 4.4202572
-39.6 4.4202572
-39.59 4.4202572
-39.58 4.4202572
-39.57 4.4202572
-39.56 4.4202572
-39.55 4.4202572
-39.54 4.4202572
-39.53 4.4202572
-39.52 4.4202572
-39.51 4.4202572
-39.5 4.4202572
-39.49 4.4202572
-39.48 4.4202572
-39.47 4.4202572
-39.46 4.4202572
-39.45 4.4202572
-39.44 4.4202572
-39.43 4.4202333
-39.42 4.4202333
-39.41 4.4202333
-39.4 4.4202333
-39.39 4.4202333
-39.38 4.4202333
-39.37 4.4202333
-39.36 4.4202333
-39.35 4.4202333
-39.34 4.4202094
-39.33 4.4202094
-39.32 4.4202094
-39.31 4.4202094
-39.3 4.4202094
-39.29 4.4202094
-39.28 4.4202094
-39.27 4.4201855
-39.26 4.4201855
-39.25 4.4201855
-39.24 4.4201855
-39.23 4.4201855
-39.22 4.4201616
-39.21 4.4201616
-39.2 4.4201616
-39.19 4.4201616
-39.18 4.4201616
-39.17 4.4201377
-39.16 4.4201377
-39.15 4.4201377
-39.14 4.4201377
-39.13 4.4201377
-39.12 4.4201138
-39.11 4.4201138
-39.1 4.4201138
-39.09 4.4201138
-39.08 4.4200899
-39.07 4.4200899
-39.06 4.4200899
-39.05 4.4200899
-39.04 4.420066
-39.03 4.420066
-39.02 4.420066
-39.01 4.420066
-39.0 4.4200421
-38.99 4.4200421
-38.98 4.4200421
-38.97 4.4200182
-38.96 4.4200182
-38.95 4.4200182
-38.94 4.4200182
-38.93 4.4199943
-38.92 4.4199943
-38.91 4.4199943
-38.9 4.4199704
-38.89 4.4199704
-38.88 4.4199704
-38.87 4.4199465
-38.86 4.4199465
-38.85 4.4199465
-38.84 4.4199226
-38.83 4.4199226
-38.82 4.4198987
-38.81 4.4198987
-38.8 4.4198987
-38.79 4.4198748
-38.78 4.4198748
-38.77 4.4198748
-38.76 4.4198509
-38.75 4.4198509
-38.74 4.419827
-38.73 4.419827
-38.72 4.419827
-38.71 4.4198031
-38.7 4.4198031
-38.69 4.4197792
-38.68 4.4197792
-38.67 4.4197553
-38.66 4.4197553
-38.65 4.4197553
-38.64 4.4197314
-38.63 4.4197314
-38.62 4.4197075
-38.61 4.4197075
-38.6 4.4196836
-38.59 4.4196836
-38.58 4.4196597
-38.57 4.4196597
-38.56 4.4196358
-38.55 4.4196358
-38.54 4.4196358
-38.53 4.4196119
-38.52 4.4196119
-38.51 4.419588
-38.5 4.419588
-38.49 4.4195641
-38.48 4.4195641
-38.47 4.4195402
-38.46 4.4195163
-38.45 4.4195163
-38.44 4.4194924
-38.43 4.4194924
-38.42 4.4194685
-38.41 4.4194685
-38.4 4.4194446
-38.39 4.4194446
-38.38 4.4194207
-38.37 4.4194207
-38.36 4.4193968
-38.35 4.4193729
-38.34 4.4193729
-38.33 4.419349
-38.32 4.419349
-38.31 4.4193251
-38.3 4.4193251
-38.29 4.4193012
-38.28 4.4192773
-38.27 4.4192773
-38.26 4.4192534
-38.25 4.4192534
-38.24 4.4192295
-38.23 4.4192056
-38.22 4.4192056
-38.21 4.4191817
-38.2 4.4191578
-38.19 4.4191578
-38.18 4.4191339
-38.17 4.41911
-38.16 4.41911
-38.15 4.4190861
-38.14 4.4190622
-38.13 4.4190622
-38.12 4.4190383
-38.11 4.4190144
-38.1 4.4190144
-38.09 4.4189905
-38.08 4.4189666
-38.07 4.4189666
-38.06 4.4189427
-38.05 4.4189188
-38.04 4.4189188
-38.03 4.4188949
-38.02 4.418871
-38.01 4.4188471
-38.0 4.4188471
-37.99 4.4188232
-37.98 4.4187993
-37.97 4.4187993
-37.96 4.4187754
-37.95 4.4187515
-37.94 4.4187276
-37.93 4.4187276
-37.92 4.4187037
-37.91 4.4186798
-37.9 4.4186559
-37.89 4.418632
-37.88 4.418632
-37.87 4.4186081
-37.86 4.4185842
-37.85 4.4185603
-37.84 4.4185603
-37.83 4.4185364
-37.82 4.4185125
-37.81 4.4184886
-37.8 4.4184647
-37.79 4.4184408
-37.78 4.4184408
-37.77 4.4184169
-37.76 4.418393
-37.75 4.4183691
-37.74 4.4183452
-37.73 4.4183213
-37.72 4.4183213
-37.71 4.4182974
-37.7 4.4182735
-37.69 4.4182496
-37.68 4.4182257
-37.67 4.4182018
-37.66 4.4181779
-37.65 4.4181779
-37.64 4.418154
-37.63 4.4181301
-37.62 4.4181062
-37.61 4.4180823
-37.6 4.4180584
-37.59 4.4180345
-37.58 4.4180106
-37.57 4.4179867
-37.56 4.4179628
-37.55 4.4179628
-37.54 4.4179389
-37.53 4.417915
-37.52 4.4178911
-37.51 4.4178672
-37.5 4.4178433
-37.49 4.4178194
-37.48 4.4177955
-37.47 4.4177716
-37.46 4.4177477
-37.45 4.4177238
-37.44 4.4176999
-37.43 4.417676
-37.42 4.4176521
-37.41 4.4176282
-37.4 4.4176043
-37.39 4.4175804
-37.38 4.4175565
-37.37 4.4175326
-37.36 4.4175087
-37.35 4.4174848
-37.34 4.4174609
-37.33 4.417437
-37.32 4.4174131
-37.31 4.4173892
-37.3 4.4173653
-37.29 4.4173414
-37.28 4.4173175
-37.27 4.4172936
-37.26 4.4172697
-37.25 4.4172458
-37.24 4.4172219
-37.23 4.417198
-37.22 4.4171741
-37.21 4.4171502
-37.2 4.4171263
-37.19 4.4170785
-37.18 4.4170546
-37.17 4.4170307
-37.16 4.4170068
-37.15 4.4169829
-37.14 4.416959
-37.13 4.4169351
-37.12 4.4169112
-37.11 4.4168873
-37.1 4.4168634
-37.09 4.4168156
-37.08 4.4167917
-37.07 4.4167678
-37.06 4.4167439
-37.05 4.41672
-37.04 4.4166961
-37.03 4.4166722
-37.02 4.4166244
-37.01 4.4166005
-37.0 4.4165766
-36.99 4.4165527
-36.98 4.4165288
-36.97 4.4165049
-36.96 4.4164571
-36.95 4.4164332
-36.94 4.4164093
-36.93 4.4163854
-36.92 4.4163615
-36.91 4.4163376
-36.9 4.4162898
-36.89 4.4162659
-36.88 4.416242
-36.87 4.4162181
-36.86 4.4161703
-36.85 4.4161464
-36.84 4.4161225
-36.83 4.4160986
-36.82 4.4160747
-36.81 4.4160269
-36.8 4.416003
-36.79 4.4159791
-36.78 4.4159552
-36.77 4.4159074
-36.76 4.4158835
-36.75 4.4158596
-36.74 4.4158118
-36.73 4.4157879
-36.72 4.415764
-36.71 4.4157401
-36.7 4.4156923
-36.69 4.4156684
-36.68 4.4156445
-36.67 4.4155967
-36.66 4.4155728
-36.65 4.4155489
-36.64 4.4155011
-36.63 4.4154772
-36.62 4.4154533
-36.61 4.4154055
-36.6 4.4153816
-36.59 4.4153577
-36.58 4.4153099
-36.57 4.415286
-36.56 4.4152621
-36.55 4.4152143
-36.54 4.4151904
-36.53 4.4151665
-36.52 4.4151187
-36.51 4.4150948
-36.5 4.4150709
-36.49 4.4150231
-36.48 4.4149992
-36.47 4.4149514
-36.46 4.4149275
-36.45 4.4149036
-36.44 4.4148558
-36.43 4.4148319
-36.42 4.4147841
-36.41 4.4147602
-36.4 4.4147363
-36.39 4.4146885
-36.38 4.4146646
-36.37 4.4146168
-36.36 4.4145929
-36.35 4.4145451
-36.34 4.4145212
-36.33 4.4144734
-36.32 4.4144495
-36.31 4.4144256
-36.3 4.4143778
-36.29 4.4143539
-36.28 4.4143061
-36.27 4.4142822
-36.26 4.4142344
-36.25 4.4142105
-36.24 4.4141627
-36.23 4.4141388
-36.22 4.414091
-36.21 4.4140671
-36.2 4.4140193
-36.19 4.4139954
-36.18 4.4139476
-36.17 4.4139237
-36.16 4.4138759
-36.15 4.413852
-36.14 4.4138042
-36.13 4.4137803
-36.12 4.4137325
-36.11 4.4136847
-36.1 4.4136608
-36.09 4.413613
-36.08 4.4135891
-36.07 4.4135413
-36.06 4.4135174
-36.05 4.4134696
-36.04 4.4134457
-36.03 4.4133979
-36.02 4.4133501
-36.01 4.4133262
-36.0 4.4132784
-35.99 4.4132545
-35.98 4.4132067
-35.97 4.4131589
-35.96 4.413135
-35.95 4.4130872
-35.94 4.4130633
-35.93 4.4130155
-35.92 4.4129677
-35.91 4.4129438
-35.9 4.412896
-35.89 4.4128482
-35.88 4.4128243
-35.87 4.4127765
-35.86 4.4127287
-35.85 4.4127048
-35.84 4.412657
-35.83 4.4126092
-35.82 4.4125853
-35.81 4.4125375
-35.8 4.4124897
-35.79 4.4124658
-35.78 4.412418
-35.77 4.4123702
-35.76 4.4123463
-35.75 4.4122985
-35.74 4.4122507
-35.73 4.4122268
-35.72 4.412179
-35.71 4.4121312
-35.7 4.4120834
-35.69 4.4120595
-35.68 4.4120117
-35.67 4.4119639
-35.66 4.4119161
-35.65 4.4118922
-35.64 4.4118444
-35.63 4.4117966
-35.62 4.4117727
-35.61 4.4117249
-35.6 4.4116771
-35.59 4.4116293
-35.58 4.4115815
-35.57 4.4115576
-35.56 4.4115098
-35.55 4.411462
-35.54 4.4114142
-35.53 4.4113903
-35.52 4.4113425
-35.51 4.4112947
-35.5 4.4112469
-35.49 4.4111991
-35.48 4.4111513
-35.47 4.4111274
-35.46 4.4110796
-35.45 4.4110318
-35.44 4.410984
-35.43 4.4109362
-35.42 4.4109123
-35.41 4.4108645
-35.4 4.4108167
-35.39 4.4107689
-35.38 4.4107211
-35.37 4.4106733
-35.36 4.4106255
-35.35 4.4106016
-35.34 4.4105538
-35.33 4.410506
-35.32 4.4104582
-35.31 4.4104104
-35.3 4.4103626
-35.29 4.4103148
-35.28 4.410267
-35.27 4.4102192
-35.26 4.4101953
-35.25 4.4101475
-35.24 4.4100997
-35.23 4.4100519
-35.22 4.4100041
-35.21 4.4099563
-35.2 4.4099085
-35.19 4.4098607
-35.18 4.4098129
-35.17 4.4097651
-35.16 4.4097173
-35.15 4.4096695
-35.14 4.4096217
-35.13 4.4095739
-35.12 4.4095261
-35.11 4.4094783
-35.1 4.4094305
-35.09 4.4093827
-35.08 4.4093349
-35.07 4.4092871
-35.06 4.4092632
-35.05 4.4092154
-35.04 4.4091676
-35.03 4.4091198
-35.02 4.409072
-35.01 4.4090003
-35.0 4.4089525
-34.99 4.4089047
-34.98 4.4088569
-34.97 4.4088091
-34.96 4.4087613
-34.95 4.4087135
-34.94 4.4086657
-34.93 4.4086179
-34.92 4.4085701
-34.91 4.4085223
-34.9 4.4084745
-34.89 4.4084267
-34.88 4.4083789
-34.87 4.4083311
-34.86 4.4082833
-34.85 4.4082355
-34.84 4.4081877
-34.83 4.4081399
-34.82 4.4080682
-34.81 4.4080204
-34.8 4.4079726
-34.79 4.4079248
-34.78 4.407877
-34.77 4.4078292
-34.76 4.4077814
-34.75 4.4077336
-34.74 4.4076858
-34.73 4.4076141
-34.72 4.4075663
-34.71 4.4075185
-34.7 4.4074707
-34.69 4.4074229
-34.68 4.4073751
-34.67 4.4073273
-34.66 4.4072556
-34.65 4.4072078
-34.64 4.40716
-34.63 4.4071122
-34.62 4.4070644
-34.61 4.4070166
-34.6 4.4069449
-34.59 4.4068971
-34.58 4.4068493
-34.57 4.4068015
-34.56 4.4067537
-34.55 4.406682
-34.54 4.4066342
-34.53 4.4065864
-34.52 4.4065386
-34.51 4.4064908
-34.5 4.4064191
-34.49 4.4063713
-34.48 4.4063235
-34.47 4.4062757
-34.46 4.406204
-34.45 4.4061562
-34.44 4.4061084
-34.43 4.4060606
-34.42 4.4059889
-34.41 4.4059411
-34.4 4.4058933
-34.39 4.4058455
-34.38 4.4057738
-34.37 4.405726
-34.36 4.4056782
-34.35 4.4056065
-34.34 4.4055587
-34.33 4.4055109
-34.32 4.4054631
-34.31 4.4053914
-34.3 4.4053436
-34.29 4.4052958
-34.28 4.4052241
-34.27 4.4051763
-34.26 4.4051285
-34.25 4.4050568
-34.24 4.405009
-34.23 4.4049612
-34.22 4.4048895
-34.21 4.4048417
-34.2 4.4047939
-34.19 4.4047222
-34.18 4.4046744
-34.17 4.4046266
-34.16 4.4045549
-34.15 4.4045071
-34.14 4.4044593
-34.13 4.4043876
-34.12 4.4043398
-34.11 4.4042681
-34.1 4.4042203
-34.09 4.4041725
-34.08 4.4041008
-34.07 4.404053
-34.06 4.4039813
-34.05 4.4039335
-34.04 4.4038857
-34.03 4.403814
-34.02 4.4037662
-34.01 4.4036945
-34.0 4.4036467
-33.99 4.403575
-33.98 4.4035272
-33.97 4.4034794
-33.96 4.4034077
-33.95 4.4033599
-33.94 4.4032882
-33.93 4.4032404
-33.92 4.4031687
-33.91 4.4031209
-33.9 4.4030492
-33.89 4.4030014
-33.88 4.4029297
-33.87 4.4028819
-33.86 4.4028102
-33.85 4.4027624
-33.84 4.4026907
-33.83 4.4026429
-33.82 4.4025712
-33.81 4.4025234
-33.8 4.4024517
-33.79 4.4024039
-33.78 4.4023322
-33.77 4.4022844
-33.76 4.4022127
-33.75 4.4021649
-33.74 4.4020932
-33.73 4.4020454
-33.72 4.4019737
-33.71 4.4019259
-33.7 4.4018542
-33.69 4.4017825
-33.68 4.4017347
-33.67 4.401663
-33.66 4.4016152
-33.65 4.4015435
-33.64 4.4014957
-33.63 4.401424
-33.62 4.4013523
-33.61 4.4013045
-33.6 4.4012328
-33.59 4.401185
-33.58 4.4011133
-33.57 4.4010416
-33.56 4.4009938
-33.55 4.4009221
-33.54 4.4008743
-33.53 4.4008026
-33.52 4.4007309
-33.51 4.4006831
-33.5 4.4006114
-33.49 4.4005397
-33.48 4.4004919
-33.47 4.4004202
-33.46 4.4003724
-33.45 4.4003007
-33.44 4.400229
-33.43 4.4001812
-33.42 4.4001095
-33.41 4.4000378
-33.4 4.39999
-33.39 4.3999183
-33.38 4.3998466
-33.37 4.3997749
-33.36 4.3997271
-33.35 4.3996554
-33.34 4.3995837
-33.33 4.3995359
-33.32 4.3994642
-33.31 4.3993925
-33.3 4.3993447
-33.29 4.399273
-33.28 4.3992013
-33.27 4.3991296
-33.26 4.3990818
-33.25 4.3990101
-33.24 4.3989384
-33.23 4.3988667
-33.22 4.3988189
-33.21 4.3987472
-33.2 4.3986755
-33.19 4.3986038
-33.18 4.398556
-33.17 4.3984843
-33.16 4.3984126
-33.15 4.3983409
-33.14 4.3982931
-33.13 4.3982214
-33.12 4.3981497
-33.11 4.398078
-33.1 4.3980063
-33.09 4.3979585
-33.08 4.3978868
-33.07 4.3978151
-33.06 4.3977434
-33.05 4.3976717
-33.04 4.3976239
-33.03 4.3975522
-33.02 4.3974805
-33.01 4.3974088
-33.0 4.3973371
-32.99 4.3972654
-32.98 4.3972176
-32.97 4.3971459
-32.96 4.3970742
-32.95 4.3970025
-32.94 4.3969308
-32.93 4.3968591
-32.92 4.3967874
-32.91 4.3967157
-32.9 4.3966679
-32.89 4.3965962
-32.88 4.3965245
-32.87 4.3964528
-32.86 4.3963811
-32.85 4.3963094
-32.84 4.3962377
-32.83 4.396166
-32.82 4.3960943
-32.81 4.3960465
-32.8 4.3959748
-32.79 4.3959031
-32.78 4.3958314
-32.77 4.3957597
-32.76 4.395688
-32.75 4.3956163
-32.74 4.3955446
-32.73 4.3954729
-32.72 4.3954012
-32.71 4.3953295
-32.7 4.3952578
-32.69 4.3951861
-32.68 4.3951144
-32.67 4.3950427
-32.66 4.394971
-32.65 4.3948993
-32.64 4.3948276
-32.63 4.3947559
-32.62 4.3946842
-32.61 4.3946125
-32.6 4.3945408
-32.59 4.3944691
-32.58 4.3943974
-32.57 4.3943257
-32.56 4.394254
-32.55 4.3941823
-32.54 4.3941106
-32.53 4.3940389
-32.52 4.3939672
-32.51 4.3938955
-32.5 4.3938238
-32.49 4.3937521
-32.48 4.3936804
-32.47 4.3936087
-32.46 4.393537
-32.45 4.3934653
-32.44 4.3933936
-32.43 4.3933219
-32.42 4.3932502
-32.41 4.3931785
-32.4 4.3931068
-32.39 4.3930351
-32.38 4.3929634
-32.37 4.3928678
-32.36 4.3927961
-32.35 4.3927244
-32.34 4.3926527
-32.33 4.392581
-32.32 4.3925093
-32.31 4.3924376
-32.3 4.3923659
-32.29 4.3922942
-32.28 4.3922225
-32.27 4.3921269
-32.26 4.3920552
-32.25 4.3919835
-32.24 4.3919118
-32.23 4.3918401
-32.22 4.3917684
-32.21 4.3916967
-32.2 4.3916011
-32.19 4.3915294
-32.18 4.3914577
-32.17 4.391386
-32.16 4.3913143
-32.15 4.3912426
-32.14 4.391147
-32.13 4.3910753
-32.12 4.3910036
-32.11 4.3909319
-32.1 4.3908602
-32.09 4.3907646
-32.08 4.3906929
-32.07 4.3906212
-32.06 4.3905495
-32.05 4.3904778
-32.04 4.3903822
-32.03 4.3903105
-32.02 4.3902388
-32.01 4.3901671
-32.0 4.3900954
-31.99 4.3899998
-31.98 4.3899281
-31.97 4.3898564
-31.96 4.3897847
-31.95 4.3896891
-31.94 4.3896174
-31.93 4.3895457
-31.92 4.389474
-31.91 4.3893784
-31.9 4.3893067
-31.89 4.389235
-31.88 4.3891394
-31.87 4.3890677
-31.86 4.388996
-31.85 4.3889243
-31.84 4.3888287
-31.83 4.388757
-31.82 4.3886853
-31.81 4.3885897
-31.8 4.388518
-31.79 4.3884463
-31.78 4.3883507
-31.77 4.388279
-31.76 4.3882073
-31.75 4.3881117
-31.74 4.38804
-31.73 4.3879683
-31.72 4.3878727
-31.71 4.387801
-31.7 4.3877293
-31.69 4.3876337
-31.68 4.387562
-31.67 4.3874903
-31.66 4.3873947
-31.65 4.387323
-31.64 4.3872513
-31.63 4.3871557
-31.62 4.387084
-31.61 4.3869884
-31.6 4.3869167
-31.59 4.386845
-31.58 4.3867494
-31.57 4.3866777
-31.56 4.386606
-31.55 4.3865104
-31.54 4.3864387
-31.53 4.3863431
-31.52 4.3862714
-31.51 4.3861758
-31.5 4.3861041
-31.49 4.3860324
-31.48 4.3859368
-31.47 4.3858651
-31.46 4.3857695
-31.45 4.3856978
-31.44 4.3856022
-31.43 4.3855305
-31.42 4.3854588
-31.41 4.3853632
-31.4 4.3852915
-31.39 4.3851959
-31.38 4.3851242
-31.37 4.3850286
-31.36 4.3849569
-31.35 4.3848613
-31.34 4.3847896
-31.33 4.384694
-31.32 4.3846223
-31.31 4.3845267
-31.3 4.384455
-31.29 4.3843594
-31.28 4.3842877
-31.27 4.3841921
-31.26 4.3841204
-31.25 4.3840248
-31.24 4.3839531
-31.23 4.3838575
-31.22 4.3837858
-31.21 4.3836902
-31.2 4.3836185
-31.19 4.3835229
-31.18 4.3834273
-31.17 4.3833556
-31.16 4.38326
-31.15 4.3831883
-31.14 4.3830927
-31.13 4.383021
-31.12 4.3829254
-31.11 4.3828537
-31.1 4.3827581
-31.09 4.3826625
-31.08 4.3825908
-31.07 4.3824952
-31.06 4.3824235
-31.05 4.3823279
-31.04 4.3822323
-31.03 4.3821606
-31.02 4.382065
-31.01 4.3819933
-31.0 4.3818977
-30.99 4.3818021
-30.98 4.3817304
-30.97 4.3816348
-30.96 4.3815392
-30.95 4.3814675
-30.94 4.3813719
-30.93 4.3813002
-30.92 4.3812046
-30.91 4.381109
-30.9 4.3810373
-30.89 4.3809417
-30.88 4.3808461
-30.87 4.3807744
-30.86 4.3806788
-30.85 4.3805832
-30.84 4.3805115
-30.83 4.3804159
-30.82 4.3803203
-30.81 4.3802486
-30.8 4.380153
-30.79 4.3800574
-30.78 4.3799857
-30.77 4.3798901
-30.76 4.3797945
-30.75 4.3796989
-30.74 4.3796272
-30.73 4.3795316
-30.72 4.379436
-30.71 4.3793643
-30.7 4.3792687
-30.69 4.3791731
-30.68 4.3790775
-30.67 4.3790058
-30.66 4.3789102
-30.65 4.3788146
-30.64 4.378719
-30.63 4.3786473
-30.62 4.3785517
-30.61 4.3784561
-30.6 4.3783605
-30.59 4.3782888
-30.58 4.3781932
-30.57 4.3780976
-30.56 4.378002
-30.55 4.3779064
-30.54 4.3778347
-30.53 4.3777391
-30.52 4.3776435
-30.51 4.3775479
-30.5 4.3774762
-30.49 4.3773806
-30.48 4.377285
-30.47 4.3771894
-30.46 4.3770938
-30.45 4.3769982
-30.44 4.3769265
-30.43 4.3768309
-30.42 4.3767353
-30.41 4.3766397
-30.4 4.3765441
-30.39 4.3764485
-30.38 4.3763768
-30.37 4.3762812
-30.36 4.3761856
-30.35 4.37609
-30.34 4.3759944
-30.33 4.3758988
-30.32 4.3758032
-30.31 4.3757315
-30.3 4.3756359
-30.29 4.3755403
-30.28 4.3754447
-30.27 4.3753491
-30.26 4.3752535
-30.25 4.3751579
-30.24 4.3750623
-30.23 4.3749667
-30.22 4.374895
-30.21 4.3747994
-30.2 4.3747038
-30.19 4.3746082
-30.18 4.3745126
-30.17 4.374417
-30.16 4.3743214
-30.15 4.3742258
-30.14 4.3741302
-30.13 4.3740346
-30.12 4.373939
-30.11 4.3738434
-30.1 4.3737478
-30.09 4.3736761
-30.08 4.3735805
-30.07 4.3734849
-30.06 4.3733893
-30.05 4.3732937
-30.04 4.3731981
-30.03 4.3731025
-30.02 4.3730069
-30.01 4.3729113
-30.0 4.3728157
-29.99 4.3727201
-29.98 4.3726245
-29.97 4.3725289
-29.96 4.3724333
-29.95 4.3723377
-29.94 4.3722421
-29.93 4.3721465
-29.92 4.3720509
-29.91 4.3719553
-29.9 4.3718597
-29.89 4.3717641
-29.88 4.3716685
-29.87 4.3715729
-29.86 4.3714773
-29.85 4.3713817
-29.84 4.3712861
-29.83 4.3711666
-29.82 4.371071
-29.81 4.3709754
-29.8 4.3708798
-29.79 4.3707842
-29.78 4.3706886
-29.77 4.370593
-29.76 4.3704974
-29.75 4.3704018
-29.74 4.3703062
-29.73 4.3702106
-29.72 4.370115
-29.71 4.3700194
-29.7 4.3699238
-29.69 4.3698043
-29.68 4.3697087
-29.67 4.3696131
-29.66 4.3695175
-29.65 4.3694219
-29.64 4.3693263
-29.63 4.3692307
-29.62 4.3691351
-29.61 4.3690395
-29.6 4.36892
-29.59 4.3688244
-29.58 4.3687288
-29.57 4.3686332
-29.56 4.3685376
-29.55 4.368442
-29.54 4.3683464
-29.53 4.3682269
-29.52 4.3681313
-29.51 4.3680357
-29.5 4.3679401
-29.49 4.3678445
-29.48 4.3677489
-29.47 4.3676294
-29.46 4.3675338
-29.45 4.3674382
-29.44 4.3673426
-29.43 4.367247
-29.42 4.3671514
-29.41 4.3670319
-29.4 4.3669363
-29.39 4.3668407
-29.38 4.3667451
-29.37 4.3666256
-29.36 4.36653
-29.35 4.3664344
-29.34 4.3663388
-29.33 4.3662432
-29.32 4.3661237
-29.31 4.3660281
-29.3 4.3659325
-29.29 4.3658369
-29.28 4.3657174
-29.27 4.3656218
-29.26 4.3655262
-29.25 4.3654306
-29.24 4.3653111
-29.23 4.3652155
-29.22 4.3651199
-29.21 4.3650243
-29.2 4.3649048
-29.19 4.3648092
-29.18 4.3647136
-29.17 4.364618
-29.16 4.3644985
-29.15 4.3644029
-29.14 4.3643073
-29.13 4.3641878
-29.12 4.3640922
-29.11 4.3639966
-29.1 4.3638771
-29.09 4.3637815
-29.08 4.3636859
-29.07 4.3635903
-29.06 4.3634708
-29.05 4.3633752
-29.04 4.3632796
-29.03 4.3631601
-29.02 4.3630645
-29.01 4.3629689
-29.0 4.3628494
-28.99 4.3627538
-28.98 4.3626582
-28.97 4.3625387
-28.96 4.3624431
-28.95 4.3623236
-28.94 4.362228
-28.93 4.3621324
-28.92 4.3620129
-28.91 4.3619173
-28.9 4.3618217
-28.89 4.3617022
-28.88 4.3616066
-28.87 4.3614871
-28.86 4.3613915
-28.85 4.3612959
-28.84 4.3611764
-28.83 4.3610808
-28.82 4.3609852
-28.81 4.3608657
-28.8 4.3607701
-28.79 4.3606506
-28.78 4.360555
-28.77 4.3604355
-28.76 4.3603399
-28.75 4.3602443
-28.74 4.3601248
-28.73 4.3600292
-28.72 4.3599097
-28.71 4.3598141
-28.7 4.3596946
-28.69 4.359599
-28.68 4.3594795
-28.67 4.3593839
-28.66 4.3592883
-28.65 4.3591688
-28.64 4.3590732
-28.63 4.3589537
-28.62 4.3588581
-28.61 4.3587386
-28.6 4.358643
-28.59 4.3585235
-28.58 4.3584279
-28.57 4.3583084
-28.56 4.3582128
-28.55 4.3580933
-28.54 4.3579977
-28.53 4.3578782
-28.52 4.3577826
-28.51 4.3576631
-28.5 4.3575675
-28.49 4.357448
-28.48 4.3573524
-28.47 4.3572329
-28.46 4.3571373
-28.45 4.3570178
-28.44 4.3569222
-28.43 4.3568027
-28.42 4.3567071
-28.41 4.3565876
-28.4 4.3564681
-28.39 4.3563725
-28.38 4.356253
-28.37 4.3561574
-28.36 4.3560379
-28.35 4.3559423
-28.34 4.3558228
-28.33 4.3557272
-28.32 4.3556077
-28.31 4.3554882
-28.3 4.3553926
-28.29 4.3552731
-28.28 4.3551775
-28.27 4.355058
-28.26 4.3549385
-28.25 4.3548429
-28.24 4.3547234
-28.23 4.3546278
-28.22 4.3545083
-28.21 4.3543888
-28.2 4.3542932
-28.19 4.3541737
-28.18 4.3540781
-28.17 4.3539586
-28.16 4.3538391
-28.15 4.3537435
-28.14 4.353624
-28.13 4.3535045
-28.12 4.3534089
-28.11 4.3532894
-28.1 4.3531699
-28.09 4.3530743
-28.08 4.3529548
-28.07 4.3528353
-28.06 4.3527397
-28.05 4.3526202
-28.04 4.3525007
-28.03 4.3524051
-28.02 4.3522856
-28.01 4.3521661
-28.0 4.3520705
-27.99 4.351951
-27.98 4.3518315
-27.97 4.3517359
-27.96 4.3516164
-27.95 4.3514969
-27.94 4.3514013
-27.93 4.3512818
-27.92 4.3511623
-27.91 4.3510428
-27.9 4.3509472
-27.89 4.3508277
-27.88 4.3507082
-27.87 4.3506126
-27.86 4.3504931
-27.85 4.3503736
-27.84 4.3502541
-27.83 4.3501585
-27.82 4.350039
-27.81 4.3499195
-27.8 4.3498
-27.79 4.3497044
-27.78 4.3495849
-27.77 4.3494654
-27.76 4.3493459
-27.75 4.3492503
-27.74 4.3491308
-27.73 4.3490113
-27.72 4.3488918
-27.71 4.3487962
-27.7 4.3486767
-27.69 4.3485572
-27.68 4.3484377
-27.67 4.3483182
-27.66 4.3482226
-27.65 4.3481031
-27.64 4.3479836
-27.63 4.3478641
-27.62 4.3477446
-27.61 4.347649
-27.6 4.3475295
-27.59 4.34741
-27.58 4.3472905
-27.57 4.347171
-27.56 4.3470515
-27.55 4.3469559
-27.54 4.3468364
-27.53 4.3467169
-27.52 4.3465974
-27.51 4.3464779
-27.5 4.3463584
-27.49 4.3462628
-27.48 4.3461433
-27.47 4.3460238
-27.46 4.3459043
-27.45 4.3457848
-27.44 4.3456653
-27.43 4.3455458
-27.42 4.3454263
-27.41 4.3453307
-27.4 4.3452112
-27.39 4.3450917
-27.38 4.3449722
-27.37 4.3448527
-27.36 4.3447332
-27.35 4.3446137
-27.34 4.3444942
-27.33 4.3443747
-27.32 4.3442791
-27.31 4.3441596
-27.3 4.3440401
-27.29 4.3439206
-27.28 4.3438011
-27.27 4.3436816
-27.26 4.3435621
-27.25 4.3434426
-27.24 4.3433231
-27.23 4.3432036
-27.22 4.3430841
-27.21 4.3429646
-27.2 4.3428451
-27.19 4.3427256
-27.18 4.34263
-27.17 4.3425105
-27.16 4.342391
-27.15 4.3422715
-27.14 4.342152
-27.13 4.3420325
-27.12 4.341913
-27.11 4.3417935
-27.1 4.341674
-27.09 4.3415545
-27.08 4.341435
-27.07 4.3413155
-27.06 4.341196
-27.05 4.3410765
-27.04 4.340957
-27.03 4.3408375
-27.02 4.340718
-27.01 4.3405985
-27.0 4.340479
-26.99 4.3403595
-26.98 4.34024
-26.97 4.3401205
-26.96 4.340001
-26.95 4.3398815
-26.94 4.339762
-26.93 4.3396425
-26.92 4.339523
-26.91 4.3394035
-26.9 4.339284
-26.89 4.3391645
-26.88 4.3390211
-26.87 4.3389016
-26.86 4.3387821
-26.85 4.3386626
-26.84 4.3385431
-26.83 4.3384236
-26.82 4.3383041
-26.81 4.3381846
-26.8 4.3380651
-26.79 4.3379456
-26.78 4.3378261
-26.77 4.3377066
-26.76 4.3375871
-26.75 4.3374676
-26.74 4.3373481
-26.73 4.3372047
-26.72 4.3370852
-26.71 4.3369657
-26.7 4.3368462
-26.69 4.3367267
-26.68 4.3366072
-26.67 4.3364877
-26.66 4.3363682
-26.65 4.3362487
-26.64 4.3361053
-26.63 4.3359858
-26.62 4.3358663
-26.61 4.3357468
-26.6 4.3356273
-26.59 4.3355078
-26.58 4.3353883
-26.57 4.3352449
-26.56 4.3351254
-26.55 4.3350059
-26.54 4.3348864
-26.53 4.3347669
-26.52 4.3346474
-26.51 4.3345279
-26.5 4.3343845
-26.49 4.334265
-26.48 4.3341455
-26.47 4.334026
-26.46 4.3339065
-26.45 4.3337631
-26.44 4.3336436
-26.43 4.3335241
-26.42 4.3334046
-26.41 4.3332851
-26.4 4.3331656
-26.39 4.3330222
-26.38 4.3329027
-26.37 4.3327832
-26.36 4.3326637
-26.35 4.3325203
-26.34 4.3324008
-26.33 4.3322813
-26.32 4.3321618
-26.31 4.3320423
-26.3 4.3318989
-26.29 4.3317794
-26.28 4.3316599
-26.27 4.3315404
-26.26 4.331397
-26.25 4.3312775
-26.24 4.331158
-26.23 4.3310385
-26.22 4.3308951
-26.21 4.3307756
-26.2 4.3306561
-26.19 4.3305366
-26.18 4.3303932
-26.17 4.3302737
-26.16 4.3301542
-26.15 4.3300347
-26.14 4.3298913
-26.13 4.3297718
-26.12 4.3296523
-26.11 4.3295089
-26.1 4.3293894
-26.09 4.3292699
-26.08 4.3291504
-26.07 4.329007
-26.06 4.3288875
-26.05 4.328768
-26.04 4.3286246
-26.03 4.3285051
-26.02 4.3283856
-26.01 4.3282422
-26.0 4.3281227
-25.99 4.3280032
-25.98 4.3278598
-25.97 4.3277403
-25.96 4.3276208
-25.95 4.3274774
-25.94 4.3273579
-25.93 4.3272384
-25.92 4.327095
-25.91 4.3269755
-25.9 4.326856
-25.89 4.3267126
-25.88 4.3265931
-25.87 4.3264736
-25.86 4.3263302
-25.85 4.3262107
-25.84 4.3260912
-25.83 4.3259478
-25.82 4.3258283
-25.81 4.3256849
-25.8 4.3255654
-25.79 4.3254459
-25.78 4.3253025
-25.77 4.325183
-25.76 4.3250635
-25.75 4.3249201
-25.74 4.3248006
-25.73 4.3246572
-25.72 4.3245377
-25.71 4.3244182
-25.7 4.3242748
-25.69 4.3241553
-25.68 4.3240119
-25.67 4.3238924
-25.66 4.323749
-25.65 4.3236295
-25.64 4.32351
-25.63 4.3233666
-25.62 4.3232471
-25.61 4.3231037
-25.6 4.3229842
-25.59 4.3228408
-25.58 4.3227213
-25.57 4.3226018
-25.56 4.3224584
-25.55 4.3223389
-25.54 4.3221955
-25.53 4.322076
-25.52 4.3219326
-25.51 4.3218131
-25.5 4.3216697
-25.49 4.3215502
-25.48 4.3214068
-25.47 4.3212873
-25.46 4.3211439
-25.45 4.3210244
-25.44 4.320881
-25.43 4.3207615
-25.42 4.3206181
-25.41 4.3204986
-25.4 4.3203552
-25.39 4.3202357
-25.38 4.3200923
-25.37 4.3199728
-25.36 4.3198294
-25.35 4.3197099
-25.34 4.3195665
-25.33 4.319447
-25.32 4.3193036
-25.31 4.3191841
-25.3 4.3190407
-25.29 4.3189212
-25.28 4.3187778
-25.27 4.3186583
-25.26 4.3185149
-25.25 4.3183954
-25.24 4.318252
-25.23 4.3181325
-25.22 4.3179891
-25.21 4.3178457
-25.2 4.3177262
-25.19 4.3175828
-25.18 4.3174633
-25.17 4.3173199
-25.16 4.3172004
-25.15 4.317057
-25.14 4.3169136
-25.13 4.3167941
-25.12 4.3166507
-25.11 4.3165312
-25.1 4.3163878
-25.09 4.3162683
-25.08 4.3161249
-25.07 4.3159815
-25.06 4.315862
-25.05 4.3157186
-25.04 4.3155991
-25.03 4.3154557
-25.02 4.3153123
-25.01 4.3151928
-25.0 4.3150494
-24.99 4.3149299
-24.98 4.3147865
-24.97 4.3146431
-24.96 4.3145236
-24.95 4.3143802
-24.94 4.3142368
-24.93 4.3141173
-24.92 4.3139739
-24.91 4.3138544
-24.9 4.313711
-24.89 4.3135676
-24.88 4.3134481
-24.87 4.3133047
-24.86 4.3131613
-24.85 4.3130418
-24.84 4.3128984
-24.83 4.312755
-24.82 4.3126355
-24.81 4.3124921
-24.8 4.3123487
-24.79 4.3122292
-24.78 4.3120858
-24.77 4.3119424
-24.76 4.3118229
-24.75 4.3116795
-24.74 4.3115361
-24.73 4.3114166
-24.72 4.3112732
-24.71 4.3111298
-24.7 4.3109864
-24.69 4.3108669
-24.68 4.3107235
-24.67 4.3105801
-24.66 4.3104606
-24.65 4.3103172
-24.64 4.3101738
-24.63 4.3100543
-24.62 4.3099109
-24.61 4.3097675
-24.6 4.3096241
-24.59 4.3095046
-24.58 4.3093612
-24.57 4.3092178
-24.56 4.3090744
-24.55 4.3089549
-24.54 4.3088115
-24.53 4.3086681
-24.52 4.3085247
-24.51 4.3084052
-24.5 4.3082618
-24.49 4.3081184
-24.48 4.307975
-24.47 4.3078555
-24.46 4.3077121
-24.45 4.3075687
-24.44 4.3074253
-24.43 4.3073058
-24.42 4.3071624
-24.41 4.307019
-24.4 4.3068756
-24.39 4.3067322
-24.38 4.3066127
-24.37 4.3064693
-24.36 4.3063259
-24.35 4.3061825
-24.34 4.3060391
-24.33 4.3059196
-24.32 4.3057762
-24.31 4.3056328
-24.3 4.3054894
-24.29 4.305346
-24.28 4.3052265
-24.27 4.3050831
-24.26 4.3049397
-24.25 4.3047963
-24.24 4.3046529
-24.23 4.3045334
-24.22 4.30439
-24.21 4.3042466
-24.2 4.3041032
-24.19 4.3039598
-24.18 4.3038164
-24.17 4.3036969
-24.16 4.3035535
-24.15 4.3034101
-24.14 4.3032667
-24.13 4.3031233
-24.12 4.3029799
-24.11 4.3028365
-24.1 4.302717
-24.09 4.3025736
-24.08 4.3024302
-24.07 4.3022868
-24.06 4.3021434
-24.05 4.302
-24.04 4.3018566
-24.03 4.3017132
-24.02 4.3015937
-24.01 4.3014503
-24.0 4.3013069
-23.99 4.3011635
-23.98 4.3010201
-23.97 4.3008767
-23.96 4.3007333
-23.95 4.3005899
-23.94 4.3004465
-23.93 4.3003031
-23.92 4.3001836
-23.91 4.3000402
-23.9 4.2998968
-23.89 4.2997534
-23.88 4.29961
-23.87 4.2994666
-23.86 4.2993232
-23.85 4.2991798
-23.84 4.2990364
-23.83 4.298893
-23.82 4.2987496
-23.81 4.2986062
-23.8 4.2984628
-23.79 4.2983194
-23.78 4.2981999
-23.77 4.2980565
-23.76 4.2979131
-23.75 4.2977697
-23.74 4.2976263
-23.73 4.2974829
-23.72 4.2973395
-23.71 4.2971961
-23.7 4.2970527
-23.69 4.2969093
-23.68 4.2967659
-23.67 4.2966225
-23.66 4.2964791
-23.65 4.2963357
-23.64 4.2961923
-23.63 4.2960489
-23.62 4.2959055
-23.61 4.2957621
-23.6 4.2956187
-23.59 4.2954753
-23.58 4.2953319
-23.57 4.2951885
-23.56 4.2950451
-23.55 4.2949017
-23.54 4.2947583
-23.53 4.2946149
-23.52 4.2944715
-23.51 4.2943281
-23.5 4.2941847
-23.49 4.2940413
-23.48 4.2938979
-23.47 4.2937545
-23.46 4.2936111
-23.45 4.2934677
-23.44 4.2933243
-23.43 4.2931809
-23.42 4.2930375
-23.41 4.2928941
-23.4 4.2927507
-23.39 4.2926073
-23.38 4.2924639
-23.37 4.2922966
-23.36 4.2921532
-23.35 4.2920098
-23.34 4.2918664
-23.33 4.291723
-23.32 4.2915796
-23.31 4.2914362
-23.3 4.2912928
-23.29 4.2911494
-23.28 4.291006
-23.27 4.2908626
-23.26 4.2907192
-23.25 4.2905758
-23.24 4.2904324
-23.23 4.2902651
-23.22 4.2901217
-23.21 4.2899783
-23.2 4.2898349
-23.19 4.2896915
-23.18 4.2895481
-23.17 4.2894047
-23.16 4.2892613
-23.15 4.2891179
-23.14 4.2889745
-23.13 4.2888072
-23.12 4.2886638
-23.11 4.2885204
-23.1 4.288377
-23.09 4.2882336
-23.08 4.2880902
-23.07 4.2879468
-23.06 4.2878034
-23.05 4.2876361
-23.04 4.2874927
-23.03 4.2873493
-23.02 4.2872059
-23.01 4.2870625
-23.0 4.2869191
-22.99 4.2867757
-22.98 4.2866084
-22.97 4.286465
-22.96 4.2863216
-22.95 4.2861782
-22.94 4.2860348
-22.93 4.2858914
-22.92 4.2857241
-22.91 4.2855807
-22.9 4.2854373
-22.89 4.2852939
-22.88 4.2851505
-22.87 4.2850071
-22.86 4.2848398
-22.85 4.2846964
-22.84 4.284553
-22.83 4.2844096
-22.82 4.2842662
-22.81 4.2840989
-22.8 4.2839555
-22.79 4.2838121
-22.78 4.2836687
-22.77 4.2835253
-22.76 4.283358
-22.75 4.2832146
-22.74 4.2830712
-22.73 4.2829278
-22.72 4.2827844
-22.71 4.2826171
-22.7 4.2824737
-22.69 4.2823303
-22.68 4.2821869
-22.67 4.2820196
-22.66 4.2818762
-22.65 4.2817328
-22.64 4.2815894
-22.63 4.281446
-22.62 4.2812787
-22.61 4.2811353
-22.6 4.2809919
-22.59 4.2808485
-22.58 4.2806812
-22.57 4.2805378
-22.56 4.2803944
-22.55 4.280251
-22.54 4.2800837
-22.53 4.2799403
-22.52 4.2797969
-22.51 4.2796535
-22.5 4.2794862
-22.49 4.2793428
-22.48 4.2791994
-22.47 4.2790321
-22.46 4.2788887
-22.45 4.2787453
-22.44 4.2786019
-22.43 4.2784346
-22.42 4.2782912
-22.41 4.2781478
-22.4 4.2779805
-22.39 4.2778371
-22.38 4.2776937
-22.37 4.2775503
-22.36 4.277383
-22.35 4.2772396
-22.34 4.2770962
-22.33 4.2769289
-22.32 4.2767855
-22.31 4.2766421
-22.3 4.2764748
-22.29 4.2763314
-22.28 4.276188
-22.27 4.2760207
-22.26 4.2758773
-22.25 4.2757339
-22.24 4.2755666
-22.23 4.2754232
-22.22 4.2752798
-22.21 4.2751125
-22.2 4.2749691
-22.19 4.2748257
-22.18 4.2746584
-22.17 4.274515
-22.16 4.2743716
-22.15 4.2742043
-22.14 4.2740609
-22.13 4.2739175
-22.12 4.2737502
-22.11 4.2736068
-22.1 4.2734634
-22.09 4.2732961
-22.08 4.2731527
-22.07 4.2729854
-22.06 4.272842
-22.05 4.2726986
-22.04 4.2725313
-22.03 4.2723879
-22.02 4.2722445
-22.01 4.2720772
-22.0 4.2719338
-21.99 4.2717665
-21.98 4.2716231
-21.97 4.2714797
-21.96 4.2713124
-21.95 4.271169
-21.94 4.2710017
-21.93 4.2708583
-21.92 4.2707149
-21.91 4.2705476
-21.9 4.2704042
-21.89 4.2702369
-21.88 4.2700935
-21.87 4.2699501
-21.86 4.2697828
-21.85 4.2696394
-21.84 4.2694721
-21.83 4.2693287
-21.82 4.2691614
-21.81 4.269018
-21.8 4.2688746
-21.79 4.2687073
-21.78 4.2685639
-21.77 4.2683966
-21.76 4.2682532
-21.75 4.2680859
-21.74 4.2679425
-21.73 4.2677991
-21.72 4.2676318
-21.71 4.2674884
-21.7 4.2673211
-21.69 4.2671777
-21.68 4.2670104
-21.67 4.266867
-21.66 4.2666997
-21.65 4.2665563
-21.64 4.266389
-21.63 4.2662456
-21.62 4.2660783
-21.61 4.2659349
-21.6 4.2657915
-21.59 4.2656242
-21.58 4.2654808
-21.57 4.2653135
-21.56 4.2651701
-21.55 4.2650028
-21.54 4.2648594
-21.53 4.2646921
-21.52 4.2645487
-21.51 4.2643814
-21.5 4.264238
-21.49 4.2640707
-21.48 4.2639273
-21.47 4.26376
-21.46 4.2636166
-21.45 4.2634493
-21.44 4.2633059
-21.43 4.2631386
-21.42 4.2629952
-21.41 4.2628279
-21.4 4.2626845
-21.39 4.2625172
-21.38 4.2623738
-21.37 4.2622065
-21.36 4.2620392
-21.35 4.2618958
-21.34 4.2617285
-21.33 4.2615851
-21.32 4.2614178
-21.31 4.2612744
-21.3 4.2611071
-21.29 4.2609637
-21.28 4.2607964
-21.27 4.260653
-21.26 4.2604857
-21.25 4.2603184
-21.24 4.260175
-21.23 4.2600077
-21.22 4.2598643
-21.21 4.259697
-21.2 4.2595536
-21.19 4.2593863
-21.18 4.2592429
-21.17 4.2590756
-21.16 4.2589083
-21.15 4.2587649
-21.14 4.2585976
-21.13 4.2584542
-21.12 4.2582869
-21.11 4.2581435
-21.1 4.2579762
-21.09 4.2578089
-21.08 4.2576655
-21.07 4.2574982
-21.06 4.2573548
-21.05 4.2571875
-21.04 4.2570202
-21.03 4.2568768
-21.02 4.2567095
-21.01 4.2565661
-21.0 4.2563988
-20.99 4.2562315
-20.98 4.2560881
-20.97 4.2559208
-20.96 4.2557774
-20.95 4.2556101
-20.94 4.2554428
-20.93 4.2552994
-20.92 4.2551321
-20.91 4.2549648
-20.9 4.2548214
-20.89 4.2546541
-20.88 4.2545107
-20.87 4.2543434
-20.86 4.2541761
-20.85 4.2540327
-20.84 4.2538654
-20.83 4.2536981
-20.82 4.2535547
-20.81 4.2533874
-20.8 4.2532201
-20.79 4.2530767
-20.78 4.2529094
-20.77 4.252766
-20.76 4.2525987
-20.75 4.2524314
-20.74 4.252288
-20.73 4.2521207
-20.72 4.2519534
-20.71 4.25181
-20.7 4.2516427
-20.69 4.2514754
-20.68 4.251332
-20.67 4.2511647
-20.66 4.2509974
-20.65 4.250854
-20.64 4.2506867
-20.63 4.2505194
-20.62 4.2503521
-20.61 4.2502087
-20.6 4.2500414
-20.59 4.2498741
-20.58 4.2497307
-20.57 4.2495634
-20.56 4.2493961
-20.55 4.2492527
-20.54 4.2490854
-20.53 4.2489181
-20.52 4.2487747
-20.51 4.2486074
-20.5 4.2484401
-20.49 4.2482728
-20.48 4.2481294
-20.47 4.2479621
-20.46 4.2477948
-20.45 4.2476514
-20.44 4.2474841
-20.43 4.2473168
-20.42 4.2471495
-20.41 4.2470061
-20.4 4.2468388
-20.39 4.2466715
-20.38 4.2465042
-20.37 4.2463608
-20.36 4.2461935
-20.35 4.2460262
-20.34 4.2458828
-20.33 4.2457155
-20.32 4.2455482
-20.31 4.2453809
-20.3 4.2452375
-20.29 4.2450702
-20.28 4.2449029
-20.27 4.2447356
-20.26 4.2445922
-20.25 4.2444249
-20.24 4.2442576
-20.23 4.2440903
-20.22 4.243923
-20.21 4.2437796
-20.2 4.2436123
-20.19 4.243445
-20.18 4.2432777
-20.17 4.2431343
-20.16 4.242967
-20.15 4.2427997
-20.14 4.2426324
-20.13 4.242489
-20.12 4.2423217
-20.11 4.2421544
-20.1 4.2419871
-20.09 4.2418198
-20.08 4.2416764
-20.07 4.2415091
-20.06 4.2413418
-20.05 4.2411745
-20.04 4.2410072
-20.03 4.2408638
-20.02 4.2406965
-20.01 4.2405292
-20.0 4.2403619
-19.99 4.2401946
-19.98 4.2400512
-19.97 4.2398839
-19.96 4.2397166
-19.95 4.2395493
-19.94 4.239382
-19.93 4.2392386
-19.92 4.2390713
-19.91 4.238904
-19.9 4.2387367
-19.89 4.2385694
-19.88 4.2384021
-19.87 4.2382587
-19.86 4.2380914
-19.85 4.2379241
-19.84 4.2377568
-19.83 4.2375895
-19.82 4.2374222
-19.81 4.2372788
-19.8 4.2371115
-19.79 4.2369442
-19.78 4.2367769
-19.77 4.2366096
-19.76 4.2364423
-19.75 4.236275
-19.74 4.2361316
-19.73 4.2359643
-19.72 4.235797
-19.71 4.2356297
-19.7 4.2354624
-19.69 4.2352951
-19.68 4.2351278
-19.67 4.2349844
-19.66 4.2348171
-19.65 4.2346498
-19.64 4.2344825
-19.63 4.2343152
-19.62 4.2341479
-19.61 4.2339806
-19.6 4.2338133
-19.59 4.2336699
-19.58 4.2335026
-19.57 4.2333353
-19.56 4.233168
-19.55 4.2330007
-19.54 4.2328334
-19.53 4.2326661
-19.52 4.2324988
-19.51 4.2323315
-19.5 4.2321881
-19.49 4.2320208
-19.48 4.2318535
-19.47 4.2316862
-19.46 4.2315189
-19.45 4.2313516
-19.44 4.2311843
-19.43 4.231017
-19.42 4.2308497
-19.41 4.2306824
-19.4 4.2305151
-19.39 4.2303717
-19.38 4.2302044
-19.37 4.2300371
-19.36 4.2298698
-19.35 4.2297025
-19.34 4.2295352
-19.33 4.2293679
-19.32 4.2292006
-19.31 4.2290333
-19.3 4.228866
-19.29 4.2286987
-19.28 4.2285314
-19.27 4.2283641
-19.26 4.2281968
-19.25 4.2280534
-19.24 4.2278861
-19.23 4.2277188
-19.22 4.2275515
-19.21 4.2273842
-19.2 4.2272169
-19.19 4.2270496
-19.18 4.2268823
-19.17 4.226715
-19.16 4.2265477
-19.15 4.2263804
-19.14 4.2262131
-19.13 4.2260458
-19.12 4.2258785
-19.11 4.2257112
-19.1 4.2255439
-19.09 4.2253766
-19.08 4.2252093
-19.07 4.225042
-19.06 4.2248747
-19.05 4.2247074
-19.04 4.2245401
-19.03 4.2243728
-19.02 4.2242055
-19.01 4.2240382
-19.0 4.2238709
-18.99 4.2237036
-18.98 4.2235363
-18.97 4.223369
-18.96 4.2232017
-18.95 4.2230344
-18.94 4.2228671
-18.93 4.2226998
-18.92 4.2225325
-18.91 4.2223652
-18.9 4.2221979
-18.89 4.2220306
-18.88 4.2218633
-18.87 4.221696
-18.86 4.2215287
-18.85 4.2213614
-18.84 4.2211941
-18.83 4.2210268
-18.82 4.2208595
-18.81 4.2206922
-18.8 4.2205249
-18.79 4.2203576
-18.78 4.2201903
-18.77 4.220023
-18.76 4.2198557
-18.75 4.2196884
-18.74 4.2195211
-18.73 4.2193538
-18.72 4.2191865
-18.71 4.2190192
-18.7 4.2188519
-18.69 4.2186846
-18.68 4.2185173
-18.67 4.21835
-18.66 4.2181827
-18.65 4.2180154
-18.64 4.2178481
-18.63 4.2176808
-18.62 4.2175135
-18.61 4.2173462
-18.6 4.2171789
-18.59 4.2170116
-18.58 4.2168204
-18.57 4.2166531
-18.56 4.2164858
-18.55 4.2163185
-18.54 4.2161512
-18.53 4.2159839
-18.52 4.2158166
-18.51 4.2156493
-18.5 4.215482
-18.49 4.2153147
-18.48 4.2151474
-18.47 4.2149801
-18.46 4.2148128
-18.45 4.2146455
-18.44 4.2144782
-18.43 4.214287
-18.42 4.2141197
-18.41 4.2139524
-18.4 4.2137851
-18.39 4.2136178
-18.38 4.2134505
-18.37 4.2132832
-18.36 4.2131159
-18.35 4.2129486
-18.34 4.2127813
-18.33 4.212614
-18.32 4.2124228
-18.31 4.2122555
-18.3 4.2120882
-18.29 4.2119209
-18.28 4.2117536
-18.27 4.2115863
-18.26 4.211419
-18.25 4.2112517
-18.24 4.2110844
-18.23 4.2109171
-18.22 4.2107259
-18.21 4.2105586
-18.2 4.2103913
-18.19 4.210224
-18.18 4.2100567
-18.17 4.2098894
-18.16 4.2097221
-18.15 4.2095548
-18.14 4.2093636
-18.13 4.2091963
-18.12 4.209029
-18.11 4.2088617
-18.1 4.2086944
-18.09 4.2085271
-18.08 4.2083598
-18.07 4.2081925
-18.06 4.2080013
-18.05 4.207834
-18.04 4.2076667
-18.03 4.2074994
-18.02 4.2073321
-18.01 4.2071648
-18.0 4.2069975
-17.99 4.2068063
-17.98 4.206639
-17.97 4.2064717
-17.96 4.2063044
-17.95 4.2061371
-17.94 4.2059698
-17.93 4.2058025
-17.92 4.2056113
-17.91 4.205444
-17.9 4.2052767
-17.89 4.2051094
-17.88 4.2049421
-17.87 4.2047748
-17.86 4.2045836
-17.85 4.2044163
-17.84 4.204249
-17.83 4.2040817
-17.82 4.2039144
-17.81 4.2037471
-17.8 4.2035559
-17.79 4.2033886
-17.78 4.2032213
-17.77 4.203054
-17.76 4.2028867
-17.75 4.2026955
-17.74 4.2025282
-17.73 4.2023609
-17.72 4.2021936
-17.71 4.2020263
-17.7 4.201859
-17.69 4.2016678
-17.68 4.2015005
-17.67 4.2013332
-17.66 4.2011659
-17.65 4.2009986
-17.64 4.2008074
-17.63 4.2006401
-17.62 4.2004728
-17.61 4.2003055
-17.6 4.2001382
-17.59 4.199947
-17.58 4.1997797
-17.57 4.1996124
-17.56 4.1994451
-17.55 4.1992539
-17.54 4.1990866
-17.53 4.1989193
-17.52 4.198752
-17.51 4.1985847
-17.5 4.1983935
-17.49 4.1982262
-17.48 4.1980589
-17.47 4.1978916
-17.46 4.1977243
-17.45 4.1975331
-17.44 4.1973658
-17.43 4.1971985
-17.42 4.1970312
-17.41 4.19684
-17.4 4.1966727
-17.39 4.1965054
-17.38 4.1963381
-17.37 4.1961469
-17.36 4.1959796
-17.35 4.1958123
-17.34 4.195645
-17.33 4.1954538
-17.32 4.1952865
-17.31 4.1951192
-17.3 4.1949519
-17.29 4.1947846
-17.28 4.1945934
-17.27 4.1944261
-17.26 4.1942588
-17.25 4.1940915
-17.24 4.1939003
-17.23 4.193733
-17.22 4.1935657
-17.21 4.1933745
-17.2 4.1932072
-17.19 4.1930399
-17.18 4.1928726
-17.17 4.1926814
-17.16 4.1925141
-17.15 4.1923468
-17.14 4.1921795
-17.13 4.1919883
-17.12 4.191821
-17.11 4.1916537
-17.1 4.1914864
-17.09 4.1912952
-17.08 4.1911279
-17.07 4.1909606
-17.06 4.1907694
-17.05 4.1906021
-17.04 4.1904348
-17.03 4.1902675
-17.02 4.1900763
-17.01 4.189909
-17.0 4.1897417
-16.99 4.1895505
-16.98 4.1893832
-16.97 4.1892159
-16.96 4.1890486
-16.95 4.1888574
-16.94 4.1886901
-16.93 4.1885228
-16.92 4.1883316
-16.91 4.1881643
-16.9 4.187997
-16.89 4.1878297
-16.88 4.1876385
-16.87 4.1874712
-16.86 4.1873039
-16.85 4.1871127
-16.84 4.1869454
-16.83 4.1867781
-16.82 4.1865869
-16.81 4.1864196
-16.8 4.1862523
-16.79 4.1860611
-16.78 4.1858938
-16.77 4.1857265
-16.76 4.1855592
-16.75 4.185368
-16.74 4.1852007
-16.73 4.1850334
-16.72 4.1848422
-16.71 4.1846749
-16.7 4.1845076
-16.69 4.1843164
-16.68 4.1841491
-16.67 4.1839818
-16.66 4.1837906
-16.65 4.1836233
-16.64 4.183456
-16.63 4.1832648
-16.62 4.1830975
-16.61 4.1829302
-16.6 4.182739
-16.59 4.1825717
-16.58 4.1824044
-16.57 4.1822132
-16.56 4.1820459
-16.55 4.1818786
-16.54 4.1816874
-16.53 4.1815201
-16.52 4.1813528
-16.51 4.1811616
-16.5 4.1809943
-16.49 4.180827
-16.48 4.1806358
-16.47 4.1804685
-16.46 4.1802773
-16.45 4.18011
-16.44 4.1799427
-16.43 4.1797515
-16.42 4.1795842
-16.41 4.1794169
-16.4 4.1792257
-16.39 4.1790584
-16.38 4.1788911
-16.37 4.1786999
-16.36 4.1785326
-16.35 4.1783653
-16.34 4.1781741
-16.33 4.1780068
-16.32 4.1778156
-16.31 4.1776483
-16.3 4.177481
-16.29 4.1772898
-16.28 4.1771225
-16.27 4.1769552
-16.26 4.176764
-16.25 4.1765967
-16.24 4.1764055
-16.23 4.1762382
-16.22 4.1760709
-16.21 4.1758797
-16.2 4.1757124
-16.19 4.1755451
-16.18 4.1753539
-16.17 4.1751866
-16.16 4.1749954
-16.15 4.1748281
-16.14 4.1746608
-16.13 4.1744696
-16.12 4.1743023
-16.11 4.1741111
-16.1 4.1739438
-16.09 4.1737765
-16.08 4.1735853
-16.07 4.173418
-16.06 4.1732268
-16.05 4.1730595
-16.04 4.1728922
-16.03 4.172701
-16.02 4.1725337
-16.01 4.1723425
-16.0 4.1721752
-15.99 4.1720079
-15.98 4.1718167
-15.97 4.1716494
-15.96 4.1714582
-15.95 4.1712909
-15.94 4.1711236
-15.93 4.1709324
-15.92 4.1707651
-15.91 4.1705739
-15.9 4.1704066
-15.89 4.1702154
-15.88 4.1700481
-15.87 4.1698808
-15.86 4.1696896
-15.85 4.1695223
-15.84 4.1693311
-15.83 4.1691638
-15.82 4.1689965
-15.81 4.1688053
-15.8 4.168638
-15.79 4.1684468
-15.78 4.1682795
-15.77 4.1680883
-15.76 4.167921
-15.75 4.1677537
-15.74 4.1675625
-15.73 4.1673952
-15.72 4.167204
-15.71 4.1670367
-15.7 4.1668455
-15.69 4.1666782
-15.68 4.166487
-15.67 4.1663197
-15.66 4.1661524
-15.65 4.1659612
-15.64 4.1657939
-15.63 4.1656027
-15.62 4.1654354
-15.61 4.1652442
-15.6 4.1650769
-15.59 4.1648857
-15.58 4.1647184
-15.57 4.1645511
-15.56 4.1643599
-15.55 4.1641926
-15.54 4.1640014
-15.53 4.1638341
-15.52 4.1636429
-15.51 4.1634756
-15.5 4.1632844
-15.49 4.1631171
-15.48 4.1629259
-15.47 4.1627586
-15.46 4.1625913
-15.45 4.1624001
-15.44 4.1622328
-15.43 4.1620416
-15.42 4.1618743
-15.41 4.1616831
-15.4 4.1615158
-15.39 4.1613246
-15.38 4.1611573
-15.37 4.1609661
-15.36 4.1607988
-15.35 4.1606076
-15.34 4.1604403
-15.33 4.1602491
-15.32 4.1600818
-15.31 4.1599145
-15.3 4.1597233
-15.29 4.159556
-15.28 4.1593648
-15.27 4.1591975
-15.26 4.1590063
-15.25 4.158839
-15.24 4.1586478
-15.23 4.1584805
-15.22 4.1582893
-15.21 4.158122
-15.2 4.1579308
-15.19 4.1577635
-15.18 4.1575723
-15.17 4.157405
-15.16 4.1572138
-15.15 4.1570465
-15.14 4.1568553
-15.13 4.156688
-15.12 4.1564968
-15.11 4.1563295
-15.1 4.1561383
-15.09 4.155971
-15.08 4.1557798
-15.07 4.1556125
-15.06 4.1554213
-15.05 4.155254
-15.04 4.1550628
-15.03 4.1548955
-15.02 4.1547043
-15.01 4.154537
-15.0 4.1543458
-14.99 4.1541785
-14.98 4.1539873
-14.97 4.15382
-14.96 4.1536288
-14.95 4.1534615
-14.94 4.1532703
-14.93 4.153103
-14.92 4.1529118
-14.91 4.1527445
-14.9 4.1525533
-14.89 4.152386
-14.88 4.1521948
-14.87 4.1520275
-14.86 4.1518363
-14.85 4.151669
-14.84 4.1514778
-14.83 4.1513105
-14.82 4.1511193
-14.81 4.150952
-14.8 4.1507608
-14.79 4.1505935
-14.78 4.1504023
-14.77 4.150235
-14.76 4.1500438
-14.75 4.1498526
-14.74 4.1496853
-14.73 4.1494941
-14.72 4.1493268
-14.71 4.1491356
-14.7 4.1489683
-14.69 4.1487771
-14.68 4.1486098
-14.67 4.1484186
-14.66 4.1482513
-14.65 4.1480601
-14.64 4.1478928
-14.63 4.1477016
-14.62 4.1475343
-14.61 4.1473431
-14.6 4.1471519
-14.59 4.1469846
-14.58 4.1467934
-14.57 4.1466261
-14.56 4.1464349
-14.55 4.1462676
-14.54 4.1460764
-14.53 4.1459091
-14.52 4.1457179
-14.51 4.1455506
-14.5 4.1453594
-14.49 4.1451921
-14.48 4.1450009
-14.47 4.1448097
-14.46 4.1446424
-14.45 4.1444512
-14.44 4.1442839
-14.43 4.1440927
-14.42 4.1439254
-14.41 4.1437342
-14.4 4.1435669
-14.39 4.1433757
-14.38 4.1431845
-14.37 4.1430172
-14.36 4.142826
-14.35 4.1426587
-14.34 4.1424675
-14.33 4.1423002
-14.32 4.142109
-14.31 4.1419417
-14.3 4.1417505
-14.29 4.1415593
-14.28 4.141392
-14.27 4.1412008
-14.26 4.1410335
-14.25 4.1408423
-14.24 4.140675
-14.23 4.1404838
-14.22 4.1402926
-14.21 4.1401253
-14.2 4.1399341
-14.19 4.1397668
-14.18 4.1395756
-14.17 4.1394083
-14.16 4.1392171
-14.15 4.1390259
-14.14 4.1388586
-14.13 4.1386674
-14.12 4.1385001
-14.11 4.1383089
-14.1 4.1381416
-14.09 4.1379504
-14.08 4.1377592
-14.07 4.1375919
-14.06 4.1374007
-14.05 4.1372334
-14.04 4.1370422
-14.03 4.1368749
-14.02 4.1366837
-14.01 4.1364925
-14.0 4.1363252
-13.99 4.136134
-13.98 4.1359667
-13.97 4.1357755
-13.96 4.1355843
-13.95 4.135417
-13.94 4.1352258
-13.93 4.1350585
-13.92 4.1348673
-13.91 4.1347
-13.9 4.1345088
-13.89 4.1343176
-13.88 4.1341503
-13.87 4.1339591
-13.86 4.1337918
-13.85 4.1336006
-13.84 4.1334094
-13.83 4.1332421
-13.82 4.1330509
-13.81 4.1328836
-13.8 4.1326924
-13.79 4.1325012
-13.78 4.1323339
-13.77 4.1321427
-13.76 4.1319754
-13.75 4.1317842
-13.74 4.131593
-13.73 4.1314257
-13.72 4.1312345
-13.71 4.1310672
-13.7 4.130876
-13.69 4.1306848
-13.68 4.1305175
-13.67 4.1303263
-13.66 4.130159
-13.65 4.1299678
-13.64 4.1297766
-13.63 4.1296093
-13.62 4.1294181
-13.61 4.1292508
-13.6 4.1290596
-13.59 4.1288684
-13.58 4.1287011
-13.57 4.1285099
-13.56 4.1283426
-13.55 4.1281514
-13.54 4.1279602
-13.53 4.1277929
-13.52 4.1276017
-13.51 4.1274105
-13.5 4.1272432
-13.49 4.127052
-13.48 4.1268847
-13.47 4.1266935
-13.46 4.1265023
-13.45 4.126335
-13.44 4.1261438
-13.43 4.1259765
-13.42 4.1257853
-13.41 4.1255941
-13.4 4.1254268
-13.39 4.1252356
-13.38 4.1250444
-13.37 4.1248771
-13.36 4.1246859
-13.35 4.1245186
-13.34 4.1243274
-13.33 4.1241362
-13.32 4.1239689
-13.31 4.1237777
-13.3 4.1235865
-13.29 4.1234192
-13.28 4.123228
-13.27 4.1230607
-13.26 4.1228695
-13.25 4.1226783
-13.24 4.122511
-13.23 4.1223198
-13.22 4.1221286
-13.21 4.1219613
-13.2 4.1217701
-13.19 4.1216028
-13.18 4.1214116
-13.17 4.1212204
-13.16 4.1210531
-13.15 4.1208619
-13.14 4.1206707
-13.13 4.1205034
-13.12 4.1203122
-13.11 4.120121
-13.1 4.1199537
-13.09 4.1197625
-13.08 4.1195952
-13.07 4.119404
-13.06 4.1192128
-13.05 4.1190455
-13.04 4.1188543
-13.03 4.1186631
-13.02 4.1184958
-13.01 4.1183046
-13.0 4.1181134
-12.99 4.1179461
-12.98 4.1177549
-12.97 4.1175876
-12.96 4.1173964
-12.95 4.1172052
-12.94 4.1170379
-12.93 4.1168467
-12.92 4.1166555
-12.91 4.1164882
-12.9 4.116297
-12.89 4.1161058
-12.88 4.1159385
-12.87 4.1157473
-12.86 4.1155561
-12.85 4.1153888
-12.84 4.1151976
-12.83 4.1150064
-12.82 4.1148391
-12.81 4.1146479
-12.8 4.1144806
-12.79 4.1142894
-12.78 4.1140982
-12.77 4.1139309
-12.76 4.1137397
-12.75 4.1135485
-12.74 4.1133812
-12.73 4.11319
-12.72 4.1129988
-12.71 4.1128315
-12.7 4.1126403
-12.69 4.1124491
-12.68 4.1122818
-12.67 4.1120906
-12.66 4.1118994
-12.65 4.1117321
-12.64 4.1115409
-12.63 4.1113497
-12.62 4.1111824
-12.61 4.1109912
-12.6 4.1108
-12.59 4.1106327
-12.58 4.1104415
-12.57 4.1102503
-12.56 4.110083
-12.55 4.1098918
-12.54 4.1097006
-12.53 4.1095333
-12.52 4.1093421
-12.51 4.1091509
-12.5 4.1089836
-12.49 4.1087924
-12.48 4.1086012
-12.47 4.1084339
-12.46 4.1082427
-12.45 4.1080515
-12.44 4.1078842
-12.43 4.107693
-12.42 4.1075257
-12.41 4.1073345
-12.4 4.1071433
-12.39 4.106976
-12.38 4.1067848
-12.37 4.1065936
-12.36 4.1064024
-12.35 4.1062351
-12.34 4.1060439
-12.33 4.1058527
-12.32 4.1056854
-12.31 4.1054942
-12.3 4.105303
-12.29 4.1051357
-12.28 4.1049445
-12.27 4.1047533
-12.26 4.104586
-12.25 4.1043948
-12.24 4.1042036
-12.23 4.1040363
-12.22 4.1038451
-12.21 4.1036539
-12.2 4.1034866
-12.19 4.1032954
-12.18 4.1031042
-12.17 4.1029369
-12.16 4.1027457
-12.15 4.1025545
-12.14 4.1023872
-12.13 4.102196
-12.12 4.1020048
-12.11 4.1018375
-12.1 4.1016463
-12.09 4.1014551
-12.08 4.1012878
-12.07 4.1010966
-12.06 4.1009054
-12.05 4.1007381
-12.04 4.1005469
-12.03 4.1003557
-12.02 4.1001884
-12.01 4.0999972
-12.0 4.099806
-11.99 4.0996387
-11.98 4.0994475
-11.97 4.0992563
-11.96 4.099089
-11.95 4.0988978
-11.94 4.0987066
-11.93 4.0985154
-11.92 4.0983481
-11.91 4.0981569
-11.9 4.0979657
-11.89 4.0977984
-11.88 4.0976072
-11.87 4.097416
-11.86 4.0972487
-11.85 4.0970575
-11.84 4.0968663
-11.83 4.096699
-11.82 4.0965078
-11.81 4.0963166
-11.8 4.0961493
-11.79 4.0959581
-11.78 4.0957669
-11.77 4.0955996
-11.76 4.0954084
-11.75 4.0952172
-11.74 4.095026
-11.73 4.0948587
-11.72 4.0946675
-11.71 4.0944763
-11.7 4.094309
-11.69 4.0941178
-11.68 4.0939266
-11.67 4.0937593
-11.66 4.0935681
-11.65 4.0933769
-11.64 4.0932096
-11.63 4.0930184
-11.62 4.0928272
-11.61 4.0926599
-11.6 4.0924687
-11.59 4.0922775
-11.58 4.0920863
-11.57 4.091919
-11.56 4.0917278
-11.55 4.0915366
-11.54 4.0913693
-11.53 4.0911781
-11.52 4.0909869
-11.51 4.0908196
-11.5 4.0906284
-11.49 4.0904372
-11.48 4.0902699
-11.47 4.0900787
-11.46 4.0898875
-11.45 4.0896963
-11.44 4.089529
-11.43 4.0893378
-11.42 4.0891466
-11.41 4.0889793
-11.4 4.0887881
-11.39 4.0885969
-11.38 4.0884296
-11.37 4.0882384
-11.36 4.0880472
-11.35 4.0878799
-11.34 4.0876887
-11.33 4.0874975
-11.32 4.0873063
-11.31 4.087139
-11.3 4.0869478
-11.29 4.0867566
-11.28 4.0865893
-11.27 4.0863981
-11.26 4.0862069
-11.25 4.0860396
-11.24 4.0858484
-11.23 4.0856572
-11.22 4.0854899
-11.21 4.0852987
-11.2 4.0851075
-11.19 4.0849163
-11.18 4.084749
-11.17 4.0845578
-11.16 4.0843666
-11.15 4.0841993
-11.14 4.0840081
-11.13 4.0838169
-11.12 4.0836496
-11.11 4.0834584
-11.1 4.0832672
-11.09 4.083076
-11.08 4.0829087
-11.07 4.0827175
-11.06 4.0825263
-11.05 4.082359
-11.04 4.0821678
-11.03 4.0819766
-11.02 4.0818093
-11.01 4.0816181
-11.0 4.0814269
-10.99 4.0812357
-10.98 4.0810684
-10.97 4.0808772
-10.96 4.080686
-10.95 4.0805187
-10.94 4.0803275
-10.93 4.0801363
-10.92 4.079969
-10.91 4.0797778
-10.9 4.0795866
-10.89 4.0793954
-10.88 4.0792281
-10.87 4.0790369
-10.86 4.0788457
-10.85 4.0786784
-10.84 4.0784872
-10.83 4.078296
-10.82 4.0781287
-10.81 4.0779375
-10.8 4.0777463
-10.79 4.0775551
-10.78 4.0773878
-10.77 4.0771966
-10.76 4.0770054
-10.75 4.0768381
-10.74 4.0766469
-10.73 4.0764557
-10.72 4.0762884
-10.71 4.0760972
-10.7 4.075906
-10.69 4.0757148
-10.68 4.0755475
-10.67 4.0753563
-10.66 4.0751651
-10.65 4.0749978
-10.64 4.0748066
-10.63 4.0746154
-10.62 4.0744481
-10.61 4.0742569
-10.6 4.0740657
-10.59 4.0738745
-10.58 4.0737072
-10.57 4.073516
-10.56 4.0733248
-10.55 4.0731575
-10.54 4.0729663
-10.53 4.0727751
-10.52 4.0726078
-10.51 4.0724166
-10.5 4.0722254
-10.49 4.0720342
-10.48 4.0718669
-10.47 4.0716757
-10.46 4.0714845
-10.45 4.0713172
-10.44 4.071126
-10.43 4.0709348
-10.42 4.0707675
-10.41 4.0705763
-10.4 4.0703851
-10.39 4.0701939
-10.38 4.0700266
-10.37 4.0698354
-10.36 4.0696442
-10.35 4.0694769
-10.34 4.0692857
-10.33 4.0690945
-10.32 4.0689272
-10.31 4.068736
-10.3 4.0685448
-10.29 4.0683536
-10.28 4.0681863
-10.27 4.0679951
-10.26 4.0678039
-10.25 4.0676366
-10.24 4.0674454
-10.23 4.0672542
-10.22 4.0670869
-10.21 4.0668957
-10.2 4.0667045
-10.19 4.0665133
-10.18 4.066346
-10.17 4.0661548
-10.16 4.0659636
-10.15 4.0657963
-10.14 4.0656051
-10.13 4.0654139
-10.12 4.0652466
-10.11 4.0650554
-10.1 4.0648642
-10.09 4.064673
-10.08 4.0645057
-10.07 4.0643145
-10.06 4.0641233
-10.05 4.063956
-10.04 4.0637648
-10.03 4.0635736
-10.02 4.0634063
-10.01 4.0632151
-10.0 4.0630239
-9.99 4.0628566
-9.98 4.0626654
-9.97 4.0624742
-9.96 4.062283
-9.95 4.0621157
-9.94 4.0619245
-9.93 4.0617333
-9.92 4.061566
-9.91 4.0613748
-9.9 4.0611836
-9.89 4.0610163
-9.88 4.0608251
-9.87 4.0606339
-9.86 4.0604427
-9.85 4.0602754
-9.84 4.0600842
-9.83 4.059893
-9.82 4.0597257
-9.81 4.0595345
-9.8 4.0593433
-9.79 4.059176
-9.78 4.0589848
-9.77 4.0587936
-9.76 4.0586024
-9.75 4.0584351
-9.74 4.0582439
-9.73 4.0580527
-9.72 4.0578854
-9.71 4.0576942
-9.7 4.057503
-9.69 4.0573357
-9.68 4.0571445
-9.67 4.0569533
-9.66 4.056786
-9.65 4.0565948
-9.64 4.0564036
-9.63 4.0562124
-9.62 4.0560451
-9.61 4.0558539
-9.6 4.0556627
-9.59 4.0554954
-9.58 4.0553042
-9.57 4.055113
-9.56 4.0549457
-9.55 4.0547545
-9.54 4.0545633
-9.53 4.054396
-9.52 4.0542048
-9.51 4.0540136
-9.5 4.0538224
-9.49 4.0536551
-9.48 4.0534639
-9.47 4.0532727
-9.46 4.0531054
-9.45 4.0529142
-9.44 4.052723
-9.43 4.0525557
-9.42 4.0523645
-9.41 4.0521733
-9.4 4.052006
-9.39 4.0518148
-9.38 4.0516236
-9.37 4.0514563
-9.36 4.0512651
-9.35 4.0510739
-9.34 4.0508827
-9.33 4.0507154
-9.32 4.0505242
-9.31 4.050333
-9.3 4.0501657
-9.29 4.0499745
-9.28 4.0497833
-9.27 4.049616
-9.26 4.0494248
-9.25 4.0492336
-9.24 4.0490663
-9.23 4.0488751
-9.22 4.0486839
-9.21 4.0485166
-9.2 4.0483254
-9.19 4.0481342
-9.18 4.0479669
-9.17 4.0477757
-9.16 4.0475845
-9.15 4.0473933
-9.14 4.047226
-9.13 4.0470348
-9.12 4.0468436
-9.11 4.0466763
-9.1 4.0464851
-9.09 4.0462939
-9.08 4.0461266
-9.07 4.0459354
-9.06 4.0457442
-9.05 4.0455769
-9.04 4.0453857
-9.03 4.0451945
-9.02 4.0450272
-9.01 4.044836
-9.0 4.0446448
-8.99 4.0444775
-8.98 4.0442863
-8.97 4.0440951
-8.96 4.0439278
-8.95 4.0437366
-8.94 4.0435454
-8.93 4.0433781
-8.92 4.0431869
-8.91 4.0429957
-8.9 4.0428045
-8.89 4.0426372
-8.88 4.042446
-8.87 4.0422548
-8.86 4.0420875
-8.85 4.0418963
-8.84 4.0417051
-8.83 4.0415378
-8.82 4.0413466
-8.81 4.0411554
-8.8 4.0409881
-8.79 4.0407969
-8.78 4.0406057
-8.77 4.0404384
-8.76 4.0402472
-8.75 4.040056
-8.74 4.0398887
-8.73 4.0396975
-8.72 4.0395063
-8.71 4.039339
-8.7 4.0391478
-8.69 4.0389566
-8.68 4.0387893
-8.67 4.0385981
-8.66 4.0384069
-8.65 4.0382396
-8.64 4.0380484
-8.63 4.0378572
-8.62 4.0376899
-8.61 4.0374987
-8.6 4.0373075
-8.59 4.0371402
-8.58 4.036949
-8.57 4.0367578
-8.56 4.0365905
-8.55 4.0363993
-8.54 4.0362081
-8.53 4.0360408
-8.52 4.0358496
-8.51 4.0356584
-8.5 4.0354911
-8.49 4.0352999
-8.48 4.0351087
-8.47 4.0349414
-8.46 4.0347502
-8.45 4.034559
-8.44 4.0343917
-8.43 4.0342005
-8.42 4.0340093
-8.41 4.033842
-8.4 4.0336508
-8.39 4.0334596
-8.38 4.0332923
-8.37 4.0331011
-8.36 4.0329338
-8.35 4.0327426
-8.34 4.0325514
-8.33 4.0323841
-8.32 4.0321929
-8.31 4.0320017
-8.3 4.0318344
-8.29 4.0316432
-8.28 4.031452
-8.27 4.0312847
-8.26 4.0310935
-8.25 4.0309023
-8.24 4.030735
-8.23 4.0305438
-8.22 4.0303526
-8.21 4.0301853
-8.2 4.0299941
-8.19 4.0298029
-8.18 4.0296356
-8.17 4.0294444
-8.16 4.0292532
-8.15 4.0290859
-8.14 4.0288947
-8.13 4.0287274
-8.12 4.0285362
-8.11 4.028345
-8.1 4.0281777
-8.09 4.0279865
-8.08 4.0277953
-8.07 4.027628
-8.06 4.0274368
-8.05 4.0272456
-8.04 4.0270783
-8.03 4.0268871
-8.02 4.0266959
-8.01 4.0265286
-8.0 4.0263374
-7.99 4.0261701
-7.98 4.0259789
-7.97 4.0257877
-7.96 4.0256204
-7.95 4.0254292
-7.94 4.025238
-7.93 4.0250707
-7.92 4.0248795
-7.91 4.0246883
-7.9 4.024521
-7.89 4.0243298
-7.88 4.0241625
-7.87 4.0239713
-7.86 4.0237801
-7.85 4.0236128
-7.84 4.0234216
-7.83 4.0232304
-7.82 4.0230631
-7.81 4.0228719
-7.8 4.0226807
-7.79 4.0225134
-7.78 4.0223222
-7.77 4.0221549
-7.76 4.0219637
-7.75 4.0217725
-7.74 4.0216052
-7.73 4.021414
-7.72 4.0212228
-7.71 4.0210555
-7.7 4.0208643
-7.69 4.020697
-7.68 4.0205058
-7.67 4.0203146
-7.66 4.0201473
-7.65 4.0199561
-7.64 4.0197649
-7.63 4.0195976
-7.62 4.0194064
-7.61 4.0192391
-7.6 4.0190479
-7.59 4.0188567
-7.58 4.0186894
-7.57 4.0184982
-7.56 4.018307
-7.55 4.0181397
-7.54 4.0179485
-7.53 4.0177812
-7.52 4.01759
-7.51 4.0173988
-7.5 4.0172315
-7.49 4.0170403
-7.48 4.016873
-7.47 4.0166818
-7.46 4.0164906
-7.45 4.0163233
-7.44 4.0161321
-7.43 4.0159409
-7.42 4.0157736
-7.41 4.0155824
-7.4 4.0154151
-7.39 4.0152239
-7.38 4.0150327
-7.37 4.0148654
-7.36 4.0146742
-7.35 4.0145069
-7.34 4.0143157
-7.33 4.0141245
-7.32 4.0139572
-7.31 4.013766
-7.3 4.0135987
-7.29 4.0134075
-7.28 4.0132163
-7.27 4.013049
-7.26 4.0128578
-7.25 4.0126905
-7.24 4.0124993
-7.23 4.0123081
-7.22 4.0121408
-7.21 4.0119496
-7.2 4.0117823
-7.19 4.0115911
-7.18 4.0113999
-7.17 4.0112326
-7.16 4.0110414
-7.15 4.0108741
-7.14 4.0106829
-7.13 4.0104917
-7.12 4.0103244
-7.11 4.0101332
-7.1 4.0099659
-7.09 4.0097747
-7.08 4.0095835
-7.07 4.0094162
-7.06 4.009225
-7.05 4.0090577
-7.04 4.0088665
-7.03 4.0086992
-7.02 4.008508
-7.01 4.0083168
-7.0 4.0081495
-6.99 4.0079583
-6.98 4.007791
-6.97 4.0075998
-6.96 4.0074086
-6.95 4.0072413
-6.94 4.0070501
-6.93 4.0068828
-6.92 4.0066916
-6.91 4.0065243
-6.9 4.0063331
-6.89 4.0061419
-6.88 4.0059746
-6.87 4.0057834
-6.86 4.0056161
-6.85 4.0054249
-6.84 4.0052337
-6.83 4.0050664
-6.82 4.0048752
-6.81 4.0047079
-6.8 4.0045167
-6.79 4.0043494
-6.78 4.0041582
-6.77 4.003967
-6.76 4.0037997
-6.75 4.0036085
-6.74 4.0034412
-6.73 4.00325
-6.72 4.0030827
-6.71 4.0028915
-6.7 4.0027242
-6.69 4.002533
-6.68 4.0023418
-6.67 4.0021745
-6.66 4.0019833
-6.65 4.001816
-6.64 4.0016248
-6.63 4.0014575
-6.62 4.0012663
-6.61 4.0010751
-6.6 4.0009078
-6.59 4.0007166
-6.58 4.0005493
-6.57 4.0003581
-6.56 4.0001908
-6.55 3.9999996
-6.54 3.9998323
-6.53 3.9996411
-6.52 3.9994499
-6.51 3.9992826
-6.5 3.9990914
-6.49 3.9989241
-6.48 3.9987329
-6.47 3.9985656
-6.46 3.9983744
-6.45 3.9982071
-6.44 3.9980159
-6.43 3.9978486
-6.42 3.9976574
-6.41 3.9974662
-6.4 3.9972989
-6.39 3.9971077
-6.38 3.9969404
-6.37 3.9967492
-6.36 3.9965819
-6.35 3.9963907
-6.34 3.9962234
-6.33 3.9960322
-6.32 3.9958649
-6.31 3.9956737
-6.3 3.9955064
-6.29 3.9953152
-6.28 3.995124
-6.27 3.9949567
-6.26 3.9947655
-6.25 3.9945982
-6.24 3.994407
-6.23 3.9942397
-6.22 3.9940485
-6.21 3.9938812
-6.2 3.99369
-6.19 3.9935227
-6.18 3.9933315
-6.17 3.9931642
-6.16 3.992973
-6.15 3.9928057
-6.14 3.9926145
-6.13 3.9924472
-6.12 3.992256
-6.11 3.9920648
-6.1 3.9918975
-6.09 3.9917063
-6.08 3.991539
-6.07 3.9913478
-6.06 3.9911805
-6.05 3.9909893
-6.04 3.990822
-6.03 3.9906308
-6.02 3.9904635
-6.01 3.9902723
-6.0 3.990105
-5.99 3.9899138
-5.98 3.9897465
-5.97 3.9895553
-5.96 3.989388
-5.95 3.9891968
-5.94 3.9890295
-5.93 3.9888383
-5.92 3.988671
-5.91 3.9884798
-5.9 3.9883125
-5.89 3.9881213
-5.88 3.987954
-5.87 3.9877628
-5.86 3.9875955
-5.85 3.9874043
-5.84 3.987237
-5.83 3.9870458
-5.82 3.9868785
-5.81 3.9866873
-5.8 3.98652
-5.79 3.9863288
-5.78 3.9861615
-5.77 3.9859703
-5.76 3.985803
-5.75 3.9856118
-5.74 3.9854445
-5.73 3.9852533
-5.72 3.985086
-5.71 3.9848948
-5.7 3.9847275
-5.69 3.9845363
-5.68 3.984369
-5.67 3.9841778
-5.66 3.9840105
-5.65 3.9838193
-5.64 3.983652
-5.63 3.9834608
-5.62 3.9832935
-5.61 3.9831023
-5.6 3.982935
-5.59 3.9827677
-5.58 3.9825765
-5.57 3.9824092
-5.56 3.982218
-5.55 3.9820507
-5.54 3.9818595
-5.53 3.9816922
-5.52 3.981501
-5.51 3.9813337
-5.5 3.9811425
-5.49 3.9809752
-5.48 3.980784
-5.47 3.9806167
-5.46 3.9804255
-5.45 3.9802582
-5.44 3.980067
-5.43 3.9798997
-5.42 3.9797324
-5.41 3.9795412
-5.4 3.9793739
-5.39 3.9791827
-5.38 3.9790154
-5.37 3.9788242
-5.36 3.9786569
-5.35 3.9784657
-5.34 3.9782984
-5.33 3.9781072
-5.32 3.9779399
-5.31 3.9777726
-5.3 3.9775814
-5.29 3.9774141
-5.28 3.9772229
-5.27 3.9770556
-5.26 3.9768644
-5.25 3.9766971
-5.24 3.9765059
-5.23 3.9763386
-5.22 3.9761474
-5.21 3.9759801
-5.2 3.9758128
-5.19 3.9756216
-5.18 3.9754543
-5.17 3.9752631
-5.16 3.9750958
-5.15 3.9749046
-5.14 3.9747373
-5.13 3.97457
-5.12 3.9743788
-5.11 3.9742115
-5.1 3.9740203
-5.09 3.973853
-5.08 3.9736618
-5.07 3.9734945
-5.06 3.9733272
-5.05 3.973136
-5.04 3.9729687
-5.03 3.9727775
-5.02 3.9726102
-5.01 3.972419
-5.0 3.9722517
-4.99 3.9720844
-4.98 3.9718932
-4.97 3.9717259
-4.96 3.9715347
-4.95 3.9713674
-4.94 3.9711762
-4.93 3.9710089
-4.92 3.9708416
-4.91 3.9706504
-4.9 3.9704831
-4.89 3.9702919
-4.88 3.9701246
-4.87 3.9699573
-4.86 3.9697661
-4.85 3.9695988
-4.84 3.9694076
-4.83 3.9692403
-4.82 3.969073
-4.81 3.9688818
-4.8 3.9687145
-4.79 3.9685233
-4.78 3.968356
-4.77 3.9681648
-4.76 3.9679975
-4.75 3.9678302
-4.74 3.967639
-4.73 3.9674717
-4.72 3.9673044
-4.71 3.9671132
-4.7 3.9669459
-4.69 3.9667547
-4.68 3.9665874
-4.67 3.9664201
-4.66 3.9662289
-4.65 3.9660616
-4.64 3.9658704
-4.63 3.9657031
-4.62 3.9655358
-4.61 3.9653446
-4.6 3.9651773
-4.59 3.9649861
-4.58 3.9648188
-4.57 3.9646515
-4.56 3.9644603
-4.55 3.964293
-4.54 3.9641257
-4.53 3.9639345
-4.52 3.9637672
-4.51 3.963576
-4.5 3.9634087
-4.49 3.9632414
-4.48 3.9630502
-4.47 3.9628829
-4.46 3.9627156
-4.45 3.9625244
-4.44 3.9623571
-4.43 3.9621659
-4.42 3.9619986
-4.41 3.9618313
-4.4 3.9616401
-4.39 3.9614728
-4.38 3.9613055
-4.37 3.9611143
-4.36 3.960947
-4.35 3.9607797
-4.34 3.9605885
-4.33 3.9604212
-4.32 3.9602539
-4.31 3.9600627
-4.3 3.9598954
-4.29 3.9597042
-4.28 3.9595369
-4.27 3.9593696
-4.26 3.9591784
-4.25 3.9590111
-4.24 3.9588438
-4.23 3.9586526
-4.22 3.9584853
-4.21 3.958318
-4.2 3.9581268
-4.19 3.9579595
-4.18 3.9577922
-4.17 3.957601
-4.16 3.9574337
-4.15 3.9572664
-4.14 3.9570752
-4.13 3.9569079
-4.12 3.9567406
-4.11 3.9565494
-4.1 3.9563821
-4.09 3.9562148
-4.08 3.9560236
-4.07 3.9558563
-4.06 3.955689
-4.05 3.9554978
-4.04 3.9553305
-4.03 3.9551632
-4.02 3.954972
-4.01 3.9548047
-4.0 3.9546374
-3.99 3.9544701
-3.98 3.9542789
-3.97 3.9541116
-3.96 3.9539443
-3.95 3.9537531
-3.94 3.9535858
-3.93 3.9534185
-3.92 3.9532273
-3.91 3.95306
-3.9 3.9528927
-3.89 3.9527015
-3.88 3.9525342
-3.87 3.9523669
-3.86 3.9521757
-3.85 3.9520084
-3.84 3.9518411
-3.83 3.9516738
-3.82 3.9514826
-3.81 3.9513153
-3.8 3.951148
-3.79 3.9509568
-3.78 3.9507895
-3.77 3.9506222
-3.76 3.9504549
-3.75 3.9502637
-3.74 3.9500964
-3.73 3.9499291
-3.72 3.9497379
-3.71 3.9495706
-3.7 3.9494033
-3.69 3.949236
-3.68 3.9490448
-3.67 3.9488775
-3.66 3.9487102
-3.65 3.948519
-3.64 3.9483517
-3.63 3.9481844
-3.62 3.9480171
-3.61 3.9478259
-3.6 3.9476586
-3.59 3.9474913
-3.58 3.947324
-3.57 3.9471328
-3.56 3.9469655
-3.55 3.9467982
-3.54 3.946607
-3.53 3.9464397
-3.52 3.9462724
-3.51 3.9461051
-3.5 3.9459139
-3.49 3.9457466
-3.48 3.9455793
-3.47 3.945412
-3.46 3.9452208
-3.45 3.9450535
-3.44 3.9448862
-3.43 3.9447189
-3.42 3.9445277
-3.41 3.9443604
-3.4 3.9441931
-3.39 3.9440258
-3.38 3.9438346
-3.37 3.9436673
-3.36 3.9435
-3.35 3.9433327
-3.34 3.9431415
-3.33 3.9429742
-3.32 3.9428069
-3.31 3.9426396
-3.3 3.9424484
-3.29 3.9422811
-3.28 3.9421138
-3.27 3.9419465
-3.26 3.9417792
-3.25 3.941588
-3.24 3.9414207
-3.23 3.9412534
-3.22 3.9410861
-3.21 3.9408949
-3.2 3.9407276
-3.19 3.9405603
-3.18 3.940393
-3.17 3.9402257
-3.16 3.9400345
-3.15 3.9398672
-3.14 3.9396999
-3.13 3.9395326
-3.12 3.9393414
-3.11 3.9391741
-3.1 3.9390068
-3.09 3.9388395
-3.08 3.9386722
-3.07 3.938481
-3.06 3.9383137
-3.05 3.9381464
-3.04 3.9379791
-3.03 3.9378118
-3.02 3.9376206
-3.01 3.9374533
-3.0 3.937286
-2.99 3.9371187
-2.98 3.9369514
-2.97 3.9367602
-2.96 3.9365929
-2.95 3.9364256
-2.94 3.9362583
-2.93 3.936091
-2.92 3.9358998
-2.91 3.9357325
-2.9 3.9355652
-2.89 3.9353979
-2.88 3.9352306
-2.87 3.9350633
-2.86 3.9348721
-2.85 3.9347048
-2.84 3.9345375
-2.83 3.9343702
-2.82 3.9342029
-2.81 3.9340117
-2.8 3.9338444
-2.79 3.9336771
-2.78 3.9335098
-2.77 3.9333425
-2.76 3.9331752
-2.75 3.932984
-2.74 3.9328167
-2.73 3.9326494
-2.72 3.9324821
-2.71 3.9323148
-2.7 3.9321475
-2.69 3.9319563
-2.68 3.931789
-2.67 3.9316217
-2.66 3.9314544
-2.65 3.9312871
-2.64 3.9311198
-2.63 3.9309525
-2.62 3.9307613
-2.61 3.930594
-2.6 3.9304267
-2.59 3.9302594
-2.58 3.9300921
-2.57 3.9299248
-2.56 3.9297575
-2.55 3.9295663
-2.54 3.929399
-2.53 3.9292317
-2.52 3.9290644
-2.51 3.9288971
-2.5 3.9287298
-2.49 3.9285625
-2.48 3.9283713
-2.47 3.928204
-2.46 3.9280367
-2.45 3.9278694
-2.44 3.9277021
-2.43 3.9275348
-2.42 3.9273675
-2.41 3.9272002
-2.4 3.927009
-2.39 3.9268417
-2.38 3.9266744
-2.37 3.9265071
-2.36 3.9263398
-2.35 3.9261725
-2.34 3.9260052
-2.33 3.9258379
-2.32 3.9256706
-2.31 3.9254794
-2.3 3.9253121
-2.29 3.9251448
-2.28 3.9249775
-2.27 3.9248102
-2.26 3.9246429
-2.25 3.9244756
-2.24 3.9243083
-2.23 3.924141
-2.22 3.9239737
-2.21 3.9237825
-2.2 3.9236152
-2.19 3.9234479
-2.18 3.9232806
-2.17 3.9231133
-2.16 3.922946
-2.15 3.9227787
-2.14 3.9226114
-2.13 3.9224441
-2.12 3.9222768
-2.11 3.9221095
-2.1 3.9219422
-2.09 3.921751
-2.08 3.9215837
-2.07 3.9214164
-2.06 3.9212491
-2.05 3.9210818
-2.04 3.9209145
-2.03 3.9207472
-2.02 3.9205799
-2.01 3.9204126
-2.0 3.9202453
-1.99 3.920078
-1.98 3.9199107
-1.97 3.9197434
-1.96 3.9195761
-1.95 3.9194088
-1.94 3.9192176
-1.93 3.9190503
-1.92 3.918883
-1.91 3.9187157
-1.9 3.9185484
-1.89 3.9183811
-1.88 3.9182138
-1.87 3.9180465
-1.86 3.9178792
-1.85 3.9177119
-1.84 3.9175446
-1.83 3.9173773
-1.82 3.91721
-1.81 3.9170427
-1.8 3.9168754
-1.79 3.9167081
-1.78 3.9165408
-1.77 3.9163735
-1.76 3.9162062
-1.75 3.9160389
-1.74 3.9158716
-1.73 3.9157043
-1.72 3.915537
-1.71 3.9153697
-1.7 3.9152024
-1.69 3.9150351
-1.68 3.9148678
-1.67 3.9147005
-1.66 3.9145332
-1.65 3.9143659
-1.64 3.9141747
-1.63 3.9140074
-1.62 3.9138401
-1.61 3.9136728
-1.6 3.9135055
-1.59 3.9133382
-1.58 3.9131709
-1.57 3.9130036
-1.56 3.9128363
-1.55 3.912669
-1.54 3.9125017
-1.53 3.9123344
-1.52 3.9121671
-1.51 3.9119998
-1.5 3.9118325
-1.49 3.9116652
-1.48 3.9114979
-1.47 3.9113545
-1.46 3.9111872
-1.45 3.9110199
-1.44 3.9108526
-1.43 3.9106853
-1.42 3.910518
-1.41 3.9103507
-1.4 3.9101834
-1.39 3.9100161
-1.38 3.9098488
-1.37 3.9096815
-1.36 3.9095142
-1.35 3.9093469
-1.34 3.9091796
-1.33 3.9090123
-1.32 3.908845
-1.31 3.9086777
-1.3 3.9085104
-1.29 3.9083431
-1.28 3.9081758
-1.27 3.9080085
-1.26 3.9078412
-1.25 3.9076739
-1.24 3.9075066
-1.23 3.9073393
-1.22 3.907172
-1.21 3.9070047
-1.2 3.9068374
-1.19 3.9066701
-1.18 3.9065267
-1.17 3.9063594
-1.16 3.9061921
-1.15 3.9060248
-1.14 3.9058575
-1.13 3.9056902
-1.12 3.9055229
-1.11 3.9053556
-1.1 3.9051883
-1.09 3.905021
-1.08 3.9048537
-1.07 3.9046864
-1.06 3.9045191
-1.05 3.9043518
-1.04 3.9041845
-1.03 3.9040411
-1.02 3.9038738
-1.01 3.9037065
-1.0 3.9035392
-0.99 3.9033719
-0.98 3.9032046
-0.97 3.9030373
-0.96 3.90287
-0.95 3.9027027
-0.94 3.9025354
-0.93 3.9023681
-0.92 3.9022247
-0.91 3.9020574
-0.9 3.9018901
-0.89 3.9017228
-0.88 3.9015555
-0.87 3.9013882
-0.86 3.9012209
-0.85 3.9010536
-0.84 3.9008863
-0.83 3.900719
-0.82 3.9005756
-0.81 3.9004083
-0.8 3.900241
-0.79 3.9000737
-0.78 3.8999064
-0.77 3.8997391
-0.76 3.8995718
-0.75 3.8994045
-0.74 3.8992611
-0.73 3.8990938
-0.72 3.8989265
-0.71 3.8987592
-0.7 3.8985919
-0.69 3.8984246
-0.68 3.8982573
-0.67 3.89809
-0.66 3.8979466
-0.65 3.8977793
-0.64 3.897612
-0.63 3.8974447
-0.62 3.8972774
-0.61 3.8971101
-0.6 3.8969428
-0.59 3.8967994
-0.58 3.8966321
-0.57 3.8964648
-0.56 3.8962975
-0.55 3.8961302
-0.54 3.8959629
-0.53 3.8957956
-0.52 3.8956522
-0.51 3.8954849
-0.5 3.8953176
-0.49 3.8951503
-0.48 3.894983
-0.47 3.8948157
-0.46 3.8946723
-0.45 3.894505
-0.44 3.8943377
-0.43 3.8941704
-0.42 3.8940031
-0.41 3.8938358
-0.4 3.8936924
-0.39 3.8935251
-0.38 3.8933578
-0.37 3.8931905
-0.36 3.8930232
-0.35 3.8928798
-0.34 3.8927125
-0.33 3.8925452
-0.32 3.8923779
-0.31 3.8922106
-0.3 3.8920672
-0.29 3.8918999
-0.28 3.8917326
-0.27 3.8915653
-0.26 3.891398
-0.25 3.8912546
-0.24 3.8910873
-0.23 3.89092
-0.22 3.8907527
-0.21 3.8905854
-0.2 3.890442
-0.19 3.8902747
-0.18 3.8901074
-0.17 3.8899401
-0.16 3.8897728
-0.15 3.8896294
-0.14 3.8894621
-0.13 3.8892948
-0.12 3.8891275
-0.11 3.8889841
-0.1 3.8888168
-0.09 3.8886495
-0.08 3.8884822
-0.07 3.8883149
-0.06 3.8881715
-0.05 3.8880042
-0.04 3.8878369
-0.03 3.8876696
-0.02 3.8875262
-0.01 3.8873589
0.0 3.8871916
0.01 3.8870243
0.02 3.8868809
0.03 3.8867136
0.04 3.8865463
0.05 3.886379
0.06 3.8862356
0.07 3.8860683
0.08 3.885901
0.09 3.8857337
0.1 3.8855903
0.11 3.885423
0.12 3.8852557
0.13 3.8850884
0.14 3.884945
0.15 3.8847777
0.16 3.8846104
0.17 3.884467
0.18 3.8842997
0.19 3.8841324
0.2 3.8839651
0.21 3.8838217
0.22 3.8836544
0.23 3.8834871
0.24 3.8833198
0.25 3.8831764
0.26 3.8830091
0.27 3.8828418
0.28 3.8826984
0.29 3.8825311
0.3 3.8823638
0.31 3.8822204
0.32 3.8820531
0.33 3.8818858
0.34 3.8817185
0.35 3.8815751
0.36 3.8814078
0.37 3.8812405
0.38 3.8810971
0.39 3.8809298
0.4 3.8807625
0.41 3.8806191
0.42 3.8804518
0.43 3.8802845
0.44 3.8801172
0.45 3.8799738
0.46 3.8798065
0.47 3.8796392
0.48 3.8794958
0.49 3.8793285
0.5 3.8791612
0.51 3.8790178
0.52 3.8788505
0.53 3.8786832
0.54 3.8785398
0.55 3.8783725
0.56 3.8782052
0.57 3.8780618
0.58 3.8778945
0.59 3.8777272
0.6 3.8775838
0.61 3.8774165
0.62 3.8772731
0.63 3.8771058
0.64 3.8769385
0.65 3.8767951
0.66 3.8766278
0.67 3.8764605
0.68 3.8763171
0.69 3.8761498
0.7 3.8759825
0.71 3.8758391
0.72 3.8756718
0.73 3.8755045
0.74 3.8753611
0.75 3.8751938
0.76 3.8750504
0.77 3.8748831
0.78 3.8747158
0.79 3.8745724
0.8 3.8744051
0.81 3.8742378
0.82 3.8740944
0.83 3.8739271
0.84 3.8737837
0.85 3.8736164
0.86 3.8734491
0.87 3.8733057
0.88 3.8731384
0.89 3.872995
0.9 3.8728277
0.91 3.8726604
0.92 3.872517
0.93 3.8723497
0.94 3.8722063
0.95 3.872039
0.96 3.8718717
0.97 3.8717283
0.98 3.871561
0.99 3.8714176
1.0 3.8712503
1.01 3.871083
1.02 3.8709396
1.03 3.8707723
1.04 3.8706289
1.05 3.8704616
1.06 3.8703182
1.07 3.8701509
1.08 3.8699836
1.09 3.8698402
1.1 3.8696729
1.11 3.8695295
1.12 3.8693622
1.13 3.8692188
1.14 3.8690515
1.15 3.8688842
1.16 3.8687408
1.17 3.8685735
1.18 3.8684301
1.19 3.8682628
1.2 3.8681194
1.21 3.8679521
1.22 3.8678087
1.23 3.8676414
1.24 3.867498
1.25 3.8673307
1.26 3.8671634
1.27 3.86702
1.28 3.8668527
1.29 3.8667093
1.3 3.866542
1.31 3.8663986
1.32 3.8662313
1.33 3.8660879
1.34 3.8659206
1.35 3.8657772
1.36 3.8656099
1.37 3.8654665
1.38 3.8652992
1.39 3.8651558
1.4 3.8649885
1.41 3.8648451
1.42 3.8646778
1.43 3.8645344
1.44 3.8643671
1.45 3.8642237
1.46 3.8640564
1.47 3.863913
1.48 3.8637457
1.49 3.8636023
1.5 3.863435
1.51 3.8632916
1.52 3.8631243
1.53 3.8629809
1.54 3.8628136
1.55 3.8626702
1.56 3.8625029
1.57 3.8623595
1.58 3.8621922
1.59 3.8620488
1.6 3.8618815
1.61 3.8617381
1.62 3.8615708
1.63 3.8614274
1.64 3.8612601
1.65 3.8611167
1.66 3.8609494
1.67 3.860806
1.68 3.8606387
1.69 3.8604953
1.7 3.860328
1.71 3.8601846
1.72 3.8600412
1.73 3.8598739
1.74 3.8597305
1.75 3.8595632
1.76 3.8594198
1.77 3.8592525
1.78 3.8591091
1.79 3.8589418
1.8 3.8587984
1.81 3.858655
1.82 3.8584877
1.83 3.8583443
1.84 3.858177
1.85 3.8580336
1.86 3.8578663
1.87 3.8577229
1.88 3.8575795
1.89 3.8574122
1.9 3.8572688
1.91 3.8571015
1.92 3.8569581
1.93 3.8567908
1.94 3.8566474
1.95 3.856504
1.96 3.8563367
1.97 3.8561933
1.98 3.856026
1.99 3.8558826
2.0 3.8557392
2.01 3.8555719
2.02 3.8554285
2.03 3.8552612
2.04 3.8551178
2.05 3.8549744
2.06 3.8548071
2.07 3.8546637
2.08 3.8544964
2.09 3.854353
2.1 3.8542096
2.11 3.8540423
2.12 3.8538989
2.13 3.8537316
2.14 3.8535882
2.15 3.8534448
2.16 3.8532775
2.17 3.8531341
2.18 3.8529907
2.19 3.8528234
2.2 3.85268
2.21 3.8525366
2.22 3.8523693
2.23 3.8522259
2.24 3.8520586
2.25 3.8519152
2.26 3.8517718
2.27 3.8516045
2.28 3.8514611
2.29 3.8513177
2.3 3.8511504
2.31 3.851007
2.32 3.8508636
2.33 3.8506963
2.34 3.8505529
2.35 3.8504095
2.36 3.8502422
2.37 3.8500988
2.38 3.8499554
2.39 3.8497881
2.4 3.8496447
2.41 3.8495013
2.42 3.849334
2.43 3.8491906
2.44 3.8490472
2.45 3.8488799
2.46 3.8487365
2.47 3.8485931
2.48 3.8484258
2.49 3.8482824
2.5 3.848139
2.51 3.8479717
2.52 3.8478283
2.53 3.8476849
2.54 3.8475415
2.55 3.8473742
2.56 3.8472308
2.57 3.8470874
2.58 3.8469201
2.59 3.8467767
2.6 3.8466333
2.61 3.846466
2.62 3.8463226
2.63 3.8461792
2.64 3.8460358
2.65 3.8458685
2.66 3.8457251
2.67 3.8455817
2.68 3.8454383
2.69 3.845271
2.7 3.8451276
2.71 3.8449842
2.72 3.8448169
2.73 3.8446735
2.74 3.8445301
2.75 3.8443867
2.76 3.8442194
2.77 3.844076
2.78 3.8439326
2.79 3.8437892
2.8 3.8436219
2.81 3.8434785
2.82 3.8433351
2.83 3.8431917
2.84 3.8430244
2.85 3.842881
2.86 3.8427376
2.87 3.8425942
2.88 3.8424269
2.89 3.8422835
2.9 3.8421401
2.91 3.8419967
2.92 3.8418294
2.93 3.841686
2.94 3.8415426
2.95 3.8413992
2.96 3.8412558
2.97 3.8410885
2.98 3.8409451
2.99 3.8408017
3.0 3.8406583
3.01 3.8405149
3.02 3.8403476
3.03 3.8402042
3.04 3.8400608
3.05 3.8399174
3.06 3.839774
3.07 3.8396067
3.08 3.8394633
3.09 3.8393199
3.1 3.8391765
3.11 3.8390331
3.12 3.8388658
3.13 3.8387224
3.14 3.838579
3.15 3.8384356
3.16 3.8382922
3.17 3.8381249
3.18 3.8379815
3.19 3.8378381
3.2 3.8376947
3.21 3.8375513
3.22 3.8374079
3.23 3.8372406
3.24 3.8370972
3.25 3.8369538
3.26 3.8368104
3.27 3.836667
3.28 3.8365236
3.29 3.8363563
3.3 3.8362129
3.31 3.8360695
3.32 3.8359261
3.33 3.8357827
3.34 3.8356393
3.35 3.8354959
3.36 3.8353286
3.37 3.8351852
3.38 3.8350418
3.39 3.8348984
3.4 3.834755
3.41 3.8346116
3.42 3.8344682
3.43 3.8343009
3.44 3.8341575
3.45 3.8340141
3.46 3.8338707
3.47 3.8337273
3.48 3.8335839
3.49 3.8334405
3.5 3.8332971
3.51 3.8331298
3.52 3.8329864
3.53 3.832843
3.54 3.8326996
3.55 3.8325562
3.56 3.8324128
3.57 3.8322694
3.58 3.832126
3.59 3.8319826
3.6 3.8318392
3.61 3.8316719
3.62 3.8315285
3.63 3.8313851
3.64 3.8312417
3.65 3.8310983
3.66 3.8309549
3.67 3.8308115
3.68 3.8306681
3.69 3.8305247
3.7 3.8303813
3.71 3.8302379
3.72 3.8300945
3.73 3.8299511
3.74 3.8297838
3.75 3.8296404
3.76 3.829497
3.77 3.8293536
3.78 3.8292102
3.79 3.8290668
3.8 3.8289234
3.81 3.82878
3.82 3.8286366
3.83 3.8284932
3.84 3.8283498
3.85 3.8282064
3.86 3.828063
3.87 3.8279196
3.88 3.8277762
3.89 3.8276328
3.9 3.8274894
3.91 3.827346
3.92 3.8272026
3.93 3.8270592
3.94 3.8269158
3.95 3.8267724
3.96 3.826629
3.97 3.8264856
3.98 3.8263183
3.99 3.8261749
4.0 3.8260315
4.01 3.8258881
4.02 3.8257447
4.03 3.8256013
4.04 3.8254579
4.05 3.8253145
4.06 3.8251711
4.07 3.8250277
4.08 3.8248843
4.09 3.8247409
4.1 3.8245975
4.11 3.8244541
4.12 3.8243107
4.13 3.8241673
4.14 3.8240239
4.15 3.8238805
4.16 3.823761
4.17 3.8236176
4.18 3.8234742
4.19 3.8233308
4.2 3.8231874
4.21 3.823044
4.22 3.8229006
4.23 3.8227572
4.24 3.8226138
4.25 3.8224704
4.26 3.822327
4.27 3.8221836
4.28 3.8220402
4.29 3.8218968
4.3 3.8217534
4.31 3.82161
4.32 3.8214666
4.33 3.8213232
4.34 3.8211798
4.35 3.8210364
4.36 3.820893
4.37 3.8207496
4.38 3.8206062
4.39 3.8204867
4.4 3.8203433
4.41 3.8201999
4.42 3.8200565
4.43 3.8199131
4.44 3.8197697
4.45 3.8196263
4.46 3.8194829
4.47 3.8193395
4.48 3.8191961
4.49 3.8190527
4.5 3.8189093
4.51 3.8187659
4.52 3.8186464
4.53 3.818503
4.54 3.8183596
4.55 3.8182162
4.56 3.8180728
4.57 3.8179294
4.58 3.817786
4.59 3.8176426
4.6 3.8174992
4.61 3.8173797
4.62 3.8172363
4.63 3.8170929
4.64 3.8169495
4.65 3.8168061
4.66 3.8166627
4.67 3.8165193
4.68 3.8163759
4.69 3.8162325
4.7 3.816113
4.71 3.8159696
4.72 3.8158262
4.73 3.8156828
4.74 3.8155394
4.75 3.815396
4.76 3.8152526
4.77 3.8151331
4.78 3.8149897
4.79 3.8148463
4.8 3.8147029
4.81 3.8145595
4.82 3.8144161
4.83 3.8142727
4.84 3.8141532
4.85 3.8140098
4.86 3.8138664
4.87 3.813723
4.88 3.8135796
4.89 3.8134362
4.9 3.8133167
4.91 3.8131733
4.92 3.8130299
4.93 3.8128865
4.94 3.8127431
4.95 3.8126236
4.96 3.8124802
4.97 3.8123368
4.98 3.8121934
4.99 3.81205
5.0 3.8119066
5.01 3.8117871
5.02 3.8116437
5.03 3.8115003
5.04 3.8113569
5.05 3.8112135
5.06 3.811094
5.07 3.8109506
5.08 3.8108072
5.09 3.8106638
5.1 3.8105443
5.11 3.8104009
5.12 3.8102575
5.13 3.8101141
5.14 3.8099707
5.15 3.8098512
5.16 3.8097078
5.17 3.8095644
5.18 3.809421
5.19 3.8093015
5.2 3.8091581
5.21 3.8090147
5.22 3.8088713
5.23 3.8087518
5.24 3.8086084
5.25 3.808465
5.26 3.8083216
5.27 3.8082021
5.28 3.8080587
5.29 3.8079153
5.3 3.8077719
5.31 3.8076524
5.32 3.807509
5.33 3.8073656
5.34 3.8072222
5.35 3.8071027
5.36 3.8069593
5.37 3.8068159
5.38 3.8066725
5.39 3.806553
5.4 3.8064096
5.41 3.8062662
5.42 3.8061467
5.43 3.8060033
5.44 3.8058599
5.45 3.8057165
5.46 3.805597
5.47 3.8054536
5.48 3.8053102
5.49 3.8051907
5.5 3.8050473
5.51 3.8049039
5.52 3.8047605
5.53 3.804641
5.54 3.8044976
5.55 3.8043542
5.56 3.8042347
5.57 3.8040913
5.58 3.8039479
5.59 3.8038284
5.6 3.803685
5.61 3.8035416
5.62 3.8034221
5.63 3.8032787
5.64 3.8031353
5.65 3.8030158
5.66 3.8028724
5.67 3.802729
5.68 3.8026095
5.69 3.8024661
5.7 3.8023227
5.71 3.8022032
5.72 3.8020598
5.73 3.8019164
5.74 3.8017969
5.75 3.8016535
5.76 3.8015101
5.77 3.8013906
5.78 3.8012472
5.79 3.8011038
5.8 3.8009843
5.81 3.8008409
5.82 3.8007214
5.83 3.800578
5.84 3.8004346
5.85 3.8003151
5.86 3.8001717
5.87 3.8000283
5.88 3.7999088
5.89 3.7997654
5.9 3.7996459
5.91 3.7995025
5.92 3.7993591
5.93 3.7992396
5.94 3.7990962
5.95 3.7989767
5.96 3.7988333
5.97 3.7986899
5.98 3.7985704
5.99 3.798427
6.0 3.7983075
6.01 3.7981641
6.02 3.7980207
6.03 3.7979012
6.04 3.7977578
6.05 3.7976383
6.06 3.7974949
6.07 3.7973515
6.08 3.797232
6.09 3.7970886
6.1 3.7969691
6.11 3.7968257
6.12 3.7967062
6.13 3.7965628
6.14 3.7964194
6.15 3.7962999
6.16 3.7961565
6.17 3.796037
6.18 3.7958936
6.19 3.7957741
6.2 3.7956307
6.21 3.7955112
6.22 3.7953678
6.23 3.7952244
6.24 3.7951049
6.25 3.7949615
6.26 3.794842
6.27 3.7946986
6.28 3.7945791
6.29 3.7944357
6.3 3.7943162
6.31 3.7941728
6.32 3.7940533
6.33 3.7939099
6.34 3.7937904
6.35 3.793647
6.36 3.7935275
6.37 3.7933841
6.38 3.7932646
6.39 3.7931212
6.4 3.7930017
6.41 3.7928583
6.42 3.7927388
6.43 3.7925954
6.44 3.7924759
6.45 3.7923325
6.46 3.792213
6.47 3.7920696
6.48 3.7919501
6.49 3.7918067
6.5 3.7916872
6.51 3.7915438
6.52 3.7914243
6.53 3.7912809
6.54 3.7911614
6.55 3.791018
6.56 3.7908985
6.57 3.7907551
6.58 3.7906356
6.59 3.7904922
6.6 3.7903727
6.61 3.7902293
6.62 3.7901098
6.63 3.7899903
6.64 3.7898469
6.65 3.7897274
6.66 3.789584
6.67 3.7894645
6.68 3.7893211
6.69 3.7892016
6.7 3.7890582
6.71 3.7889387
6.72 3.7888192
6.73 3.7886758
6.74 3.7885563
6.75 3.7884129
6.76 3.7882934
6.77 3.78815
6.78 3.7880305
6.79 3.787911
6.8 3.7877676
6.81 3.7876481
6.82 3.7875047
6.83 3.7873852
6.84 3.7872418
6.85 3.7871223
6.86 3.7870028
6.87 3.7868594
6.88 3.7867399
6.89 3.7865965
6.9 3.786477
6.91 3.7863575
6.92 3.7862141
6.93 3.7860946
6.94 3.7859512
6.95 3.7858317
6.96 3.7857122
6.97 3.7855688
6.98 3.7854493
6.99 3.7853298
7.0 3.7851864
7.01 3.7850669
7.02 3.7849235
7.03 3.784804
7.04 3.7846845
7.05 3.7845411
7.06 3.7844216
7.07 3.7843021
7.08 3.7841587
7.09 3.7840392
7.1 3.7839197
7.11 3.7837763
7.12 3.7836568
7.13 3.7835134
7.14 3.7833939
7.15 3.7832744
7.16 3.783131
7.17 3.7830115
7.18 3.782892
7.19 3.7827486
7.2 3.7826291
7.21 3.7825096
7.22 3.7823662
7.23 3.7822467
7.24 3.7821272
7.25 3.7820077
7.26 3.7818643
7.27 3.7817448
7.28 3.7816253
7.29 3.7814819
7.3 3.7813624
7.31 3.7812429
7.32 3.7810995
7.33 3.78098
7.34 3.7808605
7.35 3.7807171
7.36 3.7805976
7.37 3.7804781
7.38 3.7803586
7.39 3.7802152
7.4 3.7800957
7.41 3.7799762
7.42 3.7798328
7.43 3.7797133
7.44 3.7795938
7.45 3.7794743
7.46 3.7793309
7.47 3.7792114
7.48 3.7790919
7.49 3.7789485
7.5 3.778829
7.51 3.7787095
7.52 3.77859
7.53 3.7784466
7.54 3.7783271
7.55 3.7782076
7.56 3.7780881
7.57 3.7779447
7.58 3.7778252
7.59 3.7777057
7.6 3.7775862
7.61 3.7774428
7.62 3.7773233
7.63 3.7772038
7.64 3.7770843
7.65 3.7769648
7.66 3.7768214
7.67 3.7767019
7.68 3.7765824
7.69 3.7764629
7.7 3.7763195
7.71 3.7762
7.72 3.7760805
7.73 3.775961
7.74 3.7758415
7.75 3.7756981
7.76 3.7755786
7.77 3.7754591
7.78 3.7753396
7.79 3.7752201
7.8 3.7750767
7.81 3.7749572
7.82 3.7748377
7.83 3.7747182
7.84 3.7745987
7.85 3.7744553
7.86 3.7743358
7.87 3.7742163
7.88 3.7740968
7.89 3.7739773
7.9 3.7738339
7.91 3.7737144
7.92 3.7735949
7.93 3.7734754
7.94 3.7733559
7.95 3.7732364
7.96 3.773093
7.97 3.7729735
7.98 3.772854
7.99 3.7727345
8.0 3.772615
8.01 3.7724955
8.02 3.772376
8.03 3.7722326
8.04 3.7721131
8.05 3.7719936
8.06 3.7718741
8.07 3.7717546
8.08 3.7716351
8.09 3.7715156
8.1 3.7713722
8.11 3.7712527
8.12 3.7711332
8.13 3.7710137
8.14 3.7708942
8.15 3.7707747
8.16 3.7706552
8.17 3.7705357
8.18 3.7704162
8.19 3.7702728
8.2 3.7701533
8.21 3.7700338
8.22 3.7699143
8.23 3.7697948
8.24 3.7696753
8.25 3.7695558
8.26 3.7694363
8.27 3.7693168
8.28 3.7691973
8.29 3.7690539
8.3 3.7689344
8.31 3.7688149
8.32 3.7686954
8.33 3.7685759
8.34 3.7684564
8.35 3.7683369
8.36 3.7682174
8.37 3.7680979
8.38 3.7679784
8.39 3.7678589
8.4 3.7677394
8.41 3.7676199
8.42 3.7675004
8.43 3.767357
8.44 3.7672375
8.45 3.767118
8.46 3.7669985
8.47 3.766879
8.48 3.7667595
8.49 3.76664
8.5 3.7665205
8.51 3.766401
8.52 3.7662815
8.53 3.766162
8.54 3.7660425
8.55 3.765923
8.56 3.7658035
8.57 3.765684
8.58 3.7655645
8.59 3.765445
8.6 3.7653255
8.61 3.765206
8.62 3.7650865
8.63 3.764967
8.64 3.7648475
8.65 3.764728
8.66 3.7646085
8.67 3.764489
8.68 3.7643695
8.69 3.76425
8.7 3.7641305
8.71 3.764011
8.72 3.7638915
8.73 3.763772
8.74 3.7636525
8.75 3.763533
8.76 3.7634135
8.77 3.763294
8.78 3.7631745
8.79 3.763055
8.8 3.7629355
8.81 3.762816
8.82 3.7626965
8.83 3.762577
8.84 3.7624575
8.85 3.762338
8.86 3.7622185
8.87 3.762099
8.88 3.7619795
8.89 3.76186
8.9 3.7617405
8.91 3.761621
8.92 3.7615254
8.93 3.7614059
8.94 3.7612864
8.95 3.7611669
8.96 3.7610474
8.97 3.7609279
8.98 3.7608084
8.99 3.7606889
9.0 3.7605694
9.01 3.7604499
9.02 3.7603304
9.03 3.7602109
9.04 3.7600914
9.05 3.7599719
9.06 3.7598763
9.07 3.7597568
9.08 3.7596373
9.09 3.7595178
9.1 3.7593983
9.11 3.7592788
9.12 3.7591593
9.13 3.7590398
9.14 3.7589203
9.15 3.7588008
9.16 3.7587052
9.17 3.7585857
9.18 3.7584662
9.19 3.7583467
9.2 3.7582272
9.21 3.7581077
9.22 3.7579882
9.23 3.7578687
9.24 3.7577492
9.25 3.7576536
9.26 3.7575341
9.27 3.7574146
9.28 3.7572951
9.29 3.7571756
9.3 3.7570561
9.31 3.7569366
9.32 3.756841
9.33 3.7567215
9.34 3.756602
9.35 3.7564825
9.36 3.756363
9.37 3.7562435
9.38 3.7561479
9.39 3.7560284
9.4 3.7559089
9.41 3.7557894
9.42 3.7556699
9.43 3.7555504
9.44 3.7554548
9.45 3.7553353
9.46 3.7552158
9.47 3.7550963
9.48 3.7549768
9.49 3.7548573
9.5 3.7547617
9.51 3.7546422
9.52 3.7545227
9.53 3.7544032
9.54 3.7542837
9.55 3.7541881
9.56 3.7540686
9.57 3.7539491
9.58 3.7538296
9.59 3.7537101
9.6 3.7536145
9.61 3.753495
9.62 3.7533755
9.63 3.753256
9.64 3.7531365
9.65 3.7530409
9.66 3.7529214
9.67 3.7528019
9.68 3.7526824
9.69 3.7525868
9.7 3.7524673
9.71 3.7523478
9.72 3.7522283
9.73 3.7521327
9.74 3.7520132
9.75 3.7518937
9.76 3.7517742
9.77 3.7516786
9.78 3.7515591
9.79 3.7514396
9.8 3.7513201
9.81 3.7512245
9.82 3.751105
9.83 3.7509855
9.84 3.750866
9.85 3.7507704
9.86 3.7506509
9.87 3.7505314
9.88 3.7504119
9.89 3.7503163
9.9 3.7501968
9.91 3.7500773
9.92 3.7499817
9.93 3.7498622
9.94 3.7497427
9.95 3.7496232
9.96 3.7495276
9.97 3.7494081
9.98 3.7492886
9.99 3.749193
10.0 3.7490735
10.01 3.748954
10.02 3.7488584
10.03 3.7487389
10.04 3.7486194
10.05 3.7484999
10.06 3.7484043
10.07 3.7482848
10.08 3.7481653
10.09 3.7480697
10.1 3.7479502
10.11 3.7478307
10.12 3.7477351
10.13 3.7476156
10.14 3.7474961
10.15 3.7474005
10.16 3.747281
10.17 3.7471615
10.18 3.7470659
10.19 3.7469464
10.2 3.7468269
10.21 3.7467313
10.22 3.7466118
10.23 3.7464923
10.24 3.7463967
10.25 3.7462772
10.26 3.7461816
10.27 3.7460621
10.28 3.7459426
10.29 3.745847
10.3 3.7457275
10.31 3.745608
10.32 3.7455124
10.33 3.7453929
10.34 3.7452973
10.35 3.7451778
10.36 3.7450583
10.37 3.7449627
10.38 3.7448432
10.39 3.7447237
10.4 3.7446281
10.41 3.7445086
10.42 3.744413
10.43 3.7442935
10.44 3.744174
10.45 3.7440784
10.46 3.7439589
10.47 3.7438633
10.48 3.7437438
10.49 3.7436482
10.5 3.7435287
10.51 3.7434092
10.52 3.7433136
10.53 3.7431941
10.54 3.7430985
10.55 3.742979
10.56 3.7428595
10.57 3.7427639
10.58 3.7426444
10.59 3.7425488
10.6 3.7424293
10.61 3.7423337
10.62 3.7422142
10.63 3.7421186
10.64 3.7419991
10.65 3.7418796
10.66 3.741784
10.67 3.7416645
10.68 3.7415689
10.69 3.7414494
10.7 3.7413538
10.71 3.7412343
10.72 3.7411387
10.73 3.7410192
10.74 3.7409236
10.75 3.7408041
10.76 3.7407085
10.77 3.740589
10.78 3.7404934
10.79 3.7403739
10.8 3.7402783
10.81 3.7401588
10.82 3.7400393
10.83 3.7399437
10.84 3.7398242
10.85 3.7397286
10.86 3.7396091
10.87 3.7395135
10.88 3.739394
10.89 3.7392984
10.9 3.7391789
10.91 3.7390833
10.92 3.7389877
10.93 3.7388682
10.94 3.7387726
10.95 3.7386531
10.96 3.7385575
10.97 3.738438
10.98 3.7383424
10.99 3.7382229
11.0 3.7381273
11.01 3.7380078
11.02 3.7379122
11.03 3.7377927
11.04 3.7376971
11.05 3.7375776
11.06 3.737482
11.07 3.7373625
11.08 3.7372669
11.09 3.7371713
11.1 3.7370518
11.11 3.7369562
11.12 3.7368367
11.13 3.7367411
11.14 3.7366216
11.15 3.736526
11.16 3.7364304
11.17 3.7363109
11.18 3.7362153
11.19 3.7360958
11.2 3.7360002
11.21 3.7358807
11.22 3.7357851
11.23 3.7356895
11.24 3.73557
11.25 3.7354744
11.26 3.7353549
11.27 3.7352593
11.28 3.7351637
11.29 3.7350442
11.3 3.7349486
11.31 3.7348291
11.32 3.7347335
11.33 3.7346379
11.34 3.7345184
11.35 3.7344228
11.36 3.7343033
11.37 3.7342077
11.38 3.7341121
11.39 3.7339926
11.4 3.733897
11.41 3.7337775
11.42 3.7336819
11.43 3.7335863
11.44 3.7334668
11.45 3.7333712
11.46 3.7332756
11.47 3.7331561
11.48 3.7330605
11.49 3.7329649
11.5 3.7328454
11.51 3.7327498
11.52 3.7326542
11.53 3.7325347
11.54 3.7324391
11.55 3.7323196
11.56 3.732224
11.57 3.7321284
11.58 3.7320089
11.59 3.7319133
11.6 3.7318177
11.61 3.7316982
11.62 3.7316026
11.63 3.731507
11.64 3.7313875
11.65 3.7312919
11.66 3.7311963
11.67 3.7311007
11.68 3.7309812
11.69 3.7308856
11.7 3.73079
11.71 3.7306705
11.72 3.7305749
11.73 3.7304793
11.74 3.7303598
11.75 3.7302642
11.76 3.7301686
11.77 3.730073
11.78 3.7299535
11.79 3.7298579
11.8 3.7297623
11.81 3.7296428
11.82 3.7295472
11.83 3.7294516
11.84 3.729356
11.85 3.7292365
11.86 3.7291409
11.87 3.7290453
11.88 3.7289258
11.89 3.7288302
11.9 3.7287346
11.91 3.728639
11.92 3.7285195
11.93 3.7284239
11.94 3.7283283
11.95 3.7282327
11.96 3.7281132
11.97 3.7280176
11.98 3.727922
11.99 3.7278264
12.0 3.7277069
12.01 3.7276113
12.02 3.7275157
12.03 3.7274201
12.04 3.7273245
12.05 3.727205
12.06 3.7271094
12.07 3.7270138
12.08 3.7269182
12.09 3.7267987
12.1 3.7267031
12.11 3.7266075
12.12 3.7265119
12.13 3.7264163
12.14 3.7262968
12.15 3.7262012
12.16 3.7261056
12.17 3.72601
12.18 3.7259144
12.19 3.7257949
12.2 3.7256993
12.21 3.7256037
12.22 3.7255081
12.23 3.7254125
12.24 3.725293
12.25 3.7251974
12.26 3.7251018
12.27 3.7250062
12.28 3.7249106
12.29 3.724815
12.3 3.7246955
12.31 3.7245999
12.32 3.7245043
12.33 3.7244087
12.34 3.7243131
12.35 3.7242175
12.36 3.724098
12.37 3.7240024
12.38 3.7239068
12.39 3.7238112
12.4 3.7237156
12.41 3.72362
12.42 3.7235244
12.43 3.7234049
12.44 3.7233093
12.45 3.7232137
12.46 3.7231181
12.47 3.7230225
12.48 3.7229269
12.49 3.7228313
12.5 3.7227118
12.51 3.7226162
12.52 3.7225206
12.53 3.722425
12.54 3.7223294
12.55 3.7222338
12.56 3.7221382
12.57 3.7220426
12.58 3.721947
12.59 3.7218275
12.6 3.7217319
12.61 3.7216363
12.62 3.7215407
12.63 3.7214451
12.64 3.7213495
12.65 3.7212539
12.66 3.7211583
12.67 3.7210627
12.68 3.7209671
12.69 3.7208715
12.7 3.720752
12.71 3.7206564
12.72 3.7205608
12.73 3.7204652
12.74 3.7203696
12.75 3.720274
12.76 3.7201784
12.77 3.7200828
12.78 3.7199872
12.79 3.7198916
12.8 3.719796
12.81 3.7197004
12.82 3.7196048
12.83 3.7195092
12.84 3.7194136
12.85 3.719318
12.86 3.7192224
12.87 3.7191029
12.88 3.7190073
12.89 3.7189117
12.9 3.7188161
12.91 3.7187205
12.92 3.7186249
12.93 3.7185293
12.94 3.7184337
12.95 3.7183381
12.96 3.7182425
12.97 3.7181469
12.98 3.7180513
12.99 3.7179557
13.0 3.7178601
13.01 3.7177645
13.02 3.7176689
13.03 3.7175733
13.04 3.7174777
13.05 3.7173821
13.06 3.7172865
13.07 3.7171909
13.08 3.7170953
13.09 3.7169997
13.1 3.7169041
13.11 3.7168085
13.12 3.7167129
13.13 3.7166173
13.14 3.7165217
13.15 3.7164261
13.16 3.7163305
13.17 3.7162349
13.18 3.7161393
13.19 3.7160437
13.2 3.7159481
13.21 3.7158764
13.22 3.7157808
13.23 3.7156852
13.24 3.7155896
13.25 3.715494
13.26 3.7153984
13.27 3.7153028
13.28 3.7152072
13.29 3.7151116
13.3 3.715016
13.31 3.7149204
13.32 3.7148248
13.33 3.7147292
13.34 3.7146336
13.35 3.714538
13.36 3.7144424
13.37 3.7143468
13.38 3.7142751
13.39 3.7141795
13.4 3.7140839
13.41 3.7139883
13.42 3.7138927
13.43 3.7137971
13.44 3.7137015
13.45 3.7136059
13.46 3.7135103
13.47 3.7134147
13.48 3.7133191
13.49 3.7132474
13.5 3.7131518
13.51 3.7130562
13.52 3.7129606
13.53 3.712865
13.54 3.7127694
13.55 3.7126738
13.56 3.7125782
13.57 3.7124826
13.58 3.7124109
13.59 3.7123153
13.6 3.7122197
13.61 3.7121241
13.62 3.7120285
13.63 3.7119329
13.64 3.7118373
13.65 3.7117417
13.66 3.71167
13.67 3.7115744
13.68 3.7114788
13.69 3.7113832
13.7 3.7112876
13.71 3.711192
13.72 3.7111203
13.73 3.7110247
13.74 3.7109291
13.75 3.7108335
13.76 3.7107379
13.77 3.7106423
13.78 3.7105467
13.79 3.710475
13.8 3.7103794
13.81 3.7102838
13.82 3.7101882
13.83 3.7100926
13.84 3.7100209
13.85 3.7099253
13.86 3.7098297
13.87 3.7097341
13.88 3.7096385
13.89 3.7095668
13.9 3.7094712
13.91 3.7093756
13.92 3.70928
13.93 3.7091844
13.94 3.7091127
13.95 3.7090171
13.96 3.7089215
13.97 3.7088259
13.98 3.7087303
13.99 3.7086586
14.0 3.708563
14.01 3.7084674
14.02 3.7083718
14.03 3.7082762
14.04 3.7082045
14.05 3.7081089
14.06 3.7080133
14.07 3.7079177
14.08 3.707846
14.09 3.7077504
14.1 3.7076548
14.11 3.7075592
14.12 3.7074875
14.13 3.7073919
14.14 3.7072963
14.15 3.7072007
14.16 3.707129
14.17 3.7070334
14.18 3.7069378
14.19 3.7068422
14.2 3.7067705
14.21 3.7066749
14.22 3.7065793
14.23 3.7064837
14.24 3.706412
14.25 3.7063164
14.26 3.7062208
14.27 3.7061491
14.28 3.7060535
14.29 3.7059579
14.3 3.7058623
14.31 3.7057906
14.32 3.705695
14.33 3.7055994
14.34 3.7055277
14.35 3.7054321
14.36 3.7053365
14.37 3.7052409
14.38 3.7051692
14.39 3.7050736
14.4 3.704978
14.41 3.7049063
14.42 3.7048107
14.43 3.7047151
14.44 3.7046434
14.45 3.7045478
14.46 3.7044522
14.47 3.7043805
14.48 3.7042849
14.49 3.7041893
14.5 3.7041176
14.51 3.704022
14.52 3.7039264
14.53 3.7038547
14.54 3.7037591
14.55 3.7036635
14.56 3.7035918
14.57 3.7034962
14.58 3.7034006
14.59 3.7033289
14.6 3.7032333
14.61 3.7031377
14.62 3.703066
14.63 3.7029704
14.64 3.7028748
14.65 3.7028031
14.66 3.7027075
14.67 3.7026358
14.68 3.7025402
14.69 3.7024446
14.7 3.7023729
14.71 3.7022773
14.72 3.7021817
14.73 3.70211
14.74 3.7020144
14.75 3.7019427
14.76 3.7018471
14.77 3.7017515
14.78 3.7016798
14.79 3.7015842
14.8 3.7015125
14.81 3.7014169
14.82 3.7013213
14.83 3.7012496
14.84 3.701154
14.85 3.7010823
14.86 3.7009867
14.87 3.7008911
14.88 3.7008194
14.89 3.7007238
14.9 3.7006521
14.91 3.7005565
14.92 3.7004848
14.93 3.7003892
14.94 3.7002936
14.95 3.7002219
14.96 3.7001263
14.97 3.7000546
14.98 3.699959
14.99 3.6998873
15.0 3.6997917
15.01 3.6996961
15.02 3.6996244
15.03 3.6995288
15.04 3.6994571
15.05 3.6993615
15.06 3.6992898
15.07 3.6991942
15.08 3.6991225
15.09 3.6990269
15.1 3.6989552
15.11 3.6988596
15.12 3.6987879
15.13 3.6986923
15.14 3.6985967
15.15 3.698525
15.16 3.6984294
15.17 3.6983577
15.18 3.6982621
15.19 3.6981904
15.2 3.6980948
15.21 3.6980231
15.22 3.6979275
15.23 3.6978558
15.24 3.6977602
15.25 3.6976885
15.26 3.6975929
15.27 3.6975212
15.28 3.6974256
15.29 3.6973539
15.3 3.6972583
15.31 3.6971866
15.32 3.697091
15.33 3.6970193
15.34 3.6969237
15.35 3.696852
15.36 3.6967564
15.37 3.6966847
15.38 3.696613
15.39 3.6965174
15.4 3.6964457
15.41 3.6963501
15.42 3.6962784
15.43 3.6961828
15.44 3.6961111
15.45 3.6960155
15.46 3.6959438
15.47 3.6958482
15.48 3.6957765
15.49 3.6957048
15.5 3.6956092
15.51 3.6955375
15.52 3.6954419
15.53 3.6953702
15.54 3.6952746
15.55 3.6952029
15.56 3.6951073
15.57 3.6950356
15.58 3.6949639
15.59 3.6948683
15.6 3.6947966
15.61 3.694701
15.62 3.6946293
15.63 3.6945337
15.64 3.694462
15.65 3.6943903
15.66 3.6942947
15.67 3.694223
15.68 3.6941274
15.69 3.6940557
15.7 3.693984
15.71 3.6938884
15.72 3.6938167
15.73 3.6937211
15.74 3.6936494
15.75 3.6935777
15.76 3.6934821
15.77 3.6934104
15.78 3.6933387
15.79 3.6932431
15.8 3.6931714
15.81 3.6930758
15.82 3.6930041
15.83 3.6929324
15.84 3.6928368
15.85 3.6927651
15.86 3.6926934
15.87 3.6925978
15.88 3.6925261
15.89 3.6924305
15.9 3.6923588
15.91 3.6922871
15.92 3.6921915
15.93 3.6921198
15.94 3.6920481
15.95 3.6919525
15.96 3.6918808
15.97 3.6918091
15.98 3.6917135
15.99 3.6916418
16.0 3.6915701
16.01 3.6914745
16.02 3.6914028
16.03 3.6913311
16.04 3.6912355
16.05 3.6911638
16.06 3.6910921
16.07 3.6909965
16.08 3.6909248
16.09 3.6908531
16.1 3.6907575
16.11 3.6906858
16.12 3.6906141
16.13 3.6905424
16.14 3.6904468
16.15 3.6903751
16.16 3.6903034
16.17 3.6902078
16.18 3.6901361
16.19 3.6900644
16.2 3.6899688
16.21 3.6898971
16.22 3.6898254
16.23 3.6897537
16.24 3.6896581
16.25 3.6895864
16.26 3.6895147
16.27 3.6894191
16.28 3.6893474
16.29 3.6892757
16.3 3.689204
16.31 3.6891084
16.32 3.6890367
16.33 3.688965
16.34 3.6888933
16.35 3.6887977
16.36 3.688726
16.37 3.6886543
16.38 3.6885826
16.39 3.688487
16.4 3.6884153
16.41 3.6883436
16.42 3.6882719
16.43 3.6881763
16.44 3.6881046
16.45 3.6880329
16.46 3.6879612
16.47 3.6878656
16.48 3.6877939
16.49 3.6877222
16.5 3.6876505
16.51 3.6875788
16.52 3.6874832
16.53 3.6874115
16.54 3.6873398
16.55 3.6872681
16.56 3.6871725
16.57 3.6871008
16.58 3.6870291
16.59 3.6869574
16.6 3.6868857
16.61 3.6867901
16.62 3.6867184
16.63 3.6866467
16.64 3.686575
16.65 3.6865033
16.66 3.6864077
16.67 3.686336
16.68 3.6862643
16.69 3.6861926
16.7 3.6861209
16.71 3.6860492
16.72 3.6859536
16.73 3.6858819
16.74 3.6858102
16.75 3.6857385
16.76 3.6856668
16.77 3.6855951
16.78 3.6854995
16.79 3.6854278
16.8 3.6853561
16.81 3.6852844
16.82 3.6852127
16.83 3.685141
16.84 3.6850454
16.85 3.6849737
16.86 3.684902
16.87 3.6848303
16.88 3.6847586
16.89 3.6846869
16.9 3.6846152
16.91 3.6845196
16.92 3.6844479
16.93 3.6843762
16.94 3.6843045
16.95 3.6842328
16.96 3.6841611
16.97 3.6840894
16.98 3.6840177
16.99 3.6839221
17.0 3.6838504
17.01 3.6837787
17.02 3.683707
17.03 3.6836353
17.04 3.6835636
17.05 3.6834919
17.06 3.6834202
17.07 3.6833485
17.08 3.6832529
17.09 3.6831812
17.1 3.6831095
17.11 3.6830378
17.12 3.6829661
17.13 3.6828944
17.14 3.6828227
17.15 3.682751
17.16 3.6826793
17.17 3.6826076
17.18 3.6825359
17.19 3.6824642
17.2 3.6823686
17.21 3.6822969
17.22 3.6822252
17.23 3.6821535
17.24 3.6820818
17.25 3.6820101
17.26 3.6819384
17.27 3.6818667
17.28 3.681795
17.29 3.6817233
17.3 3.6816516
17.31 3.6815799
17.32 3.6815082
17.33 3.6814365
17.34 3.6813648
17.35 3.6812931
17.36 3.6812214
17.37 3.6811497
17.38 3.6810541
17.39 3.6809824
17.4 3.6809107
17.41 3.680839
17.42 3.6807673
17.43 3.6806956
17.44 3.6806239
17.45 3.6805522
17.46 3.6804805
17.47 3.6804088
17.48 3.6803371
17.49 3.6802654
17.5 3.6801937
17.51 3.680122
17.52 3.6800503
17.53 3.6799786
17.54 3.6799069
17.55 3.6798352
17.56 3.6797635
17.57 3.6796918
17.58 3.6796201
17.59 3.6795484
17.6 3.6794767
17.61 3.679405
17.62 3.6793333
17.63 3.6792616
17.64 3.6791899
17.65 3.6791182
17.66 3.6790465
17.67 3.6789748
17.68 3.6789031
17.69 3.6788314
17.7 3.6787836
17.71 3.6787119
17.72 3.6786402
17.73 3.6785685
17.74 3.6784968
17.75 3.6784251
17.76 3.6783534
17.77 3.6782817
17.78 3.67821
17.79 3.6781383
17.8 3.6780666
17.81 3.6779949
17.82 3.6779232
17.83 3.6778515
17.84 3.6777798
17.85 3.6777081
17.86 3.6776364
17.87 3.6775647
17.88 3.677493
17.89 3.6774452
17.9 3.6773735
17.91 3.6773018
17.92 3.6772301
17.93 3.6771584
17.94 3.6770867
17.95 3.677015
17.96 3.6769433
17.97 3.6768716
17.98 3.6767999
17.99 3.6767282
18.0 3.6766804
18.01 3.6766087
18.02 3.676537
18.03 3.6764653
18.04 3.6763936
18.05 3.6763219
18.06 3.6762502
18.07 3.6761785
18.08 3.6761068
18.09 3.6760351
18.1 3.6759873
18.11 3.6759156
18.12 3.6758439
18.13 3.6757722
18.14 3.6757005
18.15 3.6756288
18.16 3.6755571
18.17 3.6754854
18.18 3.6754376
18.19 3.6753659
18.2 3.6752942
18.21 3.6752225
18.22 3.6751508
18.23 3.6750791
18.24 3.6750074
18.25 3.6749596
18.26 3.6748879
18.27 3.6748162
18.28 3.6747445
18.29 3.6746728
18.3 3.6746011
18.31 3.6745533
18.32 3.6744816
18.33 3.6744099
18.34 3.6743382
18.35 3.6742665
18.36 3.6741948
18.37 3.674147
18.38 3.6740753
18.39 3.6740036
18.4 3.6739319
18.41 3.6738602
18.42 3.6738124
18.43 3.6737407
18.44 3.673669
18.45 3.6735973
18.46 3.6735256
18.47 3.6734539
18.48 3.6734061
18.49 3.6733344
18.5 3.6732627
18.51 3.673191
18.52 3.6731193
18.53 3.6730715
18.54 3.6729998
18.55 3.6729281
18.56 3.6728564
18.57 3.6728086
18.58 3.6727369
18.59 3.6726652
18.6 3.6725935
18.61 3.6725218
18.62 3.672474
18.63 3.6724023
18.64 3.6723306
18.65 3.6722589
18.66 3.6722111
18.67 3.6721394
18.68 3.6720677
18.69 3.671996
18.7 3.6719482
18.71 3.6718765
18.72 3.6718048
18.73 3.6717331
18.74 3.6716853
18.75 3.6716136
18.76 3.6715419
18.77 3.6714702
18.78 3.6714224
18.79 3.6713507
18.8 3.671279
18.81 3.6712073
18.82 3.6711595
18.83 3.6710878
18.84 3.6710161
18.85 3.6709444
18.86 3.6708966
18.87 3.6708249
18.88 3.6707532
18.89 3.6707054
18.9 3.6706337
18.91 3.670562
18.92 3.6704903
18.93 3.6704425
18.94 3.6703708
18.95 3.6702991
18.96 3.6702513
18.97 3.6701796
18.98 3.6701079
18.99 3.6700601
19.0 3.6699884
19.01 3.6699167
19.02 3.669845
19.03 3.6697972
19.04 3.6697255
19.05 3.6696538
19.06 3.669606
19.07 3.6695343
19.08 3.6694626
19.09 3.6694148
19.1 3.6693431
19.11 3.6692714
19.12 3.6692236
19.13 3.6691519
19.14 3.6690802
19.15 3.6690324
19.16 3.6689607
19.17 3.668889
19.18 3.6688412
19.19 3.6687695
19.2 3.6686978
19.21 3.66865
19.22 3.6685783
19.23 3.6685066
19.24 3.6684588
19.25 3.6683871
19.26 3.6683154
19.27 3.6682676
19.28 3.6681959
19.29 3.6681481
19.3 3.6680764
19.31 3.6680047
19.32 3.6679569
19.33 3.6678852
19.34 3.6678135
19.35 3.6677657
19.36 3.667694
19.37 3.6676462
19.38 3.6675745
19.39 3.6675028
19.4 3.667455
19.41 3.6673833
19.42 3.6673116
19.43 3.6672638
19.44 3.6671921
19.45 3.6671443
19.46 3.6670726
19.47 3.6670009
19.48 3.6669531
19.49 3.6668814
19.5 3.6668336
19.51 3.6667619
19.52 3.6667141
19.53 3.6666424
19.54 3.6665707
19.55 3.6665229
19.56 3.6664512
19.57 3.6664034
19.58 3.6663317
19.59 3.66626
19.6 3.6662122
19.61 3.6661405
19.62 3.6660927
19.63 3.666021
19.64 3.6659732
19.65 3.6659015
19.66 3.6658298
19.67 3.665782
19.68 3.6657103
19.69 3.6656625
19.7 3.6655908
19.71 3.665543
19.72 3.6654713
19.73 3.6654235
19.74 3.6653518
19.75 3.665304
19.76 3.6652323
19.77 3.6651606
19.78 3.6651128
19.79 3.6650411
19.8 3.6649933
19.81 3.6649216
19.82 3.6648738
19.83 3.6648021
19.84 3.6647543
19.85 3.6646826
19.86 3.6646348
19.87 3.6645631
19.88 3.6645153
19.89 3.6644436
19.9 3.6643958
19.91 3.6643241
19.92 3.6642763
19.93 3.6642046
19.94 3.6641568
19.95 3.6640851
19.96 3.6640373
19.97 3.6639656
19.98 3.6639178
19.99 3.6638461
20.0 3.6637983
20.01 3.6637266
20.02 3.6636788
20.03 3.6636071
20.04 3.6635593
20.05 3.6634876
20.06 3.6634398
20.07 3.6633681
20.08 3.6633203
20.09 3.6632486
20.1 3.6632008
20.11 3.6631291
20.12 3.6630813
20.13 3.6630096
20.14 3.6629618
20.15 3.6628901
20.16 3.6628423
20.17 3.6627945
20.18 3.6627228
20.19 3.662675
20.2 3.6626033
20.21 3.6625555
20.22 3.6624838
20.23 3.662436
20.24 3.6623643
20.25 3.6623165
20.26 3.6622448
20.27 3.662197
20.28 3.6621492
20.29 3.6620775
20.3 3.6620297
20.31 3.661958
20.32 3.6619102
20.33 3.6618385
20.34 3.6617907
20.35 3.6617429
20.36 3.6616712
20.37 3.6616234
20.38 3.6615517
20.39 3.6615039
20.4 3.6614561
20.41 3.6613844
20.42 3.6613366
20.43 3.6612649
20.44 3.6612171
20.45 3.6611454
20.46 3.6610976
20.47 3.6610498
20.48 3.6609781
20.49 3.6609303
20.5 3.6608586
20.51 3.6608108
20.52 3.660763
20.53 3.6606913
20.54 3.6606435
20.55 3.6605957
20.56 3.660524
20.57 3.6604762
20.58 3.6604045
20.59 3.6603567
20.6 3.6603089
20.61 3.6602372
20.62 3.6601894
20.63 3.6601416
20.64 3.6600699
20.65 3.6600221
20.66 3.6599504
20.67 3.6599026
20.68 3.6598548
20.69 3.6597831
20.7 3.6597353
20.71 3.6596875
20.72 3.6596158
20.73 3.659568
20.74 3.6595202
20.75 3.6594485
20.76 3.6594007
20.77 3.6593529
20.78 3.6592812
20.79 3.6592334
20.8 3.6591856
20.81 3.6591139
20.82 3.6590661
20.83 3.6590183
20.84 3.6589466
20.85 3.6588988
20.86 3.658851
20.87 3.6587793
20.88 3.6587315
20.89 3.6586837
20.9 3.658612
20.91 3.6585642
20.92 3.6585164
20.93 3.6584447
20.94 3.6583969
20.95 3.6583491
20.96 3.6582774
20.97 3.6582296
20.98 3.6581818
20.99 3.658134
21.0 3.6580623
21.01 3.6580145
21.02 3.6579667
21.03 3.657895
21.04 3.6578472
21.05 3.6577994
21.06 3.6577516
21.07 3.6576799
21.08 3.6576321
21.09 3.6575843
21.1 3.6575126
21.11 3.6574648
21.12 3.657417
21.13 3.6573692
21.14 3.6572975
21.15 3.6572497
21.16 3.6572019
21.17 3.6571302
21.18 3.6570824
21.19 3.6570346
21.2 3.6569868
21.21 3.6569151
21.22 3.6568673
21.23 3.6568195
21.24 3.6567717
21.25 3.6567
21.26 3.6566522
21.27 3.6566044
21.28 3.6565566
21.29 3.6564849
21.3 3.6564371
21.31 3.6563893
21.32 3.6563415
21.33 3.6562937
21.34 3.656222
21.35 3.6561742
21.36 3.6561264
21.37 3.6560786
21.38 3.6560069
21.39 3.6559591
21.4 3.6559113
21.41 3.6558635
21.42 3.6557918
21.43 3.655744
21.44 3.6556962
21.45 3.6556484
21.46 3.6556006
21.47 3.6555289
21.48 3.6554811
21.49 3.6554333
21.5 3.6553855
21.51 3.6553377
21.52 3.655266
21.53 3.6552182
21.54 3.6551704
21.55 3.6551226
21.56 3.6550748
21.57 3.6550031
21.58 3.6549553
21.59 3.6549075
21.6 3.6548597
21.61 3.6548119
21.62 3.6547641
21.63 3.6546924
21.64 3.6546446
21.65 3.6545968
21.66 3.654549
21.67 3.6545012
21.68 3.6544295
21.69 3.6543817
21.7 3.6543339
21.71 3.6542861
21.72 3.6542383
21.73 3.6541905
21.74 3.6541427
21.75 3.654071
21.76 3.6540232
21.77 3.6539754
21.78 3.6539276
21.79 3.6538798
21.8 3.653832
21.81 3.6537603
21.82 3.6537125
21.83 3.6536647
21.84 3.6536169
21.85 3.6535691
21.86 3.6535213
21.87 3.6534735
21.88 3.6534257
21.89 3.653354
21.9 3.6533062
21.91 3.6532584
21.92 3.6532106
21.93 3.6531628
21.94 3.653115
21.95 3.6530672
21.96 3.6530194
21.97 3.6529477
21.98 3.6528999
21.99 3.6528521
22.0 3.6528043
22.01 3.6527565
22.02 3.6527087
22.03 3.6526609
22.04 3.6526131
22.05 3.6525653
22.06 3.6524936
22.07 3.6524458
22.08 3.652398
22.09 3.6523502
22.1 3.6523024
22.11 3.6522546
22.12 3.6522068
22.13 3.652159
22.14 3.6521112
22.15 3.6520634
22.16 3.6520156
22.17 3.6519439
22.18 3.6518961
22.19 3.6518483
22.2 3.6518005
22.21 3.6517527
22.22 3.6517049
22.23 3.6516571
22.24 3.6516093
22.25 3.6515615
22.26 3.6515137
22.27 3.6514659
22.28 3.6514181
22.29 3.6513703
22.3 3.6513225
22.31 3.6512747
22.32 3.6512269
22.33 3.6511552
22.34 3.6511074
22.35 3.6510596
22.36 3.6510118
22.37 3.650964
22.38 3.6509162
22.39 3.6508684
22.4 3.6508206
22.41 3.6507728
22.42 3.650725
22.43 3.6506772
22.44 3.6506294
22.45 3.6505816
22.46 3.6505338
22.47 3.650486
22.48 3.6504382
22.49 3.6503904
22.5 3.6503426
22.51 3.6502948
22.52 3.650247
22.53 3.6501992
22.54 3.6501514
22.55 3.6501036
22.56 3.6500558
22.57 3.650008
22.58 3.6499602
22.59 3.6499124
22.6 3.6498646
22.61 3.6498168
22.62 3.649769
22.63 3.6497212
22.64 3.6496734
22.65 3.6496256
22.66 3.6495778
22.67 3.64953
22.68 3.6494822
22.69 3.6494344
22.7 3.6493866
22.71 3.6493388
22.72 3.649291
22.73 3.6492432
22.74 3.6491954
22.75 3.6491476
22.76 3.6490998
22.77 3.649052
22.78 3.6490042
22.79 3.6489564
22.8 3.6489086
22.81 3.6488608
22.82 3.648813
22.83 3.6487652
22.84 3.6487174
22.85 3.6486696
22.86 3.6486218
22.87 3.6485979
22.88 3.6485501
22.89 3.6485023
22.9 3.6484545
22.91 3.6484067
22.92 3.6483589
22.93 3.6483111
22.94 3.6482633
22.95 3.6482155
22.96 3.6481677
22.97 3.6481199
22.98 3.6480721
22.99 3.6480243
23.0 3.6479765
23.01 3.6479287
23.02 3.6478809
23.03 3.647857
23.04 3.6478092
23.05 3.6477614
23.06 3.6477136
23.07 3.6476658
23.08 3.647618
23.09 3.6475702
23.1 3.6475224
23.11 3.6474746
23.12 3.6474268
23.13 3.647379
23.14 3.6473551
23.15 3.6473073
23.16 3.6472595
23.17 3.6472117
23.18 3.6471639
23.19 3.6471161
23.2 3.6470683
23.21 3.6470205
23.22 3.6469727
23.23 3.6469249
23.24 3.646901
23.25 3.6468532
23.26 3.6468054
23.27 3.6467576
23.28 3.6467098
23.29 3.646662
23.3 3.6466142
23.31 3.6465664
23.32 3.6465425
23.33 3.6464947
23.34 3.6464469
23.35 3.6463991
23.36 3.6463513
23.37 3.6463035
23.38 3.6462557
23.39 3.6462079
23.4 3.646184
23.41 3.6461362
23.42 3.6460884
23.43 3.6460406
23.44 3.6459928
23.45 3.645945
23.46 3.6458972
23.47 3.6458733
23.48 3.6458255
23.49 3.6457777
23.5 3.6457299
23.51 3.6456821
23.52 3.6456343
23.53 3.6456104
23.54 3.6455626
23.55 3.6455148
23.56 3.645467
23.57 3.6454192
23.58 3.6453714
23.59 3.6453475
23.6 3.6452997
23.61 3.6452519
23.62 3.6452041
23.63 3.6451563
23.64 3.6451324
23.65 3.6450846
23.66 3.6450368
23.67 3.644989
23.68 3.6449412
23.69 3.6448934
23.7 3.6448695
23.71 3.6448217
23.72 3.6447739
23.73 3.6447261
23.74 3.6446783
23.75 3.6446544
23.76 3.6446066
23.77 3.6445588
23.78 3.644511
23.79 3.6444632
23.8 3.6444393
23.81 3.6443915
23.82 3.6443437
23.83 3.6442959
23.84 3.644272
23.85 3.6442242
23.86 3.6441764
23.87 3.6441286
23.88 3.6440808
23.89 3.6440569
23.9 3.6440091
23.91 3.6439613
23.92 3.6439135
23.93 3.6438896
23.94 3.6438418
23.95 3.643794
23.96 3.6437462
23.97 3.6436984
23.98 3.6436745
23.99 3.6436267
24.0 3.6435789
24.01 3.6435311
24.02 3.6435072
24.03 3.6434594
24.04 3.6434116
24.05 3.6433638
24.06 3.6433399
24.07 3.6432921
24.08 3.6432443
24.09 3.6431965
24.1 3.6431726
24.11 3.6431248
24.12 3.643077
24.13 3.6430531
24.14 3.6430053
24.15 3.6429575
24.16 3.6429097
24.17 3.6428858
24.18 3.642838
24.19 3.6427902
24.2 3.6427424
24.21 3.6427185
24.22 3.6426707
24.23 3.6426229
24.24 3.642599
24.25 3.6425512
24.26 3.6425034
24.27 3.6424556
24.28 3.6424317
24.29 3.6423839
24.3 3.6423361
24.31 3.6423122
24.32 3.6422644
24.33 3.6422166
24.34 3.6421927
24.35 3.6421449
24.36 3.6420971
24.37 3.6420493
24.38 3.6420254
24.39 3.6419776
24.4 3.6419298
24.41 3.6419059
24.42 3.6418581
24.43 3.6418103
24.44 3.6417864
24.45 3.6417386
24.46 3.6416908
24.47 3.6416669
24.48 3.6416191
24.49 3.6415713
24.5 3.6415474
24.51 3.6414996
24.52 3.6414518
24.53 3.6414279
24.54 3.6413801
24.55 3.6413323
24.56 3.6413084
24.57 3.6412606
24.58 3.6412128
24.59 3.6411889
24.6 3.6411411
24.61 3.6410933
24.62 3.6410694
24.63 3.6410216
24.64 3.6409738
24.65 3.6409499
24.66 3.6409021
24.67 3.6408543
24.68 3.6408304
24.69 3.6407826
24.7 3.6407348
24.71 3.6407109
24.72 3.6406631
24.73 3.6406392
24.74 3.6405914
24.75 3.6405436
24.76 3.6405197
24.77 3.6404719
24.78 3.6404241
24.79 3.6404002
24.8 3.6403524
24.81 3.6403046
24.82 3.6402807
24.83 3.6402329
24.84 3.640209
24.85 3.6401612
24.86 3.6401134
24.87 3.6400895
24.88 3.6400417
24.89 3.6400178
24.9 3.63997
24.91 3.6399222
24.92 3.6398983
24.93 3.6398505
24.94 3.6398266
24.95 3.6397788
24.96 3.639731
24.97 3.6397071
24.98 3.6396593
24.99 3.6396354
25.0 3.6395876
25.01 3.6395398
25.02 3.6395159
25.03 3.6394681
25.04 3.6394442
25.05 3.6393964
25.06 3.6393486
25.07 3.6393247
25.08 3.6392769
25.09 3.639253
25.1 3.6392052
25.11 3.6391813
25.12 3.6391335
25.13 3.6390857
25.14 3.6390618
25.15 3.639014
25.16 3.6389901
25.17 3.6389423
25.18 3.6389184
25.19 3.6388706
25.2 3.6388228
25.21 3.6387989
25.22 3.6387511
25.23 3.6387272
25.24 3.6386794
25.25 3.6386555
25.26 3.6386077
25.27 3.6385838
25.28 3.638536
25.29 3.6384882
25.3 3.6384643
25.31 3.6384165
25.32 3.6383926
25.33 3.6383448
25.34 3.6383209
25.35 3.6382731
25.36 3.6382492
25.37 3.6382014
25.38 3.6381775
25.39 3.6381297
25.4 3.6381058
25.41 3.638058
25.42 3.6380341
25.43 3.6379863
25.44 3.6379385
25.45 3.6379146
25.46 3.6378668
25.47 3.6378429
25.48 3.6377951
25.49 3.6377712
25.5 3.6377234
25.51 3.6376995
25.52 3.6376517
25.53 3.6376278
25.54 3.63758
25.55 3.6375561
25.56 3.6375083
25.57 3.6374844
25.58 3.6374366
25.59 3.6374127
25.6 3.6373649
25.61 3.637341
25.62 3.6372932
25.63 3.6372693
25.64 3.6372215
25.65 3.6371976
25.66 3.6371498
25.67 3.6371259
25.68 3.6370781
25.69 3.6370542
25.7 3.6370064
25.71 3.6369825
25.72 3.6369347
25.73 3.6369108
25.74 3.6368869
25.75 3.6368391
25.76 3.6368152
25.77 3.6367674
25.78 3.6367435
25.79 3.6366957
25.8 3.6366718
25.81 3.636624
25.82 3.6366001
25.83 3.6365523
25.84 3.6365284
25.85 3.6364806
25.86 3.6364567
25.87 3.6364089
25.88 3.636385
25.89 3.6363611
25.9 3.6363133
25.91 3.6362894
25.92 3.6362416
25.93 3.6362177
25.94 3.6361699
25.95 3.636146
25.96 3.6360982
25.97 3.6360743
25.98 3.6360504
25.99 3.6360026
26.0 3.6359787
26.01 3.6359309
26.02 3.635907
26.03 3.6358592
26.04 3.6358353
26.05 3.6358114
26.06 3.6357636
26.07 3.6357397
26.08 3.6356919
26.09 3.635668
26.1 3.6356202
26.11 3.6355963
26.12 3.6355724
26.13 3.6355246
26.14 3.6355007
26.15 3.6354529
26.16 3.635429
26.17 3.6353812
26.18 3.6353573
26.19 3.6353334
26.2 3.6352856
26.21 3.6352617
26.22 3.6352139
26.23 3.63519
26.24 3.6351661
26.25 3.6351183
26.26 3.6350944
26.27 3.6350466
26.28 3.6350227
26.29 3.6349988
26.3 3.634951
26.31 3.6349271
26.32 3.6348793
26.33 3.6348554
26.34 3.6348315
26.35 3.6347837
26.36 3.6347598
26.37 3.6347359
26.38 3.6346881
26.39 3.6346642
26.4 3.6346164
26.41 3.6345925
26.42 3.6345686
26.43 3.6345208
26.44 3.6344969
26.45 3.634473
26.46 3.6344252
26.47 3.6344013
26.48 3.6343535
26.49 3.6343296
26.5 3.6343057
26.51 3.6342579
26.52 3.634234
26.53 3.6342101
26.54 3.6341623
26.55 3.6341384
26.56 3.6341145
26.57 3.6340667
26.58 3.6340428
26.59 3.6340189
26.6 3.6339711
26.61 3.6339472
26.62 3.6339233
26.63 3.6338755
26.64 3.6338516
26.65 3.6338038
26.66 3.6337799
26.67 3.633756
26.68 3.6337082
26.69 3.6336843
26.7 3.6336604
26.71 3.6336126
26.72 3.6335887
26.73 3.6335648
26.74 3.633517
26.75 3.6334931
26.76 3.6334692
26.77 3.6334453
26.78 3.6333975
26.79 3.6333736
26.8 3.6333497
26.81 3.6333019
26.82 3.633278
26.83 3.6332541
26.84 3.6332063
26.85 3.6331824
26.86 3.6331585
26.87 3.6331107
26.88 3.6330868
26.89 3.6330629
26.9 3.6330151
26.91 3.6329912
26.92 3.6329673
26.93 3.6329434
26.94 3.6328956
26.95 3.6328717
26.96 3.6328478
26.97 3.6328
26.98 3.6327761
26.99 3.6327522
27.0 3.6327044
27.01 3.6326805
27.02 3.6326566
27.03 3.6326327
27.04 3.6325849
27.05 3.632561
27.06 3.6325371
27.07 3.6324893
27.08 3.6324654
27.09 3.6324415
27.1 3.6324176
27.11 3.6323698
27.12 3.6323459
27.13 3.632322
27.14 3.6322981
27.15 3.6322503
27.16 3.6322264
27.17 3.6322025
27.18 3.6321786
27.19 3.6321308
27.2 3.6321069
27.21 3.632083
27.22 3.6320352
27.23 3.6320113
27.24 3.6319874
27.25 3.6319635
27.26 3.6319157
27.27 3.6318918
27.28 3.6318679
27.29 3.631844
27.3 3.6317962
27.31 3.6317723
27.32 3.6317484
27.33 3.6317245
27.34 3.6316767
27.35 3.6316528
27.36 3.6316289
27.37 3.631605
27.38 3.6315811
27.39 3.6315333
27.4 3.6315094
27.41 3.6314855
27.42 3.6314616
27.43 3.6314138
27.44 3.6313899
27.45 3.631366
27.46 3.6313421
27.47 3.6312943
27.48 3.6312704
27.49 3.6312465
27.5 3.6312226
27.51 3.6311987
27.52 3.6311509
27.53 3.631127
27.54 3.6311031
27.55 3.6310792
27.56 3.6310314
27.57 3.6310075
27.58 3.6309836
27.59 3.6309597
27.6 3.6309358
27.61 3.630888
27.62 3.6308641
27.63 3.6308402
27.64 3.6308163
27.65 3.6307924
27.66 3.6307446
27.67 3.6307207
27.68 3.6306968
27.69 3.6306729
27.7 3.630649
27.71 3.6306012
27.72 3.6305773
27.73 3.6305534
27.74 3.6305295
27.75 3.6305056
27.76 3.6304817
27.77 3.6304339
27.78 3.63041
27.79 3.6303861
27.8 3.6303622
27.81 3.6303383
27.82 3.6302905
27.83 3.6302666
27.84 3.6302427
27.85 3.6302188
27.86 3.6301949
27.87 3.630171
27.88 3.6301232
27.89 3.6300993
27.9 3.6300754
27.91 3.6300515
27.92 3.6300276
27.93 3.6300037
27.94 3.6299559
27.95 3.629932
27.96 3.6299081
27.97 3.6298842
27.98 3.6298603
27.99 3.6298364
28.0 3.6298125
28.01 3.6297647
28.02 3.6297408
28.03 3.6297169
28.04 3.629693
28.05 3.6296691
28.06 3.6296452
28.07 3.6295974
28.08 3.6295735
28.09 3.6295496
28.1 3.6295257
28.11 3.6295018
28.12 3.6294779
28.13 3.629454
28.14 3.6294301
28.15 3.6293823
28.16 3.6293584
28.17 3.6293345
28.18 3.6293106
28.19 3.6292867
28.2 3.6292628
28.21 3.6292389
28.22 3.629215
28.23 3.6291672
28.24 3.6291433
28.25 3.6291194
28.26 3.6290955
28.27 3.6290716
28.28 3.6290477
28.29 3.6290238
28.3 3.6289999
28.31 3.6289521
28.32 3.6289282
28.33 3.6289043
28.34 3.6288804
28.35 3.6288565
28.36 3.6288326
28.37 3.6288087
28.38 3.6287848
28.39 3.6287609
28.4 3.628737
28.41 3.6286892
28.42 3.6286653
28.43 3.6286414
28.44 3.6286175
28.45 3.6285936
28.46 3.6285697
28.47 3.6285458
28.48 3.6285219
28.49 3.628498
28.5 3.6284741
28.51 3.6284502
28.52 3.6284024
28.53 3.6283785
28.54 3.6283546
28.55 3.6283307
28.56 3.6283068
28.57 3.6282829
28.58 3.628259
28.59 3.6282351
28.6 3.6282112
28.61 3.6281873
28.62 3.6281634
28.63 3.6281395
28.64 3.6281156
28.65 3.6280678
28.66 3.6280439
28.67 3.62802
28.68 3.6279961
28.69 3.6279722
28.7 3.6279483
28.71 3.6279244
28.72 3.6279005
28.73 3.6278766
28.74 3.6278527
28.75 3.6278288
28.76 3.6278049
28.77 3.627781
28.78 3.6277571
28.79 3.6277332
28.8 3.6277093
28.81 3.6276854
28.82 3.6276376
28.83 3.6276137
28.84 3.6275898
28.85 3.6275659
28.86 3.627542
28.87 3.6275181
28.88 3.6274942
28.89 3.6274703
28.9 3.6274464
28.91 3.6274225
28.92 3.6273986
28.93 3.6273747
28.94 3.6273508
28.95 3.6273269
28.96 3.627303
28.97 3.6272791
28.98 3.6272552
28.99 3.6272313
29.0 3.6272074
29.01 3.6271835
29.02 3.6271596
29.03 3.6271357
29.04 3.6271118
29.05 3.6270879
29.06 3.627064
29.07 3.6270401
29.08 3.6270162
29.09 3.6269923
29.1 3.6269684
29.11 3.6269445
29.12 3.6269206
29.13 3.6268967
29.14 3.6268728
29.15 3.6268489
29.16 3.626825
29.17 3.6268011
29.18 3.6267772
29.19 3.6267533
29.2 3.6267294
29.21 3.6267055
29.22 3.6266816
29.23 3.6266577
29.24 3.6266338
29.25 3.6266099
29.26 3.626586
29.27 3.6265621
29.28 3.6265382
29.29 3.6265143
29.3 3.6264904
29.31 3.6264665
29.32 3.6264426
29.33 3.6264187
29.34 3.6263948
29.35 3.6263709
29.36 3.626347
29.37 3.6263231
29.38 3.6262992
29.39 3.6262753
29.4 3.6262514
29.41 3.6262275
29.42 3.6262036
29.43 3.6261797
29.44 3.6261558
29.45 3.6261319
29.46 3.626108
29.47 3.6260841
29.48 3.6260602
29.49 3.6260363
29.5 3.6260124
29.51 3.6259885
29.52 3.6259646
29.53 3.6259407
29.54 3.6259168
29.55 3.6258929
29.56 3.625869
29.57 3.625869
29.58 3.6258451
29.59 3.6258212
29.6 3.6257973
29.61 3.6257734
29.62 3.6257495
29.63 3.6257256
29.64 3.6257017
29.65 3.6256778
29.66 3.6256539
29.67 3.62563
29.68 3.6256061
29.69 3.6255822
29.7 3.6255583
29.71 3.6255344
29.72 3.6255105
29.73 3.6254866
29.74 3.6254866
29.75 3.6254627
29.76 3.6254388
29.77 3.6254149
29.78 3.625391
29.79 3.6253671
29.8 3.6253432
29.81 3.6253193
29.82 3.6252954
29.83 3.6252715
29.84 3.6252476
29.85 3.6252237
29.86 3.6251998
29.87 3.6251759
29.88 3.6251759
29.89 3.625152
29.9 3.6251281
29.91 3.6251042
29.92 3.6250803
29.93 3.6250564
29.94 3.6250325
29.95 3.6250086
29.96 3.6249847
29.97 3.6249608
29.98 3.6249369
29.99 3.6249369
30.0 3.624913
30.01 3.6248891
30.02 3.6248652
30.03 3.6248413
30.04 3.6248174
30.05 3.6247935
30.06 3.6247696
30.07 3.6247457
30.08 3.6247218
30.09 3.6247218
30.1 3.6246979
30.11 3.624674
30.12 3.6246501
30.13 3.6246262
30.14 3.6246023
30.15 3.6245784
30.16 3.6245545
30.17 3.6245306
30.18 3.6245306
30.19 3.6245067
30.2 3.6244828
30.21 3.6244589
30.22 3.624435
30.23 3.6244111
30.24 3.6243872
30.25 3.6243633
30.26 3.6243633
30.27 3.6243394
30.28 3.6243155
30.29 3.6242916
30.3 3.6242677
30.31 3.6242438
30.32 3.6242199
30.33 3.624196
30.34 3.624196
30.35 3.6241721
30.36 3.6241482
30.37 3.6241243
30.38 3.6241004
30.39 3.6240765
30.4 3.6240526
30.41 3.6240526
30.42 3.6240287
30.43 3.6240048
30.44 3.6239809
30.45 3.623957
30.46 3.6239331
30.47 3.6239092
30.48 3.6239092
30.49 3.6238853
30.5 3.6238614
30.51 3.6238375
30.52 3.6238136
30.53 3.6237897
30.54 3.6237658
30.55 3.6237658
30.56 3.6237419
30.57 3.623718
30.58 3.6236941
30.59 3.6236702
30.6 3.6236463
30.61 3.6236463
30.62 3.6236224
30.63 3.6235985
30.64 3.6235746
30.65 3.6235507
30.66 3.6235268
30.67 3.6235268
30.68 3.6235029
30.69 3.623479
30.7 3.6234551
30.71 3.6234312
30.72 3.6234073
30.73 3.6234073
30.74 3.6233834
30.75 3.6233595
30.76 3.6233356
30.77 3.6233117
30.78 3.6233117
30.79 3.6232878
30.8 3.6232639
30.81 3.62324
30.82 3.6232161
30.83 3.6231922
30.84 3.6231922
30.85 3.6231683
30.86 3.6231444
30.87 3.6231205
30.88 3.6230966
30.89 3.6230966
30.9 3.6230727
30.91 3.6230488
30.92 3.6230249
30.93 3.623001
30.94 3.623001
30.95 3.6229771
30.96 3.6229532
30.97 3.6229293
30.98 3.6229054
30.99 3.6229054
31.0 3.6228815
31.01 3.6228576
31.02 3.6228337
31.03 3.6228098
31.04 3.6228098
31.05 3.6227859
31.06 3.622762
31.07 3.6227381
31.08 3.6227381
31.09 3.6227142
31.1 3.6226903
31.11 3.6226664
31.12 3.6226425
31.13 3.6226425
31.14 3.6226186
31.15 3.6225947
31.16 3.6225708
31.17 3.6225708
31.18 3.6225469
31.19 3.622523
31.2 3.6224991
31.21 3.6224752
31.22 3.6224752
31.23 3.6224513
31.24 3.6224274
31.25 3.6224035
31.26 3.6224035
31.27 3.6223796
31.28 3.6223557
31.29 3.6223318
31.3 3.6223318
31.31 3.6223079
31.32 3.622284
31.33 3.6222601
31.34 3.6222362
31.35 3.6222362
31.36 3.6222123
31.37 3.6221884
31.38 3.6221645
31.39 3.6221645
31.4 3.6221406
31.41 3.6221167
31.42 3.6220928
31.43 3.6220928
31.44 3.6220689
31.45 3.622045
31.46 3.6220211
31.47 3.6220211
31.48 3.6219972
31.49 3.6219733
31.5 3.6219494
31.51 3.6219494
31.52 3.6219255
31.53 3.6219016
31.54 3.6219016
31.55 3.6218777
31.56 3.6218538
31.57 3.6218299
31.58 3.6218299
31.59 3.621806
31.6 3.6217821
31.61 3.6217582
31.62 3.6217582
31.63 3.6217343
31.64 3.6217104
31.65 3.6216865
31.66 3.6216865
31.67 3.6216626
31.68 3.6216387
31.69 3.6216387
31.7 3.6216148
31.71 3.6215909
31.72 3.621567
31.73 3.621567
31.74 3.6215431
31.75 3.6215192
31.76 3.6215192
31.77 3.6214953
31.78 3.6214714
31.79 3.6214475
31.8 3.6214475
31.81 3.6214236
31.82 3.6213997
31.83 3.6213997
31.84 3.6213758
31.85 3.6213519
31.86 3.621328
31.87 3.621328
31.88 3.6213041
31.89 3.6212802
31.9 3.6212802
31.91 3.6212563
31.92 3.6212324
31.93 3.6212324
31.94 3.6212085
31.95 3.6211846
31.96 3.6211607
31.97 3.6211607
31.98 3.6211368
31.99 3.6211129
32.0 3.6211129
32.01 3.621089
32.02 3.6210651
32.03 3.6210651
32.04 3.6210412
32.05 3.6210173
32.06 3.6210173
32.07 3.6209934
32.08 3.6209695
32.09 3.6209456
32.1 3.6209456
32.11 3.6209217
32.12 3.6208978
32.13 3.6208978
32.14 3.6208739
32.15 3.62085
32.16 3.62085
32.17 3.6208261
32.18 3.6208022
32.19 3.6208022
32.2 3.6207783
32.21 3.6207544
32.22 3.6207544
32.23 3.6207305
32.24 3.6207066
32.25 3.6207066
32.26 3.6206827
32.27 3.6206588
32.28 3.6206588
32.29 3.6206349
32.3 3.620611
32.31 3.620611
32.32 3.6205871
32.33 3.6205632
32.34 3.6205632
32.35 3.6205393
32.36 3.6205154
32.37 3.6205154
32.38 3.6204915
32.39 3.6204676
32.4 3.6204676
32.41 3.6204437
32.42 3.6204198
32.43 3.6204198
32.44 3.6203959
32.45 3.620372
32.46 3.620372
32.47 3.6203481
32.48 3.6203481
32.49 3.6203242
32.5 3.6203003
32.51 3.6203003
32.52 3.6202764
32.53 3.6202525
32.54 3.6202525
32.55 3.6202286
32.56 3.6202047
32.57 3.6202047
32.58 3.6201808
32.59 3.6201569
32.6 3.6201569
32.61 3.620133
32.62 3.620133
32.63 3.6201091
32.64 3.6200852
32.65 3.6200852
32.66 3.6200613
32.67 3.6200374
32.68 3.6200374
32.69 3.6200135
32.7 3.6200135
32.71 3.6199896
32.72 3.6199657
32.73 3.6199657
32.74 3.6199418
32.75 3.6199179
32.76 3.6199179
32.77 3.619894
32.78 3.619894
32.79 3.6198701
32.8 3.6198462
32.81 3.6198462
32.82 3.6198223
32.83 3.6197984
32.84 3.6197984
32.85 3.6197745
32.86 3.6197745
32.87 3.6197506
32.88 3.6197267
32.89 3.6197267
32.9 3.6197028
32.91 3.6197028
32.92 3.6196789
32.93 3.619655
32.94 3.619655
32.95 3.6196311
32.96 3.6196311
32.97 3.6196072
32.98 3.6195833
32.99 3.6195833
33.0 3.6195594
33.01 3.6195594
33.02 3.6195355
33.03 3.6195116
33.04 3.6195116
33.05 3.6194877
33.06 3.6194877
33.07 3.6194638
33.08 3.6194399
33.09 3.6194399
33.1 3.619416
33.11 3.619416
33.12 3.6193921
33.13 3.6193682
33.14 3.6193682
33.15 3.6193443
33.16 3.6193443
33.17 3.6193204
33.18 3.6193204
33.19 3.6192965
33.2 3.6192726
33.21 3.6192726
33.22 3.6192487
33.23 3.6192487
33.24 3.6192248
33.25 3.6192009
33.26 3.6192009
33.27 3.619177
33.28 3.619177
33.29 3.6191531
33.3 3.6191531
33.31 3.6191292
33.32 3.6191053
33.33 3.6191053
33.34 3.6190814
33.35 3.6190814
33.36 3.6190575
33.37 3.6190575
33.38 3.6190336
33.39 3.6190097
33.4 3.6190097
33.41 3.6189858
33.42 3.6189858
33.43 3.6189619
33.44 3.6189619
33.45 3.618938
33.46 3.6189141
33.47 3.6189141
33.48 3.6188902
33.49 3.6188902
33.5 3.6188663
33.51 3.6188663
33.52 3.6188424
33.53 3.6188424
33.54 3.6188185
33.55 3.6187946
33.56 3.6187946
33.57 3.6187707
33.58 3.6187707
33.59 3.6187468
33.6 3.6187468
33.61 3.6187229
33.62 3.6187229
33.63 3.618699
33.64 3.618699
33.65 3.6186751
33.66 3.6186512
33.67 3.6186512
33.68 3.6186273
33.69 3.6186273
33.7 3.6186034
33.71 3.6186034
33.72 3.6185795
33.73 3.6185795
33.74 3.6185556
33.75 3.6185556
33.76 3.6185317
33.77 3.6185317
33.78 3.6185078
33.79 3.6184839
33.8 3.6184839
33.81 3.61846
33.82 3.61846
33.83 3.6184361
33.84 3.6184361
33.85 3.6184122
33.86 3.6184122
33.87 3.6183883
33.88 3.6183883
33.89 3.6183644
33.9 3.6183644
33.91 3.6183405
33.92 3.6183405
33.93 3.6183166
33.94 3.6183166
33.95 3.6182927
33.96 3.6182927
33.97 3.6182688
33.98 3.6182449
33.99 3.6182449
34.0 3.618221
34.01 3.618221
34.02 3.6181971
34.03 3.6181971
34.04 3.6181732
34.05 3.6181732
34.06 3.6181493
34.07 3.6181493
34.08 3.6181254
34.09 3.6181254
34.1 3.6181015
34.11 3.6181015
34.12 3.6180776
34.13 3.6180776
34.14 3.6180537
34.15 3.6180537
34.16 3.6180298
34.17 3.6180298
34.18 3.6180059
34.19 3.6180059
34.2 3.617982
34.21 3.617982
34.22 3.6179581
34.23 3.6179581
34.24 3.6179342
34.25 3.6179342
34.26 3.6179103
34.27 3.6179103
34.28 3.6178864
34.29 3.6178864
34.3 3.6178625
34.31 3.6178625
34.32 3.6178386
34.33 3.6178386
34.34 3.6178147
34.35 3.6178147
34.36 3.6177908
34.37 3.6177908
34.38 3.6177669
34.39 3.6177669
34.4 3.617743
34.41 3.617743
34.42 3.6177191
34.43 3.6177191
34.44 3.6177191
34.45 3.6176952
34.46 3.6176952
34.47 3.6176713
34.48 3.6176713
34.49 3.6176474
34.5 3.6176474
34.51 3.6176235
34.52 3.6176235
34.53 3.6175996
34.54 3.6175996
34.55 3.6175757
34.56 3.6175757
34.57 3.6175518
34.58 3.6175518
34.59 3.6175279
34.6 3.6175279
34.61 3.617504
34.62 3.617504
34.63 3.617504
34.64 3.6174801
34.65 3.6174801
34.66 3.6174562
34.67 3.6174562
34.68 3.6174323
34.69 3.6174323
34.7 3.6174084
34.71 3.6174084
34.72 3.6173845
34.73 3.6173845
34.74 3.6173606
34.75 3.6173606
34.76 3.6173367
34.77 3.6173367
34.78 3.6173367
34.79 3.6173128
34.8 3.6173128
34.81 3.6172889
34.82 3.6172889
34.83 3.617265
34.84 3.617265
34.85 3.6172411
34.86 3.6172411
34.87 3.6172172
34.88 3.6172172
34.89 3.6172172
34.9 3.6171933
34.91 3.6171933
34.92 3.6171694
34.93 3.6171694
34.94 3.6171455
34.95 3.6171455
34.96 3.6171216
34.97 3.6171216
34.98 3.6171216
34.99 3.6170977
35.0 3.6170977
35.01 3.6170738
35.02 3.6170738
35.03 3.6170499
35.04 3.6170499
35.05 3.6170499
35.06 3.617026
35.07 3.617026
35.08 3.6170021
35.09 3.6170021
35.1 3.6169782
35.11 3.6169782
35.12 3.6169543
35.13 3.6169543
35.14 3.6169543
35.15 3.6169304
35.16 3.6169304
35.17 3.6169065
35.18 3.6169065
35.19 3.6168826
35.2 3.6168826
35.21 3.6168826
35.22 3.6168587
35.23 3.6168587
35.24 3.6168348
35.25 3.6168348
35.26 3.6168109
35.27 3.6168109
35.28 3.6168109
35.29 3.616787
35.3 3.616787
35.31 3.6167631
35.32 3.6167631
35.33 3.6167631
35.34 3.6167392
35.35 3.6167392
35.36 3.6167153
35.37 3.6167153
35.38 3.6166914
35.39 3.6166914
35.4 3.6166914
35.41 3.6166675
35.42 3.6166675
35.43 3.6166436
35.44 3.6166436
35.45 3.6166436
35.46 3.6166197
35.47 3.6166197
35.48 3.6165958
35.49 3.6165958
35.5 3.6165958
35.51 3.6165719
35.52 3.6165719
35.53 3.616548
35.54 3.616548
35.55 3.616548
35.56 3.6165241
35.57 3.6165241
35.58 3.6165002
35.59 3.6165002
35.6 3.6165002
35.61 3.6164763
35.62 3.6164763
35.63 3.6164524
35.64 3.6164524
35.65 3.6164524
35.66 3.6164285
35.67 3.6164285
35.68 3.6164046
35.69 3.6164046
35.7 3.6164046
35.71 3.6163807
35.72 3.6163807
35.73 3.6163568
35.74 3.6163568
35.75 3.6163568
35.76 3.6163329
35.77 3.6163329
35.78 3.616309
35.79 3.616309
35.8 3.616309
35.81 3.6162851
35.82 3.6162851
35.83 3.6162851
35.84 3.6162612
35.85 3.6162612
35.86 3.6162373
35.87 3.6162373
35.88 3.6162373
35.89 3.6162134
35.9 3.6162134
35.91 3.6161895
35.92 3.6161895
35.93 3.6161895
35.94 3.6161656
35.95 3.6161656
35.96 3.6161656
35.97 3.6161417
35.98 3.6161417
35.99 3.6161178
36.0 3.6161178
36.01 3.6161178
36.02 3.6160939
36.03 3.6160939
36.04 3.6160939
36.05 3.61607
36.06 3.61607
36.07 3.6160461
36.08 3.6160461
36.09 3.6160461
36.1 3.6160222
36.11 3.6160222
36.12 3.6160222
36.13 3.6159983
36.14 3.6159983
36.15 3.6159983
36.16 3.6159744
36.17 3.6159744
36.18 3.6159505
36.19 3.6159505
36.2 3.6159505
36.21 3.6159266
36.22 3.6159266
36.23 3.6159266
36.24 3.6159027
36.25 3.6159027
36.26 3.6159027
36.27 3.6158788
36.28 3.6158788
36.29 3.6158788
36.3 3.6158549
36.31 3.6158549
36.32 3.615831
36.33 3.615831
36.34 3.615831
36.35 3.6158071
36.36 3.6158071
36.37 3.6158071
36.38 3.6157832
36.39 3.6157832
36.4 3.6157832
36.41 3.6157593
36.42 3.6157593
36.43 3.6157593
36.44 3.6157354
36.45 3.6157354
36.46 3.6157354
36.47 3.6157115
36.48 3.6157115
36.49 3.6157115
36.5 3.6156876
36.51 3.6156876
36.52 3.6156637
36.53 3.6156637
36.54 3.6156637
36.55 3.6156398
36.56 3.6156398
36.57 3.6156398
36.58 3.6156159
36.59 3.6156159
36.6 3.6156159
36.61 3.615592
36.62 3.615592
36.63 3.615592
36.64 3.6155681
36.65 3.6155681
36.66 3.6155681
36.67 3.6155442
36.68 3.6155442
36.69 3.6155442
36.7 3.6155203
36.71 3.6155203
36.72 3.6155203
36.73 3.6154964
36.74 3.6154964
36.75 3.6154964
36.76 3.6154725
36.77 3.6154725
36.78 3.6154725
36.79 3.6154486
36.8 3.6154486
36.81 3.6154486
36.82 3.6154486
36.83 3.6154247
36.84 3.6154247
36.85 3.6154247
36.86 3.6154008
36.87 3.6154008
36.88 3.6154008
36.89 3.6153769
36.9 3.6153769
36.91 3.6153769
36.92 3.615353
36.93 3.615353
36.94 3.615353
36.95 3.6153291
36.96 3.6153291
36.97 3.6153291
36.98 3.6153052
36.99 3.6153052
37.0 3.6153052
37.01 3.6152813
37.02 3.6152813
37.03 3.6152813
37.04 3.6152813
37.05 3.6152574
37.06 3.6152574
37.07 3.6152574
37.08 3.6152335
37.09 3.6152335
37.1 3.6152335
37.11 3.6152096
37.12 3.6152096
37.13 3.6152096
37.14 3.6151857
37.15 3.6151857
37.16 3.6151857
37.17 3.6151618
37.18 3.6151618
37.19 3.6151618
37.2 3.6151618
37.21 3.6151379
37.22 3.6151379
37.23 3.6151379
37.24 3.615114
37.25 3.615114
37.26 3.615114
37.27 3.6150901
37.28 3.6150901
37.29 3.6150901
37.3 3.6150901
37.31 3.6150662
37.32 3.6150662
37.33 3.6150662
37.34 3.6150423
37.35 3.6150423
37.36 3.6150423
37.37 3.6150423
37.38 3.6150184
37.39 3.6150184
37.4 3.6150184
37.41 3.6149945
37.42 3.6149945
37.43 3.6149945
37.44 3.6149706
37.45 3.6149706
37.46 3.6149706
37.47 3.6149706
37.48 3.6149467
37.49 3.6149467
37.5 3.6149467
37.51 3.6149228
37.52 3.6149228
37.53 3.6149228
37.54 3.6149228
37.55 3.6148989
37.56 3.6148989
37.57 3.6148989
37.58 3.614875
37.59 3.614875
37.6 3.614875
37.61 3.614875
37.62 3.6148511
37.63 3.6148511
37.64 3.6148511
37.65 3.6148272
37.66 3.6148272
37.67 3.6148272
37.68 3.6148272
37.69 3.6148033
37.7 3.6148033
37.71 3.6148033
37.72 3.6148033
37.73 3.6147794
37.74 3.6147794
37.75 3.6147794
37.76 3.6147555
37.77 3.6147555
37.78 3.6147555
37.79 3.6147555
37.8 3.6147316
37.81 3.6147316
37.82 3.6147316
37.83 3.6147316
37.84 3.6147077
37.85 3.6147077
37.86 3.6147077
37.87 3.6146838
37.88 3.6146838
37.89 3.6146838
37.9 3.6146838
37.91 3.6146599
37.92 3.6146599
37.93 3.6146599
37.94 3.6146599
37.95 3.614636
37.96 3.614636
37.97 3.614636
37.98 3.614636
37.99 3.6146121
38.0 3.6146121
38.01 3.6146121
38.02 3.6145882
38.03 3.6145882
38.04 3.6145882
38.05 3.6145882
38.06 3.6145643
38.07 3.6145643
38.08 3.6145643
38.09 3.6145643
38.1 3.6145404
38.11 3.6145404
38.12 3.6145404
38.13 3.6145404
38.14 3.6145165
38.15 3.6145165
38.16 3.6145165
38.17 3.6145165
38.18 3.6144926
38.19 3.6144926
38.2 3.6144926
38.21 3.6144926
38.22 3.6144687
38.23 3.6144687
38.24 3.6144687
38.25 3.6144687
38.26 3.6144448
38.27 3.6144448
38.28 3.6144448
38.29 3.6144448
38.3 3.6144209
38.31 3.6144209
38.32 3.6144209
38.33 3.6144209
38.34 3.614397
38.35 3.614397
38.36 3.614397
38.37 3.614397
38.38 3.6143731
38.39 3.6143731
38.4 3.6143731
38.41 3.6143731
38.42 3.6143492
38.43 3.6143492
38.44 3.6143492
38.45 3.6143492
38.46 3.6143253
38.47 3.6143253
38.48 3.6143253
38.49 3.6143253
38.5 3.6143014
38.51 3.6143014
38.52 3.6143014
38.53 3.6143014
38.54 3.6143014
38.55 3.6142775
38.56 3.6142775
38.57 3.6142775
38.58 3.6142775
38.59 3.6142536
38.6 3.6142536
38.61 3.6142536
38.62 3.6142536
38.63 3.6142297
38.64 3.6142297
38.65 3.6142297
38.66 3.6142297
38.67 3.6142058
38.68 3.6142058
38.69 3.6142058
38.7 3.6142058
38.71 3.6142058
38.72 3.6141819
38.73 3.6141819
38.74 3.6141819
38.75 3.6141819
38.76 3.614158
38.77 3.614158
38.78 3.614158
38.79 3.614158
38.8 3.6141341
38.81 3.6141341
38.82 3.6141341
38.83 3.6141341
38.84 3.6141341
38.85 3.6141102
38.86 3.6141102
38.87 3.6141102
38.88 3.6141102
38.89 3.6140863
38.9 3.6140863
38.91 3.6140863
38.92 3.6140863
38.93 3.6140863
38.94 3.6140624
38.95 3.6140624
38.96 3.6140624
38.97 3.6140624
38.98 3.6140385
38.99 3.6140385
39.0 3.6140385
39.01 3.6140385
39.02 3.6140385
39.03 3.6140146
39.04 3.6140146
39.05 3.6140146
39.06 3.6140146
39.07 3.6140146
39.08 3.6139907
39.09 3.6139907
39.1 3.6139907
39.11 3.6139907
39.12 3.6139668
39.13 3.6139668
39.14 3.6139668
39.15 3.6139668
39.16 3.6139668
39.17 3.6139429
39.18 3.6139429
39.19 3.6139429
39.2 3.6139429
39.21 3.6139429
39.22 3.613919
39.23 3.613919
39.24 3.613919
39.25 3.613919
39.26 3.613919
39.27 3.6138951
39.28 3.6138951
39.29 3.6138951
39.3 3.6138951
39.31 3.6138712
39.32 3.6138712
39.33 3.6138712
39.34 3.6138712
39.35 3.6138712
39.36 3.6138473
39.37 3.6138473
39.38 3.6138473
39.39 3.6138473
39.4 3.6138473
39.41 3.6138234
39.42 3.6138234
39.43 3.6138234
39.44 3.6138234
39.45 3.6138234
39.46 3.6137995
39.47 3.6137995
39.48 3.6137995
39.49 3.6137995
39.5 3.6137995
39.51 3.6137756
39.52 3.6137756
39.53 3.6137756
39.54 3.6137756
39.55 3.6137756
39.56 3.6137517
39.57 3.6137517
39.58 3.6137517
39.59 3.6137517
39.6 3.6137517
39.61 3.6137517
39.62 3.6137278
39.63 3.6137278
39.64 3.6137278
39.65 3.6137278
39.66 3.6137278
39.67 3.6137039
39.68 3.6137039
39.69 3.6137039
39.7 3.6137039
39.71 3.6137039
39.72 3.61368
39.73 3.61368
39.74 3.61368
39.75 3.61368
39.76 3.61368
39.77 3.6136561
39.78 3.6136561
39.79 3.6136561
39.8 3.6136561
39.81 3.6136561
39.82 3.6136561
39.83 3.6136322
39.84 3.6136322
39.85 3.6136322
39.86 3.6136322
39.87 3.6136322
39.88 3.6136083
39.89 3.6136083
39.9 3.6136083
39.91 3.6136083
39.92 3.6136083
39.93 3.6135844
39.94 3.6135844
39.95 3.6135844
39.96 3.6135844
39.97 3.6135844
39.98 3.6135844
39.99 3.6135605
40.0 3.6135605
40.01 3.6135605
40.02 3.6135605
40.03 3.6135605
40.04 3.6135605
40.05 3.6135366
40.06 3.6135366
40.07 3.6135366
40.08 3.6135366
40.09 3.6135366
40.1 3.6135127
40.11 3.6135127
40.12 3.6135127
40.13 3.6135127
40.14 3.6135127
40.15 3.6135127
40.16 3.6134888
40.17 3.6134888
40.18 3.6134888
40.19 3.6134888
40.2 3.6134888
40.21 3.6134888
40.22 3.6134649
40.23 3.6134649
40.24 3.6134649
40.25 3.6134649
40.26 3.6134649
40.27 3.6134649
40.28 3.613441
40.29 3.613441
40.3 3.613441
40.31 3.613441
40.32 3.613441
40.33 3.6134171
40.34 3.6134171
40.35 3.6134171
40.36 3.6134171
40.37 3.6134171
40.38 3.6134171
40.39 3.6133932
40.4 3.6133932
40.41 3.6133932
40.42 3.6133932
40.43 3.6133932
40.44 3.6133932
40.45 3.6133693
40.46 3.6133693
40.47 3.6133693
40.48 3.6133693
40.49 3.6133693
40.5 3.6133693
40.51 3.6133693
40.52 3.6133454
40.53 3.6133454
40.54 3.6133454
40.55 3.6133454
40.56 3.6133454
40.57 3.6133454
40.58 3.6133215
40.59 3.6133215
40.6 3.6133215
40.61 3.6133215
40.62 3.6133215
40.63 3.6133215
40.64 3.6132976
40.65 3.6132976
40.66 3.6132976
40.67 3.6132976
40.68 3.6132976
40.69 3.6132976
40.7 3.6132737
40.71 3.6132737
40.72 3.6132737
40.73 3.6132737
40.74 3.6132737
40.75 3.6132737
40.76 3.6132737
40.77 3.6132498
40.78 3.6132498
40.79 3.6132498
40.8 3.6132498
40.81 3.6132498
40.82 3.6132498
40.83 3.6132259
40.84 3.6132259
40.85 3.6132259
40.86 3.6132259
40.87 3.6132259
40.88 3.6132259
40.89 3.6132259
40.9 3.613202
40.91 3.613202
40.92 3.613202
40.93 3.613202
40.94 3.613202
40.95 3.613202
40.96 3.613202
40.97 3.6131781
40.98 3.6131781
40.99 3.6131781
41.0 3.6131781
41.01 3.6131781
41.02 3.6131781
41.03 3.6131542
41.04 3.6131542
41.05 3.6131542
41.06 3.6131542
41.07 3.6131542
41.08 3.6131542
41.09 3.6131542
41.1 3.6131303
41.11 3.6131303
41.12 3.6131303
41.13 3.6131303
41.14 3.6131303
41.15 3.6131303
41.16 3.6131303
41.17 3.6131064
41.18 3.6131064
41.19 3.6131064
41.2 3.6131064
41.21 3.6131064
41.22 3.6131064
41.23 3.6131064
41.24 3.6130825
41.25 3.6130825
41.26 3.6130825
41.27 3.6130825
41.28 3.6130825
41.29 3.6130825
41.3 3.6130825
41.31 3.6130586
41.32 3.6130586
41.33 3.6130586
41.34 3.6130586
41.35 3.6130586
41.36 3.6130586
41.37 3.6130586
41.38 3.6130586
41.39 3.6130347
41.4 3.6130347
41.41 3.6130347
41.42 3.6130347
41.43 3.6130347
41.44 3.6130347
41.45 3.6130347
41.46 3.6130108
41.47 3.6130108
41.48 3.6130108
41.49 3.6130108
41.5 3.6130108
41.51 3.6130108
41.52 3.6130108
41.53 3.6129869
41.54 3.6129869
41.55 3.6129869
41.56 3.6129869
41.57 3.6129869
41.58 3.6129869
41.59 3.6129869
41.6 3.6129869
41.61 3.612963
41.62 3.612963
41.63 3.612963
41.64 3.612963
41.65 3.612963
41.66 3.612963
41.67 3.612963
41.68 3.612963
41.69 3.6129391
41.7 3.6129391
41.71 3.6129391
41.72 3.6129391
41.73 3.6129391
41.74 3.6129391
41.75 3.6129391
41.76 3.6129152
41.77 3.6129152
41.78 3.6129152
41.79 3.6129152
41.8 3.6129152
41.81 3.6129152
41.82 3.6129152
41.83 3.6129152
41.84 3.6128913
41.85 3.6128913
41.86 3.6128913
41.87 3.6128913
41.88 3.6128913
41.89 3.6128913
41.9 3.6128913
41.91 3.6128913
41.92 3.6128674
41.93 3.6128674
41.94 3.6128674
41.95 3.6128674
41.96 3.6128674
41.97 3.6128674
41.98 3.6128674
41.99 3.6128674
42.0 3.6128674
42.01 3.6128435
42.02 3.6128435
42.03 3.6128435
42.04 3.6128435
42.05 3.6128435
42.06 3.6128435
42.07 3.6128435
42.08 3.6128435
42.09 3.6128196
42.1 3.6128196
42.11 3.6128196
42.12 3.6128196
42.13 3.6128196
42.14 3.6128196
42.15 3.6128196
42.16 3.6128196
42.17 3.6127957
42.18 3.6127957
42.19 3.6127957
42.2 3.6127957
42.21 3.6127957
42.22 3.6127957
42.23 3.6127957
42.24 3.6127957
42.25 3.6127957
42.26 3.6127718
42.27 3.6127718
42.28 3.6127718
42.29 3.6127718
42.3 3.6127718
42.31 3.6127718
42.32 3.6127718
42.33 3.6127718
42.34 3.6127718
42.35 3.6127479
42.36 3.6127479
42.37 3.6127479
42.38 3.6127479
42.39 3.6127479
42.4 3.6127479
42.41 3.6127479
42.42 3.6127479
42.43 3.6127479
42.44 3.612724
42.45 3.612724
42.46 3.612724
42.47 3.612724
42.48 3.612724
42.49 3.612724
42.5 3.612724
42.51 3.612724
42.52 3.612724
42.53 3.6127001
42.54 3.6127001
42.55 3.6127001
42.56 3.6127001
42.57 3.6127001
42.58 3.6127001
42.59 3.6127001
42.6 3.6127001
42.61 3.6127001
42.62 3.6126762
42.63 3.6126762
42.64 3.6126762
42.65 3.6126762
42.66 3.6126762
42.67 3.6126762
42.68 3.6126762
42.69 3.6126762
42.7 3.6126762
42.71 3.6126523
42.72 3.6126523
42.73 3.6126523
42.74 3.6126523
42.75 3.6126523
42.76 3.6126523
42.77 3.6126523
42.78 3.6126523
42.79 3.6126523
42.8 3.6126523
42.81 3.6126284
42.82 3.6126284
42.83 3.6126284
42.84 3.6126284
42.85 3.6126284
42.86 3.6126284
42.87 3.6126284
42.88 3.6126284
42.89 3.6126284
42.9 3.6126045
42.91 3.6126045
42.92 3.6126045
42.93 3.6126045
42.94 3.6126045
42.95 3.6126045
42.96 3.6126045
42.97 3.6126045
42.98 3.6126045
42.99 3.6126045
43.0 3.6125806
43.01 3.6125806
43.02 3.6125806
43.03 3.6125806
43.04 3.6125806
43.05 3.6125806
43.06 3.6125806
43.07 3.6125806
43.08 3.6125806
43.09 3.6125806
43.1 3.6125567
43.11 3.6125567
43.12 3.6125567
43.13 3.6125567
43.14 3.6125567
43.15 3.6125567
43.16 3.6125567
43.17 3.6125567
43.18 3.6125567
43.19 3.6125567
43.2 3.6125567
43.21 3.6125328
43.22 3.6125328
43.23 3.6125328
43.24 3.6125328
43.25 3.6125328
43.26 3.6125328
43.27 3.6125328
43.28 3.6125328
43.29 3.6125328
43.3 3.6125328
43.31 3.6125089
43.32 3.6125089
43.33 3.6125089
43.34 3.6125089
43.35 3.6125089
43.36 3.6125089
43.37 3.6125089
43.38 3.6125089
43.39 3.6125089
43.4 3.6125089
43.41 3.6125089
43.42 3.612485
43.43 3.612485
43.44 3.612485
43.45 3.612485
43.46 3.612485
43.47 3.612485
43.48 3.612485
43.49 3.612485
43.5 3.612485
43.51 3.612485
43.52 3.612485
43.53 3.6124611
43.54 3.6124611
43.55 3.6124611
43.56 3.6124611
43.57 3.6124611
43.58 3.6124611
43.59 3.6124611
43.6 3.6124611
43.61 3.6124611
43.62 3.6124611
43.63 3.6124611
43.64 3.6124372
43.65 3.6124372
43.66 3.6124372
43.67 3.6124372
43.68 3.6124372
43.69 3.6124372
43.7 3.6124372
43.71 3.6124372
43.72 3.6124372
43.73 3.6124372
43.74 3.6124372
43.75 3.6124133
43.76 3.6124133
43.77 3.6124133
43.78 3.6124133
43.79 3.6124133
43.8 3.6124133
43.81 3.6124133
43.82 3.6124133
43.83 3.6124133
43.84 3.6124133
43.85 3.6124133
43.86 3.6124133
43.87 3.6123894
43.88 3.6123894
43.89 3.6123894
43.9 3.6123894
43.91 3.6123894
43.92 3.6123894
43.93 3.6123894
43.94 3.6123894
43.95 3.6123894
43.96 3.6123894
43.97 3.6123894
43.98 3.6123655
43.99 3.6123655
44.0 3.6123655
44.01 3.6123655
44.02 3.6123655
44.03 3.6123655
44.04 3.6123655
44.05 3.6123655
44.06 3.6123655
44.07 3.6123655
44.08 3.6123655
44.09 3.6123655
44.1 3.6123416
44.11 3.6123416
44.12 3.6123416
44.13 3.6123416
44.14 3.6123416
44.15 3.6123416
44.16 3.6123416
44.17 3.6123416
44.18 3.6123416
44.19 3.6123416
44.2 3.6123416
44.21 3.6123416
44.22 3.6123416
44.23 3.6123177
44.24 3.6123177
44.25 3.6123177
44.26 3.6123177
44.27 3.6123177
44.28 3.6123177
44.29 3.6123177
44.3 3.6123177
44.31 3.6123177
44.32 3.6123177
44.33 3.6123177
44.34 3.6123177
44.35 3.6122938
44.36 3.6122938
44.37 3.6122938
44.38 3.6122938
44.39 3.6122938
44.4 3.6122938
44.41 3.6122938
44.42 3.6122938
44.43 3.6122938
44.44 3.6122938
44.45 3.6122938
44.46 3.6122938
44.47 3.6122938
44.48 3.6122699
44.49 3.6122699
44.5 3.6122699
44.51 3.6122699
44.52 3.6122699
44.53 3.6122699
44.54 3.6122699
44.55 3.6122699
44.56 3.6122699
44.57 3.6122699
44.58 3.6122699
44.59 3.6122699
44.6 3.6122699
44.61 3.612246
44.62 3.612246
44.63 3.612246
44.64 3.612246
44.65 3.612246
44.66 3.612246
44.67 3.612246
44.68 3.612246
44.69 3.612246
44.7 3.612246
44.71 3.612246
44.72 3.612246
44.73 3.612246
44.74 3.6122221
44.75 3.6122221
44.76 3.6122221
44.77 3.6122221
44.78 3.6122221
44.79 3.6122221
44.8 3.6122221
44.81 3.6122221
44.82 3.6122221
44.83 3.6122221
44.84 3.6122221
44.85 3.6122221
44.86 3.6122221
44.87 3.6122221
44.88 3.6121982
44.89 3.6121982
44.9 3.6121982
44.91 3.6121982
44.92 3.6121982
44.93 3.6121982
44.94 3.6121982
44.95 3.6121982
44.96 3.6121982
44.97 3.6121982
44.98 3.6121982
44.99 3.6121982
45.0 3.6121982
45.01 3.6121982
45.02 3.6121743
45.03 3.6121743
45.04 3.6121743
45.05 3.6121743
45.06 3.6121743
45.07 3.6121743
45.08 3.6121743
45.09 3.6121743
45.1 3.6121743
45.11 3.6121743
45.12 3.6121743
45.13 3.6121743
45.14 3.6121743
45.15 3.6121743
45.16 3.6121504
45.17 3.6121504
45.18 3.6121504
45.19 3.6121504
45.2 3.6121504
45.21 3.6121504
45.22 3.6121504
45.23 3.6121504
45.24 3.6121504
45.25 3.6121504
45.26 3.6121504
45.27 3.6121504
45.28 3.6121504
45.29 3.6121504
45.3 3.6121504
45.31 3.6121265
45.32 3.6121265
45.33 3.6121265
45.34 3.6121265
45.35 3.6121265
45.36 3.6121265
45.37 3.6121265
45.38 3.6121265
45.39 3.6121265
45.4 3.6121265
45.41 3.6121265
45.42 3.6121265
45.43 3.6121265
45.44 3.6121265
45.45 3.6121265
45.46 3.6121026
45.47 3.6121026
45.48 3.6121026
45.49 3.6121026
45.5 3.6121026
45.51 3.6121026
45.52 3.6121026
45.53 3.6121026
45.54 3.6121026
45.55 3.6121026
45.56 3.6121026
45.57 3.6121026
45.58 3.6121026
45.59 3.6121026
45.6 3.6121026
45.61 3.6120787
45.62 3.6120787
45.63 3.6120787
45.64 3.6120787
45.65 3.6120787
45.66 3.6120787
45.67 3.6120787
45.68 3.6120787
45.69 3.6120787
45.7 3.6120787
45.71 3.6120787
45.72 3.6120787
45.73 3.6120787
45.74 3.6120787
45.75 3.6120787
45.76 3.6120548
45.77 3.6120548
45.78 3.6120548
45.79 3.6120548
45.8 3.6120548
45.81 3.6120548
45.82 3.6120548
45.83 3.6120548
45.84 3.6120548
45.85 3.6120548
45.86 3.6120548
45.87 3.6120548
45.88 3.6120548
45.89 3.6120548
45.9 3.6120548
45.91 3.6120548
45.92 3.6120309
45.93 3.6120309
45.94 3.6120309
45.95 3.6120309
45.96 3.6120309
45.97 3.6120309
45.98 3.6120309
45.99 3.6120309
46.0 3.6120309
46.01 3.6120309
46.02 3.6120309
46.03 3.6120309
46.04 3.6120309
46.05 3.6120309
46.06 3.6120309
46.07 3.6120309
46.08 3.612007
46.09 3.612007
46.1 3.612007
46.11 3.612007
46.12 3.612007
46.13 3.612007
46.14 3.612007
46.15 3.612007
46.16 3.612007
46.17 3.612007
46.18 3.612007
46.19 3.612007
46.2 3.612007
46.21 3.612007
46.22 3.612007
46.23 3.612007
46.24 3.6119831
46.25 3.6119831
46.26 3.6119831
46.27 3.6119831
46.28 3.6119831
46.29 3.6119831
46.3 3.6119831
46.31 3.6119831
46.32 3.6119831
46.33 3.6119831
46.34 3.6119831
46.35 3.6119831
46.36 3.6119831
46.37 3.6119831
46.38 3.6119831
46.39 3.6119831
46.4 3.6119831
46.41 3.6119592
46.42 3.6119592
46.43 3.6119592
46.44 3.6119592
46.45 3.6119592
46.46 3.6119592
46.47 3.6119592
46.48 3.6119592
46.49 3.6119592
46.5 3.6119592
46.51 3.6119592
46.52 3.6119592
46.53 3.6119592
46.54 3.6119592
46.55 3.6119592
46.56 3.6119592
46.57 3.6119592
46.58 3.6119353
46.59 3.6119353
46.6 3.6119353
46.61 3.6119353
46.62 3.6119353
46.63 3.6119353
46.64 3.6119353
46.65 3.6119353
46.66 3.6119353
46.67 3.6119353
46.68 3.6119353
46.69 3.6119353
46.7 3.6119353
46.71 3.6119353
46.72 3.6119353
46.73 3.6119353
46.74 3.6119353
46.75 3.6119114
46.76 3.6119114
46.77 3.6119114
46.78 3.6119114
46.79 3.6119114
46.8 3.6119114
46.81 3.6119114
46.82 3.6119114
46.83 3.6119114
46.84 3.6119114
46.85 3.6119114
46.86 3.6119114
46.87 3.6119114
46.88 3.6119114
46.89 3.6119114
46.9 3.6119114
46.91 3.6119114
46.92 3.6119114
46.93 3.6118875
46.94 3.6118875
46.95 3.6118875
46.96 3.6118875
46.97 3.6118875
46.98 3.6118875
46.99 3.6118875
47.0 3.6118875
47.01 3.6118875
47.02 3.6118875
47.03 3.6118875
47.04 3.6118875
47.05 3.6118875
47.06 3.6118875
47.07 3.6118875
47.08 3.6118875
47.09 3.6118875
47.1 3.6118636
47.11 3.6118636
47.12 3.6118636
47.13 3.6118636
47.14 3.6118636
47.15 3.6118636
47.16 3.6118636
47.17 3.6118636
47.18 3.6118636
47.19 3.6118636
47.2 3.6118636
47.21 3.6118636
47.22 3.6118636
47.23 3.6118636
47.24 3.6118636
47.25 3.6118636
47.26 3.6118636
47.27 3.6118636
47.28 3.6118397
47.29 3.6118397
47.3 3.6118397
47.31 3.6118397
47.32 3.6118397
47.33 3.6118397
47.34 3.6118397
47.35 3.6118397
47.36 3.6118397
47.37 3.6118397
47.38 3.6118397
47.39 3.6118397
47.4 3.6118397
47.41 3.6118397
47.42 3.6118397
47.43 3.6118397
47.44 3.6118397
47.45 3.6118397
47.46 3.6118397
47.47 3.6118158
47.48 3.6118158
47.49 3.6118158
47.5 3.6118158
47.51 3.6118158
47.52 3.6118158
47.53 3.6118158
47.54 3.6118158
47.55 3.6118158
47.56 3.6118158
47.57 3.6118158
47.58 3.6118158
47.59 3.6118158
47.6 3.6118158
47.61 3.6118158
47.62 3.6118158
47.63 3.6118158
47.64 3.6118158
47.65 3.6117919
47.66 3.6117919
47.67 3.6117919
47.68 3.6117919
47.69 3.6117919
47.7 3.6117919
47.71 3.6117919
47.72 3.6117919
47.73 3.6117919
47.74 3.6117919
47.75 3.6117919
47.76 3.6117919
47.77 3.6117919
47.78 3.6117919
47.79 3.6117919
47.8 3.6117919
47.81 3.6117919
47.82 3.6117919
47.83 3.6117919
47.84 3.611768
47.85 3.611768
47.86 3.611768
47.87 3.611768
47.88 3.611768
47.89 3.611768
47.9 3.611768
47.91 3.611768
47.92 3.611768
47.93 3.611768
47.94 3.611768
47.95 3.611768
47.96 3.611768
47.97 3.611768
47.98 3.611768
47.99 3.611768
48.0 3.611768
48.01 3.611768
48.02 3.611768
48.03 3.6117441
48.04 3.6117441
48.05 3.6117441
48.06 3.6117441
48.07 3.6117441
48.08 3.6117441
48.09 3.6117441
48.1 3.6117441
48.11 3.6117441
48.12 3.6117441
48.13 3.6117441
48.14 3.6117441
48.15 3.6117441
48.16 3.6117441
48.17 3.6117441
48.18 3.6117441
48.19 3.6117441
48.2 3.6117441
48.21 3.6117441
48.22 3.6117202
48.23 3.6117202
48.24 3.6117202
48.25 3.6117202
48.26 3.6117202
48.27 3.6117202
48.28 3.6117202
48.29 3.6117202
48.3 3.6117202
48.31 3.6117202
48.32 3.6117202
48.33 3.6117202
48.34 3.6117202
48.35 3.6117202
48.36 3.6117202
48.37 3.6117202
48.38 3.6117202
48.39 3.6117202
48.4 3.6117202
48.41 3.6116963
48.42 3.6116963
48.43 3.6116963
48.44 3.6116963
48.45 3.6116963
48.46 3.6116963
48.47 3.6116963
48.48 3.6116963
48.49 3.6116963
48.5 3.6116963
48.51 3.6116963
48.52 3.6116963
48.53 3.6116963
48.54 3.6116963
48.55 3.6116963
48.56 3.6116963
48.57 3.6116963
48.58 3.6116963
48.59 3.6116963
48.6 3.6116724
48.61 3.6116724
48.62 3.6116724
48.63 3.6116724
48.64 3.6116724
48.65 3.6116724
48.66 3.6116724
48.67 3.6116724
48.68 3.6116724
48.69 3.6116724
48.7 3.6116724
48.71 3.6116724
48.72 3.6116724
48.73 3.6116724
48.74 3.6116724
48.75 3.6116724
48.76 3.6116724
48.77 3.6116724
48.78 3.6116724
48.79 3.6116724
48.8 3.6116485
48.81 3.6116485
48.82 3.6116485
48.83 3.6116485
48.84 3.6116485
48.85 3.6116485
48.86 3.6116485
48.87 3.6116485
48.88 3.6116485
48.89 3.6116485
48.9 3.6116485
48.91 3.6116485
48.92 3.6116485
48.93 3.6116485
48.94 3.6116485
48.95 3.6116485
48.96 3.6116485
48.97 3.6116485
48.98 3.6116485
48.99 3.6116246
49.0 3.6116246
49.01 3.6116246
49.02 3.6116246
49.03 3.6116246
49.04 3.6116246
49.05 3.6116246
49.06 3.6116246
49.07 3.6116246
49.08 3.6116246
49.09 3.6116246
49.1 3.6116246
49.11 3.6116246
49.12 3.6116246
49.13 3.6116246
49.14 3.6116246
49.15 3.6116246
49.16 3.6116246
49.17 3.6116246
49.18 3.6116246
49.19 3.6116007
49.2 3.6116007
49.21 3.6116007
49.22 3.6116007
49.23 3.6116007
49.24 3.6116007
49.25 3.6116007
49.26 3.6116007
49.27 3.6116007
49.28 3.6116007
49.29 3.6116007
49.3 3.6116007
49.31 3.6116007
49.32 3.6116007
49.33 3.6116007
49.34 3.6116007
49.35 3.6116007
49.36 3.6116007
49.37 3.6116007
49.38 3.6116007
49.39 3.6115768
49.4 3.6115768
49.41 3.6115768
49.42 3.6115768
49.43 3.6115768
49.44 3.6115768
49.45 3.6115768
49.46 3.6115768
49.47 3.6115768
49.48 3.6115768
49.49 3.6115768
49.5 3.6115768
49.51 3.6115768
49.52 3.6115768
49.53 3.6115768
49.54 3.6115768
49.55 3.6115768
49.56 3.6115768
49.57 3.6115768
49.58 3.6115529
49.59 3.6115529
49.6 3.6115529
49.61 3.6115529
49.62 3.6115529
49.63 3.6115529
49.64 3.6115529
49.65 3.6115529
49.66 3.6115529
49.67 3.6115529
49.68 3.6115529
49.69 3.6115529
49.7 3.6115529
49.71 3.6115529
49.72 3.6115529
49.73 3.6115529
49.74 3.6115529
49.75 3.6115529
49.76 3.6115529
49.77 3.6115529
49.78 3.611529
49.79 3.611529
49.8 3.611529
49.81 3.611529
49.82 3.611529
49.83 3.611529
49.84 3.611529
49.85 3.611529
49.86 3.611529
49.87 3.611529
49.88 3.611529
49.89 3.611529
49.9 3.611529
49.91 3.611529
49.92 3.611529
49.93 3.611529
49.94 3.611529
49.95 3.611529
49.96 3.611529
49.97 3.611529
49.98 3.6115051
49.99 3.6115051
50.0 3.6115051
50.01 3.6115051
50.02 3.6115051
50.03 3.6115051
50.04 3.6115051
50.05 3.6115051
50.06 3.6115051
50.07 3.6115051
50.08 3.6115051
50.09 3.6115051
50.1 3.6115051
50.11 3.6115051
50.12 3.6115051
50.13 3.6115051
50.14 3.6115051
50.15 3.6115051
50.16 3.6115051
50.17 3.6115051
50.18 3.6114812
50.19 3.6114812
50.2 3.6114812
50.21 3.6114812
50.22 3.6114812
50.23 3.6114812
50.24 3.6114812
50.25 3.6114812
50.26 3.6114812
50.27 3.6114812
50.28 3.6114812
50.29 3.6114812
50.3 3.6114812
50.31 3.6114812
50.32 3.6114812
50.33 3.6114812
50.34 3.6114812
50.35 3.6114812
50.36 3.6114812
50.37 3.6114573
50.38 3.6114573
50.39 3.6114573
50.4 3.6114573
50.41 3.6114573
50.42 3.6114573
50.43 3.6114573
50.44 3.6114573
50.45 3.6114573
50.46 3.6114573
50.47 3.6114573
50.48 3.6114573
50.49 3.6114573
50.5 3.6114573
50.51 3.6114573
50.52 3.6114573
50.53 3.6114573
50.54 3.6114573
50.55 3.6114573
50.56 3.6114573
50.57 3.6114334
50.58 3.6114334
50.59 3.6114334
50.6 3.6114334
50.61 3.6114334
50.62 3.6114334
50.63 3.6114334
50.64 3.6114334
50.65 3.6114334
50.66 3.6114334
50.67 3.6114334
50.68 3.6114334
50.69 3.6114334
50.7 3.6114334
50.71 3.6114334
50.72 3.6114334
50.73 3.6114334
50.74 3.6114334
50.75 3.6114334
50.76 3.6114334
50.77 3.6114095
50.78 3.6114095
50.79 3.6114095
50.8 3.6114095
50.81 3.6114095
50.82 3.6114095
50.83 3.6114095
50.84 3.6114095
50.85 3.6114095
50.86 3.6114095
50.87 3.6114095
50.88 3.6114095
50.89 3.6114095
50.9 3.6114095
50.91 3.6114095
50.92 3.6114095
50.93 3.6114095
50.94 3.6114095
50.95 3.6114095
50.96 3.6113856
50.97 3.6113856
50.98 3.6113856
50.99 3.6113856
51.0 3.6113856
51.01 3.6113856
51.02 3.6113856
51.03 3.6113856
51.04 3.6113856
51.05 3.6113856
51.06 3.6113856
51.07 3.6113856
51.08 3.6113856
51.09 3.6113856
51.1 3.6113856
51.11 3.6113856
51.12 3.6113856
51.13 3.6113856
51.14 3.6113856
51.15 3.6113856
51.16 3.6113617
51.17 3.6113617
51.18 3.6113617
51.19 3.6113617
51.2 3.6113617
51.21 3.6113617
51.22 3.6113617
51.23 3.6113617
51.24 3.6113617
51.25 3.6113617
51.26 3.6113617
51.27 3.6113617
51.28 3.6113617
51.29 3.6113617
51.3 3.6113617
51.31 3.6113617
51.32 3.6113617
51.33 3.6113617
51.34 3.6113617
51.35 3.6113617
51.36 3.6113378
51.37 3.6113378
51.38 3.6113378
51.39 3.6113378
51.4 3.6113378
51.41 3.6113378
51.42 3.6113378
51.43 3.6113378
51.44 3.6113378
51.45 3.6113378
51.46 3.6113378
51.47 3.6113378
51.48 3.6113378
51.49 3.6113378
51.5 3.6113378
51.51 3.6113378
51.52 3.6113378
51.53 3.6113378
51.54 3.6113378
51.55 3.6113139
51.56 3.6113139
51.57 3.6113139
51.58 3.6113139
51.59 3.6113139
51.6 3.6113139
51.61 3.6113139
51.62 3.6113139
51.63 3.6113139
51.64 3.6113139
51.65 3.6113139
51.66 3.6113139
51.67 3.6113139
51.68 3.6113139
51.69 3.6113139
51.7 3.6113139
51.71 3.6113139
51.72 3.6113139
51.73 3.6113139
51.74 3.6113139
51.75 3.61129
51.76 3.61129
51.77 3.61129
51.78 3.61129
51.79 3.61129
51.8 3.61129
51.81 3.61129
51.82 3.61129
51.83 3.61129
51.84 3.61129
51.85 3.61129
51.86 3.61129
51.87 3.61129
51.88 3.61129
51.89 3.61129
51.9 3.61129
51.91 3.61129
51.92 3.61129
51.93 3.61129
51.94 3.6112661
51.95 3.6112661
51.96 3.6112661
51.97 3.6112661
51.98 3.6112661
51.99 3.6112661
52.0 3.6112661
52.01 3.6112661
52.02 3.6112661
52.03 3.6112661
52.04 3.6112661
52.05 3.6112661
52.06 3.6112661
52.07 3.6112661
52.08 3.6112661
52.09 3.6112661
52.1 3.6112661
52.11 3.6112661
52.12 3.6112661
52.13 3.6112422
52.14 3.6112422
52.15 3.6112422
52.16 3.6112422
52.17 3.6112422
52.18 3.6112422
52.19 3.6112422
52.2 3.6112422
52.21 3.6112422
52.22 3.6112422
52.23 3.6112422
52.24 3.6112422
52.25 3.6112422
52.26 3.6112422
52.27 3.6112422
52.28 3.6112422
52.29 3.6112422
52.3 3.6112422
52.31 3.6112422
52.32 3.6112422
52.33 3.6112183
52.34 3.6112183
52.35 3.6112183
52.36 3.6112183
52.37 3.6112183
52.38 3.6112183
52.39 3.6112183
52.4 3.6112183
52.41 3.6112183
52.42 3.6112183
52.43 3.6112183
52.44 3.6112183
52.45 3.6112183
52.46 3.6112183
52.47 3.6112183
52.48 3.6112183
52.49 3.6112183
52.5 3.6112183
52.51 3.6112183
52.52 3.6111944
52.53 3.6111944
52.54 3.6111944
52.55 3.6111944
52.56 3.6111944
52.57 3.6111944
52.58 3.6111944
52.59 3.6111944
52.6 3.6111944
52.61 3.6111944
52.62 3.6111944
52.63 3.6111944
52.64 3.6111944
52.65 3.6111944
52.66 3.6111944
52.67 3.6111944
52.68 3.6111944
52.69 3.6111944
52.7 3.6111944
52.71 3.6111705
52.72 3.6111705
52.73 3.6111705
52.74 3.6111705
52.75 3.6111705
52.76 3.6111705
52.77 3.6111705
52.78 3.6111705
52.79 3.6111705
52.8 3.6111705
52.81 3.6111705
52.82 3.6111705
52.83 3.6111705
52.84 3.6111705
52.85 3.6111705
52.86 3.6111705
52.87 3.6111705
52.88 3.6111705
52.89 3.6111705
52.9 3.6111466
52.91 3.6111466
52.92 3.6111466
52.93 3.6111466
52.94 3.6111466
52.95 3.6111466
52.96 3.6111466
52.97 3.6111466
52.98 3.6111466
52.99 3.6111466
53.0 3.6111466
53.01 3.6111466
53.02 3.6111466
53.03 3.6111466
53.04 3.6111466
53.05 3.6111466
53.06 3.6111466
53.07 3.6111466
53.08 3.6111466
53.09 3.6111227
53.1 3.6111227
53.11 3.6111227
53.12 3.6111227
53.13 3.6111227
53.14 3.6111227
53.15 3.6111227
53.16 3.6111227
53.17 3.6111227
53.18 3.6111227
53.19 3.6111227
53.2 3.6111227
53.21 3.6111227
53.22 3.6111227
53.23 3.6111227
53.24 3.6111227
53.25 3.6111227
53.26 3.6111227
53.27 3.6111227
53.28 3.6111227
53.29 3.6110988
53.3 3.6110988
53.31 3.6110988
53.32 3.6110988
53.33 3.6110988
53.34 3.6110988
53.35 3.6110988
53.36 3.6110988
53.37 3.6110988
53.38 3.6110988
53.39 3.6110988
53.4 3.6110988
53.41 3.6110988
53.42 3.6110988
53.43 3.6110988
53.44 3.6110988
53.45 3.6110988
53.46 3.6110988
53.47 3.6110988
53.48 3.6110749
53.49 3.6110749
53.5 3.6110749
53.51 3.6110749
53.52 3.6110749
53.53 3.6110749
53.54 3.6110749
53.55 3.6110749
53.56 3.6110749
53.57 3.6110749
53.58 3.6110749
53.59 3.6110749
53.6 3.6110749
53.61 3.6110749
53.62 3.6110749
53.63 3.6110749
53.64 3.6110749
53.65 3.6110749
53.66 3.6110749
53.67 3.611051
53.68 3.611051
53.69 3.611051
53.7 3.611051
53.71 3.611051
53.72 3.611051
53.73 3.611051
53.74 3.611051
53.75 3.611051
53.76 3.611051
53.77 3.611051
53.78 3.611051
53.79 3.611051
53.8 3.611051
53.81 3.611051
53.82 3.611051
53.83 3.611051
53.84 3.611051
53.85 3.611051
53.86 3.6110271
53.87 3.6110271
53.88 3.6110271
53.89 3.6110271
53.9 3.6110271
53.91 3.6110271
53.92 3.6110271
53.93 3.6110271
53.94 3.6110271
53.95 3.6110271
53.96 3.6110271
53.97 3.6110271
53.98 3.6110271
53.99 3.6110271
54.0 3.6110271
54.01 3.6110271
54.02 3.6110271
54.03 3.6110271
54.04 3.6110271
54.05 3.6110032
54.06 3.6110032
54.07 3.6110032
54.08 3.6110032
54.09 3.6110032
54.1 3.6110032
54.11 3.6110032
54.12 3.6110032
54.13 3.6110032
54.14 3.6110032
54.15 3.6110032
54.16 3.6110032
54.17 3.6110032
54.18 3.6110032
54.19 3.6110032
54.2 3.6110032
54.21 3.6110032
54.22 3.6110032
54.23 3.6110032
54.24 3.6110032
54.25 3.6109793
54.26 3.6109793
54.27 3.6109793
54.28 3.6109793
54.29 3.6109793
54.3 3.6109793
54.31 3.6109793
54.32 3.6109793
54.33 3.6109793
54.34 3.6109793
54.35 3.6109793
54.36 3.6109793
54.37 3.6109793
54.38 3.6109793
54.39 3.6109793
54.4 3.6109793
54.41 3.6109793
54.42 3.6109793
54.43 3.6109793
54.44 3.6109554
54.45 3.6109554
54.46 3.6109554
54.47 3.6109554
54.48 3.6109554
54.49 3.6109554
54.5 3.6109554
54.51 3.6109554
54.52 3.6109554
54.53 3.6109554
54.54 3.6109554
54.55 3.6109554
54.56 3.6109554
54.57 3.6109554
54.58 3.6109554
54.59 3.6109554
54.6 3.6109554
54.61 3.6109554
54.62 3.6109554
54.63 3.6109554
54.64 3.6109315
54.65 3.6109315
54.66 3.6109315
54.67 3.6109315
54.68 3.6109315
54.69 3.6109315
54.7 3.6109315
54.71 3.6109315
54.72 3.6109315
54.73 3.6109315
54.74 3.6109315
54.75 3.6109315
54.76 3.6109315
54.77 3.6109315
54.78 3.6109315
54.79 3.6109315
54.8 3.6109315
54.81 3.6109315
54.82 3.6109315
54.83 3.6109076
54.84 3.6109076
54.85 3.6109076
54.86 3.6109076
54.87 3.6109076
54.88 3.6109076
54.89 3.6109076
54.9 3.6109076
54.91 3.6109076
54.92 3.6109076
54.93 3.6109076
54.94 3.6109076
54.95 3.6109076
54.96 3.6109076
54.97 3.6109076
54.98 3.6109076
54.99 3.6109076
55.0 3.6109076
55.01 3.6109076
55.02 3.6109076
55.03 3.6108837
55.04 3.6108837
55.05 3.6108837
55.06 3.6108837
55.07 3.6108837
55.08 3.6108837
55.09 3.6108837
55.1 3.6108837
55.11 3.6108837
55.12 3.6108837
55.13 3.6108837
55.14 3.6108837
55.15 3.6108837
55.16 3.6108837
55.17 3.6108837
55.18 3.6108837
55.19 3.6108837
55.2 3.6108837
55.21 3.6108837
55.22 3.6108837
55.23 3.6108598
55.24 3.6108598
55.25 3.6108598
55.26 3.6108598
55.27 3.6108598
55.28 3.6108598
55.29 3.6108598
55.3 3.6108598
55.31 3.6108598
55.32 3.6108598
55.33 3.6108598
55.34 3.6108598
55.35 3.6108598
55.36 3.6108598
55.37 3.6108598
55.38 3.6108598
55.39 3.6108598
55.4 3.6108598
55.41 3.6108598
55.42 3.6108598
55.43 3.6108359
55.44 3.6108359
55.45 3.6108359
55.46 3.6108359
55.47 3.6108359
55.48 3.6108359
55.49 3.6108359
55.5 3.6108359
55.51 3.6108359
55.52 3.6108359
55.53 3.6108359
55.54 3.6108359
55.55 3.6108359
55.56 3.6108359
55.57 3.6108359
55.58 3.6108359
55.59 3.6108359
55.6 3.6108359
55.61 3.6108359
55.62 3.6108359
55.63 3.610812
55.64 3.610812
55.65 3.610812
55.66 3.610812
55.67 3.610812
55.68 3.610812
55.69 3.610812
55.7 3.610812
55.71 3.610812
55.72 3.610812
55.73 3.610812
55.74 3.610812
55.75 3.610812
55.76 3.610812
55.77 3.610812
55.78 3.610812
55.79 3.610812
55.8 3.610812
55.81 3.610812
55.82 3.610812
55.83 3.610812
55.84 3.6107881
55.85 3.6107881
55.86 3.6107881
55.87 3.6107881
55.88 3.6107881
55.89 3.6107881
55.9 3.6107881
55.91 3.6107881
55.92 3.6107881
55.93 3.6107881
55.94 3.6107881
55.95 3.6107881
55.96 3.6107881
55.97 3.6107881
55.98 3.6107881
55.99 3.6107881
56.0 3.6107881
56.01 3.6107881
56.02 3.6107881
56.03 3.6107881
56.04 3.6107881
56.05 3.6107642
56.06 3.6107642
56.07 3.6107642
56.08 3.6107642
56.09 3.6107642
56.1 3.6107642
56.11 3.6107642
56.12 3.6107642
56.13 3.6107642
56.14 3.6107642
56.15 3.6107642
56.16 3.6107642
56.17 3.6107642
56.18 3.6107642
56.19 3.6107642
56.2 3.6107642
56.21 3.6107642
56.22 3.6107642
56.23 3.6107642
56.24 3.6107642
56.25 3.6107642
56.26 3.6107403
56.27 3.6107403
56.28 3.6107403
56.29 3.6107403
56.3 3.6107403
56.31 3.6107403
56.32 3.6107403
56.33 3.6107403
56.34 3.6107403
56.35 3.6107403
56.36 3.6107403
56.37 3.6107403
56.38 3.6107403
56.39 3.6107403
56.4 3.6107403
56.41 3.6107403
56.42 3.6107403
56.43 3.6107403
56.44 3.6107403
56.45 3.6107403
56.46 3.6107403
56.47 3.6107403
56.48 3.6107164
56.49 3.6107164
56.5 3.6107164
56.51 3.6107164
56.52 3.6107164
56.53 3.6107164
56.54 3.6107164
56.55 3.6107164
56.56 3.6107164
56.57 3.6107164
56.58 3.6107164
56.59 3.6107164
56.6 3.6107164
56.61 3.6107164
56.62 3.6107164
56.63 3.6107164
56.64 3.6107164
56.65 3.6107164
56.66 3.6107164
56.67 3.6107164
56.68 3.6107164
56.69 3.6107164
56.7 3.6106925
56.71 3.6106925
56.72 3.6106925
56.73 3.6106925
56.74 3.6106925
56.75 3.6106925
56.76 3.6106925
56.77 3.6106925
56.78 3.6106925
56.79 3.6106925
56.8 3.6106925
56.81 3.6106925
56.82 3.6106925
56.83 3.6106925
56.84 3.6106925
56.85 3.6106925
56.86 3.6106925
56.87 3.6106925
56.88 3.6106925
56.89 3.6106925
56.9 3.6106925
56.91 3.6106925
56.92 3.6106925
56.93 3.6106686
56.94 3.6106686
56.95 3.6106686
56.96 3.6106686
56.97 3.6106686
56.98 3.6106686
56.99 3.6106686
57.0 3.6106686
57.01 3.6106686
57.02 3.6106686
57.03 3.6106686
57.04 3.6106686
57.05 3.6106686
57.06 3.6106686
57.07 3.6106686
57.08 3.6106686
57.09 3.6106686
57.1 3.6106686
57.11 3.6106686
57.12 3.6106686
57.13 3.6106686
57.14 3.6106686
57.15 3.6106686
57.16 3.6106447
57.17 3.6106447
57.18 3.6106447
57.19 3.6106447
57.2 3.6106447
57.21 3.6106447
57.22 3.6106447
57.23 3.6106447
57.24 3.6106447
57.25 3.6106447
57.26 3.6106447
57.27 3.6106447
57.28 3.6106447
57.29 3.6106447
57.3 3.6106447
57.31 3.6106447
57.32 3.6106447
57.33 3.6106447
57.34 3.6106447
57.35 3.6106447
57.36 3.6106447
57.37 3.6106447
57.38 3.6106447
57.39 3.6106447
57.4 3.6106447
57.41 3.6106208
57.42 3.6106208
57.43 3.6106208
57.44 3.6106208
57.45 3.6106208
57.46 3.6106208
57.47 3.6106208
57.48 3.6106208
57.49 3.6106208
57.5 3.6106208
57.51 3.6106208
57.52 3.6106208
57.53 3.6106208
57.54 3.6106208
57.55 3.6106208
57.56 3.6106208
57.57 3.6106208
57.58 3.6106208
57.59 3.6106208
57.6 3.6106208
57.61 3.6106208
57.62 3.6106208
57.63 3.6106208
57.64 3.6106208
57.65 3.6106208
57.66 3.6105969
57.67 3.6105969
57.68 3.6105969
57.69 3.6105969
57.7 3.6105969
57.71 3.6105969
57.72 3.6105969
57.73 3.6105969
57.74 3.6105969
57.75 3.6105969
57.76 3.6105969
57.77 3.6105969
57.78 3.6105969
57.79 3.6105969
57.8 3.6105969
57.81 3.6105969
57.82 3.6105969
57.83 3.6105969
57.84 3.6105969
57.85 3.6105969
57.86 3.6105969
57.87 3.6105969
57.88 3.6105969
57.89 3.6105969
57.9 3.6105969
57.91 3.6105969
57.92 3.6105969
57.93 3.610573
57.94 3.610573
57.95 3.610573
57.96 3.610573
57.97 3.610573
57.98 3.610573
57.99 3.610573
58.0 3.610573
58.01 3.610573
58.02 3.610573
58.03 3.610573
58.04 3.610573
58.05 3.610573
58.06 3.610573
58.07 3.610573
58.08 3.610573
58.09 3.610573
58.1 3.610573
58.11 3.610573
58.12 3.610573
58.13 3.610573
58.14 3.610573
58.15 3.610573
58.16 3.610573
58.17 3.610573
58.18 3.610573
58.19 3.610573
58.2 3.610573
58.21 3.610573
58.22 3.6105491
58.23 3.6105491
58.24 3.6105491
58.25 3.6105491
58.26 3.6105491
58.27 3.6105491
58.28 3.6105491
58.29 3.6105491
58.3 3.6105491
58.31 3.6105491
58.32 3.6105491
58.33 3.6105491
58.34 3.6105491
58.35 3.6105491
58.36 3.6105491
58.37 3.6105491
58.38 3.6105491
58.39 3.6105491
58.4 3.6105491
58.41 3.6105491
58.42 3.6105491
58.43 3.6105491
58.44 3.6105491
58.45 3.6105491
58.46 3.6105491
58.47 3.6105491
58.48 3.6105491
58.49 3.6105491
58.5 3.6105491
58.51 3.6105491
58.52 3.6105252
58.53 3.6105252
58.54 3.6105252
58.55 3.6105252
58.56 3.6105252
58.57 3.6105252
58.58 3.6105252
58.59 3.6105252
58.6 3.6105252
58.61 3.6105252
58.62 3.6105252
58.63 3.6105252
58.64 3.6105252
58.65 3.6105252
58.66 3.6105252
58.67 3.6105252
58.68 3.6105252
58.69 3.6105252
58.7 3.6105252
58.71 3.6105252
58.72 3.6105252
58.73 3.6105252
58.74 3.6105252
58.75 3.6105252
58.76 3.6105252
58.77 3.6105252
58.78 3.6105252
58.79 3.6105252
58.8 3.6105252
58.81 3.6105252
58.82 3.6105252
58.83 3.6105252
58.84 3.6105252
58.85 3.6105252
58.86 3.6105013
58.87 3.6105013
58.88 3.6105013
58.89 3.6105013
58.9 3.6105013
58.91 3.6105013
58.92 3.6105013
58.93 3.6105013
58.94 3.6105013
58.95 3.6105013
58.96 3.6105013
58.97 3.6105013
58.98 3.6105013
58.99 3.6105013
59.0 3.6105013
59.01 3.6105013
59.02 3.6105013
59.03 3.6105013
59.04 3.6105013
59.05 3.6105013
59.06 3.6105013
59.07 3.6105013
59.08 3.6105013
59.09 3.6105013
59.1 3.6105013
59.11 3.6105013
59.12 3.6105013
59.13 3.6105013
59.14 3.6105013
59.15 3.6105013
59.16 3.6105013
59.17 3.6105013
59.18 3.6105013
59.19 3.6105013
59.2 3.6105013
59.21 3.6105013
59.22 3.6105013
59.23 3.6105013
59.24 3.6105013
59.25 3.6105013
59.26 3.6104774
59.27 3.6104774
59.28 3.6104774
59.29 3.6104774
59.3 3.6104774
59.31 3.6104774
59.32 3.6104774
59.33 3.6104774
59.34 3.6104774
59.35 3.6104774
59.36 3.6104774
59.37 3.6104774
59.38 3.6104774
59.39 3.6104774
59.4 3.6104774
59.41 3.6104774
59.42 3.6104774
59.43 3.6104774
59.44 3.6104774
59.45 3.6104774
59.46 3.6104774
59.47 3.6104774
59.48 3.6104774
59.49 3.6104774
59.5 3.6104774
59.51 3.6104774
59.52 3.6104774
59.53 3.6104774
59.54 3.6104774
59.55 3.6104774
59.56 3.6104774
59.57 3.6104774
59.58 3.6104774
59.59 3.6104774
59.6 3.6104774
59.61 3.6104774
59.62 3.6104774
59.63 3.6104774
59.64 3.6104774
59.65 3.6104774
59.66 3.6104774
59.67 3.6104774
59.68 3.6104774
59.69 3.6104774
59.7 3.6104774
59.71 3.6104774
59.72 3.6104774
59.73 3.6104774
59.74 3.6104774
59.75 3.6104774
59.76 3.6104535
59.77 3.6104535
59.78 3.6104535
59.79 3.6104535
59.8 3.6104535
59.81 3.6104535
59.82 3.6104535
59.83 3.6104535
59.84 3.6104535
59.85 3.6104535
59.86 3.6104535
59.87 3.6104535
59.88 3.6104535
59.89 3.6104535
59.9 3.6104535
59.91 3.6104535
59.92 3.6104535
59.93 3.6104535
59.94 3.6104535
59.95 3.6104535
59.96 3.6104535
59.97 3.6104535
59.98 3.6104535
59.99 3.6104535
60.0 3.6104535
60.01 3.6104535
60.02 3.6104535
60.03 3.6104535
60.04 3.6104535
60.05 3.6104535
60.06 3.6104535
60.07 3.6104535
60.08 3.6104535
60.09 3.6104535
60.1 3.6104535
60.11 3.6104535
60.12 3.6104535
60.13 3.6104535
60.14 3.6104535
60.15 3.6104535
60.16 3.6104535
60.17 3.6104535
60.18 3.6104535
60.19 3.6104535
60.2 3.6104535
60.21 3.6104535
60.22 3.6104535
60.23 3.6104535
60.24 3.6104535
60.25 3.6104535
60.26 3.6104535
60.27 3.6104535
60.28 3.6104535
60.29 3.6104535
60.3 3.6104535
60.31 3.6104535
60.32 3.6104535
60.33 3.6104535
60.34 3.6104535
60.35 3.6104535
60.36 3.6104535
60.37 3.6104535
60.38 3.6104535
60.39 3.6104535
60.4 3.6104535
60.41 3.6104535
60.42 3.6104535
60.43 3.6104535
60.44 3.6104535
60.45 3.6104535
60.46 3.6104535
60.47 3.6104535
60.48 3.6104535
60.49 3.6104535
60.5 3.6104535
60.51 3.6104535
60.52 3.6104535
60.53 3.6104535
60.54 3.6104535
60.55 3.6104535
60.56 3.6104535
60.57 3.6104535
60.58 3.6104535
60.59 3.6104535
60.6 3.6104535
60.61 3.6104535
60.62 3.6104535
60.63 3.6104535
60.64 3.6104535
60.65 3.6104535
60.66 3.6104535
60.67 3.6104535
60.68 3.6104535
60.69 3.6104535
60.7 3.6104535
60.71 3.6104535
60.72 3.6104535
60.73 3.6104535
60.74 3.6104535
60.75 3.6104535
60.76 3.6104535
60.77 3.6104535
60.78 3.6104535
60.79 3.6104535
60.8 3.6104535
60.81 3.6104535
60.82 3.6104535
60.83 3.6104535
60.84 3.6104535
60.85 3.6104535
60.86 3.6104535
60.87 3.6104535
60.88 3.6104535
60.89 3.6104535
60.9 3.6104535
60.91 3.6104535
60.92 3.6104535
60.93 3.6104535
60.94 3.6104535
60.95 3.6104535
60.96 3.6104535
60.97 3.6104535
60.98 3.6104535
60.99 3.6104535
61.0 3.6104535
61.01 3.6104535
61.02 3.6104535
61.03 3.6104535
61.04 3.6104535
61.05 3.6104535
61.06 3.6104535
61.07 3.6104535
61.08 3.6104535
61.09 3.6104535
61.1 3.6104535
61.11 3.6104535
61.12 3.6104535
61.13 3.6104535
61.14 3.6104535
61.15 3.6104535
61.16 3.6104535
61.17 3.6104535
61.18 3.6104535
61.19 3.6104535
61.2 3.6104535
61.21 3.6104535
61.22 3.6104535
61.23 3.6104535
61.24 3.6104535
61.25 3.6104535
61.26 3.6104535
61.27 3.6104535
61.28 3.6104535
61.29 3.6104535
61.3 3.6104535
61.31 3.6104535
61.32 3.6104535
61.33 3.6104535
61.34 3.6104535
61.35 3.6104535
61.36 3.6104535
61.37 3.6104535
61.38 3.6104535
61.39 3.6104535
61.4 3.6104535
61.41 3.6104535
61.42 3.6104535
61.43 3.6104535
61.44 3.6104535
61.45 3.6104535
61.46 3.6104535
61.47 3.6104535
61.48 3.6104535
61.49 3.6104535
61.5 3.6104535
61.51 3.6104535
61.52 3.6104535
61.53 3.6104535
61.54 3.6104535
61.55 3.6104535
61.56 3.6104535
61.57 3.6104535
61.58 3.6104535
61.59 3.6104535
61.6 3.6104535
61.61 3.6104535
61.62 3.6104535
61.63 3.6104535
61.64 3.6104535
61.65 3.6104535
61.66 3.6104535
61.67 3.6104535
61.68 3.6104535
61.69 3.6104535
61.7 3.6104535
61.71 3.6104535
61.72 3.6104535
61.73 3.6104535
61.74 3.6104535
61.75 3.6104535
61.76 3.6104535
61.77 3.6104535
61.78 3.6104535
61.79 3.6104535
61.8 3.6104535
61.81 3.6104535
61.82 3.6104535
61.83 3.6104535
61.84 3.6104535
61.85 3.6104535
61.86 3.6104535
61.87 3.6104535
61.88 3.6104535
61.89 3.6104535
61.9 3.6104535
61.91 3.6104535
61.92 3.6104535
61.93 3.6104774
61.94 3.6104774
61.95 3.6104774
61.96 3.6104774
61.97 3.6104774
61.98 3.6104774
61.99 3.6104774
62.0 3.6104774
62.01 3.6104774
62.02 3.6104774
62.03 3.6104774
62.04 3.6104774
62.05 3.6104774
62.06 3.6104774
62.07 3.6104774
62.08 3.6104774
62.09 3.6104774
62.1 3.6104774
62.11 3.6104774
62.12 3.6104774
62.13 3.6104774
62.14 3.6104774
62.15 3.6104774
62.16 3.6104774
62.17 3.6104774
62.18 3.6104774
62.19 3.6104774
62.2 3.6104774
62.21 3.6104774
62.22 3.6104774
62.23 3.6104774
62.24 3.6104774
62.25 3.6104774
62.26 3.6104774
62.27 3.6104774
62.28 3.6104774
62.29 3.6104774
62.3 3.6104774
62.31 3.6104774
62.32 3.6104774
62.33 3.6104774
62.34 3.6104774
62.35 3.6104774
62.36 3.6105013
62.37 3.6105013
62.38 3.6105013
62.39 3.6105013
62.4 3.6105013
62.41 3.6105013
62.42 3.6105013
62.43 3.6105013
62.44 3.6105013
62.45 3.6105013
62.46 3.6105013
62.47 3.6105013
62.48 3.6105013
62.49 3.6105013
62.5 3.6105013
62.51 3.6105013
62.52 3.6105013
62.53 3.6105013
62.54 3.6105013
62.55 3.6105013
62.56 3.6105013
62.57 3.6105013
62.58 3.6105013
62.59 3.6105013
62.6 3.6105013
62.61 3.6105013
62.62 3.6105013
62.63 3.6105013
62.64 3.6105013
62.65 3.6105013
62.66 3.6105013
62.67 3.6105252
62.68 3.6105252
62.69 3.6105252
62.7 3.6105252
62.71 3.6105252
62.72 3.6105252
62.73 3.6105252
62.74 3.6105252
62.75 3.6105252
62.76 3.6105252
62.77 3.6105252
62.78 3.6105252
62.79 3.6105252
62.8 3.6105252
62.81 3.6105252
62.82 3.6105252
62.83 3.6105252
62.84 3.6105252
62.85 3.6105252
62.86 3.6105252
62.87 3.6105252
62.88 3.6105252
62.89 3.6105252
62.9 3.6105252
62.91 3.6105252
62.92 3.6105252
62.93 3.6105491
62.94 3.6105491
62.95 3.6105491
62.96 3.6105491
62.97 3.6105491
62.98 3.6105491
62.99 3.6105491
63.0 3.6105491
63.01 3.6105491
63.02 3.6105491
63.03 3.6105491
63.04 3.6105491
63.05 3.6105491
63.06 3.6105491
63.07 3.6105491
63.08 3.6105491
63.09 3.6105491
63.1 3.6105491
63.11 3.6105491
63.12 3.6105491
63.13 3.6105491
63.14 3.6105491
63.15 3.6105491
63.16 3.610573
63.17 3.610573
63.18 3.610573
63.19 3.610573
63.2 3.610573
63.21 3.610573
63.22 3.610573
63.23 3.610573
63.24 3.610573
63.25 3.610573
63.26 3.610573
63.27 3.610573
63.28 3.610573
63.29 3.610573
63.3 3.610573
63.31 3.610573
63.32 3.610573
63.33 3.610573
63.34 3.610573
63.35 3.610573
63.36 3.6105969
63.37 3.6105969
63.38 3.6105969
63.39 3.6105969
63.4 3.6105969
63.41 3.6105969
63.42 3.6105969
63.43 3.6105969
63.44 3.6105969
63.45 3.6105969
63.46 3.6105969
63.47 3.6105969
63.48 3.6105969
63.49 3.6105969
63.5 3.6105969
63.51 3.6105969
63.52 3.6105969
63.53 3.6105969
63.54 3.6105969
63.55 3.6106208
63.56 3.6106208
63.57 3.6106208
63.58 3.6106208
63.59 3.6106208
63.6 3.6106208
63.61 3.6106208
63.62 3.6106208
63.63 3.6106208
63.64 3.6106208
63.65 3.6106208
63.66 3.6106208
63.67 3.6106208
63.68 3.6106208
63.69 3.6106208
63.7 3.6106208
63.71 3.6106208
63.72 3.6106447
63.73 3.6106447
63.74 3.6106447
63.75 3.6106447
63.76 3.6106447
63.77 3.6106447
63.78 3.6106447
63.79 3.6106447
63.8 3.6106447
63.81 3.6106447
63.82 3.6106447
63.83 3.6106447
63.84 3.6106447
63.85 3.6106447
63.86 3.6106447
63.87 3.6106447
63.88 3.6106686
63.89 3.6106686
63.9 3.6106686
63.91 3.6106686
63.92 3.6106686
63.93 3.6106686
63.94 3.6106686
63.95 3.6106686
63.96 3.6106686
63.97 3.6106686
63.98 3.6106686
63.99 3.6106686
64.0 3.6106686
64.01 3.6106686
64.02 3.6106686
64.03 3.6106925
64.04 3.6106925
64.05 3.6106925
64.06 3.6106925
64.07 3.6106925
64.08 3.6106925
64.09 3.6106925
64.1 3.6106925
64.11 3.6106925
64.12 3.6106925
64.13 3.6106925
64.14 3.6106925
64.15 3.6106925
64.16 3.6106925
64.17 3.6107164
64.18 3.6107164
64.19 3.6107164
64.2 3.6107164
64.21 3.6107164
64.22 3.6107164
64.23 3.6107164
64.24 3.6107164
64.25 3.6107164
64.26 3.6107164
64.27 3.6107164
64.28 3.6107164
64.29 3.6107164
64.3 3.6107403
64.31 3.6107403
64.32 3.6107403
64.33 3.6107403
64.34 3.6107403
64.35 3.6107403
64.36 3.6107403
64.37 3.6107403
64.38 3.6107403
64.39 3.6107403
64.4 3.6107403
64.41 3.6107403
64.42 3.6107403
64.43 3.6107642
64.44 3.6107642
64.45 3.6107642
64.46 3.6107642
64.47 3.6107642
64.48 3.6107642
64.49 3.6107642
64.5 3.6107642
64.51 3.6107642
64.52 3.6107642
64.53 3.6107642
64.54 3.6107642
64.55 3.6107881
64.56 3.6107881
64.57 3.6107881
64.58 3.6107881
64.59 3.6107881
64.6 3.6107881
64.61 3.6107881
64.62 3.6107881
64.63 3.6107881
64.64 3.6107881
64.65 3.6107881
64.66 3.610812
64.67 3.610812
64.68 3.610812
64.69 3.610812
64.7 3.610812
64.71 3.610812
64.72 3.610812
64.73 3.610812
64.74 3.610812
64.75 3.610812
64.76 3.610812
64.77 3.610812
64.78 3.6108359
64.79 3.6108359
64.8 3.6108359
64.81 3.6108359
64.82 3.6108359
64.83 3.6108359
64.84 3.6108359
64.85 3.6108359
64.86 3.6108359
64.87 3.6108359
64.88 3.6108598
64.89 3.6108598
64.9 3.6108598
64.91 3.6108598
64.92 3.6108598
64.93 3.6108598
64.94 3.6108598
64.95 3.6108598
64.96 3.6108598
64.97 3.6108598
64.98 3.6108598
64.99 3.6108837
65.0 3.6108837
65.01 3.6108837
65.02 3.6108837
65.03 3.6108837
65.04 3.6108837
65.05 3.6108837
65.06 3.6108837
65.07 3.6108837
65.08 3.6108837
65.09 3.6109076
65.1 3.6109076
65.11 3.6109076
65.12 3.6109076
65.13 3.6109076
65.14 3.6109076
65.15 3.6109076
65.16 3.6109076
65.17 3.6109076
65.18 3.6109076
65.19 3.6109315
65.2 3.6109315
65.21 3.6109315
65.22 3.6109315
65.23 3.6109315
65.24 3.6109315
65.25 3.6109315
65.26 3.6109315
65.27 3.6109315
65.28 3.6109554
65.29 3.6109554
65.3 3.6109554
65.31 3.6109554
65.32 3.6109554
65.33 3.6109554
65.34 3.6109554
65.35 3.6109554
65.36 3.6109554
65.37 3.6109554
65.38 3.6109793
65.39 3.6109793
65.4 3.6109793
65.41 3.6109793
65.42 3.6109793
65.43 3.6109793
65.44 3.6109793
65.45 3.6109793
65.46 3.6109793
65.47 3.6110032
65.48 3.6110032
65.49 3.6110032
65.5 3.6110032
65.51 3.6110032
65.52 3.6110032
65.53 3.6110032
65.54 3.6110032
65.55 3.6110271
65.56 3.6110271
65.57 3.6110271
65.58 3.6110271
65.59 3.6110271
65.6 3.6110271
65.61 3.6110271
65.62 3.6110271
65.63 3.6110271
65.64 3.611051
65.65 3.611051
65.66 3.611051
65.67 3.611051
65.68 3.611051
65.69 3.611051
65.7 3.611051
65.71 3.611051
65.72 3.6110749
65.73 3.6110749
65.74 3.6110749
65.75 3.6110749
65.76 3.6110749
65.77 3.6110749
65.78 3.6110749
65.79 3.6110749
65.8 3.6110988
65.81 3.6110988
65.82 3.6110988
65.83 3.6110988
65.84 3.6110988
65.85 3.6110988
65.86 3.6110988
65.87 3.6110988
65.88 3.6111227
65.89 3.6111227
65.9 3.6111227
65.91 3.6111227
65.92 3.6111227
65.93 3.6111227
65.94 3.6111227
65.95 3.6111227
65.96 3.6111466
65.97 3.6111466
65.98 3.6111466
65.99 3.6111466
66.0 3.6111466
66.01 3.6111466
66.02 3.6111466
66.03 3.6111466
66.04 3.6111705
66.05 3.6111705
66.06 3.6111705
66.07 3.6111705
66.08 3.6111705
66.09 3.6111705
66.1 3.6111705
66.11 3.6111944
66.12 3.6111944
66.13 3.6111944
66.14 3.6111944
66.15 3.6111944
66.16 3.6111944
66.17 3.6111944
66.18 3.6111944
66.19 3.6112183
66.2 3.6112183
66.21 3.6112183
66.22 3.6112183
66.23 3.6112183
66.24 3.6112183
66.25 3.6112183
66.26 3.6112422
66.27 3.6112422
66.28 3.6112422
66.29 3.6112422
66.3 3.6112422
66.31 3.6112422
66.32 3.6112422
66.33 3.6112661
66.34 3.6112661
66.35 3.6112661
66.36 3.6112661
66.37 3.6112661
66.38 3.6112661
66.39 3.6112661
66.4 3.61129
66.41 3.61129
66.42 3.61129
66.43 3.61129
66.44 3.61129
66.45 3.61129
66.46 3.61129
66.47 3.6113139
66.48 3.6113139
66.49 3.6113139
66.5 3.6113139
66.51 3.6113139
66.52 3.6113139
66.53 3.6113139
66.54 3.6113378
66.55 3.6113378
66.56 3.6113378
66.57 3.6113378
66.58 3.6113378
66.59 3.6113378
66.6 3.6113617
66.61 3.6113617
66.62 3.6113617
66.63 3.6113617
66.64 3.6113617
66.65 3.6113617
66.66 3.6113617
66.67 3.6113856
66.68 3.6113856
66.69 3.6113856
66.7 3.6113856
66.71 3.6113856
66.72 3.6113856
66.73 3.6114095
66.74 3.6114095
66.75 3.6114095
66.76 3.6114095
66.77 3.6114095
66.78 3.6114095
66.79 3.6114095
66.8 3.6114334
66.81 3.6114334
66.82 3.6114334
66.83 3.6114334
66.84 3.6114334
66.85 3.6114334
66.86 3.6114573
66.87 3.6114573
66.88 3.6114573
66.89 3.6114573
66.9 3.6114573
66.91 3.6114573
66.92 3.6114812
66.93 3.6114812
66.94 3.6114812
66.95 3.6114812
66.96 3.6114812
66.97 3.6114812
66.98 3.6115051
66.99 3.6115051
67.0 3.6115051
67.01 3.6115051
67.02 3.6115051
67.03 3.6115051
67.04 3.611529
67.05 3.611529
67.06 3.611529
67.07 3.611529
67.08 3.611529
67.09 3.611529
67.1 3.6115529
67.11 3.6115529
67.12 3.6115529
67.13 3.6115529
67.14 3.6115529
67.15 3.6115529
67.16 3.6115768
67.17 3.6115768
67.18 3.6115768
67.19 3.6115768
67.2 3.6115768
67.21 3.6115768
67.22 3.6116007
67.23 3.6116007
67.24 3.6116007
67.25 3.6116007
67.26 3.6116007
67.27 3.6116246
67.28 3.6116246
67.29 3.6116246
67.3 3.6116246
67.31 3.6116246
67.32 3.6116246
67.33 3.6116485
67.34 3.6116485
67.35 3.6116485
67.36 3.6116485
67.37 3.6116485
67.38 3.6116485
67.39 3.6116724
67.4 3.6116724
67.41 3.6116724
67.42 3.6116724
67.43 3.6116724
67.44 3.6116963
67.45 3.6116963
67.46 3.6116963
67.47 3.6116963
67.48 3.6116963
67.49 3.6117202
67.5 3.6117202
67.51 3.6117202
67.52 3.6117202
67.53 3.6117202
67.54 3.6117202
67.55 3.6117441
67.56 3.6117441
67.57 3.6117441
67.58 3.6117441
67.59 3.6117441
67.6 3.611768
67.61 3.611768
67.62 3.611768
67.63 3.611768
67.64 3.611768
67.65 3.6117919
67.66 3.6117919
67.67 3.6117919
67.68 3.6117919
67.69 3.6117919
67.7 3.6118158
67.71 3.6118158
67.72 3.6118158
67.73 3.6118158
67.74 3.6118158
67.75 3.6118158
67.76 3.6118397
67.77 3.6118397
67.78 3.6118397
67.79 3.6118397
67.8 3.6118397
67.81 3.6118636
67.82 3.6118636
67.83 3.6118636
67.84 3.6118636
67.85 3.6118636
67.86 3.6118875
67.87 3.6118875
67.88 3.6118875
67.89 3.6118875
67.9 3.6118875
67.91 3.6119114
67.92 3.6119114
67.93 3.6119114
67.94 3.6119114
67.95 3.6119114
67.96 3.6119353
67.97 3.6119353
67.98 3.6119353
67.99 3.6119353
68.0 3.6119592
68.01 3.6119592
68.02 3.6119592
68.03 3.6119592
68.04 3.6119592
68.05 3.6119831
68.06 3.6119831
68.07 3.6119831
68.08 3.6119831
68.09 3.6119831
68.1 3.612007
68.11 3.612007
68.12 3.612007
68.13 3.612007
68.14 3.612007
68.15 3.6120309
68.16 3.6120309
68.17 3.6120309
68.18 3.6120309
68.19 3.6120548
68.2 3.6120548
68.21 3.6120548
68.22 3.6120548
68.23 3.6120548
68.24 3.6120787
68.25 3.6120787
68.26 3.6120787
68.27 3.6120787
68.28 3.6120787
68.29 3.6121026
68.3 3.6121026
68.31 3.6121026
68.32 3.6121026
68.33 3.6121265
68.34 3.6121265
68.35 3.6121265
68.36 3.6121265
68.37 3.6121265
68.38 3.6121504
68.39 3.6121504
68.4 3.6121504
68.41 3.6121504
68.42 3.6121743
68.43 3.6121743
68.44 3.6121743
68.45 3.6121743
68.46 3.6121743
68.47 3.6121982
68.48 3.6121982
68.49 3.6121982
68.5 3.6121982
68.51 3.6122221
68.52 3.6122221
68.53 3.6122221
68.54 3.6122221
68.55 3.6122221
68.56 3.612246
68.57 3.612246
68.58 3.612246
68.59 3.612246
68.6 3.6122699
68.61 3.6122699
68.62 3.6122699
68.63 3.6122699
68.64 3.6122938
68.65 3.6122938
68.66 3.6122938
68.67 3.6122938
68.68 3.6123177
68.69 3.6123177
68.7 3.6123177
68.71 3.6123177
68.72 3.6123177
68.73 3.6123416
68.74 3.6123416
68.75 3.6123416
68.76 3.6123416
68.77 3.6123655
68.78 3.6123655
68.79 3.6123655
68.8 3.6123655
68.81 3.6123894
68.82 3.6123894
68.83 3.6123894
68.84 3.6123894
68.85 3.6124133
68.86 3.6124133
68.87 3.6124133
68.88 3.6124133
68.89 3.6124372
68.9 3.6124372
68.91 3.6124372
68.92 3.6124372
68.93 3.6124611
68.94 3.6124611
68.95 3.6124611
68.96 3.6124611
68.97 3.612485
68.98 3.612485
68.99 3.612485
69.0 3.612485
69.01 3.6125089
69.02 3.6125089
69.03 3.6125089
69.04 3.6125089
69.05 3.6125328
69.06 3.6125328
69.07 3.6125328
69.08 3.6125328
69.09 3.6125567
69.1 3.6125567
69.11 3.6125567
69.12 3.6125567
69.13 3.6125806
69.14 3.6125806
69.15 3.6125806
69.16 3.6125806
69.17 3.6126045
69.18 3.6126045
69.19 3.6126045
69.2 3.6126045
69.21 3.6126284
69.22 3.6126284
69.23 3.6126284
69.24 3.6126284
69.25 3.6126523
69.26 3.6126523
69.27 3.6126523
69.28 3.6126523
69.29 3.6126762
69.3 3.6126762
69.31 3.6126762
69.32 3.6126762
69.33 3.6127001
69.34 3.6127001
69.35 3.6127001
69.36 3.612724
69.37 3.612724
69.38 3.612724
69.39 3.612724
69.4 3.6127479
69.41 3.6127479
69.42 3.6127479
69.43 3.6127479
69.44 3.6127718
69.45 3.6127718
69.46 3.6127718
69.47 3.6127718
69.48 3.6127957
69.49 3.6127957
69.5 3.6127957
69.51 3.6128196
69.52 3.6128196
69.53 3.6128196
69.54 3.6128196
69.55 3.6128435
69.56 3.6128435
69.57 3.6128435
69.58 3.6128435
69.59 3.6128674
69.6 3.6128674
69.61 3.6128674
69.62 3.6128913
69.63 3.6128913
69.64 3.6128913
69.65 3.6128913
69.66 3.6129152
69.67 3.6129152
69.68 3.6129152
69.69 3.6129391
69.7 3.6129391
69.71 3.6129391
69.72 3.6129391
69.73 3.612963
69.74 3.612963
69.75 3.612963
69.76 3.6129869
69.77 3.6129869
69.78 3.6129869
69.79 3.6129869
69.8 3.6130108
69.81 3.6130108
69.82 3.6130108
69.83 3.6130347
69.84 3.6130347
69.85 3.6130347
69.86 3.6130347
69.87 3.6130586
69.88 3.6130586
69.89 3.6130586
69.9 3.6130825
69.91 3.6130825
69.92 3.6130825
69.93 3.6130825
69.94 3.6131064
69.95 3.6131064
69.96 3.6131064
69.97 3.6131303
69.98 3.6131303
69.99 3.6131303
70.0 3.6131303
70.01 3.6131542
70.02 3.6131542
70.03 3.6131542
70.04 3.6131781
70.05 3.6131781
70.06 3.6131781
70.07 3.613202
70.08 3.613202
70.09 3.613202
70.1 3.613202
70.11 3.6132259
70.12 3.6132259
70.13 3.6132259
70.14 3.6132498
70.15 3.6132498
70.16 3.6132498
70.17 3.6132737
70.18 3.6132737
70.19 3.6132737
70.2 3.6132737
70.21 3.6132976
70.22 3.6132976
70.23 3.6132976
70.24 3.6133215
70.25 3.6133215
70.26 3.6133215
70.27 3.6133454
70.28 3.6133454
70.29 3.6133454
70.3 3.6133693
70.31 3.6133693
70.32 3.6133693
70.33 3.6133693
70.34 3.6133932
70.35 3.6133932
70.36 3.6133932
70.37 3.6134171
70.38 3.6134171
70.39 3.6134171
70.4 3.613441
70.41 3.613441
70.42 3.613441
70.43 3.6134649
70.44 3.6134649
70.45 3.6134649
70.46 3.6134888
70.47 3.6134888
70.48 3.6134888
70.49 3.6135127
70.5 3.6135127
70.51 3.6135127
70.52 3.6135127
70.53 3.6135366
70.54 3.6135366
70.55 3.6135366
70.56 3.6135605
70.57 3.6135605
70.58 3.6135605
70.59 3.6135844
70.6 3.6135844
70.61 3.6135844
70.62 3.6136083
70.63 3.6136083
70.64 3.6136083
70.65 3.6136322
70.66 3.6136322
70.67 3.6136322
70.68 3.6136561
70.69 3.6136561
70.7 3.6136561
70.71 3.61368
70.72 3.61368
70.73 3.61368
70.74 3.6137039
70.75 3.6137039
70.76 3.6137039
70.77 3.6137278
70.78 3.6137278
70.79 3.6137278
70.8 3.6137517
70.81 3.6137517
70.82 3.6137517
70.83 3.6137756
70.84 3.6137756
70.85 3.6137756
70.86 3.6137995
70.87 3.6137995
70.88 3.6137995
70.89 3.6138234
70.9 3.6138234
70.91 3.6138234
70.92 3.6138473
70.93 3.6138473
70.94 3.6138473
70.95 3.6138712
70.96 3.6138712
70.97 3.6138712
70.98 3.6138951
70.99 3.6138951
71.0 3.6138951
71.01 3.613919
71.02 3.613919
71.03 3.613919
71.04 3.6139429
71.05 3.6139429
71.06 3.6139429
71.07 3.6139668
71.08 3.6139668
71.09 3.6139907
71.1 3.6139907
71.11 3.6139907
71.12 3.6140146
71.13 3.6140146
71.14 3.6140146
71.15 3.6140385
71.16 3.6140385
71.17 3.6140385
71.18 3.6140624
71.19 3.6140624
71.2 3.6140624
71.21 3.6140863
71.22 3.6140863
71.23 3.6140863
71.24 3.6141102
71.25 3.6141102
71.26 3.6141341
71.27 3.6141341
71.28 3.6141341
71.29 3.614158
71.3 3.614158
71.31 3.614158
71.32 3.6141819
71.33 3.6141819
71.34 3.6141819
71.35 3.6142058
71.36 3.6142058
71.37 3.6142058
71.38 3.6142297
71.39 3.6142297
71.4 3.6142536
71.41 3.6142536
71.42 3.6142536
71.43 3.6142775
71.44 3.6142775
71.45 3.6142775
71.46 3.6143014
71.47 3.6143014
71.48 3.6143253
71.49 3.6143253
71.5 3.6143253
71.51 3.6143492
71.52 3.6143492
71.53 3.6143492
71.54 3.6143731
71.55 3.6143731
71.56 3.6143731
71.57 3.614397
71.58 3.614397
71.59 3.6144209
71.6 3.6144209
71.61 3.6144209
71.62 3.6144448
71.63 3.6144448
71.64 3.6144448
71.65 3.6144687
71.66 3.6144687
71.67 3.6144926
71.68 3.6144926
71.69 3.6144926
71.7 3.6145165
71.71 3.6145165
71.72 3.6145404
71.73 3.6145404
71.74 3.6145404
71.75 3.6145643
71.76 3.6145643
71.77 3.6145643
71.78 3.6145882
71.79 3.6145882
71.8 3.6146121
71.81 3.6146121
71.82 3.6146121
71.83 3.614636
71.84 3.614636
71.85 3.6146599
71.86 3.6146599
71.87 3.6146599
71.88 3.6146838
71.89 3.6146838
71.9 3.6146838
71.91 3.6147077
71.92 3.6147077
71.93 3.6147316
71.94 3.6147316
71.95 3.6147316
71.96 3.6147555
71.97 3.6147555
71.98 3.6147794
71.99 3.6147794
72.0 3.6147794
72.01 3.6148033
72.02 3.6148033
72.03 3.6148272
72.04 3.6148272
72.05 3.6148272
72.06 3.6148511
72.07 3.6148511
72.08 3.614875
72.09 3.614875
72.1 3.614875
72.11 3.6148989
72.12 3.6148989
72.13 3.6149228
72.14 3.6149228
72.15 3.6149228
72.16 3.6149467
72.17 3.6149467
72.18 3.6149706
72.19 3.6149706
72.2 3.6149706
72.21 3.6149945
72.22 3.6149945
72.23 3.6150184
72.24 3.6150184
72.25 3.6150184
72.26 3.6150423
72.27 3.6150423
72.28 3.6150662
72.29 3.6150662
72.3 3.6150901
72.31 3.6150901
72.32 3.6150901
72.33 3.615114
72.34 3.615114
72.35 3.6151379
72.36 3.6151379
72.37 3.6151379
72.38 3.6151618
72.39 3.6151618
72.4 3.6151857
72.41 3.6151857
72.42 3.6151857
72.43 3.6152096
72.44 3.6152096
72.45 3.6152335
72.46 3.6152335
72.47 3.6152574
72.48 3.6152574
72.49 3.6152574
72.5 3.6152813
72.51 3.6152813
72.52 3.6153052
72.53 3.6153052
72.54 3.6153291
72.55 3.6153291
72.56 3.6153291
72.57 3.615353
72.58 3.615353
72.59 3.6153769
72.6 3.6153769
72.61 3.6154008
72.62 3.6154008
72.63 3.6154008
72.64 3.6154247
72.65 3.6154247
72.66 3.6154486
72.67 3.6154486
72.68 3.6154725
72.69 3.6154725
72.7 3.6154725
72.71 3.6154964
72.72 3.6154964
72.73 3.6155203
72.74 3.6155203
72.75 3.6155442
72.76 3.6155442
72.77 3.6155442
72.78 3.6155681
72.79 3.6155681
72.8 3.615592
72.81 3.615592
72.82 3.6156159
72.83 3.6156159
72.84 3.6156398
72.85 3.6156398
72.86 3.6156398
72.87 3.6156637
72.88 3.6156637
72.89 3.6156876
72.9 3.6156876
72.91 3.6157115
72.92 3.6157115
72.93 3.6157354
72.94 3.6157354
72.95 3.6157354
72.96 3.6157593
72.97 3.6157593
72.98 3.6157832
72.99 3.6157832
73.0 3.6158071
73.01 3.6158071
73.02 3.615831
73.03 3.615831
73.04 3.615831
73.05 3.6158549
73.06 3.6158549
73.07 3.6158788
73.08 3.6158788
73.09 3.6159027
73.1 3.6159027
73.11 3.6159266
73.12 3.6159266
73.13 3.6159505
73.14 3.6159505
73.15 3.6159505
73.16 3.6159744
73.17 3.6159744
73.18 3.6159983
73.19 3.6159983
73.2 3.6160222
73.21 3.6160222
73.22 3.6160461
73.23 3.6160461
73.24 3.61607
73.25 3.61607
73.26 3.6160939
73.27 3.6160939
73.28 3.6160939
73.29 3.6161178
73.3 3.6161178
73.31 3.6161417
73.32 3.6161417
73.33 3.6161656
73.34 3.6161656
73.35 3.6161895
73.36 3.6161895
73.37 3.6162134
73.38 3.6162134
73.39 3.6162373
73.4 3.6162373
73.41 3.6162612
73.42 3.6162612
73.43 3.6162612
73.44 3.6162851
73.45 3.6162851
73.46 3.616309
73.47 3.616309
73.48 3.6163329
73.49 3.6163329
73.5 3.6163568
73.51 3.6163568
73.52 3.6163807
73.53 3.6163807
73.54 3.6164046
73.55 3.6164046
73.56 3.6164285
73.57 3.6164285
73.58 3.6164524
73.59 3.6164524
73.6 3.6164763
73.61 3.6164763
73.62 3.6165002
73.63 3.6165002
73.64 3.6165241
73.65 3.6165241
73.66 3.616548
73.67 3.616548
73.68 3.6165719
73.69 3.6165719
73.7 3.6165719
73.71 3.6165958
73.72 3.6165958
73.73 3.6166197
73.74 3.6166197
73.75 3.6166436
73.76 3.6166436
73.77 3.6166675
73.78 3.6166675
73.79 3.6166914
73.8 3.6166914
73.81 3.6167153
73.82 3.6167153
73.83 3.6167392
73.84 3.6167392
73.85 3.6167631
73.86 3.6167631
73.87 3.616787
73.88 3.616787
73.89 3.6168109
73.9 3.6168109
73.91 3.6168348
73.92 3.6168348
73.93 3.6168587
73.94 3.6168587
73.95 3.6168826
73.96 3.6168826
73.97 3.6169065
73.98 3.6169065
73.99 3.6169304
74.0 3.6169304
74.01 3.6169543
74.02 3.6169543
74.03 3.6169782
74.04 3.6169782
74.05 3.6170021
74.06 3.6170021
74.07 3.617026
74.08 3.617026
74.09 3.6170499
74.1 3.6170499
74.11 3.6170738
74.12 3.6170977
74.13 3.6170977
74.14 3.6171216
74.15 3.6171216
74.16 3.6171455
74.17 3.6171455
74.18 3.6171694
74.19 3.6171694
74.2 3.6171933
74.21 3.6171933
74.22 3.6172172
74.23 3.6172172
74.24 3.6172411
74.25 3.6172411
74.26 3.617265
74.27 3.617265
74.28 3.6172889
74.29 3.6172889
74.3 3.6173128
74.31 3.6173128
74.32 3.6173367
74.33 3.6173367
74.34 3.6173606
74.35 3.6173606
74.36 3.6173845
74.37 3.6174084
74.38 3.6174084
74.39 3.6174323
74.4 3.6174323
74.41 3.6174562
74.42 3.6174562
74.43 3.6174801
74.44 3.6174801
74.45 3.617504
74.46 3.617504
74.47 3.6175279
74.48 3.6175279
74.49 3.6175518
74.5 3.6175518
74.51 3.6175757
74.52 3.6175757
74.53 3.6175996
74.54 3.6176235
74.55 3.6176235
74.56 3.6176474
74.57 3.6176474
74.58 3.6176713
74.59 3.6176713
74.6 3.6176952
74.61 3.6176952
74.62 3.6177191
74.63 3.6177191
74.64 3.617743
74.65 3.617743
74.66 3.6177669
74.67 3.6177908
74.68 3.6177908
74.69 3.6178147
74.7 3.6178147
74.71 3.6178386
74.72 3.6178386
74.73 3.6178625
74.74 3.6178625
74.75 3.6178864
74.76 3.6179103
74.77 3.6179103
74.78 3.6179342
74.79 3.6179342
74.8 3.6179581
74.81 3.6179581
74.82 3.617982
74.83 3.617982
74.84 3.6180059
74.85 3.6180059
74.86 3.6180298
74.87 3.6180537
74.88 3.6180537
74.89 3.6180776
74.9 3.6180776
74.91 3.6181015
74.92 3.6181015
74.93 3.6181254
74.94 3.6181254
74.95 3.6181493
74.96 3.6181732
74.97 3.6181732
74.98 3.6181971
74.99 3.6181971
75.0 3.618221
75.01 3.618221
75.02 3.6182449
75.03 3.6182688
75.04 3.6182688
75.05 3.6182927
75.06 3.6182927
75.07 3.6183166
75.08 3.6183166
75.09 3.6183405
75.1 3.6183644
75.11 3.6183644
75.12 3.6183883
75.13 3.6183883
75.14 3.6184122
75.15 3.6184122
75.16 3.6184361
75.17 3.61846
75.18 3.61846
75.19 3.6184839
75.2 3.6184839
75.21 3.6185078
75.22 3.6185078
75.23 3.6185317
75.24 3.6185556
75.25 3.6185556
75.26 3.6185795
75.27 3.6185795
75.28 3.6186034
75.29 3.6186034
75.3 3.6186273
75.31 3.6186512
75.32 3.6186512
75.33 3.6186751
75.34 3.6186751
75.35 3.618699
75.36 3.6187229
75.37 3.6187229
75.38 3.6187468
75.39 3.6187468
75.4 3.6187707
75.41 3.6187707
75.42 3.6187946
75.43 3.6188185
75.44 3.6188185
75.45 3.6188424
75.46 3.6188424
75.47 3.6188663
75.48 3.6188902
75.49 3.6188902
75.5 3.6189141
75.51 3.6189141
75.52 3.618938
75.53 3.6189619
75.54 3.6189619
75.55 3.6189858
75.56 3.6189858
75.57 3.6190097
75.58 3.6190336
75.59 3.6190336
75.6 3.6190575
75.61 3.6190575
75.62 3.6190814
75.63 3.6191053
75.64 3.6191053
75.65 3.6191292
75.66 3.6191292
75.67 3.6191531
75.68 3.619177
75.69 3.619177
75.7 3.6192009
75.71 3.6192009
75.72 3.6192248
75.73 3.6192487
75.74 3.6192487
75.75 3.6192726
75.76 3.6192726
75.77 3.6192965
75.78 3.6193204
75.79 3.6193204
75.8 3.6193443
75.81 3.6193443
75.82 3.6193682
75.83 3.6193921
75.84 3.6193921
75.85 3.619416
75.86 3.6194399
75.87 3.6194399
75.88 3.6194638
75.89 3.6194638
75.9 3.6194877
75.91 3.6195116
75.92 3.6195116
75.93 3.6195355
75.94 3.6195355
75.95 3.6195594
75.96 3.6195833
75.97 3.6195833
75.98 3.6196072
75.99 3.6196311
76.0 3.6196311
76.01 3.619655
76.02 3.619655
76.03 3.6196789
76.04 3.6197028
76.05 3.6197028
76.06 3.6197267
76.07 3.6197506
76.08 3.6197506
76.09 3.6197745
76.1 3.6197745
76.11 3.6197984
76.12 3.6198223
76.13 3.6198223
76.14 3.6198462
76.15 3.6198701
76.16 3.6198701
76.17 3.619894
76.18 3.619894
76.19 3.6199179
76.2 3.6199418
76.21 3.6199418
76.22 3.6199657
76.23 3.6199896
76.24 3.6199896
76.25 3.6200135
76.26 3.6200374
76.27 3.6200374
76.28 3.6200613
76.29 3.6200613
76.3 3.6200852
76.31 3.6201091
76.32 3.6201091
76.33 3.620133
76.34 3.6201569
76.35 3.6201569
76.36 3.6201808
76.37 3.6202047
76.38 3.6202047
76.39 3.6202286
76.4 3.6202525
76.41 3.6202525
76.42 3.6202764
76.43 3.6202764
76.44 3.6203003
76.45 3.6203242
76.46 3.6203242
76.47 3.6203481
76.48 3.620372
76.49 3.620372
76.5 3.6203959
76.51 3.6204198
76.52 3.6204198
76.53 3.6204437
76.54 3.6204676
76.55 3.6204676
76.56 3.6204915
76.57 3.6205154
76.58 3.6205154
76.59 3.6205393
76.6 3.6205632
76.61 3.6205632
76.62 3.6205871
76.63 3.620611
76.64 3.620611
76.65 3.6206349
76.66 3.6206588
76.67 3.6206588
76.68 3.6206827
76.69 3.6207066
76.7 3.6207066
76.71 3.6207305
76.72 3.6207544
76.73 3.6207544
76.74 3.6207783
76.75 3.6208022
76.76 3.6208022
76.77 3.6208261
76.78 3.62085
76.79 3.62085
76.8 3.6208739
76.81 3.6208978
76.82 3.6208978
76.83 3.6209217
76.84 3.6209456
76.85 3.6209456
76.86 3.6209695
76.87 3.6209934
76.88 3.6209934
76.89 3.6210173
76.9 3.6210412
76.91 3.6210412
76.92 3.6210651
76.93 3.621089
76.94 3.621089
76.95 3.6211129
76.96 3.6211368
76.97 3.6211368
76.98 3.6211607
76.99 3.6211846
77.0 3.6211846
77.01 3.6212085
77.02 3.6212324
77.03 3.6212324
77.04 3.6212563
77.05 3.6212802
77.06 3.6213041
77.07 3.6213041
77.08 3.621328
77.09 3.6213519
77.1 3.6213519
77.11 3.6213758
77.12 3.6213997
77.13 3.6213997
77.14 3.6214236
77.15 3.6214475
77.16 3.6214475
77.17 3.6214714
77.18 3.6214953
77.19 3.6215192
77.2 3.6215192
77.21 3.6215431
77.22 3.621567
77.23 3.621567
77.24 3.6215909
77.25 3.6216148
77.26 3.6216148
77.27 3.6216387
77.28 3.6216626
77.29 3.6216626
77.3 3.6216865
77.31 3.6217104
77.32 3.6217343
77.33 3.6217343
77.34 3.6217582
77.35 3.6217821
77.36 3.6217821
77.37 3.621806
77.38 3.6218299
77.39 3.6218538
77.4 3.6218538
77.41 3.6218777
77.42 3.6219016
77.43 3.6219016
77.44 3.6219255
77.45 3.6219494
77.46 3.6219494
77.47 3.6219733
77.48 3.6219972
77.49 3.6220211
77.5 3.6220211
77.51 3.622045
77.52 3.6220689
77.53 3.6220689
77.54 3.6220928
77.55 3.6221167
77.56 3.6221406
77.57 3.6221406
77.58 3.6221645
77.59 3.6221884
77.6 3.6221884
77.61 3.6222123
77.62 3.6222362
77.63 3.6222601
77.64 3.6222601
77.65 3.622284
77.66 3.6223079
77.67 3.6223318
77.68 3.6223318
77.69 3.6223557
77.7 3.6223796
77.71 3.6223796
77.72 3.6224035
77.73 3.6224274
77.74 3.6224513
77.75 3.6224513
77.76 3.6224752
77.77 3.6224991
77.78 3.622523
77.79 3.622523
77.8 3.6225469
77.81 3.6225708
77.82 3.6225708
77.83 3.6225947
77.84 3.6226186
77.85 3.6226425
77.86 3.6226425
77.87 3.6226664
77.88 3.6226903
77.89 3.6227142
77.9 3.6227142
77.91 3.6227381
77.92 3.622762
77.93 3.6227859
77.94 3.6227859
77.95 3.6228098
77.96 3.6228337
77.97 3.6228337
77.98 3.6228576
77.99 3.6228815
78.0 3.6229054
78.01 3.6229054
78.02 3.6229293
78.03 3.6229532
78.04 3.6229771
78.05 3.6229771
78.06 3.623001
78.07 3.6230249
78.08 3.6230488
78.09 3.6230488
78.1 3.6230727
78.11 3.6230966
78.12 3.6231205
78.13 3.6231205
78.14 3.6231444
78.15 3.6231683
78.16 3.6231922
78.17 3.6231922
78.18 3.6232161
78.19 3.62324
78.2 3.6232639
78.21 3.6232639
78.22 3.6232878
78.23 3.6233117
78.24 3.6233356
78.25 3.6233356
78.26 3.6233595
78.27 3.6233834
78.28 3.6234073
78.29 3.6234312
78.3 3.6234312
78.31 3.6234551
78.32 3.623479
78.33 3.6235029
78.34 3.6235029
78.35 3.6235268
78.36 3.6235507
78.37 3.6235746
78.38 3.6235746
78.39 3.6235985
78.4 3.6236224
78.41 3.6236463
78.42 3.6236463
78.43 3.6236702
78.44 3.6236941
78.45 3.623718
78.46 3.6237419
78.47 3.6237419
78.48 3.6237658
78.49 3.6237897
78.5 3.6238136
78.51 3.6238136
78.52 3.6238375
78.53 3.6238614
78.54 3.6238853
78.55 3.6239092
78.56 3.6239092
78.57 3.6239331
78.58 3.623957
78.59 3.6239809
78.6 3.6239809
78.61 3.6240048
78.62 3.6240287
78.63 3.6240526
78.64 3.6240765
78.65 3.6240765
78.66 3.6241004
78.67 3.6241243
78.68 3.6241482
78.69 3.6241482
78.7 3.6241721
78.71 3.624196
78.72 3.6242199
78.73 3.6242438
78.74 3.6242438
78.75 3.6242677
78.76 3.6242916
78.77 3.6243155
78.78 3.6243394
78.79 3.6243394
78.8 3.6243633
78.81 3.6243872
78.82 3.6244111
78.83 3.624435
78.84 3.624435
78.85 3.6244589
78.86 3.6244828
78.87 3.6245067
78.88 3.6245067
78.89 3.6245306
78.9 3.6245545
78.91 3.6245784
78.92 3.6246023
78.93 3.6246023
78.94 3.6246262
78.95 3.6246501
78.96 3.624674
78.97 3.6246979
78.98 3.6246979
78.99 3.6247218
79.0 3.6247457
79.01 3.6247696
79.02 3.6247935
79.03 3.6247935
79.04 3.6248174
79.05 3.6248413
79.06 3.6248652
79.07 3.6248891
79.08 3.624913
79.09 3.624913
79.1 3.6249369
79.11 3.6249608
79.12 3.6249847
79.13 3.6250086
79.14 3.6250086
79.15 3.6250325
79.16 3.6250564
79.17 3.6250803
79.18 3.6251042
79.19 3.6251042
79.2 3.6251281
79.21 3.625152
79.22 3.6251759
79.23 3.6251998
79.24 3.6252237
79.25 3.6252237
79.26 3.6252476
79.27 3.6252715
79.28 3.6252954
79.29 3.6253193
79.3 3.6253193
79.31 3.6253432
79.32 3.6253671
79.33 3.625391
79.34 3.6254149
79.35 3.6254388
79.36 3.6254388
79.37 3.6254627
79.38 3.6254866
79.39 3.6255105
79.4 3.6255344
79.41 3.6255583
79.42 3.6255583
79.43 3.6255822
79.44 3.6256061
79.45 3.62563
79.46 3.6256539
79.47 3.6256778
79.48 3.6256778
79.49 3.6257017
79.5 3.6257256
79.51 3.6257495
79.52 3.6257734
79.53 3.6257973
79.54 3.6257973
79.55 3.6258212
79.56 3.6258451
79.57 3.625869
79.58 3.6258929
79.59 3.6259168
79.6 3.6259168
79.61 3.6259407
79.62 3.6259646
79.63 3.6259885
79.64 3.6260124
79.65 3.6260363
79.66 3.6260363
79.67 3.6260602
79.68 3.6260841
79.69 3.626108
79.7 3.6261319
79.71 3.6261558
79.72 3.6261797
79.73 3.6261797
79.74 3.6262036
79.75 3.6262275
79.76 3.6262514
79.77 3.6262753
79.78 3.6262992
79.79 3.6262992
79.8 3.6263231
79.81 3.626347
79.82 3.6263709
79.83 3.6263948
79.84 3.6264187
79.85 3.6264426
79.86 3.6264426
79.87 3.6264665
79.88 3.6264904
79.89 3.6265143
79.9 3.6265382
79.91 3.6265621
79.92 3.626586
79.93 3.626586
79.94 3.6266099
79.95 3.6266338
79.96 3.6266577
79.97 3.6266816
79.98 3.6267055
79.99 3.6267294
80.0 3.6267294
80.01 3.6267533
80.02 3.6267772
80.03 3.6268011
80.04 3.626825
80.05 3.6268489
80.06 3.6268728
80.07 3.6268967
80.08 3.6268967
80.09 3.6269206
80.1 3.6269445
80.11 3.6269684
80.12 3.6269923
80.13 3.6270162
80.14 3.6270401
80.15 3.627064
80.16 3.627064
80.17 3.6270879
80.18 3.6271118
80.19 3.6271357
80.2 3.6271596
80.21 3.6271835
80.22 3.6272074
80.23 3.6272313
80.24 3.6272313
80.25 3.6272552
80.26 3.6272791
80.27 3.627303
80.28 3.6273269
80.29 3.6273508
80.3 3.6273747
80.31 3.6273986
80.32 3.6273986
80.33 3.6274225
80.34 3.6274464
80.35 3.6274703
80.36 3.6274942
80.37 3.6275181
80.38 3.627542
80.39 3.6275659
80.4 3.6275898
80.41 3.6275898
80.42 3.6276137
80.43 3.6276376
80.44 3.6276615
80.45 3.6276854
80.46 3.6277093
80.47 3.6277332
80.48 3.6277571
80.49 3.627781
80.5 3.627781
80.51 3.6278049
80.52 3.6278288
80.53 3.6278527
80.54 3.6278766
80.55 3.6279005
80.56 3.6279244
80.57 3.6279483
80.58 3.6279722
80.59 3.6279961
80.6 3.6279961
80.61 3.62802
80.62 3.6280439
80.63 3.6280678
80.64 3.6280917
80.65 3.6281156
80.66 3.6281395
80.67 3.6281634
80.68 3.6281873
80.69 3.6282112
80.7 3.6282112
80.71 3.6282351
80.72 3.628259
80.73 3.6282829
80.74 3.6283068
80.75 3.6283307
80.76 3.6283546
80.77 3.6283785
80.78 3.6284024
80.79 3.6284263
80.8 3.6284502
80.81 3.6284502
80.82 3.6284741
80.83 3.628498
80.84 3.6285219
80.85 3.6285458
80.86 3.6285697
80.87 3.6285936
80.88 3.6286175
80.89 3.6286414
80.9 3.6286653
80.91 3.6286892
80.92 3.6287131
80.93 3.6287131
80.94 3.628737
80.95 3.6287609
80.96 3.6287848
80.97 3.6288087
80.98 3.6288326
80.99 3.6288565
81.0 3.6288804
81.01 3.6289043
81.02 3.6289282
81.03 3.6289521
81.04 3.628976
81.05 3.6289999
81.06 3.6289999
81.07 3.6290238
81.08 3.6290477
81.09 3.6290716
81.1 3.6290955
81.11 3.6291194
81.12 3.6291433
81.13 3.6291672
81.14 3.6291911
81.15 3.629215
81.16 3.6292389
81.17 3.6292628
81.18 3.6292867
81.19 3.6293106
81.2 3.6293106
81.21 3.6293345
81.22 3.6293584
81.23 3.6293823
81.24 3.6294062
81.25 3.6294301
81.26 3.629454
81.27 3.6294779
81.28 3.6295018
81.29 3.6295257
81.3 3.6295496
81.31 3.6295735
81.32 3.6295974
81.33 3.6296213
81.34 3.6296452
81.35 3.6296691
81.36 3.629693
81.37 3.629693
81.38 3.6297169
81.39 3.6297408
81.4 3.6297647
81.41 3.6297886
81.42 3.6298125
81.43 3.6298364
81.44 3.6298603
81.45 3.6298842
81.46 3.6299081
81.47 3.629932
81.48 3.6299559
81.49 3.6299798
81.5 3.6300037
81.51 3.6300276
81.52 3.6300515
81.53 3.6300754
81.54 3.6300993
81.55 3.6301232
81.56 3.6301471
81.57 3.630171
81.58 3.630171
81.59 3.6301949
81.6 3.6302188
81.61 3.6302427
81.62 3.6302666
81.63 3.6302905
81.64 3.6303144
81.65 3.6303383
81.66 3.6303622
81.67 3.6303861
81.68 3.63041
81.69 3.6304339
81.7 3.6304578
81.71 3.6304817
81.72 3.6305056
81.73 3.6305295
81.74 3.6305534
81.75 3.6305773
81.76 3.6306012
81.77 3.6306251
81.78 3.630649
81.79 3.6306729
81.8 3.6306968
81.81 3.6307207
81.82 3.6307446
81.83 3.6307685
81.84 3.6307924
81.85 3.6308163
81.86 3.6308163
81.87 3.6308402
81.88 3.6308641
81.89 3.630888
81.9 3.6309119
81.91 3.6309358
81.92 3.6309597
81.93 3.6309836
81.94 3.6310075
81.95 3.6310314
81.96 3.6310553
81.97 3.6310792
81.98 3.6311031
81.99 3.631127
82.0 3.6311509
82.01 3.6311748
82.02 3.6311987
82.03 3.6312226
82.04 3.6312465
82.05 3.6312704
82.06 3.6312943
82.07 3.6313182
82.08 3.6313421
82.09 3.631366
82.1 3.6313899
82.11 3.6314138
82.12 3.6314377
82.13 3.6314616
82.14 3.6314855
82.15 3.6315094
82.16 3.6315333
82.17 3.6315572
82.18 3.6315811
82.19 3.631605
82.2 3.6316289
82.21 3.6316528
82.22 3.6316767
82.23 3.6317006
82.24 3.6317245
82.25 3.6317484
82.26 3.6317723
82.27 3.6317962
82.28 3.6318201
82.29 3.631844
82.3 3.6318679
82.31 3.6318918
82.32 3.6319157
82.33 3.6319396
82.34 3.6319635
82.35 3.6319874
82.36 3.6320113
82.37 3.6320352
82.38 3.6320591
82.39 3.632083
82.4 3.6321069
82.41 3.6321308
82.42 3.6321547
82.43 3.6321786
82.44 3.6322025
82.45 3.6322264
82.46 3.6322503
82.47 3.6322742
82.48 3.6322981
82.49 3.632322
82.5 3.6323459
82.51 3.6323698
82.52 3.6323937
82.53 3.6324176
82.54 3.6324415
82.55 3.6324654
82.56 3.6324893
82.57 3.6325132
82.58 3.6325371
82.59 3.632561
82.6 3.6325849
82.61 3.6326088
82.62 3.6326327
82.63 3.6326566
82.64 3.6326805
82.65 3.6327044
82.66 3.6327283
82.67 3.6327522
82.68 3.6327761
82.69 3.6328
82.7 3.6328239
82.71 3.6328478
82.72 3.6328717
82.73 3.6328956
82.74 3.6329195
82.75 3.6329434
82.76 3.6329673
82.77 3.6329912
82.78 3.6330151
82.79 3.6330629
82.8 3.6330868
82.81 3.6331107
82.82 3.6331346
82.83 3.6331585
82.84 3.6331824
82.85 3.6332063
82.86 3.6332302
82.87 3.6332541
82.88 3.633278
82.89 3.6333019
82.9 3.6333258
82.91 3.6333497
82.92 3.6333736
82.93 3.6333975
82.94 3.6334214
82.95 3.6334453
82.96 3.6334692
82.97 3.6334931
82.98 3.633517
82.99 3.6335409
83.0 3.6335648
83.01 3.6335887
83.02 3.6336126
83.03 3.6336365
83.04 3.6336604
83.05 3.6336843
83.06 3.6337082
83.07 3.6337321
83.08 3.6337799
83.09 3.6338038
83.1 3.6338277
83.11 3.6338516
83.12 3.6338755
83.13 3.6338994
83.14 3.6339233
83.15 3.6339472
83.16 3.6339711
83.17 3.633995
83.18 3.6340189
83.19 3.6340428
83.2 3.6340667
83.21 3.6340906
83.22 3.6341145
83.23 3.6341384
83.24 3.6341623
83.25 3.6341862
83.26 3.6342101
83.27 3.634234
83.28 3.6342579
83.29 3.6343057
83.3 3.6343296
83.31 3.6343535
83.32 3.6343774
83.33 3.6344013
83.34 3.6344252
83.35 3.6344491
83.36 3.634473
83.37 3.6344969
83.38 3.6345208
83.39 3.6345447
83.4 3.6345686
83.41 3.6345925
83.42 3.6346164
83.43 3.6346403
83.44 3.6346642
83.45 3.6346881
83.46 3.6347359
83.47 3.6347598
83.48 3.6347837
83.49 3.6348076
83.5 3.6348315
83.51 3.6348554
83.52 3.6348793
83.53 3.6349032
83.54 3.6349271
83.55 3.634951
83.56 3.6349749
83.57 3.6349988
83.58 3.6350227
83.59 3.6350466
83.6 3.6350705
83.61 3.6351183
83.62 3.6351422
83.63 3.6351661
83.64 3.63519
83.65 3.6352139
83.66 3.6352378
83.67 3.6352617
83.68 3.6352856
83.69 3.6353095
83.7 3.6353334
83.71 3.6353573
83.72 3.6353812
83.73 3.6354051
83.74 3.635429
83.75 3.6354768
83.76 3.6355007
83.77 3.6355246
83.78 3.6355485
83.79 3.6355724
83.8 3.6355963
83.81 3.6356202
83.82 3.6356441
83.83 3.635668
83.84 3.6356919
83.85 3.6357158
83.86 3.6357397
83.87 3.6357875
83.88 3.6358114
83.89 3.6358353
83.9 3.6358592
83.91 3.6358831
83.92 3.635907
83.93 3.6359309
83.94 3.6359548
83.95 3.6359787
83.96 3.6360026
83.97 3.6360265
83.98 3.6360743
83.99 3.6360982
84.0 3.6361221
84.01 3.636146
84.02 3.6361699
84.03 3.6361938
84.04 3.6362177
84.05 3.6362416
84.06 3.6362655
84.07 3.6362894
84.08 3.6363133
84.09 3.6363611
84.1 3.636385
84.11 3.6364089
84.12 3.6364328
84.13 3.6364567
84.14 3.6364806
84.15 3.6365045
84.16 3.6365284
84.17 3.6365523
84.18 3.6365762
84.19 3.636624
84.2 3.6366479
84.21 3.6366718
84.22 3.6366957
84.23 3.6367196
84.24 3.6367435
84.25 3.6367674
84.26 3.6367913
84.27 3.6368152
84.28 3.6368391
84.29 3.6368869
84.3 3.6369108
84.31 3.6369347
84.32 3.6369586
84.33 3.6369825
84.34 3.6370064
84.35 3.6370303
84.36 3.6370542
84.37 3.6370781
84.38 3.6371259
84.39 3.6371498
84.4 3.6371737
84.41 3.6371976
84.42 3.6372215
84.43 3.6372454
84.44 3.6372693
84.45 3.6372932
84.46 3.6373171
84.47 3.6373649
84.48 3.6373888
84.49 3.6374127
84.5 3.6374366
84.51 3.6374605
84.52 3.6374844
84.53 3.6375083
84.54 3.6375322
84.55 3.63758
84.56 3.6376039
84.57 3.6376278
84.58 3.6376517
84.59 3.6376756
84.6 3.6376995
84.61 3.6377234
84.62 3.6377473
84.63 3.6377951
84.64 3.637819
84.65 3.6378429
84.66 3.6378668
84.67 3.6378907
84.68 3.6379146
84.69 3.6379385
84.7 3.6379624
84.71 3.6380102
84.72 3.6380341
84.73 3.638058
84.74 3.6380819
84.75 3.6381058
84.76 3.6381297
84.77 3.6381536
84.78 3.6381775
84.79 3.6382253
84.8 3.6382492
84.81 3.6382731
84.82 3.638297
84.83 3.6383209
84.84 3.6383448
84.85 3.6383687
84.86 3.6384165
84.87 3.6384404
84.88 3.6384643
84.89 3.6384882
84.9 3.6385121
84.91 3.638536
84.92 3.6385599
84.93 3.6386077
84.94 3.6386316
84.95 3.6386555
84.96 3.6386794
84.97 3.6387033
84.98 3.6387272
84.99 3.6387511
85.0 3.638775
85.01 3.6388228
85.02 3.6388467
85.03 3.6388706
85.04 3.6388945
85.05 3.6389184
85.06 3.6389423
85.07 3.6389901
85.08 3.639014
85.09 3.6390379
85.1 3.6390618
85.11 3.6390857
85.12 3.6391096
85.13 3.6391335
85.14 3.6391813
85.15 3.6392052
85.16 3.6392291
85.17 3.639253
85.18 3.6392769
85.19 3.6393008
85.2 3.6393247
85.21 3.6393725
85.22 3.6393964
85.23 3.6394203
85.24 3.6394442
85.25 3.6394681
85.26 3.639492
85.27 3.6395398
85.28 3.6395637
85.29 3.6395876
85.3 3.6396115
85.31 3.6396354
85.32 3.6396593
85.33 3.6396832
85.34 3.639731
85.35 3.6397549
85.36 3.6397788
85.37 3.6398027
85.38 3.6398266
85.39 3.6398505
85.4 3.6398983
85.41 3.6399222
85.42 3.6399461
85.43 3.63997
85.44 3.6399939
85.45 3.6400178
85.46 3.6400656
85.47 3.6400895
85.48 3.6401134
85.49 3.6401373
85.5 3.6401612
85.51 3.6401851
85.52 3.6402329
85.53 3.6402568
85.54 3.6402807
85.55 3.6403046
85.56 3.6403285
85.57 3.6403524
85.58 3.6404002
85.59 3.6404241
85.6 3.640448
85.61 3.6404719
85.62 3.6404958
85.63 3.6405197
85.64 3.6405675
85.65 3.6405914
85.66 3.6406153
85.67 3.6406392
85.68 3.6406631
85.69 3.6407109
85.7 3.6407348
85.71 3.6407587
85.72 3.6407826
85.73 3.6408065
85.74 3.6408304
85.75 3.6408782
85.76 3.6409021
85.77 3.640926
85.78 3.6409499
85.79 3.6409738
85.8 3.6409977
85.81 3.6410455
85.82 3.6410694
85.83 3.6410933
85.84 3.6411172
85.85 3.6411411
85.86 3.6411889
85.87 3.6412128
85.88 3.6412367
85.89 3.6412606
85.9 3.6412845
85.91 3.6413323
85.92 3.6413562
85.93 3.6413801
85.94 3.641404
85.95 3.6414279
85.96 3.6414518
85.97 3.6414996
85.98 3.6415235
85.99 3.6415474
86.0 3.6415713
86.01 3.6415952
86.02 3.641643
86.03 3.6416669
86.04 3.6416908
86.05 3.6417147
86.06 3.6417386
86.07 3.6417864
86.08 3.6418103
86.09 3.6418342
86.1 3.6418581
86.11 3.641882
86.12 3.6419298
86.13 3.6419537
86.14 3.6419776
86.15 3.6420015
86.16 3.6420254
86.17 3.6420732
86.18 3.6420971
86.19 3.642121
86.2 3.6421449
86.21 3.6421688
86.22 3.6422166
86.23 3.6422405
86.24 3.6422644
86.25 3.6422883
86.26 3.6423122
86.27 3.64236
86.28 3.6423839
86.29 3.6424078
86.3 3.6424317
86.31 3.6424556
86.32 3.6425034
86.33 3.6425273
86.34 3.6425512
86.35 3.6425751
86.36 3.642599
86.37 3.6426468
86.38 3.6426707
86.39 3.6426946
86.4 3.6427185
86.41 3.6427424
86.42 3.6427902
86.43 3.6428141
86.44 3.642838
86.45 3.6428619
86.46 3.6428858
86.47 3.6429336
86.48 3.6429575
86.49 3.6429814
86.5 3.6430053
86.51 3.6430531
86.52 3.643077
86.53 3.6431009
86.54 3.6431248
86.55 3.6431487
86.56 3.6431965
86.57 3.6432204
86.58 3.6432443
86.59 3.6432682
86.6 3.643316
86.61 3.6433399
86.62 3.6433638
86.63 3.6433877
86.64 3.6434116
86.65 3.6434594
86.66 3.6434833
86.67 3.6435072
86.68 3.6435311
86.69 3.643555
86.7 3.6436028
86.71 3.6436267
86.72 3.6436506
86.73 3.6436745
86.74 3.6437223
86.75 3.6437462
86.76 3.6437701
86.77 3.643794
86.78 3.6438179
86.79 3.6438657
86.8 3.6438896
86.81 3.6439135
86.82 3.6439374
86.83 3.6439852
86.84 3.6440091
86.85 3.644033
86.86 3.6440569
86.87 3.6441047
86.88 3.6441286
86.89 3.6441525
86.9 3.6441764
86.91 3.6442003
86.92 3.6442481
86.93 3.644272
86.94 3.6442959
86.95 3.6443198
86.96 3.6443676
86.97 3.6443915
86.98 3.6444154
86.99 3.6444393
87.0 3.6444871
87.01 3.644511
87.02 3.6445349
87.03 3.6445588
87.04 3.6446066
87.05 3.6446305
87.06 3.6446544
87.07 3.6446783
87.08 3.6447022
87.09 3.64475
87.1 3.6447739
87.11 3.6447978
87.12 3.6448217
87.13 3.6448695
87.14 3.6448934
87.15 3.6449173
87.16 3.6449412
87.17 3.644989
87.18 3.6450129
87.19 3.6450368
87.2 3.6450607
87.21 3.6451085
87.22 3.6451324
87.23 3.6451563
87.24 3.6451802
87.25 3.645228
87.26 3.6452519
87.27 3.6452758
87.28 3.6452997
87.29 3.6453475
87.3 3.6453714
87.31 3.6453953
87.32 3.6454192
87.33 3.645467
87.34 3.6454909
87.35 3.6455148
87.36 3.6455387
87.37 3.6455865
87.38 3.6456104
87.39 3.6456343
87.4 3.6456582
87.41 3.645706
87.42 3.6457299
87.43 3.6457538
87.44 3.6457777
87.45 3.6458255
87.46 3.6458494
87.47 3.6458733
87.48 3.6458972
87.49 3.645945
87.5 3.6459689
87.51 3.6459928
87.52 3.6460167
87.53 3.6460645
87.54 3.6460884
87.55 3.6461123
87.56 3.6461362
87.57 3.646184
87.58 3.6462079
87.59 3.6462318
87.6 3.6462557
87.61 3.6463035
87.62 3.6463274
87.63 3.6463513
87.64 3.6463752
87.65 3.646423
87.66 3.6464469
87.67 3.6464708
87.68 3.6465186
87.69 3.6465425
87.7 3.6465664
87.71 3.6465903
87.72 3.6466381
87.73 3.646662
87.74 3.6466859
87.75 3.6467098
87.76 3.6467576
87.77 3.6467815
87.78 3.6468054
87.79 3.6468293
87.8 3.6468771
87.81 3.646901
87.82 3.6469249
87.83 3.6469488
87.84 3.6469966
87.85 3.6470205
87.86 3.6470444
87.87 3.6470922
87.88 3.6471161
87.89 3.64714
87.9 3.6471639
87.91 3.6472117
87.92 3.6472356
87.93 3.6472595
87.94 3.6472834
87.95 3.6473312
87.96 3.6473551
87.97 3.647379
87.98 3.6474268
87.99 3.6474507
88.0 3.6474746
88.01 3.6474985
88.02 3.6475463
88.03 3.6475702
88.04 3.6475941
88.05 3.647618
88.06 3.6476658
88.07 3.6476897
88.08 3.6477136
88.09 3.6477614
88.1 3.6477853
88.11 3.6478092
88.12 3.6478331
88.13 3.6478809
88.14 3.6479048
88.15 3.6479287
88.16 3.6479765
88.17 3.6480004
88.18 3.6480243
88.19 3.6480482
88.2 3.648096
88.21 3.6481199
88.22 3.6481438
88.23 3.6481916
88.24 3.6482155
88.25 3.6482394
88.26 3.6482633
88.27 3.6483111
88.28 3.648335
88.29 3.6483589
88.3 3.6484067
88.31 3.6484306
88.32 3.6484545
88.33 3.6484784
88.34 3.6485262
88.35 3.6485501
88.36 3.648574
88.37 3.6486218
88.38 3.6486457
88.39 3.6486696
88.4 3.6486935
88.41 3.6487413
88.42 3.6487652
88.43 3.6487891
88.44 3.6488369
88.45 3.6488608
88.46 3.6488847
88.47 3.6489086
88.48 3.6489564
88.49 3.6489803
88.5 3.6490042
88.51 3.649052
88.52 3.6490759
88.53 3.6490998
88.54 3.6491476
88.55 3.6491715
88.56 3.6491954
88.57 3.6492193
88.58 3.6492671
88.59 3.649291
88.6 3.6493149
88.61 3.6493627
88.62 3.6493866
88.63 3.6494105
88.64 3.6494344
88.65 3.6494822
88.66 3.6495061
88.67 3.64953
88.68 3.6495778
88.69 3.6496017
88.7 3.6496256
88.71 3.6496734
88.72 3.6496973
88.73 3.6497212
88.74 3.6497451
88.75 3.6497929
88.76 3.6498168
88.77 3.6498407
88.78 3.6498885
88.79 3.6499124
88.8 3.6499363
88.81 3.6499841
88.82 3.650008
88.83 3.6500319
88.84 3.6500797
88.85 3.6501036
88.86 3.6501275
88.87 3.6501514
88.88 3.6501992
88.89 3.6502231
88.9 3.650247
88.91 3.6502948
88.92 3.6503187
88.93 3.6503426
88.94 3.6503904
88.95 3.6504143
88.96 3.6504382
88.97 3.6504621
88.98 3.6505099
88.99 3.6505338
89.0 3.6505577
89.01 3.6506055
89.02 3.6506294
89.03 3.6506533
89.04 3.6507011
89.05 3.650725
89.06 3.6507489
89.07 3.6507967
89.08 3.6508206
89.09 3.6508445
89.1 3.6508923
89.11 3.6509162
89.12 3.6509401
89.13 3.650964
89.14 3.6510118
89.15 3.6510357
89.16 3.6510596
89.17 3.6511074
89.18 3.6511313
89.19 3.6511552
89.2 3.651203
89.21 3.6512269
89.22 3.6512508
89.23 3.6512986
89.24 3.6513225
89.25 3.6513464
89.26 3.6513942
89.27 3.6514181
89.28 3.651442
89.29 3.6514898
89.3 3.6515137
89.31 3.6515376
89.32 3.6515854
89.33 3.6516093
89.34 3.6516332
89.35 3.6516571
89.36 3.6517049
89.37 3.6517288
89.38 3.6517527
89.39 3.6518005
89.4 3.6518244
89.41 3.6518483
89.42 3.6518961
89.43 3.65192
89.44 3.6519439
89.45 3.6519917
89.46 3.6520156
89.47 3.6520395
89.48 3.6520873
89.49 3.6521112
89.5 3.6521351
89.51 3.6521829
89.52 3.6522068
89.53 3.6522307
89.54 3.6522785
89.55 3.6523024
89.56 3.6523263
89.57 3.6523741
89.58 3.652398
89.59 3.6524219
89.6 3.6524697
89.61 3.6524936
89.62 3.6525175
89.63 3.6525653
89.64 3.6525892
89.65 3.6526131
89.66 3.6526609
89.67 3.6526848
89.68 3.6527087
89.69 3.6527565
89.7 3.6527804
89.71 3.6528043
89.72 3.6528521
89.73 3.652876
89.74 3.6528999
89.75 3.6529477
89.76 3.6529716
89.77 3.6529955
89.78 3.6530433
89.79 3.6530672
89.8 3.6530911
89.81 3.6531389
89.82 3.6531628
89.83 3.6531867
89.84 3.6532345
89.85 3.6532584
89.86 3.6532823
89.87 3.6533301
89.88 3.653354
89.89 3.6533779
89.9 3.6534257
89.91 3.6534496
89.92 3.6534735
89.93 3.6535213
89.94 3.6535452
89.95 3.6535691
89.96 3.6536169
89.97 3.6536408
89.98 3.6536647
89.99 3.6537125
90.0 3.6537364
90.01 3.6537603
90.02 3.6538081
90.03 3.653832
90.04 3.6538559
90.05 3.6539037
90.06 3.6539276
90.07 3.6539515
90.08 3.6539993
90.09 3.6540232
90.1 3.6540471
90.11 3.6540949
90.12 3.6541188
90.13 3.6541427
90.14 3.6541905
90.15 3.6542144
90.16 3.6542383
90.17 3.6542861
90.18 3.65431
90.19 3.6543578
90.2 3.6543817
90.21 3.6544056
90.22 3.6544534
90.23 3.6544773
90.24 3.6545012
90.25 3.654549
90.26 3.6545729
90.27 3.6545968
90.28 3.6546446
90.29 3.6546685
90.3 3.6546924
90.31 3.6547402
90.32 3.6547641
90.33 3.654788
90.34 3.6548358
90.35 3.6548597
90.36 3.6548836
90.37 3.6549314
90.38 3.6549553
90.39 3.6549792
90.4 3.655027
90.41 3.6550509
90.42 3.6550987
90.43 3.6551226
90.44 3.6551465
90.45 3.6551943
90.46 3.6552182
90.47 3.6552421
90.48 3.6552899
90.49 3.6553138
90.5 3.6553377
90.51 3.6553855
90.52 3.6554094
90.53 3.6554333
90.54 3.6554811
90.55 3.655505
90.56 3.6555289
90.57 3.6555767
90.58 3.6556006
90.59 3.6556484
90.6 3.6556723
90.61 3.6556962
90.62 3.655744
90.63 3.6557679
90.64 3.6557918
90.65 3.6558396
90.66 3.6558635
90.67 3.6558874
90.68 3.6559352
90.69 3.6559591
90.7 3.655983
90.71 3.6560308
90.72 3.6560547
90.73 3.6561025
90.74 3.6561264
90.75 3.6561503
90.76 3.6561981
90.77 3.656222
90.78 3.6562459
90.79 3.6562937
90.8 3.6563176
90.81 3.6563415
90.82 3.6563893
90.83 3.6564132
90.84 3.656461
90.85 3.6564849
90.86 3.6565088
90.87 3.6565566
90.88 3.6565805
90.89 3.6566044
90.9 3.6566522
90.91 3.6566761
90.92 3.6567
90.93 3.6567478
90.94 3.6567717
90.95 3.6568195
90.96 3.6568434
90.97 3.6568673
90.98 3.6569151
90.99 3.656939
91.0 3.6569629
91.01 3.6570107
91.02 3.6570346
91.03 3.6570585
91.04 3.6571063
91.05 3.6571302
91.06 3.657178
91.07 3.6572019
91.08 3.6572258
91.09 3.6572736
91.1 3.6572975
91.11 3.6573214
91.12 3.6573692
91.13 3.6573931
91.14 3.657417
91.15 3.6574648
91.16 3.6574887
91.17 3.6575365
91.18 3.6575604
91.19 3.6575843
91.2 3.6576321
91.21 3.657656
91.22 3.6576799
91.23 3.6577277
91.24 3.6577516
91.25 3.6577994
91.26 3.6578233
91.27 3.6578472
91.28 3.657895
91.29 3.6579189
91.3 3.6579428
91.31 3.6579906
91.32 3.6580145
91.33 3.6580623
91.34 3.6580862
91.35 3.6581101
91.36 3.6581579
91.37 3.6581818
91.38 3.6582057
91.39 3.6582535
91.4 3.6582774
91.41 3.6583013
91.42 3.6583491
91.43 3.658373
91.44 3.6584208
91.45 3.6584447
91.46 3.6584686
91.47 3.6585164
91.48 3.6585403
91.49 3.6585642
91.5 3.658612
91.51 3.6586359
91.52 3.6586837
91.53 3.6587076
91.54 3.6587315
91.55 3.6587793
91.56 3.6588032
91.57 3.6588271
91.58 3.6588749
91.59 3.6588988
91.6 3.6589466
91.61 3.6589705
91.62 3.6589944
91.63 3.6590422
91.64 3.6590661
91.65 3.6591139
91.66 3.6591378
91.67 3.6591617
91.68 3.6592095
91.69 3.6592334
91.7 3.6592573
91.71 3.6593051
91.72 3.659329
91.73 3.6593768
91.74 3.6594007
91.75 3.6594246
91.76 3.6594724
91.77 3.6594963
91.78 3.6595202
91.79 3.659568
91.8 3.6595919
91.81 3.6596397
91.82 3.6596636
91.83 3.6596875
91.84 3.6597353
91.85 3.6597592
91.86 3.6597831
91.87 3.6598309
91.88 3.6598548
91.89 3.6599026
91.9 3.6599265
91.91 3.6599504
91.92 3.6599982
91.93 3.6600221
91.94 3.6600699
91.95 3.6600938
91.96 3.6601177
91.97 3.6601655
91.98 3.6601894
91.99 3.6602133
92.0 3.6602611
92.01 3.660285
92.02 3.6603328
92.03 3.6603567
92.04 3.6603806
92.05 3.6604284
92.06 3.6604523
92.07 3.6605001
92.08 3.660524
92.09 3.6605479
92.1 3.6605957
92.11 3.6606196
92.12 3.6606435
92.13 3.6606913
92.14 3.6607152
92.15 3.660763
92.16 3.6607869
92.17 3.6608108
92.18 3.6608586
92.19 3.6608825
92.2 3.6609303
92.21 3.6609542
92.22 3.6609781
92.23 3.6610259
92.24 3.6610498
92.25 3.6610976
92.26 3.6611215
92.27 3.6611454
92.28 3.6611932
92.29 3.6612171
92.3 3.661241
92.31 3.6612888
92.32 3.6613127
92.33 3.6613605
92.34 3.6613844
92.35 3.6614083
92.36 3.6614561
92.37 3.66148
92.38 3.6615278
92.39 3.6615517
92.4 3.6615756
92.41 3.6616234
92.42 3.6616473
92.43 3.6616951
92.44 3.661719
92.45 3.6617429
92.46 3.6617907
92.47 3.6618146
92.48 3.6618385
92.49 3.6618863
92.5 3.6619102
92.51 3.661958
92.52 3.6619819
92.53 3.6620058
92.54 3.6620536
92.55 3.6620775
92.56 3.6621253
92.57 3.6621492
92.58 3.6621731
92.59 3.6622209
92.6 3.6622448
92.61 3.6622926
92.62 3.6623165
92.63 3.6623404
92.64 3.6623882
92.65 3.6624121
92.66 3.6624599
92.67 3.6624838
92.68 3.6625077
92.69 3.6625555
92.7 3.6625794
92.71 3.6626033
92.72 3.6626511
92.73 3.662675
92.74 3.6627228
92.75 3.6627467
92.76 3.6627706
92.77 3.6628184
92.78 3.6628423
92.79 3.6628901
92.8 3.662914
92.81 3.6629379
92.82 3.6629857
92.83 3.6630096
92.84 3.6630574
92.85 3.6630813
92.86 3.6631052
92.87 3.663153
92.88 3.6631769
92.89 3.6632247
92.9 3.6632486
92.91 3.6632725
92.92 3.6633203
92.93 3.6633442
92.94 3.663392
92.95 3.6634159
92.96 3.6634398
92.97 3.6634876
92.98 3.6635115
92.99 3.6635593
93.0 3.6635832
93.01 3.6636071
93.02 3.6636549
93.03 3.6636788
93.04 3.6637266
93.05 3.6637505
93.06 3.6637744
93.07 3.6638222
93.08 3.6638461
93.09 3.6638939
93.1 3.6639178
93.11 3.6639417
93.12 3.6639895
93.13 3.6640134
93.14 3.6640373
93.15 3.6640851
93.16 3.664109
93.17 3.6641568
93.18 3.6641807
93.19 3.6642046
93.2 3.6642524
93.21 3.6642763
93.22 3.6643241
93.23 3.664348
93.24 3.6643719
93.25 3.6644197
93.26 3.6644436
93.27 3.6644914
93.28 3.6645153
93.29 3.6645392
93.3 3.664587
93.31 3.6646109
93.32 3.6646587
93.33 3.6646826
93.34 3.6647065
93.35 3.6647543
93.36 3.6647782
93.37 3.664826
93.38 3.6648499
93.39 3.6648738
93.4 3.6649216
93.41 3.6649455
93.42 3.6649933
93.43 3.6650172
93.44 3.6650411
93.45 3.6650889
93.46 3.6651128
93.47 3.6651606
93.48 3.6651845
93.49 3.6652084
93.5 3.6652562
93.51 3.6652801
93.52 3.6653279
93.53 3.6653518
93.54 3.6653757
93.55 3.6654235
93.56 3.6654474
93.57 3.6654952
93.58 3.6655191
93.59 3.665543
93.6 3.6655908
93.61 3.6656147
93.62 3.6656625
93.63 3.6656864
93.64 3.6657103
93.65 3.6657581
93.66 3.665782
93.67 3.6658298
93.68 3.6658537
93.69 3.6658776
93.7 3.6659254
93.71 3.6659493
93.72 3.6659971
93.73 3.666021
93.74 3.6660449
93.75 3.6660927
93.76 3.6661166
93.77 3.6661644
93.78 3.6661883
93.79 3.6662361
93.8 3.66626
93.81 3.6662839
93.82 3.6663317
93.83 3.6663556
93.84 3.6664034
93.85 3.6664273
93.86 3.6664512
93.87 3.666499
93.88 3.6665229
93.89 3.6665707
93.9 3.6665946
93.91 3.6666185
93.92 3.6666663
93.93 3.6666902
93.94 3.666738
93.95 3.6667619
93.96 3.6667858
93.97 3.6668336
93.98 3.6668575
93.99 3.6669053
94.0 3.6669292
94.01 3.6669531
94.02 3.6670009
94.03 3.6670248
94.04 3.6670726
94.05 3.6670965
94.06 3.6671204
94.07 3.6671682
94.08 3.6671921
94.09 3.6672399
94.1 3.6672638
94.11 3.6672877
94.12 3.6673355
94.13 3.6673594
94.14 3.6674072
94.15 3.6674311
94.16 3.667455
94.17 3.6675028
94.18 3.6675267
94.19 3.6675745
94.2 3.6675984
94.21 3.6676223
94.22 3.6676701
94.23 3.667694
94.24 3.6677418
94.25 3.6677657
94.26 3.6677896
94.27 3.6678374
94.28 3.6678613
94.29 3.6679091
94.3 3.667933
94.31 3.6679569
94.32 3.6680047
94.33 3.6680286
94.34 3.6680764
94.35 3.6681003
94.36 3.6681242
94.37 3.668172
94.38 3.6681959
94.39 3.6682437
94.4 3.6682676
94.41 3.6682915
94.42 3.6683393
94.43 3.6683632
94.44 3.668411
94.45 3.6684349
94.46 3.6684588
94.47 3.6685066
94.48 3.6685305
94.49 3.6685783
94.5 3.6686022
94.51 3.66865
94.52 3.6686739
94.53 3.6686978
94.54 3.6687456
94.55 3.6687695
94.56 3.6688173
94.57 3.6688412
94.58 3.6688651
94.59 3.6689129
94.6 3.6689368
94.61 3.6689846
94.62 3.6690085
94.63 3.6690324
94.64 3.6690802
94.65 3.6691041
94.66 3.6691519
94.67 3.6691758
94.68 3.6691997
94.69 3.6692475
94.7 3.6692714
94.71 3.6693192
94.72 3.6693431
94.73 3.669367
94.74 3.6694148
94.75 3.6694387
94.76 3.6694865
94.77 3.6695104
94.78 3.6695343
94.79 3.6695821
94.8 3.669606
94.81 3.6696538
94.82 3.6696777
94.83 3.6697016
94.84 3.6697494
94.85 3.6697733
94.86 3.6698211
94.87 3.669845
94.88 3.6698689
94.89 3.6699167
94.9 3.6699406
94.91 3.6699884
94.92 3.6700123
94.93 3.6700362
94.94 3.670084
94.95 3.6701079
94.96 3.6701557
94.97 3.6701796
94.98 3.6702035
94.99 3.6702513
95.0 3.6702752
95.01 3.670323
95.02 3.6703469
95.03 3.6703708
95.04 3.6704186
95.05 3.6704425
95.06 3.6704903
95.07 3.6705142
95.08 3.6705381
95.09 3.6705859
95.1 3.6706098
95.11 3.6706576
95.12 3.6706815
95.13 3.6707054
95.14 3.6707532
95.15 3.6707771
95.16 3.6708249
95.17 3.6708488
95.18 3.6708727
95.19 3.6709205
95.2 3.6709444
95.21 3.6709922
95.22 3.6710161
95.23 3.67104
95.24 3.6710878
95.25 3.6711117
95.26 3.6711595
95.27 3.6711834
95.28 3.6712073
95.29 3.6712551
95.3 3.671279
95.31 3.6713268
95.32 3.6713507
95.33 3.6713746
95.34 3.6714224
95.35 3.6714463
95.36 3.6714941
95.37 3.671518
95.38 3.6715419
95.39 3.6715897
95.4 3.6716136
95.41 3.6716614
95.42 3.6716853
95.43 3.6717092
95.44 3.671757
95.45 3.6717809
95.46 3.6718287
95.47 3.6718526
95.48 3.6718765
95.49 3.6719243
95.5 3.6719482
95.51 3.671996
95.52 3.6720199
95.53 3.6720438
95.54 3.6720916
95.55 3.6721155
95.56 3.6721633
95.57 3.6721872
95.58 3.6722111
95.59 3.6722589
95.6 3.6722828
95.61 3.6723306
95.62 3.6723545
95.63 3.6723784
95.64 3.6724262
95.65 3.6724501
95.66 3.6724979
95.67 3.6725218
95.68 3.6725457
95.69 3.6725935
95.7 3.6726174
95.71 3.6726652
95.72 3.6726891
95.73 3.672713
95.74 3.6727608
95.75 3.6727847
95.76 3.6728325
95.77 3.6728564
95.78 3.6728803
95.79 3.6729281
95.8 3.672952
95.81 3.6729998
95.82 3.6730237
95.83 3.6730476
95.84 3.6730954
95.85 3.6731193
95.86 3.6731671
95.87 3.673191
95.88 3.6732149
95.89 3.6732627
95.9 3.6732866
95.91 3.6733344
95.92 3.6733583
95.93 3.6733822
95.94 3.67343
95.95 3.6734539
95.96 3.6735017
95.97 3.6735256
95.98 3.6735495
95.99 3.6735973
96.0 3.6736212
96.01 3.6736451
96.02 3.6736929
96.03 3.6737168
96.04 3.6737646
96.05 3.6737885
96.06 3.6738124
96.07 3.6738602
96.08 3.6738841
96.09 3.6739319
96.1 3.6739558
96.11 3.6739797
96.12 3.6740275
96.13 3.6740514
96.14 3.6740992
96.15 3.6741231
96.16 3.674147
96.17 3.6741948
96.18 3.6742187
96.19 3.6742665
96.2 3.6742904
96.21 3.6743143
96.22 3.6743621
96.23 3.674386
96.24 3.6744338
96.25 3.6744577
96.26 3.6744816
96.27 3.6745294
96.28 3.6745533
96.29 3.6745772
96.3 3.674625
96.31 3.6746489
96.32 3.6746967
96.33 3.6747206
96.34 3.6747445
96.35 3.6747923
96.36 3.6748162
96.37 3.674864
96.38 3.6748879
96.39 3.6749118
96.4 3.6749596
96.41 3.6749835
96.42 3.6750313
96.43 3.6750552
96.44 3.6750791
96.45 3.6751269
96.46 3.6751508
96.47 3.6751747
96.48 3.6752225
96.49 3.6752464
96.5 3.6752942
96.51 3.6753181
96.52 3.675342
96.53 3.6753898
96.54 3.6754137
96.55 3.6754615
96.56 3.6754854
96.57 3.6755093
96.58 3.6755571
96.59 3.675581
96.6 3.6756288
96.61 3.6756527
96.62 3.6756766
96.63 3.6757244
96.64 3.6757483
96.65 3.6757722
96.66 3.67582
96.67 3.6758439
96.68 3.6758917
96.69 3.6759156
96.7 3.6759395
96.71 3.6759873
96.72 3.6760112
96.73 3.676059
96.74 3.6760829
96.75 3.6761068
96.76 3.6761546
96.77 3.6761785
96.78 3.6762024
96.79 3.6762502
96.8 3.6762741
96.81 3.6763219
96.82 3.6763458
96.83 3.6763697
96.84 3.6764175
96.85 3.6764414
96.86 3.6764653
96.87 3.6765131
96.88 3.676537
96.89 3.6765848
96.9 3.6766087
96.91 3.6766326
96.92 3.6766804
96.93 3.6767043
96.94 3.6767521
96.95 3.676776
96.96 3.6767999
96.97 3.6768477
96.98 3.6768716
96.99 3.6768955
97.0 3.6769433
97.01 3.6769672
97.02 3.677015
97.03 3.6770389
97.04 3.6770628
97.05 3.6771106
97.06 3.6771345
97.07 3.6771584
97.08 3.6772062
97.09 3.6772301
97.1 3.6772779
97.11 3.6773018
97.12 3.6773257
97.13 3.6773735
97.14 3.6773974
97.15 3.6774213
97.16 3.6774691
97.17 3.677493
97.18 3.6775408
97.19 3.6775647
97.2 3.6775886
97.21 3.6776364
97.22 3.6776603
97.23 3.6776842
97.24 3.677732
97.25 3.6777559
97.26 3.6778037
97.27 3.6778276
97.28 3.6778515
97.29 3.6778993
97.3 3.6779232
97.31 3.6779471
97.32 3.6779949
97.33 3.6780188
97.34 3.6780666
97.35 3.6780905
97.36 3.6781144
97.37 3.6781622
97.38 3.6781861
97.39 3.67821
97.4 3.6782578
97.41 3.6782817
97.42 3.6783295
97.43 3.6783534
97.44 3.6783773
97.45 3.6784251
97.46 3.678449
97.47 3.6784729
97.48 3.6785207
97.49 3.6785446
97.5 3.6785685
97.51 3.6786163
97.52 3.6786402
97.53 3.678688
97.54 3.6787119
97.55 3.6787358
97.56 3.6787836
97.57 3.6788075
97.58 3.6788314
97.59 3.6788792
97.6 3.6789031
97.61 3.6789509
97.62 3.6789748
97.63 3.6789987
97.64 3.6790465
97.65 3.6790704
97.66 3.6790943
97.67 3.6791421
97.68 3.679166
97.69 3.6791899
97.7 3.6792377
97.71 3.6792616
97.72 3.6793094
97.73 3.6793333
97.74 3.6793572
97.75 3.679405
97.76 3.6794289
97.77 3.6794528
97.78 3.6795006
97.79 3.6795245
97.8 3.6795484
97.81 3.6795962
97.82 3.6796201
97.83 3.6796679
97.84 3.6796918
97.85 3.6797157
97.86 3.6797635
97.87 3.6797874
97.88 3.6798113
97.89 3.6798591
97.9 3.679883
97.91 3.6799069
97.92 3.6799547
97.93 3.6799786
97.94 3.6800025
97.95 3.6800503
97.96 3.6800742
97.97 3.680122
97.98 3.6801459
97.99 3.6801698
98.0 3.6802176
98.01 3.6802415
98.02 3.6802654
98.03 3.6803132
98.04 3.6803371
98.05 3.680361
98.06 3.6804088
98.07 3.6804327
98.08 3.6804566
98.09 3.6805044
98.1 3.6805283
98.11 3.6805761
98.12 3.6806
98.13 3.6806239
98.14 3.6806717
98.15 3.6806956
98.16 3.6807195
98.17 3.6807673
98.18 3.6807912
98.19 3.6808151
98.2 3.6808629
98.21 3.6808868
98.22 3.6809107
98.23 3.6809585
98.24 3.6809824
98.25 3.6810063
98.26 3.6810541
98.27 3.681078
98.28 3.6811019
98.29 3.6811497
98.3 3.6811736
98.31 3.6812214
98.32 3.6812453
98.33 3.6812692
98.34 3.681317
98.35 3.6813409
98.36 3.6813648
98.37 3.6814126
98.38 3.6814365
98.39 3.6814604
98.4 3.6815082
98.41 3.6815321
98.42 3.681556
98.43 3.6816038
98.44 3.6816277
98.45 3.6816516
98.46 3.6816994
98.47 3.6817233
98.48 3.6817472
98.49 3.681795
98.5 3.6818189
98.51 3.6818428
98.52 3.6818906
98.53 3.6819145
98.54 3.6819384
98.55 3.6819862
98.56 3.6820101
98.57 3.682034
98.58 3.6820818
98.59 3.6821057
98.6 3.6821296
98.61 3.6821774
98.62 3.6822013
98.63 3.6822252
98.64 3.682273
98.65 3.6822969
98.66 3.6823447
98.67 3.6823686
98.68 3.6823925
98.69 3.6824403
98.7 3.6824642
98.71 3.6824881
98.72 3.6825359
98.73 3.6825598
98.74 3.6825837
98.75 3.6826315
98.76 3.6826554
98.77 3.6826793
98.78 3.6827271
98.79 3.682751
98.8 3.6827749
98.81 3.6828227
98.82 3.6828466
98.83 3.6828705
98.84 3.6829183
98.85 3.6829422
98.86 3.6829661
98.87 3.6830139
98.88 3.6830378
98.89 3.6830617
98.9 3.6831095
98.91 3.6831334
98.92 3.6831573
98.93 3.6831812
98.94 3.683229
98.95 3.6832529
98.96 3.6832768
98.97 3.6833246
98.98 3.6833485
98.99 3.6833724
99.0 3.6834202
99.01 3.6834441
99.02 3.683468
99.03 3.6835158
99.04 3.6835397
99.05 3.6835636
99.06 3.6836114
99.07 3.6836353
99.08 3.6836592
99.09 3.683707
99.1 3.6837309
99.11 3.6837548
99.12 3.6838026
99.13 3.6838265
99.14 3.6838504
99.15 3.6838982
99.16 3.6839221
99.17 3.683946
99.18 3.6839938
99.19 3.6840177
99.2 3.6840416
99.21 3.6840894
99.22 3.6841133
99.23 3.6841372
99.24 3.684185
99.25 3.6842089
99.26 3.6842328
99.27 3.6842567
99.28 3.6843045
99.29 3.6843284
99.3 3.6843523
99.31 3.6844001
99.32 3.684424
99.33 3.6844479
99.34 3.6844957
99.35 3.6845196
99.36 3.6845435
99.37 3.6845913
99.38 3.6846152
99.39 3.6846391
99.4 3.6846869
99.41 3.6847108
99.42 3.6847347
99.43 3.6847586
99.44 3.6848064
99.45 3.6848303
99.46 3.6848542
99.47 3.684902
99.48 3.6849259
99.49 3.6849498
99.5 3.6849976
99.51 3.6850215
99.52 3.6850454
99.53 3.6850932
99.54 3.6851171
99.55 3.685141
99.56 3.6851649
99.57 3.6852127
99.58 3.6852366
99.59 3.6852605
99.6 3.6853083
99.61 3.6853322
99.62 3.6853561
99.63 3.6854039
99.64 3.6854278
99.65 3.6854517
99.66 3.6854995
99.67 3.6855234
99.68 3.6855473
99.69 3.6855712
99.7 3.685619
99.71 3.6856429
99.72 3.6856668
99.73 3.6857146
99.74 3.6857385
99.75 3.6857624
99.76 3.6858102
99.77 3.6858341
99.78 3.685858
99.79 3.6858819
99.8 3.6859297
99.81 3.6859536
99.82 3.6859775
99.83 3.6860253
99.84 3.6860492
99.85 3.6860731
99.86 3.686097
99.87 3.6861448
99.88 3.6861687
99.89 3.6861926
99.9 3.6862404
99.91 3.6862643
99.92 3.6862882
99.93 3.686336
99.94 3.6863599
99.95 3.6863838
99.96 3.6864077
99.97 3.6864555
99.98 3.6864794
99.99 3.6865033
100.0 3.6865511
100.01 3.686575
100.02 3.6865989
100.03 3.6866228
100.04 3.6866706
100.05 3.6866945
100.06 3.6867184
100.07 3.6867662
100.08 3.6867901
100.09 3.686814
100.1 3.6868379
100.11 3.6868857
100.12 3.6869096
100.13 3.6869335
100.14 3.6869813
100.15 3.6870052
100.16 3.6870291
100.17 3.687053
100.18 3.6871008
100.19 3.6871247
100.2 3.6871486
100.21 3.6871725
100.22 3.6872203
100.23 3.6872442
100.24 3.6872681
100.25 3.6873159
100.26 3.6873398
100.27 3.6873637
100.28 3.6873876
100.29 3.6874354
100.3 3.6874593
100.31 3.6874832
100.32 3.687531
100.33 3.6875549
100.34 3.6875788
100.35 3.6876027
100.36 3.6876505
100.37 3.6876744
100.38 3.6876983
100.39 3.6877222
100.4 3.68777
100.41 3.6877939
100.42 3.6878178
100.43 3.6878656
100.44 3.6878895
100.45 3.6879134
100.46 3.6879373
100.47 3.6879851
100.48 3.688009
100.49 3.6880329
100.5 3.6880568
100.51 3.6881046
100.52 3.6881285
100.53 3.6881524
100.54 3.6881763
100.55 3.6882241
100.56 3.688248
100.57 3.6882719
100.58 3.6882958
100.59 3.6883436
100.6 3.6883675
100.61 3.6883914
100.62 3.6884392
100.63 3.6884631
100.64 3.688487
100.65 3.6885109
100.66 3.6885587
100.67 3.6885826
100.68 3.6886065
100.69 3.6886304
100.7 3.6886782
100.71 3.6887021
100.72 3.688726
100.73 3.6887499
100.74 3.6887977
100.75 3.6888216
100.76 3.6888455
100.77 3.6888694
100.78 3.6889172
100.79 3.6889411
100.8 3.688965
100.81 3.6889889
100.82 3.6890367
100.83 3.6890606
100.84 3.6890845
100.85 3.6891084
100.86 3.6891562
100.87 3.6891801
100.88 3.689204
100.89 3.6892279
100.9 3.6892757
100.91 3.6892996
100.92 3.6893235
100.93 3.6893474
100.94 3.6893952
100.95 3.6894191
100.96 3.689443
100.97 3.6894669
100.98 3.6895147
100.99 3.6895386
101.0 3.6895625
101.01 3.6895864
101.02 3.6896342
101.03 3.6896581
101.04 3.689682
101.05 3.6897059
101.06 3.6897537
101.07 3.6897776
101.08 3.6898015
101.09 3.6898254
101.1 3.6898493
101.11 3.6898971
101.12 3.689921
101.13 3.6899449
101.14 3.6899688
101.15 3.6900166
101.16 3.6900405
101.17 3.6900644
101.18 3.6900883
101.19 3.6901361
101.2 3.69016
101.21 3.6901839
101.22 3.6902078
101.23 3.6902556
101.24 3.6902795
101.25 3.6903034
101.26 3.6903273
101.27 3.6903512
101.28 3.690399
101.29 3.6904229
101.3 3.6904468
101.31 3.6904707
101.32 3.6905185
101.33 3.6905424
101.34 3.6905663
101.35 3.6905902
101.36 3.6906141
101.37 3.6906619
101.38 3.6906858
101.39 3.6907097
101.4 3.6907336
101.41 3.6907814
101.42 3.6908053
101.43 3.6908292
101.44 3.6908531
101.45 3.690877
101.46 3.6909248
101.47 3.6909487
101.48 3.6909726
101.49 3.6909965
101.5 3.6910443
101.51 3.6910682
101.52 3.6910921
101.53 3.691116
101.54 3.6911399
101.55 3.6911877
101.56 3.6912116
101.57 3.6912355
101.58 3.6912594
101.59 3.6912833
101.6 3.6913311
101.61 3.691355
101.62 3.6913789
101.63 3.6914028
101.64 3.6914506
101.65 3.6914745
101.66 3.6914984
101.67 3.6915223
101.68 3.6915462
101.69 3.691594
101.7 3.6916179
101.71 3.6916418
101.72 3.6916657
101.73 3.6916896
101.74 3.6917374
101.75 3.6917613
101.76 3.6917852
101.77 3.6918091
101.78 3.691833
101.79 3.6918808
101.8 3.6919047
101.81 3.6919286
101.82 3.6919525
101.83 3.6919764
101.84 3.6920242
101.85 3.6920481
101.86 3.692072
101.87 3.6920959
101.88 3.6921198
101.89 3.6921676
101.9 3.6921915
101.91 3.6922154
101.92 3.6922393
101.93 3.6922632
101.94 3.692311
101.95 3.6923349
101.96 3.6923588
101.97 3.6923827
101.98 3.6924066
101.99 3.6924305
102.0 3.6924783
102.01 3.6925022
102.02 3.6925261
102.03 3.69255
102.04 3.6925739
102.05 3.6926217
102.06 3.6926456
102.07 3.6926695
102.08 3.6926934
102.09 3.6927173
102.1 3.6927651
102.11 3.692789
102.12 3.6928129
102.13 3.6928368
102.14 3.6928607
102.15 3.6928846
102.16 3.6929324
102.17 3.6929563
102.18 3.6929802
102.19 3.6930041
102.2 3.693028
102.21 3.6930758
102.22 3.6930997
102.23 3.6931236
102.24 3.6931475
102.25 3.6931714
102.26 3.6931953
102.27 3.6932431
102.28 3.693267
102.29 3.6932909
102.3 3.6933148
102.31 3.6933387
102.32 3.6933626
102.33 3.6934104
102.34 3.6934343
102.35 3.6934582
102.36 3.6934821
102.37 3.693506
102.38 3.6935299
102.39 3.6935777
102.4 3.6936016
102.41 3.6936255
102.42 3.6936494
102.43 3.6936733
102.44 3.6936972
102.45 3.693745
102.46 3.6937689
102.47 3.6937928
102.48 3.6938167
102.49 3.6938406
102.5 3.6938645
102.51 3.6939123
102.52 3.6939362
102.53 3.6939601
102.54 3.693984
102.55 3.6940079
102.56 3.6940318
102.57 3.6940557
102.58 3.6941035
102.59 3.6941274
102.6 3.6941513
102.61 3.6941752
102.62 3.6941991
102.63 3.694223
102.64 3.6942708
102.65 3.6942947
102.66 3.6943186
102.67 3.6943425
102.68 3.6943664
102.69 3.6943903
102.7 3.6944142
102.71 3.694462
102.72 3.6944859
102.73 3.6945098
102.74 3.6945337
102.75 3.6945576
102.76 3.6945815
102.77 3.6946054
102.78 3.6946532
102.79 3.6946771
102.8 3.694701
102.81 3.6947249
102.82 3.6947488
102.83 3.6947727
102.84 3.6947966
102.85 3.6948444
102.86 3.6948683
102.87 3.6948922
102.88 3.6949161
102.89 3.69494
102.9 3.6949639
102.91 3.6949878
102.92 3.6950117
102.93 3.6950595
102.94 3.6950834
102.95 3.6951073
102.96 3.6951312
102.97 3.6951551
102.98 3.695179
102.99 3.6952029
103.0 3.6952507
103.01 3.6952746
103.02 3.6952985
103.03 3.6953224
103.04 3.6953463
103.05 3.6953702
103.06 3.6953941
103.07 3.695418
103.08 3.6954658
103.09 3.6954897
103.1 3.6955136
103.11 3.6955375
103.12 3.6955614
103.13 3.6955853
103.14 3.6956092
103.15 3.6956331
103.16 3.695657
103.17 3.6957048
103.18 3.6957287
103.19 3.6957526
103.2 3.6957765
103.21 3.6958004
103.22 3.6958243
103.23 3.6958482
103.24 3.6958721
103.25 3.695896
103.26 3.6959438
103.27 3.6959677
103.28 3.6959916
103.29 3.6960155
103.3 3.6960394
103.31 3.6960633
103.32 3.6960872
103.33 3.6961111
103.34 3.696135
103.35 3.6961828
103.36 3.6962067
103.37 3.6962306
103.38 3.6962545
103.39 3.6962784
103.4 3.6963023
103.41 3.6963262
103.42 3.6963501
103.43 3.696374
103.44 3.6963979
103.45 3.6964457
103.46 3.6964696
103.47 3.6964935
103.48 3.6965174
103.49 3.6965413
103.5 3.6965652
103.51 3.6965891
103.52 3.696613
103.53 3.6966369
103.54 3.6966608
103.55 3.6966847
103.56 3.6967325
103.57 3.6967564
103.58 3.6967803
103.59 3.6968042
103.6 3.6968281
103.61 3.696852
103.62 3.6968759
103.63 3.6968998
103.64 3.6969237
103.65 3.6969476
103.66 3.6969715
103.67 3.6970193
103.68 3.6970432
103.69 3.6970671
103.7 3.697091
103.71 3.6971149
103.72 3.6971388
103.73 3.6971627
103.74 3.6971866
103.75 3.6972105
103.76 3.6972344
103.77 3.6972583
103.78 3.6972822
103.79 3.6973061
103.8 3.6973539
103.81 3.6973778
103.82 3.6974017
103.83 3.6974256
103.84 3.6974495
103.85 3.6974734
103.86 3.6974973
103.87 3.6975212
103.88 3.6975451
103.89 3.697569
103.9 3.6975929
103.91 3.6976168
103.92 3.6976407
103.93 3.6976646
103.94 3.6976885
103.95 3.6977363
103.96 3.6977602
103.97 3.6977841
103.98 3.697808
103.99 3.6978319
104.0 3.6978558
104.01 3.6978797
104.02 3.6979036
104.03 3.6979275
104.04 3.6979514
104.05 3.6979753
104.06 3.6979992
104.07 3.6980231
104.08 3.698047
104.09 3.6980709
104.1 3.6980948
104.11 3.6981187
104.12 3.6981426
104.13 3.6981904
104.14 3.6982143
104.15 3.6982382
104.16 3.6982621
104.17 3.698286
104.18 3.6983099
104.19 3.6983338
104.2 3.6983577
104.21 3.6983816
104.22 3.6984055
104.23 3.6984294
104.24 3.6984533
104.25 3.6984772
104.26 3.6985011
104.27 3.698525
104.28 3.6985489
104.29 3.6985728
104.3 3.6985967
104.31 3.6986206
104.32 3.6986445
104.33 3.6986684
104.34 3.6986923
104.35 3.6987162
104.36 3.6987401
104.37 3.698764
104.38 3.6987879
104.39 3.6988357
104.4 3.6988596
104.41 3.6988835
104.42 3.6989074
104.43 3.6989313
104.44 3.6989552
104.45 3.6989791
104.46 3.699003
104.47 3.6990269
104.48 3.6990508
104.49 3.6990747
104.5 3.6990986
104.51 3.6991225
104.52 3.6991464
104.53 3.6991703
104.54 3.6991942
104.55 3.6992181
104.56 3.699242
104.57 3.6992659
104.58 3.6992898
104.59 3.6993137
104.6 3.6993376
104.61 3.6993615
104.62 3.6993854
104.63 3.6994093
104.64 3.6994332
104.65 3.6994571
104.66 3.699481
104.67 3.6995049
104.68 3.6995288
104.69 3.6995527
104.7 3.6995766
104.71 3.6996005
104.72 3.6996244
104.73 3.6996483
104.74 3.6996722
104.75 3.6996961
104.76 3.69972
104.77 3.6997439
104.78 3.6997678
104.79 3.6997917
104.8 3.6998156
104.81 3.6998395
104.82 3.6998634
104.83 3.6998873
104.84 3.6999112
104.85 3.6999351
104.86 3.699959
104.87 3.6999829
104.88 3.7000068
104.89 3.7000307
104.9 3.7000546
104.91 3.7000785
104.92 3.7001024
104.93 3.7001263
104.94 3.7001502
104.95 3.7001741
104.96 3.700198
104.97 3.7002219
104.98 3.7002458
104.99 3.7002697
105.0 3.7002936
105.01 3.7003175
105.02 3.7003414
105.03 3.7003653
105.04 3.7003892
105.05 3.7004131
105.06 3.700437
105.07 3.7004609
105.08 3.7004848
105.09 3.7005087
105.1 3.7005326
105.11 3.7005565
105.12 3.7005804
105.13 3.7006043
105.14 3.7006043
105.15 3.7006282
105.16 3.7006521
105.17 3.700676
105.18 3.7006999
105.19 3.7007238
105.2 3.7007477
105.21 3.7007716
105.22 3.7007955
105.23 3.7008194
105.24 3.7008433
105.25 3.7008672
105.26 3.7008911
105.27 3.700915
105.28 3.7009389
105.29 3.7009628
105.3 3.7009867
105.31 3.7010106
105.32 3.7010345
105.33 3.7010584
105.34 3.7010823
105.35 3.7011062
105.36 3.7011301
105.37 3.701154
105.38 3.7011779
105.39 3.7011779
105.4 3.7012018
105.41 3.7012257
105.42 3.7012496
105.43 3.7012735
105.44 3.7012974
105.45 3.7013213
105.46 3.7013452
105.47 3.7013691
105.48 3.701393
105.49 3.7014169
105.5 3.7014408
105.51 3.7014647
105.52 3.7014886
105.53 3.7015125
105.54 3.7015364
105.55 3.7015603
105.56 3.7015603
105.57 3.7015842
105.58 3.7016081
105.59 3.701632
105.6 3.7016559
105.61 3.7016798
105.62 3.7017037
105.63 3.7017276
105.64 3.7017515
105.65 3.7017754
105.66 3.7017993
105.67 3.7018232
105.68 3.7018471
105.69 3.701871
105.7 3.701871
105.71 3.7018949
105.72 3.7019188
105.73 3.7019427
105.74 3.7019666
105.75 3.7019905
105.76 3.7020144
105.77 3.7020383
105.78 3.7020622
105.79 3.7020861
105.8 3.70211
105.81 3.7021339
105.82 3.7021339
105.83 3.7021578
105.84 3.7021817
105.85 3.7022056
105.86 3.7022295
105.87 3.7022534
105.88 3.7022773
105.89 3.7023012
105.9 3.7023251
105.91 3.702349
105.92 3.7023729
105.93 3.7023729
105.94 3.7023968
105.95 3.7024207
105.96 3.7024446
105.97 3.7024685
105.98 3.7024924
105.99 3.7025163
106.0 3.7025402
106.01 3.7025641
106.02 3.702588
106.03 3.702588
106.04 3.7026119
106.05 3.7026358
106.06 3.7026597
106.07 3.7026836
106.08 3.7027075
106.09 3.7027314
106.1 3.7027553
106.11 3.7027792
106.12 3.7027792
106.13 3.7028031
106.14 3.702827
106.15 3.7028509
106.16 3.7028748
106.17 3.7028987
106.18 3.7029226
106.19 3.7029465
106.2 3.7029704
106.21 3.7029704
106.22 3.7029943
106.23 3.7030182
106.24 3.7030421
106.25 3.703066
106.26 3.7030899
106.27 3.7031138
106.28 3.7031377
106.29 3.7031377
106.3 3.7031616
106.31 3.7031855
106.32 3.7032094
106.33 3.7032333
106.34 3.7032572
106.35 3.7032811
106.36 3.7032811
106.37 3.703305
106.38 3.7033289
106.39 3.7033528
106.4 3.7033767
106.41 3.7034006
106.42 3.7034245
106.43 3.7034484
106.44 3.7034484
106.45 3.7034723
106.46 3.7034962
106.47 3.7035201
106.48 3.703544
106.49 3.7035679
106.5 3.7035918
106.51 3.7035918
106.52 3.7036157
106.53 3.7036396
106.54 3.7036635
106.55 3.7036874
106.56 3.7037113
106.57 3.7037113
106.58 3.7037352
106.59 3.7037591
106.6 3.703783
106.61 3.7038069
106.62 3.7038308
106.63 3.7038547
106.64 3.7038547
106.65 3.7038786
106.66 3.7039025
106.67 3.7039264
106.68 3.7039503
106.69 3.7039742
106.7 3.7039742
106.71 3.7039981
106.72 3.704022
106.73 3.7040459
106.74 3.7040698
106.75 3.7040937
106.76 3.7040937
106.77 3.7041176
106.78 3.7041415
106.79 3.7041654
106.8 3.7041893
106.81 3.7041893
106.82 3.7042132
106.83 3.7042371
106.84 3.704261
106.85 3.7042849
106.86 3.7043088
106.87 3.7043088
106.88 3.7043327
106.89 3.7043566
106.9 3.7043805
106.91 3.7044044
106.92 3.7044044
106.93 3.7044283
106.94 3.7044522
106.95 3.7044761
106.96 3.7045
106.97 3.7045239
106.98 3.7045239
106.99 3.7045478
107.0 3.7045717
107.01 3.7045956
107.02 3.7046195
107.03 3.7046195
107.04 3.7046434
107.05 3.7046673
107.06 3.7046912
107.07 3.7047151
107.08 3.7047151
107.09 3.704739
107.1 3.7047629
107.11 3.7047868
107.12 3.7048107
107.13 3.7048107
107.14 3.7048346
107.15 3.7048585
107.16 3.7048824
107.17 3.7049063
107.18 3.7049063
107.19 3.7049302
107.2 3.7049541
107.21 3.704978
107.22 3.704978
107.23 3.7050019
107.24 3.7050258
107.25 3.7050497
107.26 3.7050736
107.27 3.7050736
107.28 3.7050975
107.29 3.7051214
107.3 3.7051453
107.31 3.7051453
107.32 3.7051692
107.33 3.7051931
107.34 3.705217
107.35 3.7052409
107.36 3.7052409
107.37 3.7052648
107.38 3.7052887
107.39 3.7053126
107.4 3.7053126
107.41 3.7053365
107.42 3.7053604
107.43 3.7053843
107.44 3.7053843
107.45 3.7054082
107.46 3.7054321
107.47 3.705456
107.48 3.705456
107.49 3.7054799
107.5 3.7055038
107.51 3.7055277
107.52 3.7055516
107.53 3.7055516
107.54 3.7055755
107.55 3.7055994
107.56 3.7056233
107.57 3.7056233
107.58 3.7056472
107.59 3.7056711
107.6 3.705695
107.61 3.705695
107.62 3.7057189
107.63 3.7057428
107.64 3.7057667
107.65 3.7057667
107.66 3.7057906
107.67 3.7058145
107.68 3.7058145
107.69 3.7058384
107.7 3.7058623
107.71 3.7058862
107.72 3.7058862
107.73 3.7059101
107.74 3.705934
107.75 3.7059579
107.76 3.7059579
107.77 3.7059818
107.78 3.7060057
107.79 3.7060296
107.8 3.7060296
107.81 3.7060535
107.82 3.7060774
107.83 3.7060774
107.84 3.7061013
107.85 3.7061252
107.86 3.7061491
107.87 3.7061491
107.88 3.706173
107.89 3.7061969
107.9 3.7061969
107.91 3.7062208
107.92 3.7062447
107.93 3.7062686
107.94 3.7062686
107.95 3.7062925
107.96 3.7063164
107.97 3.7063164
107.98 3.7063403
107.99 3.7063642
108.0 3.7063881
108.01 3.7063881
108.02 3.706412
108.03 3.7064359
108.04 3.7064359
108.05 3.7064598
108.06 3.7064837
108.07 3.7065076
108.08 3.7065076
108.09 3.7065315
108.1 3.7065554
108.11 3.7065554
108.12 3.7065793
108.13 3.7066032
108.14 3.7066032
108.15 3.7066271
108.16 3.706651
108.17 3.706651
108.18 3.7066749
108.19 3.7066988
108.2 3.7067227
108.21 3.7067227
108.22 3.7067466
108.23 3.7067705
108.24 3.7067705
108.25 3.7067944
108.26 3.7068183
108.27 3.7068183
108.28 3.7068422
108.29 3.7068661
108.3 3.7068661
108.31 3.70689
108.32 3.7069139
108.33 3.7069139
108.34 3.7069378
108.35 3.7069617
108.36 3.7069617
108.37 3.7069856
108.38 3.7070095
108.39 3.7070095
108.4 3.7070334
108.41 3.7070573
108.42 3.7070573
108.43 3.7070812
108.44 3.7071051
108.45 3.7071051
108.46 3.707129
108.47 3.7071529
108.48 3.7071529
108.49 3.7071768
108.5 3.7072007
108.51 3.7072007
108.52 3.7072246
108.53 3.7072485
108.54 3.7072485
108.55 3.7072724
108.56 3.7072963
108.57 3.7072963
108.58 3.7073202
108.59 3.7073441
108.6 3.7073441
108.61 3.707368
108.62 3.707368
108.63 3.7073919
108.64 3.7074158
108.65 3.7074158
108.66 3.7074397
108.67 3.7074636
108.68 3.7074636
108.69 3.7074875
108.7 3.7075114
108.71 3.7075114
108.72 3.7075353
108.73 3.7075353
108.74 3.7075592
108.75 3.7075831
108.76 3.7075831
108.77 3.707607
108.78 3.7076309
108.79 3.7076309
108.8 3.7076548
108.81 3.7076548
108.82 3.7076787
108.83 3.7077026
108.84 3.7077026
108.85 3.7077265
108.86 3.7077504
108.87 3.7077504
108.88 3.7077743
108.89 3.7077743
108.9 3.7077982
108.91 3.7078221
108.92 3.7078221
108.93 3.707846
108.94 3.707846
108.95 3.7078699
108.96 3.7078938
108.97 3.7078938
108.98 3.7079177
108.99 3.7079177
109.0 3.7079416
109.01 3.7079655
109.02 3.7079655
109.03 3.7079894
109.04 3.7079894
109.05 3.7080133
109.06 3.7080372
109.07 3.7080372
109.08 3.7080611
109.09 3.7080611
109.1 3.708085
109.11 3.7081089
109.12 3.7081089
109.13 3.7081328
109.14 3.7081328
109.15 3.7081567
109.16 3.7081806
109.17 3.7081806
109.18 3.7082045
109.19 3.7082045
109.2 3.7082284
109.21 3.7082284
109.22 3.7082523
109.23 3.7082762
109.24 3.7082762
109.25 3.7083001
109.26 3.7083001
109.27 3.708324
109.28 3.708324
109.29 3.7083479
109.3 3.7083718
109.31 3.7083718
109.32 3.7083957
109.33 3.7083957
109.34 3.7084196
109.35 3.7084196
109.36 3.7084435
109.37 3.7084674
109.38 3.7084674
109.39 3.7084913
109.4 3.7084913
109.41 3.7085152
109.42 3.7085152
109.43 3.7085391
109.44 3.7085391
109.45 3.708563
109.46 3.7085869
109.47 3.7085869
109.48 3.7086108
109.49 3.7086108
109.5 3.7086347
109.51 3.7086347
109.52 3.7086586
109.53 3.7086586
109.54 3.7086825
109.55 3.7087064
109.56 3.7087064
109.57 3.7087303
109.58 3.7087303
109.59 3.7087542
109.6 3.7087542
109.61 3.7087781
109.62 3.7087781
109.63 3.708802
109.64 3.708802
109.65 3.7088259
109.66 3.7088259
109.67 3.7088498
109.68 3.7088498
109.69 3.7088737
109.7 3.7088737
109.71 3.7088976
109.72 3.7089215
109.73 3.7089215
109.74 3.7089454
109.75 3.7089454
109.76 3.7089693
109.77 3.7089693
109.78 3.7089932
109.79 3.7089932
109.8 3.7090171
109.81 3.7090171
109.82 3.709041
109.83 3.709041
109.84 3.7090649
109.85 3.7090649
109.86 3.7090888
109.87 3.7090888
109.88 3.7091127
109.89 3.7091127
109.9 3.7091366
109.91 3.7091366
109.92 3.7091605
109.93 3.7091605
109.94 3.7091844
109.95 3.7091844
109.96 3.7092083
109.97 3.7092083
109.98 3.7092322
109.99 3.7092322
110.0 3.7092561
110.01 3.7092561
110.02 3.70928
110.03 3.70928
110.04 3.7093039
110.05 3.7093039
110.06 3.7093278
110.07 3.7093278
110.08 3.7093517
110.09 3.7093517
110.1 3.7093756
110.11 3.7093756
110.12 3.7093756
110.13 3.7093995
110.14 3.7093995
110.15 3.7094234
110.16 3.7094234
110.17 3.7094473
110.18 3.7094473
110.19 3.7094712
110.2 3.7094712
110.21 3.7094951
110.22 3.7094951
110.23 3.709519
110.24 3.709519
110.25 3.7095429
110.26 3.7095429
110.27 3.7095429
110.28 3.7095668
110.29 3.7095668
110.3 3.7095907
110.31 3.7095907
110.32 3.7096146
110.33 3.7096146
110.34 3.7096385
110.35 3.7096385
110.36 3.7096624
110.37 3.7096624
110.38 3.7096624
110.39 3.7096863
110.4 3.7096863
110.41 3.7097102
110.42 3.7097102
110.43 3.7097341
110.44 3.7097341
110.45 3.709758
110.46 3.709758
110.47 3.709758
110.48 3.7097819
110.49 3.7097819
110.5 3.7098058
110.51 3.7098058
110.52 3.7098297
110.53 3.7098297
110.54 3.7098297
110.55 3.7098536
110.56 3.7098536
110.57 3.7098775
110.58 3.7098775
110.59 3.7099014
110.6 3.7099014
110.61 3.7099014
110.62 3.7099253
110.63 3.7099253
110.64 3.7099492
110.65 3.7099492
110.66 3.7099492
110.67 3.7099731
110.68 3.7099731
110.69 3.709997
110.7 3.709997
110.71 3.7100209
110.72 3.7100209
110.73 3.7100209
110.74 3.7100448
110.75 3.7100448
110.76 3.7100687
110.77 3.7100687
110.78 3.7100687
110.79 3.7100926
110.8 3.7100926
110.81 3.7101165
110.82 3.7101165
110.83 3.7101165
110.84 3.7101404
110.85 3.7101404
110.86 3.7101404
110.87 3.7101643
110.88 3.7101643
110.89 3.7101882
110.9 3.7101882
110.91 3.7101882
110.92 3.7102121
110.93 3.7102121
110.94 3.710236
110.95 3.710236
110.96 3.710236
110.97 3.7102599
110.98 3.7102599
110.99 3.7102599
111.0 3.7102838
111.01 3.7102838
111.02 3.7103077
111.03 3.7103077
111.04 3.7103077
111.05 3.7103316
111.06 3.7103316
111.07 3.7103316
111.08 3.7103555
111.09 3.7103555
111.1 3.7103555
111.11 3.7103794
111.12 3.7103794
111.13 3.7104033
111.14 3.7104033
111.15 3.7104033
111.16 3.7104272
111.17 3.7104272
111.18 3.7104272
111.19 3.7104511
111.2 3.7104511
111.21 3.7104511
111.22 3.710475
111.23 3.710475
111.24 3.710475
111.25 3.7104989
111.26 3.7104989
111.27 3.7104989
111.28 3.7105228
111.29 3.7105228
111.3 3.7105228
111.31 3.7105467
111.32 3.7105467
111.33 3.7105467
111.34 3.7105706
111.35 3.7105706
111.36 3.7105706
111.37 3.7105945
111.38 3.7105945
111.39 3.7105945
111.4 3.7106184
111.41 3.7106184
111.42 3.7106184
111.43 3.7106423
111.44 3.7106423
111.45 3.7106423
111.46 3.7106662
111.47 3.7106662
111.48 3.7106662
111.49 3.7106901
111.5 3.7106901
111.51 3.7106901
111.52 3.7106901
111.53 3.710714
111.54 3.710714
111.55 3.710714
111.56 3.7107379
111.57 3.7107379
111.58 3.7107379
111.59 3.7107618
111.6 3.7107618
111.61 3.7107618
111.62 3.7107857
111.63 3.7107857
111.64 3.7107857
111.65 3.7107857
111.66 3.7108096
111.67 3.7108096
111.68 3.7108096
111.69 3.7108335
111.7 3.7108335
111.71 3.7108335
111.72 3.7108335
111.73 3.7108574
111.74 3.7108574
111.75 3.7108574
111.76 3.7108813
111.77 3.7108813
111.78 3.7108813
111.79 3.7108813
111.8 3.7109052
111.81 3.7109052
111.82 3.7109052
111.83 3.7109052
111.84 3.7109291
111.85 3.7109291
111.86 3.7109291
111.87 3.710953
111.88 3.710953
111.89 3.710953
111.9 3.710953
111.91 3.7109769
111.92 3.7109769
111.93 3.7109769
111.94 3.7109769
111.95 3.7110008
111.96 3.7110008
111.97 3.7110008
111.98 3.7110008
111.99 3.7110247
112.0 3.7110247
112.01 3.7110247
112.02 3.7110247
112.03 3.7110486
112.04 3.7110486
112.05 3.7110486
112.06 3.7110486
112.07 3.7110725
112.08 3.7110725
112.09 3.7110725
112.1 3.7110725
112.11 3.7110725
112.12 3.7110964
112.13 3.7110964
112.14 3.7110964
112.15 3.7110964
112.16 3.7111203
112.17 3.7111203
112.18 3.7111203
112.19 3.7111203
112.2 3.7111442
112.21 3.7111442
112.22 3.7111442
112.23 3.7111442
112.24 3.7111442
112.25 3.7111681
112.26 3.7111681
112.27 3.7111681
112.28 3.7111681
112.29 3.711192
112.3 3.711192
112.31 3.711192
112.32 3.711192
112.33 3.711192
112.34 3.7112159
112.35 3.7112159
112.36 3.7112159
112.37 3.7112159
112.38 3.7112159
112.39 3.7112398
112.4 3.7112398
112.41 3.7112398
112.42 3.7112398
112.43 3.7112398
112.44 3.7112637
112.45 3.7112637
112.46 3.7112637
112.47 3.7112637
112.48 3.7112637
112.49 3.7112637
112.5 3.7112876
112.51 3.7112876
112.52 3.7112876
112.53 3.7112876
112.54 3.7112876
112.55 3.7113115
112.56 3.7113115
112.57 3.7113115
112.58 3.7113115
112.59 3.7113115
112.6 3.7113115
112.61 3.7113354
112.62 3.7113354
112.63 3.7113354
112.64 3.7113354
112.65 3.7113354
112.66 3.7113354
112.67 3.7113593
112.68 3.7113593
112.69 3.7113593
112.7 3.7113593
112.71 3.7113593
112.72 3.7113593
112.73 3.7113832
112.74 3.7113832
112.75 3.7113832
112.76 3.7113832
112.77 3.7113832
112.78 3.7113832
112.79 3.7113832
112.8 3.7114071
112.81 3.7114071
112.82 3.7114071
112.83 3.7114071
112.84 3.7114071
112.85 3.7114071
112.86 3.7114071
112.87 3.711431
112.88 3.711431
112.89 3.711431
112.9 3.711431
112.91 3.711431
112.92 3.711431
112.93 3.711431
112.94 3.711431
112.95 3.7114549
112.96 3.7114549
112.97 3.7114549
112.98 3.7114549
112.99 3.7114549
113.0 3.7114549
113.01 3.7114549
113.02 3.7114549
113.03 3.7114788
113.04 3.7114788
113.05 3.7114788
113.06 3.7114788
113.07 3.7114788
113.08 3.7114788
113.09 3.7114788
113.1 3.7114788
113.11 3.7114788
113.12 3.7115027
113.13 3.7115027
113.14 3.7115027
113.15 3.7115027
113.16 3.7115027
113.17 3.7115027
113.18 3.7115027
113.19 3.7115027
113.2 3.7115027
113.21 3.7115027
113.22 3.7115266
113.23 3.7115266
113.24 3.7115266
113.25 3.7115266
113.26 3.7115266
113.27 3.7115266
113.28 3.7115266
113.29 3.7115266
113.3 3.7115266
113.31 3.7115266
113.32 3.7115266
113.33 3.7115266
113.34 3.7115505
113.35 3.7115505
113.36 3.7115505
113.37 3.7115505
113.38 3.7115505
113.39 3.7115505
113.4 3.7115505
113.41 3.7115505
113.42 3.7115505
113.43 3.7115505
113.44 3.7115505
113.45 3.7115505
113.46 3.7115505
113.47 3.7115505
113.48 3.7115505
113.49 3.7115505
113.5 3.7115744
113.51 3.7115744
113.52 3.7115744
113.53 3.7115744
113.54 3.7115744
113.55 3.7115744
113.56 3.7115744
113.57 3.7115744
113.58 3.7115744
113.59 3.7115744
113.6 3.7115744
113.61 3.7115744
113.62 3.7115744
113.63 3.7115744
113.64 3.7115744
113.65 3.7115744
113.66 3.7115744
113.67 3.7115744
113.68 3.7115744
113.69 3.7115744
113.7 3.7115744
113.71 3.7115744
113.72 3.7115744
113.73 3.7115744
113.74 3.7115744
113.75 3.7115744
113.76 3.7115744
113.77 3.7115744
113.78 3.7115744
113.79 3.7115744
113.8 3.7115744
113.81 3.7115744
113.82 3.7115983
113.83 3.7115983
113.84 3.7115983
113.85 3.7115983
113.86 3.7115983
113.87 3.7115983
113.88 3.7115983
113.89 3.7115983
113.9 3.7115983
113.91 3.7115983
113.92 3.7115983
113.93 3.7115983
113.94 3.7115983
113.95 3.7115983
113.96 3.7115744
113.97 3.7115744
113.98 3.7115744
113.99 3.7115744
114.0 3.7115744
114.01 3.7115744
114.02 3.7115744
114.03 3.7115744
114.04 3.7115744
114.05 3.7115744
114.06 3.7115744
114.07 3.7115744
114.08 3.7115744
114.09 3.7115744
114.1 3.7115744
114.11 3.7115744
114.12 3.7115744
114.13 3.7115744
114.14 3.7115744
114.15 3.7115744
114.16 3.7115744
114.17 3.7115744
114.18 3.7115744
114.19 3.7115744
114.2 3.7115744
114.21 3.7115744
114.22 3.7115744
114.23 3.7115744
114.24 3.7115744
114.25 3.7115744
114.26 3.7115744
114.27 3.7115744
114.28 3.7115505
114.29 3.7115505
114.3 3.7115505
114.31 3.7115505
114.32 3.7115505
114.33 3.7115505
114.34 3.7115505
114.35 3.7115505
114.36 3.7115505
114.37 3.7115505
114.38 3.7115505
114.39 3.7115505
114.4 3.7115505
114.41 3.7115505
114.42 3.7115505
114.43 3.7115505
114.44 3.7115266
114.45 3.7115266
114.46 3.7115266
114.47 3.7115266
114.48 3.7115266
114.49 3.7115266
114.5 3.7115266
114.51 3.7115266
114.52 3.7115266
114.53 3.7115266
114.54 3.7115266
114.55 3.7115266
114.56 3.7115027
114.57 3.7115027
114.58 3.7115027
114.59 3.7115027
114.6 3.7115027
114.61 3.7115027
114.62 3.7115027
114.63 3.7115027
114.64 3.7115027
114.65 3.7115027
114.66 3.7114788
114.67 3.7114788
114.68 3.7114788
114.69 3.7114788
114.7 3.7114788
114.71 3.7114788
114.72 3.7114788
114.73 3.7114788
114.74 3.7114788
114.75 3.7114549
114.76 3.7114549
114.77 3.7114549
114.78 3.7114549
114.79 3.7114549
114.8 3.7114549
114.81 3.7114549
114.82 3.7114549
114.83 3.711431
114.84 3.711431
114.85 3.711431
114.86 3.711431
114.87 3.711431
114.88 3.711431
114.89 3.711431
114.9 3.711431
114.91 3.7114071
114.92 3.7114071
114.93 3.7114071
114.94 3.7114071
114.95 3.7114071
114.96 3.7114071
114.97 3.7113832
114.98 3.7113832
114.99 3.7113832
115.0 3.7113832
115.01 3.7113832
115.02 3.7113832
115.03 3.7113832
115.04 3.7113593
115.05 3.7113593
115.06 3.7113593
115.07 3.7113593
115.08 3.7113593
115.09 3.7113593
115.1 3.7113354
115.11 3.7113354
115.12 3.7113354
115.13 3.7113354
115.14 3.7113354
115.15 3.7113354
115.16 3.7113115
115.17 3.7113115
115.18 3.7113115
115.19 3.7113115
115.2 3.7113115
115.21 3.7112876
115.22 3.7112876
115.23 3.7112876
115.24 3.7112876
115.25 3.7112876
115.26 3.7112876
115.27 3.7112637
115.28 3.7112637
115.29 3.7112637
115.3 3.7112637
115.31 3.7112637
115.32 3.7112398
115.33 3.7112398
115.34 3.7112398
115.35 3.7112398
115.36 3.7112398
115.37 3.7112159
115.38 3.7112159
115.39 3.7112159
115.4 3.7112159
115.41 3.7112159
115.42 3.711192
115.43 3.711192
115.44 3.711192
115.45 3.711192
115.46 3.7111681
115.47 3.7111681
115.48 3.7111681
115.49 3.7111681
115.5 3.7111681
115.51 3.7111442
115.52 3.7111442
115.53 3.7111442
115.54 3.7111442
115.55 3.7111203
115.56 3.7111203
115.57 3.7111203
115.58 3.7111203
115.59 3.7111203
115.6 3.7110964
115.61 3.7110964
115.62 3.7110964
115.63 3.7110964
115.64 3.7110725
115.65 3.7110725
115.66 3.7110725
115.67 3.7110725
115.68 3.7110486
115.69 3.7110486
115.7 3.7110486
115.71 3.7110486
115.72 3.7110247
115.73 3.7110247
115.74 3.7110247
115.75 3.7110247
115.76 3.7110008
115.77 3.7110008
115.78 3.7110008
115.79 3.7109769
115.8 3.7109769
115.81 3.7109769
115.82 3.7109769
115.83 3.710953
115.84 3.710953
115.85 3.710953
115.86 3.710953
115.87 3.7109291
115.88 3.7109291
115.89 3.7109291
115.9 3.7109052
115.91 3.7109052
115.92 3.7109052
115.93 3.7109052
115.94 3.7108813
115.95 3.7108813
115.96 3.7108813
115.97 3.7108574
115.98 3.7108574
115.99 3.7108574
116.0 3.7108574
116.01 3.7108335
116.02 3.7108335
116.03 3.7108335
116.04 3.7108096
116.05 3.7108096
116.06 3.7108096
116.07 3.7107857
116.08 3.7107857
116.09 3.7107857
116.1 3.7107857
116.11 3.7107618
116.12 3.7107618
116.13 3.7107618
116.14 3.7107379
116.15 3.7107379
116.16 3.7107379
116.17 3.710714
116.18 3.710714
116.19 3.710714
116.2 3.7106901
116.21 3.7106901
116.22 3.7106901
116.23 3.7106662
116.24 3.7106662
116.25 3.7106662
116.26 3.7106423
116.27 3.7106423
116.28 3.7106423
116.29 3.7106184
116.3 3.7106184
116.31 3.7106184
116.32 3.7105945
116.33 3.7105945
116.34 3.7105945
116.35 3.7105706
116.36 3.7105706
116.37 3.7105706
116.38 3.7105467
116.39 3.7105467
116.4 3.7105467
116.41 3.7105228
116.42 3.7105228
116.43 3.7104989
116.44 3.7104989
116.45 3.7104989
116.46 3.710475
116.47 3.710475
116.48 3.710475
116.49 3.7104511
116.5 3.7104511
116.51 3.7104511
116.52 3.7104272
116.53 3.7104272
116.54 3.7104033
116.55 3.7104033
116.56 3.7104033
116.57 3.7103794
116.58 3.7103794
116.59 3.7103794
116.6 3.7103555
116.61 3.7103555
116.62 3.7103316
116.63 3.7103316
116.64 3.7103316
116.65 3.7103077
116.66 3.7103077
116.67 3.7102838
116.68 3.7102838
116.69 3.7102838
116.7 3.7102599
116.71 3.7102599
116.72 3.710236
116.73 3.710236
116.74 3.710236
116.75 3.7102121
116.76 3.7102121
116.77 3.7101882
116.78 3.7101882
116.79 3.7101882
116.8 3.7101643
116.81 3.7101643
116.82 3.7101404
116.83 3.7101404
116.84 3.7101404
116.85 3.7101165
116.86 3.7101165
116.87 3.7100926
116.88 3.7100926
116.89 3.7100687
116.9 3.7100687
116.91 3.7100687
116.92 3.7100448
116.93 3.7100448
116.94 3.7100209
116.95 3.7100209
116.96 3.709997
116.97 3.709997
116.98 3.709997
116.99 3.7099731
117.0 3.7099731
117.01 3.7099492
117.02 3.7099492
117.03 3.7099253
117.04 3.7099253
117.05 3.7099014
117.06 3.7099014
117.07 3.7099014
117.08 3.7098775
117.09 3.7098775
117.1 3.7098536
117.11 3.7098536
117.12 3.7098297
117.13 3.7098297
117.14 3.7098058
117.15 3.7098058
117.16 3.7097819
117.17 3.7097819
117.18 3.709758
117.19 3.709758
117.2 3.709758
117.21 3.7097341
117.22 3.7097341
117.23 3.7097102
117.24 3.7097102
117.25 3.7096863
117.26 3.7096863
117.27 3.7096624
117.28 3.7096624
117.29 3.7096385
117.3 3.7096385
117.31 3.7096146
117.32 3.7096146
117.33 3.7095907
117.34 3.7095907
117.35 3.7095668
117.36 3.7095668
117.37 3.7095429
117.38 3.7095429
117.39 3.709519
117.4 3.709519
117.41 3.7094951
117.42 3.7094951
117.43 3.7094712
117.44 3.7094712
117.45 3.7094473
117.46 3.7094473
117.47 3.7094234
117.48 3.7094234
117.49 3.7093995
117.5 3.7093995
117.51 3.7093756
117.52 3.7093756
117.53 3.7093517
117.54 3.7093517
117.55 3.7093278
117.56 3.7093278
117.57 3.7093039
117.58 3.70928
117.59 3.70928
117.6 3.7092561
117.61 3.7092561
117.62 3.7092322
117.63 3.7092322
117.64 3.7092083
117.65 3.7092083
117.66 3.7091844
117.67 3.7091844
117.68 3.7091605
117.69 3.7091605
117.7 3.7091366
117.71 3.7091127
117.72 3.7091127
117.73 3.7090888
117.74 3.7090888
117.75 3.7090649
117.76 3.7090649
117.77 3.709041
117.78 3.709041
117.79 3.7090171
117.8 3.7089932
117.81 3.7089932
117.82 3.7089693
117.83 3.7089693
117.84 3.7089454
117.85 3.7089454
117.86 3.7089215
117.87 3.7089215
117.88 3.7088976
117.89 3.7088737
117.9 3.7088737
117.91 3.7088498
117.92 3.7088498
117.93 3.7088259
117.94 3.708802
117.95 3.708802
117.96 3.7087781
117.97 3.7087781
117.98 3.7087542
117.99 3.7087542
118.0 3.7087303
118.01 3.7087064
118.02 3.7087064
118.03 3.7086825
118.04 3.7086825
118.05 3.7086586
118.06 3.7086347
118.07 3.7086347
118.08 3.7086108
118.09 3.7086108
118.1 3.7085869
118.11 3.708563
118.12 3.708563
118.13 3.7085391
118.14 3.7085391
118.15 3.7085152
118.16 3.7084913
118.17 3.7084913
118.18 3.7084674
118.19 3.7084435
118.2 3.7084435
118.21 3.7084196
118.22 3.7084196
118.23 3.7083957
118.24 3.7083718
118.25 3.7083718
118.26 3.7083479
118.27 3.708324
118.28 3.708324
118.29 3.7083001
118.3 3.7083001
118.31 3.7082762
118.32 3.7082523
118.33 3.7082523
118.34 3.7082284
118.35 3.7082045
118.36 3.7082045
118.37 3.7081806
118.38 3.7081567
118.39 3.7081567
118.4 3.7081328
118.41 3.7081089
118.42 3.7081089
118.43 3.708085
118.44 3.7080611
118.45 3.7080611
118.46 3.7080372
118.47 3.7080133
118.48 3.7080133
118.49 3.7079894
118.5 3.7079894
118.51 3.7079655
118.52 3.7079416
118.53 3.7079177
118.54 3.7079177
118.55 3.7078938
118.56 3.7078699
118.57 3.7078699
118.58 3.707846
118.59 3.7078221
118.6 3.7078221
118.61 3.7077982
118.62 3.7077743
118.63 3.7077743
118.64 3.7077504
118.65 3.7077265
118.66 3.7077265
118.67 3.7077026
118.68 3.7076787
118.69 3.7076787
118.7 3.7076548
118.71 3.7076309
118.72 3.707607
118.73 3.707607
118.74 3.7075831
118.75 3.7075592
118.76 3.7075592
118.77 3.7075353
118.78 3.7075114
118.79 3.7075114
118.8 3.7074875
118.81 3.7074636
118.82 3.7074397
118.83 3.7074397
118.84 3.7074158
118.85 3.7073919
118.86 3.707368
118.87 3.707368
118.88 3.7073441
118.89 3.7073202
118.9 3.7073202
118.91 3.7072963
118.92 3.7072724
118.93 3.7072485
118.94 3.7072485
118.95 3.7072246
118.96 3.7072007
118.97 3.7071768
118.98 3.7071768
118.99 3.7071529
119.0 3.707129
119.01 3.7071051
119.02 3.7071051
119.03 3.7070812
119.04 3.7070573
119.05 3.7070573
119.06 3.7070334
119.07 3.7070095
119.08 3.7069856
119.09 3.7069617
119.1 3.7069617
119.11 3.7069378
119.12 3.7069139
119.13 3.70689
119.14 3.70689
119.15 3.7068661
119.16 3.7068422
119.17 3.7068183
119.18 3.7068183
119.19 3.7067944
119.2 3.7067705
119.21 3.7067466
119.22 3.7067466
119.23 3.7067227
119.24 3.7066988
119.25 3.7066749
119.26 3.706651
119.27 3.706651
119.28 3.7066271
119.29 3.7066032
119.3 3.7065793
119.31 3.7065554
119.32 3.7065554
119.33 3.7065315
119.34 3.7065076
119.35 3.7064837
119.36 3.7064598
119.37 3.7064598
119.38 3.7064359
119.39 3.706412
119.4 3.7063881
119.41 3.7063642
119.42 3.7063642
119.43 3.7063403
119.44 3.7063164
119.45 3.7062925
119.46 3.7062686
119.47 3.7062686
119.48 3.7062447
119.49 3.7062208
119.5 3.7061969
119.51 3.706173
119.52 3.706173
119.53 3.7061491
119.54 3.7061252
119.55 3.7061013
119.56 3.7060774
119.57 3.7060535
119.58 3.7060535
119.59 3.7060296
119.6 3.7060057
119.61 3.7059818
119.62 3.7059579
119.63 3.705934
119.64 3.705934
119.65 3.7059101
119.66 3.7058862
119.67 3.7058623
119.68 3.7058384
119.69 3.7058145
119.7 3.7057906
119.71 3.7057906
119.72 3.7057667
119.73 3.7057428
119.74 3.7057189
119.75 3.705695
119.76 3.7056711
119.77 3.7056472
119.78 3.7056472
119.79 3.7056233
119.8 3.7055994
119.81 3.7055755
119.82 3.7055516
119.83 3.7055277
119.84 3.7055038
119.85 3.7055038
119.86 3.7054799
119.87 3.705456
119.88 3.7054321
119.89 3.7054082
119.9 3.7053843
119.91 3.7053604
119.92 3.7053365
119.93 3.7053126
119.94 3.7053126
119.95 3.7052887
119.96 3.7052648
119.97 3.7052409
119.98 3.705217
119.99 3.7051931
120.0 3.7051692
120.01 3.7051453
120.02 3.7051214
120.03 3.7051214
120.04 3.7050975
120.05 3.7050736
120.06 3.7050497
120.07 3.7050258
120.08 3.7050019
120.09 3.704978
120.1 3.7049541
120.11 3.7049302
120.12 3.7049063
120.13 3.7048824
120.14 3.7048824
120.15 3.7048585
120.16 3.7048346
120.17 3.7048107
120.18 3.7047868
120.19 3.7047629
120.2 3.704739
120.21 3.7047151
120.22 3.7046912
120.23 3.7046673
120.24 3.7046434
120.25 3.7046195
120.26 3.7045956
120.27 3.7045717
120.28 3.7045717
120.29 3.7045478
120.3 3.7045239
120.31 3.7045
120.32 3.7044761
120.33 3.7044522
120.34 3.7044283
120.35 3.7044044
120.36 3.7043805
120.37 3.7043566
120.38 3.7043327
120.39 3.7043088
120.4 3.7042849
120.41 3.704261
120.42 3.7042371
120.43 3.7042132
120.44 3.7041893
120.45 3.7041654
120.46 3.7041415
120.47 3.7041176
120.48 3.7040937
120.49 3.7040698
120.5 3.7040459
120.51 3.7040459
120.52 3.704022
120.53 3.7039981
120.54 3.7039742
120.55 3.7039503
120.56 3.7039264
120.57 3.7039025
120.58 3.7038786
120.59 3.7038547
120.6 3.7038308
120.61 3.7038069
120.62 3.703783
120.63 3.7037591
120.64 3.7037352
120.65 3.7037113
120.66 3.7036874
120.67 3.7036635
120.68 3.7036396
120.69 3.7036157
120.7 3.7035918
120.71 3.7035679
120.72 3.703544
120.73 3.7035201
120.74 3.7034962
120.75 3.7034723
120.76 3.7034484
120.77 3.7034245
120.78 3.7034006
120.79 3.7033767
120.8 3.7033528
120.81 3.7033289
120.82 3.703305
120.83 3.7032572
120.84 3.7032333
120.85 3.7032094
120.86 3.7031855
120.87 3.7031616
120.88 3.7031377
120.89 3.7031138
120.9 3.7030899
120.91 3.703066
120.92 3.7030421
120.93 3.7030182
120.94 3.7029943
120.95 3.7029704
120.96 3.7029465
120.97 3.7029226
120.98 3.7028987
120.99 3.7028748
121.0 3.7028509
121.01 3.702827
121.02 3.7028031
121.03 3.7027792
121.04 3.7027553
121.05 3.7027314
121.06 3.7026836
121.07 3.7026597
121.08 3.7026358
121.09 3.7026119
121.1 3.702588
121.11 3.7025641
121.12 3.7025402
121.13 3.7025163
121.14 3.7024924
121.15 3.7024685
121.16 3.7024446
121.17 3.7024207
121.18 3.7023968
121.19 3.7023729
121.2 3.7023251
121.21 3.7023012
121.22 3.7022773
121.23 3.7022534
121.24 3.7022295
121.25 3.7022056
121.26 3.7021817
121.27 3.7021578
121.28 3.7021339
121.29 3.70211
121.3 3.7020861
121.31 3.7020383
121.32 3.7020144
121.33 3.7019905
121.34 3.7019666
121.35 3.7019427
121.36 3.7019188
121.37 3.7018949
121.38 3.701871
121.39 3.7018471
121.4 3.7018232
121.41 3.7017754
121.42 3.7017515
121.43 3.7017276
121.44 3.7017037
121.45 3.7016798
121.46 3.7016559
121.47 3.701632
121.48 3.7016081
121.49 3.7015603
121.5 3.7015364
121.51 3.7015125
121.52 3.7014886
121.53 3.7014647
121.54 3.7014408
121.55 3.7014169
121.56 3.7013691
121.57 3.7013452
121.58 3.7013213
121.59 3.7012974
121.6 3.7012735
121.61 3.7012496
121.62 3.7012257
121.63 3.7011779
121.64 3.701154
121.65 3.7011301
121.66 3.7011062
121.67 3.7010823
121.68 3.7010584
121.69 3.7010345
121.7 3.7009867
121.71 3.7009628
121.72 3.7009389
121.73 3.700915
121.74 3.7008911
121.75 3.7008672
121.76 3.7008194
121.77 3.7007955
121.78 3.7007716
121.79 3.7007477
121.8 3.7007238
121.81 3.7006999
121.82 3.7006521
121.83 3.7006282
121.84 3.7006043
121.85 3.7005804
121.86 3.7005565
121.87 3.7005087
121.88 3.7004848
121.89 3.7004609
121.9 3.700437
121.91 3.7004131
121.92 3.7003653
121.93 3.7003414
121.94 3.7003175
121.95 3.7002936
121.96 3.7002697
121.97 3.7002219
121.98 3.700198
121.99 3.7001741
122.0 3.7001502
122.01 3.7001263
122.02 3.7000785
122.03 3.7000546
122.04 3.7000307
122.05 3.7000068
122.06 3.6999829
122.07 3.6999351
122.08 3.6999112
122.09 3.6998873
122.1 3.6998634
122.11 3.6998156
122.12 3.6997917
122.13 3.6997678
122.14 3.6997439
122.15 3.69972
122.16 3.6996722
122.17 3.6996483
122.18 3.6996244
122.19 3.6996005
122.2 3.6995527
122.21 3.6995288
122.22 3.6995049
122.23 3.699481
122.24 3.6994332
122.25 3.6994093
122.26 3.6993854
122.27 3.6993615
122.28 3.6993137
122.29 3.6992898
122.3 3.6992659
122.31 3.699242
122.32 3.6991942
122.33 3.6991703
122.34 3.6991464
122.35 3.6991225
122.36 3.6990747
122.37 3.6990508
122.38 3.6990269
122.39 3.699003
122.4 3.6989552
122.41 3.6989313
122.42 3.6989074
122.43 3.6988596
122.44 3.6988357
122.45 3.6988118
122.46 3.6987879
122.47 3.6987401
122.48 3.6987162
122.49 3.6986923
122.5 3.6986684
122.51 3.6986206
122.52 3.6985967
122.53 3.6985728
122.54 3.698525
122.55 3.6985011
122.56 3.6984772
122.57 3.6984294
122.58 3.6984055
122.59 3.6983816
122.6 3.6983577
122.61 3.6983099
122.62 3.698286
122.63 3.6982621
122.64 3.6982143
122.65 3.6981904
122.66 3.6981665
122.67 3.6981187
122.68 3.6980948
122.69 3.6980709
122.7 3.6980231
122.71 3.6979992
122.72 3.6979753
122.73 3.6979514
122.74 3.6979036
122.75 3.6978797
122.76 3.6978558
122.77 3.697808
122.78 3.6977841
122.79 3.6977602
122.8 3.6977124
122.81 3.6976885
122.82 3.6976646
122.83 3.6976168
122.84 3.6975929
122.85 3.697569
122.86 3.6975212
122.87 3.6974973
122.88 3.6974734
122.89 3.6974256
122.9 3.6974017
122.91 3.6973539
122.92 3.69733
122.93 3.6973061
122.94 3.6972583
122.95 3.6972344
122.96 3.6972105
122.97 3.6971627
122.98 3.6971388
122.99 3.6971149
123.0 3.6970671
123.01 3.6970432
123.02 3.6970193
123.03 3.6969715
123.04 3.6969476
123.05 3.6968998
123.06 3.6968759
123.07 3.696852
123.08 3.6968042
123.09 3.6967803
123.1 3.6967564
123.11 3.6967086
123.12 3.6966847
123.13 3.6966369
123.14 3.696613
123.15 3.6965891
123.16 3.6965413
123.17 3.6965174
123.18 3.6964696
123.19 3.6964457
123.2 3.6964218
123.21 3.696374
123.22 3.6963501
123.23 3.6963023
123.24 3.6962784
123.25 3.6962545
123.26 3.6962067
123.27 3.6961828
123.28 3.696135
123.29 3.6961111
123.3 3.6960872
123.31 3.6960394
123.32 3.6960155
123.33 3.6959677
123.34 3.6959438
123.35 3.6959199
123.36 3.6958721
123.37 3.6958482
123.38 3.6958004
123.39 3.6957765
123.4 3.6957287
123.41 3.6957048
123.42 3.6956809
123.43 3.6956331
123.44 3.6956092
123.45 3.6955614
123.46 3.6955375
123.47 3.6954897
123.48 3.6954658
123.49 3.6954419
123.5 3.6953941
123.51 3.6953702
123.52 3.6953224
123.53 3.6952985
123.54 3.6952507
123.55 3.6952268
123.56 3.695179
123.57 3.6951551
123.58 3.6951312
123.59 3.6950834
123.6 3.6950595
123.61 3.6950117
123.62 3.6949878
123.63 3.69494
123.64 3.6949161
123.65 3.6948683
123.66 3.6948444
123.67 3.6947966
123.68 3.6947727
123.69 3.6947249
123.7 3.694701
123.71 3.6946771
123.72 3.6946293
123.73 3.6946054
123.74 3.6945576
123.75 3.6945337
123.76 3.6944859
123.77 3.694462
123.78 3.6944142
123.79 3.6943903
123.8 3.6943425
123.81 3.6943186
123.82 3.6942708
123.83 3.6942469
123.84 3.6941991
123.85 3.6941752
123.86 3.6941274
123.87 3.6941035
123.88 3.6940557
123.89 3.6940318
123.9 3.693984
123.91 3.6939601
123.92 3.6939123
123.93 3.6938884
123.94 3.6938406
123.95 3.6938167
123.96 3.6937689
123.97 3.693745
123.98 3.6936972
123.99 3.6936733
124.0 3.6936255
124.01 3.6936016
124.02 3.6935538
124.03 3.6935299
124.04 3.6934821
124.05 3.6934343
124.06 3.6934104
124.07 3.6933626
124.08 3.6933387
124.09 3.6932909
124.1 3.693267
124.11 3.6932192
124.12 3.6931953
124.13 3.6931475
124.14 3.6931236
124.15 3.6930758
124.16 3.6930519
124.17 3.6930041
124.18 3.6929563
124.19 3.6929324
124.2 3.6928846
124.21 3.6928607
124.22 3.6928129
124.23 3.692789
124.24 3.6927412
124.25 3.6927173
124.26 3.6926695
124.27 3.6926217
124.28 3.6925978
124.29 3.69255
124.3 3.6925261
124.31 3.6924783
124.32 3.6924544
124.33 3.6924066
124.34 3.6923827
124.35 3.6923349
124.36 3.6922871
124.37 3.6922632
124.38 3.6922154
124.39 3.6921915
124.4 3.6921437
124.41 3.6920959
124.42 3.692072
124.43 3.6920242
124.44 3.6920003
124.45 3.6919525
124.46 3.6919286
124.47 3.6918808
124.48 3.691833
124.49 3.6918091
124.5 3.6917613
124.51 3.6917374
124.52 3.6916896
124.53 3.6916418
124.54 3.6916179
124.55 3.6915701
124.56 3.6915462
124.57 3.6914984
124.58 3.6914506
124.59 3.6914267
124.6 3.6913789
124.61 3.6913311
124.62 3.6913072
124.63 3.6912594
124.64 3.6912355
124.65 3.6911877
124.66 3.6911399
124.67 3.691116
124.68 3.6910682
124.69 3.6910443
124.7 3.6909965
124.71 3.6909487
124.72 3.6909248
124.73 3.690877
124.74 3.6908292
124.75 3.6908053
124.76 3.6907575
124.77 3.6907097
124.78 3.6906858
124.79 3.690638
124.8 3.6906141
124.81 3.6905663
124.82 3.6905185
124.83 3.6904946
124.84 3.6904468
124.85 3.690399
124.86 3.6903751
124.87 3.6903273
124.88 3.6902795
124.89 3.6902556
124.9 3.6902078
124.91 3.69016
124.92 3.6901361
124.93 3.6900883
124.94 3.6900405
124.95 3.6900166
124.96 3.6899688
124.97 3.689921
124.98 3.6898971
124.99 3.6898493
125.0 3.6898015
125.01 3.6897776
125.02 3.6897298
125.03 3.689682
125.04 3.6896581
125.05 3.6896103
125.06 3.6895625
125.07 3.6895386
125.08 3.6894908
125.09 3.689443
125.1 3.6894191
125.11 3.6893713
125.12 3.6893235
125.13 3.6892757
125.14 3.6892518
125.15 3.689204
125.16 3.6891562
125.17 3.6891323
125.18 3.6890845
125.19 3.6890367
125.2 3.6890128
125.21 3.688965
125.22 3.6889172
125.23 3.6888694
125.24 3.6888455
125.25 3.6887977
125.26 3.6887499
125.27 3.688726
125.28 3.6886782
125.29 3.6886304
125.3 3.6885826
125.31 3.6885587
125.32 3.6885109
125.33 3.6884631
125.34 3.6884153
125.35 3.6883914
125.36 3.6883436
125.37 3.6882958
125.38 3.6882719
125.39 3.6882241
125.4 3.6881763
125.41 3.6881285
125.42 3.6881046
125.43 3.6880568
125.44 3.688009
125.45 3.6879612
125.46 3.6879373
125.47 3.6878895
125.48 3.6878417
125.49 3.6877939
125.5 3.68777
125.51 3.6877222
125.52 3.6876744
125.53 3.6876266
125.54 3.6876027
125.55 3.6875549
125.56 3.6875071
125.57 3.6874593
125.58 3.6874354
125.59 3.6873876
125.6 3.6873398
125.61 3.687292
125.62 3.6872681
125.63 3.6872203
125.64 3.6871725
125.65 3.6871247
125.66 3.6870769
125.67 3.687053
125.68 3.6870052
125.69 3.6869574
125.7 3.6869096
125.71 3.6868857
125.72 3.6868379
125.73 3.6867901
125.74 3.6867423
125.75 3.6866945
125.76 3.6866706
125.77 3.6866228
125.78 3.686575
125.79 3.6865272
125.8 3.6864794
125.81 3.6864555
125.82 3.6864077
125.83 3.6863599
125.84 3.6863121
125.85 3.6862643
125.86 3.6862404
125.87 3.6861926
125.88 3.6861448
125.89 3.686097
125.9 3.6860492
125.91 3.6860253
125.92 3.6859775
125.93 3.6859297
125.94 3.6858819
125.95 3.6858341
125.96 3.6857863
125.97 3.6857624
125.98 3.6857146
125.99 3.6856668
126.0 3.685619
126.01 3.6855712
126.02 3.6855234
126.03 3.6854995
126.04 3.6854517
126.05 3.6854039
126.06 3.6853561
126.07 3.6853083
126.08 3.6852605
126.09 3.6852366
126.1 3.6851888
126.11 3.685141
126.12 3.6850932
126.13 3.6850454
126.14 3.6849976
126.15 3.6849737
126.16 3.6849259
126.17 3.6848781
126.18 3.6848303
126.19 3.6847825
126.2 3.6847347
126.21 3.6846869
126.22 3.684663
126.23 3.6846152
126.24 3.6845674
126.25 3.6845196
126.26 3.6844718
126.27 3.684424
126.28 3.6843762
126.29 3.6843284
126.3 3.6843045
126.31 3.6842567
126.32 3.6842089
126.33 3.6841611
126.34 3.6841133
126.35 3.6840655
126.36 3.6840177
126.37 3.6839699
126.38 3.683946
126.39 3.6838982
126.4 3.6838504
126.41 3.6838026
126.42 3.6837548
126.43 3.683707
126.44 3.6836592
126.45 3.6836114
126.46 3.6835636
126.47 3.6835158
126.48 3.6834919
126.49 3.6834441
126.5 3.6833963
126.51 3.6833485
126.52 3.6833007
126.53 3.6832529
126.54 3.6832051
126.55 3.6831573
126.56 3.6831095
126.57 3.6830617
126.58 3.6830139
126.59 3.68299
126.6 3.6829422
126.61 3.6828944
126.62 3.6828466
126.63 3.6827988
126.64 3.682751
126.65 3.6827032
126.66 3.6826554
126.67 3.6826076
126.68 3.6825598
126.69 3.682512
126.7 3.6824642
126.71 3.6824164
126.72 3.6823686
126.73 3.6823447
126.74 3.6822969
126.75 3.6822491
126.76 3.6822013
126.77 3.6821535
126.78 3.6821057
126.79 3.6820579
126.8 3.6820101
126.81 3.6819623
126.82 3.6819145
126.83 3.6818667
126.84 3.6818189
126.85 3.6817711
126.86 3.6817233
126.87 3.6816755
126.88 3.6816277
126.89 3.6815799
126.9 3.6815321
126.91 3.6814843
126.92 3.6814365
126.93 3.6813887
126.94 3.6813409
126.95 3.6812931
126.96 3.6812692
126.97 3.6812214
126.98 3.6811736
126.99 3.6811258
127.0 3.681078
127.01 3.6810302
127.02 3.6809824
127.03 3.6809346
127.04 3.6808868
127.05 3.680839
127.06 3.6807912
127.07 3.6807434
127.08 3.6806956
127.09 3.6806478
127.1 3.6806
127.11 3.6805522
127.12 3.6805044
127.13 3.6804566
127.14 3.6804088
127.15 3.680361
127.16 3.6803132
127.17 3.6802654
127.18 3.6802176
127.19 3.6801698
127.2 3.680122
127.21 3.6800742
127.22 3.6800264
127.23 3.6799786
127.24 3.6799308
127.25 3.679883
127.26 3.6798352
127.27 3.6797874
127.28 3.6797396
127.29 3.6796918
127.3 3.6796201
127.31 3.6795723
127.32 3.6795245
127.33 3.6794767
127.34 3.6794289
127.35 3.6793811
127.36 3.6793333
127.37 3.6792855
127.38 3.6792377
127.39 3.6791899
127.4 3.6791421
127.41 3.6790943
127.42 3.6790465
127.43 3.6789987
127.44 3.6789509
127.45 3.6789031
127.46 3.6788553
127.47 3.6788075
127.48 3.6787597
127.49 3.6787119
127.5 3.6786641
127.51 3.6786163
127.52 3.6785685
127.53 3.6784968
127.54 3.678449
127.55 3.6784012
127.56 3.6783534
127.57 3.6783056
127.58 3.6782578
127.59 3.67821
127.6 3.6781622
127.61 3.6781144
127.62 3.6780666
127.63 3.6780188
127.64 3.677971
127.65 3.6779232
127.66 3.6778754
127.67 3.6778037
127.68 3.6777559
127.69 3.6777081
127.7 3.6776603
127.71 3.6776125
127.72 3.6775647
127.73 3.6775169
127.74 3.6774691
127.75 3.6774213
127.76 3.6773735
127.77 3.6773257
127.78 3.6772779
127.79 3.6772062
127.8 3.6771584
127.81 3.6771106
127.82 3.6770628
127.83 3.677015
127.84 3.6769672
127.85 3.6769194
127.86 3.6768716
127.87 3.6768238
127.88 3.6767521
127.89 3.6767043
127.9 3.6766565
127.91 3.6766087
127.92 3.6765609
127.93 3.6765131
127.94 3.6764653
127.95 3.6764175
127.96 3.6763697
127.97 3.676298
127.98 3.6762502
127.99 3.6762024
128.0 3.6761546
128.01 3.6761068
128.02 3.676059
128.03 3.6760112
128.04 3.6759395
128.05 3.6758917
128.06 3.6758439
128.07 3.6757961
128.08 3.6757483
128.09 3.6757005
128.1 3.6756527
128.11 3.675581
128.12 3.6755332
128.13 3.6754854
128.14 3.6754376
128.15 3.6753898
128.16 3.675342
128.17 3.6752942
128.18 3.6752225
128.19 3.6751747
128.2 3.6751269
128.21 3.6750791
128.22 3.6750313
128.23 3.6749835
128.24 3.6749118
128.25 3.674864
128.26 3.6748162
128.27 3.6747684
128.28 3.6747206
128.29 3.6746728
128.3 3.6746011
128.31 3.6745533
128.32 3.6745055
128.33 3.6744577
128.34 3.6744099
128.35 3.6743621
128.36 3.6742904
128.37 3.6742426
128.38 3.6741948
128.39 3.674147
128.4 3.6740992
128.41 3.6740275
128.42 3.6739797
128.43 3.6739319
128.44 3.6738841
128.45 3.6738363
128.46 3.6737646
128.47 3.6737168
128.48 3.673669
128.49 3.6736212
128.5 3.6735734
128.51 3.6735017
128.52 3.6734539
128.53 3.6734061
128.54 3.6733583
128.55 3.6733105
128.56 3.6732388
128.57 3.673191
128.58 3.6731432
128.59 3.6730954
128.6 3.6730237
128.61 3.6729759
128.62 3.6729281
128.63 3.6728803
128.64 3.6728325
128.65 3.6727608
128.66 3.672713
128.67 3.6726652
128.68 3.6726174
128.69 3.6725457
128.7 3.6724979
128.71 3.6724501
128.72 3.6724023
128.73 3.6723545
128.74 3.6722828
128.75 3.672235
128.76 3.6721872
128.77 3.6721394
128.78 3.6720677
128.79 3.6720199
128.8 3.6719721
128.81 3.6719243
128.82 3.6718526
128.83 3.6718048
128.84 3.671757
128.85 3.6717092
128.86 3.6716375
128.87 3.6715897
128.88 3.6715419
128.89 3.6714941
128.9 3.6714224
128.91 3.6713746
128.92 3.6713268
128.93 3.6712551
128.94 3.6712073
128.95 3.6711595
128.96 3.6711117
128.97 3.67104
128.98 3.6709922
128.99 3.6709444
129.0 3.6708966
129.01 3.6708249
129.02 3.6707771
129.03 3.6707293
129.04 3.6706576
129.05 3.6706098
129.06 3.670562
129.07 3.6705142
129.08 3.6704425
129.09 3.6703947
129.1 3.6703469
129.11 3.6702752
129.12 3.6702274
129.13 3.6701796
129.14 3.6701318
129.15 3.6700601
129.16 3.6700123
129.17 3.6699645
129.18 3.6698928
129.19 3.669845
129.2 3.6697972
129.21 3.6697255
129.22 3.6696777
129.23 3.6696299
129.24 3.6695582
129.25 3.6695104
129.26 3.6694626
129.27 3.6694148
129.28 3.6693431
129.29 3.6692953
129.3 3.6692475
129.31 3.6691758
129.32 3.669128
129.33 3.6690802
129.34 3.6690085
129.35 3.6689607
129.36 3.6689129
129.37 3.6688412
129.38 3.6687934
129.39 3.6687456
129.4 3.6686739
129.41 3.6686261
129.42 3.6685783
129.43 3.6685066
129.44 3.6684588
129.45 3.668411
129.46 3.6683393
129.47 3.6682915
129.48 3.6682437
129.49 3.668172
129.5 3.6681242
129.51 3.6680525
129.52 3.6680047
129.53 3.6679569
129.54 3.6678852
129.55 3.6678374
129.56 3.6677896
129.57 3.6677179
129.58 3.6676701
129.59 3.6676223
129.6 3.6675506
129.61 3.6675028
129.62 3.667455
129.63 3.6673833
129.64 3.6673355
129.65 3.6672638
129.66 3.667216
129.67 3.6671682
129.68 3.6670965
129.69 3.6670487
129.7 3.6670009
129.71 3.6669292
129.72 3.6668814
129.73 3.6668097
129.74 3.6667619
129.75 3.6667141
129.76 3.6666424
129.77 3.6665946
129.78 3.6665229
129.79 3.6664751
129.8 3.6664273
129.81 3.6663556
129.82 3.6663078
129.83 3.66626
129.84 3.6661883
129.85 3.6661405
129.86 3.6660688
129.87 3.666021
129.88 3.6659732
129.89 3.6659015
129.9 3.6658537
129.91 3.665782
129.92 3.6657342
129.93 3.6656625
129.94 3.6656147
129.95 3.6655669
129.96 3.6654952
129.97 3.6654474
129.98 3.6653757
129.99 3.6653279
130.0 3.6652801
130.01 3.6652084
130.02 3.6651606
130.03 3.6650889
130.04 3.6650411
130.05 3.6649694
130.06 3.6649216
130.07 3.6648738
130.08 3.6648021
130.09 3.6647543
130.1 3.6646826
130.11 3.6646348
130.12 3.6645631
130.13 3.6645153
130.14 3.6644675
130.15 3.6643958
130.16 3.664348
130.17 3.6642763
130.18 3.6642285
130.19 3.6641568
130.2 3.664109
130.21 3.6640373
130.22 3.6639895
130.23 3.6639417
130.24 3.66387
130.25 3.6638222
130.26 3.6637505
130.27 3.6637027
130.28 3.663631
130.29 3.6635832
130.3 3.6635115
130.31 3.6634637
130.32 3.663392
130.33 3.6633442
130.34 3.6632725
130.35 3.6632247
130.36 3.663153
130.37 3.6631052
130.38 3.6630574
130.39 3.6629857
130.4 3.6629379
130.41 3.6628662
130.42 3.6628184
130.43 3.6627467
130.44 3.6626989
130.45 3.6626272
130.46 3.6625794
130.47 3.6625077
130.48 3.6624599
130.49 3.6623882
130.5 3.6623404
130.51 3.6622687
130.52 3.6622209
130.53 3.6621492
130.54 3.6621014
130.55 3.6620297
130.56 3.6619819
130.57 3.6619102
130.58 3.6618624
130.59 3.6617907
130.6 3.6617429
130.61 3.6616712
130.62 3.6616234
130.63 3.6615517
130.64 3.6615039
130.65 3.6614322
130.66 3.6613844
130.67 3.6613127
130.68 3.6612649
130.69 3.6611932
130.7 3.6611454
130.71 3.6610737
130.72 3.6610259
130.73 3.6609542
130.74 3.6609064
130.75 3.6608347
130.76 3.660763
130.77 3.6607152
130.78 3.6606435
130.79 3.6605957
130.8 3.660524
130.81 3.6604762
130.82 3.6604045
130.83 3.6603567
130.84 3.660285
130.85 3.6602372
130.86 3.6601655
130.87 3.6601177
130.88 3.660046
130.89 3.6599982
130.9 3.6599265
130.91 3.6598548
130.92 3.659807
130.93 3.6597353
130.94 3.6596875
130.95 3.6596158
130.96 3.659568
130.97 3.6594963
130.98 3.6594485
130.99 3.6593768
131.0 3.6593051
131.01 3.6592573
131.02 3.6591856
131.03 3.6591378
131.04 3.6590661
131.05 3.6590183
131.06 3.6589466
131.07 3.6588749
131.08 3.6588271
131.09 3.6587554
131.1 3.6587076
131.11 3.6586359
131.12 3.6585881
131.13 3.6585164
131.14 3.6584447
131.15 3.6583969
131.16 3.6583252
131.17 3.6582774
131.18 3.6582057
131.19 3.6581579
131.2 3.6580862
131.21 3.6580145
131.22 3.6579667
131.23 3.657895
131.24 3.6578472
131.25 3.6577755
131.26 3.6577038
131.27 3.657656
131.28 3.6575843
131.29 3.6575365
131.3 3.6574648
131.31 3.6573931
131.32 3.6573453
131.33 3.6572736
131.34 3.6572258
131.35 3.6571541
131.36 3.6570824
131.37 3.6570346
131.38 3.6569629
131.39 3.6568912
131.4 3.6568434
131.41 3.6567717
131.42 3.6567239
131.43 3.6566522
131.44 3.6565805
131.45 3.6565327
131.46 3.656461
131.47 3.6564132
131.48 3.6563415
131.49 3.6562698
131.5 3.656222
131.51 3.6561503
131.52 3.6560786
131.53 3.6560308
131.54 3.6559591
131.55 3.6558874
131.56 3.6558396
131.57 3.6557679
131.58 3.6557201
131.59 3.6556484
131.6 3.6555767
131.61 3.6555289
131.62 3.6554572
131.63 3.6553855
131.64 3.6553377
131.65 3.655266
131.66 3.6551943
131.67 3.6551465
131.68 3.6550748
131.69 3.6550031
131.7 3.6549553
131.71 3.6548836
131.72 3.6548119
131.73 3.6547641
131.74 3.6546924
131.75 3.6546207
131.76 3.6545729
131.77 3.6545012
131.78 3.6544295
131.79 3.6543817
131.8 3.65431
131.81 3.6542383
131.82 3.6541905
131.83 3.6541188
131.84 3.6540471
131.85 3.6539993
131.86 3.6539276
131.87 3.6538559
131.88 3.6538081
131.89 3.6537364
131.9 3.6536647
131.91 3.6536169
131.92 3.6535452
131.93 3.6534735
131.94 3.6534257
131.95 3.653354
131.96 3.6532823
131.97 3.6532345
131.98 3.6531628
131.99 3.6530911
132.0 3.6530194
132.01 3.6529716
132.02 3.6528999
132.03 3.6528282
132.04 3.6527804
132.05 3.6527087
132.06 3.652637
132.07 3.6525892
132.08 3.6525175
132.09 3.6524458
132.1 3.6523741
132.11 3.6523263
132.12 3.6522546
132.13 3.6521829
132.14 3.6521351
132.15 3.6520634
132.16 3.6519917
132.17 3.65192
132.18 3.6518722
132.19 3.6518005
132.2 3.6517288
132.21 3.651681
132.22 3.6516093
132.23 3.6515376
132.24 3.6514659
132.25 3.6514181
132.26 3.6513464
132.27 3.6512747
132.28 3.651203
132.29 3.6511552
132.3 3.6510835
132.31 3.6510118
132.32 3.650964
132.33 3.6508923
132.34 3.6508206
132.35 3.6507489
132.36 3.6507011
132.37 3.6506294
132.38 3.6505577
132.39 3.650486
132.4 3.6504382
132.41 3.6503665
132.42 3.6502948
132.43 3.6502231
132.44 3.6501753
132.45 3.6501036
132.46 3.6500319
132.47 3.6499602
132.48 3.6499124
132.49 3.6498407
132.5 3.649769
132.51 3.6496973
132.52 3.6496256
132.53 3.6495778
132.54 3.6495061
132.55 3.6494344
132.56 3.6493627
132.57 3.6493149
132.58 3.6492432
132.59 3.6491715
132.6 3.6490998
132.61 3.649052
132.62 3.6489803
132.63 3.6489086
132.64 3.6488369
132.65 3.6487652
132.66 3.6487174
132.67 3.6486457
132.68 3.648574
132.69 3.6485023
132.7 3.6484306
132.71 3.6483828
132.72 3.6483111
132.73 3.6482394
132.74 3.6481677
132.75 3.6481199
132.76 3.6480482
132.77 3.6479765
132.78 3.6479048
132.79 3.6478331
132.8 3.6477853
132.81 3.6477136
132.82 3.6476419
132.83 3.6475702
132.84 3.6474985
132.85 3.6474268
132.86 3.647379
132.87 3.6473073
132.88 3.6472356
132.89 3.6471639
132.9 3.6470922
132.91 3.6470444
132.92 3.6469727
132.93 3.646901
132.94 3.6468293
132.95 3.6467576
132.96 3.6467098
132.97 3.6466381
132.98 3.6465664
132.99 3.6464947
133.0 3.646423
133.01 3.6463513
133.02 3.6463035
133.03 3.6462318
133.04 3.6461601
133.05 3.6460884
133.06 3.6460167
133.07 3.645945
133.08 3.6458972
133.09 3.6458255
133.1 3.6457538
133.11 3.6456821
133.12 3.6456104
133.13 3.6455387
133.14 3.645467
133.15 3.6454192
133.16 3.6453475
133.17 3.6452758
133.18 3.6452041
133.19 3.6451324
133.2 3.6450607
133.21 3.6450129
133.22 3.6449412
133.23 3.6448695
133.24 3.6447978
133.25 3.6447261
133.26 3.6446544
133.27 3.6445827
133.28 3.6445349
133.29 3.6444632
133.3 3.6443915
133.31 3.6443198
133.32 3.6442481
133.33 3.6441764
133.34 3.6441047
133.35 3.644033
133.36 3.6439852
133.37 3.6439135
133.38 3.6438418
133.39 3.6437701
133.4 3.6436984
133.41 3.6436267
133.42 3.643555
133.43 3.6434833
133.44 3.6434355
133.45 3.6433638
133.46 3.6432921
133.47 3.6432204
133.48 3.6431487
133.49 3.643077
133.5 3.6430053
133.51 3.6429336
133.52 3.6428619
133.53 3.6428141
133.54 3.6427424
133.55 3.6426707
133.56 3.642599
133.57 3.6425273
133.58 3.6424556
133.59 3.6423839
133.6 3.6423122
133.61 3.6422405
133.62 3.6421688
133.63 3.642121
133.64 3.6420493
133.65 3.6419776
133.66 3.6419059
133.67 3.6418342
133.68 3.6417625
133.69 3.6416908
133.7 3.6416191
133.71 3.6415474
133.72 3.6414757
133.73 3.641404
133.74 3.6413323
133.75 3.6412845
133.76 3.6412128
133.77 3.6411411
133.78 3.6410694
133.79 3.6409977
133.8 3.640926
133.81 3.6408543
133.82 3.6407826
133.83 3.6407109
133.84 3.6406392
133.85 3.6405675
133.86 3.6404958
133.87 3.6404241
133.88 3.6403524
133.89 3.6402807
133.9 3.6402329
133.91 3.6401612
133.92 3.6400895
133.93 3.6400178
133.94 3.6399461
133.95 3.6398744
133.96 3.6398027
133.97 3.639731
133.98 3.6396593
133.99 3.6395876
134.0 3.6395159
134.01 3.6394442
134.02 3.6393725
134.03 3.6393008
134.04 3.6392291
134.05 3.6391574
134.06 3.6390857
134.07 3.639014
134.08 3.6389423
134.09 3.6388706
134.1 3.6387989
134.11 3.6387511
134.12 3.6386794
134.13 3.6386077
134.14 3.638536
134.15 3.6384643
134.16 3.6383926
134.17 3.6383209
134.18 3.6382492
134.19 3.6381775
134.2 3.6381058
134.21 3.6380341
134.22 3.6379624
134.23 3.6378907
134.24 3.637819
134.25 3.6377473
134.26 3.6376756
134.27 3.6376039
134.28 3.6375322
134.29 3.6374605
134.3 3.6373888
134.31 3.6373171
134.32 3.6372454
134.33 3.6371737
134.34 3.637102
134.35 3.6370303
134.36 3.6369586
134.37 3.6368869
134.38 3.6368152
134.39 3.6367435
134.4 3.6366718
134.41 3.6366001
134.42 3.6365284
134.43 3.6364567
134.44 3.636385
134.45 3.6363133
134.46 3.6362416
134.47 3.6361699
134.48 3.6360982
134.49 3.6360265
134.5 3.6359548
134.51 3.6358831
134.52 3.6358114
134.53 3.6357397
134.54 3.635668
134.55 3.6355963
134.56 3.6355246
134.57 3.6354529
134.58 3.6353812
134.59 3.6353095
134.6 3.6352378
134.61 3.6351661
134.62 3.6350944
134.63 3.6350227
134.64 3.634951
134.65 3.6348554
134.66 3.6347837
134.67 3.634712
134.68 3.6346403
134.69 3.6345686
134.7 3.6344969
134.71 3.6344252
134.72 3.6343535
134.73 3.6342818
134.74 3.6342101
134.75 3.6341384
134.76 3.6340667
134.77 3.633995
134.78 3.6339233
134.79 3.6338516
134.8 3.6337799
134.81 3.6337082
134.82 3.6336365
134.83 3.6335648
134.84 3.6334931
134.85 3.6334214
134.86 3.6333497
134.87 3.6332541
134.88 3.6331824
134.89 3.6331107
134.9 3.633039
134.91 3.6329673
134.92 3.6328956
134.93 3.6328239
134.94 3.6327522
134.95 3.6326805
134.96 3.6326088
134.97 3.6325371
134.98 3.6324654
134.99 3.6323937
135.0 3.632322
135.01 3.6322503
135.02 3.6321547
135.03 3.632083
135.04 3.6320113
135.05 3.6319396
135.06 3.6318679
135.07 3.6317962
135.08 3.6317245
135.09 3.6316528
135.1 3.6315811
135.11 3.6315094
135.12 3.6314377
135.13 3.631366
135.14 3.6312704
135.15 3.6311987
135.16 3.631127
135.17 3.6310553
135.18 3.6309836
135.19 3.6309119
135.2 3.6308402
135.21 3.6307685
135.22 3.6306968
135.23 3.6306251
135.24 3.6305295
135.25 3.6304578
135.26 3.6303861
135.27 3.6303144
135.28 3.6302427
135.29 3.630171
135.3 3.6300993
135.31 3.6300276
135.32 3.6299559
135.33 3.6298603
135.34 3.6297886
135.35 3.6297169
135.36 3.6296452
135.37 3.6295735
135.38 3.6295018
135.39 3.6294301
135.4 3.6293584
135.41 3.6292867
135.42 3.6291911
135.43 3.6291194
135.44 3.6290477
135.45 3.628976
135.46 3.6289043
135.47 3.6288326
135.48 3.6287609
135.49 3.6286892
135.5 3.6285936
135.51 3.6285219
135.52 3.6284502
135.53 3.6283785
135.54 3.6283068
135.55 3.6282351
135.56 3.6281634
135.57 3.6280678
135.58 3.6279961
135.59 3.6279244
135.6 3.6278527
135.61 3.627781
135.62 3.6277093
135.63 3.6276376
135.64 3.627542
135.65 3.6274703
135.66 3.6273986
135.67 3.6273269
135.68 3.6272552
135.69 3.6271835
135.7 3.6271118
135.71 3.6270162
135.72 3.6269445
135.73 3.6268728
135.74 3.6268011
135.75 3.6267294
135.76 3.6266577
135.77 3.6265621
135.78 3.6264904
135.79 3.6264187
135.8 3.626347
135.81 3.6262753
135.82 3.6262036
135.83 3.626108
135.84 3.6260363
135.85 3.6259646
135.86 3.6258929
135.87 3.6258212
135.88 3.6257495
135.89 3.6256539
135.9 3.6255822
135.91 3.6255105
135.92 3.6254388
135.93 3.6253671
135.94 3.6252715
135.95 3.6251998
135.96 3.6251281
135.97 3.6250564
135.98 3.6249847
135.99 3.624913
136.0 3.6248174
136.01 3.6247457
136.02 3.624674
136.03 3.6246023
136.04 3.6245306
136.05 3.624435
136.06 3.6243633
136.07 3.6242916
136.08 3.6242199
136.09 3.6241482
136.1 3.6240526
136.11 3.6239809
136.12 3.6239092
136.13 3.6238375
136.14 3.6237658
136.15 3.6236702
136.16 3.6235985
136.17 3.6235268
136.18 3.6234551
136.19 3.6233834
136.2 3.6232878
136.21 3.6232161
136.22 3.6231444
136.23 3.6230727
136.24 3.6229771
136.25 3.6229054
136.26 3.6228337
136.27 3.622762
136.28 3.6226903
136.29 3.6225947
136.3 3.622523
136.31 3.6224513
136.32 3.6223796
136.33 3.622284
136.34 3.6222123
136.35 3.6221406
136.36 3.6220689
136.37 3.6219972
136.38 3.6219016
136.39 3.6218299
136.4 3.6217582
136.41 3.6216865
136.42 3.6215909
136.43 3.6215192
136.44 3.6214475
136.45 3.6213758
136.46 3.6212802
136.47 3.6212085
136.48 3.6211368
136.49 3.6210651
136.5 3.6209695
136.51 3.6208978
136.52 3.6208261
136.53 3.6207544
136.54 3.6206588
136.55 3.6205871
136.56 3.6205154
136.57 3.6204437
136.58 3.6203481
136.59 3.6202764
136.6 3.6202047
136.61 3.620133
136.62 3.6200374
136.63 3.6199657
136.64 3.619894
136.65 3.6198223
136.66 3.6197267
136.67 3.619655
136.68 3.6195833
136.69 3.6195116
136.7 3.619416
136.71 3.6193443
136.72 3.6192726
136.73 3.6192009
136.74 3.6191053
136.75 3.6190336
136.76 3.6189619
136.77 3.6188663
136.78 3.6187946
136.79 3.6187229
136.8 3.6186512
136.81 3.6185556
136.82 3.6184839
136.83 3.6184122
136.84 3.6183166
136.85 3.6182449
136.86 3.6181732
136.87 3.6181015
136.88 3.6180059
136.89 3.6179342
136.9 3.6178625
136.91 3.6177669
136.92 3.6176952
136.93 3.6176235
136.94 3.6175518
136.95 3.6174562
136.96 3.6173845
136.97 3.6173128
136.98 3.6172172
136.99 3.6171455
137.0 3.6170738
137.01 3.6170021
137.02 3.6169065
137.03 3.6168348
137.04 3.6167631
137.05 3.6166675
137.06 3.6165958
137.07 3.6165241
137.08 3.6164285
137.09 3.6163568
137.1 3.6162851
137.11 3.6161895
137.12 3.6161178
137.13 3.6160461
137.14 3.6159744
137.15 3.6158788
137.16 3.6158071
137.17 3.6157354
137.18 3.6156398
137.19 3.6155681
137.2 3.6154964
137.21 3.6154008
137.22 3.6153291
137.23 3.6152574
137.24 3.6151618
137.25 3.6150901
137.26 3.6150184
137.27 3.6149228
137.28 3.6148511
137.29 3.6147794
137.3 3.6146838
137.31 3.6146121
137.32 3.6145404
137.33 3.6144448
137.34 3.6143731
137.35 3.6143014
137.36 3.6142058
137.37 3.6141341
137.38 3.6140624
137.39 3.6139668
137.4 3.6138951
137.41 3.6138234
137.42 3.6137278
137.43 3.6136561
137.44 3.6135844
137.45 3.6134888
137.46 3.6134171
137.47 3.6133454
137.48 3.6132498
137.49 3.6131781
137.5 3.6131064
137.51 3.6130108
137.52 3.6129391
137.53 3.6128435
137.54 3.6127718
137.55 3.6127001
137.56 3.6126045
137.57 3.6125328
137.58 3.6124611
137.59 3.6123655
137.6 3.6122938
137.61 3.6122221
137.62 3.6121265
137.63 3.6120548
137.64 3.6119831
137.65 3.6118875
137.66 3.6118158
137.67 3.6117202
137.68 3.6116485
137.69 3.6115768
137.7 3.6114812
137.71 3.6114095
137.72 3.6113378
137.73 3.6112422
137.74 3.6111705
137.75 3.6110749
137.76 3.6110032
137.77 3.6109315
137.78 3.6108359
137.79 3.6107642
137.8 3.6106925
137.81 3.6105969
137.82 3.6105252
137.83 3.6104296
137.84 3.6103579
137.85 3.6102862
137.86 3.6101906
137.87 3.6101189
137.88 3.6100233
137.89 3.6099516
137.9 3.6098799
137.91 3.6097843
137.92 3.6097126
137.93 3.609617
137.94 3.6095453
137.95 3.6094736
137.96 3.609378
137.97 3.6093063
137.98 3.6092107
137.99 3.609139
138.0 3.6090673
138.01 3.6089717
138.02 3.6089
138.03 3.6088044
138.04 3.6087327
138.05 3.608661
138.06 3.6085654
138.07 3.6084937
138.08 3.6083981
138.09 3.6083264
138.1 3.6082547
138.11 3.6081591
138.12 3.6080874
138.13 3.6079918
138.14 3.6079201
138.15 3.6078484
138.16 3.6077528
138.17 3.6076811
138.18 3.6075855
138.19 3.6075138
138.2 3.6074182
138.21 3.6073465
138.22 3.6072748
138.23 3.6071792
138.24 3.6071075
138.25 3.6070119
138.26 3.6069402
138.27 3.6068446
138.28 3.6067729
138.29 3.6067012
138.3 3.6066056
138.31 3.6065339
138.32 3.6064383
138.33 3.6063666
138.34 3.606271
138.35 3.6061993
138.36 3.6061276
138.37 3.606032
138.38 3.6059603
138.39 3.6058647
138.4 3.605793
138.41 3.6056974
138.42 3.6056257
138.43 3.6055301
138.44 3.6054584
138.45 3.6053867
138.46 3.6052911
138.47 3.6052194
138.48 3.6051238
138.49 3.6050521
138.5 3.6049565
138.51 3.6048848
138.52 3.6047892
138.53 3.6047175
138.54 3.6046458
138.55 3.6045502
138.56 3.6044785
138.57 3.6043829
138.58 3.6043112
138.59 3.6042156
138.6 3.6041439
138.61 3.6040483
138.62 3.6039766
138.63 3.603881
138.64 3.6038093
138.65 3.6037137
138.66 3.603642
138.67 3.6035703
138.68 3.6034747
138.69 3.603403
138.7 3.6033074
138.71 3.6032357
138.72 3.6031401
138.73 3.6030684
138.74 3.6029728
138.75 3.6029011
138.76 3.6028055
138.77 3.6027338
138.78 3.6026382
138.79 3.6025665
138.8 3.6024709
138.81 3.6023992
138.82 3.6023036
138.83 3.6022319
138.84 3.6021363
138.85 3.6020646
138.86 3.601969
138.87 3.6018973
138.88 3.6018256
138.89 3.60173
138.9 3.6016583
138.91 3.6015627
138.92 3.601491
138.93 3.6013954
138.94 3.6013237
138.95 3.6012281
138.96 3.6011564
138.97 3.6010608
138.98 3.6009891
138.99 3.6008935
139.0 3.6008218
139.01 3.6007262
139.02 3.6006545
139.03 3.6005589
139.04 3.6004872
139.05 3.6003916
139.06 3.6003199
139.07 3.6002243
139.08 3.6001526
139.09 3.600057
139.1 3.5999853
139.11 3.5998897
139.12 3.599818
139.13 3.5997224
139.14 3.5996507
139.15 3.5995551
139.16 3.5994595
139.17 3.5993878
139.18 3.5992922
139.19 3.5992205
139.2 3.5991249
139.21 3.5990532
139.22 3.5989576
139.23 3.5988859
139.24 3.5987903
139.25 3.5987186
139.26 3.598623
139.27 3.5985513
139.28 3.5984557
139.29 3.598384
139.3 3.5982884
139.31 3.5982167
139.32 3.5981211
139.33 3.5980494
139.34 3.5979538
139.35 3.5978821
139.36 3.5977865
139.37 3.5976909
139.38 3.5976192
139.39 3.5975236
139.4 3.5974519
139.41 3.5973563
139.42 3.5972846
139.43 3.597189
139.44 3.5971173
139.45 3.5970217
139.46 3.59695
139.47 3.5968544
139.48 3.5967827
139.49 3.5966871
139.5 3.5965915
139.51 3.5965198
139.52 3.5964242
139.53 3.5963525
139.54 3.5962569
139.55 3.5961852
139.56 3.5960896
139.57 3.5960179
139.58 3.5959223
139.59 3.5958506
139.6 3.595755
139.61 3.5956594
139.62 3.5955877
139.63 3.5954921
139.64 3.5954204
139.65 3.5953248
139.66 3.5952531
139.67 3.5951575
139.68 3.5950858
139.69 3.5949902
139.7 3.5948946
139.71 3.5948229
139.72 3.5947273
139.73 3.5946556
139.74 3.59456
139.75 3.5944883
139.76 3.5943927
139.77 3.5942971
139.78 3.5942254
139.79 3.5941298
139.8 3.5940581
139.81 3.5939625
139.82 3.5938908
139.83 3.5937952
139.84 3.5936996
139.85 3.5936279
139.86 3.5935323
139.87 3.5934606
139.88 3.593365
139.89 3.5932933
139.9 3.5931977
139.91 3.5931021
139.92 3.5930304
139.93 3.5929348
139.94 3.5928631
139.95 3.5927675
139.96 3.5926719
139.97 3.5926002
139.98 3.5925046
139.99 3.5924329
140.0 3.5923373
140.01 3.5922656
140.02 3.59217
140.03 3.5920744
140.04 3.5920027
140.05 3.5919071
140.06 3.5918354
140.07 3.5917398
140.08 3.5916442
140.09 3.5915725
140.1 3.5914769
140.11 3.5914052
140.12 3.5913096
140.13 3.591214
140.14 3.5911423
140.15 3.5910467
140.16 3.590975
140.17 3.5908794
140.18 3.5907838
140.19 3.5907121
140.2 3.5906165
140.21 3.5905448
140.22 3.5904492
140.23 3.5903536
140.24 3.5902819
140.25 3.5901863
140.26 3.5901146
140.27 3.590019
140.28 3.5899234
140.29 3.5898517
140.3 3.5897561
140.31 3.5896605
140.32 3.5895888
140.33 3.5894932
140.34 3.5894215
140.35 3.5893259
140.36 3.5892303
140.37 3.5891586
140.38 3.589063
140.39 3.5889913
140.4 3.5888957
140.41 3.5888001
140.42 3.5887284
140.43 3.5886328
140.44 3.5885372
140.45 3.5884655
140.46 3.5883699
140.47 3.5882743
140.48 3.5882026
140.49 3.588107
140.5 3.5880353
140.51 3.5879397
140.52 3.5878441
140.53 3.5877724
140.54 3.5876768
140.55 3.5875812
140.56 3.5875095
140.57 3.5874139
140.58 3.5873422
140.59 3.5872466
140.6 3.587151
140.61 3.5870793
140.62 3.5869837
140.63 3.5868881
140.64 3.5868164
140.65 3.5867208
140.66 3.5866252
140.67 3.5865535
140.68 3.5864579
140.69 3.5863623
140.7 3.5862906
140.71 3.586195
140.72 3.5861233
140.73 3.5860277
140.74 3.5859321
140.75 3.5858604
140.76 3.5857648
140.77 3.5856692
140.78 3.5855975
140.79 3.5855019
140.8 3.5854063
140.81 3.5853346
140.82 3.585239
140.83 3.5851434
140.84 3.5850717
140.85 3.5849761
140.86 3.5848805
140.87 3.5848088
140.88 3.5847132
140.89 3.5846176
140.9 3.5845459
140.91 3.5844503
140.92 3.5843547
140.93 3.584283
140.94 3.5841874
140.95 3.5840918
140.96 3.5840201
140.97 3.5839245
140.98 3.5838289
140.99 3.5837572
141.0 3.5836616
141.01 3.583566
141.02 3.5834943
141.03 3.5833987
141.04 3.5833031
141.05 3.5832314
141.06 3.5831358
141.07 3.5830402
141.08 3.5829685
141.09 3.5828729
141.1 3.5827773
141.11 3.5827056
141.12 3.58261
141.13 3.5825144
141.14 3.5824188
141.15 3.5823471
141.16 3.5822515
141.17 3.5821559
141.18 3.5820842
141.19 3.5819886
141.2 3.581893
141.21 3.5818213
141.22 3.5817257
141.23 3.5816301
141.24 3.5815584
141.25 3.5814628
141.26 3.5813672
141.27 3.5812955
141.28 3.5811999
141.29 3.5811043
141.3 3.5810087
141.31 3.580937
141.32 3.5808414
141.33 3.5807458
141.34 3.5806741
141.35 3.5805785
141.36 3.5804829
141.37 3.5804112
141.38 3.5803156
141.39 3.58022
141.4 3.5801244
141.41 3.5800527
141.42 3.5799571
141.43 3.5798615
141.44 3.5797898
141.45 3.5796942
141.46 3.5795986
141.47 3.5795269
141.48 3.5794313
141.49 3.5793357
141.5 3.5792401
141.51 3.5791684
141.52 3.5790728
141.53 3.5789772
141.54 3.5789055
141.55 3.5788099
141.56 3.5787143
141.57 3.5786187
141.58 3.578547
141.59 3.5784514
141.6 3.5783558
141.61 3.5782841
141.62 3.5781885
141.63 3.5780929
141.64 3.5779973
141.65 3.5779256
141.66 3.57783
141.67 3.5777344
141.68 3.5776388
141.69 3.5775671
141.7 3.5774715
141.71 3.5773759
141.72 3.5773042
141.73 3.5772086
141.74 3.577113
141.75 3.5770174
141.76 3.5769457
141.77 3.5768501
141.78 3.5767545
141.79 3.5766589
141.8 3.5765872
141.81 3.5764916
141.82 3.576396
141.83 3.5763004
141.84 3.5762287
141.85 3.5761331
141.86 3.5760375
141.87 3.5759658
141.88 3.5758702
141.89 3.5757746
141.9 3.575679
141.91 3.5756073
141.92 3.5755117
141.93 3.5754161
141.94 3.5753205
141.95 3.5752488
141.96 3.5751532
141.97 3.5750576
141.98 3.574962
141.99 3.5748903
142.0 3.5747947
142.01 3.5746991
142.02 3.5746035
142.03 3.5745318
142.04 3.5744362
142.05 3.5743406
142.06 3.574245
142.07 3.5741733
142.08 3.5740777
142.09 3.5739821
142.1 3.5738865
142.11 3.5738148
142.12 3.5737192
142.13 3.5736236
142.14 3.573528
142.15 3.5734563
142.16 3.5733607
142.17 3.5732651
142.18 3.5731695
142.19 3.5730739
142.2 3.5730022
142.21 3.5729066
142.22 3.572811
142.23 3.5727154
142.24 3.5726437
142.25 3.5725481
142.26 3.5724525
142.27 3.5723569
142.28 3.5722852
142.29 3.5721896
142.3 3.572094
142.31 3.5719984
142.32 3.5719267
142.33 3.5718311
142.34 3.5717355
142.35 3.5716399
142.36 3.5715443
142.37 3.5714726
142.38 3.571377
142.39 3.5712814
142.4 3.5711858
142.41 3.5711141
142.42 3.5710185
142.43 3.5709229
142.44 3.5708273
142.45 3.5707317
142.46 3.57066
142.47 3.5705644
142.48 3.5704688
142.49 3.5703732
142.5 3.5702776
142.51 3.5702059
142.52 3.5701103
142.53 3.5700147
142.54 3.5699191
142.55 3.5698474
142.56 3.5697518
142.57 3.5696562
142.58 3.5695606
142.59 3.569465
142.6 3.5693933
142.61 3.5692977
142.62 3.5692021
142.63 3.5691065
142.64 3.5690109
142.65 3.5689392
142.66 3.5688436
142.67 3.568748
142.68 3.5686524
142.69 3.5685568
142.7 3.5684851
142.71 3.5683895
142.72 3.5682939
142.73 3.5681983
142.74 3.5681027
142.75 3.568031
142.76 3.5679354
142.77 3.5678398
142.78 3.5677442
142.79 3.5676486
142.8 3.5675769
142.81 3.5674813
142.82 3.5673857
142.83 3.5672901
142.84 3.5671945
142.85 3.5671228
142.86 3.5670272
142.87 3.5669316
142.88 3.566836
142.89 3.5667404
142.9 3.5666687
142.91 3.5665731
142.92 3.5664775
142.93 3.5663819
142.94 3.5662863
142.95 3.5661907
142.96 3.566119
142.97 3.5660234
142.98 3.5659278
142.99 3.5658322
143.0 3.5657366
143.01 3.5656649
143.02 3.5655693
143.03 3.5654737
143.04 3.5653781
143.05 3.5652825
143.06 3.5651869
143.07 3.5651152
143.08 3.5650196
143.09 3.564924
143.1 3.5648284
143.11 3.5647328
143.12 3.5646611
143.13 3.5645655
143.14 3.5644699
143.15 3.5643743
143.16 3.5642787
143.17 3.5641831
143.18 3.5641114
143.19 3.5640158
143.2 3.5639202
143.21 3.5638246
143.22 3.563729
143.23 3.5636334
143.24 3.5635617
143.25 3.5634661
143.26 3.5633705
143.27 3.5632749
143.28 3.5631793
143.29 3.5630837
143.3 3.563012
143.31 3.5629164
143.32 3.5628208
143.33 3.5627252
143.34 3.5626296
143.35 3.562534
143.36 3.5624384
143.37 3.5623667
143.38 3.5622711
143.39 3.5621755
143.4 3.5620799
143.41 3.5619843
143.42 3.5618887
143.43 3.561817
143.44 3.5617214
143.45 3.5616258
143.46 3.5615302
143.47 3.5614346
143.48 3.561339
143.49 3.5612434
143.5 3.5611717
143.51 3.5610761
143.52 3.5609805
143.53 3.5608849
143.54 3.5607893
143.55 3.5606937
143.56 3.560622
143.57 3.5605264
143.58 3.5604308
143.59 3.5603352
143.6 3.5602396
143.61 3.560144
143.62 3.5600484
143.63 3.5599767
143.64 3.5598811
143.65 3.5597855
143.66 3.5596899
143.67 3.5595943
143.68 3.5594987
143.69 3.5594031
143.7 3.5593075
143.71 3.5592358
143.72 3.5591402
143.73 3.5590446
143.74 3.558949
143.75 3.5588534
143.76 3.5587578
143.77 3.5586622
143.78 3.5585905
143.79 3.5584949
143.8 3.5583993
143.81 3.5583037
143.82 3.5582081
143.83 3.5581125
143.84 3.5580169
143.85 3.5579213
143.86 3.5578496
143.87 3.557754
143.88 3.5576584
143.89 3.5575628
143.9 3.5574672
143.91 3.5573716
143.92 3.557276
143.93 3.5571804
143.94 3.5571087
143.95 3.5570131
143.96 3.5569175
143.97 3.5568219
143.98 3.5567263
143.99 3.5566307
144.0 3.5565351
144.01 3.5564395
144.02 3.5563678
144.03 3.5562722
144.04 3.5561766
144.05 3.556081
144.06 3.5559854
144.07 3.5558898
144.08 3.5557942
144.09 3.5556986
144.1 3.555603
144.11 3.5555313
144.12 3.5554357
144.13 3.5553401
144.14 3.5552445
144.15 3.5551489
144.16 3.5550533
144.17 3.5549577
144.18 3.5548621
144.19 3.5547665
144.2 3.5546948
144.21 3.5545992
144.22 3.5545036
144.23 3.554408
144.24 3.5543124
144.25 3.5542168
144.26 3.5541212
144.27 3.5540256
144.28 3.55393
144.29 3.5538583
144.3 3.5537627
144.31 3.5536671
144.32 3.5535715
144.33 3.5534759
144.34 3.5533803
144.35 3.5532847
144.36 3.5531891
144.37 3.5530935
144.38 3.5529979
144.39 3.5529023
144.4 3.5528306
144.41 3.552735
144.42 3.5526394
144.43 3.5525438
144.44 3.5524482
144.45 3.5523526
144.46 3.552257
144.47 3.5521614
144.48 3.5520658
144.49 3.5519702
144.5 3.5518985
144.51 3.5518029
144.52 3.5517073
144.53 3.5516117
144.54 3.5515161
144.55 3.5514205
144.56 3.5513249
144.57 3.5512293
144.58 3.5511337
144.59 3.5510381
144.6 3.5509425
144.61 3.5508469
144.62 3.5507752
144.63 3.5506796
144.64 3.550584
144.65 3.5504884
144.66 3.5503928
144.67 3.5502972
144.68 3.5502016
144.69 3.550106
144.7 3.5500104
144.71 3.5499148
144.72 3.5498192
144.73 3.5497236
144.74 3.5496519
144.75 3.5495563
144.76 3.5494607
144.77 3.5493651
144.78 3.5492695
144.79 3.5491739
144.8 3.5490783
144.81 3.5489827
144.82 3.5488871
144.83 3.5487915
144.84 3.5486959
144.85 3.5486003
144.86 3.5485047
144.87 3.5484091
144.88 3.5483374
144.89 3.5482418
144.9 3.5481462
144.91 3.5480506
144.92 3.547955
144.93 3.5478594
144.94 3.5477638
144.95 3.5476682
144.96 3.5475726
144.97 3.547477
144.98 3.5473814
144.99 3.5472858
145.0 3.5471902
145.01 3.5470946
145.02 3.546999
145.03 3.5469273
145.04 3.5468317
145.05 3.5467361
145.06 3.5466405
145.07 3.5465449
145.08 3.5464493
145.09 3.5463537
145.1 3.5462581
145.11 3.5461625
145.12 3.5460669
145.13 3.5459713
145.14 3.5458757
145.15 3.5457801
145.16 3.5456845
145.17 3.5455889
145.18 3.5454933
145.19 3.5453977
145.2 3.5453021
145.21 3.5452304
145.22 3.5451348
145.23 3.5450392
145.24 3.5449436
145.25 3.544848
145.26 3.5447524
145.27 3.5446568
145.28 3.5445612
145.29 3.5444656
145.3 3.54437
145.31 3.5442744
145.32 3.5441788
145.33 3.5440832
145.34 3.5439876
145.35 3.543892
145.36 3.5437964
145.37 3.5437008
145.38 3.5436052
145.39 3.5435096
145.4 3.543414
145.41 3.5433184
145.42 3.5432228
145.43 3.5431511
145.44 3.5430555
145.45 3.5429599
145.46 3.5428643
145.47 3.5427687
145.48 3.5426731
145.49 3.5425775
145.5 3.5424819
145.51 3.5423863
145.52 3.5422907
145.53 3.5421951
145.54 3.5420995
145.55 3.5420039
145.56 3.5419083
145.57 3.5418127
145.58 3.5417171
145.59 3.5416215
145.6 3.5415259
145.61 3.5414303
145.62 3.5413347
145.63 3.5412391
145.64 3.5411435
145.65 3.5410479
145.66 3.5409523
145.67 3.5408567
145.68 3.5407611
145.69 3.5406655
145.7 3.5405699
145.71 3.5404743
145.72 3.5404026
145.73 3.540307
145.74 3.5402114
145.75 3.5401158
145.76 3.5400202
145.77 3.5399246
145.78 3.539829
145.79 3.5397334
145.8 3.5396378
145.81 3.5395422
145.82 3.5394466
145.83 3.539351
145.84 3.5392554
145.85 3.5391598
145.86 3.5390642
145.87 3.5389686
145.88 3.538873
145.89 3.5387774
145.9 3.5386818
145.91 3.5385862
145.92 3.5384906
145.93 3.538395
145.94 3.5382994
145.95 3.5382038
145.96 3.5381082
145.97 3.5380126
145.98 3.537917
145.99 3.5378214
146.0 3.5377258
146.01 3.5376302
146.02 3.5375346
146.03 3.537439
146.04 3.5373434
146.05 3.5372478
146.06 3.5371522
146.07 3.5370566
146.08 3.536961
146.09 3.5368654
146.1 3.5367698
146.11 3.5366742
146.12 3.5365786
146.13 3.536483
146.14 3.5363874
146.15 3.5362918
146.16 3.5361962
146.17 3.5361006
146.18 3.536005
146.19 3.5359094
146.2 3.5358138
146.21 3.5357182
146.22 3.5356226
146.23 3.535527
146.24 3.5354314
146.25 3.5353358
146.26 3.5352402
146.27 3.5351446
146.28 3.535049
146.29 3.5349534
146.3 3.5348578
146.31 3.5347622
146.32 3.5346666
146.33 3.534571
146.34 3.5344754
146.35 3.5343798
146.36 3.5342842
146.37 3.5341886
146.38 3.534093
146.39 3.5339974
146.4 3.5339018
146.41 3.5338062
146.42 3.5337106
146.43 3.533615
146.44 3.5335194
146.45 3.5334238
146.46 3.5333282
146.47 3.5332326
146.48 3.533137
146.49 3.5330414
146.5 3.5329458
146.51 3.5328502
146.52 3.5327546
146.53 3.532659
146.54 3.5325634
146.55 3.5324678
146.56 3.5323722
146.57 3.5322766
146.58 3.532181
146.59 3.5320854
146.6 3.5319898
146.61 3.5318942
146.62 3.5317986
146.63 3.531703
146.64 3.5316074
146.65 3.5315118
146.66 3.5314162
146.67 3.5313206
146.68 3.531225
146.69 3.5311294
146.7 3.5310338
146.71 3.5309382
146.72 3.5308426
146.73 3.530747
146.74 3.5306514
146.75 3.5305558
146.76 3.5304602
146.77 3.5303646
146.78 3.530269
146.79 3.5301734
146.8 3.5300778
146.81 3.5299822
146.82 3.5298866
146.83 3.529791
146.84 3.5296954
146.85 3.5295998
146.86 3.5295042
146.87 3.5294086
146.88 3.529313
146.89 3.5292174
146.9 3.5291218
146.91 3.5290262
146.92 3.5289306
146.93 3.5288111
146.94 3.5287155
146.95 3.5286199
146.96 3.5285243
146.97 3.5284287
146.98 3.5283331
146.99 3.5282375
147.0 3.5281419
147.01 3.5280463
147.02 3.5279507
147.03 3.5278551
147.04 3.5277595
147.05 3.5276639
147.06 3.5275683
147.07 3.5274727
147.08 3.5273771
147.09 3.5272815
147.1 3.5271859
147.11 3.5270903
147.12 3.5269947
147.13 3.5268991
147.14 3.5268035
147.15 3.5267079
147.16 3.5266123
147.17 3.5265167
147.18 3.5264211
147.19 3.5263255
147.2 3.5262299
147.21 3.5261343
147.22 3.5260387
147.23 3.5259431
147.24 3.5258475
147.25 3.525728
147.26 3.5256324
147.27 3.5255368
147.28 3.5254412
147.29 3.5253456
147.3 3.52525
147.31 3.5251544
147.32 3.5250588
147.33 3.5249632
147.34 3.5248676
147.35 3.524772
147.36 3.5246764
147.37 3.5245808
147.38 3.5244852
147.39 3.5243896
147.4 3.524294
147.41 3.5241984
147.42 3.5241028
147.43 3.5240072
147.44 3.5239116
147.45 3.523816
147.46 3.5237204
147.47 3.5236248
147.48 3.5235053
147.49 3.5234097
147.5 3.5233141
147.51 3.5232185
147.52 3.5231229
147.53 3.5230273
147.54 3.5229317
147.55 3.5228361
147.56 3.5227405
147.57 3.5226449
147.58 3.5225493
147.59 3.5224537
147.6 3.5223581
147.61 3.5222625
147.62 3.5221669
147.63 3.5220713
147.64 3.5219757
147.65 3.5218801
147.66 3.5217845
147.67 3.5216889
147.68 3.5215933
147.69 3.5214738
147.7 3.5213782
147.71 3.5212826
147.72 3.521187
147.73 3.5210914
147.74 3.5209958
147.75 3.5209002
147.76 3.5208046
147.77 3.520709
147.78 3.5206134
147.79 3.5205178
147.8 3.5204222
147.81 3.5203266
147.82 3.520231
147.83 3.5201354
147.84 3.5200398
147.85 3.5199442
147.86 3.5198486
147.87 3.5197291
147.88 3.5196335
147.89 3.5195379
147.9 3.5194423
147.91 3.5193467
147.92 3.5192511
147.93 3.5191555
147.94 3.5190599
147.95 3.5189643
147.96 3.5188687
147.97 3.5187731
147.98 3.5186775
147.99 3.5185819
148.0 3.5184863
148.01 3.5183907
148.02 3.5182951
148.03 3.5181756
148.04 3.51808
148.05 3.5179844
148.06 3.5178888
148.07 3.5177932
148.08 3.5176976
148.09 3.517602
148.1 3.5175064
148.11 3.5174108
148.12 3.5173152
148.13 3.5172196
148.14 3.517124
148.15 3.5170284
148.16 3.5169328
148.17 3.5168372
148.18 3.5167177
148.19 3.5166221
148.2 3.5165265
148.21 3.5164309
148.22 3.5163353
148.23 3.5162397
148.24 3.5161441
148.25 3.5160485
148.26 3.5159529
148.27 3.5158573
148.28 3.5157617
148.29 3.5156661
148.3 3.5155705
148.31 3.5154749
148.32 3.5153554
148.33 3.5152598
148.34 3.5151642
148.35 3.5150686
148.36 3.514973
148.37 3.5148774
148.38 3.5147818
148.39 3.5146862
148.4 3.5145906
148.41 3.514495
148.42 3.5143994
148.43 3.5143038
148.44 3.5142082
148.45 3.5140887
148.46 3.5139931
148.47 3.5138975
148.48 3.5138019
148.49 3.5137063
148.5 3.5136107
148.51 3.5135151
148.52 3.5134195
148.53 3.5133239
148.54 3.5132283
148.55 3.5131327
148.56 3.5130371
148.57 3.5129415
148.58 3.512822
148.59 3.5127264
148.6 3.5126308
148.61 3.5125352
148.62 3.5124396
148.63 3.512344
148.64 3.5122484
148.65 3.5121528
148.66 3.5120572
148.67 3.5119616
148.68 3.511866
148.69 3.5117704
148.7 3.5116509
148.71 3.5115553
148.72 3.5114597
148.73 3.5113641
148.74 3.5112685
148.75 3.5111729
148.76 3.5110773
148.77 3.5109817
148.78 3.5108861
148.79 3.5107905
148.8 3.5106949
148.81 3.5105993
148.82 3.5104798
148.83 3.5103842
148.84 3.5102886
148.85 3.510193
148.86 3.5100974
148.87 3.5100018
148.88 3.5099062
148.89 3.5098106
148.9 3.509715
148.91 3.5096194
148.92 3.5095238
148.93 3.5094043
148.94 3.5093087
148.95 3.5092131
148.96 3.5091175
148.97 3.5090219
148.98 3.5089263
148.99 3.5088307
149.0 3.5087351
149.01 3.5086395
149.02 3.5085439
149.03 3.5084483
149.04 3.5083288
149.05 3.5082332
149.06 3.5081376
149.07 3.508042
149.08 3.5079464
149.09 3.5078508
149.1 3.5077552
149.11 3.5076596
149.12 3.507564
149.13 3.5074684
149.14 3.5073489
149.15 3.5072533
149.16 3.5071577
149.17 3.5070621
149.18 3.5069665
149.19 3.5068709
149.2 3.5067753
149.21 3.5066797
149.22 3.5065841
149.23 3.5064885
149.24 3.5063929
149.25 3.5062734
149.26 3.5061778
149.27 3.5060822
149.28 3.5059866
149.29 3.505891
149.3 3.5057954
149.31 3.5056998
149.32 3.5056042
149.33 3.5055086
149.34 3.505413
149.35 3.5052935
149.36 3.5051979
149.37 3.5051023
149.38 3.5050067
149.39 3.5049111
149.4 3.5048155
149.41 3.5047199
149.42 3.5046243
149.43 3.5045287
149.44 3.5044331
149.45 3.5043136
149.46 3.504218
149.47 3.5041224
149.48 3.5040268
149.49 3.5039312
149.5 3.5038356
149.51 3.50374
149.52 3.5036444
149.53 3.5035488
149.54 3.5034293
149.55 3.5033337
149.56 3.5032381
149.57 3.5031425
149.58 3.5030469
149.59 3.5029513
149.6 3.5028557
149.61 3.5027601
149.62 3.5026645
149.63 3.5025689
149.64 3.5024494
149.65 3.5023538
149.66 3.5022582
149.67 3.5021626
149.68 3.502067
149.69 3.5019714
149.7 3.5018758
149.71 3.5017802
149.72 3.5016846
149.73 3.5015651
149.74 3.5014695
149.75 3.5013739
149.76 3.5012783
149.77 3.5011827
149.78 3.5010871
149.79 3.5009915
149.8 3.5008959
149.81 3.5008003
149.82 3.5006808
149.83 3.5005852
149.84 3.5004896
149.85 3.500394
149.86 3.5002984
149.87 3.5002028
149.88 3.5001072
149.89 3.5000116
149.9 3.499916
149.91 3.4997965
149.92 3.4997009
149.93 3.4996053
149.94 3.4995097
149.95 3.4994141
149.96 3.4993185
149.97 3.4992229
149.98 3.4991273
149.99 3.4990317
150.0 3.4989122
150.01 3.4988166
150.02 3.498721
150.03 3.4986254
150.04 3.4985298
150.05 3.4984342
150.06 3.4983386
150.07 3.498243
150.08 3.4981474
150.09 3.4980279
150.1 3.4979323
150.11 3.4978367
150.12 3.4977411
150.13 3.4976455
150.14 3.4975499
150.15 3.4974543
150.16 3.4973587
150.17 3.4972392
150.18 3.4971436
150.19 3.497048
150.2 3.4969524
150.21 3.4968568
150.22 3.4967612
150.23 3.4966656
150.24 3.49657
150.25 3.4964744
150.26 3.4963549
150.27 3.4962593
150.28 3.4961637
150.29 3.4960681
150.3 3.4959725
150.31 3.4958769
150.32 3.4957813
150.33 3.4956857
150.34 3.4955662
150.35 3.4954706
150.36 3.495375
150.37 3.4952794
150.38 3.4951838
150.39 3.4950882
150.4 3.4949926
150.41 3.494897
150.42 3.4947775
150.43 3.4946819
150.44 3.4945863
150.45 3.4944907
150.46 3.4943951
150.47 3.4942995
150.48 3.4942039
150.49 3.4941083
150.5 3.4940127
150.51 3.4938932
150.52 3.4937976
150.53 3.493702
150.54 3.4936064
150.55 3.4935108
150.56 3.4934152
150.57 3.4933196
150.58 3.493224
150.59 3.4931045
150.6 3.4930089
150.61 3.4929133
150.62 3.4928177
150.63 3.4927221
150.64 3.4926265
150.65 3.4925309
150.66 3.4924353
150.67 3.4923158
150.68 3.4922202
150.69 3.4921246
150.7 3.492029
150.71 3.4919334
150.72 3.4918378
150.73 3.4917422
150.74 3.4916466
150.75 3.4915271
150.76 3.4914315
150.77 3.4913359
150.78 3.4912403
150.79 3.4911447
150.8 3.4910491
150.81 3.4909535
150.82 3.4908579
150.83 3.4907384
150.84 3.4906428
150.85 3.4905472
150.86 3.4904516
150.87 3.490356
150.88 3.4902604
150.89 3.4901648
150.9 3.4900453
150.91 3.4899497
150.92 3.4898541
150.93 3.4897585
150.94 3.4896629
150.95 3.4895673
150.96 3.4894717
150.97 3.4893761
150.98 3.4892566
150.99 3.489161
151.0 3.4890654
151.01 3.4889698
151.02 3.4888742
151.03 3.4887786
151.04 3.488683
151.05 3.4885874
151.06 3.4884679
151.07 3.4883723
151.08 3.4882767
151.09 3.4881811
151.1 3.4880855
151.11 3.4879899
151.12 3.4878943
151.13 3.4877748
151.14 3.4876792
151.15 3.4875836
151.16 3.487488
151.17 3.4873924
151.18 3.4872968
151.19 3.4872012
151.2 3.4871056
151.21 3.4869861
151.22 3.4868905
151.23 3.4867949
151.24 3.4866993
151.25 3.4866037
151.26 3.4865081
151.27 3.4864125
151.28 3.4863169
151.29 3.4861974
151.3 3.4861018
151.31 3.4860062
151.32 3.4859106
151.33 3.485815
151.34 3.4857194
151.35 3.4856238
151.36 3.4855043
151.37 3.4854087
151.38 3.4853131
151.39 3.4852175
151.4 3.4851219
151.41 3.4850263
151.42 3.4849307
151.43 3.4848351
151.44 3.4847156
151.45 3.48462
151.46 3.4845244
151.47 3.4844288
151.48 3.4843332
151.49 3.4842376
151.5 3.484142
151.51 3.4840225
151.52 3.4839269
151.53 3.4838313
151.54 3.4837357
151.55 3.4836401
151.56 3.4835445
151.57 3.4834489
151.58 3.4833294
151.59 3.4832338
151.6 3.4831382
151.61 3.4830426
151.62 3.482947
151.63 3.4828514
151.64 3.4827558
151.65 3.4826602
151.66 3.4825407
151.67 3.4824451
151.68 3.4823495
151.69 3.4822539
151.7 3.4821583
151.71 3.4820627
151.72 3.4819671
151.73 3.4818476
151.74 3.481752
151.75 3.4816564
151.76 3.4815608
151.77 3.4814652
151.78 3.4813696
151.79 3.481274
151.8 3.4811545
151.81 3.4810589
151.82 3.4809633
151.83 3.4808677
151.84 3.4807721
151.85 3.4806765
151.86 3.4805809
151.87 3.4804614
151.88 3.4803658
151.89 3.4802702
151.9 3.4801746
151.91 3.480079
151.92 3.4799834
151.93 3.4798878
151.94 3.4797922
151.95 3.4796727
151.96 3.4795771
151.97 3.4794815
151.98 3.4793859
151.99 3.4792903
152.0 3.4791947
152.01 3.4790991
152.02 3.4789796
152.03 3.478884
152.04 3.4787884
152.05 3.4786928
152.06 3.4785972
152.07 3.4785016
152.08 3.478406
152.09 3.4782865
152.1 3.4781909
152.11 3.4780953
152.12 3.4779997
152.13 3.4779041
152.14 3.4778085
152.15 3.4777129
152.16 3.4775934
152.17 3.4774978
152.18 3.4774022
152.19 3.4773066
152.2 3.477211
152.21 3.4771154
152.22 3.4770198
152.23 3.4769003
152.24 3.4768047
152.25 3.4767091
152.26 3.4766135
152.27 3.4765179
152.28 3.4764223
152.29 3.4763267
152.3 3.4762072
152.31 3.4761116
152.32 3.476016
152.33 3.4759204
152.34 3.4758248
152.35 3.4757292
152.36 3.4756336
152.37 3.4755141
152.38 3.4754185
152.39 3.4753229
152.4 3.4752273
152.41 3.4751317
152.42 3.4750361
152.43 3.4749405
152.44 3.474821
152.45 3.4747254
152.46 3.4746298
152.47 3.4745342
152.48 3.4744386
152.49 3.474343
152.5 3.4742474
152.51 3.4741518
152.52 3.4740323
152.53 3.4739367
152.54 3.4738411
152.55 3.4737455
152.56 3.4736499
152.57 3.4735543
152.58 3.4734587
152.59 3.4733392
152.6 3.4732436
152.61 3.473148
152.62 3.4730524
152.63 3.4729568
152.64 3.4728612
152.65 3.4727656
152.66 3.4726461
152.67 3.4725505
152.68 3.4724549
152.69 3.4723593
152.7 3.4722637
152.71 3.4721681
152.72 3.4720725
152.73 3.471953
152.74 3.4718574
152.75 3.4717618
152.76 3.4716662
152.77 3.4715706
152.78 3.471475
152.79 3.4713794
152.8 3.4712599
152.81 3.4711643
152.82 3.4710687
152.83 3.4709731
152.84 3.4708775
152.85 3.4707819
152.86 3.4706863
152.87 3.4705668
152.88 3.4704712
152.89 3.4703756
152.9 3.47028
152.91 3.4701844
152.92 3.4700888
152.93 3.4699932
152.94 3.4698737
152.95 3.4697781
152.96 3.4696825
152.97 3.4695869
152.98 3.4694913
152.99 3.4693957
153.0 3.4693001
153.01 3.4691806
153.02 3.469085
153.03 3.4689894
153.04 3.4688938
153.05 3.4687982
153.06 3.4687026
153.07 3.468607
153.08 3.4684875
153.09 3.4683919
153.1 3.4682963
153.11 3.4682007
153.12 3.4681051
153.13 3.4680095
153.14 3.4679139
153.15 3.4677944
153.16 3.4676988
153.17 3.4676032
153.18 3.4675076
153.19 3.467412
153.2 3.4673164
153.21 3.4672208
153.22 3.4671013
153.23 3.4670057
153.24 3.4669101
153.25 3.4668145
153.26 3.4667189
153.27 3.4666233
153.28 3.4665277
153.29 3.4664082
153.3 3.4663126
153.31 3.466217
153.32 3.4661214
153.33 3.4660258
153.34 3.4659302
153.35 3.4658346
153.36 3.4657151
153.37 3.4656195
153.38 3.4655239
153.39 3.4654283
153.4 3.4653327
153.41 3.4652371
153.42 3.4651415
153.43 3.465022
153.44 3.4649264
153.45 3.4648308
153.46 3.4647352
153.47 3.4646396
153.48 3.464544
153.49 3.4644484
153.5 3.4643289
153.51 3.4642333
153.52 3.4641377
153.53 3.4640421
153.54 3.4639465
153.55 3.4638509
153.56 3.4637553
153.57 3.4636358
153.58 3.4635402
153.59 3.4634446
153.6 3.463349
153.61 3.4632534
153.62 3.4631578
153.63 3.4630622
153.64 3.4629427
153.65 3.4628471
153.66 3.4627515
153.67 3.4626559
153.68 3.4625603
153.69 3.4624647
153.7 3.4623691
153.71 3.4622496
153.72 3.462154
153.73 3.4620584
153.74 3.4619628
153.75 3.4618672
153.76 3.4617716
153.77 3.461676
153.78 3.4615565
153.79 3.4614609
153.8 3.4613653
153.81 3.4612697
153.82 3.4611741
153.83 3.4610785
153.84 3.4609829
153.85 3.4608634
153.86 3.4607678
153.87 3.4606722
153.88 3.4605766
153.89 3.460481
153.9 3.4603854
153.91 3.4602898
153.92 3.4601703
153.93 3.4600747
153.94 3.4599791
153.95 3.4598835
153.96 3.4597879
153.97 3.4596923
153.98 3.4595967
153.99 3.4594772
154.0 3.4593816
154.01 3.459286
154.02 3.4591904
154.03 3.4590948
154.04 3.4589992
154.05 3.4589036
154.06 3.4587841
154.07 3.4586885
154.08 3.4585929
154.09 3.4584973
154.1 3.4584017
154.11 3.4583061
154.12 3.4582105
154.13 3.458091
154.14 3.4579954
154.15 3.4578998
154.16 3.4578042
154.17 3.4577086
154.18 3.457613
154.19 3.4575174
154.2 3.4573979
154.21 3.4573023
154.22 3.4572067
154.23 3.4571111
154.24 3.4570155
154.25 3.4569199
154.26 3.4568243
154.27 3.4567048
154.28 3.4566092
154.29 3.4565136
154.3 3.456418
154.31 3.4563224
154.32 3.4562268
154.33 3.4561312
154.34 3.4560117
154.35 3.4559161
154.36 3.4558205
154.37 3.4557249
154.38 3.4556293
154.39 3.4555337
154.4 3.4554381
154.41 3.4553425
154.42 3.455223
154.43 3.4551274
154.44 3.4550318
154.45 3.4549362
154.46 3.4548406
154.47 3.454745
154.48 3.4546494
154.49 3.4545299
154.5 3.4544343
154.51 3.4543387
154.52 3.4542431
154.53 3.4541475
154.54 3.4540519
154.55 3.4539563
154.56 3.4538368
154.57 3.4537412
154.58 3.4536456
154.59 3.45355
154.6 3.4534544
154.61 3.4533588
154.62 3.4532632
154.63 3.4531437
154.64 3.4530481
154.65 3.4529525
154.66 3.4528569
154.67 3.4527613
154.68 3.4526657
154.69 3.4525701
154.7 3.4524745
154.71 3.452355
154.72 3.4522594
154.73 3.4521638
154.74 3.4520682
154.75 3.4519726
154.76 3.451877
154.77 3.4517814
154.78 3.4516619
154.79 3.4515663
154.8 3.4514707
154.81 3.4513751
154.82 3.4512795
154.83 3.4511839
154.84 3.4510883
154.85 3.4509927
154.86 3.4508732
154.87 3.4507776
154.88 3.450682
154.89 3.4505864
154.9 3.4504908
154.91 3.4503952
154.92 3.4502996
154.93 3.4501801
154.94 3.4500845
154.95 3.4499889
154.96 3.4498933
154.97 3.4497977
154.98 3.4497021
154.99 3.4496065
155.0 3.449487
155.01 3.4493914
155.02 3.4492958
155.03 3.4492002
155.04 3.4491046
155.05 3.449009
155.06 3.4489134
155.07 3.4488178
155.08 3.4486983
155.09 3.4486027
155.1 3.4485071
155.11 3.4484115
155.12 3.4483159
155.13 3.4482203
155.14 3.4481247
155.15 3.4480052
155.16 3.4479096
155.17 3.447814
155.18 3.4477184
155.19 3.4476228
155.2 3.4475272
155.21 3.4474316
155.22 3.447336
155.23 3.4472165
155.24 3.4471209
155.25 3.4470253
155.26 3.4469297
155.27 3.4468341
155.28 3.4467385
155.29 3.4466429
155.3 3.4465473
155.31 3.4464278
155.32 3.4463322
155.33 3.4462366
155.34 3.446141
155.35 3.4460454
155.36 3.4459498
155.37 3.4458542
155.38 3.4457347
155.39 3.4456391
155.4 3.4455435
155.41 3.4454479
155.42 3.4453523
155.43 3.4452567
155.44 3.4451611
155.45 3.4450655
155.46 3.444946
155.47 3.4448504
155.48 3.4447548
155.49 3.4446592
155.5 3.4445636
155.51 3.444468
155.52 3.4443724
155.53 3.4442768
155.54 3.4441573
155.55 3.4440617
155.56 3.4439661
155.57 3.4438705
155.58 3.4437749
155.59 3.4436793
155.6 3.4435837
155.61 3.4434881
155.62 3.4433686
155.63 3.443273
155.64 3.4431774
155.65 3.4430818
155.66 3.4429862
155.67 3.4428906
155.68 3.442795
155.69 3.4426994
155.7 3.4425799
155.71 3.4424843
155.72 3.4423887
155.73 3.4422931
155.74 3.4421975
155.75 3.4421019
155.76 3.4420063
155.77 3.4419107
155.78 3.4417912
155.79 3.4416956
155.8 3.4416
155.81 3.4415044
155.82 3.4414088
155.83 3.4413132
155.84 3.4412176
155.85 3.441122
155.86 3.4410025
155.87 3.4409069
155.88 3.4408113
155.89 3.4407157
155.9 3.4406201
155.91 3.4405245
155.92 3.4404289
155.93 3.4403333
155.94 3.4402138
155.95 3.4401182
155.96 3.4400226
155.97 3.439927
155.98 3.4398314
155.99 3.4397358
156.0 3.4396402
156.01 3.4395446
156.02 3.4394251
156.03 3.4393295
156.04 3.4392339
156.05 3.4391383
156.06 3.4390427
156.07 3.4389471
156.08 3.4388515
156.09 3.4387559
156.1 3.4386603
156.11 3.4385408
156.12 3.4384452
156.13 3.4383496
156.14 3.438254
156.15 3.4381584
156.16 3.4380628
156.17 3.4379672
156.18 3.4378716
156.19 3.4377521
156.2 3.4376565
156.21 3.4375609
156.22 3.4374653
156.23 3.4373697
156.24 3.4372741
156.25 3.4371785
156.26 3.4370829
156.27 3.4369873
156.28 3.4368678
156.29 3.4367722
156.3 3.4366766
156.31 3.436581
156.32 3.4364854
156.33 3.4363898
156.34 3.4362942
156.35 3.4361986
156.36 3.4360791
156.37 3.4359835
156.38 3.4358879
156.39 3.4357923
156.4 3.4356967
156.41 3.4356011
156.42 3.4355055
156.43 3.4354099
156.44 3.4353143
156.45 3.4351948
156.46 3.4350992
156.47 3.4350036
156.48 3.434908
156.49 3.4348124
156.5 3.4347168
156.51 3.4346212
156.52 3.4345256
156.53 3.43443
156.54 3.4343105
156.55 3.4342149
156.56 3.4341193
156.57 3.4340237
156.58 3.4339281
156.59 3.4338325
156.6 3.4337369
156.61 3.4336413
156.62 3.4335457
156.63 3.4334262
156.64 3.4333306
156.65 3.433235
156.66 3.4331394
156.67 3.4330438
156.68 3.4329482
156.69 3.4328526
156.7 3.432757
156.71 3.4326614
156.72 3.4325419
156.73 3.4324463
156.74 3.4323507
156.75 3.4322551
156.76 3.4321595
156.77 3.4320639
156.78 3.4319683
156.79 3.4318727
156.8 3.4317771
156.81 3.4316576
156.82 3.431562
156.83 3.4314664
156.84 3.4313708
156.85 3.4312752
156.86 3.4311796
156.87 3.431084
156.88 3.4309884
156.89 3.4308928
156.9 3.4307733
156.91 3.4306777
156.92 3.4305821
156.93 3.4304865
156.94 3.4303909
156.95 3.4302953
156.96 3.4301997
156.97 3.4301041
156.98 3.4300085
156.99 3.4299129
157.0 3.4297934
157.01 3.4296978
157.02 3.4296022
157.03 3.4295066
157.04 3.429411
157.05 3.4293154
157.06 3.4292198
157.07 3.4291242
157.08 3.4290286
157.09 3.428933
157.1 3.4288135
157.11 3.4287179
157.12 3.4286223
157.13 3.4285267
157.14 3.4284311
157.15 3.4283355
157.16 3.4282399
157.17 3.4281443
157.18 3.4280487
157.19 3.4279531
157.2 3.4278336
157.21 3.427738
157.22 3.4276424
157.23 3.4275468
157.24 3.4274512
157.25 3.4273556
157.26 3.42726
157.27 3.4271644
157.28 3.4270688
157.29 3.4269732
157.3 3.4268537
157.31 3.4267581
157.32 3.4266625
157.33 3.4265669
157.34 3.4264713
157.35 3.4263757
157.36 3.4262801
157.37 3.4261845
157.38 3.4260889
157.39 3.4259933
157.4 3.4258738
157.41 3.4257782
157.42 3.4256826
157.43 3.425587
157.44 3.4254914
157.45 3.4253958
157.46 3.4253002
157.47 3.4252046
157.48 3.425109
157.49 3.4250134
157.5 3.4249178
157.51 3.4247983
157.52 3.4247027
157.53 3.4246071
157.54 3.4245115
157.55 3.4244159
157.56 3.4243203
157.57 3.4242247
157.58 3.4241291
157.59 3.4240335
157.6 3.4239379
157.61 3.4238423
157.62 3.4237228
157.63 3.4236272
157.64 3.4235316
157.65 3.423436
157.66 3.4233404
157.67 3.4232448
157.68 3.4231492
157.69 3.4230536
157.7 3.422958
157.71 3.4228624
157.72 3.4227668
157.73 3.4226473
157.74 3.4225517
157.75 3.4224561
157.76 3.4223605
157.77 3.4222649
157.78 3.4221693
157.79 3.4220737
157.8 3.4219781
157.81 3.4218825
157.82 3.4217869
157.83 3.4216913
157.84 3.4215718
157.85 3.4214762
157.86 3.4213806
157.87 3.421285
157.88 3.4211894
157.89 3.4210938
157.9 3.4209982
157.91 3.4209026
157.92 3.420807
157.93 3.4207114
157.94 3.4206158
157.95 3.4205202
157.96 3.4204007
157.97 3.4203051
157.98 3.4202095
157.99 3.4201139
158.0 3.4200183
158.01 3.4199227
158.02 3.4198271
158.03 3.4197315
158.04 3.4196359
158.05 3.4195403
158.06 3.4194447
158.07 3.4193491
158.08 3.4192535
158.09 3.419134
158.1 3.4190384
158.11 3.4189428
158.12 3.4188472
158.13 3.4187516
158.14 3.418656
158.15 3.4185604
158.16 3.4184648
158.17 3.4183692
158.18 3.4182736
158.19 3.418178
158.2 3.4180824
158.21 3.4179629
158.22 3.4178673
158.23 3.4177717
158.24 3.4176761
158.25 3.4175805
158.26 3.4174849
158.27 3.4173893
158.28 3.4172937
158.29 3.4171981
158.3 3.4171025
158.31 3.4170069
158.32 3.4169113
158.33 3.4168157
158.34 3.4167201
158.35 3.4166006
158.36 3.416505
158.37 3.4164094
158.38 3.4163138
158.39 3.4162182
158.4 3.4161226
158.41 3.416027
158.42 3.4159314
158.43 3.4158358
158.44 3.4157402
158.45 3.4156446
158.46 3.415549
158.47 3.4154534
158.48 3.4153578
158.49 3.4152383
158.5 3.4151427
158.51 3.4150471
158.52 3.4149515
158.53 3.4148559
158.54 3.4147603
158.55 3.4146647
158.56 3.4145691
158.57 3.4144735
158.58 3.4143779
158.59 3.4142823
158.6 3.4141867
158.61 3.4140911
158.62 3.4139955
158.63 3.413876
158.64 3.4137804
158.65 3.4136848
158.66 3.4135892
158.67 3.4134936
158.68 3.413398
158.69 3.4133024
158.7 3.4132068
158.71 3.4131112
158.72 3.4130156
158.73 3.41292
158.74 3.4128244
158.75 3.4127288
158.76 3.4126332
158.77 3.4125376
158.78 3.412442
158.79 3.4123225
158.8 3.4122269
158.81 3.4121313
158.82 3.4120357
158.83 3.4119401
158.84 3.4118445
158.85 3.4117489
158.86 3.4116533
158.87 3.4115577
158.88 3.4114621
158.89 3.4113665
158.9 3.4112709
158.91 3.4111753
158.92 3.4110797
158.93 3.4109841
158.94 3.4108885
158.95 3.4107929
158.96 3.4106734
158.97 3.4105778
158.98 3.4104822
158.99 3.4103866
159.0 3.410291
159.01 3.4101954
159.02 3.4100998
159.03 3.4100042
159.04 3.4099086
159.05 3.409813
159.06 3.4097174
159.07 3.4096218
159.08 3.4095262
159.09 3.4094306
159.1 3.409335
159.11 3.4092394
159.12 3.4091438
159.13 3.4090482
159.14 3.4089526
159.15 3.4088331
159.16 3.4087375
159.17 3.4086419
159.18 3.4085463
159.19 3.4084507
159.2 3.4083551
159.21 3.4082595
159.22 3.4081639
159.23 3.4080683
159.24 3.4079727
159.25 3.4078771
159.26 3.4077815
159.27 3.4076859
159.28 3.4075903
159.29 3.4074947
159.3 3.4073991
159.31 3.4073035
159.32 3.4072079
159.33 3.4071123
159.34 3.4070167
159.35 3.4068972
159.36 3.4068016
159.37 3.406706
159.38 3.4066104
159.39 3.4065148
159.4 3.4064192
159.41 3.4063236
159.42 3.406228
159.43 3.4061324
159.44 3.4060368
159.45 3.4059412
159.46 3.4058456
159.47 3.40575
159.48 3.4056544
159.49 3.4055588
159.5 3.4054632
159.51 3.4053676
159.52 3.405272
159.53 3.4051764
159.54 3.4050808
159.55 3.4049852
159.56 3.4048896
159.57 3.404794
159.58 3.4046984
159.59 3.4045789
159.6 3.4044833
159.61 3.4043877
159.62 3.4042921
159.63 3.4041965
159.64 3.4041009
159.65 3.4040053
159.66 3.4039097
159.67 3.4038141
159.68 3.4037185
159.69 3.4036229
159.7 3.4035273
159.71 3.4034317
159.72 3.4033361
159.73 3.4032405
159.74 3.4031449
159.75 3.4030493
159.76 3.4029537
159.77 3.4028581
159.78 3.4027625
159.79 3.4026669
159.8 3.4025713
159.81 3.4024757
159.82 3.4023801
159.83 3.4022845
159.84 3.4021889
159.85 3.4020933
159.86 3.4019977
159.87 3.4019021
159.88 3.4018065
159.89 3.401687
159.9 3.4015914
159.91 3.4014958
159.92 3.4014002
159.93 3.4013046
159.94 3.401209
159.95 3.4011134
159.96 3.4010178
159.97 3.4009222
159.98 3.4008266
159.99 3.400731
160.0 3.4006354
160.01 3.4005398
160.02 3.4004442
160.03 3.4003486
160.04 3.400253
160.05 3.4001574
160.06 3.4000618
160.07 3.3999662
160.08 3.3998706
160.09 3.399775
160.1 3.3996794
160.11 3.3995838
160.12 3.3994882
160.13 3.3993926
160.14 3.399297
160.15 3.3992014
160.16 3.3991058
160.17 3.3990102
160.18 3.3989146
160.19 3.398819
160.2 3.3987234
160.21 3.3986278
160.22 3.3985322
160.23 3.3984366
160.24 3.398341
160.25 3.3982454
160.26 3.3981498
160.27 3.3980542
160.28 3.3979586
160.29 3.397863
160.3 3.3977674
160.31 3.3976718
160.32 3.3975762
160.33 3.3974806
160.34 3.3973611
160.35 3.3972655
160.36 3.3971699
160.37 3.3970743
160.38 3.3969787
160.39 3.3968831
160.4 3.3967875
160.41 3.3966919
160.42 3.3965963
160.43 3.3965007
160.44 3.3964051
160.45 3.3963095
160.46 3.3962139
160.47 3.3961183
160.48 3.3960227
160.49 3.3959271
160.5 3.3958315
160.51 3.3957359
160.52 3.3956403
160.53 3.3955447
160.54 3.3954491
160.55 3.3953535
160.56 3.3952579
160.57 3.3951623
160.58 3.3950667
160.59 3.3949711
160.6 3.3948755
160.61 3.3947799
160.62 3.3946843
160.63 3.3945887
160.64 3.3944931
160.65 3.3943975
160.66 3.3943019
160.67 3.3942063
160.68 3.3941107
160.69 3.3940151
160.7 3.3939195
160.71 3.3938239
160.72 3.3937283
160.73 3.3936327
160.74 3.3935371
160.75 3.3934415
160.76 3.3933459
160.77 3.3932503
160.78 3.3931547
160.79 3.3930591
160.8 3.3929635
160.81 3.3928679
160.82 3.3927723
160.83 3.3926767
160.84 3.3925811
160.85 3.3924855
160.86 3.3923899
160.87 3.3922943
160.88 3.3921987
160.89 3.3921031
160.9 3.3920075
160.91 3.3919119
160.92 3.3918163
160.93 3.3917207
160.94 3.3916251
160.95 3.3915295
160.96 3.3914339
160.97 3.3913383
160.98 3.3912427
160.99 3.3911471
161.0 3.3910515
161.01 3.3909559
161.02 3.3908603
161.03 3.3907647
161.04 3.3906691
161.05 3.3905735
161.06 3.3904779
161.07 3.3903823
161.08 3.3902867
161.09 3.3901911
161.1 3.3900955
161.11 3.3899999
161.12 3.3899043
161.13 3.3898087
161.14 3.3897131
161.15 3.3896175
161.16 3.3895219
161.17 3.3894263
161.18 3.3893307
161.19 3.3892351
161.2 3.3891634
161.21 3.3890678
161.22 3.3889722
161.23 3.3888766
161.24 3.388781
161.25 3.3886854
161.26 3.3885898
161.27 3.3884942
161.28 3.3883986
161.29 3.388303
161.3 3.3882074
161.31 3.3881118
161.32 3.3880162
161.33 3.3879206
161.34 3.387825
161.35 3.3877294
161.36 3.3876338
161.37 3.3875382
161.38 3.3874426
161.39 3.387347
161.4 3.3872514
161.41 3.3871558
161.42 3.3870602
161.43 3.3869646
161.44 3.386869
161.45 3.3867734
161.46 3.3866778
161.47 3.3865822
161.48 3.3864866
161.49 3.386391
161.5 3.3862954
161.51 3.3861998
161.52 3.3861042
161.53 3.3860086
161.54 3.385913
161.55 3.3858174
161.56 3.3857218
161.57 3.3856262
161.58 3.3855306
161.59 3.385435
161.6 3.3853394
161.61 3.3852438
161.62 3.3851482
161.63 3.3850526
161.64 3.3849809
161.65 3.3848853
161.66 3.3847897
161.67 3.3846941
161.68 3.3845985
161.69 3.3845029
161.7 3.3844073
161.71 3.3843117
161.72 3.3842161
161.73 3.3841205
161.74 3.3840249
161.75 3.3839293
161.76 3.3838337
161.77 3.3837381
161.78 3.3836425
161.79 3.3835469
161.8 3.3834513
161.81 3.3833557
161.82 3.3832601
161.83 3.3831645
161.84 3.3830689
161.85 3.3829733
161.86 3.3828777
161.87 3.3827821
161.88 3.3826865
161.89 3.3825909
161.9 3.3824953
161.91 3.3824236
161.92 3.382328
161.93 3.3822324
161.94 3.3821368
161.95 3.3820412
161.96 3.3819456
161.97 3.38185
161.98 3.3817544
161.99 3.3816588
162.0 3.3815632
162.01 3.3814676
162.02 3.381372
162.03 3.3812764
162.04 3.3811808
162.05 3.3810852
162.06 3.3809896
162.07 3.380894
162.08 3.3807984
162.09 3.3807028
162.1 3.3806072
162.11 3.3805116
162.12 3.380416
162.13 3.3803443
162.14 3.3802487
162.15 3.3801531
162.16 3.3800575
162.17 3.3799619
162.18 3.3798663
162.19 3.3797707
162.2 3.3796751
162.21 3.3795795
162.22 3.3794839
162.23 3.3793883
162.24 3.3792927
162.25 3.3791971
162.26 3.3791015
162.27 3.3790059
162.28 3.3789103
162.29 3.3788147
162.3 3.3787191
162.31 3.3786235
162.32 3.3785518
162.33 3.3784562
162.34 3.3783606
162.35 3.378265
162.36 3.3781694
162.37 3.3780738
162.38 3.3779782
162.39 3.3778826
162.4 3.377787
162.41 3.3776914
162.42 3.3775958
162.43 3.3775002
162.44 3.3774046
162.45 3.377309
162.46 3.3772134
162.47 3.3771178
162.48 3.3770461
162.49 3.3769505
162.5 3.3768549
162.51 3.3767593
162.52 3.3766637
162.53 3.3765681
162.54 3.3764725
162.55 3.3763769
162.56 3.3762813
162.57 3.3761857
162.58 3.3760901
162.59 3.3759945
162.6 3.3758989
162.61 3.3758033
162.62 3.3757077
162.63 3.3756121
162.64 3.3755404
162.65 3.3754448
162.66 3.3753492
162.67 3.3752536
162.68 3.375158
162.69 3.3750624
162.7 3.3749668
162.71 3.3748712
162.72 3.3747756
162.73 3.37468
162.74 3.3745844
162.75 3.3744888
162.76 3.3743932
162.77 3.3743215
162.78 3.3742259
162.79 3.3741303
162.8 3.3740347
162.81 3.3739391
162.82 3.3738435
162.83 3.3737479
162.84 3.3736523
162.85 3.3735567
162.86 3.3734611
162.87 3.3733655
162.88 3.3732699
162.89 3.3731743
162.9 3.3731026
162.91 3.373007
162.92 3.3729114
162.93 3.3728158
162.94 3.3727202
162.95 3.3726246
162.96 3.372529
162.97 3.3724334
162.98 3.3723378
162.99 3.3722422
163.0 3.3721466
163.01 3.372051
163.02 3.3719793
163.03 3.3718837
163.04 3.3717881
163.05 3.3716925
163.06 3.3715969
163.07 3.3715013
163.08 3.3714057
163.09 3.3713101
163.1 3.3712145
163.11 3.3711189
163.12 3.3710233
163.13 3.3709277
163.14 3.370856
163.15 3.3707604
163.16 3.3706648
163.17 3.3705692
163.18 3.3704736
163.19 3.370378
163.2 3.3702824
163.21 3.3701868
163.22 3.3700912
163.23 3.3699956
163.24 3.3699239
163.25 3.3698283
163.26 3.3697327
163.27 3.3696371
163.28 3.3695415
163.29 3.3694459
163.3 3.3693503
163.31 3.3692547
163.32 3.3691591
163.33 3.3690635
163.34 3.3689679
163.35 3.3688962
163.36 3.3688006
163.37 3.368705
163.38 3.3686094
163.39 3.3685138
163.4 3.3684182
163.41 3.3683226
163.42 3.368227
163.43 3.3681314
163.44 3.3680358
163.45 3.3679641
163.46 3.3678685
163.47 3.3677729
163.48 3.3676773
163.49 3.3675817
163.5 3.3674861
163.51 3.3673905
163.52 3.3672949
163.53 3.3671993
163.54 3.3671276
163.55 3.367032
163.56 3.3669364
163.57 3.3668408
163.58 3.3667452
163.59 3.3666496
163.6 3.366554
163.61 3.3664584
163.62 3.3663628
163.63 3.3662911
163.64 3.3661955
163.65 3.3660999
163.66 3.3660043
163.67 3.3659087
163.68 3.3658131
163.69 3.3657175
163.7 3.3656219
163.71 3.3655263
163.72 3.3654546
163.73 3.365359
163.74 3.3652634
163.75 3.3651678
163.76 3.3650722
163.77 3.3649766
163.78 3.364881
163.79 3.3647854
163.8 3.3646898
163.81 3.3646181
163.82 3.3645225
163.83 3.3644269
163.84 3.3643313
163.85 3.3642357
163.86 3.3641401
163.87 3.3640445
163.88 3.3639489
163.89 3.3638772
163.9 3.3637816
163.91 3.363686
163.92 3.3635904
163.93 3.3634948
163.94 3.3633992
163.95 3.3633036
163.96 3.363208
163.97 3.3631363
163.98 3.3630407
163.99 3.3629451
164.0 3.3628495
164.01 3.3627539
164.02 3.3626583
164.03 3.3625627
164.04 3.3624671
164.05 3.3623954
164.06 3.3622998
164.07 3.3622042
164.08 3.3621086
164.09 3.362013
164.1 3.3619174
164.11 3.3618218
164.12 3.3617262
164.13 3.3616545
164.14 3.3615589
164.15 3.3614633
164.16 3.3613677
164.17 3.3612721
164.18 3.3611765
164.19 3.3610809
164.2 3.3610092
164.21 3.3609136
164.22 3.360818
164.23 3.3607224
164.24 3.3606268
164.25 3.3605312
164.26 3.3604356
164.27 3.36034
164.28 3.3602683
164.29 3.3601727
164.3 3.3600771
164.31 3.3599815
164.32 3.3598859
164.33 3.3597903
164.34 3.3596947
164.35 3.359623
164.36 3.3595274
164.37 3.3594318
164.38 3.3593362
164.39 3.3592406
164.4 3.359145
164.41 3.3590494
164.42 3.3589777
164.43 3.3588821
164.44 3.3587865
164.45 3.3586909
164.46 3.3585953
164.47 3.3584997
164.48 3.3584041
164.49 3.3583324
164.5 3.3582368
164.51 3.3581412
164.52 3.3580456
164.53 3.35795
164.54 3.3578544
164.55 3.3577827
164.56 3.3576871
164.57 3.3575915
164.58 3.3574959
164.59 3.3574003
164.6 3.3573047
164.61 3.3572091
164.62 3.3571374
164.63 3.3570418
164.64 3.3569462
164.65 3.3568506
164.66 3.356755
164.67 3.3566594
164.68 3.3565877
164.69 3.3564921
164.7 3.3563965
164.71 3.3563009
164.72 3.3562053
164.73 3.3561097
164.74 3.3560141
164.75 3.3559424
164.76 3.3558468
164.77 3.3557512
164.78 3.3556556
164.79 3.35556
164.8 3.3554644
164.81 3.3553927
164.82 3.3552971
164.83 3.3552015
164.84 3.3551059
164.85 3.3550103
164.86 3.3549147
164.87 3.354843
164.88 3.3547474
164.89 3.3546518
164.9 3.3545562
164.91 3.3544606
164.92 3.354365
164.93 3.3542933
164.94 3.3541977
164.95 3.3541021
164.96 3.3540065
164.97 3.3539109
164.98 3.3538153
164.99 3.3537436
165.0 3.353648
165.01 3.3535524
165.02 3.3534568
165.03 3.3533612
165.04 3.3532656
165.05 3.3531939
165.06 3.3530983
165.07 3.3530027
165.08 3.3529071
165.09 3.3528115
165.1 3.3527398
165.11 3.3526442
165.12 3.3525486
165.13 3.352453
165.14 3.3523574
165.15 3.3522618
165.16 3.3521901
165.17 3.3520945
165.18 3.3519989
165.19 3.3519033
165.2 3.3518077
165.21 3.3517121
165.22 3.3516404
165.23 3.3515448
165.24 3.3514492
165.25 3.3513536
165.26 3.351258
165.27 3.3511863
165.28 3.3510907
165.29 3.3509951
165.3 3.3508995
165.31 3.3508039
165.32 3.3507322
165.33 3.3506366
165.34 3.350541
165.35 3.3504454
165.36 3.3503498
165.37 3.3502542
165.38 3.3501825
165.39 3.3500869
165.4 3.3499913
165.41 3.3498957
165.42 3.3498001
165.43 3.3497284
165.44 3.3496328
165.45 3.3495372
165.46 3.3494416
165.47 3.349346
165.48 3.3492743
165.49 3.3491787
165.5 3.3490831
165.51 3.3489875
165.52 3.3488919
165.53 3.3488202
165.54 3.3487246
165.55 3.348629
165.56 3.3485334
165.57 3.3484378
165.58 3.3483661
165.59 3.3482705
165.6 3.3481749
165.61 3.3480793
165.62 3.3479837
165.63 3.3478881
165.64 3.3478164
165.65 3.3477208
165.66 3.3476252
165.67 3.3475296
165.68 3.3474579
165.69 3.3473623
165.7 3.3472667
165.71 3.3471711
165.72 3.3470755
165.73 3.3470038
165.74 3.3469082
165.75 3.3468126
165.76 3.346717
165.77 3.3466214
165.78 3.3465497
165.79 3.3464541
165.8 3.3463585
165.81 3.3462629
165.82 3.3461673
165.83 3.3460956
165.84 3.346
165.85 3.3459044
165.86 3.3458088
165.87 3.3457132
165.88 3.3456415
165.89 3.3455459
165.9 3.3454503
165.91 3.3453547
165.92 3.345283
165.93 3.3451874
165.94 3.3450918
165.95 3.3449962
165.96 3.3449006
165.97 3.3448289
165.98 3.3447333
165.99 3.3446377
166.0 3.3445421
166.01 3.3444465
166.02 3.3443748
166.03 3.3442792
166.04 3.3441836
166.05 3.344088
166.06 3.3440163
166.07 3.3439207
166.08 3.3438251
166.09 3.3437295
166.1 3.3436339
166.11 3.3435622
166.12 3.3434666
166.13 3.343371
166.14 3.3432754
166.15 3.3432037
166.16 3.3431081
166.17 3.3430125
166.18 3.3429169
166.19 3.3428213
166.2 3.3427496
166.21 3.342654
166.22 3.3425584
166.23 3.3424628
166.24 3.3423911
166.25 3.3422955
166.26 3.3421999
166.27 3.3421043
166.28 3.3420326
166.29 3.341937
166.3 3.3418414
166.31 3.3417458
166.32 3.3416502
166.33 3.3415785
166.34 3.3414829
166.35 3.3413873
166.36 3.3412917
166.37 3.34122
166.38 3.3411244
166.39 3.3410288
166.4 3.3409332
166.41 3.3408615
166.42 3.3407659
166.43 3.3406703
166.44 3.3405747
166.45 3.340503
166.46 3.3404074
166.47 3.3403118
166.48 3.3402162
166.49 3.3401206
166.5 3.3400489
166.51 3.3399533
166.52 3.3398577
166.53 3.3397621
166.54 3.3396904
166.55 3.3395948
166.56 3.3394992
166.57 3.3394036
166.58 3.3393319
166.59 3.3392363
166.6 3.3391407
166.61 3.3390451
166.62 3.3389734
166.63 3.3388778
166.64 3.3387822
166.65 3.3386866
166.66 3.3386149
166.67 3.3385193
166.68 3.3384237
166.69 3.3383281
166.7 3.3382564
166.71 3.3381608
166.72 3.3380652
166.73 3.3379696
166.74 3.3378979
166.75 3.3378023
166.76 3.3377067
166.77 3.3376111
166.78 3.3375394
166.79 3.3374438
166.8 3.3373482
166.81 3.3372526
166.82 3.3371809
166.83 3.3370853
166.84 3.3369897
166.85 3.3368941
166.86 3.3368224
166.87 3.3367268
166.88 3.3366312
166.89 3.3365356
166.9 3.3364639
166.91 3.3363683
166.92 3.3362727
166.93 3.336201
166.94 3.3361054
166.95 3.3360098
166.96 3.3359142
166.97 3.3358425
166.98 3.3357469
166.99 3.3356513
167.0 3.3355557
167.01 3.335484
167.02 3.3353884
167.03 3.3352928
167.04 3.3351972
167.05 3.3351255
167.06 3.3350299
167.07 3.3349343
167.08 3.3348626
167.09 3.334767
167.1 3.3346714
167.11 3.3345758
167.12 3.3345041
167.13 3.3344085
167.14 3.3343129
167.15 3.3342173
167.16 3.3341456
167.17 3.33405
167.18 3.3339544
167.19 3.3338827
167.2 3.3337871
167.21 3.3336915
167.22 3.3335959
167.23 3.3335242
167.24 3.3334286
167.25 3.333333
167.26 3.3332374
167.27 3.3331657
167.28 3.3330701
167.29 3.3329745
167.3 3.3329028
167.31 3.3328072
167.32 3.3327116
167.33 3.332616
167.34 3.3325443
167.35 3.3324487
167.36 3.3323531
167.37 3.3322814
167.38 3.3321858
167.39 3.3320902
167.4 3.3319946
167.41 3.3319229
167.42 3.3318273
167.43 3.3317317
167.44 3.33166
167.45 3.3315644
167.46 3.3314688
167.47 3.3313732
167.48 3.3313015
167.49 3.3312059
167.5 3.3311103
167.51 3.3310386
167.52 3.330943
167.53 3.3308474
167.54 3.3307518
167.55 3.3306801
167.56 3.3305845
167.57 3.3304889
167.58 3.3304172
167.59 3.3303216
167.6 3.330226
167.61 3.3301304
167.62 3.3300587
167.63 3.3299631
167.64 3.3298675
167.65 3.3297958
167.66 3.3297002
167.67 3.3296046
167.68 3.3295329
167.69 3.3294373
167.7 3.3293417
167.71 3.3292461
167.72 3.3291744
167.73 3.3290788
167.74 3.3289832
167.75 3.3289115
167.76 3.3288159
167.77 3.3287203
167.78 3.3286486
167.79 3.328553
167.8 3.3284574
167.81 3.3283857
167.82 3.3282901
167.83 3.3281945
167.84 3.3280989
167.85 3.3280272
167.86 3.3279316
167.87 3.327836
167.88 3.3277643
167.89 3.3276687
167.9 3.3275731
167.91 3.3275014
167.92 3.3274058
167.93 3.3273102
167.94 3.3272385
167.95 3.3271429
167.96 3.3270473
167.97 3.3269517
167.98 3.32688
167.99 3.3267844
168.0 3.3266888
168.01 3.3266171
168.02 3.3265215
168.03 3.3264259
168.04 3.3263542
168.05 3.3262586
168.06 3.326163
168.07 3.3260913
168.08 3.3259957
168.09 3.3259001
168.1 3.3258284
168.11 3.3257328
168.12 3.3256372
168.13 3.3255655
168.14 3.3254699
168.15 3.3253743
168.16 3.3252787
168.17 3.325207
168.18 3.3251114
168.19 3.3250158
168.2 3.3249441
168.21 3.3248485
168.22 3.3247529
168.23 3.3246812
168.24 3.3245856
168.25 3.32449
168.26 3.3244183
168.27 3.3243227
168.28 3.3242271
168.29 3.3241554
168.3 3.3240598
168.31 3.3239642
168.32 3.3238925
168.33 3.3237969
168.34 3.3237013
168.35 3.3236296
168.36 3.323534
168.37 3.3234384
168.38 3.3233667
168.39 3.3232711
168.4 3.3231755
168.41 3.3231038
168.42 3.3230082
168.43 3.3229126
168.44 3.3228409
168.45 3.3227453
168.46 3.3226497
168.47 3.322578
168.48 3.3224824
168.49 3.3223868
168.5 3.3223151
168.51 3.3222195
168.52 3.3221239
168.53 3.3220522
168.54 3.3219566
168.55 3.321861
168.56 3.3217893
168.57 3.3216937
168.58 3.3215981
168.59 3.3215264
168.6 3.3214308
168.61 3.3213591
168.62 3.3212635
168.63 3.3211679
168.64 3.3210962
168.65 3.3210006
168.66 3.320905
168.67 3.3208333
168.68 3.3207377
168.69 3.3206421
168.7 3.3205704
168.71 3.3204748
168.72 3.3203792
168.73 3.3203075
168.74 3.3202119
168.75 3.3201163
168.76 3.3200446
168.77 3.319949
168.78 3.3198534
168.79 3.3197817
168.8 3.3196861
168.81 3.3196144
168.82 3.3195188
168.83 3.3194232
168.84 3.3193515
168.85 3.3192559
168.86 3.3191603
168.87 3.3190886
168.88 3.318993
168.89 3.3188974
168.9 3.3188257
168.91 3.3187301
168.92 3.3186345
168.93 3.3185628
168.94 3.3184672
168.95 3.3183955
168.96 3.3182999
168.97 3.3182043
168.98 3.3181326
168.99 3.318037
169.0 3.3179414
169.01 3.3178697
169.02 3.3177741
169.03 3.3176785
169.04 3.3176068
169.05 3.3175112
169.06 3.3174395
169.07 3.3173439
169.08 3.3172483
169.09 3.3171766
169.1 3.317081
169.11 3.3169854
169.12 3.3169137
169.13 3.3168181
169.14 3.3167464
169.15 3.3166508
169.16 3.3165552
169.17 3.3164835
169.18 3.3163879
169.19 3.3162923
169.2 3.3162206
169.21 3.316125
169.22 3.3160533
169.23 3.3159577
169.24 3.3158621
169.25 3.3157904
169.26 3.3156948
169.27 3.3155992
169.28 3.3155275
169.29 3.3154319
169.3 3.3153602
169.31 3.3152646
169.32 3.315169
169.33 3.3150973
169.34 3.3150017
169.35 3.3149061
169.36 3.3148344
169.37 3.3147388
169.38 3.3146671
169.39 3.3145715
169.4 3.3144759
169.41 3.3144042
169.42 3.3143086
169.43 3.3142369
169.44 3.3141413
169.45 3.3140457
169.46 3.313974
169.47 3.3138784
169.48 3.3137828
169.49 3.3137111
169.5 3.3136155
169.51 3.3135438
169.52 3.3134482
169.53 3.3133526
169.54 3.3132809
169.55 3.3131853
169.56 3.3131136
169.57 3.313018
169.58 3.3129224
169.59 3.3128507
169.6 3.3127551
169.61 3.3126834
169.62 3.3125878
169.63 3.3124922
169.64 3.3124205
169.65 3.3123249
169.66 3.3122532
169.67 3.3121576
169.68 3.312062
169.69 3.3119903
169.7 3.3118947
169.71 3.311823
169.72 3.3117274
169.73 3.3116318
169.74 3.3115601
169.75 3.3114645
169.76 3.3113928
169.77 3.3112972
169.78 3.3112016
169.79 3.3111299
169.8 3.3110343
169.81 3.3109626
169.82 3.310867
169.83 3.3107714
169.84 3.3106997
169.85 3.3106041
169.86 3.3105324
169.87 3.3104368
169.88 3.3103412
169.89 3.3102695
169.9 3.3101739
169.91 3.3101022
169.92 3.3100066
169.93 3.3099349
169.94 3.3098393
169.95 3.3097437
169.96 3.309672
169.97 3.3095764
169.98 3.3095047
169.99 3.3094091
170.0 3.3093135
170.01 3.3092418
170.02 3.3091462
170.03 3.3090745
170.04 3.3089789
170.05 3.3089072
170.06 3.3088116
170.07 3.308716
170.08 3.3086443
170.09 3.3085487
170.1 3.308477
170.11 3.3083814
170.12 3.3082858
170.13 3.3082141
170.14 3.3081185
170.15 3.3080468
170.16 3.3079512
170.17 3.3078795
170.18 3.3077839
170.19 3.3076883
170.2 3.3076166
170.21 3.307521
170.22 3.3074493
170.23 3.3073537
170.24 3.307282
170.25 3.3071864
170.26 3.3070908
170.27 3.3070191
170.28 3.3069235
170.29 3.3068518
170.3 3.3067562
170.31 3.3066845
170.32 3.3065889
170.33 3.3064933
170.34 3.3064216
170.35 3.306326
170.36 3.3062543
170.37 3.3061587
170.38 3.306087
170.39 3.3059914
170.4 3.3058958
170.41 3.3058241
170.42 3.3057285
170.43 3.3056568
170.44 3.3055612
170.45 3.3054895
170.46 3.3053939
170.47 3.3053222
170.48 3.3052266
170.49 3.305131
170.5 3.3050593
170.51 3.3049637
170.52 3.304892
170.53 3.3047964
170.54 3.3047247
170.55 3.3046291
170.56 3.3045574
170.57 3.3044618
170.58 3.3043662
170.59 3.3042945
170.6 3.3041989
170.61 3.3041272
170.62 3.3040316
170.63 3.3039599
170.64 3.3038643
170.65 3.3037926
170.66 3.303697
170.67 3.3036014
170.68 3.3035297
170.69 3.3034341
170.7 3.3033624
170.71 3.3032668
170.72 3.3031951
170.73 3.3030995
170.74 3.3030278
170.75 3.3029322
170.76 3.3028605
170.77 3.3027649
170.78 3.3026693
170.79 3.3025976
170.8 3.302502
170.81 3.3024303
170.82 3.3023347
170.83 3.302263
170.84 3.3021674
170.85 3.3020957
170.86 3.3020001
170.87 3.3019284
170.88 3.3018328
170.89 3.3017372
170.9 3.3016655
170.91 3.3015699
170.92 3.3014982
170.93 3.3014026
170.94 3.3013309
170.95 3.3012353
170.96 3.3011636
170.97 3.301068
170.98 3.3009963
170.99 3.3009007
171.0 3.300829
171.01 3.3007334
171.02 3.3006617
171.03 3.3005661
171.04 3.3004705
171.05 3.3003988
171.06 3.3003032
171.07 3.3002315
171.08 3.3001359
171.09 3.3000642
171.1 3.2999686
171.11 3.2998969
171.12 3.2998013
171.13 3.2997296
171.14 3.299634
171.15 3.2995623
171.16 3.2994667
171.17 3.299395
171.18 3.2992994
171.19 3.2992277
171.2 3.2991321
171.21 3.2990604
171.22 3.2989648
171.23 3.2988692
171.24 3.2987975
171.25 3.2987019
171.26 3.2986302
171.27 3.2985346
171.28 3.2984629
171.29 3.2983673
171.3 3.2982956
171.31 3.2982
171.32 3.2981283
171.33 3.2980327
171.34 3.297961
171.35 3.2978654
171.36 3.2977937
171.37 3.2976981
171.38 3.2976264
171.39 3.2975308
171.4 3.2974591
171.41 3.2973635
171.42 3.2972918
171.43 3.2971962
171.44 3.2971245
171.45 3.2970289
171.46 3.2969572
171.47 3.2968616
171.48 3.2967899
171.49 3.2966943
171.5 3.2966226
171.51 3.296527
171.52 3.2964553
171.53 3.2963597
171.54 3.296288
171.55 3.2961924
171.56 3.2961207
171.57 3.2960251
171.58 3.2959534
171.59 3.2958578
171.6 3.2957861
171.61 3.2956905
171.62 3.2956188
171.63 3.2955232
171.64 3.2954515
171.65 3.2953559
171.66 3.2952842
171.67 3.2951886
171.68 3.2951169
171.69 3.2950213
171.7 3.2949496
171.71 3.294854
171.72 3.2947823
171.73 3.2946867
171.74 3.294615
171.75 3.2945194
171.76 3.2944477
171.77 3.2943521
171.78 3.2942804
171.79 3.2941848
171.8 3.2941131
171.81 3.2940175
171.82 3.2939458
171.83 3.2938502
171.84 3.2937785
171.85 3.2936829
171.86 3.2936112
171.87 3.2935156
171.88 3.2934439
171.89 3.2933483
171.9 3.2932766
171.91 3.293181
171.92 3.2931093
171.93 3.2930137
171.94 3.292942
171.95 3.2928464
171.96 3.2927747
171.97 3.2926791
171.98 3.2926074
171.99 3.2925118
172.0 3.2924401
172.01 3.2923445
172.02 3.2922728
172.03 3.2921772
172.04 3.2921055
172.05 3.2920338
172.06 3.2919382
172.07 3.2918665
172.08 3.2917709
172.09 3.2916992
172.1 3.2916036
172.11 3.2915319
172.12 3.2914363
172.13 3.2913646
172.14 3.291269
172.15 3.2911973
172.16 3.2911017
172.17 3.29103
172.18 3.2909344
172.19 3.2908627
172.2 3.2907671
172.21 3.2906954
172.22 3.2905998
172.23 3.2905281
172.24 3.2904564
172.25 3.2903608
172.26 3.2902891
172.27 3.2901935
172.28 3.2901218
172.29 3.2900262
172.3 3.2899545
172.31 3.2898589
172.32 3.2897872
172.33 3.2896916
172.34 3.2896199
172.35 3.2895243
172.36 3.2894526
172.37 3.289357
172.38 3.2892853
172.39 3.2892136
172.4 3.289118
172.41 3.2890463
172.42 3.2889507
172.43 3.288879
172.44 3.2887834
172.45 3.2887117
172.46 3.2886161
172.47 3.2885444
172.48 3.2884488
172.49 3.2883771
172.5 3.2883054
172.51 3.2882098
172.52 3.2881381
172.53 3.2880425
172.54 3.2879708
172.55 3.2878752
172.56 3.2878035
172.57 3.2877079
172.58 3.2876362
172.59 3.2875406
172.6 3.2874689
172.61 3.2873972
172.62 3.2873016
172.63 3.2872299
172.64 3.2871343
172.65 3.2870626
172.66 3.286967
172.67 3.2868953
172.68 3.2867997
172.69 3.286728
172.7 3.2866563
172.71 3.2865607
172.72 3.286489
172.73 3.2863934
172.74 3.2863217
172.75 3.2862261
172.76 3.2861544
172.77 3.2860588
172.78 3.2859871
172.79 3.2859154
172.8 3.2858198
172.81 3.2857481
172.82 3.2856525
172.83 3.2855808
172.84 3.2854852
172.85 3.2854135
172.86 3.2853179
172.87 3.2852462
172.88 3.2851745
172.89 3.2850789
172.9 3.2850072
172.91 3.2849116
172.92 3.2848399
172.93 3.2847443
172.94 3.2846726
172.95 3.2846009
172.96 3.2845053
172.97 3.2844336
172.98 3.284338
172.99 3.2842663
173.0 3.2841707
173.01 3.284099
173.02 3.2840273
173.03 3.2839317
173.04 3.28386
173.05 3.2837644
173.06 3.2836927
173.07 3.2835971
173.08 3.2835254
173.09 3.2834537
173.1 3.2833581
173.11 3.2832864
173.12 3.2831908
173.13 3.2831191
173.14 3.2830235
173.15 3.2829518
173.16 3.2828801
173.17 3.2827845
173.18 3.2827128
173.19 3.2826172
173.2 3.2825455
173.21 3.2824499
173.22 3.2823782
173.23 3.2823065
173.24 3.2822109
173.25 3.2821392
173.26 3.2820436
173.27 3.2819719
173.28 3.2819002
173.29 3.2818046
173.3 3.2817329
173.31 3.2816373
173.32 3.2815656
173.33 3.28147
173.34 3.2813983
173.35 3.2813266
173.36 3.281231
173.37 3.2811593
173.38 3.2810637
173.39 3.280992
173.4 3.2809203
173.41 3.2808247
173.42 3.280753
173.43 3.2806574
173.44 3.2805857
173.45 3.280514
173.46 3.2804184
173.47 3.2803467
173.48 3.2802511
173.49 3.2801794
173.5 3.2801077
173.51 3.2800121
173.52 3.2799404
173.53 3.2798448
173.54 3.2797731
173.55 3.2797014
173.56 3.2796058
173.57 3.2795341
173.58 3.2794385
173.59 3.2793668
173.6 3.2792951
173.61 3.2791995
173.62 3.2791278
173.63 3.2790322
173.64 3.2789605
173.65 3.2788888
173.66 3.2787932
173.67 3.2787215
173.68 3.2786259
173.69 3.2785542
173.7 3.2784825
173.71 3.2783869
173.72 3.2783152
173.73 3.2782196
173.74 3.2781479
173.75 3.2780762
173.76 3.2779806
173.77 3.2779089
173.78 3.2778133
173.79 3.2777416
173.8 3.2776699
173.81 3.2775743
173.82 3.2775026
173.83 3.2774309
173.84 3.2773353
173.85 3.2772636
173.86 3.277168
173.87 3.2770963
173.88 3.2770246
173.89 3.276929
173.9 3.2768573
173.91 3.2767617
173.92 3.27669
173.93 3.2766183
173.94 3.2765227
173.95 3.276451
173.96 3.2763793
173.97 3.2762837
173.98 3.276212
173.99 3.2761164
174.0 3.2760447
174.01 3.275973
174.02 3.2758774
174.03 3.2758057
174.04 3.275734
174.05 3.2756384
174.06 3.2755667
174.07 3.2754711
174.08 3.2753994
174.09 3.2753277
174.1 3.2752321
174.11 3.2751604
174.12 3.2750887
174.13 3.2749931
174.14 3.2749214
174.15 3.2748258
174.16 3.2747541
174.17 3.2746824
174.18 3.2745868
174.19 3.2745151
174.2 3.2744434
174.21 3.2743478
174.22 3.2742761
174.23 3.2741805
174.24 3.2741088
174.25 3.2740371
174.26 3.2739415
174.27 3.2738698
174.28 3.2737981
174.29 3.2737025
174.3 3.2736308
174.31 3.2735591
174.32 3.2734635
174.33 3.2733918
174.34 3.2732962
174.35 3.2732245
174.36 3.2731528
174.37 3.2730572
174.38 3.2729855
174.39 3.2729138
174.4 3.2728182
174.41 3.2727465
174.42 3.2726748
174.43 3.2725792
174.44 3.2725075
174.45 3.2724358
174.46 3.2723402
174.47 3.2722685
174.48 3.2721729
174.49 3.2721012
174.5 3.2720295
174.51 3.2719339
174.52 3.2718622
174.53 3.2717905
174.54 3.2716949
174.55 3.2716232
174.56 3.2715515
174.57 3.2714559
174.58 3.2713842
174.59 3.2713125
174.6 3.2712169
174.61 3.2711452
174.62 3.2710735
174.63 3.2709779
174.64 3.2709062
174.65 3.2708345
174.66 3.2707389
174.67 3.2706672
174.68 3.2705716
174.69 3.2704999
174.7 3.2704282
174.71 3.2703326
174.72 3.2702609
174.73 3.2701892
174.74 3.2700936
174.75 3.2700219
174.76 3.2699502
174.77 3.2698546
174.78 3.2697829
174.79 3.2697112
174.8 3.2696156
174.81 3.2695439
174.82 3.2694722
174.83 3.2693766
174.84 3.2693049
174.85 3.2692332
174.86 3.2691376
174.87 3.2690659
174.88 3.2689942
174.89 3.2688986
174.9 3.2688269
174.91 3.2687552
174.92 3.2686596
174.93 3.2685879
174.94 3.2685162
174.95 3.2684206
174.96 3.2683489
174.97 3.2682772
174.98 3.2681816
174.99 3.2681099
175.0 3.2680382
175.01 3.2679426
175.02 3.2678709
175.03 3.2677992
175.04 3.2677036
175.05 3.2676319
175.06 3.2675602
175.07 3.2674646
175.08 3.2673929
175.09 3.2673212
175.1 3.2672256
175.11 3.2671539
175.12 3.2670822
175.13 3.2670105
175.14 3.2669149
175.15 3.2668432
175.16 3.2667715
175.17 3.2666759
175.18 3.2666042
175.19 3.2665325
175.2 3.2664369
175.21 3.2663652
175.22 3.2662935
175.23 3.2661979
175.24 3.2661262
175.25 3.2660545
175.26 3.2659589
175.27 3.2658872
175.28 3.2658155
175.29 3.2657199
175.3 3.2656482
175.31 3.2655765
175.32 3.2655048
175.33 3.2654092
175.34 3.2653375
175.35 3.2652658
175.36 3.2651702
175.37 3.2650985
175.38 3.2650268
175.39 3.2649312
175.4 3.2648595
175.41 3.2647878
175.42 3.2646922
175.43 3.2646205
175.44 3.2645488
175.45 3.2644771
175.46 3.2643815
175.47 3.2643098
175.48 3.2642381
175.49 3.2641425
175.5 3.2640708
175.51 3.2639991
175.52 3.2639035
175.53 3.2638318
175.54 3.2637601
175.55 3.2636645
175.56 3.2635928
175.57 3.2635211
175.58 3.2634494
175.59 3.2633538
175.6 3.2632821
175.61 3.2632104
175.62 3.2631148
175.63 3.2630431
175.64 3.2629714
175.65 3.2628997
175.66 3.2628041
175.67 3.2627324
175.68 3.2626607
175.69 3.2625651
175.7 3.2624934
175.71 3.2624217
175.72 3.2623261
175.73 3.2622544
175.74 3.2621827
175.75 3.262111
175.76 3.2620154
175.77 3.2619437
175.78 3.261872
175.79 3.2617764
175.8 3.2617047
175.81 3.261633
175.82 3.2615613
175.83 3.2614657
175.84 3.261394
175.85 3.2613223
175.86 3.2612267
175.87 3.261155
175.88 3.2610833
175.89 3.2610116
175.9 3.260916
175.91 3.2608443
175.92 3.2607726
175.93 3.260677
175.94 3.2606053
175.95 3.2605336
175.96 3.2604619
175.97 3.2603663
175.98 3.2602946
175.99 3.2602229
176.0 3.2601512
176.01 3.2600556
176.02 3.2599839
176.03 3.2599122
176.04 3.2598166
176.05 3.2597449
176.06 3.2596732
176.07 3.2596015
176.08 3.2595059
176.09 3.2594342
176.1 3.2593625
176.11 3.2592669
176.12 3.2591952
176.13 3.2591235
176.14 3.2590518
176.15 3.2589562
176.16 3.2588845
176.17 3.2588128
176.18 3.2587411
176.19 3.2586455
176.2 3.2585738
176.21 3.2585021
176.22 3.2584304
176.23 3.2583348
176.24 3.2582631
176.25 3.2581914
176.26 3.2580958
176.27 3.2580241
176.28 3.2579524
176.29 3.2578807
176.3 3.2577851
176.31 3.2577134
176.32 3.2576417
176.33 3.25757
176.34 3.2574744
176.35 3.2574027
176.36 3.257331
176.37 3.2572593
176.38 3.2571637
176.39 3.257092
176.4 3.2570203
176.41 3.2569486
176.42 3.256853
176.43 3.2567813
176.44 3.2567096
176.45 3.2566379
176.46 3.2565423
176.47 3.2564706
176.48 3.2563989
176.49 3.2563272
176.5 3.2562316
176.51 3.2561599
176.52 3.2560882
176.53 3.2560165
176.54 3.2559209
176.55 3.2558492
176.56 3.2557775
176.57 3.2557058
176.58 3.2556102
176.59 3.2555385
176.6 3.2554668
176.61 3.2553951
176.62 3.2552995
176.63 3.2552278
176.64 3.2551561
176.65 3.2550844
176.66 3.2549888
176.67 3.2549171
176.68 3.2548454
176.69 3.2547737
176.7 3.2546781
176.71 3.2546064
176.72 3.2545347
176.73 3.254463
176.74 3.2543674
176.75 3.2542957
176.76 3.254224
176.77 3.2541523
176.78 3.2540567
176.79 3.253985
176.8 3.2539133
176.81 3.2538416
176.82 3.253746
176.83 3.2536743
176.84 3.2536026
176.85 3.2535309
176.86 3.2534592
176.87 3.2533636
176.88 3.2532919
176.89 3.2532202
176.9 3.2531485
176.91 3.2530529
176.92 3.2529812
176.93 3.2529095
176.94 3.2528378
176.95 3.2527422
176.96 3.2526705
176.97 3.2525988
176.98 3.2525271
176.99 3.2524554
177.0 3.2523598
177.01 3.2522881
177.02 3.2522164
177.03 3.2521447
177.04 3.2520491
177.05 3.2519774
177.06 3.2519057
177.07 3.251834
177.08 3.2517384
177.09 3.2516667
177.1 3.251595
177.11 3.2515233
177.12 3.2514516
177.13 3.251356
177.14 3.2512843
177.15 3.2512126
177.16 3.2511409
177.17 3.2510453
177.18 3.2509736
177.19 3.2509019
177.2 3.2508302
177.21 3.2507585
177.22 3.2506629
177.23 3.2505912
177.24 3.2505195
177.25 3.2504478
177.26 3.2503761
177.27 3.2502805
177.28 3.2502088
177.29 3.2501371
177.3 3.2500654
177.31 3.2499698
177.32 3.2498981
177.33 3.2498264
177.34 3.2497547
177.35 3.249683
177.36 3.2495874
177.37 3.2495157
177.38 3.249444
177.39 3.2493723
177.4 3.2493006
177.41 3.249205
177.42 3.2491333
177.43 3.2490616
177.44 3.2489899
177.45 3.2489182
177.46 3.2488226
177.47 3.2487509
177.48 3.2486792
177.49 3.2486075
177.5 3.2485358
177.51 3.2484402
177.52 3.2483685
177.53 3.2482968
177.54 3.2482251
177.55 3.2481295
177.56 3.2480578
177.57 3.2479861
177.58 3.2479144
177.59 3.2478427
177.6 3.2477471
177.61 3.2476754
177.62 3.2476037
177.63 3.247532
177.64 3.2474603
177.65 3.2473886
177.66 3.247293
177.67 3.2472213
177.68 3.2471496
177.69 3.2470779
177.7 3.2470062
177.71 3.2469106
177.72 3.2468389
177.73 3.2467672
177.74 3.2466955
177.75 3.2466238
177.76 3.2465282
177.77 3.2464565
177.78 3.2463848
177.79 3.2463131
177.8 3.2462414
177.81 3.2461458
177.82 3.2460741
177.83 3.2460024
177.84 3.2459307
177.85 3.245859
177.86 3.2457873
177.87 3.2456917
177.88 3.24562
177.89 3.2455483
177.9 3.2454766
177.91 3.2454049
177.92 3.2453093
177.93 3.2452376
177.94 3.2451659
177.95 3.2450942
177.96 3.2450225
177.97 3.2449269
177.98 3.2448552
177.99 3.2447835
178.0 3.2447118
178.01 3.2446401
178.02 3.2445684
178.03 3.2444728
178.04 3.2444011
178.05 3.2443294
178.06 3.2442577
178.07 3.244186
178.08 3.2441143
178.09 3.2440187
178.1 3.243947
178.11 3.2438753
178.12 3.2438036
178.13 3.2437319
178.14 3.2436363
178.15 3.2435646
178.16 3.2434929
178.17 3.2434212
178.18 3.2433495
178.19 3.2432778
178.2 3.2431822
178.21 3.2431105
178.22 3.2430388
178.23 3.2429671
178.24 3.2428954
178.25 3.2428237
178.26 3.2427281
178.27 3.2426564
178.28 3.2425847
178.29 3.242513
178.3 3.2424413
178.31 3.2423696
178.32 3.242274
178.33 3.2422023
178.34 3.2421306
178.35 3.2420589
178.36 3.2419872
178.37 3.2419155
178.38 3.2418199
178.39 3.2417482
178.4 3.2416765
178.41 3.2416048
178.42 3.2415331
178.43 3.2414614
178.44 3.2413897
178.45 3.2412941
178.46 3.2412224
178.47 3.2411507
178.48 3.241079
178.49 3.2410073
178.5 3.2409356
178.51 3.24084
178.52 3.2407683
178.53 3.2406966
178.54 3.2406249
178.55 3.2405532
178.56 3.2404815
178.57 3.2404098
178.58 3.2403142
178.59 3.2402425
178.6 3.2401708
178.61 3.2400991
178.62 3.2400274
178.63 3.2399557
178.64 3.2398601
178.65 3.2397884
178.66 3.2397167
178.67 3.239645
178.68 3.2395733
178.69 3.2395016
178.7 3.2394299
178.71 3.2393343
178.72 3.2392626
178.73 3.2391909
178.74 3.2391192
178.75 3.2390475
178.76 3.2389758
178.77 3.2389041
178.78 3.2388085
178.79 3.2387368
178.8 3.2386651
178.81 3.2385934
178.82 3.2385217
178.83 3.23845
178.84 3.2383783
178.85 3.2382827
178.86 3.238211
178.87 3.2381393
178.88 3.2380676
178.89 3.2379959
178.9 3.2379242
178.91 3.2378525
178.92 3.2377569
178.93 3.2376852
178.94 3.2376135
178.95 3.2375418
178.96 3.2374701
178.97 3.2373984
178.98 3.2373267
178.99 3.237255
179.0 3.2371594
179.01 3.2370877
179.02 3.237016
179.03 3.2369443
179.04 3.2368726
179.05 3.2368009
179.06 3.2367292
179.07 3.2366575
179.08 3.2365619
179.09 3.2364902
179.1 3.2364185
179.11 3.2363468
179.12 3.2362751
179.13 3.2362034
179.14 3.2361317
179.15 3.23606
179.16 3.2359644
179.17 3.2358927
179.18 3.235821
179.19 3.2357493
179.2 3.2356776
179.21 3.2356059
179.22 3.2355342
179.23 3.2354625
179.24 3.2353669
179.25 3.2352952
179.26 3.2352235
179.27 3.2351518
179.28 3.2350801
179.29 3.2350084
179.3 3.2349367
179.31 3.234865
179.32 3.2347694
179.33 3.2346977
179.34 3.234626
179.35 3.2345543
179.36 3.2344826
179.37 3.2344109
179.38 3.2343392
179.39 3.2342675
179.4 3.2341958
179.41 3.2341002
179.42 3.2340285
179.43 3.2339568
179.44 3.2338851
179.45 3.2338134
179.46 3.2337417
179.47 3.23367
179.48 3.2335983
179.49 3.2335266
179.5 3.233431
179.51 3.2333593
179.52 3.2332876
179.53 3.2332159
179.54 3.2331442
179.55 3.2330725
179.56 3.2330008
179.57 3.2329291
179.58 3.2328574
179.59 3.2327618
179.6 3.2326901
179.61 3.2326184
179.62 3.2325467
179.63 3.232475
179.64 3.2324033
179.65 3.2323316
179.66 3.2322599
179.67 3.2321882
179.68 3.2321165
179.69 3.2320209
179.7 3.2319492
179.71 3.2318775
179.72 3.2318058
179.73 3.2317341
179.74 3.2316624
179.75 3.2315907
179.76 3.231519
179.77 3.2314473
179.78 3.2313756
179.79 3.2313039
179.8 3.2312083
179.81 3.2311366
179.82 3.2310649
179.83 3.2309932
179.84 3.2309215
179.85 3.2308498
179.86 3.2307781
179.87 3.2307064
179.88 3.2306347
179.89 3.230563
179.9 3.2304674
179.91 3.2303957
179.92 3.230324
179.93 3.2302523
179.94 3.2301806
179.95 3.2301089
179.96 3.2300372
179.97 3.2299655
179.98 3.2298938
179.99 3.2298221
180.0 3.2297504
180.01 3.2297504
