-180.0 3.9429264
-179.99 3.9429742
-179.98 3.943022
-179.97 3.9430698
-179.96 3.9431176
-179.95 3.9431654
-179.94 3.9432132
-179.93 3.943261
-179.92 3.9433088
-179.91 3.9433566
-179.9 3.9434044
-179.89 3.9434522
-179.88 3.9435
-179.87 3.9435478
-179.86 3.9435956
-179.85 3.9436434
-179.84 3.9436912
-179.83 3.943739
-179.82 3.9437629
-179.81 3.9438107
-179.8 3.9438585
-179.79 3.9439063
-179.78 3.9439541
-179.77 3.9440019
-179.76 3.9440497
-179.75 3.9440975
-179.74 3.9441453
-179.73 3.9441692
-179.72 3.944217
-179.71 3.9442648
-179.7 3.9443126
-179.69 3.9443604
-179.68 3.9444082
-179.67 3.944456
-179.66 3.9444799
-179.65 3.9445277
-179.64 3.9445755
-179.63 3.9446233
-179.62 3.9446711
-179.61 3.944695
-179.6 3.9447428
-179.59 3.9447906
-179.58 3.9448384
-179.57 3.9448623
-179.56 3.9449101
-179.55 3.9449579
-179.54 3.9450057
-179.53 3.9450296
-179.52 3.9450774
-179.51 3.9451252
-179.5 3.945173
-179.49 3.9451969
-179.48 3.9452447
-179.47 3.9452925
-179.46 3.9453164
-179.45 3.9453642
-179.44 3.945412
-179.43 3.9454598
-179.42 3.9454837
-179.41 3.9455315
-179.4 3.9455793
-179.39 3.9456032
-179.38 3.945651
-179.37 3.9456988
-179.36 3.9457227
-179.35 3.9457705
-179.34 3.9457944
-179.33 3.9458422
-179.32 3.94589
-179.31 3.9459139
-179.3 3.9459617
-179.29 3.9459856
-179.28 3.9460334
-179.27 3.9460812
-179.26 3.9461051
-179.25 3.9461529
-179.24 3.9461768
-179.23 3.9462246
-179.22 3.9462485
-179.21 3.9462963
-179.2 3.9463202
-179.19 3.946368
-179.18 3.9464158
-179.17 3.9464397
-179.16 3.9464875
-179.15 3.9465114
-179.14 3.9465592
-179.13 3.9465831
-179.12 3.9466309
-179.11 3.9466548
-179.1 3.9467026
-179.09 3.9467265
-179.08 3.9467504
-179.07 3.9467982
-179.06 3.9468221
-179.05 3.9468699
-179.04 3.9468938
-179.03 3.9469416
-179.02 3.9469655
-179.01 3.9470133
-179.0 3.9470372
-178.99 3.9470611
-178.98 3.9471089
-178.97 3.9471328
-178.96 3.9471806
-178.95 3.9472045
-178.94 3.9472284
-178.93 3.9472762
-178.92 3.9473001
-178.91 3.947324
-178.9 3.9473718
-178.89 3.9473957
-178.88 3.9474196
-178.87 3.9474674
-178.86 3.9474913
-178.85 3.9475152
-178.84 3.947563
-178.83 3.9475869
-178.82 3.9476108
-178.81 3.9476586
-178.8 3.9476825
-178.79 3.9477064
-178.78 3.9477303
-178.77 3.9477781
-178.76 3.947802
-178.75 3.9478259
-178.74 3.9478737
-178.73 3.9478976
-178.72 3.9479215
-178.71 3.9479454
-178.7 3.9479693
-178.69 3.9480171
-178.68 3.948041
-178.67 3.9480649
-178.66 3.9480888
-178.65 3.9481366
-178.64 3.9481605
-178.63 3.9481844
-178.62 3.9482083
-178.61 3.9482322
-178.6 3.9482561
-178.59 3.9483039
-178.58 3.9483278
-178.57 3.9483517
-178.56 3.9483756
-178.55 3.9483995
-178.54 3.9484234
-178.53 3.9484473
-178.52 3.9484951
-178.51 3.948519
-178.5 3.9485429
-178.49 3.9485668
-178.48 3.9485907
-178.47 3.9486146
-178.46 3.9486385
-178.45 3.9486624
-178.44 3.9486863
-178.43 3.9487102
-178.42 3.9487341
-178.41 3.948758
-178.4 3.9487819
-178.39 3.9488058
-178.38 3.9488536
-178.37 3.9488775
-178.36 3.9489014
-178.35 3.9489253
-178.34 3.9489492
-178.33 3.9489731
-178.32 3.948997
-178.31 3.9490209
-178.3 3.9490448
-178.29 3.9490687
-178.28 3.9490687
-178.27 3.9490926
-178.26 3.9491165
-178.25 3.9491404
-178.24 3.9491643
-178.23 3.9491882
-178.22 3.9492121
-178.21 3.949236
-178.2 3.9492599
-178.19 3.9492838
-178.18 3.9493077
-178.17 3.9493316
-178.16 3.9493555
-178.15 3.9493794
-178.14 3.9493794
-178.13 3.9494033
-178.12 3.9494272
-178.11 3.9494511
-178.1 3.949475
-178.09 3.9494989
-178.08 3.9495228
-178.07 3.9495228
-178.06 3.9495467
-178.05 3.9495706
-178.04 3.9495945
-178.03 3.9496184
-178.02 3.9496423
-178.01 3.9496423
-178.0 3.9496662
-177.99 3.9496901
-177.98 3.949714
-177.97 3.949714
-177.96 3.9497379
-177.95 3.9497618
-177.94 3.9497857
-177.93 3.9498096
-177.92 3.9498096
-177.91 3.9498335
-177.9 3.9498574
-177.89 3.9498574
-177.88 3.9498813
-177.87 3.9499052
-177.86 3.9499291
-177.85 3.9499291
-177.84 3.949953
-177.83 3.9499769
-177.82 3.9499769
-177.81 3.9500008
-177.8 3.9500247
-177.79 3.9500247
-177.78 3.9500486
-177.77 3.9500725
-177.76 3.9500725
-177.75 3.9500964
-177.74 3.9501203
-177.73 3.9501203
-177.72 3.9501442
-177.71 3.9501681
-177.7 3.9501681
-177.69 3.950192
-177.68 3.950192
-177.67 3.9502159
-177.66 3.9502398
-177.65 3.9502398
-177.64 3.9502637
-177.63 3.9502637
-177.62 3.9502876
-177.61 3.9502876
-177.6 3.9503115
-177.59 3.9503115
-177.58 3.9503354
-177.57 3.9503593
-177.56 3.9503593
-177.55 3.9503832
-177.54 3.9503832
-177.53 3.9504071
-177.52 3.9504071
-177.51 3.950431
-177.5 3.950431
-177.49 3.9504549
-177.48 3.9504549
-177.47 3.9504788
-177.46 3.9504788
-177.45 3.9504788
-177.44 3.9505027
-177.43 3.9505027
-177.42 3.9505266
-177.41 3.9505266
-177.4 3.9505505
-177.39 3.9505505
-177.38 3.9505505
-177.37 3.9505744
-177.36 3.9505744
-177.35 3.9505983
-177.34 3.9505983
-177.33 3.9505983
-177.32 3.9506222
-177.31 3.9506222
-177.3 3.9506461
-177.29 3.9506461
-177.28 3.9506461
-177.27 3.95067
-177.26 3.95067
-177.25 3.95067
-177.24 3.9506939
-177.23 3.9506939
-177.22 3.9506939
-177.21 3.9507178
-177.2 3.9507178
-177.19 3.9507178
-177.18 3.9507417
-177.17 3.9507417
-177.16 3.9507417
-177.15 3.9507417
-177.14 3.9507656
-177.13 3.9507656
-177.12 3.9507656
-177.11 3.9507656
-177.1 3.9507895
-177.09 3.9507895
-177.08 3.9507895
-177.07 3.9507895
-177.06 3.9508134
-177.05 3.9508134
-177.04 3.9508134
-177.03 3.9508134
-177.02 3.9508134
-177.01 3.9508373
-177.0 3.9508373
-176.99 3.9508373
-176.98 3.9508373
-176.97 3.9508373
-176.96 3.9508373
-176.95 3.9508612
-176.94 3.9508612
-176.93 3.9508612
-176.92 3.9508612
-176.91 3.9508612
-176.9 3.9508612
-176.89 3.9508612
-176.88 3.9508851
-176.87 3.9508851
-176.86 3.9508851
-176.85 3.9508851
-176.84 3.9508851
-176.83 3.9508851
-176.82 3.9508851
-176.81 3.9508851
-176.8 3.9508851
-176.79 3.9508851
-176.78 3.9508851
-176.77 3.9508851
-176.76 3.9508851
-176.75 3.9508851
-176.74 3.9508851
-176.73 3.9508851
-176.72 3.9508851
-176.71 3.9508851
-176.7 3.9508851
-176.69 3.9508851
-176.68 3.9508851
-176.67 3.9508851
-176.66 3.9508851
-176.65 3.9508851
-176.64 3.9508851
-176.63 3.9508851
-176.62 3.9508851
-176.61 3.9508851
-176.6 3.9508851
-176.59 3.9508851
-176.58 3.9508851
-176.57 3.9508851
-176.56 3.9508851
-176.55 3.9508851
-176.54 3.9508851
-176.53 3.9508851
-176.52 3.9508612
-176.51 3.9508612
-176.5 3.9508612
-176.49 3.9508612
-176.48 3.9508612
-176.47 3.9508612
-176.46 3.9508612
-176.45 3.9508612
-176.44 3.9508373
-176.43 3.9508373
-176.42 3.9508373
-176.41 3.9508373
-176.4 3.9508373
-176.39 3.9508373
-176.38 3.9508134
-176.37 3.9508134
-176.36 3.9508134
-176.35 3.9508134
-176.34 3.9508134
-176.33 3.9507895
-176.32 3.9507895
-176.31 3.9507895
-176.3 3.9507895
-176.29 3.9507656
-176.28 3.9507656
-176.27 3.9507656
-176.26 3.9507656
-176.25 3.9507417
-176.24 3.9507417
-176.23 3.9507417
-176.22 3.9507178
-176.21 3.9507178
-176.2 3.9507178
-176.19 3.9507178
-176.18 3.9506939
-176.17 3.9506939
-176.16 3.9506939
-176.15 3.95067
-176.14 3.95067
-176.13 3.95067
-176.12 3.9506461
-176.11 3.9506461
-176.1 3.9506461
-176.09 3.9506222
-176.08 3.9506222
-176.07 3.9505983
-176.06 3.9505983
-176.05 3.9505983
-176.04 3.9505744
-176.03 3.9505744
-176.02 3.9505505
-176.01 3.9505505
-176.0 3.9505505
-175.99 3.9505266
-175.98 3.9505266
-175.97 3.9505027
-175.96 3.9505027
-175.95 3.9504788
-175.94 3.9504788
-175.93 3.9504549
-175.92 3.9504549
-175.91 3.9504549
-175.9 3.950431
-175.89 3.950431
-175.88 3.9504071
-175.87 3.9504071
-175.86 3.9503832
-175.85 3.9503832
-175.84 3.9503593
-175.83 3.9503593
-175.82 3.9503354
-175.81 3.9503115
-175.8 3.9503115
-175.79 3.9502876
-175.78 3.9502876
-175.77 3.9502637
-175.76 3.9502637
-175.75 3.9502398
-175.74 3.9502398
-175.73 3.9502159
-175.72 3.950192
-175.71 3.950192
-175.7 3.9501681
-175.69 3.9501681
-175.68 3.9501442
-175.67 3.9501203
-175.66 3.9501203
-175.65 3.9500964
-175.64 3.9500725
-175.63 3.9500725
-175.62 3.9500486
-175.61 3.9500486
-175.6 3.9500247
-175.59 3.9500008
-175.58 3.9500008
-175.57 3.9499769
-175.56 3.949953
-175.55 3.949953
-175.54 3.9499291
-175.53 3.9499052
-175.52 3.9498813
-175.51 3.9498813
-175.5 3.9498574
-175.49 3.9498335
-175.48 3.9498335
-175.47 3.9498096
-175.46 3.9497857
-175.45 3.9497618
-175.44 3.9497618
-175.43 3.9497379
-175.42 3.949714
-175.41 3.9496901
-175.4 3.9496662
-175.39 3.9496662
-175.38 3.9496423
-175.37 3.9496184
-175.36 3.9495945
-175.35 3.9495706
-175.34 3.9495706
-175.33 3.9495467
-175.32 3.9495228
-175.31 3.9494989
-175.3 3.949475
-175.29 3.949475
-175.28 3.9494511
-175.27 3.9494272
-175.26 3.9494033
-175.25 3.9493794
-175.24 3.9493555
-175.23 3.9493316
-175.22 3.9493077
-175.21 3.9493077
-175.2 3.9492838
-175.19 3.9492599
-175.18 3.949236
-175.17 3.9492121
-175.16 3.9491882
-175.15 3.9491643
-175.14 3.9491404
-175.13 3.9491165
-175.12 3.9490926
-175.11 3.9490687
-175.1 3.9490448
-175.09 3.9490209
-175.08 3.948997
-175.07 3.948997
-175.06 3.9489731
-175.05 3.9489492
-175.04 3.9489253
-175.03 3.9489014
-175.02 3.9488775
-175.01 3.9488536
-175.0 3.9488297
-174.99 3.9488058
-174.98 3.948758
-174.97 3.9487341
-174.96 3.9487102
-174.95 3.9486863
-174.94 3.9486624
-174.93 3.9486385
-174.92 3.9486146
-174.91 3.9485907
-174.9 3.9485668
-174.89 3.9485429
-174.88 3.948519
-174.87 3.9484951
-174.86 3.9484712
-174.85 3.9484473
-174.84 3.9484234
-174.83 3.9483756
-174.82 3.9483517
-174.81 3.9483278
-174.8 3.9483039
-174.79 3.94828
-174.78 3.9482561
-174.77 3.9482322
-174.76 3.9481844
-174.75 3.9481605
-174.74 3.9481366
-174.73 3.9481127
-174.72 3.9480888
-174.71 3.9480649
-174.7 3.9480171
-174.69 3.9479932
-174.68 3.9479693
-174.67 3.9479454
-174.66 3.9479215
-174.65 3.9478737
-174.64 3.9478498
-174.63 3.9478259
-174.62 3.947802
-174.61 3.9477542
-174.6 3.9477303
-174.59 3.9477064
-174.58 3.9476825
-174.57 3.9476347
-174.56 3.9476108
-174.55 3.9475869
-174.54 3.947563
-174.53 3.9475152
-174.52 3.9474913
-174.51 3.9474674
-174.5 3.9474196
-174.49 3.9473957
-174.48 3.9473718
-174.47 3.947324
-174.46 3.9473001
-174.45 3.9472762
-174.44 3.9472284
-174.43 3.9472045
-174.42 3.9471806
-174.41 3.9471328
-174.4 3.9471089
-174.39 3.947085
-174.38 3.9470372
-174.37 3.9470133
-174.36 3.9469894
-174.35 3.9469416
-174.34 3.9469177
-174.33 3.9468699
-174.32 3.946846
-174.31 3.9468221
-174.3 3.9467743
-174.29 3.9467504
-174.28 3.9467026
-174.27 3.9466787
-174.26 3.9466309
-174.25 3.946607
-174.24 3.9465831
-174.23 3.9465353
-174.22 3.9465114
-174.21 3.9464636
-174.2 3.9464397
-174.19 3.9463919
-174.18 3.946368
-174.17 3.9463202
-174.16 3.9462963
-174.15 3.9462485
-174.14 3.9462246
-174.13 3.9461768
-174.12 3.9461529
-174.11 3.9461051
-174.1 3.9460812
-174.09 3.9460334
-174.08 3.9459856
-174.07 3.9459617
-174.06 3.9459139
-174.05 3.94589
-174.04 3.9458422
-174.03 3.9458183
-174.02 3.9457705
-174.01 3.9457227
-174.0 3.9456988
-173.99 3.945651
-173.98 3.9456271
-173.97 3.9455793
-173.96 3.9455315
-173.95 3.9455076
-173.94 3.9454598
-173.93 3.9454359
-173.92 3.9453881
-173.91 3.9453403
-173.9 3.9453164
-173.89 3.9452686
-173.88 3.9452208
-173.87 3.9451969
-173.86 3.9451491
-173.85 3.9451013
-173.84 3.9450774
-173.83 3.9450296
-173.82 3.9449818
-173.81 3.9449579
-173.8 3.9449101
-173.79 3.9448623
-173.78 3.9448145
-173.77 3.9447906
-173.76 3.9447428
-173.75 3.944695
-173.74 3.9446711
-173.73 3.9446233
-173.72 3.9445755
-173.71 3.9445277
-173.7 3.9444799
-173.69 3.944456
-173.68 3.9444082
-173.67 3.9443604
-173.66 3.9443126
-173.65 3.9442887
-173.64 3.9442409
-173.63 3.9441931
-173.62 3.9441453
-173.61 3.9440975
-173.6 3.9440736
-173.59 3.9440258
-173.58 3.943978
-173.57 3.9439302
-173.56 3.9438824
-173.55 3.9438346
-173.54 3.9438107
-173.53 3.9437629
-173.52 3.9437151
-173.51 3.9436673
-173.5 3.9436195
-173.49 3.9435717
-173.48 3.9435239
-173.47 3.9434761
-173.46 3.9434522
-173.45 3.9434044
-173.44 3.9433566
-173.43 3.9433088
-173.42 3.943261
-173.41 3.9432132
-173.4 3.9431654
-173.39 3.9431176
-173.38 3.9430698
-173.37 3.943022
-173.36 3.9429742
-173.35 3.9429264
-173.34 3.9428786
-173.33 3.9428308
-173.32 3.942783
-173.31 3.9427352
-173.3 3.9426874
-173.29 3.9426396
-173.28 3.9425918
-173.27 3.942544
-173.26 3.9424962
-173.25 3.9424484
-173.24 3.9424006
-173.23 3.9423528
-173.22 3.942305
-173.21 3.9422572
-173.2 3.9422094
-173.19 3.9421616
-173.18 3.9421138
-173.17 3.942066
-173.16 3.9420182
-173.15 3.9419704
-173.14 3.9419226
-173.13 3.9418748
-173.12 3.941827
-173.11 3.9417792
-173.1 3.9417075
-173.09 3.9416597
-173.08 3.9416119
-173.07 3.9415641
-173.06 3.9415163
-173.05 3.9414685
-173.04 3.9414207
-173.03 3.9413729
-173.02 3.9413012
-173.01 3.9412534
-173.0 3.9412056
-172.99 3.9411578
-172.98 3.94111
-172.97 3.9410622
-172.96 3.9410144
-172.95 3.9409427
-172.94 3.9408949
-172.93 3.9408471
-172.92 3.9407993
-172.91 3.9407515
-172.9 3.9406798
-172.89 3.940632
-172.88 3.9405842
-172.87 3.9405364
-172.86 3.9404647
-172.85 3.9404169
-172.84 3.9403691
-172.83 3.9403213
-172.82 3.9402496
-172.81 3.9402018
-172.8 3.940154
-172.79 3.9401062
-172.78 3.9400345
-172.77 3.9399867
-172.76 3.9399389
-172.75 3.9398911
-172.74 3.9398194
-172.73 3.9397716
-172.72 3.9397238
-172.71 3.9396521
-172.7 3.9396043
-172.69 3.9395565
-172.68 3.9394848
-172.67 3.939437
-172.66 3.9393892
-172.65 3.9393175
-172.64 3.9392697
-172.63 3.9392219
-172.62 3.9391502
-172.61 3.9391024
-172.6 3.9390546
-172.59 3.9389829
-172.58 3.9389351
-172.57 3.9388634
-172.56 3.9388156
-172.55 3.9387678
-172.54 3.9386961
-172.53 3.9386483
-172.52 3.9385766
-172.51 3.9385288
-172.5 3.938481
-172.49 3.9384093
-172.48 3.9383615
-172.47 3.9382898
-172.46 3.938242
-172.45 3.9381703
-172.44 3.9381225
-172.43 3.9380508
-172.42 3.938003
-172.41 3.9379313
-172.4 3.9378835
-172.39 3.9378118
-172.38 3.937764
-172.37 3.9376923
-172.36 3.9376445
-172.35 3.9375728
-172.34 3.937525
-172.33 3.9374533
-172.32 3.9374055
-172.31 3.9373338
-172.3 3.937286
-172.29 3.9372143
-172.28 3.9371665
-172.27 3.9370948
-172.26 3.937047
-172.25 3.9369753
-172.24 3.9369275
-172.23 3.9368558
-172.22 3.9367841
-172.21 3.9367363
-172.2 3.9366646
-172.19 3.9366168
-172.18 3.9365451
-172.17 3.9364734
-172.16 3.9364256
-172.15 3.9363539
-172.14 3.9363061
-172.13 3.9362344
-172.12 3.9361627
-172.11 3.9361149
-172.1 3.9360432
-172.09 3.9359715
-172.08 3.9359237
-172.07 3.935852
-172.06 3.9357803
-172.05 3.9357325
-172.04 3.9356608
-172.03 3.9355891
-172.02 3.9355413
-172.01 3.9354696
-172.0 3.9353979
-171.99 3.9353501
-171.98 3.9352784
-171.97 3.9352067
-171.96 3.935135
-171.95 3.9350872
-171.94 3.9350155
-171.93 3.9349438
-171.92 3.934896
-171.91 3.9348243
-171.9 3.9347526
-171.89 3.9346809
-171.88 3.9346331
-171.87 3.9345614
-171.86 3.9344897
-171.85 3.934418
-171.84 3.9343463
-171.83 3.9342985
-171.82 3.9342268
-171.81 3.9341551
-171.8 3.9340834
-171.79 3.9340356
-171.78 3.9339639
-171.77 3.9338922
-171.76 3.9338205
-171.75 3.9337488
-171.74 3.9336771
-171.73 3.9336293
-171.72 3.9335576
-171.71 3.9334859
-171.7 3.9334142
-171.69 3.9333425
-171.68 3.9332708
-171.67 3.9331991
-171.66 3.9331513
-171.65 3.9330796
-171.64 3.9330079
-171.63 3.9329362
-171.62 3.9328645
-171.61 3.9327928
-171.6 3.9327211
-171.59 3.9326494
-171.58 3.9325777
-171.57 3.932506
-171.56 3.9324582
-171.55 3.9323865
-171.54 3.9323148
-171.53 3.9322431
-171.52 3.9321714
-171.51 3.9320997
-171.5 3.932028
-171.49 3.9319563
-171.48 3.9318846
-171.47 3.9318129
-171.46 3.9317412
-171.45 3.9316695
-171.44 3.9315978
-171.43 3.9315261
-171.42 3.9314544
-171.41 3.9313827
-171.4 3.931311
-171.39 3.9312393
-171.38 3.9311676
-171.37 3.9310959
-171.36 3.9310242
-171.35 3.9309525
-171.34 3.9308808
-171.33 3.9308091
-171.32 3.9307374
-171.31 3.9306657
-171.3 3.930594
-171.29 3.9305223
-171.28 3.9304267
-171.27 3.930355
-171.26 3.9302833
-171.25 3.9302116
-171.24 3.9301399
-171.23 3.9300682
-171.22 3.9299965
-171.21 3.9299248
-171.2 3.9298531
-171.19 3.9297814
-171.18 3.9296858
-171.17 3.9296141
-171.16 3.9295424
-171.15 3.9294707
-171.14 3.929399
-171.13 3.9293273
-171.12 3.9292556
-171.11 3.92916
-171.1 3.9290883
-171.09 3.9290166
-171.08 3.9289449
-171.07 3.9288732
-171.06 3.9288015
-171.05 3.9287059
-171.04 3.9286342
-171.03 3.9285625
-171.02 3.9284908
-171.01 3.9284191
-171.0 3.9283235
-170.99 3.9282518
-170.98 3.9281801
-170.97 3.9281084
-170.96 3.9280128
-170.95 3.9279411
-170.94 3.9278694
-170.93 3.9277977
-170.92 3.927726
-170.91 3.9276304
-170.9 3.9275587
-170.89 3.927487
-170.88 3.9273914
-170.87 3.9273197
-170.86 3.927248
-170.85 3.9271763
-170.84 3.9270807
-170.83 3.927009
-170.82 3.9269373
-170.81 3.9268417
-170.8 3.92677
-170.79 3.9266983
-170.78 3.9266027
-170.77 3.926531
-170.76 3.9264593
-170.75 3.9263637
-170.74 3.926292
-170.73 3.9262203
-170.72 3.9261247
-170.71 3.926053
-170.7 3.9259813
-170.69 3.9258857
-170.68 3.925814
-170.67 3.9257184
-170.66 3.9256467
-170.65 3.925575
-170.64 3.9254794
-170.63 3.9254077
-170.62 3.925336
-170.61 3.9252404
-170.6 3.9251687
-170.59 3.9250731
-170.58 3.9250014
-170.57 3.9249058
-170.56 3.9248341
-170.55 3.9247624
-170.54 3.9246668
-170.53 3.9245951
-170.52 3.9244995
-170.51 3.9244278
-170.5 3.9243322
-170.49 3.9242605
-170.48 3.9241649
-170.47 3.9240932
-170.46 3.9239976
-170.45 3.9239259
-170.44 3.9238303
-170.43 3.9237586
-170.42 3.923663
-170.41 3.9235913
-170.4 3.9234957
-170.39 3.923424
-170.38 3.9233284
-170.37 3.9232567
-170.36 3.9231611
-170.35 3.9230894
-170.34 3.9229938
-170.33 3.9229221
-170.32 3.9228265
-170.31 3.9227309
-170.3 3.9226592
-170.29 3.9225636
-170.28 3.9224919
-170.27 3.9223963
-170.26 3.9223246
-170.25 3.922229
-170.24 3.9221334
-170.23 3.9220617
-170.22 3.9219661
-170.21 3.9218944
-170.2 3.9217988
-170.19 3.9217032
-170.18 3.9216315
-170.17 3.9215359
-170.16 3.9214642
-170.15 3.9213686
-170.14 3.921273
-170.13 3.9212013
-170.12 3.9211057
-170.11 3.9210101
-170.1 3.9209384
-170.09 3.9208428
-170.08 3.9207472
-170.07 3.9206755
-170.06 3.9205799
-170.05 3.9204843
-170.04 3.9204126
-170.03 3.920317
-170.02 3.9202214
-170.01 3.9201258
-170.0 3.9200541
-169.99 3.9199585
-169.98 3.9198629
-169.97 3.9197912
-169.96 3.9196956
-169.95 3.9196
-169.94 3.9195044
-169.93 3.9194327
-169.92 3.9193371
-169.91 3.9192415
-169.9 3.9191459
-169.89 3.9190742
-169.88 3.9189786
-169.87 3.918883
-169.86 3.9187874
-169.85 3.9187157
-169.84 3.9186201
-169.83 3.9185245
-169.82 3.9184289
-169.81 3.9183333
-169.8 3.9182616
-169.79 3.918166
-169.78 3.9180704
-169.77 3.9179748
-169.76 3.9178792
-169.75 3.9177836
-169.74 3.9177119
-169.73 3.9176163
-169.72 3.9175207
-169.71 3.9174251
-169.7 3.9173295
-169.69 3.9172339
-169.68 3.9171622
-169.67 3.9170666
-169.66 3.916971
-169.65 3.9168754
-169.64 3.9167798
-169.63 3.9166842
-169.62 3.9165886
-169.61 3.916493
-169.6 3.9163974
-169.59 3.9163257
-169.58 3.9162301
-169.57 3.9161345
-169.56 3.9160389
-169.55 3.9159433
-169.54 3.9158477
-169.53 3.9157521
-169.52 3.9156565
-169.51 3.9155609
-169.5 3.9154653
-169.49 3.9153697
-169.48 3.9152741
-169.47 3.9151785
-169.46 3.9150829
-169.45 3.9149873
-169.44 3.9148917
-169.43 3.9147961
-169.42 3.9147005
-169.41 3.9146049
-169.4 3.9145332
-169.39 3.9144376
-169.38 3.914342
-169.37 3.9142225
-169.36 3.9141269
-169.35 3.9140313
-169.34 3.9139357
-169.33 3.9138401
-169.32 3.9137445
-169.31 3.9136489
-169.3 3.9135533
-169.29 3.9134577
-169.28 3.9133621
-169.27 3.9132665
-169.26 3.9131709
-169.25 3.9130753
-169.24 3.9129797
-169.23 3.9128841
-169.22 3.9127885
-169.21 3.9126929
-169.2 3.9125973
-169.19 3.9125017
-169.18 3.9123822
-169.17 3.9122866
-169.16 3.912191
-169.15 3.9120954
-169.14 3.9119998
-169.13 3.9119042
-169.12 3.9118086
-169.11 3.911713
-169.1 3.9116174
-169.09 3.9114979
-169.08 3.9114023
-169.07 3.9113067
-169.06 3.9112111
-169.05 3.9111155
-169.04 3.9110199
-169.03 3.9109243
-169.02 3.9108048
-169.01 3.9107092
-169.0 3.9106136
-168.99 3.910518
-168.98 3.9104224
-168.97 3.9103029
-168.96 3.9102073
-168.95 3.9101117
-168.94 3.9100161
-168.93 3.9099205
-168.92 3.909801
-168.91 3.9097054
-168.9 3.9096098
-168.89 3.9095142
-168.88 3.9094186
-168.87 3.9092991
-168.86 3.9092035
-168.85 3.9091079
-168.84 3.9090123
-168.83 3.9088928
-168.82 3.9087972
-168.81 3.9087016
-168.8 3.908606
-168.79 3.9084865
-168.78 3.9083909
-168.77 3.9082953
-168.76 3.9081758
-168.75 3.9080802
-168.74 3.9079846
-168.73 3.907889
-168.72 3.9077695
-168.71 3.9076739
-168.7 3.9075783
-168.69 3.9074588
-168.68 3.9073632
-168.67 3.9072676
-168.66 3.9071481
-168.65 3.9070525
-168.64 3.9069569
-168.63 3.9068374
-168.62 3.9067418
-168.61 3.9066462
-168.6 3.9065267
-168.59 3.9064311
-168.58 3.9063355
-168.57 3.906216
-168.56 3.9061204
-168.55 3.9060009
-168.54 3.9059053
-168.53 3.9058097
-168.52 3.9056902
-168.51 3.9055946
-168.5 3.9054751
-168.49 3.9053795
-168.48 3.9052839
-168.47 3.9051644
-168.46 3.9050688
-168.45 3.9049493
-168.44 3.9048537
-168.43 3.9047342
-168.42 3.9046386
-168.41 3.904543
-168.4 3.9044235
-168.39 3.9043279
-168.38 3.9042084
-168.37 3.9041128
-168.36 3.9039933
-168.35 3.9038977
-168.34 3.9037782
-168.33 3.9036826
-168.32 3.9035631
-168.31 3.9034675
-168.3 3.9033719
-168.29 3.9032524
-168.28 3.9031568
-168.27 3.9030373
-168.26 3.9029417
-168.25 3.9028222
-168.24 3.9027027
-168.23 3.9026071
-168.22 3.9024876
-168.21 3.902392
-168.2 3.9022725
-168.19 3.9021769
-168.18 3.9020574
-168.17 3.9019618
-168.16 3.9018423
-168.15 3.9017467
-168.14 3.9016272
-168.13 3.9015316
-168.12 3.9014121
-168.11 3.9012926
-168.1 3.901197
-168.09 3.9010775
-168.08 3.9009819
-168.07 3.9008624
-168.06 3.9007668
-168.05 3.9006473
-168.04 3.9005278
-168.03 3.9004322
-168.02 3.9003127
-168.01 3.9001932
-168.0 3.9000976
-167.99 3.8999781
-167.98 3.8998825
-167.97 3.899763
-167.96 3.8996435
-167.95 3.8995479
-167.94 3.8994284
-167.93 3.8993089
-167.92 3.8992133
-167.91 3.8990938
-167.9 3.8989743
-167.89 3.8988787
-167.88 3.8987592
-167.87 3.8986397
-167.86 3.8985441
-167.85 3.8984246
-167.84 3.8983051
-167.83 3.8982095
-167.82 3.89809
-167.81 3.8979705
-167.8 3.8978749
-167.79 3.8977554
-167.78 3.8976359
-167.77 3.8975403
-167.76 3.8974208
-167.75 3.8973013
-167.74 3.8971818
-167.73 3.8970862
-167.72 3.8969667
-167.71 3.8968472
-167.7 3.8967277
-167.69 3.8966321
-167.68 3.8965126
-167.67 3.8963931
-167.66 3.8962736
-167.65 3.896178
-167.64 3.8960585
-167.63 3.895939
-167.62 3.8958195
-167.61 3.8957239
-167.6 3.8956044
-167.59 3.8954849
-167.58 3.8953654
-167.57 3.8952459
-167.56 3.8951503
-167.55 3.8950308
-167.54 3.8949113
-167.53 3.8947918
-167.52 3.8946723
-167.51 3.8945767
-167.5 3.8944572
-167.49 3.8943377
-167.48 3.8942182
-167.47 3.8940987
-167.46 3.8939792
-167.45 3.8938836
-167.44 3.8937641
-167.43 3.8936446
-167.42 3.8935251
-167.41 3.8934056
-167.4 3.8932861
-167.39 3.8931666
-167.38 3.893071
-167.37 3.8929515
-167.36 3.892832
-167.35 3.8927125
-167.34 3.892593
-167.33 3.8924735
-167.32 3.892354
-167.31 3.8922345
-167.3 3.892115
-167.29 3.8919955
-167.28 3.8918999
-167.27 3.8917804
-167.26 3.8916609
-167.25 3.8915414
-167.24 3.8914219
-167.23 3.8913024
-167.22 3.8911829
-167.21 3.8910634
-167.2 3.8909439
-167.19 3.8908244
-167.18 3.8907049
-167.17 3.8905854
-167.16 3.8904659
-167.15 3.8903464
-167.14 3.8902269
-167.13 3.8901074
-167.12 3.8899879
-167.11 3.8898684
-167.1 3.8897489
-167.09 3.8896294
-167.08 3.8895099
-167.07 3.8893904
-167.06 3.8892709
-167.05 3.8891514
-167.04 3.8890319
-167.03 3.8889124
-167.02 3.8887929
-167.01 3.8886734
-167.0 3.8885539
-166.99 3.8884344
-166.98 3.8883149
-166.97 3.8881954
-166.96 3.8880759
-166.95 3.8879564
-166.94 3.8878369
-166.93 3.8877174
-166.92 3.8875979
-166.91 3.8874784
-166.9 3.8873589
-166.89 3.8872394
-166.88 3.8871199
-166.87 3.8870004
-166.86 3.8868809
-166.85 3.8867614
-166.84 3.886618
-166.83 3.8864985
-166.82 3.886379
-166.81 3.8862595
-166.8 3.88614
-166.79 3.8860205
-166.78 3.885901
-166.77 3.8857815
-166.76 3.885662
-166.75 3.8855186
-166.74 3.8853991
-166.73 3.8852796
-166.72 3.8851601
-166.71 3.8850406
-166.7 3.8849211
-166.69 3.8848016
-166.68 3.8846821
-166.67 3.8845387
-166.66 3.8844192
-166.65 3.8842997
-166.64 3.8841802
-166.63 3.8840607
-166.62 3.8839412
-166.61 3.8837978
-166.6 3.8836783
-166.59 3.8835588
-166.58 3.8834393
-166.57 3.8833198
-166.56 3.8831764
-166.55 3.8830569
-166.54 3.8829374
-166.53 3.8828179
-166.52 3.8826984
-166.51 3.882555
-166.5 3.8824355
-166.49 3.882316
-166.48 3.8821965
-166.47 3.882077
-166.46 3.8819336
-166.45 3.8818141
-166.44 3.8816946
-166.43 3.8815751
-166.42 3.8814317
-166.41 3.8813122
-166.4 3.8811927
-166.39 3.8810732
-166.38 3.8809298
-166.37 3.8808103
-166.36 3.8806908
-166.35 3.8805713
-166.34 3.8804279
-166.33 3.8803084
-166.32 3.8801889
-166.31 3.8800455
-166.3 3.879926
-166.29 3.8798065
-166.28 3.8796631
-166.27 3.8795436
-166.26 3.8794241
-166.25 3.8793046
-166.24 3.8791612
-166.23 3.8790417
-166.22 3.8789222
-166.21 3.8787788
-166.2 3.8786593
-166.19 3.8785398
-166.18 3.8783964
-166.17 3.8782769
-166.16 3.8781574
-166.15 3.878014
-166.14 3.8778945
-166.13 3.877775
-166.12 3.8776316
-166.11 3.8775121
-166.1 3.8773687
-166.09 3.8772492
-166.08 3.8771297
-166.07 3.8769863
-166.06 3.8768668
-166.05 3.8767473
-166.04 3.8766039
-166.03 3.8764844
-166.02 3.876341
-166.01 3.8762215
-166.0 3.876102
-165.99 3.8759586
-165.98 3.8758391
-165.97 3.8756957
-165.96 3.8755762
-165.95 3.8754567
-165.94 3.8753133
-165.93 3.8751938
-165.92 3.8750504
-165.91 3.8749309
-165.9 3.8747875
-165.89 3.874668
-165.88 3.8745485
-165.87 3.8744051
-165.86 3.8742856
-165.85 3.8741422
-165.84 3.8740227
-165.83 3.8738793
-165.82 3.8737598
-165.81 3.8736164
-165.8 3.8734969
-165.79 3.8733535
-165.78 3.873234
-165.77 3.8730906
-165.76 3.8729711
-165.75 3.8728277
-165.74 3.8727082
-165.73 3.8725648
-165.72 3.8724453
-165.71 3.8723019
-165.7 3.8721824
-165.69 3.872039
-165.68 3.8719195
-165.67 3.8717761
-165.66 3.8716566
-165.65 3.8715132
-165.64 3.8713937
-165.63 3.8712503
-165.62 3.8711308
-165.61 3.8709874
-165.6 3.8708679
-165.59 3.8707245
-165.58 3.870605
-165.57 3.8704616
-165.56 3.8703182
-165.55 3.8701987
-165.54 3.8700553
-165.53 3.8699358
-165.52 3.8697924
-165.51 3.8696729
-165.5 3.8695295
-165.49 3.8693861
-165.48 3.8692666
-165.47 3.8691232
-165.46 3.8690037
-165.45 3.8688603
-165.44 3.8687169
-165.43 3.8685974
-165.42 3.868454
-165.41 3.8683345
-165.4 3.8681911
-165.39 3.8680477
-165.38 3.8679282
-165.37 3.8677848
-165.36 3.8676653
-165.35 3.8675219
-165.34 3.8673785
-165.33 3.867259
-165.32 3.8671156
-165.31 3.8669722
-165.3 3.8668527
-165.29 3.8667093
-165.28 3.8665659
-165.27 3.8664464
-165.26 3.866303
-165.25 3.8661596
-165.24 3.8660401
-165.23 3.8658967
-165.22 3.8657533
-165.21 3.8656338
-165.2 3.8654904
-165.19 3.865347
-165.18 3.8652275
-165.17 3.8650841
-165.16 3.8649407
-165.15 3.8648212
-165.14 3.8646778
-165.13 3.8645344
-165.12 3.8644149
-165.11 3.8642715
-165.1 3.8641281
-165.09 3.8639847
-165.08 3.8638652
-165.07 3.8637218
-165.06 3.8635784
-165.05 3.8634589
-165.04 3.8633155
-165.03 3.8631721
-165.02 3.8630287
-165.01 3.8629092
-165.0 3.8627658
-164.99 3.8626224
-164.98 3.862479
-164.97 3.8623595
-164.96 3.8622161
-164.95 3.8620727
-164.94 3.8619293
-164.93 3.8618098
-164.92 3.8616664
-164.91 3.861523
-164.9 3.8613796
-164.89 3.8612362
-164.88 3.8611167
-164.87 3.8609733
-164.86 3.8608299
-164.85 3.8606865
-164.84 3.8605431
-164.83 3.8604236
-164.82 3.8602802
-164.81 3.8601368
-164.8 3.8599934
-164.79 3.85985
-164.78 3.8597305
-164.77 3.8595871
-164.76 3.8594437
-164.75 3.8593003
-164.74 3.8591569
-164.73 3.8590135
-164.72 3.858894
-164.71 3.8587506
-164.7 3.8586072
-164.69 3.8584638
-164.68 3.8583204
-164.67 3.858177
-164.66 3.8580575
-164.65 3.8579141
-164.64 3.8577707
-164.63 3.8576273
-164.62 3.8574839
-164.61 3.8573405
-164.6 3.8571971
-164.59 3.8570776
-164.58 3.8569342
-164.57 3.8567908
-164.56 3.8566474
-164.55 3.856504
-164.54 3.8563606
-164.53 3.8562172
-164.52 3.8560738
-164.51 3.8559304
-164.5 3.855787
-164.49 3.8556675
-164.48 3.8555241
-164.47 3.8553807
-164.46 3.8552373
-164.45 3.8550939
-164.44 3.8549505
-164.43 3.8548071
-164.42 3.8546637
-164.41 3.8545203
-164.4 3.8543769
-164.39 3.8542335
-164.38 3.8540901
-164.37 3.8539467
-164.36 3.8538033
-164.35 3.8536838
-164.34 3.8535404
-164.33 3.853397
-164.32 3.8532536
-164.31 3.8531102
-164.3 3.8529668
-164.29 3.8528234
-164.28 3.85268
-164.27 3.8525366
-164.26 3.8523932
-164.25 3.8522498
-164.24 3.8521064
-164.23 3.851963
-164.22 3.8518196
-164.21 3.8516762
-164.2 3.8515328
-164.19 3.8513894
-164.18 3.851246
-164.17 3.8511026
-164.16 3.8509592
-164.15 3.8508158
-164.14 3.8506724
-164.13 3.850529
-164.12 3.8503856
-164.11 3.8502422
-164.1 3.8500988
-164.09 3.8499554
-164.08 3.849812
-164.07 3.8496686
-164.06 3.8495252
-164.05 3.8493818
-164.04 3.8492384
-164.03 3.849095
-164.02 3.8489277
-164.01 3.8487843
-164.0 3.8486409
-163.99 3.8484975
-163.98 3.8483541
-163.97 3.8482107
-163.96 3.8480673
-163.95 3.8479239
-163.94 3.8477805
-163.93 3.8476371
-163.92 3.8474937
-163.91 3.8473503
-163.9 3.8472069
-163.89 3.8470635
-163.88 3.8468962
-163.87 3.8467528
-163.86 3.8466094
-163.85 3.846466
-163.84 3.8463226
-163.83 3.8461792
-163.82 3.8460358
-163.81 3.8458924
-163.8 3.845749
-163.79 3.8456056
-163.78 3.8454383
-163.77 3.8452949
-163.76 3.8451515
-163.75 3.8450081
-163.74 3.8448647
-163.73 3.8447213
-163.72 3.8445779
-163.71 3.8444345
-163.7 3.8442672
-163.69 3.8441238
-163.68 3.8439804
-163.67 3.843837
-163.66 3.8436936
-163.65 3.8435502
-163.64 3.8433829
-163.63 3.8432395
-163.62 3.8430961
-163.61 3.8429527
-163.6 3.8428093
-163.59 3.8426659
-163.58 3.8424986
-163.57 3.8423552
-163.56 3.8422118
-163.55 3.8420684
-163.54 3.841925
-163.53 3.8417816
-163.52 3.8416143
-163.51 3.8414709
-163.5 3.8413275
-163.49 3.8411841
-163.48 3.8410407
-163.47 3.8408734
-163.46 3.84073
-163.45 3.8405866
-163.44 3.8404432
-163.43 3.8402998
-163.42 3.8401325
-163.41 3.8399891
-163.4 3.8398457
-163.39 3.8397023
-163.38 3.839535
-163.37 3.8393916
-163.36 3.8392482
-163.35 3.8391048
-163.34 3.8389375
-163.33 3.8387941
-163.32 3.8386507
-163.31 3.8385073
-163.3 3.83834
-163.29 3.8381966
-163.28 3.8380532
-163.27 3.8379098
-163.26 3.8377425
-163.25 3.8375991
-163.24 3.8374557
-163.23 3.8373123
-163.22 3.837145
-163.21 3.8370016
-163.2 3.8368582
-163.19 3.8367148
-163.18 3.8365475
-163.17 3.8364041
-163.16 3.8362607
-163.15 3.8360934
-163.14 3.83595
-163.13 3.8358066
-163.12 3.8356393
-163.11 3.8354959
-163.1 3.8353525
-163.09 3.8352091
-163.08 3.8350418
-163.07 3.8348984
-163.06 3.834755
-163.05 3.8345877
-163.04 3.8344443
-163.03 3.8343009
-163.02 3.8341336
-163.01 3.8339902
-163.0 3.8338468
-162.99 3.8336795
-162.98 3.8335361
-162.97 3.8333927
-162.96 3.8332254
-162.95 3.833082
-162.94 3.8329386
-162.93 3.8327713
-162.92 3.8326279
-162.91 3.8324845
-162.9 3.8323172
-162.89 3.8321738
-162.88 3.8320304
-162.87 3.8318631
-162.86 3.8317197
-162.85 3.8315524
-162.84 3.831409
-162.83 3.8312656
-162.82 3.8310983
-162.81 3.8309549
-162.8 3.8308115
-162.79 3.8306442
-162.78 3.8305008
-162.77 3.8303335
-162.76 3.8301901
-162.75 3.8300467
-162.74 3.8298794
-162.73 3.829736
-162.72 3.8295687
-162.71 3.8294253
-162.7 3.8292819
-162.69 3.8291146
-162.68 3.8289712
-162.67 3.8288039
-162.66 3.8286605
-162.65 3.8285171
-162.64 3.8283498
-162.63 3.8282064
-162.62 3.8280391
-162.61 3.8278957
-162.6 3.8277284
-162.59 3.827585
-162.58 3.8274416
-162.57 3.8272743
-162.56 3.8271309
-162.55 3.8269636
-162.54 3.8268202
-162.53 3.8266529
-162.52 3.8265095
-162.51 3.8263422
-162.5 3.8261988
-162.49 3.8260315
-162.48 3.8258881
-162.47 3.8257447
-162.46 3.8255774
-162.45 3.825434
-162.44 3.8252667
-162.43 3.8251233
-162.42 3.824956
-162.41 3.8248126
-162.4 3.8246453
-162.39 3.8245019
-162.38 3.8243346
-162.37 3.8241912
-162.36 3.8240239
-162.35 3.8238805
-162.34 3.8237132
-162.33 3.8235698
-162.32 3.8234025
-162.31 3.8232591
-162.3 3.8230918
-162.29 3.8229484
-162.28 3.8227811
-162.27 3.8226377
-162.26 3.8224704
-162.25 3.822327
-162.24 3.8221597
-162.23 3.8220163
-162.22 3.821849
-162.21 3.8217056
-162.2 3.8215383
-162.19 3.8213949
-162.18 3.8212276
-162.17 3.8210842
-162.16 3.8209169
-162.15 3.8207735
-162.14 3.8206062
-162.13 3.8204389
-162.12 3.8202955
-162.11 3.8201282
-162.1 3.8199848
-162.09 3.8198175
-162.08 3.8196741
-162.07 3.8195068
-162.06 3.8193634
-162.05 3.8191961
-162.04 3.8190288
-162.03 3.8188854
-162.02 3.8187181
-162.01 3.8185747
-162.0 3.8184074
-161.99 3.818264
-161.98 3.8180967
-161.97 3.8179294
-161.96 3.817786
-161.95 3.8176187
-161.94 3.8174753
-161.93 3.817308
-161.92 3.8171646
-161.91 3.8169973
-161.9 3.81683
-161.89 3.8166866
-161.88 3.8165193
-161.87 3.8163759
-161.86 3.8162086
-161.85 3.8160413
-161.84 3.8158979
-161.83 3.8157306
-161.82 3.8155872
-161.81 3.8154199
-161.8 3.8152526
-161.79 3.8151092
-161.78 3.8149419
-161.77 3.8147746
-161.76 3.8146312
-161.75 3.8144639
-161.74 3.8143205
-161.73 3.8141532
-161.72 3.8139859
-161.71 3.8138425
-161.7 3.8136752
-161.69 3.8135079
-161.68 3.8133645
-161.67 3.8131972
-161.66 3.8130299
-161.65 3.8128865
-161.64 3.8127192
-161.63 3.8125758
-161.62 3.8124085
-161.61 3.8122412
-161.6 3.8120978
-161.59 3.8119305
-161.58 3.8117632
-161.57 3.8116198
-161.56 3.8114525
-161.55 3.8112852
-161.54 3.8111418
-161.53 3.8109745
-161.52 3.8108072
-161.51 3.8106638
-161.5 3.8104965
-161.49 3.8103292
-161.48 3.8101858
-161.47 3.8100185
-161.46 3.8098512
-161.45 3.8096839
-161.44 3.8095405
-161.43 3.8093732
-161.42 3.8092059
-161.41 3.8090625
-161.4 3.8088952
-161.39 3.8087279
-161.38 3.8085845
-161.37 3.8084172
-161.36 3.8082499
-161.35 3.8080826
-161.34 3.8079392
-161.33 3.8077719
-161.32 3.8076046
-161.31 3.8074612
-161.3 3.8072939
-161.29 3.8071266
-161.28 3.8069593
-161.27 3.8068159
-161.26 3.8066486
-161.25 3.8064813
-161.24 3.8063379
-161.23 3.8061706
-161.22 3.8060033
-161.21 3.805836
-161.2 3.8056926
-161.19 3.8055253
-161.18 3.805358
-161.17 3.8051907
-161.16 3.8050473
-161.15 3.80488
-161.14 3.8047127
-161.13 3.8045454
-161.12 3.804402
-161.11 3.8042347
-161.1 3.8040674
-161.09 3.8039001
-161.08 3.8037567
-161.07 3.8035894
-161.06 3.8034221
-161.05 3.8032548
-161.04 3.8031114
-161.03 3.8029441
-161.02 3.8027768
-161.01 3.8026095
-161.0 3.8024422
-160.99 3.8022988
-160.98 3.8021315
-160.97 3.8019642
-160.96 3.8017969
-160.95 3.8016535
-160.94 3.8014862
-160.93 3.8013189
-160.92 3.8011516
-160.91 3.8009843
-160.9 3.8008409
-160.89 3.8006736
-160.88 3.8005063
-160.87 3.800339
-160.86 3.8001717
-160.85 3.8000283
-160.84 3.799861
-160.83 3.7996937
-160.82 3.7995264
-160.81 3.7993591
-160.8 3.7992157
-160.79 3.7990484
-160.78 3.7988811
-160.77 3.7987138
-160.76 3.7985465
-160.75 3.7983792
-160.74 3.7982358
-160.73 3.7980685
-160.72 3.7979012
-160.71 3.7977339
-160.7 3.7975666
-160.69 3.7973993
-160.68 3.7972559
-160.67 3.7970886
-160.66 3.7969213
-160.65 3.796754
-160.64 3.7965867
-160.63 3.7964194
-160.62 3.796276
-160.61 3.7961087
-160.6 3.7959414
-160.59 3.7957741
-160.58 3.7956068
-160.57 3.7954395
-160.56 3.7952961
-160.55 3.7951288
-160.54 3.7949615
-160.53 3.7947942
-160.52 3.7946269
-160.51 3.7944596
-160.5 3.7942923
-160.49 3.794125
-160.48 3.7939816
-160.47 3.7938143
-160.46 3.793647
-160.45 3.7934797
-160.44 3.7933124
-160.43 3.7931451
-160.42 3.7929778
-160.41 3.7928105
-160.4 3.7926671
-160.39 3.7924998
-160.38 3.7923325
-160.37 3.7921652
-160.36 3.7919979
-160.35 3.7918306
-160.34 3.7916633
-160.33 3.791496
-160.32 3.7913287
-160.31 3.7911853
-160.3 3.791018
-160.29 3.7908507
-160.28 3.7906834
-160.27 3.7905161
-160.26 3.7903488
-160.25 3.7901815
-160.24 3.7900142
-160.23 3.7898469
-160.22 3.7896796
-160.21 3.7895362
-160.2 3.7893689
-160.19 3.7892016
-160.18 3.7890343
-160.17 3.788867
-160.16 3.7886997
-160.15 3.7885324
-160.14 3.7883651
-160.13 3.7881978
-160.12 3.7880305
-160.11 3.7878632
-160.1 3.7876959
-160.09 3.7875286
-160.08 3.7873613
-160.07 3.7872179
-160.06 3.7870506
-160.05 3.7868833
-160.04 3.786716
-160.03 3.7865487
-160.02 3.7863814
-160.01 3.7862141
-160.0 3.7860468
-159.99 3.7858795
-159.98 3.7857122
-159.97 3.7855449
-159.96 3.7853776
-159.95 3.7852103
-159.94 3.785043
-159.93 3.7848757
-159.92 3.7847084
-159.91 3.7845411
-159.9 3.7843738
-159.89 3.7842065
-159.88 3.7840392
-159.87 3.7838958
-159.86 3.7837285
-159.85 3.7835612
-159.84 3.7833939
-159.83 3.7832266
-159.82 3.7830593
-159.81 3.782892
-159.8 3.7827247
-159.79 3.7825574
-159.78 3.7823901
-159.77 3.7822228
-159.76 3.7820555
-159.75 3.7818882
-159.74 3.7817209
-159.73 3.7815536
-159.72 3.7813863
-159.71 3.781219
-159.7 3.7810517
-159.69 3.7808844
-159.68 3.7807171
-159.67 3.7805498
-159.66 3.7803825
-159.65 3.7802152
-159.64 3.7800479
-159.63 3.7798806
-159.62 3.7797133
-159.61 3.779546
-159.6 3.7793787
-159.59 3.7792114
-159.58 3.7790441
-159.57 3.7788768
-159.56 3.7787095
-159.55 3.7785422
-159.54 3.7783749
-159.53 3.7782076
-159.52 3.7780403
-159.51 3.777873
-159.5 3.7777057
-159.49 3.7775384
-159.48 3.7773711
-159.47 3.7772038
-159.46 3.7770365
-159.45 3.7768692
-159.44 3.7767019
-159.43 3.7765346
-159.42 3.7763673
-159.41 3.7762
-159.4 3.7760088
-159.39 3.7758415
-159.38 3.7756742
-159.37 3.7755069
-159.36 3.7753396
-159.35 3.7751723
-159.34 3.775005
-159.33 3.7748377
-159.32 3.7746704
-159.31 3.7745031
-159.3 3.7743358
-159.29 3.7741685
-159.28 3.7740012
-159.27 3.7738339
-159.26 3.7736666
-159.25 3.7734993
-159.24 3.773332
-159.23 3.7731647
-159.22 3.7729974
-159.21 3.7728301
-159.2 3.7726628
-159.19 3.7724955
-159.18 3.7723043
-159.17 3.772137
-159.16 3.7719697
-159.15 3.7718024
-159.14 3.7716351
-159.13 3.7714678
-159.12 3.7713005
-159.11 3.7711332
-159.1 3.7709659
-159.09 3.7707986
-159.08 3.7706313
-159.07 3.770464
-159.06 3.7702967
-159.05 3.7701294
-159.04 3.7699382
-159.03 3.7697709
-159.02 3.7696036
-159.01 3.7694363
-159.0 3.769269
-158.99 3.7691017
-158.98 3.7689344
-158.97 3.7687671
-158.96 3.7685998
-158.95 3.7684325
-158.94 3.7682652
-158.93 3.7680979
-158.92 3.7679067
-158.91 3.7677394
-158.9 3.7675721
-158.89 3.7674048
-158.88 3.7672375
-158.87 3.7670702
-158.86 3.7669029
-158.85 3.7667356
-158.84 3.7665683
-158.83 3.766401
-158.82 3.7662098
-158.81 3.7660425
-158.8 3.7658752
-158.79 3.7657079
-158.78 3.7655406
-158.77 3.7653733
-158.76 3.765206
-158.75 3.7650387
-158.74 3.7648714
-158.73 3.7646802
-158.72 3.7645129
-158.71 3.7643456
-158.7 3.7641783
-158.69 3.764011
-158.68 3.7638437
-158.67 3.7636764
-158.66 3.7635091
-158.65 3.7633418
-158.64 3.7631506
-158.63 3.7629833
-158.62 3.762816
-158.61 3.7626487
-158.6 3.7624814
-158.59 3.7623141
-158.58 3.7621468
-158.57 3.7619795
-158.56 3.7617883
-158.55 3.761621
-158.54 3.7614537
-158.53 3.7612864
-158.52 3.7611191
-158.51 3.7609518
-158.5 3.7607845
-158.49 3.7605933
-158.48 3.760426
-158.47 3.7602587
-158.46 3.7600914
-158.45 3.7599241
-158.44 3.7597568
-158.43 3.7595895
-158.42 3.7593983
-158.41 3.759231
-158.4 3.7590637
-158.39 3.7588964
-158.38 3.7587291
-158.37 3.7585618
-158.36 3.7583945
-158.35 3.7582033
-158.34 3.758036
-158.33 3.7578687
-158.32 3.7577014
-158.31 3.7575341
-158.3 3.7573668
-158.29 3.7571756
-158.28 3.7570083
-158.27 3.756841
-158.26 3.7566737
-158.25 3.7565064
-158.24 3.7563391
-158.23 3.7561479
-158.22 3.7559806
-158.21 3.7558133
-158.2 3.755646
-158.19 3.7554787
-158.18 3.7553114
-158.17 3.7551202
-158.16 3.7549529
-158.15 3.7547856
-158.14 3.7546183
-158.13 3.754451
-158.12 3.7542837
-158.11 3.7540925
-158.1 3.7539252
-158.09 3.7537579
-158.08 3.7535906
-158.07 3.7534233
-158.06 3.753256
-158.05 3.7530648
-158.04 3.7528975
-158.03 3.7527302
-158.02 3.7525629
-158.01 3.7523956
-158.0 3.7522044
-157.99 3.7520371
-157.98 3.7518698
-157.97 3.7517025
-157.96 3.7515352
-157.95 3.7513679
-157.94 3.7511767
-157.93 3.7510094
-157.92 3.7508421
-157.91 3.7506748
-157.9 3.7505075
-157.89 3.7503163
-157.88 3.750149
-157.87 3.7499817
-157.86 3.7498144
-157.85 3.7496471
-157.84 3.7494559
-157.83 3.7492886
-157.82 3.7491213
-157.81 3.748954
-157.8 3.7487867
-157.79 3.7485955
-157.78 3.7484282
-157.77 3.7482609
-157.76 3.7480936
-157.75 3.7479263
-157.74 3.7477351
-157.73 3.7475678
-157.72 3.7474005
-157.71 3.7472332
-157.7 3.7470659
-157.69 3.7468747
-157.68 3.7467074
-157.67 3.7465401
-157.66 3.7463728
-157.65 3.7461816
-157.64 3.7460143
-157.63 3.745847
-157.62 3.7456797
-157.61 3.7455124
-157.6 3.7453212
-157.59 3.7451539
-157.58 3.7449866
-157.57 3.7448193
-157.56 3.744652
-157.55 3.7444608
-157.54 3.7442935
-157.53 3.7441262
-157.52 3.7439589
-157.51 3.7437677
-157.5 3.7436004
-157.49 3.7434331
-157.48 3.7432658
-157.47 3.7430985
-157.46 3.7429073
-157.45 3.74274
-157.44 3.7425727
-157.43 3.7424054
-157.42 3.7422142
-157.41 3.7420469
-157.4 3.7418796
-157.39 3.7417123
-157.38 3.7415211
-157.37 3.7413538
-157.36 3.7411865
-157.35 3.7410192
-157.34 3.7408519
-157.33 3.7406607
-157.32 3.7404934
-157.31 3.7403261
-157.3 3.7401588
-157.29 3.7399676
-157.28 3.7398003
-157.27 3.739633
-157.26 3.7394657
-157.25 3.7392745
-157.24 3.7391072
-157.23 3.7389399
-157.22 3.7387726
-157.21 3.7385814
-157.2 3.7384141
-157.19 3.7382468
-157.18 3.7380795
-157.17 3.7378883
-157.16 3.737721
-157.15 3.7375537
-157.14 3.7373864
-157.13 3.7371952
-157.12 3.7370279
-157.11 3.7368606
-157.1 3.7366933
-157.09 3.7365021
-157.08 3.7363348
-157.07 3.7361675
-157.06 3.7360002
-157.05 3.735809
-157.04 3.7356417
-157.03 3.7354744
-157.02 3.7353071
-157.01 3.7351159
-157.0 3.7349486
-156.99 3.7347813
-156.98 3.734614
-156.97 3.7344228
-156.96 3.7342555
-156.95 3.7340882
-156.94 3.7339209
-156.93 3.7337297
-156.92 3.7335624
-156.91 3.7333951
-156.9 3.7332278
-156.89 3.7330366
-156.88 3.7328693
-156.87 3.732702
-156.86 3.7325347
-156.85 3.7323435
-156.84 3.7321762
-156.83 3.7320089
-156.82 3.7318416
-156.81 3.7316504
-156.8 3.7314831
-156.79 3.7313158
-156.78 3.7311485
-156.77 3.7309573
-156.76 3.73079
-156.75 3.7306227
-156.74 3.7304315
-156.73 3.7302642
-156.72 3.7300969
-156.71 3.7299296
-156.7 3.7297384
-156.69 3.7295711
-156.68 3.7294038
-156.67 3.7292365
-156.66 3.7290453
-156.65 3.728878
-156.64 3.7287107
-156.63 3.7285195
-156.62 3.7283522
-156.61 3.7281849
-156.6 3.7280176
-156.59 3.7278264
-156.58 3.7276591
-156.57 3.7274918
-156.56 3.7273245
-156.55 3.7271333
-156.54 3.726966
-156.53 3.7267987
-156.52 3.7266075
-156.51 3.7264402
-156.5 3.7262729
-156.49 3.7261056
-156.48 3.7259144
-156.47 3.7257471
-156.46 3.7255798
-156.45 3.7254125
-156.44 3.7252213
-156.43 3.725054
-156.42 3.7248867
-156.41 3.7246955
-156.4 3.7245282
-156.39 3.7243609
-156.38 3.7241936
-156.37 3.7240024
-156.36 3.7238351
-156.35 3.7236678
-156.34 3.7234766
-156.33 3.7233093
-156.32 3.723142
-156.31 3.7229747
-156.3 3.7227835
-156.29 3.7226162
-156.28 3.7224489
-156.27 3.7222577
-156.26 3.7220904
-156.25 3.7219231
-156.24 3.7217558
-156.23 3.7215646
-156.22 3.7213973
-156.21 3.72123
-156.2 3.7210388
-156.19 3.7208715
-156.18 3.7207042
-156.17 3.7205369
-156.16 3.7203457
-156.15 3.7201784
-156.14 3.7200111
-156.13 3.7198199
-156.12 3.7196526
-156.11 3.7194853
-156.1 3.719318
-156.09 3.7191268
-156.08 3.7189595
-156.07 3.7187922
-156.06 3.718601
-156.05 3.7184337
-156.04 3.7182664
-156.03 3.7180991
-156.02 3.7179079
-156.01 3.7177406
-156.0 3.7175733
-155.99 3.7173821
-155.98 3.7172148
-155.97 3.7170475
-155.96 3.7168802
-155.95 3.716689
-155.94 3.7165217
-155.93 3.7163544
-155.92 3.7161632
-155.91 3.7159959
-155.9 3.7158286
-155.89 3.7156374
-155.88 3.7154701
-155.87 3.7153028
-155.86 3.7151355
-155.85 3.7149443
-155.84 3.714777
-155.83 3.7146097
-155.82 3.7144185
-155.81 3.7142512
-155.8 3.7140839
-155.79 3.7139166
-155.78 3.7137254
-155.77 3.7135581
-155.76 3.7133908
-155.75 3.7131996
-155.74 3.7130323
-155.73 3.712865
-155.72 3.7126738
-155.71 3.7125065
-155.7 3.7123392
-155.69 3.7121719
-155.68 3.7119807
-155.67 3.7118134
-155.66 3.7116461
-155.65 3.7114549
-155.64 3.7112876
-155.63 3.7111203
-155.62 3.710953
-155.61 3.7107618
-155.6 3.7105945
-155.59 3.7104272
-155.58 3.710236
-155.57 3.7100687
-155.56 3.7099014
-155.55 3.7097102
-155.54 3.7095429
-155.53 3.7093756
-155.52 3.7092083
-155.51 3.7090171
-155.5 3.7088498
-155.49 3.7086825
-155.48 3.7084913
-155.47 3.708324
-155.46 3.7081567
-155.45 3.7079655
-155.44 3.7077982
-155.43 3.7076309
-155.42 3.7074636
-155.41 3.7072724
-155.4 3.7071051
-155.39 3.7069378
-155.38 3.7067466
-155.37 3.7065793
-155.36 3.706412
-155.35 3.7062208
-155.34 3.7060535
-155.33 3.7058862
-155.32 3.7057189
-155.31 3.7055277
-155.3 3.7053604
-155.29 3.7051931
-155.28 3.7050019
-155.27 3.7048346
-155.26 3.7046673
-155.25 3.7044761
-155.24 3.7043088
-155.23 3.7041415
-155.22 3.7039742
-155.21 3.703783
-155.2 3.7036157
-155.19 3.7034484
-155.18 3.7032572
-155.17 3.7030899
-155.16 3.7029226
-155.15 3.7027553
-155.14 3.7025641
-155.13 3.7023968
-155.12 3.7022295
-155.11 3.7020383
-155.1 3.701871
-155.09 3.7017037
-155.08 3.7015125
-155.07 3.7013452
-155.06 3.7011779
-155.05 3.7010106
-155.04 3.7008194
-155.03 3.7006521
-155.02 3.7004848
-155.01 3.7002936
-155.0 3.7001263
-154.99 3.699959
-154.98 3.6997678
-154.97 3.6996005
-154.96 3.6994332
-154.95 3.6992659
-154.94 3.6990747
-154.93 3.6989074
-154.92 3.6987401
-154.91 3.6985489
-154.9 3.6983816
-154.89 3.6982143
-154.88 3.6980231
-154.87 3.6978558
-154.86 3.6976885
-154.85 3.6975212
-154.84 3.69733
-154.83 3.6971627
-154.82 3.6969954
-154.81 3.6968042
-154.8 3.6966369
-154.79 3.6964696
-154.78 3.6963023
-154.77 3.6961111
-154.76 3.6959438
-154.75 3.6957765
-154.74 3.6955853
-154.73 3.695418
-154.72 3.6952507
-154.71 3.6950595
-154.7 3.6948922
-154.69 3.6947249
-154.68 3.6945576
-154.67 3.6943664
-154.66 3.6941991
-154.65 3.6940318
-154.64 3.6938406
-154.63 3.6936733
-154.62 3.693506
-154.61 3.6933387
-154.6 3.6931475
-154.59 3.6929802
-154.58 3.6928129
-154.57 3.6926217
-154.56 3.6924544
-154.55 3.6922871
-154.54 3.6920959
-154.53 3.6919286
-154.52 3.6917613
-154.51 3.691594
-154.5 3.6914028
-154.49 3.6912355
-154.48 3.6910682
-154.47 3.690877
-154.46 3.6907097
-154.45 3.6905424
-154.44 3.6903751
-154.43 3.6901839
-154.42 3.6900166
-154.41 3.6898493
-154.4 3.6896581
-154.39 3.6894908
-154.38 3.6893235
-154.37 3.6891562
-154.36 3.688965
-154.35 3.6887977
-154.34 3.6886304
-154.33 3.6884392
-154.32 3.6882719
-154.31 3.6881046
-154.3 3.6879373
-154.29 3.6877461
-154.28 3.6875788
-154.27 3.6874115
-154.26 3.6872203
-154.25 3.687053
-154.24 3.6868857
-154.23 3.6867184
-154.22 3.6865272
-154.21 3.6863599
-154.2 3.6861926
-154.19 3.6860014
-154.18 3.6858341
-154.17 3.6856668
-154.16 3.6854995
-154.15 3.6853083
-154.14 3.685141
-154.13 3.6849737
-154.12 3.6847825
-154.11 3.6846152
-154.1 3.6844479
-154.09 3.6842806
-154.08 3.6840894
-154.07 3.6839221
-154.06 3.6837548
-154.05 3.6835875
-154.04 3.6833963
-154.03 3.683229
-154.02 3.6830617
-154.01 3.6828705
-154.0 3.6827032
-153.99 3.6825359
-153.98 3.6823686
-153.97 3.6821774
-153.96 3.6820101
-153.95 3.6818428
-153.94 3.6816755
-153.93 3.6814843
-153.92 3.681317
-153.91 3.6811497
-153.9 3.6809585
-153.89 3.6807912
-153.88 3.6806239
-153.87 3.6804566
-153.86 3.6802654
-153.85 3.6800981
-153.84 3.6799308
-153.83 3.6797635
-153.82 3.6795723
-153.81 3.679405
-153.8 3.6792377
-153.79 3.6790465
-153.78 3.6788792
-153.77 3.6787119
-153.76 3.6785446
-153.75 3.6783534
-153.74 3.6781861
-153.73 3.6780188
-153.72 3.6778515
-153.71 3.6776603
-153.7 3.677493
-153.69 3.6773257
-153.68 3.6771584
-153.67 3.6769672
-153.66 3.6767999
-153.65 3.6766326
-153.64 3.6764653
-153.63 3.6762741
-153.62 3.6761068
-153.61 3.6759395
-153.6 3.6757483
-153.59 3.675581
-153.58 3.6754137
-153.57 3.6752464
-153.56 3.6750552
-153.55 3.6748879
-153.54 3.6747206
-153.53 3.6745533
-153.52 3.6743621
-153.51 3.6741948
-153.5 3.6740275
-153.49 3.6738602
-153.48 3.673669
-153.47 3.6735017
-153.46 3.6733344
-153.45 3.6731671
-153.44 3.6729759
-153.43 3.6728086
-153.42 3.6726413
-153.41 3.672474
-153.4 3.6722828
-153.39 3.6721155
-153.38 3.6719482
-153.37 3.6717809
-153.36 3.6715897
-153.35 3.6714224
-153.34 3.6712551
-153.33 3.6710878
-153.32 3.6708966
-153.31 3.6707293
-153.3 3.670562
-153.29 3.6703947
-153.28 3.6702035
-153.27 3.6700362
-153.26 3.6698689
-153.25 3.6697016
-153.24 3.6695343
-153.23 3.6693431
-153.22 3.6691758
-153.21 3.6690085
-153.2 3.6688412
-153.19 3.66865
-153.18 3.6684827
-153.17 3.6683154
-153.16 3.6681481
-153.15 3.6679569
-153.14 3.6677896
-153.13 3.6676223
-153.12 3.667455
-153.11 3.6672638
-153.1 3.6670965
-153.09 3.6669292
-153.08 3.6667619
-153.07 3.6665946
-153.06 3.6664034
-153.05 3.6662361
-153.04 3.6660688
-153.03 3.6659015
-153.02 3.6657103
-153.01 3.665543
-153.0 3.6653757
-152.99 3.6652084
-152.98 3.6650172
-152.97 3.6648499
-152.96 3.6646826
-152.95 3.6645153
-152.94 3.664348
-152.93 3.6641568
-152.92 3.6639895
-152.91 3.6638222
-152.9 3.6636549
-152.89 3.6634637
-152.88 3.6632964
-152.87 3.6631291
-152.86 3.6629618
-152.85 3.6627945
-152.84 3.6626033
-152.83 3.662436
-152.82 3.6622687
-152.81 3.6621014
-152.8 3.6619341
-152.79 3.6617429
-152.78 3.6615756
-152.77 3.6614083
-152.76 3.661241
-152.75 3.6610498
-152.74 3.6608825
-152.73 3.6607152
-152.72 3.6605479
-152.71 3.6603806
-152.7 3.6601894
-152.69 3.6600221
-152.68 3.6598548
-152.67 3.6596875
-152.66 3.6595202
-152.65 3.659329
-152.64 3.6591617
-152.63 3.6589944
-152.62 3.6588271
-152.61 3.6586598
-152.6 3.6584686
-152.59 3.6583013
-152.58 3.658134
-152.57 3.6579667
-152.56 3.6577994
-152.55 3.6576082
-152.54 3.6574409
-152.53 3.6572736
-152.52 3.6571063
-152.51 3.656939
-152.5 3.6567717
-152.49 3.6565805
-152.48 3.6564132
-152.47 3.6562459
-152.46 3.6560786
-152.45 3.6559113
-152.44 3.6557201
-152.43 3.6555528
-152.42 3.6553855
-152.41 3.6552182
-152.4 3.6550509
-152.39 3.6548597
-152.38 3.6546924
-152.37 3.6545251
-152.36 3.6543578
-152.35 3.6541905
-152.34 3.6540232
-152.33 3.653832
-152.32 3.6536647
-152.31 3.6534974
-152.3 3.6533301
-152.29 3.6531628
-152.28 3.6529955
-152.27 3.6528043
-152.26 3.652637
-152.25 3.6524697
-152.24 3.6523024
-152.23 3.6521351
-152.22 3.6519439
-152.21 3.6517766
-152.2 3.6516093
-152.19 3.651442
-152.18 3.6512747
-152.17 3.6511074
-152.16 3.6509162
-152.15 3.6507489
-152.14 3.6505816
-152.13 3.6504143
-152.12 3.650247
-152.11 3.6500797
-152.1 3.6499124
-152.09 3.6497212
-152.08 3.6495539
-152.07 3.6493866
-152.06 3.6492193
-152.05 3.649052
-152.04 3.6488847
-152.03 3.6486935
-152.02 3.6485262
-152.01 3.6483589
-152.0 3.6481916
-151.99 3.6480243
-151.98 3.647857
-151.97 3.6476897
-151.96 3.6474985
-151.95 3.6473312
-151.94 3.6471639
-151.93 3.6469966
-151.92 3.6468293
-151.91 3.646662
-151.9 3.6464947
-151.89 3.6463035
-151.88 3.6461362
-151.87 3.6459689
-151.86 3.6458016
-151.85 3.6456343
-151.84 3.645467
-151.83 3.6452997
-151.82 3.6451085
-151.81 3.6449412
-151.8 3.6447739
-151.79 3.6446066
-151.78 3.6444393
-151.77 3.644272
-151.76 3.6441047
-151.75 3.6439374
-151.74 3.6437462
-151.73 3.6435789
-151.72 3.6434116
-151.71 3.6432443
-151.7 3.643077
-151.69 3.6429097
-151.68 3.6427424
-151.67 3.6425751
-151.66 3.6423839
-151.65 3.6422166
-151.64 3.6420493
-151.63 3.641882
-151.62 3.6417147
-151.61 3.6415474
-151.6 3.6413801
-151.59 3.6412128
-151.58 3.6410216
-151.57 3.6408543
-151.56 3.640687
-151.55 3.6405197
-151.54 3.6403524
-151.53 3.6401851
-151.52 3.6400178
-151.51 3.6398505
-151.5 3.6396832
-151.49 3.6395159
-151.48 3.6393247
-151.47 3.6391574
-151.46 3.6389901
-151.45 3.6388228
-151.44 3.6386555
-151.43 3.6384882
-151.42 3.6383209
-151.41 3.6381536
-151.4 3.6379863
-151.39 3.637819
-151.38 3.6376278
-151.37 3.6374605
-151.36 3.6372932
-151.35 3.6371259
-151.34 3.6369586
-151.33 3.6367913
-151.32 3.636624
-151.31 3.6364567
-151.3 3.6362894
-151.29 3.6361221
-151.28 3.6359548
-151.27 3.6357875
-151.26 3.6355963
-151.25 3.635429
-151.24 3.6352617
-151.23 3.6350944
-151.22 3.6349271
-151.21 3.6347598
-151.2 3.6345925
-151.19 3.6344252
-151.18 3.6342579
-151.17 3.6340906
-151.16 3.6339233
-151.15 3.633756
-151.14 3.6335887
-151.13 3.6334214
-151.12 3.6332302
-151.11 3.6330629
-151.1 3.6328956
-151.09 3.6327283
-151.08 3.632561
-151.07 3.6323937
-151.06 3.6322264
-151.05 3.6320591
-151.04 3.6318918
-151.03 3.6317245
-151.02 3.6315572
-151.01 3.6313899
-151.0 3.6312226
-150.99 3.6310553
-150.98 3.630888
-150.97 3.6307207
-150.96 3.6305534
-150.95 3.6303861
-150.94 3.6301949
-150.93 3.6300276
-150.92 3.6298603
-150.91 3.629693
-150.9 3.6295257
-150.89 3.6293584
-150.88 3.6291911
-150.87 3.6290238
-150.86 3.6288565
-150.85 3.6286892
-150.84 3.6285219
-150.83 3.6283546
-150.82 3.6281873
-150.81 3.62802
-150.8 3.6278527
-150.79 3.6276854
-150.78 3.6275181
-150.77 3.6273508
-150.76 3.6271835
-150.75 3.6270162
-150.74 3.6268489
-150.73 3.6266816
-150.72 3.6265143
-150.71 3.626347
-150.7 3.6261797
-150.69 3.6260124
-150.68 3.6258451
-150.67 3.6256778
-150.66 3.6255105
-150.65 3.6253432
-150.64 3.6251759
-150.63 3.6250086
-150.62 3.6248413
-150.61 3.624674
-150.6 3.6245067
-150.59 3.6243394
-150.58 3.6241721
-150.57 3.6240048
-150.56 3.6238375
-150.55 3.6236702
-150.54 3.6235029
-150.53 3.6233356
-150.52 3.6231683
-150.51 3.623001
-150.5 3.6228337
-150.49 3.6226664
-150.48 3.6224991
-150.47 3.6223318
-150.46 3.6221645
-150.45 3.6219972
-150.44 3.6218299
-150.43 3.6216626
-150.42 3.6214953
-150.41 3.621328
-150.4 3.6211607
-150.39 3.6209934
-150.38 3.6208261
-150.37 3.6206588
-150.36 3.6204915
-150.35 3.6203242
-150.34 3.6201569
-150.33 3.6199896
-150.32 3.6198223
-150.31 3.619655
-150.3 3.6194877
-150.29 3.6193204
-150.28 3.6191531
-150.27 3.6189858
-150.26 3.6188185
-150.25 3.6186512
-150.24 3.6184839
-150.23 3.6183166
-150.22 3.6181493
-150.21 3.617982
-150.2 3.6178147
-150.19 3.6176474
-150.18 3.617504
-150.17 3.6173367
-150.16 3.6171694
-150.15 3.6170021
-150.14 3.6168348
-150.13 3.6166675
-150.12 3.6165002
-150.11 3.6163329
-150.1 3.6161656
-150.09 3.6159983
-150.08 3.615831
-150.07 3.6156637
-150.06 3.6154964
-150.05 3.6153291
-150.04 3.6151618
-150.03 3.6149945
-150.02 3.6148272
-150.01 3.6146838
-150.0 3.6145165
-149.99 3.6143492
-149.98 3.6141819
-149.97 3.6140146
-149.96 3.6138473
-149.95 3.61368
-149.94 3.6135127
-149.93 3.6133454
-149.92 3.6131781
-149.91 3.6130108
-149.9 3.6128435
-149.89 3.6126762
-149.88 3.6125328
-149.87 3.6123655
-149.86 3.6121982
-149.85 3.6120309
-149.84 3.6118636
-149.83 3.6116963
-149.82 3.611529
-149.81 3.6113617
-149.8 3.6111944
-149.79 3.6110271
-149.78 3.6108598
-149.77 3.6107164
-149.76 3.6105491
-149.75 3.6103818
-149.74 3.6102145
-149.73 3.6100472
-149.72 3.6098799
-149.71 3.6097126
-149.7 3.6095453
-149.69 3.609378
-149.68 3.6092346
-149.67 3.6090673
-149.66 3.6089
-149.65 3.6087327
-149.64 3.6085654
-149.63 3.6083981
-149.62 3.6082308
-149.61 3.6080635
-149.6 3.6078962
-149.59 3.6077528
-149.58 3.6075855
-149.57 3.6074182
-149.56 3.6072509
-149.55 3.6070836
-149.54 3.6069163
-149.53 3.606749
-149.52 3.6066056
-149.51 3.6064383
-149.5 3.606271
-149.49 3.6061037
-149.48 3.6059364
-149.47 3.6057691
-149.46 3.6056018
-149.45 3.6054345
-149.44 3.6052911
-149.43 3.6051238
-149.42 3.6049565
-149.41 3.6047892
-149.4 3.6046219
-149.39 3.6044546
-149.38 3.6043112
-149.37 3.6041439
-149.36 3.6039766
-149.35 3.6038093
-149.34 3.603642
-149.33 3.6034747
-149.32 3.6033074
-149.31 3.603164
-149.3 3.6029967
-149.29 3.6028294
-149.28 3.6026621
-149.27 3.6024948
-149.26 3.6023514
-149.25 3.6021841
-149.24 3.6020168
-149.23 3.6018495
-149.22 3.6016822
-149.21 3.6015149
-149.2 3.6013715
-149.19 3.6012042
-149.18 3.6010369
-149.17 3.6008696
-149.16 3.6007023
-149.15 3.600535
-149.14 3.6003916
-149.13 3.6002243
-149.12 3.600057
-149.11 3.5998897
-149.1 3.5997224
-149.09 3.599579
-149.08 3.5994117
-149.07 3.5992444
-149.06 3.5990771
-149.05 3.5989098
-149.04 3.5987664
-149.03 3.5985991
-149.02 3.5984318
-149.01 3.5982645
-149.0 3.5980972
-148.99 3.5979538
-148.98 3.5977865
-148.97 3.5976192
-148.96 3.5974519
-148.95 3.5973085
-148.94 3.5971412
-148.93 3.5969739
-148.92 3.5968066
-148.91 3.5966393
-148.9 3.5964959
-148.89 3.5963286
-148.88 3.5961613
-148.87 3.595994
-148.86 3.5958506
-148.85 3.5956833
-148.84 3.595516
-148.83 3.5953487
-148.82 3.5952053
-148.81 3.595038
-148.8 3.5948707
-148.79 3.5947034
-148.78 3.5945361
-148.77 3.5943927
-148.76 3.5942254
-148.75 3.5940581
-148.74 3.5938908
-148.73 3.5937474
-148.72 3.5935801
-148.71 3.5934128
-148.7 3.5932455
-148.69 3.5931021
-148.68 3.5929348
-148.67 3.5927675
-148.66 3.5926002
-148.65 3.5924568
-148.64 3.5922895
-148.63 3.5921222
-148.62 3.5919788
-148.61 3.5918115
-148.6 3.5916442
-148.59 3.5914769
-148.58 3.5913335
-148.57 3.5911662
-148.56 3.5909989
-148.55 3.5908316
-148.54 3.5906882
-148.53 3.5905209
-148.52 3.5903536
-148.51 3.5902102
-148.5 3.5900429
-148.49 3.5898756
-148.48 3.5897083
-148.47 3.5895649
-148.46 3.5893976
-148.45 3.5892303
-148.44 3.5890869
-148.43 3.5889196
-148.42 3.5887523
-148.41 3.5886089
-148.4 3.5884416
-148.39 3.5882743
-148.38 3.588107
-148.37 3.5879636
-148.36 3.5877963
-148.35 3.587629
-148.34 3.5874856
-148.33 3.5873183
-148.32 3.587151
-148.31 3.5870076
-148.3 3.5868403
-148.29 3.586673
-148.28 3.5865296
-148.27 3.5863623
-148.26 3.586195
-148.25 3.5860516
-148.24 3.5858843
-148.23 3.585717
-148.22 3.5855736
-148.21 3.5854063
-148.2 3.585239
-148.19 3.5850956
-148.18 3.5849283
-148.17 3.584761
-148.16 3.5846176
-148.15 3.5844503
-148.14 3.584283
-148.13 3.5841396
-148.12 3.5839723
-148.11 3.583805
-148.1 3.5836616
-148.09 3.5834943
-148.08 3.583327
-148.07 3.5831836
-148.06 3.5830163
-148.05 3.582849
-148.04 3.5827056
-148.03 3.5825383
-148.02 3.5823949
-148.01 3.5822276
-148.0 3.5820603
-147.99 3.5819169
-147.98 3.5817496
-147.97 3.5815823
-147.96 3.5814389
-147.95 3.5812716
-147.94 3.5811043
-147.93 3.5809609
-147.92 3.5807936
-147.91 3.5806502
-147.9 3.5804829
-147.89 3.5803156
-147.88 3.5801722
-147.87 3.5800049
-147.86 3.5798615
-147.85 3.5796942
-147.84 3.5795269
-147.83 3.5793835
-147.82 3.5792162
-147.81 3.5790728
-147.8 3.5789055
-147.79 3.5787382
-147.78 3.5785948
-147.77 3.5784275
-147.76 3.5782841
-147.75 3.5781168
-147.74 3.5779495
-147.73 3.5778061
-147.72 3.5776388
-147.71 3.5774954
-147.7 3.5773281
-147.69 3.5771608
-147.68 3.5770174
-147.67 3.5768501
-147.66 3.5767067
-147.65 3.5765394
-147.64 3.576396
-147.63 3.5762287
-147.62 3.5760614
-147.61 3.575918
-147.6 3.5757507
-147.59 3.5756073
-147.58 3.57544
-147.57 3.5752966
-147.56 3.5751293
-147.55 3.574962
-147.54 3.5748186
-147.53 3.5746513
-147.52 3.5745079
-147.51 3.5743406
-147.5 3.5741972
-147.49 3.5740299
-147.48 3.5738865
-147.47 3.5737192
-147.46 3.5735758
-147.45 3.5734085
-147.44 3.5732412
-147.43 3.5730978
-147.42 3.5729305
-147.41 3.5727871
-147.4 3.5726198
-147.39 3.5724764
-147.38 3.5723091
-147.37 3.5721657
-147.36 3.5719984
-147.35 3.571855
-147.34 3.5716877
-147.33 3.5715443
-147.32 3.571377
-147.31 3.5712336
-147.3 3.5710663
-147.29 3.5709229
-147.28 3.5707556
-147.27 3.5706122
-147.26 3.5704449
-147.25 3.5703015
-147.24 3.5701342
-147.23 3.5699908
-147.22 3.5698235
-147.21 3.5696801
-147.2 3.5695128
-147.19 3.5693694
-147.18 3.5692021
-147.17 3.5690587
-147.16 3.5688914
-147.15 3.568748
-147.14 3.5685807
-147.13 3.5684373
-147.12 3.56827
-147.11 3.5681266
-147.1 3.5679593
-147.09 3.5678159
-147.08 3.5676486
-147.07 3.5675052
-147.06 3.5673379
-147.05 3.5671945
-147.04 3.5670272
-147.03 3.5668838
-147.02 3.5667165
-147.01 3.5665731
-147.0 3.5664058
-146.99 3.5662624
-146.98 3.566119
-146.97 3.5659517
-146.96 3.5658083
-146.95 3.565641
-146.94 3.5654976
-146.93 3.5653303
-146.92 3.5651869
-146.91 3.5650196
-146.9 3.5648762
-146.89 3.5647328
-146.88 3.5645655
-146.87 3.5644221
-146.86 3.5642548
-146.85 3.5641114
-146.84 3.5639441
-146.83 3.5638007
-146.82 3.5636334
-146.81 3.56349
-146.8 3.5633466
-146.79 3.5631793
-146.78 3.5630359
-146.77 3.5628686
-146.76 3.5627252
-146.75 3.5625818
-146.74 3.5624145
-146.73 3.5622711
-146.72 3.5621038
-146.71 3.5619604
-146.7 3.5617931
-146.69 3.5616497
-146.68 3.5615063
-146.67 3.561339
-146.66 3.5611956
-146.65 3.5610283
-146.64 3.5608849
-146.63 3.5607415
-146.62 3.5605742
-146.61 3.5604308
-146.6 3.5602874
-146.59 3.5601201
-146.58 3.5599767
-146.57 3.5598094
-146.56 3.559666
-146.55 3.5595226
-146.54 3.5593553
-146.53 3.5592119
-146.52 3.5590446
-146.51 3.5589012
-146.5 3.5587578
-146.49 3.5585905
-146.48 3.5584471
-146.47 3.5583037
-146.46 3.5581364
-146.45 3.557993
-146.44 3.5578496
-146.43 3.5576823
-146.42 3.5575389
-146.41 3.5573716
-146.4 3.5572282
-146.39 3.5570848
-146.38 3.5569175
-146.37 3.5567741
-146.36 3.5566307
-146.35 3.5564634
-146.34 3.55632
-146.33 3.5561766
-146.32 3.5560093
-146.31 3.5558659
-146.3 3.5557225
-146.29 3.5555552
-146.28 3.5554118
-146.27 3.5552684
-146.26 3.5551011
-146.25 3.5549577
-146.24 3.5548143
-146.23 3.554647
-146.22 3.5545036
-146.21 3.5543602
-146.2 3.5541929
-146.19 3.5540495
-146.18 3.5539061
-146.17 3.5537627
-146.16 3.5535954
-146.15 3.553452
-146.14 3.5533086
-146.13 3.5531413
-146.12 3.5529979
-146.11 3.5528545
-146.1 3.5526872
-146.09 3.5525438
-146.08 3.5524004
-146.07 3.552257
-146.06 3.5520897
-146.05 3.5519463
-146.04 3.5518029
-146.03 3.5516356
-146.02 3.5514922
-146.01 3.5513488
-146.0 3.5512054
-145.99 3.5510381
-145.98 3.5508947
-145.97 3.5507513
-145.96 3.5506079
-145.95 3.5504406
-145.94 3.5502972
-145.93 3.5501538
-145.92 3.5499865
-145.91 3.5498431
-145.9 3.5496997
-145.89 3.5495563
-145.88 3.549389
-145.87 3.5492456
-145.86 3.5491022
-145.85 3.5489588
-145.84 3.5487915
-145.83 3.5486481
-145.82 3.5485047
-145.81 3.5483613
-145.8 3.548194
-145.79 3.5480506
-145.78 3.5479072
-145.77 3.5477638
-145.76 3.5476204
-145.75 3.5474531
-145.74 3.5473097
-145.73 3.5471663
-145.72 3.5470229
-145.71 3.5468556
-145.7 3.5467122
-145.69 3.5465688
-145.68 3.5464254
-145.67 3.546282
-145.66 3.5461147
-145.65 3.5459713
-145.64 3.5458279
-145.63 3.5456845
-145.62 3.5455411
-145.61 3.5453738
-145.6 3.5452304
-145.59 3.545087
-145.58 3.5449436
-145.57 3.5448002
-145.56 3.5446329
-145.55 3.5444895
-145.54 3.5443461
-145.53 3.5442027
-145.52 3.5440593
-145.51 3.543892
-145.5 3.5437486
-145.49 3.5436052
-145.48 3.5434618
-145.47 3.5433184
-145.46 3.543175
-145.45 3.5430077
-145.44 3.5428643
-145.43 3.5427209
-145.42 3.5425775
-145.41 3.5424341
-145.4 3.5422907
-145.39 3.5421234
-145.38 3.54198
-145.37 3.5418366
-145.36 3.5416932
-145.35 3.5415498
-145.34 3.5414064
-145.33 3.5412391
-145.32 3.5410957
-145.31 3.5409523
-145.3 3.5408089
-145.29 3.5406655
-145.28 3.5405221
-145.27 3.5403787
-145.26 3.5402353
-145.25 3.540068
-145.24 3.5399246
-145.23 3.5397812
-145.22 3.5396378
-145.21 3.5394944
-145.2 3.539351
-145.19 3.5392076
-145.18 3.5390642
-145.17 3.5388969
-145.16 3.5387535
-145.15 3.5386101
-145.14 3.5384667
-145.13 3.5383233
-145.12 3.5381799
-145.11 3.5380365
-145.1 3.5378931
-145.09 3.5377497
-145.08 3.5375824
-145.07 3.537439
-145.06 3.5372956
-145.05 3.5371522
-145.04 3.5370088
-145.03 3.5368654
-145.02 3.536722
-145.01 3.5365786
-145.0 3.5364352
-144.99 3.5362918
-144.98 3.5361484
-144.97 3.536005
-144.96 3.5358377
-144.95 3.5356943
-144.94 3.5355509
-144.93 3.5354075
-144.92 3.5352641
-144.91 3.5351207
-144.9 3.5349773
-144.89 3.5348339
-144.88 3.5346905
-144.87 3.5345471
-144.86 3.5344037
-144.85 3.5342603
-144.84 3.5341169
-144.83 3.5339735
-144.82 3.5338301
-144.81 3.5336867
-144.8 3.5335433
-144.79 3.5333999
-144.78 3.5332326
-144.77 3.5330892
-144.76 3.5329458
-144.75 3.5328024
-144.74 3.532659
-144.73 3.5325156
-144.72 3.5323722
-144.71 3.5322288
-144.7 3.5320854
-144.69 3.531942
-144.68 3.5317986
-144.67 3.5316552
-144.66 3.5315118
-144.65 3.5313684
-144.64 3.531225
-144.63 3.5310816
-144.62 3.5309382
-144.61 3.5307948
-144.6 3.5306514
-144.59 3.530508
-144.58 3.5303646
-144.57 3.5302212
-144.56 3.5300778
-144.55 3.5299344
-144.54 3.529791
-144.53 3.5296476
-144.52 3.5295042
-144.51 3.5293608
-144.5 3.5292174
-144.49 3.529074
-144.48 3.5289306
-144.47 3.5287872
-144.46 3.5286438
-144.45 3.5285004
-144.44 3.528357
-144.43 3.5282136
-144.42 3.5280702
-144.41 3.5279507
-144.4 3.5278073
-144.39 3.5276639
-144.38 3.5275205
-144.37 3.5273771
-144.36 3.5272337
-144.35 3.5270903
-144.34 3.5269469
-144.33 3.5268035
-144.32 3.5266601
-144.31 3.5265167
-144.3 3.5263733
-144.29 3.5262299
-144.28 3.5260865
-144.27 3.5259431
-144.26 3.5257997
-144.25 3.5256563
-144.24 3.5255129
-144.23 3.5253934
-144.22 3.52525
-144.21 3.5251066
-144.2 3.5249632
-144.19 3.5248198
-144.18 3.5246764
-144.17 3.524533
-144.16 3.5243896
-144.15 3.5242462
-144.14 3.5241028
-144.13 3.5239594
-144.12 3.523816
-144.11 3.5236965
-144.1 3.5235531
-144.09 3.5234097
-144.08 3.5232663
-144.07 3.5231229
-144.06 3.5229795
-144.05 3.5228361
-144.04 3.5226927
-144.03 3.5225493
-144.02 3.5224298
-144.01 3.5222864
-144.0 3.522143
-143.99 3.5219996
-143.98 3.5218562
-143.97 3.5217128
-143.96 3.5215694
-143.95 3.521426
-143.94 3.5213065
-143.93 3.5211631
-143.92 3.5210197
-143.91 3.5208763
-143.9 3.5207329
-143.89 3.5205895
-143.88 3.5204461
-143.87 3.5203266
-143.86 3.5201832
-143.85 3.5200398
-143.84 3.5198964
-143.83 3.519753
-143.82 3.5196096
-143.81 3.5194901
-143.8 3.5193467
-143.79 3.5192033
-143.78 3.5190599
-143.77 3.5189165
-143.76 3.5187731
-143.75 3.5186536
-143.74 3.5185102
-143.73 3.5183668
-143.72 3.5182234
-143.71 3.51808
-143.7 3.5179366
-143.69 3.5178171
-143.68 3.5176737
-143.67 3.5175303
-143.66 3.5173869
-143.65 3.5172435
-143.64 3.517124
-143.63 3.5169806
-143.62 3.5168372
-143.61 3.5166938
-143.6 3.5165504
-143.59 3.5164309
-143.58 3.5162875
-143.57 3.5161441
-143.56 3.5160007
-143.55 3.5158573
-143.54 3.5157378
-143.53 3.5155944
-143.52 3.515451
-143.51 3.5153076
-143.5 3.5151881
-143.49 3.5150447
-143.48 3.5149013
-143.47 3.5147579
-143.46 3.5146145
-143.45 3.514495
-143.44 3.5143516
-143.43 3.5142082
-143.42 3.5140648
-143.41 3.5139453
-143.4 3.5138019
-143.39 3.5136585
-143.38 3.5135151
-143.37 3.5133956
-143.36 3.5132522
-143.35 3.5131088
-143.34 3.5129654
-143.33 3.5128459
-143.32 3.5127025
-143.31 3.5125591
-143.3 3.5124396
-143.29 3.5122962
-143.28 3.5121528
-143.27 3.5120094
-143.26 3.5118899
-143.25 3.5117465
-143.24 3.5116031
-143.23 3.5114597
-143.22 3.5113402
-143.21 3.5111968
-143.2 3.5110534
-143.19 3.5109339
-143.18 3.5107905
-143.17 3.5106471
-143.16 3.5105037
-143.15 3.5103842
-143.14 3.5102408
-143.13 3.5100974
-143.12 3.5099779
-143.11 3.5098345
-143.1 3.5096911
-143.09 3.5095716
-143.08 3.5094282
-143.07 3.5092848
-143.06 3.5091653
-143.05 3.5090219
-143.04 3.5088785
-143.03 3.508759
-143.02 3.5086156
-143.01 3.5084722
-143.0 3.5083527
-142.99 3.5082093
-142.98 3.5080659
-142.97 3.5079464
-142.96 3.507803
-142.95 3.5076596
-142.94 3.5075401
-142.93 3.5073967
-142.92 3.5072533
-142.91 3.5071338
-142.9 3.5069904
-142.89 3.506847
-142.88 3.5067275
-142.87 3.5065841
-142.86 3.5064407
-142.85 3.5063212
-142.84 3.5061778
-142.83 3.5060344
-142.82 3.5059149
-142.81 3.5057715
-142.8 3.505652
-142.79 3.5055086
-142.78 3.5053652
-142.77 3.5052457
-142.76 3.5051023
-142.75 3.5049589
-142.74 3.5048394
-142.73 3.504696
-142.72 3.5045765
-142.71 3.5044331
-142.7 3.5042897
-142.69 3.5041702
-142.68 3.5040268
-142.67 3.5039073
-142.66 3.5037639
-142.65 3.5036205
-142.64 3.503501
-142.63 3.5033576
-142.62 3.5032381
-142.61 3.5030947
-142.6 3.5029513
-142.59 3.5028318
-142.58 3.5026884
-142.57 3.5025689
-142.56 3.5024255
-142.55 3.502306
-142.54 3.5021626
-142.53 3.5020192
-142.52 3.5018997
-142.51 3.5017563
-142.5 3.5016368
-142.49 3.5014934
-142.48 3.5013739
-142.47 3.5012305
-142.46 3.501111
-142.45 3.5009676
-142.44 3.5008242
-142.43 3.5007047
-142.42 3.5005613
-142.41 3.5004418
-142.4 3.5002984
-142.39 3.5001789
-142.38 3.5000355
-142.37 3.499916
-142.36 3.4997726
-142.35 3.4996531
-142.34 3.4995097
-142.33 3.4993902
-142.32 3.4992468
-142.31 3.4991034
-142.3 3.4989839
-142.29 3.4988405
-142.28 3.498721
-142.27 3.4985776
-142.26 3.4984581
-142.25 3.4983147
-142.24 3.4981952
-142.23 3.4980518
-142.22 3.4979323
-142.21 3.4977889
-142.2 3.4976694
-142.19 3.497526
-142.18 3.4974065
-142.17 3.4972631
-142.16 3.4971436
-142.15 3.4970002
-142.14 3.4968807
-142.13 3.4967373
-142.12 3.4966178
-142.11 3.4964744
-142.1 3.4963549
-142.09 3.4962115
-142.08 3.496092
-142.07 3.4959725
-142.06 3.4958291
-142.05 3.4957096
-142.04 3.4955662
-142.03 3.4954467
-142.02 3.4953033
-142.01 3.4951838
-142.0 3.4950404
-141.99 3.4949209
-141.98 3.4947775
-141.97 3.494658
-141.96 3.4945385
-141.95 3.4943951
-141.94 3.4942756
-141.93 3.4941322
-141.92 3.4940127
-141.91 3.4938693
-141.9 3.4937498
-141.89 3.4936064
-141.88 3.4934869
-141.87 3.4933674
-141.86 3.493224
-141.85 3.4931045
-141.84 3.4929611
-141.83 3.4928416
-141.82 3.4926982
-141.81 3.4925787
-141.8 3.4924592
-141.79 3.4923158
-141.78 3.4921963
-141.77 3.4920529
-141.76 3.4919334
-141.75 3.4918139
-141.74 3.4916705
-141.73 3.491551
-141.72 3.4914076
-141.71 3.4912881
-141.7 3.4911686
-141.69 3.4910252
-141.68 3.4909057
-141.67 3.4907623
-141.66 3.4906428
-141.65 3.4905233
-141.64 3.4903799
-141.63 3.4902604
-141.62 3.4901409
-141.61 3.4899975
-141.6 3.489878
-141.59 3.4897346
-141.58 3.4896151
-141.57 3.4894956
-141.56 3.4893522
-141.55 3.4892327
-141.54 3.4891132
-141.53 3.4889698
-141.52 3.4888503
-141.51 3.4887308
-141.5 3.4885874
-141.49 3.4884679
-141.48 3.4883484
-141.47 3.488205
-141.46 3.4880855
-141.45 3.4879421
-141.44 3.4878226
-141.43 3.4877031
-141.42 3.4875597
-141.41 3.4874402
-141.4 3.4873207
-141.39 3.4872012
-141.38 3.4870578
-141.37 3.4869383
-141.36 3.4868188
-141.35 3.4866754
-141.34 3.4865559
-141.33 3.4864364
-141.32 3.486293
-141.31 3.4861735
-141.3 3.486054
-141.29 3.4859106
-141.28 3.4857911
-141.27 3.4856716
-141.26 3.4855282
-141.25 3.4854087
-141.24 3.4852892
-141.23 3.4851697
-141.22 3.4850263
-141.21 3.4849068
-141.2 3.4847873
-141.19 3.4846439
-141.18 3.4845244
-141.17 3.4844049
-141.16 3.4842854
-141.15 3.484142
-141.14 3.4840225
-141.13 3.483903
-141.12 3.4837835
-141.11 3.4836401
-141.1 3.4835206
-141.09 3.4834011
-141.08 3.4832577
-141.07 3.4831382
-141.06 3.4830187
-141.05 3.4828992
-141.04 3.4827558
-141.03 3.4826363
-141.02 3.4825168
-141.01 3.4823973
-141.0 3.4822539
-140.99 3.4821344
-140.98 3.4820149
-140.97 3.4818954
-140.96 3.4817759
-140.95 3.4816325
-140.94 3.481513
-140.93 3.4813935
-140.92 3.481274
-140.91 3.4811306
-140.9 3.4810111
-140.89 3.4808916
-140.88 3.4807721
-140.87 3.4806526
-140.86 3.4805092
-140.85 3.4803897
-140.84 3.4802702
-140.83 3.4801507
-140.82 3.4800073
-140.81 3.4798878
-140.8 3.4797683
-140.79 3.4796488
-140.78 3.4795293
-140.77 3.4793859
-140.76 3.4792664
-140.75 3.4791469
-140.74 3.4790274
-140.73 3.4789079
-140.72 3.4787884
-140.71 3.478645
-140.7 3.4785255
-140.69 3.478406
-140.68 3.4782865
-140.67 3.478167
-140.66 3.4780236
-140.65 3.4779041
-140.64 3.4777846
-140.63 3.4776651
-140.62 3.4775456
-140.61 3.4774261
-140.6 3.4773066
-140.59 3.4771632
-140.58 3.4770437
-140.57 3.4769242
-140.56 3.4768047
-140.55 3.4766852
-140.54 3.4765657
-140.53 3.4764223
-140.52 3.4763028
-140.51 3.4761833
-140.5 3.4760638
-140.49 3.4759443
-140.48 3.4758248
-140.47 3.4757053
-140.46 3.4755858
-140.45 3.4754424
-140.44 3.4753229
-140.43 3.4752034
-140.42 3.4750839
-140.41 3.4749644
-140.4 3.4748449
-140.39 3.4747254
-140.38 3.4746059
-140.37 3.4744864
-140.36 3.474343
-140.35 3.4742235
-140.34 3.474104
-140.33 3.4739845
-140.32 3.473865
-140.31 3.4737455
-140.3 3.473626
-140.29 3.4735065
-140.28 3.473387
-140.27 3.4732675
-140.26 3.4731241
-140.25 3.4730046
-140.24 3.4728851
-140.23 3.4727656
-140.22 3.4726461
-140.21 3.4725266
-140.2 3.4724071
-140.19 3.4722876
-140.18 3.4721681
-140.17 3.4720486
-140.16 3.4719291
-140.15 3.4718096
-140.14 3.4716901
-140.13 3.4715706
-140.12 3.4714511
-140.11 3.4713077
-140.1 3.4711882
-140.09 3.4710687
-140.08 3.4709492
-140.07 3.4708297
-140.06 3.4707102
-140.05 3.4705907
-140.04 3.4704712
-140.03 3.4703517
-140.02 3.4702322
-140.01 3.4701127
-140.0 3.4699932
-139.99 3.4698737
-139.98 3.4697542
-139.97 3.4696347
-139.96 3.4695152
-139.95 3.4693957
-139.94 3.4692762
-139.93 3.4691567
-139.92 3.4690372
-139.91 3.4689177
-139.9 3.4687982
-139.89 3.4686787
-139.88 3.4685592
-139.87 3.4684397
-139.86 3.4683202
-139.85 3.4682007
-139.84 3.4680812
-139.83 3.4679617
-139.82 3.4678422
-139.81 3.4677227
-139.8 3.4676032
-139.79 3.4674837
-139.78 3.4673642
-139.77 3.4672447
-139.76 3.4671252
-139.75 3.4670057
-139.74 3.4668862
-139.73 3.4667667
-139.72 3.4666472
-139.71 3.4665277
-139.7 3.4664082
-139.69 3.4662887
-139.68 3.4661692
-139.67 3.4660497
-139.66 3.4659302
-139.65 3.4658107
-139.64 3.4656912
-139.63 3.4655717
-139.62 3.4654761
-139.61 3.4653566
-139.6 3.4652371
-139.59 3.4651176
-139.58 3.4649981
-139.57 3.4648786
-139.56 3.4647591
-139.55 3.4646396
-139.54 3.4645201
-139.53 3.4644006
-139.52 3.4642811
-139.51 3.4641616
-139.5 3.4640421
-139.49 3.4639226
-139.48 3.4638031
-139.47 3.4637075
-139.46 3.463588
-139.45 3.4634685
-139.44 3.463349
-139.43 3.4632295
-139.42 3.46311
-139.41 3.4629905
-139.4 3.462871
-139.39 3.4627515
-139.38 3.462632
-139.37 3.4625364
-139.36 3.4624169
-139.35 3.4622974
-139.34 3.4621779
-139.33 3.4620584
-139.32 3.4619389
-139.31 3.4618194
-139.3 3.4616999
-139.29 3.4615804
-139.28 3.4614848
-139.27 3.4613653
-139.26 3.4612458
-139.25 3.4611263
-139.24 3.4610068
-139.23 3.4608873
-139.22 3.4607678
-139.21 3.4606483
-139.2 3.4605527
-139.19 3.4604332
-139.18 3.4603137
-139.17 3.4601942
-139.16 3.4600747
-139.15 3.4599552
-139.14 3.4598596
-139.13 3.4597401
-139.12 3.4596206
-139.11 3.4595011
-139.1 3.4593816
-139.09 3.4592621
-139.08 3.4591426
-139.07 3.459047
-139.06 3.4589275
-139.05 3.458808
-139.04 3.4586885
-139.03 3.458569
-139.02 3.4584734
-139.01 3.4583539
-139.0 3.4582344
-138.99 3.4581149
-138.98 3.4579954
-138.97 3.4578759
-138.96 3.4577803
-138.95 3.4576608
-138.94 3.4575413
-138.93 3.4574218
-138.92 3.4573023
-138.91 3.4572067
-138.9 3.4570872
-138.89 3.4569677
-138.88 3.4568482
-138.87 3.4567287
-138.86 3.4566331
-138.85 3.4565136
-138.84 3.4563941
-138.83 3.4562746
-138.82 3.456179
-138.81 3.4560595
-138.8 3.45594
-138.79 3.4558205
-138.78 3.455701
-138.77 3.4556054
-138.76 3.4554859
-138.75 3.4553664
-138.74 3.4552469
-138.73 3.4551513
-138.72 3.4550318
-138.71 3.4549123
-138.7 3.4547928
-138.69 3.4546972
-138.68 3.4545777
-138.67 3.4544582
-138.66 3.4543387
-138.65 3.4542431
-138.64 3.4541236
-138.63 3.4540041
-138.62 3.4538846
-138.61 3.453789
-138.6 3.4536695
-138.59 3.45355
-138.58 3.4534305
-138.57 3.4533349
-138.56 3.4532154
-138.55 3.4530959
-138.54 3.4530003
-138.53 3.4528808
-138.52 3.4527613
-138.51 3.4526418
-138.5 3.4525462
-138.49 3.4524267
-138.48 3.4523072
-138.47 3.4522116
-138.46 3.4520921
-138.45 3.4519726
-138.44 3.4518531
-138.43 3.4517575
-138.42 3.451638
-138.41 3.4515185
-138.4 3.4514229
-138.39 3.4513034
-138.38 3.4511839
-138.37 3.4510883
-138.36 3.4509688
-138.35 3.4508493
-138.34 3.4507537
-138.33 3.4506342
-138.32 3.4505147
-138.31 3.4504191
-138.3 3.4502996
-138.29 3.4501801
-138.28 3.4500845
-138.27 3.449965
-138.26 3.4498455
-138.25 3.4497499
-138.24 3.4496304
-138.23 3.4495109
-138.22 3.4494153
-138.21 3.4492958
-138.2 3.4491763
-138.19 3.4490807
-138.18 3.4489612
-138.17 3.4488417
-138.16 3.4487461
-138.15 3.4486266
-138.14 3.4485071
-138.13 3.4484115
-138.12 3.448292
-138.11 3.4481725
-138.1 3.4480769
-138.09 3.4479574
-138.08 3.4478618
-138.07 3.4477423
-138.06 3.4476228
-138.05 3.4475272
-138.04 3.4474077
-138.03 3.4473121
-138.02 3.4471926
-138.01 3.4470731
-138.0 3.4469775
-137.99 3.446858
-137.98 3.4467385
-137.97 3.4466429
-137.96 3.4465234
-137.95 3.4464278
-137.94 3.4463083
-137.93 3.4461888
-137.92 3.4460932
-137.91 3.4459737
-137.9 3.4458781
-137.89 3.4457586
-137.88 3.445663
-137.87 3.4455435
-137.86 3.445424
-137.85 3.4453284
-137.84 3.4452089
-137.83 3.4451133
-137.82 3.4449938
-137.81 3.4448743
-137.8 3.4447787
-137.79 3.4446592
-137.78 3.4445636
-137.77 3.4444441
-137.76 3.4443485
-137.75 3.444229
-137.74 3.4441334
-137.73 3.4440139
-137.72 3.4438944
-137.71 3.4437988
-137.7 3.4436793
-137.69 3.4435837
-137.68 3.4434642
-137.67 3.4433686
-137.66 3.4432491
-137.65 3.4431535
-137.64 3.443034
-137.63 3.4429384
-137.62 3.4428189
-137.61 3.4426994
-137.6 3.4426038
-137.59 3.4424843
-137.58 3.4423887
-137.57 3.4422692
-137.56 3.4421736
-137.55 3.4420541
-137.54 3.4419585
-137.53 3.441839
-137.52 3.4417434
-137.51 3.4416239
-137.5 3.4415283
-137.49 3.4414088
-137.48 3.4413132
-137.47 3.4411937
-137.46 3.4410981
-137.45 3.4409786
-137.44 3.440883
-137.43 3.4407635
-137.42 3.4406679
-137.41 3.4405484
-137.4 3.4404528
-137.39 3.4403333
-137.38 3.4402377
-137.37 3.4401182
-137.36 3.4400226
-137.35 3.4399031
-137.34 3.4398075
-137.33 3.439688
-137.32 3.4395924
-137.31 3.4394968
-137.3 3.4393773
-137.29 3.4392817
-137.28 3.4391622
-137.27 3.4390666
-137.26 3.4389471
-137.25 3.4388515
-137.24 3.438732
-137.23 3.4386364
-137.22 3.4385169
-137.21 3.4384213
-137.2 3.4383018
-137.19 3.4382062
-137.18 3.4381106
-137.17 3.4379911
-137.16 3.4378955
-137.15 3.437776
-137.14 3.4376804
-137.13 3.4375609
-137.12 3.4374653
-137.11 3.4373697
-137.1 3.4372502
-137.09 3.4371546
-137.08 3.4370351
-137.07 3.4369395
-137.06 3.43682
-137.05 3.4367244
-137.04 3.4366288
-137.03 3.4365093
-137.02 3.4364137
-137.01 3.4362942
-137.0 3.4361986
-136.99 3.436103
-136.98 3.4359835
-136.97 3.4358879
-136.96 3.4357684
-136.95 3.4356728
-136.94 3.4355772
-136.93 3.4354577
-136.92 3.4353621
-136.91 3.4352426
-136.9 3.435147
-136.89 3.4350514
-136.88 3.4349319
-136.87 3.4348363
-136.86 3.4347168
-136.85 3.4346212
-136.84 3.4345256
-136.83 3.4344061
-136.82 3.4343105
-136.81 3.4342149
-136.8 3.4340954
-136.79 3.4339998
-136.78 3.4338803
-136.77 3.4337847
-136.76 3.4336891
-136.75 3.4335696
-136.74 3.433474
-136.73 3.4333784
-136.72 3.4332589
-136.71 3.4331633
-136.7 3.4330677
-136.69 3.4329482
-136.68 3.4328526
-136.67 3.432757
-136.66 3.4326375
-136.65 3.4325419
-136.64 3.4324463
-136.63 3.4323268
-136.62 3.4322312
-136.61 3.4321356
-136.6 3.4320161
-136.59 3.4319205
-136.58 3.4318249
-136.57 3.4317054
-136.56 3.4316098
-136.55 3.4315142
-136.54 3.4313947
-136.53 3.4312991
-136.52 3.4312035
-136.51 3.431084
-136.5 3.4309884
-136.49 3.4308928
-136.48 3.4307733
-136.47 3.4306777
-136.46 3.4305821
-136.45 3.4304865
-136.44 3.430367
-136.43 3.4302714
-136.42 3.4301758
-136.41 3.4300563
-136.4 3.4299607
-136.39 3.4298651
-136.38 3.4297695
-136.37 3.42965
-136.36 3.4295544
-136.35 3.4294588
-136.34 3.4293393
-136.33 3.4292437
-136.32 3.4291481
-136.31 3.4290525
-136.3 3.428933
-136.29 3.4288374
-136.28 3.4287418
-136.27 3.4286462
-136.26 3.4285267
-136.25 3.4284311
-136.24 3.4283355
-136.23 3.428216
-136.22 3.4281204
-136.21 3.4280248
-136.2 3.4279292
-136.19 3.4278097
-136.18 3.4277141
-136.17 3.4276185
-136.16 3.4275229
-136.15 3.4274034
-136.14 3.4273078
-136.13 3.4272122
-136.12 3.4271166
-136.11 3.427021
-136.1 3.4269015
-136.09 3.4268059
-136.08 3.4267103
-136.07 3.4266147
-136.06 3.4264952
-136.05 3.4263996
-136.04 3.426304
-136.03 3.4262084
-136.02 3.4261128
-136.01 3.4259933
-136.0 3.4258977
-135.99 3.4258021
-135.98 3.4257065
-135.97 3.425587
-135.96 3.4254914
-135.95 3.4253958
-135.94 3.4253002
-135.93 3.4252046
-135.92 3.4250851
-135.91 3.4249895
-135.9 3.4248939
-135.89 3.4247983
-135.88 3.4247027
-135.87 3.4245832
-135.86 3.4244876
-135.85 3.424392
-135.84 3.4242964
-135.83 3.4242008
-135.82 3.4241052
-135.81 3.4239857
-135.8 3.4238901
-135.79 3.4237945
-135.78 3.4236989
-135.77 3.4236033
-135.76 3.4235077
-135.75 3.4233882
-135.74 3.4232926
-135.73 3.423197
-135.72 3.4231014
-135.71 3.4230058
-135.7 3.4229102
-135.69 3.4227907
-135.68 3.4226951
-135.67 3.4225995
-135.66 3.4225039
-135.65 3.4224083
-135.64 3.4223127
-135.63 3.4222171
-135.62 3.4220976
-135.61 3.422002
-135.6 3.4219064
-135.59 3.4218108
-135.58 3.4217152
-135.57 3.4216196
-135.56 3.421524
-135.55 3.4214045
-135.54 3.4213089
-135.53 3.4212133
-135.52 3.4211177
-135.51 3.4210221
-135.5 3.4209265
-135.49 3.4208309
-135.48 3.4207353
-135.47 3.4206397
-135.46 3.4205202
-135.45 3.4204246
-135.44 3.420329
-135.43 3.4202334
-135.42 3.4201378
-135.41 3.4200422
-135.4 3.4199466
-135.39 3.419851
-135.38 3.4197554
-135.37 3.4196359
-135.36 3.4195403
-135.35 3.4194447
-135.34 3.4193491
-135.33 3.4192535
-135.32 3.4191579
-135.31 3.4190623
-135.3 3.4189667
-135.29 3.4188711
-135.28 3.4187755
-135.27 3.4186799
-135.26 3.4185843
-135.25 3.4184887
-135.24 3.4183692
-135.23 3.4182736
-135.22 3.418178
-135.21 3.4180824
-135.2 3.4179868
-135.19 3.4178912
-135.18 3.4177956
-135.17 3.4177
-135.16 3.4176044
-135.15 3.4175088
-135.14 3.4174132
-135.13 3.4173176
-135.12 3.417222
-135.11 3.4171264
-135.1 3.4170308
-135.09 3.4169352
-135.08 3.4168396
-135.07 3.416744
-135.06 3.4166245
-135.05 3.4165289
-135.04 3.4164333
-135.03 3.4163377
-135.02 3.4162421
-135.01 3.4161465
-135.0 3.4160509
-134.99 3.4159553
-134.98 3.4158597
-134.97 3.4157641
-134.96 3.4156685
-134.95 3.4155729
-134.94 3.4154773
-134.93 3.4153817
-134.92 3.4152861
-134.91 3.4151905
-134.9 3.4150949
-134.89 3.4149993
-134.88 3.4149037
-134.87 3.4148081
-134.86 3.4147125
-134.85 3.4146169
-134.84 3.4145213
-134.83 3.4144257
-134.82 3.4143301
-134.81 3.4142345
-134.8 3.4141389
-134.79 3.4140433
-134.78 3.4139477
-134.77 3.4138521
-134.76 3.4137565
-134.75 3.4136609
-134.74 3.4135653
-134.73 3.4134697
-134.72 3.4133741
-134.71 3.4132785
-134.7 3.4131829
-134.69 3.4130873
-134.68 3.4129917
-134.67 3.4128961
-134.66 3.4128005
-134.65 3.4127288
-134.64 3.4126332
-134.63 3.4125376
-134.62 3.412442
-134.61 3.4123464
-134.6 3.4122508
-134.59 3.4121552
-134.58 3.4120596
-134.57 3.411964
-134.56 3.4118684
-134.55 3.4117728
-134.54 3.4116772
-134.53 3.4115816
-134.52 3.411486
-134.51 3.4113904
-134.5 3.4112948
-134.49 3.4111992
-134.48 3.4111036
-134.47 3.411008
-134.46 3.4109363
-134.45 3.4108407
-134.44 3.4107451
-134.43 3.4106495
-134.42 3.4105539
-134.41 3.4104583
-134.4 3.4103627
-134.39 3.4102671
-134.38 3.4101715
-134.37 3.4100759
-134.36 3.4099803
-134.35 3.4098847
-134.34 3.409813
-134.33 3.4097174
-134.32 3.4096218
-134.31 3.4095262
-134.3 3.4094306
-134.29 3.409335
-134.28 3.4092394
-134.27 3.4091438
-134.26 3.4090482
-134.25 3.4089526
-134.24 3.4088809
-134.23 3.4087853
-134.22 3.4086897
-134.21 3.4085941
-134.2 3.4084985
-134.19 3.4084029
-134.18 3.4083073
-134.17 3.4082117
-134.16 3.4081161
-134.15 3.4080444
-134.14 3.4079488
-134.13 3.4078532
-134.12 3.4077576
-134.11 3.407662
-134.1 3.4075664
-134.09 3.4074708
-134.08 3.4073991
-134.07 3.4073035
-134.06 3.4072079
-134.05 3.4071123
-134.04 3.4070167
-134.03 3.4069211
-134.02 3.4068255
-134.01 3.4067538
-134.0 3.4066582
-133.99 3.4065626
-133.98 3.406467
-133.97 3.4063714
-133.96 3.4062758
-133.95 3.4061802
-133.94 3.4061085
-133.93 3.4060129
-133.92 3.4059173
-133.91 3.4058217
-133.9 3.4057261
-133.89 3.4056305
-133.88 3.4055588
-133.87 3.4054632
-133.86 3.4053676
-133.85 3.405272
-133.84 3.4051764
-133.83 3.4051047
-133.82 3.4050091
-133.81 3.4049135
-133.8 3.4048179
-133.79 3.4047223
-133.78 3.4046267
-133.77 3.404555
-133.76 3.4044594
-133.75 3.4043638
-133.74 3.4042682
-133.73 3.4041726
-133.72 3.4041009
-133.71 3.4040053
-133.7 3.4039097
-133.69 3.4038141
-133.68 3.4037185
-133.67 3.4036468
-133.66 3.4035512
-133.65 3.4034556
-133.64 3.40336
-133.63 3.4032644
-133.62 3.4031927
-133.61 3.4030971
-133.6 3.4030015
-133.59 3.4029059
-133.58 3.4028342
-133.57 3.4027386
-133.56 3.402643
-133.55 3.4025474
-133.54 3.4024518
-133.53 3.4023801
-133.52 3.4022845
-133.51 3.4021889
-133.5 3.4020933
-133.49 3.4020216
-133.48 3.401926
-133.47 3.4018304
-133.46 3.4017348
-133.45 3.4016631
-133.44 3.4015675
-133.43 3.4014719
-133.42 3.4013763
-133.41 3.4013046
-133.4 3.401209
-133.39 3.4011134
-133.38 3.4010178
-133.37 3.4009461
-133.36 3.4008505
-133.35 3.4007549
-133.34 3.4006593
-133.33 3.4005876
-133.32 3.400492
-133.31 3.4003964
-133.3 3.4003008
-133.29 3.4002291
-133.28 3.4001335
-133.27 3.4000379
-133.26 3.3999662
-133.25 3.3998706
-133.24 3.399775
-133.23 3.3996794
-133.22 3.3996077
-133.21 3.3995121
-133.2 3.3994165
-133.19 3.3993448
-133.18 3.3992492
-133.17 3.3991536
-133.16 3.399058
-133.15 3.3989863
-133.14 3.3988907
-133.13 3.3987951
-133.12 3.3987234
-133.11 3.3986278
-133.1 3.3985322
-133.09 3.3984366
-133.08 3.3983649
-133.07 3.3982693
-133.06 3.3981737
-133.05 3.398102
-133.04 3.3980064
-133.03 3.3979108
-133.02 3.3978391
-133.01 3.3977435
-133.0 3.3976479
-132.99 3.3975762
-132.98 3.3974806
-132.97 3.397385
-132.96 3.3973133
-132.95 3.3972177
-132.94 3.3971221
-132.93 3.3970504
-132.92 3.3969548
-132.91 3.3968592
-132.9 3.3967875
-132.89 3.3966919
-132.88 3.3965963
-132.87 3.3965246
-132.86 3.396429
-132.85 3.3963334
-132.84 3.3962617
-132.83 3.3961661
-132.82 3.3960705
-132.81 3.3959988
-132.8 3.3959032
-132.79 3.3958076
-132.78 3.3957359
-132.77 3.3956403
-132.76 3.3955447
-132.75 3.395473
-132.74 3.3953774
-132.73 3.3952818
-132.72 3.3952101
-132.71 3.3951145
-132.7 3.3950428
-132.69 3.3949472
-132.68 3.3948516
-132.67 3.3947799
-132.66 3.3946843
-132.65 3.3945887
-132.64 3.394517
-132.63 3.3944214
-132.62 3.3943497
-132.61 3.3942541
-132.6 3.3941585
-132.59 3.3940868
-132.58 3.3939912
-132.57 3.3938956
-132.56 3.3938239
-132.55 3.3937283
-132.54 3.3936566
-132.53 3.393561
-132.52 3.3934654
-132.51 3.3933937
-132.5 3.3932981
-132.49 3.3932264
-132.48 3.3931308
-132.47 3.3930352
-132.46 3.3929635
-132.45 3.3928679
-132.44 3.3927962
-132.43 3.3927006
-132.42 3.392605
-132.41 3.3925333
-132.4 3.3924377
-132.39 3.392366
-132.38 3.3922704
-132.37 3.3921987
-132.36 3.3921031
-132.35 3.3920075
-132.34 3.3919358
-132.33 3.3918402
-132.32 3.3917685
-132.31 3.3916729
-132.3 3.3915773
-132.29 3.3915056
-132.28 3.39141
-132.27 3.3913383
-132.26 3.3912427
-132.25 3.391171
-132.24 3.3910754
-132.23 3.3910037
-132.22 3.3909081
-132.21 3.3908125
-132.2 3.3907408
-132.19 3.3906452
-132.18 3.3905735
-132.17 3.3904779
-132.16 3.3904062
-132.15 3.3903106
-132.14 3.3902389
-132.13 3.3901433
-132.12 3.3900477
-132.11 3.389976
-132.1 3.3898804
-132.09 3.3898087
-132.08 3.3897131
-132.07 3.3896414
-132.06 3.3895458
-132.05 3.3894741
-132.04 3.3893785
-132.03 3.3893068
-132.02 3.3892112
-132.01 3.3891395
-132.0 3.3890439
-131.99 3.3889722
-131.98 3.3888766
-131.97 3.388781
-131.96 3.3887093
-131.95 3.3886137
-131.94 3.388542
-131.93 3.3884464
-131.92 3.3883747
-131.91 3.3882791
-131.9 3.3882074
-131.89 3.3881118
-131.88 3.3880401
-131.87 3.3879445
-131.86 3.3878728
-131.85 3.3877772
-131.84 3.3877055
-131.83 3.3876099
-131.82 3.3875382
-131.81 3.3874426
-131.8 3.3873709
-131.79 3.3872753
-131.78 3.3872036
-131.77 3.387108
-131.76 3.3870363
-131.75 3.3869407
-131.74 3.386869
-131.73 3.3867734
-131.72 3.3867017
-131.71 3.3866061
-131.7 3.3865344
-131.69 3.3864388
-131.68 3.3863671
-131.67 3.3862715
-131.66 3.3861998
-131.65 3.3861281
-131.64 3.3860325
-131.63 3.3859608
-131.62 3.3858652
-131.61 3.3857935
-131.6 3.3856979
-131.59 3.3856262
-131.58 3.3855306
-131.57 3.3854589
-131.56 3.3853633
-131.55 3.3852916
-131.54 3.385196
-131.53 3.3851243
-131.52 3.3850526
-131.51 3.384957
-131.5 3.3848853
-131.49 3.3847897
-131.48 3.384718
-131.47 3.3846224
-131.46 3.3845507
-131.45 3.3844551
-131.44 3.3843834
-131.43 3.3842878
-131.42 3.3842161
-131.41 3.3841444
-131.4 3.3840488
-131.39 3.3839771
-131.38 3.3838815
-131.37 3.3838098
-131.36 3.3837142
-131.35 3.3836425
-131.34 3.3835708
-131.33 3.3834752
-131.32 3.3834035
-131.31 3.3833079
-131.3 3.3832362
-131.29 3.3831406
-131.28 3.3830689
-131.27 3.3829972
-131.26 3.3829016
-131.25 3.3828299
-131.24 3.3827343
-131.23 3.3826626
-131.22 3.3825909
-131.21 3.3824953
-131.2 3.3824236
-131.19 3.382328
-131.18 3.3822563
-131.17 3.3821607
-131.16 3.382089
-131.15 3.3820173
-131.14 3.3819217
-131.13 3.38185
-131.12 3.3817544
-131.11 3.3816827
-131.1 3.381611
-131.09 3.3815154
-131.08 3.3814437
-131.07 3.3813481
-131.06 3.3812764
-131.05 3.3812047
-131.04 3.3811091
-131.03 3.3810374
-131.02 3.3809657
-131.01 3.3808701
-131.0 3.3807984
-130.99 3.3807028
-130.98 3.3806311
-130.97 3.3805594
-130.96 3.3804638
-130.95 3.3803921
-130.94 3.3803204
-130.93 3.3802248
-130.92 3.3801531
-130.91 3.3800575
-130.9 3.3799858
-130.89 3.3799141
-130.88 3.3798185
-130.87 3.3797468
-130.86 3.3796751
-130.85 3.3795795
-130.84 3.3795078
-130.83 3.3794122
-130.82 3.3793405
-130.81 3.3792688
-130.8 3.3791732
-130.79 3.3791015
-130.78 3.3790298
-130.77 3.3789342
-130.76 3.3788625
-130.75 3.3787908
-130.74 3.3786952
-130.73 3.3786235
-130.72 3.3785518
-130.71 3.3784562
-130.7 3.3783845
-130.69 3.3783128
-130.68 3.3782172
-130.67 3.3781455
-130.66 3.3780738
-130.65 3.3779782
-130.64 3.3779065
-130.63 3.3778348
-130.62 3.3777392
-130.61 3.3776675
-130.6 3.3775958
-130.59 3.3775002
-130.58 3.3774285
-130.57 3.3773568
-130.56 3.3772612
-130.55 3.3771895
-130.54 3.3771178
-130.53 3.3770222
-130.52 3.3769505
-130.51 3.3768788
-130.5 3.3767832
-130.49 3.3767115
-130.48 3.3766398
-130.47 3.3765442
-130.46 3.3764725
-130.45 3.3764008
-130.44 3.3763291
-130.43 3.3762335
-130.42 3.3761618
-130.41 3.3760901
-130.4 3.3759945
-130.39 3.3759228
-130.38 3.3758511
-130.37 3.3757555
-130.36 3.3756838
-130.35 3.3756121
-130.34 3.3755404
-130.33 3.3754448
-130.32 3.3753731
-130.31 3.3753014
-130.3 3.3752058
-130.29 3.3751341
-130.28 3.3750624
-130.27 3.3749907
-130.26 3.3748951
-130.25 3.3748234
-130.24 3.3747517
-130.23 3.3746561
-130.22 3.3745844
-130.21 3.3745127
-130.2 3.374441
-130.19 3.3743454
-130.18 3.3742737
-130.17 3.374202
-130.16 3.3741303
-130.15 3.3740347
-130.14 3.373963
-130.13 3.3738913
-130.12 3.3737957
-130.11 3.373724
-130.1 3.3736523
-130.09 3.3735806
-130.08 3.373485
-130.07 3.3734133
-130.06 3.3733416
-130.05 3.3732699
-130.04 3.3731743
-130.03 3.3731026
-130.02 3.3730309
-130.01 3.3729592
-130.0 3.3728636
-129.99 3.3727919
-129.98 3.3727202
-129.97 3.3726485
-129.96 3.3725529
-129.95 3.3724812
-129.94 3.3724095
-129.93 3.3723378
-129.92 3.3722422
-129.91 3.3721705
-129.9 3.3720988
-129.89 3.3720271
-129.88 3.3719315
-129.87 3.3718598
-129.86 3.3717881
-129.85 3.3717164
-129.84 3.3716447
-129.83 3.3715491
-129.82 3.3714774
-129.81 3.3714057
-129.8 3.371334
-129.79 3.3712384
-129.78 3.3711667
-129.77 3.371095
-129.76 3.3710233
-129.75 3.3709516
-129.74 3.370856
-129.73 3.3707843
-129.72 3.3707126
-129.71 3.3706409
-129.7 3.3705453
-129.69 3.3704736
-129.68 3.3704019
-129.67 3.3703302
-129.66 3.3702585
-129.65 3.3701629
-129.64 3.3700912
-129.63 3.3700195
-129.62 3.3699478
-129.61 3.3698761
-129.6 3.3697805
-129.59 3.3697088
-129.58 3.3696371
-129.57 3.3695654
-129.56 3.3694937
-129.55 3.3693981
-129.54 3.3693264
-129.53 3.3692547
-129.52 3.369183
-129.51 3.3691113
-129.5 3.3690157
-129.49 3.368944
-129.48 3.3688723
-129.47 3.3688006
-129.46 3.3687289
-129.45 3.3686572
-129.44 3.3685616
-129.43 3.3684899
-129.42 3.3684182
-129.41 3.3683465
-129.4 3.3682748
-129.39 3.3681792
-129.38 3.3681075
-129.37 3.3680358
-129.36 3.3679641
-129.35 3.3678924
-129.34 3.3678207
-129.33 3.3677251
-129.32 3.3676534
-129.31 3.3675817
-129.3 3.36751
-129.29 3.3674383
-129.28 3.3673666
-129.27 3.367271
-129.26 3.3671993
-129.25 3.3671276
-129.24 3.3670559
-129.23 3.3669842
-129.22 3.3669125
-129.21 3.3668408
-129.2 3.3667452
-129.19 3.3666735
-129.18 3.3666018
-129.17 3.3665301
-129.16 3.3664584
-129.15 3.3663867
-129.14 3.366315
-129.13 3.3662194
-129.12 3.3661477
-129.11 3.366076
-129.1 3.3660043
-129.09 3.3659326
-129.08 3.3658609
-129.07 3.3657892
-129.06 3.3656936
-129.05 3.3656219
-129.04 3.3655502
-129.03 3.3654785
-129.02 3.3654068
-129.01 3.3653351
-129.0 3.3652634
-128.99 3.3651678
-128.98 3.3650961
-128.97 3.3650244
-128.96 3.3649527
-128.95 3.364881
-128.94 3.3648093
-128.93 3.3647376
-128.92 3.3646659
-128.91 3.3645703
-128.9 3.3644986
-128.89 3.3644269
-128.88 3.3643552
-128.87 3.3642835
-128.86 3.3642118
-128.85 3.3641401
-128.84 3.3640684
-128.83 3.3639967
-128.82 3.3639011
-128.81 3.3638294
-128.8 3.3637577
-128.79 3.363686
-128.78 3.3636143
-128.77 3.3635426
-128.76 3.3634709
-128.75 3.3633992
-128.74 3.3633275
-128.73 3.3632558
-128.72 3.3631602
-128.71 3.3630885
-128.7 3.3630168
-128.69 3.3629451
-128.68 3.3628734
-128.67 3.3628017
-128.66 3.36273
-128.65 3.3626583
-128.64 3.3625866
-128.63 3.3625149
-128.62 3.3624432
-128.61 3.3623476
-128.6 3.3622759
-128.59 3.3622042
-128.58 3.3621325
-128.57 3.3620608
-128.56 3.3619891
-128.55 3.3619174
-128.54 3.3618457
-128.53 3.361774
-128.52 3.3617023
-128.51 3.3616306
-128.5 3.3615589
-128.49 3.3614633
-128.48 3.3613916
-128.47 3.3613199
-128.46 3.3612482
-128.45 3.3611765
-128.44 3.3611048
-128.43 3.3610331
-128.42 3.3609614
-128.41 3.3608897
-128.4 3.360818
-128.39 3.3607463
-128.38 3.3606746
-128.37 3.3606029
-128.36 3.3605312
-128.35 3.3604595
-128.34 3.3603878
-128.33 3.3602922
-128.32 3.3602205
-128.31 3.3601488
-128.3 3.3600771
-128.29 3.3600054
-128.28 3.3599337
-128.27 3.359862
-128.26 3.3597903
-128.25 3.3597186
-128.24 3.3596469
-128.23 3.3595752
-128.22 3.3595035
-128.21 3.3594318
-128.2 3.3593601
-128.19 3.3592884
-128.18 3.3592167
-128.17 3.359145
-128.16 3.3590733
-128.15 3.3590016
-128.14 3.3589299
-128.13 3.3588582
-128.12 3.3587865
-128.11 3.3587148
-128.1 3.3586431
-128.09 3.3585475
-128.08 3.3584758
-128.07 3.3584041
-128.06 3.3583324
-128.05 3.3582607
-128.04 3.358189
-128.03 3.3581173
-128.02 3.3580456
-128.01 3.3579739
-128.0 3.3579022
-127.99 3.3578305
-127.98 3.3577588
-127.97 3.3576871
-127.96 3.3576154
-127.95 3.3575437
-127.94 3.357472
-127.93 3.3574003
-127.92 3.3573286
-127.91 3.3572569
-127.9 3.3571852
-127.89 3.3571135
-127.88 3.3570418
-127.87 3.3569701
-127.86 3.3568984
-127.85 3.3568267
-127.84 3.356755
-127.83 3.3566833
-127.82 3.3566116
-127.81 3.3565399
-127.8 3.3564682
-127.79 3.3563965
-127.78 3.3563248
-127.77 3.3562531
-127.76 3.3561814
-127.75 3.3561097
-127.74 3.356038
-127.73 3.3559663
-127.72 3.3558946
-127.71 3.3558229
-127.7 3.3557512
-127.69 3.3556795
-127.68 3.3556078
-127.67 3.3555361
-127.66 3.3554644
-127.65 3.3553927
-127.64 3.355321
-127.63 3.3552493
-127.62 3.3551776
-127.61 3.3551059
-127.6 3.3550342
-127.59 3.3549625
-127.58 3.3548908
-127.57 3.3548191
-127.56 3.3547474
-127.55 3.3546757
-127.54 3.354604
-127.53 3.3545323
-127.52 3.3544606
-127.51 3.3543889
-127.5 3.3543411
-127.49 3.3542694
-127.48 3.3541977
-127.47 3.354126
-127.46 3.3540543
-127.45 3.3539826
-127.44 3.3539109
-127.43 3.3538392
-127.42 3.3537675
-127.41 3.3536958
-127.4 3.3536241
-127.39 3.3535524
-127.38 3.3534807
-127.37 3.353409
-127.36 3.3533373
-127.35 3.3532656
-127.34 3.3531939
-127.33 3.3531222
-127.32 3.3530505
-127.31 3.3529788
-127.3 3.3529071
-127.29 3.3528354
-127.28 3.3527637
-127.27 3.352692
-127.26 3.3526203
-127.25 3.3525725
-127.24 3.3525008
-127.23 3.3524291
-127.22 3.3523574
-127.21 3.3522857
-127.2 3.352214
-127.19 3.3521423
-127.18 3.3520706
-127.17 3.3519989
-127.16 3.3519272
-127.15 3.3518555
-127.14 3.3517838
-127.13 3.3517121
-127.12 3.3516404
-127.11 3.3515687
-127.1 3.351497
-127.09 3.3514492
-127.08 3.3513775
-127.07 3.3513058
-127.06 3.3512341
-127.05 3.3511624
-127.04 3.3510907
-127.03 3.351019
-127.02 3.3509473
-127.01 3.3508756
-127.0 3.3508039
-126.99 3.3507322
-126.98 3.3506605
-126.97 3.3505888
-126.96 3.3505171
-126.95 3.3504693
-126.94 3.3503976
-126.93 3.3503259
-126.92 3.3502542
-126.91 3.3501825
-126.9 3.3501108
-126.89 3.3500391
-126.88 3.3499674
-126.87 3.3498957
-126.86 3.349824
-126.85 3.3497523
-126.84 3.3497045
-126.83 3.3496328
-126.82 3.3495611
-126.81 3.3494894
-126.8 3.3494177
-126.79 3.349346
-126.78 3.3492743
-126.77 3.3492026
-126.76 3.3491309
-126.75 3.3490592
-126.74 3.3489875
-126.73 3.3489397
-126.72 3.348868
-126.71 3.3487963
-126.7 3.3487246
-126.69 3.3486529
-126.68 3.3485812
-126.67 3.3485095
-126.66 3.3484378
-126.65 3.3483661
-126.64 3.3483183
-126.63 3.3482466
-126.62 3.3481749
-126.61 3.3481032
-126.6 3.3480315
-126.59 3.3479598
-126.58 3.3478881
-126.57 3.3478164
-126.56 3.3477447
-126.55 3.3476969
-126.54 3.3476252
-126.53 3.3475535
-126.52 3.3474818
-126.51 3.3474101
-126.5 3.3473384
-126.49 3.3472667
-126.48 3.347195
-126.47 3.3471233
-126.46 3.3470755
-126.45 3.3470038
-126.44 3.3469321
-126.43 3.3468604
-126.42 3.3467887
-126.41 3.346717
-126.4 3.3466453
-126.39 3.3465736
-126.38 3.3465258
-126.37 3.3464541
-126.36 3.3463824
-126.35 3.3463107
-126.34 3.346239
-126.33 3.3461673
-126.32 3.3460956
-126.31 3.3460478
-126.3 3.3459761
-126.29 3.3459044
-126.28 3.3458327
-126.27 3.345761
-126.26 3.3456893
-126.25 3.3456176
-126.24 3.3455698
-126.23 3.3454981
-126.22 3.3454264
-126.21 3.3453547
-126.2 3.345283
-126.19 3.3452113
-126.18 3.3451396
-126.17 3.3450918
-126.16 3.3450201
-126.15 3.3449484
-126.14 3.3448767
-126.13 3.344805
-126.12 3.3447333
-126.11 3.3446616
-126.1 3.3446138
-126.09 3.3445421
-126.08 3.3444704
-126.07 3.3443987
-126.06 3.344327
-126.05 3.3442553
-126.04 3.3442075
-126.03 3.3441358
-126.02 3.3440641
-126.01 3.3439924
-126.0 3.3439207
-125.99 3.343849
-125.98 3.3437773
-125.97 3.3437295
-125.96 3.3436578
-125.95 3.3435861
-125.94 3.3435144
-125.93 3.3434427
-125.92 3.343371
-125.91 3.3433232
-125.9 3.3432515
-125.89 3.3431798
-125.88 3.3431081
-125.87 3.3430364
-125.86 3.3429886
-125.85 3.3429169
-125.84 3.3428452
-125.83 3.3427735
-125.82 3.3427018
-125.81 3.3426301
-125.8 3.3425823
-125.79 3.3425106
-125.78 3.3424389
-125.77 3.3423672
-125.76 3.3422955
-125.75 3.3422238
-125.74 3.342176
-125.73 3.3421043
-125.72 3.3420326
-125.71 3.3419609
-125.7 3.3418892
-125.69 3.3418414
-125.68 3.3417697
-125.67 3.341698
-125.66 3.3416263
-125.65 3.3415546
-125.64 3.3414829
-125.63 3.3414351
-125.62 3.3413634
-125.61 3.3412917
-125.6 3.34122
-125.59 3.3411483
-125.58 3.3411005
-125.57 3.3410288
-125.56 3.3409571
-125.55 3.3408854
-125.54 3.3408137
-125.53 3.3407659
-125.52 3.3406942
-125.51 3.3406225
-125.5 3.3405508
-125.49 3.3404791
-125.48 3.3404313
-125.47 3.3403596
-125.46 3.3402879
-125.45 3.3402162
-125.44 3.3401445
-125.43 3.3400967
-125.42 3.340025
-125.41 3.3399533
-125.4 3.3398816
-125.39 3.3398099
-125.38 3.3397621
-125.37 3.3396904
-125.36 3.3396187
-125.35 3.339547
-125.34 3.3394992
-125.33 3.3394275
-125.32 3.3393558
-125.31 3.3392841
-125.3 3.3392124
-125.29 3.3391646
-125.28 3.3390929
-125.27 3.3390212
-125.26 3.3389495
-125.25 3.3388778
-125.24 3.33883
-125.23 3.3387583
-125.22 3.3386866
-125.21 3.3386149
-125.2 3.3385671
-125.19 3.3384954
-125.18 3.3384237
-125.17 3.338352
-125.16 3.3382803
-125.15 3.3382325
-125.14 3.3381608
-125.13 3.3380891
-125.12 3.3380174
-125.11 3.3379696
-125.1 3.3378979
-125.09 3.3378262
-125.08 3.3377545
-125.07 3.3376828
-125.06 3.337635
-125.05 3.3375633
-125.04 3.3374916
-125.03 3.3374199
-125.02 3.3373721
-125.01 3.3373004
-125.0 3.3372287
-124.99 3.337157
-124.98 3.3371092
-124.97 3.3370375
-124.96 3.3369658
-124.95 3.3368941
-124.94 3.3368463
-124.93 3.3367746
-124.92 3.3367029
-124.91 3.3366312
-124.9 3.3365834
-124.89 3.3365117
-124.88 3.33644
-124.87 3.3363683
-124.86 3.3362966
-124.85 3.3362488
-124.84 3.3361771
-124.83 3.3361054
-124.82 3.3360337
-124.81 3.3359859
-124.8 3.3359142
-124.79 3.3358425
-124.78 3.3357708
-124.77 3.335723
-124.76 3.3356513
-124.75 3.3355796
-124.74 3.3355079
-124.73 3.3354601
-124.72 3.3353884
-124.71 3.3353167
-124.7 3.3352689
-124.69 3.3351972
-124.68 3.3351255
-124.67 3.3350538
-124.66 3.335006
-124.65 3.3349343
-124.64 3.3348626
-124.63 3.3347909
-124.62 3.3347431
-124.61 3.3346714
-124.6 3.3345997
-124.59 3.334528
-124.58 3.3344802
-124.57 3.3344085
-124.56 3.3343368
-124.55 3.3342651
-124.54 3.3342173
-124.53 3.3341456
-124.52 3.3340739
-124.51 3.3340022
-124.5 3.3339544
-124.49 3.3338827
-124.48 3.333811
-124.47 3.3337632
-124.46 3.3336915
-124.45 3.3336198
-124.44 3.3335481
-124.43 3.3335003
-124.42 3.3334286
-124.41 3.3333569
-124.4 3.3332852
-124.39 3.3332374
-124.38 3.3331657
-124.37 3.333094
-124.36 3.3330462
-124.35 3.3329745
-124.34 3.3329028
-124.33 3.3328311
-124.32 3.3327833
-124.31 3.3327116
-124.3 3.3326399
-124.29 3.3325921
-124.28 3.3325204
-124.27 3.3324487
-124.26 3.332377
-124.25 3.3323292
-124.24 3.3322575
-124.23 3.3321858
-124.22 3.332138
-124.21 3.3320663
-124.2 3.3319946
-124.19 3.3319229
-124.18 3.3318751
-124.17 3.3318034
-124.16 3.3317317
-124.15 3.3316839
-124.14 3.3316122
-124.13 3.3315405
-124.12 3.3314688
-124.11 3.331421
-124.1 3.3313493
-124.09 3.3312776
-124.08 3.3312298
-124.07 3.3311581
-124.06 3.3310864
-124.05 3.3310147
-124.04 3.3309669
-124.03 3.3308952
-124.02 3.3308235
-124.01 3.3307757
-124.0 3.330704
-123.99 3.3306323
-123.98 3.3305845
-123.97 3.3305128
-123.96 3.3304411
-123.95 3.3303694
-123.94 3.3303216
-123.93 3.3302499
-123.92 3.3301782
-123.91 3.3301304
-123.9 3.3300587
-123.89 3.329987
-123.88 3.3299392
-123.87 3.3298675
-123.86 3.3297958
-123.85 3.329748
-123.84 3.3296763
-123.83 3.3296046
-123.82 3.3295329
-123.81 3.3294851
-123.8 3.3294134
-123.79 3.3293417
-123.78 3.3292939
-123.77 3.3292222
-123.76 3.3291505
-123.75 3.3291027
-123.74 3.329031
-123.73 3.3289593
-123.72 3.3289115
-123.71 3.3288398
-123.7 3.3287681
-123.69 3.3287203
-123.68 3.3286486
-123.67 3.3285769
-123.66 3.3285291
-123.65 3.3284574
-123.64 3.3283857
-123.63 3.328314
-123.62 3.3282662
-123.61 3.3281945
-123.6 3.3281228
-123.59 3.328075
-123.58 3.3280033
-123.57 3.3279316
-123.56 3.3278838
-123.55 3.3278121
-123.54 3.3277404
-123.53 3.3276926
-123.52 3.3276209
-123.51 3.3275492
-123.5 3.3275014
-123.49 3.3274297
-123.48 3.327358
-123.47 3.3273102
-123.46 3.3272385
-123.45 3.3271668
-123.44 3.327119
-123.43 3.3270473
-123.42 3.3269756
-123.41 3.3269278
-123.4 3.3268561
-123.39 3.3267844
-123.38 3.3267366
-123.37 3.3266649
-123.36 3.3265932
-123.35 3.3265454
-123.34 3.3264737
-123.33 3.326402
-123.32 3.3263542
-123.31 3.3262825
-123.3 3.3262108
-123.29 3.326163
-123.28 3.3260913
-123.27 3.3260196
-123.26 3.3259718
-123.25 3.3259001
-123.24 3.3258284
-123.23 3.3257806
-123.22 3.3257089
-123.21 3.3256372
-123.2 3.3255894
-123.19 3.3255177
-123.18 3.325446
-123.17 3.3253982
-123.16 3.3253265
-123.15 3.3252787
-123.14 3.325207
-123.13 3.3251353
-123.12 3.3250875
-123.11 3.3250158
-123.1 3.3249441
-123.09 3.3248963
-123.08 3.3248246
-123.07 3.3247529
-123.06 3.3247051
-123.05 3.3246334
-123.04 3.3245617
-123.03 3.3245139
-123.02 3.3244422
-123.01 3.3243705
-123.0 3.3243227
-122.99 3.324251
-122.98 3.3241793
-122.97 3.3241315
-122.96 3.3240598
-122.95 3.324012
-122.94 3.3239403
-122.93 3.3238686
-122.92 3.3238208
-122.91 3.3237491
-122.9 3.3236774
-122.89 3.3236296
-122.88 3.3235579
-122.87 3.3234862
-122.86 3.3234384
-122.85 3.3233667
-122.84 3.3233189
-122.83 3.3232472
-122.82 3.3231755
-122.81 3.3231277
-122.8 3.323056
-122.79 3.3229843
-122.78 3.3229365
-122.77 3.3228648
-122.76 3.3227931
-122.75 3.3227453
-122.74 3.3226736
-122.73 3.3226258
-122.72 3.3225541
-122.71 3.3224824
-122.7 3.3224346
-122.69 3.3223629
-122.68 3.3222912
-122.67 3.3222434
-122.66 3.3221717
-122.65 3.3221
-122.64 3.3220522
-122.63 3.3219805
-122.62 3.3219327
-122.61 3.321861
-122.6 3.3217893
-122.59 3.3217415
-122.58 3.3216698
-122.57 3.3215981
-122.56 3.3215503
-122.55 3.3214786
-122.54 3.3214308
-122.53 3.3213591
-122.52 3.3212874
-122.51 3.3212396
-122.5 3.3211679
-122.49 3.3210962
-122.48 3.3210484
-122.47 3.3209767
-122.46 3.3209289
-122.45 3.3208572
-122.44 3.3207855
-122.43 3.3207377
-122.42 3.320666
-122.41 3.3206182
-122.4 3.3205465
-122.39 3.3204748
-122.38 3.320427
-122.37 3.3203553
-122.36 3.3202836
-122.35 3.3202358
-122.34 3.3201641
-122.33 3.3201163
-122.32 3.3200446
-122.31 3.3199729
-122.3 3.3199251
-122.29 3.3198534
-122.28 3.3198056
-122.27 3.3197339
-122.26 3.3196622
-122.25 3.3196144
-122.24 3.3195427
-122.23 3.319471
-122.22 3.3194232
-122.21 3.3193515
-122.2 3.3193037
-122.19 3.319232
-122.18 3.3191603
-122.17 3.3191125
-122.16 3.3190408
-122.15 3.318993
-122.14 3.3189213
-122.13 3.3188496
-122.12 3.3188018
-122.11 3.3187301
-122.1 3.3186823
-122.09 3.3186106
-122.08 3.3185389
-122.07 3.3184911
-122.06 3.3184194
-122.05 3.3183716
-122.04 3.3182999
-122.03 3.3182282
-122.02 3.3181804
-122.01 3.3181087
-122.0 3.3180609
-121.99 3.3179892
-121.98 3.3179175
-121.97 3.3178697
-121.96 3.317798
-121.95 3.3177502
-121.94 3.3176785
-121.93 3.3176068
-121.92 3.317559
-121.91 3.3174873
-121.9 3.3174395
-121.89 3.3173678
-121.88 3.3172961
-121.87 3.3172483
-121.86 3.3171766
-121.85 3.3171288
-121.84 3.3170571
-121.83 3.3169854
-121.82 3.3169376
-121.81 3.3168659
-121.8 3.3168181
-121.79 3.3167464
-121.78 3.3166747
-121.77 3.3166269
-121.76 3.3165552
-121.75 3.3165074
-121.74 3.3164357
-121.73 3.3163879
-121.72 3.3163162
-121.71 3.3162445
-121.7 3.3161967
-121.69 3.316125
-121.68 3.3160772
-121.67 3.3160055
-121.66 3.3159338
-121.65 3.315886
-121.64 3.3158143
-121.63 3.3157665
-121.62 3.3156948
-121.61 3.315647
-121.6 3.3155753
-121.59 3.3155036
-121.58 3.3154558
-121.57 3.3153841
-121.56 3.3153363
-121.55 3.3152646
-121.54 3.3151929
-121.53 3.3151451
-121.52 3.3150734
-121.51 3.3150256
-121.5 3.3149539
-121.49 3.3149061
-121.48 3.3148344
-121.47 3.3147627
-121.46 3.3147149
-121.45 3.3146432
-121.44 3.3145954
-121.43 3.3145237
-121.42 3.314452
-121.41 3.3144042
-121.4 3.3143325
-121.39 3.3142847
-121.38 3.314213
-121.37 3.3141652
-121.36 3.3140935
-121.35 3.3140218
-121.34 3.313974
-121.33 3.3139023
-121.32 3.3138545
-121.31 3.3137828
-121.3 3.313735
-121.29 3.3136633
-121.28 3.3135916
-121.27 3.3135438
-121.26 3.3134721
-121.25 3.3134243
-121.24 3.3133526
-121.23 3.3133048
-121.22 3.3132331
-121.21 3.3131614
-121.2 3.3131136
-121.19 3.3130419
-121.18 3.3129941
-121.17 3.3129224
-121.16 3.3128746
-121.15 3.3128029
-121.14 3.3127551
-121.13 3.3126834
-121.12 3.3126117
-121.11 3.3125639
-121.1 3.3124922
-121.09 3.3124444
-121.08 3.3123727
-121.07 3.3123249
-121.06 3.3122532
-121.05 3.3121815
-121.04 3.3121337
-121.03 3.312062
-121.02 3.3120142
-121.01 3.3119425
-121.0 3.3118947
-120.99 3.311823
-120.98 3.3117752
-120.97 3.3117035
-120.96 3.3116318
-120.95 3.311584
-120.94 3.3115123
-120.93 3.3114645
-120.92 3.3113928
-120.91 3.311345
-120.9 3.3112733
-120.89 3.3112016
-120.88 3.3111538
-120.87 3.3110821
-120.86 3.3110343
-120.85 3.3109626
-120.84 3.3109148
-120.83 3.3108431
-120.82 3.3107953
-120.81 3.3107236
-120.8 3.3106519
-120.79 3.3106041
-120.78 3.3105324
-120.77 3.3104846
-120.76 3.3104129
-120.75 3.3103651
-120.74 3.3102934
-120.73 3.3102456
-120.72 3.3101739
-120.71 3.3101261
-120.7 3.3100544
-120.69 3.3099827
-120.68 3.3099349
-120.67 3.3098632
-120.66 3.3098154
-120.65 3.3097437
-120.64 3.3096959
-120.63 3.3096242
-120.62 3.3095764
-120.61 3.3095047
-120.6 3.309433
-120.59 3.3093852
-120.58 3.3093135
-120.57 3.3092657
-120.56 3.309194
-120.55 3.3091462
-120.54 3.3090745
-120.53 3.3090267
-120.52 3.308955
-120.51 3.3089072
-120.5 3.3088355
-120.49 3.3087638
-120.48 3.308716
-120.47 3.3086443
-120.46 3.3085965
-120.45 3.3085248
-120.44 3.308477
-120.43 3.3084053
-120.42 3.3083575
-120.41 3.3082858
-120.4 3.308238
-120.39 3.3081663
-120.38 3.3081185
-120.37 3.3080468
-120.36 3.3079751
-120.35 3.3079273
-120.34 3.3078556
-120.33 3.3078078
-120.32 3.3077361
-120.31 3.3076883
-120.3 3.3076166
-120.29 3.3075688
-120.28 3.3074971
-120.27 3.3074493
-120.26 3.3073776
-120.25 3.3073298
-120.24 3.3072581
-120.23 3.3071864
-120.22 3.3071386
-120.21 3.3070669
-120.2 3.3070191
-120.19 3.3069474
-120.18 3.3068996
-120.17 3.3068279
-120.16 3.3067801
-120.15 3.3067084
-120.14 3.3066606
-120.13 3.3065889
-120.12 3.3065411
-120.11 3.3064694
-120.1 3.3063977
-120.09 3.3063499
-120.08 3.3062782
-120.07 3.3062304
-120.06 3.3061587
-120.05 3.3061109
-120.04 3.3060392
-120.03 3.3059914
-120.02 3.3059197
-120.01 3.3058719
-120.0 3.3058002
-119.99 3.3057524
-119.98 3.3056807
-119.97 3.3056329
-119.96 3.3055612
-119.95 3.3055134
-119.94 3.3054417
-119.93 3.3053939
-119.92 3.3053222
-119.91 3.3052505
-119.9 3.3052027
-119.89 3.305131
-119.88 3.3050832
-119.87 3.3050115
-119.86 3.3049637
-119.85 3.304892
-119.84 3.3048442
-119.83 3.3047725
-119.82 3.3047247
-119.81 3.304653
-119.8 3.3046052
-119.79 3.3045335
-119.78 3.3044857
-119.77 3.304414
-119.76 3.3043662
-119.75 3.3042945
-119.74 3.3042467
-119.73 3.304175
-119.72 3.3041272
-119.71 3.3040555
-119.7 3.3039838
-119.69 3.303936
-119.68 3.3038643
-119.67 3.3038165
-119.66 3.3037448
-119.65 3.303697
-119.64 3.3036253
-119.63 3.3035775
-119.62 3.3035058
-119.61 3.303458
-119.6 3.3033863
-119.59 3.3033385
-119.58 3.3032668
-119.57 3.303219
-119.56 3.3031473
-119.55 3.3030995
-119.54 3.3030278
-119.53 3.30298
-119.52 3.3029083
-119.51 3.3028605
-119.5 3.3027888
-119.49 3.302741
-119.48 3.3026693
-119.47 3.3026215
-119.46 3.3025498
-119.45 3.302502
-119.44 3.3024303
-119.43 3.3023825
-119.42 3.3023108
-119.41 3.302263
-119.4 3.3021913
-119.39 3.3021196
-119.38 3.3020718
-119.37 3.3020001
-119.36 3.3019523
-119.35 3.3018806
-119.34 3.3018328
-119.33 3.3017611
-119.32 3.3017133
-119.31 3.3016416
-119.3 3.3015938
-119.29 3.3015221
-119.28 3.3014743
-119.27 3.3014026
-119.26 3.3013548
-119.25 3.3012831
-119.24 3.3012353
-119.23 3.3011636
-119.22 3.3011158
-119.21 3.3010441
-119.2 3.3009963
-119.19 3.3009246
-119.18 3.3008768
-119.17 3.3008051
-119.16 3.3007573
-119.15 3.3006856
-119.14 3.3006378
-119.13 3.3005661
-119.12 3.3005183
-119.11 3.3004466
-119.1 3.3003988
-119.09 3.3003271
-119.08 3.3002793
-119.07 3.3002076
-119.06 3.3001598
-119.05 3.3000881
-119.04 3.3000403
-119.03 3.2999686
-119.02 3.2999208
-119.01 3.2998491
-119.0 3.2998013
-118.99 3.2997296
-118.98 3.2996818
-118.97 3.2996101
-118.96 3.2995623
-118.95 3.2994906
-118.94 3.2994428
-118.93 3.2993711
-118.92 3.2993233
-118.91 3.2992516
-118.9 3.2992038
-118.89 3.2991321
-118.88 3.2990843
-118.87 3.2990126
-118.86 3.2989648
-118.85 3.2988931
-118.84 3.2988453
-118.83 3.2987736
-118.82 3.2987258
-118.81 3.2986541
-118.8 3.2986063
-118.79 3.2985346
-118.78 3.2984868
-118.77 3.2984151
-118.76 3.2983673
-118.75 3.2982956
-118.74 3.2982478
-118.73 3.2981761
-118.72 3.2981283
-118.71 3.2980566
-118.7 3.2980088
-118.69 3.2979371
-118.68 3.2978893
-118.67 3.2978176
-118.66 3.2977698
-118.65 3.2976981
-118.64 3.2976503
-118.63 3.2975786
-118.62 3.2975308
-118.61 3.2974591
-118.6 3.2974113
-118.59 3.2973396
-118.58 3.2972918
-118.57 3.2972201
-118.56 3.2971723
-118.55 3.2971006
-118.54 3.2970528
-118.53 3.2969811
-118.52 3.2969333
-118.51 3.2968616
-118.5 3.2968138
-118.49 3.2967421
-118.48 3.2966943
-118.47 3.2966465
-118.46 3.2965748
-118.45 3.296527
-118.44 3.2964553
-118.43 3.2964075
-118.42 3.2963358
-118.41 3.296288
-118.4 3.2962163
-118.39 3.2961685
-118.38 3.2960968
-118.37 3.296049
-118.36 3.2959773
-118.35 3.2959295
-118.34 3.2958578
-118.33 3.29581
-118.32 3.2957383
-118.31 3.2956905
-118.3 3.2956188
-118.29 3.295571
-118.28 3.2954993
-118.27 3.2954515
-118.26 3.2953798
-118.25 3.295332
-118.24 3.2952603
-118.23 3.2952125
-118.22 3.2951408
-118.21 3.295093
-118.2 3.2950213
-118.19 3.2949735
-118.18 3.2949018
-118.17 3.294854
-118.16 3.2947823
-118.15 3.2947345
-118.14 3.2946628
-118.13 3.294615
-118.12 3.2945672
-118.11 3.2944955
-118.1 3.2944477
-118.09 3.294376
-118.08 3.2943282
-118.07 3.2942565
-118.06 3.2942087
-118.05 3.294137
-118.04 3.2940892
-118.03 3.2940175
-118.02 3.2939697
-118.01 3.293898
-118.0 3.2938502
-117.99 3.2937785
-117.98 3.2937307
-117.97 3.293659
-117.96 3.2936112
-117.95 3.2935395
-117.94 3.2934917
-117.93 3.29342
-117.92 3.2933722
-117.91 3.2933005
-117.9 3.2932527
-117.89 3.2932049
-117.88 3.2931332
-117.87 3.2930854
-117.86 3.2930137
-117.85 3.2929659
-117.84 3.2928942
-117.83 3.2928464
-117.82 3.2927747
-117.81 3.2927269
-117.8 3.2926552
-117.79 3.2926074
-117.78 3.2925357
-117.77 3.2924879
-117.76 3.2924162
-117.75 3.2923684
-117.74 3.2922967
-117.73 3.2922489
-117.72 3.2921772
-117.71 3.2921294
-117.7 3.2920816
-117.69 3.2920099
-117.68 3.2919621
-117.67 3.2918904
-117.66 3.2918426
-117.65 3.2917709
-117.64 3.2917231
-117.63 3.2916514
-117.62 3.2916036
-117.61 3.2915319
-117.6 3.2914841
-117.59 3.2914124
-117.58 3.2913646
-117.57 3.2912929
-117.56 3.2912451
-117.55 3.2911734
-117.54 3.2911256
-117.53 3.2910778
-117.52 3.2910061
-117.51 3.2909583
-117.5 3.2908866
-117.49 3.2908388
-117.48 3.2907671
-117.47 3.2907193
-117.46 3.2906476
-117.45 3.2905998
-117.44 3.2905281
-117.43 3.2904803
-117.42 3.2904086
-117.41 3.2903608
-117.4 3.2902891
-117.39 3.2902413
-117.38 3.2901935
-117.37 3.2901218
-117.36 3.290074
-117.35 3.2900023
-117.34 3.2899545
-117.33 3.2898828
-117.32 3.289835
-117.31 3.2897633
-117.3 3.2897155
-117.29 3.2896438
-117.28 3.289596
-117.27 3.2895243
-117.26 3.2894765
-117.25 3.2894287
-117.24 3.289357
-117.23 3.2893092
-117.22 3.2892375
-117.21 3.2891897
-117.2 3.289118
-117.19 3.2890702
-117.18 3.2889985
-117.17 3.2889507
-117.16 3.288879
-117.15 3.2888312
-117.14 3.2887595
-117.13 3.2887117
-117.12 3.2886639
-117.11 3.2885922
-117.1 3.2885444
-117.09 3.2884727
-117.08 3.2884249
-117.07 3.2883532
-117.06 3.2883054
-117.05 3.2882337
-117.04 3.2881859
-117.03 3.2881142
-117.02 3.2880664
-117.01 3.2879947
-117.0 3.2879469
-116.99 3.2878991
-116.98 3.2878274
-116.97 3.2877796
-116.96 3.2877079
-116.95 3.2876601
-116.94 3.2875884
-116.93 3.2875406
-116.92 3.2874689
-116.91 3.2874211
-116.9 3.2873494
-116.89 3.2873016
-116.88 3.2872538
-116.87 3.2871821
-116.86 3.2871343
-116.85 3.2870626
-116.84 3.2870148
-116.83 3.2869431
-116.82 3.2868953
-116.81 3.2868236
-116.8 3.2867758
-116.79 3.2867041
-116.78 3.2866563
-116.77 3.2866085
-116.76 3.2865368
-116.75 3.286489
-116.74 3.2864173
-116.73 3.2863695
-116.72 3.2862978
-116.71 3.28625
-116.7 3.2861783
-116.69 3.2861305
-116.68 3.2860588
-116.67 3.286011
-116.66 3.2859632
-116.65 3.2858915
-116.64 3.2858437
-116.63 3.285772
-116.62 3.2857242
-116.61 3.2856525
-116.6 3.2856047
-116.59 3.285533
-116.58 3.2854852
-116.57 3.2854374
-116.56 3.2853657
-116.55 3.2853179
-116.54 3.2852462
-116.53 3.2851984
-116.52 3.2851267
-116.51 3.2850789
-116.5 3.2850072
-116.49 3.2849594
-116.48 3.2849116
-116.47 3.2848399
-116.46 3.2847921
-116.45 3.2847204
-116.44 3.2846726
-116.43 3.2846009
-116.42 3.2845531
-116.41 3.2844814
-116.4 3.2844336
-116.39 3.2843619
-116.38 3.2843141
-116.37 3.2842663
-116.36 3.2841946
-116.35 3.2841468
-116.34 3.2840751
-116.33 3.2840273
-116.32 3.2839556
-116.31 3.2839078
-116.3 3.2838361
-116.29 3.2837883
-116.28 3.2837405
-116.27 3.2836688
-116.26 3.283621
-116.25 3.2835493
-116.24 3.2835015
-116.23 3.2834298
-116.22 3.283382
-116.21 3.2833342
-116.2 3.2832625
-116.19 3.2832147
-116.18 3.283143
-116.17 3.2830952
-116.16 3.2830235
-116.15 3.2829757
-116.14 3.282904
-116.13 3.2828562
-116.12 3.2828084
-116.11 3.2827367
-116.1 3.2826889
-116.09 3.2826172
-116.08 3.2825694
-116.07 3.2824977
-116.06 3.2824499
-116.05 3.2823782
-116.04 3.2823304
-116.03 3.2822826
-116.02 3.2822109
-116.01 3.2821631
-116.0 3.2820914
-115.99 3.2820436
-115.98 3.2819719
-115.97 3.2819241
-115.96 3.2818763
-115.95 3.2818046
-115.94 3.2817568
-115.93 3.2816851
-115.92 3.2816373
-115.91 3.2815656
-115.9 3.2815178
-115.89 3.2814461
-115.88 3.2813983
-115.87 3.2813505
-115.86 3.2812788
-115.85 3.281231
-115.84 3.2811593
-115.83 3.2811115
-115.82 3.2810398
-115.81 3.280992
-115.8 3.2809442
-115.79 3.2808725
-115.78 3.2808247
-115.77 3.280753
-115.76 3.2807052
-115.75 3.2806335
-115.74 3.2805857
-115.73 3.2805379
-115.72 3.2804662
-115.71 3.2804184
-115.7 3.2803467
-115.69 3.2802989
-115.68 3.2802272
-115.67 3.2801794
-115.66 3.2801077
-115.65 3.2800599
-115.64 3.2800121
-115.63 3.2799404
-115.62 3.2798926
-115.61 3.2798209
-115.6 3.2797731
-115.59 3.2797014
-115.58 3.2796536
-115.57 3.2796058
-115.56 3.2795341
-115.55 3.2794863
-115.54 3.2794146
-115.53 3.2793668
-115.52 3.2792951
-115.51 3.2792473
-115.5 3.2791995
-115.49 3.2791278
-115.48 3.27908
-115.47 3.2790083
-115.46 3.2789605
-115.45 3.2788888
-115.44 3.278841
-115.43 3.2787932
-115.42 3.2787215
-115.41 3.2786737
-115.4 3.278602
-115.39 3.2785542
-115.38 3.2784825
-115.37 3.2784347
-115.36 3.2783869
-115.35 3.2783152
-115.34 3.2782674
-115.33 3.2781957
-115.32 3.2781479
-115.31 3.2781001
-115.3 3.2780284
-115.29 3.2779806
-115.28 3.2779089
-115.27 3.2778611
-115.26 3.2777894
-115.25 3.2777416
-115.24 3.2776938
-115.23 3.2776221
-115.22 3.2775743
-115.21 3.2775026
-115.2 3.2774548
-115.19 3.2773831
-115.18 3.2773353
-115.17 3.2772875
-115.16 3.2772158
-115.15 3.277168
-115.14 3.2770963
-115.13 3.2770485
-115.12 3.2769768
-115.11 3.276929
-115.1 3.2768812
-115.09 3.2768095
-115.08 3.2767617
-115.07 3.27669
-115.06 3.2766422
-115.05 3.2765944
-115.04 3.2765227
-115.03 3.2764749
-115.02 3.2764032
-115.01 3.2763554
-115.0 3.2762837
-114.99 3.2762359
-114.98 3.2761881
-114.97 3.2761164
-114.96 3.2760686
-114.95 3.2759969
-114.94 3.2759491
-114.93 3.2759013
-114.92 3.2758296
-114.91 3.2757818
-114.9 3.2757101
-114.89 3.2756623
-114.88 3.2755906
-114.87 3.2755428
-114.86 3.275495
-114.85 3.2754233
-114.84 3.2753755
-114.83 3.2753038
-114.82 3.275256
-114.81 3.2752082
-114.8 3.2751365
-114.79 3.2750887
-114.78 3.275017
-114.77 3.2749692
-114.76 3.2748975
-114.75 3.2748497
-114.74 3.2748019
-114.73 3.2747302
-114.72 3.2746824
-114.71 3.2746107
-114.7 3.2745629
-114.69 3.2745151
-114.68 3.2744434
-114.67 3.2743956
-114.66 3.2743239
-114.65 3.2742761
-114.64 3.2742283
-114.63 3.2741566
-114.62 3.2741088
-114.61 3.2740371
-114.6 3.2739893
-114.59 3.2739176
-114.58 3.2738698
-114.57 3.273822
-114.56 3.2737503
-114.55 3.2737025
-114.54 3.2736308
-114.53 3.273583
-114.52 3.2735352
-114.51 3.2734635
-114.5 3.2734157
-114.49 3.273344
-114.48 3.2732962
-114.47 3.2732484
-114.46 3.2731767
-114.45 3.2731289
-114.44 3.2730572
-114.43 3.2730094
-114.42 3.2729616
-114.41 3.2728899
-114.4 3.2728421
-114.39 3.2727704
-114.38 3.2727226
-114.37 3.2726509
-114.36 3.2726031
-114.35 3.2725553
-114.34 3.2724836
-114.33 3.2724358
-114.32 3.2723641
-114.31 3.2723163
-114.3 3.2722685
-114.29 3.2721968
-114.28 3.272149
-114.27 3.2720773
-114.26 3.2720295
-114.25 3.2719817
-114.24 3.27191
-114.23 3.2718622
-114.22 3.2717905
-114.21 3.2717427
-114.2 3.2716949
-114.19 3.2716232
-114.18 3.2715754
-114.17 3.2715037
-114.16 3.2714559
-114.15 3.2714081
-114.14 3.2713364
-114.13 3.2712886
-114.12 3.2712169
-114.11 3.2711691
-114.1 3.2711213
-114.09 3.2710496
-114.08 3.2710018
-114.07 3.2709301
-114.06 3.2708823
-114.05 3.2708345
-114.04 3.2707628
-114.03 3.270715
-114.02 3.2706433
-114.01 3.2705955
-114.0 3.2705477
-113.99 3.270476
-113.98 3.2704282
-113.97 3.2703565
-113.96 3.2703087
-113.95 3.2702609
-113.94 3.2701892
-113.93 3.2701414
-113.92 3.2700697
-113.91 3.2700219
-113.9 3.2699741
-113.89 3.2699024
-113.88 3.2698546
-113.87 3.2697829
-113.86 3.2697351
-113.85 3.2696873
-113.84 3.2696156
-113.83 3.2695678
-113.82 3.26952
-113.81 3.2694483
-113.8 3.2694005
-113.79 3.2693288
-113.78 3.269281
-113.77 3.2692332
-113.76 3.2691615
-113.75 3.2691137
-113.74 3.269042
-113.73 3.2689942
-113.72 3.2689464
-113.71 3.2688747
-113.7 3.2688269
-113.69 3.2687552
-113.68 3.2687074
-113.67 3.2686596
-113.66 3.2685879
-113.65 3.2685401
-113.64 3.2684684
-113.63 3.2684206
-113.62 3.2683728
-113.61 3.2683011
-113.6 3.2682533
-113.59 3.2682055
-113.58 3.2681338
-113.57 3.268086
-113.56 3.2680143
-113.55 3.2679665
-113.54 3.2679187
-113.53 3.267847
-113.52 3.2677992
-113.51 3.2677275
-113.5 3.2676797
-113.49 3.2676319
-113.48 3.2675602
-113.47 3.2675124
-113.46 3.2674646
-113.45 3.2673929
-113.44 3.2673451
-113.43 3.2672734
-113.42 3.2672256
-113.41 3.2671778
-113.4 3.2671061
-113.39 3.2670583
-113.38 3.2669866
-113.37 3.2669388
-113.36 3.266891
-113.35 3.2668193
-113.34 3.2667715
-113.33 3.2667237
-113.32 3.266652
-113.31 3.2666042
-113.3 3.2665325
-113.29 3.2664847
-113.28 3.2664369
-113.27 3.2663652
-113.26 3.2663174
-113.25 3.2662457
-113.24 3.2661979
-113.23 3.2661501
-113.22 3.2660784
-113.21 3.2660306
-113.2 3.2659828
-113.19 3.2659111
-113.18 3.2658633
-113.17 3.2657916
-113.16 3.2657438
-113.15 3.265696
-113.14 3.2656243
-113.13 3.2655765
-113.12 3.2655287
-113.11 3.265457
-113.1 3.2654092
-113.09 3.2653375
-113.08 3.2652897
-113.07 3.2652419
-113.06 3.2651702
-113.05 3.2651224
-113.04 3.2650746
-113.03 3.2650029
-113.02 3.2649551
-113.01 3.2648834
-113.0 3.2648356
-112.99 3.2647878
-112.98 3.2647161
-112.97 3.2646683
-112.96 3.2646205
-112.95 3.2645488
-112.94 3.264501
-112.93 3.2644293
-112.92 3.2643815
-112.91 3.2643337
-112.9 3.264262
-112.89 3.2642142
-112.88 3.2641664
-112.87 3.2640947
-112.86 3.2640469
-112.85 3.2639752
-112.84 3.2639274
-112.83 3.2638796
-112.82 3.2638079
-112.81 3.2637601
-112.8 3.2637123
-112.79 3.2636406
-112.78 3.2635928
-112.77 3.263545
-112.76 3.2634733
-112.75 3.2634255
-112.74 3.2633538
-112.73 3.263306
-112.72 3.2632582
-112.71 3.2631865
-112.7 3.2631387
-112.69 3.2630909
-112.68 3.2630192
-112.67 3.2629714
-112.66 3.2629236
-112.65 3.2628519
-112.64 3.2628041
-112.63 3.2627324
-112.62 3.2626846
-112.61 3.2626368
-112.6 3.2625651
-112.59 3.2625173
-112.58 3.2624695
-112.57 3.2623978
-112.56 3.26235
-112.55 3.2623022
-112.54 3.2622305
-112.53 3.2621827
-112.52 3.262111
-112.51 3.2620632
-112.5 3.2620154
-112.49 3.2619437
-112.48 3.2618959
-112.47 3.2618481
-112.46 3.2617764
-112.45 3.2617286
-112.44 3.2616808
-112.43 3.2616091
-112.42 3.2615613
-112.41 3.2614896
-112.4 3.2614418
-112.39 3.261394
-112.38 3.2613223
-112.37 3.2612745
-112.36 3.2612267
-112.35 3.261155
-112.34 3.2611072
-112.33 3.2610594
-112.32 3.2609877
-112.31 3.2609399
-112.3 3.2608921
-112.29 3.2608204
-112.28 3.2607726
-112.27 3.2607009
-112.26 3.2606531
-112.25 3.2606053
-112.24 3.2605336
-112.23 3.2604858
-112.22 3.260438
-112.21 3.2603663
-112.2 3.2603185
-112.19 3.2602707
-112.18 3.260199
-112.17 3.2601512
-112.16 3.2601034
-112.15 3.2600317
-112.14 3.2599839
-112.13 3.2599361
-112.12 3.2598644
-112.11 3.2598166
-112.1 3.2597688
-112.09 3.2596971
-112.08 3.2596493
-112.07 3.2595776
-112.06 3.2595298
-112.05 3.259482
-112.04 3.2594103
-112.03 3.2593625
-112.02 3.2593147
-112.01 3.259243
-112.0 3.2591952
-111.99 3.2591474
-111.98 3.2590757
-111.97 3.2590279
-111.96 3.2589801
-111.95 3.2589084
-111.94 3.2588606
-111.93 3.2588128
-111.92 3.2587411
-111.91 3.2586933
-111.9 3.2586455
-111.89 3.2585738
-111.88 3.258526
-111.87 3.2584782
-111.86 3.2584065
-111.85 3.2583587
-111.84 3.2583109
-111.83 3.2582392
-111.82 3.2581914
-111.81 3.2581436
-111.8 3.2580719
-111.79 3.2580241
-111.78 3.2579763
-111.77 3.2579046
-111.76 3.2578568
-111.75 3.2577851
-111.74 3.2577373
-111.73 3.2576895
-111.72 3.2576178
-111.71 3.25757
-111.7 3.2575222
-111.69 3.2574505
-111.68 3.2574027
-111.67 3.2573549
-111.66 3.2572832
-111.65 3.2572354
-111.64 3.2571876
-111.63 3.2571159
-111.62 3.2570681
-111.61 3.2570203
-111.6 3.2569486
-111.59 3.2569008
-111.58 3.256853
-111.57 3.2567813
-111.56 3.2567335
-111.55 3.2566857
-111.54 3.256614
-111.53 3.2565662
-111.52 3.2565184
-111.51 3.2564467
-111.5 3.2563989
-111.49 3.2563511
-111.48 3.2562794
-111.47 3.2562316
-111.46 3.2561838
-111.45 3.2561121
-111.44 3.2560643
-111.43 3.2560165
-111.42 3.2559448
-111.41 3.255897
-111.4 3.2558492
-111.39 3.2558014
-111.38 3.2557297
-111.37 3.2556819
-111.36 3.2556341
-111.35 3.2555624
-111.34 3.2555146
-111.33 3.2554668
-111.32 3.2553951
-111.31 3.2553473
-111.3 3.2552995
-111.29 3.2552278
-111.28 3.25518
-111.27 3.2551322
-111.26 3.2550605
-111.25 3.2550127
-111.24 3.2549649
-111.23 3.2548932
-111.22 3.2548454
-111.21 3.2547976
-111.2 3.2547259
-111.19 3.2546781
-111.18 3.2546303
-111.17 3.2545586
-111.16 3.2545108
-111.15 3.254463
-111.14 3.2543913
-111.13 3.2543435
-111.12 3.2542957
-111.11 3.2542479
-111.1 3.2541762
-111.09 3.2541284
-111.08 3.2540806
-111.07 3.2540089
-111.06 3.2539611
-111.05 3.2539133
-111.04 3.2538416
-111.03 3.2537938
-111.02 3.253746
-111.01 3.2536743
-111.0 3.2536265
-110.99 3.2535787
-110.98 3.253507
-110.97 3.2534592
-110.96 3.2534114
-110.95 3.2533397
-110.94 3.2532919
-110.93 3.2532441
-110.92 3.2531963
-110.91 3.2531246
-110.9 3.2530768
-110.89 3.253029
-110.88 3.2529573
-110.87 3.2529095
-110.86 3.2528617
-110.85 3.25279
-110.84 3.2527422
-110.83 3.2526944
-110.82 3.2526227
-110.81 3.2525749
-110.8 3.2525271
-110.79 3.2524793
-110.78 3.2524076
-110.77 3.2523598
-110.76 3.252312
-110.75 3.2522403
-110.74 3.2521925
-110.73 3.2521447
-110.72 3.252073
-110.71 3.2520252
-110.7 3.2519774
-110.69 3.2519057
-110.68 3.2518579
-110.67 3.2518101
-110.66 3.2517623
-110.65 3.2516906
-110.64 3.2516428
-110.63 3.251595
-110.62 3.2515233
-110.61 3.2514755
-110.6 3.2514277
-110.59 3.251356
-110.58 3.2513082
-110.57 3.2512604
-110.56 3.2512126
-110.55 3.2511409
-110.54 3.2510931
-110.53 3.2510453
-110.52 3.2509736
-110.51 3.2509258
-110.5 3.250878
-110.49 3.2508302
-110.48 3.2507585
-110.47 3.2507107
-110.46 3.2506629
-110.45 3.2505912
-110.44 3.2505434
-110.43 3.2504956
-110.42 3.2504239
-110.41 3.2503761
-110.4 3.2503283
-110.39 3.2502805
-110.38 3.2502088
-110.37 3.250161
-110.36 3.2501132
-110.35 3.2500415
-110.34 3.2499937
-110.33 3.2499459
-110.32 3.2498981
-110.31 3.2498264
-110.3 3.2497786
-110.29 3.2497308
-110.28 3.2496591
-110.27 3.2496113
-110.26 3.2495635
-110.25 3.2495157
-110.24 3.249444
-110.23 3.2493962
-110.22 3.2493484
-110.21 3.2492767
-110.2 3.2492289
-110.19 3.2491811
-110.18 3.2491333
-110.17 3.2490616
-110.16 3.2490138
-110.15 3.248966
-110.14 3.2488943
-110.13 3.2488465
-110.12 3.2487987
-110.11 3.2487509
-110.1 3.2486792
-110.09 3.2486314
-110.08 3.2485836
-110.07 3.2485358
-110.06 3.2484641
-110.05 3.2484163
-110.04 3.2483685
-110.03 3.2482968
-110.02 3.248249
-110.01 3.2482012
-110.0 3.2481534
-109.99 3.2480817
-109.98 3.2480339
-109.97 3.2479861
-109.96 3.2479383
-109.95 3.2478666
-109.94 3.2478188
-109.93 3.247771
-109.92 3.2476993
-109.91 3.2476515
-109.9 3.2476037
-109.89 3.2475559
-109.88 3.2474842
-109.87 3.2474364
-109.86 3.2473886
-109.85 3.2473408
-109.84 3.2472691
-109.83 3.2472213
-109.82 3.2471735
-109.81 3.2471018
-109.8 3.247054
-109.79 3.2470062
-109.78 3.2469584
-109.77 3.2468867
-109.76 3.2468389
-109.75 3.2467911
-109.74 3.2467433
-109.73 3.2466716
-109.72 3.2466238
-109.71 3.246576
-109.7 3.2465282
-109.69 3.2464565
-109.68 3.2464087
-109.67 3.2463609
-109.66 3.2463131
-109.65 3.2462414
-109.64 3.2461936
-109.63 3.2461458
-109.62 3.2460741
-109.61 3.2460263
-109.6 3.2459785
-109.59 3.2459307
-109.58 3.245859
-109.57 3.2458112
-109.56 3.2457634
-109.55 3.2457156
-109.54 3.2456439
-109.53 3.2455961
-109.52 3.2455483
-109.51 3.2455005
-109.5 3.2454288
-109.49 3.245381
-109.48 3.2453332
-109.47 3.2452854
-109.46 3.2452137
-109.45 3.2451659
-109.44 3.2451181
-109.43 3.2450703
-109.42 3.2449986
-109.41 3.2449508
-109.4 3.244903
-109.39 3.2448552
-109.38 3.2447835
-109.37 3.2447357
-109.36 3.2446879
-109.35 3.2446401
-109.34 3.2445684
-109.33 3.2445206
-109.32 3.2444728
-109.31 3.244425
-109.3 3.2443533
-109.29 3.2443055
-109.28 3.2442577
-109.27 3.2442099
-109.26 3.2441621
-109.25 3.2440904
-109.24 3.2440426
-109.23 3.2439948
-109.22 3.243947
-109.21 3.2438753
-109.2 3.2438275
-109.19 3.2437797
-109.18 3.2437319
-109.17 3.2436602
-109.16 3.2436124
-109.15 3.2435646
-109.14 3.2435168
-109.13 3.2434451
-109.12 3.2433973
-109.11 3.2433495
-109.1 3.2433017
-109.09 3.24323
-109.08 3.2431822
-109.07 3.2431344
-109.06 3.2430866
-109.05 3.2430388
-109.04 3.2429671
-109.03 3.2429193
-109.02 3.2428715
-109.01 3.2428237
-109.0 3.242752
-108.99 3.2427042
-108.98 3.2426564
-108.97 3.2426086
-108.96 3.2425608
-108.95 3.2424891
-108.94 3.2424413
-108.93 3.2423935
-108.92 3.2423457
-108.91 3.242274
-108.9 3.2422262
-108.89 3.2421784
-108.88 3.2421306
-108.87 3.2420828
-108.86 3.2420111
-108.85 3.2419633
-108.84 3.2419155
-108.83 3.2418677
-108.82 3.241796
-108.81 3.2417482
-108.8 3.2417004
-108.79 3.2416526
-108.78 3.2416048
-108.77 3.2415331
-108.76 3.2414853
-108.75 3.2414375
-108.74 3.2413897
-108.73 3.241318
-108.72 3.2412702
-108.71 3.2412224
-108.7 3.2411746
-108.69 3.2411268
-108.68 3.2410551
-108.67 3.2410073
-108.66 3.2409595
-108.65 3.2409117
-108.64 3.2408639
-108.63 3.2407922
-108.62 3.2407444
-108.61 3.2406966
-108.6 3.2406488
-108.59 3.240601
-108.58 3.2405293
-108.57 3.2404815
-108.56 3.2404337
-108.55 3.2403859
-108.54 3.2403142
-108.53 3.2402664
-108.52 3.2402186
-108.51 3.2401708
-108.5 3.240123
-108.49 3.2400513
-108.48 3.2400035
-108.47 3.2399557
-108.46 3.2399079
-108.45 3.2398601
-108.44 3.2397884
-108.43 3.2397406
-108.42 3.2396928
-108.41 3.239645
-108.4 3.2395972
-108.39 3.2395255
-108.38 3.2394777
-108.37 3.2394299
-108.36 3.2393821
-108.35 3.2393343
-108.34 3.2392865
-108.33 3.2392148
-108.32 3.239167
-108.31 3.2391192
-108.3 3.2390714
-108.29 3.2390236
-108.28 3.2389519
-108.27 3.2389041
-108.26 3.2388563
-108.25 3.2388085
-108.24 3.2387607
-108.23 3.238689
-108.22 3.2386412
-108.21 3.2385934
-108.2 3.2385456
-108.19 3.2384978
-108.18 3.23845
-108.17 3.2383783
-108.16 3.2383305
-108.15 3.2382827
-108.14 3.2382349
-108.13 3.2381871
-108.12 3.2381154
-108.11 3.2380676
-108.1 3.2380198
-108.09 3.237972
-108.08 3.2379242
-108.07 3.2378764
-108.06 3.2378047
-108.05 3.2377569
-108.04 3.2377091
-108.03 3.2376613
-108.02 3.2376135
-108.01 3.2375418
-108.0 3.237494
-107.99 3.2374462
-107.98 3.2373984
-107.97 3.2373506
-107.96 3.2373028
-107.95 3.2372311
-107.94 3.2371833
-107.93 3.2371355
-107.92 3.2370877
-107.91 3.2370399
-107.9 3.2369921
-107.89 3.2369204
-107.88 3.2368726
-107.87 3.2368248
-107.86 3.236777
-107.85 3.2367292
-107.84 3.2366814
-107.83 3.2366097
-107.82 3.2365619
-107.81 3.2365141
-107.8 3.2364663
-107.79 3.2364185
-107.78 3.2363707
-107.77 3.236299
-107.76 3.2362512
-107.75 3.2362034
-107.74 3.2361556
-107.73 3.2361078
-107.72 3.23606
-107.71 3.2360122
-107.7 3.2359405
-107.69 3.2358927
-107.68 3.2358449
-107.67 3.2357971
-107.66 3.2357493
-107.65 3.2357015
-107.64 3.2356298
-107.63 3.235582
-107.62 3.2355342
-107.61 3.2354864
-107.6 3.2354386
-107.59 3.2353908
-107.58 3.235343
-107.57 3.2352713
-107.56 3.2352235
-107.55 3.2351757
-107.54 3.2351279
-107.53 3.2350801
-107.52 3.2350323
-107.51 3.2349845
-107.5 3.2349128
-107.49 3.234865
-107.48 3.2348172
-107.47 3.2347694
-107.46 3.2347216
-107.45 3.2346738
-107.44 3.234626
-107.43 3.2345543
-107.42 3.2345065
-107.41 3.2344587
-107.4 3.2344109
-107.39 3.2343631
-107.38 3.2343153
-107.37 3.2342675
-107.36 3.2341958
-107.35 3.234148
-107.34 3.2341002
-107.33 3.2340524
-107.32 3.2340046
-107.31 3.2339568
-107.3 3.233909
-107.29 3.2338612
-107.28 3.2337895
-107.27 3.2337417
-107.26 3.2336939
-107.25 3.2336461
-107.24 3.2335983
-107.23 3.2335505
-107.22 3.2335027
-107.21 3.233431
-107.2 3.2333832
-107.19 3.2333354
-107.18 3.2332876
-107.17 3.2332398
-107.16 3.233192
-107.15 3.2331442
-107.14 3.2330964
-107.13 3.2330486
-107.12 3.2329769
-107.11 3.2329291
-107.1 3.2328813
-107.09 3.2328335
-107.08 3.2327857
-107.07 3.2327379
-107.06 3.2326901
-107.05 3.2326423
-107.04 3.2325706
-107.03 3.2325228
-107.02 3.232475
-107.01 3.2324272
-107.0 3.2323794
-106.99 3.2323316
-106.98 3.2322838
-106.97 3.232236
-106.96 3.2321882
-106.95 3.2321404
-106.94 3.2320687
-106.93 3.2320209
-106.92 3.2319731
-106.91 3.2319253
-106.9 3.2318775
-106.89 3.2318297
-106.88 3.2317819
-106.87 3.2317341
-106.86 3.2316863
-106.85 3.2316146
-106.84 3.2315668
-106.83 3.231519
-106.82 3.2314712
-106.81 3.2314234
-106.8 3.2313756
-106.79 3.2313278
-106.78 3.23128
-106.77 3.2312322
-106.76 3.2311844
-106.75 3.2311366
-106.74 3.2310649
-106.73 3.2310171
-106.72 3.2309693
-106.71 3.2309215
-106.7 3.2308737
-106.69 3.2308259
-106.68 3.2307781
-106.67 3.2307303
-106.66 3.2306825
-106.65 3.2306347
-106.64 3.2305869
-106.63 3.2305152
-106.62 3.2304674
-106.61 3.2304196
-106.6 3.2303718
-106.59 3.230324
-106.58 3.2302762
-106.57 3.2302284
-106.56 3.2301806
-106.55 3.2301328
-106.54 3.230085
-106.53 3.2300372
-106.52 3.2299894
-106.51 3.2299177
-106.5 3.2298699
-106.49 3.2298221
-106.48 3.2297743
-106.47 3.2297265
-106.46 3.2296787
-106.45 3.2296309
-106.44 3.2295831
-106.43 3.2295353
-106.42 3.2294875
-106.41 3.2294397
-106.4 3.2293919
-106.39 3.2293441
-106.38 3.2292963
-106.37 3.2292485
-106.36 3.2291768
-106.35 3.229129
-106.34 3.2290812
-106.33 3.2290334
-106.32 3.2289856
-106.31 3.2289378
-106.3 3.22889
-106.29 3.2288422
-106.28 3.2287944
-106.27 3.2287466
-106.26 3.2286988
-106.25 3.228651
-106.24 3.2286032
-106.23 3.2285554
-106.22 3.2285076
-106.21 3.2284598
-106.2 3.228412
-106.19 3.2283403
-106.18 3.2282925
-106.17 3.2282447
-106.16 3.2281969
-106.15 3.2281491
-106.14 3.2281013
-106.13 3.2280535
-106.12 3.2280057
-106.11 3.2279579
-106.1 3.2279101
-106.09 3.2278623
-106.08 3.2278145
-106.07 3.2277667
-106.06 3.2277189
-106.05 3.2276711
-106.04 3.2276233
-106.03 3.2275755
-106.02 3.2275277
-106.01 3.2274799
-106.0 3.2274321
-105.99 3.2273843
-105.98 3.2273365
-105.97 3.2272887
-105.96 3.227217
-105.95 3.2271692
-105.94 3.2271214
-105.93 3.2270736
-105.92 3.2270258
-105.91 3.226978
-105.9 3.2269302
-105.89 3.2268824
-105.88 3.2268346
-105.87 3.2267868
-105.86 3.226739
-105.85 3.2266912
-105.84 3.2266434
-105.83 3.2265956
-105.82 3.2265478
-105.81 3.2265
-105.8 3.2264522
-105.79 3.2264044
-105.78 3.2263566
-105.77 3.2263088
-105.76 3.226261
-105.75 3.2262132
-105.74 3.2261654
-105.73 3.2261176
-105.72 3.2260698
-105.71 3.226022
-105.7 3.2259742
-105.69 3.2259264
-105.68 3.2258786
-105.67 3.2258308
-105.66 3.225783
-105.65 3.2257352
-105.64 3.2256874
-105.63 3.2256396
-105.62 3.2255918
-105.61 3.225544
-105.6 3.2254962
-105.59 3.2254484
-105.58 3.2254006
-105.57 3.2253528
-105.56 3.225305
-105.55 3.2252572
-105.54 3.2252094
-105.53 3.2251616
-105.52 3.2251138
-105.51 3.225066
-105.5 3.2250182
-105.49 3.2249704
-105.48 3.2249226
-105.47 3.2248748
-105.46 3.224827
-105.45 3.2247792
-105.44 3.2247314
-105.43 3.2246836
-105.42 3.2246358
-105.41 3.224588
-105.4 3.2245402
-105.39 3.2244924
-105.38 3.2244446
-105.37 3.2243968
-105.36 3.224349
-105.35 3.2243012
-105.34 3.2242534
-105.33 3.2242056
-105.32 3.2241578
-105.31 3.22411
-105.3 3.2240622
-105.29 3.2240144
-105.28 3.2239666
-105.27 3.2239188
-105.26 3.223871
-105.25 3.2238232
-105.24 3.2237754
-105.23 3.2237276
-105.22 3.2236798
-105.21 3.223632
-105.2 3.2235842
-105.19 3.2235364
-105.18 3.2234886
-105.17 3.2234408
-105.16 3.223393
-105.15 3.2233452
-105.14 3.2233213
-105.13 3.2232735
-105.12 3.2232257
-105.11 3.2231779
-105.1 3.2231301
-105.09 3.2230823
-105.08 3.2230345
-105.07 3.2229867
-105.06 3.2229389
-105.05 3.2228911
-105.04 3.2228433
-105.03 3.2227955
-105.02 3.2227477
-105.01 3.2226999
-105.0 3.2226521
-104.99 3.2226043
-104.98 3.2225565
-104.97 3.2225087
-104.96 3.2224609
-104.95 3.2224131
-104.94 3.2223653
-104.93 3.2223175
-104.92 3.2222697
-104.91 3.2222458
-104.9 3.222198
-104.89 3.2221502
-104.88 3.2221024
-104.87 3.2220546
-104.86 3.2220068
-104.85 3.221959
-104.84 3.2219112
-104.83 3.2218634
-104.82 3.2218156
-104.81 3.2217678
-104.8 3.22172
-104.79 3.2216722
-104.78 3.2216244
-104.77 3.2215766
-104.76 3.2215288
-104.75 3.2215049
-104.74 3.2214571
-104.73 3.2214093
-104.72 3.2213615
-104.71 3.2213137
-104.7 3.2212659
-104.69 3.2212181
-104.68 3.2211703
-104.67 3.2211225
-104.66 3.2210747
-104.65 3.2210269
-104.64 3.2209791
-104.63 3.2209313
-104.62 3.2209074
-104.61 3.2208596
-104.6 3.2208118
-104.59 3.220764
-104.58 3.2207162
-104.57 3.2206684
-104.56 3.2206206
-104.55 3.2205728
-104.54 3.220525
-104.53 3.2204772
-104.52 3.2204294
-104.51 3.2203816
-104.5 3.2203577
-104.49 3.2203099
-104.48 3.2202621
-104.47 3.2202143
-104.46 3.2201665
-104.45 3.2201187
-104.44 3.2200709
-104.43 3.2200231
-104.42 3.2199753
-104.41 3.2199275
-104.4 3.2199036
-104.39 3.2198558
-104.38 3.219808
-104.37 3.2197602
-104.36 3.2197124
-104.35 3.2196646
-104.34 3.2196168
-104.33 3.219569
-104.32 3.2195212
-104.31 3.2194973
-104.3 3.2194495
-104.29 3.2194017
-104.28 3.2193539
-104.27 3.2193061
-104.26 3.2192583
-104.25 3.2192105
-104.24 3.2191627
-104.23 3.2191149
-104.22 3.219091
-104.21 3.2190432
-104.2 3.2189954
-104.19 3.2189476
-104.18 3.2188998
-104.17 3.218852
-104.16 3.2188042
-104.15 3.2187564
-104.14 3.2187325
-104.13 3.2186847
-104.12 3.2186369
-104.11 3.2185891
-104.1 3.2185413
-104.09 3.2184935
-104.08 3.2184457
-104.07 3.2183979
-104.06 3.218374
-104.05 3.2183262
-104.04 3.2182784
-104.03 3.2182306
-104.02 3.2181828
-104.01 3.218135
-104.0 3.2180872
-103.99 3.2180633
-103.98 3.2180155
-103.97 3.2179677
-103.96 3.2179199
-103.95 3.2178721
-103.94 3.2178243
-103.93 3.2177765
-103.92 3.2177526
-103.91 3.2177048
-103.9 3.217657
-103.89 3.2176092
-103.88 3.2175614
-103.87 3.2175136
-103.86 3.2174897
-103.85 3.2174419
-103.84 3.2173941
-103.83 3.2173463
-103.82 3.2172985
-103.81 3.2172507
-103.8 3.2172029
-103.79 3.217179
-103.78 3.2171312
-103.77 3.2170834
-103.76 3.2170356
-103.75 3.2169878
-103.74 3.21694
-103.73 3.2169161
-103.72 3.2168683
-103.71 3.2168205
-103.7 3.2167727
-103.69 3.2167249
-103.68 3.2166771
-103.67 3.2166532
-103.66 3.2166054
-103.65 3.2165576
-103.64 3.2165098
-103.63 3.216462
-103.62 3.2164381
-103.61 3.2163903
-103.6 3.2163425
-103.59 3.2162947
-103.58 3.2162469
-103.57 3.2161991
-103.56 3.2161752
-103.55 3.2161274
-103.54 3.2160796
-103.53 3.2160318
-103.52 3.215984
-103.51 3.2159601
-103.5 3.2159123
-103.49 3.2158645
-103.48 3.2158167
-103.47 3.2157689
-103.46 3.215745
-103.45 3.2156972
-103.44 3.2156494
-103.43 3.2156016
-103.42 3.2155538
-103.41 3.2155299
-103.4 3.2154821
-103.39 3.2154343
-103.38 3.2153865
-103.37 3.2153387
-103.36 3.2153148
-103.35 3.215267
-103.34 3.2152192
-103.33 3.2151714
-103.32 3.2151236
-103.31 3.2150997
-103.3 3.2150519
-103.29 3.2150041
-103.28 3.2149563
-103.27 3.2149324
-103.26 3.2148846
-103.25 3.2148368
-103.24 3.214789
-103.23 3.2147412
-103.22 3.2147173
-103.21 3.2146695
-103.2 3.2146217
-103.19 3.2145739
-103.18 3.21455
-103.17 3.2145022
-103.16 3.2144544
-103.15 3.2144066
-103.14 3.2143588
-103.13 3.2143349
-103.12 3.2142871
-103.11 3.2142393
-103.1 3.2141915
-103.09 3.2141676
-103.08 3.2141198
-103.07 3.214072
-103.06 3.2140242
-103.05 3.2140003
-103.04 3.2139525
-103.03 3.2139047
-103.02 3.2138569
-103.01 3.213833
-103.0 3.2137852
-102.99 3.2137374
-102.98 3.2136896
-102.97 3.2136657
-102.96 3.2136179
-102.95 3.2135701
-102.94 3.2135223
-102.93 3.2134984
-102.92 3.2134506
-102.91 3.2134028
-102.9 3.213355
-102.89 3.2133311
-102.88 3.2132833
-102.87 3.2132355
-102.86 3.2131877
-102.85 3.2131638
-102.84 3.213116
-102.83 3.2130682
-102.82 3.2130204
-102.81 3.2129965
-102.8 3.2129487
-102.79 3.2129009
-102.78 3.2128531
-102.77 3.2128292
-102.76 3.2127814
-102.75 3.2127336
-102.74 3.2127097
-102.73 3.2126619
-102.72 3.2126141
-102.71 3.2125663
-102.7 3.2125424
-102.69 3.2124946
-102.68 3.2124468
-102.67 3.2124229
-102.66 3.2123751
-102.65 3.2123273
-102.64 3.2122795
-102.63 3.2122556
-102.62 3.2122078
-102.61 3.21216
-102.6 3.2121361
-102.59 3.2120883
-102.58 3.2120405
-102.57 3.2119927
-102.56 3.2119688
-102.55 3.211921
-102.54 3.2118732
-102.53 3.2118493
-102.52 3.2118015
-102.51 3.2117537
-102.5 3.2117298
-102.49 3.211682
-102.48 3.2116342
-102.47 3.2115864
-102.46 3.2115625
-102.45 3.2115147
-102.44 3.2114669
-102.43 3.211443
-102.42 3.2113952
-102.41 3.2113474
-102.4 3.2113235
-102.39 3.2112757
-102.38 3.2112279
-102.37 3.211204
-102.36 3.2111562
-102.35 3.2111084
-102.34 3.2110845
-102.33 3.2110367
-102.32 3.2109889
-102.31 3.210965
-102.3 3.2109172
-102.29 3.2108694
-102.28 3.2108455
-102.27 3.2107977
-102.26 3.2107499
-102.25 3.210726
-102.24 3.2106782
-102.23 3.2106304
-102.22 3.2106065
-102.21 3.2105587
-102.2 3.2105109
-102.19 3.210487
-102.18 3.2104392
-102.17 3.2103914
-102.16 3.2103675
-102.15 3.2103197
-102.14 3.2102719
-102.13 3.210248
-102.12 3.2102002
-102.11 3.2101524
-102.1 3.2101285
-102.09 3.2100807
-102.08 3.2100329
-102.07 3.210009
-102.06 3.2099612
-102.05 3.2099134
-102.04 3.2098895
-102.03 3.2098417
-102.02 3.2098178
-102.01 3.20977
-102.0 3.2097222
-101.99 3.2096983
-101.98 3.2096505
-101.97 3.2096027
-101.96 3.2095788
-101.95 3.209531
-101.94 3.2094832
-101.93 3.2094593
-101.92 3.2094115
-101.91 3.2093876
-101.9 3.2093398
-101.89 3.209292
-101.88 3.2092681
-101.87 3.2092203
-101.86 3.2091725
-101.85 3.2091486
-101.84 3.2091008
-101.83 3.2090769
-101.82 3.2090291
-101.81 3.2089813
-101.8 3.2089574
-101.79 3.2089096
-101.78 3.2088857
-101.77 3.2088379
-101.76 3.2087901
-101.75 3.2087662
-101.74 3.2087184
-101.73 3.2086945
-101.72 3.2086467
-101.71 3.2085989
-101.7 3.208575
-101.69 3.2085272
-101.68 3.2085033
-101.67 3.2084555
-101.66 3.2084077
-101.65 3.2083838
-101.64 3.208336
-101.63 3.2083121
-101.62 3.2082643
-101.61 3.2082165
-101.6 3.2081926
-101.59 3.2081448
-101.58 3.2081209
-101.57 3.2080731
-101.56 3.2080253
-101.55 3.2080014
-101.54 3.2079536
-101.53 3.2079297
-101.52 3.2078819
-101.51 3.207858
-101.5 3.2078102
-101.49 3.2077624
-101.48 3.2077385
-101.47 3.2076907
-101.46 3.2076668
-101.45 3.207619
-101.44 3.2075951
-101.43 3.2075473
-101.42 3.2074995
-101.41 3.2074756
-101.4 3.2074278
-101.39 3.2074039
-101.38 3.2073561
-101.37 3.2073322
-101.36 3.2072844
-101.35 3.2072605
-101.34 3.2072127
-101.33 3.2071649
-101.32 3.207141
-101.31 3.2070932
-101.3 3.2070693
-101.29 3.2070215
-101.28 3.2069976
-101.27 3.2069498
-101.26 3.2069259
-101.25 3.2068781
-101.24 3.2068542
-101.23 3.2068064
-101.22 3.2067586
-101.21 3.2067347
-101.2 3.2066869
-101.19 3.206663
-101.18 3.2066152
-101.17 3.2065913
-101.16 3.2065435
-101.15 3.2065196
-101.14 3.2064718
-101.13 3.2064479
-101.12 3.2064001
-101.11 3.2063762
-101.1 3.2063284
-101.09 3.2063045
-101.08 3.2062567
-101.07 3.2062328
-101.06 3.206185
-101.05 3.2061611
-101.04 3.2061133
-101.03 3.2060894
-101.02 3.2060416
-101.01 3.2060177
-101.0 3.2059699
-100.99 3.2059221
-100.98 3.2058982
-100.97 3.2058504
-100.96 3.2058265
-100.95 3.2057787
-100.94 3.2057548
-100.93 3.205707
-100.92 3.2056831
-100.91 3.2056353
-100.9 3.2056114
-100.89 3.2055636
-100.88 3.2055397
-100.87 3.2055158
-100.86 3.205468
-100.85 3.2054441
-100.84 3.2053963
-100.83 3.2053724
-100.82 3.2053246
-100.81 3.2053007
-100.8 3.2052529
-100.79 3.205229
-100.78 3.2051812
-100.77 3.2051573
-100.76 3.2051095
-100.75 3.2050856
-100.74 3.2050378
-100.73 3.2050139
-100.72 3.2049661
-100.71 3.2049422
-100.7 3.2048944
-100.69 3.2048705
-100.68 3.2048227
-100.67 3.2047988
-100.66 3.2047749
-100.65 3.2047271
-100.64 3.2047032
-100.63 3.2046554
-100.62 3.2046315
-100.61 3.2045837
-100.6 3.2045598
-100.59 3.204512
-100.58 3.2044881
-100.57 3.2044403
-100.56 3.2044164
-100.55 3.2043925
-100.54 3.2043447
-100.53 3.2043208
-100.52 3.204273
-100.51 3.2042491
-100.5 3.2042013
-100.49 3.2041774
-100.48 3.2041296
-100.47 3.2041057
-100.46 3.2040818
-100.45 3.204034
-100.44 3.2040101
-100.43 3.2039623
-100.42 3.2039384
-100.41 3.2038906
-100.4 3.2038667
-100.39 3.2038428
-100.38 3.203795
-100.37 3.2037711
-100.36 3.2037233
-100.35 3.2036994
-100.34 3.2036516
-100.33 3.2036277
-100.32 3.2036038
-100.31 3.203556
-100.3 3.2035321
-100.29 3.2034843
-100.28 3.2034604
-100.27 3.2034365
-100.26 3.2033887
-100.25 3.2033648
-100.24 3.203317
-100.23 3.2032931
-100.22 3.2032692
-100.21 3.2032214
-100.2 3.2031975
-100.19 3.2031497
-100.18 3.2031258
-100.17 3.2031019
-100.16 3.2030541
-100.15 3.2030302
-100.14 3.2029824
-100.13 3.2029585
-100.12 3.2029346
-100.11 3.2028868
-100.1 3.2028629
-100.09 3.2028151
-100.08 3.2027912
-100.07 3.2027673
-100.06 3.2027195
-100.05 3.2026956
-100.04 3.2026717
-100.03 3.2026239
-100.02 3.2026
-100.01 3.2025522
-100.0 3.2025283
-99.99 3.2025044
-99.98 3.2024566
-99.97 3.2024327
-99.96 3.2024088
-99.95 3.202361
-99.94 3.2023371
-99.93 3.2023132
-99.92 3.2022654
-99.91 3.2022415
-99.9 3.2022176
-99.89 3.2021698
-99.88 3.2021459
-99.87 3.2020981
-99.86 3.2020742
-99.85 3.2020503
-99.84 3.2020025
-99.83 3.2019786
-99.82 3.2019547
-99.81 3.2019069
-99.8 3.201883
-99.79 3.2018591
-99.78 3.2018113
-99.77 3.2017874
-99.76 3.2017635
-99.75 3.2017157
-99.74 3.2016918
-99.73 3.2016679
-99.72 3.2016201
-99.71 3.2015962
-99.7 3.2015723
-99.69 3.2015245
-99.68 3.2015006
-99.67 3.2014767
-99.66 3.2014289
-99.65 3.201405
-99.64 3.2013811
-99.63 3.2013572
-99.62 3.2013094
-99.61 3.2012855
-99.6 3.2012616
-99.59 3.2012138
-99.58 3.2011899
-99.57 3.201166
-99.56 3.2011182
-99.55 3.2010943
-99.54 3.2010704
-99.53 3.2010226
-99.52 3.2009987
-99.51 3.2009748
-99.5 3.2009509
-99.49 3.2009031
-99.48 3.2008792
-99.47 3.2008553
-99.46 3.2008075
-99.45 3.2007836
-99.44 3.2007597
-99.43 3.2007358
-99.42 3.200688
-99.41 3.2006641
-99.4 3.2006402
-99.39 3.2005924
-99.38 3.2005685
-99.37 3.2005446
-99.36 3.2005207
-99.35 3.2004729
-99.34 3.200449
-99.33 3.2004251
-99.32 3.2004012
-99.31 3.2003534
-99.3 3.2003295
-99.29 3.2003056
-99.28 3.2002578
-99.27 3.2002339
-99.26 3.20021
-99.25 3.2001861
-99.24 3.2001383
-99.23 3.2001144
-99.22 3.2000905
-99.21 3.2000666
-99.2 3.2000188
-99.19 3.1999949
-99.18 3.199971
-99.17 3.1999471
-99.16 3.1998993
-99.15 3.1998754
-99.14 3.1998515
-99.13 3.1998276
-99.12 3.1997798
-99.11 3.1997559
-99.1 3.199732
-99.09 3.1997081
-99.08 3.1996842
-99.07 3.1996364
-99.06 3.1996125
-99.05 3.1995886
-99.04 3.1995647
-99.03 3.1995169
-99.02 3.199493
-99.01 3.1994691
-99.0 3.1994452
-98.99 3.1994213
-98.98 3.1993735
-98.97 3.1993496
-98.96 3.1993257
-98.95 3.1993018
-98.94 3.1992779
-98.93 3.1992301
-98.92 3.1992062
-98.91 3.1991823
-98.9 3.1991584
-98.89 3.1991106
-98.88 3.1990867
-98.87 3.1990628
-98.86 3.1990389
-98.85 3.199015
-98.84 3.1989911
-98.83 3.1989433
-98.82 3.1989194
-98.81 3.1988955
-98.8 3.1988716
-98.79 3.1988477
-98.78 3.1987999
-98.77 3.198776
-98.76 3.1987521
-98.75 3.1987282
-98.74 3.1987043
-98.73 3.1986565
-98.72 3.1986326
-98.71 3.1986087
-98.7 3.1985848
-98.69 3.1985609
-98.68 3.198537
-98.67 3.1984892
-98.66 3.1984653
-98.65 3.1984414
-98.64 3.1984175
-98.63 3.1983936
-98.62 3.1983697
-98.61 3.1983458
-98.6 3.198298
-98.59 3.1982741
-98.58 3.1982502
-98.57 3.1982263
-98.56 3.1982024
-98.55 3.1981785
-98.54 3.1981307
-98.53 3.1981068
-98.52 3.1980829
-98.51 3.198059
-98.5 3.1980351
-98.49 3.1980112
-98.48 3.1979873
-98.47 3.1979395
-98.46 3.1979156
-98.45 3.1978917
-98.44 3.1978678
-98.43 3.1978439
-98.42 3.19782
-98.41 3.1977961
-98.4 3.1977722
-98.39 3.1977244
-98.38 3.1977005
-98.37 3.1976766
-98.36 3.1976527
-98.35 3.1976288
-98.34 3.1976049
-98.33 3.197581
-98.32 3.1975571
-98.31 3.1975332
-98.3 3.1974854
-98.29 3.1974615
-98.28 3.1974376
-98.27 3.1974137
-98.26 3.1973898
-98.25 3.1973659
-98.24 3.197342
-98.23 3.1973181
-98.22 3.1972942
-98.21 3.1972703
-98.2 3.1972225
-98.19 3.1971986
-98.18 3.1971747
-98.17 3.1971508
-98.16 3.1971269
-98.15 3.197103
-98.14 3.1970791
-98.13 3.1970552
-98.12 3.1970313
-98.11 3.1970074
-98.1 3.1969835
-98.09 3.1969596
-98.08 3.1969357
-98.07 3.1968879
-98.06 3.196864
-98.05 3.1968401
-98.04 3.1968162
-98.03 3.1967923
-98.02 3.1967684
-98.01 3.1967445
-98.0 3.1967206
-97.99 3.1966967
-97.98 3.1966728
-97.97 3.1966489
-97.96 3.196625
-97.95 3.1966011
-97.94 3.1965772
-97.93 3.1965533
-97.92 3.1965294
-97.91 3.1965055
-97.9 3.1964816
-97.89 3.1964577
-97.88 3.1964099
-97.87 3.196386
-97.86 3.1963621
-97.85 3.1963382
-97.84 3.1963143
-97.83 3.1962904
-97.82 3.1962665
-97.81 3.1962426
-97.8 3.1962187
-97.79 3.1961948
-97.78 3.1961709
-97.77 3.196147
-97.76 3.1961231
-97.75 3.1960992
-97.74 3.1960753
-97.73 3.1960514
-97.72 3.1960275
-97.71 3.1960036
-97.7 3.1959797
-97.69 3.1959558
-97.68 3.1959319
-97.67 3.195908
-97.66 3.1958841
-97.65 3.1958602
-97.64 3.1958363
-97.63 3.1958124
-97.62 3.1957885
-97.61 3.1957646
-97.6 3.1957407
-97.59 3.1957168
-97.58 3.1956929
-97.57 3.195669
-97.56 3.1956451
-97.55 3.1956212
-97.54 3.1955973
-97.53 3.1955734
-97.52 3.1955495
-97.51 3.1955256
-97.5 3.1955017
-97.49 3.1954778
-97.48 3.1954539
-97.47 3.19543
-97.46 3.1954061
-97.45 3.1954061
-97.44 3.1953822
-97.43 3.1953583
-97.42 3.1953344
-97.41 3.1953105
-97.4 3.1952866
-97.39 3.1952627
-97.38 3.1952388
-97.37 3.1952149
-97.36 3.195191
-97.35 3.1951671
-97.34 3.1951432
-97.33 3.1951193
-97.32 3.1950954
-97.31 3.1950715
-97.3 3.1950476
-97.29 3.1950237
-97.28 3.1949998
-97.27 3.1949759
-97.26 3.1949759
-97.25 3.194952
-97.24 3.1949281
-97.23 3.1949042
-97.22 3.1948803
-97.21 3.1948564
-97.2 3.1948325
-97.19 3.1948086
-97.18 3.1947847
-97.17 3.1947608
-97.16 3.1947369
-97.15 3.194713
-97.14 3.194713
-97.13 3.1946891
-97.12 3.1946652
-97.11 3.1946413
-97.1 3.1946174
-97.09 3.1945935
-97.08 3.1945696
-97.07 3.1945457
-97.06 3.1945218
-97.05 3.1944979
-97.04 3.1944979
-97.03 3.194474
-97.02 3.1944501
-97.01 3.1944262
-97.0 3.1944023
-96.99 3.1943784
-96.98 3.1943545
-96.97 3.1943306
-96.96 3.1943067
-96.95 3.1943067
-96.94 3.1942828
-96.93 3.1942589
-96.92 3.194235
-96.91 3.1942111
-96.9 3.1941872
-96.89 3.1941633
-96.88 3.1941394
-96.87 3.1941394
-96.86 3.1941155
-96.85 3.1940916
-96.84 3.1940677
-96.83 3.1940438
-96.82 3.1940199
-96.81 3.193996
-96.8 3.193996
-96.79 3.1939721
-96.78 3.1939482
-96.77 3.1939243
-96.76 3.1939004
-96.75 3.1938765
-96.74 3.1938765
-96.73 3.1938526
-96.72 3.1938287
-96.71 3.1938048
-96.7 3.1937809
-96.69 3.193757
-96.68 3.193757
-96.67 3.1937331
-96.66 3.1937092
-96.65 3.1936853
-96.64 3.1936614
-96.63 3.1936375
-96.62 3.1936375
-96.61 3.1936136
-96.6 3.1935897
-96.59 3.1935658
-96.58 3.1935419
-96.57 3.1935419
-96.56 3.193518
-96.55 3.1934941
-96.54 3.1934702
-96.53 3.1934463
-96.52 3.1934463
-96.51 3.1934224
-96.5 3.1933985
-96.49 3.1933746
-96.48 3.1933507
-96.47 3.1933507
-96.46 3.1933268
-96.45 3.1933029
-96.44 3.193279
-96.43 3.1932551
-96.42 3.1932551
-96.41 3.1932312
-96.4 3.1932073
-96.39 3.1931834
-96.38 3.1931834
-96.37 3.1931595
-96.36 3.1931356
-96.35 3.1931117
-96.34 3.1931117
-96.33 3.1930878
-96.32 3.1930639
-96.31 3.19304
-96.3 3.1930161
-96.29 3.1930161
-96.28 3.1929922
-96.27 3.1929683
-96.26 3.1929444
-96.25 3.1929444
-96.24 3.1929205
-96.23 3.1928966
-96.22 3.1928727
-96.21 3.1928727
-96.2 3.1928488
-96.19 3.1928249
-96.18 3.192801
-96.17 3.192801
-96.16 3.1927771
-96.15 3.1927532
-96.14 3.1927532
-96.13 3.1927293
-96.12 3.1927054
-96.11 3.1926815
-96.1 3.1926815
-96.09 3.1926576
-96.08 3.1926337
-96.07 3.1926337
-96.06 3.1926098
-96.05 3.1925859
-96.04 3.192562
-96.03 3.192562
-96.02 3.1925381
-96.01 3.1925142
-96.0 3.1925142
-95.99 3.1924903
-95.98 3.1924664
-95.97 3.1924425
-95.96 3.1924425
-95.95 3.1924186
-95.94 3.1923947
-95.93 3.1923947
-95.92 3.1923708
-95.91 3.1923469
-95.9 3.1923469
-95.89 3.192323
-95.88 3.1922991
-95.87 3.1922991
-95.86 3.1922752
-95.85 3.1922513
-95.84 3.1922513
-95.83 3.1922274
-95.82 3.1922035
-95.81 3.1922035
-95.8 3.1921796
-95.79 3.1921557
-95.78 3.1921557
-95.77 3.1921318
-95.76 3.1921079
-95.75 3.1921079
-95.74 3.192084
-95.73 3.1920601
-95.72 3.1920601
-95.71 3.1920362
-95.7 3.1920123
-95.69 3.1920123
-95.68 3.1919884
-95.67 3.1919645
-95.66 3.1919645
-95.65 3.1919406
-95.64 3.1919167
-95.63 3.1919167
-95.62 3.1918928
-95.61 3.1918928
-95.6 3.1918689
-95.59 3.191845
-95.58 3.191845
-95.57 3.1918211
-95.56 3.1917972
-95.55 3.1917972
-95.54 3.1917733
-95.53 3.1917733
-95.52 3.1917494
-95.51 3.1917255
-95.5 3.1917255
-95.49 3.1917016
-95.48 3.1917016
-95.47 3.1916777
-95.46 3.1916538
-95.45 3.1916538
-95.44 3.1916299
-95.43 3.1916299
-95.42 3.191606
-95.41 3.1915821
-95.4 3.1915821
-95.39 3.1915582
-95.38 3.1915582
-95.37 3.1915343
-95.36 3.1915104
-95.35 3.1915104
-95.34 3.1914865
-95.33 3.1914865
-95.32 3.1914626
-95.31 3.1914626
-95.3 3.1914387
-95.29 3.1914148
-95.28 3.1914148
-95.27 3.1913909
-95.26 3.1913909
-95.25 3.191367
-95.24 3.191367
-95.23 3.1913431
-95.22 3.1913192
-95.21 3.1913192
-95.2 3.1912953
-95.19 3.1912953
-95.18 3.1912714
-95.17 3.1912714
-95.16 3.1912475
-95.15 3.1912475
-95.14 3.1912236
-95.13 3.1912236
-95.12 3.1911997
-95.11 3.1911758
-95.1 3.1911758
-95.09 3.1911519
-95.08 3.1911519
-95.07 3.191128
-95.06 3.191128
-95.05 3.1911041
-95.04 3.1911041
-95.03 3.1910802
-95.02 3.1910802
-95.01 3.1910563
-95.0 3.1910563
-94.99 3.1910324
-94.98 3.1910324
-94.97 3.1910085
-94.96 3.1910085
-94.95 3.1909846
-94.94 3.1909846
-94.93 3.1909607
-94.92 3.1909607
-94.91 3.1909368
-94.9 3.1909368
-94.89 3.1909129
-94.88 3.1909129
-94.87 3.190889
-94.86 3.190889
-94.85 3.1908651
-94.84 3.1908651
-94.83 3.1908412
-94.82 3.1908412
-94.81 3.1908173
-94.8 3.1908173
-94.79 3.1907934
-94.78 3.1907934
-94.77 3.1907695
-94.76 3.1907695
-94.75 3.1907695
-94.74 3.1907456
-94.73 3.1907456
-94.72 3.1907217
-94.71 3.1907217
-94.7 3.1906978
-94.69 3.1906978
-94.68 3.1906739
-94.67 3.1906739
-94.66 3.19065
-94.65 3.19065
-94.64 3.19065
-94.63 3.1906261
-94.62 3.1906261
-94.61 3.1906022
-94.6 3.1906022
-94.59 3.1905783
-94.58 3.1905783
-94.57 3.1905783
-94.56 3.1905544
-94.55 3.1905544
-94.54 3.1905305
-94.53 3.1905305
-94.52 3.1905066
-94.51 3.1905066
-94.5 3.1905066
-94.49 3.1904827
-94.48 3.1904827
-94.47 3.1904588
-94.46 3.1904588
-94.45 3.1904588
-94.44 3.1904349
-94.43 3.1904349
-94.42 3.190411
-94.41 3.190411
-94.4 3.190411
-94.39 3.1903871
-94.38 3.1903871
-94.37 3.1903632
-94.36 3.1903632
-94.35 3.1903632
-94.34 3.1903393
-94.33 3.1903393
-94.32 3.1903154
-94.31 3.1903154
-94.3 3.1903154
-94.29 3.1902915
-94.28 3.1902915
-94.27 3.1902915
-94.26 3.1902676
-94.25 3.1902676
-94.24 3.1902437
-94.23 3.1902437
-94.22 3.1902437
-94.21 3.1902198
-94.2 3.1902198
-94.19 3.1902198
-94.18 3.1901959
-94.17 3.1901959
-94.16 3.1901959
-94.15 3.190172
-94.14 3.190172
-94.13 3.190172
-94.12 3.1901481
-94.11 3.1901481
-94.1 3.1901481
-94.09 3.1901242
-94.08 3.1901242
-94.07 3.1901242
-94.06 3.1901003
-94.05 3.1901003
-94.04 3.1901003
-94.03 3.1900764
-94.02 3.1900764
-94.01 3.1900764
-94.0 3.1900525
-93.99 3.1900525
-93.98 3.1900525
-93.97 3.1900286
-93.96 3.1900286
-93.95 3.1900286
-93.94 3.1900286
-93.93 3.1900047
-93.92 3.1900047
-93.91 3.1900047
-93.9 3.1899808
-93.89 3.1899808
-93.88 3.1899808
-93.87 3.1899569
-93.86 3.1899569
-93.85 3.1899569
-93.84 3.1899569
-93.83 3.189933
-93.82 3.189933
-93.81 3.189933
-93.8 3.189933
-93.79 3.1899091
-93.78 3.1899091
-93.77 3.1899091
-93.76 3.1898852
-93.75 3.1898852
-93.74 3.1898852
-93.73 3.1898852
-93.72 3.1898613
-93.71 3.1898613
-93.7 3.1898613
-93.69 3.1898613
-93.68 3.1898374
-93.67 3.1898374
-93.66 3.1898374
-93.65 3.1898374
-93.64 3.1898135
-93.63 3.1898135
-93.62 3.1898135
-93.61 3.1898135
-93.6 3.1897896
-93.59 3.1897896
-93.58 3.1897896
-93.57 3.1897896
-93.56 3.1897896
-93.55 3.1897657
-93.54 3.1897657
-93.53 3.1897657
-93.52 3.1897657
-93.51 3.1897418
-93.5 3.1897418
-93.49 3.1897418
-93.48 3.1897418
-93.47 3.1897418
-93.46 3.1897179
-93.45 3.1897179
-93.44 3.1897179
-93.43 3.1897179
-93.42 3.1897179
-93.41 3.189694
-93.4 3.189694
-93.39 3.189694
-93.38 3.189694
-93.37 3.189694
-93.36 3.1896701
-93.35 3.1896701
-93.34 3.1896701
-93.33 3.1896701
-93.32 3.1896701
-93.31 3.1896701
-93.3 3.1896462
-93.29 3.1896462
-93.28 3.1896462
-93.27 3.1896462
-93.26 3.1896462
-93.25 3.1896462
-93.24 3.1896223
-93.23 3.1896223
-93.22 3.1896223
-93.21 3.1896223
-93.2 3.1896223
-93.19 3.1896223
-93.18 3.1896223
-93.17 3.1895984
-93.16 3.1895984
-93.15 3.1895984
-93.14 3.1895984
-93.13 3.1895984
-93.12 3.1895984
-93.11 3.1895984
-93.1 3.1895745
-93.09 3.1895745
-93.08 3.1895745
-93.07 3.1895745
-93.06 3.1895745
-93.05 3.1895745
-93.04 3.1895745
-93.03 3.1895745
-93.02 3.1895506
-93.01 3.1895506
-93.0 3.1895506
-92.99 3.1895506
-92.98 3.1895506
-92.97 3.1895506
-92.96 3.1895506
-92.95 3.1895506
-92.94 3.1895506
-92.93 3.1895506
-92.92 3.1895267
-92.91 3.1895267
-92.9 3.1895267
-92.89 3.1895267
-92.88 3.1895267
-92.87 3.1895267
-92.86 3.1895267
-92.85 3.1895267
-92.84 3.1895267
-92.83 3.1895267
-92.82 3.1895267
-92.81 3.1895267
-92.8 3.1895267
-92.79 3.1895028
-92.78 3.1895028
-92.77 3.1895028
-92.76 3.1895028
-92.75 3.1895028
-92.74 3.1895028
-92.73 3.1895028
-92.72 3.1895028
-92.71 3.1895028
-92.7 3.1895028
-92.69 3.1895028
-92.68 3.1895028
-92.67 3.1895028
-92.66 3.1895028
-92.65 3.1895028
-92.64 3.1895028
-92.63 3.1895028
-92.62 3.1895028
-92.61 3.1895028
-92.6 3.1895028
-92.59 3.1895028
-92.58 3.1895028
-92.57 3.1895028
-92.56 3.1895028
-92.55 3.1895028
-92.54 3.1895028
-92.53 3.1895028
-92.52 3.1895028
-92.51 3.1895028
-92.5 3.1895028
-92.49 3.1895028
-92.48 3.1895028
-92.47 3.1895028
-92.46 3.1895028
-92.45 3.1895028
-92.44 3.1895028
-92.43 3.1895028
-92.42 3.1895028
-92.41 3.1895028
-92.4 3.1895028
-92.39 3.1895028
-92.38 3.1895028
-92.37 3.1895028
-92.36 3.1895028
-92.35 3.1895028
-92.34 3.1895028
-92.33 3.1895028
-92.32 3.1895028
-92.31 3.1895028
-92.3 3.1895028
-92.29 3.1895028
-92.28 3.1895028
-92.27 3.1895028
-92.26 3.1895028
-92.25 3.1895028
-92.24 3.1895028
-92.23 3.1895028
-92.22 3.1895028
-92.21 3.1895028
-92.2 3.1895028
-92.19 3.1895028
-92.18 3.1895267
-92.17 3.1895267
-92.16 3.1895267
-92.15 3.1895267
-92.14 3.1895267
-92.13 3.1895267
-92.12 3.1895267
-92.11 3.1895267
-92.1 3.1895267
-92.09 3.1895267
-92.08 3.1895267
-92.07 3.1895267
-92.06 3.1895267
-92.05 3.1895506
-92.04 3.1895506
-92.03 3.1895506
-92.02 3.1895506
-92.01 3.1895506
-92.0 3.1895506
-91.99 3.1895506
-91.98 3.1895506
-91.97 3.1895506
-91.96 3.1895745
-91.95 3.1895745
-91.94 3.1895745
-91.93 3.1895745
-91.92 3.1895745
-91.91 3.1895745
-91.9 3.1895745
-91.89 3.1895745
-91.88 3.1895984
-91.87 3.1895984
-91.86 3.1895984
-91.85 3.1895984
-91.84 3.1895984
-91.83 3.1895984
-91.82 3.1895984
-91.81 3.1895984
-91.8 3.1896223
-91.79 3.1896223
-91.78 3.1896223
-91.77 3.1896223
-91.76 3.1896223
-91.75 3.1896223
-91.74 3.1896462
-91.73 3.1896462
-91.72 3.1896462
-91.71 3.1896462
-91.7 3.1896462
-91.69 3.1896462
-91.68 3.1896701
-91.67 3.1896701
-91.66 3.1896701
-91.65 3.1896701
-91.64 3.1896701
-91.63 3.1896701
-91.62 3.189694
-91.61 3.189694
-91.6 3.189694
-91.59 3.189694
-91.58 3.189694
-91.57 3.1897179
-91.56 3.1897179
-91.55 3.1897179
-91.54 3.1897179
-91.53 3.1897179
-91.52 3.1897418
-91.51 3.1897418
-91.5 3.1897418
-91.49 3.1897418
-91.48 3.1897418
-91.47 3.1897657
-91.46 3.1897657
-91.45 3.1897657
-91.44 3.1897657
-91.43 3.1897896
-91.42 3.1897896
-91.41 3.1897896
-91.4 3.1897896
-91.39 3.1898135
-91.38 3.1898135
-91.37 3.1898135
-91.36 3.1898135
-91.35 3.1898135
-91.34 3.1898374
-91.33 3.1898374
-91.32 3.1898374
-91.31 3.1898374
-91.3 3.1898613
-91.29 3.1898613
-91.28 3.1898613
-91.27 3.1898852
-91.26 3.1898852
-91.25 3.1898852
-91.24 3.1898852
-91.23 3.1899091
-91.22 3.1899091
-91.21 3.1899091
-91.2 3.1899091
-91.19 3.189933
-91.18 3.189933
-91.17 3.189933
-91.16 3.1899569
-91.15 3.1899569
-91.14 3.1899569
-91.13 3.1899569
-91.12 3.1899808
-91.11 3.1899808
-91.1 3.1899808
-91.09 3.1900047
-91.08 3.1900047
-91.07 3.1900047
-91.06 3.1900286
-91.05 3.1900286
-91.04 3.1900286
-91.03 3.1900286
-91.02 3.1900525
-91.01 3.1900525
-91.0 3.1900525
-90.99 3.1900764
-90.98 3.1900764
-90.97 3.1900764
-90.96 3.1901003
-90.95 3.1901003
-90.94 3.1901003
-90.93 3.1901242
-90.92 3.1901242
-90.91 3.1901242
-90.9 3.1901481
-90.89 3.1901481
-90.88 3.1901481
-90.87 3.190172
-90.86 3.190172
-90.85 3.1901959
-90.84 3.1901959
-90.83 3.1901959
-90.82 3.1902198
-90.81 3.1902198
-90.8 3.1902198
-90.79 3.1902437
-90.78 3.1902437
-90.77 3.1902437
-90.76 3.1902676
-90.75 3.1902676
-90.74 3.1902915
-90.73 3.1902915
-90.72 3.1902915
-90.71 3.1903154
-90.7 3.1903154
-90.69 3.1903393
-90.68 3.1903393
-90.67 3.1903393
-90.66 3.1903632
-90.65 3.1903632
-90.64 3.1903632
-90.63 3.1903871
-90.62 3.1903871
-90.61 3.190411
-90.6 3.190411
-90.59 3.1904349
-90.58 3.1904349
-90.57 3.1904349
-90.56 3.1904588
-90.55 3.1904588
-90.54 3.1904827
-90.53 3.1904827
-90.52 3.1904827
-90.51 3.1905066
-90.5 3.1905066
-90.49 3.1905305
-90.48 3.1905305
-90.47 3.1905544
-90.46 3.1905544
-90.45 3.1905783
-90.44 3.1905783
-90.43 3.1905783
-90.42 3.1906022
-90.41 3.1906022
-90.4 3.1906261
-90.39 3.1906261
-90.38 3.19065
-90.37 3.19065
-90.36 3.1906739
-90.35 3.1906739
-90.34 3.1906978
-90.33 3.1906978
-90.32 3.1907217
-90.31 3.1907217
-90.3 3.1907217
-90.29 3.1907456
-90.28 3.1907456
-90.27 3.1907695
-90.26 3.1907695
-90.25 3.1907934
-90.24 3.1907934
-90.23 3.1908173
-90.22 3.1908173
-90.21 3.1908412
-90.2 3.1908412
-90.19 3.1908651
-90.18 3.1908651
-90.17 3.190889
-90.16 3.190889
-90.15 3.1909129
-90.14 3.1909129
-90.13 3.1909368
-90.12 3.1909368
-90.11 3.1909607
-90.1 3.1909607
-90.09 3.1909846
-90.08 3.1910085
-90.07 3.1910085
-90.06 3.1910324
-90.05 3.1910324
-90.04 3.1910563
-90.03 3.1910563
-90.02 3.1910802
-90.01 3.1910802
-90.0 3.1911041
-89.99 3.1911041
-89.98 3.191128
-89.97 3.191128
-89.96 3.1911519
-89.95 3.1911758
-89.94 3.1911758
-89.93 3.1911997
-89.92 3.1911997
-89.91 3.1912236
-89.9 3.1912236
-89.89 3.1912475
-89.88 3.1912714
-89.87 3.1912714
-89.86 3.1912953
-89.85 3.1912953
-89.84 3.1913192
-89.83 3.1913192
-89.82 3.1913431
-89.81 3.191367
-89.8 3.191367
-89.79 3.1913909
-89.78 3.1913909
-89.77 3.1914148
-89.76 3.1914387
-89.75 3.1914387
-89.74 3.1914626
-89.73 3.1914626
-89.72 3.1914865
-89.71 3.1915104
-89.7 3.1915104
-89.69 3.1915343
-89.68 3.1915343
-89.67 3.1915582
-89.66 3.1915821
-89.65 3.1915821
-89.64 3.191606
-89.63 3.1916299
-89.62 3.1916299
-89.61 3.1916538
-89.6 3.1916538
-89.59 3.1916777
-89.58 3.1917016
-89.57 3.1917016
-89.56 3.1917255
-89.55 3.1917494
-89.54 3.1917494
-89.53 3.1917733
-89.52 3.1917972
-89.51 3.1917972
-89.5 3.1918211
-89.49 3.191845
-89.48 3.191845
-89.47 3.1918689
-89.46 3.1918928
-89.45 3.1918928
-89.44 3.1919167
-89.43 3.1919406
-89.42 3.1919406
-89.41 3.1919645
-89.4 3.1919884
-89.39 3.1919884
-89.38 3.1920123
-89.37 3.1920362
-89.36 3.1920362
-89.35 3.1920601
-89.34 3.192084
-89.33 3.192084
-89.32 3.1921079
-89.31 3.1921318
-89.3 3.1921557
-89.29 3.1921557
-89.28 3.1921796
-89.27 3.1922035
-89.26 3.1922035
-89.25 3.1922274
-89.24 3.1922513
-89.23 3.1922513
-89.22 3.1922752
-89.21 3.1922991
-89.2 3.192323
-89.19 3.192323
-89.18 3.1923469
-89.17 3.1923708
-89.16 3.1923947
-89.15 3.1923947
-89.14 3.1924186
-89.13 3.1924425
-89.12 3.1924664
-89.11 3.1924664
-89.1 3.1924903
-89.09 3.1925142
-89.08 3.1925381
-89.07 3.1925381
-89.06 3.192562
-89.05 3.1925859
-89.04 3.1926098
-89.03 3.1926098
-89.02 3.1926337
-89.01 3.1926576
-89.0 3.1926815
-88.99 3.1926815
-88.98 3.1927054
-88.97 3.1927293
-88.96 3.1927532
-88.95 3.1927532
-88.94 3.1927771
-88.93 3.192801
-88.92 3.1928249
-88.91 3.1928488
-88.9 3.1928488
-88.89 3.1928727
-88.88 3.1928966
-88.87 3.1929205
-88.86 3.1929444
-88.85 3.1929444
-88.84 3.1929683
-88.83 3.1929922
-88.82 3.1930161
-88.81 3.19304
-88.8 3.19304
-88.79 3.1930639
-88.78 3.1930878
-88.77 3.1931117
-88.76 3.1931356
-88.75 3.1931595
-88.74 3.1931595
-88.73 3.1931834
-88.72 3.1932073
-88.71 3.1932312
-88.7 3.1932551
-88.69 3.193279
-88.68 3.193279
-88.67 3.1933029
-88.66 3.1933268
-88.65 3.1933507
-88.64 3.1933746
-88.63 3.1933985
-88.62 3.1934224
-88.61 3.1934224
-88.6 3.1934463
-88.59 3.1934702
-88.58 3.1934941
-88.57 3.193518
-88.56 3.1935419
-88.55 3.1935658
-88.54 3.1935658
-88.53 3.1935897
-88.52 3.1936136
-88.51 3.1936375
-88.5 3.1936614
-88.49 3.1936853
-88.48 3.1937092
-88.47 3.1937331
-88.46 3.193757
-88.45 3.193757
-88.44 3.1937809
-88.43 3.1938048
-88.42 3.1938287
-88.41 3.1938526
-88.4 3.1938765
-88.39 3.1939004
-88.38 3.1939243
-88.37 3.1939482
-88.36 3.1939721
-88.35 3.193996
-88.34 3.193996
-88.33 3.1940199
-88.32 3.1940438
-88.31 3.1940677
-88.3 3.1940916
-88.29 3.1941155
-88.28 3.1941394
-88.27 3.1941633
-88.26 3.1941872
-88.25 3.1942111
-88.24 3.194235
-88.23 3.1942589
-88.22 3.1942828
-88.21 3.1943067
-88.2 3.1943306
-88.19 3.1943545
-88.18 3.1943545
-88.17 3.1943784
-88.16 3.1944023
-88.15 3.1944262
-88.14 3.1944501
-88.13 3.194474
-88.12 3.1944979
-88.11 3.1945218
-88.1 3.1945457
-88.09 3.1945696
-88.08 3.1945935
-88.07 3.1946174
-88.06 3.1946413
-88.05 3.1946652
-88.04 3.1946891
-88.03 3.194713
-88.02 3.1947369
-88.01 3.1947608
-88.0 3.1947847
-87.99 3.1948086
-87.98 3.1948325
-87.97 3.1948564
-87.96 3.1948803
-87.95 3.1949042
-87.94 3.1949281
-87.93 3.194952
-87.92 3.1949759
-87.91 3.1949998
-87.9 3.1950237
-87.89 3.1950476
-87.88 3.1950715
-87.87 3.1950954
-87.86 3.1951193
-87.85 3.1951432
-87.84 3.1951671
-87.83 3.195191
-87.82 3.1952149
-87.81 3.1952388
-87.8 3.1952866
-87.79 3.1953105
-87.78 3.1953344
-87.77 3.1953583
-87.76 3.1953822
-87.75 3.1954061
-87.74 3.19543
-87.73 3.1954539
-87.72 3.1954778
-87.71 3.1955017
-87.7 3.1955256
-87.69 3.1955495
-87.68 3.1955734
-87.67 3.1955973
-87.66 3.1956212
-87.65 3.1956451
-87.64 3.1956929
-87.63 3.1957168
-87.62 3.1957407
-87.61 3.1957646
-87.6 3.1957885
-87.59 3.1958124
-87.58 3.1958363
-87.57 3.1958602
-87.56 3.1958841
-87.55 3.195908
-87.54 3.1959319
-87.53 3.1959797
-87.52 3.1960036
-87.51 3.1960275
-87.5 3.1960514
-87.49 3.1960753
-87.48 3.1960992
-87.47 3.1961231
-87.46 3.196147
-87.45 3.1961709
-87.44 3.1962187
-87.43 3.1962426
-87.42 3.1962665
-87.41 3.1962904
-87.4 3.1963143
-87.39 3.1963382
-87.38 3.1963621
-87.37 3.1964099
-87.36 3.1964338
-87.35 3.1964577
-87.34 3.1964816
-87.33 3.1965055
-87.32 3.1965294
-87.31 3.1965533
-87.3 3.1966011
-87.29 3.196625
-87.28 3.1966489
-87.27 3.1966728
-87.26 3.1966967
-87.25 3.1967206
-87.24 3.1967684
-87.23 3.1967923
-87.22 3.1968162
-87.21 3.1968401
-87.2 3.196864
-87.19 3.1969118
-87.18 3.1969357
-87.17 3.1969596
-87.16 3.1969835
-87.15 3.1970074
-87.14 3.1970313
-87.13 3.1970791
-87.12 3.197103
-87.11 3.1971269
-87.1 3.1971508
-87.09 3.1971747
-87.08 3.1972225
-87.07 3.1972464
-87.06 3.1972703
-87.05 3.1972942
-87.04 3.197342
-87.03 3.1973659
-87.02 3.1973898
-87.01 3.1974137
-87.0 3.1974376
-86.99 3.1974854
-86.98 3.1975093
-86.97 3.1975332
-86.96 3.1975571
-86.95 3.1976049
-86.94 3.1976288
-86.93 3.1976527
-86.92 3.1976766
-86.91 3.1977244
-86.9 3.1977483
-86.89 3.1977722
-86.88 3.1977961
-86.87 3.1978439
-86.86 3.1978678
-86.85 3.1978917
-86.84 3.1979156
-86.83 3.1979634
-86.82 3.1979873
-86.81 3.1980112
-86.8 3.1980351
-86.79 3.1980829
-86.78 3.1981068
-86.77 3.1981307
-86.76 3.1981785
-86.75 3.1982024
-86.74 3.1982263
-86.73 3.1982502
-86.72 3.198298
-86.71 3.1983219
-86.7 3.1983458
-86.69 3.1983936
-86.68 3.1984175
-86.67 3.1984414
-86.66 3.1984892
-86.65 3.1985131
-86.64 3.198537
-86.63 3.1985609
-86.62 3.1986087
-86.61 3.1986326
-86.6 3.1986565
-86.59 3.1987043
-86.58 3.1987282
-86.57 3.1987521
-86.56 3.1987999
-86.55 3.1988238
-86.54 3.1988477
-86.53 3.1988955
-86.52 3.1989194
-86.51 3.1989433
-86.5 3.1989911
-86.49 3.199015
-86.48 3.1990389
-86.47 3.1990867
-86.46 3.1991106
-86.45 3.1991345
-86.44 3.1991823
-86.43 3.1992062
-86.42 3.199254
-86.41 3.1992779
-86.4 3.1993018
-86.39 3.1993496
-86.38 3.1993735
-86.37 3.1993974
-86.36 3.1994452
-86.35 3.1994691
-86.34 3.199493
-86.33 3.1995408
-86.32 3.1995647
-86.31 3.1996125
-86.3 3.1996364
-86.29 3.1996603
-86.28 3.1997081
-86.27 3.199732
-86.26 3.1997798
-86.25 3.1998037
-86.24 3.1998276
-86.23 3.1998754
-86.22 3.1998993
-86.21 3.1999471
-86.2 3.199971
-86.19 3.1999949
-86.18 3.2000427
-86.17 3.2000666
-86.16 3.2001144
-86.15 3.2001383
-86.14 3.2001861
-86.13 3.20021
-86.12 3.2002339
-86.11 3.2002817
-86.1 3.2003056
-86.09 3.2003534
-86.08 3.2003773
-86.07 3.2004251
-86.06 3.200449
-86.05 3.2004729
-86.04 3.2005207
-86.03 3.2005446
-86.02 3.2005924
-86.01 3.2006163
-86.0 3.2006641
-85.99 3.200688
-85.98 3.2007358
-85.97 3.2007597
-85.96 3.2008075
-85.95 3.2008314
-85.94 3.2008553
-85.93 3.2009031
-85.92 3.200927
-85.91 3.2009748
-85.9 3.2009987
-85.89 3.2010465
-85.88 3.2010704
-85.87 3.2011182
-85.86 3.2011421
-85.85 3.2011899
-85.84 3.2012138
-85.83 3.2012616
-85.82 3.2012855
-85.81 3.2013333
-85.8 3.2013572
-85.79 3.201405
-85.78 3.2014289
-85.77 3.2014767
-85.76 3.2015006
-85.75 3.2015484
-85.74 3.2015723
-85.73 3.2016201
-85.72 3.201644
-85.71 3.2016918
-85.7 3.2017157
-85.69 3.2017635
-85.68 3.2017874
-85.67 3.2018352
-85.66 3.201883
-85.65 3.2019069
-85.64 3.2019547
-85.63 3.2019786
-85.62 3.2020264
-85.61 3.2020503
-85.6 3.2020981
-85.59 3.202122
-85.58 3.2021698
-85.57 3.2021937
-85.56 3.2022415
-85.55 3.2022893
-85.54 3.2023132
-85.53 3.202361
-85.52 3.2023849
-85.51 3.2024327
-85.5 3.2024566
-85.49 3.2025044
-85.48 3.2025522
-85.47 3.2025761
-85.46 3.2026239
-85.45 3.2026478
-85.44 3.2026956
-85.43 3.2027195
-85.42 3.2027673
-85.41 3.2028151
-85.4 3.202839
-85.39 3.2028868
-85.38 3.2029107
-85.37 3.2029585
-85.36 3.2030063
-85.35 3.2030302
-85.34 3.203078
-85.33 3.2031019
-85.32 3.2031497
-85.31 3.2031975
-85.3 3.2032214
-85.29 3.2032692
-85.28 3.203317
-85.27 3.2033409
-85.26 3.2033887
-85.25 3.2034126
-85.24 3.2034604
-85.23 3.2035082
-85.22 3.2035321
-85.21 3.2035799
-85.2 3.2036277
-85.19 3.2036516
-85.18 3.2036994
-85.17 3.2037233
-85.16 3.2037711
-85.15 3.2038189
-85.14 3.2038428
-85.13 3.2038906
-85.12 3.2039384
-85.11 3.2039623
-85.1 3.2040101
-85.09 3.2040579
-85.08 3.2040818
-85.07 3.2041296
-85.06 3.2041774
-85.05 3.2042013
-85.04 3.2042491
-85.03 3.2042969
-85.02 3.2043208
-85.01 3.2043686
-85.0 3.2044164
-84.99 3.2044642
-84.98 3.2044881
-84.97 3.2045359
-84.96 3.2045837
-84.95 3.2046076
-84.94 3.2046554
-84.93 3.2047032
-84.92 3.2047271
-84.91 3.2047749
-84.9 3.2048227
-84.89 3.2048466
-84.88 3.2048944
-84.87 3.2049422
-84.86 3.20499
-84.85 3.2050139
-84.84 3.2050617
-84.83 3.2051095
-84.82 3.2051573
-84.81 3.2051812
-84.8 3.205229
-84.79 3.2052768
-84.78 3.2053007
-84.77 3.2053485
-84.76 3.2053963
-84.75 3.2054441
-84.74 3.205468
-84.73 3.2055158
-84.72 3.2055636
-84.71 3.2056114
-84.7 3.2056353
-84.69 3.2056831
-84.68 3.2057309
-84.67 3.2057787
-84.66 3.2058026
-84.65 3.2058504
-84.64 3.2058982
-84.63 3.205946
-84.62 3.2059699
-84.61 3.2060177
-84.6 3.2060655
-84.59 3.2061133
-84.58 3.2061611
-84.57 3.206185
-84.56 3.2062328
-84.55 3.2062806
-84.54 3.2063284
-84.53 3.2063762
-84.52 3.2064001
-84.51 3.2064479
-84.5 3.2064957
-84.49 3.2065435
-84.48 3.2065913
-84.47 3.2066152
-84.46 3.206663
-84.45 3.2067108
-84.44 3.2067586
-84.43 3.2068064
-84.42 3.2068303
-84.41 3.2068781
-84.4 3.2069259
-84.39 3.2069737
-84.38 3.2070215
-84.37 3.2070454
-84.36 3.2070932
-84.35 3.207141
-84.34 3.2071888
-84.33 3.2072366
-84.32 3.2072844
-84.31 3.2073083
-84.3 3.2073561
-84.29 3.2074039
-84.28 3.2074517
-84.27 3.2074995
-84.26 3.2075473
-84.25 3.2075951
-84.24 3.207619
-84.23 3.2076668
-84.22 3.2077146
-84.21 3.2077624
-84.2 3.2078102
-84.19 3.207858
-84.18 3.2079058
-84.17 3.2079297
-84.16 3.2079775
-84.15 3.2080253
-84.14 3.2080731
-84.13 3.2081209
-84.12 3.2081687
-84.11 3.2082165
-84.1 3.2082643
-84.09 3.2083121
-84.08 3.208336
-84.07 3.2083838
-84.06 3.2084316
-84.05 3.2084794
-84.04 3.2085272
-84.03 3.208575
-84.02 3.2086228
-84.01 3.2086706
-84.0 3.2087184
-83.99 3.2087662
-83.98 3.2087901
-83.97 3.2088379
-83.96 3.2088857
-83.95 3.2089335
-83.94 3.2089813
-83.93 3.2090291
-83.92 3.2090769
-83.91 3.2091247
-83.9 3.2091725
-83.89 3.2092203
-83.88 3.2092681
-83.87 3.2093159
-83.86 3.2093637
-83.85 3.2094115
-83.84 3.2094593
-83.83 3.2094832
-83.82 3.209531
-83.81 3.2095788
-83.8 3.2096266
-83.79 3.2096744
-83.78 3.2097222
-83.77 3.20977
-83.76 3.2098178
-83.75 3.2098656
-83.74 3.2099134
-83.73 3.2099612
-83.72 3.210009
-83.71 3.2100568
-83.7 3.2101046
-83.69 3.2101524
-83.68 3.2102002
-83.67 3.210248
-83.66 3.2102958
-83.65 3.2103436
-83.64 3.2103914
-83.63 3.2104392
-83.62 3.210487
-83.61 3.2105348
-83.6 3.2105826
-83.59 3.2106304
-83.58 3.2106782
-83.57 3.210726
-83.56 3.2107738
-83.55 3.2108216
-83.54 3.2108694
-83.53 3.2109172
-83.52 3.210965
-83.51 3.2110128
-83.5 3.2110606
-83.49 3.2111084
-83.48 3.2111562
-83.47 3.211204
-83.46 3.2112518
-83.45 3.2112996
-83.44 3.2113474
-83.43 3.2113952
-83.42 3.211443
-83.41 3.2114908
-83.4 3.2115386
-83.39 3.2115864
-83.38 3.2116342
-83.37 3.2117059
-83.36 3.2117537
-83.35 3.2118015
-83.34 3.2118493
-83.33 3.2118971
-83.32 3.2119449
-83.31 3.2119927
-83.3 3.2120405
-83.29 3.2120883
-83.28 3.2121361
-83.27 3.2121839
-83.26 3.2122317
-83.25 3.2122795
-83.24 3.2123273
-83.23 3.2123751
-83.22 3.2124468
-83.21 3.2124946
-83.2 3.2125424
-83.19 3.2125902
-83.18 3.212638
-83.17 3.2126858
-83.16 3.2127336
-83.15 3.2127814
-83.14 3.2128292
-83.13 3.212877
-83.12 3.2129487
-83.11 3.2129965
-83.1 3.2130443
-83.09 3.2130921
-83.08 3.2131399
-83.07 3.2131877
-83.06 3.2132355
-83.05 3.2132833
-83.04 3.2133311
-83.03 3.2134028
-83.02 3.2134506
-83.01 3.2134984
-83.0 3.2135462
-82.99 3.213594
-82.98 3.2136418
-82.97 3.2136896
-82.96 3.2137613
-82.95 3.2138091
-82.94 3.2138569
-82.93 3.2139047
-82.92 3.2139525
-82.91 3.2140003
-82.9 3.2140481
-82.89 3.2141198
-82.88 3.2141676
-82.87 3.2142154
-82.86 3.2142632
-82.85 3.214311
-82.84 3.2143588
-82.83 3.2144305
-82.82 3.2144783
-82.81 3.2145261
-82.8 3.2145739
-82.79 3.2146217
-82.78 3.2146695
-82.77 3.2147412
-82.76 3.214789
-82.75 3.2148368
-82.74 3.2148846
-82.73 3.2149324
-82.72 3.2150041
-82.71 3.2150519
-82.7 3.2150997
-82.69 3.2151475
-82.68 3.2151953
-82.67 3.215267
-82.66 3.2153148
-82.65 3.2153626
-82.64 3.2154104
-82.63 3.2154582
-82.62 3.2155299
-82.61 3.2155777
-82.6 3.2156255
-82.59 3.2156733
-82.58 3.215745
-82.57 3.2157928
-82.56 3.2158406
-82.55 3.2158884
-82.54 3.2159601
-82.53 3.2160079
-82.52 3.2160557
-82.51 3.2161035
-82.5 3.2161513
-82.49 3.216223
-82.48 3.2162708
-82.47 3.2163186
-82.46 3.2163664
-82.45 3.2164381
-82.44 3.2164859
-82.43 3.2165337
-82.42 3.2165815
-82.41 3.2166532
-82.4 3.216701
-82.39 3.2167488
-82.38 3.2168205
-82.37 3.2168683
-82.36 3.2169161
-82.35 3.2169639
-82.34 3.2170356
-82.33 3.2170834
-82.32 3.2171312
-82.31 3.2172029
-82.3 3.2172507
-82.29 3.2172985
-82.28 3.2173463
-82.27 3.217418
-82.26 3.2174658
-82.25 3.2175136
-82.24 3.2175853
-82.23 3.2176331
-82.22 3.2176809
-82.21 3.2177287
-82.2 3.2178004
-82.19 3.2178482
-82.18 3.217896
-82.17 3.2179677
-82.16 3.2180155
-82.15 3.2180633
-82.14 3.218135
-82.13 3.2181828
-82.12 3.2182306
-82.11 3.2183023
-82.1 3.2183501
-82.09 3.2183979
-82.08 3.2184696
-82.07 3.2185174
-82.06 3.2185652
-82.05 3.2186369
-82.04 3.2186847
-82.03 3.2187325
-82.02 3.2188042
-82.01 3.218852
-82.0 3.2188998
-81.99 3.2189715
-81.98 3.2190193
-81.97 3.2190671
-81.96 3.2191388
-81.95 3.2191866
-81.94 3.2192583
-81.93 3.2193061
-81.92 3.2193539
-81.91 3.2194256
-81.9 3.2194734
-81.89 3.2195212
-81.88 3.2195929
-81.87 3.2196407
-81.86 3.2197124
-81.85 3.2197602
-81.84 3.219808
-81.83 3.2198797
-81.82 3.2199275
-81.81 3.2199992
-81.8 3.220047
-81.79 3.2200948
-81.78 3.2201665
-81.77 3.2202143
-81.76 3.220286
-81.75 3.2203338
-81.74 3.2203816
-81.73 3.2204533
-81.72 3.2205011
-81.71 3.2205728
-81.7 3.2206206
-81.69 3.2206684
-81.68 3.2207401
-81.67 3.2207879
-81.66 3.2208596
-81.65 3.2209074
-81.64 3.2209791
-81.63 3.2210269
-81.62 3.2210747
-81.61 3.2211464
-81.6 3.2211942
-81.59 3.2212659
-81.58 3.2213137
-81.57 3.2213854
-81.56 3.2214332
-81.55 3.2215049
-81.54 3.2215527
-81.53 3.2216005
-81.52 3.2216722
-81.51 3.22172
-81.5 3.2217917
-81.49 3.2218395
-81.48 3.2219112
-81.47 3.221959
-81.46 3.2220307
-81.45 3.2220785
-81.44 3.2221502
-81.43 3.222198
-81.42 3.2222697
-81.41 3.2223175
-81.4 3.2223892
-81.39 3.222437
-81.38 3.2224848
-81.37 3.2225565
-81.36 3.2226043
-81.35 3.222676
-81.34 3.2227238
-81.33 3.2227955
-81.32 3.2228433
-81.31 3.222915
-81.3 3.2229628
-81.29 3.2230345
-81.28 3.2230823
-81.27 3.223154
-81.26 3.2232018
-81.25 3.2232735
-81.24 3.2233452
-81.23 3.223393
-81.22 3.2234647
-81.21 3.2235125
-81.2 3.2235842
-81.19 3.223632
-81.18 3.2237037
-81.17 3.2237515
-81.16 3.2238232
-81.15 3.223871
-81.14 3.2239427
-81.13 3.2239905
-81.12 3.2240622
-81.11 3.22411
-81.1 3.2241817
-81.09 3.2242534
-81.08 3.2243012
-81.07 3.2243729
-81.06 3.2244207
-81.05 3.2244924
-81.04 3.2245402
-81.03 3.2246119
-81.02 3.2246597
-81.01 3.2247314
-81.0 3.2248031
-80.99 3.2248509
-80.98 3.2249226
-80.97 3.2249704
-80.96 3.2250421
-80.95 3.2250899
-80.94 3.2251616
-80.93 3.2252333
-80.92 3.2252811
-80.91 3.2253528
-80.9 3.2254006
-80.89 3.2254723
-80.88 3.225544
-80.87 3.2255918
-80.86 3.2256635
-80.85 3.2257113
-80.84 3.225783
-80.83 3.2258547
-80.82 3.2259025
-80.81 3.2259742
-80.8 3.226022
-80.79 3.2260937
-80.78 3.2261654
-80.77 3.2262132
-80.76 3.2262849
-80.75 3.2263327
-80.74 3.2264044
-80.73 3.2264761
-80.72 3.2265239
-80.71 3.2265956
-80.7 3.2266673
-80.69 3.2267151
-80.68 3.2267868
-80.67 3.2268346
-80.66 3.2269063
-80.65 3.226978
-80.64 3.2270258
-80.63 3.2270975
-80.62 3.2271692
-80.61 3.227217
-80.6 3.2272887
-80.59 3.2273604
-80.58 3.2274082
-80.57 3.2274799
-80.56 3.2275516
-80.55 3.2275994
-80.54 3.2276711
-80.53 3.2277428
-80.52 3.2277906
-80.51 3.2278623
-80.5 3.227934
-80.49 3.2279818
-80.48 3.2280535
-80.47 3.2281252
-80.46 3.228173
-80.45 3.2282447
-80.44 3.2283164
-80.43 3.2283642
-80.42 3.2284359
-80.41 3.2285076
-80.4 3.2285554
-80.39 3.2286271
-80.38 3.2286988
-80.37 3.2287705
-80.36 3.2288183
-80.35 3.22889
-80.34 3.2289617
-80.33 3.2290095
-80.32 3.2290812
-80.31 3.2291529
-80.3 3.2292007
-80.29 3.2292724
-80.28 3.2293441
-80.27 3.2294158
-80.26 3.2294636
-80.25 3.2295353
-80.24 3.229607
-80.23 3.2296787
-80.22 3.2297265
-80.21 3.2297982
-80.2 3.2298699
-80.19 3.2299177
-80.18 3.2299894
-80.17 3.2300611
-80.16 3.2301328
-80.15 3.2301806
-80.14 3.2302523
-80.13 3.230324
-80.12 3.2303957
-80.11 3.2304435
-80.1 3.2305152
-80.09 3.2305869
-80.08 3.2306586
-80.07 3.2307064
-80.06 3.2307781
-80.05 3.2308498
-80.04 3.2309215
-80.03 3.2309932
-80.02 3.231041
-80.01 3.2311127
-80.0 3.2311844
-79.99 3.2312561
-79.98 3.2313039
-79.97 3.2313756
-79.96 3.2314473
-79.95 3.231519
-79.94 3.2315907
-79.93 3.2316385
-79.92 3.2317102
-79.91 3.2317819
-79.9 3.2318536
-79.89 3.2319253
-79.88 3.2319731
-79.87 3.2320448
-79.86 3.2321165
-79.85 3.2321882
-79.84 3.2322599
-79.83 3.2323077
-79.82 3.2323794
-79.81 3.2324511
-79.8 3.2325228
-79.79 3.2325945
-79.78 3.2326423
-79.77 3.232714
-79.76 3.2327857
-79.75 3.2328574
-79.74 3.2329291
-79.73 3.2330008
-79.72 3.2330486
-79.71 3.2331203
-79.7 3.233192
-79.69 3.2332637
-79.68 3.2333354
-79.67 3.2334071
-79.66 3.2334549
-79.65 3.2335266
-79.64 3.2335983
-79.63 3.23367
-79.62 3.2337417
-79.61 3.2338134
-79.6 3.2338851
-79.59 3.2339329
-79.58 3.2340046
-79.57 3.2340763
-79.56 3.234148
-79.55 3.2342197
-79.54 3.2342914
-79.53 3.2343631
-79.52 3.2344348
-79.51 3.2344826
-79.5 3.2345543
-79.49 3.234626
-79.48 3.2346977
-79.47 3.2347694
-79.46 3.2348411
-79.45 3.2349128
-79.44 3.2349845
-79.43 3.2350323
-79.42 3.235104
-79.41 3.2351757
-79.4 3.2352474
-79.39 3.2353191
-79.38 3.2353908
-79.37 3.2354625
-79.36 3.2355342
-79.35 3.2356059
-79.34 3.2356776
-79.33 3.2357493
-79.32 3.2357971
-79.31 3.2358688
-79.3 3.2359405
-79.29 3.2360122
-79.28 3.2360839
-79.27 3.2361556
-79.26 3.2362273
-79.25 3.236299
-79.24 3.2363707
-79.23 3.2364424
-79.22 3.2365141
-79.21 3.2365858
-79.2 3.2366575
-79.19 3.2367053
-79.18 3.236777
-79.17 3.2368487
-79.16 3.2369204
-79.15 3.2369921
-79.14 3.2370638
-79.13 3.2371355
-79.12 3.2372072
-79.11 3.2372789
-79.1 3.2373506
-79.09 3.2374223
-79.08 3.237494
-79.07 3.2375657
-79.06 3.2376374
-79.05 3.2377091
-79.04 3.2377808
-79.03 3.2378525
-79.02 3.2379242
-79.01 3.2379959
-79.0 3.2380676
-78.99 3.2381393
-78.98 3.238211
-78.97 3.2382827
-78.96 3.2383544
-78.95 3.2384261
-78.94 3.2384978
-78.93 3.2385695
-78.92 3.2386412
-78.91 3.2387129
-78.9 3.2387846
-78.89 3.2388563
-78.88 3.238928
-78.87 3.2389997
-78.86 3.2390714
-78.85 3.2391431
-78.84 3.2392148
-78.83 3.2392865
-78.82 3.2393582
-78.81 3.2394299
-78.8 3.2395016
-78.79 3.2395733
-78.78 3.239645
-78.77 3.2397167
-78.76 3.2397884
-78.75 3.2398601
-78.74 3.2399318
-78.73 3.2400035
-78.72 3.2400752
-78.71 3.2401469
-78.7 3.2402186
-78.69 3.2402903
-78.68 3.240362
-78.67 3.2404337
-78.66 3.2405054
-78.65 3.2405771
-78.64 3.2406488
-78.63 3.2407205
-78.62 3.2407922
-78.61 3.2408639
-78.6 3.2409595
-78.59 3.2410312
-78.58 3.2411029
-78.57 3.2411746
-78.56 3.2412463
-78.55 3.241318
-78.54 3.2413897
-78.53 3.2414614
-78.52 3.2415331
-78.51 3.2416048
-78.5 3.2416765
-78.49 3.2417482
-78.48 3.2418199
-78.47 3.2418916
-78.46 3.2419872
-78.45 3.2420589
-78.44 3.2421306
-78.43 3.2422023
-78.42 3.242274
-78.41 3.2423457
-78.4 3.2424174
-78.39 3.2424891
-78.38 3.2425608
-78.37 3.2426325
-78.36 3.2427281
-78.35 3.2427998
-78.34 3.2428715
-78.33 3.2429432
-78.32 3.2430149
-78.31 3.2430866
-78.3 3.2431583
-78.29 3.24323
-78.28 3.2433017
-78.27 3.2433973
-78.26 3.243469
-78.25 3.2435407
-78.24 3.2436124
-78.23 3.2436841
-78.22 3.2437558
-78.21 3.2438275
-78.2 3.2438992
-78.19 3.2439948
-78.18 3.2440665
-78.17 3.2441382
-78.16 3.2442099
-78.15 3.2442816
-78.14 3.2443533
-78.13 3.244425
-78.12 3.2445206
-78.11 3.2445923
-78.1 3.244664
-78.09 3.2447357
-78.08 3.2448074
-78.07 3.2448791
-78.06 3.2449747
-78.05 3.2450464
-78.04 3.2451181
-78.03 3.2451898
-78.02 3.2452615
-78.01 3.2453332
-78.0 3.2454288
-77.99 3.2455005
-77.98 3.2455722
-77.97 3.2456439
-77.96 3.2457156
-77.95 3.2457873
-77.94 3.2458829
-77.93 3.2459546
-77.92 3.2460263
-77.91 3.246098
-77.9 3.2461697
-77.89 3.2462653
-77.88 3.246337
-77.87 3.2464087
-77.86 3.2464804
-77.85 3.2465521
-77.84 3.2466477
-77.83 3.2467194
-77.82 3.2467911
-77.81 3.2468628
-77.8 3.2469345
-77.79 3.2470301
-77.78 3.2471018
-77.77 3.2471735
-77.76 3.2472452
-77.75 3.2473408
-77.74 3.2474125
-77.73 3.2474842
-77.72 3.2475559
-77.71 3.2476276
-77.7 3.2477232
-77.69 3.2477949
-77.68 3.2478666
-77.67 3.2479383
-77.66 3.2480339
-77.65 3.2481056
-77.64 3.2481773
-77.63 3.248249
-77.62 3.2483446
-77.61 3.2484163
-77.6 3.248488
-77.59 3.2485597
-77.58 3.2486553
-77.57 3.248727
-77.56 3.2487987
-77.55 3.2488704
-77.54 3.248966
-77.53 3.2490377
-77.52 3.2491094
-77.51 3.2491811
-77.5 3.2492767
-77.49 3.2493484
-77.48 3.2494201
-77.47 3.2495157
-77.46 3.2495874
-77.45 3.2496591
-77.44 3.2497308
-77.43 3.2498264
-77.42 3.2498981
-77.41 3.2499698
-77.4 3.2500654
-77.39 3.2501371
-77.38 3.2502088
-77.37 3.2502805
-77.36 3.2503761
-77.35 3.2504478
-77.34 3.2505195
-77.33 3.2506151
-77.32 3.2506868
-77.31 3.2507585
-77.3 3.2508541
-77.29 3.2509258
-77.28 3.2509975
-77.27 3.2510931
-77.26 3.2511648
-77.25 3.2512365
-77.24 3.2513082
-77.23 3.2514038
-77.22 3.2514755
-77.21 3.2515472
-77.2 3.2516428
-77.19 3.2517145
-77.18 3.2517862
-77.17 3.2518818
-77.16 3.2519535
-77.15 3.2520252
-77.14 3.2521208
-77.13 3.2521925
-77.12 3.2522642
-77.11 3.2523598
-77.1 3.2524315
-77.09 3.2525032
-77.08 3.2525988
-77.07 3.2526705
-77.06 3.2527661
-77.05 3.2528378
-77.04 3.2529095
-77.03 3.2530051
-77.02 3.2530768
-77.01 3.2531485
-77.0 3.2532441
-76.99 3.2533158
-76.98 3.2533875
-76.97 3.2534831
-76.96 3.2535548
-76.95 3.2536504
-76.94 3.2537221
-76.93 3.2537938
-76.92 3.2538894
-76.91 3.2539611
-76.9 3.2540328
-76.89 3.2541284
-76.88 3.2542001
-76.87 3.2542957
-76.86 3.2543674
-76.85 3.2544391
-76.84 3.2545347
-76.83 3.2546064
-76.82 3.254702
-76.81 3.2547737
-76.8 3.2548454
-76.79 3.254941
-76.78 3.2550127
-76.77 3.2551083
-76.76 3.25518
-76.75 3.2552517
-76.74 3.2553473
-76.73 3.255419
-76.72 3.2555146
-76.71 3.2555863
-76.7 3.255658
-76.69 3.2557536
-76.68 3.2558253
-76.67 3.2559209
-76.66 3.2559926
-76.65 3.2560882
-76.64 3.2561599
-76.63 3.2562316
-76.62 3.2563272
-76.61 3.2563989
-76.6 3.2564945
-76.59 3.2565662
-76.58 3.2566618
-76.57 3.2567335
-76.56 3.2568291
-76.55 3.2569008
-76.54 3.2569725
-76.53 3.2570681
-76.52 3.2571398
-76.51 3.2572354
-76.5 3.2573071
-76.49 3.2574027
-76.48 3.2574744
-76.47 3.25757
-76.46 3.2576417
-76.45 3.2577373
-76.44 3.257809
-76.43 3.2578807
-76.42 3.2579763
-76.41 3.258048
-76.4 3.2581436
-76.39 3.2582153
-76.38 3.2583109
-76.37 3.2583826
-76.36 3.2584782
-76.35 3.2585499
-76.34 3.2586455
-76.33 3.2587172
-76.32 3.2588128
-76.31 3.2588845
-76.3 3.2589801
-76.29 3.2590518
-76.28 3.2591474
-76.27 3.2592191
-76.26 3.2593147
-76.25 3.2593864
-76.24 3.259482
-76.23 3.2595537
-76.22 3.2596493
-76.21 3.259721
-76.2 3.2598166
-76.19 3.2598883
-76.18 3.2599839
-76.17 3.2600556
-76.16 3.2601512
-76.15 3.2602229
-76.14 3.2603185
-76.13 3.2603902
-76.12 3.2604858
-76.11 3.2605575
-76.1 3.2606531
-76.09 3.2607248
-76.08 3.2608204
-76.07 3.260916
-76.06 3.2609877
-76.05 3.2610833
-76.04 3.261155
-76.03 3.2612506
-76.02 3.2613223
-76.01 3.2614179
-76.0 3.2614896
-75.99 3.2615852
-75.98 3.2616569
-75.97 3.2617525
-75.96 3.2618242
-75.95 3.2619198
-75.94 3.2620154
-75.93 3.2620871
-75.92 3.2621827
-75.91 3.2622544
-75.9 3.26235
-75.89 3.2624217
-75.88 3.2625173
-75.87 3.2626129
-75.86 3.2626846
-75.85 3.2627802
-75.84 3.2628519
-75.83 3.2629475
-75.82 3.2630192
-75.81 3.2631148
-75.8 3.2632104
-75.79 3.2632821
-75.78 3.2633777
-75.77 3.2634494
-75.76 3.263545
-75.75 3.2636167
-75.74 3.2637123
-75.73 3.2638079
-75.72 3.2638796
-75.71 3.2639752
-75.7 3.2640469
-75.69 3.2641425
-75.68 3.2642381
-75.67 3.2643098
-75.66 3.2644054
-75.65 3.2644771
-75.64 3.2645727
-75.63 3.2646683
-75.62 3.26474
-75.61 3.2648356
-75.6 3.2649312
-75.59 3.2650029
-75.58 3.2650985
-75.57 3.2651702
-75.56 3.2652658
-75.55 3.2653614
-75.54 3.2654331
-75.53 3.2655287
-75.52 3.2656243
-75.51 3.265696
-75.5 3.2657916
-75.49 3.2658633
-75.48 3.2659589
-75.47 3.2660545
-75.46 3.2661262
-75.45 3.2662218
-75.44 3.2663174
-75.43 3.2663891
-75.42 3.2664847
-75.41 3.2665803
-75.4 3.266652
-75.39 3.2667476
-75.38 3.2668432
-75.37 3.2669149
-75.36 3.2670105
-75.35 3.2670822
-75.34 3.2671778
-75.33 3.2672734
-75.32 3.2673451
-75.31 3.2674407
-75.3 3.2675363
-75.29 3.267608
-75.28 3.2677036
-75.27 3.2677992
-75.26 3.2678948
-75.25 3.2679665
-75.24 3.2680621
-75.23 3.2681577
-75.22 3.2682294
-75.21 3.268325
-75.2 3.2684206
-75.19 3.2684923
-75.18 3.2685879
-75.17 3.2686835
-75.16 3.2687552
-75.15 3.2688508
-75.14 3.2689464
-75.13 3.2690181
-75.12 3.2691137
-75.11 3.2692093
-75.1 3.2693049
-75.09 3.2693766
-75.08 3.2694722
-75.07 3.2695678
-75.06 3.2696395
-75.05 3.2697351
-75.04 3.2698307
-75.03 3.2699024
-75.02 3.269998
-75.01 3.2700936
-75.0 3.2701892
-74.99 3.2702609
-74.98 3.2703565
-74.97 3.2704521
-74.96 3.2705477
-74.95 3.2706194
-74.94 3.270715
-74.93 3.2708106
-74.92 3.2708823
-74.91 3.2709779
-74.9 3.2710735
-74.89 3.2711691
-74.88 3.2712408
-74.87 3.2713364
-74.86 3.271432
-74.85 3.2715276
-74.84 3.2715993
-74.83 3.2716949
-74.82 3.2717905
-74.81 3.2718861
-74.8 3.2719578
-74.79 3.2720534
-74.78 3.272149
-74.77 3.2722446
-74.76 3.2723163
-74.75 3.2724119
-74.74 3.2725075
-74.73 3.2726031
-74.72 3.2726748
-74.71 3.2727704
-74.7 3.272866
-74.69 3.2729616
-74.68 3.2730572
-74.67 3.2731289
-74.66 3.2732245
-74.65 3.2733201
-74.64 3.2734157
-74.63 3.2734874
-74.62 3.273583
-74.61 3.2736786
-74.6 3.2737742
-74.59 3.2738698
-74.58 3.2739415
-74.57 3.2740371
-74.56 3.2741327
-74.55 3.2742283
-74.54 3.2743239
-74.53 3.2743956
-74.52 3.2744912
-74.51 3.2745868
-74.5 3.2746824
-74.49 3.274778
-74.48 3.2748497
-74.47 3.2749453
-74.46 3.2750409
-74.45 3.2751365
-74.44 3.2752321
-74.43 3.2753038
-74.42 3.2753994
-74.41 3.275495
-74.4 3.2755906
-74.39 3.2756862
-74.38 3.2757818
-74.37 3.2758535
-74.36 3.2759491
-74.35 3.2760447
-74.34 3.2761403
-74.33 3.2762359
-74.32 3.2763076
-74.31 3.2764032
-74.3 3.2764988
-74.29 3.2765944
-74.28 3.27669
-74.27 3.2767856
-74.26 3.2768812
-74.25 3.2769529
-74.24 3.2770485
-74.23 3.2771441
-74.22 3.2772397
-74.21 3.2773353
-74.2 3.2774309
-74.19 3.2775026
-74.18 3.2775982
-74.17 3.2776938
-74.16 3.2777894
-74.15 3.277885
-74.14 3.2779806
-74.13 3.2780762
-74.12 3.2781479
-74.11 3.2782435
-74.1 3.2783391
-74.09 3.2784347
-74.08 3.2785303
-74.07 3.2786259
-74.06 3.2787215
-74.05 3.2788171
-74.04 3.2788888
-74.03 3.2789844
-74.02 3.27908
-74.01 3.2791756
-74.0 3.2792712
-73.99 3.2793668
-73.98 3.2794624
-73.97 3.279558
-73.96 3.2796536
-73.95 3.2797253
-73.94 3.2798209
-73.93 3.2799165
-73.92 3.2800121
-73.91 3.2801077
-73.9 3.2802033
-73.89 3.2802989
-73.88 3.2803945
-73.87 3.2804901
-73.86 3.2805857
-73.85 3.2806574
-73.84 3.280753
-73.83 3.2808486
-73.82 3.2809442
-73.81 3.2810398
-73.8 3.2811354
-73.79 3.281231
-73.78 3.2813266
-73.77 3.2814222
-73.76 3.2815178
-73.75 3.2816134
-73.74 3.281709
-73.73 3.2817807
-73.72 3.2818763
-73.71 3.2819719
-73.7 3.2820675
-73.69 3.2821631
-73.68 3.2822587
-73.67 3.2823543
-73.66 3.2824499
-73.65 3.2825455
-73.64 3.2826411
-73.63 3.2827367
-73.62 3.2828323
-73.61 3.2829279
-73.6 3.2830235
-73.59 3.2831191
-73.58 3.2832147
-73.57 3.2833103
-73.56 3.2834059
-73.55 3.2834776
-73.54 3.2835732
-73.53 3.2836688
-73.52 3.2837644
-73.51 3.28386
-73.5 3.2839556
-73.49 3.2840512
-73.48 3.2841468
-73.47 3.2842424
-73.46 3.284338
-73.45 3.2844336
-73.44 3.2845292
-73.43 3.2846248
-73.42 3.2847204
-73.41 3.284816
-73.4 3.2849116
-73.39 3.2850072
-73.38 3.2851028
-73.37 3.2851984
-73.36 3.285294
-73.35 3.2853896
-73.34 3.2854852
-73.33 3.2855808
-73.32 3.2856764
-73.31 3.285772
-73.3 3.2858676
-73.29 3.2859632
-73.28 3.2860588
-73.27 3.2861544
-73.26 3.28625
-73.25 3.2863456
-73.24 3.2864412
-73.23 3.2865368
-73.22 3.2866324
-73.21 3.286728
-73.2 3.2868236
-73.19 3.2869192
-73.18 3.2870148
-73.17 3.2871104
-73.16 3.287206
-73.15 3.2873016
-73.14 3.2873972
-73.13 3.2874928
-73.12 3.2875884
-73.11 3.287684
-73.1 3.2877796
-73.09 3.2878752
-73.08 3.2879708
-73.07 3.2880664
-73.06 3.288162
-73.05 3.2882576
-73.04 3.2883532
-73.03 3.2884488
-73.02 3.2885444
-73.01 3.28864
-73.0 3.2887595
-72.99 3.2888551
-72.98 3.2889507
-72.97 3.2890463
-72.96 3.2891419
-72.95 3.2892375
-72.94 3.2893331
-72.93 3.2894287
-72.92 3.2895243
-72.91 3.2896199
-72.9 3.2897155
-72.89 3.2898111
-72.88 3.2899067
-72.87 3.2900023
-72.86 3.2900979
-72.85 3.2901935
-72.84 3.2902891
-72.83 3.2903847
-72.82 3.2905042
-72.81 3.2905998
-72.8 3.2906954
-72.79 3.290791
-72.78 3.2908866
-72.77 3.2909822
-72.76 3.2910778
-72.75 3.2911734
-72.74 3.291269
-72.73 3.2913646
-72.72 3.2914602
-72.71 3.2915558
-72.7 3.2916753
-72.69 3.2917709
-72.68 3.2918665
-72.67 3.2919621
-72.66 3.2920577
-72.65 3.2921533
-72.64 3.2922489
-72.63 3.2923445
-72.62 3.2924401
-72.61 3.2925357
-72.6 3.2926313
-72.59 3.2927508
-72.58 3.2928464
-72.57 3.292942
-72.56 3.2930376
-72.55 3.2931332
-72.54 3.2932288
-72.53 3.2933244
-72.52 3.29342
-72.51 3.2935156
-72.5 3.2936351
-72.49 3.2937307
-72.48 3.2938263
-72.47 3.2939219
-72.46 3.2940175
-72.45 3.2941131
-72.44 3.2942087
-72.43 3.2943043
-72.42 3.2944238
-72.41 3.2945194
-72.4 3.294615
-72.39 3.2947106
-72.38 3.2948062
-72.37 3.2949018
-72.36 3.2949974
-72.35 3.2951169
-72.34 3.2952125
-72.33 3.2953081
-72.32 3.2954037
-72.31 3.2954993
-72.3 3.2955949
-72.29 3.2956905
-72.28 3.29581
-72.27 3.2959056
-72.26 3.2960012
-72.25 3.2960968
-72.24 3.2961924
-72.23 3.296288
-72.22 3.2964075
-72.21 3.2965031
-72.2 3.2965987
-72.19 3.2966943
-72.18 3.2967899
-72.17 3.2968855
-72.16 3.297005
-72.15 3.2971006
-72.14 3.2971962
-72.13 3.2972918
-72.12 3.2973874
-72.11 3.297483
-72.1 3.2976025
-72.09 3.2976981
-72.08 3.2977937
-72.07 3.2978893
-72.06 3.2979849
-72.05 3.2981044
-72.04 3.2982
-72.03 3.2982956
-72.02 3.2983912
-72.01 3.2984868
-72.0 3.2985824
-71.99 3.2987019
-71.98 3.2987975
-71.97 3.2988931
-71.96 3.2989887
-71.95 3.2990843
-71.94 3.2992038
-71.93 3.2992994
-71.92 3.299395
-71.91 3.2994906
-71.9 3.2995862
-71.89 3.2997057
-71.88 3.2998013
-71.87 3.2998969
-71.86 3.2999925
-71.85 3.300112
-71.84 3.3002076
-71.83 3.3003032
-71.82 3.3003988
-71.81 3.3004944
-71.8 3.3006139
-71.79 3.3007095
-71.78 3.3008051
-71.77 3.3009007
-71.76 3.3010202
-71.75 3.3011158
-71.74 3.3012114
-71.73 3.301307
-71.72 3.3014026
-71.71 3.3015221
-71.7 3.3016177
-71.69 3.3017133
-71.68 3.3018089
-71.67 3.3019284
-71.66 3.302024
-71.65 3.3021196
-71.64 3.3022152
-71.63 3.3023347
-71.62 3.3024303
-71.61 3.3025259
-71.6 3.3026215
-71.59 3.302741
-71.58 3.3028366
-71.57 3.3029322
-71.56 3.3030278
-71.55 3.3031473
-71.54 3.3032429
-71.53 3.3033385
-71.52 3.3034341
-71.51 3.3035536
-71.5 3.3036492
-71.49 3.3037448
-71.48 3.3038643
-71.47 3.3039599
-71.46 3.3040555
-71.45 3.3041511
-71.44 3.3042706
-71.43 3.3043662
-71.42 3.3044618
-71.41 3.3045574
-71.4 3.3046769
-71.39 3.3047725
-71.38 3.3048681
-71.37 3.3049876
-71.36 3.3050832
-71.35 3.3051788
-71.34 3.3052744
-71.33 3.3053939
-71.32 3.3054895
-71.31 3.3055851
-71.3 3.3057046
-71.29 3.3058002
-71.28 3.3058958
-71.27 3.3060153
-71.26 3.3061109
-71.25 3.3062065
-71.24 3.3063021
-71.23 3.3064216
-71.22 3.3065172
-71.21 3.3066128
-71.2 3.3067323
-71.19 3.3068279
-71.18 3.3069235
-71.17 3.307043
-71.16 3.3071386
-71.15 3.3072342
-71.14 3.3073537
-71.13 3.3074493
-71.12 3.3075449
-71.11 3.3076405
-71.1 3.30776
-71.09 3.3078556
-71.08 3.3079512
-71.07 3.3080707
-71.06 3.3081663
-71.05 3.3082619
-71.04 3.3083814
-71.03 3.308477
-71.02 3.3085726
-71.01 3.3086921
-71.0 3.3087877
-70.99 3.3088833
-70.98 3.3090028
-70.97 3.3090984
-70.96 3.309194
-70.95 3.3093135
-70.94 3.3094091
-70.93 3.3095047
-70.92 3.3096242
-70.91 3.3097198
-70.9 3.3098393
-70.89 3.3099349
-70.88 3.3100305
-70.87 3.31015
-70.86 3.3102456
-70.85 3.3103412
-70.84 3.3104607
-70.83 3.3105563
-70.82 3.3106519
-70.81 3.3107714
-70.8 3.310867
-70.79 3.3109626
-70.78 3.3110821
-70.77 3.3111777
-70.76 3.3112972
-70.75 3.3113928
-70.74 3.3114884
-70.73 3.3116079
-70.72 3.3117035
-70.71 3.3117991
-70.7 3.3119186
-70.69 3.3120142
-70.68 3.3121337
-70.67 3.3122293
-70.66 3.3123249
-70.65 3.3124444
-70.64 3.31254
-70.63 3.3126595
-70.62 3.3127551
-70.61 3.3128507
-70.6 3.3129702
-70.59 3.3130658
-70.58 3.3131614
-70.57 3.3132809
-70.56 3.3133765
-70.55 3.313496
-70.54 3.3135916
-70.53 3.3136872
-70.52 3.3138067
-70.51 3.3139023
-70.5 3.3140218
-70.49 3.3141174
-70.48 3.314213
-70.47 3.3143325
-70.46 3.3144281
-70.45 3.3145476
-70.44 3.3146432
-70.43 3.3147627
-70.42 3.3148583
-70.41 3.3149539
-70.4 3.3150734
-70.39 3.315169
-70.38 3.3152885
-70.37 3.3153841
-70.36 3.3154797
-70.35 3.3155992
-70.34 3.3156948
-70.33 3.3158143
-70.32 3.3159099
-70.31 3.3160294
-70.3 3.316125
-70.29 3.3162206
-70.28 3.3163401
-70.27 3.3164357
-70.26 3.3165552
-70.25 3.3166508
-70.24 3.3167703
-70.23 3.3168659
-70.22 3.3169854
-70.21 3.317081
-70.2 3.3171766
-70.19 3.3172961
-70.18 3.3173917
-70.17 3.3175112
-70.16 3.3176068
-70.15 3.3177263
-70.14 3.3178219
-70.13 3.3179414
-70.12 3.318037
-70.11 3.3181565
-70.1 3.3182521
-70.09 3.3183477
-70.08 3.3184672
-70.07 3.3185628
-70.06 3.3186823
-70.05 3.3187779
-70.04 3.3188974
-70.03 3.318993
-70.02 3.3191125
-70.01 3.3192081
-70.0 3.3193276
-69.99 3.3194232
-69.98 3.3195427
-69.97 3.3196383
-69.96 3.3197578
-69.95 3.3198534
-69.94 3.3199729
-69.93 3.3200685
-69.92 3.3201641
-69.91 3.3202836
-69.9 3.3203792
-69.89 3.3204987
-69.88 3.3205943
-69.87 3.3207138
-69.86 3.3208094
-69.85 3.3209289
-69.84 3.3210245
-69.83 3.321144
-69.82 3.3212396
-69.81 3.3213591
-69.8 3.3214547
-69.79 3.3215742
-69.78 3.3216698
-69.77 3.3217893
-69.76 3.3218849
-69.75 3.3220044
-69.74 3.3221
-69.73 3.3222195
-69.72 3.3223151
-69.71 3.3224346
-69.7 3.3225302
-69.69 3.3226497
-69.68 3.3227453
-69.67 3.3228648
-69.66 3.3229604
-69.65 3.3230799
-69.64 3.3231994
-69.63 3.323295
-69.62 3.3234145
-69.61 3.3235101
-69.6 3.3236296
-69.59 3.3237252
-69.58 3.3238447
-69.57 3.3239403
-69.56 3.3240598
-69.55 3.3241554
-69.54 3.3242749
-69.53 3.3243705
-69.52 3.32449
-69.51 3.3245856
-69.5 3.3247051
-69.49 3.3248007
-69.48 3.3249202
-69.47 3.3250397
-69.46 3.3251353
-69.45 3.3252548
-69.44 3.3253504
-69.43 3.3254699
-69.42 3.3255655
-69.41 3.325685
-69.4 3.3257806
-69.39 3.3259001
-69.38 3.3259957
-69.37 3.3261152
-69.36 3.3262347
-69.35 3.3263303
-69.34 3.3264498
-69.33 3.3265454
-69.32 3.3266649
-69.31 3.3267605
-69.3 3.32688
-69.29 3.3269995
-69.28 3.3270951
-69.27 3.3272146
-69.26 3.3273102
-69.25 3.3274297
-69.24 3.3275253
-69.23 3.3276448
-69.22 3.3277643
-69.21 3.3278599
-69.2 3.3279794
-69.19 3.328075
-69.18 3.3281945
-69.17 3.3282901
-69.16 3.3284096
-69.15 3.3285291
-69.14 3.3286247
-69.13 3.3287442
-69.12 3.3288398
-69.11 3.3289593
-69.1 3.3290788
-69.09 3.3291744
-69.08 3.3292939
-69.07 3.3293895
-69.06 3.329509
-69.05 3.3296046
-69.04 3.3297241
-69.03 3.3298436
-69.02 3.3299392
-69.01 3.3300587
-69.0 3.3301543
-68.99 3.3302738
-68.98 3.3303933
-68.97 3.3304889
-68.96 3.3306084
-68.95 3.330704
-68.94 3.3308235
-68.93 3.330943
-68.92 3.3310386
-68.91 3.3311581
-68.9 3.3312776
-68.89 3.3313732
-68.88 3.3314927
-68.87 3.3315883
-68.86 3.3317078
-68.85 3.3318273
-68.84 3.3319229
-68.83 3.3320424
-68.82 3.3321619
-68.81 3.3322575
-68.8 3.332377
-68.79 3.3324726
-68.78 3.3325921
-68.77 3.3327116
-68.76 3.3328072
-68.75 3.3329267
-68.74 3.3330462
-68.73 3.3331418
-68.72 3.3332613
-68.71 3.3333569
-68.7 3.3334764
-68.69 3.3335959
-68.68 3.3336915
-68.67 3.333811
-68.66 3.3339305
-68.65 3.3340261
-68.64 3.3341456
-68.63 3.3342651
-68.62 3.3343607
-68.61 3.3344802
-68.6 3.3345997
-68.59 3.3346953
-68.58 3.3348148
-68.57 3.3349343
-68.56 3.3350299
-68.55 3.3351494
-68.54 3.3352689
-68.53 3.3353645
-68.52 3.335484
-68.51 3.3355796
-68.5 3.3356991
-68.49 3.3358186
-68.48 3.3359142
-68.47 3.3360337
-68.46 3.3361532
-68.45 3.3362488
-68.44 3.3363683
-68.43 3.3364878
-68.42 3.3366073
-68.41 3.3367029
-68.4 3.3368224
-68.39 3.3369419
-68.38 3.3370375
-68.37 3.337157
-68.36 3.3372765
-68.35 3.3373721
-68.34 3.3374916
-68.33 3.3376111
-68.32 3.3377067
-68.31 3.3378262
-68.3 3.3379457
-68.29 3.3380413
-68.28 3.3381608
-68.27 3.3382803
-68.26 3.3383759
-68.25 3.3384954
-68.24 3.3386149
-68.23 3.3387344
-68.22 3.33883
-68.21 3.3389495
-68.2 3.339069
-68.19 3.3391646
-68.18 3.3392841
-68.17 3.3394036
-68.16 3.3394992
-68.15 3.3396187
-68.14 3.3397382
-68.13 3.3398577
-68.12 3.3399533
-68.11 3.3400728
-68.1 3.3401923
-68.09 3.3402879
-68.08 3.3404074
-68.07 3.3405269
-68.06 3.3406464
-68.05 3.340742
-68.04 3.3408615
-68.03 3.340981
-68.02 3.3410766
-68.01 3.3411961
-68.0 3.3413156
-67.99 3.3414351
-67.98 3.3415307
-67.97 3.3416502
-67.96 3.3417697
-67.95 3.3418892
-67.94 3.3419848
-67.93 3.3421043
-67.92 3.3422238
-67.91 3.3423194
-67.9 3.3424389
-67.89 3.3425584
-67.88 3.3426779
-67.87 3.3427735
-67.86 3.342893
-67.85 3.3430125
-67.84 3.343132
-67.83 3.3432276
-67.82 3.3433471
-67.81 3.3434666
-67.8 3.3435861
-67.79 3.3436817
-67.78 3.3438012
-67.77 3.3439207
-67.76 3.3440402
-67.75 3.3441358
-67.74 3.3442553
-67.73 3.3443748
-67.72 3.3444943
-67.71 3.3445899
-67.7 3.3447094
-67.69 3.3448289
-67.68 3.3449484
-67.67 3.3450679
-67.66 3.3451635
-67.65 3.345283
-67.64 3.3454025
-67.63 3.345522
-67.62 3.3456176
-67.61 3.3457371
-67.6 3.3458566
-67.59 3.3459761
-67.58 3.3460717
-67.57 3.3461912
-67.56 3.3463107
-67.55 3.3464302
-67.54 3.3465497
-67.53 3.3466453
-67.52 3.3467648
-67.51 3.3468843
-67.5 3.3470038
-67.49 3.3470994
-67.48 3.3472189
-67.47 3.3473384
-67.46 3.3474579
-67.45 3.3475774
-67.44 3.347673
-67.43 3.3477925
-67.42 3.347912
-67.41 3.3480315
-67.4 3.348151
-67.39 3.3482466
-67.38 3.3483661
-67.37 3.3484856
-67.36 3.3486051
-67.35 3.3487246
-67.34 3.3488202
-67.33 3.3489397
-67.32 3.3490592
-67.31 3.3491787
-67.3 3.3492982
-67.29 3.3493938
-67.28 3.3495133
-67.27 3.3496328
-67.26 3.3497523
-67.25 3.3498718
-67.24 3.3499674
-67.23 3.3500869
-67.22 3.3502064
-67.21 3.3503259
-67.2 3.3504454
-67.19 3.3505649
-67.18 3.3506605
-67.17 3.35078
-67.16 3.3508995
-67.15 3.351019
-67.14 3.3511385
-67.13 3.351258
-67.12 3.3513536
-67.11 3.3514731
-67.1 3.3515926
-67.09 3.3517121
-67.08 3.3518316
-67.07 3.3519511
-67.06 3.3520467
-67.05 3.3521662
-67.04 3.3522857
-67.03 3.3524052
-67.02 3.3525247
-67.01 3.3526442
-67.0 3.3527398
-66.99 3.3528593
-66.98 3.3529788
-66.97 3.3530983
-66.96 3.3532178
-66.95 3.3533373
-66.94 3.3534329
-66.93 3.3535524
-66.92 3.3536719
-66.91 3.3537914
-66.9 3.3539109
-66.89 3.3540304
-66.88 3.3541499
-66.87 3.3542455
-66.86 3.354365
-66.85 3.3544845
-66.84 3.354604
-66.83 3.3547235
-66.82 3.354843
-66.81 3.3549625
-66.8 3.355082
-66.79 3.3551776
-66.78 3.3552971
-66.77 3.3554166
-66.76 3.3555361
-66.75 3.3556556
-66.74 3.3557751
-66.73 3.3558946
-66.72 3.3559902
-66.71 3.3561097
-66.7 3.3562292
-66.69 3.3563487
-66.68 3.3564682
-66.67 3.3565877
-66.66 3.3567072
-66.65 3.3568267
-66.64 3.3569462
-66.63 3.3570418
-66.62 3.3571613
-66.61 3.3572808
-66.6 3.3574003
-66.59 3.3575198
-66.58 3.3576393
-66.57 3.3577588
-66.56 3.3578783
-66.55 3.3579978
-66.54 3.3580934
-66.53 3.3582129
-66.52 3.3583324
-66.51 3.3584519
-66.5 3.3585714
-66.49 3.3586909
-66.48 3.3588104
-66.47 3.3589299
-66.46 3.3590494
-66.45 3.3591689
-66.44 3.3592645
-66.43 3.359384
-66.42 3.3595035
-66.41 3.359623
-66.4 3.3597425
-66.39 3.359862
-66.38 3.3599815
-66.37 3.360101
-66.36 3.3602205
-66.35 3.36034
-66.34 3.3604595
-66.33 3.3605551
-66.32 3.3606746
-66.31 3.3607941
-66.3 3.3609136
-66.29 3.3610331
-66.28 3.3611526
-66.27 3.3612721
-66.26 3.3613916
-66.25 3.3615111
-66.24 3.3616306
-66.23 3.3617501
-66.22 3.3618696
-66.21 3.3619891
-66.2 3.3621086
-66.19 3.3622042
-66.18 3.3623237
-66.17 3.3624432
-66.16 3.3625627
-66.15 3.3626822
-66.14 3.3628017
-66.13 3.3629212
-66.12 3.3630407
-66.11 3.3631602
-66.1 3.3632797
-66.09 3.3633992
-66.08 3.3635187
-66.07 3.3636382
-66.06 3.3637577
-66.05 3.3638772
-66.04 3.3639967
-66.03 3.3641162
-66.02 3.3642357
-66.01 3.3643313
-66.0 3.3644508
-65.99 3.3645703
-65.98 3.3646898
-65.97 3.3648093
-65.96 3.3649288
-65.95 3.3650483
-65.94 3.3651678
-65.93 3.3652873
-65.92 3.3654068
-65.91 3.3655263
-65.9 3.3656458
-65.89 3.3657653
-65.88 3.3658848
-65.87 3.3660043
-65.86 3.3661238
-65.85 3.3662433
-65.84 3.3663628
-65.83 3.3664823
-65.82 3.3666018
-65.81 3.3667213
-65.8 3.3668408
-65.79 3.3669603
-65.78 3.3670798
-65.77 3.3671993
-65.76 3.3673188
-65.75 3.3674383
-65.74 3.3675578
-65.73 3.3676773
-65.72 3.3677968
-65.71 3.3679163
-65.7 3.3680358
-65.69 3.3681553
-65.68 3.3682748
-65.67 3.3683943
-65.66 3.3685138
-65.65 3.3686333
-65.64 3.3687528
-65.63 3.3688723
-65.62 3.3689918
-65.61 3.3691113
-65.6 3.3692308
-65.59 3.3693503
-65.58 3.3694698
-65.57 3.3695893
-65.56 3.3697088
-65.55 3.3698283
-65.54 3.3699478
-65.53 3.3700673
-65.52 3.3701868
-65.51 3.3703063
-65.5 3.3704258
-65.49 3.3705453
-65.48 3.3706648
-65.47 3.3707843
-65.46 3.3709038
-65.45 3.3710233
-65.44 3.3711428
-65.43 3.3712623
-65.42 3.3713818
-65.41 3.3715013
-65.4 3.3716208
-65.39 3.3717403
-65.38 3.3718598
-65.37 3.3719793
-65.36 3.3720988
-65.35 3.3722183
-65.34 3.3723378
-65.33 3.3724573
-65.32 3.3725768
-65.31 3.3726963
-65.3 3.3728158
-65.29 3.3729353
-65.28 3.3730548
-65.27 3.3731743
-65.26 3.3732938
-65.25 3.3734133
-65.24 3.3735328
-65.23 3.3736523
-65.22 3.3737718
-65.21 3.3738913
-65.2 3.3740347
-65.19 3.3741542
-65.18 3.3742737
-65.17 3.3743932
-65.16 3.3745127
-65.15 3.3746322
-65.14 3.3747517
-65.13 3.3748712
-65.12 3.3749907
-65.11 3.3751102
-65.1 3.3752297
-65.09 3.3753492
-65.08 3.3754687
-65.07 3.3755882
-65.06 3.3757077
-65.05 3.3758272
-65.04 3.3759467
-65.03 3.3760662
-65.02 3.3761857
-65.01 3.3763291
-65.0 3.3764486
-64.99 3.3765681
-64.98 3.3766876
-64.97 3.3768071
-64.96 3.3769266
-64.95 3.3770461
-64.94 3.3771656
-64.93 3.3772851
-64.92 3.3774046
-64.91 3.3775241
-64.9 3.3776436
-64.89 3.3777631
-64.88 3.3778826
-64.87 3.378026
-64.86 3.3781455
-64.85 3.378265
-64.84 3.3783845
-64.83 3.378504
-64.82 3.3786235
-64.81 3.378743
-64.8 3.3788625
-64.79 3.378982
-64.78 3.3791015
-64.77 3.379221
-64.76 3.3793644
-64.75 3.3794839
-64.74 3.3796034
-64.73 3.3797229
-64.72 3.3798424
-64.71 3.3799619
-64.7 3.3800814
-64.69 3.3802009
-64.68 3.3803204
-64.67 3.3804399
-64.66 3.3805594
-64.65 3.3807028
-64.64 3.3808223
-64.63 3.3809418
-64.62 3.3810613
-64.61 3.3811808
-64.6 3.3813003
-64.59 3.3814198
-64.58 3.3815393
-64.57 3.3816588
-64.56 3.3818022
-64.55 3.3819217
-64.54 3.3820412
-64.53 3.3821607
-64.52 3.3822802
-64.51 3.3823997
-64.5 3.3825192
-64.49 3.3826387
-64.48 3.3827821
-64.47 3.3829016
-64.46 3.3830211
-64.45 3.3831406
-64.44 3.3832601
-64.43 3.3833796
-64.42 3.3834991
-64.41 3.3836186
-64.4 3.383762
-64.39 3.3838815
-64.38 3.384001
-64.37 3.3841205
-64.36 3.38424
-64.35 3.3843595
-64.34 3.384479
-64.33 3.3845985
-64.32 3.3847419
-64.31 3.3848614
-64.3 3.3849809
-64.29 3.3851004
-64.28 3.3852199
-64.27 3.3853394
-64.26 3.3854589
-64.25 3.3856023
-64.24 3.3857218
-64.23 3.3858413
-64.22 3.3859608
-64.21 3.3860803
-64.2 3.3861998
-64.19 3.3863193
-64.18 3.3864627
-64.17 3.3865822
-64.16 3.3867017
-64.15 3.3868212
-64.14 3.3869407
-64.13 3.3870602
-64.12 3.3872036
-64.11 3.3873231
-64.1 3.3874426
-64.09 3.3875621
-64.08 3.3876816
-64.07 3.3878011
-64.06 3.3879445
-64.05 3.388064
-64.04 3.3881835
-64.03 3.388303
-64.02 3.3884225
-64.01 3.388542
-64.0 3.3886854
-63.99 3.3888049
-63.98 3.3889244
-63.97 3.3890439
-63.96 3.3891634
-63.95 3.3892829
-63.94 3.3894263
-63.93 3.3895458
-63.92 3.3896653
-63.91 3.3897848
-63.9 3.3899043
-63.89 3.3900477
-63.88 3.3901672
-63.87 3.3902867
-63.86 3.3904062
-63.85 3.3905257
-63.84 3.3906452
-63.83 3.3907886
-63.82 3.3909081
-63.81 3.3910276
-63.8 3.3911471
-63.79 3.3912666
-63.78 3.39141
-63.77 3.3915295
-63.76 3.391649
-63.75 3.3917685
-63.74 3.391888
-63.73 3.3920314
-63.72 3.3921509
-63.71 3.3922704
-63.7 3.3923899
-63.69 3.3925094
-63.68 3.3926528
-63.67 3.3927723
-63.66 3.3928918
-63.65 3.3930113
-63.64 3.3931308
-63.63 3.3932742
-63.62 3.3933937
-63.61 3.3935132
-63.6 3.3936327
-63.59 3.3937761
-63.58 3.3938956
-63.57 3.3940151
-63.56 3.3941346
-63.55 3.3942541
-63.54 3.3943975
-63.53 3.394517
-63.52 3.3946365
-63.51 3.394756
-63.5 3.3948994
-63.49 3.3950189
-63.48 3.3951384
-63.47 3.3952579
-63.46 3.3953774
-63.45 3.3955208
-63.44 3.3956403
-63.43 3.3957598
-63.42 3.3958793
-63.41 3.3960227
-63.4 3.3961422
-63.39 3.3962617
-63.38 3.3963812
-63.37 3.3965246
-63.36 3.3966441
-63.35 3.3967636
-63.34 3.3968831
-63.33 3.3970026
-63.32 3.397146
-63.31 3.3972655
-63.3 3.397385
-63.29 3.3975045
-63.28 3.3976479
-63.27 3.3977674
-63.26 3.3978869
-63.25 3.3980064
-63.24 3.3981498
-63.23 3.3982693
-63.22 3.3983888
-63.21 3.3985083
-63.2 3.3986517
-63.19 3.3987712
-63.18 3.3988907
-63.17 3.3990102
-63.16 3.3991536
-63.15 3.3992731
-63.14 3.3993926
-63.13 3.399536
-63.12 3.3996555
-63.11 3.399775
-63.1 3.3998945
-63.09 3.4000379
-63.08 3.4001574
-63.07 3.4002769
-63.06 3.4003964
-63.05 3.4005398
-63.04 3.4006593
-63.03 3.4007788
-63.02 3.4008983
-63.01 3.4010417
-63.0 3.4011612
-62.99 3.4012807
-62.98 3.4014241
-62.97 3.4015436
-62.96 3.4016631
-62.95 3.4017826
-62.94 3.401926
-62.93 3.4020455
-62.92 3.402165
-62.91 3.4023084
-62.9 3.4024279
-62.89 3.4025474
-62.88 3.4026669
-62.87 3.4028103
-62.86 3.4029298
-62.85 3.4030493
-62.84 3.4031927
-62.83 3.4033122
-62.82 3.4034317
-62.81 3.4035512
-62.8 3.4036946
-62.79 3.4038141
-62.78 3.4039336
-62.77 3.404077
-62.76 3.4041965
-62.75 3.404316
-62.74 3.4044594
-62.73 3.4045789
-62.72 3.4046984
-62.71 3.4048418
-62.7 3.4049613
-62.69 3.4050808
-62.68 3.4052003
-62.67 3.4053437
-62.66 3.4054632
-62.65 3.4055827
-62.64 3.4057261
-62.63 3.4058456
-62.62 3.4059651
-62.61 3.4061085
-62.6 3.406228
-62.59 3.4063475
-62.58 3.4064909
-62.57 3.4066104
-62.56 3.4067299
-62.55 3.4068733
-62.54 3.4069928
-62.53 3.4071123
-62.52 3.4072557
-62.51 3.4073752
-62.5 3.4074947
-62.49 3.4076381
-62.48 3.4077576
-62.47 3.4078771
-62.46 3.4079966
-62.45 3.40814
-62.44 3.4082595
-62.43 3.408379
-62.42 3.4085224
-62.41 3.4086419
-62.4 3.4087853
-62.39 3.4089048
-62.38 3.4090243
-62.37 3.4091677
-62.36 3.4092872
-62.35 3.4094067
-62.34 3.4095501
-62.33 3.4096696
-62.32 3.4097891
-62.31 3.4099325
-62.3 3.410052
-62.29 3.4101715
-62.28 3.4103149
-62.27 3.4104344
-62.26 3.4105539
-62.25 3.4106973
-62.24 3.4108168
-62.23 3.4109363
-62.22 3.4110797
-62.21 3.4111992
-62.2 3.4113187
-62.19 3.4114621
-62.18 3.4115816
-62.17 3.411725
-62.16 3.4118445
-62.15 3.411964
-62.14 3.4121074
-62.13 3.4122269
-62.12 3.4123464
-62.11 3.4124898
-62.1 3.4126093
-62.09 3.4127288
-62.08 3.4128722
-62.07 3.4129917
-62.06 3.4131351
-62.05 3.4132546
-62.04 3.4133741
-62.03 3.4135175
-62.02 3.413637
-62.01 3.4137565
-62.0 3.4138999
-61.99 3.4140194
-61.98 3.4141628
-61.97 3.4142823
-61.96 3.4144018
-61.95 3.4145452
-61.94 3.4146647
-61.93 3.4148081
-61.92 3.4149276
-61.91 3.4150471
-61.9 3.4151905
-61.89 3.41531
-61.88 3.4154534
-61.87 3.4155729
-61.86 3.4156924
-61.85 3.4158358
-61.84 3.4159553
-61.83 3.4160748
-61.82 3.4162182
-61.81 3.4163377
-61.8 3.4164811
-61.79 3.4166006
-61.78 3.4167201
-61.77 3.4168635
-61.76 3.416983
-61.75 3.4171264
-61.74 3.4172459
-61.73 3.4173893
-61.72 3.4175088
-61.71 3.4176283
-61.7 3.4177717
-61.69 3.4178912
-61.68 3.4180346
-61.67 3.4181541
-61.66 3.4182736
-61.65 3.418417
-61.64 3.4185365
-61.63 3.4186799
-61.62 3.4187994
-61.61 3.4189189
-61.6 3.4190623
-61.59 3.4191818
-61.58 3.4193252
-61.57 3.4194447
-61.56 3.4195881
-61.55 3.4197076
-61.54 3.4198271
-61.53 3.4199705
-61.52 3.42009
-61.51 3.4202334
-61.5 3.4203529
-61.49 3.4204963
-61.48 3.4206158
-61.47 3.4207353
-61.46 3.4208787
-61.45 3.4209982
-61.44 3.4211416
-61.43 3.4212611
-61.42 3.4214045
-61.41 3.421524
-61.4 3.4216674
-61.39 3.4217869
-61.38 3.4219064
-61.37 3.4220498
-61.36 3.4221693
-61.35 3.4223127
-61.34 3.4224322
-61.33 3.4225756
-61.32 3.4226951
-61.31 3.4228385
-61.3 3.422958
-61.29 3.4230775
-61.28 3.4232209
-61.27 3.4233404
-61.26 3.4234838
-61.25 3.4236033
-61.24 3.4237467
-61.23 3.4238662
-61.22 3.4240096
-61.21 3.4241291
-61.2 3.4242725
-61.19 3.424392
-61.18 3.4245115
-61.17 3.4246549
-61.16 3.4247744
-61.15 3.4249178
-61.14 3.4250373
-61.13 3.4251807
-61.12 3.4253002
-61.11 3.4254436
-61.1 3.4255631
-61.09 3.4257065
-61.08 3.425826
-61.07 3.4259694
-61.06 3.4260889
-61.05 3.4262323
-61.04 3.4263518
-61.03 3.4264952
-61.02 3.4266147
-61.01 3.4267581
-61.0 3.4268776
-60.99 3.4269971
-60.98 3.4271405
-60.97 3.42726
-60.96 3.4274034
-60.95 3.4275229
-60.94 3.4276663
-60.93 3.4277858
-60.92 3.4279292
-60.91 3.4280487
-60.9 3.4281921
-60.89 3.4283116
-60.88 3.428455
-60.87 3.4285745
-60.86 3.4287179
-60.85 3.4288374
-60.84 3.4289808
-60.83 3.4291003
-60.82 3.4292437
-60.81 3.4293632
-60.8 3.4295066
-60.79 3.4296261
-60.78 3.4297695
-60.77 3.429889
-60.76 3.4300324
-60.75 3.4301519
-60.74 3.4302953
-60.73 3.4304148
-60.72 3.4305582
-60.71 3.4306777
-60.7 3.4308211
-60.69 3.4309406
-60.68 3.431084
-60.67 3.4312035
-60.66 3.4313469
-60.65 3.4314903
-60.64 3.4316098
-60.63 3.4317532
-60.62 3.4318727
-60.61 3.4320161
-60.6 3.4321356
-60.59 3.432279
-60.58 3.4323985
-60.57 3.4325419
-60.56 3.4326614
-60.55 3.4328048
-60.54 3.4329243
-60.53 3.4330677
-60.52 3.4331872
-60.51 3.4333306
-60.5 3.4334501
-60.49 3.4335935
-60.48 3.433713
-60.47 3.4338564
-60.46 3.4339998
-60.45 3.4341193
-60.44 3.4342627
-60.43 3.4343822
-60.42 3.4345256
-60.41 3.4346451
-60.4 3.4347885
-60.39 3.434908
-60.38 3.4350514
-60.37 3.4351709
-60.36 3.4353143
-60.35 3.4354577
-60.34 3.4355772
-60.33 3.4357206
-60.32 3.4358401
-60.31 3.4359835
-60.3 3.436103
-60.29 3.4362464
-60.28 3.4363659
-60.27 3.4365093
-60.26 3.4366527
-60.25 3.4367722
-60.24 3.4369156
-60.23 3.4370351
-60.22 3.4371785
-60.21 3.437298
-60.2 3.4374414
-60.19 3.4375609
-60.18 3.4377043
-60.17 3.4378477
-60.16 3.4379672
-60.15 3.4381106
-60.14 3.4382301
-60.13 3.4383735
-60.12 3.438493
-60.11 3.4386364
-60.1 3.4387798
-60.09 3.4388993
-60.08 3.4390427
-60.07 3.4391622
-60.06 3.4393056
-60.05 3.4394251
-60.04 3.4395685
-60.03 3.4397119
-60.02 3.4398314
-60.01 3.4399748
-60.0 3.4400943
-59.99 3.4402377
-59.98 3.4403811
-59.97 3.4405006
-59.96 3.440644
-59.95 3.4407635
-59.94 3.4409069
-59.93 3.4410503
-59.92 3.4411698
-59.91 3.4413132
-59.9 3.4414327
-59.89 3.4415761
-59.88 3.4417195
-59.87 3.441839
-59.86 3.4419824
-59.85 3.4421019
-59.84 3.4422453
-59.83 3.4423887
-59.82 3.4425082
-59.81 3.4426516
-59.8 3.4427711
-59.79 3.4429145
-59.78 3.4430579
-59.77 3.4431774
-59.76 3.4433208
-59.75 3.4434403
-59.74 3.4435837
-59.73 3.4437271
-59.72 3.4438466
-59.71 3.44399
-59.7 3.4441095
-59.69 3.4442529
-59.68 3.4443963
-59.67 3.4445158
-59.66 3.4446592
-59.65 3.4448026
-59.64 3.4449221
-59.63 3.4450655
-59.62 3.445185
-59.61 3.4453284
-59.6 3.4454718
-59.59 3.4455913
-59.58 3.4457347
-59.57 3.4458781
-59.56 3.4459976
-59.55 3.446141
-59.54 3.4462605
-59.53 3.4464039
-59.52 3.4465473
-59.51 3.4466668
-59.5 3.4468102
-59.49 3.4469536
-59.48 3.4470731
-59.47 3.4472165
-59.46 3.4473599
-59.45 3.4474794
-59.44 3.4476228
-59.43 3.4477662
-59.42 3.4478857
-59.41 3.4480291
-59.4 3.4481486
-59.39 3.448292
-59.38 3.4484354
-59.37 3.4485549
-59.36 3.4486983
-59.35 3.4488417
-59.34 3.4489612
-59.33 3.4491046
-59.32 3.449248
-59.31 3.4493675
-59.3 3.4495109
-59.29 3.4496543
-59.28 3.4497738
-59.27 3.4499172
-59.26 3.4500606
-59.25 3.4501801
-59.24 3.4503235
-59.23 3.4504669
-59.22 3.4505864
-59.21 3.4507298
-59.2 3.4508732
-59.19 3.4509927
-59.18 3.4511361
-59.17 3.4512795
-59.16 3.451399
-59.15 3.4515424
-59.14 3.4516858
-59.13 3.4518053
-59.12 3.4519487
-59.11 3.4520921
-59.1 3.4522116
-59.09 3.452355
-59.08 3.4524984
-59.07 3.4526179
-59.06 3.4527613
-59.05 3.4529047
-59.04 3.4530242
-59.03 3.4531676
-59.02 3.453311
-59.01 3.4534544
-59.0 3.4535739
-58.99 3.4537173
-58.98 3.4538607
-58.97 3.4539802
-58.96 3.4541236
-58.95 3.454267
-58.94 3.4543865
-58.93 3.4545299
-58.92 3.4546733
-58.91 3.4548167
-58.9 3.4549362
-58.89 3.4550796
-58.88 3.455223
-58.87 3.4553425
-58.86 3.4554859
-58.85 3.4556293
-58.84 3.4557488
-58.83 3.4558922
-58.82 3.4560356
-58.81 3.456179
-58.8 3.4562985
-58.79 3.4564419
-58.78 3.4565853
-58.77 3.4567048
-58.76 3.4568482
-58.75 3.4569916
-58.74 3.457135
-58.73 3.4572545
-58.72 3.4573979
-58.71 3.4575413
-58.7 3.4576608
-58.69 3.4578042
-58.68 3.4579476
-58.67 3.458091
-58.66 3.4582105
-58.65 3.4583539
-58.64 3.4584973
-58.63 3.4586407
-58.62 3.4587602
-58.61 3.4589036
-58.6 3.459047
-58.59 3.4591665
-58.58 3.4593099
-58.57 3.4594533
-58.56 3.4595967
-58.55 3.4597162
-58.54 3.4598596
-58.53 3.460003
-58.52 3.4601464
-58.51 3.4602659
-58.5 3.4604093
-58.49 3.4605527
-58.48 3.4606961
-58.47 3.4608156
-58.46 3.460959
-58.45 3.4611024
-58.44 3.4612458
-58.43 3.4613653
-58.42 3.4615087
-58.41 3.4616521
-58.4 3.4617955
-58.39 3.461915
-58.38 3.4620584
-58.37 3.4622018
-58.36 3.4623452
-58.35 3.4624647
-58.34 3.4626081
-58.33 3.4627515
-58.32 3.4628949
-58.31 3.4630144
-58.3 3.4631578
-58.29 3.4633012
-58.28 3.4634446
-58.27 3.463588
-58.26 3.4637075
-58.25 3.4638509
-58.24 3.4639943
-58.23 3.4641377
-58.22 3.4642572
-58.21 3.4644006
-58.2 3.464544
-58.19 3.4646874
-58.18 3.4648308
-58.17 3.4649503
-58.16 3.4650937
-58.15 3.4652371
-58.14 3.4653805
-58.13 3.4655
-58.12 3.4656434
-58.11 3.4657868
-58.1 3.4659302
-58.09 3.4660736
-58.08 3.4661931
-58.07 3.4663365
-58.06 3.4664799
-58.05 3.4666233
-58.04 3.4667667
-58.03 3.4668862
-58.02 3.4670296
-58.01 3.467173
-58.0 3.4673164
-57.99 3.4674359
-57.98 3.4675793
-57.97 3.4677227
-57.96 3.4678661
-57.95 3.4680095
-57.94 3.4681529
-57.93 3.4682724
-57.92 3.4684158
-57.91 3.4685592
-57.9 3.4687026
-57.89 3.468846
-57.88 3.4689655
-57.87 3.4691089
-57.86 3.4692523
-57.85 3.4693957
-57.84 3.4695391
-57.83 3.4696586
-57.82 3.469802
-57.81 3.4699454
-57.8 3.4700888
-57.79 3.4702322
-57.78 3.4703756
-57.77 3.4704951
-57.76 3.4706385
-57.75 3.4707819
-57.74 3.4709253
-57.73 3.4710687
-57.72 3.4711882
-57.71 3.4713316
-57.7 3.471475
-57.69 3.4716184
-57.68 3.4717618
-57.67 3.4719052
-57.66 3.4720247
-57.65 3.4721681
-57.64 3.4723115
-57.63 3.4724549
-57.62 3.4725983
-57.61 3.4727417
-57.6 3.4728851
-57.59 3.4730046
-57.58 3.473148
-57.57 3.4732914
-57.56 3.4734348
-57.55 3.4735782
-57.54 3.4737216
-57.53 3.4738411
-57.52 3.4739845
-57.51 3.4741279
-57.5 3.4742713
-57.49 3.4744147
-57.48 3.4745581
-57.47 3.4747015
-57.46 3.474821
-57.45 3.4749644
-57.44 3.4751078
-57.43 3.4752512
-57.42 3.4753946
-57.41 3.475538
-57.4 3.4756814
-57.39 3.4758009
-57.38 3.4759443
-57.37 3.4760877
-57.36 3.4762311
-57.35 3.4763745
-57.34 3.4765179
-57.33 3.4766613
-57.32 3.4768047
-57.31 3.4769242
-57.3 3.4770676
-57.29 3.477211
-57.28 3.4773544
-57.27 3.4774978
-57.26 3.4776412
-57.25 3.4777846
-57.24 3.477928
-57.23 3.4780475
-57.22 3.4781909
-57.21 3.4783343
-57.2 3.4784777
-57.19 3.4786211
-57.18 3.4787645
-57.17 3.4789079
-57.16 3.4790513
-57.15 3.4791947
-57.14 3.4793142
-57.13 3.4794576
-57.12 3.479601
-57.11 3.4797444
-57.1 3.4798878
-57.09 3.4800312
-57.08 3.4801746
-57.07 3.480318
-57.06 3.4804614
-57.05 3.4806048
-57.04 3.4807243
-57.03 3.4808677
-57.02 3.4810111
-57.01 3.4811545
-57.0 3.4812979
-56.99 3.4814413
-56.98 3.4815847
-56.97 3.4817281
-56.96 3.4818715
-56.95 3.4820149
-56.94 3.4821583
-56.93 3.4822778
-56.92 3.4824212
-56.91 3.4825646
-56.9 3.482708
-56.89 3.4828514
-56.88 3.4829948
-56.87 3.4831382
-56.86 3.4832816
-56.85 3.483425
-56.84 3.4835684
-56.83 3.4837118
-56.82 3.4838552
-56.81 3.4839986
-56.8 3.4841181
-56.79 3.4842615
-56.78 3.4844049
-56.77 3.4845483
-56.76 3.4846917
-56.75 3.4848351
-56.74 3.4849785
-56.73 3.4851219
-56.72 3.4852653
-56.71 3.4854087
-56.7 3.4855521
-56.69 3.4856955
-56.68 3.4858389
-56.67 3.4859823
-56.66 3.4861257
-56.65 3.4862691
-56.64 3.4864125
-56.63 3.486532
-56.62 3.4866754
-56.61 3.4868188
-56.6 3.4869622
-56.59 3.4871056
-56.58 3.487249
-56.57 3.4873924
-56.56 3.4875358
-56.55 3.4876792
-56.54 3.4878226
-56.53 3.487966
-56.52 3.4881094
-56.51 3.4882528
-56.5 3.4883962
-56.49 3.4885396
-56.48 3.488683
-56.47 3.4888264
-56.46 3.4889698
-56.45 3.4891132
-56.44 3.4892566
-56.43 3.4894
-56.42 3.4895434
-56.41 3.4896868
-56.4 3.4898302
-56.39 3.4899736
-56.38 3.490117
-56.37 3.4902604
-56.36 3.4904038
-56.35 3.4905472
-56.34 3.4906906
-56.33 3.490834
-56.32 3.4909774
-56.31 3.4911208
-56.3 3.4912642
-56.29 3.4913837
-56.28 3.4915271
-56.27 3.4916705
-56.26 3.4918139
-56.25 3.4919573
-56.24 3.4921007
-56.23 3.4922441
-56.22 3.4923875
-56.21 3.4925309
-56.2 3.4926743
-56.19 3.4928177
-56.18 3.4929611
-56.17 3.4931045
-56.16 3.4932479
-56.15 3.4933913
-56.14 3.4935347
-56.13 3.4936781
-56.12 3.4938454
-56.11 3.4939888
-56.1 3.4941322
-56.09 3.4942756
-56.08 3.494419
-56.07 3.4945624
-56.06 3.4947058
-56.05 3.4948492
-56.04 3.4949926
-56.03 3.495136
-56.02 3.4952794
-56.01 3.4954228
-56.0 3.4955662
-55.99 3.4957096
-55.98 3.495853
-55.97 3.4959964
-55.96 3.4961398
-55.95 3.4962832
-55.94 3.4964266
-55.93 3.49657
-55.92 3.4967134
-55.91 3.4968568
-55.9 3.4970002
-55.89 3.4971436
-55.88 3.497287
-55.87 3.4974304
-55.86 3.4975738
-55.85 3.4977172
-55.84 3.4978606
-55.83 3.498004
-55.82 3.4981474
-55.81 3.4982908
-55.8 3.4984342
-55.79 3.4985776
-55.78 3.4987449
-55.77 3.4988883
-55.76 3.4990317
-55.75 3.4991751
-55.74 3.4993185
-55.73 3.4994619
-55.72 3.4996053
-55.71 3.4997487
-55.7 3.4998921
-55.69 3.5000355
-55.68 3.5001789
-55.67 3.5003223
-55.66 3.5004657
-55.65 3.5006091
-55.64 3.5007525
-55.63 3.5008959
-55.62 3.5010393
-55.61 3.5012066
-55.6 3.50135
-55.59 3.5014934
-55.58 3.5016368
-55.57 3.5017802
-55.56 3.5019236
-55.55 3.502067
-55.54 3.5022104
-55.53 3.5023538
-55.52 3.5024972
-55.51 3.5026406
-55.5 3.502784
-55.49 3.5029274
-55.48 3.5030947
-55.47 3.5032381
-55.46 3.5033815
-55.45 3.5035249
-55.44 3.5036683
-55.43 3.5038117
-55.42 3.5039551
-55.41 3.5040985
-55.4 3.5042419
-55.39 3.5043853
-55.38 3.5045287
-55.37 3.504696
-55.36 3.5048394
-55.35 3.5049828
-55.34 3.5051262
-55.33 3.5052696
-55.32 3.505413
-55.31 3.5055564
-55.3 3.5056998
-55.29 3.5058432
-55.28 3.5060105
-55.27 3.5061539
-55.26 3.5062973
-55.25 3.5064407
-55.24 3.5065841
-55.23 3.5067275
-55.22 3.5068709
-55.21 3.5070143
-55.2 3.5071577
-55.19 3.507325
-55.18 3.5074684
-55.17 3.5076118
-55.16 3.5077552
-55.15 3.5078986
-55.14 3.508042
-55.13 3.5081854
-55.12 3.5083288
-55.11 3.5084961
-55.1 3.5086395
-55.09 3.5087829
-55.08 3.5089263
-55.07 3.5090697
-55.06 3.5092131
-55.05 3.5093565
-55.04 3.5095238
-55.03 3.5096672
-55.02 3.5098106
-55.01 3.509954
-55.0 3.5100974
-54.99 3.5102408
-54.98 3.5103842
-54.97 3.5105515
-54.96 3.5106949
-54.95 3.5108383
-54.94 3.5109817
-54.93 3.5111251
-54.92 3.5112685
-54.91 3.5114119
-54.9 3.5115792
-54.89 3.5117226
-54.88 3.511866
-54.87 3.5120094
-54.86 3.5121528
-54.85 3.5122962
-54.84 3.5124635
-54.83 3.5126069
-54.82 3.5127503
-54.81 3.5128937
-54.8 3.5130371
-54.79 3.5131805
-54.78 3.5133478
-54.77 3.5134912
-54.76 3.5136346
-54.75 3.513778
-54.74 3.5139214
-54.73 3.5140648
-54.72 3.5142321
-54.71 3.5143755
-54.7 3.5145189
-54.69 3.5146623
-54.68 3.5148057
-54.67 3.514973
-54.66 3.5151164
-54.65 3.5152598
-54.64 3.5154032
-54.63 3.5155466
-54.62 3.51569
-54.61 3.5158573
-54.6 3.5160007
-54.59 3.5161441
-54.58 3.5162875
-54.57 3.5164309
-54.56 3.5165982
-54.55 3.5167416
-54.54 3.516885
-54.53 3.5170284
-54.52 3.5171718
-54.51 3.5173391
-54.5 3.5174825
-54.49 3.5176259
-54.48 3.5177693
-54.47 3.5179127
-54.46 3.51808
-54.45 3.5182234
-54.44 3.5183668
-54.43 3.5185102
-54.42 3.5186775
-54.41 3.5188209
-54.4 3.5189643
-54.39 3.5191077
-54.38 3.5192511
-54.37 3.5194184
-54.36 3.5195618
-54.35 3.5197052
-54.34 3.5198486
-54.33 3.5200159
-54.32 3.5201593
-54.31 3.5203027
-54.3 3.5204461
-54.29 3.5205895
-54.28 3.5207568
-54.27 3.5209002
-54.26 3.5210436
-54.25 3.521187
-54.24 3.5213543
-54.23 3.5214977
-54.22 3.5216411
-54.21 3.5217845
-54.2 3.5219518
-54.19 3.5220952
-54.18 3.5222386
-54.17 3.522382
-54.16 3.5225493
-54.15 3.5226927
-54.14 3.5228361
-54.13 3.5229795
-54.12 3.5231468
-54.11 3.5232902
-54.1 3.5234336
-54.09 3.523577
-54.08 3.5237443
-54.07 3.5238877
-54.06 3.5240311
-54.05 3.5241745
-54.04 3.5243418
-54.03 3.5244852
-54.02 3.5246286
-54.01 3.524772
-54.0 3.5249393
-53.99 3.5250827
-53.98 3.5252261
-53.97 3.5253934
-53.96 3.5255368
-53.95 3.5256802
-53.94 3.5258236
-53.93 3.5259909
-53.92 3.5261343
-53.91 3.5262777
-53.9 3.5264211
-53.89 3.5265884
-53.88 3.5267318
-53.87 3.5268752
-53.86 3.5270425
-53.85 3.5271859
-53.84 3.5273293
-53.83 3.5274727
-53.82 3.52764
-53.81 3.5277834
-53.8 3.5279268
-53.79 3.5280941
-53.78 3.5282375
-53.77 3.5283809
-53.76 3.5285482
-53.75 3.5286916
-53.74 3.528835
-53.73 3.5289784
-53.72 3.5291457
-53.71 3.5292891
-53.7 3.5294325
-53.69 3.5295998
-53.68 3.5297432
-53.67 3.5298866
-53.66 3.5300539
-53.65 3.5301973
-53.64 3.5303407
-53.63 3.530508
-53.62 3.5306514
-53.61 3.5307948
-53.6 3.5309382
-53.59 3.5311055
-53.58 3.5312489
-53.57 3.5313923
-53.56 3.5315596
-53.55 3.531703
-53.54 3.5318464
-53.53 3.5320137
-53.52 3.5321571
-53.51 3.5323005
-53.5 3.5324678
-53.49 3.5326112
-53.48 3.5327546
-53.47 3.5329219
-53.46 3.5330653
-53.45 3.5332087
-53.44 3.533376
-53.43 3.5335194
-53.42 3.5336628
-53.41 3.5338301
-53.4 3.5339735
-53.39 3.5341408
-53.38 3.5342842
-53.37 3.5344276
-53.36 3.5345949
-53.35 3.5347383
-53.34 3.5348817
-53.33 3.535049
-53.32 3.5351924
-53.31 3.5353358
-53.3 3.5355031
-53.29 3.5356465
-53.28 3.5357899
-53.27 3.5359572
-53.26 3.5361006
-53.25 3.5362679
-53.24 3.5364113
-53.23 3.5365547
-53.22 3.536722
-53.21 3.5368654
-53.2 3.5370088
-53.19 3.5371761
-53.18 3.5373195
-53.17 3.5374868
-53.16 3.5376302
-53.15 3.5377736
-53.14 3.5379409
-53.13 3.5380843
-53.12 3.5382277
-53.11 3.538395
-53.1 3.5385384
-53.09 3.5387057
-53.08 3.5388491
-53.07 3.5389925
-53.06 3.5391598
-53.05 3.5393032
-53.04 3.5394705
-53.03 3.5396139
-53.02 3.5397573
-53.01 3.5399246
-53.0 3.540068
-52.99 3.5402353
-52.98 3.5403787
-52.97 3.5405221
-52.96 3.5406894
-52.95 3.5408328
-52.94 3.5410001
-52.93 3.5411435
-52.92 3.5412869
-52.91 3.5414542
-52.9 3.5415976
-52.89 3.5417649
-52.88 3.5419083
-52.87 3.5420517
-52.86 3.542219
-52.85 3.5423624
-52.84 3.5425297
-52.83 3.5426731
-52.82 3.5428404
-52.81 3.5429838
-52.8 3.5431272
-52.79 3.5432945
-52.78 3.5434379
-52.77 3.5436052
-52.76 3.5437486
-52.75 3.5439159
-52.74 3.5440593
-52.73 3.5442027
-52.72 3.54437
-52.71 3.5445134
-52.7 3.5446807
-52.69 3.5448241
-52.68 3.5449914
-52.67 3.5451348
-52.66 3.5453021
-52.65 3.5454455
-52.64 3.5455889
-52.63 3.5457562
-52.62 3.5458996
-52.61 3.5460669
-52.6 3.5462103
-52.59 3.5463776
-52.58 3.546521
-52.57 3.5466883
-52.56 3.5468317
-52.55 3.546999
-52.54 3.5471424
-52.53 3.5472858
-52.52 3.5474531
-52.51 3.5475965
-52.5 3.5477638
-52.49 3.5479072
-52.48 3.5480745
-52.47 3.5482179
-52.46 3.5483852
-52.45 3.5485286
-52.44 3.5486959
-52.43 3.5488393
-52.42 3.5490066
-52.41 3.54915
-52.4 3.5493173
-52.39 3.5494607
-52.38 3.549628
-52.37 3.5497714
-52.36 3.5499387
-52.35 3.5500821
-52.34 3.5502255
-52.33 3.5503928
-52.32 3.5505362
-52.31 3.5507035
-52.3 3.5508469
-52.29 3.5510142
-52.28 3.5511576
-52.27 3.5513249
-52.26 3.5514683
-52.25 3.5516356
-52.24 3.551779
-52.23 3.5519463
-52.22 3.5520897
-52.21 3.552257
-52.2 3.5524004
-52.19 3.5525677
-52.18 3.552735
-52.17 3.5528784
-52.16 3.5530457
-52.15 3.5531891
-52.14 3.5533564
-52.13 3.5534998
-52.12 3.5536671
-52.11 3.5538105
-52.1 3.5539778
-52.09 3.5541212
-52.08 3.5542885
-52.07 3.5544319
-52.06 3.5545992
-52.05 3.5547426
-52.04 3.5549099
-52.03 3.5550533
-52.02 3.5552206
-52.01 3.555364
-52.0 3.5555313
-51.99 3.5556986
-51.98 3.555842
-51.97 3.5560093
-51.96 3.5561527
-51.95 3.55632
-51.94 3.5564634
-51.93 3.5566307
-51.92 3.5567741
-51.91 3.5569414
-51.9 3.5570848
-51.89 3.5572521
-51.88 3.5574194
-51.87 3.5575628
-51.86 3.5577301
-51.85 3.5578735
-51.84 3.5580408
-51.83 3.5581842
-51.82 3.5583515
-51.81 3.5584949
-51.8 3.5586622
-51.79 3.5588295
-51.78 3.5589729
-51.77 3.5591402
-51.76 3.5592836
-51.75 3.5594509
-51.74 3.5595943
-51.73 3.5597616
-51.72 3.5599289
-51.71 3.5600723
-51.7 3.5602396
-51.69 3.560383
-51.68 3.5605503
-51.67 3.5606937
-51.66 3.560861
-51.65 3.5610283
-51.64 3.5611717
-51.63 3.561339
-51.62 3.5614824
-51.61 3.5616497
-51.6 3.561817
-51.59 3.5619604
-51.58 3.5621277
-51.57 3.5622711
-51.56 3.5624384
-51.55 3.5626057
-51.54 3.5627491
-51.53 3.5629164
-51.52 3.5630598
-51.51 3.5632271
-51.5 3.5633944
-51.49 3.5635378
-51.48 3.5637051
-51.47 3.5638485
-51.46 3.5640158
-51.45 3.5641831
-51.44 3.5643265
-51.43 3.5644938
-51.42 3.5646611
-51.41 3.5648045
-51.4 3.5649718
-51.39 3.5651152
-51.38 3.5652825
-51.37 3.5654498
-51.36 3.5655932
-51.35 3.5657605
-51.34 3.5659278
-51.33 3.5660712
-51.32 3.5662385
-51.31 3.5663819
-51.3 3.5665492
-51.29 3.5667165
-51.28 3.5668599
-51.27 3.5670272
-51.26 3.5671945
-51.25 3.5673379
-51.24 3.5675052
-51.23 3.5676725
-51.22 3.5678159
-51.21 3.5679832
-51.2 3.5681505
-51.19 3.5682939
-51.18 3.5684612
-51.17 3.5686285
-51.16 3.5687719
-51.15 3.5689392
-51.14 3.5691065
-51.13 3.5692499
-51.12 3.5694172
-51.11 3.5695606
-51.1 3.5697279
-51.09 3.5698952
-51.08 3.5700386
-51.07 3.5702059
-51.06 3.5703732
-51.05 3.5705405
-51.04 3.5706839
-51.03 3.5708512
-51.02 3.5710185
-51.01 3.5711619
-51.0 3.5713292
-50.99 3.5714965
-50.98 3.5716399
-50.97 3.5718072
-50.96 3.5719745
-50.95 3.5721179
-50.94 3.5722852
-50.93 3.5724525
-50.92 3.5725959
-50.91 3.5727632
-50.9 3.5729305
-50.89 3.5730739
-50.88 3.5732412
-50.87 3.5734085
-50.86 3.5735758
-50.85 3.5737192
-50.84 3.5738865
-50.83 3.5740538
-50.82 3.5741972
-50.81 3.5743645
-50.8 3.5745318
-50.79 3.5746991
-50.78 3.5748425
-50.77 3.5750098
-50.76 3.5751771
-50.75 3.5753205
-50.74 3.5754878
-50.73 3.5756551
-50.72 3.5758224
-50.71 3.5759658
-50.7 3.5761331
-50.69 3.5763004
-50.68 3.5764438
-50.67 3.5766111
-50.66 3.5767784
-50.65 3.5769457
-50.64 3.5770891
-50.63 3.5772564
-50.62 3.5774237
-50.61 3.577591
-50.6 3.5777344
-50.59 3.5779017
-50.58 3.578069
-50.57 3.5782363
-50.56 3.5783797
-50.55 3.578547
-50.54 3.5787143
-50.53 3.5788816
-50.52 3.579025
-50.51 3.5791923
-50.5 3.5793596
-50.49 3.5795269
-50.48 3.5796703
-50.47 3.5798376
-50.46 3.5800049
-50.45 3.5801722
-50.44 3.5803156
-50.43 3.5804829
-50.42 3.5806502
-50.41 3.5808175
-50.4 3.5809848
-50.39 3.5811282
-50.38 3.5812955
-50.37 3.5814628
-50.36 3.5816301
-50.35 3.5817735
-50.34 3.5819408
-50.33 3.5821081
-50.32 3.5822754
-50.31 3.5824427
-50.3 3.5825861
-50.29 3.5827534
-50.28 3.5829207
-50.27 3.583088
-50.26 3.5832314
-50.25 3.5833987
-50.24 3.583566
-50.23 3.5837333
-50.22 3.5839006
-50.21 3.584044
-50.2 3.5842113
-50.19 3.5843786
-50.18 3.5845459
-50.17 3.5847132
-50.16 3.5848566
-50.15 3.5850239
-50.14 3.5851912
-50.13 3.5853585
-50.12 3.5855258
-50.11 3.5856931
-50.1 3.5858365
-50.09 3.5860038
-50.08 3.5861711
-50.07 3.5863384
-50.06 3.5865057
-50.05 3.5866491
-50.04 3.5868164
-50.03 3.5869837
-50.02 3.587151
-50.01 3.5873183
-50.0 3.5874856
-49.99 3.587629
-49.98 3.5877963
-49.97 3.5879636
-49.96 3.5881309
-49.95 3.5882982
-49.94 3.5884655
-49.93 3.5886089
-49.92 3.5887762
-49.91 3.5889435
-49.9 3.5891108
-49.89 3.5892781
-49.88 3.5894454
-49.87 3.5896127
-49.86 3.5897561
-49.85 3.5899234
-49.84 3.5900907
-49.83 3.590258
-49.82 3.5904253
-49.81 3.5905926
-49.8 3.5907599
-49.79 3.5909033
-49.78 3.5910706
-49.77 3.5912379
-49.76 3.5914052
-49.75 3.5915725
-49.74 3.5917398
-49.73 3.5919071
-49.72 3.5920744
-49.71 3.5922178
-49.7 3.5923851
-49.69 3.5925524
-49.68 3.5927197
-49.67 3.592887
-49.66 3.5930543
-49.65 3.5932216
-49.64 3.5933889
-49.63 3.5935323
-49.62 3.5936996
-49.61 3.5938669
-49.6 3.5940342
-49.59 3.5942015
-49.58 3.5943688
-49.57 3.5945361
-49.56 3.5947034
-49.55 3.5948707
-49.54 3.595038
-49.53 3.5951814
-49.52 3.5953487
-49.51 3.595516
-49.5 3.5956833
-49.49 3.5958506
-49.48 3.5960179
-49.47 3.5961852
-49.46 3.5963525
-49.45 3.5965198
-49.44 3.5966871
-49.43 3.5968544
-49.42 3.5970217
-49.41 3.5971651
-49.4 3.5973324
-49.39 3.5974997
-49.38 3.597667
-49.37 3.5978343
-49.36 3.5980016
-49.35 3.5981689
-49.34 3.5983362
-49.33 3.5985035
-49.32 3.5986708
-49.31 3.5988381
-49.3 3.5990054
-49.29 3.5991727
-49.28 3.59934
-49.27 3.5995073
-49.26 3.5996746
-49.25 3.599818
-49.24 3.5999853
-49.23 3.6001526
-49.22 3.6003199
-49.21 3.6004872
-49.2 3.6006545
-49.19 3.6008218
-49.18 3.6009891
-49.17 3.6011564
-49.16 3.6013237
-49.15 3.601491
-49.14 3.6016583
-49.13 3.6018256
-49.12 3.6019929
-49.11 3.6021602
-49.1 3.6023275
-49.09 3.6024948
-49.08 3.6026621
-49.07 3.6028294
-49.06 3.6029967
-49.05 3.603164
-49.04 3.6033313
-49.03 3.6034986
-49.02 3.6036659
-49.01 3.6038332
-49.0 3.6040005
-48.99 3.6041678
-48.98 3.6043351
-48.97 3.6045024
-48.96 3.6046697
-48.95 3.604837
-48.94 3.6050043
-48.93 3.6051716
-48.92 3.6053389
-48.91 3.6055062
-48.9 3.6056735
-48.89 3.6058408
-48.88 3.6060081
-48.87 3.6061754
-48.86 3.6063427
-48.85 3.60651
-48.84 3.6066773
-48.83 3.6068446
-48.82 3.6070119
-48.81 3.6071792
-48.8 3.6073465
-48.79 3.6075138
-48.78 3.6076811
-48.77 3.6078484
-48.76 3.6080157
-48.75 3.608183
-48.74 3.6083503
-48.73 3.6085176
-48.72 3.6086849
-48.71 3.6088522
-48.7 3.6090195
-48.69 3.6091868
-48.68 3.6093541
-48.67 3.6095214
-48.66 3.6096887
-48.65 3.609856
-48.64 3.6100233
-48.63 3.6101906
-48.62 3.6103818
-48.61 3.6105491
-48.6 3.6107164
-48.59 3.6108837
-48.58 3.611051
-48.57 3.6112183
-48.56 3.6113856
-48.55 3.6115529
-48.54 3.6117202
-48.53 3.6118875
-48.52 3.6120548
-48.51 3.6122221
-48.5 3.6123894
-48.49 3.6125567
-48.48 3.612724
-48.47 3.6129152
-48.46 3.6130825
-48.45 3.6132498
-48.44 3.6134171
-48.43 3.6135844
-48.42 3.6137517
-48.41 3.613919
-48.4 3.6140863
-48.39 3.6142536
-48.38 3.6144209
-48.37 3.6145882
-48.36 3.6147555
-48.35 3.6149467
-48.34 3.615114
-48.33 3.6152813
-48.32 3.6154486
-48.31 3.6156159
-48.3 3.6157832
-48.29 3.6159505
-48.28 3.6161178
-48.27 3.6162851
-48.26 3.6164763
-48.25 3.6166436
-48.24 3.6168109
-48.23 3.6169782
-48.22 3.6171455
-48.21 3.6173128
-48.2 3.6174801
-48.19 3.6176474
-48.18 3.6178147
-48.17 3.6180059
-48.16 3.6181732
-48.15 3.6183405
-48.14 3.6185078
-48.13 3.6186751
-48.12 3.6188424
-48.11 3.6190097
-48.1 3.6192009
-48.09 3.6193682
-48.08 3.6195355
-48.07 3.6197028
-48.06 3.6198701
-48.05 3.6200374
-48.04 3.6202047
-48.03 3.6203959
-48.02 3.6205632
-48.01 3.6207305
-48.0 3.6208978
-47.99 3.6210651
-47.98 3.6212324
-47.97 3.6213997
-47.96 3.6215909
-47.95 3.6217582
-47.94 3.6219255
-47.93 3.6220928
-47.92 3.6222601
-47.91 3.6224274
-47.9 3.6226186
-47.89 3.6227859
-47.88 3.6229532
-47.87 3.6231205
-47.86 3.6232878
-47.85 3.6234551
-47.84 3.6236463
-47.83 3.6238136
-47.82 3.6239809
-47.81 3.6241482
-47.8 3.6243155
-47.79 3.6245067
-47.78 3.624674
-47.77 3.6248413
-47.76 3.6250086
-47.75 3.6251759
-47.74 3.6253671
-47.73 3.6255344
-47.72 3.6257017
-47.71 3.625869
-47.7 3.6260363
-47.69 3.6262275
-47.68 3.6263948
-47.67 3.6265621
-47.66 3.6267294
-47.65 3.6268967
-47.64 3.6270879
-47.63 3.6272552
-47.62 3.6274225
-47.61 3.6275898
-47.6 3.627781
-47.59 3.6279483
-47.58 3.6281156
-47.57 3.6282829
-47.56 3.6284502
-47.55 3.6286414
-47.54 3.6288087
-47.53 3.628976
-47.52 3.6291433
-47.51 3.6293345
-47.5 3.6295018
-47.49 3.6296691
-47.48 3.6298364
-47.47 3.6300276
-47.46 3.6301949
-47.45 3.6303622
-47.44 3.6305295
-47.43 3.6307207
-47.42 3.630888
-47.41 3.6310553
-47.4 3.6312226
-47.39 3.6314138
-47.38 3.6315811
-47.37 3.6317484
-47.36 3.6319157
-47.35 3.6321069
-47.34 3.6322742
-47.33 3.6324415
-47.32 3.6326088
-47.31 3.6328
-47.3 3.6329673
-47.29 3.6331346
-47.28 3.6333258
-47.27 3.6334931
-47.26 3.6336604
-47.25 3.6338277
-47.24 3.6340189
-47.23 3.6341862
-47.22 3.6343535
-47.21 3.6345447
-47.2 3.634712
-47.19 3.6348793
-47.18 3.6350466
-47.17 3.6352378
-47.16 3.6354051
-47.15 3.6355724
-47.14 3.6357636
-47.13 3.6359309
-47.12 3.6360982
-47.11 3.6362894
-47.1 3.6364567
-47.09 3.636624
-47.08 3.6367913
-47.07 3.6369825
-47.06 3.6371498
-47.05 3.6373171
-47.04 3.6375083
-47.03 3.6376756
-47.02 3.6378429
-47.01 3.6380341
-47.0 3.6382014
-46.99 3.6383687
-46.98 3.6385599
-46.97 3.6387272
-46.96 3.6388945
-46.95 3.6390857
-46.94 3.639253
-46.93 3.6394203
-46.92 3.6396115
-46.91 3.6397788
-46.9 3.6399461
-46.89 3.6401373
-46.88 3.6403046
-46.87 3.6404719
-46.86 3.6406631
-46.85 3.6408304
-46.84 3.6409977
-46.83 3.6411889
-46.82 3.6413562
-46.81 3.6415474
-46.8 3.6417147
-46.79 3.641882
-46.78 3.6420732
-46.77 3.6422405
-46.76 3.6424078
-46.75 3.642599
-46.74 3.6427663
-46.73 3.6429336
-46.72 3.6431248
-46.71 3.6432921
-46.7 3.6434833
-46.69 3.6436506
-46.68 3.6438179
-46.67 3.6440091
-46.66 3.6441764
-46.65 3.6443676
-46.64 3.6445349
-46.63 3.6447022
-46.62 3.6448934
-46.61 3.6450607
-46.6 3.645228
-46.59 3.6454192
-46.58 3.6455865
-46.57 3.6457777
-46.56 3.645945
-46.55 3.6461123
-46.54 3.6463035
-46.53 3.6464708
-46.52 3.646662
-46.51 3.6468293
-46.5 3.6470205
-46.49 3.6471878
-46.48 3.6473551
-46.47 3.6475463
-46.46 3.6477136
-46.45 3.6479048
-46.44 3.6480721
-46.43 3.6482394
-46.42 3.6484306
-46.41 3.6485979
-46.4 3.6487891
-46.39 3.6489564
-46.38 3.6491476
-46.37 3.6493149
-46.36 3.6494822
-46.35 3.6496734
-46.34 3.6498407
-46.33 3.6500319
-46.32 3.6501992
-46.31 3.6503904
-46.3 3.6505577
-46.29 3.6507489
-46.28 3.6509162
-46.27 3.6511074
-46.26 3.6512747
-46.25 3.651442
-46.24 3.6516332
-46.23 3.6518005
-46.22 3.6519917
-46.21 3.652159
-46.2 3.6523502
-46.19 3.6525175
-46.18 3.6527087
-46.17 3.652876
-46.16 3.6530672
-46.15 3.6532345
-46.14 3.6534257
-46.13 3.653593
-46.12 3.6537842
-46.11 3.6539515
-46.1 3.6541427
-46.09 3.65431
-46.08 3.6544773
-46.07 3.6546685
-46.06 3.6548358
-46.05 3.655027
-46.04 3.6551943
-46.03 3.6553855
-46.02 3.6555528
-46.01 3.655744
-46.0 3.6559113
-45.99 3.6561025
-45.98 3.6562698
-45.97 3.656461
-45.96 3.6566283
-45.95 3.6568195
-45.94 3.6570107
-45.93 3.657178
-45.92 3.6573692
-45.91 3.6575365
-45.9 3.6577277
-45.89 3.657895
-45.88 3.6580862
-45.87 3.6582535
-45.86 3.6584447
-45.85 3.658612
-45.84 3.6588032
-45.83 3.6589705
-45.82 3.6591617
-45.81 3.659329
-45.8 3.6595202
-45.79 3.6596875
-45.78 3.6598787
-45.77 3.6600699
-45.76 3.6602372
-45.75 3.6604284
-45.74 3.6605957
-45.73 3.6607869
-45.72 3.6609542
-45.71 3.6611454
-45.7 3.6613127
-45.69 3.6615039
-45.68 3.6616951
-45.67 3.6618624
-45.66 3.6620536
-45.65 3.6622209
-45.64 3.6624121
-45.63 3.6625794
-45.62 3.6627706
-45.61 3.6629379
-45.6 3.6631291
-45.59 3.6633203
-45.58 3.6634876
-45.57 3.6636788
-45.56 3.6638461
-45.55 3.6640373
-45.54 3.6642285
-45.53 3.6643958
-45.52 3.664587
-45.51 3.6647543
-45.5 3.6649455
-45.49 3.6651128
-45.48 3.665304
-45.47 3.6654952
-45.46 3.6656625
-45.45 3.6658537
-45.44 3.666021
-45.43 3.6662122
-45.42 3.6664034
-45.41 3.6665707
-45.4 3.6667619
-45.39 3.6669531
-45.38 3.6671204
-45.37 3.6673116
-45.36 3.6674789
-45.35 3.6676701
-45.34 3.6678613
-45.33 3.6680286
-45.32 3.6682198
-45.31 3.668411
-45.3 3.6685783
-45.29 3.6687695
-45.28 3.6689368
-45.27 3.669128
-45.26 3.6693192
-45.25 3.6694865
-45.24 3.6696777
-45.23 3.6698689
-45.22 3.6700362
-45.21 3.6702274
-45.2 3.6704186
-45.19 3.6705859
-45.18 3.6707771
-45.17 3.6709683
-45.16 3.6711356
-45.15 3.6713268
-45.14 3.6714941
-45.13 3.6716853
-45.12 3.6718765
-45.11 3.6720438
-45.1 3.672235
-45.09 3.6724262
-45.08 3.6725935
-45.07 3.6727847
-45.06 3.6729759
-45.05 3.6731432
-45.04 3.6733344
-45.03 3.6735256
-45.02 3.6737168
-45.01 3.6738841
-45.0 3.6740753
-44.99 3.6742665
-44.98 3.6744338
-44.97 3.674625
-44.96 3.6748162
-44.95 3.6749835
-44.94 3.6751747
-44.93 3.6753659
-44.92 3.6755332
-44.91 3.6757244
-44.9 3.6759156
-44.89 3.6761068
-44.88 3.6762741
-44.87 3.6764653
-44.86 3.6766565
-44.85 3.6768238
-44.84 3.677015
-44.83 3.6772062
-44.82 3.6773974
-44.81 3.6775647
-44.8 3.6777559
-44.79 3.6779471
-44.78 3.6781144
-44.77 3.6783056
-44.76 3.6784968
-44.75 3.678688
-44.74 3.6788553
-44.73 3.6790465
-44.72 3.6792377
-44.71 3.6794289
-44.7 3.6795962
-44.69 3.6797874
-44.68 3.6799786
-44.67 3.6801698
-44.66 3.6803371
-44.65 3.6805283
-44.64 3.6807195
-44.63 3.6809107
-44.62 3.681078
-44.61 3.6812692
-44.6 3.6814604
-44.59 3.6816516
-44.58 3.6818189
-44.57 3.6820101
-44.56 3.6822013
-44.55 3.6823925
-44.54 3.6825598
-44.53 3.682751
-44.52 3.6829422
-44.51 3.6831334
-44.5 3.6833246
-44.49 3.6834919
-44.48 3.6836831
-44.47 3.6838743
-44.46 3.6840655
-44.45 3.6842328
-44.44 3.684424
-44.43 3.6846152
-44.42 3.6848064
-44.41 3.6849976
-44.4 3.6851649
-44.39 3.6853561
-44.38 3.6855473
-44.37 3.6857385
-44.36 3.6859297
-44.35 3.686097
-44.34 3.6862882
-44.33 3.6864794
-44.32 3.6866706
-44.31 3.6868618
-44.3 3.6870291
-44.29 3.6872203
-44.28 3.6874115
-44.27 3.6876027
-44.26 3.6877939
-44.25 3.6879851
-44.24 3.6881524
-44.23 3.6883436
-44.22 3.6885348
-44.21 3.688726
-44.2 3.6889172
-44.19 3.6891084
-44.18 3.6892757
-44.17 3.6894669
-44.16 3.6896581
-44.15 3.6898493
-44.14 3.6900405
-44.13 3.6902317
-44.12 3.6904229
-44.11 3.6905902
-44.1 3.6907814
-44.09 3.6909726
-44.08 3.6911638
-44.07 3.691355
-44.06 3.6915462
-44.05 3.6917374
-44.04 3.6919047
-44.03 3.6920959
-44.02 3.6922871
-44.01 3.6924783
-44.0 3.6926695
-43.99 3.6928607
-43.98 3.6930519
-43.97 3.6932192
-43.96 3.6934104
-43.95 3.6936016
-43.94 3.6937928
-43.93 3.693984
-43.92 3.6941752
-43.91 3.6943664
-43.9 3.6945576
-43.89 3.6947488
-43.88 3.6949161
-43.87 3.6951073
-43.86 3.6952985
-43.85 3.6954897
-43.84 3.6956809
-43.83 3.6958721
-43.82 3.6960633
-43.81 3.6962545
-43.8 3.6964457
-43.79 3.6966369
-43.78 3.6968281
-43.77 3.6969954
-43.76 3.6971866
-43.75 3.6973778
-43.74 3.697569
-43.73 3.6977602
-43.72 3.6979514
-43.71 3.6981426
-43.7 3.6983338
-43.69 3.698525
-43.68 3.6987162
-43.67 3.6989074
-43.66 3.6990986
-43.65 3.6992898
-43.64 3.699481
-43.63 3.6996483
-43.62 3.6998395
-43.61 3.7000307
-43.6 3.7002219
-43.59 3.7004131
-43.58 3.7006043
-43.57 3.7007955
-43.56 3.7009867
-43.55 3.7011779
-43.54 3.7013691
-43.53 3.7015603
-43.52 3.7017515
-43.51 3.7019427
-43.5 3.7021339
-43.49 3.7023251
-43.48 3.7025163
-43.47 3.7027075
-43.46 3.7028987
-43.45 3.7030899
-43.44 3.7032811
-43.43 3.7034723
-43.42 3.7036635
-43.41 3.7038547
-43.4 3.7040459
-43.39 3.7042371
-43.38 3.7044283
-43.37 3.7046195
-43.36 3.7048107
-43.35 3.7050019
-43.34 3.7051931
-43.33 3.7053843
-43.32 3.7055755
-43.31 3.7057667
-43.3 3.7059579
-43.29 3.7061491
-43.28 3.7063403
-43.27 3.7065315
-43.26 3.7067227
-43.25 3.7069139
-43.24 3.7071051
-43.23 3.7072963
-43.22 3.7074875
-43.21 3.7076787
-43.2 3.7078699
-43.19 3.7080611
-43.18 3.7082523
-43.17 3.7084435
-43.16 3.7086347
-43.15 3.7088259
-43.14 3.7090171
-43.13 3.7092083
-43.12 3.7093995
-43.11 3.7095907
-43.1 3.7097819
-43.09 3.7099731
-43.08 3.7101643
-43.07 3.7103555
-43.06 3.7105467
-43.05 3.7107379
-43.04 3.7109291
-43.03 3.7111442
-43.02 3.7113354
-43.01 3.7115266
-43.0 3.7117178
-42.99 3.711909
-42.98 3.7121002
-42.97 3.7122914
-42.96 3.7124826
-42.95 3.7126738
-42.94 3.712865
-42.93 3.7130562
-42.92 3.7132474
-42.91 3.7134386
-42.9 3.7136298
-42.89 3.7138449
-42.88 3.7140361
-42.87 3.7142273
-42.86 3.7144185
-42.85 3.7146097
-42.84 3.7148009
-42.83 3.7149921
-42.82 3.7151833
-42.81 3.7153745
-42.8 3.7155657
-42.79 3.7157808
-42.78 3.715972
-42.77 3.7161632
-42.76 3.7163544
-42.75 3.7165456
-42.74 3.7167368
-42.73 3.716928
-42.72 3.7171192
-42.71 3.7173104
-42.7 3.7175255
-42.69 3.7177167
-42.68 3.7179079
-42.67 3.7180991
-42.66 3.7182903
-42.65 3.7184815
-42.64 3.7186727
-42.63 3.7188639
-42.62 3.719079
-42.61 3.7192702
-42.6 3.7194614
-42.59 3.7196526
-42.58 3.7198438
-42.57 3.720035
-42.56 3.7202262
-42.55 3.7204413
-42.54 3.7206325
-42.53 3.7208237
-42.52 3.7210149
-42.51 3.7212061
-42.5 3.7213973
-42.49 3.7216124
-42.48 3.7218036
-42.47 3.7219948
-42.46 3.722186
-42.45 3.7223772
-42.44 3.7225684
-42.43 3.7227835
-42.42 3.7229747
-42.41 3.7231659
-42.4 3.7233571
-42.39 3.7235483
-42.38 3.7237395
-42.37 3.7239546
-42.36 3.7241458
-42.35 3.724337
-42.34 3.7245282
-42.33 3.7247194
-42.32 3.7249345
-42.31 3.7251257
-42.3 3.7253169
-42.29 3.7255081
-42.28 3.7256993
-42.27 3.7259144
-42.26 3.7261056
-42.25 3.7262968
-42.24 3.726488
-42.23 3.7266792
-42.22 3.7268943
-42.21 3.7270855
-42.2 3.7272767
-42.19 3.7274679
-42.18 3.727683
-42.17 3.7278742
-42.16 3.7280654
-42.15 3.7282566
-42.14 3.7284478
-42.13 3.7286629
-42.12 3.7288541
-42.11 3.7290453
-42.1 3.7292365
-42.09 3.7294516
-42.08 3.7296428
-42.07 3.729834
-42.06 3.7300252
-42.05 3.7302403
-42.04 3.7304315
-42.03 3.7306227
-42.02 3.7308139
-42.01 3.731029
-42.0 3.7312202
-41.99 3.7314114
-41.98 3.7316026
-41.97 3.7318177
-41.96 3.7320089
-41.95 3.7322001
-41.94 3.7323913
-41.93 3.7326064
-41.92 3.7327976
-41.91 3.7329888
-41.9 3.7332039
-41.89 3.7333951
-41.88 3.7335863
-41.87 3.7337775
-41.86 3.7339926
-41.85 3.7341838
-41.84 3.734375
-41.83 3.7345901
-41.82 3.7347813
-41.81 3.7349725
-41.8 3.7351637
-41.79 3.7353788
-41.78 3.73557
-41.77 3.7357612
-41.76 3.7359763
-41.75 3.7361675
-41.74 3.7363587
-41.73 3.7365738
-41.72 3.736765
-41.71 3.7369562
-41.7 3.7371713
-41.69 3.7373625
-41.68 3.7375537
-41.67 3.7377688
-41.66 3.73796
-41.65 3.7381512
-41.64 3.7383424
-41.63 3.7385575
-41.62 3.7387487
-41.61 3.7389399
-41.6 3.739155
-41.59 3.7393462
-41.58 3.7395374
-41.57 3.7397525
-41.56 3.7399437
-41.55 3.7401588
-41.54 3.74035
-41.53 3.7405412
-41.52 3.7407563
-41.51 3.7409475
-41.5 3.7411387
-41.49 3.7413538
-41.48 3.741545
-41.47 3.7417362
-41.46 3.7419513
-41.45 3.7421425
-41.44 3.7423337
-41.43 3.7425488
-41.42 3.74274
-41.41 3.7429551
-41.4 3.7431463
-41.39 3.7433375
-41.38 3.7435526
-41.37 3.7437438
-41.36 3.743935
-41.35 3.7441501
-41.34 3.7443413
-41.33 3.7445564
-41.32 3.7447476
-41.31 3.7449388
-41.3 3.7451539
-41.29 3.7453451
-41.28 3.7455602
-41.27 3.7457514
-41.26 3.7459426
-41.25 3.7461577
-41.24 3.7463489
-41.23 3.746564
-41.22 3.7467552
-41.21 3.7469464
-41.2 3.7471615
-41.19 3.7473527
-41.18 3.7475678
-41.17 3.747759
-41.16 3.7479741
-41.15 3.7481653
-41.14 3.7483565
-41.13 3.7485716
-41.12 3.7487628
-41.11 3.7489779
-41.1 3.7491691
-41.09 3.7493842
-41.08 3.7495754
-41.07 3.7497666
-41.06 3.7499817
-41.05 3.7501729
-41.04 3.750388
-41.03 3.7505792
-41.02 3.7507943
-41.01 3.7509855
-41.0 3.7512006
-40.99 3.7513918
-40.98 3.751583
-40.97 3.7517981
-40.96 3.7519893
-40.95 3.7522044
-40.94 3.7523956
-40.93 3.7526107
-40.92 3.7528019
-40.91 3.753017
-40.9 3.7532082
-40.89 3.7534233
-40.88 3.7536145
-40.87 3.7538296
-40.86 3.7540208
-40.85 3.7542359
-40.84 3.7544271
-40.83 3.7546422
-40.82 3.7548334
-40.81 3.7550485
-40.8 3.7552397
-40.79 3.7554548
-40.78 3.755646
-40.77 3.7558611
-40.76 3.7560523
-40.75 3.7562674
-40.74 3.7564586
-40.73 3.7566737
-40.72 3.7568649
-40.71 3.75708
-40.7 3.7572712
-40.69 3.7574863
-40.68 3.7576775
-40.67 3.7578926
-40.66 3.7580838
-40.65 3.7582989
-40.64 3.7584901
-40.63 3.7587052
-40.62 3.7588964
-40.61 3.7591115
-40.6 3.7593027
-40.59 3.7595178
-40.58 3.759709
-40.57 3.7599241
-40.56 3.7601153
-40.55 3.7603304
-40.54 3.7605455
-40.53 3.7607367
-40.52 3.7609518
-40.51 3.761143
-40.5 3.7613581
-40.49 3.7615493
-40.48 3.7617644
-40.47 3.7619556
-40.46 3.7621707
-40.45 3.7623858
-40.44 3.762577
-40.43 3.7627921
-40.42 3.7629833
-40.41 3.7631984
-40.4 3.7633896
-40.39 3.7636047
-40.38 3.7638198
-40.37 3.764011
-40.36 3.7642261
-40.35 3.7644173
-40.34 3.7646324
-40.33 3.7648236
-40.32 3.7650387
-40.31 3.7652538
-40.3 3.765445
-40.29 3.7656601
-40.28 3.7658513
-40.27 3.7660664
-40.26 3.7662815
-40.25 3.7664727
-40.24 3.7666878
-40.23 3.766879
-40.22 3.7670941
-40.21 3.7673092
-40.2 3.7675004
-40.19 3.7677155
-40.18 3.7679067
-40.17 3.7681218
-40.16 3.7683369
-40.15 3.7685281
-40.14 3.7687432
-40.13 3.7689583
-40.12 3.7691495
-40.11 3.7693646
-40.1 3.7695558
-40.09 3.7697709
-40.08 3.769986
-40.07 3.7701772
-40.06 3.7703923
-40.05 3.7706074
-40.04 3.7707986
-40.03 3.7710137
-40.02 3.7712288
-40.01 3.77142
-40.0 3.7716351
-39.99 3.7718502
-39.98 3.7720414
-39.97 3.7722565
-39.96 3.7724477
-39.95 3.7726628
-39.94 3.7728779
-39.93 3.7730691
-39.92 3.7732842
-39.91 3.7734993
-39.9 3.7736905
-39.89 3.7739056
-39.88 3.7741207
-39.87 3.7743358
-39.86 3.774527
-39.85 3.7747421
-39.84 3.7749572
-39.83 3.7751484
-39.82 3.7753635
-39.81 3.7755786
-39.8 3.7757698
-39.79 3.7759849
-39.78 3.7762
-39.77 3.7763912
-39.76 3.7766063
-39.75 3.7768214
-39.74 3.7770126
-39.73 3.7772277
-39.72 3.7774428
-39.71 3.7776579
-39.7 3.7778491
-39.69 3.7780642
-39.68 3.7782793
-39.67 3.7784705
-39.66 3.7786856
-39.65 3.7789007
-39.64 3.7791158
-39.63 3.779307
-39.62 3.7795221
-39.61 3.7797372
-39.6 3.7799284
-39.59 3.7801435
-39.58 3.7803586
-39.57 3.7805737
-39.56 3.7807649
-39.55 3.78098
-39.54 3.7811951
-39.53 3.7814102
-39.52 3.7816014
-39.51 3.7818165
-39.5 3.7820316
-39.49 3.7822467
-39.48 3.7824379
-39.47 3.782653
-39.46 3.7828681
-39.45 3.7830832
-39.44 3.7832744
-39.43 3.7834895
-39.42 3.7837046
-39.41 3.7839197
-39.4 3.7841109
-39.39 3.784326
-39.38 3.7845411
-39.37 3.7847562
-39.36 3.7849713
-39.35 3.7851625
-39.34 3.7853776
-39.33 3.7855927
-39.32 3.7858078
-39.31 3.785999
-39.3 3.7862141
-39.29 3.7864292
-39.28 3.7866443
-39.27 3.7868594
-39.26 3.7870506
-39.25 3.7872657
-39.24 3.7874808
-39.23 3.7876959
-39.22 3.787911
-39.21 3.7881022
-39.2 3.7883173
-39.19 3.7885324
-39.18 3.7887475
-39.17 3.7889626
-39.16 3.7891538
-39.15 3.7893689
-39.14 3.789584
-39.13 3.7897991
-39.12 3.7900142
-39.11 3.7902293
-39.1 3.7904205
-39.09 3.7906356
-39.08 3.7908507
-39.07 3.7910658
-39.06 3.7912809
-39.05 3.791496
-39.04 3.7916872
-39.03 3.7919023
-39.02 3.7921174
-39.01 3.7923325
-39.0 3.7925476
-38.99 3.7927627
-38.98 3.7929539
-38.97 3.793169
-38.96 3.7933841
-38.95 3.7935992
-38.94 3.7938143
-38.93 3.7940294
-38.92 3.7942445
-38.91 3.7944357
-38.9 3.7946508
-38.89 3.7948659
-38.88 3.795081
-38.87 3.7952961
-38.86 3.7955112
-38.85 3.7957263
-38.84 3.7959414
-38.83 3.7961326
-38.82 3.7963477
-38.81 3.7965628
-38.8 3.7967779
-38.79 3.796993
-38.78 3.7972081
-38.77 3.7974232
-38.76 3.7976383
-38.75 3.7978534
-38.74 3.7980446
-38.73 3.7982597
-38.72 3.7984748
-38.71 3.7986899
-38.7 3.798905
-38.69 3.7991201
-38.68 3.7993352
-38.67 3.7995503
-38.66 3.7997654
-38.65 3.7999805
-38.64 3.8001956
-38.63 3.8003868
-38.62 3.8006019
-38.61 3.800817
-38.6 3.8010321
-38.59 3.8012472
-38.58 3.8014623
-38.57 3.8016774
-38.56 3.8018925
-38.55 3.8021076
-38.54 3.8023227
-38.53 3.8025378
-38.52 3.8027529
-38.51 3.802968
-38.5 3.8031831
-38.49 3.8033743
-38.48 3.8035894
-38.47 3.8038045
-38.46 3.8040196
-38.45 3.8042347
-38.44 3.8044498
-38.43 3.8046649
-38.42 3.80488
-38.41 3.8050951
-38.4 3.8053102
-38.39 3.8055253
-38.38 3.8057404
-38.37 3.8059555
-38.36 3.8061706
-38.35 3.8063857
-38.34 3.8066008
-38.33 3.8068159
-38.32 3.807031
-38.31 3.8072461
-38.3 3.8074612
-38.29 3.8076763
-38.28 3.8078914
-38.27 3.8081065
-38.26 3.8083216
-38.25 3.8085367
-38.24 3.8087518
-38.23 3.8089669
-38.22 3.809182
-38.21 3.8093971
-38.2 3.8096122
-38.19 3.8098273
-38.18 3.8100424
-38.17 3.8102575
-38.16 3.8104726
-38.15 3.8106877
-38.14 3.8109028
-38.13 3.8111179
-38.12 3.811333
-38.11 3.8115481
-38.1 3.8117632
-38.09 3.8119783
-38.08 3.8121934
-38.07 3.8124085
-38.06 3.8126236
-38.05 3.8128387
-38.04 3.8130538
-38.03 3.8132689
-38.02 3.813484
-38.01 3.8136991
-38.0 3.8139142
-37.99 3.8141293
-37.98 3.8143444
-37.97 3.8145595
-37.96 3.8147746
-37.95 3.8149897
-37.94 3.8152048
-37.93 3.8154199
-37.92 3.8156589
-37.91 3.815874
-37.9 3.8160891
-37.89 3.8163042
-37.88 3.8165193
-37.87 3.8167344
-37.86 3.8169495
-37.85 3.8171646
-37.84 3.8173797
-37.83 3.8175948
-37.82 3.8178099
-37.81 3.818025
-37.8 3.8182401
-37.79 3.8184552
-37.78 3.8186703
-37.77 3.8189093
-37.76 3.8191244
-37.75 3.8193395
-37.74 3.8195546
-37.73 3.8197697
-37.72 3.8199848
-37.71 3.8201999
-37.7 3.820415
-37.69 3.8206301
-37.68 3.8208452
-37.67 3.8210603
-37.66 3.8212993
-37.65 3.8215144
-37.64 3.8217295
-37.63 3.8219446
-37.62 3.8221597
-37.61 3.8223748
-37.6 3.8225899
-37.59 3.822805
-37.58 3.8230201
-37.57 3.8232591
-37.56 3.8234742
-37.55 3.8236893
-37.54 3.8239044
-37.53 3.8241195
-37.52 3.8243346
-37.51 3.8245497
-37.5 3.8247648
-37.49 3.8250038
-37.48 3.8252189
-37.47 3.825434
-37.46 3.8256491
-37.45 3.8258642
-37.44 3.8260793
-37.43 3.8262944
-37.42 3.8265334
-37.41 3.8267485
-37.4 3.8269636
-37.39 3.8271787
-37.38 3.8273938
-37.37 3.8276089
-37.36 3.8278479
-37.35 3.828063
-37.34 3.8282781
-37.33 3.8284932
-37.32 3.8287083
-37.31 3.8289234
-37.3 3.8291624
-37.29 3.8293775
-37.28 3.8295926
-37.27 3.8298077
-37.26 3.8300228
-37.25 3.8302379
-37.24 3.8304769
-37.23 3.830692
-37.22 3.8309071
-37.21 3.8311222
-37.2 3.8313373
-37.19 3.8315763
-37.18 3.8317914
-37.17 3.8320065
-37.16 3.8322216
-37.15 3.8324367
-37.14 3.8326757
-37.13 3.8328908
-37.12 3.8331059
-37.11 3.833321
-37.1 3.8335361
-37.09 3.8337751
-37.08 3.8339902
-37.07 3.8342053
-37.06 3.8344204
-37.05 3.8346355
-37.04 3.8348745
-37.03 3.8350896
-37.02 3.8353047
-37.01 3.8355198
-37.0 3.8357588
-36.99 3.8359739
-36.98 3.836189
-36.97 3.8364041
-36.96 3.8366431
-36.95 3.8368582
-36.94 3.8370733
-36.93 3.8372884
-36.92 3.8375035
-36.91 3.8377425
-36.9 3.8379576
-36.89 3.8381727
-36.88 3.8383878
-36.87 3.8386268
-36.86 3.8388419
-36.85 3.839057
-36.84 3.8392721
-36.83 3.8395111
-36.82 3.8397262
-36.81 3.8399413
-36.8 3.8401803
-36.79 3.8403954
-36.78 3.8406105
-36.77 3.8408256
-36.76 3.8410646
-36.75 3.8412797
-36.74 3.8414948
-36.73 3.8417099
-36.72 3.8419489
-36.71 3.842164
-36.7 3.8423791
-36.69 3.8426181
-36.68 3.8428332
-36.67 3.8430483
-36.66 3.8432634
-36.65 3.8435024
-36.64 3.8437175
-36.63 3.8439326
-36.62 3.8441716
-36.61 3.8443867
-36.6 3.8446018
-36.59 3.8448408
-36.58 3.8450559
-36.57 3.845271
-36.56 3.8454861
-36.55 3.8457251
-36.54 3.8459402
-36.53 3.8461553
-36.52 3.8463943
-36.51 3.8466094
-36.5 3.8468245
-36.49 3.8470635
-36.48 3.8472786
-36.47 3.8474937
-36.46 3.8477327
-36.45 3.8479478
-36.44 3.8481629
-36.43 3.8484019
-36.42 3.848617
-36.41 3.8488321
-36.4 3.8490711
-36.39 3.8492862
-36.38 3.8495013
-36.37 3.8497403
-36.36 3.8499554
-36.35 3.8501705
-36.34 3.8504095
-36.33 3.8506246
-36.32 3.8508397
-36.31 3.8510787
-36.3 3.8512938
-36.29 3.8515089
-36.28 3.8517479
-36.27 3.851963
-36.26 3.852202
-36.25 3.8524171
-36.24 3.8526322
-36.23 3.8528712
-36.22 3.8530863
-36.21 3.8533014
-36.2 3.8535404
-36.19 3.8537555
-36.18 3.8539945
-36.17 3.8542096
-36.16 3.8544247
-36.15 3.8546637
-36.14 3.8548788
-36.13 3.8550939
-36.12 3.8553329
-36.11 3.855548
-36.1 3.855787
-36.09 3.8560021
-36.08 3.8562172
-36.07 3.8564562
-36.06 3.8566713
-36.05 3.8569103
-36.04 3.8571254
-36.03 3.8573405
-36.02 3.8575795
-36.01 3.8577946
-36.0 3.8580336
-35.99 3.8582487
-35.98 3.8584638
-35.97 3.8587028
-35.96 3.8589179
-35.95 3.8591569
-35.94 3.859372
-35.93 3.859611
-35.92 3.8598261
-35.91 3.8600412
-35.9 3.8602802
-35.89 3.8604953
-35.88 3.8607343
-35.87 3.8609494
-35.86 3.8611884
-35.85 3.8614035
-35.84 3.8616186
-35.83 3.8618576
-35.82 3.8620727
-35.81 3.8623117
-35.8 3.8625268
-35.79 3.8627658
-35.78 3.8629809
-35.77 3.8632199
-35.76 3.863435
-35.75 3.863674
-35.74 3.8638891
-35.73 3.8641042
-35.72 3.8643432
-35.71 3.8645583
-35.7 3.8647973
-35.69 3.8650124
-35.68 3.8652514
-35.67 3.8654665
-35.66 3.8657055
-35.65 3.8659206
-35.64 3.8661596
-35.63 3.8663747
-35.62 3.8666137
-35.61 3.8668288
-35.6 3.8670678
-35.59 3.8672829
-35.58 3.8675219
-35.57 3.867737
-35.56 3.8679521
-35.55 3.8681911
-35.54 3.8684062
-35.53 3.8686452
-35.52 3.8688603
-35.51 3.8690993
-35.5 3.8693144
-35.49 3.8695534
-35.48 3.8697685
-35.47 3.8700075
-35.46 3.8702226
-35.45 3.8704616
-35.44 3.8707006
-35.43 3.8709157
-35.42 3.8711547
-35.41 3.8713698
-35.4 3.8716088
-35.39 3.8718239
-35.38 3.8720629
-35.37 3.872278
-35.36 3.872517
-35.35 3.8727321
-35.34 3.8729711
-35.33 3.8731862
-35.32 3.8734252
-35.31 3.8736403
-35.3 3.8738793
-35.29 3.8740944
-35.28 3.8743334
-35.27 3.8745485
-35.26 3.8747875
-35.25 3.8750265
-35.24 3.8752416
-35.23 3.8754806
-35.22 3.8756957
-35.21 3.8759347
-35.2 3.8761498
-35.19 3.8763888
-35.18 3.8766039
-35.17 3.8768429
-35.16 3.877058
-35.15 3.877297
-35.14 3.877536
-35.13 3.8777511
-35.12 3.8779901
-35.11 3.8782052
-35.1 3.8784442
-35.09 3.8786593
-35.08 3.8788983
-35.07 3.8791373
-35.06 3.8793524
-35.05 3.8795914
-35.04 3.8798065
-35.03 3.8800455
-35.02 3.8802845
-35.01 3.8804996
-35.0 3.8807386
-34.99 3.8809537
-34.98 3.8811927
-34.97 3.8814078
-34.96 3.8816468
-34.95 3.8818858
-34.94 3.8821009
-34.93 3.8823399
-34.92 3.882555
-34.91 3.882794
-34.9 3.883033
-34.89 3.8832481
-34.88 3.8834871
-34.87 3.8837022
-34.86 3.8839412
-34.85 3.8841802
-34.84 3.8843953
-34.83 3.8846343
-34.82 3.8848733
-34.81 3.8850884
-34.8 3.8853274
-34.79 3.8855425
-34.78 3.8857815
-34.77 3.8860205
-34.76 3.8862356
-34.75 3.8864746
-34.74 3.8867136
-34.73 3.8869287
-34.72 3.8871677
-34.71 3.8873828
-34.7 3.8876218
-34.69 3.8878608
-34.68 3.8880759
-34.67 3.8883149
-34.66 3.8885539
-34.65 3.888769
-34.64 3.889008
-34.63 3.889247
-34.62 3.8894621
-34.61 3.8897011
-34.6 3.8899401
-34.59 3.8901552
-34.58 3.8903942
-34.57 3.8906332
-34.56 3.8908483
-34.55 3.8910873
-34.54 3.8913024
-34.53 3.8915414
-34.52 3.8917804
-34.51 3.8919955
-34.5 3.8922345
-34.49 3.8924735
-34.48 3.8927125
-34.47 3.8929276
-34.46 3.8931666
-34.45 3.8934056
-34.44 3.8936207
-34.43 3.8938597
-34.42 3.8940987
-34.41 3.8943138
-34.4 3.8945528
-34.39 3.8947918
-34.38 3.8950069
-34.37 3.8952459
-34.36 3.8954849
-34.35 3.8957
-34.34 3.895939
-34.33 3.896178
-34.32 3.896417
-34.31 3.8966321
-34.3 3.8968711
-34.29 3.8971101
-34.28 3.8973252
-34.27 3.8975642
-34.26 3.8978032
-34.25 3.8980183
-34.24 3.8982573
-34.23 3.8984963
-34.22 3.8987353
-34.21 3.8989504
-34.2 3.8991894
-34.19 3.8994284
-34.18 3.8996674
-34.17 3.8998825
-34.16 3.9001215
-34.15 3.9003605
-34.14 3.9005756
-34.13 3.9008146
-34.12 3.9010536
-34.11 3.9012926
-34.1 3.9015077
-34.09 3.9017467
-34.08 3.9019857
-34.07 3.9022247
-34.06 3.9024398
-34.05 3.9026788
-34.04 3.9029178
-34.03 3.9031568
-34.02 3.9033719
-34.01 3.9036109
-34.0 3.9038499
-33.99 3.9040889
-33.98 3.904304
-33.97 3.904543
-33.96 3.904782
-33.95 3.905021
-33.94 3.9052361
-33.93 3.9054751
-33.92 3.9057141
-33.91 3.9059531
-33.9 3.9061682
-33.89 3.9064072
-33.88 3.9066462
-33.87 3.9068852
-33.86 3.9071242
-33.85 3.9073393
-33.84 3.9075783
-33.83 3.9078173
-33.82 3.9080563
-33.81 3.9082714
-33.8 3.9085104
-33.79 3.9087494
-33.78 3.9089884
-33.77 3.9092274
-33.76 3.9094425
-33.75 3.9096815
-33.74 3.9099205
-33.73 3.9101595
-33.72 3.9103985
-33.71 3.9106136
-33.7 3.9108526
-33.69 3.9110916
-33.68 3.9113306
-33.67 3.9115696
-33.66 3.9117847
-33.65 3.9120237
-33.64 3.9122627
-33.63 3.9125017
-33.62 3.9127407
-33.61 3.9129558
-33.6 3.9131948
-33.59 3.9134338
-33.58 3.9136728
-33.57 3.9139118
-33.56 3.9141508
-33.55 3.9143659
-33.54 3.9146049
-33.53 3.9148439
-33.52 3.9150829
-33.51 3.9153219
-33.5 3.915537
-33.49 3.915776
-33.48 3.916015
-33.47 3.916254
-33.46 3.916493
-33.45 3.916732
-33.44 3.916971
-33.43 3.9171861
-33.42 3.9174251
-33.41 3.9176641
-33.4 3.9179031
-33.39 3.9181421
-33.38 3.9183811
-33.37 3.9185962
-33.36 3.9188352
-33.35 3.9190742
-33.34 3.9193132
-33.33 3.9195522
-33.32 3.9197912
-33.31 3.9200302
-33.3 3.9202453
-33.29 3.9204843
-33.28 3.9207233
-33.27 3.9209623
-33.26 3.9212013
-33.25 3.9214403
-33.24 3.9216793
-33.23 3.9219183
-33.22 3.9221334
-33.21 3.9223724
-33.2 3.9226114
-33.19 3.9228504
-33.18 3.9230894
-33.17 3.9233284
-33.16 3.9235674
-33.15 3.9238064
-33.14 3.9240215
-33.13 3.9242605
-33.12 3.9244995
-33.11 3.9247385
-33.1 3.9249775
-33.09 3.9252165
-33.08 3.9254555
-33.07 3.9256945
-33.06 3.9259335
-33.05 3.9261725
-33.04 3.9263876
-33.03 3.9266266
-33.02 3.9268656
-33.01 3.9271046
-33.0 3.9273436
-32.99 3.9275826
-32.98 3.9278216
-32.97 3.9280606
-32.96 3.9282996
-32.95 3.9285386
-32.94 3.9287776
-32.93 3.9289927
-32.92 3.9292317
-32.91 3.9294707
-32.9 3.9297097
-32.89 3.9299487
-32.88 3.9301877
-32.87 3.9304267
-32.86 3.9306657
-32.85 3.9309047
-32.84 3.9311437
-32.83 3.9313827
-32.82 3.9316217
-32.81 3.9318607
-32.8 3.9320997
-32.79 3.9323148
-32.78 3.9325538
-32.77 3.9327928
-32.76 3.9330318
-32.75 3.9332708
-32.74 3.9335098
-32.73 3.9337488
-32.72 3.9339878
-32.71 3.9342268
-32.7 3.9344658
-32.69 3.9347048
-32.68 3.9349438
-32.67 3.9351828
-32.66 3.9354218
-32.65 3.9356608
-32.64 3.9358998
-32.63 3.9361388
-32.62 3.9363778
-32.61 3.9366168
-32.6 3.9368558
-32.59 3.9370948
-32.58 3.9373338
-32.57 3.9375489
-32.56 3.9377879
-32.55 3.9380269
-32.54 3.9382659
-32.53 3.9385049
-32.52 3.9387439
-32.51 3.9389829
-32.5 3.9392219
-32.49 3.9394609
-32.48 3.9396999
-32.47 3.9399389
-32.46 3.9401779
-32.45 3.9404169
-32.44 3.9406559
-32.43 3.9408949
-32.42 3.9411339
-32.41 3.9413729
-32.4 3.9416119
-32.39 3.9418509
-32.38 3.9420899
-32.37 3.9423289
-32.36 3.9425679
-32.35 3.9428069
-32.34 3.9430459
-32.33 3.9432849
-32.32 3.9435239
-32.31 3.9437629
-32.3 3.9440019
-32.29 3.9442409
-32.28 3.9444799
-32.27 3.9447189
-32.26 3.9449579
-32.25 3.9451969
-32.24 3.9454359
-32.23 3.9456749
-32.22 3.9459139
-32.21 3.9461529
-32.2 3.9463919
-32.19 3.9466309
-32.18 3.9468699
-32.17 3.9471089
-32.16 3.9473479
-32.15 3.9476108
-32.14 3.9478498
-32.13 3.9480888
-32.12 3.9483278
-32.11 3.9485668
-32.1 3.9488058
-32.09 3.9490448
-32.08 3.9492838
-32.07 3.9495228
-32.06 3.9497618
-32.05 3.9500008
-32.04 3.9502398
-32.03 3.9504788
-32.02 3.9507178
-32.01 3.9509568
-32.0 3.9511958
-31.99 3.9514348
-31.98 3.9516738
-31.97 3.9519128
-31.96 3.9521518
-31.95 3.9523908
-31.94 3.9526298
-31.93 3.9528927
-31.92 3.9531317
-31.91 3.9533707
-31.9 3.9536097
-31.89 3.9538487
-31.88 3.9540877
-31.87 3.9543267
-31.86 3.9545657
-31.85 3.9548047
-31.84 3.9550437
-31.83 3.9552827
-31.82 3.9555217
-31.81 3.9557607
-31.8 3.9559997
-31.79 3.9562387
-31.78 3.9565016
-31.77 3.9567406
-31.76 3.9569796
-31.75 3.9572186
-31.74 3.9574576
-31.73 3.9576966
-31.72 3.9579356
-31.71 3.9581746
-31.7 3.9584136
-31.69 3.9586526
-31.68 3.9588916
-31.67 3.9591545
-31.66 3.9593935
-31.65 3.9596325
-31.64 3.9598715
-31.63 3.9601105
-31.62 3.9603495
-31.61 3.9605885
-31.6 3.9608275
-31.59 3.9610665
-31.58 3.9613055
-31.57 3.9615684
-31.56 3.9618074
-31.55 3.9620464
-31.54 3.9622854
-31.53 3.9625244
-31.52 3.9627634
-31.51 3.9630024
-31.5 3.9632414
-31.49 3.9634804
-31.48 3.9637433
-31.47 3.9639823
-31.46 3.9642213
-31.45 3.9644603
-31.44 3.9646993
-31.43 3.9649383
-31.42 3.9651773
-31.41 3.9654163
-31.4 3.9656792
-31.39 3.9659182
-31.38 3.9661572
-31.37 3.9663962
-31.36 3.9666352
-31.35 3.9668742
-31.34 3.9671132
-31.33 3.9673522
-31.32 3.9676151
-31.31 3.9678541
-31.3 3.9680931
-31.29 3.9683321
-31.28 3.9685711
-31.27 3.9688101
-31.26 3.9690491
-31.25 3.969312
-31.24 3.969551
-31.23 3.96979
-31.22 3.970029
-31.21 3.970268
-31.2 3.970507
-31.19 3.9707699
-31.18 3.9710089
-31.17 3.9712479
-31.16 3.9714869
-31.15 3.9717259
-31.14 3.9719649
-31.13 3.9722039
-31.12 3.9724668
-31.11 3.9727058
-31.1 3.9729448
-31.09 3.9731838
-31.08 3.9734228
-31.07 3.9736618
-31.06 3.9739247
-31.05 3.9741637
-31.04 3.9744027
-31.03 3.9746417
-31.02 3.9748807
-31.01 3.9751436
-31.0 3.9753826
-30.99 3.9756216
-30.98 3.9758606
-30.97 3.9760996
-30.96 3.9763386
-30.95 3.9766015
-30.94 3.9768405
-30.93 3.9770795
-30.92 3.9773185
-30.91 3.9775575
-30.9 3.9778204
-30.89 3.9780594
-30.88 3.9782984
-30.87 3.9785374
-30.86 3.9787764
-30.85 3.9790154
-30.84 3.9792783
-30.83 3.9795173
-30.82 3.9797563
-30.81 3.9799953
-30.8 3.9802343
-30.79 3.9804972
-30.78 3.9807362
-30.77 3.9809752
-30.76 3.9812142
-30.75 3.9814771
-30.74 3.9817161
-30.73 3.9819551
-30.72 3.9821941
-30.71 3.9824331
-30.7 3.982696
-30.69 3.982935
-30.68 3.983174
-30.67 3.983413
-30.66 3.983652
-30.65 3.9839149
-30.64 3.9841539
-30.63 3.9843929
-30.62 3.9846319
-30.61 3.9848948
-30.6 3.9851338
-30.59 3.9853728
-30.58 3.9856118
-30.57 3.9858508
-30.56 3.9861137
-30.55 3.9863527
-30.54 3.9865917
-30.53 3.9868307
-30.52 3.9870936
-30.51 3.9873326
-30.5 3.9875716
-30.49 3.9878106
-30.48 3.9880735
-30.47 3.9883125
-30.46 3.9885515
-30.45 3.9887905
-30.44 3.9890295
-30.43 3.9892924
-30.42 3.9895314
-30.41 3.9897704
-30.4 3.9900094
-30.39 3.9902723
-30.38 3.9905113
-30.37 3.9907503
-30.36 3.9909893
-30.35 3.9912522
-30.34 3.9914912
-30.33 3.9917302
-30.32 3.9919692
-30.31 3.9922321
-30.3 3.9924711
-30.29 3.9927101
-30.28 3.9929491
-30.27 3.993212
-30.26 3.993451
-30.25 3.99369
-30.24 3.9939529
-30.23 3.9941919
-30.22 3.9944309
-30.21 3.9946699
-30.2 3.9949328
-30.19 3.9951718
-30.18 3.9954108
-30.17 3.9956498
-30.16 3.9959127
-30.15 3.9961517
-30.14 3.9963907
-30.13 3.9966297
-30.12 3.9968926
-30.11 3.9971316
-30.1 3.9973706
-30.09 3.9976335
-30.08 3.9978725
-30.07 3.9981115
-30.06 3.9983505
-30.05 3.9986134
-30.04 3.9988524
-30.03 3.9990914
-30.02 3.9993543
-30.01 3.9995933
-30.0 3.9998323
-29.99 4.0000713
-29.98 4.0003342
-29.97 4.0005732
-29.96 4.0008122
-29.95 4.0010751
-29.94 4.0013141
-29.93 4.0015531
-29.92 4.0017921
-29.91 4.002055
-29.9 4.002294
-29.89 4.002533
-29.88 4.0027959
-29.87 4.0030349
-29.86 4.0032739
-29.85 4.0035368
-29.84 4.0037758
-29.83 4.0040148
-29.82 4.0042538
-29.81 4.0045167
-29.8 4.0047557
-29.79 4.0049947
-29.78 4.0052576
-29.77 4.0054966
-29.76 4.0057356
-29.75 4.0059985
-29.74 4.0062375
-29.73 4.0064765
-29.72 4.0067394
-29.71 4.0069784
-29.7 4.0072174
-29.69 4.0074803
-29.68 4.0077193
-29.67 4.0079583
-29.66 4.0081973
-29.65 4.0084602
-29.64 4.0086992
-29.63 4.0089382
-29.62 4.0092011
-29.61 4.0094401
-29.6 4.0096791
-29.59 4.009942
-29.58 4.010181
-29.57 4.01042
-29.56 4.0106829
-29.55 4.0109219
-29.54 4.0111609
-29.53 4.0114238
-29.52 4.0116628
-29.51 4.0119018
-29.5 4.0121647
-29.49 4.0124037
-29.48 4.0126427
-29.47 4.0129056
-29.46 4.0131446
-29.45 4.0133836
-29.44 4.0136465
-29.43 4.0138855
-29.42 4.0141245
-29.41 4.0143874
-29.4 4.0146264
-29.39 4.0148893
-29.38 4.0151283
-29.37 4.0153673
-29.36 4.0156302
-29.35 4.0158692
-29.34 4.0161082
-29.33 4.0163711
-29.32 4.0166101
-29.31 4.0168491
-29.3 4.017112
-29.29 4.017351
-29.28 4.01759
-29.27 4.0178529
-29.26 4.0180919
-29.25 4.0183309
-29.24 4.0185938
-29.23 4.0188328
-29.22 4.0190957
-29.21 4.0193347
-29.2 4.0195737
-29.19 4.0198366
-29.18 4.0200756
-29.17 4.0203146
-29.16 4.0205775
-29.15 4.0208165
-29.14 4.0210555
-29.13 4.0213184
-29.12 4.0215574
-29.11 4.0218203
-29.1 4.0220593
-29.09 4.0222983
-29.08 4.0225612
-29.07 4.0228002
-29.06 4.0230392
-29.05 4.0233021
-29.04 4.0235411
-29.03 4.023804
-29.02 4.024043
-29.01 4.024282
-29.0 4.0245449
-28.99 4.0247839
-28.98 4.0250229
-28.97 4.0252858
-28.96 4.0255248
-28.95 4.0257877
-28.94 4.0260267
-28.93 4.0262657
-28.92 4.0265286
-28.91 4.0267676
-28.9 4.0270305
-28.89 4.0272695
-28.88 4.0275085
-28.87 4.0277714
-28.86 4.0280104
-28.85 4.0282494
-28.84 4.0285123
-28.83 4.0287513
-28.82 4.0290142
-28.81 4.0292532
-28.8 4.0294922
-28.79 4.0297551
-28.78 4.0299941
-28.77 4.030257
-28.76 4.030496
-28.75 4.030735
-28.74 4.0309979
-28.73 4.0312369
-28.72 4.0314998
-28.71 4.0317388
-28.7 4.0319778
-28.69 4.0322407
-28.68 4.0324797
-28.67 4.0327426
-28.66 4.0329816
-28.65 4.0332206
-28.64 4.0334835
-28.63 4.0337225
-28.62 4.0339854
-28.61 4.0342244
-28.6 4.0344634
-28.59 4.0347263
-28.58 4.0349653
-28.57 4.0352282
-28.56 4.0354672
-28.55 4.0357301
-28.54 4.0359691
-28.53 4.0362081
-28.52 4.036471
-28.51 4.03671
-28.5 4.0369729
-28.49 4.0372119
-28.48 4.0374509
-28.47 4.0377138
-28.46 4.0379528
-28.45 4.0382157
-28.44 4.0384547
-28.43 4.0387176
-28.42 4.0389566
-28.41 4.0391956
-28.4 4.0394585
-28.39 4.0396975
-28.38 4.0399604
-28.37 4.0401994
-28.36 4.0404623
-28.35 4.0407013
-28.34 4.0409403
-28.33 4.0412032
-28.32 4.0414422
-28.31 4.0417051
-28.3 4.0419441
-28.29 4.042207
-28.28 4.042446
-28.27 4.042685
-28.26 4.0429479
-28.25 4.0431869
-28.24 4.0434498
-28.23 4.0436888
-28.22 4.0439517
-28.21 4.0441907
-28.2 4.0444297
-28.19 4.0446926
-28.18 4.0449316
-28.17 4.0451945
-28.16 4.0454335
-28.15 4.0456964
-28.14 4.0459354
-28.13 4.0461983
-28.12 4.0464373
-28.11 4.0466763
-28.1 4.0469392
-28.09 4.0471782
-28.08 4.0474411
-28.07 4.0476801
-28.06 4.047943
-28.05 4.048182
-28.04 4.0484449
-28.03 4.0486839
-28.02 4.0489229
-28.01 4.0491858
-28.0 4.0494248
-27.99 4.0496877
-27.98 4.0499267
-27.97 4.0501896
-27.96 4.0504286
-27.95 4.0506915
-27.94 4.0509305
-27.93 4.0511934
-27.92 4.0514324
-27.91 4.0516714
-27.9 4.0519343
-27.89 4.0521733
-27.88 4.0524362
-27.87 4.0526752
-27.86 4.0529381
-27.85 4.0531771
-27.84 4.05344
-27.83 4.053679
-27.82 4.0539419
-27.81 4.0541809
-27.8 4.0544199
-27.79 4.0546828
-27.78 4.0549218
-27.77 4.0551847
-27.76 4.0554237
-27.75 4.0556866
-27.74 4.0559256
-27.73 4.0561885
-27.72 4.0564275
-27.71 4.0566904
-27.7 4.0569294
-27.69 4.0571923
-27.68 4.0574313
-27.67 4.0576942
-27.66 4.0579332
-27.65 4.0581722
-27.64 4.0584351
-27.63 4.0586741
-27.62 4.058937
-27.61 4.059176
-27.6 4.0594389
-27.59 4.0596779
-27.58 4.0599408
-27.57 4.0601798
-27.56 4.0604427
-27.55 4.0606817
-27.54 4.0609446
-27.53 4.0611836
-27.52 4.0614465
-27.51 4.0616855
-27.5 4.0619484
-27.49 4.0621874
-27.48 4.0624503
-27.47 4.0626893
-27.46 4.0629283
-27.45 4.0631912
-27.44 4.0634302
-27.43 4.0636931
-27.42 4.0639321
-27.41 4.064195
-27.4 4.064434
-27.39 4.0646969
-27.38 4.0649359
-27.37 4.0651988
-27.36 4.0654378
-27.35 4.0657007
-27.34 4.0659397
-27.33 4.0662026
-27.32 4.0664416
-27.31 4.0667045
-27.3 4.0669435
-27.29 4.0672064
-27.28 4.0674454
-27.27 4.0677083
-27.26 4.0679473
-27.25 4.0682102
-27.24 4.0684492
-27.23 4.0687121
-27.22 4.0689511
-27.21 4.069214
-27.2 4.069453
-27.19 4.0697159
-27.18 4.0699549
-27.17 4.0702178
-27.16 4.0704568
-27.15 4.0707197
-27.14 4.0709587
-27.13 4.0712216
-27.12 4.0714606
-27.11 4.0717235
-27.1 4.0719625
-27.09 4.0722254
-27.08 4.0724644
-27.07 4.0727273
-27.06 4.0729663
-27.05 4.0732292
-27.04 4.0734682
-27.03 4.0737311
-27.02 4.0739701
-27.01 4.074233
-27.0 4.074472
-26.99 4.0747349
-26.98 4.0749739
-26.97 4.0752368
-26.96 4.0754758
-26.95 4.0757387
-26.94 4.0759777
-26.93 4.0762406
-26.92 4.0764796
-26.91 4.0767425
-26.9 4.0769815
-26.89 4.0772444
-26.88 4.0774834
-26.87 4.0777463
-26.86 4.0779853
-26.85 4.0782482
-26.84 4.0784872
-26.83 4.0787501
-26.82 4.0789891
-26.81 4.079252
-26.8 4.079491
-26.79 4.0797539
-26.78 4.0799929
-26.77 4.0802558
-26.76 4.0804948
-26.75 4.0807577
-26.74 4.0809967
-26.73 4.0812596
-26.72 4.0814986
-26.71 4.0817615
-26.7 4.0820005
-26.69 4.0822634
-26.68 4.0825024
-26.67 4.0827653
-26.66 4.0830043
-26.65 4.0832672
-26.64 4.0835062
-26.63 4.0837691
-26.62 4.0840081
-26.61 4.084271
-26.6 4.08451
-26.59 4.0847729
-26.58 4.0850119
-26.57 4.0852748
-26.56 4.0855138
-26.55 4.0857767
-26.54 4.0860157
-26.53 4.0862786
-26.52 4.0865176
-26.51 4.0867805
-26.5 4.0870195
-26.49 4.0872824
-26.48 4.0875214
-26.47 4.0877843
-26.46 4.0880233
-26.45 4.0882862
-26.44 4.0885491
-26.43 4.0887881
-26.42 4.089051
-26.41 4.08929
-26.4 4.0895529
-26.39 4.0897919
-26.38 4.0900548
-26.37 4.0902938
-26.36 4.0905567
-26.35 4.0907957
-26.34 4.0910586
-26.33 4.0912976
-26.32 4.0915605
-26.31 4.0917995
-26.3 4.0920624
-26.29 4.0923014
-26.28 4.0925643
-26.27 4.0928033
-26.26 4.0930662
-26.25 4.0933052
-26.24 4.0935681
-26.23 4.0938071
-26.22 4.09407
-26.21 4.094309
-26.2 4.0945719
-26.19 4.0948348
-26.18 4.0950738
-26.17 4.0953367
-26.16 4.0955757
-26.15 4.0958386
-26.14 4.0960776
-26.13 4.0963405
-26.12 4.0965795
-26.11 4.0968424
-26.1 4.0970814
-26.09 4.0973443
-26.08 4.0975833
-26.07 4.0978462
-26.06 4.0980852
-26.05 4.0983481
-26.04 4.0985871
-26.03 4.09885
-26.02 4.099089
-26.01 4.0993519
-26.0 4.0995909
-25.99 4.0998538
-25.98 4.1000928
-25.97 4.1003557
-25.96 4.1006186
-25.95 4.1008576
-25.94 4.1011205
-25.93 4.1013595
-25.92 4.1016224
-25.91 4.1018614
-25.9 4.1021243
-25.89 4.1023633
-25.88 4.1026262
-25.87 4.1028652
-25.86 4.1031281
-25.85 4.1033671
-25.84 4.10363
-25.83 4.103869
-25.82 4.1041319
-25.81 4.1043709
-25.8 4.1046338
-25.79 4.1048728
-25.78 4.1051357
-25.77 4.1053986
-25.76 4.1056376
-25.75 4.1059005
-25.74 4.1061395
-25.73 4.1064024
-25.72 4.1066414
-25.71 4.1069043
-25.7 4.1071433
-25.69 4.1074062
-25.68 4.1076452
-25.67 4.1079081
-25.66 4.1081471
-25.65 4.10841
-25.64 4.108649
-25.63 4.1089119
-25.62 4.1091509
-25.61 4.1094138
-25.6 4.1096767
-25.59 4.1099157
-25.58 4.1101786
-25.57 4.1104176
-25.56 4.1106805
-25.55 4.1109195
-25.54 4.1111824
-25.53 4.1114214
-25.52 4.1116843
-25.51 4.1119233
-25.5 4.1121862
-25.49 4.1124252
-25.48 4.1126881
-25.47 4.1129271
-25.46 4.11319
-25.45 4.113429
-25.44 4.1136919
-25.43 4.1139309
-25.42 4.1141938
-25.41 4.1144567
-25.4 4.1146957
-25.39 4.1149586
-25.38 4.1151976
-25.37 4.1154605
-25.36 4.1156995
-25.35 4.1159624
-25.34 4.1162014
-25.33 4.1164643
-25.32 4.1167033
-25.31 4.1169662
-25.3 4.1172052
-25.29 4.1174681
-25.28 4.1177071
-25.27 4.11797
-25.26 4.118209
-25.25 4.1184719
-25.24 4.1187109
-25.23 4.1189738
-25.22 4.1192367
-25.21 4.1194757
-25.2 4.1197386
-25.19 4.1199776
-25.18 4.1202405
-25.17 4.1204795
-25.16 4.1207424
-25.15 4.1209814
-25.14 4.1212443
-25.13 4.1214833
-25.12 4.1217462
-25.11 4.1219852
-25.1 4.1222481
-25.09 4.1224871
-25.08 4.12275
-25.07 4.122989
-25.06 4.1232519
-25.05 4.1234909
-25.04 4.1237538
-25.03 4.1240167
-25.02 4.1242557
-25.01 4.1245186
-25.0 4.1247576
-24.99 4.1250205
-24.98 4.1252595
-24.97 4.1255224
-24.96 4.1257614
-24.95 4.1260243
-24.94 4.1262633
-24.93 4.1265262
-24.92 4.1267652
-24.91 4.1270281
-24.9 4.1272671
-24.89 4.12753
-24.88 4.127769
-24.87 4.1280319
-24.86 4.1282709
-24.85 4.1285338
-24.84 4.1287728
-24.83 4.1290357
-24.82 4.1292986
-24.81 4.1295376
-24.8 4.1298005
-24.79 4.1300395
-24.78 4.1303024
-24.77 4.1305414
-24.76 4.1308043
-24.75 4.1310433
-24.74 4.1313062
-24.73 4.1315452
-24.72 4.1318081
-24.71 4.1320471
-24.7 4.13231
-24.69 4.132549
-24.68 4.1328119
-24.67 4.1330509
-24.66 4.1333138
-24.65 4.1335528
-24.64 4.1338157
-24.63 4.1340547
-24.62 4.1343176
-24.61 4.1345566
-24.6 4.1348195
-24.59 4.1350585
-24.58 4.1353214
-24.57 4.1355604
-24.56 4.1358233
-24.55 4.1360862
-24.54 4.1363252
-24.53 4.1365881
-24.52 4.1368271
-24.51 4.13709
-24.5 4.137329
-24.49 4.1375919
-24.48 4.1378309
-24.47 4.1380938
-24.46 4.1383328
-24.45 4.1385957
-24.44 4.1388347
-24.43 4.1390976
-24.42 4.1393366
-24.41 4.1395995
-24.4 4.1398385
-24.39 4.1401014
-24.38 4.1403404
-24.37 4.1406033
-24.36 4.1408423
-24.35 4.1411052
-24.34 4.1413442
-24.33 4.1416071
-24.32 4.1418461
-24.31 4.142109
-24.3 4.142348
-24.29 4.1426109
-24.28 4.1428499
-24.27 4.1431128
-24.26 4.1433518
-24.25 4.1436147
-24.24 4.1438537
-24.23 4.1441166
-24.22 4.1443556
-24.21 4.1446185
-24.2 4.1448575
-24.19 4.1451204
-24.18 4.1453594
-24.17 4.1456223
-24.16 4.1458613
-24.15 4.1461242
-24.14 4.1463632
-24.13 4.1466261
-24.12 4.1468651
-24.11 4.147128
-24.1 4.147367
-24.09 4.1476299
-24.08 4.1478689
-24.07 4.1481318
-24.06 4.1483708
-24.05 4.1486337
-24.04 4.1488727
-24.03 4.1491356
-24.02 4.1493746
-24.01 4.1496375
-24.0 4.1498765
-23.99 4.1501394
-23.98 4.1503784
-23.97 4.1506413
-23.96 4.1508803
-23.95 4.1511432
-23.94 4.1513822
-23.93 4.1516451
-23.92 4.1518841
-23.91 4.152147
-23.9 4.152386
-23.89 4.1526489
-23.88 4.1528879
-23.87 4.1531508
-23.86 4.1533898
-23.85 4.1536527
-23.84 4.1538917
-23.83 4.1541546
-23.82 4.1543936
-23.81 4.1546565
-23.8 4.1548955
-23.79 4.1551584
-23.78 4.1553974
-23.77 4.1556603
-23.76 4.1558993
-23.75 4.1561622
-23.74 4.1564012
-23.73 4.1566641
-23.72 4.1569031
-23.71 4.157166
-23.7 4.157405
-23.69 4.1576679
-23.68 4.1579069
-23.67 4.1581698
-23.66 4.1584088
-23.65 4.1586717
-23.64 4.1589107
-23.63 4.1591736
-23.62 4.1594126
-23.61 4.1596755
-23.6 4.1599145
-23.59 4.1601535
-23.58 4.1604164
-23.57 4.1606554
-23.56 4.1609183
-23.55 4.1611573
-23.54 4.1614202
-23.53 4.1616592
-23.52 4.1619221
-23.51 4.1621611
-23.5 4.162424
-23.49 4.162663
-23.48 4.1629259
-23.47 4.1631649
-23.46 4.1634278
-23.45 4.1636668
-23.44 4.1639297
-23.43 4.1641687
-23.42 4.1644316
-23.41 4.1646706
-23.4 4.1649096
-23.39 4.1651725
-23.38 4.1654115
-23.37 4.1656744
-23.36 4.1659134
-23.35 4.1661763
-23.34 4.1664153
-23.33 4.1666782
-23.32 4.1669172
-23.31 4.1671801
-23.3 4.1674191
-23.29 4.167682
-23.28 4.167921
-23.27 4.16816
-23.26 4.1684229
-23.25 4.1686619
-23.24 4.1689248
-23.23 4.1691638
-23.22 4.1694267
-23.21 4.1696657
-23.2 4.1699286
-23.19 4.1701676
-23.18 4.1704305
-23.17 4.1706695
-23.16 4.1709324
-23.15 4.1711714
-23.14 4.1714104
-23.13 4.1716733
-23.12 4.1719123
-23.11 4.1721752
-23.1 4.1724142
-23.09 4.1726771
-23.08 4.1729161
-23.07 4.173179
-23.06 4.173418
-23.05 4.173657
-23.04 4.1739199
-23.03 4.1741589
-23.02 4.1744218
-23.01 4.1746608
-23.0 4.1749237
-22.99 4.1751627
-22.98 4.1754256
-22.97 4.1756646
-22.96 4.1759036
-22.95 4.1761665
-22.94 4.1764055
-22.93 4.1766684
-22.92 4.1769074
-22.91 4.1771703
-22.9 4.1774093
-22.89 4.1776722
-22.88 4.1779112
-22.87 4.1781502
-22.86 4.1784131
-22.85 4.1786521
-22.84 4.178915
-22.83 4.179154
-22.82 4.1794169
-22.81 4.1796559
-22.8 4.1798949
-22.79 4.1801578
-22.78 4.1803968
-22.77 4.1806597
-22.76 4.1808987
-22.75 4.1811616
-22.74 4.1814006
-22.73 4.1816396
-22.72 4.1819025
-22.71 4.1821415
-22.7 4.1824044
-22.69 4.1826434
-22.68 4.1828824
-22.67 4.1831453
-22.66 4.1833843
-22.65 4.1836472
-22.64 4.1838862
-22.63 4.1841491
-22.62 4.1843881
-22.61 4.1846271
-22.6 4.18489
-22.59 4.185129
-22.58 4.1853919
-22.57 4.1856309
-22.56 4.1858699
-22.55 4.1861328
-22.54 4.1863718
-22.53 4.1866347
-22.52 4.1868737
-22.51 4.1871127
-22.5 4.1873756
-22.49 4.1876146
-22.48 4.1878775
-22.47 4.1881165
-22.46 4.1883794
-22.45 4.1886184
-22.44 4.1888574
-22.43 4.1891203
-22.42 4.1893593
-22.41 4.1896222
-22.4 4.1898612
-22.39 4.1901002
-22.38 4.1903631
-22.37 4.1906021
-22.36 4.1908411
-22.35 4.191104
-22.34 4.191343
-22.33 4.1916059
-22.32 4.1918449
-22.31 4.1920839
-22.3 4.1923468
-22.29 4.1925858
-22.28 4.1928487
-22.27 4.1930877
-22.26 4.1933267
-22.25 4.1935896
-22.24 4.1938286
-22.23 4.1940915
-22.22 4.1943305
-22.21 4.1945695
-22.2 4.1948324
-22.19 4.1950714
-22.18 4.1953104
-22.17 4.1955733
-22.16 4.1958123
-22.15 4.1960752
-22.14 4.1963142
-22.13 4.1965532
-22.12 4.1968161
-22.11 4.1970551
-22.1 4.1972941
-22.09 4.197557
-22.08 4.197796
-22.07 4.198035
-22.06 4.1982979
-22.05 4.1985369
-22.04 4.1987998
-22.03 4.1990388
-22.02 4.1992778
-22.01 4.1995407
-22.0 4.1997797
-21.99 4.2000187
-21.98 4.2002816
-21.97 4.2005206
-21.96 4.2007596
-21.95 4.2010225
-21.94 4.2012615
-21.93 4.2015244
-21.92 4.2017634
-21.91 4.2020024
-21.9 4.2022653
-21.89 4.2025043
-21.88 4.2027433
-21.87 4.2030062
-21.86 4.2032452
-21.85 4.2034842
-21.84 4.2037471
-21.83 4.2039861
-21.82 4.2042251
-21.81 4.204488
-21.8 4.204727
-21.79 4.204966
-21.78 4.2052289
-21.77 4.2054679
-21.76 4.2057069
-21.75 4.2059698
-21.74 4.2062088
-21.73 4.2064478
-21.72 4.2067107
-21.71 4.2069497
-21.7 4.2071887
-21.69 4.2074516
-21.68 4.2076906
-21.67 4.2079296
-21.66 4.2081925
-21.65 4.2084315
-21.64 4.2086705
-21.63 4.2089334
-21.62 4.2091724
-21.61 4.2094114
-21.6 4.2096743
-21.59 4.2099133
-21.58 4.2101523
-21.57 4.2104152
-21.56 4.2106542
-21.55 4.2108932
-21.54 4.2111322
-21.53 4.2113951
-21.52 4.2116341
-21.51 4.2118731
-21.5 4.212136
-21.49 4.212375
-21.48 4.212614
-21.47 4.2128769
-21.46 4.2131159
-21.45 4.2133549
-21.44 4.2135939
-21.43 4.2138568
-21.42 4.2140958
-21.41 4.2143348
-21.4 4.2145977
-21.39 4.2148367
-21.38 4.2150757
-21.37 4.2153386
-21.36 4.2155776
-21.35 4.2158166
-21.34 4.2160556
-21.33 4.2163185
-21.32 4.2165575
-21.31 4.2167965
-21.3 4.2170594
-21.29 4.2172984
-21.28 4.2175374
-21.27 4.2177764
-21.26 4.2180393
-21.25 4.2182783
-21.24 4.2185173
-21.23 4.2187802
-21.22 4.2190192
-21.21 4.2192582
-21.2 4.2194972
-21.19 4.2197601
-21.18 4.2199991
-21.17 4.2202381
-21.16 4.2204771
-21.15 4.22074
-21.14 4.220979
-21.13 4.221218
-21.12 4.221457
-21.11 4.2217199
-21.1 4.2219589
-21.09 4.2221979
-21.08 4.2224369
-21.07 4.2226998
-21.06 4.2229388
-21.05 4.2231778
-21.04 4.2234168
-21.03 4.2236797
-21.02 4.2239187
-21.01 4.2241577
-21.0 4.2243967
-20.99 4.2246596
-20.98 4.2248986
-20.97 4.2251376
-20.96 4.2253766
-20.95 4.2256395
-20.94 4.2258785
-20.93 4.2261175
-20.92 4.2263565
-20.91 4.2266194
-20.9 4.2268584
-20.89 4.2270974
-20.88 4.2273364
-20.87 4.2275993
-20.86 4.2278383
-20.85 4.2280773
-20.84 4.2283163
-20.83 4.2285553
-20.82 4.2288182
-20.81 4.2290572
-20.8 4.2292962
-20.79 4.2295352
-20.78 4.2297981
-20.77 4.2300371
-20.76 4.2302761
-20.75 4.2305151
-20.74 4.2307541
-20.73 4.231017
-20.72 4.231256
-20.71 4.231495
-20.7 4.231734
-20.69 4.231973
-20.68 4.2322359
-20.67 4.2324749
-20.66 4.2327139
-20.65 4.2329529
-20.64 4.2331919
-20.63 4.2334548
-20.62 4.2336938
-20.61 4.2339328
-20.6 4.2341718
-20.59 4.2344108
-20.58 4.2346737
-20.57 4.2349127
-20.56 4.2351517
-20.55 4.2353907
-20.54 4.2356297
-20.53 4.2358926
-20.52 4.2361316
-20.51 4.2363706
-20.5 4.2366096
-20.49 4.2368486
-20.48 4.2370876
-20.47 4.2373505
-20.46 4.2375895
-20.45 4.2378285
-20.44 4.2380675
-20.43 4.2383065
-20.42 4.2385455
-20.41 4.2388084
-20.4 4.2390474
-20.39 4.2392864
-20.38 4.2395254
-20.37 4.2397644
-20.36 4.2400034
-20.35 4.2402663
-20.34 4.2405053
-20.33 4.2407443
-20.32 4.2409833
-20.31 4.2412223
-20.3 4.2414613
-20.29 4.2417003
-20.28 4.2419632
-20.27 4.2422022
-20.26 4.2424412
-20.25 4.2426802
-20.24 4.2429192
-20.23 4.2431582
-20.22 4.2433972
-20.21 4.2436601
-20.2 4.2438991
-20.19 4.2441381
-20.18 4.2443771
-20.17 4.2446161
-20.16 4.2448551
-20.15 4.2450941
-20.14 4.2453331
-20.13 4.245596
-20.12 4.245835
-20.11 4.246074
-20.1 4.246313
-20.09 4.246552
-20.08 4.246791
-20.07 4.24703
-20.06 4.247269
-20.05 4.2475319
-20.04 4.2477709
-20.03 4.2480099
-20.02 4.2482489
-20.01 4.2484879
-20.0 4.2487269
-19.99 4.2489659
-19.98 4.2492049
-19.97 4.2494439
-19.96 4.2496829
-19.95 4.2499458
-19.94 4.2501848
-19.93 4.2504238
-19.92 4.2506628
-19.91 4.2509018
-19.9 4.2511408
-19.89 4.2513798
-19.88 4.2516188
-19.87 4.2518578
-19.86 4.2520968
-19.85 4.2523358
-19.84 4.2525748
-19.83 4.2528377
-19.82 4.2530767
-19.81 4.2533157
-19.8 4.2535547
-19.79 4.2537937
-19.78 4.2540327
-19.77 4.2542717
-19.76 4.2545107
-19.75 4.2547497
-19.74 4.2549887
-19.73 4.2552277
-19.72 4.2554667
-19.71 4.2557057
-19.7 4.2559447
-19.69 4.2561837
-19.68 4.2564227
-19.67 4.2566617
-19.66 4.2569246
-19.65 4.2571636
-19.64 4.2574026
-19.63 4.2576416
-19.62 4.2578806
-19.61 4.2581196
-19.6 4.2583586
-19.59 4.2585976
-19.58 4.2588366
-19.57 4.2590756
-19.56 4.2593146
-19.55 4.2595536
-19.54 4.2597926
-19.53 4.2600316
-19.52 4.2602706
-19.51 4.2605096
-19.5 4.2607486
-19.49 4.2609876
-19.48 4.2612266
-19.47 4.2614656
-19.46 4.2617046
-19.45 4.2619436
-19.44 4.2621826
-19.43 4.2624216
-19.42 4.2626606
-19.41 4.2628996
-19.4 4.2631386
-19.39 4.2633776
-19.38 4.2636166
-19.37 4.2638556
-19.36 4.2640946
-19.35 4.2643336
-19.34 4.2645726
-19.33 4.2648116
-19.32 4.2650506
-19.31 4.2652896
-19.3 4.2655286
-19.29 4.2657676
-19.28 4.2660066
-19.27 4.2662456
-19.26 4.2664846
-19.25 4.2667236
-19.24 4.2669626
-19.23 4.2672016
-19.22 4.2674406
-19.21 4.2676796
-19.2 4.2679186
-19.19 4.2681576
-19.18 4.2683966
-19.17 4.2686356
-19.16 4.2688746
-19.15 4.2691136
-19.14 4.2693287
-19.13 4.2695677
-19.12 4.2698067
-19.11 4.2700457
-19.1 4.2702847
-19.09 4.2705237
-19.08 4.2707627
-19.07 4.2710017
-19.06 4.2712407
-19.05 4.2714797
-19.04 4.2717187
-19.03 4.2719577
-19.02 4.2721967
-19.01 4.2724357
-19.0 4.2726747
-18.99 4.2729137
-18.98 4.2731288
-18.97 4.2733678
-18.96 4.2736068
-18.95 4.2738458
-18.94 4.2740848
-18.93 4.2743238
-18.92 4.2745628
-18.91 4.2748018
-18.9 4.2750408
-18.89 4.2752798
-18.88 4.2755188
-18.87 4.2757339
-18.86 4.2759729
-18.85 4.2762119
-18.84 4.2764509
-18.83 4.2766899
-18.82 4.2769289
-18.81 4.2771679
-18.8 4.2774069
-18.79 4.2776459
-18.78 4.277861
-18.77 4.2781
-18.76 4.278339
-18.75 4.278578
-18.74 4.278817
-18.73 4.279056
-18.72 4.279295
-18.71 4.279534
-18.7 4.2797491
-18.69 4.2799881
-18.68 4.2802271
-18.67 4.2804661
-18.66 4.2807051
-18.65 4.2809441
-18.64 4.2811831
-18.63 4.2813982
-18.62 4.2816372
-18.61 4.2818762
-18.6 4.2821152
-18.59 4.2823542
-18.58 4.2825932
-18.57 4.2828322
-18.56 4.2830473
-18.55 4.2832863
-18.54 4.2835253
-18.53 4.2837643
-18.52 4.2840033
-18.51 4.2842423
-18.5 4.2844574
-18.49 4.2846964
-18.48 4.2849354
-18.47 4.2851744
-18.46 4.2854134
-18.45 4.2856285
-18.44 4.2858675
-18.43 4.2861065
-18.42 4.2863455
-18.41 4.2865845
-18.4 4.2868235
-18.39 4.2870386
-18.38 4.2872776
-18.37 4.2875166
-18.36 4.2877556
-18.35 4.2879946
-18.34 4.2882097
-18.33 4.2884487
-18.32 4.2886877
-18.31 4.2889267
-18.3 4.2891418
-18.29 4.2893808
-18.28 4.2896198
-18.27 4.2898588
-18.26 4.2900978
-18.25 4.2903129
-18.24 4.2905519
-18.23 4.2907909
-18.22 4.2910299
-18.21 4.291245
-18.2 4.291484
-18.19 4.291723
-18.18 4.291962
-18.17 4.2921771
-18.16 4.2924161
-18.15 4.2926551
-18.14 4.2928941
-18.13 4.2931092
-18.12 4.2933482
-18.11 4.2935872
-18.1 4.2938262
-18.09 4.2940413
-18.08 4.2942803
-18.07 4.2945193
-18.06 4.2947583
-18.05 4.2949734
-18.04 4.2952124
-18.03 4.2954514
-18.02 4.2956904
-18.01 4.2959055
-18.0 4.2961445
-17.99 4.2963835
-17.98 4.2965986
-17.97 4.2968376
-17.96 4.2970766
-17.95 4.2973156
-17.94 4.2975307
-17.93 4.2977697
-17.92 4.2980087
-17.91 4.2982238
-17.9 4.2984628
-17.89 4.2987018
-17.88 4.2989169
-17.87 4.2991559
-17.86 4.2993949
-17.85 4.2996339
-17.84 4.299849
-17.83 4.300088
-17.82 4.300327
-17.81 4.3005421
-17.8 4.3007811
-17.79 4.3010201
-17.78 4.3012352
-17.77 4.3014742
-17.76 4.3017132
-17.75 4.3019283
-17.74 4.3021673
-17.73 4.3024063
-17.72 4.3026214
-17.71 4.3028604
-17.7 4.3030994
-17.69 4.3033145
-17.68 4.3035535
-17.67 4.3037686
-17.66 4.3040076
-17.65 4.3042466
-17.64 4.3044617
-17.63 4.3047007
-17.62 4.3049397
-17.61 4.3051548
-17.6 4.3053938
-17.59 4.3056328
-17.58 4.3058479
-17.57 4.3060869
-17.56 4.306302
-17.55 4.306541
-17.54 4.30678
-17.53 4.3069951
-17.52 4.3072341
-17.51 4.3074492
-17.5 4.3076882
-17.49 4.3079272
-17.48 4.3081423
-17.47 4.3083813
-17.46 4.3085964
-17.45 4.3088354
-17.44 4.3090744
-17.43 4.3092895
-17.42 4.3095285
-17.41 4.3097436
-17.4 4.3099826
-17.39 4.3102216
-17.38 4.3104367
-17.37 4.3106757
-17.36 4.3108908
-17.35 4.3111298
-17.34 4.3113449
-17.33 4.3115839
-17.32 4.311799
-17.31 4.312038
-17.3 4.312277
-17.29 4.3124921
-17.28 4.3127311
-17.27 4.3129462
-17.26 4.3131852
-17.25 4.3134003
-17.24 4.3136393
-17.23 4.3138544
-17.22 4.3140934
-17.21 4.3143085
-17.2 4.3145475
-17.19 4.3147865
-17.18 4.3150016
-17.17 4.3152406
-17.16 4.3154557
-17.15 4.3156947
-17.14 4.3159098
-17.13 4.3161488
-17.12 4.3163639
-17.11 4.3166029
-17.1 4.316818
-17.09 4.317057
-17.08 4.3172721
-17.07 4.3175111
-17.06 4.3177262
-17.05 4.3179652
-17.04 4.3181803
-17.03 4.3184193
-17.02 4.3186344
-17.01 4.3188734
-17.0 4.3190885
-16.99 4.3193275
-16.98 4.3195426
-16.97 4.3197816
-16.96 4.3199967
-16.95 4.3202118
-16.94 4.3204508
-16.93 4.3206659
-16.92 4.3209049
-16.91 4.32112
-16.9 4.321359
-16.89 4.3215741
-16.88 4.3218131
-16.87 4.3220282
-16.86 4.3222672
-16.85 4.3224823
-16.84 4.3226974
-16.83 4.3229364
-16.82 4.3231515
-16.81 4.3233905
-16.8 4.3236056
-16.79 4.3238446
-16.78 4.3240597
-16.77 4.3242748
-16.76 4.3245138
-16.75 4.3247289
-16.74 4.3249679
-16.73 4.325183
-16.72 4.3253981
-16.71 4.3256371
-16.7 4.3258522
-16.69 4.3260912
-16.68 4.3263063
-16.67 4.3265214
-16.66 4.3267604
-16.65 4.3269755
-16.64 4.3272145
-16.63 4.3274296
-16.62 4.3276447
-16.61 4.3278837
-16.6 4.3280988
-16.59 4.3283378
-16.58 4.3285529
-16.57 4.328768
-16.56 4.329007
-16.55 4.3292221
-16.54 4.3294372
-16.53 4.3296762
-16.52 4.3298913
-16.51 4.3301064
-16.5 4.3303454
-16.49 4.3305605
-16.48 4.3307756
-16.47 4.3310146
-16.46 4.3312297
-16.45 4.3314448
-16.44 4.3316838
-16.43 4.3318989
-16.42 4.332114
-16.41 4.332353
-16.4 4.3325681
-16.39 4.3327832
-16.38 4.3330222
-16.37 4.3332373
-16.36 4.3334524
-16.35 4.3336914
-16.34 4.3339065
-16.33 4.3341216
-16.32 4.3343606
-16.31 4.3345757
-16.3 4.3347908
-16.29 4.3350059
-16.28 4.3352449
-16.27 4.33546
-16.26 4.3356751
-16.25 4.3359141
-16.24 4.3361292
-16.23 4.3363443
-16.22 4.3365594
-16.21 4.3367984
-16.2 4.3370135
-16.19 4.3372286
-16.18 4.3374437
-16.17 4.3376827
-16.16 4.3378978
-16.15 4.3381129
-16.14 4.338328
-16.13 4.338567
-16.12 4.3387821
-16.11 4.3389972
-16.1 4.3392123
-16.09 4.3394513
-16.08 4.3396664
-16.07 4.3398815
-16.06 4.3400966
-16.05 4.3403356
-16.04 4.3405507
-16.03 4.3407658
-16.02 4.3409809
-16.01 4.341196
-16.0 4.341435
-15.99 4.3416501
-15.98 4.3418652
-15.97 4.3420803
-15.96 4.3422954
-15.95 4.3425344
-15.94 4.3427495
-15.93 4.3429646
-15.92 4.3431797
-15.91 4.3433948
-15.9 4.3436338
-15.89 4.3438489
-15.88 4.344064
-15.87 4.3442791
-15.86 4.3444942
-15.85 4.3447093
-15.84 4.3449483
-15.83 4.3451634
-15.82 4.3453785
-15.81 4.3455936
-15.8 4.3458087
-15.79 4.3460238
-15.78 4.3462628
-15.77 4.3464779
-15.76 4.346693
-15.75 4.3469081
-15.74 4.3471232
-15.73 4.3473383
-15.72 4.3475534
-15.71 4.3477685
-15.7 4.3480075
-15.69 4.3482226
-15.68 4.3484377
-15.67 4.3486528
-15.66 4.3488679
-15.65 4.349083
-15.64 4.3492981
-15.63 4.3495132
-15.62 4.3497283
-15.61 4.3499673
-15.6 4.3501824
-15.59 4.3503975
-15.58 4.3506126
-15.57 4.3508277
-15.56 4.3510428
-15.55 4.3512579
-15.54 4.351473
-15.53 4.3516881
-15.52 4.3519032
-15.51 4.3521183
-15.5 4.3523334
-15.49 4.3525485
-15.48 4.3527875
-15.47 4.3530026
-15.46 4.3532177
-15.45 4.3534328
-15.44 4.3536479
-15.43 4.353863
-15.42 4.3540781
-15.41 4.3542932
-15.4 4.3545083
-15.39 4.3547234
-15.38 4.3549385
-15.37 4.3551536
-15.36 4.3553687
-15.35 4.3555838
-15.34 4.3557989
-15.33 4.356014
-15.32 4.3562291
-15.31 4.3564442
-15.3 4.3566593
-15.29 4.3568744
-15.28 4.3570895
-15.27 4.3573046
-15.26 4.3575197
-15.25 4.3577348
-15.24 4.3579499
-15.23 4.358165
-15.22 4.3583801
-15.21 4.3585952
-15.2 4.3588103
-15.19 4.3590254
-15.18 4.3592405
-15.17 4.3594556
-15.16 4.3596707
-15.15 4.3598858
-15.14 4.3601009
-15.13 4.360316
-15.12 4.3605311
-15.11 4.3607223
-15.1 4.3609374
-15.09 4.3611525
-15.08 4.3613676
-15.07 4.3615827
-15.06 4.3617978
-15.05 4.3620129
-15.04 4.362228
-15.03 4.3624431
-15.02 4.3626582
-15.01 4.3628733
-15.0 4.3630884
-14.99 4.3633035
-14.98 4.3634947
-14.97 4.3637098
-14.96 4.3639249
-14.95 4.36414
-14.94 4.3643551
-14.93 4.3645702
-14.92 4.3647853
-14.91 4.3650004
-14.9 4.3651916
-14.89 4.3654067
-14.88 4.3656218
-14.87 4.3658369
-14.86 4.366052
-14.85 4.3662671
-14.84 4.3664822
-14.83 4.3666973
-14.82 4.3668885
-14.81 4.3671036
-14.8 4.3673187
-14.79 4.3675338
-14.78 4.3677489
-14.77 4.367964
-14.76 4.3681552
-14.75 4.3683703
-14.74 4.3685854
-14.73 4.3688005
-14.72 4.3690156
-14.71 4.3692307
-14.7 4.3694219
-14.69 4.369637
-14.68 4.3698521
-14.67 4.3700672
-14.66 4.3702823
-14.65 4.3704735
-14.64 4.3706886
-14.63 4.3709037
-14.62 4.3711188
-14.61 4.37131
-14.6 4.3715251
-14.59 4.3717402
-14.58 4.3719553
-14.57 4.3721704
-14.56 4.3723616
-14.55 4.3725767
-14.54 4.3727918
-14.53 4.3730069
-14.52 4.3731981
-14.51 4.3734132
-14.5 4.3736283
-14.49 4.3738434
-14.48 4.3740346
-14.47 4.3742497
-14.46 4.3744648
-14.45 4.3746799
-14.44 4.3748711
-14.43 4.3750862
-14.42 4.3753013
-14.41 4.3754925
-14.4 4.3757076
-14.39 4.3759227
-14.38 4.3761378
-14.37 4.376329
-14.36 4.3765441
-14.35 4.3767592
-14.34 4.3769504
-14.33 4.3771655
-14.32 4.3773806
-14.31 4.3775718
-14.3 4.3777869
-14.29 4.378002
-14.28 4.3781932
-14.27 4.3784083
-14.26 4.3786234
-14.25 4.3788146
-14.24 4.3790297
-14.23 4.3792448
-14.22 4.379436
-14.21 4.3796511
-14.2 4.3798662
-14.19 4.3800574
-14.18 4.3802725
-14.17 4.3804876
-14.16 4.3806788
-14.15 4.3808939
-14.14 4.3810851
-14.13 4.3813002
-14.12 4.3815153
-14.11 4.3817065
-14.1 4.3819216
-14.09 4.3821128
-14.08 4.3823279
-14.07 4.382543
-14.06 4.3827342
-14.05 4.3829493
-14.04 4.3831405
-14.03 4.3833556
-14.02 4.3835707
-14.01 4.3837619
-14.0 4.383977
-13.99 4.3841682
-13.98 4.3843833
-13.97 4.3845745
-13.96 4.3847896
-13.95 4.3850047
-13.94 4.3851959
-13.93 4.385411
-13.92 4.3856022
-13.91 4.3858173
-13.9 4.3860085
-13.89 4.3862236
-13.88 4.3864148
-13.87 4.3866299
-13.86 4.3868211
-13.85 4.3870362
-13.84 4.3872274
-13.83 4.3874425
-13.82 4.3876337
-13.81 4.3878488
-13.8 4.38804
-13.79 4.3882551
-13.78 4.3884463
-13.77 4.3886614
-13.76 4.3888526
-13.75 4.3890677
-13.74 4.3892589
-13.73 4.389474
-13.72 4.3896652
-13.71 4.3898803
-13.7 4.3900715
-13.69 4.3902866
-13.68 4.3904778
-13.67 4.3906929
-13.66 4.3908841
-13.65 4.3910992
-13.64 4.3912904
-13.63 4.3915055
-13.62 4.3916967
-13.61 4.3918879
-13.6 4.392103
-13.59 4.3922942
-13.58 4.3925093
-13.57 4.3927005
-13.56 4.3929156
-13.55 4.3931068
-13.54 4.393298
-13.53 4.3935131
-13.52 4.3937043
-13.51 4.3939194
-13.5 4.3941106
-13.49 4.3943018
-13.48 4.3945169
-13.47 4.3947081
-13.46 4.3948993
-13.45 4.3951144
-13.44 4.3953056
-13.43 4.3955207
-13.42 4.3957119
-13.41 4.3959031
-13.4 4.3961182
-13.39 4.3963094
-13.38 4.3965006
-13.37 4.3967157
-13.36 4.3969069
-13.35 4.3970981
-13.34 4.3973132
-13.33 4.3975044
-13.32 4.3976956
-13.31 4.3979107
-13.3 4.3981019
-13.29 4.3982931
-13.28 4.3985082
-13.27 4.3986994
-13.26 4.3988906
-13.25 4.3991057
-13.24 4.3992969
-13.23 4.3994881
-13.22 4.3997032
-13.21 4.3998944
-13.2 4.4000856
-13.19 4.4002768
-13.18 4.4004919
-13.17 4.4006831
-13.16 4.4008743
-13.15 4.4010655
-13.14 4.4012806
-13.13 4.4014718
-13.12 4.401663
-13.11 4.4018781
-13.1 4.4020693
-13.09 4.4022605
-13.08 4.4024517
-13.07 4.4026429
-13.06 4.402858
-13.05 4.4030492
-13.04 4.4032404
-13.03 4.4034316
-13.02 4.4036467
-13.01 4.4038379
-13.0 4.4040291
-12.99 4.4042203
-12.98 4.4044115
-12.97 4.4046266
-12.96 4.4048178
-12.95 4.405009
-12.94 4.4052002
-12.93 4.4053914
-12.92 4.4056065
-12.91 4.4057977
-12.9 4.4059889
-12.89 4.4061801
-12.88 4.4063713
-12.87 4.4065625
-12.86 4.4067776
-12.85 4.4069688
-12.84 4.40716
-12.83 4.4073512
-12.82 4.4075424
-12.81 4.4077336
-12.8 4.4079248
-12.79 4.4081399
-12.78 4.4083311
-12.77 4.4085223
-12.76 4.4087135
-12.75 4.4089047
-12.74 4.4090959
-12.73 4.4092871
-12.72 4.4094783
-12.71 4.4096695
-12.7 4.4098846
-12.69 4.4100758
-12.68 4.410267
-12.67 4.4104582
-12.66 4.4106494
-12.65 4.4108406
-12.64 4.4110318
-12.63 4.411223
-12.62 4.4114142
-12.61 4.4116054
-12.6 4.4117966
-12.59 4.4119878
-12.58 4.412179
-12.57 4.4123702
-12.56 4.4125853
-12.55 4.4127765
-12.54 4.4129677
-12.53 4.4131589
-12.52 4.4133501
-12.51 4.4135413
-12.5 4.4137325
-12.49 4.4139237
-12.48 4.4141149
-12.47 4.4143061
-12.46 4.4144973
-12.45 4.4146885
-12.44 4.4148797
-12.43 4.4150709
-12.42 4.4152621
-12.41 4.4154533
-12.4 4.4156445
-12.39 4.4158357
-12.38 4.4160269
-12.37 4.4162181
-12.36 4.4164093
-12.35 4.4165766
-12.34 4.4167678
-12.33 4.416959
-12.32 4.4171502
-12.31 4.4173414
-12.3 4.4175326
-12.29 4.4177238
-12.28 4.417915
-12.27 4.4181062
-12.26 4.4182974
-12.25 4.4184886
-12.24 4.4186798
-12.23 4.418871
-12.22 4.4190622
-12.21 4.4192295
-12.2 4.4194207
-12.19 4.4196119
-12.18 4.4198031
-12.17 4.4199943
-12.16 4.4201855
-12.15 4.4203767
-12.14 4.4205679
-12.13 4.4207591
-12.12 4.4209264
-12.11 4.4211176
-12.1 4.4213088
-12.09 4.4215
-12.08 4.4216912
-12.07 4.4218824
-12.06 4.4220736
-12.05 4.4222409
-12.04 4.4224321
-12.03 4.4226233
-12.02 4.4228145
-12.01 4.4230057
-12.0 4.4231969
-11.99 4.4233642
-11.98 4.4235554
-11.97 4.4237466
-11.96 4.4239378
-11.95 4.424129
-11.94 4.4242963
-11.93 4.4244875
-11.92 4.4246787
-11.91 4.4248699
-11.9 4.4250372
-11.89 4.4252284
-11.88 4.4254196
-11.87 4.4256108
-11.86 4.425802
-11.85 4.4259693
-11.84 4.4261605
-11.83 4.4263517
-11.82 4.4265429
-11.81 4.4267102
-11.8 4.4269014
-11.79 4.4270926
-11.78 4.4272599
-11.77 4.4274511
-11.76 4.4276423
-11.75 4.4278335
-11.74 4.4280008
-11.73 4.428192
-11.72 4.4283832
-11.71 4.4285505
-11.7 4.4287417
-11.69 4.4289329
-11.68 4.4291241
-11.67 4.4292914
-11.66 4.4294826
-11.65 4.4296738
-11.64 4.4298411
-11.63 4.4300323
-11.62 4.4302235
-11.61 4.4303908
-11.6 4.430582
-11.59 4.4307732
-11.58 4.4309405
-11.57 4.4311317
-11.56 4.431299
-11.55 4.4314902
-11.54 4.4316814
-11.53 4.4318487
-11.52 4.4320399
-11.51 4.4322311
-11.5 4.4323984
-11.49 4.4325896
-11.48 4.4327569
-11.47 4.4329481
-11.46 4.4331393
-11.45 4.4333066
-11.44 4.4334978
-11.43 4.4336651
-11.42 4.4338563
-11.41 4.4340236
-11.4 4.4342148
-11.39 4.434406
-11.38 4.4345733
-11.37 4.4347645
-11.36 4.4349318
-11.35 4.435123
-11.34 4.4352903
-11.33 4.4354815
-11.32 4.4356488
-11.31 4.43584
-11.3 4.4360073
-11.29 4.4361985
-11.28 4.4363897
-11.27 4.436557
-11.26 4.4367482
-11.25 4.4369155
-11.24 4.4371067
-11.23 4.437274
-11.22 4.4374652
-11.21 4.4376325
-11.2 4.4378237
-11.19 4.437991
-11.18 4.4381583
-11.17 4.4383495
-11.16 4.4385168
-11.15 4.438708
-11.14 4.4388753
-11.13 4.4390665
-11.12 4.4392338
-11.11 4.439425
-11.1 4.4395923
-11.09 4.4397835
-11.08 4.4399508
-11.07 4.4401181
-11.06 4.4403093
-11.05 4.4404766
-11.04 4.4406678
-11.03 4.4408351
-11.02 4.4410024
-11.01 4.4411936
-11.0 4.4413609
-10.99 4.4415521
-10.98 4.4417194
-10.97 4.4418867
-10.96 4.4420779
-10.95 4.4422452
-10.94 4.4424364
-10.93 4.4426037
-10.92 4.442771
-10.91 4.4429622
-10.9 4.4431295
-10.89 4.4432968
-10.88 4.443488
-10.87 4.4436553
-10.86 4.4438226
-10.85 4.4440138
-10.84 4.4441811
-10.83 4.4443484
-10.82 4.4445396
-10.81 4.4447069
-10.8 4.4448742
-10.79 4.4450654
-10.78 4.4452327
-10.77 4.4454
-10.76 4.4455673
-10.75 4.4457585
-10.74 4.4459258
-10.73 4.4460931
-10.72 4.4462843
-10.71 4.4464516
-10.7 4.4466189
-10.69 4.4467862
-10.68 4.4469774
-10.67 4.4471447
-10.66 4.447312
-10.65 4.4474793
-10.64 4.4476705
-10.63 4.4478378
-10.62 4.4480051
-10.61 4.4481724
-10.6 4.4483636
-10.59 4.4485309
-10.58 4.4486982
-10.57 4.4488655
-10.56 4.4490328
-10.55 4.449224
-10.54 4.4493913
-10.53 4.4495586
-10.52 4.4497259
-10.51 4.4498932
-10.5 4.4500844
-10.49 4.4502517
-10.48 4.450419
-10.47 4.4505863
-10.46 4.4507536
-10.45 4.4509209
-10.44 4.4510882
-10.43 4.4512794
-10.42 4.4514467
-10.41 4.451614
-10.4 4.4517813
-10.39 4.4519486
-10.38 4.4521159
-10.37 4.4522832
-10.36 4.4524744
-10.35 4.4526417
-10.34 4.452809
-10.33 4.4529763
-10.32 4.4531436
-10.31 4.4533109
-10.3 4.4534782
-10.29 4.4536455
-10.28 4.4538128
-10.27 4.4539801
-10.26 4.4541474
-10.25 4.4543147
-10.24 4.4545059
-10.23 4.4546732
-10.22 4.4548405
-10.21 4.4550078
-10.2 4.4551751
-10.19 4.4553424
-10.18 4.4555097
-10.17 4.455677
-10.16 4.4558443
-10.15 4.4560116
-10.14 4.4561789
-10.13 4.4563462
-10.12 4.4565135
-10.11 4.4566808
-10.1 4.4568481
-10.09 4.4570154
-10.08 4.4571827
-10.07 4.45735
-10.06 4.4575173
-10.05 4.4576846
-10.04 4.4578519
-10.03 4.4580192
-10.02 4.4581865
-10.01 4.4583538
-10.0 4.4585211
-9.99 4.4586645
-9.98 4.4588318
-9.97 4.4589991
-9.96 4.4591664
-9.95 4.4593337
-9.94 4.459501
-9.93 4.4596683
-9.92 4.4598356
-9.91 4.4600029
-9.9 4.4601702
-9.89 4.4603375
-9.88 4.4605048
-9.87 4.4606482
-9.86 4.4608155
-9.85 4.4609828
-9.84 4.4611501
-9.83 4.4613174
-9.82 4.4614847
-9.81 4.461652
-9.8 4.4618193
-9.79 4.4619627
-9.78 4.46213
-9.77 4.4622973
-9.76 4.4624646
-9.75 4.4626319
-9.74 4.4627992
-9.73 4.4629426
-9.72 4.4631099
-9.71 4.4632772
-9.7 4.4634445
-9.69 4.4636118
-9.68 4.4637552
-9.67 4.4639225
-9.66 4.4640898
-9.65 4.4642571
-9.64 4.4644244
-9.63 4.4645678
-9.62 4.4647351
-9.61 4.4649024
-9.6 4.4650697
-9.59 4.4652131
-9.58 4.4653804
-9.57 4.4655477
-9.56 4.465715
-9.55 4.4658584
-9.54 4.4660257
-9.53 4.466193
-9.52 4.4663603
-9.51 4.4665037
-9.5 4.466671
-9.49 4.4668383
-9.48 4.4669817
-9.47 4.467149
-9.46 4.4673163
-9.45 4.4674836
-9.44 4.467627
-9.43 4.4677943
-9.42 4.4679616
-9.41 4.468105
-9.4 4.4682723
-9.39 4.4684396
-9.38 4.468583
-9.37 4.4687503
-9.36 4.4689176
-9.35 4.469061
-9.34 4.4692283
-9.33 4.4693717
-9.32 4.469539
-9.31 4.4697063
-9.3 4.4698497
-9.29 4.470017
-9.28 4.4701843
-9.27 4.4703277
-9.26 4.470495
-9.25 4.4706384
-9.24 4.4708057
-9.23 4.470973
-9.22 4.4711164
-9.21 4.4712837
-9.2 4.4714271
-9.19 4.4715944
-9.18 4.4717378
-9.17 4.4719051
-9.16 4.4720724
-9.15 4.4722158
-9.14 4.4723831
-9.13 4.4725265
-9.12 4.4726938
-9.11 4.4728372
-9.1 4.4730045
-9.09 4.4731479
-9.08 4.4733152
-9.07 4.4734586
-9.06 4.4736259
-9.05 4.4737693
-9.04 4.4739366
-9.03 4.47408
-9.02 4.4742473
-9.01 4.4743907
-9.0 4.474558
-8.99 4.4747014
-8.98 4.4748687
-8.97 4.4750121
-8.96 4.4751794
-8.95 4.4753228
-8.94 4.4754662
-8.93 4.4756335
-8.92 4.4757769
-8.91 4.4759442
-8.9 4.4760876
-8.89 4.4762549
-8.88 4.4763983
-8.87 4.4765417
-8.86 4.476709
-8.85 4.4768524
-8.84 4.4770197
-8.83 4.4771631
-8.82 4.4773065
-8.81 4.4774738
-8.8 4.4776172
-8.79 4.4777845
-8.78 4.4779279
-8.77 4.4780713
-8.76 4.4782386
-8.75 4.478382
-8.74 4.4785254
-8.73 4.4786927
-8.72 4.4788361
-8.71 4.4789795
-8.7 4.4791468
-8.69 4.4792902
-8.68 4.4794336
-8.67 4.4796009
-8.66 4.4797443
-8.65 4.4798877
-8.64 4.480055
-8.63 4.4801984
-8.62 4.4803418
-8.61 4.4804852
-8.6 4.4806525
-8.59 4.4807959
-8.58 4.4809393
-8.57 4.4811066
-8.56 4.48125
-8.55 4.4813934
-8.54 4.4815368
-8.53 4.4817041
-8.52 4.4818475
-8.51 4.4819909
-8.5 4.4821343
-8.49 4.4822777
-8.48 4.482445
-8.47 4.4825884
-8.46 4.4827318
-8.45 4.4828752
-8.44 4.4830425
-8.43 4.4831859
-8.42 4.4833293
-8.41 4.4834727
-8.4 4.4836161
-8.39 4.4837595
-8.38 4.4839268
-8.37 4.4840702
-8.36 4.4842136
-8.35 4.484357
-8.34 4.4845004
-8.33 4.4846438
-8.32 4.4848111
-8.31 4.4849545
-8.3 4.4850979
-8.29 4.4852413
-8.28 4.4853847
-8.27 4.4855281
-8.26 4.4856715
-8.25 4.4858149
-8.24 4.4859583
-8.23 4.4861256
-8.22 4.486269
-8.21 4.4864124
-8.2 4.4865558
-8.19 4.4866992
-8.18 4.4868426
-8.17 4.486986
-8.16 4.4871294
-8.15 4.4872728
-8.14 4.4874162
-8.13 4.4875596
-8.12 4.487703
-8.11 4.4878464
-8.1 4.4879898
-8.09 4.4881332
-8.08 4.4882766
-8.07 4.48842
-8.06 4.4885634
-8.05 4.4887068
-8.04 4.4888502
-8.03 4.4889936
-8.02 4.489137
-8.01 4.4892804
-8.0 4.4894238
-7.99 4.4895672
-7.98 4.4897106
-7.97 4.489854
-7.96 4.4899974
-7.95 4.4901408
-7.94 4.4902842
-7.93 4.4904276
-7.92 4.490571
-7.91 4.4907144
-7.9 4.4908578
-7.89 4.4910012
-7.88 4.4911446
-7.87 4.491288
-7.86 4.4914314
-7.85 4.4915509
-7.84 4.4916943
-7.83 4.4918377
-7.82 4.4919811
-7.81 4.4921245
-7.8 4.4922679
-7.79 4.4924113
-7.78 4.4925547
-7.77 4.4926742
-7.76 4.4928176
-7.75 4.492961
-7.74 4.4931044
-7.73 4.4932478
-7.72 4.4933912
-7.71 4.4935346
-7.7 4.4936541
-7.69 4.4937975
-7.68 4.4939409
-7.67 4.4940843
-7.66 4.4942277
-7.65 4.4943472
-7.64 4.4944906
-7.63 4.494634
-7.62 4.4947774
-7.61 4.4949208
-7.6 4.4950403
-7.59 4.4951837
-7.58 4.4953271
-7.57 4.4954705
-7.56 4.49559
-7.55 4.4957334
-7.54 4.4958768
-7.53 4.4960202
-7.52 4.4961397
-7.51 4.4962831
-7.5 4.4964265
-7.49 4.496546
-7.48 4.4966894
-7.47 4.4968328
-7.46 4.4969762
-7.45 4.4970957
-7.44 4.4972391
-7.43 4.4973825
-7.42 4.497502
-7.41 4.4976454
-7.4 4.4977888
-7.39 4.4979083
-7.38 4.4980517
-7.37 4.4981951
-7.36 4.4983146
-7.35 4.498458
-7.34 4.4986014
-7.33 4.4987209
-7.32 4.4988643
-7.31 4.4989838
-7.3 4.4991272
-7.29 4.4992706
-7.28 4.4993901
-7.27 4.4995335
-7.26 4.4996769
-7.25 4.4997964
-7.24 4.4999398
-7.23 4.5000593
-7.22 4.5002027
-7.21 4.5003222
-7.2 4.5004656
-7.19 4.500609
-7.18 4.5007285
-7.17 4.5008719
-7.16 4.5009914
-7.15 4.5011348
-7.14 4.5012543
-7.13 4.5013977
-7.12 4.5015172
-7.11 4.5016606
-7.1 4.5017801
-7.09 4.5019235
-7.08 4.502043
-7.07 4.5021864
-7.06 4.5023059
-7.05 4.5024493
-7.04 4.5025688
-7.03 4.5027122
-7.02 4.5028317
-7.01 4.5029751
-7.0 4.5030946
-6.99 4.503238
-6.98 4.5033575
-6.97 4.5035009
-6.96 4.5036204
-6.95 4.5037399
-6.94 4.5038833
-6.93 4.5040028
-6.92 4.5041462
-6.91 4.5042657
-6.9 4.5043852
-6.89 4.5045286
-6.88 4.5046481
-6.87 4.5047915
-6.86 4.504911
-6.85 4.5050305
-6.84 4.5051739
-6.83 4.5052934
-6.82 4.5054368
-6.81 4.5055563
-6.8 4.5056758
-6.79 4.5058192
-6.78 4.5059387
-6.77 4.5060582
-6.76 4.5062016
-6.75 4.5063211
-6.74 4.5064406
-6.73 4.506584
-6.72 4.5067035
-6.71 4.506823
-6.7 4.5069425
-6.69 4.5070859
-6.68 4.5072054
-6.67 4.5073249
-6.66 4.5074683
-6.65 4.5075878
-6.64 4.5077073
-6.63 4.5078268
-6.62 4.5079702
-6.61 4.5080897
-6.6 4.5082092
-6.59 4.5083287
-6.58 4.5084721
-6.57 4.5085916
-6.56 4.5087111
-6.55 4.5088306
-6.54 4.508974
-6.53 4.5090935
-6.52 4.509213
-6.51 4.5093325
-6.5 4.509452
-6.49 4.5095954
-6.48 4.5097149
-6.47 4.5098344
-6.46 4.5099539
-6.45 4.5100734
-6.44 4.5101929
-6.43 4.5103363
-6.42 4.5104558
-6.41 4.5105753
-6.4 4.5106948
-6.39 4.5108143
-6.38 4.5109338
-6.37 4.5110533
-6.36 4.5111728
-6.35 4.5113162
-6.34 4.5114357
-6.33 4.5115552
-6.32 4.5116747
-6.31 4.5117942
-6.3 4.5119137
-6.29 4.5120332
-6.28 4.5121527
-6.27 4.5122722
-6.26 4.5123917
-6.25 4.5125112
-6.24 4.5126307
-6.23 4.5127502
-6.22 4.5128936
-6.21 4.5130131
-6.2 4.5131326
-6.19 4.5132521
-6.18 4.5133716
-6.17 4.5134911
-6.16 4.5136106
-6.15 4.5137301
-6.14 4.5138496
-6.13 4.5139691
-6.12 4.5140886
-6.11 4.5142081
-6.1 4.5143276
-6.09 4.5144471
-6.08 4.5145666
-6.07 4.5146622
-6.06 4.5147817
-6.05 4.5149012
-6.04 4.5150207
-6.03 4.5151402
-6.02 4.5152597
-6.01 4.5153792
-6.0 4.5154987
-5.99 4.5156182
-5.98 4.5157377
-5.97 4.5158572
-5.96 4.5159767
-5.95 4.5160962
-5.94 4.5161918
-5.93 4.5163113
-5.92 4.5164308
-5.91 4.5165503
-5.9 4.5166698
-5.89 4.5167893
-5.88 4.5169088
-5.87 4.5170044
-5.86 4.5171239
-5.85 4.5172434
-5.84 4.5173629
-5.83 4.5174824
-5.82 4.5176019
-5.81 4.5176975
-5.8 4.517817
-5.79 4.5179365
-5.78 4.518056
-5.77 4.5181755
-5.76 4.5182711
-5.75 4.5183906
-5.74 4.5185101
-5.73 4.5186296
-5.72 4.5187491
-5.71 4.5188447
-5.7 4.5189642
-5.69 4.5190837
-5.68 4.5192032
-5.67 4.5192988
-5.66 4.5194183
-5.65 4.5195378
-5.64 4.5196334
-5.63 4.5197529
-5.62 4.5198724
-5.61 4.5199919
-5.6 4.5200875
-5.59 4.520207
-5.58 4.5203265
-5.57 4.5204221
-5.56 4.5205416
-5.55 4.5206611
-5.54 4.5207567
-5.53 4.5208762
-5.52 4.5209957
-5.51 4.5210913
-5.5 4.5212108
-5.49 4.5213303
-5.48 4.5214259
-5.47 4.5215454
-5.46 4.5216649
-5.45 4.5217605
-5.44 4.52188
-5.43 4.5219756
-5.42 4.5220951
-5.41 4.5222146
-5.4 4.5223102
-5.39 4.5224297
-5.38 4.5225253
-5.37 4.5226448
-5.36 4.5227404
-5.35 4.5228599
-5.34 4.5229794
-5.33 4.523075
-5.32 4.5231945
-5.31 4.5232901
-5.3 4.5234096
-5.29 4.5235052
-5.28 4.5236247
-5.27 4.5237203
-5.26 4.5238398
-5.25 4.5239354
-5.24 4.5240549
-5.23 4.5241505
-5.22 4.52427
-5.21 4.5243656
-5.2 4.5244851
-5.19 4.5245807
-5.18 4.5247002
-5.17 4.5247958
-5.16 4.5249153
-5.15 4.5250109
-5.14 4.5251065
-5.13 4.525226
-5.12 4.5253216
-5.11 4.5254411
-5.1 4.5255367
-5.09 4.5256562
-5.08 4.5257518
-5.07 4.5258474
-5.06 4.5259669
-5.05 4.5260625
-5.04 4.526182
-5.03 4.5262776
-5.02 4.5263732
-5.01 4.5264927
-5.0 4.5265883
-4.99 4.5266839
-4.98 4.5268034
-4.97 4.526899
-4.96 4.5269946
-4.95 4.5271141
-4.94 4.5272097
-4.93 4.5273053
-4.92 4.5274248
-4.91 4.5275204
-4.9 4.527616
-4.89 4.5277355
-4.88 4.5278311
-4.87 4.5279267
-4.86 4.5280462
-4.85 4.5281418
-4.84 4.5282374
-4.83 4.528333
-4.82 4.5284525
-4.81 4.5285481
-4.8 4.5286437
-4.79 4.5287393
-4.78 4.5288588
-4.77 4.5289544
-4.76 4.52905
-4.75 4.5291456
-4.74 4.5292651
-4.73 4.5293607
-4.72 4.5294563
-4.71 4.5295519
-4.7 4.5296475
-4.69 4.529767
-4.68 4.5298626
-4.67 4.5299582
-4.66 4.5300538
-4.65 4.5301494
-4.64 4.530245
-4.63 4.5303645
-4.62 4.5304601
-4.61 4.5305557
-4.6 4.5306513
-4.59 4.5307469
-4.58 4.5308425
-4.57 4.5309381
-4.56 4.5310337
-4.55 4.5311532
-4.54 4.5312488
-4.53 4.5313444
-4.52 4.53144
-4.51 4.5315356
-4.5 4.5316312
-4.49 4.5317268
-4.48 4.5318224
-4.47 4.531918
-4.46 4.5320136
-4.45 4.5321092
-4.44 4.5322048
-4.43 4.5323004
-4.42 4.532396
-4.41 4.5324916
-4.4 4.5325872
-4.39 4.5326828
-4.38 4.5328023
-4.37 4.5328979
-4.36 4.5329935
-4.35 4.5330891
-4.34 4.5331608
-4.33 4.5332564
-4.32 4.533352
-4.31 4.5334476
-4.3 4.5335432
-4.29 4.5336388
-4.28 4.5337344
-4.27 4.53383
-4.26 4.5339256
-4.25 4.5340212
-4.24 4.5341168
-4.23 4.5342124
-4.22 4.534308
-4.21 4.5344036
-4.2 4.5344992
-4.19 4.5345948
-4.18 4.5346904
-4.17 4.5347621
-4.16 4.5348577
-4.15 4.5349533
-4.14 4.5350489
-4.13 4.5351445
-4.12 4.5352401
-4.11 4.5353357
-4.1 4.5354074
-4.09 4.535503
-4.08 4.5355986
-4.07 4.5356942
-4.06 4.5357898
-4.05 4.5358854
-4.04 4.5359571
-4.03 4.5360527
-4.02 4.5361483
-4.01 4.5362439
-4.0 4.5363395
-3.99 4.5364112
-3.98 4.5365068
-3.97 4.5366024
-3.96 4.536698
-3.95 4.5367936
-3.94 4.5368653
-3.93 4.5369609
-3.92 4.5370565
-3.91 4.5371282
-3.9 4.5372238
-3.89 4.5373194
-3.88 4.537415
-3.87 4.5374867
-3.86 4.5375823
-3.85 4.5376779
-3.84 4.5377735
-3.83 4.5378452
-3.82 4.5379408
-3.81 4.5380364
-3.8 4.5381081
-3.79 4.5382037
-3.78 4.5382993
-3.77 4.538371
-3.76 4.5384666
-3.75 4.5385622
-3.74 4.5386339
-3.73 4.5387295
-3.72 4.5388012
-3.71 4.5388968
-3.7 4.5389924
-3.69 4.5390641
-3.68 4.5391597
-3.67 4.5392314
-3.66 4.539327
-3.65 4.5394226
-3.64 4.5394943
-3.63 4.5395899
-3.62 4.5396616
-3.61 4.5397572
-3.6 4.5398528
-3.59 4.5399245
-3.58 4.5400201
-3.57 4.5400918
-3.56 4.5401874
-3.55 4.5402591
-3.54 4.5403547
-3.53 4.5404264
-3.52 4.540522
-3.51 4.5405937
-3.5 4.5406893
-3.49 4.540761
-3.48 4.5408566
-3.47 4.5409283
-3.46 4.5410239
-3.45 4.5410956
-3.44 4.5411912
-3.43 4.5412629
-3.42 4.5413585
-3.41 4.5414302
-3.4 4.5415019
-3.39 4.5415975
-3.38 4.5416692
-3.37 4.5417648
-3.36 4.5418365
-3.35 4.5419321
-3.34 4.5420038
-3.33 4.5420755
-3.32 4.5421711
-3.31 4.5422428
-3.3 4.5423384
-3.29 4.5424101
-3.28 4.5424818
-3.27 4.5425774
-3.26 4.5426491
-3.25 4.5427208
-3.24 4.5428164
-3.23 4.5428881
-3.22 4.5429598
-3.21 4.5430554
-3.2 4.5431271
-3.19 4.5431988
-3.18 4.5432944
-3.17 4.5433661
-3.16 4.5434378
-3.15 4.5435334
-3.14 4.5436051
-3.13 4.5436768
-3.12 4.5437485
-3.11 4.5438441
-3.1 4.5439158
-3.09 4.5439875
-3.08 4.5440831
-3.07 4.5441548
-3.06 4.5442265
-3.05 4.5442982
-3.04 4.5443699
-3.03 4.5444655
-3.02 4.5445372
-3.01 4.5446089
-3.0 4.5446806
-2.99 4.5447762
-2.98 4.5448479
-2.97 4.5449196
-2.96 4.5449913
-2.95 4.545063
-2.94 4.5451347
-2.93 4.5452303
-2.92 4.545302
-2.91 4.5453737
-2.9 4.5454454
-2.89 4.5455171
-2.88 4.5455888
-2.87 4.5456605
-2.86 4.5457561
-2.85 4.5458278
-2.84 4.5458995
-2.83 4.5459712
-2.82 4.5460429
-2.81 4.5461146
-2.8 4.5461863
-2.79 4.546258
-2.78 4.5463297
-2.77 4.5464014
-2.76 4.5464731
-2.75 4.5465687
-2.74 4.5466404
-2.73 4.5467121
-2.72 4.5467838
-2.71 4.5468555
-2.7 4.5469272
-2.69 4.5469989
-2.68 4.5470706
-2.67 4.5471423
-2.66 4.547214
-2.65 4.5472857
-2.64 4.5473574
-2.63 4.5474291
-2.62 4.5475008
-2.61 4.5475725
-2.6 4.5476442
-2.59 4.5477159
-2.58 4.5477876
-2.57 4.5478593
-2.56 4.547931
-2.55 4.5479788
-2.54 4.5480505
-2.53 4.5481222
-2.52 4.5481939
-2.51 4.5482656
-2.5 4.5483373
-2.49 4.548409
-2.48 4.5484807
-2.47 4.5485524
-2.46 4.5486241
-2.45 4.5486958
-2.44 4.5487436
-2.43 4.5488153
-2.42 4.548887
-2.41 4.5489587
-2.4 4.5490304
-2.39 4.5491021
-2.38 4.5491738
-2.37 4.5492216
-2.36 4.5492933
-2.35 4.549365
-2.34 4.5494367
-2.33 4.5495084
-2.32 4.5495562
-2.31 4.5496279
-2.3 4.5496996
-2.29 4.5497713
-2.28 4.549843
-2.27 4.5498908
-2.26 4.5499625
-2.25 4.5500342
-2.24 4.5501059
-2.23 4.5501537
-2.22 4.5502254
-2.21 4.5502971
-2.2 4.5503688
-2.19 4.5504166
-2.18 4.5504883
-2.17 4.55056
-2.16 4.5506078
-2.15 4.5506795
-2.14 4.5507512
-2.13 4.5508229
-2.12 4.5508707
-2.11 4.5509424
-2.1 4.5510141
-2.09 4.5510619
-2.08 4.5511336
-2.07 4.5512053
-2.06 4.5512531
-2.05 4.5513248
-2.04 4.5513726
-2.03 4.5514443
-2.02 4.551516
-2.01 4.5515638
-2.0 4.5516355
-1.99 4.5517072
-1.98 4.551755
-1.97 4.5518267
-1.96 4.5518745
-1.95 4.5519462
-1.94 4.551994
-1.93 4.5520657
-1.92 4.5521374
-1.91 4.5521852
-1.9 4.5522569
-1.89 4.5523047
-1.88 4.5523764
-1.87 4.5524242
-1.86 4.5524959
-1.85 4.5525437
-1.84 4.5526154
-1.83 4.5526632
-1.82 4.5527349
-1.81 4.5527827
-1.8 4.5528544
-1.79 4.5529022
-1.78 4.5529739
-1.77 4.5530217
-1.76 4.5530934
-1.75 4.5531412
-1.74 4.5532129
-1.73 4.5532607
-1.72 4.5533324
-1.71 4.5533802
-1.7 4.553428
-1.69 4.5534997
-1.68 4.5535475
-1.67 4.5536192
-1.66 4.553667
-1.65 4.5537148
-1.64 4.5537865
-1.63 4.5538343
-1.62 4.553906
-1.61 4.5539538
-1.6 4.5540016
-1.59 4.5540733
-1.58 4.5541211
-1.57 4.5541689
-1.56 4.5542406
-1.55 4.5542884
-1.54 4.5543362
-1.53 4.5544079
-1.52 4.5544557
-1.51 4.5545035
-1.5 4.5545752
-1.49 4.554623
-1.48 4.5546708
-1.47 4.5547425
-1.46 4.5547903
-1.45 4.5548381
-1.44 4.5548859
-1.43 4.5549576
-1.42 4.5550054
-1.41 4.5550532
-1.4 4.5551249
-1.39 4.5551727
-1.38 4.5552205
-1.37 4.5552683
-1.36 4.5553161
-1.35 4.5553878
-1.34 4.5554356
-1.33 4.5554834
-1.32 4.5555312
-1.31 4.555579
-1.3 4.5556507
-1.29 4.5556985
-1.28 4.5557463
-1.27 4.5557941
-1.26 4.5558419
-1.25 4.5559136
-1.24 4.5559614
-1.23 4.5560092
-1.22 4.556057
-1.21 4.5561048
-1.2 4.5561526
-1.19 4.5562004
-1.18 4.5562482
-1.17 4.5563199
-1.16 4.5563677
-1.15 4.5564155
-1.14 4.5564633
-1.13 4.5565111
-1.12 4.5565589
-1.11 4.5566067
-1.1 4.5566545
-1.09 4.5567023
-1.08 4.5567501
-1.07 4.5567979
-1.06 4.5568457
-1.05 4.5568935
-1.04 4.5569413
-1.03 4.5569891
-1.02 4.5570369
-1.01 4.5570847
-1.0 4.5571325
-0.99 4.5571803
-0.98 4.5572281
-0.97 4.5572759
-0.96 4.5573237
-0.95 4.5573715
-0.94 4.5574193
-0.93 4.5574671
-0.92 4.5575149
-0.91 4.5575627
-0.9 4.5576105
-0.89 4.5576583
-0.88 4.5577061
-0.87 4.5577539
-0.86 4.5578017
-0.85 4.5578495
-0.84 4.5578973
-0.83 4.5579451
-0.82 4.5579929
-0.81 4.5580168
-0.8 4.5580646
-0.79 4.5581124
-0.78 4.5581602
-0.77 4.558208
-0.76 4.5582558
-0.75 4.5583036
-0.74 4.5583514
-0.73 4.5583753
-0.72 4.5584231
-0.71 4.5584709
-0.7 4.5585187
-0.69 4.5585665
-0.68 4.5585904
-0.67 4.5586382
-0.66 4.558686
-0.65 4.5587338
-0.64 4.5587816
-0.63 4.5588055
-0.62 4.5588533
-0.61 4.5589011
-0.6 4.5589489
-0.59 4.5589967
-0.58 4.5590206
-0.57 4.5590684
-0.56 4.5591162
-0.55 4.5591401
-0.54 4.5591879
-0.53 4.5592357
-0.52 4.5592835
-0.51 4.5593074
-0.5 4.5593552
-0.49 4.559403
-0.48 4.5594269
-0.47 4.5594747
-0.46 4.5595225
-0.45 4.5595464
-0.44 4.5595942
-0.43 4.559642
-0.42 4.5596659
-0.41 4.5597137
-0.4 4.5597615
-0.39 4.5597854
-0.38 4.5598332
-0.37 4.559881
-0.36 4.5599049
-0.35 4.5599527
-0.34 4.5599766
-0.33 4.5600244
-0.32 4.5600722
-0.31 4.5600961
-0.3 4.5601439
-0.29 4.5601678
-0.28 4.5602156
-0.27 4.5602634
-0.26 4.5602873
-0.25 4.5603351
-0.24 4.560359
-0.23 4.5604068
-0.22 4.5604307
-0.21 4.5604785
-0.2 4.5605024
-0.19 4.5605502
-0.18 4.5605741
-0.17 4.5606219
-0.16 4.5606458
-0.15 4.5606936
-0.14 4.5607175
-0.13 4.5607653
-0.12 4.5607892
-0.11 4.560837
-0.1 4.5608609
-0.09 4.5609087
-0.08 4.5609326
-0.07 4.5609565
-0.06 4.5610043
-0.05 4.5610282
-0.04 4.561076
-0.03 4.5610999
-0.02 4.5611477
-0.01 4.5611716
0.0 4.5611955
0.01 4.5612433
0.02 4.5612672
0.03 4.561315
0.04 4.5613389
0.05 4.5613628
0.06 4.5614106
0.07 4.5614345
0.08 4.5614584
0.09 4.5615062
0.1 4.5615301
0.11 4.561554
0.12 4.5616018
0.13 4.5616257
0.14 4.5616496
0.15 4.5616974
0.16 4.5617213
0.17 4.5617452
0.18 4.5617691
0.19 4.5618169
0.2 4.5618408
0.21 4.5618647
0.22 4.5619125
0.23 4.5619364
0.24 4.5619603
0.25 4.5619842
0.26 4.562032
0.27 4.5620559
0.28 4.5620798
0.29 4.5621037
0.3 4.5621276
0.31 4.5621754
0.32 4.5621993
0.33 4.5622232
0.34 4.5622471
0.35 4.562271
0.36 4.5623188
0.37 4.5623427
0.38 4.5623666
0.39 4.5623905
0.4 4.5624144
0.41 4.5624383
0.42 4.5624861
0.43 4.56251
0.44 4.5625339
0.45 4.5625578
0.46 4.5625817
0.47 4.5626056
0.48 4.5626295
0.49 4.5626534
0.5 4.5626773
0.51 4.5627251
0.52 4.562749
0.53 4.5627729
0.54 4.5627968
0.55 4.5628207
0.56 4.5628446
0.57 4.5628685
0.58 4.5628924
0.59 4.5629163
0.6 4.5629402
0.61 4.5629641
0.62 4.562988
0.63 4.5630119
0.64 4.5630358
0.65 4.5630597
0.66 4.5630836
0.67 4.5631075
0.68 4.5631314
0.69 4.5631553
0.7 4.5631792
0.71 4.5632031
0.72 4.563227
0.73 4.5632509
0.74 4.5632748
0.75 4.5632987
0.76 4.5633226
0.77 4.5633465
0.78 4.5633704
0.79 4.5633704
0.8 4.5633943
0.81 4.5634182
0.82 4.5634421
0.83 4.563466
0.84 4.5634899
0.85 4.5635138
0.86 4.5635377
0.87 4.5635616
0.88 4.5635616
0.89 4.5635855
0.9 4.5636094
0.91 4.5636333
0.92 4.5636572
0.93 4.5636811
0.94 4.5636811
0.95 4.563705
0.96 4.5637289
0.97 4.5637528
0.98 4.5637767
0.99 4.5637767
1.0 4.5638006
1.01 4.5638245
1.02 4.5638484
1.03 4.5638723
1.04 4.5638723
1.05 4.5638962
1.06 4.5639201
1.07 4.563944
1.08 4.563944
1.09 4.5639679
1.1 4.5639918
1.11 4.5639918
1.12 4.5640157
1.13 4.5640396
1.14 4.5640635
1.15 4.5640635
1.16 4.5640874
1.17 4.5641113
1.18 4.5641113
1.19 4.5641352
1.2 4.5641591
1.21 4.5641591
1.22 4.564183
1.23 4.5642069
1.24 4.5642069
1.25 4.5642308
1.26 4.5642308
1.27 4.5642547
1.28 4.5642786
1.29 4.5642786
1.3 4.5643025
1.31 4.5643025
1.32 4.5643264
1.33 4.5643503
1.34 4.5643503
1.35 4.5643742
1.36 4.5643742
1.37 4.5643981
1.38 4.5643981
1.39 4.564422
1.4 4.5644459
1.41 4.5644459
1.42 4.5644698
1.43 4.5644698
1.44 4.5644937
1.45 4.5644937
1.46 4.5645176
1.47 4.5645176
1.48 4.5645415
1.49 4.5645415
1.5 4.5645654
1.51 4.5645654
1.52 4.5645893
1.53 4.5645893
1.54 4.5645893
1.55 4.5646132
1.56 4.5646132
1.57 4.5646371
1.58 4.5646371
1.59 4.564661
1.6 4.564661
1.61 4.564661
1.62 4.5646849
1.63 4.5646849
1.64 4.5647088
1.65 4.5647088
1.66 4.5647088
1.67 4.5647327
1.68 4.5647327
1.69 4.5647566
1.7 4.5647566
1.71 4.5647566
1.72 4.5647805
1.73 4.5647805
1.74 4.5647805
1.75 4.5648044
1.76 4.5648044
1.77 4.5648044
1.78 4.5648283
1.79 4.5648283
1.8 4.5648283
1.81 4.5648283
1.82 4.5648522
1.83 4.5648522
1.84 4.5648522
1.85 4.5648761
1.86 4.5648761
1.87 4.5648761
1.88 4.5648761
1.89 4.5648761
1.9 4.5649
1.91 4.5649
1.92 4.5649
1.93 4.5649
1.94 4.5649239
1.95 4.5649239
1.96 4.5649239
1.97 4.5649239
1.98 4.5649239
1.99 4.5649478
2.0 4.5649478
2.01 4.5649478
2.02 4.5649478
2.03 4.5649478
2.04 4.5649478
2.05 4.5649717
2.06 4.5649717
2.07 4.5649717
2.08 4.5649717
2.09 4.5649717
2.1 4.5649717
2.11 4.5649717
2.12 4.5649717
2.13 4.5649717
2.14 4.5649956
2.15 4.5649956
2.16 4.5649956
2.17 4.5649956
2.18 4.5649956
2.19 4.5649956
2.2 4.5649956
2.21 4.5649956
2.22 4.5649956
2.23 4.5649956
2.24 4.5649956
2.25 4.5649956
2.26 4.5649956
2.27 4.5649956
2.28 4.5649956
2.29 4.5649956
2.3 4.5649956
2.31 4.5649956
2.32 4.5649956
2.33 4.5649956
2.34 4.5649956
2.35 4.5649956
2.36 4.5649956
2.37 4.5649956
2.38 4.5649956
2.39 4.5649956
2.4 4.5649956
2.41 4.5649956
2.42 4.5649717
2.43 4.5649717
2.44 4.5649717
2.45 4.5649717
2.46 4.5649717
2.47 4.5649717
2.48 4.5649717
2.49 4.5649717
2.5 4.5649717
2.51 4.5649478
2.52 4.5649478
2.53 4.5649478
2.54 4.5649478
2.55 4.5649478
2.56 4.5649478
2.57 4.5649239
2.58 4.5649239
2.59 4.5649239
2.6 4.5649239
2.61 4.5649239
2.62 4.5649
2.63 4.5649
2.64 4.5649
2.65 4.5649
2.66 4.5649
2.67 4.5648761
2.68 4.5648761
2.69 4.5648761
2.7 4.5648761
2.71 4.5648522
2.72 4.5648522
2.73 4.5648522
2.74 4.5648522
2.75 4.5648283
2.76 4.5648283
2.77 4.5648283
2.78 4.5648044
2.79 4.5648044
2.8 4.5648044
2.81 4.5647805
2.82 4.5647805
2.83 4.5647805
2.84 4.5647566
2.85 4.5647566
2.86 4.5647566
2.87 4.5647327
2.88 4.5647327
2.89 4.5647327
2.9 4.5647088
2.91 4.5647088
2.92 4.5646849
2.93 4.5646849
2.94 4.5646849
2.95 4.564661
2.96 4.564661
2.97 4.5646371
2.98 4.5646371
2.99 4.5646371
3.0 4.5646132
3.01 4.5646132
3.02 4.5645893
3.03 4.5645893
3.04 4.5645654
3.05 4.5645654
3.06 4.5645415
3.07 4.5645415
3.08 4.5645176
3.09 4.5645176
3.1 4.5644937
3.11 4.5644937
3.12 4.5644698
3.13 4.5644698
3.14 4.5644459
3.15 4.5644459
3.16 4.564422
3.17 4.564422
3.18 4.5643981
3.19 4.5643981
3.2 4.5643742
3.21 4.5643742
3.22 4.5643503
3.23 4.5643264
3.24 4.5643264
3.25 4.5643025
3.26 4.5643025
3.27 4.5642786
3.28 4.5642547
3.29 4.5642547
3.3 4.5642308
3.31 4.5642308
3.32 4.5642069
3.33 4.564183
3.34 4.564183
3.35 4.5641591
3.36 4.5641352
3.37 4.5641352
3.38 4.5641113
3.39 4.5640874
3.4 4.5640874
3.41 4.5640635
3.42 4.5640396
3.43 4.5640396
3.44 4.5640157
3.45 4.5639918
3.46 4.5639679
3.47 4.5639679
3.48 4.563944
3.49 4.5639201
3.5 4.5639201
3.51 4.5638962
3.52 4.5638723
3.53 4.5638484
3.54 4.5638484
3.55 4.5638245
3.56 4.5638006
3.57 4.5637767
3.58 4.5637528
3.59 4.5637528
3.6 4.5637289
3.61 4.563705
3.62 4.5636811
3.63 4.5636572
3.64 4.5636572
3.65 4.5636333
3.66 4.5636094
3.67 4.5635855
3.68 4.5635616
3.69 4.5635377
3.7 4.5635138
3.71 4.5635138
3.72 4.5634899
3.73 4.563466
3.74 4.5634421
3.75 4.5634182
3.76 4.5633943
3.77 4.5633704
3.78 4.5633465
3.79 4.5633226
3.8 4.5632987
3.81 4.5632987
3.82 4.5632748
3.83 4.5632509
3.84 4.563227
3.85 4.5632031
3.86 4.5631792
3.87 4.5631553
3.88 4.5631314
3.89 4.5631075
3.9 4.5630836
3.91 4.5630597
3.92 4.5630358
3.93 4.5630119
3.94 4.562988
3.95 4.5629641
3.96 4.5629402
3.97 4.5629163
3.98 4.5628924
3.99 4.5628685
4.0 4.5628446
4.01 4.5628207
4.02 4.5627968
4.03 4.5627729
4.04 4.562749
4.05 4.5627012
4.06 4.5626773
4.07 4.5626534
4.08 4.5626295
4.09 4.5626056
4.1 4.5625817
4.11 4.5625578
4.12 4.5625339
4.13 4.56251
4.14 4.5624861
4.15 4.5624383
4.16 4.5624144
4.17 4.5623905
4.18 4.5623666
4.19 4.5623427
4.2 4.5623188
4.21 4.5622949
4.22 4.5622471
4.23 4.5622232
4.24 4.5621993
4.25 4.5621754
4.26 4.5621515
4.27 4.5621037
4.28 4.5620798
4.29 4.5620559
4.3 4.562032
4.31 4.5620081
4.32 4.5619603
4.33 4.5619364
4.34 4.5619125
4.35 4.5618886
4.36 4.5618408
4.37 4.5618169
4.38 4.561793
4.39 4.5617452
4.4 4.5617213
4.41 4.5616974
4.42 4.5616735
4.43 4.5616257
4.44 4.5616018
4.45 4.5615779
4.46 4.5615301
4.47 4.5615062
4.48 4.5614823
4.49 4.5614345
4.5 4.5614106
4.51 4.5613867
4.52 4.5613389
4.53 4.561315
4.54 4.5612911
4.55 4.5612433
4.56 4.5612194
4.57 4.5611716
4.58 4.5611477
4.59 4.5611238
4.6 4.561076
4.61 4.5610521
4.62 4.5610043
4.63 4.5609804
4.64 4.5609565
4.65 4.5609087
4.66 4.5608848
4.67 4.560837
4.68 4.5608131
4.69 4.5607653
4.7 4.5607414
4.71 4.5606936
4.72 4.5606697
4.73 4.5606458
4.74 4.560598
4.75 4.5605741
4.76 4.5605263
4.77 4.5605024
4.78 4.5604546
4.79 4.5604307
4.8 4.5603829
4.81 4.5603351
4.82 4.5603112
4.83 4.5602634
4.84 4.5602395
4.85 4.5601917
4.86 4.5601678
4.87 4.56012
4.88 4.5600961
4.89 4.5600483
4.9 4.5600005
4.91 4.5599766
4.92 4.5599288
4.93 4.5599049
4.94 4.5598571
4.95 4.5598093
4.96 4.5597854
4.97 4.5597376
4.98 4.5597137
4.99 4.5596659
5.0 4.5596181
5.01 4.5595942
5.02 4.5595464
5.03 4.5594986
5.04 4.5594747
5.05 4.5594269
5.06 4.5593791
5.07 4.5593552
5.08 4.5593074
5.09 4.5592596
5.1 4.5592357
5.11 4.5591879
5.12 4.5591401
5.13 4.5590923
5.14 4.5590684
5.15 4.5590206
5.16 4.5589728
5.17 4.5589489
5.18 4.5589011
5.19 4.5588533
5.2 4.5588055
5.21 4.5587816
5.22 4.5587338
5.23 4.558686
5.24 4.5586382
5.25 4.5585904
5.26 4.5585665
5.27 4.5585187
5.28 4.5584709
5.29 4.5584231
5.3 4.5583753
5.31 4.5583514
5.32 4.5583036
5.33 4.5582558
5.34 4.558208
5.35 4.5581602
5.36 4.5581124
5.37 4.5580646
5.38 4.5580407
5.39 4.5579929
5.4 4.5579451
5.41 4.5578973
5.42 4.5578495
5.43 4.5578017
5.44 4.5577539
5.45 4.5577061
5.46 4.5576822
5.47 4.5576344
5.48 4.5575866
5.49 4.5575388
5.5 4.557491
5.51 4.5574432
5.52 4.5573954
5.53 4.5573476
5.54 4.5572998
5.55 4.557252
5.56 4.5572042
5.57 4.5571564
5.58 4.5571086
5.59 4.5570608
5.6 4.557013
5.61 4.5569652
5.62 4.5569174
5.63 4.5568696
5.64 4.5568218
5.65 4.556774
5.66 4.5567262
5.67 4.5566784
5.68 4.5566306
5.69 4.5565828
5.7 4.556535
5.71 4.5564872
5.72 4.5564394
5.73 4.5563916
5.74 4.5563438
5.75 4.556296
5.76 4.5562243
5.77 4.5561765
5.78 4.5561287
5.79 4.5560809
5.8 4.5560331
5.81 4.5559853
5.82 4.5559375
5.83 4.5558897
5.84 4.5558419
5.85 4.5557702
5.86 4.5557224
5.87 4.5556746
5.88 4.5556268
5.89 4.555579
5.9 4.5555312
5.91 4.5554595
5.92 4.5554117
5.93 4.5553639
5.94 4.5553161
5.95 4.5552683
5.96 4.5551966
5.97 4.5551488
5.98 4.555101
5.99 4.5550532
6.0 4.5550054
6.01 4.5549337
6.02 4.5548859
6.03 4.5548381
6.04 4.5547903
6.05 4.5547186
6.06 4.5546708
6.07 4.554623
6.08 4.5545752
6.09 4.5545035
6.1 4.5544557
6.11 4.5544079
6.12 4.5543362
6.13 4.5542884
6.14 4.5542406
6.15 4.5541928
6.16 4.5541211
6.17 4.5540733
6.18 4.5540255
6.19 4.5539538
6.2 4.553906
6.21 4.5538582
6.22 4.5537865
6.23 4.5537387
6.24 4.553667
6.25 4.5536192
6.26 4.5535714
6.27 4.5534997
6.28 4.5534519
6.29 4.5534041
6.3 4.5533324
6.31 4.5532846
6.32 4.5532129
6.33 4.5531651
6.34 4.5530934
6.35 4.5530456
6.36 4.5529978
6.37 4.5529261
6.38 4.5528783
6.39 4.5528066
6.4 4.5527588
6.41 4.5526871
6.42 4.5526393
6.43 4.5525676
6.44 4.5525198
6.45 4.5524481
6.46 4.5524003
6.47 4.5523286
6.48 4.5522808
6.49 4.5522091
6.5 4.5521613
6.51 4.5520896
6.52 4.5520418
6.53 4.5519701
6.54 4.5519223
6.55 4.5518506
6.56 4.5518028
6.57 4.5517311
6.58 4.5516833
6.59 4.5516116
6.6 4.5515399
6.61 4.5514921
6.62 4.5514204
6.63 4.5513726
6.64 4.5513009
6.65 4.5512292
6.66 4.5511814
6.67 4.5511097
6.68 4.5510619
6.69 4.5509902
6.7 4.5509185
6.71 4.5508707
6.72 4.550799
6.73 4.5507273
6.74 4.5506795
6.75 4.5506078
6.76 4.5505361
6.77 4.5504883
6.78 4.5504166
6.79 4.5503449
6.8 4.5502971
6.81 4.5502254
6.82 4.5501537
6.83 4.5501059
6.84 4.5500342
6.85 4.5499625
6.86 4.5498908
6.87 4.549843
6.88 4.5497713
6.89 4.5496996
6.9 4.5496518
6.91 4.5495801
6.92 4.5495084
6.93 4.5494367
6.94 4.5493889
6.95 4.5493172
6.96 4.5492455
6.97 4.5491738
6.98 4.5491021
6.99 4.5490543
7.0 4.5489826
7.01 4.5489109
7.02 4.5488392
7.03 4.5487675
7.04 4.5487197
7.05 4.548648
7.06 4.5485763
7.07 4.5485046
7.08 4.5484329
7.09 4.5483612
7.1 4.5482895
7.11 4.5482417
7.12 4.54817
7.13 4.5480983
7.14 4.5480266
7.15 4.5479549
7.16 4.5478832
7.17 4.5478115
7.18 4.5477398
7.19 4.5476681
7.2 4.5476203
7.21 4.5475486
7.22 4.5474769
7.23 4.5474052
7.24 4.5473335
7.25 4.5472618
7.26 4.5471901
7.27 4.5471184
7.28 4.5470467
7.29 4.546975
7.3 4.5469033
7.31 4.5468316
7.32 4.5467599
7.33 4.5466882
7.34 4.5466165
7.35 4.5465448
7.36 4.5464731
7.37 4.5464014
7.38 4.5463297
7.39 4.546258
7.4 4.5461863
7.41 4.5461146
7.42 4.5460429
7.43 4.5459712
7.44 4.5458995
7.45 4.5458278
7.46 4.5457561
7.47 4.5456844
7.48 4.5456127
7.49 4.545541
7.5 4.5454454
7.51 4.5453737
7.52 4.545302
7.53 4.5452303
7.54 4.5451586
7.55 4.5450869
7.56 4.5450152
7.57 4.5449435
7.58 4.5448718
7.59 4.5447762
7.6 4.5447045
7.61 4.5446328
7.62 4.5445611
7.63 4.5444894
7.64 4.5444177
7.65 4.544346
7.66 4.5442504
7.67 4.5441787
7.68 4.544107
7.69 4.5440353
7.7 4.5439636
7.71 4.543868
7.72 4.5437963
7.73 4.5437246
7.74 4.5436529
7.75 4.5435812
7.76 4.5434856
7.77 4.5434139
7.78 4.5433422
7.79 4.5432705
7.8 4.5431749
7.81 4.5431032
7.82 4.5430315
7.83 4.5429598
7.84 4.5428642
7.85 4.5427925
7.86 4.5427208
7.87 4.5426252
7.88 4.5425535
7.89 4.5424818
7.9 4.5424101
7.91 4.5423145
7.92 4.5422428
7.93 4.5421711
7.94 4.5420755
7.95 4.5420038
7.96 4.5419321
7.97 4.5418365
7.98 4.5417648
7.99 4.5416931
8.0 4.5415975
8.01 4.5415258
8.02 4.5414302
8.03 4.5413585
8.04 4.5412868
8.05 4.5411912
8.06 4.5411195
8.07 4.5410478
8.08 4.5409522
8.09 4.5408805
8.1 4.5407849
8.11 4.5407132
8.12 4.5406176
8.13 4.5405459
8.14 4.5404742
8.15 4.5403786
8.16 4.5403069
8.17 4.5402113
8.18 4.5401396
8.19 4.540044
8.2 4.5399723
8.21 4.5398767
8.22 4.539805
8.23 4.5397094
8.24 4.5396377
8.25 4.5395421
8.26 4.5394704
8.27 4.5393748
8.28 4.5393031
8.29 4.5392075
8.3 4.5391358
8.31 4.5390402
8.32 4.5389685
8.33 4.5388729
8.34 4.5388012
8.35 4.5387056
8.36 4.5386339
8.37 4.5385383
8.38 4.5384427
8.39 4.538371
8.4 4.5382754
8.41 4.5382037
8.42 4.5381081
8.43 4.5380125
8.44 4.5379408
8.45 4.5378452
8.46 4.5377735
8.47 4.5376779
8.48 4.5375823
8.49 4.5375106
8.5 4.537415
8.51 4.5373194
8.52 4.5372477
8.53 4.5371521
8.54 4.5370804
8.55 4.5369848
8.56 4.5368892
8.57 4.5368175
8.58 4.5367219
8.59 4.5366263
8.6 4.5365307
8.61 4.536459
8.62 4.5363634
8.63 4.5362678
8.64 4.5361961
8.65 4.5361005
8.66 4.5360049
8.67 4.5359093
8.68 4.5358376
8.69 4.535742
8.7 4.5356464
8.71 4.5355747
8.72 4.5354791
8.73 4.5353835
8.74 4.5352879
8.75 4.5351923
8.76 4.5351206
8.77 4.535025
8.78 4.5349294
8.79 4.5348338
8.8 4.5347621
8.81 4.5346665
8.82 4.5345709
8.83 4.5344753
8.84 4.5343797
8.85 4.5342841
8.86 4.5342124
8.87 4.5341168
8.88 4.5340212
8.89 4.5339256
8.9 4.53383
8.91 4.5337344
8.92 4.5336627
8.93 4.5335671
8.94 4.5334715
8.95 4.5333759
8.96 4.5332803
8.97 4.5331847
8.98 4.5330891
8.99 4.5329935
9.0 4.5328979
9.01 4.5328262
9.02 4.5327306
9.03 4.532635
9.04 4.5325394
9.05 4.5324438
9.06 4.5323482
9.07 4.5322526
9.08 4.532157
9.09 4.5320614
9.1 4.5319658
9.11 4.5318702
9.12 4.5317746
9.13 4.531679
9.14 4.5315834
9.15 4.5314878
9.16 4.5313922
9.17 4.5312966
9.18 4.531201
9.19 4.5311054
9.2 4.5310098
9.21 4.5309142
9.22 4.5308186
9.23 4.530723
9.24 4.5306274
9.25 4.5305318
9.26 4.5304362
9.27 4.5303406
9.28 4.530245
9.29 4.5301494
9.3 4.5300538
9.31 4.5299582
9.32 4.5298626
9.33 4.529767
9.34 4.5296714
9.35 4.5295519
9.36 4.5294563
9.37 4.5293607
9.38 4.5292651
9.39 4.5291695
9.4 4.5290739
9.41 4.5289783
9.42 4.5288827
9.43 4.5287871
9.44 4.5286676
9.45 4.528572
9.46 4.5284764
9.47 4.5283808
9.48 4.5282852
9.49 4.5281896
9.5 4.5280701
9.51 4.5279745
9.52 4.5278789
9.53 4.5277833
9.54 4.5276877
9.55 4.5275921
9.56 4.5274726
9.57 4.527377
9.58 4.5272814
9.59 4.5271858
9.6 4.5270663
9.61 4.5269707
9.62 4.5268751
9.63 4.5267795
9.64 4.5266839
9.65 4.5265644
9.66 4.5264688
9.67 4.5263732
9.68 4.5262776
9.69 4.5261581
9.7 4.5260625
9.71 4.5259669
9.72 4.5258474
9.73 4.5257518
9.74 4.5256562
9.75 4.5255606
9.76 4.5254411
9.77 4.5253455
9.78 4.5252499
9.79 4.5251304
9.8 4.5250348
9.81 4.5249392
9.82 4.5248197
9.83 4.5247241
9.84 4.5246285
9.85 4.524509
9.86 4.5244134
9.87 4.5243178
9.88 4.5241983
9.89 4.5241027
9.9 4.5239832
9.91 4.5238876
9.92 4.523792
9.93 4.5236725
9.94 4.5235769
9.95 4.5234574
9.96 4.5233618
9.97 4.5232662
9.98 4.5231467
9.99 4.5230511
10.0 4.5229316
10.01 4.522836
10.02 4.5227165
10.03 4.5226209
10.04 4.5225253
10.05 4.5224058
10.06 4.5223102
10.07 4.5221907
10.08 4.5220951
10.09 4.5219756
10.1 4.52188
10.11 4.5217605
10.12 4.5216649
10.13 4.5215454
10.14 4.5214498
10.15 4.5213303
10.16 4.5212347
10.17 4.5211152
10.18 4.5210196
10.19 4.5209001
10.2 4.5208045
10.21 4.520685
10.22 4.5205894
10.23 4.5204699
10.24 4.5203743
10.25 4.5202548
10.26 4.5201353
10.27 4.5200397
10.28 4.5199202
10.29 4.5198246
10.3 4.5197051
10.31 4.5195856
10.32 4.51949
10.33 4.5193705
10.34 4.5192749
10.35 4.5191554
10.36 4.5190359
10.37 4.5189403
10.38 4.5188208
10.39 4.5187252
10.4 4.5186057
10.41 4.5184862
10.42 4.5183906
10.43 4.5182711
10.44 4.5181516
10.45 4.518056
10.46 4.5179365
10.47 4.517817
10.48 4.5177214
10.49 4.5176019
10.5 4.5174824
10.51 4.5173868
10.52 4.5172673
10.53 4.5171478
10.54 4.5170522
10.55 4.5169327
10.56 4.5168132
10.57 4.5166937
10.58 4.5165981
10.59 4.5164786
10.6 4.5163591
10.61 4.5162635
10.62 4.516144
10.63 4.5160245
10.64 4.515905
10.65 4.5158094
10.66 4.5156899
10.67 4.5155704
10.68 4.5154509
10.69 4.5153314
10.7 4.5152358
10.71 4.5151163
10.72 4.5149968
10.73 4.5148773
10.74 4.5147578
10.75 4.5146622
10.76 4.5145427
10.77 4.5144232
10.78 4.5143037
10.79 4.5141842
10.8 4.5140886
10.81 4.5139691
10.82 4.5138496
10.83 4.5137301
10.84 4.5136106
10.85 4.5134911
10.86 4.5133716
10.87 4.513276
10.88 4.5131565
10.89 4.513037
10.9 4.5129175
10.91 4.512798
10.92 4.5126785
10.93 4.512559
10.94 4.5124395
10.95 4.51232
10.96 4.5122244
10.97 4.5121049
10.98 4.5119854
10.99 4.5118659
11.0 4.5117464
11.01 4.5116269
11.02 4.5115074
11.03 4.5113879
11.04 4.5112684
11.05 4.5111489
11.06 4.5110294
11.07 4.5109099
11.08 4.5107904
11.09 4.5106709
11.1 4.5105514
11.11 4.5104319
11.12 4.5103124
11.13 4.5101929
11.14 4.5100734
11.15 4.5099539
11.16 4.5098344
11.17 4.5097149
11.18 4.5095954
11.19 4.5094759
11.2 4.5093564
11.21 4.5092369
11.22 4.5091174
11.23 4.5089979
11.24 4.5088784
11.25 4.5087589
11.26 4.5086394
11.27 4.5085199
11.28 4.5084004
11.29 4.5082809
11.3 4.5081614
11.31 4.508018
11.32 4.5078985
11.33 4.507779
11.34 4.5076595
11.35 4.50754
11.36 4.5074205
11.37 4.507301
11.38 4.5071815
11.39 4.507062
11.4 4.5069425
11.41 4.5067991
11.42 4.5066796
11.43 4.5065601
11.44 4.5064406
11.45 4.5063211
11.46 4.5062016
11.47 4.5060582
11.48 4.5059387
11.49 4.5058192
11.5 4.5056997
11.51 4.5055802
11.52 4.5054607
11.53 4.5053173
11.54 4.5051978
11.55 4.5050783
11.56 4.5049588
11.57 4.5048393
11.58 4.5046959
11.59 4.5045764
11.6 4.5044569
11.61 4.5043374
11.62 4.504194
11.63 4.5040745
11.64 4.503955
11.65 4.5038355
11.66 4.503716
11.67 4.5035726
11.68 4.5034531
11.69 4.5033336
11.7 4.5031902
11.71 4.5030707
11.72 4.5029512
11.73 4.5028317
11.74 4.5026883
11.75 4.5025688
11.76 4.5024493
11.77 4.5023059
11.78 4.5021864
11.79 4.5020669
11.8 4.5019235
11.81 4.501804
11.82 4.5016845
11.83 4.5015411
11.84 4.5014216
11.85 4.5013021
11.86 4.5011587
11.87 4.5010392
11.88 4.5009197
11.89 4.5007763
11.9 4.5006568
11.91 4.5005373
11.92 4.5003939
11.93 4.5002744
11.94 4.5001549
11.95 4.5000115
11.96 4.499892
11.97 4.4997486
11.98 4.4996291
11.99 4.4995096
12.0 4.4993662
12.01 4.4992467
12.02 4.4991033
12.03 4.4989838
12.04 4.4988404
12.05 4.4987209
12.06 4.4986014
12.07 4.498458
12.08 4.4983385
12.09 4.4981951
12.1 4.4980756
12.11 4.4979322
12.12 4.4978127
12.13 4.4976693
12.14 4.4975498
12.15 4.4974064
12.16 4.4972869
12.17 4.4971435
12.18 4.497024
12.19 4.4968806
12.2 4.4967611
12.21 4.4966177
12.22 4.4964982
12.23 4.4963548
12.24 4.4962353
12.25 4.4960919
12.26 4.4959724
12.27 4.495829
12.28 4.4957095
12.29 4.4955661
12.3 4.4954466
12.31 4.4953032
12.32 4.4951598
12.33 4.4950403
12.34 4.4948969
12.35 4.4947774
12.36 4.494634
12.37 4.4945145
12.38 4.4943711
12.39 4.4942277
12.4 4.4941082
12.41 4.4939648
12.42 4.4938453
12.43 4.4937019
12.44 4.4935585
12.45 4.493439
12.46 4.4932956
12.47 4.4931522
12.48 4.4930327
12.49 4.4928893
12.5 4.4927698
12.51 4.4926264
12.52 4.492483
12.53 4.4923635
12.54 4.4922201
12.55 4.4920767
12.56 4.4919572
12.57 4.4918138
12.58 4.4916704
12.59 4.4915509
12.6 4.4914075
12.61 4.4912641
12.62 4.4911207
12.63 4.4910012
12.64 4.4908578
12.65 4.4907144
12.66 4.4905949
12.67 4.4904515
12.68 4.4903081
12.69 4.4901647
12.7 4.4900452
12.71 4.4899018
12.72 4.4897584
12.73 4.489615
12.74 4.4894955
12.75 4.4893521
12.76 4.4892087
12.77 4.4890653
12.78 4.4889458
12.79 4.4888024
12.8 4.488659
12.81 4.4885156
12.82 4.4883722
12.83 4.4882527
12.84 4.4881093
12.85 4.4879659
12.86 4.4878225
12.87 4.4876791
12.88 4.4875596
12.89 4.4874162
12.9 4.4872728
12.91 4.4871294
12.92 4.486986
12.93 4.4868426
12.94 4.4867231
12.95 4.4865797
12.96 4.4864363
12.97 4.4862929
12.98 4.4861495
12.99 4.4860061
13.0 4.4858866
13.01 4.4857432
13.02 4.4855998
13.03 4.4854564
13.04 4.485313
13.05 4.4851696
13.06 4.4850262
13.07 4.4848828
13.08 4.4847394
13.09 4.484596
13.1 4.4844765
13.11 4.4843331
13.12 4.4841897
13.13 4.4840463
13.14 4.4839029
13.15 4.4837595
13.16 4.4836161
13.17 4.4834727
13.18 4.4833293
13.19 4.4831859
13.2 4.4830425
13.21 4.4828991
13.22 4.4827557
13.23 4.4826123
13.24 4.4824689
13.25 4.4823255
13.26 4.4821821
13.27 4.4820387
13.28 4.4818953
13.29 4.4817519
13.3 4.4816085
13.31 4.4814651
13.32 4.4813217
13.33 4.4811783
13.34 4.4810349
13.35 4.4808915
13.36 4.4807481
13.37 4.4806047
13.38 4.4804613
13.39 4.4803179
13.4 4.4801745
13.41 4.4800311
13.42 4.4798877
13.43 4.4797443
13.44 4.4796009
13.45 4.4794575
13.46 4.4793141
13.47 4.4791707
13.48 4.4790273
13.49 4.47886
13.5 4.4787166
13.51 4.4785732
13.52 4.4784298
13.53 4.4782864
13.54 4.478143
13.55 4.4779996
13.56 4.4778562
13.57 4.4777128
13.58 4.4775694
13.59 4.4774021
13.6 4.4772587
13.61 4.4771153
13.62 4.4769719
13.63 4.4768285
13.64 4.4766851
13.65 4.4765417
13.66 4.4763744
13.67 4.476231
13.68 4.4760876
13.69 4.4759442
13.7 4.4758008
13.71 4.4756574
13.72 4.4754901
13.73 4.4753467
13.74 4.4752033
13.75 4.4750599
13.76 4.4749165
13.77 4.4747492
13.78 4.4746058
13.79 4.4744624
13.8 4.474319
13.81 4.4741517
13.82 4.4740083
13.83 4.4738649
13.84 4.4737215
13.85 4.4735781
13.86 4.4734108
13.87 4.4732674
13.88 4.473124
13.89 4.4729806
13.9 4.4728133
13.91 4.4726699
13.92 4.4725265
13.93 4.4723592
13.94 4.4722158
13.95 4.4720724
13.96 4.471929
13.97 4.4717617
13.98 4.4716183
13.99 4.4714749
14.0 4.4713076
14.01 4.4711642
14.02 4.4710208
14.03 4.4708774
14.04 4.4707101
14.05 4.4705667
14.06 4.4704233
14.07 4.470256
14.08 4.4701126
14.09 4.4699692
14.1 4.4698019
14.11 4.4696585
14.12 4.4695151
14.13 4.4693478
14.14 4.4692044
14.15 4.4690371
14.16 4.4688937
14.17 4.4687503
14.18 4.468583
14.19 4.4684396
14.2 4.4682962
14.21 4.4681289
14.22 4.4679855
14.23 4.4678182
14.24 4.4676748
14.25 4.4675314
14.26 4.4673641
14.27 4.4672207
14.28 4.4670534
14.29 4.46691
14.3 4.4667427
14.31 4.4665993
14.32 4.4664559
14.33 4.4662886
14.34 4.4661452
14.35 4.4659779
14.36 4.4658345
14.37 4.4656672
14.38 4.4655238
14.39 4.4653565
14.4 4.4652131
14.41 4.4650697
14.42 4.4649024
14.43 4.464759
14.44 4.4645917
14.45 4.4644483
14.46 4.464281
14.47 4.4641376
14.48 4.4639703
14.49 4.4638269
14.5 4.4636596
14.51 4.4635162
14.52 4.4633489
14.53 4.4632055
14.54 4.4630382
14.55 4.4628948
14.56 4.4627275
14.57 4.4625602
14.58 4.4624168
14.59 4.4622495
14.6 4.4621061
14.61 4.4619388
14.62 4.4617954
14.63 4.4616281
14.64 4.4614847
14.65 4.4613174
14.66 4.4611501
14.67 4.4610067
14.68 4.4608394
14.69 4.460696
14.7 4.4605287
14.71 4.4603853
14.72 4.460218
14.73 4.4600507
14.74 4.4599073
14.75 4.45974
14.76 4.4595966
14.77 4.4594293
14.78 4.459262
14.79 4.4591186
14.8 4.4589513
14.81 4.458784
14.82 4.4586406
14.83 4.4584733
14.84 4.458306
14.85 4.4581626
14.86 4.4579953
14.87 4.4578519
14.88 4.4576846
14.89 4.4575173
14.9 4.4573739
14.91 4.4572066
14.92 4.4570393
14.93 4.456872
14.94 4.4567286
14.95 4.4565613
14.96 4.456394
14.97 4.4562506
14.98 4.4560833
14.99 4.455916
15.0 4.4557726
15.01 4.4556053
15.02 4.455438
15.03 4.4552707
15.04 4.4551273
15.05 4.45496
15.06 4.4547927
15.07 4.4546493
15.08 4.454482
15.09 4.4543147
15.1 4.4541474
15.11 4.454004
15.12 4.4538367
15.13 4.4536694
15.14 4.4535021
15.15 4.4533587
15.16 4.4531914
15.17 4.4530241
15.18 4.4528568
15.19 4.4526895
15.2 4.4525461
15.21 4.4523788
15.22 4.4522115
15.23 4.4520442
15.24 4.4519008
15.25 4.4517335
15.26 4.4515662
15.27 4.4513989
15.28 4.4512316
15.29 4.4510643
15.3 4.4509209
15.31 4.4507536
15.32 4.4505863
15.33 4.450419
15.34 4.4502517
15.35 4.4500844
15.36 4.449941
15.37 4.4497737
15.38 4.4496064
15.39 4.4494391
15.4 4.4492718
15.41 4.4491045
15.42 4.4489372
15.43 4.4487938
15.44 4.4486265
15.45 4.4484592
15.46 4.4482919
15.47 4.4481246
15.48 4.4479573
15.49 4.44779
15.5 4.4476227
15.51 4.4474554
15.52 4.447312
15.53 4.4471447
15.54 4.4469774
15.55 4.4468101
15.56 4.4466428
15.57 4.4464755
15.58 4.4463082
15.59 4.4461409
15.6 4.4459736
15.61 4.4458063
15.62 4.445639
15.63 4.4454717
15.64 4.4453044
15.65 4.4451371
15.66 4.4449698
15.67 4.4448264
15.68 4.4446591
15.69 4.4444918
15.7 4.4443245
15.71 4.4441572
15.72 4.4439899
15.73 4.4438226
15.74 4.4436553
15.75 4.443488
15.76 4.4433207
15.77 4.4431534
15.78 4.4429861
15.79 4.4428188
15.8 4.4426515
15.81 4.4424842
15.82 4.4423169
15.83 4.4421496
15.84 4.4419823
15.85 4.441815
15.86 4.4416477
15.87 4.4414565
15.88 4.4412892
15.89 4.4411219
15.9 4.4409546
15.91 4.4407873
15.92 4.44062
15.93 4.4404527
15.94 4.4402854
15.95 4.4401181
15.96 4.4399508
15.97 4.4397835
15.98 4.4396162
15.99 4.4394489
16.0 4.4392816
16.01 4.4391143
16.02 4.4389231
16.03 4.4387558
16.04 4.4385885
16.05 4.4384212
16.06 4.4382539
16.07 4.4380866
16.08 4.4379193
16.09 4.437752
16.1 4.4375847
16.11 4.4374174
16.12 4.4372262
16.13 4.4370589
16.14 4.4368916
16.15 4.4367243
16.16 4.436557
16.17 4.4363897
16.18 4.4362224
16.19 4.4360312
16.2 4.4358639
16.21 4.4356966
16.22 4.4355293
16.23 4.435362
16.24 4.4351947
16.25 4.4350035
16.26 4.4348362
16.27 4.4346689
16.28 4.4345016
16.29 4.4343343
16.3 4.4341431
16.31 4.4339758
16.32 4.4338085
16.33 4.4336412
16.34 4.4334739
16.35 4.4332827
16.36 4.4331154
16.37 4.4329481
16.38 4.4327808
16.39 4.4326135
16.4 4.4324223
16.41 4.432255
16.42 4.4320877
16.43 4.4319204
16.44 4.4317292
16.45 4.4315619
16.46 4.4313946
16.47 4.4312273
16.48 4.4310361
16.49 4.4308688
16.5 4.4307015
16.51 4.4305342
16.52 4.430343
16.53 4.4301757
16.54 4.4300084
16.55 4.4298411
16.56 4.4296499
16.57 4.4294826
16.58 4.4293153
16.59 4.4291241
16.6 4.4289568
16.61 4.4287895
16.62 4.4285983
16.63 4.428431
16.64 4.4282637
16.65 4.4280964
16.66 4.4279052
16.67 4.4277379
16.68 4.4275706
16.69 4.4273794
16.7 4.4272121
16.71 4.4270448
16.72 4.4268536
16.73 4.4266863
16.74 4.426519
16.75 4.4263278
16.76 4.4261605
16.77 4.4259693
16.78 4.425802
16.79 4.4256347
16.8 4.4254435
16.81 4.4252762
16.82 4.4251089
16.83 4.4249177
16.84 4.4247504
16.85 4.4245831
16.86 4.4243919
16.87 4.4242246
16.88 4.4240334
16.89 4.4238661
16.9 4.4236988
16.91 4.4235076
16.92 4.4233403
16.93 4.4231491
16.94 4.4229818
16.95 4.4228145
16.96 4.4226233
16.97 4.422456
16.98 4.4222648
16.99 4.4220975
17.0 4.4219063
17.01 4.421739
17.02 4.4215717
17.03 4.4213805
17.04 4.4212132
17.05 4.421022
17.06 4.4208547
17.07 4.4206635
17.08 4.4204962
17.09 4.420305
17.1 4.4201377
17.11 4.4199465
17.12 4.4197792
17.13 4.419588
17.14 4.4194207
17.15 4.4192295
17.16 4.4190622
17.17 4.4188949
17.18 4.4187037
17.19 4.4185364
17.2 4.4183452
17.21 4.4181779
17.22 4.4179867
17.23 4.4177955
17.24 4.4176282
17.25 4.417437
17.26 4.4172697
17.27 4.4170785
17.28 4.4169112
17.29 4.41672
17.3 4.4165527
17.31 4.4163615
17.32 4.4161942
17.33 4.416003
17.34 4.4158357
17.35 4.4156445
17.36 4.4154772
17.37 4.415286
17.38 4.4150948
17.39 4.4149275
17.4 4.4147363
17.41 4.414569
17.42 4.4143778
17.43 4.4142105
17.44 4.4140193
17.45 4.4138281
17.46 4.4136608
17.47 4.4134696
17.48 4.4133023
17.49 4.4131111
17.5 4.4129438
17.51 4.4127526
17.52 4.4125614
17.53 4.4123941
17.54 4.4122029
17.55 4.4120117
17.56 4.4118444
17.57 4.4116532
17.58 4.4114859
17.59 4.4112947
17.6 4.4111035
17.61 4.4109362
17.62 4.410745
17.63 4.4105538
17.64 4.4103865
17.65 4.4101953
17.66 4.410028
17.67 4.4098368
17.68 4.4096456
17.69 4.4094783
17.7 4.4092871
17.71 4.4090959
17.72 4.4089286
17.73 4.4087374
17.74 4.4085462
17.75 4.4083789
17.76 4.4081877
17.77 4.4079965
17.78 4.4078053
17.79 4.407638
17.8 4.4074468
17.81 4.4072556
17.82 4.4070883
17.83 4.4068971
17.84 4.4067059
17.85 4.4065386
17.86 4.4063474
17.87 4.4061562
17.88 4.405965
17.89 4.4057977
17.9 4.4056065
17.91 4.4054153
17.92 4.405248
17.93 4.4050568
17.94 4.4048656
17.95 4.4046744
17.96 4.4045071
17.97 4.4043159
17.98 4.4041247
17.99 4.4039335
18.0 4.4037662
18.01 4.403575
18.02 4.4033838
18.03 4.4031926
18.04 4.4030253
18.05 4.4028341
18.06 4.4026429
18.07 4.4024517
18.08 4.4022605
18.09 4.4020932
18.1 4.401902
18.11 4.4017108
18.12 4.4015196
18.13 4.4013523
18.14 4.4011611
18.15 4.4009699
18.16 4.4007787
18.17 4.4005875
18.18 4.4004202
18.19 4.400229
18.2 4.4000378
18.21 4.3998466
18.22 4.3996554
18.23 4.3994642
18.24 4.3992969
18.25 4.3991057
18.26 4.3989145
18.27 4.3987233
18.28 4.3985321
18.29 4.3983409
18.3 4.3981736
18.31 4.3979824
18.32 4.3977912
18.33 4.3976
18.34 4.3974088
18.35 4.3972176
18.36 4.3970264
18.37 4.3968591
18.38 4.3966679
18.39 4.3964767
18.4 4.3962855
18.41 4.3960943
18.42 4.3959031
18.43 4.3957119
18.44 4.3955207
18.45 4.3953534
18.46 4.3951622
18.47 4.394971
18.48 4.3947798
18.49 4.3945886
18.5 4.3943974
18.51 4.3942062
18.52 4.394015
18.53 4.3938238
18.54 4.3936326
18.55 4.3934653
18.56 4.3932741
18.57 4.3930829
18.58 4.3928917
18.59 4.3927005
18.6 4.3925093
18.61 4.3923181
18.62 4.3921269
18.63 4.3919357
18.64 4.3917445
18.65 4.3915533
18.66 4.3913621
18.67 4.3911709
18.68 4.3909797
18.69 4.3907885
18.7 4.3905973
18.71 4.3904061
18.72 4.3902388
18.73 4.3900476
18.74 4.3898564
18.75 4.3896652
18.76 4.389474
18.77 4.3892828
18.78 4.3890916
18.79 4.3889004
18.8 4.3887092
18.81 4.388518
18.82 4.3883268
18.83 4.3881356
18.84 4.3879444
18.85 4.3877532
18.86 4.387562
18.87 4.3873708
18.88 4.3871796
18.89 4.3869884
18.9 4.3867972
18.91 4.386606
18.92 4.3864148
18.93 4.3862236
18.94 4.3860324
18.95 4.3858173
18.96 4.3856261
18.97 4.3854349
18.98 4.3852437
18.99 4.3850525
19.0 4.3848613
19.01 4.3846701
19.02 4.3844789
19.03 4.3842877
19.04 4.3840965
19.05 4.3839053
19.06 4.3837141
19.07 4.3835229
19.08 4.3833317
19.09 4.3831405
19.1 4.3829493
19.11 4.3827581
19.12 4.3825669
19.13 4.3823518
19.14 4.3821606
19.15 4.3819694
19.16 4.3817782
19.17 4.381587
19.18 4.3813958
19.19 4.3812046
19.2 4.3810134
19.21 4.3808222
19.22 4.380631
19.23 4.3804398
19.24 4.3802247
19.25 4.3800335
19.26 4.3798423
19.27 4.3796511
19.28 4.3794599
19.29 4.3792687
19.3 4.3790775
19.31 4.3788863
19.32 4.3786712
19.33 4.37848
19.34 4.3782888
19.35 4.3780976
19.36 4.3779064
19.37 4.3777152
19.38 4.377524
19.39 4.3773089
19.4 4.3771177
19.41 4.3769265
19.42 4.3767353
19.43 4.3765441
19.44 4.3763529
19.45 4.3761378
19.46 4.3759466
19.47 4.3757554
19.48 4.3755642
19.49 4.375373
19.5 4.3751818
19.51 4.3749667
19.52 4.3747755
19.53 4.3745843
19.54 4.3743931
19.55 4.3742019
19.56 4.3739868
19.57 4.3737956
19.58 4.3736044
19.59 4.3734132
19.6 4.373222
19.61 4.3730069
19.62 4.3728157
19.63 4.3726245
19.64 4.3724333
19.65 4.3722421
19.66 4.372027
19.67 4.3718358
19.68 4.3716446
19.69 4.3714534
19.7 4.3712383
19.71 4.3710471
19.72 4.3708559
19.73 4.3706647
19.74 4.3704496
19.75 4.3702584
19.76 4.3700672
19.77 4.369876
19.78 4.3696848
19.79 4.3694697
19.8 4.3692785
19.81 4.3690873
19.82 4.3688722
19.83 4.368681
19.84 4.3684898
19.85 4.3682986
19.86 4.3680835
19.87 4.3678923
19.88 4.3677011
19.89 4.3675099
19.9 4.3672948
19.91 4.3671036
19.92 4.3669124
19.93 4.3666973
19.94 4.3665061
19.95 4.3663149
19.96 4.3661237
19.97 4.3659086
19.98 4.3657174
19.99 4.3655262
20.0 4.3653111
20.01 4.3651199
20.02 4.3649287
20.03 4.3647136
20.04 4.3645224
20.05 4.3643312
20.06 4.3641161
20.07 4.3639249
20.08 4.3637337
20.09 4.3635186
20.1 4.3633274
20.11 4.3631362
20.12 4.3629211
20.13 4.3627299
20.14 4.3625387
20.15 4.3623236
20.16 4.3621324
20.17 4.3619412
20.18 4.3617261
20.19 4.3615349
20.2 4.3613437
20.21 4.3611286
20.22 4.3609374
20.23 4.3607462
20.24 4.3605311
20.25 4.3603399
20.26 4.3601248
20.27 4.3599336
20.28 4.3597424
20.29 4.3595273
20.3 4.3593361
20.31 4.3591449
20.32 4.3589298
20.33 4.3587386
20.34 4.3585235
20.35 4.3583323
20.36 4.3581411
20.37 4.357926
20.38 4.3577348
20.39 4.3575197
20.4 4.3573285
20.41 4.3571373
20.42 4.3569222
20.43 4.356731
20.44 4.3565159
20.45 4.3563247
20.46 4.3561335
20.47 4.3559184
20.48 4.3557272
20.49 4.3555121
20.5 4.3553209
20.51 4.3551058
20.52 4.3549146
20.53 4.3547234
20.54 4.3545083
20.55 4.3543171
20.56 4.354102
20.57 4.3539108
20.58 4.3536957
20.59 4.3535045
20.6 4.3532894
20.61 4.3530982
20.62 4.352907
20.63 4.3526919
20.64 4.3525007
20.65 4.3522856
20.66 4.3520944
20.67 4.3518793
20.68 4.3516881
20.69 4.351473
20.7 4.3512818
20.71 4.3510667
20.72 4.3508755
20.73 4.3506604
20.74 4.3504692
20.75 4.3502541
20.76 4.3500629
20.77 4.3498478
20.78 4.3496566
20.79 4.3494654
20.8 4.3492503
20.81 4.3490591
20.82 4.348844
20.83 4.3486528
20.84 4.3484377
20.85 4.3482226
20.86 4.3480314
20.87 4.3478163
20.88 4.3476251
20.89 4.34741
20.9 4.3472188
20.91 4.3470037
20.92 4.3468125
20.93 4.3465974
20.94 4.3464062
20.95 4.3461911
20.96 4.3459999
20.97 4.3457848
20.98 4.3455936
20.99 4.3453785
21.0 4.3451873
21.01 4.3449722
21.02 4.344781
21.03 4.3445659
21.04 4.3443508
21.05 4.3441596
21.06 4.3439445
21.07 4.3437533
21.08 4.3435382
21.09 4.343347
21.1 4.3431319
21.11 4.3429407
21.12 4.3427256
21.13 4.3425105
21.14 4.3423193
21.15 4.3421042
21.16 4.341913
21.17 4.3416979
21.18 4.3415067
21.19 4.3412916
21.2 4.3410765
21.21 4.3408853
21.22 4.3406702
21.23 4.340479
21.24 4.3402639
21.25 4.3400488
21.26 4.3398576
21.27 4.3396425
21.28 4.3394513
21.29 4.3392362
21.3 4.3390211
21.31 4.3388299
21.32 4.3386148
21.33 4.3384236
21.34 4.3382085
21.35 4.3379934
21.36 4.3378022
21.37 4.3375871
21.38 4.3373959
21.39 4.3371808
21.4 4.3369657
21.41 4.3367745
21.42 4.3365594
21.43 4.3363443
21.44 4.3361531
21.45 4.335938
21.46 4.3357229
21.47 4.3355317
21.48 4.3353166
21.49 4.3351254
21.5 4.3349103
21.51 4.3346952
21.52 4.334504
21.53 4.3342889
21.54 4.3340738
21.55 4.3338826
21.56 4.3336675
21.57 4.3334524
21.58 4.3332612
21.59 4.3330461
21.6 4.332831
21.61 4.3326398
21.62 4.3324247
21.63 4.3322096
21.64 4.3320184
21.65 4.3318033
21.66 4.3315882
21.67 4.331397
21.68 4.3311819
21.69 4.3309668
21.7 4.3307756
21.71 4.3305605
21.72 4.3303454
21.73 4.3301542
21.74 4.3299391
21.75 4.329724
21.76 4.3295089
21.77 4.3293177
21.78 4.3291026
21.79 4.3288875
21.8 4.3286963
21.81 4.3284812
21.82 4.3282661
21.83 4.3280749
21.84 4.3278598
21.85 4.3276447
21.86 4.3274296
21.87 4.3272384
21.88 4.3270233
21.89 4.3268082
21.9 4.3265931
21.91 4.3264019
21.92 4.3261868
21.93 4.3259717
21.94 4.3257805
21.95 4.3255654
21.96 4.3253503
21.97 4.3251352
21.98 4.324944
21.99 4.3247289
22.0 4.3245138
22.01 4.3242987
22.02 4.3241075
22.03 4.3238924
22.04 4.3236773
22.05 4.3234622
22.06 4.323271
22.07 4.3230559
22.08 4.3228408
22.09 4.3226257
22.1 4.3224345
22.11 4.3222194
22.12 4.3220043
22.13 4.3217892
22.14 4.321598
22.15 4.3213829
22.16 4.3211678
22.17 4.3209527
22.18 4.3207376
22.19 4.3205464
22.2 4.3203313
22.21 4.3201162
22.22 4.3199011
22.23 4.3197099
22.24 4.3194948
22.25 4.3192797
22.26 4.3190646
22.27 4.3188495
22.28 4.3186583
22.29 4.3184432
22.3 4.3182281
22.31 4.318013
22.32 4.3177979
22.33 4.3176067
22.34 4.3173916
22.35 4.3171765
22.36 4.3169614
22.37 4.3167463
22.38 4.3165551
22.39 4.31634
22.4 4.3161249
22.41 4.3159098
22.42 4.3156947
22.43 4.3154796
22.44 4.3152884
22.45 4.3150733
22.46 4.3148582
22.47 4.3146431
22.48 4.314428
22.49 4.3142129
22.5 4.3140217
22.51 4.3138066
22.52 4.3135915
22.53 4.3133764
22.54 4.3131613
22.55 4.3129462
22.56 4.312755
22.57 4.3125399
22.58 4.3123248
22.59 4.3121097
22.6 4.3118946
22.61 4.3116795
22.62 4.3114644
22.63 4.3112732
22.64 4.3110581
22.65 4.310843
22.66 4.3106279
22.67 4.3104128
22.68 4.3101977
22.69 4.3099826
22.7 4.3097914
22.71 4.3095763
22.72 4.3093612
22.73 4.3091461
22.74 4.308931
22.75 4.3087159
22.76 4.3085008
22.77 4.3082857
22.78 4.3080945
22.79 4.3078794
22.8 4.3076643
22.81 4.3074492
22.82 4.3072341
22.83 4.307019
22.84 4.3068039
22.85 4.3065888
22.86 4.3063737
22.87 4.3061825
22.88 4.3059674
22.89 4.3057523
22.9 4.3055372
22.91 4.3053221
22.92 4.305107
22.93 4.3048919
22.94 4.3046768
22.95 4.3044617
22.96 4.3042466
22.97 4.3040315
22.98 4.3038403
22.99 4.3036252
23.0 4.3034101
23.01 4.303195
23.02 4.3029799
23.03 4.3027648
23.04 4.3025497
23.05 4.3023346
23.06 4.3021195
23.07 4.3019044
23.08 4.3016893
23.09 4.3014742
23.1 4.3012591
23.11 4.301044
23.12 4.3008528
23.13 4.3006377
23.14 4.3004226
23.15 4.3002075
23.16 4.2999924
23.17 4.2997773
23.18 4.2995622
23.19 4.2993471
23.2 4.299132
23.21 4.2989169
23.22 4.2987018
23.23 4.2984867
23.24 4.2982716
23.25 4.2980565
23.26 4.2978414
23.27 4.2976263
23.28 4.2974112
23.29 4.2971961
23.3 4.296981
23.31 4.2967659
23.32 4.2965508
23.33 4.2963596
23.34 4.2961445
23.35 4.2959294
23.36 4.2957143
23.37 4.2954992
23.38 4.2952841
23.39 4.295069
23.4 4.2948539
23.41 4.2946388
23.42 4.2944237
23.43 4.2942086
23.44 4.2939935
23.45 4.2937784
23.46 4.2935633
23.47 4.2933482
23.48 4.2931331
23.49 4.292918
23.5 4.2927029
23.51 4.2924878
23.52 4.2922727
23.53 4.2920576
23.54 4.2918425
23.55 4.2916274
23.56 4.2914123
23.57 4.2911972
23.58 4.2909821
23.59 4.290767
23.6 4.2905519
23.61 4.2903368
23.62 4.2901217
23.63 4.2899066
23.64 4.2896915
23.65 4.2894764
23.66 4.2892613
23.67 4.2890462
23.68 4.2888311
23.69 4.288616
23.7 4.2884009
23.71 4.2881858
23.72 4.2879707
23.73 4.2877317
23.74 4.2875166
23.75 4.2873015
23.76 4.2870864
23.77 4.2868713
23.78 4.2866562
23.79 4.2864411
23.8 4.286226
23.81 4.2860109
23.82 4.2857958
23.83 4.2855807
23.84 4.2853656
23.85 4.2851505
23.86 4.2849354
23.87 4.2847203
23.88 4.2845052
23.89 4.2842901
23.9 4.284075
23.91 4.2838599
23.92 4.2836448
23.93 4.2834297
23.94 4.2832146
23.95 4.2829995
23.96 4.2827605
23.97 4.2825454
23.98 4.2823303
23.99 4.2821152
24.0 4.2819001
24.01 4.281685
24.02 4.2814699
24.03 4.2812548
24.04 4.2810397
24.05 4.2808246
24.06 4.2806095
24.07 4.2803944
24.08 4.2801793
24.09 4.2799642
24.1 4.2797252
24.11 4.2795101
24.12 4.279295
24.13 4.2790799
24.14 4.2788648
24.15 4.2786497
24.16 4.2784346
24.17 4.2782195
24.18 4.2780044
24.19 4.2777893
24.2 4.2775742
24.21 4.2773591
24.22 4.2771201
24.23 4.276905
24.24 4.2766899
24.25 4.2764748
24.26 4.2762597
24.27 4.2760446
24.28 4.2758295
24.29 4.2756144
24.3 4.2753993
24.31 4.2751842
24.32 4.2749452
24.33 4.2747301
24.34 4.274515
24.35 4.2742999
24.36 4.2740848
24.37 4.2738697
24.38 4.2736546
24.39 4.2734395
24.4 4.2732005
24.41 4.2729854
24.42 4.2727703
24.43 4.2725552
24.44 4.2723401
24.45 4.272125
24.46 4.2719099
24.47 4.2716948
24.48 4.2714797
24.49 4.2712407
24.5 4.2710256
24.51 4.2708105
24.52 4.2705954
24.53 4.2703803
24.54 4.2701652
24.55 4.2699501
24.56 4.2697111
24.57 4.269496
24.58 4.2692809
24.59 4.2690658
24.6 4.2688507
24.61 4.2686356
24.62 4.2684205
24.63 4.2681815
24.64 4.2679664
24.65 4.2677513
24.66 4.2675362
24.67 4.2673211
24.68 4.267106
24.69 4.2668909
24.7 4.2666519
24.71 4.2664368
24.72 4.2662217
24.73 4.2660066
24.74 4.2657915
24.75 4.2655764
24.76 4.2653374
24.77 4.2651223
24.78 4.2649072
24.79 4.2646921
24.8 4.264477
24.81 4.2642619
24.82 4.2640468
24.83 4.2638078
24.84 4.2635927
24.85 4.2633776
24.86 4.2631625
24.87 4.2629474
24.88 4.2627084
24.89 4.2624933
24.9 4.2622782
24.91 4.2620631
24.92 4.261848
24.93 4.2616329
24.94 4.2613939
24.95 4.2611788
24.96 4.2609637
24.97 4.2607486
24.98 4.2605335
24.99 4.2603184
25.0 4.2600794
25.01 4.2598643
25.02 4.2596492
25.03 4.2594341
25.04 4.259219
25.05 4.25898
25.06 4.2587649
25.07 4.2585498
25.08 4.2583347
25.09 4.2581196
25.1 4.2578806
25.11 4.2576655
25.12 4.2574504
25.13 4.2572353
25.14 4.2570202
25.15 4.2567812
25.16 4.2565661
25.17 4.256351
25.18 4.2561359
25.19 4.2559208
25.2 4.2556818
25.21 4.2554667
25.22 4.2552516
25.23 4.2550365
25.24 4.2548214
25.25 4.2545824
25.26 4.2543673
25.27 4.2541522
25.28 4.2539371
25.29 4.2536981
25.3 4.253483
25.31 4.2532679
25.32 4.2530528
25.33 4.2528377
25.34 4.2525987
25.35 4.2523836
25.36 4.2521685
25.37 4.2519534
25.38 4.2517383
25.39 4.2514993
25.4 4.2512842
25.41 4.2510691
25.42 4.250854
25.43 4.250615
25.44 4.2503999
25.45 4.2501848
25.46 4.2499697
25.47 4.2497307
25.48 4.2495156
25.49 4.2493005
25.5 4.2490854
25.51 4.2488703
25.52 4.2486313
25.53 4.2484162
25.54 4.2482011
25.55 4.247986
25.56 4.247747
25.57 4.2475319
25.58 4.2473168
25.59 4.2471017
25.6 4.2468627
25.61 4.2466476
25.62 4.2464325
25.63 4.2462174
25.64 4.2459784
25.65 4.2457633
25.66 4.2455482
25.67 4.2453331
25.68 4.2450941
25.69 4.244879
25.7 4.2446639
25.71 4.2444488
25.72 4.2442098
25.73 4.2439947
25.74 4.2437796
25.75 4.2435645
25.76 4.2433255
25.77 4.2431104
25.78 4.2428953
25.79 4.2426802
25.8 4.2424412
25.81 4.2422261
25.82 4.242011
25.83 4.241772
25.84 4.2415569
25.85 4.2413418
25.86 4.2411267
25.87 4.2408877
25.88 4.2406726
25.89 4.2404575
25.9 4.2402424
25.91 4.2400034
25.92 4.2397883
25.93 4.2395732
25.94 4.2393342
25.95 4.2391191
25.96 4.238904
25.97 4.2386889
25.98 4.2384499
25.99 4.2382348
26.0 4.2380197
26.01 4.2378046
26.02 4.2375656
26.03 4.2373505
26.04 4.2371354
26.05 4.2368964
26.06 4.2366813
26.07 4.2364662
26.08 4.2362511
26.09 4.2360121
26.1 4.235797
26.11 4.2355819
26.12 4.2353429
26.13 4.2351278
26.14 4.2349127
26.15 4.2346976
26.16 4.2344586
26.17 4.2342435
26.18 4.2340284
26.19 4.2337894
26.2 4.2335743
26.21 4.2333592
26.22 4.2331202
26.23 4.2329051
26.24 4.23269
26.25 4.2324749
26.26 4.2322359
26.27 4.2320208
26.28 4.2318057
26.29 4.2315667
26.3 4.2313516
26.31 4.2311365
26.32 4.2308975
26.33 4.2306824
26.34 4.2304673
26.35 4.2302522
26.36 4.2300132
26.37 4.2297981
26.38 4.229583
26.39 4.229344
26.4 4.2291289
26.41 4.2289138
26.42 4.2286748
26.43 4.2284597
26.44 4.2282446
26.45 4.2280056
26.46 4.2277905
26.47 4.2275754
26.48 4.2273603
26.49 4.2271213
26.5 4.2269062
26.51 4.2266911
26.52 4.2264521
26.53 4.226237
26.54 4.2260219
26.55 4.2257829
26.56 4.2255678
26.57 4.2253527
26.58 4.2251137
26.59 4.2248986
26.6 4.2246835
26.61 4.2244445
26.62 4.2242294
26.63 4.2240143
26.64 4.2237753
26.65 4.2235602
26.66 4.2233451
26.67 4.2231061
26.68 4.222891
26.69 4.2226759
26.7 4.2224369
26.71 4.2222218
26.72 4.2220067
26.73 4.2217677
26.74 4.2215526
26.75 4.2213375
26.76 4.2210985
26.77 4.2208834
26.78 4.2206683
26.79 4.2204293
26.8 4.2202142
26.81 4.2199991
26.82 4.2197601
26.83 4.219545
26.84 4.2193299
26.85 4.2190909
26.86 4.2188758
26.87 4.2186607
26.88 4.2184217
26.89 4.2182066
26.9 4.2179915
26.91 4.2177525
26.92 4.2175374
26.93 4.2173223
26.94 4.2170833
26.95 4.2168682
26.96 4.2166531
26.97 4.2164141
26.98 4.216199
26.99 4.2159839
27.0 4.2157449
27.01 4.2155298
27.02 4.2153147
27.03 4.2150757
27.04 4.2148606
27.05 4.2146216
27.06 4.2144065
27.07 4.2141914
27.08 4.2139524
27.09 4.2137373
27.1 4.2135222
27.11 4.2132832
27.12 4.2130681
27.13 4.212853
27.14 4.212614
27.15 4.2123989
27.16 4.2121838
27.17 4.2119448
27.18 4.2117297
27.19 4.2114907
27.2 4.2112756
27.21 4.2110605
27.22 4.2108215
27.23 4.2106064
27.24 4.2103913
27.25 4.2101523
27.26 4.2099372
27.27 4.2097221
27.28 4.2094831
27.29 4.209268
27.3 4.2090529
27.31 4.2088139
27.32 4.2085988
27.33 4.2083598
27.34 4.2081447
27.35 4.2079296
27.36 4.2076906
27.37 4.2074755
27.38 4.2072604
27.39 4.2070214
27.4 4.2068063
27.41 4.2065673
27.42 4.2063522
27.43 4.2061371
27.44 4.2058981
27.45 4.205683
27.46 4.2054679
27.47 4.2052289
27.48 4.2050138
27.49 4.2047987
27.5 4.2045597
27.51 4.2043446
27.52 4.2041056
27.53 4.2038905
27.54 4.2036754
27.55 4.2034364
27.56 4.2032213
27.57 4.2030062
27.58 4.2027672
27.59 4.2025521
27.6 4.2023131
27.61 4.202098
27.62 4.2018829
27.63 4.2016439
27.64 4.2014288
27.65 4.2012137
27.66 4.2009747
27.67 4.2007596
27.68 4.2005206
27.69 4.2003055
27.7 4.2000904
27.71 4.1998514
27.72 4.1996363
27.73 4.1993973
27.74 4.1991822
27.75 4.1989671
27.76 4.1987281
27.77 4.198513
27.78 4.1982979
27.79 4.1980589
27.8 4.1978438
27.81 4.1976048
27.82 4.1973897
27.83 4.1971746
27.84 4.1969356
27.85 4.1967205
27.86 4.1964815
27.87 4.1962664
27.88 4.1960513
27.89 4.1958123
27.9 4.1955972
27.91 4.1953821
27.92 4.1951431
27.93 4.194928
27.94 4.194689
27.95 4.1944739
27.96 4.1942588
27.97 4.1940198
27.98 4.1938047
27.99 4.1935657
28.0 4.1933506
28.01 4.1931355
28.02 4.1928965
28.03 4.1926814
28.04 4.1924424
28.05 4.1922273
28.06 4.1920122
28.07 4.1917732
28.08 4.1915581
28.09 4.1913191
28.1 4.191104
28.11 4.1908889
28.12 4.1906499
28.13 4.1904348
28.14 4.1901958
28.15 4.1899807
28.16 4.1897656
28.17 4.1895266
28.18 4.1893115
28.19 4.1890725
28.2 4.1888574
28.21 4.1886423
28.22 4.1884033
28.23 4.1881882
28.24 4.1879492
28.25 4.1877341
28.26 4.187519
28.27 4.18728
28.28 4.1870649
28.29 4.1868259
28.3 4.1866108
28.31 4.1863957
28.32 4.1861567
28.33 4.1859416
28.34 4.1857026
28.35 4.1854875
28.36 4.1852724
28.37 4.1850334
28.38 4.1848183
28.39 4.1845793
28.4 4.1843642
28.41 4.1841491
28.42 4.1839101
28.43 4.183695
28.44 4.183456
28.45 4.1832409
28.46 4.1830258
28.47 4.1827868
28.48 4.1825717
28.49 4.1823327
28.5 4.1821176
28.51 4.1819025
28.52 4.1816635
28.53 4.1814484
28.54 4.1812094
28.55 4.1809943
28.56 4.1807792
28.57 4.1805402
28.58 4.1803251
28.59 4.1800861
28.6 4.179871
28.61 4.1796559
28.62 4.1794169
28.63 4.1792018
28.64 4.1789628
28.65 4.1787477
28.66 4.1785087
28.67 4.1782936
28.68 4.1780785
28.69 4.1778395
28.7 4.1776244
28.71 4.1773854
28.72 4.1771703
28.73 4.1769552
28.74 4.1767162
28.75 4.1765011
28.76 4.1762621
28.77 4.176047
28.78 4.1758319
28.79 4.1755929
28.8 4.1753778
28.81 4.1751388
28.82 4.1749237
28.83 4.1746847
28.84 4.1744696
28.85 4.1742545
28.86 4.1740155
28.87 4.1738004
28.88 4.1735614
28.89 4.1733463
28.9 4.1731312
28.91 4.1728922
28.92 4.1726771
28.93 4.1724381
28.94 4.172223
28.95 4.1720079
28.96 4.1717689
28.97 4.1715538
28.98 4.1713148
28.99 4.1710997
29.0 4.1708607
29.01 4.1706456
29.02 4.1704305
29.03 4.1701915
29.04 4.1699764
29.05 4.1697374
29.06 4.1695223
29.07 4.1693072
29.08 4.1690682
29.09 4.1688531
29.1 4.1686141
29.11 4.168399
29.12 4.16816
29.13 4.1679449
29.14 4.1677298
29.15 4.1674908
29.16 4.1672757
29.17 4.1670367
29.18 4.1668216
29.19 4.1666065
29.2 4.1663675
29.21 4.1661524
29.22 4.1659134
29.23 4.1656983
29.24 4.1654832
29.25 4.1652442
29.26 4.1650291
29.27 4.1647901
29.28 4.164575
29.29 4.164336
29.3 4.1641209
29.31 4.1639058
29.32 4.1636668
29.33 4.1634517
29.34 4.1632127
29.35 4.1629976
29.36 4.1627825
29.37 4.1625435
29.38 4.1623284
29.39 4.1620894
29.4 4.1618743
29.41 4.1616353
29.42 4.1614202
29.43 4.1612051
29.44 4.1609661
29.45 4.160751
29.46 4.160512
29.47 4.1602969
29.48 4.1600818
29.49 4.1598428
29.5 4.1596277
29.51 4.1593887
29.52 4.1591736
29.53 4.1589346
29.54 4.1587195
29.55 4.1585044
29.56 4.1582654
29.57 4.1580503
29.58 4.1578113
29.59 4.1575962
29.6 4.1573811
29.61 4.1571421
29.62 4.156927
29.63 4.156688
29.64 4.1564729
29.65 4.1562339
29.66 4.1560188
29.67 4.1558037
29.68 4.1555647
29.69 4.1553496
29.7 4.1551106
29.71 4.1548955
29.72 4.1546804
29.73 4.1544414
29.74 4.1542263
29.75 4.1539873
29.76 4.1537722
29.77 4.1535332
29.78 4.1533181
29.79 4.153103
29.8 4.152864
29.81 4.1526489
29.82 4.1524099
29.83 4.1521948
29.84 4.1519797
29.85 4.1517407
29.86 4.1515256
29.87 4.1512866
29.88 4.1510715
29.89 4.1508325
29.9 4.1506174
29.91 4.1504023
29.92 4.1501633
29.93 4.1499482
29.94 4.1497092
29.95 4.1494941
29.96 4.149279
29.97 4.14904
29.98 4.1488249
29.99 4.1485859
30.0 4.1483708
30.01 4.1481318
30.02 4.1479167
30.03 4.1477016
30.04 4.1474626
30.05 4.1472475
30.06 4.1470085
30.07 4.1467934
30.08 4.1465783
30.09 4.1463393
30.1 4.1461242
30.11 4.1458852
30.12 4.1456701
30.13 4.1454311
30.14 4.145216
30.15 4.1450009
30.16 4.1447619
30.17 4.1445468
30.18 4.1443078
30.19 4.1440927
30.2 4.1438776
30.21 4.1436386
30.22 4.1434235
30.23 4.1431845
30.24 4.1429694
30.25 4.1427543
30.26 4.1425153
30.27 4.1423002
30.28 4.1420612
30.29 4.1418461
30.3 4.1416071
30.31 4.141392
30.32 4.1411769
30.33 4.1409379
30.34 4.1407228
30.35 4.1404838
30.36 4.1402687
30.37 4.1400536
30.38 4.1398146
30.39 4.1395995
30.4 4.1393605
30.41 4.1391454
30.42 4.1389303
30.43 4.1386913
30.44 4.1384762
30.45 4.1382372
30.46 4.1380221
30.47 4.137807
30.48 4.137568
30.49 4.1373529
30.5 4.1371139
30.51 4.1368988
30.52 4.1366837
30.53 4.1364447
30.54 4.1362296
30.55 4.1359906
30.56 4.1357755
30.57 4.1355365
30.58 4.1353214
30.59 4.1351063
30.6 4.1348673
30.61 4.1346522
30.62 4.1344132
30.63 4.1341981
30.64 4.133983
30.65 4.133744
30.66 4.1335289
30.67 4.1332899
30.68 4.1330748
30.69 4.1328597
30.7 4.1326207
30.71 4.1324056
30.72 4.1321666
30.73 4.1319515
30.74 4.1317364
30.75 4.1314974
30.76 4.1312823
30.77 4.1310433
30.78 4.1308282
30.79 4.1306131
30.8 4.1303741
30.81 4.130159
30.82 4.12992
30.83 4.1297049
30.84 4.1294898
30.85 4.1292508
30.86 4.1290357
30.87 4.1287967
30.88 4.1285816
30.89 4.1283665
30.9 4.1281275
30.91 4.1279124
30.92 4.1276734
30.93 4.1274583
30.94 4.1272432
30.95 4.1270042
30.96 4.1267891
30.97 4.1265501
30.98 4.126335
30.99 4.1261199
31.0 4.1258809
31.01 4.1256658
31.02 4.1254268
31.03 4.1252117
31.04 4.1249966
31.05 4.1247576
31.06 4.1245425
31.07 4.1243035
31.08 4.1240884
31.09 4.1238733
31.1 4.1236343
31.11 4.1234192
31.12 4.1232041
31.13 4.1229651
31.14 4.12275
31.15 4.122511
31.16 4.1222959
31.17 4.1220808
31.18 4.1218418
31.19 4.1216267
31.2 4.1213877
31.21 4.1211726
31.22 4.1209575
31.23 4.1207185
31.24 4.1205034
31.25 4.1202644
31.26 4.1200493
31.27 4.1198342
31.28 4.1195952
31.29 4.1193801
31.3 4.119165
31.31 4.118926
31.32 4.1187109
31.33 4.1184719
31.34 4.1182568
31.35 4.1180417
31.36 4.1178027
31.37 4.1175876
31.38 4.1173486
31.39 4.1171335
31.4 4.1169184
31.41 4.1166794
31.42 4.1164643
31.43 4.1162492
31.44 4.1160102
31.45 4.1157951
31.46 4.1155561
31.47 4.115341
31.48 4.1151259
31.49 4.1148869
31.5 4.1146718
31.51 4.1144567
31.52 4.1142177
31.53 4.1140026
31.54 4.1137636
31.55 4.1135485
31.56 4.1133334
31.57 4.1130944
31.58 4.1128793
31.59 4.1126642
31.6 4.1124252
31.61 4.1122101
31.62 4.1119711
31.63 4.111756
31.64 4.1115409
31.65 4.1113019
31.66 4.1110868
31.67 4.1108717
31.68 4.1106327
31.69 4.1104176
31.7 4.1101786
31.71 4.1099635
31.72 4.1097484
31.73 4.1095094
31.74 4.1092943
31.75 4.1090792
31.76 4.1088402
31.77 4.1086251
31.78 4.1083861
31.79 4.108171
31.8 4.1079559
31.81 4.1077169
31.82 4.1075018
31.83 4.1072867
31.84 4.1070477
31.85 4.1068326
31.86 4.1066175
31.87 4.1063785
31.88 4.1061634
31.89 4.1059244
31.9 4.1057093
31.91 4.1054942
31.92 4.1052552
31.93 4.1050401
31.94 4.104825
31.95 4.104586
31.96 4.1043709
31.97 4.1041558
31.98 4.1039168
31.99 4.1037017
32.0 4.1034866
32.01 4.1032476
32.02 4.1030325
32.03 4.1027935
32.04 4.1025784
32.05 4.1023633
32.06 4.1021243
32.07 4.1019092
32.08 4.1016941
32.09 4.1014551
32.1 4.10124
32.11 4.1010249
32.12 4.1007859
32.13 4.1005708
32.14 4.1003557
32.15 4.1001167
32.16 4.0999016
32.17 4.0996865
32.18 4.0994475
32.19 4.0992324
32.2 4.0989934
32.21 4.0987783
32.22 4.0985632
32.23 4.0983242
32.24 4.0981091
32.25 4.097894
32.26 4.097655
32.27 4.0974399
32.28 4.0972248
32.29 4.0969858
32.3 4.0967707
32.31 4.0965556
32.32 4.0963166
32.33 4.0961015
32.34 4.0958864
32.35 4.0956474
32.36 4.0954323
32.37 4.0952172
32.38 4.0949782
32.39 4.0947631
32.4 4.094548
32.41 4.094309
32.42 4.0940939
32.43 4.0938788
32.44 4.0936398
32.45 4.0934247
32.46 4.0932096
32.47 4.0929706
32.48 4.0927555
32.49 4.0925404
32.5 4.0923014
32.51 4.0920863
32.52 4.0918712
32.53 4.0916322
32.54 4.0914171
32.55 4.091202
32.56 4.090963
32.57 4.0907479
32.58 4.0905328
32.59 4.0902938
32.6 4.0900787
32.61 4.0898636
32.62 4.0896246
32.63 4.0894095
32.64 4.0891944
32.65 4.0889554
32.66 4.0887403
32.67 4.0885252
32.68 4.0882862
32.69 4.0880711
32.7 4.087856
32.71 4.087617
32.72 4.0874019
32.73 4.0871868
32.74 4.0869478
32.75 4.0867327
32.76 4.0865176
32.77 4.0863025
32.78 4.0860635
32.79 4.0858484
32.8 4.0856333
32.81 4.0853943
32.82 4.0851792
32.83 4.0849641
32.84 4.0847251
32.85 4.08451
32.86 4.0842949
32.87 4.0840559
32.88 4.0838408
32.89 4.0836257
32.9 4.0833867
32.91 4.0831716
32.92 4.0829565
32.93 4.0827414
32.94 4.0825024
32.95 4.0822873
32.96 4.0820722
32.97 4.0818332
32.98 4.0816181
32.99 4.081403
33.0 4.081164
33.01 4.0809489
33.02 4.0807338
33.03 4.0804948
33.04 4.0802797
33.05 4.0800646
33.06 4.0798495
33.07 4.0796105
33.08 4.0793954
33.09 4.0791803
33.1 4.0789413
33.11 4.0787262
33.12 4.0785111
33.13 4.078296
33.14 4.078057
33.15 4.0778419
33.16 4.0776268
33.17 4.0773878
33.18 4.0771727
33.19 4.0769576
33.2 4.0767186
33.21 4.0765035
33.22 4.0762884
33.23 4.0760733
33.24 4.0758343
33.25 4.0756192
33.26 4.0754041
33.27 4.0751651
33.28 4.07495
33.29 4.0747349
33.3 4.0745198
33.31 4.0742808
33.32 4.0740657
33.33 4.0738506
33.34 4.0736116
33.35 4.0733965
33.36 4.0731814
33.37 4.0729663
33.38 4.0727273
33.39 4.0725122
33.4 4.0722971
33.41 4.072082
33.42 4.071843
33.43 4.0716279
33.44 4.0714128
33.45 4.0711738
33.46 4.0709587
33.47 4.0707436
33.48 4.0705285
33.49 4.0702895
33.5 4.0700744
33.51 4.0698593
33.52 4.0696442
33.53 4.0694052
33.54 4.0691901
33.55 4.068975
33.56 4.068736
33.57 4.0685209
33.58 4.0683058
33.59 4.0680907
33.6 4.0678517
33.61 4.0676366
33.62 4.0674215
33.63 4.0672064
33.64 4.0669674
33.65 4.0667523
33.66 4.0665372
33.67 4.0663221
33.68 4.0660831
33.69 4.065868
33.7 4.0656529
33.71 4.0654378
33.72 4.0651988
33.73 4.0649837
33.74 4.0647686
33.75 4.0645535
33.76 4.0643145
33.77 4.0640994
33.78 4.0638843
33.79 4.0636692
33.8 4.0634302
33.81 4.0632151
33.82 4.063
33.83 4.0627849
33.84 4.0625459
33.85 4.0623308
33.86 4.0621157
33.87 4.0619006
33.88 4.0616616
33.89 4.0614465
33.9 4.0612314
33.91 4.0610163
33.92 4.0607773
33.93 4.0605622
33.94 4.0603471
33.95 4.060132
33.96 4.059893
33.97 4.0596779
33.98 4.0594628
33.99 4.0592477
34.0 4.0590087
34.01 4.0587936
34.02 4.0585785
34.03 4.0583634
34.04 4.0581483
34.05 4.0579093
34.06 4.0576942
34.07 4.0574791
34.08 4.057264
34.09 4.057025
34.1 4.0568099
34.11 4.0565948
34.12 4.0563797
34.13 4.0561646
34.14 4.0559256
34.15 4.0557105
34.16 4.0554954
34.17 4.0552803
34.18 4.0550413
34.19 4.0548262
34.2 4.0546111
34.21 4.054396
34.22 4.0541809
34.23 4.0539419
34.24 4.0537268
34.25 4.0535117
34.26 4.0532966
34.27 4.0530576
34.28 4.0528425
34.29 4.0526274
34.3 4.0524123
34.31 4.0521972
34.32 4.0519582
34.33 4.0517431
34.34 4.051528
34.35 4.0513129
34.36 4.0510978
34.37 4.0508588
34.38 4.0506437
34.39 4.0504286
34.4 4.0502135
34.41 4.0499984
34.42 4.0497594
34.43 4.0495443
34.44 4.0493292
34.45 4.0491141
34.46 4.048899
34.47 4.04866
34.48 4.0484449
34.49 4.0482298
34.5 4.0480147
34.51 4.0477996
34.52 4.0475606
34.53 4.0473455
34.54 4.0471304
34.55 4.0469153
34.56 4.0467002
34.57 4.0464612
34.58 4.0462461
34.59 4.046031
34.6 4.0458159
34.61 4.0456008
34.62 4.0453857
34.63 4.0451467
34.64 4.0449316
34.65 4.0447165
34.66 4.0445014
34.67 4.0442863
34.68 4.0440473
34.69 4.0438322
34.7 4.0436171
34.71 4.043402
34.72 4.0431869
34.73 4.0429718
34.74 4.0427328
34.75 4.0425177
34.76 4.0423026
34.77 4.0420875
34.78 4.0418724
34.79 4.0416573
34.8 4.0414183
34.81 4.0412032
34.82 4.0409881
34.83 4.040773
34.84 4.0405579
34.85 4.0403428
34.86 4.0401038
34.87 4.0398887
34.88 4.0396736
34.89 4.0394585
34.9 4.0392434
34.91 4.0390283
34.92 4.0387893
34.93 4.0385742
34.94 4.0383591
34.95 4.038144
34.96 4.0379289
34.97 4.0377138
34.98 4.0374987
34.99 4.0372597
35.0 4.0370446
35.01 4.0368295
35.02 4.0366144
35.03 4.0363993
35.04 4.0361842
35.05 4.0359452
35.06 4.0357301
35.07 4.035515
35.08 4.0352999
35.09 4.0350848
35.1 4.0348697
35.11 4.0346546
35.12 4.0344156
35.13 4.0342005
35.14 4.0339854
35.15 4.0337703
35.16 4.0335552
35.17 4.0333401
35.18 4.033125
35.19 4.0329099
35.2 4.0326709
35.21 4.0324558
35.22 4.0322407
35.23 4.0320256
35.24 4.0318105
35.25 4.0315954
35.26 4.0313803
35.27 4.0311413
35.28 4.0309262
35.29 4.0307111
35.3 4.030496
35.31 4.0302809
35.32 4.0300658
35.33 4.0298507
35.34 4.0296356
35.35 4.0294205
35.36 4.0291815
35.37 4.0289664
35.38 4.0287513
35.39 4.0285362
35.4 4.0283211
35.41 4.028106
35.42 4.0278909
35.43 4.0276758
35.44 4.0274368
35.45 4.0272217
35.46 4.0270066
35.47 4.0267915
35.48 4.0265764
35.49 4.0263613
35.5 4.0261462
35.51 4.0259311
35.52 4.025716
35.53 4.0255009
35.54 4.0252619
35.55 4.0250468
35.56 4.0248317
35.57 4.0246166
35.58 4.0244015
35.59 4.0241864
35.6 4.0239713
35.61 4.0237562
35.62 4.0235411
35.63 4.023326
35.64 4.023087
35.65 4.0228719
35.66 4.0226568
35.67 4.0224417
35.68 4.0222266
35.69 4.0220115
35.7 4.0217964
35.71 4.0215813
35.72 4.0213662
35.73 4.0211511
35.74 4.020936
35.75 4.0207209
35.76 4.0204819
35.77 4.0202668
35.78 4.0200517
35.79 4.0198366
35.8 4.0196215
35.81 4.0194064
35.82 4.0191913
35.83 4.0189762
35.84 4.0187611
35.85 4.018546
35.86 4.0183309
35.87 4.0181158
35.88 4.0179007
35.89 4.0176856
35.9 4.0174466
35.91 4.0172315
35.92 4.0170164
35.93 4.0168013
35.94 4.0165862
35.95 4.0163711
35.96 4.016156
35.97 4.0159409
35.98 4.0157258
35.99 4.0155107
36.0 4.0152956
36.01 4.0150805
36.02 4.0148654
36.03 4.0146503
36.04 4.0144352
36.05 4.0142201
36.06 4.014005
36.07 4.013766
36.08 4.0135509
36.09 4.0133358
36.1 4.0131207
36.11 4.0129056
36.12 4.0126905
36.13 4.0124754
36.14 4.0122603
36.15 4.0120452
36.16 4.0118301
36.17 4.011615
36.18 4.0113999
36.19 4.0111848
36.2 4.0109697
36.21 4.0107546
36.22 4.0105395
36.23 4.0103244
36.24 4.0101093
36.25 4.0098942
36.26 4.0096791
36.27 4.009464
36.28 4.0092489
36.29 4.0090338
36.3 4.0088187
36.31 4.0086036
36.32 4.0083885
36.33 4.0081734
36.34 4.0079583
36.35 4.0077432
36.36 4.0075042
36.37 4.0072891
36.38 4.007074
36.39 4.0068589
36.4 4.0066438
36.41 4.0064287
36.42 4.0062136
36.43 4.0059985
36.44 4.0057834
36.45 4.0055683
36.46 4.0053532
36.47 4.0051381
36.48 4.004923
36.49 4.0047079
36.5 4.0044928
36.51 4.0042777
36.52 4.0040626
36.53 4.0038475
36.54 4.0036324
36.55 4.0034173
36.56 4.0032022
36.57 4.0029871
36.58 4.002772
36.59 4.0025569
36.6 4.0023418
36.61 4.0021267
36.62 4.0019116
36.63 4.0016965
36.64 4.0014814
36.65 4.0012663
36.66 4.0010512
36.67 4.0008361
36.68 4.000621
36.69 4.0004059
36.7 4.0001908
36.71 3.9999757
36.72 3.9997606
36.73 3.9995694
36.74 3.9993543
36.75 3.9991392
36.76 3.9989241
36.77 3.998709
36.78 3.9984939
36.79 3.9982788
36.8 3.9980637
36.81 3.9978486
36.82 3.9976335
36.83 3.9974184
36.84 3.9972033
36.85 3.9969882
36.86 3.9967731
36.87 3.996558
36.88 3.9963429
36.89 3.9961278
36.9 3.9959127
36.91 3.9956976
36.92 3.9954825
36.93 3.9952674
36.94 3.9950523
36.95 3.9948372
36.96 3.9946221
36.97 3.994407
36.98 3.9941919
36.99 3.9939768
37.0 3.9937617
37.01 3.9935705
37.02 3.9933554
37.03 3.9931403
37.04 3.9929252
37.05 3.9927101
37.06 3.992495
37.07 3.9922799
37.08 3.9920648
37.09 3.9918497
37.1 3.9916346
37.11 3.9914195
37.12 3.9912044
37.13 3.9909893
37.14 3.9907742
37.15 3.9905591
37.16 3.990344
37.17 3.9901289
37.18 3.9899377
37.19 3.9897226
37.2 3.9895075
37.21 3.9892924
37.22 3.9890773
37.23 3.9888622
37.24 3.9886471
37.25 3.988432
37.26 3.9882169
37.27 3.9880018
37.28 3.9877867
37.29 3.9875716
37.3 3.9873565
37.31 3.9871653
37.32 3.9869502
37.33 3.9867351
37.34 3.98652
37.35 3.9863049
37.36 3.9860898
37.37 3.9858747
37.38 3.9856596
37.39 3.9854445
37.4 3.9852294
37.41 3.9850143
37.42 3.9848231
37.43 3.984608
37.44 3.9843929
37.45 3.9841778
37.46 3.9839627
37.47 3.9837476
37.48 3.9835325
37.49 3.9833174
37.5 3.9831023
37.51 3.9828872
37.52 3.982696
37.53 3.9824809
37.54 3.9822658
37.55 3.9820507
37.56 3.9818356
37.57 3.9816205
37.58 3.9814054
37.59 3.9811903
37.6 3.9809752
37.61 3.980784
37.62 3.9805689
37.63 3.9803538
37.64 3.9801387
37.65 3.9799236
37.66 3.9797085
37.67 3.9794934
37.68 3.9792783
37.69 3.9790871
37.7 3.978872
37.71 3.9786569
37.72 3.9784418
37.73 3.9782267
37.74 3.9780116
37.75 3.9777965
37.76 3.9775814
37.77 3.9773902
37.78 3.9771751
37.79 3.97696
37.8 3.9767449
37.81 3.9765298
37.82 3.9763147
37.83 3.9760996
37.84 3.9759084
37.85 3.9756933
37.86 3.9754782
37.87 3.9752631
37.88 3.975048
37.89 3.9748329
37.9 3.9746178
37.91 3.9744266
37.92 3.9742115
37.93 3.9739964
37.94 3.9737813
37.95 3.9735662
37.96 3.9733511
37.97 3.9731599
37.98 3.9729448
37.99 3.9727297
38.0 3.9725146
38.01 3.9722995
38.02 3.9720844
38.03 3.9718932
38.04 3.9716781
38.05 3.971463
38.06 3.9712479
38.07 3.9710328
38.08 3.9708177
38.09 3.9706265
38.1 3.9704114
38.11 3.9701963
38.12 3.9699812
38.13 3.9697661
38.14 3.969551
38.15 3.9693598
38.16 3.9691447
38.17 3.9689296
38.18 3.9687145
38.19 3.9684994
38.2 3.9682843
38.21 3.9680931
38.22 3.967878
38.23 3.9676629
38.24 3.9674478
38.25 3.9672327
38.26 3.9670415
38.27 3.9668264
38.28 3.9666113
38.29 3.9663962
38.3 3.9661811
38.31 3.9659899
38.32 3.9657748
38.33 3.9655597
38.34 3.9653446
38.35 3.9651295
38.36 3.9649383
38.37 3.9647232
38.38 3.9645081
38.39 3.964293
38.4 3.9640779
38.41 3.9638867
38.42 3.9636716
38.43 3.9634565
38.44 3.9632414
38.45 3.9630502
38.46 3.9628351
38.47 3.96262
38.48 3.9624049
38.49 3.9621898
38.5 3.9619986
38.51 3.9617835
38.52 3.9615684
38.53 3.9613533
38.54 3.9611621
38.55 3.960947
38.56 3.9607319
38.57 3.9605168
38.58 3.9603017
38.59 3.9601105
38.6 3.9598954
38.61 3.9596803
38.62 3.9594652
38.63 3.959274
38.64 3.9590589
38.65 3.9588438
38.66 3.9586287
38.67 3.9584375
38.68 3.9582224
38.69 3.9580073
38.7 3.9577922
38.71 3.957601
38.72 3.9573859
38.73 3.9571708
38.74 3.9569557
38.75 3.9567645
38.76 3.9565494
38.77 3.9563343
38.78 3.9561192
38.79 3.955928
38.8 3.9557129
38.81 3.9554978
38.82 3.9552827
38.83 3.9550915
38.84 3.9548764
38.85 3.9546613
38.86 3.9544462
38.87 3.954255
38.88 3.9540399
38.89 3.9538248
38.9 3.9536097
38.91 3.9534185
38.92 3.9532034
38.93 3.9529883
38.94 3.9527971
38.95 3.952582
38.96 3.9523669
38.97 3.9521518
38.98 3.9519606
38.99 3.9517455
39.0 3.9515304
39.01 3.9513392
39.02 3.9511241
39.03 3.950909
39.04 3.9506939
39.05 3.9505027
39.06 3.9502876
39.07 3.9500725
39.08 3.9498813
39.09 3.9496662
39.1 3.9494511
39.11 3.949236
39.12 3.9490448
39.13 3.9488297
39.14 3.9486146
39.15 3.9484234
39.16 3.9482083
39.17 3.9479932
39.18 3.947802
39.19 3.9475869
39.2 3.9473718
39.21 3.9471567
39.22 3.9469655
39.23 3.9467504
39.24 3.9465353
39.25 3.9463441
39.26 3.946129
39.27 3.9459139
39.28 3.9457227
39.29 3.9455076
39.3 3.9452925
39.31 3.9451013
39.32 3.9448862
39.33 3.9446711
39.34 3.9444799
39.35 3.9442648
39.36 3.9440497
39.37 3.9438585
39.38 3.9436434
39.39 3.9434283
39.4 3.9432371
39.41 3.943022
39.42 3.9428069
39.43 3.9426157
39.44 3.9424006
39.45 3.9421855
39.46 3.9419943
39.47 3.9417792
39.48 3.9415641
39.49 3.9413729
39.5 3.9411578
39.51 3.9409427
39.52 3.9407515
39.53 3.9405364
39.54 3.9403213
39.55 3.9401301
39.56 3.939915
39.57 3.9396999
39.58 3.9395087
39.59 3.9392936
39.6 3.9391024
39.61 3.9388873
39.62 3.9386722
39.63 3.938481
39.64 3.9382659
39.65 3.9380508
39.66 3.9378596
39.67 3.9376445
39.68 3.9374294
39.69 3.9372382
39.7 3.9370231
39.71 3.9368319
39.72 3.9366168
39.73 3.9364017
39.74 3.9362105
39.75 3.9359954
39.76 3.9357803
39.77 3.9355891
39.78 3.935374
39.79 3.9351828
39.8 3.9349677
39.81 3.9347526
39.82 3.9345614
39.83 3.9343463
39.84 3.9341312
39.85 3.93394
39.86 3.9337249
39.87 3.9335337
39.88 3.9333186
39.89 3.9331035
39.9 3.9329123
39.91 3.9326972
39.92 3.932506
39.93 3.9322909
39.94 3.9320758
39.95 3.9318846
39.96 3.9316695
39.97 3.9314783
39.98 3.9312632
39.99 3.9310481
40.0 3.9308569
40.01 3.9306418
40.02 3.9304506
40.03 3.9302355
40.04 3.9300443
40.05 3.9298292
40.06 3.9296141
40.07 3.9294229
40.08 3.9292078
40.09 3.9290166
40.1 3.9288015
40.11 3.9285864
40.12 3.9283952
40.13 3.9281801
40.14 3.9279889
40.15 3.9277738
40.16 3.9275826
40.17 3.9273675
40.18 3.9271524
40.19 3.9269612
40.2 3.9267461
40.21 3.9265549
40.22 3.9263398
40.23 3.9261486
40.24 3.9259335
40.25 3.9257184
40.26 3.9255272
40.27 3.9253121
40.28 3.9251209
40.29 3.9249058
40.3 3.9247146
40.31 3.9244995
40.32 3.9243083
40.33 3.9240932
40.34 3.923902
40.35 3.9236869
40.36 3.9234718
40.37 3.9232806
40.38 3.9230655
40.39 3.9228743
40.4 3.9226592
40.41 3.922468
40.42 3.9222529
40.43 3.9220617
40.44 3.9218466
40.45 3.9216554
40.46 3.9214403
40.47 3.9212491
40.48 3.921034
40.49 3.9208189
40.5 3.9206277
40.51 3.9204126
40.52 3.9202214
40.53 3.9200063
40.54 3.9198151
40.55 3.9196
40.56 3.9194088
40.57 3.9191937
40.58 3.9190025
40.59 3.9187874
40.6 3.9185962
40.61 3.9183811
40.62 3.9181899
40.63 3.9179748
40.64 3.9177836
40.65 3.9175685
40.66 3.9173773
40.67 3.9171622
40.68 3.916971
40.69 3.9167559
40.7 3.9165647
40.71 3.9163496
40.72 3.9161584
40.73 3.9159433
40.74 3.9157521
40.75 3.915537
40.76 3.9153458
40.77 3.9151307
40.78 3.9149395
40.79 3.9147244
40.8 3.9145332
40.81 3.9143181
40.82 3.9141269
40.83 3.9139118
40.84 3.9137206
40.85 3.9135055
40.86 3.9133143
40.87 3.9130992
40.88 3.912908
40.89 3.9126929
40.9 3.9125017
40.91 3.9122866
40.92 3.9120954
40.93 3.9119042
40.94 3.9116891
40.95 3.9114979
40.96 3.9112828
40.97 3.9110916
40.98 3.9108765
40.99 3.9106853
41.0 3.9104702
41.01 3.910279
41.02 3.9100639
41.03 3.9098727
41.04 3.9096576
41.05 3.9094664
41.06 3.9092752
41.07 3.9090601
41.08 3.9088689
41.09 3.9086538
41.1 3.9084626
41.11 3.9082475
41.12 3.9080563
41.13 3.9078412
41.14 3.90765
41.15 3.9074588
41.16 3.9072437
41.17 3.9070525
41.18 3.9068374
41.19 3.9066462
41.2 3.9064311
41.21 3.9062399
41.22 3.9060248
41.23 3.9058336
41.24 3.9056424
41.25 3.9054273
41.26 3.9052361
41.27 3.905021
41.28 3.9048298
41.29 3.9046147
41.3 3.9044235
41.31 3.9042323
41.32 3.9040172
41.33 3.903826
41.34 3.9036109
41.35 3.9034197
41.36 3.9032285
41.37 3.9030134
41.38 3.9028222
41.39 3.9026071
41.4 3.9024159
41.41 3.9022247
41.42 3.9020096
41.43 3.9018184
41.44 3.9016033
41.45 3.9014121
41.46 3.901197
41.47 3.9010058
41.48 3.9008146
41.49 3.9005995
41.5 3.9004083
41.51 3.9002171
41.52 3.900002
41.53 3.8998108
41.54 3.8995957
41.55 3.8994045
41.56 3.8992133
41.57 3.8989982
41.58 3.898807
41.59 3.8985919
41.6 3.8984007
41.61 3.8982095
41.62 3.8979944
41.63 3.8978032
41.64 3.897612
41.65 3.8973969
41.66 3.8972057
41.67 3.8969906
41.68 3.8967994
41.69 3.8966082
41.7 3.8963931
41.71 3.8962019
41.72 3.8960107
41.73 3.8957956
41.74 3.8956044
41.75 3.8953893
41.76 3.8951981
41.77 3.8950069
41.78 3.8947918
41.79 3.8946006
41.8 3.8944094
41.81 3.8941943
41.82 3.8940031
41.83 3.8938119
41.84 3.8935968
41.85 3.8934056
41.86 3.8932144
41.87 3.8929993
41.88 3.8928081
41.89 3.8926169
41.9 3.8924018
41.91 3.8922106
41.92 3.8920194
41.93 3.8918043
41.94 3.8916131
41.95 3.8914219
41.96 3.8912068
41.97 3.8910156
41.98 3.8908244
41.99 3.8906093
42.0 3.8904181
42.01 3.8902269
42.02 3.8900118
42.03 3.8898206
42.04 3.8896294
42.05 3.8894143
42.06 3.8892231
42.07 3.8890319
42.08 3.8888168
42.09 3.8886256
42.1 3.8884344
42.11 3.8882193
42.12 3.8880281
42.13 3.8878369
42.14 3.8876218
42.15 3.8874306
42.16 3.8872394
42.17 3.8870243
42.18 3.8868331
42.19 3.8866419
42.2 3.8864507
42.21 3.8862356
42.22 3.8860444
42.23 3.8858532
42.24 3.8856381
42.25 3.8854469
42.26 3.8852557
42.27 3.8850645
42.28 3.8848494
42.29 3.8846582
42.3 3.884467
42.31 3.8842519
42.32 3.8840607
42.33 3.8838695
42.34 3.8836783
42.35 3.8834632
42.36 3.883272
42.37 3.8830808
42.38 3.8828657
42.39 3.8826745
42.4 3.8824833
42.41 3.8822921
42.42 3.882077
42.43 3.8818858
42.44 3.8816946
42.45 3.8814795
42.46 3.8812883
42.47 3.8810971
42.48 3.8809059
42.49 3.8806908
42.5 3.8804996
42.51 3.8803084
42.52 3.8801172
42.53 3.8799021
42.54 3.8797109
42.55 3.8795197
42.56 3.8793285
42.57 3.8791134
42.58 3.8789222
42.59 3.878731
42.6 3.8785398
42.61 3.8783247
42.62 3.8781335
42.63 3.8779423
42.64 3.8777511
42.65 3.877536
42.66 3.8773448
42.67 3.8771536
42.68 3.8769624
42.69 3.8767473
42.7 3.8765561
42.71 3.8763649
42.72 3.8761737
42.73 3.8759825
42.74 3.8757674
42.75 3.8755762
42.76 3.875385
42.77 3.8751938
42.78 3.8749787
42.79 3.8747875
42.8 3.8745963
42.81 3.8744051
42.82 3.8742139
42.83 3.8739988
42.84 3.8738076
42.85 3.8736164
42.86 3.8734252
42.87 3.8732101
42.88 3.8730189
42.89 3.8728277
42.9 3.8726365
42.91 3.8724453
42.92 3.8722302
42.93 3.872039
42.94 3.8718478
42.95 3.8716566
42.96 3.8714654
42.97 3.8712503
42.98 3.8710591
42.99 3.8708679
43.0 3.8706767
43.01 3.8704855
43.02 3.8702704
43.03 3.8700792
43.04 3.869888
43.05 3.8696968
43.06 3.8695056
43.07 3.8693144
43.08 3.8690993
43.09 3.8689081
43.1 3.8687169
43.11 3.8685257
43.12 3.8683345
43.13 3.8681194
43.14 3.8679282
43.15 3.867737
43.16 3.8675458
43.17 3.8673546
43.18 3.8671634
43.19 3.8669483
43.2 3.8667571
43.21 3.8665659
43.22 3.8663747
43.23 3.8661835
43.24 3.8659923
43.25 3.8657772
43.26 3.865586
43.27 3.8653948
43.28 3.8652036
43.29 3.8650124
43.3 3.8648212
43.31 3.86463
43.32 3.8644149
43.33 3.8642237
43.34 3.8640325
43.35 3.8638413
43.36 3.8636501
43.37 3.8634589
43.38 3.8632438
43.39 3.8630526
43.4 3.8628614
43.41 3.8626702
43.42 3.862479
43.43 3.8622878
43.44 3.8620966
43.45 3.8619054
43.46 3.8616903
43.47 3.8614991
43.48 3.8613079
43.49 3.8611167
43.5 3.8609255
43.51 3.8607343
43.52 3.8605431
43.53 3.8603519
43.54 3.8601368
43.55 3.8599456
43.56 3.8597544
43.57 3.8595632
43.58 3.859372
43.59 3.8591808
43.6 3.8589896
43.61 3.8587984
43.62 3.8585833
43.63 3.8583921
43.64 3.8582009
43.65 3.8580097
43.66 3.8578185
43.67 3.8576273
43.68 3.8574361
43.69 3.8572449
43.7 3.8570537
43.71 3.8568625
43.72 3.8566474
43.73 3.8564562
43.74 3.856265
43.75 3.8560738
43.76 3.8558826
43.77 3.8556914
43.78 3.8555002
43.79 3.855309
43.8 3.8551178
43.81 3.8549266
43.82 3.8547354
43.83 3.8545442
43.84 3.8543291
43.85 3.8541379
43.86 3.8539467
43.87 3.8537555
43.88 3.8535643
43.89 3.8533731
43.9 3.8531819
43.91 3.8529907
43.92 3.8527995
43.93 3.8526083
43.94 3.8524171
43.95 3.8522259
43.96 3.8520347
43.97 3.8518435
43.98 3.8516284
43.99 3.8514372
44.0 3.851246
44.01 3.8510548
44.02 3.8508636
44.03 3.8506724
44.04 3.8504812
44.05 3.85029
44.06 3.8500988
44.07 3.8499076
44.08 3.8497164
44.09 3.8495252
44.1 3.849334
44.11 3.8491428
44.12 3.8489516
44.13 3.8487604
44.14 3.8485692
44.15 3.848378
44.16 3.8481868
44.17 3.8479956
44.18 3.8478044
44.19 3.8475893
44.2 3.8473981
44.21 3.8472069
44.22 3.8470157
44.23 3.8468245
44.24 3.8466333
44.25 3.8464421
44.26 3.8462509
44.27 3.8460597
44.28 3.8458685
44.29 3.8456773
44.3 3.8454861
44.31 3.8452949
44.32 3.8451037
44.33 3.8449125
44.34 3.8447213
44.35 3.8445301
44.36 3.8443389
44.37 3.8441477
44.38 3.8439565
44.39 3.8437653
44.4 3.8435741
44.41 3.8433829
44.42 3.8431917
44.43 3.8430005
44.44 3.8428093
44.45 3.8426181
44.46 3.8424269
44.47 3.8422357
44.48 3.8420445
44.49 3.8418533
44.5 3.8416621
44.51 3.8414709
44.52 3.8412797
44.53 3.8410885
44.54 3.8408973
44.55 3.8407061
44.56 3.8405149
44.57 3.8403237
44.58 3.8401325
44.59 3.8399413
44.6 3.8397501
44.61 3.8395589
44.62 3.8393677
44.63 3.8391765
44.64 3.8389853
44.65 3.8387941
44.66 3.8386029
44.67 3.8384117
44.68 3.8382444
44.69 3.8380532
44.7 3.837862
44.71 3.8376708
44.72 3.8374796
44.73 3.8372884
44.74 3.8370972
44.75 3.836906
44.76 3.8367148
44.77 3.8365236
44.78 3.8363324
44.79 3.8361412
44.8 3.83595
44.81 3.8357588
44.82 3.8355676
44.83 3.8353764
44.84 3.8351852
44.85 3.834994
44.86 3.8348028
44.87 3.8346116
44.88 3.8344204
44.89 3.8342531
44.9 3.8340619
44.91 3.8338707
44.92 3.8336795
44.93 3.8334883
44.94 3.8332971
44.95 3.8331059
44.96 3.8329147
44.97 3.8327235
44.98 3.8325323
44.99 3.8323411
45.0 3.8321499
45.01 3.8319587
45.02 3.8317675
45.03 3.8316002
45.04 3.831409
45.05 3.8312178
45.06 3.8310266
45.07 3.8308354
45.08 3.8306442
45.09 3.830453
45.1 3.8302618
45.11 3.8300706
45.12 3.8298794
45.13 3.8296882
45.14 3.8295209
45.15 3.8293297
45.16 3.8291385
45.17 3.8289473
45.18 3.8287561
45.19 3.8285649
45.2 3.8283737
45.21 3.8281825
45.22 3.8279913
45.23 3.8278001
45.24 3.8276328
45.25 3.8274416
45.26 3.8272504
45.27 3.8270592
45.28 3.826868
45.29 3.8266768
45.3 3.8264856
45.31 3.8262944
45.32 3.8261032
45.33 3.8259359
45.34 3.8257447
45.35 3.8255535
45.36 3.8253623
45.37 3.8251711
45.38 3.8249799
45.39 3.8247887
45.4 3.8245975
45.41 3.8244302
45.42 3.824239
45.43 3.8240478
45.44 3.8238566
45.45 3.8236654
45.46 3.8234742
45.47 3.823283
45.48 3.8231157
45.49 3.8229245
45.5 3.8227333
45.51 3.8225421
45.52 3.8223509
45.53 3.8221597
45.54 3.8219685
45.55 3.8218012
45.56 3.82161
45.57 3.8214188
45.58 3.8212276
45.59 3.8210364
45.6 3.8208452
45.61 3.820654
45.62 3.8204867
45.63 3.8202955
45.64 3.8201043
45.65 3.8199131
45.66 3.8197219
45.67 3.8195307
45.68 3.8193634
45.69 3.8191722
45.7 3.818981
45.71 3.8187898
45.72 3.8185986
45.73 3.8184074
45.74 3.8182401
45.75 3.8180489
45.76 3.8178577
45.77 3.8176665
45.78 3.8174753
45.79 3.817308
45.8 3.8171168
45.81 3.8169256
45.82 3.8167344
45.83 3.8165432
45.84 3.816352
45.85 3.8161847
45.86 3.8159935
45.87 3.8158023
45.88 3.8156111
45.89 3.8154199
45.9 3.8152526
45.91 3.8150614
45.92 3.8148702
45.93 3.814679
45.94 3.8144878
45.95 3.8143205
45.96 3.8141293
45.97 3.8139381
45.98 3.8137469
45.99 3.8135557
46.0 3.8133884
46.01 3.8131972
46.02 3.813006
46.03 3.8128148
46.04 3.8126475
46.05 3.8124563
46.06 3.8122651
46.07 3.8120739
46.08 3.8118827
46.09 3.8117154
46.1 3.8115242
46.11 3.811333
46.12 3.8111418
46.13 3.8109745
46.14 3.8107833
46.15 3.8105921
46.16 3.8104009
46.17 3.8102097
46.18 3.8100424
46.19 3.8098512
46.2 3.80966
46.21 3.8094688
46.22 3.8093015
46.23 3.8091103
46.24 3.8089191
46.25 3.8087279
46.26 3.8085606
46.27 3.8083694
46.28 3.8081782
46.29 3.807987
46.3 3.8078197
46.31 3.8076285
46.32 3.8074373
46.33 3.8072461
46.34 3.8070788
46.35 3.8068876
46.36 3.8066964
46.37 3.8065052
46.38 3.8063379
46.39 3.8061467
46.4 3.8059555
46.41 3.8057643
46.42 3.805597
46.43 3.8054058
46.44 3.8052146
46.45 3.8050234
46.46 3.8048561
46.47 3.8046649
46.48 3.8044737
46.49 3.8043064
46.5 3.8041152
46.51 3.803924
46.52 3.8037328
46.53 3.8035655
46.54 3.8033743
46.55 3.8031831
46.56 3.8030158
46.57 3.8028246
46.58 3.8026334
46.59 3.8024422
46.6 3.8022749
46.61 3.8020837
46.62 3.8018925
46.63 3.8017252
46.64 3.801534
46.65 3.8013428
46.66 3.8011516
46.67 3.8009843
46.68 3.8007931
46.69 3.8006019
46.7 3.8004346
46.71 3.8002434
46.72 3.8000522
46.73 3.7998849
46.74 3.7996937
46.75 3.7995025
46.76 3.7993113
46.77 3.799144
46.78 3.7989528
46.79 3.7987616
46.8 3.7985943
46.81 3.7984031
46.82 3.7982119
46.83 3.7980446
46.84 3.7978534
46.85 3.7976622
46.86 3.7974949
46.87 3.7973037
46.88 3.7971125
46.89 3.7969452
46.9 3.796754
46.91 3.7965628
46.92 3.7963955
46.93 3.7962043
46.94 3.7960131
46.95 3.7958458
46.96 3.7956546
46.97 3.7954634
46.98 3.7952961
46.99 3.7951049
47.0 3.7949137
47.01 3.7947464
47.02 3.7945552
47.03 3.794364
47.04 3.7941967
47.05 3.7940055
47.06 3.7938143
47.07 3.793647
47.08 3.7934558
47.09 3.7932646
47.1 3.7930973
47.11 3.7929061
47.12 3.7927149
47.13 3.7925476
47.14 3.7923564
47.15 3.7921891
47.16 3.7919979
47.17 3.7918067
47.18 3.7916394
47.19 3.7914482
47.2 3.791257
47.21 3.7910897
47.22 3.7908985
47.23 3.7907073
47.24 3.79054
47.25 3.7903488
47.26 3.7901815
47.27 3.7899903
47.28 3.7897991
47.29 3.7896318
47.3 3.7894406
47.31 3.7892494
47.32 3.7890821
47.33 3.7888909
47.34 3.7887236
47.35 3.7885324
47.36 3.7883412
47.37 3.7881739
47.38 3.7879827
47.39 3.7878154
47.4 3.7876242
47.41 3.787433
47.42 3.7872657
47.43 3.7870745
47.44 3.7869072
47.45 3.786716
47.46 3.7865248
47.47 3.7863575
47.48 3.7861663
47.49 3.785999
47.5 3.7858078
47.51 3.7856166
47.52 3.7854493
47.53 3.7852581
47.54 3.7850908
47.55 3.7848996
47.56 3.7847084
47.57 3.7845411
47.58 3.7843499
47.59 3.7841826
47.6 3.7839914
47.61 3.7838002
47.62 3.7836329
47.63 3.7834417
47.64 3.7832744
47.65 3.7830832
47.66 3.7829159
47.67 3.7827247
47.68 3.7825335
47.69 3.7823662
47.7 3.782175
47.71 3.7820077
47.72 3.7818165
47.73 3.7816492
47.74 3.781458
47.75 3.7812668
47.76 3.7810995
47.77 3.7809083
47.78 3.780741
47.79 3.7805498
47.8 3.7803825
47.81 3.7801913
47.82 3.780024
47.83 3.7798328
47.84 3.7796416
47.85 3.7794743
47.86 3.7792831
47.87 3.7791158
47.88 3.7789246
47.89 3.7787573
47.9 3.7785661
47.91 3.7783988
47.92 3.7782076
47.93 3.7780403
47.94 3.7778491
47.95 3.7776579
47.96 3.7774906
47.97 3.7772994
47.98 3.7771321
47.99 3.7769409
48.0 3.7767736
48.01 3.7765824
48.02 3.7764151
48.03 3.7762239
48.04 3.7760566
48.05 3.7758654
48.06 3.7756981
48.07 3.7755069
48.08 3.7753396
48.09 3.7751484
48.1 3.7749811
48.11 3.7747899
48.12 3.7746226
48.13 3.7744314
48.14 3.7742641
48.15 3.7740729
48.16 3.7738817
48.17 3.7737144
48.18 3.7735232
48.19 3.7733559
48.2 3.7731647
48.21 3.7729974
48.22 3.7728062
48.23 3.7726389
48.24 3.7724477
48.25 3.7722804
48.26 3.7720892
48.27 3.7719219
48.28 3.7717307
48.29 3.7715634
48.3 3.7713722
48.31 3.7712049
48.32 3.7710137
48.33 3.7708464
48.34 3.7706552
48.35 3.7704879
48.36 3.7703206
48.37 3.7701294
48.38 3.7699621
48.39 3.7697709
48.4 3.7696036
48.41 3.7694124
48.42 3.7692451
48.43 3.7690539
48.44 3.7688866
48.45 3.7686954
48.46 3.7685281
48.47 3.7683369
48.48 3.7681696
48.49 3.7679784
48.5 3.7678111
48.51 3.7676199
48.52 3.7674526
48.53 3.7672614
48.54 3.7670941
48.55 3.7669268
48.56 3.7667356
48.57 3.7665683
48.58 3.7663771
48.59 3.7662098
48.6 3.7660186
48.61 3.7658513
48.62 3.7656601
48.63 3.7654928
48.64 3.7653016
48.65 3.7651343
48.66 3.764967
48.67 3.7647758
48.68 3.7646085
48.69 3.7644173
48.7 3.76425
48.71 3.7640588
48.72 3.7638915
48.73 3.7637003
48.74 3.763533
48.75 3.7633657
48.76 3.7631745
48.77 3.7630072
48.78 3.762816
48.79 3.7626487
48.8 3.7624575
48.81 3.7622902
48.82 3.7621229
48.83 3.7619317
48.84 3.7617644
48.85 3.7615732
48.86 3.7614059
48.87 3.7612147
48.88 3.7610474
48.89 3.7608801
48.9 3.7606889
48.91 3.7605216
48.92 3.7603304
48.93 3.7601631
48.94 3.7599719
48.95 3.7598046
48.96 3.7596373
48.97 3.7594461
48.98 3.7592788
48.99 3.7590876
49.0 3.7589203
49.01 3.758753
49.02 3.7585618
49.03 3.7583945
49.04 3.7582033
49.05 3.758036
49.06 3.7578687
49.07 3.7576775
49.08 3.7575102
49.09 3.757319
49.1 3.7571517
49.11 3.7569844
49.12 3.7567932
49.13 3.7566259
49.14 3.7564347
49.15 3.7562674
49.16 3.7561001
49.17 3.7559089
49.18 3.7557416
49.19 3.7555743
49.2 3.7553831
49.21 3.7552158
49.22 3.7550246
49.23 3.7548573
49.24 3.75469
49.25 3.7544988
49.26 3.7543315
49.27 3.7541642
49.28 3.753973
49.29 3.7538057
49.3 3.7536145
49.31 3.7534472
49.32 3.7532799
49.33 3.7530887
49.34 3.7529214
49.35 3.7527541
49.36 3.7525629
49.37 3.7523956
49.38 3.7522044
49.39 3.7520371
49.4 3.7518698
49.41 3.7516786
49.42 3.7515113
49.43 3.751344
49.44 3.7511528
49.45 3.7509855
49.46 3.7508182
49.47 3.750627
49.48 3.7504597
49.49 3.7502924
49.5 3.7501012
49.51 3.7499339
49.52 3.7497666
49.53 3.7495754
49.54 3.7494081
49.55 3.7492408
49.56 3.7490496
49.57 3.7488823
49.58 3.748715
49.59 3.7485238
49.6 3.7483565
49.61 3.7481892
49.62 3.747998
49.63 3.7478307
49.64 3.7476634
49.65 3.7474722
49.66 3.7473049
49.67 3.7471376
49.68 3.7469464
49.69 3.7467791
49.7 3.7466118
49.71 3.7464206
49.72 3.7462533
49.73 3.746086
49.74 3.7458948
49.75 3.7457275
49.76 3.7455602
49.77 3.745369
49.78 3.7452017
49.79 3.7450344
49.8 3.7448432
49.81 3.7446759
49.82 3.7445086
49.83 3.7443413
49.84 3.7441501
49.85 3.7439828
49.86 3.7438155
49.87 3.7436243
49.88 3.743457
49.89 3.7432897
49.9 3.7430985
49.91 3.7429312
49.92 3.7427639
49.93 3.7425966
49.94 3.7424054
49.95 3.7422381
49.96 3.7420708
49.97 3.7418796
49.98 3.7417123
49.99 3.741545
50.0 3.7413777
50.01 3.7411865
50.02 3.7410192
50.03 3.7408519
50.04 3.7406607
50.05 3.7404934
50.06 3.7403261
50.07 3.7401588
50.08 3.7399676
50.09 3.7398003
50.1 3.739633
50.11 3.7394418
50.12 3.7392745
50.13 3.7391072
50.14 3.7389399
50.15 3.7387487
50.16 3.7385814
50.17 3.7384141
50.18 3.7382468
50.19 3.7380556
50.2 3.7378883
50.21 3.737721
50.22 3.7375537
50.23 3.7373625
50.24 3.7371952
50.25 3.7370279
50.26 3.7368606
50.27 3.7366694
50.28 3.7365021
50.29 3.7363348
50.3 3.7361675
50.31 3.7359763
50.32 3.735809
50.33 3.7356417
50.34 3.7354744
50.35 3.7352832
50.36 3.7351159
50.37 3.7349486
50.38 3.7347813
50.39 3.7345901
50.4 3.7344228
50.41 3.7342555
50.42 3.7340882
50.43 3.733897
50.44 3.7337297
50.45 3.7335624
50.46 3.7333951
50.47 3.7332039
50.48 3.7330366
50.49 3.7328693
50.5 3.732702
50.51 3.7325347
50.52 3.7323435
50.53 3.7321762
50.54 3.7320089
50.55 3.7318416
50.56 3.7316504
50.57 3.7314831
50.58 3.7313158
50.59 3.7311485
50.6 3.7309812
50.61 3.73079
50.62 3.7306227
50.63 3.7304554
50.64 3.7302881
50.65 3.7301208
50.66 3.7299296
50.67 3.7297623
50.68 3.729595
50.69 3.7294277
50.7 3.7292365
50.71 3.7290692
50.72 3.7289019
50.73 3.7287346
50.74 3.7285673
50.75 3.7283761
50.76 3.7282088
50.77 3.7280415
50.78 3.7278742
50.79 3.7277069
50.8 3.7275396
50.81 3.7273484
50.82 3.7271811
50.83 3.7270138
50.84 3.7268465
50.85 3.7266792
50.86 3.726488
50.87 3.7263207
50.88 3.7261534
50.89 3.7259861
50.9 3.7258188
50.91 3.7256276
50.92 3.7254603
50.93 3.725293
50.94 3.7251257
50.95 3.7249584
50.96 3.7247911
50.97 3.7245999
50.98 3.7244326
50.99 3.7242653
51.0 3.724098
51.01 3.7239307
51.02 3.7237634
51.03 3.7235722
51.04 3.7234049
51.05 3.7232376
51.06 3.7230703
51.07 3.722903
51.08 3.7227357
51.09 3.7225445
51.1 3.7223772
51.11 3.7222099
51.12 3.7220426
51.13 3.7218753
51.14 3.721708
51.15 3.7215407
51.16 3.7213495
51.17 3.7211822
51.18 3.7210149
51.19 3.7208476
51.2 3.7206803
51.21 3.720513
51.22 3.7203457
51.23 3.7201545
51.24 3.7199872
51.25 3.7198199
51.26 3.7196526
51.27 3.7194853
51.28 3.719318
51.29 3.7191507
51.3 3.7189595
51.31 3.7187922
51.32 3.7186249
51.33 3.7184576
51.34 3.7182903
51.35 3.718123
51.36 3.7179557
51.37 3.7177645
51.38 3.7175972
51.39 3.7174299
51.4 3.7172626
51.41 3.7170953
51.42 3.716928
51.43 3.7167607
51.44 3.7165934
51.45 3.7164261
51.46 3.7162349
51.47 3.7160676
51.48 3.7159003
51.49 3.715733
51.5 3.7155657
51.51 3.7153984
51.52 3.7152311
51.53 3.7150638
51.54 3.7148965
51.55 3.7147053
51.56 3.714538
51.57 3.7143707
51.58 3.7142034
51.59 3.7140361
51.6 3.7138688
51.61 3.7137015
51.62 3.7135342
51.63 3.7133669
51.64 3.7131996
51.65 3.7130084
51.66 3.7128411
51.67 3.7126738
51.68 3.7125065
51.69 3.7123392
51.7 3.7121719
51.71 3.7120046
51.72 3.7118373
51.73 3.71167
51.74 3.7115027
51.75 3.7113354
51.76 3.7111442
51.77 3.7109769
51.78 3.7108096
51.79 3.7106423
51.8 3.710475
51.81 3.7103077
51.82 3.7101404
51.83 3.7099731
51.84 3.7098058
51.85 3.7096385
51.86 3.7094712
51.87 3.7093039
51.88 3.7091366
51.89 3.7089454
51.9 3.7087781
51.91 3.7086108
51.92 3.7084435
51.93 3.7082762
51.94 3.7081089
51.95 3.7079416
51.96 3.7077743
51.97 3.707607
51.98 3.7074397
51.99 3.7072724
52.0 3.7071051
52.01 3.7069378
52.02 3.7067705
52.03 3.7066032
52.04 3.7064359
52.05 3.7062686
52.06 3.7061013
52.07 3.7059101
52.08 3.7057428
52.09 3.7055755
52.1 3.7054082
52.11 3.7052409
52.12 3.7050736
52.13 3.7049063
52.14 3.704739
52.15 3.7045717
52.16 3.7044044
52.17 3.7042371
52.18 3.7040698
52.19 3.7039025
52.2 3.7037352
52.21 3.7035679
52.22 3.7034006
52.23 3.7032333
52.24 3.703066
52.25 3.7028987
52.26 3.7027314
52.27 3.7025641
52.28 3.7023968
52.29 3.7022295
52.3 3.7020622
52.31 3.7018949
52.32 3.7017276
52.33 3.7015603
52.34 3.701393
52.35 3.7012257
52.36 3.7010584
52.37 3.7008911
52.38 3.7007238
52.39 3.7005565
52.4 3.7003653
52.41 3.700198
52.42 3.7000307
52.43 3.6998634
52.44 3.6996961
52.45 3.6995288
52.46 3.6993615
52.47 3.6991942
52.48 3.6990269
52.49 3.6988596
52.5 3.6986923
52.51 3.698525
52.52 3.6983577
52.53 3.6981904
52.54 3.6980231
52.55 3.6978558
52.56 3.6976885
52.57 3.6975212
52.58 3.6973539
52.59 3.6971866
52.6 3.6970193
52.61 3.6968759
52.62 3.6967086
52.63 3.6965413
52.64 3.696374
52.65 3.6962067
52.66 3.6960394
52.67 3.6958721
52.68 3.6957048
52.69 3.6955375
52.7 3.6953702
52.71 3.6952029
52.72 3.6950356
52.73 3.6948683
52.74 3.694701
52.75 3.6945337
52.76 3.6943664
52.77 3.6941991
52.78 3.6940318
52.79 3.6938645
52.8 3.6936972
52.81 3.6935299
52.82 3.6933626
52.83 3.6931953
52.84 3.693028
52.85 3.6928607
52.86 3.6926934
52.87 3.6925261
52.88 3.6923588
52.89 3.6921915
52.9 3.6920242
52.91 3.6918569
52.92 3.6916896
52.93 3.6915223
52.94 3.691355
52.95 3.6912116
52.96 3.6910443
52.97 3.690877
52.98 3.6907097
52.99 3.6905424
53.0 3.6903751
53.01 3.6902078
53.02 3.6900405
53.03 3.6898732
53.04 3.6897059
53.05 3.6895386
53.06 3.6893713
53.07 3.689204
53.08 3.6890367
53.09 3.6888694
53.1 3.6887021
53.11 3.6885348
53.12 3.6883675
53.13 3.6882241
53.14 3.6880568
53.15 3.6878895
53.16 3.6877222
53.17 3.6875549
53.18 3.6873876
53.19 3.6872203
53.2 3.687053
53.21 3.6868857
53.22 3.6867184
53.23 3.6865511
53.24 3.6863838
53.25 3.6862165
53.26 3.6860731
53.27 3.6859058
53.28 3.6857385
53.29 3.6855712
53.3 3.6854039
53.31 3.6852366
53.32 3.6850693
53.33 3.684902
53.34 3.6847347
53.35 3.6845674
53.36 3.6844001
53.37 3.6842328
53.38 3.6840894
53.39 3.6839221
53.4 3.6837548
53.41 3.6835875
53.42 3.6834202
53.43 3.6832529
53.44 3.6830856
53.45 3.6829183
53.46 3.682751
53.47 3.6825837
53.48 3.6824403
53.49 3.682273
53.5 3.6821057
53.51 3.6819384
53.52 3.6817711
53.53 3.6816038
53.54 3.6814365
53.55 3.6812692
53.56 3.6811019
53.57 3.6809585
53.58 3.6807912
53.59 3.6806239
53.6 3.6804566
53.61 3.6802893
53.62 3.680122
53.63 3.6799547
53.64 3.6797874
53.65 3.6796201
53.66 3.6794767
53.67 3.6793094
53.68 3.6791421
53.69 3.6789748
53.7 3.6788075
53.71 3.6786402
53.72 3.6784729
53.73 3.6783056
53.74 3.6781622
53.75 3.6779949
53.76 3.6778276
53.77 3.6776603
53.78 3.677493
53.79 3.6773257
53.8 3.6771584
53.81 3.677015
53.82 3.6768477
53.83 3.6766804
53.84 3.6765131
53.85 3.6763458
53.86 3.6761785
53.87 3.6760112
53.88 3.6758678
53.89 3.6757005
53.9 3.6755332
53.91 3.6753659
53.92 3.6751986
53.93 3.6750313
53.94 3.674864
53.95 3.6747206
53.96 3.6745533
53.97 3.674386
53.98 3.6742187
53.99 3.6740514
54.0 3.6738841
54.01 3.6737407
54.02 3.6735734
54.03 3.6734061
54.04 3.6732388
54.05 3.6730715
54.06 3.6729042
54.07 3.6727608
54.08 3.6725935
54.09 3.6724262
54.1 3.6722589
54.11 3.6720916
54.12 3.6719243
54.13 3.6717809
54.14 3.6716136
54.15 3.6714463
54.16 3.671279
54.17 3.6711117
54.18 3.6709444
54.19 3.670801
54.2 3.6706337
54.21 3.6704664
54.22 3.6702991
54.23 3.6701318
54.24 3.6699645
54.25 3.6698211
54.26 3.6696538
54.27 3.6694865
54.28 3.6693192
54.29 3.6691519
54.3 3.6690085
54.31 3.6688412
54.32 3.6686739
54.33 3.6685066
54.34 3.6683393
54.35 3.6681959
54.36 3.6680286
54.37 3.6678613
54.38 3.667694
54.39 3.6675267
54.4 3.6673833
54.41 3.667216
54.42 3.6670487
54.43 3.6668814
54.44 3.6667141
54.45 3.6665707
54.46 3.6664034
54.47 3.6662361
54.48 3.6660688
54.49 3.6659015
54.5 3.6657581
54.51 3.6655908
54.52 3.6654235
54.53 3.6652562
54.54 3.6650889
54.55 3.6649455
54.56 3.6647782
54.57 3.6646109
54.58 3.6644436
54.59 3.6642763
54.6 3.6641329
54.61 3.6639656
54.62 3.6637983
54.63 3.663631
54.64 3.6634876
54.65 3.6633203
54.66 3.663153
54.67 3.6629857
54.68 3.6628184
54.69 3.662675
54.7 3.6625077
54.71 3.6623404
54.72 3.6621731
54.73 3.6620297
54.74 3.6618624
54.75 3.6616951
54.76 3.6615278
54.77 3.6613844
54.78 3.6612171
54.79 3.6610498
54.8 3.6608825
54.81 3.6607152
54.82 3.6605718
54.83 3.6604045
54.84 3.6602372
54.85 3.6600699
54.86 3.6599265
54.87 3.6597592
54.88 3.6595919
54.89 3.6594246
54.9 3.6592812
54.91 3.6591139
54.92 3.6589466
54.93 3.6587793
54.94 3.6586359
54.95 3.6584686
54.96 3.6583013
54.97 3.658134
54.98 3.6579906
54.99 3.6578233
55.0 3.657656
55.01 3.6574887
55.02 3.6573453
55.03 3.657178
55.04 3.6570107
55.05 3.6568673
55.06 3.6567
55.07 3.6565327
55.08 3.6563654
55.09 3.656222
55.1 3.6560547
55.11 3.6558874
55.12 3.6557201
55.13 3.6555767
55.14 3.6554094
55.15 3.6552421
55.16 3.6550748
55.17 3.6549314
55.18 3.6547641
55.19 3.6545968
55.2 3.6544534
55.21 3.6542861
55.22 3.6541188
55.23 3.6539515
55.24 3.6538081
55.25 3.6536408
55.26 3.6534735
55.27 3.6533301
55.28 3.6531628
55.29 3.6529955
55.3 3.6528282
55.31 3.6526848
55.32 3.6525175
55.33 3.6523502
55.34 3.6522068
55.35 3.6520395
55.36 3.6518722
55.37 3.6517049
55.38 3.6515615
55.39 3.6513942
55.4 3.6512269
55.41 3.6510835
55.42 3.6509162
55.43 3.6507489
55.44 3.6506055
55.45 3.6504382
55.46 3.6502709
55.47 3.6501036
55.48 3.6499602
55.49 3.6497929
55.5 3.6496256
55.51 3.6494822
55.52 3.6493149
55.53 3.6491476
55.54 3.6490042
55.55 3.6488369
55.56 3.6486696
55.57 3.6485262
55.58 3.6483589
55.59 3.6481916
55.6 3.6480243
55.61 3.6478809
55.62 3.6477136
55.63 3.6475463
55.64 3.6474029
55.65 3.6472356
55.66 3.6470683
55.67 3.6469249
55.68 3.6467576
55.69 3.6465903
55.7 3.6464469
55.71 3.6462796
55.72 3.6461123
55.73 3.6459689
55.74 3.6458016
55.75 3.6456343
55.76 3.6454909
55.77 3.6453236
55.78 3.6451563
55.79 3.6450129
55.8 3.6448456
55.81 3.6446783
55.82 3.6445349
55.83 3.6443676
55.84 3.6442003
55.85 3.6440569
55.86 3.6438896
55.87 3.6437223
55.88 3.6435789
55.89 3.6434116
55.9 3.6432443
55.91 3.6431009
55.92 3.6429336
55.93 3.6427663
55.94 3.6426229
55.95 3.6424556
55.96 3.6422883
55.97 3.6421449
55.98 3.6419776
55.99 3.6418342
56.0 3.6416669
56.01 3.6414996
56.02 3.6413562
56.03 3.6411889
56.04 3.6410216
56.05 3.6408782
56.06 3.6407109
56.07 3.6405436
56.08 3.6404002
56.09 3.6402329
56.1 3.6400656
56.11 3.6399222
56.12 3.6397549
56.13 3.6396115
56.14 3.6394442
56.15 3.6392769
56.16 3.6391335
56.17 3.6389662
56.18 3.6387989
56.19 3.6386555
56.2 3.6384882
56.21 3.6383448
56.22 3.6381775
56.23 3.6380102
56.24 3.6378668
56.25 3.6376995
56.26 3.6375322
56.27 3.6373888
56.28 3.6372215
56.29 3.6370781
56.3 3.6369108
56.31 3.6367435
56.32 3.6366001
56.33 3.6364328
56.34 3.6362655
56.35 3.6361221
56.36 3.6359548
56.37 3.6358114
56.38 3.6356441
56.39 3.6354768
56.4 3.6353334
56.41 3.6351661
56.42 3.6350227
56.43 3.6348554
56.44 3.6346881
56.45 3.6345447
56.46 3.6343774
56.47 3.634234
56.48 3.6340667
56.49 3.6338994
56.5 3.633756
56.51 3.6335887
56.52 3.6334453
56.53 3.633278
56.54 3.6331107
56.55 3.6329673
56.56 3.6328
56.57 3.6326566
56.58 3.6324893
56.59 3.632322
56.6 3.6321786
56.61 3.6320113
56.62 3.6318679
56.63 3.6317006
56.64 3.6315333
56.65 3.6313899
56.66 3.6312226
56.67 3.6310792
56.68 3.6309119
56.69 3.6307685
56.7 3.6306012
56.71 3.6304339
56.72 3.6302905
56.73 3.6301232
56.74 3.6299798
56.75 3.6298125
56.76 3.6296691
56.77 3.6295018
56.78 3.6293345
56.79 3.6291911
56.8 3.6290238
56.81 3.6288804
56.82 3.6287131
56.83 3.6285697
56.84 3.6284024
56.85 3.6282351
56.86 3.6280917
56.87 3.6279244
56.88 3.627781
56.89 3.6276137
56.9 3.6274703
56.91 3.627303
56.92 3.6271357
56.93 3.6269923
56.94 3.626825
56.95 3.6266816
56.96 3.6265143
56.97 3.6263709
56.98 3.6262036
56.99 3.6260602
57.0 3.6258929
57.01 3.6257256
57.02 3.6255822
57.03 3.6254149
57.04 3.6252715
57.05 3.6251042
57.06 3.6249608
57.07 3.6247935
57.08 3.6246501
57.09 3.6244828
57.1 3.6243394
57.11 3.6241721
57.12 3.6240048
57.13 3.6238614
57.14 3.6236941
57.15 3.6235507
57.16 3.6233834
57.17 3.62324
57.18 3.6230727
57.19 3.6229293
57.2 3.622762
57.21 3.6226186
57.22 3.6224513
57.23 3.6223079
57.24 3.6221406
57.25 3.6219733
57.26 3.6218299
57.27 3.6216626
57.28 3.6215192
57.29 3.6213519
57.3 3.6212085
57.31 3.6210412
57.32 3.6208978
57.33 3.6207305
57.34 3.6205871
57.35 3.6204198
57.36 3.6202764
57.37 3.6201091
57.38 3.6199657
57.39 3.6197984
57.4 3.619655
57.41 3.6194877
57.42 3.6193443
57.43 3.619177
57.44 3.6190336
57.45 3.6188663
57.46 3.6187229
57.47 3.6185556
57.48 3.6184122
57.49 3.6182449
57.5 3.6181015
57.51 3.6179342
57.52 3.6177669
57.53 3.6176235
57.54 3.6174562
57.55 3.6173128
57.56 3.6171455
57.57 3.6170021
57.58 3.6168348
57.59 3.6166914
57.6 3.6165241
57.61 3.6163807
57.62 3.6162134
57.63 3.61607
57.64 3.6159027
57.65 3.6157593
57.66 3.6156159
57.67 3.6154486
57.68 3.6153052
57.69 3.6151379
57.7 3.6149945
57.71 3.6148272
57.72 3.6146838
57.73 3.6145165
57.74 3.6143731
57.75 3.6142058
57.76 3.6140624
57.77 3.6138951
57.78 3.6137517
57.79 3.6135844
57.8 3.613441
57.81 3.6132737
57.82 3.6131303
57.83 3.612963
57.84 3.6128196
57.85 3.6126523
57.86 3.6125089
57.87 3.6123416
57.88 3.6121982
57.89 3.6120309
57.9 3.6118875
57.91 3.6117202
57.92 3.6115768
57.93 3.6114334
57.94 3.6112661
57.95 3.6111227
57.96 3.6109554
57.97 3.610812
57.98 3.6106447
57.99 3.6105013
58.0 3.610334
58.01 3.6101906
58.02 3.6100233
58.03 3.6098799
58.04 3.6097126
58.05 3.6095692
58.06 3.6094258
58.07 3.6092585
58.08 3.6091151
58.09 3.6089478
58.1 3.6088044
58.11 3.6086371
58.12 3.6084937
58.13 3.6083264
58.14 3.608183
58.15 3.6080157
58.16 3.6078723
58.17 3.6077289
58.18 3.6075616
58.19 3.6074182
58.2 3.6072509
58.21 3.6071075
58.22 3.6069402
58.23 3.6067968
58.24 3.6066295
58.25 3.6064861
58.26 3.6063427
58.27 3.6061754
58.28 3.606032
58.29 3.6058647
58.3 3.6057213
58.31 3.605554
58.32 3.6054106
58.33 3.6052433
58.34 3.6050999
58.35 3.6049565
58.36 3.6047892
58.37 3.6046458
58.38 3.6044785
58.39 3.6043351
58.4 3.6041678
58.41 3.6040244
58.42 3.603881
58.43 3.6037137
58.44 3.6035703
58.45 3.603403
58.46 3.6032596
58.47 3.6030923
58.48 3.6029489
58.49 3.6028055
58.5 3.6026382
58.51 3.6024948
58.52 3.6023275
58.53 3.6021841
58.54 3.6020407
58.55 3.6018734
58.56 3.60173
58.57 3.6015627
58.58 3.6014193
58.59 3.6012759
58.6 3.6011086
58.61 3.6009652
58.62 3.6007979
58.63 3.6006545
58.64 3.6004872
58.65 3.6003438
58.66 3.6002004
58.67 3.6000331
58.68 3.5998897
58.69 3.5997224
58.7 3.599579
58.71 3.5994356
58.72 3.5992683
58.73 3.5991249
58.74 3.5989576
58.75 3.5988142
58.76 3.5986708
58.77 3.5985035
58.78 3.5983601
58.79 3.5981928
58.8 3.5980494
58.81 3.597906
58.82 3.5977387
58.83 3.5975953
58.84 3.5974519
58.85 3.5972846
58.86 3.5971412
58.87 3.5969739
58.88 3.5968305
58.89 3.5966871
58.9 3.5965198
58.91 3.5963764
58.92 3.5962091
58.93 3.5960657
58.94 3.5959223
58.95 3.595755
58.96 3.5956116
58.97 3.5954682
58.98 3.5953009
58.99 3.5951575
59.0 3.5949902
59.01 3.5948468
59.02 3.5947034
59.03 3.5945361
59.04 3.5943927
59.05 3.5942493
59.06 3.594082
59.07 3.5939386
59.08 3.5937713
59.09 3.5936279
59.1 3.5934845
59.11 3.5933172
59.12 3.5931738
59.13 3.5930304
59.14 3.5928631
59.15 3.5927197
59.16 3.5925524
59.17 3.592409
59.18 3.5922656
59.19 3.5920983
59.2 3.5919549
59.21 3.5918115
59.22 3.5916442
59.23 3.5915008
59.24 3.5913574
59.25 3.5911901
59.26 3.5910467
59.27 3.5909033
59.28 3.590736
59.29 3.5905926
59.3 3.5904492
59.31 3.5902819
59.32 3.5901385
59.33 3.5899712
59.34 3.5898278
59.35 3.5896844
59.36 3.5895171
59.37 3.5893737
59.38 3.5892303
59.39 3.589063
59.4 3.5889196
59.41 3.5887762
59.42 3.5886089
59.43 3.5884655
59.44 3.5883221
59.45 3.5881548
59.46 3.5880114
59.47 3.587868
59.48 3.5877007
59.49 3.5875573
59.5 3.5874139
59.51 3.5872466
59.52 3.5871032
59.53 3.5869598
59.54 3.5867925
59.55 3.5866491
59.56 3.5865057
59.57 3.5863384
59.58 3.586195
59.59 3.5860516
59.6 3.5858843
59.61 3.5857409
59.62 3.5855975
59.63 3.5854302
59.64 3.5852868
59.65 3.5851434
59.66 3.5849761
59.67 3.5848327
59.68 3.5846893
59.69 3.5845459
59.7 3.5843786
59.71 3.5842352
59.72 3.5840918
59.73 3.5839245
59.74 3.5837811
59.75 3.5836377
59.76 3.5834704
59.77 3.583327
59.78 3.5831836
59.79 3.5830163
59.8 3.5828729
59.81 3.5827295
59.82 3.5825622
59.83 3.5824188
59.84 3.5822754
59.85 3.582132
59.86 3.5819647
59.87 3.5818213
59.88 3.5816779
59.89 3.5815106
59.9 3.5813672
59.91 3.5812238
59.92 3.5810565
59.93 3.5809131
59.94 3.5807697
59.95 3.5806263
59.96 3.580459
59.97 3.5803156
59.98 3.5801722
59.99 3.5800049
60.0 3.5798615
60.01 3.5797181
60.02 3.5795747
60.03 3.5794074
60.04 3.579264
60.05 3.5791206
60.06 3.5789533
60.07 3.5788099
60.08 3.5786665
60.09 3.5785231
60.1 3.5783558
60.11 3.5782124
60.12 3.578069
60.13 3.5779017
60.14 3.5777583
60.15 3.5776149
60.16 3.5774715
60.17 3.5773042
60.18 3.5771608
60.19 3.5770174
60.2 3.5768501
60.21 3.5767067
60.22 3.5765633
60.23 3.5764199
60.24 3.5762526
60.25 3.5761092
60.26 3.5759658
60.27 3.5758224
60.28 3.5756551
60.29 3.5755117
60.3 3.5753683
60.31 3.5752249
60.32 3.5750576
60.33 3.5749142
60.34 3.5747708
60.35 3.5746035
60.36 3.5744601
60.37 3.5743167
60.38 3.5741733
60.39 3.574006
60.4 3.5738626
60.41 3.5737192
60.42 3.5735758
60.43 3.5734085
60.44 3.5732651
60.45 3.5731217
60.46 3.5729783
60.47 3.572811
60.48 3.5726676
60.49 3.5725242
60.5 3.5723808
60.51 3.5722135
60.52 3.5720701
60.53 3.5719267
60.54 3.5717833
60.55 3.571616
60.56 3.5714726
60.57 3.5713292
60.58 3.5711858
60.59 3.5710185
60.6 3.5708751
60.61 3.5707317
60.62 3.5705883
60.63 3.570421
60.64 3.5702776
60.65 3.5701342
60.66 3.5699908
60.67 3.5698474
60.68 3.5696801
60.69 3.5695367
60.7 3.5693933
60.71 3.5692499
60.72 3.5690826
60.73 3.5689392
60.74 3.5687958
60.75 3.5686524
60.76 3.5684851
60.77 3.5683417
60.78 3.5681983
60.79 3.5680549
60.8 3.5679115
60.81 3.5677442
60.82 3.5676008
60.83 3.5674574
60.84 3.567314
60.85 3.5671467
60.86 3.5670033
60.87 3.5668599
60.88 3.5667165
60.89 3.5665731
60.9 3.5664058
60.91 3.5662624
60.92 3.566119
60.93 3.5659756
60.94 3.5658322
60.95 3.5656649
60.96 3.5655215
60.97 3.5653781
60.98 3.5652347
60.99 3.5650674
61.0 3.564924
61.01 3.5647806
61.02 3.5646372
61.03 3.5644938
61.04 3.5643265
61.05 3.5641831
61.06 3.5640397
61.07 3.5638963
61.08 3.5637529
61.09 3.5635856
61.1 3.5634422
61.11 3.5632988
61.12 3.5631554
61.13 3.563012
61.14 3.5628447
61.15 3.5627013
61.16 3.5625579
61.17 3.5624145
61.18 3.5622711
61.19 3.5621038
61.2 3.5619604
61.21 3.561817
61.22 3.5616736
61.23 3.5615302
61.24 3.5613868
61.25 3.5612195
61.26 3.5610761
61.27 3.5609327
61.28 3.5607893
61.29 3.5606459
61.3 3.5604786
61.31 3.5603352
61.32 3.5601918
61.33 3.5600484
61.34 3.559905
61.35 3.5597616
61.36 3.5595943
61.37 3.5594509
61.38 3.5593075
61.39 3.5591641
61.4 3.5590207
61.41 3.5588534
61.42 3.55871
61.43 3.5585666
61.44 3.5584232
61.45 3.5582798
61.46 3.5581364
61.47 3.5579691
61.48 3.5578257
61.49 3.5576823
61.5 3.5575389
61.51 3.5573955
61.52 3.5572521
61.53 3.5570848
61.54 3.5569414
61.55 3.556798
61.56 3.5566546
61.57 3.5565112
61.58 3.5563678
61.59 3.5562244
61.6 3.5560571
61.61 3.5559137
61.62 3.5557703
61.63 3.5556269
61.64 3.5554835
61.65 3.5553401
61.66 3.5551728
61.67 3.5550294
61.68 3.554886
61.69 3.5547426
61.7 3.5545992
61.71 3.5544558
61.72 3.5543124
61.73 3.5541451
61.74 3.5540017
61.75 3.5538583
61.76 3.5537149
61.77 3.5535715
61.78 3.5534281
61.79 3.5532847
61.8 3.5531174
61.81 3.552974
61.82 3.5528306
61.83 3.5526872
61.84 3.5525438
61.85 3.5524004
61.86 3.552257
61.87 3.5520897
61.88 3.5519463
61.89 3.5518029
61.9 3.5516595
61.91 3.5515161
61.92 3.5513727
61.93 3.5512293
61.94 3.551062
61.95 3.5509186
61.96 3.5507752
61.97 3.5506318
61.98 3.5504884
61.99 3.550345
62.0 3.5502016
62.01 3.5500582
62.02 3.5498909
62.03 3.5497475
62.04 3.5496041
62.05 3.5494607
62.06 3.5493173
62.07 3.5491739
62.08 3.5490305
62.09 3.5488871
62.1 3.5487437
62.11 3.5485764
62.12 3.548433
62.13 3.5482896
62.14 3.5481462
62.15 3.5480028
62.16 3.5478594
62.17 3.547716
62.18 3.5475726
62.19 3.5474292
62.2 3.5472619
62.21 3.5471185
62.22 3.5469751
62.23 3.5468317
62.24 3.5466883
62.25 3.5465449
62.26 3.5464015
62.27 3.5462581
62.28 3.5461147
62.29 3.5459474
62.3 3.545804
62.31 3.5456606
62.32 3.5455172
62.33 3.5453738
62.34 3.5452304
62.35 3.545087
62.36 3.5449436
62.37 3.5448002
62.38 3.5446568
62.39 3.5445134
62.4 3.5443461
62.41 3.5442027
62.42 3.5440593
62.43 3.5439159
62.44 3.5437725
62.45 3.5436291
62.46 3.5434857
62.47 3.5433423
62.48 3.5431989
62.49 3.5430555
62.5 3.5429121
62.51 3.5427448
62.52 3.5426014
62.53 3.542458
62.54 3.5423146
62.55 3.5421712
62.56 3.5420278
62.57 3.5418844
62.58 3.541741
62.59 3.5415976
62.6 3.5414542
62.61 3.5413108
62.62 3.5411674
62.63 3.541024
62.64 3.5408567
62.65 3.5407133
62.66 3.5405699
62.67 3.5404265
62.68 3.5402831
62.69 3.5401397
62.7 3.5399963
62.71 3.5398529
62.72 3.5397095
62.73 3.5395661
62.74 3.5394227
62.75 3.5392793
62.76 3.5391359
62.77 3.5389925
62.78 3.5388491
62.79 3.5386818
62.8 3.5385384
62.81 3.538395
62.82 3.5382516
62.83 3.5381082
62.84 3.5379648
62.85 3.5378214
62.86 3.537678
62.87 3.5375346
62.88 3.5373912
62.89 3.5372478
62.9 3.5371044
62.91 3.536961
62.92 3.5368176
62.93 3.5366742
62.94 3.5365308
62.95 3.5363874
62.96 3.536244
62.97 3.5361006
62.98 3.5359572
62.99 3.5357899
63.0 3.5356465
63.01 3.5355031
63.02 3.5353597
63.03 3.5352163
63.04 3.5350729
63.05 3.5349295
63.06 3.5347861
63.07 3.5346427
63.08 3.5344993
63.09 3.5343559
63.1 3.5342125
63.11 3.5340691
63.12 3.5339257
63.13 3.5337823
63.14 3.5336389
63.15 3.5334955
63.16 3.5333521
63.17 3.5332087
63.18 3.5330653
63.19 3.5329219
63.2 3.5327785
63.21 3.5326351
63.22 3.5324917
63.23 3.5323483
63.24 3.5322049
63.25 3.5320615
63.26 3.5319181
63.27 3.5317747
63.28 3.5316313
63.29 3.5314879
63.3 3.5313445
63.31 3.5312011
63.32 3.5310338
63.33 3.5308904
63.34 3.530747
63.35 3.5306036
63.36 3.5304602
63.37 3.5303168
63.38 3.5301734
63.39 3.53003
63.4 3.5298866
63.41 3.5297432
63.42 3.5295998
63.43 3.5294564
63.44 3.529313
63.45 3.5291696
63.46 3.5290262
63.47 3.5288828
63.48 3.5287394
63.49 3.528596
63.5 3.5284526
63.51 3.5283092
63.52 3.5281658
63.53 3.5280224
63.54 3.527879
63.55 3.5277356
63.56 3.5275922
63.57 3.5274488
63.58 3.5273054
63.59 3.527162
63.6 3.5270186
63.61 3.5268752
63.62 3.5267318
63.63 3.5265884
63.64 3.526445
63.65 3.5263016
63.66 3.5261582
63.67 3.5260148
63.68 3.5258714
63.69 3.525728
63.7 3.5255846
63.71 3.5254651
63.72 3.5253217
63.73 3.5251783
63.74 3.5250349
63.75 3.5248915
63.76 3.5247481
63.77 3.5246047
63.78 3.5244613
63.79 3.5243179
63.8 3.5241745
63.81 3.5240311
63.82 3.5238877
63.83 3.5237443
63.84 3.5236009
63.85 3.5234575
63.86 3.5233141
63.87 3.5231707
63.88 3.5230273
63.89 3.5228839
63.9 3.5227405
63.91 3.5225971
63.92 3.5224537
63.93 3.5223103
63.94 3.5221669
63.95 3.5220235
63.96 3.5218801
63.97 3.5217367
63.98 3.5215933
63.99 3.5214499
64.0 3.5213065
64.01 3.5211631
64.02 3.5210197
64.03 3.5208763
64.04 3.5207329
64.05 3.5206134
64.06 3.52047
64.07 3.5203266
64.08 3.5201832
64.09 3.5200398
64.1 3.5198964
64.11 3.519753
64.12 3.5196096
64.13 3.5194662
64.14 3.5193228
64.15 3.5191794
64.16 3.519036
64.17 3.5188926
64.18 3.5187492
64.19 3.5186058
64.2 3.5184624
64.21 3.518319
64.22 3.5181756
64.23 3.5180322
64.24 3.5179127
64.25 3.5177693
64.26 3.5176259
64.27 3.5174825
64.28 3.5173391
64.29 3.5171957
64.3 3.5170523
64.31 3.5169089
64.32 3.5167655
64.33 3.5166221
64.34 3.5164787
64.35 3.5163353
64.36 3.5161919
64.37 3.5160485
64.38 3.5159051
64.39 3.5157856
64.4 3.5156422
64.41 3.5154988
64.42 3.5153554
64.43 3.515212
64.44 3.5150686
64.45 3.5149252
64.46 3.5147818
64.47 3.5146384
64.48 3.514495
64.49 3.5143516
64.5 3.5142082
64.51 3.5140648
64.52 3.5139453
64.53 3.5138019
64.54 3.5136585
64.55 3.5135151
64.56 3.5133717
64.57 3.5132283
64.58 3.5130849
64.59 3.5129415
64.6 3.5127981
64.61 3.5126547
64.62 3.5125113
64.63 3.5123679
64.64 3.5122484
64.65 3.512105
64.66 3.5119616
64.67 3.5118182
64.68 3.5116748
64.69 3.5115314
64.7 3.511388
64.71 3.5112446
64.72 3.5111012
64.73 3.5109578
64.74 3.5108383
64.75 3.5106949
64.76 3.5105515
64.77 3.5104081
64.78 3.5102647
64.79 3.5101213
64.8 3.5099779
64.81 3.5098345
64.82 3.5096911
64.83 3.5095716
64.84 3.5094282
64.85 3.5092848
64.86 3.5091414
64.87 3.508998
64.88 3.5088546
64.89 3.5087112
64.9 3.5085678
64.91 3.5084244
64.92 3.5083049
64.93 3.5081615
64.94 3.5080181
64.95 3.5078747
64.96 3.5077313
64.97 3.5075879
64.98 3.5074445
64.99 3.5073011
65.0 3.5071577
65.01 3.5070382
65.02 3.5068948
65.03 3.5067514
65.04 3.506608
65.05 3.5064646
65.06 3.5063212
65.07 3.5061778
65.08 3.5060344
65.09 3.5059149
65.1 3.5057715
65.11 3.5056281
65.12 3.5054847
65.13 3.5053413
65.14 3.5051979
65.15 3.5050545
65.16 3.504935
65.17 3.5047916
65.18 3.5046482
65.19 3.5045048
65.2 3.5043614
65.21 3.504218
65.22 3.5040746
65.23 3.5039551
65.24 3.5038117
65.25 3.5036683
65.26 3.5035249
65.27 3.5033815
65.28 3.5032381
65.29 3.5030947
65.3 3.5029752
65.31 3.5028318
65.32 3.5026884
65.33 3.502545
65.34 3.5024016
65.35 3.5022582
65.36 3.5021148
65.37 3.5019953
65.38 3.5018519
65.39 3.5017085
65.4 3.5015651
65.41 3.5014217
65.42 3.5012783
65.43 3.5011588
65.44 3.5010154
65.45 3.500872
65.46 3.5007286
65.47 3.5005852
65.48 3.5004418
65.49 3.5003223
65.5 3.5001789
65.51 3.5000355
65.52 3.4998921
65.53 3.4997487
65.54 3.4996053
65.55 3.4994858
65.56 3.4993424
65.57 3.499199
65.58 3.4990556
65.59 3.4989122
65.6 3.4987688
65.61 3.4986493
65.62 3.4985059
65.63 3.4983625
65.64 3.4982191
65.65 3.4980757
65.66 3.4979323
65.67 3.4978128
65.68 3.4976694
65.69 3.497526
65.7 3.4973826
65.71 3.4972392
65.72 3.4971197
65.73 3.4969763
65.74 3.4968329
65.75 3.4966895
65.76 3.4965461
65.77 3.4964027
65.78 3.4962832
65.79 3.4961398
65.8 3.4959964
65.81 3.495853
65.82 3.4957096
65.83 3.4955901
65.84 3.4954467
65.85 3.4953033
65.86 3.4951599
65.87 3.4950165
65.88 3.494897
65.89 3.4947536
65.9 3.4946102
65.91 3.4944668
65.92 3.4943234
65.93 3.4942039
65.94 3.4940605
65.95 3.4939171
65.96 3.4937737
65.97 3.4936303
65.98 3.4935108
65.99 3.4933674
66.0 3.493224
66.01 3.4930806
66.02 3.4929372
66.03 3.4928177
66.04 3.4926743
66.05 3.4925309
66.06 3.4923875
66.07 3.4922441
66.08 3.4921246
66.09 3.4919812
66.1 3.4918378
66.11 3.4916944
66.12 3.4915749
66.13 3.4914315
66.14 3.4912881
66.15 3.4911447
66.16 3.4910013
66.17 3.4908818
66.18 3.4907384
66.19 3.490595
66.2 3.4904516
66.21 3.4903321
66.22 3.4901887
66.23 3.4900453
66.24 3.4899019
66.25 3.4897585
66.26 3.489639
66.27 3.4894956
66.28 3.4893522
66.29 3.4892088
66.3 3.4890893
66.31 3.4889459
66.32 3.4888025
66.33 3.4886591
66.34 3.4885396
66.35 3.4883962
66.36 3.4882528
66.37 3.4881094
66.38 3.4879899
66.39 3.4878465
66.4 3.4877031
66.41 3.4875597
66.42 3.4874163
66.43 3.4872968
66.44 3.4871534
66.45 3.48701
66.46 3.4868666
66.47 3.4867471
66.48 3.4866037
66.49 3.4864603
66.5 3.4863169
66.51 3.4861974
66.52 3.486054
66.53 3.4859106
66.54 3.4857672
66.55 3.4856477
66.56 3.4855043
66.57 3.4853609
66.58 3.4852175
66.59 3.485098
66.6 3.4849546
66.61 3.4848112
66.62 3.4846917
66.63 3.4845483
66.64 3.4844049
66.65 3.4842615
66.66 3.484142
66.67 3.4839986
66.68 3.4838552
66.69 3.4837118
66.7 3.4835923
66.71 3.4834489
66.72 3.4833055
66.73 3.4831621
66.74 3.4830426
66.75 3.4828992
66.76 3.4827558
66.77 3.4826363
66.78 3.4824929
66.79 3.4823495
66.8 3.4822061
66.81 3.4820866
66.82 3.4819432
66.83 3.4817998
66.84 3.4816564
66.85 3.4815369
66.86 3.4813935
66.87 3.4812501
66.88 3.4811306
66.89 3.4809872
66.9 3.4808438
66.91 3.4807004
66.92 3.4805809
66.93 3.4804375
66.94 3.4802941
66.95 3.4801746
66.96 3.4800312
66.97 3.4798878
66.98 3.4797444
66.99 3.4796249
67.0 3.4794815
67.01 3.4793381
67.02 3.4792186
67.03 3.4790752
67.04 3.4789318
67.05 3.4788123
67.06 3.4786689
67.07 3.4785255
67.08 3.4783821
67.09 3.4782626
67.1 3.4781192
67.11 3.4779758
67.12 3.4778563
67.13 3.4777129
67.14 3.4775695
67.15 3.47745
67.16 3.4773066
67.17 3.4771632
67.18 3.4770198
67.19 3.4769003
67.2 3.4767569
67.21 3.4766135
67.22 3.476494
67.23 3.4763506
67.24 3.4762072
67.25 3.4760877
67.26 3.4759443
67.27 3.4758009
67.28 3.4756814
67.29 3.475538
67.3 3.4753946
67.31 3.4752751
67.32 3.4751317
67.33 3.4749883
67.34 3.4748688
67.35 3.4747254
67.36 3.474582
67.37 3.4744625
67.38 3.4743191
67.39 3.4741757
67.4 3.4740323
67.41 3.4739128
67.42 3.4737694
67.43 3.473626
67.44 3.4735065
67.45 3.4733631
67.46 3.4732197
67.47 3.4731002
67.48 3.4729568
67.49 3.4728134
67.5 3.4726939
67.51 3.4725505
67.52 3.472431
67.53 3.4722876
67.54 3.4721442
67.55 3.4720247
67.56 3.4718813
67.57 3.4717379
67.58 3.4716184
67.59 3.471475
67.6 3.4713316
67.61 3.4712121
67.62 3.4710687
67.63 3.4709253
67.64 3.4708058
67.65 3.4706624
67.66 3.470519
67.67 3.4703995
67.68 3.4702561
67.69 3.4701127
67.7 3.4699932
67.71 3.4698498
67.72 3.4697064
67.73 3.4695869
67.74 3.4694435
67.75 3.469324
67.76 3.4691806
67.77 3.4690372
67.78 3.4689177
67.79 3.4687743
67.8 3.4686309
67.81 3.4685114
67.82 3.468368
67.83 3.4682246
67.84 3.4681051
67.85 3.4679617
67.86 3.4678422
67.87 3.4676988
67.88 3.4675554
67.89 3.4674359
67.9 3.4672925
67.91 3.4671491
67.92 3.4670296
67.93 3.4668862
67.94 3.4667667
67.95 3.4666233
67.96 3.4664799
67.97 3.4663604
67.98 3.466217
67.99 3.4660736
68.0 3.4659541
68.01 3.4658107
68.02 3.4656912
68.03 3.4655478
68.04 3.4654044
68.05 3.4652849
68.06 3.4651415
68.07 3.465022
68.08 3.4648786
68.09 3.4647352
68.1 3.4646157
68.11 3.4644723
68.12 3.4643289
68.13 3.4642094
68.14 3.464066
68.15 3.4639465
68.16 3.4638031
68.17 3.4636597
68.18 3.4635402
68.19 3.4633968
68.2 3.4632773
68.21 3.4631339
68.22 3.4629905
68.23 3.462871
68.24 3.4627276
68.25 3.4626081
68.26 3.4624647
68.27 3.4623213
68.28 3.4622018
68.29 3.4620584
68.3 3.4619389
68.31 3.4617955
68.32 3.461676
68.33 3.4615326
68.34 3.4613892
68.35 3.4612697
68.36 3.4611263
68.37 3.4610068
68.38 3.4608634
68.39 3.46072
68.4 3.4606005
68.41 3.4604571
68.42 3.4603376
68.43 3.4601942
68.44 3.4600747
68.45 3.4599313
68.46 3.4597879
68.47 3.4596684
68.48 3.459525
68.49 3.4594055
68.5 3.4592621
68.51 3.4591187
68.52 3.4589992
68.53 3.4588558
68.54 3.4587363
68.55 3.4585929
68.56 3.4584734
68.57 3.45833
68.58 3.4582105
68.59 3.4580671
68.6 3.4579237
68.61 3.4578042
68.62 3.4576608
68.63 3.4575413
68.64 3.4573979
68.65 3.4572784
68.66 3.457135
68.67 3.4569916
68.68 3.4568721
68.69 3.4567287
68.7 3.4566092
68.71 3.4564658
68.72 3.4563463
68.73 3.4562029
68.74 3.4560834
68.75 3.45594
68.76 3.4557966
68.77 3.4556771
68.78 3.4555337
68.79 3.4554142
68.8 3.4552708
68.81 3.4551513
68.82 3.4550079
68.83 3.4548884
68.84 3.454745
68.85 3.4546255
68.86 3.4544821
68.87 3.4543626
68.88 3.4542192
68.89 3.4540758
68.9 3.4539563
68.91 3.4538129
68.92 3.4536934
68.93 3.45355
68.94 3.4534305
68.95 3.4532871
68.96 3.4531676
68.97 3.4530242
68.98 3.4529047
68.99 3.4527613
69.0 3.4526418
69.01 3.4524984
69.02 3.4523789
69.03 3.4522355
69.04 3.4520921
69.05 3.4519726
69.06 3.4518292
69.07 3.4517097
69.08 3.4515663
69.09 3.4514468
69.1 3.4513034
69.11 3.4511839
69.12 3.4510405
69.13 3.450921
69.14 3.4507776
69.15 3.4506581
69.16 3.4505147
69.17 3.4503952
69.18 3.4502518
69.19 3.4501323
69.2 3.4499889
69.21 3.4498694
69.22 3.449726
69.23 3.4496065
69.24 3.4494631
69.25 3.4493436
69.26 3.4492002
69.27 3.4490807
69.28 3.4489373
69.29 3.4488178
69.3 3.4486744
69.31 3.4485549
69.32 3.4484115
69.33 3.448292
69.34 3.4481486
69.35 3.4480291
69.36 3.4478857
69.37 3.4477662
69.38 3.4476228
69.39 3.4475033
69.4 3.4473599
69.41 3.4472404
69.42 3.447097
69.43 3.4469775
69.44 3.4468341
69.45 3.4467146
69.46 3.4465712
69.47 3.4464517
69.48 3.4463083
69.49 3.4461888
69.5 3.4460454
69.51 3.4459259
69.52 3.4457825
69.53 3.445663
69.54 3.4455435
69.55 3.4454001
69.56 3.4452806
69.57 3.4451372
69.58 3.4450177
69.59 3.4448743
69.6 3.4447548
69.61 3.4446114
69.62 3.4444919
69.63 3.4443485
69.64 3.444229
69.65 3.4440856
69.66 3.4439661
69.67 3.4438227
69.68 3.4437032
69.69 3.4435598
69.7 3.4434403
69.71 3.4433208
69.72 3.4431774
69.73 3.4430579
69.74 3.4429145
69.75 3.442795
69.76 3.4426516
69.77 3.4425321
69.78 3.4423887
69.79 3.4422692
69.8 3.4421258
69.81 3.4420063
69.82 3.4418868
69.83 3.4417434
69.84 3.4416239
69.85 3.4414805
69.86 3.441361
69.87 3.4412176
69.88 3.4410981
69.89 3.4409547
69.9 3.4408352
69.91 3.4407157
69.92 3.4405723
69.93 3.4404528
69.94 3.4403094
69.95 3.4401899
69.96 3.4400465
69.97 3.439927
69.98 3.4397836
69.99 3.4396641
70.0 3.4395446
70.01 3.4394012
70.02 3.4392817
70.03 3.4391383
70.04 3.4390188
70.05 3.4388754
70.06 3.4387559
70.07 3.4386364
70.08 3.438493
70.09 3.4383735
70.1 3.4382301
70.11 3.4381106
70.12 3.4379672
70.13 3.4378477
70.14 3.4377282
70.15 3.4375848
70.16 3.4374653
70.17 3.4373219
70.18 3.4372024
70.19 3.4370829
70.2 3.4369395
70.21 3.43682
70.22 3.4366766
70.23 3.4365571
70.24 3.4364376
70.25 3.4362942
70.26 3.4361747
70.27 3.4360313
70.28 3.4359118
70.29 3.4357684
70.3 3.4356489
70.31 3.4355294
70.32 3.435386
70.33 3.4352665
70.34 3.4351231
70.35 3.4350036
70.36 3.4348841
70.37 3.4347407
70.38 3.4346212
70.39 3.4344778
70.4 3.4343583
70.41 3.4342388
70.42 3.4340954
70.43 3.4339759
70.44 3.4338564
70.45 3.433713
70.46 3.4335935
70.47 3.4334501
70.48 3.4333306
70.49 3.4332111
70.5 3.4330677
70.51 3.4329482
70.52 3.4328048
70.53 3.4326853
70.54 3.4325658
70.55 3.4324224
70.56 3.4323029
70.57 3.4321834
70.58 3.43204
70.59 3.4319205
70.6 3.4317771
70.61 3.4316576
70.62 3.4315381
70.63 3.4313947
70.64 3.4312752
70.65 3.4311557
70.66 3.4310123
70.67 3.4308928
70.68 3.4307494
70.69 3.4306299
70.7 3.4305104
70.71 3.430367
70.72 3.4302475
70.73 3.430128
70.74 3.4299846
70.75 3.4298651
70.76 3.4297456
70.77 3.4296022
70.78 3.4294827
70.79 3.4293393
70.8 3.4292198
70.81 3.4291003
70.82 3.4289569
70.83 3.4288374
70.84 3.4287179
70.85 3.4285745
70.86 3.428455
70.87 3.4283355
70.88 3.4281921
70.89 3.4280726
70.9 3.4279531
70.91 3.4278097
70.92 3.4276902
70.93 3.4275707
70.94 3.4274273
70.95 3.4273078
70.96 3.4271883
70.97 3.4270449
70.98 3.4269254
70.99 3.4268059
71.0 3.4266625
71.01 3.426543
71.02 3.4264235
71.03 3.4262801
71.04 3.4261606
71.05 3.4260411
71.06 3.4258977
71.07 3.4257782
71.08 3.4256587
71.09 3.4255153
71.1 3.4253958
71.11 3.4252763
71.12 3.4251329
71.13 3.4250134
71.14 3.4248939
71.15 3.4247505
71.16 3.424631
71.17 3.4245115
71.18 3.4243681
71.19 3.4242486
71.2 3.4241291
71.21 3.4239857
71.22 3.4238662
71.23 3.4237467
71.24 3.4236272
71.25 3.4234838
71.26 3.4233643
71.27 3.4232448
71.28 3.4231014
71.29 3.4229819
71.3 3.4228624
71.31 3.422719
71.32 3.4225995
71.33 3.42248
71.34 3.4223366
71.35 3.4222171
71.36 3.4220976
71.37 3.4219781
71.38 3.4218347
71.39 3.4217152
71.4 3.4215957
71.41 3.4214523
71.42 3.4213328
71.43 3.4212133
71.44 3.4210938
71.45 3.4209504
71.46 3.4208309
71.47 3.4207114
71.48 3.420568
71.49 3.4204485
71.5 3.420329
71.51 3.4202095
71.52 3.4200661
71.53 3.4199466
71.54 3.4198271
71.55 3.4196837
71.56 3.4195642
71.57 3.4194447
71.58 3.4193252
71.59 3.4191818
71.6 3.4190623
71.61 3.4189428
71.62 3.4187994
71.63 3.4186799
71.64 3.4185604
71.65 3.4184409
71.66 3.4182975
71.67 3.418178
71.68 3.4180585
71.69 3.417939
71.7 3.4177956
71.71 3.4176761
71.72 3.4175566
71.73 3.4174371
71.74 3.4172937
71.75 3.4171742
71.76 3.4170547
71.77 3.4169113
71.78 3.4167918
71.79 3.4166723
71.8 3.4165528
71.81 3.4164094
71.82 3.4162899
71.83 3.4161704
71.84 3.4160509
71.85 3.4159075
71.86 3.415788
71.87 3.4156685
71.88 3.415549
71.89 3.4154056
71.9 3.4152861
71.91 3.4151666
71.92 3.4150471
71.93 3.4149276
71.94 3.4147842
71.95 3.4146647
71.96 3.4145452
71.97 3.4144257
71.98 3.4142823
71.99 3.4141628
72.0 3.4140433
72.01 3.4139238
72.02 3.4137804
72.03 3.4136609
72.04 3.4135414
72.05 3.4134219
72.06 3.4132785
72.07 3.413159
72.08 3.4130395
72.09 3.41292
72.1 3.4128005
72.11 3.4126571
72.12 3.4125376
72.13 3.4124181
72.14 3.4122986
72.15 3.4121552
72.16 3.4120357
72.17 3.4119162
72.18 3.4117967
72.19 3.4116772
72.2 3.4115338
72.21 3.4114143
72.22 3.4112948
72.23 3.4111753
72.24 3.4110558
72.25 3.4109124
72.26 3.4107929
72.27 3.4106734
72.28 3.4105539
72.29 3.4104344
72.3 3.410291
72.31 3.4101715
72.32 3.410052
72.33 3.4099325
72.34 3.409813
72.35 3.4096696
72.36 3.4095501
72.37 3.4094306
72.38 3.4093111
72.39 3.4091916
72.4 3.4090482
72.41 3.4089287
72.42 3.4088092
72.43 3.4086897
72.44 3.4085702
72.45 3.4084268
72.46 3.4083073
72.47 3.4081878
72.48 3.4080683
72.49 3.4079488
72.5 3.4078293
72.51 3.4076859
72.52 3.4075664
72.53 3.4074469
72.54 3.4073274
72.55 3.4072079
72.56 3.4070645
72.57 3.406945
72.58 3.4068255
72.59 3.406706
72.6 3.4065865
72.61 3.406467
72.62 3.4063236
72.63 3.4062041
72.64 3.4060846
72.65 3.4059651
72.66 3.4058456
72.67 3.4057261
72.68 3.4055827
72.69 3.4054632
72.7 3.4053437
72.71 3.4052242
72.72 3.4051047
72.73 3.4049852
72.74 3.4048418
72.75 3.4047223
72.76 3.4046028
72.77 3.4044833
72.78 3.4043638
72.79 3.4042443
72.8 3.4041248
72.81 3.4039814
72.82 3.4038619
72.83 3.4037424
72.84 3.4036229
72.85 3.4035034
72.86 3.4033839
72.87 3.4032644
72.88 3.403121
72.89 3.4030015
72.9 3.402882
72.91 3.4027625
72.92 3.402643
72.93 3.4025235
72.94 3.402404
72.95 3.4022606
72.96 3.4021411
72.97 3.4020216
72.98 3.4019021
72.99 3.4017826
73.0 3.4016631
73.01 3.4015436
73.02 3.4014241
73.03 3.4012807
73.04 3.4011612
73.05 3.4010417
73.06 3.4009222
73.07 3.4008027
73.08 3.4006832
73.09 3.4005637
73.1 3.4004442
73.11 3.4003008
73.12 3.4001813
73.13 3.4000618
73.14 3.3999423
73.15 3.3998228
73.16 3.3997033
73.17 3.3995838
73.18 3.3994643
73.19 3.3993448
73.2 3.3992014
73.21 3.3990819
73.22 3.3989624
73.23 3.3988429
73.24 3.3987234
73.25 3.3986039
73.26 3.3984844
73.27 3.3983649
73.28 3.3982454
73.29 3.3981259
73.3 3.3979825
73.31 3.397863
73.32 3.3977435
73.33 3.397624
73.34 3.3975045
73.35 3.397385
73.36 3.3972655
73.37 3.397146
73.38 3.3970265
73.39 3.396907
73.4 3.3967875
73.41 3.3966441
73.42 3.3965246
73.43 3.3964051
73.44 3.3962856
73.45 3.3961661
73.46 3.3960466
73.47 3.3959271
73.48 3.3958076
73.49 3.3956881
73.5 3.3955686
73.51 3.3954491
73.52 3.3953296
73.53 3.3952101
73.54 3.3950667
73.55 3.3949472
73.56 3.3948277
73.57 3.3947082
73.58 3.3945887
73.59 3.3944692
73.6 3.3943497
73.61 3.3942302
73.62 3.3941107
73.63 3.3939912
73.64 3.3938717
73.65 3.3937522
73.66 3.3936327
73.67 3.3935132
73.68 3.3933937
73.69 3.3932742
73.7 3.3931547
73.71 3.3930113
73.72 3.3928918
73.73 3.3927723
73.74 3.3926528
73.75 3.3925333
73.76 3.3924138
73.77 3.3922943
73.78 3.3921748
73.79 3.3920553
73.8 3.3919358
73.81 3.3918163
73.82 3.3916968
73.83 3.3915773
73.84 3.3914578
73.85 3.3913383
73.86 3.3912188
73.87 3.3910993
73.88 3.3909798
73.89 3.3908603
73.9 3.3907408
73.91 3.3906213
73.92 3.3905018
73.93 3.3903823
73.94 3.3902628
73.95 3.3901433
73.96 3.3900238
73.97 3.3899043
73.98 3.3897848
73.99 3.3896653
74.0 3.3895219
74.01 3.3894024
74.02 3.3892829
74.03 3.3891634
74.04 3.3890439
74.05 3.3889244
74.06 3.3888049
74.07 3.3886854
74.08 3.3885659
74.09 3.3884464
74.1 3.3883269
74.11 3.3882074
74.12 3.3880879
74.13 3.3879684
74.14 3.3878489
74.15 3.3877294
74.16 3.3876099
74.17 3.3874904
74.18 3.3873709
74.19 3.3872514
74.2 3.3871319
74.21 3.3870124
74.22 3.3868929
74.23 3.3867734
74.24 3.3866539
74.25 3.3865344
74.26 3.3864149
74.27 3.3862954
74.28 3.3861759
74.29 3.3860564
74.3 3.3859369
74.31 3.3858174
74.32 3.3856979
74.33 3.3855784
74.34 3.3854828
74.35 3.3853633
74.36 3.3852438
74.37 3.3851243
74.38 3.3850048
74.39 3.3848853
74.4 3.3847658
74.41 3.3846463
74.42 3.3845268
74.43 3.3844073
74.44 3.3842878
74.45 3.3841683
74.46 3.3840488
74.47 3.3839293
74.48 3.3838098
74.49 3.3836903
74.5 3.3835708
74.51 3.3834513
74.52 3.3833318
74.53 3.3832123
74.54 3.3830928
74.55 3.3829733
74.56 3.3828538
74.57 3.3827343
74.58 3.3826148
74.59 3.3824953
74.6 3.3823758
74.61 3.3822563
74.62 3.3821607
74.63 3.3820412
74.64 3.3819217
74.65 3.3818022
74.66 3.3816827
74.67 3.3815632
74.68 3.3814437
74.69 3.3813242
74.7 3.3812047
74.71 3.3810852
74.72 3.3809657
74.73 3.3808462
74.74 3.3807267
74.75 3.3806072
74.76 3.3804877
74.77 3.3803682
74.78 3.3802487
74.79 3.3801531
74.8 3.3800336
74.81 3.3799141
74.82 3.3797946
74.83 3.3796751
74.84 3.3795556
74.85 3.3794361
74.86 3.3793166
74.87 3.3791971
74.88 3.3790776
74.89 3.3789581
74.9 3.3788386
74.91 3.3787191
74.92 3.3786235
74.93 3.378504
74.94 3.3783845
74.95 3.378265
74.96 3.3781455
74.97 3.378026
74.98 3.3779065
74.99 3.377787
75.0 3.3776675
75.01 3.377548
75.02 3.3774285
75.03 3.3773329
75.04 3.3772134
75.05 3.3770939
75.06 3.3769744
75.07 3.3768549
75.08 3.3767354
75.09 3.3766159
75.1 3.3764964
75.11 3.3763769
75.12 3.3762813
75.13 3.3761618
75.14 3.3760423
75.15 3.3759228
75.16 3.3758033
75.17 3.3756838
75.18 3.3755643
75.19 3.3754448
75.2 3.3753253
75.21 3.3752297
75.22 3.3751102
75.23 3.3749907
75.24 3.3748712
75.25 3.3747517
75.26 3.3746322
75.27 3.3745127
75.28 3.3743932
75.29 3.3742976
75.3 3.3741781
75.31 3.3740586
75.32 3.3739391
75.33 3.3738196
75.34 3.3737001
75.35 3.3735806
75.36 3.3734611
75.37 3.3733655
75.38 3.373246
75.39 3.3731265
75.4 3.373007
75.41 3.3728875
75.42 3.372768
75.43 3.3726485
75.44 3.3725529
75.45 3.3724334
75.46 3.3723139
75.47 3.3721944
75.48 3.3720749
75.49 3.3719554
75.5 3.3718359
75.51 3.3717403
75.52 3.3716208
75.53 3.3715013
75.54 3.3713818
75.55 3.3712623
75.56 3.3711428
75.57 3.3710472
75.58 3.3709277
75.59 3.3708082
75.6 3.3706887
75.61 3.3705692
75.62 3.3704497
75.63 3.3703541
75.64 3.3702346
75.65 3.3701151
75.66 3.3699956
75.67 3.3698761
75.68 3.3697566
75.69 3.369661
75.7 3.3695415
75.71 3.369422
75.72 3.3693025
75.73 3.369183
75.74 3.3690874
75.75 3.3689679
75.76 3.3688484
75.77 3.3687289
75.78 3.3686094
75.79 3.3684899
75.8 3.3683943
75.81 3.3682748
75.82 3.3681553
75.83 3.3680358
75.84 3.3679163
75.85 3.3678207
75.86 3.3677012
75.87 3.3675817
75.88 3.3674622
75.89 3.3673427
75.9 3.3672471
75.91 3.3671276
75.92 3.3670081
75.93 3.3668886
75.94 3.3667691
75.95 3.3666735
75.96 3.366554
75.97 3.3664345
75.98 3.366315
75.99 3.3661955
76.0 3.3660999
76.01 3.3659804
76.02 3.3658609
76.03 3.3657414
76.04 3.3656219
76.05 3.3655263
76.06 3.3654068
76.07 3.3652873
76.08 3.3651678
76.09 3.3650722
76.1 3.3649527
76.11 3.3648332
76.12 3.3647137
76.13 3.3645942
76.14 3.3644986
76.15 3.3643791
76.16 3.3642596
76.17 3.3641401
76.18 3.3640445
76.19 3.363925
76.2 3.3638055
76.21 3.363686
76.22 3.3635904
76.23 3.3634709
76.24 3.3633514
76.25 3.3632319
76.26 3.3631363
76.27 3.3630168
76.28 3.3628973
76.29 3.3627778
76.3 3.3626822
76.31 3.3625627
76.32 3.3624432
76.33 3.3623237
76.34 3.3622281
76.35 3.3621086
76.36 3.3619891
76.37 3.3618696
76.38 3.361774
76.39 3.3616545
76.4 3.361535
76.41 3.3614155
76.42 3.3613199
76.43 3.3612004
76.44 3.3610809
76.45 3.3609614
76.46 3.3608658
76.47 3.3607463
76.48 3.3606268
76.49 3.3605073
76.5 3.3604117
76.51 3.3602922
76.52 3.3601727
76.53 3.3600771
76.54 3.3599576
76.55 3.3598381
76.56 3.3597186
76.57 3.359623
76.58 3.3595035
76.59 3.359384
76.6 3.3592884
76.61 3.3591689
76.62 3.3590494
76.63 3.3589299
76.64 3.3588343
76.65 3.3587148
76.66 3.3585953
76.67 3.3584997
76.68 3.3583802
76.69 3.3582607
76.7 3.3581412
76.71 3.3580456
76.72 3.3579261
76.73 3.3578066
76.74 3.357711
76.75 3.3575915
76.76 3.357472
76.77 3.3573764
76.78 3.3572569
76.79 3.3571374
76.8 3.3570179
76.81 3.3569223
76.82 3.3568028
76.83 3.3566833
76.84 3.3565877
76.85 3.3564682
76.86 3.3563487
76.87 3.3562531
76.88 3.3561336
76.89 3.3560141
76.9 3.3559185
76.91 3.355799
76.92 3.3556795
76.93 3.3555839
76.94 3.3554644
76.95 3.3553449
76.96 3.3552493
76.97 3.3551298
76.98 3.3550103
76.99 3.3549147
77.0 3.3547952
77.01 3.3546757
77.02 3.3545801
77.03 3.3544606
77.04 3.3543411
77.05 3.3542455
77.06 3.354126
77.07 3.3540065
77.08 3.3539109
77.09 3.3537914
77.1 3.3536719
77.11 3.3535763
77.12 3.3534568
77.13 3.3533373
77.14 3.3532417
77.15 3.3531222
77.16 3.3530027
77.17 3.3529071
77.18 3.3527876
77.19 3.3526681
77.2 3.3525725
77.21 3.352453
77.22 3.3523335
77.23 3.3522379
77.24 3.3521184
77.25 3.3520228
77.26 3.3519033
77.27 3.3517838
77.28 3.3516882
77.29 3.3515687
77.3 3.3514492
77.31 3.3513536
77.32 3.3512341
77.33 3.3511385
77.34 3.351019
77.35 3.3508995
77.36 3.3508039
77.37 3.3506844
77.38 3.3505649
77.39 3.3504693
77.4 3.3503498
77.41 3.3502542
77.42 3.3501347
77.43 3.3500152
77.44 3.3499196
77.45 3.3498001
77.46 3.3496806
77.47 3.349585
77.48 3.3494655
77.49 3.3493699
77.5 3.3492504
77.51 3.3491309
77.52 3.3490353
77.53 3.3489158
77.54 3.3488202
77.55 3.3487007
77.56 3.3485812
77.57 3.3484856
77.58 3.3483661
77.59 3.3482705
77.6 3.348151
77.61 3.3480315
77.62 3.3479359
77.63 3.3478164
77.64 3.3477208
77.65 3.3476013
77.66 3.3475057
77.67 3.3473862
77.68 3.3472667
77.69 3.3471711
77.7 3.3470516
77.71 3.346956
77.72 3.3468365
77.73 3.346717
77.74 3.3466214
77.75 3.3465019
77.76 3.3464063
77.77 3.3462868
77.78 3.3461912
77.79 3.3460717
77.8 3.3459522
77.81 3.3458566
77.82 3.3457371
77.83 3.3456415
77.84 3.345522
77.85 3.3454264
77.86 3.3453069
77.87 3.3452113
77.88 3.3450918
77.89 3.3449723
77.9 3.3448767
77.91 3.3447572
77.92 3.3446616
77.93 3.3445421
77.94 3.3444465
77.95 3.344327
77.96 3.3442314
77.97 3.3441119
77.98 3.3439924
77.99 3.3438968
78.0 3.3437773
78.01 3.3436817
78.02 3.3435622
78.03 3.3434666
78.04 3.3433471
78.05 3.3432515
78.06 3.343132
78.07 3.3430364
78.08 3.3429169
78.09 3.3428213
78.1 3.3427018
78.11 3.3425823
78.12 3.3424867
78.13 3.3423672
78.14 3.3422716
78.15 3.3421521
78.16 3.3420565
78.17 3.341937
78.18 3.3418414
78.19 3.3417219
78.2 3.3416263
78.21 3.3415068
78.22 3.3414112
78.23 3.3412917
78.24 3.3411961
78.25 3.3410766
78.26 3.340981
78.27 3.3408615
78.28 3.3407659
78.29 3.3406464
78.3 3.3405508
78.31 3.3404313
78.32 3.3403357
78.33 3.3402162
78.34 3.3401206
78.35 3.3400011
78.36 3.3399055
78.37 3.339786
78.38 3.3396904
78.39 3.3395709
78.4 3.3394753
78.41 3.3393558
78.42 3.3392602
78.43 3.3391407
78.44 3.3390451
78.45 3.3389256
78.46 3.33883
78.47 3.3387105
78.48 3.3386149
78.49 3.3384954
78.5 3.3383998
78.51 3.3382803
78.52 3.3381847
78.53 3.3380652
78.54 3.3379696
78.55 3.3378501
78.56 3.3377545
78.57 3.337635
78.58 3.3375394
78.59 3.3374438
78.6 3.3373243
78.61 3.3372287
78.62 3.3371092
78.63 3.3370136
78.64 3.3368941
78.65 3.3367985
78.66 3.336679
78.67 3.3365834
78.68 3.3364639
78.69 3.3363683
78.7 3.3362488
78.71 3.3361532
78.72 3.3360576
78.73 3.3359381
78.74 3.3358425
78.75 3.335723
78.76 3.3356274
78.77 3.3355079
78.78 3.3354123
78.79 3.3352928
78.8 3.3351972
78.81 3.3351016
78.82 3.3349821
78.83 3.3348865
78.84 3.334767
78.85 3.3346714
78.86 3.3345519
78.87 3.3344563
78.88 3.3343607
78.89 3.3342412
78.9 3.3341456
78.91 3.3340261
78.92 3.3339305
78.93 3.333811
78.94 3.3337154
78.95 3.3336198
78.96 3.3335003
78.97 3.3334047
78.98 3.3332852
78.99 3.3331896
79.0 3.3330701
79.01 3.3329745
79.02 3.3328789
79.03 3.3327594
79.04 3.3326638
79.05 3.3325443
79.06 3.3324487
79.07 3.3323531
79.08 3.3322336
79.09 3.332138
79.1 3.3320185
79.11 3.3319229
79.12 3.3318273
79.13 3.3317078
79.14 3.3316122
79.15 3.3314927
79.16 3.3313971
79.17 3.3313015
79.18 3.331182
79.19 3.3310864
79.2 3.3309669
79.21 3.3308713
79.22 3.3307757
79.23 3.3306562
79.24 3.3305606
79.25 3.3304411
79.26 3.3303455
79.27 3.3302499
79.28 3.3301304
79.29 3.3300348
79.3 3.3299392
79.31 3.3298197
79.32 3.3297241
79.33 3.3296046
79.34 3.329509
79.35 3.3294134
79.36 3.3292939
79.37 3.3291983
79.38 3.3291027
79.39 3.3289832
79.4 3.3288876
79.41 3.328792
79.42 3.3286725
79.43 3.3285769
79.44 3.3284574
79.45 3.3283618
79.46 3.3282662
79.47 3.3281467
79.48 3.3280511
79.49 3.3279555
79.5 3.327836
79.51 3.3277404
79.52 3.3276448
79.53 3.3275253
79.54 3.3274297
79.55 3.3273341
79.56 3.3272146
79.57 3.327119
79.58 3.3270234
79.59 3.3269039
79.6 3.3268083
79.61 3.3267127
79.62 3.3265932
79.63 3.3264976
79.64 3.326402
79.65 3.3262825
79.66 3.3261869
79.67 3.3260913
79.68 3.3259718
79.69 3.3258762
79.7 3.3257806
79.71 3.3256611
79.72 3.3255655
79.73 3.3254699
79.74 3.3253504
79.75 3.3252548
79.76 3.3251592
79.77 3.3250397
79.78 3.3249441
79.79 3.3248485
79.8 3.324729
79.81 3.3246334
79.82 3.3245378
79.83 3.3244183
79.84 3.3243227
79.85 3.3242271
79.86 3.3241315
79.87 3.324012
79.88 3.3239164
79.89 3.3238208
79.9 3.3237013
79.91 3.3236057
79.92 3.3235101
79.93 3.3233906
79.94 3.323295
79.95 3.3231994
79.96 3.3231038
79.97 3.3229843
79.98 3.3228887
79.99 3.3227931
80.0 3.3226736
80.01 3.322578
80.02 3.3224824
80.03 3.3223868
80.04 3.3222673
80.05 3.3221717
80.06 3.3220761
80.07 3.3219566
80.08 3.321861
80.09 3.3217654
80.1 3.3216698
80.11 3.3215503
80.12 3.3214547
80.13 3.3213591
80.14 3.3212635
80.15 3.321144
80.16 3.3210484
80.17 3.3209528
80.18 3.3208572
80.19 3.3207377
80.2 3.3206421
80.21 3.3205465
80.22 3.320427
80.23 3.3203314
80.24 3.3202358
80.25 3.3201402
80.26 3.3200207
80.27 3.3199251
80.28 3.3198295
80.29 3.3197339
80.3 3.3196144
80.31 3.3195188
80.32 3.3194232
80.33 3.3193276
80.34 3.319232
80.35 3.3191125
80.36 3.3190169
80.37 3.3189213
80.38 3.3188257
80.39 3.3187062
80.4 3.3186106
80.41 3.318515
80.42 3.3184194
80.43 3.3182999
80.44 3.3182043
80.45 3.3181087
80.46 3.3180131
80.47 3.3179175
80.48 3.317798
80.49 3.3177024
80.5 3.3176068
80.51 3.3175112
80.52 3.3173917
80.53 3.3172961
80.54 3.3172005
80.55 3.3171049
80.56 3.3170093
80.57 3.3168898
80.58 3.3167942
80.59 3.3166986
80.6 3.316603
80.61 3.3165074
80.62 3.3163879
80.63 3.3162923
80.64 3.3161967
80.65 3.3161011
80.66 3.3160055
80.67 3.315886
80.68 3.3157904
80.69 3.3156948
80.7 3.3155992
80.71 3.3155036
80.72 3.3153841
80.73 3.3152885
80.74 3.3151929
80.75 3.3150973
80.76 3.3150017
80.77 3.3148822
80.78 3.3147866
80.79 3.314691
80.8 3.3145954
80.81 3.3144998
80.82 3.3144042
80.83 3.3142847
80.84 3.3141891
80.85 3.3140935
80.86 3.3139979
80.87 3.3139023
80.88 3.3138067
80.89 3.3136872
80.9 3.3135916
80.91 3.313496
80.92 3.3134004
80.93 3.3133048
80.94 3.3132092
80.95 3.3130897
80.96 3.3129941
80.97 3.3128985
80.98 3.3128029
80.99 3.3127073
81.0 3.3126117
81.01 3.3124922
81.02 3.3123966
81.03 3.312301
81.04 3.3122054
81.05 3.3121098
81.06 3.3120142
81.07 3.3119186
81.08 3.3117991
81.09 3.3117035
81.1 3.3116079
81.11 3.3115123
81.12 3.3114167
81.13 3.3113211
81.14 3.3112255
81.15 3.311106
81.16 3.3110104
81.17 3.3109148
81.18 3.3108192
81.19 3.3107236
81.2 3.310628
81.21 3.3105324
81.22 3.3104368
81.23 3.3103173
81.24 3.3102217
81.25 3.3101261
81.26 3.3100305
81.27 3.3099349
81.28 3.3098393
81.29 3.3097437
81.3 3.3096481
81.31 3.3095525
81.32 3.309433
81.33 3.3093374
81.34 3.3092418
81.35 3.3091462
81.36 3.3090506
81.37 3.308955
81.38 3.3088594
81.39 3.3087638
81.4 3.3086682
81.41 3.3085487
81.42 3.3084531
81.43 3.3083575
81.44 3.3082619
81.45 3.3081663
81.46 3.3080707
81.47 3.3079751
81.48 3.3078795
81.49 3.3077839
81.5 3.3076883
81.51 3.3075927
81.52 3.3074732
81.53 3.3073776
81.54 3.307282
81.55 3.3071864
81.56 3.3070908
81.57 3.3069952
81.58 3.3068996
81.59 3.306804
81.6 3.3067084
81.61 3.3066128
81.62 3.3065172
81.63 3.3064216
81.64 3.306326
81.65 3.3062304
81.66 3.3061109
81.67 3.3060153
81.68 3.3059197
81.69 3.3058241
81.7 3.3057285
81.71 3.3056329
81.72 3.3055373
81.73 3.3054417
81.74 3.3053461
81.75 3.3052505
81.76 3.3051549
81.77 3.3050593
81.78 3.3049637
81.79 3.3048681
81.8 3.3047725
81.81 3.3046769
81.82 3.3045813
81.83 3.3044857
81.84 3.3043901
81.85 3.3042945
81.86 3.304175
81.87 3.3040794
81.88 3.3039838
81.89 3.3038882
81.9 3.3037926
81.91 3.303697
81.92 3.3036014
81.93 3.3035058
81.94 3.3034102
81.95 3.3033146
81.96 3.303219
81.97 3.3031234
81.98 3.3030278
81.99 3.3029322
82.0 3.3028366
82.01 3.302741
82.02 3.3026454
82.03 3.3025498
82.04 3.3024542
82.05 3.3023586
82.06 3.302263
82.07 3.3021674
82.08 3.3020718
82.09 3.3019762
82.1 3.3018806
82.11 3.301785
82.12 3.3016894
82.13 3.3015938
82.14 3.3014982
82.15 3.3014026
82.16 3.301307
82.17 3.3012114
82.18 3.3011158
82.19 3.3010202
82.2 3.3009246
82.21 3.300829
82.22 3.3007334
82.23 3.3006378
82.24 3.3005422
82.25 3.3004466
82.26 3.300351
82.27 3.3002554
82.28 3.3001598
82.29 3.3000642
82.3 3.2999686
82.31 3.299873
82.32 3.2997774
82.33 3.2996818
82.34 3.2995862
82.35 3.2994906
82.36 3.299395
82.37 3.2992994
82.38 3.2992038
82.39 3.2991082
82.4 3.2990126
82.41 3.2989409
82.42 3.2988453
82.43 3.2987497
82.44 3.2986541
82.45 3.2985585
82.46 3.2984629
82.47 3.2983673
82.48 3.2982717
82.49 3.2981761
82.5 3.2980805
82.51 3.2979849
82.52 3.2978893
82.53 3.2977937
82.54 3.2976981
82.55 3.2976025
82.56 3.2975069
82.57 3.2974113
82.58 3.2973157
82.59 3.2972201
82.6 3.2971245
82.61 3.2970528
82.62 3.2969572
82.63 3.2968616
82.64 3.296766
82.65 3.2966704
82.66 3.2965748
82.67 3.2964792
82.68 3.2963836
82.69 3.296288
82.7 3.2961924
82.71 3.2960968
82.72 3.2960012
82.73 3.2959056
82.74 3.2958339
82.75 3.2957383
82.76 3.2956427
82.77 3.2955471
82.78 3.2954515
82.79 3.2953559
82.8 3.2952603
82.81 3.2951647
82.82 3.2950691
82.83 3.2949735
82.84 3.2948779
82.85 3.2948062
82.86 3.2947106
82.87 3.294615
82.88 3.2945194
82.89 3.2944238
82.9 3.2943282
82.91 3.2942326
82.92 3.294137
82.93 3.2940414
82.94 3.2939458
82.95 3.2938741
82.96 3.2937785
82.97 3.2936829
82.98 3.2935873
82.99 3.2934917
83.0 3.2933961
83.01 3.2933005
83.02 3.2932049
83.03 3.2931093
83.04 3.2930376
83.05 3.292942
83.06 3.2928464
83.07 3.2927508
83.08 3.2926552
83.09 3.2925596
83.1 3.292464
83.11 3.2923923
83.12 3.2922967
83.13 3.2922011
83.14 3.2921055
83.15 3.2920099
83.16 3.2919143
83.17 3.2918187
83.18 3.2917231
83.19 3.2916514
83.2 3.2915558
83.21 3.2914602
83.22 3.2913646
83.23 3.291269
83.24 3.2911734
83.25 3.2911017
83.26 3.2910061
83.27 3.2909105
83.28 3.2908149
83.29 3.2907193
83.3 3.2906237
83.31 3.2905281
83.32 3.2904564
83.33 3.2903608
83.34 3.2902652
83.35 3.2901696
83.36 3.290074
83.37 3.2899784
83.38 3.2899067
83.39 3.2898111
83.4 3.2897155
83.41 3.2896199
83.42 3.2895243
83.43 3.2894287
83.44 3.289357
83.45 3.2892614
83.46 3.2891658
83.47 3.2890702
83.48 3.2889746
83.49 3.2889029
83.5 3.2888073
83.51 3.2887117
83.52 3.2886161
83.53 3.2885205
83.54 3.2884488
83.55 3.2883532
83.56 3.2882576
83.57 3.288162
83.58 3.2880664
83.59 3.2879708
83.6 3.2878991
83.61 3.2878035
83.62 3.2877079
83.63 3.2876123
83.64 3.2875406
83.65 3.287445
83.66 3.2873494
83.67 3.2872538
83.68 3.2871582
83.69 3.2870865
83.7 3.2869909
83.71 3.2868953
83.72 3.2867997
83.73 3.2867041
83.74 3.2866324
83.75 3.2865368
83.76 3.2864412
83.77 3.2863456
83.78 3.2862739
83.79 3.2861783
83.8 3.2860827
83.81 3.2859871
83.82 3.2858915
83.83 3.2858198
83.84 3.2857242
83.85 3.2856286
83.86 3.285533
83.87 3.2854613
83.88 3.2853657
83.89 3.2852701
83.9 3.2851745
83.91 3.2851028
83.92 3.2850072
83.93 3.2849116
83.94 3.284816
83.95 3.2847443
83.96 3.2846487
83.97 3.2845531
83.98 3.2844575
83.99 3.2843858
84.0 3.2842902
84.01 3.2841946
84.02 3.284099
84.03 3.2840273
84.04 3.2839317
84.05 3.2838361
84.06 3.2837405
84.07 3.2836688
84.08 3.2835732
84.09 3.2834776
84.1 3.283382
84.11 3.2833103
84.12 3.2832147
84.13 3.2831191
84.14 3.2830235
84.15 3.2829518
84.16 3.2828562
84.17 3.2827606
84.18 3.2826889
84.19 3.2825933
84.2 3.2824977
84.21 3.2824021
84.22 3.2823304
84.23 3.2822348
84.24 3.2821392
84.25 3.2820675
84.26 3.2819719
84.27 3.2818763
84.28 3.2817807
84.29 3.281709
84.3 3.2816134
84.31 3.2815178
84.32 3.2814461
84.33 3.2813505
84.34 3.2812549
84.35 3.2811832
84.36 3.2810876
84.37 3.280992
84.38 3.2808964
84.39 3.2808247
84.4 3.2807291
84.41 3.2806335
84.42 3.2805618
84.43 3.2804662
84.44 3.2803706
84.45 3.2802989
84.46 3.2802033
84.47 3.2801077
84.48 3.280036
84.49 3.2799404
84.5 3.2798448
84.51 3.2797731
84.52 3.2796775
84.53 3.2795819
84.54 3.2795102
84.55 3.2794146
84.56 3.279319
84.57 3.2792473
84.58 3.2791517
84.59 3.2790561
84.6 3.2789844
84.61 3.2788888
84.62 3.2787932
84.63 3.2787215
84.64 3.2786259
84.65 3.2785303
84.66 3.2784586
84.67 3.278363
84.68 3.2782674
84.69 3.2781957
84.7 3.2781001
84.71 3.2780045
84.72 3.2779328
84.73 3.2778372
84.74 3.2777416
84.75 3.2776699
84.76 3.2775743
84.77 3.2774787
84.78 3.277407
84.79 3.2773114
84.8 3.2772397
84.81 3.2771441
84.82 3.2770485
84.83 3.2769768
84.84 3.2768812
84.85 3.2767856
84.86 3.2767139
84.87 3.2766183
84.88 3.2765466
84.89 3.276451
84.9 3.2763554
84.91 3.2762837
84.92 3.2761881
84.93 3.2760925
84.94 3.2760208
84.95 3.2759252
84.96 3.2758535
84.97 3.2757579
84.98 3.2756623
84.99 3.2755906
85.0 3.275495
85.01 3.2753994
85.02 3.2753277
85.03 3.2752321
85.04 3.2751604
85.05 3.2750648
85.06 3.2749692
85.07 3.2748975
85.08 3.2748019
85.09 3.2747302
85.1 3.2746346
85.11 3.274539
85.12 3.2744673
85.13 3.2743717
85.14 3.2743
85.15 3.2742044
85.16 3.2741327
85.17 3.2740371
85.18 3.2739415
85.19 3.2738698
85.2 3.2737742
85.21 3.2737025
85.22 3.2736069
85.23 3.2735113
85.24 3.2734396
85.25 3.273344
85.26 3.2732723
85.27 3.2731767
85.28 3.273105
85.29 3.2730094
85.3 3.2729138
85.31 3.2728421
85.32 3.2727465
85.33 3.2726748
85.34 3.2725792
85.35 3.2725075
85.36 3.2724119
85.37 3.2723402
85.38 3.2722446
85.39 3.272149
85.4 3.2720773
85.41 3.2719817
85.42 3.27191
85.43 3.2718144
85.44 3.2717427
85.45 3.2716471
85.46 3.2715754
85.47 3.2714798
85.48 3.2713842
85.49 3.2713125
85.5 3.2712169
85.51 3.2711452
85.52 3.2710496
85.53 3.2709779
85.54 3.2708823
85.55 3.2708106
85.56 3.270715
85.57 3.2706433
85.58 3.2705477
85.59 3.270476
85.6 3.2703804
85.61 3.2703087
85.62 3.2702131
85.63 3.2701175
85.64 3.2700458
85.65 3.2699502
85.66 3.2698785
85.67 3.2697829
85.68 3.2697112
85.69 3.2696156
85.7 3.2695439
85.71 3.2694483
85.72 3.2693766
85.73 3.269281
85.74 3.2692093
85.75 3.2691137
85.76 3.269042
85.77 3.2689464
85.78 3.2688747
85.79 3.2687791
85.8 3.2687074
85.81 3.2686118
85.82 3.2685401
85.83 3.2684445
85.84 3.2683728
85.85 3.2682772
85.86 3.2682055
85.87 3.2681099
85.88 3.2680382
85.89 3.2679426
85.9 3.2678709
85.91 3.2677753
85.92 3.2677036
85.93 3.267608
85.94 3.2675363
85.95 3.2674407
85.96 3.267369
85.97 3.2672734
85.98 3.2672017
85.99 3.26713
86.0 3.2670344
86.01 3.2669627
86.02 3.2668671
86.03 3.2667954
86.04 3.2666998
86.05 3.2666281
86.06 3.2665325
86.07 3.2664608
86.08 3.2663652
86.09 3.2662935
86.1 3.2661979
86.11 3.2661262
86.12 3.2660306
86.13 3.2659589
86.14 3.2658872
86.15 3.2657916
86.16 3.2657199
86.17 3.2656243
86.18 3.2655526
86.19 3.265457
86.2 3.2653853
86.21 3.2652897
86.22 3.265218
86.23 3.2651463
86.24 3.2650507
86.25 3.264979
86.26 3.2648834
86.27 3.2648117
86.28 3.2647161
86.29 3.2646444
86.3 3.2645488
86.31 3.2644771
86.32 3.2644054
86.33 3.2643098
86.34 3.2642381
86.35 3.2641425
86.36 3.2640708
86.37 3.2639752
86.38 3.2639035
86.39 3.2638318
86.4 3.2637362
86.41 3.2636645
86.42 3.2635689
86.43 3.2634972
86.44 3.2634255
86.45 3.2633299
86.46 3.2632582
86.47 3.2631626
86.48 3.2630909
86.49 3.2630192
86.5 3.2629236
86.51 3.2628519
86.52 3.2627563
86.53 3.2626846
86.54 3.262589
86.55 3.2625173
86.56 3.2624456
86.57 3.26235
86.58 3.2622783
86.59 3.2622066
86.6 3.262111
86.61 3.2620393
86.62 3.2619437
86.63 3.261872
86.64 3.2618003
86.65 3.2617047
86.66 3.261633
86.67 3.2615374
86.68 3.2614657
86.69 3.261394
86.7 3.2612984
86.71 3.2612267
86.72 3.261155
86.73 3.2610594
86.74 3.2609877
86.75 3.2608921
86.76 3.2608204
86.77 3.2607487
86.78 3.2606531
86.79 3.2605814
86.8 3.2605097
86.81 3.2604141
86.82 3.2603424
86.83 3.2602468
86.84 3.2601751
86.85 3.2601034
86.86 3.2600078
86.87 3.2599361
86.88 3.2598644
86.89 3.2597688
86.9 3.2596971
86.91 3.2596254
86.92 3.2595298
86.93 3.2594581
86.94 3.2593864
86.95 3.2592908
86.96 3.2592191
86.97 3.2591474
86.98 3.2590518
86.99 3.2589801
87.0 3.2589084
87.01 3.2588128
87.02 3.2587411
87.03 3.2586694
87.04 3.2585738
87.05 3.2585021
87.06 3.2584304
87.07 3.2583348
87.08 3.2582631
87.09 3.2581914
87.1 3.2580958
87.11 3.2580241
87.12 3.2579524
87.13 3.2578568
87.14 3.2577851
87.15 3.2577134
87.16 3.2576178
87.17 3.2575461
87.18 3.2574744
87.19 3.2573788
87.2 3.2573071
87.21 3.2572354
87.22 3.2571398
87.23 3.2570681
87.24 3.2569964
87.25 3.2569008
87.26 3.2568291
87.27 3.2567574
87.28 3.2566857
87.29 3.2565901
87.3 3.2565184
87.31 3.2564467
87.32 3.2563511
87.33 3.2562794
87.34 3.2562077
87.35 3.256136
87.36 3.2560404
87.37 3.2559687
87.38 3.255897
87.39 3.2558014
87.4 3.2557297
87.41 3.255658
87.42 3.2555863
87.43 3.2554907
87.44 3.255419
87.45 3.2553473
87.46 3.2552517
87.47 3.25518
87.48 3.2551083
87.49 3.2550366
87.5 3.254941
87.51 3.2548693
87.52 3.2547976
87.53 3.254702
87.54 3.2546303
87.55 3.2545586
87.56 3.2544869
87.57 3.2543913
87.58 3.2543196
87.59 3.2542479
87.6 3.2541762
87.61 3.2540806
87.62 3.2540089
87.63 3.2539372
87.64 3.2538655
87.65 3.2537699
87.66 3.2536982
87.67 3.2536265
87.68 3.2535548
87.69 3.2534592
87.7 3.2533875
87.71 3.2533158
87.72 3.2532441
87.73 3.2531485
87.74 3.2530768
87.75 3.2530051
87.76 3.2529334
87.77 3.2528378
87.78 3.2527661
87.79 3.2526944
87.8 3.2526227
87.81 3.252551
87.82 3.2524554
87.83 3.2523837
87.84 3.252312
87.85 3.2522403
87.86 3.2521447
87.87 3.252073
87.88 3.2520013
87.89 3.2519296
87.9 3.2518579
87.91 3.2517623
87.92 3.2516906
87.93 3.2516189
87.94 3.2515472
87.95 3.2514516
87.96 3.2513799
87.97 3.2513082
87.98 3.2512365
87.99 3.2511648
88.0 3.2510692
88.01 3.2509975
88.02 3.2509258
88.03 3.2508541
88.04 3.2507824
88.05 3.2506868
88.06 3.2506151
88.07 3.2505434
88.08 3.2504717
88.09 3.2504
88.1 3.2503044
88.11 3.2502327
88.12 3.250161
88.13 3.2500893
88.14 3.2500176
88.15 3.249922
88.16 3.2498503
88.17 3.2497786
88.18 3.2497069
88.19 3.2496352
88.2 3.2495635
88.21 3.2494679
88.22 3.2493962
88.23 3.2493245
88.24 3.2492528
88.25 3.2491811
88.26 3.2490855
88.27 3.2490138
88.28 3.2489421
88.29 3.2488704
88.3 3.2487987
88.31 3.248727
88.32 3.2486314
88.33 3.2485597
88.34 3.248488
88.35 3.2484163
88.36 3.2483446
88.37 3.2482729
88.38 3.2482012
88.39 3.2481056
88.4 3.2480339
88.41 3.2479622
88.42 3.2478905
88.43 3.2478188
88.44 3.2477471
88.45 3.2476515
88.46 3.2475798
88.47 3.2475081
88.48 3.2474364
88.49 3.2473647
88.5 3.247293
88.51 3.2472213
88.52 3.2471257
88.53 3.247054
88.54 3.2469823
88.55 3.2469106
88.56 3.2468389
88.57 3.2467672
88.58 3.2466955
88.59 3.2466238
88.6 3.2465282
88.61 3.2464565
88.62 3.2463848
88.63 3.2463131
88.64 3.2462414
88.65 3.2461697
88.66 3.246098
88.67 3.2460263
88.68 3.2459307
88.69 3.245859
88.7 3.2457873
88.71 3.2457156
88.72 3.2456439
88.73 3.2455722
88.74 3.2455005
88.75 3.2454288
88.76 3.2453571
88.77 3.2452615
88.78 3.2451898
88.79 3.2451181
88.8 3.2450464
88.81 3.2449747
88.82 3.244903
88.83 3.2448313
88.84 3.2447596
88.85 3.2446879
88.86 3.2446162
88.87 3.2445206
88.88 3.2444489
88.89 3.2443772
88.9 3.2443055
88.91 3.2442338
88.92 3.2441621
88.93 3.2440904
88.94 3.2440187
88.95 3.243947
88.96 3.2438753
88.97 3.2438036
88.98 3.2437319
88.99 3.2436363
89.0 3.2435646
89.01 3.2434929
89.02 3.2434212
89.03 3.2433495
89.04 3.2432778
89.05 3.2432061
89.06 3.2431344
89.07 3.2430627
89.08 3.242991
89.09 3.2429193
89.1 3.2428476
89.11 3.2427759
89.12 3.2427042
89.13 3.2426325
89.14 3.2425369
89.15 3.2424652
89.16 3.2423935
89.17 3.2423218
89.18 3.2422501
89.19 3.2421784
89.2 3.2421067
89.21 3.242035
89.22 3.2419633
89.23 3.2418916
89.24 3.2418199
89.25 3.2417482
89.26 3.2416765
89.27 3.2416048
89.28 3.2415331
89.29 3.2414614
89.3 3.2413897
89.31 3.241318
89.32 3.2412463
89.33 3.2411746
89.34 3.2411029
89.35 3.2410312
89.36 3.2409595
89.37 3.2408639
89.38 3.2407922
89.39 3.2407205
89.4 3.2406488
89.41 3.2405771
89.42 3.2405054
89.43 3.2404337
89.44 3.240362
89.45 3.2402903
89.46 3.2402186
89.47 3.2401469
89.48 3.2400752
89.49 3.2400035
89.5 3.2399318
89.51 3.2398601
89.52 3.2397884
89.53 3.2397167
89.54 3.239645
89.55 3.2395733
89.56 3.2395016
89.57 3.2394299
89.58 3.2393582
89.59 3.2392865
89.6 3.2392148
89.61 3.2391431
89.62 3.2390714
89.63 3.2389997
89.64 3.238928
89.65 3.2388563
89.66 3.2387846
89.67 3.2387129
89.68 3.2386412
89.69 3.2385695
89.7 3.2384978
89.71 3.2384261
89.72 3.2383544
89.73 3.2382827
89.74 3.238211
89.75 3.2381393
89.76 3.2380676
89.77 3.2379959
89.78 3.2379242
89.79 3.2378525
89.8 3.2377808
89.81 3.2377091
89.82 3.2376613
89.83 3.2375896
89.84 3.2375179
89.85 3.2374462
89.86 3.2373745
89.87 3.2373028
89.88 3.2372311
89.89 3.2371594
89.9 3.2370877
89.91 3.237016
89.92 3.2369443
89.93 3.2368726
89.94 3.2368009
89.95 3.2367292
89.96 3.2366575
89.97 3.2365858
89.98 3.2365141
89.99 3.2364424
90.0 3.2363707
90.01 3.236299
90.02 3.2362273
90.03 3.2361556
90.04 3.2360839
90.05 3.2360361
90.06 3.2359644
90.07 3.2358927
90.08 3.235821
90.09 3.2357493
90.1 3.2356776
90.11 3.2356059
90.12 3.2355342
90.13 3.2354625
90.14 3.2353908
90.15 3.2353191
90.16 3.2352474
90.17 3.2351757
90.18 3.235104
90.19 3.2350323
90.2 3.2349845
90.21 3.2349128
90.22 3.2348411
90.23 3.2347694
90.24 3.2346977
90.25 3.234626
90.26 3.2345543
90.27 3.2344826
90.28 3.2344109
90.29 3.2343392
90.3 3.2342675
90.31 3.2341958
90.32 3.234148
90.33 3.2340763
90.34 3.2340046
90.35 3.2339329
90.36 3.2338612
90.37 3.2337895
90.38 3.2337178
90.39 3.2336461
90.4 3.2335744
90.41 3.2335027
90.42 3.2334549
90.43 3.2333832
90.44 3.2333115
90.45 3.2332398
90.46 3.2331681
90.47 3.2330964
90.48 3.2330247
90.49 3.232953
90.5 3.2328813
90.51 3.2328096
90.52 3.2327618
90.53 3.2326901
90.54 3.2326184
90.55 3.2325467
90.56 3.232475
90.57 3.2324033
90.58 3.2323316
90.59 3.2322599
90.6 3.2322121
90.61 3.2321404
90.62 3.2320687
90.63 3.231997
90.64 3.2319253
90.65 3.2318536
90.66 3.2317819
90.67 3.2317102
90.68 3.2316624
90.69 3.2315907
90.7 3.231519
90.71 3.2314473
90.72 3.2313756
90.73 3.2313039
90.74 3.2312322
90.75 3.2311844
90.76 3.2311127
90.77 3.231041
90.78 3.2309693
90.79 3.2308976
90.8 3.2308259
90.81 3.2307542
90.82 3.2307064
90.83 3.2306347
90.84 3.230563
90.85 3.2304913
90.86 3.2304196
90.87 3.2303479
90.88 3.2303001
90.89 3.2302284
90.9 3.2301567
90.91 3.230085
90.92 3.2300133
90.93 3.2299416
90.94 3.2298938
90.95 3.2298221
90.96 3.2297504
90.97 3.2296787
90.98 3.229607
90.99 3.2295353
91.0 3.2294875
91.01 3.2294158
91.02 3.2293441
91.03 3.2292724
91.04 3.2292007
91.05 3.229129
91.06 3.2290812
91.07 3.2290095
91.08 3.2289378
91.09 3.2288661
91.1 3.2287944
91.11 3.2287466
91.12 3.2286749
91.13 3.2286032
91.14 3.2285315
91.15 3.2284598
91.16 3.228412
91.17 3.2283403
91.18 3.2282686
91.19 3.2281969
91.2 3.2281252
91.21 3.2280774
91.22 3.2280057
91.23 3.227934
91.24 3.2278623
91.25 3.2277906
91.26 3.2277428
91.27 3.2276711
91.28 3.2275994
91.29 3.2275277
91.3 3.227456
91.31 3.2274082
91.32 3.2273365
91.33 3.2272648
91.34 3.2271931
91.35 3.2271214
91.36 3.2270736
91.37 3.2270019
91.38 3.2269302
91.39 3.2268585
91.4 3.2268107
91.41 3.226739
91.42 3.2266673
91.43 3.2265956
91.44 3.2265239
91.45 3.2264761
91.46 3.2264044
91.47 3.2263327
91.48 3.226261
91.49 3.2262132
91.5 3.2261415
91.51 3.2260698
91.52 3.2259981
91.53 3.2259503
91.54 3.2258786
91.55 3.2258069
91.56 3.2257352
91.57 3.2256874
91.58 3.2256157
91.59 3.225544
91.6 3.2254723
91.61 3.2254006
91.62 3.2253528
91.63 3.2252811
91.64 3.2252094
91.65 3.2251377
91.66 3.2250899
91.67 3.2250182
91.68 3.2249465
91.69 3.2248987
91.7 3.224827
91.71 3.2247553
91.72 3.2246836
91.73 3.2246358
91.74 3.2245641
91.75 3.2244924
91.76 3.2244207
91.77 3.2243729
91.78 3.2243012
91.79 3.2242295
91.8 3.2241578
91.81 3.22411
91.82 3.2240383
91.83 3.2239666
91.84 3.2238949
91.85 3.2238471
91.86 3.2237754
91.87 3.2237037
91.88 3.2236559
91.89 3.2235842
91.9 3.2235125
91.91 3.2234408
91.92 3.223393
91.93 3.2233213
91.94 3.2232496
91.95 3.2232018
91.96 3.2231301
91.97 3.2230584
91.98 3.2229867
91.99 3.2229389
92.0 3.2228672
92.01 3.2227955
92.02 3.2227477
92.03 3.222676
92.04 3.2226043
92.05 3.2225565
92.06 3.2224848
92.07 3.2224131
92.08 3.2223414
92.09 3.2222936
92.1 3.2222219
92.11 3.2221502
92.12 3.2221024
92.13 3.2220307
92.14 3.221959
92.15 3.2219112
92.16 3.2218395
92.17 3.2217678
92.18 3.22172
92.19 3.2216483
92.2 3.2215766
92.21 3.2215049
92.22 3.2214571
92.23 3.2213854
92.24 3.2213137
92.25 3.2212659
92.26 3.2211942
92.27 3.2211225
92.28 3.2210747
92.29 3.221003
92.3 3.2209313
92.31 3.2208835
92.32 3.2208118
92.33 3.2207401
92.34 3.2206923
92.35 3.2206206
92.36 3.2205489
92.37 3.2205011
92.38 3.2204294
92.39 3.2203577
92.4 3.2203099
92.41 3.2202382
92.42 3.2201665
92.43 3.2201187
92.44 3.220047
92.45 3.2199753
92.46 3.2199275
92.47 3.2198558
92.48 3.2197841
92.49 3.2197363
92.5 3.2196646
92.51 3.2196168
92.52 3.2195451
92.53 3.2194734
92.54 3.2194256
92.55 3.2193539
92.56 3.2192822
92.57 3.2192344
92.58 3.2191627
92.59 3.219091
92.6 3.2190432
92.61 3.2189715
92.62 3.2188998
92.63 3.218852
92.64 3.2187803
92.65 3.2187325
92.66 3.2186608
92.67 3.2185891
92.68 3.2185413
92.69 3.2184696
92.7 3.2183979
92.71 3.2183501
92.72 3.2182784
92.73 3.2182306
92.74 3.2181589
92.75 3.2180872
92.76 3.2180394
92.77 3.2179677
92.78 3.217896
92.79 3.2178482
92.8 3.2177765
92.81 3.2177287
92.82 3.217657
92.83 3.2175853
92.84 3.2175375
92.85 3.2174658
92.86 3.217418
92.87 3.2173463
92.88 3.2172746
92.89 3.2172268
92.9 3.2171551
92.91 3.2170834
92.92 3.2170356
92.93 3.2169639
92.94 3.2169161
92.95 3.2168444
92.96 3.2167727
92.97 3.2167249
92.98 3.2166532
92.99 3.2166054
93.0 3.2165337
93.01 3.2164859
93.02 3.2164142
93.03 3.2163425
93.04 3.2162947
93.05 3.216223
93.06 3.2161752
93.07 3.2161035
93.08 3.2160318
93.09 3.215984
93.1 3.2159123
93.11 3.2158645
93.12 3.2157928
93.13 3.2157211
93.14 3.2156733
93.15 3.2156016
93.16 3.2155538
93.17 3.2154821
93.18 3.2154343
93.19 3.2153626
93.2 3.2152909
93.21 3.2152431
93.22 3.2151714
93.23 3.2151236
93.24 3.2150519
93.25 3.2150041
93.26 3.2149324
93.27 3.2148607
93.28 3.2148129
93.29 3.2147412
93.3 3.2146934
93.31 3.2146217
93.32 3.2145739
93.33 3.2145022
93.34 3.2144544
93.35 3.2143827
93.36 3.214311
93.37 3.2142632
93.38 3.2141915
93.39 3.2141437
93.4 3.214072
93.41 3.2140242
93.42 3.2139525
93.43 3.2139047
93.44 3.213833
93.45 3.2137852
93.46 3.2137135
93.47 3.2136418
93.48 3.213594
93.49 3.2135223
93.5 3.2134745
93.51 3.2134028
93.52 3.213355
93.53 3.2132833
93.54 3.2132355
93.55 3.2131638
93.56 3.213116
93.57 3.2130443
93.58 3.2129965
93.59 3.2129248
93.6 3.212877
93.61 3.2128053
93.62 3.2127336
93.63 3.2126858
93.64 3.2126141
93.65 3.2125663
93.66 3.2124946
93.67 3.2124468
93.68 3.2123751
93.69 3.2123273
93.7 3.2122556
93.71 3.2122078
93.72 3.2121361
93.73 3.2120883
93.74 3.2120166
93.75 3.2119688
93.76 3.2118971
93.77 3.2118493
93.78 3.2117776
93.79 3.2117298
93.8 3.2116581
93.81 3.2116103
93.82 3.2115386
93.83 3.2114908
93.84 3.2114191
93.85 3.2113713
93.86 3.2112996
93.87 3.2112518
93.88 3.2111801
93.89 3.2111323
93.9 3.2110606
93.91 3.2110128
93.92 3.2109411
93.93 3.2108933
93.94 3.2108216
93.95 3.2107738
93.96 3.2107021
93.97 3.2106543
93.98 3.2105826
93.99 3.2105348
94.0 3.2104631
94.01 3.2104153
94.02 3.2103436
94.03 3.2102958
94.04 3.2102241
94.05 3.2101763
94.06 3.2101046
94.07 3.2100568
94.08 3.2099851
94.09 3.2099373
94.1 3.2098656
94.11 3.2098178
94.12 3.20977
94.13 3.2096983
94.14 3.2096505
94.15 3.2095788
94.16 3.209531
94.17 3.2094593
94.18 3.2094115
94.19 3.2093398
94.2 3.209292
94.21 3.2092203
94.22 3.2091725
94.23 3.2091008
94.24 3.209053
94.25 3.2089813
94.26 3.2089335
94.27 3.2088857
94.28 3.208814
94.29 3.2087662
94.3 3.2086945
94.31 3.2086467
94.32 3.208575
94.33 3.2085272
94.34 3.2084555
94.35 3.2084077
94.36 3.2083599
94.37 3.2082882
94.38 3.2082404
94.39 3.2081687
94.4 3.2081209
94.41 3.2080492
94.42 3.2080014
94.43 3.2079297
94.44 3.2078819
94.45 3.2078341
94.46 3.2077624
94.47 3.2077146
94.48 3.2076429
94.49 3.2075951
94.5 3.2075234
94.51 3.2074756
94.52 3.2074039
94.53 3.2073561
94.54 3.2073083
94.55 3.2072366
94.56 3.2071888
94.57 3.2071171
94.58 3.2070693
94.59 3.2070215
94.6 3.2069498
94.61 3.206902
94.62 3.2068303
94.63 3.2067825
94.64 3.2067108
94.65 3.206663
94.66 3.2066152
94.67 3.2065435
94.68 3.2064957
94.69 3.206424
94.7 3.2063762
94.71 3.2063045
94.72 3.2062567
94.73 3.2062089
94.74 3.2061372
94.75 3.2060894
94.76 3.2060177
94.77 3.2059699
94.78 3.2059221
94.79 3.2058504
94.8 3.2058026
94.81 3.2057309
94.82 3.2056831
94.83 3.2056353
94.84 3.2055636
94.85 3.2055158
94.86 3.2054441
94.87 3.2053963
94.88 3.2053485
94.89 3.2052768
94.9 3.205229
94.91 3.2051573
94.92 3.2051095
94.93 3.2050617
94.94 3.20499
94.95 3.2049422
94.96 3.2048944
94.97 3.2048227
94.98 3.2047749
94.99 3.2047032
95.0 3.2046554
95.01 3.2046076
95.02 3.2045359
95.03 3.2044881
95.04 3.2044164
95.05 3.2043686
95.06 3.2043208
95.07 3.2042491
95.08 3.2042013
95.09 3.2041535
95.1 3.2040818
95.11 3.204034
95.12 3.2039623
95.13 3.2039145
95.14 3.2038667
95.15 3.203795
95.16 3.2037472
95.17 3.2036994
95.18 3.2036277
95.19 3.2035799
95.2 3.2035321
95.21 3.2034604
95.22 3.2034126
95.23 3.2033409
95.24 3.2032931
95.25 3.2032453
95.26 3.2031736
95.27 3.2031258
95.28 3.203078
95.29 3.2030063
95.3 3.2029585
95.31 3.2029107
95.32 3.202839
95.33 3.2027912
95.34 3.2027434
95.35 3.2026717
95.36 3.2026239
95.37 3.2025761
95.38 3.2025044
95.39 3.2024566
95.4 3.2024088
95.41 3.2023371
95.42 3.2022893
95.43 3.2022176
95.44 3.2021698
95.45 3.202122
95.46 3.2020503
95.47 3.2020025
95.48 3.2019547
95.49 3.201883
95.5 3.2018352
95.51 3.2017874
95.52 3.2017157
95.53 3.2016679
95.54 3.2016201
95.55 3.2015484
95.56 3.2015006
95.57 3.2014528
95.58 3.201405
95.59 3.2013333
95.6 3.2012855
95.61 3.2012377
95.62 3.201166
95.63 3.2011182
95.64 3.2010704
95.65 3.2009987
95.66 3.2009509
95.67 3.2009031
95.68 3.2008314
95.69 3.2007836
95.7 3.2007358
95.71 3.2006641
95.72 3.2006163
95.73 3.2005685
95.74 3.2004968
95.75 3.200449
95.76 3.2004012
95.77 3.2003534
95.78 3.2002817
95.79 3.2002339
95.8 3.2001861
95.81 3.2001144
95.82 3.2000666
95.83 3.2000188
95.84 3.1999471
95.85 3.1998993
95.86 3.1998515
95.87 3.1997798
95.88 3.199732
95.89 3.1996842
95.9 3.1996364
95.91 3.1995647
95.92 3.1995169
95.93 3.1994691
95.94 3.1993974
95.95 3.1993496
95.96 3.1993018
95.97 3.199254
95.98 3.1991823
95.99 3.1991345
96.0 3.1990867
96.01 3.199015
96.02 3.1989672
96.03 3.1989194
96.04 3.1988716
96.05 3.1987999
96.06 3.1987521
96.07 3.1987043
96.08 3.1986326
96.09 3.1985848
96.1 3.198537
96.11 3.1984892
96.12 3.1984175
96.13 3.1983697
96.14 3.1983219
96.15 3.1982741
96.16 3.1982024
96.17 3.1981546
96.18 3.1981068
96.19 3.1980351
96.2 3.1979873
96.21 3.1979395
96.22 3.1978917
96.23 3.19782
96.24 3.1977722
96.25 3.1977244
96.26 3.1976766
96.27 3.1976049
96.28 3.1975571
96.29 3.1975093
96.3 3.1974615
96.31 3.1973898
96.32 3.197342
96.33 3.1972942
96.34 3.1972464
96.35 3.1971747
96.36 3.1971269
96.37 3.1970791
96.38 3.1970313
96.39 3.1969596
96.4 3.1969118
96.41 3.196864
96.42 3.1968162
96.43 3.1967445
96.44 3.1966967
96.45 3.1966489
96.46 3.1966011
96.47 3.1965294
96.48 3.1964816
96.49 3.1964338
96.5 3.196386
96.51 3.1963143
96.52 3.1962665
96.53 3.1962187
96.54 3.1961709
96.55 3.1960992
96.56 3.1960514
96.57 3.1960036
96.58 3.1959558
96.59 3.1958841
96.6 3.1958363
96.61 3.1957885
96.62 3.1957407
96.63 3.1956929
96.64 3.1956212
96.65 3.1955734
96.66 3.1955256
96.67 3.1954778
96.68 3.1954061
96.69 3.1953583
96.7 3.1953105
96.71 3.1952627
96.72 3.1952149
96.73 3.1951432
96.74 3.1950954
96.75 3.1950476
96.76 3.1949998
96.77 3.1949281
96.78 3.1948803
96.79 3.1948325
96.8 3.1947847
96.81 3.1947369
96.82 3.1946652
96.83 3.1946174
96.84 3.1945696
96.85 3.1945218
96.86 3.194474
96.87 3.1944023
96.88 3.1943545
96.89 3.1943067
96.9 3.1942589
96.91 3.1942111
96.92 3.1941394
96.93 3.1940916
96.94 3.1940438
96.95 3.193996
96.96 3.1939482
96.97 3.1938765
96.98 3.1938287
96.99 3.1937809
97.0 3.1937331
97.01 3.1936853
97.02 3.1936136
97.03 3.1935658
97.04 3.193518
97.05 3.1934702
97.06 3.1934224
97.07 3.1933507
97.08 3.1933029
97.09 3.1932551
97.1 3.1932073
97.11 3.1931595
97.12 3.1930878
97.13 3.19304
97.14 3.1929922
97.15 3.1929444
97.16 3.1928966
97.17 3.1928488
97.18 3.1927771
97.19 3.1927293
97.2 3.1926815
97.21 3.1926337
97.22 3.1925859
97.23 3.1925381
97.24 3.1924664
97.25 3.1924186
97.26 3.1923708
97.27 3.192323
97.28 3.1922752
97.29 3.1922035
97.3 3.1921557
97.31 3.1921079
97.32 3.1920601
97.33 3.1920123
97.34 3.1919645
97.35 3.1918928
97.36 3.191845
97.37 3.1917972
97.38 3.1917494
97.39 3.1917016
97.4 3.1916538
97.41 3.191606
97.42 3.1915343
97.43 3.1914865
97.44 3.1914387
97.45 3.1913909
97.46 3.1913431
97.47 3.1912953
97.48 3.1912236
97.49 3.1911758
97.5 3.191128
97.51 3.1910802
97.52 3.1910324
97.53 3.1909846
97.54 3.1909368
97.55 3.1908651
97.56 3.1908173
97.57 3.1907695
97.58 3.1907217
97.59 3.1906739
97.6 3.1906261
97.61 3.1905783
97.62 3.1905066
97.63 3.1904588
97.64 3.190411
97.65 3.1903632
97.66 3.1903154
97.67 3.1902676
97.68 3.1902198
97.69 3.1901481
97.7 3.1901003
97.71 3.1900525
97.72 3.1900047
97.73 3.1899569
97.74 3.1899091
97.75 3.1898613
97.76 3.1897896
97.77 3.1897418
97.78 3.189694
97.79 3.1896462
97.8 3.1895984
97.81 3.1895506
97.82 3.1895028
97.83 3.189455
97.84 3.1893833
97.85 3.1893355
97.86 3.1892877
97.87 3.1892399
97.88 3.1891921
97.89 3.1891443
97.9 3.1890965
97.91 3.1890487
97.92 3.188977
97.93 3.1889292
97.94 3.1888814
97.95 3.1888336
97.96 3.1887858
97.97 3.188738
97.98 3.1886902
97.99 3.1886424
98.0 3.1885946
98.01 3.1885229
98.02 3.1884751
98.03 3.1884273
98.04 3.1883795
98.05 3.1883317
98.06 3.1882839
98.07 3.1882361
98.08 3.1881883
98.09 3.1881405
98.1 3.1880927
98.11 3.188021
98.12 3.1879732
98.13 3.1879254
98.14 3.1878776
98.15 3.1878298
98.16 3.187782
98.17 3.1877342
98.18 3.1876864
98.19 3.1876386
98.2 3.1875908
98.21 3.1875191
98.22 3.1874713
98.23 3.1874235
98.24 3.1873757
98.25 3.1873279
98.26 3.1872801
98.27 3.1872323
98.28 3.1871845
98.29 3.1871367
98.3 3.1870889
98.31 3.1870411
98.32 3.1869694
98.33 3.1869216
98.34 3.1868738
98.35 3.186826
98.36 3.1867782
98.37 3.1867304
98.38 3.1866826
98.39 3.1866348
98.4 3.186587
98.41 3.1865392
98.42 3.1864914
98.43 3.1864436
98.44 3.1863958
98.45 3.1863241
98.46 3.1862763
98.47 3.1862285
98.48 3.1861807
98.49 3.1861329
98.5 3.1860851
98.51 3.1860373
98.52 3.1859895
98.53 3.1859417
98.54 3.1858939
98.55 3.1858461
98.56 3.1857983
98.57 3.1857505
98.58 3.1857027
98.59 3.185631
98.6 3.1855832
98.61 3.1855354
98.62 3.1854876
98.63 3.1854398
98.64 3.185392
98.65 3.1853442
98.66 3.1852964
98.67 3.1852486
98.68 3.1852008
98.69 3.185153
98.7 3.1851052
98.71 3.1850574
98.72 3.1850096
98.73 3.1849618
98.74 3.184914
98.75 3.1848662
98.76 3.1848184
98.77 3.1847467
98.78 3.1846989
98.79 3.1846511
98.8 3.1846033
98.81 3.1845555
98.82 3.1845077
98.83 3.1844599
98.84 3.1844121
98.85 3.1843643
98.86 3.1843165
98.87 3.1842687
98.88 3.1842209
98.89 3.1841731
98.9 3.1841253
98.91 3.1840775
98.92 3.1840297
98.93 3.1839819
98.94 3.1839341
98.95 3.1838863
98.96 3.1838385
98.97 3.1837907
98.98 3.1837429
98.99 3.1836951
99.0 3.1836473
99.01 3.1835756
99.02 3.1835278
99.03 3.18348
99.04 3.1834322
99.05 3.1833844
99.06 3.1833366
99.07 3.1832888
99.08 3.183241
99.09 3.1831932
99.1 3.1831454
99.11 3.1830976
99.12 3.1830498
99.13 3.183002
99.14 3.1829542
99.15 3.1829064
99.16 3.1828586
99.17 3.1828108
99.18 3.182763
99.19 3.1827152
99.2 3.1826674
99.21 3.1826196
99.22 3.1825718
99.23 3.182524
99.24 3.1824762
99.25 3.1824284
99.26 3.1823806
99.27 3.1823328
99.28 3.182285
99.29 3.1822372
99.3 3.1821894
99.31 3.1821416
99.32 3.1820938
99.33 3.182046
99.34 3.1819982
99.35 3.1819504
99.36 3.1819026
99.37 3.1818548
99.38 3.181807
99.39 3.1817592
99.4 3.1817114
99.41 3.1816636
99.42 3.1816158
99.43 3.181568
99.44 3.1815202
99.45 3.1814724
99.46 3.1814246
99.47 3.1813768
99.48 3.181329
99.49 3.1812812
99.5 3.1812334
99.51 3.1811856
99.52 3.1811378
99.53 3.18109
99.54 3.1810422
99.55 3.1809944
99.56 3.1809466
99.57 3.1808988
99.58 3.180851
99.59 3.1808032
99.6 3.1807554
99.61 3.1807076
99.62 3.1806598
99.63 3.180612
99.64 3.1805642
99.65 3.1805164
99.66 3.1804686
99.67 3.1804208
99.68 3.180373
99.69 3.1803252
99.7 3.1802774
99.71 3.1802296
99.72 3.1801818
99.73 3.180134
99.74 3.1800862
99.75 3.1800384
99.76 3.1799906
99.77 3.1799428
99.78 3.179895
99.79 3.1798472
99.8 3.1797994
99.81 3.1797516
99.82 3.1797038
99.83 3.179656
99.84 3.1796082
99.85 3.1795604
99.86 3.1795126
99.87 3.1794887
99.88 3.1794409
99.89 3.1793931
99.9 3.1793453
99.91 3.1792975
99.92 3.1792497
99.93 3.1792019
99.94 3.1791541
99.95 3.1791063
99.96 3.1790585
99.97 3.1790107
99.98 3.1789629
99.99 3.1789151
100.0 3.1788673
100.01 3.1788195
100.02 3.1787717
100.03 3.1787239
100.04 3.1786761
100.05 3.1786283
100.06 3.1785805
100.07 3.1785327
100.08 3.1784849
100.09 3.1784371
100.1 3.1783893
100.11 3.1783415
100.12 3.1783176
100.13 3.1782698
100.14 3.178222
100.15 3.1781742
100.16 3.1781264
100.17 3.1780786
100.18 3.1780308
100.19 3.177983
100.2 3.1779352
100.21 3.1778874
100.22 3.1778396
100.23 3.1777918
100.24 3.177744
100.25 3.1776962
100.26 3.1776484
100.27 3.1776006
100.28 3.1775528
100.29 3.177505
100.3 3.1774572
100.31 3.1774333
100.32 3.1773855
100.33 3.1773377
100.34 3.1772899
100.35 3.1772421
100.36 3.1771943
100.37 3.1771465
100.38 3.1770987
100.39 3.1770509
100.4 3.1770031
100.41 3.1769553
100.42 3.1769075
100.43 3.1768597
100.44 3.1768119
100.45 3.1767641
100.46 3.1767402
100.47 3.1766924
100.48 3.1766446
100.49 3.1765968
100.5 3.176549
100.51 3.1765012
100.52 3.1764534
100.53 3.1764056
100.54 3.1763578
100.55 3.17631
100.56 3.1762622
100.57 3.1762144
100.58 3.1761666
100.59 3.1761427
100.6 3.1760949
100.61 3.1760471
100.62 3.1759993
100.63 3.1759515
100.64 3.1759037
100.65 3.1758559
100.66 3.1758081
100.67 3.1757603
100.68 3.1757125
100.69 3.1756647
100.7 3.1756169
100.71 3.175593
100.72 3.1755452
100.73 3.1754974
100.74 3.1754496
100.75 3.1754018
100.76 3.175354
100.77 3.1753062
100.78 3.1752584
100.79 3.1752106
100.8 3.1751628
100.81 3.175115
100.82 3.1750911
100.83 3.1750433
100.84 3.1749955
100.85 3.1749477
100.86 3.1748999
100.87 3.1748521
100.88 3.1748043
100.89 3.1747565
100.9 3.1747087
100.91 3.1746609
100.92 3.174637
100.93 3.1745892
100.94 3.1745414
100.95 3.1744936
100.96 3.1744458
100.97 3.174398
100.98 3.1743502
100.99 3.1743024
101.0 3.1742546
101.01 3.1742068
101.02 3.1741829
101.03 3.1741351
101.04 3.1740873
101.05 3.1740395
101.06 3.1739917
101.07 3.1739439
101.08 3.1738961
101.09 3.1738483
101.1 3.1738005
101.11 3.1737766
101.12 3.1737288
101.13 3.173681
101.14 3.1736332
101.15 3.1735854
101.16 3.1735376
101.17 3.1734898
101.18 3.173442
101.19 3.1733942
101.2 3.1733703
101.21 3.1733225
101.22 3.1732747
101.23 3.1732269
101.24 3.1731791
101.25 3.1731313
101.26 3.1730835
101.27 3.1730357
101.28 3.1730118
101.29 3.172964
101.3 3.1729162
101.31 3.1728684
101.32 3.1728206
101.33 3.1727728
101.34 3.172725
101.35 3.1726772
101.36 3.1726533
101.37 3.1726055
101.38 3.1725577
101.39 3.1725099
101.4 3.1724621
101.41 3.1724143
101.42 3.1723665
101.43 3.1723187
101.44 3.1722948
101.45 3.172247
101.46 3.1721992
101.47 3.1721514
101.48 3.1721036
101.49 3.1720558
101.5 3.172008
101.51 3.1719841
101.52 3.1719363
101.53 3.1718885
101.54 3.1718407
101.55 3.1717929
101.56 3.1717451
101.57 3.1716973
101.58 3.1716734
101.59 3.1716256
101.6 3.1715778
101.61 3.17153
101.62 3.1714822
101.63 3.1714344
101.64 3.1713866
101.65 3.1713627
101.66 3.1713149
101.67 3.1712671
101.68 3.1712193
101.69 3.1711715
101.7 3.1711237
101.71 3.1710759
101.72 3.171052
101.73 3.1710042
101.74 3.1709564
101.75 3.1709086
101.76 3.1708608
101.77 3.170813
101.78 3.1707891
101.79 3.1707413
101.8 3.1706935
101.81 3.1706457
101.82 3.1705979
101.83 3.1705501
101.84 3.1705023
101.85 3.1704784
101.86 3.1704306
101.87 3.1703828
101.88 3.170335
101.89 3.1702872
101.9 3.1702394
101.91 3.1702155
101.92 3.1701677
101.93 3.1701199
101.94 3.1700721
101.95 3.1700243
101.96 3.1699765
101.97 3.1699526
101.98 3.1699048
101.99 3.169857
102.0 3.1698092
102.01 3.1697614
102.02 3.1697136
102.03 3.1696897
102.04 3.1696419
102.05 3.1695941
102.06 3.1695463
102.07 3.1694985
102.08 3.1694507
102.09 3.1694268
102.1 3.169379
102.11 3.1693312
102.12 3.1692834
102.13 3.1692356
102.14 3.1691878
102.15 3.1691639
102.16 3.1691161
102.17 3.1690683
102.18 3.1690205
102.19 3.1689727
102.2 3.1689488
102.21 3.168901
102.22 3.1688532
102.23 3.1688054
102.24 3.1687576
102.25 3.1687098
102.26 3.1686859
102.27 3.1686381
102.28 3.1685903
102.29 3.1685425
102.3 3.1684947
102.31 3.1684708
102.32 3.168423
102.33 3.1683752
102.34 3.1683274
102.35 3.1682796
102.36 3.1682318
102.37 3.1682079
102.38 3.1681601
102.39 3.1681123
102.4 3.1680645
102.41 3.1680167
102.42 3.1679928
102.43 3.167945
102.44 3.1678972
102.45 3.1678494
102.46 3.1678016
102.47 3.1677777
102.48 3.1677299
102.49 3.1676821
102.5 3.1676343
102.51 3.1675865
102.52 3.1675626
102.53 3.1675148
102.54 3.167467
102.55 3.1674192
102.56 3.1673714
102.57 3.1673475
102.58 3.1672997
102.59 3.1672519
102.6 3.1672041
102.61 3.1671563
102.62 3.1671324
102.63 3.1670846
102.64 3.1670368
102.65 3.166989
102.66 3.1669412
102.67 3.1669173
102.68 3.1668695
102.69 3.1668217
102.7 3.1667739
102.71 3.1667261
102.72 3.1667022
102.73 3.1666544
102.74 3.1666066
102.75 3.1665588
102.76 3.166511
102.77 3.1664871
102.78 3.1664393
102.79 3.1663915
102.8 3.1663437
102.81 3.1662959
102.82 3.166272
102.83 3.1662242
102.84 3.1661764
102.85 3.1661286
102.86 3.1661047
102.87 3.1660569
102.88 3.1660091
102.89 3.1659613
102.9 3.1659135
102.91 3.1658896
102.92 3.1658418
102.93 3.165794
102.94 3.1657462
102.95 3.1657223
102.96 3.1656745
102.97 3.1656267
102.98 3.1655789
102.99 3.1655311
103.0 3.1655072
103.01 3.1654594
103.02 3.1654116
103.03 3.1653638
103.04 3.1653399
103.05 3.1652921
103.06 3.1652443
103.07 3.1651965
103.08 3.1651487
103.09 3.1651248
103.1 3.165077
103.11 3.1650292
103.12 3.1649814
103.13 3.1649575
103.14 3.1649097
103.15 3.1648619
103.16 3.1648141
103.17 3.1647663
103.18 3.1647424
103.19 3.1646946
103.2 3.1646468
103.21 3.164599
103.22 3.1645751
103.23 3.1645273
103.24 3.1644795
103.25 3.1644317
103.26 3.1644078
103.27 3.16436
103.28 3.1643122
103.29 3.1642644
103.3 3.1642405
103.31 3.1641927
103.32 3.1641449
103.33 3.1640971
103.34 3.1640732
103.35 3.1640254
103.36 3.1639776
103.37 3.1639298
103.38 3.163882
103.39 3.1638581
103.4 3.1638103
103.41 3.1637625
103.42 3.1637147
103.43 3.1636908
103.44 3.163643
103.45 3.1635952
103.46 3.1635474
103.47 3.1635235
103.48 3.1634757
103.49 3.1634279
103.5 3.1633801
103.51 3.1633562
103.52 3.1633084
103.53 3.1632606
103.54 3.1632128
103.55 3.1631889
103.56 3.1631411
103.57 3.1630933
103.58 3.1630455
103.59 3.1630216
103.6 3.1629738
103.61 3.162926
103.62 3.1628782
103.63 3.1628543
103.64 3.1628065
103.65 3.1627587
103.66 3.1627109
103.67 3.162687
103.68 3.1626392
103.69 3.1625914
103.7 3.1625675
103.71 3.1625197
103.72 3.1624719
103.73 3.1624241
103.74 3.1624002
103.75 3.1623524
103.76 3.1623046
103.77 3.1622568
103.78 3.1622329
103.79 3.1621851
103.8 3.1621373
103.81 3.1620895
103.82 3.1620656
103.83 3.1620178
103.84 3.16197
103.85 3.1619222
103.86 3.1618983
103.87 3.1618505
103.88 3.1618027
103.89 3.1617788
103.9 3.161731
103.91 3.1616832
103.92 3.1616354
103.93 3.1616115
103.94 3.1615637
103.95 3.1615159
103.96 3.1614681
103.97 3.1614442
103.98 3.1613964
103.99 3.1613486
104.0 3.1613247
104.01 3.1612769
104.02 3.1612291
104.03 3.1611813
104.04 3.1611574
104.05 3.1611096
104.06 3.1610618
104.07 3.161014
104.08 3.1609901
104.09 3.1609423
104.1 3.1608945
104.11 3.1608706
104.12 3.1608228
104.13 3.160775
104.14 3.1607272
104.15 3.1607033
104.16 3.1606555
104.17 3.1606077
104.18 3.1605838
104.19 3.160536
104.2 3.1604882
104.21 3.1604404
104.22 3.1604165
104.23 3.1603687
104.24 3.1603209
104.25 3.160297
104.26 3.1602492
104.27 3.1602014
104.28 3.1601536
104.29 3.1601297
104.3 3.1600819
104.31 3.1600341
104.32 3.1600102
104.33 3.1599624
104.34 3.1599146
104.35 3.1598668
104.36 3.1598429
104.37 3.1597951
104.38 3.1597473
104.39 3.1597234
104.4 3.1596756
104.41 3.1596278
104.42 3.15958
104.43 3.1595561
104.44 3.1595083
104.45 3.1594605
104.46 3.1594366
104.47 3.1593888
104.48 3.159341
104.49 3.1593171
104.5 3.1592693
104.51 3.1592215
104.52 3.1591737
104.53 3.1591498
104.54 3.159102
104.55 3.1590542
104.56 3.1590303
104.57 3.1589825
104.58 3.1589347
104.59 3.1589108
104.6 3.158863
104.61 3.1588152
104.62 3.1587674
104.63 3.1587435
104.64 3.1586957
104.65 3.1586479
104.66 3.158624
104.67 3.1585762
104.68 3.1585284
104.69 3.1585045
104.7 3.1584567
104.71 3.1584089
104.72 3.158385
104.73 3.1583372
104.74 3.1582894
104.75 3.1582416
104.76 3.1582177
104.77 3.1581699
104.78 3.1581221
104.79 3.1580982
104.8 3.1580504
104.81 3.1580026
104.82 3.1579787
104.83 3.1579309
104.84 3.1578831
104.85 3.1578592
104.86 3.1578114
104.87 3.1577636
104.88 3.1577397
104.89 3.1576919
104.9 3.1576441
104.91 3.1576202
104.92 3.1575724
104.93 3.1575246
104.94 3.1574768
104.95 3.1574529
104.96 3.1574051
104.97 3.1573573
104.98 3.1573334
104.99 3.1572856
105.0 3.1572378
105.01 3.1572139
105.02 3.1571661
105.03 3.1571183
105.04 3.1570944
105.05 3.1570466
105.06 3.1569988
105.07 3.1569749
105.08 3.1569271
105.09 3.1568793
105.1 3.1568554
105.11 3.1568076
105.12 3.1567598
105.13 3.1567359
105.14 3.1566881
105.15 3.1566403
105.16 3.1566164
105.17 3.1565686
105.18 3.1565208
105.19 3.1564969
105.2 3.1564491
105.21 3.1564013
105.22 3.1563774
105.23 3.1563296
105.24 3.1562818
105.25 3.1562579
105.26 3.1562101
105.27 3.1561623
105.28 3.1561384
105.29 3.1560906
105.3 3.1560428
105.31 3.1560189
105.32 3.1559711
105.33 3.1559233
105.34 3.1558994
105.35 3.1558516
105.36 3.1558038
105.37 3.1557799
105.38 3.1557321
105.39 3.1556843
105.4 3.1556604
105.41 3.1556126
105.42 3.1555648
105.43 3.1555409
105.44 3.1554931
105.45 3.1554453
105.46 3.1554214
105.47 3.1553736
105.48 3.1553258
105.49 3.1553019
105.5 3.1552541
105.51 3.1552063
105.52 3.1551824
105.53 3.1551346
105.54 3.1550868
105.55 3.1550629
105.56 3.1550151
105.57 3.1549912
105.58 3.1549434
105.59 3.1548956
105.6 3.1548717
105.61 3.1548239
105.62 3.1547761
105.63 3.1547522
105.64 3.1547044
105.65 3.1546566
105.66 3.1546327
105.67 3.1545849
105.68 3.1545371
105.69 3.1545132
105.7 3.1544654
105.71 3.1544176
105.72 3.1543937
105.73 3.1543459
105.74 3.1542981
105.75 3.1542742
105.76 3.1542264
105.77 3.1542025
105.78 3.1541547
105.79 3.1541069
105.8 3.154083
105.81 3.1540352
105.82 3.1539874
105.83 3.1539635
105.84 3.1539157
105.85 3.1538679
105.86 3.153844
105.87 3.1537962
105.88 3.1537723
105.89 3.1537245
105.9 3.1536767
105.91 3.1536528
105.92 3.153605
105.93 3.1535572
105.94 3.1535333
105.95 3.1534855
105.96 3.1534377
105.97 3.1534138
105.98 3.153366
105.99 3.1533421
106.0 3.1532943
106.01 3.1532465
106.02 3.1532226
106.03 3.1531748
106.04 3.153127
106.05 3.1531031
106.06 3.1530553
106.07 3.1530075
106.08 3.1529836
106.09 3.1529358
106.1 3.1529119
106.11 3.1528641
106.12 3.1528163
106.13 3.1527924
106.14 3.1527446
106.15 3.1526968
106.16 3.1526729
106.17 3.1526251
106.18 3.1526012
106.19 3.1525534
106.2 3.1525056
106.21 3.1524817
106.22 3.1524339
106.23 3.1523861
106.24 3.1523622
106.25 3.1523144
106.26 3.1522905
106.27 3.1522427
106.28 3.1521949
106.29 3.152171
106.3 3.1521232
106.31 3.1520754
106.32 3.1520515
106.33 3.1520037
106.34 3.1519798
106.35 3.151932
106.36 3.1518842
106.37 3.1518603
106.38 3.1518125
106.39 3.1517886
106.4 3.1517408
106.41 3.151693
106.42 3.1516691
106.43 3.1516213
106.44 3.1515735
106.45 3.1515496
106.46 3.1515018
106.47 3.1514779
106.48 3.1514301
106.49 3.1513823
106.5 3.1513584
106.51 3.1513106
106.52 3.1512867
106.53 3.1512389
106.54 3.1511911
106.55 3.1511672
106.56 3.1511194
106.57 3.1510955
106.58 3.1510477
106.59 3.1509999
106.6 3.150976
106.61 3.1509282
106.62 3.1509043
106.63 3.1508565
106.64 3.1508087
106.65 3.1507848
106.66 3.150737
106.67 3.1506892
106.68 3.1506653
106.69 3.1506175
106.7 3.1505936
106.71 3.1505458
106.72 3.150498
106.73 3.1504741
106.74 3.1504263
106.75 3.1504024
106.76 3.1503546
106.77 3.1503068
106.78 3.1502829
106.79 3.1502351
106.8 3.1502112
106.81 3.1501634
106.82 3.1501156
106.83 3.1500917
106.84 3.1500439
106.85 3.15002
106.86 3.1499722
106.87 3.1499244
106.88 3.1499005
106.89 3.1498527
106.9 3.1498288
106.91 3.149781
106.92 3.1497571
106.93 3.1497093
106.94 3.1496615
106.95 3.1496376
106.96 3.1495898
106.97 3.1495659
106.98 3.1495181
106.99 3.1494703
107.0 3.1494464
107.01 3.1493986
107.02 3.1493747
107.03 3.1493269
107.04 3.1492791
107.05 3.1492552
107.06 3.1492074
107.07 3.1491835
107.08 3.1491357
107.09 3.1491118
107.1 3.149064
107.11 3.1490162
107.12 3.1489923
107.13 3.1489445
107.14 3.1489206
107.15 3.1488728
107.16 3.148825
107.17 3.1488011
107.18 3.1487533
107.19 3.1487294
107.2 3.1486816
107.21 3.1486577
107.22 3.1486099
107.23 3.1485621
107.24 3.1485382
107.25 3.1484904
107.26 3.1484665
107.27 3.1484187
107.28 3.1483709
107.29 3.148347
107.3 3.1482992
107.31 3.1482753
107.32 3.1482275
107.33 3.1482036
107.34 3.1481558
107.35 3.148108
107.36 3.1480841
107.37 3.1480363
107.38 3.1480124
107.39 3.1479646
107.4 3.1479407
107.41 3.1478929
107.42 3.1478451
107.43 3.1478212
107.44 3.1477734
107.45 3.1477495
107.46 3.1477017
107.47 3.1476778
107.48 3.14763
107.49 3.1475822
107.5 3.1475583
107.51 3.1475105
107.52 3.1474866
107.53 3.1474388
107.54 3.1474149
107.55 3.1473671
107.56 3.1473193
107.57 3.1472954
107.58 3.1472476
107.59 3.1472237
107.6 3.1471759
107.61 3.147152
107.62 3.1471042
107.63 3.1470564
107.64 3.1470325
107.65 3.1469847
107.66 3.1469608
107.67 3.146913
107.68 3.1468891
107.69 3.1468413
107.7 3.1468174
107.71 3.1467696
107.72 3.1467218
107.73 3.1466979
107.74 3.1466501
107.75 3.1466262
107.76 3.1465784
107.77 3.1465545
107.78 3.1465067
107.79 3.1464828
107.8 3.146435
107.81 3.1463872
107.82 3.1463633
107.83 3.1463155
107.84 3.1462916
107.85 3.1462438
107.86 3.1462199
107.87 3.1461721
107.88 3.1461482
107.89 3.1461004
107.9 3.1460526
107.91 3.1460287
107.92 3.1459809
107.93 3.145957
107.94 3.1459092
107.95 3.1458853
107.96 3.1458375
107.97 3.1458136
107.98 3.1457658
107.99 3.145718
108.0 3.1456941
108.01 3.1456463
108.02 3.1456224
108.03 3.1455746
108.04 3.1455507
108.05 3.1455029
108.06 3.145479
108.07 3.1454312
108.08 3.1454073
108.09 3.1453595
108.1 3.1453117
108.11 3.1452878
108.12 3.14524
108.13 3.1452161
108.14 3.1451683
108.15 3.1451444
108.16 3.1450966
108.17 3.1450727
108.18 3.1450249
108.19 3.145001
108.2 3.1449532
108.21 3.1449293
108.22 3.1448815
108.23 3.1448337
108.24 3.1448098
108.25 3.144762
108.26 3.1447381
108.27 3.1446903
108.28 3.1446664
108.29 3.1446186
108.3 3.1445947
108.31 3.1445469
108.32 3.144523
108.33 3.1444752
108.34 3.1444513
108.35 3.1444035
108.36 3.1443557
108.37 3.1443318
108.38 3.144284
108.39 3.1442601
108.4 3.1442123
108.41 3.1441884
108.42 3.1441406
108.43 3.1441167
108.44 3.1440689
108.45 3.144045
108.46 3.1439972
108.47 3.1439733
108.48 3.1439255
108.49 3.1439016
108.5 3.1438538
108.51 3.1438299
108.52 3.1437821
108.53 3.1437343
108.54 3.1437104
108.55 3.1436626
108.56 3.1436387
108.57 3.1435909
108.58 3.143567
108.59 3.1435192
108.6 3.1434953
108.61 3.1434475
108.62 3.1434236
108.63 3.1433758
108.64 3.1433519
108.65 3.1433041
108.66 3.1432802
108.67 3.1432324
108.68 3.1432085
108.69 3.1431607
108.7 3.1431368
108.71 3.143089
108.72 3.1430651
108.73 3.1430173
108.74 3.1429934
108.75 3.1429456
108.76 3.1429217
108.77 3.1428739
108.78 3.1428261
108.79 3.1428022
108.8 3.1427544
108.81 3.1427305
108.82 3.1426827
108.83 3.1426588
108.84 3.142611
108.85 3.1425871
108.86 3.1425393
108.87 3.1425154
108.88 3.1424676
108.89 3.1424437
108.9 3.1423959
108.91 3.142372
108.92 3.1423242
108.93 3.1423003
108.94 3.1422525
108.95 3.1422286
108.96 3.1421808
108.97 3.1421569
108.98 3.1421091
108.99 3.1420852
109.0 3.1420374
109.01 3.1420135
109.02 3.1419657
109.03 3.1419418
109.04 3.141894
109.05 3.1418701
109.06 3.1418223
109.07 3.1417984
109.08 3.1417506
109.09 3.1417267
109.1 3.1416789
109.11 3.141655
109.12 3.1416072
109.13 3.1415833
109.14 3.1415355
109.15 3.1415116
109.16 3.1414638
109.17 3.1414399
109.18 3.1413921
109.19 3.1413682
109.2 3.1413204
109.21 3.1412965
109.22 3.1412487
109.23 3.1412248
109.24 3.141177
109.25 3.1411531
109.26 3.1411053
109.27 3.1410814
109.28 3.1410336
109.29 3.1410097
109.3 3.1409619
109.31 3.140938
109.32 3.1408902
109.33 3.1408663
109.34 3.1408185
109.35 3.1407946
109.36 3.1407468
109.37 3.1407229
109.38 3.1406751
109.39 3.1406512
109.4 3.1406034
109.41 3.1405795
109.42 3.1405317
109.43 3.1405078
109.44 3.14046
109.45 3.1404361
109.46 3.1403883
109.47 3.1403644
109.48 3.1403405
109.49 3.1402927
109.5 3.1402688
109.51 3.140221
109.52 3.1401971
109.53 3.1401493
109.54 3.1401254
109.55 3.1400776
109.56 3.1400537
109.57 3.1400059
109.58 3.139982
109.59 3.1399342
109.6 3.1399103
109.61 3.1398625
109.62 3.1398386
109.63 3.1397908
109.64 3.1397669
109.65 3.1397191
109.66 3.1396952
109.67 3.1396474
109.68 3.1396235
109.69 3.1395757
109.7 3.1395518
109.71 3.139504
109.72 3.1394801
109.73 3.1394562
109.74 3.1394084
109.75 3.1393845
109.76 3.1393367
109.77 3.1393128
109.78 3.139265
109.79 3.1392411
109.8 3.1391933
109.81 3.1391694
109.82 3.1391216
109.83 3.1390977
109.84 3.1390499
109.85 3.139026
109.86 3.1389782
109.87 3.1389543
109.88 3.1389065
109.89 3.1388826
109.9 3.1388587
109.91 3.1388109
109.92 3.138787
109.93 3.1387392
109.94 3.1387153
109.95 3.1386675
109.96 3.1386436
109.97 3.1385958
109.98 3.1385719
109.99 3.1385241
110.0 3.1385002
110.01 3.1384524
110.02 3.1384285
110.03 3.1384046
110.04 3.1383568
110.05 3.1383329
110.06 3.1382851
110.07 3.1382612
110.08 3.1382134
110.09 3.1381895
110.1 3.1381417
110.11 3.1381178
110.12 3.13807
110.13 3.1380461
110.14 3.1379983
110.15 3.1379744
110.16 3.1379505
110.17 3.1379027
110.18 3.1378788
110.19 3.137831
110.2 3.1378071
110.21 3.1377593
110.22 3.1377354
110.23 3.1376876
110.24 3.1376637
110.25 3.1376159
110.26 3.137592
110.27 3.1375681
110.28 3.1375203
110.29 3.1374964
110.3 3.1374486
110.31 3.1374247
110.32 3.1373769
110.33 3.137353
110.34 3.1373052
110.35 3.1372813
110.36 3.1372574
110.37 3.1372096
110.38 3.1371857
110.39 3.1371379
110.4 3.137114
110.41 3.1370662
110.42 3.1370423
110.43 3.1369945
110.44 3.1369706
110.45 3.1369467
110.46 3.1368989
110.47 3.136875
110.48 3.1368272
110.49 3.1368033
110.5 3.1367555
110.51 3.1367316
110.52 3.1366838
110.53 3.1366599
110.54 3.136636
110.55 3.1365882
110.56 3.1365643
110.57 3.1365165
110.58 3.1364926
110.59 3.1364448
110.6 3.1364209
110.61 3.136397
110.62 3.1363492
110.63 3.1363253
110.64 3.1362775
110.65 3.1362536
110.66 3.1362058
110.67 3.1361819
110.68 3.136158
110.69 3.1361102
110.7 3.1360863
110.71 3.1360385
110.72 3.1360146
110.73 3.1359668
110.74 3.1359429
110.75 3.135919
110.76 3.1358712
110.77 3.1358473
110.78 3.1357995
110.79 3.1357756
110.8 3.1357278
110.81 3.1357039
110.82 3.13568
110.83 3.1356322
110.84 3.1356083
110.85 3.1355605
110.86 3.1355366
110.87 3.1354888
110.88 3.1354649
110.89 3.135441
110.9 3.1353932
110.91 3.1353693
110.92 3.1353215
110.93 3.1352976
110.94 3.1352498
110.95 3.1352259
110.96 3.135202
110.97 3.1351542
110.98 3.1351303
110.99 3.1350825
111.0 3.1350586
111.01 3.1350347
111.02 3.1349869
111.03 3.134963
111.04 3.1349152
111.05 3.1348913
111.06 3.1348435
111.07 3.1348196
111.08 3.1347957
111.09 3.1347479
111.1 3.134724
111.11 3.1346762
111.12 3.1346523
111.13 3.1346284
111.14 3.1345806
111.15 3.1345567
111.16 3.1345089
111.17 3.134485
111.18 3.1344611
111.19 3.1344133
111.2 3.1343894
111.21 3.1343416
111.22 3.1343177
111.23 3.1342938
111.24 3.134246
111.25 3.1342221
111.26 3.1341743
111.27 3.1341504
111.28 3.1341265
111.29 3.1340787
111.3 3.1340548
111.31 3.134007
111.32 3.1339831
111.33 3.1339592
111.34 3.1339114
111.35 3.1338875
111.36 3.1338397
111.37 3.1338158
111.38 3.1337919
111.39 3.1337441
111.4 3.1337202
111.41 3.1336724
111.42 3.1336485
111.43 3.1336246
111.44 3.1335768
111.45 3.1335529
111.46 3.1335051
111.47 3.1334812
111.48 3.1334573
111.49 3.1334095
111.5 3.1333856
111.51 3.1333378
111.52 3.1333139
111.53 3.13329
111.54 3.1332422
111.55 3.1332183
111.56 3.1331705
111.57 3.1331466
111.58 3.1331227
111.59 3.1330749
111.6 3.133051
111.61 3.1330032
111.62 3.1329793
111.63 3.1329554
111.64 3.1329076
111.65 3.1328837
111.66 3.1328598
111.67 3.132812
111.68 3.1327881
111.69 3.1327403
111.7 3.1327164
111.71 3.1326925
111.72 3.1326447
111.73 3.1326208
111.74 3.1325969
111.75 3.1325491
111.76 3.1325252
111.77 3.1324774
111.78 3.1324535
111.79 3.1324296
111.8 3.1323818
111.81 3.1323579
111.82 3.1323101
111.83 3.1322862
111.84 3.1322623
111.85 3.1322145
111.86 3.1321906
111.87 3.1321667
111.88 3.1321189
111.89 3.132095
111.9 3.1320711
111.91 3.1320233
111.92 3.1319994
111.93 3.1319516
111.94 3.1319277
111.95 3.1319038
111.96 3.131856
111.97 3.1318321
111.98 3.1318082
111.99 3.1317604
112.0 3.1317365
112.01 3.1316887
112.02 3.1316648
112.03 3.1316409
112.04 3.1315931
112.05 3.1315692
112.06 3.1315453
112.07 3.1314975
112.08 3.1314736
112.09 3.1314497
112.1 3.1314019
112.11 3.131378
112.12 3.1313302
112.13 3.1313063
112.14 3.1312824
112.15 3.1312346
112.16 3.1312107
112.17 3.1311868
112.18 3.131139
112.19 3.1311151
112.2 3.1310912
112.21 3.1310434
112.22 3.1310195
112.23 3.1309956
112.24 3.1309478
112.25 3.1309239
112.26 3.1308761
112.27 3.1308522
112.28 3.1308283
112.29 3.1307805
112.3 3.1307566
112.31 3.1307327
112.32 3.1306849
112.33 3.130661
112.34 3.1306371
112.35 3.1305893
112.36 3.1305654
112.37 3.1305415
112.38 3.1304937
112.39 3.1304698
112.4 3.1304459
112.41 3.1303981
112.42 3.1303742
112.43 3.1303503
112.44 3.1303025
112.45 3.1302786
112.46 3.1302547
112.47 3.1302069
112.48 3.130183
112.49 3.1301591
112.5 3.1301113
112.51 3.1300874
112.52 3.1300396
112.53 3.1300157
112.54 3.1299918
112.55 3.129944
112.56 3.1299201
112.57 3.1298962
112.58 3.1298484
112.59 3.1298245
112.6 3.1298006
112.61 3.1297528
112.62 3.1297289
112.63 3.129705
112.64 3.1296572
112.65 3.1296333
112.66 3.1296094
112.67 3.1295616
112.68 3.1295377
112.69 3.1295138
112.7 3.129466
112.71 3.1294421
112.72 3.1294182
112.73 3.1293943
112.74 3.1293465
112.75 3.1293226
112.76 3.1292987
112.77 3.1292509
112.78 3.129227
112.79 3.1292031
112.8 3.1291553
112.81 3.1291314
112.82 3.1291075
112.83 3.1290597
112.84 3.1290358
112.85 3.1290119
112.86 3.1289641
112.87 3.1289402
112.88 3.1289163
112.89 3.1288685
112.9 3.1288446
112.91 3.1288207
112.92 3.1287729
112.93 3.128749
112.94 3.1287251
112.95 3.1286773
112.96 3.1286534
112.97 3.1286295
112.98 3.1286056
112.99 3.1285578
113.0 3.1285339
113.01 3.12851
113.02 3.1284622
113.03 3.1284383
113.04 3.1284144
113.05 3.1283666
113.06 3.1283427
113.07 3.1283188
113.08 3.128271
113.09 3.1282471
113.1 3.1282232
113.11 3.1281993
113.12 3.1281515
113.13 3.1281276
113.14 3.1281037
113.15 3.1280559
113.16 3.128032
113.17 3.1280081
113.18 3.1279603
113.19 3.1279364
113.2 3.1279125
113.21 3.1278647
113.22 3.1278408
113.23 3.1278169
113.24 3.127793
113.25 3.1277452
113.26 3.1277213
113.27 3.1276974
113.28 3.1276496
113.29 3.1276257
113.3 3.1276018
113.31 3.1275779
113.32 3.1275301
113.33 3.1275062
113.34 3.1274823
113.35 3.1274345
113.36 3.1274106
113.37 3.1273867
113.38 3.1273389
113.39 3.127315
113.4 3.1272911
113.41 3.1272672
113.42 3.1272194
113.43 3.1271955
113.44 3.1271716
113.45 3.1271238
113.46 3.1270999
113.47 3.127076
113.48 3.1270521
113.49 3.1270043
113.5 3.1269804
113.51 3.1269565
113.52 3.1269326
113.53 3.1268848
113.54 3.1268609
113.55 3.126837
113.56 3.1267892
113.57 3.1267653
113.58 3.1267414
113.59 3.1267175
113.6 3.1266697
113.61 3.1266458
113.62 3.1266219
113.63 3.1265741
113.64 3.1265502
113.65 3.1265263
113.66 3.1265024
113.67 3.1264546
113.68 3.1264307
113.69 3.1264068
113.7 3.1263829
113.71 3.1263351
113.72 3.1263112
113.73 3.1262873
113.74 3.1262395
113.75 3.1262156
113.76 3.1261917
113.77 3.1261678
113.78 3.12612
113.79 3.1260961
113.8 3.1260722
113.81 3.1260483
113.82 3.1260005
113.83 3.1259766
113.84 3.1259527
113.85 3.1259288
113.86 3.125881
113.87 3.1258571
113.88 3.1258332
113.89 3.1258093
113.9 3.1257615
113.91 3.1257376
113.92 3.1257137
113.93 3.1256898
113.94 3.125642
113.95 3.1256181
113.96 3.1255942
113.97 3.1255703
113.98 3.1255225
113.99 3.1254986
114.0 3.1254747
114.01 3.1254508
114.02 3.125403
114.03 3.1253791
114.04 3.1253552
114.05 3.1253313
114.06 3.1252835
114.07 3.1252596
114.08 3.1252357
114.09 3.1252118
114.1 3.125164
114.11 3.1251401
114.12 3.1251162
114.13 3.1250923
114.14 3.1250445
114.15 3.1250206
114.16 3.1249967
114.17 3.1249728
114.18 3.124925
114.19 3.1249011
114.2 3.1248772
114.21 3.1248533
114.22 3.1248055
114.23 3.1247816
114.24 3.1247577
114.25 3.1247338
114.26 3.124686
114.27 3.1246621
114.28 3.1246382
114.29 3.1246143
114.3 3.1245904
114.31 3.1245426
114.32 3.1245187
114.33 3.1244948
114.34 3.1244709
114.35 3.1244231
114.36 3.1243992
114.37 3.1243753
114.38 3.1243514
114.39 3.1243275
114.4 3.1242797
114.41 3.1242558
114.42 3.1242319
114.43 3.124208
114.44 3.1241602
114.45 3.1241363
114.46 3.1241124
114.47 3.1240885
114.48 3.1240646
114.49 3.1240168
114.5 3.1239929
114.51 3.123969
114.52 3.1239451
114.53 3.1238973
114.54 3.1238734
114.55 3.1238495
114.56 3.1238256
114.57 3.1238017
114.58 3.1237539
114.59 3.12373
114.6 3.1237061
114.61 3.1236822
114.62 3.1236583
114.63 3.1236105
114.64 3.1235866
114.65 3.1235627
114.66 3.1235388
114.67 3.1235149
114.68 3.1234671
114.69 3.1234432
114.7 3.1234193
114.71 3.1233954
114.72 3.1233476
114.73 3.1233237
114.74 3.1232998
114.75 3.1232759
114.76 3.123252
114.77 3.1232042
114.78 3.1231803
114.79 3.1231564
114.8 3.1231325
114.81 3.1231086
114.82 3.1230847
114.83 3.1230369
114.84 3.123013
114.85 3.1229891
114.86 3.1229652
114.87 3.1229413
114.88 3.1228935
114.89 3.1228696
114.9 3.1228457
114.91 3.1228218
114.92 3.1227979
114.93 3.1227501
114.94 3.1227262
114.95 3.1227023
114.96 3.1226784
114.97 3.1226545
114.98 3.1226067
114.99 3.1225828
115.0 3.1225589
115.01 3.122535
115.02 3.1225111
115.03 3.1224872
115.04 3.1224394
115.05 3.1224155
115.06 3.1223916
115.07 3.1223677
115.08 3.1223438
115.09 3.1223199
115.1 3.1222721
115.11 3.1222482
115.12 3.1222243
115.13 3.1222004
115.14 3.1221765
115.15 3.1221287
115.16 3.1221048
115.17 3.1220809
115.18 3.122057
115.19 3.1220331
115.2 3.1220092
115.21 3.1219614
115.22 3.1219375
115.23 3.1219136
115.24 3.1218897
115.25 3.1218658
115.26 3.1218419
115.27 3.121818
115.28 3.1217702
115.29 3.1217463
115.3 3.1217224
115.31 3.1216985
115.32 3.1216746
115.33 3.1216507
115.34 3.1216029
115.35 3.121579
115.36 3.1215551
115.37 3.1215312
115.38 3.1215073
115.39 3.1214834
115.4 3.1214356
115.41 3.1214117
115.42 3.1213878
115.43 3.1213639
115.44 3.12134
115.45 3.1213161
115.46 3.1212922
115.47 3.1212444
115.48 3.1212205
115.49 3.1211966
115.5 3.1211727
115.51 3.1211488
115.52 3.1211249
115.53 3.121101
115.54 3.1210532
115.55 3.1210293
115.56 3.1210054
115.57 3.1209815
115.58 3.1209576
115.59 3.1209337
115.6 3.1209098
115.61 3.120862
115.62 3.1208381
115.63 3.1208142
115.64 3.1207903
115.65 3.1207664
115.66 3.1207425
115.67 3.1207186
115.68 3.1206947
115.69 3.1206469
115.7 3.120623
115.71 3.1205991
115.72 3.1205752
115.73 3.1205513
115.74 3.1205274
115.75 3.1205035
115.76 3.1204796
115.77 3.1204318
115.78 3.1204079
115.79 3.120384
115.8 3.1203601
115.81 3.1203362
115.82 3.1203123
115.83 3.1202884
115.84 3.1202645
115.85 3.1202167
115.86 3.1201928
115.87 3.1201689
115.88 3.120145
115.89 3.1201211
115.9 3.1200972
115.91 3.1200733
115.92 3.1200494
115.93 3.1200255
115.94 3.1199777
115.95 3.1199538
115.96 3.1199299
115.97 3.119906
115.98 3.1198821
115.99 3.1198582
116.0 3.1198343
116.01 3.1198104
116.02 3.1197865
116.03 3.1197626
116.04 3.1197148
116.05 3.1196909
116.06 3.119667
116.07 3.1196431
116.08 3.1196192
116.09 3.1195953
116.1 3.1195714
116.11 3.1195475
116.12 3.1195236
116.13 3.1194997
116.14 3.1194519
116.15 3.119428
116.16 3.1194041
116.17 3.1193802
116.18 3.1193563
116.19 3.1193324
116.2 3.1193085
116.21 3.1192846
116.22 3.1192607
116.23 3.1192368
116.24 3.1192129
116.25 3.119189
116.26 3.1191412
116.27 3.1191173
116.28 3.1190934
116.29 3.1190695
116.3 3.1190456
116.31 3.1190217
116.32 3.1189978
116.33 3.1189739
116.34 3.11895
116.35 3.1189261
116.36 3.1189022
116.37 3.1188783
116.38 3.1188544
116.39 3.1188066
116.4 3.1187827
116.41 3.1187588
116.42 3.1187349
116.43 3.118711
116.44 3.1186871
116.45 3.1186632
116.46 3.1186393
116.47 3.1186154
116.48 3.1185915
116.49 3.1185676
116.5 3.1185437
116.51 3.1185198
116.52 3.1184959
116.53 3.118472
116.54 3.1184481
116.55 3.1184003
116.56 3.1183764
116.57 3.1183525
116.58 3.1183286
116.59 3.1183047
116.6 3.1182808
116.61 3.1182569
116.62 3.118233
116.63 3.1182091
116.64 3.1181852
116.65 3.1181613
116.66 3.1181374
116.67 3.1181135
116.68 3.1180896
116.69 3.1180657
116.7 3.1180418
116.71 3.1180179
116.72 3.117994
116.73 3.1179701
116.74 3.1179462
116.75 3.1179223
116.76 3.1178745
116.77 3.1178506
116.78 3.1178267
116.79 3.1178028
116.8 3.1177789
116.81 3.117755
116.82 3.1177311
116.83 3.1177072
116.84 3.1176833
116.85 3.1176594
116.86 3.1176355
116.87 3.1176116
116.88 3.1175877
116.89 3.1175638
116.9 3.1175399
116.91 3.117516
116.92 3.1174921
116.93 3.1174682
116.94 3.1174443
116.95 3.1174204
116.96 3.1173965
116.97 3.1173726
116.98 3.1173487
116.99 3.1173248
117.0 3.1173009
117.01 3.117277
117.02 3.1172531
117.03 3.1172292
117.04 3.1172053
117.05 3.1171814
117.06 3.1171575
117.07 3.1171336
117.08 3.1171097
117.09 3.1170858
117.1 3.1170619
117.11 3.117038
117.12 3.1170141
117.13 3.1169902
117.14 3.1169663
117.15 3.1169424
117.16 3.1169185
117.17 3.1168946
117.18 3.1168707
117.19 3.1168468
117.2 3.1168229
117.21 3.116799
117.22 3.1167751
117.23 3.1167512
117.24 3.1167273
117.25 3.1167034
117.26 3.1166795
117.27 3.1166556
117.28 3.1166317
117.29 3.1166078
117.3 3.1165839
117.31 3.11656
117.32 3.1165361
117.33 3.1165122
117.34 3.1164883
117.35 3.1164644
117.36 3.1164405
117.37 3.1164166
117.38 3.1163927
117.39 3.1163688
117.4 3.1163449
117.41 3.116321
117.42 3.1162971
117.43 3.1162732
117.44 3.1162493
117.45 3.1162254
117.46 3.1162015
117.47 3.1161776
117.48 3.1161537
117.49 3.1161298
117.5 3.1161059
117.51 3.116082
117.52 3.1160581
117.53 3.1160342
117.54 3.1160103
117.55 3.1159864
117.56 3.1159864
117.57 3.1159625
117.58 3.1159386
117.59 3.1159147
117.6 3.1158908
117.61 3.1158669
117.62 3.115843
117.63 3.1158191
117.64 3.1157952
117.65 3.1157713
117.66 3.1157474
117.67 3.1157235
117.68 3.1156996
117.69 3.1156757
117.7 3.1156518
117.71 3.1156279
117.72 3.115604
117.73 3.1155801
117.74 3.1155562
117.75 3.1155323
117.76 3.1155323
117.77 3.1155084
117.78 3.1154845
117.79 3.1154606
117.8 3.1154367
117.81 3.1154128
117.82 3.1153889
117.83 3.115365
117.84 3.1153411
117.85 3.1153172
117.86 3.1152933
117.87 3.1152694
117.88 3.1152455
117.89 3.1152216
117.9 3.1151977
117.91 3.1151977
117.92 3.1151738
117.93 3.1151499
117.94 3.115126
117.95 3.1151021
117.96 3.1150782
117.97 3.1150543
117.98 3.1150304
117.99 3.1150065
118.0 3.1149826
118.01 3.1149587
118.02 3.1149348
118.03 3.1149348
118.04 3.1149109
118.05 3.114887
118.06 3.1148631
118.07 3.1148392
118.08 3.1148153
118.09 3.1147914
118.1 3.1147675
118.11 3.1147436
118.12 3.1147197
118.13 3.1146958
118.14 3.1146958
118.15 3.1146719
118.16 3.114648
118.17 3.1146241
118.18 3.1146002
118.19 3.1145763
118.2 3.1145524
118.21 3.1145285
118.22 3.1145046
118.23 3.1145046
118.24 3.1144807
118.25 3.1144568
118.26 3.1144329
118.27 3.114409
118.28 3.1143851
118.29 3.1143612
118.3 3.1143373
118.31 3.1143134
118.32 3.1143134
118.33 3.1142895
118.34 3.1142656
118.35 3.1142417
118.36 3.1142178
118.37 3.1141939
118.38 3.11417
118.39 3.1141461
118.4 3.1141461
118.41 3.1141222
118.42 3.1140983
118.43 3.1140744
118.44 3.1140505
118.45 3.1140266
118.46 3.1140027
118.47 3.1139788
118.48 3.1139788
118.49 3.1139549
118.5 3.113931
118.51 3.1139071
118.52 3.1138832
118.53 3.1138593
118.54 3.1138354
118.55 3.1138354
118.56 3.1138115
118.57 3.1137876
118.58 3.1137637
118.59 3.1137398
118.6 3.1137159
118.61 3.1137159
118.62 3.113692
118.63 3.1136681
118.64 3.1136442
118.65 3.1136203
118.66 3.1135964
118.67 3.1135725
118.68 3.1135725
118.69 3.1135486
118.7 3.1135247
118.71 3.1135008
118.72 3.1134769
118.73 3.113453
118.74 3.113453
118.75 3.1134291
118.76 3.1134052
118.77 3.1133813
118.78 3.1133574
118.79 3.1133335
118.8 3.1133335
118.81 3.1133096
118.82 3.1132857
118.83 3.1132618
118.84 3.1132379
118.85 3.113214
118.86 3.113214
118.87 3.1131901
118.88 3.1131662
118.89 3.1131423
118.9 3.1131184
118.91 3.1131184
118.92 3.1130945
118.93 3.1130706
118.94 3.1130467
118.95 3.1130228
118.96 3.1130228
118.97 3.1129989
118.98 3.112975
118.99 3.1129511
119.0 3.1129272
119.01 3.1129272
119.02 3.1129033
119.03 3.1128794
119.04 3.1128555
119.05 3.1128316
119.06 3.1128316
119.07 3.1128077
119.08 3.1127838
119.09 3.1127599
119.1 3.112736
119.11 3.112736
119.12 3.1127121
119.13 3.1126882
119.14 3.1126643
119.15 3.1126404
119.16 3.1126404
119.17 3.1126165
119.18 3.1125926
119.19 3.1125687
119.2 3.1125687
119.21 3.1125448
119.22 3.1125209
119.23 3.112497
119.24 3.1124731
119.25 3.1124731
119.26 3.1124492
119.27 3.1124253
119.28 3.1124014
119.29 3.1124014
119.3 3.1123775
119.31 3.1123536
119.32 3.1123297
119.33 3.1123297
119.34 3.1123058
119.35 3.1122819
119.36 3.112258
119.37 3.1122341
119.38 3.1122341
119.39 3.1122102
119.4 3.1121863
119.41 3.1121624
119.42 3.1121624
119.43 3.1121385
119.44 3.1121146
119.45 3.1120907
119.46 3.1120907
119.47 3.1120668
119.48 3.1120429
119.49 3.112019
119.5 3.112019
119.51 3.1119951
119.52 3.1119712
119.53 3.1119712
119.54 3.1119473
119.55 3.1119234
119.56 3.1118995
119.57 3.1118995
119.58 3.1118756
119.59 3.1118517
119.6 3.1118278
119.61 3.1118278
119.62 3.1118039
119.63 3.11178
119.64 3.11178
119.65 3.1117561
119.66 3.1117322
119.67 3.1117083
119.68 3.1117083
119.69 3.1116844
119.7 3.1116605
119.71 3.1116366
119.72 3.1116366
119.73 3.1116127
119.74 3.1115888
119.75 3.1115888
119.76 3.1115649
119.77 3.111541
119.78 3.111541
119.79 3.1115171
119.8 3.1114932
119.81 3.1114693
119.82 3.1114693
119.83 3.1114454
119.84 3.1114215
119.85 3.1114215
119.86 3.1113976
119.87 3.1113737
119.88 3.1113737
119.89 3.1113498
119.9 3.1113259
119.91 3.111302
119.92 3.111302
119.93 3.1112781
119.94 3.1112542
119.95 3.1112542
119.96 3.1112303
119.97 3.1112064
119.98 3.1112064
119.99 3.1111825
120.0 3.1111586
120.01 3.1111586
120.02 3.1111347
120.03 3.1111108
120.04 3.1111108
120.05 3.1110869
120.06 3.111063
120.07 3.111063
120.08 3.1110391
120.09 3.1110152
120.1 3.1110152
120.11 3.1109913
120.12 3.1109674
120.13 3.1109674
120.14 3.1109435
120.15 3.1109196
120.16 3.1109196
120.17 3.1108957
120.18 3.1108718
120.19 3.1108718
120.2 3.1108479
120.21 3.110824
120.22 3.110824
120.23 3.1108001
120.24 3.1108001
120.25 3.1107762
120.26 3.1107523
120.27 3.1107523
120.28 3.1107284
120.29 3.1107045
120.3 3.1107045
120.31 3.1106806
120.32 3.1106567
120.33 3.1106567
120.34 3.1106328
120.35 3.1106328
120.36 3.1106089
120.37 3.110585
120.38 3.110585
120.39 3.1105611
120.4 3.1105372
120.41 3.1105372
120.42 3.1105133
120.43 3.1105133
120.44 3.1104894
120.45 3.1104655
120.46 3.1104655
120.47 3.1104416
120.48 3.1104177
120.49 3.1104177
120.5 3.1103938
120.51 3.1103938
120.52 3.1103699
120.53 3.110346
120.54 3.110346
120.55 3.1103221
120.56 3.1103221
120.57 3.1102982
120.58 3.1102743
120.59 3.1102743
120.6 3.1102504
120.61 3.1102504
120.62 3.1102265
120.63 3.1102026
120.64 3.1102026
120.65 3.1101787
120.66 3.1101787
120.67 3.1101548
120.68 3.1101548
120.69 3.1101309
120.7 3.110107
120.71 3.110107
120.72 3.1100831
120.73 3.1100831
120.74 3.1100592
120.75 3.1100592
120.76 3.1100353
120.77 3.1100114
120.78 3.1100114
120.79 3.1099875
120.8 3.1099875
120.81 3.1099636
120.82 3.1099636
120.83 3.1099397
120.84 3.1099158
120.85 3.1099158
120.86 3.1098919
120.87 3.1098919
120.88 3.109868
120.89 3.109868
120.9 3.1098441
120.91 3.1098441
120.92 3.1098202
120.93 3.1098202
120.94 3.1097963
120.95 3.1097724
120.96 3.1097724
120.97 3.1097485
120.98 3.1097485
120.99 3.1097246
121.0 3.1097246
121.01 3.1097007
121.02 3.1097007
121.03 3.1096768
121.04 3.1096768
121.05 3.1096529
121.06 3.1096529
121.07 3.109629
121.08 3.109629
121.09 3.1096051
121.1 3.1095812
121.11 3.1095812
121.12 3.1095573
121.13 3.1095573
121.14 3.1095334
121.15 3.1095334
121.16 3.1095095
121.17 3.1095095
121.18 3.1094856
121.19 3.1094856
121.2 3.1094617
121.21 3.1094617
121.22 3.1094378
121.23 3.1094378
121.24 3.1094139
121.25 3.1094139
121.26 3.10939
121.27 3.10939
121.28 3.1093661
121.29 3.1093661
121.3 3.1093422
121.31 3.1093422
121.32 3.1093183
121.33 3.1093183
121.34 3.1092944
121.35 3.1092944
121.36 3.1092705
121.37 3.1092705
121.38 3.1092705
121.39 3.1092466
121.4 3.1092466
121.41 3.1092227
121.42 3.1092227
121.43 3.1091988
121.44 3.1091988
121.45 3.1091749
121.46 3.1091749
121.47 3.109151
121.48 3.109151
121.49 3.1091271
121.5 3.1091271
121.51 3.1091032
121.52 3.1091032
121.53 3.1091032
121.54 3.1090793
121.55 3.1090793
121.56 3.1090554
121.57 3.1090554
121.58 3.1090315
121.59 3.1090315
121.6 3.1090076
121.61 3.1090076
121.62 3.1090076
121.63 3.1089837
121.64 3.1089837
121.65 3.1089598
121.66 3.1089598
121.67 3.1089359
121.68 3.1089359
121.69 3.1089359
121.7 3.108912
121.71 3.108912
121.72 3.1088881
121.73 3.1088881
121.74 3.1088642
121.75 3.1088642
121.76 3.1088642
121.77 3.1088403
121.78 3.1088403
121.79 3.1088164
121.8 3.1088164
121.81 3.1088164
121.82 3.1087925
121.83 3.1087925
121.84 3.1087686
121.85 3.1087686
121.86 3.1087447
121.87 3.1087447
121.88 3.1087447
121.89 3.1087208
121.9 3.1087208
121.91 3.1087208
121.92 3.1086969
121.93 3.1086969
121.94 3.108673
121.95 3.108673
121.96 3.108673
121.97 3.1086491
121.98 3.1086491
121.99 3.1086252
122.0 3.1086252
122.01 3.1086252
122.02 3.1086013
122.03 3.1086013
122.04 3.1086013
122.05 3.1085774
122.06 3.1085774
122.07 3.1085535
122.08 3.1085535
122.09 3.1085535
122.1 3.1085296
122.11 3.1085296
122.12 3.1085296
122.13 3.1085057
122.14 3.1085057
122.15 3.1085057
122.16 3.1084818
122.17 3.1084818
122.18 3.1084818
122.19 3.1084579
122.2 3.1084579
122.21 3.1084579
122.22 3.108434
122.23 3.108434
122.24 3.1084101
122.25 3.1084101
122.26 3.1084101
122.27 3.1083862
122.28 3.1083862
122.29 3.1083862
122.3 3.1083862
122.31 3.1083623
122.32 3.1083623
122.33 3.1083623
122.34 3.1083384
122.35 3.1083384
122.36 3.1083384
122.37 3.1083145
122.38 3.1083145
122.39 3.1083145
122.4 3.1082906
122.41 3.1082906
122.42 3.1082906
122.43 3.1082667
122.44 3.1082667
122.45 3.1082667
122.46 3.1082667
122.47 3.1082428
122.48 3.1082428
122.49 3.1082428
122.5 3.1082189
122.51 3.1082189
122.52 3.1082189
122.53 3.108195
122.54 3.108195
122.55 3.108195
122.56 3.108195
122.57 3.1081711
122.58 3.1081711
122.59 3.1081711
122.6 3.1081472
122.61 3.1081472
122.62 3.1081472
122.63 3.1081472
122.64 3.1081233
122.65 3.1081233
122.66 3.1081233
122.67 3.1081233
122.68 3.1080994
122.69 3.1080994
122.7 3.1080994
122.71 3.1080994
122.72 3.1080755
122.73 3.1080755
122.74 3.1080755
122.75 3.1080755
122.76 3.1080516
122.77 3.1080516
122.78 3.1080516
122.79 3.1080516
122.8 3.1080277
122.81 3.1080277
122.82 3.1080277
122.83 3.1080277
122.84 3.1080038
122.85 3.1080038
122.86 3.1080038
122.87 3.1080038
122.88 3.1080038
122.89 3.1079799
122.9 3.1079799
122.91 3.1079799
122.92 3.1079799
122.93 3.107956
122.94 3.107956
122.95 3.107956
122.96 3.107956
122.97 3.107956
122.98 3.1079321
122.99 3.1079321
123.0 3.1079321
123.01 3.1079321
123.02 3.1079321
123.03 3.1079082
123.04 3.1079082
123.05 3.1079082
123.06 3.1079082
123.07 3.1079082
123.08 3.1078843
123.09 3.1078843
123.1 3.1078843
123.11 3.1078843
123.12 3.1078843
123.13 3.1078604
123.14 3.1078604
123.15 3.1078604
123.16 3.1078604
123.17 3.1078604
123.18 3.1078604
123.19 3.1078365
123.2 3.1078365
123.21 3.1078365
123.22 3.1078365
123.23 3.1078365
123.24 3.1078365
123.25 3.1078126
123.26 3.1078126
123.27 3.1078126
123.28 3.1078126
123.29 3.1078126
123.3 3.1078126
123.31 3.1078126
123.32 3.1077887
123.33 3.1077887
123.34 3.1077887
123.35 3.1077887
123.36 3.1077887
123.37 3.1077887
123.38 3.1077887
123.39 3.1077648
123.4 3.1077648
123.41 3.1077648
123.42 3.1077648
123.43 3.1077648
123.44 3.1077648
123.45 3.1077648
123.46 3.1077648
123.47 3.1077409
123.48 3.1077409
123.49 3.1077409
123.5 3.1077409
123.51 3.1077409
123.52 3.1077409
123.53 3.1077409
123.54 3.1077409
123.55 3.1077409
123.56 3.107717
123.57 3.107717
123.58 3.107717
123.59 3.107717
123.6 3.107717
123.61 3.107717
123.62 3.107717
123.63 3.107717
123.64 3.107717
123.65 3.107717
123.66 3.107717
123.67 3.107717
123.68 3.1076931
123.69 3.1076931
123.7 3.1076931
123.71 3.1076931
123.72 3.1076931
123.73 3.1076931
123.74 3.1076931
123.75 3.1076931
123.76 3.1076931
123.77 3.1076931
123.78 3.1076931
123.79 3.1076931
123.8 3.1076931
123.81 3.1076931
123.82 3.1076931
123.83 3.1076931
123.84 3.1076931
123.85 3.1076692
123.86 3.1076692
123.87 3.1076692
123.88 3.1076692
123.89 3.1076692
123.9 3.1076692
123.91 3.1076692
123.92 3.1076692
123.93 3.1076692
123.94 3.1076692
123.95 3.1076692
123.96 3.1076692
123.97 3.1076692
123.98 3.1076692
123.99 3.1076692
124.0 3.1076692
124.01 3.1076692
124.02 3.1076692
124.03 3.1076692
124.04 3.1076692
124.05 3.1076692
124.06 3.1076692
124.07 3.1076692
124.08 3.1076692
124.09 3.1076692
124.1 3.1076692
124.11 3.1076692
124.12 3.1076692
124.13 3.1076692
124.14 3.1076692
124.15 3.1076692
124.16 3.1076692
124.17 3.1076692
124.18 3.1076692
124.19 3.1076692
124.2 3.1076692
124.21 3.1076692
124.22 3.1076692
124.23 3.1076692
124.24 3.1076692
124.25 3.1076692
124.26 3.1076692
124.27 3.1076692
124.28 3.1076931
124.29 3.1076931
124.3 3.1076931
124.31 3.1076931
124.32 3.1076931
124.33 3.1076931
124.34 3.1076931
124.35 3.1076931
124.36 3.1076931
124.37 3.1076931
124.38 3.1076931
124.39 3.1076931
124.4 3.1076931
124.41 3.1076931
124.42 3.1076931
124.43 3.1076931
124.44 3.107717
124.45 3.107717
124.46 3.107717
124.47 3.107717
124.48 3.107717
124.49 3.107717
124.5 3.107717
124.51 3.107717
124.52 3.107717
124.53 3.107717
124.54 3.107717
124.55 3.107717
124.56 3.1077409
124.57 3.1077409
124.58 3.1077409
124.59 3.1077409
124.6 3.1077409
124.61 3.1077409
124.62 3.1077409
124.63 3.1077409
124.64 3.1077409
124.65 3.1077648
124.66 3.1077648
124.67 3.1077648
124.68 3.1077648
124.69 3.1077648
124.7 3.1077648
124.71 3.1077648
124.72 3.1077887
124.73 3.1077887
124.74 3.1077887
124.75 3.1077887
124.76 3.1077887
124.77 3.1077887
124.78 3.1077887
124.79 3.1078126
124.8 3.1078126
124.81 3.1078126
124.82 3.1078126
124.83 3.1078126
124.84 3.1078126
124.85 3.1078126
124.86 3.1078365
124.87 3.1078365
124.88 3.1078365
124.89 3.1078365
124.9 3.1078365
124.91 3.1078365
124.92 3.1078604
124.93 3.1078604
124.94 3.1078604
124.95 3.1078604
124.96 3.1078604
124.97 3.1078843
124.98 3.1078843
124.99 3.1078843
125.0 3.1078843
125.01 3.1078843
125.02 3.1079082
125.03 3.1079082
125.04 3.1079082
125.05 3.1079082
125.06 3.1079082
125.07 3.1079321
125.08 3.1079321
125.09 3.1079321
125.1 3.1079321
125.11 3.1079321
125.12 3.107956
125.13 3.107956
125.14 3.107956
125.15 3.107956
125.16 3.1079799
125.17 3.1079799
125.18 3.1079799
125.19 3.1079799
125.2 3.1080038
125.21 3.1080038
125.22 3.1080038
125.23 3.1080038
125.24 3.1080277
125.25 3.1080277
125.26 3.1080277
125.27 3.1080277
125.28 3.1080516
125.29 3.1080516
125.3 3.1080516
125.31 3.1080516
125.32 3.1080755
125.33 3.1080755
125.34 3.1080755
125.35 3.1080755
125.36 3.1080994
125.37 3.1080994
125.38 3.1080994
125.39 3.1081233
125.4 3.1081233
125.41 3.1081233
125.42 3.1081233
125.43 3.1081472
125.44 3.1081472
125.45 3.1081472
125.46 3.1081711
125.47 3.1081711
125.48 3.1081711
125.49 3.1081711
125.5 3.108195
125.51 3.108195
125.52 3.108195
125.53 3.1082189
125.54 3.1082189
125.55 3.1082189
125.56 3.1082428
125.57 3.1082428
125.58 3.1082428
125.59 3.1082667
125.6 3.1082667
125.61 3.1082667
125.62 3.1082906
125.63 3.1082906
125.64 3.1082906
125.65 3.1083145
125.66 3.1083145
125.67 3.1083145
125.68 3.1083384
125.69 3.1083384
125.7 3.1083384
125.71 3.1083623
125.72 3.1083623
125.73 3.1083623
125.74 3.1083862
125.75 3.1083862
125.76 3.1084101
125.77 3.1084101
125.78 3.1084101
125.79 3.108434
125.8 3.108434
125.81 3.108434
125.82 3.1084579
125.83 3.1084579
125.84 3.1084818
125.85 3.1084818
125.86 3.1084818
125.87 3.1085057
125.88 3.1085057
125.89 3.1085296
125.9 3.1085296
125.91 3.1085296
125.92 3.1085535
125.93 3.1085535
125.94 3.1085774
125.95 3.1085774
125.96 3.1085774
125.97 3.1086013
125.98 3.1086013
125.99 3.1086252
126.0 3.1086252
126.01 3.1086491
126.02 3.1086491
126.03 3.1086491
126.04 3.108673
126.05 3.108673
126.06 3.1086969
126.07 3.1086969
126.08 3.1087208
126.09 3.1087208
126.1 3.1087208
126.11 3.1087447
126.12 3.1087447
126.13 3.1087686
126.14 3.1087686
126.15 3.1087925
126.16 3.1087925
126.17 3.1088164
126.18 3.1088164
126.19 3.1088403
126.2 3.1088403
126.21 3.1088642
126.22 3.1088642
126.23 3.1088642
126.24 3.1088881
126.25 3.1088881
126.26 3.108912
126.27 3.108912
126.28 3.1089359
126.29 3.1089359
126.3 3.1089598
126.31 3.1089598
126.32 3.1089837
126.33 3.1089837
126.34 3.1090076
126.35 3.1090076
126.36 3.1090315
126.37 3.1090315
126.38 3.1090554
126.39 3.1090554
126.4 3.1090793
126.41 3.1090793
126.42 3.1091032
126.43 3.1091271
126.44 3.1091271
126.45 3.109151
126.46 3.109151
126.47 3.1091749
126.48 3.1091749
126.49 3.1091988
126.5 3.1091988
126.51 3.1092227
126.52 3.1092227
126.53 3.1092466
126.54 3.1092466
126.55 3.1092705
126.56 3.1092944
126.57 3.1092944
126.58 3.1093183
126.59 3.1093183
126.6 3.1093422
126.61 3.1093422
126.62 3.1093661
126.63 3.10939
126.64 3.10939
126.65 3.1094139
126.66 3.1094139
126.67 3.1094378
126.68 3.1094378
126.69 3.1094617
126.7 3.1094856
126.71 3.1094856
126.72 3.1095095
126.73 3.1095095
126.74 3.1095334
126.75 3.1095573
126.76 3.1095573
126.77 3.1095812
126.78 3.1095812
126.79 3.1096051
126.8 3.109629
126.81 3.109629
126.82 3.1096529
126.83 3.1096768
126.84 3.1096768
126.85 3.1097007
126.86 3.1097007
126.87 3.1097246
126.88 3.1097485
126.89 3.1097485
126.9 3.1097724
126.91 3.1097963
126.92 3.1097963
126.93 3.1098202
126.94 3.1098441
126.95 3.1098441
126.96 3.109868
126.97 3.1098919
126.98 3.1098919
126.99 3.1099158
127.0 3.1099397
127.01 3.1099397
127.02 3.1099636
127.03 3.1099875
127.04 3.1099875
127.05 3.1100114
127.06 3.1100353
127.07 3.1100353
127.08 3.1100592
127.09 3.1100831
127.1 3.1100831
127.11 3.110107
127.12 3.1101309
127.13 3.1101309
127.14 3.1101548
127.15 3.1101787
127.16 3.1102026
127.17 3.1102026
127.18 3.1102265
127.19 3.1102504
127.2 3.1102504
127.21 3.1102743
127.22 3.1102982
127.23 3.1103221
127.24 3.1103221
127.25 3.110346
127.26 3.1103699
127.27 3.1103938
127.28 3.1103938
127.29 3.1104177
127.3 3.1104416
127.31 3.1104655
127.32 3.1104655
127.33 3.1104894
127.34 3.1105133
127.35 3.1105372
127.36 3.1105372
127.37 3.1105611
127.38 3.110585
127.39 3.1106089
127.4 3.1106089
127.41 3.1106328
127.42 3.1106567
127.43 3.1106806
127.44 3.1107045
127.45 3.1107045
127.46 3.1107284
127.47 3.1107523
127.48 3.1107762
127.49 3.1107762
127.5 3.1108001
127.51 3.110824
127.52 3.1108479
127.53 3.1108718
127.54 3.1108718
127.55 3.1108957
127.56 3.1109196
127.57 3.1109435
127.58 3.1109674
127.59 3.1109913
127.6 3.1109913
127.61 3.1110152
127.62 3.1110391
127.63 3.111063
127.64 3.1110869
127.65 3.1111108
127.66 3.1111108
127.67 3.1111347
127.68 3.1111586
127.69 3.1111825
127.7 3.1112064
127.71 3.1112303
127.72 3.1112303
127.73 3.1112542
127.74 3.1112781
127.75 3.111302
127.76 3.1113259
127.77 3.1113498
127.78 3.1113737
127.79 3.1113976
127.8 3.1113976
127.81 3.1114215
127.82 3.1114454
127.83 3.1114693
127.84 3.1114932
127.85 3.1115171
127.86 3.111541
127.87 3.1115649
127.88 3.1115649
127.89 3.1115888
127.9 3.1116127
127.91 3.1116366
127.92 3.1116605
127.93 3.1116844
127.94 3.1117083
127.95 3.1117322
127.96 3.1117561
127.97 3.11178
127.98 3.1118039
127.99 3.1118278
128.0 3.1118278
128.01 3.1118517
128.02 3.1118756
128.03 3.1118995
128.04 3.1119234
128.05 3.1119473
128.06 3.1119712
128.07 3.1119951
128.08 3.112019
128.09 3.1120429
128.1 3.1120668
128.11 3.1120907
128.12 3.1121146
128.13 3.1121385
128.14 3.1121624
128.15 3.1121863
128.16 3.1122102
128.17 3.1122341
128.18 3.112258
128.19 3.1122819
128.2 3.1123058
128.21 3.1123297
128.22 3.1123536
128.23 3.1123775
128.24 3.1124014
128.25 3.1124253
128.26 3.1124492
128.27 3.1124731
128.28 3.112497
128.29 3.1125209
128.3 3.1125448
128.31 3.1125687
128.32 3.1125926
128.33 3.1126165
128.34 3.1126404
128.35 3.1126643
128.36 3.1126882
128.37 3.1127121
128.38 3.112736
128.39 3.1127599
128.4 3.1127838
128.41 3.1128077
128.42 3.1128316
128.43 3.1128555
128.44 3.1128794
128.45 3.1129033
128.46 3.1129272
128.47 3.1129511
128.48 3.112975
128.49 3.1129989
128.5 3.1130467
128.51 3.1130706
128.52 3.1130945
128.53 3.1131184
128.54 3.1131423
128.55 3.1131662
128.56 3.1131901
128.57 3.113214
128.58 3.1132379
128.59 3.1132618
128.6 3.1132857
128.61 3.1133096
128.62 3.1133574
128.63 3.1133813
128.64 3.1134052
128.65 3.1134291
128.66 3.113453
128.67 3.1134769
128.68 3.1135008
128.69 3.1135247
128.7 3.1135725
128.71 3.1135964
128.72 3.1136203
128.73 3.1136442
128.74 3.1136681
128.75 3.113692
128.76 3.1137159
128.77 3.1137398
128.78 3.1137876
128.79 3.1138115
128.8 3.1138354
128.81 3.1138593
128.82 3.1138832
128.83 3.1139071
128.84 3.1139549
128.85 3.1139788
128.86 3.1140027
128.87 3.1140266
128.88 3.1140505
128.89 3.1140744
128.9 3.1141222
128.91 3.1141461
128.92 3.11417
128.93 3.1141939
128.94 3.1142178
128.95 3.1142656
128.96 3.1142895
128.97 3.1143134
128.98 3.1143373
128.99 3.1143612
129.0 3.114409
129.01 3.1144329
129.02 3.1144568
129.03 3.1144807
129.04 3.1145285
129.05 3.1145524
129.06 3.1145763
129.07 3.1146002
129.08 3.1146241
129.09 3.1146719
129.1 3.1146958
129.11 3.1147197
129.12 3.1147436
129.13 3.1147914
129.14 3.1148153
129.15 3.1148392
129.16 3.1148631
129.17 3.1149109
129.18 3.1149348
129.19 3.1149587
129.2 3.1149826
129.21 3.1150304
129.22 3.1150543
129.23 3.1150782
129.24 3.115126
129.25 3.1151499
129.26 3.1151738
129.27 3.1151977
129.28 3.1152455
129.29 3.1152694
129.3 3.1152933
129.31 3.1153411
129.32 3.115365
129.33 3.1153889
129.34 3.1154367
129.35 3.1154606
129.36 3.1154845
129.37 3.1155323
129.38 3.1155562
129.39 3.1155801
129.4 3.1156279
129.41 3.1156518
129.42 3.1156757
129.43 3.1157235
129.44 3.1157474
129.45 3.1157713
129.46 3.1158191
129.47 3.115843
129.48 3.1158669
129.49 3.1159147
129.5 3.1159386
129.51 3.1159625
129.52 3.1160103
129.53 3.1160342
129.54 3.1160581
129.55 3.1161059
129.56 3.1161298
129.57 3.1161776
129.58 3.1162015
129.59 3.1162254
129.6 3.1162732
129.61 3.1162971
129.62 3.1163449
129.63 3.1163688
129.64 3.1163927
129.65 3.1164405
129.66 3.1164644
129.67 3.1165122
129.68 3.1165361
129.69 3.11656
129.7 3.1166078
129.71 3.1166317
129.72 3.1166795
129.73 3.1167034
129.74 3.1167273
129.75 3.1167751
129.76 3.116799
129.77 3.1168468
129.78 3.1168707
129.79 3.1169185
129.8 3.1169424
129.81 3.1169902
129.82 3.1170141
129.83 3.1170619
129.84 3.1170858
129.85 3.1171097
129.86 3.1171575
129.87 3.1171814
129.88 3.1172292
129.89 3.1172531
129.9 3.1173009
129.91 3.1173248
129.92 3.1173726
129.93 3.1173965
129.94 3.1174443
129.95 3.1174682
129.96 3.117516
129.97 3.1175399
129.98 3.1175877
129.99 3.1176116
130.0 3.1176594
130.01 3.1176833
130.02 3.1177311
130.03 3.117755
130.04 3.1178028
130.05 3.1178267
130.06 3.1178745
130.07 3.1178984
130.08 3.1179462
130.09 3.117994
130.1 3.1180179
130.11 3.1180657
130.12 3.1180896
130.13 3.1181374
130.14 3.1181613
130.15 3.1182091
130.16 3.118233
130.17 3.1182808
130.18 3.1183286
130.19 3.1183525
130.2 3.1184003
130.21 3.1184242
130.22 3.118472
130.23 3.1184959
130.24 3.1185437
130.25 3.1185915
130.26 3.1186154
130.27 3.1186632
130.28 3.1186871
130.29 3.1187349
130.3 3.1187827
130.31 3.1188066
130.32 3.1188544
130.33 3.1188783
130.34 3.1189261
130.35 3.1189739
130.36 3.1189978
130.37 3.1190456
130.38 3.1190695
130.39 3.1191173
130.4 3.1191651
130.41 3.119189
130.42 3.1192368
130.43 3.1192846
130.44 3.1193085
130.45 3.1193563
130.46 3.1194041
130.47 3.119428
130.48 3.1194758
130.49 3.1195236
130.5 3.1195475
130.51 3.1195953
130.52 3.1196431
130.53 3.119667
130.54 3.1197148
130.55 3.1197626
130.56 3.1197865
130.57 3.1198343
130.58 3.1198821
130.59 3.119906
130.6 3.1199538
130.61 3.1200016
130.62 3.1200494
130.63 3.1200733
130.64 3.1201211
130.65 3.1201689
130.66 3.1201928
130.67 3.1202406
130.68 3.1202884
130.69 3.1203362
130.7 3.1203601
130.71 3.1204079
130.72 3.1204557
130.73 3.1204796
130.74 3.1205274
130.75 3.1205752
130.76 3.120623
130.77 3.1206469
130.78 3.1206947
130.79 3.1207425
130.8 3.1207903
130.81 3.1208381
130.82 3.120862
130.83 3.1209098
130.84 3.1209576
130.85 3.1210054
130.86 3.1210293
130.87 3.1210771
130.88 3.1211249
130.89 3.1211727
130.9 3.1212205
130.91 3.1212444
130.92 3.1212922
130.93 3.12134
130.94 3.1213878
130.95 3.1214356
130.96 3.1214595
130.97 3.1215073
130.98 3.1215551
130.99 3.1216029
131.0 3.1216507
131.01 3.1216985
131.02 3.1217224
131.03 3.1217702
131.04 3.121818
131.05 3.1218658
131.06 3.1219136
131.07 3.1219614
131.08 3.1219853
131.09 3.1220331
131.1 3.1220809
131.11 3.1221287
131.12 3.1221765
131.13 3.1222243
131.14 3.1222721
131.15 3.122296
131.16 3.1223438
131.17 3.1223916
131.18 3.1224394
131.19 3.1224872
131.2 3.122535
131.21 3.1225828
131.22 3.1226306
131.23 3.1226784
131.24 3.1227023
131.25 3.1227501
131.26 3.1227979
131.27 3.1228457
131.28 3.1228935
131.29 3.1229413
131.3 3.1229891
131.31 3.1230369
131.32 3.1230847
131.33 3.1231325
131.34 3.1231803
131.35 3.1232281
131.36 3.1232759
131.37 3.1233237
131.38 3.1233476
131.39 3.1233954
131.4 3.1234432
131.41 3.123491
131.42 3.1235388
131.43 3.1235866
131.44 3.1236344
131.45 3.1236822
131.46 3.12373
131.47 3.1237778
131.48 3.1238256
131.49 3.1238734
131.5 3.1239212
131.51 3.123969
131.52 3.1240168
131.53 3.1240646
131.54 3.1241124
131.55 3.1241602
131.56 3.124208
131.57 3.1242558
131.58 3.1243036
131.59 3.1243514
131.6 3.1243992
131.61 3.124447
131.62 3.1244948
131.63 3.1245426
131.64 3.1245904
131.65 3.1246382
131.66 3.124686
131.67 3.1247577
131.68 3.1248055
131.69 3.1248533
131.7 3.1249011
131.71 3.1249489
131.72 3.1249967
131.73 3.1250445
131.74 3.1250923
131.75 3.1251401
131.76 3.1251879
131.77 3.1252357
131.78 3.1252835
131.79 3.1253313
131.8 3.1253791
131.81 3.1254508
131.82 3.1254986
131.83 3.1255464
131.84 3.1255942
131.85 3.125642
131.86 3.1256898
131.87 3.1257376
131.88 3.1257854
131.89 3.1258332
131.9 3.1259049
131.91 3.1259527
131.92 3.1260005
131.93 3.1260483
131.94 3.1260961
131.95 3.1261439
131.96 3.1261917
131.97 3.1262395
131.98 3.1263112
131.99 3.126359
132.0 3.1264068
132.01 3.1264546
132.02 3.1265024
132.03 3.1265502
132.04 3.1266219
132.05 3.1266697
132.06 3.1267175
132.07 3.1267653
132.08 3.1268131
132.09 3.1268848
132.1 3.1269326
132.11 3.1269804
132.12 3.1270282
132.13 3.127076
132.14 3.1271477
132.15 3.1271955
132.16 3.1272433
132.17 3.1272911
132.18 3.1273389
132.19 3.1274106
132.2 3.1274584
132.21 3.1275062
132.22 3.127554
132.23 3.1276257
132.24 3.1276735
132.25 3.1277213
132.26 3.1277691
132.27 3.1278408
132.28 3.1278886
132.29 3.1279364
132.3 3.1279842
132.31 3.1280559
132.32 3.1281037
132.33 3.1281515
132.34 3.1281993
132.35 3.128271
132.36 3.1283188
132.37 3.1283666
132.38 3.1284383
132.39 3.1284861
132.4 3.1285339
132.41 3.1285817
132.42 3.1286534
132.43 3.1287012
132.44 3.128749
132.45 3.1288207
132.46 3.1288685
132.47 3.1289163
132.48 3.128988
132.49 3.1290358
132.5 3.1290836
132.51 3.1291553
132.52 3.1292031
132.53 3.1292509
132.54 3.1293226
132.55 3.1293704
132.56 3.1294182
132.57 3.1294899
132.58 3.1295377
132.59 3.1295855
132.6 3.1296572
132.61 3.129705
132.62 3.1297528
132.63 3.1298245
132.64 3.1298723
132.65 3.129944
132.66 3.1299918
132.67 3.1300396
132.68 3.1301113
132.69 3.1301591
132.7 3.1302308
132.71 3.1302786
132.72 3.1303264
132.73 3.1303981
132.74 3.1304459
132.75 3.1305176
132.76 3.1305654
132.77 3.1306132
132.78 3.1306849
132.79 3.1307327
132.8 3.1308044
132.81 3.1308522
132.82 3.1309239
132.83 3.1309717
132.84 3.1310434
132.85 3.1310912
132.86 3.131139
132.87 3.1312107
132.88 3.1312585
132.89 3.1313302
132.9 3.131378
132.91 3.1314497
132.92 3.1314975
132.93 3.1315692
132.94 3.131617
132.95 3.1316887
132.96 3.1317365
132.97 3.1318082
132.98 3.131856
132.99 3.1319277
133.0 3.1319755
133.01 3.1320472
133.02 3.132095
133.03 3.1321667
133.04 3.1322145
133.05 3.1322862
133.06 3.132334
133.07 3.1324057
133.08 3.1324535
133.09 3.1325252
133.1 3.132573
133.11 3.1326447
133.12 3.1327164
133.13 3.1327642
133.14 3.1328359
133.15 3.1328837
133.16 3.1329554
133.17 3.1330032
133.18 3.1330749
133.19 3.1331227
133.2 3.1331944
133.21 3.1332661
133.22 3.1333139
133.23 3.1333856
133.24 3.1334334
133.25 3.1335051
133.26 3.1335768
133.27 3.1336246
133.28 3.1336963
133.29 3.1337441
133.3 3.1338158
133.31 3.1338875
133.32 3.1339353
133.33 3.134007
133.34 3.1340787
133.35 3.1341265
133.36 3.1341982
133.37 3.134246
133.38 3.1343177
133.39 3.1343894
133.4 3.1344372
133.41 3.1345089
133.42 3.1345806
133.43 3.1346284
133.44 3.1347001
133.45 3.1347718
133.46 3.1348196
133.47 3.1348913
133.48 3.134963
133.49 3.1350108
133.5 3.1350825
133.51 3.1351542
133.52 3.135202
133.53 3.1352737
133.54 3.1353454
133.55 3.1353932
133.56 3.1354649
133.57 3.1355366
133.58 3.1356083
133.59 3.1356561
133.6 3.1357278
133.61 3.1357995
133.62 3.1358712
133.63 3.135919
133.64 3.1359907
133.65 3.1360624
133.66 3.1361102
133.67 3.1361819
133.68 3.1362536
133.69 3.1363253
133.7 3.1363731
133.71 3.1364448
133.72 3.1365165
133.73 3.1365882
133.74 3.1366599
133.75 3.1367077
133.76 3.1367794
133.77 3.1368511
133.78 3.1369228
133.79 3.1369706
133.8 3.1370423
133.81 3.137114
133.82 3.1371857
133.83 3.1372574
133.84 3.1373052
133.85 3.1373769
133.86 3.1374486
133.87 3.1375203
133.88 3.137592
133.89 3.1376637
133.9 3.1377115
133.91 3.1377832
133.92 3.1378549
133.93 3.1379266
133.94 3.1379983
133.95 3.13807
133.96 3.1381178
133.97 3.1381895
133.98 3.1382612
133.99 3.1383329
134.0 3.1384046
134.01 3.1384763
134.02 3.138548
134.03 3.1385958
134.04 3.1386675
134.05 3.1387392
134.06 3.1388109
134.07 3.1388826
134.08 3.1389543
134.09 3.139026
134.1 3.1390977
134.11 3.1391694
134.12 3.1392411
134.13 3.1392889
134.14 3.1393606
134.15 3.1394323
134.16 3.139504
134.17 3.1395757
134.18 3.1396474
134.19 3.1397191
134.2 3.1397908
134.21 3.1398625
134.22 3.1399342
134.23 3.1400059
134.24 3.1400776
134.25 3.1401493
134.26 3.140221
134.27 3.1402927
134.28 3.1403644
134.29 3.1404361
134.3 3.1405078
134.31 3.1405795
134.32 3.1406512
134.33 3.1407229
134.34 3.1407946
134.35 3.1408663
134.36 3.140938
134.37 3.1410097
134.38 3.1410814
134.39 3.1411531
134.4 3.1412248
134.41 3.1412965
134.42 3.1413682
134.43 3.1414399
134.44 3.1415116
134.45 3.1415833
134.46 3.141655
134.47 3.1417267
134.48 3.1417984
134.49 3.1418701
134.5 3.1419418
134.51 3.1420135
134.52 3.1420852
134.53 3.1421569
134.54 3.1422286
134.55 3.1423003
134.56 3.142372
134.57 3.1424437
134.58 3.1425154
134.59 3.142611
134.6 3.1426827
134.61 3.1427544
134.62 3.1428261
134.63 3.1428978
134.64 3.1429695
134.65 3.1430412
134.66 3.1431129
134.67 3.1431846
134.68 3.1432563
134.69 3.1433519
134.7 3.1434236
134.71 3.1434953
134.72 3.143567
134.73 3.1436387
134.74 3.1437104
134.75 3.1437821
134.76 3.1438777
134.77 3.1439494
134.78 3.1440211
134.79 3.1440928
134.8 3.1441645
134.81 3.1442362
134.82 3.1443318
134.83 3.1444035
134.84 3.1444752
134.85 3.1445469
134.86 3.1446186
134.87 3.1446903
134.88 3.1447859
134.89 3.1448576
134.9 3.1449293
134.91 3.145001
134.92 3.1450727
134.93 3.1451683
134.94 3.14524
134.95 3.1453117
134.96 3.1453834
134.97 3.145479
134.98 3.1455507
134.99 3.1456224
135.0 3.1456941
135.01 3.1457897
135.02 3.1458614
135.03 3.1459331
135.04 3.1460048
135.05 3.1461004
135.06 3.1461721
135.07 3.1462438
135.08 3.1463155
135.09 3.1464111
135.1 3.1464828
135.11 3.1465545
135.12 3.1466262
135.13 3.1467218
135.14 3.1467935
135.15 3.1468652
135.16 3.1469608
135.17 3.1470325
135.18 3.1471042
135.19 3.1471998
135.2 3.1472715
135.21 3.1473432
135.22 3.1474388
135.23 3.1475105
135.24 3.1475822
135.25 3.1476778
135.26 3.1477495
135.27 3.1478212
135.28 3.1479168
135.29 3.1479885
135.3 3.1480602
135.31 3.1481558
135.32 3.1482275
135.33 3.1482992
135.34 3.1483948
135.35 3.1484665
135.36 3.1485382
135.37 3.1486338
135.38 3.1487055
135.39 3.1488011
135.4 3.1488728
135.41 3.1489445
135.42 3.1490401
135.43 3.1491118
135.44 3.1492074
135.45 3.1492791
135.46 3.1493508
135.47 3.1494464
135.48 3.1495181
135.49 3.1496137
135.5 3.1496854
135.51 3.149781
135.52 3.1498527
135.53 3.1499244
135.54 3.15002
135.55 3.1500917
135.56 3.1501873
135.57 3.150259
135.58 3.1503546
135.59 3.1504263
135.6 3.1505219
135.61 3.1505936
135.62 3.1506892
135.63 3.1507609
135.64 3.1508565
135.65 3.1509282
135.66 3.1510238
135.67 3.1510955
135.68 3.1511911
135.69 3.1512628
135.7 3.1513584
135.71 3.1514301
135.72 3.1515257
135.73 3.1515974
135.74 3.151693
135.75 3.1517647
135.76 3.1518603
135.77 3.151932
135.78 3.1520276
135.79 3.1520993
135.8 3.1521949
135.81 3.1522666
135.82 3.1523622
135.83 3.1524578
135.84 3.1525295
135.85 3.1526251
135.86 3.1526968
135.87 3.1527924
135.88 3.1528641
135.89 3.1529597
135.9 3.1530553
135.91 3.153127
135.92 3.1532226
135.93 3.1532943
135.94 3.1533899
135.95 3.1534855
135.96 3.1535572
135.97 3.1536528
135.98 3.1537245
135.99 3.1538201
136.0 3.1539157
136.01 3.1539874
136.02 3.154083
136.03 3.1541786
136.04 3.1542503
136.05 3.1543459
136.06 3.1544176
136.07 3.1545132
136.08 3.1546088
136.09 3.1546805
136.1 3.1547761
136.11 3.1548717
136.12 3.1549434
136.13 3.155039
136.14 3.1551346
136.15 3.1552063
136.16 3.1553019
136.17 3.1553975
136.18 3.1554931
136.19 3.1555648
136.2 3.1556604
136.21 3.155756
136.22 3.1558277
136.23 3.1559233
136.24 3.1560189
136.25 3.1561145
136.26 3.1561862
136.27 3.1562818
136.28 3.1563774
136.29 3.1564491
136.3 3.1565447
136.31 3.1566403
136.32 3.1567359
136.33 3.1568076
136.34 3.1569032
136.35 3.1569988
136.36 3.1570944
136.37 3.1571661
136.38 3.1572617
136.39 3.1573573
136.4 3.1574529
136.41 3.1575485
136.42 3.1576202
136.43 3.1577158
136.44 3.1578114
136.45 3.157907
136.46 3.1580026
136.47 3.1580743
136.48 3.1581699
136.49 3.1582655
136.5 3.1583611
136.51 3.1584567
136.52 3.1585523
136.53 3.158624
136.54 3.1587196
136.55 3.1588152
136.56 3.1589108
136.57 3.1590064
136.58 3.159102
136.59 3.1591737
136.6 3.1592693
136.61 3.1593649
136.62 3.1594605
136.63 3.1595561
136.64 3.1596517
136.65 3.1597473
136.66 3.1598429
136.67 3.1599146
136.68 3.1600102
136.69 3.1601058
136.7 3.1602014
136.71 3.160297
136.72 3.1603926
136.73 3.1604882
136.74 3.1605838
136.75 3.1606794
136.76 3.160775
136.77 3.1608706
136.78 3.1609423
136.79 3.1610379
136.8 3.1611335
136.81 3.1612291
136.82 3.1613247
136.83 3.1614203
136.84 3.1615159
136.85 3.1616115
136.86 3.1617071
136.87 3.1618027
136.88 3.1618983
136.89 3.1619939
136.9 3.1620895
136.91 3.1621851
136.92 3.1622807
136.93 3.1623763
136.94 3.1624719
136.95 3.1625675
136.96 3.1626631
136.97 3.1627587
136.98 3.1628543
136.99 3.1629499
137.0 3.1630455
137.01 3.1631411
137.02 3.1632367
137.03 3.1633323
137.04 3.1634279
137.05 3.1635235
137.06 3.1636191
137.07 3.1637147
137.08 3.1638103
137.09 3.1639059
137.1 3.1640015
137.11 3.1640971
137.12 3.1641927
137.13 3.1643122
137.14 3.1644078
137.15 3.1645034
137.16 3.164599
137.17 3.1646946
137.18 3.1647902
137.19 3.1648858
137.2 3.1649814
137.21 3.165077
137.22 3.1651726
137.23 3.1652682
137.24 3.1653877
137.25 3.1654833
137.26 3.1655789
137.27 3.1656745
137.28 3.1657701
137.29 3.1658657
137.3 3.1659613
137.31 3.1660569
137.32 3.1661764
137.33 3.166272
137.34 3.1663676
137.35 3.1664632
137.36 3.1665588
137.37 3.1666544
137.38 3.1667739
137.39 3.1668695
137.4 3.1669651
137.41 3.1670607
137.42 3.1671563
137.43 3.1672519
137.44 3.1673714
137.45 3.167467
137.46 3.1675626
137.47 3.1676582
137.48 3.1677777
137.49 3.1678733
137.5 3.1679689
137.51 3.1680645
137.52 3.1681601
137.53 3.1682796
137.54 3.1683752
137.55 3.1684708
137.56 3.1685664
137.57 3.1686859
137.58 3.1687815
137.59 3.1688771
137.6 3.1689727
137.61 3.1690922
137.62 3.1691878
137.63 3.1692834
137.64 3.169379
137.65 3.1694985
137.66 3.1695941
137.67 3.1696897
137.68 3.1698092
137.69 3.1699048
137.7 3.1700004
137.71 3.170096
137.72 3.1702155
137.73 3.1703111
137.74 3.1704067
137.75 3.1705262
137.76 3.1706218
137.77 3.1707174
137.78 3.1708369
137.79 3.1709325
137.8 3.1710281
137.81 3.1711476
137.82 3.1712432
137.83 3.1713388
137.84 3.1714583
137.85 3.1715539
137.86 3.1716495
137.87 3.171769
137.88 3.1718646
137.89 3.1719841
137.9 3.1720797
137.91 3.1721753
137.92 3.1722948
137.93 3.1723904
137.94 3.1725099
137.95 3.1726055
137.96 3.1727011
137.97 3.1728206
137.98 3.1729162
137.99 3.1730357
138.0 3.1731313
138.01 3.1732269
138.02 3.1733464
138.03 3.173442
138.04 3.1735615
138.05 3.1736571
138.06 3.1737766
138.07 3.1738722
138.08 3.1739678
138.09 3.1740873
138.1 3.1741829
138.11 3.1743024
138.12 3.174398
138.13 3.1745175
138.14 3.1746131
138.15 3.1747326
138.16 3.1748282
138.17 3.1749477
138.18 3.1750433
138.19 3.1751628
138.2 3.1752584
138.21 3.1753779
138.22 3.1754735
138.23 3.175593
138.24 3.1756886
138.25 3.1758081
138.26 3.1759037
138.27 3.1760232
138.28 3.1761188
138.29 3.1762383
138.3 3.1763339
138.31 3.1764534
138.32 3.1765729
138.33 3.1766685
138.34 3.176788
138.35 3.1768836
138.36 3.1770031
138.37 3.1770987
138.38 3.1772182
138.39 3.1773377
138.4 3.1774333
138.41 3.1775528
138.42 3.1776484
138.43 3.1777679
138.44 3.1778635
138.45 3.177983
138.46 3.1781025
138.47 3.1781981
138.48 3.1783176
138.49 3.1784371
138.5 3.1785327
138.51 3.1786522
138.52 3.1787478
138.53 3.1788673
138.54 3.1789868
138.55 3.1790824
138.56 3.1792019
138.57 3.1793214
138.58 3.179417
138.59 3.1795365
138.6 3.179656
138.61 3.1797516
138.62 3.1798711
138.63 3.1799906
138.64 3.1800862
138.65 3.1802057
138.66 3.1803252
138.67 3.1804208
138.68 3.1805403
138.69 3.1806598
138.7 3.1807554
138.71 3.1808749
138.72 3.1809944
138.73 3.1811139
138.74 3.1812095
138.75 3.181329
138.76 3.1814485
138.77 3.1815441
138.78 3.1816636
138.79 3.1817831
138.8 3.1819026
138.81 3.1819982
138.82 3.1821177
138.83 3.1822372
138.84 3.1823567
138.85 3.1824523
138.86 3.1825718
138.87 3.1826913
138.88 3.1828108
138.89 3.1829303
138.9 3.1830259
138.91 3.1831454
138.92 3.1832649
138.93 3.1833844
138.94 3.1835039
138.95 3.1835995
138.96 3.183719
138.97 3.1838385
138.98 3.183958
138.99 3.1840775
139.0 3.1841731
139.01 3.1842926
139.02 3.1844121
139.03 3.1845316
139.04 3.1846511
139.05 3.1847706
139.06 3.1848662
139.07 3.1849857
139.08 3.1851052
139.09 3.1852247
139.1 3.1853442
139.11 3.1854637
139.12 3.1855832
139.13 3.1857027
139.14 3.1857983
139.15 3.1859178
139.16 3.1860373
139.17 3.1861568
139.18 3.1862763
139.19 3.1863958
139.2 3.1865153
139.21 3.1866348
139.22 3.1867543
139.23 3.1868738
139.24 3.1869933
139.25 3.1870889
139.26 3.1872084
139.27 3.1873279
139.28 3.1874474
139.29 3.1875669
139.3 3.1876864
139.31 3.1878059
139.32 3.1879254
139.33 3.1880449
139.34 3.1881644
139.35 3.1882839
139.36 3.1884034
139.37 3.1885229
139.38 3.1886424
139.39 3.1887619
139.4 3.1888814
139.41 3.1890009
139.42 3.1891204
139.43 3.1892399
139.44 3.1893594
139.45 3.1894789
139.46 3.1895984
139.47 3.1897179
139.48 3.1898374
139.49 3.1899569
139.5 3.1900764
139.51 3.1901959
139.52 3.1903154
139.53 3.1904349
139.54 3.1905544
139.55 3.1906739
139.56 3.1907934
139.57 3.1909129
139.58 3.1910324
139.59 3.1911519
139.6 3.1912953
139.61 3.1914148
139.62 3.1915343
139.63 3.1916538
139.64 3.1917733
139.65 3.1918928
139.66 3.1920123
139.67 3.1921318
139.68 3.1922513
139.69 3.1923708
139.7 3.1924903
139.71 3.1926337
139.72 3.1927532
139.73 3.1928727
139.74 3.1929922
139.75 3.1931117
139.76 3.1932312
139.77 3.1933507
139.78 3.1934702
139.79 3.1936136
139.8 3.1937331
139.81 3.1938526
139.82 3.1939721
139.83 3.1940916
139.84 3.1942111
139.85 3.1943545
139.86 3.194474
139.87 3.1945935
139.88 3.194713
139.89 3.1948325
139.9 3.1949759
139.91 3.1950954
139.92 3.1952149
139.93 3.1953344
139.94 3.1954539
139.95 3.1955973
139.96 3.1957168
139.97 3.1958363
139.98 3.1959558
139.99 3.1960753
140.0 3.1962187
140.01 3.1963382
140.02 3.1964577
140.03 3.1965772
140.04 3.1967206
140.05 3.1968401
140.06 3.1969596
140.07 3.1970791
140.08 3.1972225
140.09 3.197342
140.1 3.1974615
140.11 3.1976049
140.12 3.1977244
140.13 3.1978439
140.14 3.1979634
140.15 3.1981068
140.16 3.1982263
140.17 3.1983458
140.18 3.1984892
140.19 3.1986087
140.2 3.1987282
140.21 3.1988716
140.22 3.1989911
140.23 3.1991106
140.24 3.199254
140.25 3.1993735
140.26 3.199493
140.27 3.1996364
140.28 3.1997559
140.29 3.1998754
140.3 3.2000188
140.31 3.2001383
140.32 3.2002578
140.33 3.2004012
140.34 3.2005207
140.35 3.2006641
140.36 3.2007836
140.37 3.2009031
140.38 3.2010465
140.39 3.201166
140.4 3.2013094
140.41 3.2014289
140.42 3.2015484
140.43 3.2016918
140.44 3.2018113
140.45 3.2019547
140.46 3.2020742
140.47 3.2021937
140.48 3.2023371
140.49 3.2024566
140.5 3.2026
140.51 3.2027195
140.52 3.2028629
140.53 3.2029824
140.54 3.2031258
140.55 3.2032453
140.56 3.2033648
140.57 3.2035082
140.58 3.2036277
140.59 3.2037711
140.6 3.2038906
140.61 3.204034
140.62 3.2041535
140.63 3.2042969
140.64 3.2044164
140.65 3.2045598
140.66 3.2046793
140.67 3.2048227
140.68 3.2049422
140.69 3.2050856
140.7 3.2052051
140.71 3.2053485
140.72 3.205468
140.73 3.2056114
140.74 3.2057548
140.75 3.2058743
140.76 3.2060177
140.77 3.2061372
140.78 3.2062806
140.79 3.2064001
140.8 3.2065435
140.81 3.206663
140.82 3.2068064
140.83 3.2069498
140.84 3.2070693
140.85 3.2072127
140.86 3.2073322
140.87 3.2074756
140.88 3.207619
140.89 3.2077385
140.9 3.2078819
140.91 3.2080014
140.92 3.2081448
140.93 3.2082882
140.94 3.2084077
140.95 3.2085511
140.96 3.2086706
140.97 3.208814
140.98 3.2089574
140.99 3.2090769
141.0 3.2092203
141.01 3.2093637
141.02 3.2094832
141.03 3.2096266
141.04 3.20977
141.05 3.2098895
141.06 3.2100329
141.07 3.2101763
141.08 3.2102958
141.09 3.2104392
141.1 3.2105826
141.11 3.2107021
141.12 3.2108455
141.13 3.2109889
141.14 3.2111084
141.15 3.2112518
141.16 3.2113952
141.17 3.2115386
141.18 3.2116581
141.19 3.2118015
141.2 3.2119449
141.21 3.2120883
141.22 3.2122078
141.23 3.2123512
141.24 3.2124946
141.25 3.2126141
141.26 3.2127575
141.27 3.2129009
141.28 3.2130443
141.29 3.2131877
141.3 3.2133072
141.31 3.2134506
141.32 3.213594
141.33 3.2137374
141.34 3.2138569
141.35 3.2140003
141.36 3.2141437
141.37 3.2142871
141.38 3.2144305
141.39 3.21455
141.4 3.2146934
141.41 3.2148368
141.42 3.2149802
141.43 3.2151236
141.44 3.2152431
141.45 3.2153865
141.46 3.2155299
141.47 3.2156733
141.48 3.2158167
141.49 3.2159601
141.5 3.2161035
141.51 3.216223
141.52 3.2163664
141.53 3.2165098
141.54 3.2166532
141.55 3.2167966
141.56 3.21694
141.57 3.2170834
141.58 3.2172029
141.59 3.2173463
141.6 3.2174897
141.61 3.2176331
141.62 3.2177765
141.63 3.2179199
141.64 3.2180633
141.65 3.2182067
141.66 3.2183501
141.67 3.2184935
141.68 3.2186369
141.69 3.2187564
141.7 3.2188998
141.71 3.2190432
141.72 3.2191866
141.73 3.21933
141.74 3.2194734
141.75 3.2196168
141.76 3.2197602
141.77 3.2199036
141.78 3.220047
141.79 3.2201904
141.8 3.2203338
141.81 3.2204772
141.82 3.2206206
141.83 3.220764
141.84 3.2209074
141.85 3.2210508
141.86 3.2211942
141.87 3.2213376
141.88 3.221481
141.89 3.2216244
141.9 3.2217678
141.91 3.2219112
141.92 3.2220546
141.93 3.222198
141.94 3.2223414
141.95 3.2224848
141.96 3.2226282
141.97 3.2227716
141.98 3.222915
141.99 3.2230584
142.0 3.2232018
142.01 3.2233452
142.02 3.2234886
142.03 3.223632
142.04 3.2237754
142.05 3.2239427
142.06 3.2240861
142.07 3.2242295
142.08 3.2243729
142.09 3.2245163
142.1 3.2246597
142.11 3.2248031
142.12 3.2249465
142.13 3.2250899
142.14 3.2252333
142.15 3.2254006
142.16 3.225544
142.17 3.2256874
142.18 3.2258308
142.19 3.2259742
142.2 3.2261176
142.21 3.226261
142.22 3.2264044
142.23 3.2265717
142.24 3.2267151
142.25 3.2268585
142.26 3.2270019
142.27 3.2271453
142.28 3.2272887
142.29 3.227456
142.3 3.2275994
142.31 3.2277428
142.32 3.2278862
142.33 3.2280296
142.34 3.228173
142.35 3.2283403
142.36 3.2284837
142.37 3.2286271
142.38 3.2287705
142.39 3.2289378
142.4 3.2290812
142.41 3.2292246
142.42 3.229368
142.43 3.2295114
142.44 3.2296787
142.45 3.2298221
142.46 3.2299655
142.47 3.2301089
142.48 3.2302762
142.49 3.2304196
142.5 3.230563
142.51 3.2307064
142.52 3.2308737
142.53 3.2310171
142.54 3.2311605
142.55 3.2313039
142.56 3.2314712
142.57 3.2316146
142.58 3.231758
142.59 3.2319253
142.6 3.2320687
142.61 3.2322121
142.62 3.2323794
142.63 3.2325228
142.64 3.2326662
142.65 3.2328096
142.66 3.2329769
142.67 3.2331203
142.68 3.2332637
142.69 3.233431
142.7 3.2335744
142.71 3.2337178
142.72 3.2338851
142.73 3.2340285
142.74 3.2341719
142.75 3.2343392
142.76 3.2344826
142.77 3.2346499
142.78 3.2347933
142.79 3.2349367
142.8 3.235104
142.81 3.2352474
142.82 3.2353908
142.83 3.2355581
142.84 3.2357015
142.85 3.2358688
142.86 3.2360122
142.87 3.2361556
142.88 3.2363229
142.89 3.2364663
142.9 3.2366336
142.91 3.236777
142.92 3.2369443
142.93 3.2370877
142.94 3.2372311
142.95 3.2373984
142.96 3.2375418
142.97 3.2377091
142.98 3.2378525
142.99 3.2380198
143.0 3.2381632
143.01 3.2383305
143.02 3.2384739
143.03 3.2386173
143.04 3.2387846
143.05 3.238928
143.06 3.2390953
143.07 3.2392387
143.08 3.239406
143.09 3.2395494
143.1 3.2397167
143.11 3.2398601
143.12 3.2400274
143.13 3.2401708
143.14 3.2403381
143.15 3.2404815
143.16 3.2406488
143.17 3.2407922
143.18 3.2409595
143.19 3.2411268
143.2 3.2412702
143.21 3.2414375
143.22 3.2415809
143.23 3.2417482
143.24 3.2418916
143.25 3.2420589
143.26 3.2422023
143.27 3.2423696
143.28 3.2425369
143.29 3.2426803
143.3 3.2428476
143.31 3.242991
143.32 3.2431583
143.33 3.2433017
143.34 3.243469
143.35 3.2436363
143.36 3.2437797
143.37 3.243947
143.38 3.2440904
143.39 3.2442577
143.4 3.244425
143.41 3.2445684
143.42 3.2447357
143.43 3.244903
143.44 3.2450464
143.45 3.2452137
143.46 3.2453571
143.47 3.2455244
143.48 3.2456917
143.49 3.2458351
143.5 3.2460024
143.51 3.2461697
143.52 3.2463131
143.53 3.2464804
143.54 3.2466477
143.55 3.2467911
143.56 3.2469584
143.57 3.2471257
143.58 3.247293
143.59 3.2474364
143.6 3.2476037
143.61 3.247771
143.62 3.2479144
143.63 3.2480817
143.64 3.248249
143.65 3.2483924
143.66 3.2485597
143.67 3.248727
143.68 3.2488943
143.69 3.2490377
143.7 3.249205
143.71 3.2493723
143.72 3.2495396
143.73 3.249683
143.74 3.2498503
143.75 3.2500176
143.76 3.2501849
143.77 3.2503283
143.78 3.2504956
143.79 3.2506629
143.8 3.2508302
143.81 3.2509736
143.82 3.2511409
143.83 3.2513082
143.84 3.2514755
143.85 3.2516428
143.86 3.2517862
143.87 3.2519535
143.88 3.2521208
143.89 3.2522881
143.9 3.2524554
143.91 3.2525988
143.92 3.2527661
143.93 3.2529334
143.94 3.2531007
143.95 3.253268
143.96 3.2534353
143.97 3.2535787
143.98 3.253746
143.99 3.2539133
144.0 3.2540806
144.01 3.2542479
144.02 3.2544152
144.03 3.2545825
144.04 3.2547259
144.05 3.2548932
144.06 3.2550605
144.07 3.2552278
144.08 3.2553951
144.09 3.2555624
144.1 3.2557297
144.11 3.255897
144.12 3.2560643
144.13 3.2562316
144.14 3.256375
144.15 3.2565423
144.16 3.2567096
144.17 3.2568769
144.18 3.2570442
144.19 3.2572115
144.2 3.2573788
144.21 3.2575461
144.22 3.2577134
144.23 3.2578807
144.24 3.258048
144.25 3.2582153
144.26 3.2583826
144.27 3.2585499
144.28 3.2587172
144.29 3.2588845
144.3 3.2590518
144.31 3.2591952
144.32 3.2593625
144.33 3.2595298
144.34 3.2596971
144.35 3.2598644
144.36 3.2600317
144.37 3.260199
144.38 3.2603663
144.39 3.2605336
144.4 3.2607009
144.41 3.2608682
144.42 3.2610355
144.43 3.2612267
144.44 3.261394
144.45 3.2615613
144.46 3.2617286
144.47 3.2618959
144.48 3.2620632
144.49 3.2622305
144.5 3.2623978
144.51 3.2625651
144.52 3.2627324
144.53 3.2628997
144.54 3.263067
144.55 3.2632343
144.56 3.2634016
144.57 3.2635689
144.58 3.2637362
144.59 3.2639035
144.6 3.2640947
144.61 3.264262
144.62 3.2644293
144.63 3.2645966
144.64 3.2647639
144.65 3.2649312
144.66 3.2650985
144.67 3.2652658
144.68 3.2654331
144.69 3.2656004
144.7 3.2657916
144.71 3.2659589
144.72 3.2661262
144.73 3.2662935
144.74 3.2664608
144.75 3.2666281
144.76 3.2667954
144.77 3.2669866
144.78 3.2671539
144.79 3.2673212
144.8 3.2674885
144.81 3.2676558
144.82 3.2678231
144.83 3.2680143
144.84 3.2681816
144.85 3.2683489
144.86 3.2685162
144.87 3.2686835
144.88 3.2688747
144.89 3.269042
144.9 3.2692093
144.91 3.2693766
144.92 3.2695439
144.93 3.2697351
144.94 3.2699024
144.95 3.2700697
144.96 3.270237
144.97 3.2704282
144.98 3.2705955
144.99 3.2707628
145.0 3.2709301
145.01 3.2710974
145.02 3.2712886
145.03 3.2714559
145.04 3.2716232
145.05 3.2718144
145.06 3.2719817
145.07 3.272149
145.08 3.2723163
145.09 3.2725075
145.1 3.2726748
145.11 3.2728421
145.12 3.2730094
145.13 3.2732006
145.14 3.2733679
145.15 3.2735352
145.16 3.2737264
145.17 3.2738937
145.18 3.274061
145.19 3.2742522
145.2 3.2744195
145.21 3.2745868
145.22 3.274778
145.23 3.2749453
145.24 3.2751126
145.25 3.2753038
145.26 3.2754711
145.27 3.2756384
145.28 3.2758296
145.29 3.2759969
145.3 3.2761642
145.31 3.2763554
145.32 3.2765227
145.33 3.27669
145.34 3.2768812
145.35 3.2770485
145.36 3.2772397
145.37 3.277407
145.38 3.2775743
145.39 3.2777655
145.4 3.2779328
145.41 3.2781001
145.42 3.2782913
145.43 3.2784586
145.44 3.2786498
145.45 3.2788171
145.46 3.2790083
145.47 3.2791756
145.48 3.2793429
145.49 3.2795341
145.5 3.2797014
145.51 3.2798926
145.52 3.2800599
145.53 3.2802511
145.54 3.2804184
145.55 3.2805857
145.56 3.2807769
145.57 3.2809442
145.58 3.2811354
145.59 3.2813027
145.6 3.2814939
145.61 3.2816612
145.62 3.2818524
145.63 3.2820197
145.64 3.2822109
145.65 3.2823782
145.66 3.2825694
145.67 3.2827367
145.68 3.2829279
145.69 3.2830952
145.7 3.2832864
145.71 3.2834537
145.72 3.2836449
145.73 3.2838122
145.74 3.2840034
145.75 3.2841707
145.76 3.2843619
145.77 3.2845292
145.78 3.2847204
145.79 3.2848877
145.8 3.2850789
145.81 3.2852462
145.82 3.2854374
145.83 3.2856286
145.84 3.2857959
145.85 3.2859871
145.86 3.2861544
145.87 3.2863456
145.88 3.2865129
145.89 3.2867041
145.9 3.2868953
145.91 3.2870626
145.92 3.2872538
145.93 3.2874211
145.94 3.2876123
145.95 3.2878035
145.96 3.2879708
145.97 3.288162
145.98 3.2883293
145.99 3.2885205
146.0 3.2887117
146.01 3.288879
146.02 3.2890702
146.03 3.2892375
146.04 3.2894287
146.05 3.2896199
146.06 3.2897872
146.07 3.2899784
146.08 3.2901696
146.09 3.2903369
146.1 3.2905281
146.11 3.2907193
146.12 3.2908866
146.13 3.2910778
146.14 3.291269
146.15 3.2914363
146.16 3.2916275
146.17 3.2918187
146.18 3.291986
146.19 3.2921772
146.2 3.2923684
146.21 3.2925357
146.22 3.2927269
146.23 3.2929181
146.24 3.2931093
146.25 3.2932766
146.26 3.2934678
146.27 3.293659
146.28 3.2938263
146.29 3.2940175
146.3 3.2942087
146.31 3.2943999
146.32 3.2945672
146.33 3.2947584
146.34 3.2949496
146.35 3.2951408
146.36 3.2953081
146.37 3.2954993
146.38 3.2956905
146.39 3.2958817
146.4 3.296049
146.41 3.2962402
146.42 3.2964314
146.43 3.2966226
146.44 3.2967899
146.45 3.2969811
146.46 3.2971723
146.47 3.2973635
146.48 3.2975547
146.49 3.297722
146.5 3.2979132
146.51 3.2981044
146.52 3.2982956
146.53 3.2984868
146.54 3.2986541
146.55 3.2988453
146.56 3.2990365
146.57 3.2992277
146.58 3.2994189
146.59 3.2996101
146.6 3.2997774
146.61 3.2999686
146.62 3.3001598
146.63 3.300351
146.64 3.3005422
146.65 3.3007334
146.66 3.3009007
146.67 3.3010919
146.68 3.3012831
146.69 3.3014743
146.7 3.3016655
146.71 3.3018567
146.72 3.3020479
146.73 3.3022391
146.74 3.3024064
146.75 3.3025976
146.76 3.3027888
146.77 3.30298
146.78 3.3031712
146.79 3.3033624
146.8 3.3035536
146.81 3.3037448
146.82 3.303936
146.83 3.3041272
146.84 3.3042945
146.85 3.3044857
146.86 3.3046769
146.87 3.3048681
146.88 3.3050593
146.89 3.3052505
146.9 3.3054417
146.91 3.3056329
146.92 3.3058241
146.93 3.3060153
146.94 3.3062065
146.95 3.3063977
146.96 3.3065889
146.97 3.3067801
146.98 3.3069713
146.99 3.3071625
147.0 3.3073537
147.01 3.3075449
147.02 3.3077361
147.03 3.3079273
147.04 3.3081185
147.05 3.3083097
147.06 3.3085009
147.07 3.3086921
147.08 3.3088833
147.09 3.3090745
147.1 3.3092657
147.11 3.3094569
147.12 3.3096481
147.13 3.3098393
147.14 3.3100305
147.15 3.3102217
147.16 3.3104129
147.17 3.3106041
147.18 3.3107953
147.19 3.3109865
147.2 3.3111777
147.21 3.3113689
147.22 3.3115601
147.23 3.3117513
147.24 3.3119425
147.25 3.3121337
147.26 3.3123249
147.27 3.3125161
147.28 3.3127312
147.29 3.3129224
147.3 3.3131136
147.31 3.3133048
147.32 3.313496
147.33 3.3136872
147.34 3.3138784
147.35 3.3140696
147.36 3.3142608
147.37 3.314452
147.38 3.3146432
147.39 3.3148583
147.4 3.3150495
147.41 3.3152407
147.42 3.3154319
147.43 3.3156231
147.44 3.3158143
147.45 3.3160055
147.46 3.3161967
147.47 3.3164118
147.48 3.316603
147.49 3.3167942
147.5 3.3169854
147.51 3.3171766
147.52 3.3173678
147.53 3.3175829
147.54 3.3177741
147.55 3.3179653
147.56 3.3181565
147.57 3.3183477
147.58 3.3185389
147.59 3.318754
147.6 3.3189452
147.61 3.3191364
147.62 3.3193276
147.63 3.3195188
147.64 3.3197339
147.65 3.3199251
147.66 3.3201163
147.67 3.3203075
147.68 3.3204987
147.69 3.3207138
147.7 3.320905
147.71 3.3210962
147.72 3.3212874
147.73 3.3215025
147.74 3.3216937
147.75 3.3218849
147.76 3.3220761
147.77 3.3222673
147.78 3.3224824
147.79 3.3226736
147.8 3.3228648
147.81 3.323056
147.82 3.3232711
147.83 3.3234623
147.84 3.3236535
147.85 3.3238686
147.86 3.3240598
147.87 3.324251
147.88 3.3244422
147.89 3.3246573
147.9 3.3248485
147.91 3.3250397
147.92 3.3252548
147.93 3.325446
147.94 3.3256372
147.95 3.3258284
147.96 3.3260435
147.97 3.3262347
147.98 3.3264259
147.99 3.326641
148.0 3.3268322
148.01 3.3270234
148.02 3.3272385
148.03 3.3274297
148.04 3.3276209
148.05 3.327836
148.06 3.3280272
148.07 3.3282184
148.08 3.3284335
148.09 3.3286247
148.1 3.3288159
148.11 3.329031
148.12 3.3292222
148.13 3.3294134
148.14 3.3296285
148.15 3.3298197
148.16 3.3300348
148.17 3.330226
148.18 3.3304172
148.19 3.3306323
148.2 3.3308235
148.21 3.3310386
148.22 3.3312298
148.23 3.331421
148.24 3.3316361
148.25 3.3318273
148.26 3.3320424
148.27 3.3322336
148.28 3.3324248
148.29 3.3326399
148.3 3.3328311
148.31 3.3330462
148.32 3.3332374
148.33 3.3334286
148.34 3.3336437
148.35 3.3338349
148.36 3.33405
148.37 3.3342412
148.38 3.3344563
148.39 3.3346475
148.4 3.3348626
148.41 3.3350538
148.42 3.335245
148.43 3.3354601
148.44 3.3356513
148.45 3.3358664
148.46 3.3360576
148.47 3.3362727
148.48 3.3364639
148.49 3.336679
148.5 3.3368702
148.51 3.3370853
148.52 3.3372765
148.53 3.3374916
148.54 3.3376828
148.55 3.3378979
148.56 3.3380891
148.57 3.3383042
148.58 3.3384954
148.59 3.3387105
148.6 3.3389017
148.61 3.3391168
148.62 3.339308
148.63 3.3395231
148.64 3.3397143
148.65 3.3399294
148.66 3.3401206
148.67 3.3403357
148.68 3.3405508
148.69 3.340742
148.7 3.3409571
148.71 3.3411483
148.72 3.3413634
148.73 3.3415546
148.74 3.3417697
148.75 3.3419609
148.76 3.342176
148.77 3.3423911
148.78 3.3425823
148.79 3.3427974
148.8 3.3429886
148.81 3.3432037
148.82 3.3433949
148.83 3.34361
148.84 3.3438251
148.85 3.3440163
148.86 3.3442314
148.87 3.3444226
148.88 3.3446377
148.89 3.3448528
148.9 3.345044
148.91 3.3452591
148.92 3.3454742
148.93 3.3456654
148.94 3.3458805
148.95 3.3460717
148.96 3.3462868
148.97 3.3465019
148.98 3.3466931
148.99 3.3469082
149.0 3.3471233
149.01 3.3473145
149.02 3.3475296
149.03 3.3477447
149.04 3.3479359
149.05 3.348151
149.06 3.3483422
149.07 3.3485573
149.08 3.3487724
149.09 3.3489636
149.1 3.3491787
149.11 3.3493938
149.12 3.3496089
149.13 3.3498001
149.14 3.3500152
149.15 3.3502303
149.16 3.3504215
149.17 3.3506366
149.18 3.3508517
149.19 3.3510429
149.2 3.351258
149.21 3.3514731
149.22 3.3516643
149.23 3.3518794
149.24 3.3520945
149.25 3.3523096
149.26 3.3525008
149.27 3.3527159
149.28 3.352931
149.29 3.3531461
149.3 3.3533373
149.31 3.3535524
149.32 3.3537675
149.33 3.3539826
149.34 3.3541738
149.35 3.3543889
149.36 3.354604
149.37 3.3548191
149.38 3.3550103
149.39 3.3552254
149.4 3.3554405
149.41 3.3556556
149.42 3.3558468
149.43 3.3560619
149.44 3.356277
149.45 3.3564921
149.46 3.3566833
149.47 3.3568984
149.48 3.3571135
149.49 3.3573286
149.5 3.3575437
149.51 3.3577349
149.52 3.35795
149.53 3.3581651
149.54 3.3583802
149.55 3.3585953
149.56 3.3587865
149.57 3.3590016
149.58 3.3592167
149.59 3.3594318
149.6 3.3596469
149.61 3.359862
149.62 3.3600532
149.63 3.3602683
149.64 3.3604834
149.65 3.3606985
149.66 3.3609136
149.67 3.3611287
149.68 3.3613199
149.69 3.361535
149.7 3.3617501
149.71 3.3619652
149.72 3.3621803
149.73 3.3623954
149.74 3.3626105
149.75 3.3628256
149.76 3.3630168
149.77 3.3632319
149.78 3.363447
149.79 3.3636621
149.8 3.3638772
149.81 3.3640923
149.82 3.3643074
149.83 3.3645225
149.84 3.3647137
149.85 3.3649288
149.86 3.3651439
149.87 3.365359
149.88 3.3655741
149.89 3.3657892
149.9 3.3660043
149.91 3.3662194
149.92 3.3664345
149.93 3.3666496
149.94 3.3668647
149.95 3.3670798
149.96 3.367271
149.97 3.3674861
149.98 3.3677012
149.99 3.3679163
150.0 3.3681314
150.01 3.3683465
150.02 3.3685616
150.03 3.3687767
150.04 3.3689918
150.05 3.3692069
150.06 3.369422
150.07 3.3696371
150.08 3.3698522
150.09 3.3700673
150.1 3.3702824
150.11 3.3704975
150.12 3.3707126
150.13 3.3709277
150.14 3.3711428
150.15 3.3713579
150.16 3.371573
150.17 3.3717881
150.18 3.3720032
150.19 3.3722183
150.2 3.3724334
150.21 3.3726485
150.22 3.3728636
150.23 3.3730787
150.24 3.3732938
150.25 3.3735089
150.26 3.373724
150.27 3.3739391
150.28 3.3741542
150.29 3.3743693
150.3 3.3745844
150.31 3.3747995
150.32 3.3750146
150.33 3.3752297
150.34 3.3754448
150.35 3.3756599
150.36 3.375875
150.37 3.3760901
150.38 3.3763052
150.39 3.3765203
150.4 3.3767354
150.41 3.3769505
150.42 3.3771656
150.43 3.3773807
150.44 3.3776197
150.45 3.3778348
150.46 3.3780499
150.47 3.378265
150.48 3.3784801
150.49 3.3786952
150.5 3.3789103
150.51 3.3791254
150.52 3.3793405
150.53 3.3795556
150.54 3.3797707
150.55 3.3799858
150.56 3.3802248
150.57 3.3804399
150.58 3.380655
150.59 3.3808701
150.6 3.3810852
150.61 3.3813003
150.62 3.3815154
150.63 3.3817305
150.64 3.3819456
150.65 3.3821846
150.66 3.3823997
150.67 3.3826148
150.68 3.3828299
150.69 3.383045
150.7 3.3832601
150.71 3.3834752
150.72 3.3836903
150.73 3.3839293
150.74 3.3841444
150.75 3.3843595
150.76 3.3845746
150.77 3.3847897
150.78 3.3850048
150.79 3.3852438
150.8 3.3854589
150.81 3.385674
150.82 3.3858891
150.83 3.3861042
150.84 3.3863193
150.85 3.3865583
150.86 3.3867734
150.87 3.3869885
150.88 3.3872036
150.89 3.3874187
150.9 3.3876577
150.91 3.3878728
150.92 3.3880879
150.93 3.388303
150.94 3.3885181
150.95 3.3887332
150.96 3.3889722
150.97 3.3891873
150.98 3.3894024
150.99 3.3896175
151.0 3.3898565
151.01 3.3900716
151.02 3.3902867
151.03 3.3905018
151.04 3.3907169
151.05 3.3909559
151.06 3.391171
151.07 3.3913861
151.08 3.3916012
151.09 3.3918402
151.1 3.3920553
151.11 3.3922704
151.12 3.3924855
151.13 3.3927245
151.14 3.3929396
151.15 3.3931547
151.16 3.3933698
151.17 3.3936088
151.18 3.3938239
151.19 3.394039
151.2 3.3942541
151.21 3.3944931
151.22 3.3947082
151.23 3.3949233
151.24 3.3951623
151.25 3.3953774
151.26 3.3955925
151.27 3.3958076
151.28 3.3960466
151.29 3.3962617
151.3 3.3964768
151.31 3.3967158
151.32 3.3969309
151.33 3.397146
151.34 3.3973611
151.35 3.3976001
151.36 3.3978152
151.37 3.3980303
151.38 3.3982693
151.39 3.3984844
151.4 3.3986995
151.41 3.3989385
151.42 3.3991536
151.43 3.3993687
151.44 3.3996077
151.45 3.3998228
151.46 3.4000379
151.47 3.4002769
151.48 3.400492
151.49 3.4007071
151.5 3.4009461
151.51 3.4011612
151.52 3.4013763
151.53 3.4016153
151.54 3.4018304
151.55 3.4020455
151.56 3.4022845
151.57 3.4024996
151.58 3.4027147
151.59 3.4029537
151.6 3.4031688
151.61 3.4034078
151.62 3.4036229
151.63 3.403838
151.64 3.404077
151.65 3.4042921
151.66 3.4045072
151.67 3.4047462
151.68 3.4049613
151.69 3.4052003
151.7 3.4054154
151.71 3.4056305
151.72 3.4058695
151.73 3.4060846
151.74 3.4063236
151.75 3.4065387
151.76 3.4067538
151.77 3.4069928
151.78 3.4072079
151.79 3.4074469
151.8 3.407662
151.81 3.407901
151.82 3.4081161
151.83 3.4083312
151.84 3.4085702
151.85 3.4087853
151.86 3.4090243
151.87 3.4092394
151.88 3.4094784
151.89 3.4096935
151.9 3.4099086
151.91 3.4101476
151.92 3.4103627
151.93 3.4106017
151.94 3.4108168
151.95 3.4110558
151.96 3.4112709
151.97 3.4115099
151.98 3.411725
151.99 3.4119401
152.0 3.4121791
152.01 3.4123942
152.02 3.4126332
152.03 3.4128483
152.04 3.4130873
152.05 3.4133024
152.06 3.4135414
152.07 3.4137565
152.08 3.4139955
152.09 3.4142106
152.1 3.4144496
152.11 3.4146647
152.12 3.4149037
152.13 3.4151188
152.14 3.4153578
152.15 3.4155729
152.16 3.4158119
152.17 3.416027
152.18 3.416266
152.19 3.4164811
152.2 3.4167201
152.21 3.4169352
152.22 3.4171742
152.23 3.4173893
152.24 3.4176283
152.25 3.4178434
152.26 3.4180824
152.27 3.4182975
152.28 3.4185365
152.29 3.4187516
152.3 3.4189906
152.31 3.4192057
152.32 3.4194447
152.33 3.4196598
152.34 3.4198988
152.35 3.4201378
152.36 3.4203529
152.37 3.4205919
152.38 3.420807
152.39 3.421046
152.4 3.4212611
152.41 3.4215001
152.42 3.4217152
152.43 3.4219542
152.44 3.4221932
152.45 3.4224083
152.46 3.4226473
152.47 3.4228624
152.48 3.4231014
152.49 3.4233165
152.5 3.4235555
152.51 3.4237945
152.52 3.4240096
152.53 3.4242486
152.54 3.4244637
152.55 3.4247027
152.56 3.4249178
152.57 3.4251568
152.58 3.4253958
152.59 3.4256109
152.6 3.4258499
152.61 3.426065
152.62 3.426304
152.63 3.426543
152.64 3.4267581
152.65 3.4269971
152.66 3.4272122
152.67 3.4274512
152.68 3.4276902
152.69 3.4279053
152.7 3.4281443
152.71 3.4283833
152.72 3.4285984
152.73 3.4288374
152.74 3.4290525
152.75 3.4292915
152.76 3.4295305
152.77 3.4297456
152.78 3.4299846
152.79 3.4302236
152.8 3.4304387
152.81 3.4306777
152.82 3.4309167
152.83 3.4311318
152.84 3.4313708
152.85 3.4315859
152.86 3.4318249
152.87 3.4320639
152.88 3.432279
152.89 3.432518
152.9 3.432757
152.91 3.4329721
152.92 3.4332111
152.93 3.4334501
152.94 3.4336652
152.95 3.4339042
152.96 3.4341432
152.97 3.4343583
152.98 3.4345973
152.99 3.4348363
153.0 3.4350514
153.01 3.4352904
153.02 3.4355294
153.03 3.4357445
153.04 3.4359835
153.05 3.4362225
153.06 3.4364615
153.07 3.4366766
153.08 3.4369156
153.09 3.4371546
153.1 3.4373697
153.11 3.4376087
153.12 3.4378477
153.13 3.4380628
153.14 3.4383018
153.15 3.4385408
153.16 3.4387798
153.17 3.4389949
153.18 3.4392339
153.19 3.4394729
153.2 3.439688
153.21 3.439927
153.22 3.440166
153.23 3.440405
153.24 3.4406201
153.25 3.4408591
153.26 3.4410981
153.27 3.4413371
153.28 3.4415522
153.29 3.4417912
153.3 3.4420302
153.31 3.4422453
153.32 3.4424843
153.33 3.4427233
153.34 3.4429623
153.35 3.4431774
153.36 3.4434164
153.37 3.4436554
153.38 3.4438944
153.39 3.4441095
153.4 3.4443485
153.41 3.4445875
153.42 3.4448265
153.43 3.4450655
153.44 3.4452806
153.45 3.4455196
153.46 3.4457586
153.47 3.4459976
153.48 3.4462127
153.49 3.4464517
153.5 3.4466907
153.51 3.4469297
153.52 3.4471448
153.53 3.4473838
153.54 3.4476228
153.55 3.4478618
153.56 3.4481008
153.57 3.4483159
153.58 3.4485549
153.59 3.4487939
153.6 3.4490329
153.61 3.4492719
153.62 3.449487
153.63 3.449726
153.64 3.449965
153.65 3.450204
153.66 3.450443
153.67 3.4506581
153.68 3.4508971
153.69 3.4511361
153.7 3.4513751
153.71 3.4516141
153.72 3.4518292
153.73 3.4520682
153.74 3.4523072
153.75 3.4525462
153.76 3.4527852
153.77 3.4530242
153.78 3.4532393
153.79 3.4534783
153.8 3.4537173
153.81 3.4539563
153.82 3.4541953
153.83 3.4544343
153.84 3.4546494
153.85 3.4548884
153.86 3.4551274
153.87 3.4553664
153.88 3.4556054
153.89 3.4558444
153.9 3.4560595
153.91 3.4562985
153.92 3.4565375
153.93 3.4567765
153.94 3.4570155
153.95 3.4572545
153.96 3.4574935
153.97 3.4577086
153.98 3.4579476
153.99 3.4581866
154.0 3.4584256
154.01 3.4586646
154.02 3.4589036
154.03 3.4591426
154.04 3.4593577
154.05 3.4595967
154.06 3.4598357
154.07 3.4600747
154.08 3.4603137
154.09 3.4605527
154.1 3.4607917
154.11 3.4610307
154.12 3.4612697
154.13 3.4614848
154.14 3.4617238
154.15 3.4619628
154.16 3.4622018
154.17 3.4624408
154.18 3.4626798
154.19 3.4629188
154.2 3.4631578
154.21 3.4633968
154.22 3.4636119
154.23 3.4638509
154.24 3.4640899
154.25 3.4643289
154.26 3.4645679
154.27 3.4648069
154.28 3.4650459
154.29 3.4652849
154.3 3.4655239
154.31 3.4657629
154.32 3.4660019
154.33 3.466217
154.34 3.466456
154.35 3.466695
154.36 3.466934
154.37 3.467173
154.38 3.467412
154.39 3.467651
154.4 3.46789
154.41 3.468129
154.42 3.468368
154.43 3.468607
154.44 3.468846
154.45 3.469085
154.46 3.469324
154.47 3.4695391
154.48 3.4697781
154.49 3.4700171
154.5 3.4702561
154.51 3.4704951
154.52 3.4707341
154.53 3.4709731
154.54 3.4712121
154.55 3.4714511
154.56 3.4716901
154.57 3.4719291
154.58 3.4721681
154.59 3.4724071
154.6 3.4726461
154.61 3.4728851
154.62 3.4731241
154.63 3.4733631
154.64 3.4736021
154.65 3.4738411
154.66 3.4740801
154.67 3.4743191
154.68 3.4745581
154.69 3.4747732
154.7 3.4750122
154.71 3.4752512
154.72 3.4754902
154.73 3.4757292
154.74 3.4759682
154.75 3.4762072
154.76 3.4764462
154.77 3.4766852
154.78 3.4769242
154.79 3.4771632
154.8 3.4774022
154.81 3.4776412
154.82 3.4778802
154.83 3.4781192
154.84 3.4783582
154.85 3.4785972
154.86 3.4788362
154.87 3.4790752
154.88 3.4793142
154.89 3.4795532
154.9 3.4797922
154.91 3.4800312
154.92 3.4802702
154.93 3.4805092
154.94 3.4807482
154.95 3.4809872
154.96 3.4812262
154.97 3.4814652
154.98 3.4817042
154.99 3.4819432
155.0 3.4821822
155.01 3.4824212
155.02 3.4826602
155.03 3.4828992
155.04 3.4831382
155.05 3.4833772
155.06 3.4836162
155.07 3.4838552
155.08 3.4840942
155.09 3.4843332
155.1 3.4845961
155.11 3.4848351
155.12 3.4850741
155.13 3.4853131
155.14 3.4855521
155.15 3.4857911
155.16 3.4860301
155.17 3.4862691
155.18 3.4865081
155.19 3.4867471
155.2 3.4869861
155.21 3.4872251
155.22 3.4874641
155.23 3.4877031
155.24 3.4879421
155.25 3.4881811
155.26 3.4884201
155.27 3.4886591
155.28 3.4888981
155.29 3.4891371
155.3 3.4893761
155.31 3.4896151
155.32 3.4898541
155.33 3.490117
155.34 3.490356
155.35 3.490595
155.36 3.490834
155.37 3.491073
155.38 3.491312
155.39 3.491551
155.4 3.49179
155.41 3.492029
155.42 3.492268
155.43 3.492507
155.44 3.492746
155.45 3.492985
155.46 3.493224
155.47 3.493463
155.48 3.4937259
155.49 3.4939649
155.5 3.4942039
155.51 3.4944429
155.52 3.4946819
155.53 3.4949209
155.54 3.4951599
155.55 3.4953989
155.56 3.4956379
155.57 3.4958769
155.58 3.4961159
155.59 3.4963549
155.6 3.4965939
155.61 3.4968568
155.62 3.4970958
155.63 3.4973348
155.64 3.4975738
155.65 3.4978128
155.66 3.4980518
155.67 3.4982908
155.68 3.4985298
155.69 3.4987688
155.7 3.4990078
155.71 3.4992707
155.72 3.4995097
155.73 3.4997487
155.74 3.4999877
155.75 3.5002267
155.76 3.5004657
155.77 3.5007047
155.78 3.5009437
155.79 3.5011827
155.8 3.5014217
155.81 3.5016846
155.82 3.5019236
155.83 3.5021626
155.84 3.5024016
155.85 3.5026406
155.86 3.5028796
155.87 3.5031186
155.88 3.5033576
155.89 3.5035966
155.9 3.5038595
155.91 3.5040985
155.92 3.5043375
155.93 3.5045765
155.94 3.5048155
155.95 3.5050545
155.96 3.5052935
155.97 3.5055325
155.98 3.5057954
155.99 3.5060344
156.0 3.5062734
156.01 3.5065124
156.02 3.5067514
156.03 3.5069904
156.04 3.5072294
156.05 3.5074923
156.06 3.5077313
156.07 3.5079703
156.08 3.5082093
156.09 3.5084483
156.1 3.5086873
156.11 3.5089263
156.12 3.5091653
156.13 3.5094282
156.14 3.5096672
156.15 3.5099062
156.16 3.5101452
156.17 3.5103842
156.18 3.5106232
156.19 3.5108861
156.2 3.5111251
156.21 3.5113641
156.22 3.5116031
156.23 3.5118421
156.24 3.5120811
156.25 3.5123201
156.26 3.512583
156.27 3.512822
156.28 3.513061
156.29 3.5133
156.3 3.513539
156.31 3.513778
156.32 3.514017
156.33 3.5142799
156.34 3.5145189
156.35 3.5147579
156.36 3.5149969
156.37 3.5152359
156.38 3.5154749
156.39 3.5157378
156.4 3.5159768
156.41 3.5162158
156.42 3.5164548
156.43 3.5166938
156.44 3.5169328
156.45 3.5171957
156.46 3.5174347
156.47 3.5176737
156.48 3.5179127
156.49 3.5181517
156.5 3.5183907
156.51 3.5186536
156.52 3.5188926
156.53 3.5191316
156.54 3.5193706
156.55 3.5196096
156.56 3.5198725
156.57 3.5201115
156.58 3.5203505
156.59 3.5205895
156.6 3.5208285
156.61 3.5210675
156.62 3.5213304
156.63 3.5215694
156.64 3.5218084
156.65 3.5220474
156.66 3.5222864
156.67 3.5225493
156.68 3.5227883
156.69 3.5230273
156.7 3.5232663
156.71 3.5235053
156.72 3.5237443
156.73 3.5240072
156.74 3.5242462
156.75 3.5244852
156.76 3.5247242
156.77 3.5249632
156.78 3.5252261
156.79 3.5254651
156.8 3.5257041
156.81 3.5259431
156.82 3.5261821
156.83 3.526445
156.84 3.526684
156.85 3.526923
156.86 3.527162
156.87 3.527401
156.88 3.5276639
156.89 3.5279029
156.9 3.5281419
156.91 3.5283809
156.92 3.5286199
156.93 3.5288828
156.94 3.5291218
156.95 3.5293608
156.96 3.5295998
156.97 3.5298388
156.98 3.5301017
156.99 3.5303407
157.0 3.5305797
157.01 3.5308187
157.02 3.5310577
157.03 3.5313206
157.04 3.5315596
157.05 3.5317986
157.06 3.5320376
157.07 3.5323005
157.08 3.5325395
157.09 3.5327785
157.1 3.5330175
157.11 3.5332565
157.12 3.5335194
157.13 3.5337584
157.14 3.5339974
157.15 3.5342364
157.16 3.5344754
157.17 3.5347383
157.18 3.5349773
157.19 3.5352163
157.2 3.5354553
157.21 3.5357182
157.22 3.5359572
157.23 3.5361962
157.24 3.5364352
157.25 3.5366742
157.26 3.5369371
157.27 3.5371761
157.28 3.5374151
157.29 3.5376541
157.3 3.537917
157.31 3.538156
157.32 3.538395
157.33 3.538634
157.34 3.538873
157.35 3.5391359
157.36 3.5393749
157.37 3.5396139
157.38 3.5398529
157.39 3.5401158
157.4 3.5403548
157.41 3.5405938
157.42 3.5408328
157.43 3.5410718
157.44 3.5413347
157.45 3.5415737
157.46 3.5418127
157.47 3.5420517
157.48 3.5423146
157.49 3.5425536
157.5 3.5427926
157.51 3.5430316
157.52 3.5432945
157.53 3.5435335
157.54 3.5437725
157.55 3.5440115
157.56 3.5442505
157.57 3.5445134
157.58 3.5447524
157.59 3.5449914
157.6 3.5452304
157.61 3.5454933
157.62 3.5457323
157.63 3.5459713
157.64 3.5462103
157.65 3.5464732
157.66 3.5467122
157.67 3.5469512
157.68 3.5471902
157.69 3.5474531
157.7 3.5476921
157.71 3.5479311
157.72 3.5481701
157.73 3.5484091
157.74 3.548672
157.75 3.548911
157.76 3.54915
157.77 3.549389
157.78 3.5496519
157.79 3.5498909
157.8 3.5501299
157.81 3.5503689
157.82 3.5506318
157.83 3.5508708
157.84 3.5511098
157.85 3.5513488
157.86 3.5516117
157.87 3.5518507
157.88 3.5520897
157.89 3.5523287
157.9 3.5525916
157.91 3.5528306
157.92 3.5530696
157.93 3.5533086
157.94 3.5535715
157.95 3.5538105
157.96 3.5540495
157.97 3.5542885
157.98 3.5545514
157.99 3.5547904
158.0 3.5550294
158.01 3.5552684
158.02 3.5555313
158.03 3.5557703
158.04 3.5560093
158.05 3.5562483
158.06 3.5565112
158.07 3.5567502
158.08 3.5569892
158.09 3.5572282
158.1 3.5574911
158.11 3.5577301
158.12 3.5579691
158.13 3.5582081
158.14 3.5584471
158.15 3.55871
158.16 3.558949
158.17 3.559188
158.18 3.559427
158.19 3.5596899
158.2 3.5599289
158.21 3.5601679
158.22 3.5604069
158.23 3.5606698
158.24 3.5609088
158.25 3.5611478
158.26 3.5613868
158.27 3.5616497
158.28 3.5618887
158.29 3.5621277
158.3 3.5623667
158.31 3.5626296
158.32 3.5628686
158.33 3.5631076
158.34 3.5633466
158.35 3.5636095
158.36 3.5638485
158.37 3.5640875
158.38 3.5643265
158.39 3.5645894
158.4 3.5648284
158.41 3.5650674
158.42 3.5653064
158.43 3.5655693
158.44 3.5658083
158.45 3.5660473
158.46 3.5662863
158.47 3.5665492
158.48 3.5667882
158.49 3.5670272
158.5 3.5672662
158.51 3.5675291
158.52 3.5677681
158.53 3.5680071
158.54 3.56827
158.55 3.568509
158.56 3.568748
158.57 3.568987
158.58 3.5692499
158.59 3.5694889
158.6 3.5697279
158.61 3.5699669
158.62 3.5702298
158.63 3.5704688
158.64 3.5707078
158.65 3.5709468
158.66 3.5712097
158.67 3.5714487
158.68 3.5716877
158.69 3.5719267
158.7 3.5721896
158.71 3.5724286
158.72 3.5726676
158.73 3.5729066
158.74 3.5731695
158.75 3.5734085
158.76 3.5736475
158.77 3.5738865
158.78 3.5741494
158.79 3.5743884
158.8 3.5746274
158.81 3.5748664
158.82 3.5751293
158.83 3.5753683
158.84 3.5756073
158.85 3.5758463
158.86 3.5760853
158.87 3.5763482
158.88 3.5765872
158.89 3.5768262
158.9 3.5770652
158.91 3.5773281
158.92 3.5775671
158.93 3.5778061
158.94 3.5780451
158.95 3.578308
158.96 3.578547
158.97 3.578786
158.98 3.579025
158.99 3.5792879
159.0 3.5795269
159.01 3.5797659
159.02 3.5800049
159.03 3.5802678
159.04 3.5805068
159.05 3.5807458
159.06 3.5809848
159.07 3.5812477
159.08 3.5814867
159.09 3.5817257
159.1 3.5819647
159.11 3.5822276
159.12 3.5824666
159.13 3.5827056
159.14 3.5829446
159.15 3.5832075
159.16 3.5834465
159.17 3.5836855
159.18 3.5839245
159.19 3.5841874
159.2 3.5844264
159.21 3.5846654
159.22 3.5849044
159.23 3.5851673
159.24 3.5854063
159.25 3.5856453
159.26 3.5858843
159.27 3.5861233
159.28 3.5863862
159.29 3.5866252
159.3 3.5868642
159.31 3.5871032
159.32 3.5873661
159.33 3.5876051
159.34 3.5878441
159.35 3.5880831
159.36 3.588346
159.37 3.588585
159.38 3.588824
159.39 3.589063
159.4 3.5893259
159.41 3.5895649
159.42 3.5898039
159.43 3.5900429
159.44 3.5902819
159.45 3.5905448
159.46 3.5907838
159.47 3.5910228
159.48 3.5912618
159.49 3.5915247
159.5 3.5917637
159.51 3.5920027
159.52 3.5922417
159.53 3.5925046
159.54 3.5927436
159.55 3.5929826
159.56 3.5932216
159.57 3.5934606
159.58 3.5937235
159.59 3.5939625
159.6 3.5942015
159.61 3.5944405
159.62 3.5947034
159.63 3.5949424
159.64 3.5951814
159.65 3.5954204
159.66 3.5956833
159.67 3.5959223
159.68 3.5961613
159.69 3.5964003
159.7 3.5966393
159.71 3.5969022
159.72 3.5971412
159.73 3.5973802
159.74 3.5976192
159.75 3.5978582
159.76 3.5981211
159.77 3.5983601
159.78 3.5985991
159.79 3.5988381
159.8 3.599101
159.81 3.59934
159.82 3.599579
159.83 3.599818
159.84 3.600057
159.85 3.6003199
159.86 3.6005589
159.87 3.6007979
159.88 3.6010369
159.89 3.6012998
159.9 3.6015388
159.91 3.6017778
159.92 3.6020168
159.93 3.6022558
159.94 3.6025187
159.95 3.6027577
159.96 3.6029967
159.97 3.6032357
159.98 3.6034747
159.99 3.6037376
160.0 3.6039766
160.01 3.6042156
160.02 3.6044546
160.03 3.6046936
160.04 3.6049565
160.05 3.6051955
160.06 3.6054345
160.07 3.6056735
160.08 3.6059125
160.09 3.6061754
160.1 3.6064144
160.11 3.6066534
160.12 3.6068924
160.13 3.6071314
160.14 3.6073943
160.15 3.6076333
160.16 3.6078723
160.17 3.6081113
160.18 3.6083503
160.19 3.6086132
160.2 3.6088522
160.21 3.6090912
160.22 3.6093302
160.23 3.6095692
160.24 3.6098321
160.25 3.6100711
160.26 3.6103101
160.27 3.6105491
160.28 3.6107881
160.29 3.6110271
160.3 3.61129
160.31 3.611529
160.32 3.611768
160.33 3.612007
160.34 3.612246
160.35 3.6125089
160.36 3.6127479
160.37 3.6129869
160.38 3.6132259
160.39 3.6134649
160.4 3.6137039
160.41 3.6139668
160.42 3.6142058
160.43 3.6144448
160.44 3.6146838
160.45 3.6149228
160.46 3.6151618
160.47 3.6154247
160.48 3.6156637
160.49 3.6159027
160.5 3.6161417
160.51 3.6163807
160.52 3.6166436
160.53 3.6168826
160.54 3.6171216
160.55 3.6173606
160.56 3.6175996
160.57 3.6178386
160.58 3.6180776
160.59 3.6183405
160.6 3.6185795
160.61 3.6188185
160.62 3.6190575
160.63 3.6192965
160.64 3.6195355
160.65 3.6197984
160.66 3.6200374
160.67 3.6202764
160.68 3.6205154
160.69 3.6207544
160.7 3.6209934
160.71 3.6212563
160.72 3.6214953
160.73 3.6217343
160.74 3.6219733
160.75 3.6222123
160.76 3.6224513
160.77 3.6226903
160.78 3.6229532
160.79 3.6231922
160.8 3.6234312
160.81 3.6236702
160.82 3.6239092
160.83 3.6241482
160.84 3.6243872
160.85 3.6246501
160.86 3.6248891
160.87 3.6251281
160.88 3.6253671
160.89 3.6256061
160.9 3.6258451
160.91 3.6260841
160.92 3.6263231
160.93 3.626586
160.94 3.626825
160.95 3.627064
160.96 3.627303
160.97 3.627542
160.98 3.627781
160.99 3.62802
161.0 3.6282829
161.01 3.6285219
161.02 3.6287609
161.03 3.6289999
161.04 3.6292389
161.05 3.6294779
161.06 3.6297169
161.07 3.6299559
161.08 3.6301949
161.09 3.6304578
161.1 3.6306968
161.11 3.6309358
161.12 3.6311748
161.13 3.6314138
161.14 3.6316528
161.15 3.6318918
161.16 3.6321308
161.17 3.6323698
161.18 3.6326327
161.19 3.6328717
161.2 3.6331107
161.21 3.6333497
161.22 3.6335887
161.23 3.6338277
161.24 3.6340667
161.25 3.6343057
161.26 3.6345447
161.27 3.6347837
161.28 3.6350466
161.29 3.6352856
161.3 3.6355246
161.31 3.6357636
161.32 3.6360026
161.33 3.6362416
161.34 3.6364806
161.35 3.6367196
161.36 3.6369586
161.37 3.6371976
161.38 3.6374366
161.39 3.6376756
161.4 3.6379385
161.41 3.6381775
161.42 3.6384165
161.43 3.6386555
161.44 3.6388945
161.45 3.6391335
161.46 3.6393725
161.47 3.6396115
161.48 3.6398505
161.49 3.6400895
161.5 3.6403285
161.51 3.6405675
161.52 3.6408065
161.53 3.6410455
161.54 3.6413084
161.55 3.6415474
161.56 3.6417864
161.57 3.6420254
161.58 3.6422644
161.59 3.6425034
161.6 3.6427424
161.61 3.6429814
161.62 3.6432204
161.63 3.6434594
161.64 3.6436984
161.65 3.6439374
161.66 3.6441764
161.67 3.6444154
161.68 3.6446544
161.69 3.6448934
161.7 3.6451324
161.71 3.6453714
161.72 3.6456104
161.73 3.6458494
161.74 3.6461123
161.75 3.6463513
161.76 3.6465903
161.77 3.6468293
161.78 3.6470683
161.79 3.6473073
161.8 3.6475463
161.81 3.6477853
161.82 3.6480243
161.83 3.6482633
161.84 3.6485023
161.85 3.6487413
161.86 3.6489803
161.87 3.6492193
161.88 3.6494583
161.89 3.6496973
161.9 3.6499363
161.91 3.6501753
161.92 3.6504143
161.93 3.6506533
161.94 3.6508923
161.95 3.6511313
161.96 3.6513703
161.97 3.6516093
161.98 3.6518483
161.99 3.6520873
162.0 3.6523263
162.01 3.6525653
162.02 3.6528043
162.03 3.6530433
162.04 3.6532823
162.05 3.6535213
162.06 3.6537603
162.07 3.6539993
162.08 3.6542383
162.09 3.6544773
162.1 3.6547163
162.11 3.6549553
162.12 3.6551943
162.13 3.6554333
162.14 3.6556723
162.15 3.6559113
162.16 3.6561503
162.17 3.6563893
162.18 3.6566283
162.19 3.6568673
162.2 3.6571063
162.21 3.6573453
162.22 3.6575843
162.23 3.6578233
162.24 3.6580623
162.25 3.6583013
162.26 3.6585164
162.27 3.6587554
162.28 3.6589944
162.29 3.6592334
162.3 3.6594724
162.31 3.6597114
162.32 3.6599504
162.33 3.6601894
162.34 3.6604284
162.35 3.6606674
162.36 3.6609064
162.37 3.6611454
162.38 3.6613844
162.39 3.6616234
162.4 3.6618624
162.41 3.6621014
162.42 3.6623404
162.43 3.6625794
162.44 3.6628184
162.45 3.6630335
162.46 3.6632725
162.47 3.6635115
162.48 3.6637505
162.49 3.6639895
162.5 3.6642285
162.51 3.6644675
162.52 3.6647065
162.53 3.6649455
162.54 3.6651845
162.55 3.6654235
162.56 3.6656625
162.57 3.6659015
162.58 3.6661166
162.59 3.6663556
162.6 3.6665946
162.61 3.6668336
162.62 3.6670726
162.63 3.6673116
162.64 3.6675506
162.65 3.6677896
162.66 3.6680286
162.67 3.6682676
162.68 3.6684827
162.69 3.6687217
162.7 3.6689607
162.71 3.6691997
162.72 3.6694387
162.73 3.6696777
162.74 3.6699167
162.75 3.6701557
162.76 3.6703947
162.77 3.6706098
162.78 3.6708488
162.79 3.6710878
162.8 3.6713268
162.81 3.6715658
162.82 3.6718048
162.83 3.6720438
162.84 3.6722828
162.85 3.6724979
162.86 3.6727369
162.87 3.6729759
162.88 3.6732149
162.89 3.6734539
162.9 3.6736929
162.91 3.6739319
162.92 3.674147
162.93 3.674386
162.94 3.674625
162.95 3.674864
162.96 3.675103
162.97 3.675342
162.98 3.6755571
162.99 3.6757961
163.0 3.6760351
163.01 3.6762741
163.02 3.6765131
163.03 3.6767521
163.04 3.6769672
163.05 3.6772062
163.06 3.6774452
163.07 3.6776842
163.08 3.6779232
163.09 3.6781622
163.1 3.6783773
163.11 3.6786163
163.12 3.6788553
163.13 3.6790943
163.14 3.6793333
163.15 3.6795484
163.16 3.6797874
163.17 3.6800264
163.18 3.6802654
163.19 3.6805044
163.2 3.6807195
163.21 3.6809585
163.22 3.6811975
163.23 3.6814365
163.24 3.6816755
163.25 3.6818906
163.26 3.6821296
163.27 3.6823686
163.28 3.6826076
163.29 3.6828466
163.3 3.6830617
163.31 3.6833007
163.32 3.6835397
163.33 3.6837787
163.34 3.6839938
163.35 3.6842328
163.36 3.6844718
163.37 3.6847108
163.38 3.6849498
163.39 3.6851649
163.4 3.6854039
163.41 3.6856429
163.42 3.6858819
163.43 3.686097
163.44 3.686336
163.45 3.686575
163.46 3.686814
163.47 3.6870291
163.48 3.6872681
163.49 3.6875071
163.5 3.6877461
163.51 3.6879612
163.52 3.6882002
163.53 3.6884392
163.54 3.6886543
163.55 3.6888933
163.56 3.6891323
163.57 3.6893713
163.58 3.6895864
163.59 3.6898254
163.6 3.6900644
163.61 3.6903034
163.62 3.6905185
163.63 3.6907575
163.64 3.6909965
163.65 3.6912116
163.66 3.6914506
163.67 3.6916896
163.68 3.6919047
163.69 3.6921437
163.7 3.6923827
163.71 3.6926217
163.72 3.6928368
163.73 3.6930758
163.74 3.6933148
163.75 3.6935299
163.76 3.6937689
163.77 3.6940079
163.78 3.694223
163.79 3.694462
163.8 3.694701
163.81 3.6949161
163.82 3.6951551
163.83 3.6953941
163.84 3.6956092
163.85 3.6958482
163.86 3.6960872
163.87 3.6963023
163.88 3.6965413
163.89 3.6967803
163.9 3.6969954
163.91 3.6972344
163.92 3.6974734
163.93 3.6976885
163.94 3.6979275
163.95 3.6981665
163.96 3.6983816
163.97 3.6986206
163.98 3.6988596
163.99 3.6990747
164.0 3.6993137
164.01 3.6995288
164.02 3.6997678
164.03 3.7000068
164.04 3.7002219
164.05 3.7004609
164.06 3.7006999
164.07 3.700915
164.08 3.701154
164.09 3.7013691
164.1 3.7016081
164.11 3.7018471
164.12 3.7020622
164.13 3.7023012
164.14 3.7025163
164.15 3.7027553
164.16 3.7029943
164.17 3.7032094
164.18 3.7034484
164.19 3.7036635
164.2 3.7039025
164.21 3.7041415
164.22 3.7043566
164.23 3.7045956
164.24 3.7048107
164.25 3.7050497
164.26 3.7052648
164.27 3.7055038
164.28 3.7057428
164.29 3.7059579
164.3 3.7061969
164.31 3.706412
164.32 3.706651
164.33 3.7068661
164.34 3.7071051
164.35 3.7073202
164.36 3.7075592
164.37 3.7077982
164.38 3.7080133
164.39 3.7082523
164.4 3.7084674
164.41 3.7087064
164.42 3.7089215
164.43 3.7091605
164.44 3.7093756
164.45 3.7096146
164.46 3.7098297
164.47 3.7100687
164.48 3.7102838
164.49 3.7105228
164.5 3.7107379
164.51 3.7109769
164.52 3.711192
164.53 3.711431
164.54 3.7116461
164.55 3.7118851
164.56 3.7121002
164.57 3.7123392
164.58 3.7125543
164.59 3.7127933
164.6 3.7130084
164.61 3.7132474
164.62 3.7134625
164.63 3.7137015
164.64 3.7139166
164.65 3.7141556
164.66 3.7143707
164.67 3.7146097
164.68 3.7148248
164.69 3.7150638
164.7 3.7152789
164.71 3.7155179
164.72 3.715733
164.73 3.715972
164.74 3.7161871
164.75 3.7164261
164.76 3.7166412
164.77 3.7168563
164.78 3.7170953
164.79 3.7173104
164.8 3.7175494
164.81 3.7177645
164.82 3.7180035
164.83 3.7182186
164.84 3.7184337
164.85 3.7186727
164.86 3.7188878
164.87 3.7191268
164.88 3.7193419
164.89 3.7195809
164.9 3.719796
164.91 3.7200111
164.92 3.7202501
164.93 3.7204652
164.94 3.7207042
164.95 3.7209193
164.96 3.7211344
164.97 3.7213734
164.98 3.7215885
164.99 3.7218275
165.0 3.7220426
165.01 3.7222577
165.02 3.7224967
165.03 3.7227118
165.04 3.7229508
165.05 3.7231659
165.06 3.723381
165.07 3.72362
165.08 3.7238351
165.09 3.7240502
165.1 3.7242892
165.11 3.7245043
165.12 3.7247194
165.13 3.7249584
165.14 3.7251735
165.15 3.7253886
165.16 3.7256276
165.17 3.7258427
165.18 3.7260578
165.19 3.7262968
165.2 3.7265119
165.21 3.726727
165.22 3.726966
165.23 3.7271811
165.24 3.7273962
165.25 3.7276352
165.26 3.7278503
165.27 3.7280654
165.28 3.7283044
165.29 3.7285195
165.3 3.7287346
165.31 3.7289736
165.32 3.7291887
165.33 3.7294038
165.34 3.7296428
165.35 3.7298579
165.36 3.730073
165.37 3.7302881
165.38 3.7305271
165.39 3.7307422
165.4 3.7309573
165.41 3.7311963
165.42 3.7314114
165.43 3.7316265
165.44 3.7318416
165.45 3.7320806
165.46 3.7322957
165.47 3.7325108
165.48 3.7327259
165.49 3.7329649
165.5 3.73318
165.51 3.7333951
165.52 3.7336102
165.53 3.7338492
165.54 3.7340643
165.55 3.7342794
165.56 3.7344945
165.57 3.7347335
165.58 3.7349486
165.59 3.7351637
165.6 3.7353788
165.61 3.7355939
165.62 3.7358329
165.63 3.736048
165.64 3.7362631
165.65 3.7364782
165.66 3.7366933
165.67 3.7369323
165.68 3.7371474
165.69 3.7373625
165.7 3.7375776
165.71 3.7377927
165.72 3.7380317
165.73 3.7382468
165.74 3.7384619
165.75 3.738677
165.76 3.7388921
165.77 3.7391311
165.78 3.7393462
165.79 3.7395613
165.8 3.7397764
165.81 3.7399915
165.82 3.7402066
165.83 3.7404456
165.84 3.7406607
165.85 3.7408758
165.86 3.7410909
165.87 3.741306
165.88 3.7415211
165.89 3.7417362
165.9 3.7419752
165.91 3.7421903
165.92 3.7424054
165.93 3.7426205
165.94 3.7428356
165.95 3.7430507
165.96 3.7432658
165.97 3.7434809
165.98 3.743696
165.99 3.743935
166.0 3.7441501
166.01 3.7443652
166.02 3.7445803
166.03 3.7447954
166.04 3.7450105
166.05 3.7452256
166.06 3.7454407
166.07 3.7456558
166.08 3.7458709
166.09 3.746086
166.1 3.746325
166.11 3.7465401
166.12 3.7467552
166.13 3.7469703
166.14 3.7471854
166.15 3.7474005
166.16 3.7476156
166.17 3.7478307
166.18 3.7480458
166.19 3.7482609
166.2 3.748476
166.21 3.7486911
166.22 3.7489062
166.23 3.7491213
166.24 3.7493364
166.25 3.7495515
166.26 3.7497666
166.27 3.7499817
166.28 3.7501968
166.29 3.7504119
166.3 3.750627
166.31 3.7508421
166.32 3.7510572
166.33 3.7512723
166.34 3.7514874
166.35 3.7517025
166.36 3.7519176
166.37 3.7521327
166.38 3.7523478
166.39 3.7525629
166.4 3.752778
166.41 3.7529931
166.42 3.7532082
166.43 3.7534233
166.44 3.7536384
166.45 3.7538535
166.46 3.7540686
166.47 3.7542837
166.48 3.7544988
166.49 3.7547139
166.5 3.754929
166.51 3.7551441
166.52 3.7553592
166.53 3.7555743
166.54 3.7557894
166.55 3.7560045
166.56 3.7561957
166.57 3.7564108
166.58 3.7566259
166.59 3.756841
166.6 3.7570561
166.61 3.7572712
166.62 3.7574863
166.63 3.7577014
166.64 3.7579165
166.65 3.7581316
166.66 3.7583467
166.67 3.7585379
166.68 3.758753
166.69 3.7589681
166.7 3.7591832
166.71 3.7593983
166.72 3.7596134
166.73 3.7598285
166.74 3.7600436
166.75 3.7602348
166.76 3.7604499
166.77 3.760665
166.78 3.7608801
166.79 3.7610952
166.8 3.7613103
166.81 3.7615254
166.82 3.7617166
166.83 3.7619317
166.84 3.7621468
166.85 3.7623619
166.86 3.762577
166.87 3.7627921
166.88 3.7629833
166.89 3.7631984
166.9 3.7634135
166.91 3.7636286
166.92 3.7638437
166.93 3.7640349
166.94 3.76425
166.95 3.7644651
166.96 3.7646802
166.97 3.7648953
166.98 3.7650865
166.99 3.7653016
167.0 3.7655167
167.01 3.7657318
167.02 3.7659469
167.03 3.7661381
167.04 3.7663532
167.05 3.7665683
167.06 3.7667834
167.07 3.7669746
167.08 3.7671897
167.09 3.7674048
167.1 3.7676199
167.11 3.7678111
167.12 3.7680262
167.13 3.7682413
167.14 3.7684564
167.15 3.7686476
167.16 3.7688627
167.17 3.7690778
167.18 3.769269
167.19 3.7694841
167.2 3.7696992
167.21 3.7699143
167.22 3.7701055
167.23 3.7703206
167.24 3.7705357
167.25 3.7707269
167.26 3.770942
167.27 3.7711571
167.28 3.7713483
167.29 3.7715634
167.3 3.7717785
167.31 3.7719697
167.32 3.7721848
167.33 3.7723999
167.34 3.7725911
167.35 3.7728062
167.36 3.7730213
167.37 3.7732125
167.38 3.7734276
167.39 3.7736427
167.4 3.7738339
167.41 3.774049
167.42 3.7742641
167.43 3.7744553
167.44 3.7746704
167.45 3.7748855
167.46 3.7750767
167.47 3.7752918
167.48 3.775483
167.49 3.7756981
167.5 3.7759132
167.51 3.7761044
167.52 3.7763195
167.53 3.7765107
167.54 3.7767258
167.55 3.7769409
167.56 3.7771321
167.57 3.7773472
167.58 3.7775384
167.59 3.7777535
167.6 3.7779447
167.61 3.7781598
167.62 3.7783749
167.63 3.7785661
167.64 3.7787812
167.65 3.7789724
167.66 3.7791875
167.67 3.7793787
167.68 3.7795938
167.69 3.779785
167.7 3.7800001
167.71 3.7801913
167.72 3.7804064
167.73 3.7805976
167.74 3.7808127
167.75 3.7810278
167.76 3.781219
167.77 3.7814341
167.78 3.7816253
167.79 3.7818404
167.8 3.7820316
167.81 3.7822467
167.82 3.7824379
167.83 3.782653
167.84 3.7828442
167.85 3.7830354
167.86 3.7832505
167.87 3.7834417
167.88 3.7836568
167.89 3.783848
167.9 3.7840631
167.91 3.7842543
167.92 3.7844694
167.93 3.7846606
167.94 3.7848757
167.95 3.7850669
167.96 3.7852581
167.97 3.7854732
167.98 3.7856644
167.99 3.7858795
168.0 3.7860707
168.01 3.7862858
168.02 3.786477
168.03 3.7866682
168.04 3.7868833
168.05 3.7870745
168.06 3.7872896
168.07 3.7874808
168.08 3.787672
168.09 3.7878871
168.1 3.7880783
168.11 3.7882934
168.12 3.7884846
168.13 3.7886758
168.14 3.7888909
168.15 3.7890821
168.16 3.7892733
168.17 3.7894884
168.18 3.7896796
168.19 3.7898708
168.2 3.7900859
168.21 3.7902771
168.22 3.7904683
168.23 3.7906834
168.24 3.7908746
168.25 3.7910658
168.26 3.7912809
168.27 3.7914721
168.28 3.7916633
168.29 3.7918784
168.3 3.7920696
168.31 3.7922608
168.32 3.7924759
168.33 3.7926671
168.34 3.7928583
168.35 3.7930495
168.36 3.7932646
168.37 3.7934558
168.38 3.793647
168.39 3.7938621
168.4 3.7940533
168.41 3.7942445
168.42 3.7944357
168.43 3.7946508
168.44 3.794842
168.45 3.7950332
168.46 3.7952244
168.47 3.7954395
168.48 3.7956307
168.49 3.7958219
168.5 3.7960131
168.51 3.7962282
168.52 3.7964194
168.53 3.7966106
168.54 3.7968018
168.55 3.796993
168.56 3.7972081
168.57 3.7973993
168.58 3.7975905
168.59 3.7977817
168.6 3.7979729
168.61 3.798188
168.62 3.7983792
168.63 3.7985704
168.64 3.7987616
168.65 3.7989528
168.66 3.799144
168.67 3.7993591
168.68 3.7995503
168.69 3.7997415
168.7 3.7999327
168.71 3.8001239
168.72 3.8003151
168.73 3.8005063
168.74 3.8007214
168.75 3.8009126
168.76 3.8011038
168.77 3.801295
168.78 3.8014862
168.79 3.8016774
168.8 3.8018686
168.81 3.8020598
168.82 3.802251
168.83 3.8024661
168.84 3.8026573
168.85 3.8028485
168.86 3.8030397
168.87 3.8032309
168.88 3.8034221
168.89 3.8036133
168.9 3.8038045
168.91 3.8039957
168.92 3.8041869
168.93 3.8043781
168.94 3.8045693
168.95 3.8047605
168.96 3.8049517
168.97 3.8051429
168.98 3.805358
168.99 3.8055492
169.0 3.8057404
169.01 3.8059316
169.02 3.8061228
169.03 3.806314
169.04 3.8065052
169.05 3.8066964
169.06 3.8068876
169.07 3.8070788
169.08 3.80727
169.09 3.8074612
169.1 3.8076524
169.11 3.8078436
169.12 3.8080348
169.13 3.808226
169.14 3.8084172
169.15 3.8085845
169.16 3.8087757
169.17 3.8089669
169.18 3.8091581
169.19 3.8093493
169.2 3.8095405
169.21 3.8097317
169.22 3.8099229
169.23 3.8101141
169.24 3.8103053
169.25 3.8104965
169.26 3.8106877
169.27 3.8108789
169.28 3.8110701
169.29 3.8112613
169.3 3.8114286
169.31 3.8116198
169.32 3.811811
169.33 3.8120022
169.34 3.8121934
169.35 3.8123846
169.36 3.8125758
169.37 3.812767
169.38 3.8129343
169.39 3.8131255
169.4 3.8133167
169.41 3.8135079
169.42 3.8136991
169.43 3.8138903
169.44 3.8140815
169.45 3.8142488
169.46 3.81444
169.47 3.8146312
169.48 3.8148224
169.49 3.8150136
169.5 3.8152048
169.51 3.8153721
169.52 3.8155633
169.53 3.8157545
169.54 3.8159457
169.55 3.8161369
169.56 3.8163042
169.57 3.8164954
169.58 3.8166866
169.59 3.8168778
169.6 3.8170451
169.61 3.8172363
169.62 3.8174275
169.63 3.8176187
169.64 3.8178099
169.65 3.8179772
169.66 3.8181684
169.67 3.8183596
169.68 3.8185508
169.69 3.8187181
169.7 3.8189093
169.71 3.8191005
169.72 3.8192678
169.73 3.819459
169.74 3.8196502
169.75 3.8198414
169.76 3.8200087
169.77 3.8201999
169.78 3.8203911
169.79 3.8205584
169.8 3.8207496
169.81 3.8209408
169.82 3.8211081
169.83 3.8212993
169.84 3.8214905
169.85 3.8216578
169.86 3.821849
169.87 3.8220402
169.88 3.8222075
169.89 3.8223987
169.9 3.8225899
169.91 3.8227572
169.92 3.8229484
169.93 3.8231396
169.94 3.8233069
169.95 3.8234981
169.96 3.8236654
169.97 3.8238566
169.98 3.8240478
169.99 3.8242151
170.0 3.8244063
170.01 3.8245736
170.02 3.8247648
170.03 3.824956
170.04 3.8251233
170.05 3.8253145
170.06 3.8254818
170.07 3.825673
170.08 3.8258403
170.09 3.8260315
170.1 3.8262227
170.11 3.82639
170.12 3.8265812
170.13 3.8267485
170.14 3.8269397
170.15 3.827107
170.16 3.8272982
170.17 3.8274655
170.18 3.8276567
170.19 3.827824
170.2 3.8280152
170.21 3.8281825
170.22 3.8283737
170.23 3.828541
170.24 3.8287322
170.25 3.8288995
170.26 3.8290907
170.27 3.829258
170.28 3.8294492
170.29 3.8296165
170.3 3.8298077
170.31 3.829975
170.32 3.8301662
170.33 3.8303335
170.34 3.8305008
170.35 3.830692
170.36 3.8308593
170.37 3.8310505
170.38 3.8312178
170.39 3.831409
170.4 3.8315763
170.41 3.8317436
170.42 3.8319348
170.43 3.8321021
170.44 3.8322933
170.45 3.8324606
170.46 3.8326279
170.47 3.8328191
170.48 3.8329864
170.49 3.8331776
170.5 3.8333449
170.51 3.8335122
170.52 3.8337034
170.53 3.8338707
170.54 3.834038
170.55 3.8342292
170.56 3.8343965
170.57 3.8345638
170.58 3.834755
170.59 3.8349223
170.6 3.8350896
170.61 3.8352808
170.62 3.8354481
170.63 3.8356154
170.64 3.8358066
170.65 3.8359739
170.66 3.8361412
170.67 3.8363324
170.68 3.8364997
170.69 3.836667
170.7 3.8368343
170.71 3.8370255
170.72 3.8371928
170.73 3.8373601
170.74 3.8375513
170.75 3.8377186
170.76 3.8378859
170.77 3.8380532
170.78 3.8382205
170.79 3.8384117
170.8 3.838579
170.81 3.8387463
170.82 3.8389136
170.83 3.8391048
170.84 3.8392721
170.85 3.8394394
170.86 3.8396067
170.87 3.839774
170.88 3.8399652
170.89 3.8401325
170.9 3.8402998
170.91 3.8404671
170.92 3.8406344
170.93 3.8408256
170.94 3.8409929
170.95 3.8411602
170.96 3.8413275
170.97 3.8414948
170.98 3.8416621
170.99 3.8418294
171.0 3.8420206
171.01 3.8421879
171.02 3.8423552
171.03 3.8425225
171.04 3.8426898
171.05 3.8428571
171.06 3.8430244
171.07 3.8431917
171.08 3.8433829
171.09 3.8435502
171.1 3.8437175
171.11 3.8438848
171.12 3.8440521
171.13 3.8442194
171.14 3.8443867
171.15 3.844554
171.16 3.8447213
171.17 3.8448886
171.18 3.8450559
171.19 3.8452232
171.2 3.8453905
171.21 3.8455578
171.22 3.8457251
171.23 3.8458924
171.24 3.8460836
171.25 3.8462509
171.26 3.8464182
171.27 3.8465855
171.28 3.8467528
171.29 3.8469201
171.3 3.8470874
171.31 3.8472547
171.32 3.847422
171.33 3.8475654
171.34 3.8477327
171.35 3.8479
171.36 3.8480673
171.37 3.8482346
171.38 3.8484019
171.39 3.8485692
171.4 3.8487365
171.41 3.8489038
171.42 3.8490711
171.43 3.8492384
171.44 3.8494057
171.45 3.849573
171.46 3.8497403
171.47 3.8499076
171.48 3.8500749
171.49 3.8502422
171.5 3.8503856
171.51 3.8505529
171.52 3.8507202
171.53 3.8508875
171.54 3.8510548
171.55 3.8512221
171.56 3.8513894
171.57 3.8515567
171.58 3.8517001
171.59 3.8518674
171.6 3.8520347
171.61 3.852202
171.62 3.8523693
171.63 3.8525366
171.64 3.85268
171.65 3.8528473
171.66 3.8530146
171.67 3.8531819
171.68 3.8533492
171.69 3.8535165
171.7 3.8536599
171.71 3.8538272
171.72 3.8539945
171.73 3.8541618
171.74 3.8543052
171.75 3.8544725
171.76 3.8546398
171.77 3.8548071
171.78 3.8549744
171.79 3.8551178
171.8 3.8552851
171.81 3.8554524
171.82 3.8556197
171.83 3.8557631
171.84 3.8559304
171.85 3.8560977
171.86 3.8562411
171.87 3.8564084
171.88 3.8565757
171.89 3.856743
171.9 3.8568864
171.91 3.8570537
171.92 3.857221
171.93 3.8573644
171.94 3.8575317
171.95 3.857699
171.96 3.8578424
171.97 3.8580097
171.98 3.858177
171.99 3.8583204
172.0 3.8584877
172.01 3.858655
172.02 3.8587984
172.03 3.8589657
172.04 3.859133
172.05 3.8592764
172.06 3.8594437
172.07 3.8595871
172.08 3.8597544
172.09 3.8599217
172.1 3.8600651
172.11 3.8602324
172.12 3.8603758
172.13 3.8605431
172.14 3.8607104
172.15 3.8608538
172.16 3.8610211
172.17 3.8611645
172.18 3.8613318
172.19 3.8614752
172.2 3.8616425
172.21 3.8617859
172.22 3.8619532
172.23 3.8621205
172.24 3.8622639
172.25 3.8624312
172.26 3.8625746
172.27 3.8627419
172.28 3.8628853
172.29 3.8630526
172.3 3.863196
172.31 3.8633633
172.32 3.8635067
172.33 3.863674
172.34 3.8638174
172.35 3.8639847
172.36 3.8641281
172.37 3.8642715
172.38 3.8644388
172.39 3.8645822
172.4 3.8647495
172.41 3.8648929
172.42 3.8650602
172.43 3.8652036
172.44 3.8653709
172.45 3.8655143
172.46 3.8656577
172.47 3.865825
172.48 3.8659684
172.49 3.8661357
172.5 3.8662791
172.51 3.8664225
172.52 3.8665898
172.53 3.8667332
172.54 3.8669005
172.55 3.8670439
172.56 3.8671873
172.57 3.8673546
172.58 3.867498
172.59 3.8676414
172.6 3.8678087
172.61 3.8679521
172.62 3.8680955
172.63 3.8682628
172.64 3.8684062
172.65 3.8685496
172.66 3.8687169
172.67 3.8688603
172.68 3.8690037
172.69 3.869171
172.7 3.8693144
172.71 3.8694578
172.72 3.8696012
172.73 3.8697685
172.74 3.8699119
172.75 3.8700553
172.76 3.8701987
172.77 3.870366
172.78 3.8705094
172.79 3.8706528
172.8 3.8707962
172.81 3.8709635
172.82 3.8711069
172.83 3.8712503
172.84 3.8713937
172.85 3.871561
172.86 3.8717044
172.87 3.8718478
172.88 3.8719912
172.89 3.8721346
172.9 3.8723019
172.91 3.8724453
172.92 3.8725887
172.93 3.8727321
172.94 3.8728755
172.95 3.8730189
172.96 3.8731862
172.97 3.8733296
172.98 3.873473
172.99 3.8736164
173.0 3.8737598
173.01 3.8739032
173.02 3.8740466
173.03 3.87419
173.04 3.8743573
173.05 3.8745007
173.06 3.8746441
173.07 3.8747875
173.08 3.8749309
173.09 3.8750743
173.1 3.8752177
173.11 3.8753611
173.12 3.8755045
173.13 3.8756479
173.14 3.8757913
173.15 3.8759586
173.16 3.876102
173.17 3.8762454
173.18 3.8763888
173.19 3.8765322
173.2 3.8766756
173.21 3.876819
173.22 3.8769624
173.23 3.8771058
173.24 3.8772492
173.25 3.8773926
173.26 3.877536
173.27 3.8776794
173.28 3.8778228
173.29 3.8779662
173.3 3.8781096
173.31 3.878253
173.32 3.8783964
173.33 3.8785398
173.34 3.8786832
173.35 3.8788027
173.36 3.8789461
173.37 3.8790895
173.38 3.8792329
173.39 3.8793763
173.4 3.8795197
173.41 3.8796631
173.42 3.8798065
173.43 3.8799499
173.44 3.8800933
173.45 3.8802367
173.46 3.8803801
173.47 3.8804996
173.48 3.880643
173.49 3.8807864
173.5 3.8809298
173.51 3.8810732
173.52 3.8812166
173.53 3.88136
173.54 3.8814795
173.55 3.8816229
173.56 3.8817663
173.57 3.8819097
173.58 3.8820531
173.59 3.8821965
173.6 3.882316
173.61 3.8824594
173.62 3.8826028
173.63 3.8827462
173.64 3.8828896
173.65 3.8830091
173.66 3.8831525
173.67 3.8832959
173.68 3.8834393
173.69 3.8835827
173.7 3.8837022
173.71 3.8838456
173.72 3.883989
173.73 3.8841324
173.74 3.8842519
173.75 3.8843953
173.76 3.8845387
173.77 3.8846582
173.78 3.8848016
173.79 3.884945
173.8 3.8850884
173.81 3.8852079
173.82 3.8853513
173.83 3.8854947
173.84 3.8856142
173.85 3.8857576
173.86 3.885901
173.87 3.8860205
173.88 3.8861639
173.89 3.8863073
173.9 3.8864268
173.91 3.8865702
173.92 3.8867136
173.93 3.8868331
173.94 3.8869765
173.95 3.8871199
173.96 3.8872394
173.97 3.8873828
173.98 3.8875023
173.99 3.8876457
174.0 3.8877891
174.01 3.8879086
174.02 3.888052
174.03 3.8881715
174.04 3.8883149
174.05 3.8884344
174.06 3.8885778
174.07 3.8887212
174.08 3.8888407
174.09 3.8889841
174.1 3.8891036
174.11 3.889247
174.12 3.8893665
174.13 3.8895099
174.14 3.8896294
174.15 3.8897728
174.16 3.8898923
174.17 3.8900357
174.18 3.8901552
174.19 3.8902986
174.2 3.8904181
174.21 3.8905615
174.22 3.890681
174.23 3.8908244
174.24 3.8909439
174.25 3.8910873
174.26 3.8912068
174.27 3.8913502
174.28 3.8914697
174.29 3.8915892
174.3 3.8917326
174.31 3.8918521
174.32 3.8919955
174.33 3.892115
174.34 3.8922584
174.35 3.8923779
174.36 3.8924974
174.37 3.8926408
174.38 3.8927603
174.39 3.8928798
174.4 3.8930232
174.41 3.8931427
174.42 3.8932861
174.43 3.8934056
174.44 3.8935251
174.45 3.8936685
174.46 3.893788
174.47 3.8939075
174.48 3.8940509
174.49 3.8941704
174.5 3.8942899
174.51 3.8944333
174.52 3.8945528
174.53 3.8946723
174.54 3.8947918
174.55 3.8949352
174.56 3.8950547
174.57 3.8951742
174.58 3.8953176
174.59 3.8954371
174.6 3.8955566
174.61 3.8956761
174.62 3.8958195
174.63 3.895939
174.64 3.8960585
174.65 3.896178
174.66 3.8963214
174.67 3.8964409
174.68 3.8965604
174.69 3.8966799
174.7 3.8967994
174.71 3.8969428
174.72 3.8970623
174.73 3.8971818
174.74 3.8973013
174.75 3.8974208
174.76 3.8975642
174.77 3.8976837
174.78 3.8978032
174.79 3.8979227
174.8 3.8980422
174.81 3.8981617
174.82 3.8982812
174.83 3.8984246
174.84 3.8985441
174.85 3.8986636
174.86 3.8987831
174.87 3.8989026
174.88 3.8990221
174.89 3.8991416
174.9 3.8992611
174.91 3.8993806
174.92 3.899524
174.93 3.8996435
174.94 3.899763
174.95 3.8998825
174.96 3.900002
174.97 3.9001215
174.98 3.900241
174.99 3.9003605
175.0 3.90048
175.01 3.9005995
175.02 3.900719
175.03 3.9008385
175.04 3.900958
175.05 3.9010775
175.06 3.901197
175.07 3.9013165
175.08 3.901436
175.09 3.9015555
175.1 3.901675
175.11 3.9017945
175.12 3.901914
175.13 3.9020335
175.14 3.902153
175.15 3.9022725
175.16 3.902392
175.17 3.9025115
175.18 3.902631
175.19 3.9027505
175.2 3.90287
175.21 3.9029656
175.22 3.9030851
175.23 3.9032046
175.24 3.9033241
175.25 3.9034436
175.26 3.9035631
175.27 3.9036826
175.28 3.9038021
175.29 3.9039216
175.3 3.9040172
175.31 3.9041367
175.32 3.9042562
175.33 3.9043757
175.34 3.9044952
175.35 3.9046147
175.36 3.9047103
175.37 3.9048298
175.38 3.9049493
175.39 3.9050688
175.4 3.9051883
175.41 3.9053078
175.42 3.9054034
175.43 3.9055229
175.44 3.9056424
175.45 3.9057619
175.46 3.9058575
175.47 3.905977
175.48 3.9060965
175.49 3.906216
175.5 3.9063116
175.51 3.9064311
175.52 3.9065506
175.53 3.9066701
175.54 3.9067657
175.55 3.9068852
175.56 3.9070047
175.57 3.9071242
175.58 3.9072198
175.59 3.9073393
175.6 3.9074588
175.61 3.9075544
175.62 3.9076739
175.63 3.9077934
175.64 3.907889
175.65 3.9080085
175.66 3.908128
175.67 3.9082236
175.68 3.9083431
175.69 3.9084626
175.7 3.9085582
175.71 3.9086777
175.72 3.9087972
175.73 3.9088928
175.74 3.9090123
175.75 3.9091079
175.76 3.9092274
175.77 3.9093469
175.78 3.9094425
175.79 3.909562
175.8 3.9096576
175.81 3.9097771
175.82 3.9098727
175.83 3.9099922
175.84 3.9101117
175.85 3.9102073
175.86 3.9103268
175.87 3.9104224
175.88 3.9105419
175.89 3.9106375
175.9 3.910757
175.91 3.9108526
175.92 3.9109721
175.93 3.9110677
175.94 3.9111872
175.95 3.9112828
175.96 3.9114023
175.97 3.9114979
175.98 3.9116174
175.99 3.911713
176.0 3.9118325
176.01 3.9119281
176.02 3.9120237
176.03 3.9121432
176.04 3.9122388
176.05 3.9123583
176.06 3.9124539
176.07 3.9125734
176.08 3.912669
176.09 3.9127646
176.1 3.9128841
176.11 3.9129797
176.12 3.9130992
176.13 3.9131948
176.14 3.9132904
176.15 3.9134099
176.16 3.9135055
176.17 3.9136011
176.18 3.9137206
176.19 3.9138162
176.2 3.9139118
176.21 3.9140313
176.22 3.9141269
176.23 3.9142225
176.24 3.914342
176.25 3.9144376
176.26 3.9145332
176.27 3.9146527
176.28 3.9147483
176.29 3.9148439
176.3 3.9149634
176.31 3.915059
176.32 3.9151546
176.33 3.9152502
176.34 3.9153697
176.35 3.9154653
176.36 3.9155609
176.37 3.9156565
176.38 3.915776
176.39 3.9158716
176.4 3.9159672
176.41 3.9160628
176.42 3.9161584
176.43 3.9162779
176.44 3.9163735
176.45 3.9164691
176.46 3.9165647
176.47 3.9166603
176.48 3.9167798
176.49 3.9168754
176.5 3.916971
176.51 3.9170666
176.52 3.9171622
176.53 3.9172578
176.54 3.9173773
176.55 3.9174729
176.56 3.9175685
176.57 3.9176641
176.58 3.9177597
176.59 3.9178553
176.6 3.9179509
176.61 3.9180465
176.62 3.9181421
176.63 3.9182616
176.64 3.9183572
176.65 3.9184528
176.66 3.9185484
176.67 3.918644
176.68 3.9187396
176.69 3.9188352
176.7 3.9189308
176.71 3.9190264
176.72 3.919122
176.73 3.9192176
176.74 3.9193132
176.75 3.9194088
176.76 3.9195044
176.77 3.9196
176.78 3.9196956
176.79 3.9197912
176.8 3.9198868
176.81 3.9199824
176.82 3.920078
176.83 3.9201736
176.84 3.9202692
176.85 3.9203648
176.86 3.9204604
176.87 3.920556
176.88 3.9206516
176.89 3.9207472
176.9 3.9208428
176.91 3.9209384
176.92 3.9210101
176.93 3.9211057
176.94 3.9212013
176.95 3.9212969
176.96 3.9213925
176.97 3.9214881
176.98 3.9215837
176.99 3.9216793
177.0 3.9217749
177.01 3.9218466
177.02 3.9219422
177.03 3.9220378
177.04 3.9221334
177.05 3.922229
177.06 3.9223246
177.07 3.9223963
177.08 3.9224919
177.09 3.9225875
177.1 3.9226831
177.11 3.9227787
177.12 3.9228504
177.13 3.922946
177.14 3.9230416
177.15 3.9231372
177.16 3.9232328
177.17 3.9233045
177.18 3.9234001
177.19 3.9234957
177.2 3.9235913
177.21 3.923663
177.22 3.9237586
177.23 3.9238542
177.24 3.9239498
177.25 3.9240215
177.26 3.9241171
177.27 3.9242127
177.28 3.9242844
177.29 3.92438
177.3 3.9244756
177.31 3.9245473
177.32 3.9246429
177.33 3.9247385
177.34 3.9248102
177.35 3.9249058
177.36 3.9250014
177.37 3.9250731
177.38 3.9251687
177.39 3.9252643
177.4 3.925336
177.41 3.9254316
177.42 3.9255272
177.43 3.9255989
177.44 3.9256945
177.45 3.9257662
177.46 3.9258618
177.47 3.9259335
177.48 3.9260291
177.49 3.9261247
177.5 3.9261964
177.51 3.926292
177.52 3.9263637
177.53 3.9264593
177.54 3.926531
177.55 3.9266266
177.56 3.9266983
177.57 3.9267939
177.58 3.9268895
177.59 3.9269612
177.6 3.9270568
177.61 3.9271285
177.62 3.9272241
177.63 3.9272958
177.64 3.9273675
177.65 3.9274631
177.66 3.9275348
177.67 3.9276304
177.68 3.9277021
177.69 3.9277977
177.7 3.9278694
177.71 3.927965
177.72 3.9280367
177.73 3.9281323
177.74 3.928204
177.75 3.9282757
177.76 3.9283713
177.77 3.928443
177.78 3.9285386
177.79 3.9286103
177.8 3.928682
177.81 3.9287776
177.82 3.9288493
177.83 3.928921
177.84 3.9290166
177.85 3.9290883
177.86 3.9291839
177.87 3.9292556
177.88 3.9293273
177.89 3.9294229
177.9 3.9294946
177.91 3.9295663
177.92 3.929638
177.93 3.9297336
177.94 3.9298053
177.95 3.929877
177.96 3.9299726
177.97 3.9300443
177.98 3.930116
177.99 3.9301877
178.0 3.9302833
178.01 3.930355
178.02 3.9304267
178.03 3.9305223
178.04 3.930594
178.05 3.9306657
178.06 3.9307374
178.07 3.9308091
178.08 3.9309047
178.09 3.9309764
178.1 3.9310481
178.11 3.9311198
178.12 3.9311915
178.13 3.9312871
178.14 3.9313588
178.15 3.9314305
178.16 3.9315022
178.17 3.9315739
178.18 3.9316456
178.19 3.9317412
178.2 3.9318129
178.21 3.9318846
178.22 3.9319563
178.23 3.932028
178.24 3.9320997
178.25 3.9321714
178.26 3.9322431
178.27 3.9323387
178.28 3.9324104
178.29 3.9324821
178.3 3.9325538
178.31 3.9326255
178.32 3.9326972
178.33 3.9327689
178.34 3.9328406
178.35 3.9329123
178.36 3.932984
178.37 3.9330557
178.38 3.9331274
178.39 3.9331991
178.4 3.9332708
178.41 3.9333425
178.42 3.9334142
178.43 3.9334859
178.44 3.9335576
178.45 3.9336293
178.46 3.933701
178.47 3.9337727
178.48 3.9338444
178.49 3.9339161
178.5 3.9339878
178.51 3.9340595
178.52 3.9341312
178.53 3.9342029
178.54 3.9342746
178.55 3.9343463
178.56 3.934418
178.57 3.9344897
178.58 3.9345614
178.59 3.9346092
178.6 3.9346809
178.61 3.9347526
178.62 3.9348243
178.63 3.934896
178.64 3.9349677
178.65 3.9350394
178.66 3.9351111
178.67 3.9351589
178.68 3.9352306
178.69 3.9353023
178.7 3.935374
178.71 3.9354457
178.72 3.9355174
178.73 3.9355652
178.74 3.9356369
178.75 3.9357086
178.76 3.9357803
178.77 3.935852
178.78 3.9358998
178.79 3.9359715
178.8 3.9360432
178.81 3.9361149
178.82 3.9361627
178.83 3.9362344
178.84 3.9363061
178.85 3.9363778
178.86 3.9364256
178.87 3.9364973
178.88 3.936569
178.89 3.9366407
178.9 3.9366885
178.91 3.9367602
178.92 3.9368319
178.93 3.9368797
178.94 3.9369514
178.95 3.9370231
178.96 3.9370709
178.97 3.9371426
178.98 3.9372143
178.99 3.9372621
179.0 3.9373338
179.01 3.9374055
179.02 3.9374533
179.03 3.937525
179.04 3.9375967
179.05 3.9376445
179.06 3.9377162
179.07 3.937764
179.08 3.9378357
179.09 3.9379074
179.1 3.9379552
179.11 3.9380269
179.12 3.9380747
179.13 3.9381464
179.14 3.9382181
179.15 3.9382659
179.16 3.9383376
179.17 3.9383854
179.18 3.9384571
179.19 3.9385049
179.2 3.9385766
179.21 3.9386244
179.22 3.9386961
179.23 3.9387439
179.24 3.9388156
179.25 3.9388634
179.26 3.9389351
179.27 3.9389829
179.28 3.9390546
179.29 3.9391024
179.3 3.9391741
179.31 3.9392219
179.32 3.9392936
179.33 3.9393414
179.34 3.9394131
179.35 3.9394609
179.36 3.9395087
179.37 3.9395804
179.38 3.9396282
179.39 3.9396999
179.4 3.9397477
179.41 3.9397955
179.42 3.9398672
179.43 3.939915
179.44 3.9399867
179.45 3.9400345
179.46 3.9400823
179.47 3.940154
179.48 3.9402018
179.49 3.9402496
179.5 3.9403213
179.51 3.9403691
179.52 3.9404169
179.53 3.9404886
179.54 3.9405364
179.55 3.9405842
179.56 3.9406559
179.57 3.9407037
179.58 3.9407515
179.59 3.9408232
179.6 3.940871
179.61 3.9409188
179.62 3.9409666
179.63 3.9410383
179.64 3.9410861
179.65 3.9411339
179.66 3.9411817
179.67 3.9412534
179.68 3.9413012
179.69 3.941349
179.7 3.9413968
179.71 3.9414446
179.72 3.9415163
179.73 3.9415641
179.74 3.9416119
179.75 3.9416597
179.76 3.9417075
179.77 3.9417792
179.78 3.941827
179.79 3.9418748
179.8 3.9419226
179.81 3.9419704
179.82 3.9420182
179.83 3.9420899
179.84 3.9421377
179.85 3.9421855
179.86 3.9422333
179.87 3.9422811
179.88 3.9423289
179.89 3.9423767
179.9 3.9424245
179.91 3.9424723
179.92 3.9425201
179.93 3.9425918
179.94 3.9426396
179.95 3.9426874
179.96 3.9427352
179.97 3.942783
179.98 3.9428308
179.99 3.9428786
180.0 3.9429264
180.01 3.9429264
