$MeshFormat
2.2 0 8
$EndMeshFormat
$Nodes
688
1 0 0 0.038
2 -0.011 0 0.027
3 0 0 0.027
4 -0.011 0 -0.027
5 0 0 -0.038
6 0 0 -0.027
7 -6.735557395310442e-19 -0.011 0.027
8 -6.735557395310442e-19 -0.011 -0.027
9 0.011 -1.347111479062088e-18 0.027
10 0.011 -1.347111479062088e-18 -0.027
11 2.020667218593133e-18 0.011 0.027
12 2.020667218593133e-18 0.011 -0.027
13 -0.003399186938124421 0 0.03746162167924669
14 -0.006465637775217204 0 0.03589918693812442
15 -0.008899186938124422 0 0.0334656377752172
16 -0.01046162167924669 0 0.03039918693812442
17 -0.011 0 0.023625
18 -0.011 0 0.02025
19 -0.011 0 0.016875
20 -0.011 0 0.0135
21 -0.011 0 0.010125
22 -0.011 0 0.006749999999999999
23 -0.011 0 0.003375
24 -0.011 0 0
25 -0.011 0 -0.003375
26 -0.011 0 -0.006750000000000003
27 -0.011 0 -0.010125
28 -0.011 0 -0.0135
29 -0.011 0 -0.016875
30 -0.011 0 -0.02025
31 -0.011 0 -0.023625
32 -0.01046162167924669 0 -0.03039918693812442
33 -0.008899186938124422 0 -0.0334656377752172
34 -0.006465637775217204 0 -0.03589918693812442
35 -0.003399186938124422 0 -0.03746162167924669
36 -2.081401701738782e-19 -0.003399186938124421 0.03746162167924669
37 -3.959061302932982e-19 -0.006465637775217204 0.03589918693812442
38 -5.449180399394004e-19 -0.008899186938124422 0.0334656377752172
39 -6.405895751690007e-19 -0.01046162167924669 0.03039918693812442
40 -0.01046162167924669 -0.003399186938124421 0.027
41 -0.008899186938124422 -0.006465637775217204 0.027
42 -0.006465637775217204 -0.008899186938124422 0.027
43 -0.003399186938124422 -0.01046162167924669 0.027
44 -6.735557395310442e-19 -0.011 0.023625
45 -6.735557395310442e-19 -0.011 0.02025
46 -6.735557395310442e-19 -0.011 0.016875
47 -6.735557395310442e-19 -0.011 0.0135
48 -6.735557395310442e-19 -0.011 0.010125
49 -6.735557395310442e-19 -0.011 0.006749999999999999
50 -6.735557395310442e-19 -0.011 0.003375
51 -6.735557395310442e-19 -0.011 0
52 -6.735557395310442e-19 -0.011 -0.003375
53 -6.735557395310442e-19 -0.011 -0.006750000000000003
54 -6.735557395310442e-19 -0.011 -0.010125
55 -6.735557395310442e-19 -0.011 -0.0135
56 -6.735557395310442e-19 -0.011 -0.016875
57 -6.735557395310442e-19 -0.011 -0.02025
58 -6.735557395310442e-19 -0.011 -0.023625
59 -0.01046162167924669 -0.003399186938124421 -0.027
60 -0.008899186938124422 -0.006465637775217204 -0.027
61 -0.006465637775217204 -0.008899186938124422 -0.027
62 -0.003399186938124422 -0.01046162167924669 -0.027
63 -6.405895751690007e-19 -0.01046162167924669 -0.03039918693812442
64 -5.449180399394004e-19 -0.008899186938124422 -0.0334656377752172
65 -3.959061302932982e-19 -0.006465637775217204 -0.03589918693812442
66 -2.081401701738783e-19 -0.003399186938124422 -0.03746162167924669
67 0.003399186938124421 -4.162803403477565e-19 0.03746162167924669
68 0.006465637775217204 -7.918122605865963e-19 0.03589918693812442
69 0.008899186938124422 -1.089836079878801e-18 0.0334656377752172
70 0.01046162167924669 -1.281179150338001e-18 0.03039918693812442
71 0.003399186938124421 -0.01046162167924669 0.027
72 0.006465637775217204 -0.008899186938124422 0.027
73 0.008899186938124422 -0.006465637775217205 0.027
74 0.01046162167924669 -0.003399186938124422 0.027
75 0.011 -1.347111479062088e-18 0.023625
76 0.011 -1.347111479062088e-18 0.02025
77 0.011 -1.347111479062088e-18 0.016875
78 0.011 -1.347111479062088e-18 0.0135
79 0.011 -1.347111479062088e-18 0.010125
80 0.011 -1.347111479062088e-18 0.006749999999999999
81 0.011 -1.347111479062088e-18 0.003375
82 0.011 -1.347111479062088e-18 0
83 0.011 -1.347111479062088e-18 -0.003375
84 0.011 -1.347111479062088e-18 -0.006750000000000003
85 0.011 -1.347111479062088e-18 -0.010125
86 0.011 -1.347111479062088e-18 -0.0135
87 0.011 -1.347111479062088e-18 -0.016875
88 0.011 -1.347111479062088e-18 -0.02025
89 0.011 -1.347111479062088e-18 -0.023625
90 0.003399186938124421 -0.01046162167924669 -0.027
91 0.006465637775217204 -0.008899186938124422 -0.027
92 0.008899186938124422 -0.006465637775217205 -0.027
93 0.01046162167924669 -0.003399186938124422 -0.027
94 0.01046162167924669 -1.281179150338001e-18 -0.03039918693812442
95 0.008899186938124422 -1.089836079878801e-18 -0.0334656377752172
96 0.006465637775217204 -7.918122605865963e-19 -0.03589918693812442
97 0.003399186938124422 -4.162803403477565e-19 -0.03746162167924669
98 6.244205105216347e-19 0.003399186938124421 0.03746162167924669
99 1.187718390879895e-18 0.006465637775217204 0.03589918693812442
100 1.634754119818201e-18 0.008899186938124422 0.0334656377752172
101 1.921768725507002e-18 0.01046162167924669 0.03039918693812442
102 0.01046162167924669 0.00339918693812442 0.027
103 0.008899186938124422 0.006465637775217204 0.027
104 0.006465637775217205 0.008899186938124422 0.027
105 0.003399186938124423 0.01046162167924669 0.027
106 2.020667218593133e-18 0.011 0.023625
107 2.020667218593133e-18 0.011 0.02025
108 2.020667218593133e-18 0.011 0.016875
109 2.020667218593133e-18 0.011 0.0135
110 2.020667218593133e-18 0.011 0.010125
111 2.020667218593133e-18 0.011 0.006749999999999999
112 2.020667218593133e-18 0.011 0.003375
113 2.020667218593133e-18 0.011 0
114 2.020667218593133e-18 0.011 -0.003375
115 2.020667218593133e-18 0.011 -0.006750000000000003
116 2.020667218593133e-18 0.011 -0.010125
117 2.020667218593133e-18 0.011 -0.0135
118 2.020667218593133e-18 0.011 -0.016875
119 2.020667218593133e-18 0.011 -0.02025
120 2.020667218593133e-18 0.011 -0.023625
121 0.01046162167924669 0.00339918693812442 -0.027
122 0.008899186938124422 0.006465637775217204 -0.027
123 0.006465637775217205 0.008899186938124422 -0.027
124 0.003399186938124423 0.01046162167924669 -0.027
125 1.921768725507002e-18 0.01046162167924669 -0.03039918693812442
126 1.634754119818201e-18 0.008899186938124422 -0.0334656377752172
127 1.187718390879895e-18 0.006465637775217204 -0.03589918693812442
128 6.244205105216348e-19 0.003399186938124422 -0.03746162167924669
129 -0.00339918693812442 0.01046162167924669 0.027
130 -0.006465637775217203 0.008899186938124424 0.027
131 -0.00889918693812442 0.006465637775217206 0.027
132 -0.01046162167924669 0.003399186938124423 0.027
133 -0.00339918693812442 0.01046162167924669 -0.027
134 -0.006465637775217203 0.008899186938124424 -0.027
135 -0.00889918693812442 0.006465637775217206 -0.027
136 -0.01046162167924669 0.003399186938124423 -0.027
137 -0.003232818887608602 -0.001050406530937789 0.03746162167924669
138 -0.00275 -0.001997991952014742 0.03746162167924669
139 -0.001997991952014742 -0.00275 0.03746162167924669
140 -0.001050406530937789 -0.003232818887608602 0.03746162167924669
141 -0.006149186938124421 -0.001997991952014742 0.03589918693812442
142 -0.005230810839623345 -0.003800406530937789 0.03589918693812442
143 -0.003800406530937789 -0.005230810839623345 0.03589918693812442
144 -0.001997991952014743 -0.006149186938124421 0.03589918693812442
145 -0.008463629727231947 -0.00275 0.0334656377752172
146 -0.007199593469062212 -0.005230810839623345 0.0334656377752172
147 -0.005230810839623345 -0.007199593469062212 0.0334656377752172
148 -0.00275 -0.008463629727231947 0.0334656377752172
149 -0.009949593469062209 -0.003232818887608601 0.03039918693812442
150 -0.008463629727231945 -0.006149186938124421 0.03039918693812442
151 -0.006149186938124421 -0.008463629727231945 0.03039918693812442
152 -0.003232818887608602 -0.009949593469062209 0.03039918693812442
153 -0.01046162167924669 -0.003399186938124421 0.023625
154 -0.008899186938124422 -0.006465637775217204 0.023625
155 -0.006465637775217204 -0.008899186938124422 0.023625
156 -0.003399186938124422 -0.01046162167924669 0.023625
157 -0.01046162167924669 -0.003399186938124421 0.02025
158 -0.008899186938124422 -0.006465637775217204 0.02025
159 -0.006465637775217204 -0.008899186938124422 0.02025
160 -0.003399186938124422 -0.01046162167924669 0.02025
161 -0.01046162167924669 -0.003399186938124421 0.016875
162 -0.008899186938124422 -0.006465637775217204 0.016875
163 -0.006465637775217204 -0.008899186938124422 0.016875
164 -0.003399186938124422 -0.01046162167924669 0.016875
165 -0.01046162167924669 -0.003399186938124421 0.0135
166 -0.008899186938124422 -0.006465637775217204 0.0135
167 -0.006465637775217204 -0.008899186938124422 0.0135
168 -0.003399186938124422 -0.01046162167924669 0.0135
169 -0.01046162167924669 -0.003399186938124421 0.010125
170 -0.008899186938124422 -0.006465637775217204 0.010125
171 -0.006465637775217204 -0.008899186938124422 0.010125
172 -0.003399186938124422 -0.01046162167924669 0.010125
173 -0.01046162167924669 -0.003399186938124421 0.006749999999999999
174 -0.008899186938124422 -0.006465637775217204 0.006749999999999999
175 -0.006465637775217204 -0.008899186938124422 0.006749999999999999
176 -0.003399186938124422 -0.01046162167924669 0.006749999999999999
177 -0.01046162167924669 -0.003399186938124421 0.003375
178 -0.008899186938124422 -0.006465637775217204 0.003375
179 -0.006465637775217204 -0.008899186938124422 0.003375
180 -0.003399186938124422 -0.01046162167924669 0.003375
181 -0.01046162167924669 -0.003399186938124421 0
182 -0.008899186938124422 -0.006465637775217204 0
183 -0.006465637775217204 -0.008899186938124422 0
184 -0.003399186938124422 -0.01046162167924669 0
185 -0.01046162167924669 -0.003399186938124421 -0.003375
186 -0.008899186938124422 -0.006465637775217204 -0.003375
187 -0.006465637775217204 -0.008899186938124422 -0.003375
188 -0.003399186938124422 -0.01046162167924669 -0.003375
189 -0.01046162167924669 -0.003399186938124421 -0.006750000000000003
190 -0.008899186938124422 -0.006465637775217204 -0.006750000000000003
191 -0.006465637775217204 -0.008899186938124422 -0.006750000000000003
192 -0.003399186938124422 -0.01046162167924669 -0.006750000000000003
193 -0.01046162167924669 -0.003399186938124421 -0.010125
194 -0.008899186938124422 -0.006465637775217204 -0.010125
195 -0.006465637775217204 -0.008899186938124422 -0.010125
196 -0.003399186938124422 -0.01046162167924669 -0.010125
197 -0.01046162167924669 -0.003399186938124421 -0.0135
198 -0.008899186938124422 -0.006465637775217204 -0.0135
199 -0.006465637775217204 -0.008899186938124422 -0.0135
200 -0.003399186938124422 -0.01046162167924669 -0.0135
201 -0.01046162167924669 -0.003399186938124421 -0.016875
202 -0.008899186938124422 -0.006465637775217204 -0.016875
203 -0.006465637775217204 -0.008899186938124422 -0.016875
204 -0.003399186938124422 -0.01046162167924669 -0.016875
205 -0.01046162167924669 -0.003399186938124421 -0.02025
206 -0.008899186938124422 -0.006465637775217204 -0.02025
207 -0.006465637775217204 -0.008899186938124422 -0.02025
208 -0.003399186938124422 -0.01046162167924669 -0.02025
209 -0.01046162167924669 -0.003399186938124421 -0.023625
210 -0.008899186938124422 -0.006465637775217204 -0.023625
211 -0.006465637775217204 -0.008899186938124422 -0.023625
212 -0.003399186938124422 -0.01046162167924669 -0.023625
213 -0.009949593469062209 -0.003232818887608601 -0.03039918693812442
214 -0.008463629727231945 -0.006149186938124421 -0.03039918693812442
215 -0.006149186938124421 -0.008463629727231945 -0.03039918693812442
216 -0.003232818887608602 -0.009949593469062209 -0.03039918693812442
217 -0.008463629727231947 -0.00275 -0.0334656377752172
218 -0.007199593469062212 -0.005230810839623345 -0.0334656377752172
219 -0.005230810839623345 -0.007199593469062212 -0.0334656377752172
220 -0.00275 -0.008463629727231947 -0.0334656377752172
221 -0.006149186938124421 -0.001997991952014742 -0.03589918693812442
222 -0.005230810839623345 -0.003800406530937789 -0.03589918693812442
223 -0.003800406530937789 -0.005230810839623345 -0.03589918693812442
224 -0.001997991952014743 -0.006149186938124421 -0.03589918693812442
225 -0.003232818887608602 -0.001050406530937789 -0.03746162167924669
226 -0.00275 -0.001997991952014742 -0.03746162167924669
227 -0.001997991952014742 -0.00275 -0.03746162167924669
228 -0.001050406530937789 -0.003232818887608602 -0.03746162167924669
229 0.001050406530937789 -0.003232818887608602 0.03746162167924669
230 0.001997991952014742 -0.00275 0.03746162167924669
231 0.00275 -0.001997991952014742 0.03746162167924669
232 0.003232818887608602 -0.001050406530937789 0.03746162167924669
233 0.001997991952014742 -0.006149186938124421 0.03589918693812442
234 0.003800406530937789 -0.005230810839623345 0.03589918693812442
235 0.005230810839623345 -0.003800406530937789 0.03589918693812442
236 0.006149186938124421 -0.001997991952014743 0.03589918693812442
237 0.002749999999999999 -0.008463629727231947 0.0334656377752172
238 0.005230810839623344 -0.007199593469062212 0.0334656377752172
239 0.007199593469062212 -0.005230810839623345 0.0334656377752172
240 0.008463629727231947 -0.002750000000000001 0.0334656377752172
241 0.003232818887608601 -0.009949593469062209 0.03039918693812442
242 0.00614918693812442 -0.008463629727231945 0.03039918693812442
243 0.008463629727231945 -0.006149186938124422 0.03039918693812442
244 0.009949593469062209 -0.003232818887608602 0.03039918693812442
245 0.003399186938124421 -0.01046162167924669 0.023625
246 0.006465637775217204 -0.008899186938124422 0.023625
247 0.008899186938124422 -0.006465637775217205 0.023625
248 0.01046162167924669 -0.003399186938124422 0.023625
249 0.003399186938124421 -0.01046162167924669 0.02025
250 0.006465637775217204 -0.008899186938124422 0.02025
251 0.008899186938124422 -0.006465637775217205 0.02025
252 0.01046162167924669 -0.003399186938124422 0.02025
253 0.003399186938124421 -0.01046162167924669 0.016875
254 0.006465637775217204 -0.008899186938124422 0.016875
255 0.008899186938124422 -0.006465637775217205 0.016875
256 0.01046162167924669 -0.003399186938124422 0.016875
257 0.003399186938124421 -0.01046162167924669 0.0135
258 0.006465637775217204 -0.008899186938124422 0.0135
259 0.008899186938124422 -0.006465637775217205 0.0135
260 0.01046162167924669 -0.003399186938124422 0.0135
261 0.003399186938124421 -0.01046162167924669 0.010125
262 0.006465637775217204 -0.008899186938124422 0.010125
263 0.008899186938124422 -0.006465637775217205 0.010125
264 0.01046162167924669 -0.003399186938124422 0.010125
265 0.003399186938124421 -0.01046162167924669 0.006749999999999999
266 0.006465637775217204 -0.008899186938124422 0.006749999999999999
267 0.008899186938124422 -0.006465637775217205 0.006749999999999999
268 0.01046162167924669 -0.003399186938124422 0.006749999999999999
269 0.003399186938124421 -0.01046162167924669 0.003375
270 0.006465637775217204 -0.008899186938124422 0.003375
271 0.008899186938124422 -0.006465637775217205 0.003375
272 0.01046162167924669 -0.003399186938124422 0.003375
273 0.003399186938124421 -0.01046162167924669 0
274 0.006465637775217204 -0.008899186938124422 0
275 0.008899186938124422 -0.006465637775217205 0
276 0.01046162167924669 -0.003399186938124422 0
277 0.003399186938124421 -0.01046162167924669 -0.003375
278 0.006465637775217204 -0.008899186938124422 -0.003375
279 0.008899186938124422 -0.006465637775217205 -0.003375
280 0.01046162167924669 -0.003399186938124422 -0.003375
281 0.003399186938124421 -0.01046162167924669 -0.006750000000000003
282 0.006465637775217204 -0.008899186938124422 -0.006750000000000003
283 0.008899186938124422 -0.006465637775217205 -0.006750000000000003
284 0.01046162167924669 -0.003399186938124422 -0.006750000000000003
285 0.003399186938124421 -0.01046162167924669 -0.010125
286 0.006465637775217204 -0.008899186938124422 -0.010125
287 0.008899186938124422 -0.006465637775217205 -0.010125
288 0.01046162167924669 -0.003399186938124422 -0.010125
289 0.003399186938124421 -0.01046162167924669 -0.0135
290 0.006465637775217204 -0.008899186938124422 -0.0135
291 0.008899186938124422 -0.006465637775217205 -0.0135
292 0.01046162167924669 -0.003399186938124422 -0.0135
293 0.003399186938124421 -0.01046162167924669 -0.016875
294 0.006465637775217204 -0.008899186938124422 -0.016875
295 0.008899186938124422 -0.006465637775217205 -0.016875
296 0.01046162167924669 -0.003399186938124422 -0.016875
297 0.003399186938124421 -0.01046162167924669 -0.02025
298 0.006465637775217204 -0.008899186938124422 -0.02025
299 0.008899186938124422 -0.006465637775217205 -0.02025
300 0.01046162167924669 -0.003399186938124422 -0.02025
301 0.003399186938124421 -0.01046162167924669 -0.023625
302 0.006465637775217204 -0.008899186938124422 -0.023625
303 0.008899186938124422 -0.006465637775217205 -0.023625
304 0.01046162167924669 -0.003399186938124422 -0.023625
305 0.003232818887608601 -0.009949593469062209 -0.03039918693812442
306 0.00614918693812442 -0.008463629727231945 -0.03039918693812442
307 0.008463629727231945 -0.006149186938124422 -0.03039918693812442
308 0.009949593469062209 -0.003232818887608602 -0.03039918693812442
309 0.002749999999999999 -0.008463629727231947 -0.0334656377752172
310 0.005230810839623344 -0.007199593469062212 -0.0334656377752172
311 0.007199593469062212 -0.005230810839623345 -0.0334656377752172
312 0.008463629727231947 -0.002750000000000001 -0.0334656377752172
313 0.001997991952014742 -0.006149186938124421 -0.03589918693812442
314 0.003800406530937789 -0.005230810839623345 -0.03589918693812442
315 0.005230810839623345 -0.003800406530937789 -0.03589918693812442
316 0.006149186938124421 -0.001997991952014743 -0.03589918693812442
317 0.001050406530937789 -0.003232818887608602 -0.03746162167924669
318 0.001997991952014742 -0.00275 -0.03746162167924669
319 0.00275 -0.001997991952014742 -0.03746162167924669
320 0.003232818887608602 -0.001050406530937789 -0.03746162167924669
321 0.003232818887608602 0.001050406530937789 0.03746162167924669
322 0.00275 0.001997991952014742 0.03746162167924669
323 0.001997991952014743 0.002749999999999999 0.03746162167924669
324 0.00105040653093779 0.003232818887608602 0.03746162167924669
325 0.006149186938124421 0.001997991952014742 0.03589918693812442
326 0.005230810839623345 0.003800406530937789 0.03589918693812442
327 0.003800406530937789 0.005230810839623344 0.03589918693812442
328 0.001997991952014744 0.006149186938124421 0.03589918693812442
329 0.008463629727231947 0.002749999999999999 0.0334656377752172
330 0.007199593469062212 0.005230810839623344 0.0334656377752172
331 0.005230810839623345 0.007199593469062211 0.0334656377752172
332 0.002750000000000001 0.008463629727231947 0.0334656377752172
333 0.009949593469062209 0.0032328188876086 0.03039918693812442
334 0.008463629727231945 0.00614918693812442 0.03039918693812442
335 0.006149186938124422 0.008463629727231945 0.03039918693812442
336 0.003232818887608603 0.009949593469062209 0.03039918693812442
337 0.01046162167924669 0.00339918693812442 0.023625
338 0.008899186938124422 0.006465637775217204 0.023625
339 0.006465637775217205 0.008899186938124422 0.023625
340 0.003399186938124423 0.01046162167924669 0.023625
341 0.01046162167924669 0.00339918693812442 0.02025
342 0.008899186938124422 0.006465637775217204 0.02025
343 0.006465637775217205 0.008899186938124422 0.02025
344 0.003399186938124423 0.01046162167924669 0.02025
345 0.01046162167924669 0.00339918693812442 0.016875
346 0.008899186938124422 0.006465637775217204 0.016875
347 0.006465637775217205 0.008899186938124422 0.016875
348 0.003399186938124423 0.01046162167924669 0.016875
349 0.01046162167924669 0.00339918693812442 0.0135
350 0.008899186938124422 0.006465637775217204 0.0135
351 0.006465637775217205 0.008899186938124422 0.0135
352 0.003399186938124423 0.01046162167924669 0.0135
353 0.01046162167924669 0.00339918693812442 0.010125
354 0.008899186938124422 0.006465637775217204 0.010125
355 0.006465637775217205 0.008899186938124422 0.010125
356 0.003399186938124423 0.01046162167924669 0.010125
357 0.01046162167924669 0.00339918693812442 0.006749999999999999
358 0.008899186938124422 0.006465637775217204 0.006749999999999999
359 0.006465637775217205 0.008899186938124422 0.006749999999999999
360 0.003399186938124423 0.01046162167924669 0.006749999999999999
361 0.01046162167924669 0.00339918693812442 0.003375
362 0.008899186938124422 0.006465637775217204 0.003375
363 0.006465637775217205 0.008899186938124422 0.003375
364 0.003399186938124423 0.01046162167924669 0.003375
365 0.01046162167924669 0.00339918693812442 0
366 0.008899186938124422 0.006465637775217204 0
367 0.006465637775217205 0.008899186938124422 0
368 0.003399186938124423 0.01046162167924669 0
369 0.01046162167924669 0.00339918693812442 -0.003375
370 0.008899186938124422 0.006465637775217204 -0.003375
371 0.006465637775217205 0.008899186938124422 -0.003375
372 0.003399186938124423 0.01046162167924669 -0.003375
373 0.01046162167924669 0.00339918693812442 -0.006750000000000003
374 0.008899186938124422 0.006465637775217204 -0.006750000000000003
375 0.006465637775217205 0.008899186938124422 -0.006750000000000003
376 0.003399186938124423 0.01046162167924669 -0.006750000000000003
377 0.01046162167924669 0.00339918693812442 -0.010125
378 0.008899186938124422 0.006465637775217204 -0.010125
379 0.006465637775217205 0.008899186938124422 -0.010125
380 0.003399186938124423 0.01046162167924669 -0.010125
381 0.01046162167924669 0.00339918693812442 -0.0135
382 0.008899186938124422 0.006465637775217204 -0.0135
383 0.006465637775217205 0.008899186938124422 -0.0135
384 0.003399186938124423 0.01046162167924669 -0.0135
385 0.01046162167924669 0.00339918693812442 -0.016875
386 0.008899186938124422 0.006465637775217204 -0.016875
387 0.006465637775217205 0.008899186938124422 -0.016875
388 0.003399186938124423 0.01046162167924669 -0.016875
389 0.01046162167924669 0.00339918693812442 -0.02025
390 0.008899186938124422 0.006465637775217204 -0.02025
391 0.006465637775217205 0.008899186938124422 -0.02025
392 0.003399186938124423 0.01046162167924669 -0.02025
393 0.01046162167924669 0.00339918693812442 -0.023625
394 0.008899186938124422 0.006465637775217204 -0.023625
395 0.006465637775217205 0.008899186938124422 -0.023625
396 0.003399186938124423 0.01046162167924669 -0.023625
397 0.009949593469062209 0.0032328188876086 -0.03039918693812442
398 0.008463629727231945 0.00614918693812442 -0.03039918693812442
399 0.006149186938124422 0.008463629727231945 -0.03039918693812442
400 0.003232818887608603 0.009949593469062209 -0.03039918693812442
401 0.008463629727231947 0.002749999999999999 -0.0334656377752172
402 0.007199593469062212 0.005230810839623344 -0.0334656377752172
403 0.005230810839623345 0.007199593469062211 -0.0334656377752172
404 0.002750000000000001 0.008463629727231947 -0.0334656377752172
405 0.006149186938124421 0.001997991952014742 -0.03589918693812442
406 0.005230810839623345 0.003800406530937789 -0.03589918693812442
407 0.003800406530937789 0.005230810839623344 -0.03589918693812442
408 0.001997991952014744 0.006149186938124421 -0.03589918693812442
409 0.003232818887608602 0.001050406530937789 -0.03746162167924669
410 0.002750000000000001 0.001997991952014742 -0.03746162167924669
411 0.001997991952014743 0.00275 -0.03746162167924669
412 0.00105040653093779 0.003232818887608602 -0.03746162167924669
413 -0.001050406530937788 0.003232818887608602 0.03746162167924669
414 -0.001997991952014742 0.00275 0.03746162167924669
415 -0.002749999999999999 0.001997991952014743 0.03746162167924669
416 -0.003232818887608602 0.00105040653093779 0.03746162167924669
417 -0.001997991952014741 0.006149186938124421 0.03589918693812442
418 -0.003800406530937788 0.005230810839623345 0.03589918693812442
419 -0.005230810839623344 0.00380040653093779 0.03589918693812442
420 -0.006149186938124421 0.001997991952014744 0.03589918693812442
421 -0.002749999999999998 0.008463629727231947 0.0334656377752172
422 -0.005230810839623343 0.007199593469062212 0.0334656377752172
423 -0.007199593469062211 0.005230810839623346 0.0334656377752172
424 -0.008463629727231947 0.002750000000000002 0.0334656377752172
425 -0.0032328188876086 0.009949593469062209 0.03039918693812442
426 -0.006149186938124419 0.008463629727231947 0.03039918693812442
427 -0.008463629727231943 0.006149186938124423 0.03039918693812442
428 -0.009949593469062209 0.003232818887608604 0.03039918693812442
429 -0.00339918693812442 0.01046162167924669 0.023625
430 -0.006465637775217203 0.008899186938124424 0.023625
431 -0.00889918693812442 0.006465637775217206 0.023625
432 -0.01046162167924669 0.003399186938124423 0.023625
433 -0.00339918693812442 0.01046162167924669 0.02025
434 -0.006465637775217203 0.008899186938124424 0.02025
435 -0.00889918693812442 0.006465637775217206 0.02025
436 -0.01046162167924669 0.003399186938124423 0.02025
437 -0.00339918693812442 0.01046162167924669 0.016875
438 -0.006465637775217203 0.008899186938124424 0.016875
439 -0.00889918693812442 0.006465637775217206 0.016875
440 -0.01046162167924669 0.003399186938124423 0.016875
441 -0.00339918693812442 0.01046162167924669 0.0135
442 -0.006465637775217203 0.008899186938124424 0.0135
443 -0.00889918693812442 0.006465637775217206 0.0135
444 -0.01046162167924669 0.003399186938124423 0.0135
445 -0.00339918693812442 0.01046162167924669 0.010125
446 -0.006465637775217203 0.008899186938124424 0.010125
447 -0.00889918693812442 0.006465637775217206 0.010125
448 -0.01046162167924669 0.003399186938124423 0.010125
449 -0.00339918693812442 0.01046162167924669 0.006749999999999999
450 -0.006465637775217203 0.008899186938124424 0.006749999999999999
451 -0.00889918693812442 0.006465637775217206 0.006749999999999999
452 -0.01046162167924669 0.003399186938124423 0.006749999999999999
453 -0.00339918693812442 0.01046162167924669 0.003375
454 -0.006465637775217203 0.008899186938124424 0.003375
455 -0.00889918693812442 0.006465637775217206 0.003375
456 -0.01046162167924669 0.003399186938124423 0.003375
457 -0.00339918693812442 0.01046162167924669 0
458 -0.006465637775217203 0.008899186938124424 0
459 -0.00889918693812442 0.006465637775217206 0
460 -0.01046162167924669 0.003399186938124423 0
461 -0.00339918693812442 0.01046162167924669 -0.003375
462 -0.006465637775217203 0.008899186938124424 -0.003375
463 -0.00889918693812442 0.006465637775217206 -0.003375
464 -0.01046162167924669 0.003399186938124423 -0.003375
465 -0.00339918693812442 0.01046162167924669 -0.006750000000000003
466 -0.006465637775217203 0.008899186938124424 -0.006750000000000003
467 -0.00889918693812442 0.006465637775217206 -0.006750000000000003
468 -0.01046162167924669 0.003399186938124423 -0.006750000000000003
469 -0.00339918693812442 0.01046162167924669 -0.010125
470 -0.006465637775217203 0.008899186938124424 -0.010125
471 -0.00889918693812442 0.006465637775217206 -0.010125
472 -0.01046162167924669 0.003399186938124423 -0.010125
473 -0.00339918693812442 0.01046162167924669 -0.0135
474 -0.006465637775217203 0.008899186938124424 -0.0135
475 -0.00889918693812442 0.006465637775217206 -0.0135
476 -0.01046162167924669 0.003399186938124423 -0.0135
477 -0.00339918693812442 0.01046162167924669 -0.016875
478 -0.006465637775217203 0.008899186938124424 -0.016875
479 -0.00889918693812442 0.006465637775217206 -0.016875
480 -0.01046162167924669 0.003399186938124423 -0.016875
481 -0.00339918693812442 0.01046162167924669 -0.02025
482 -0.006465637775217203 0.008899186938124424 -0.02025
483 -0.00889918693812442 0.006465637775217206 -0.02025
484 -0.01046162167924669 0.003399186938124423 -0.02025
485 -0.00339918693812442 0.01046162167924669 -0.023625
486 -0.006465637775217203 0.008899186938124424 -0.023625
487 -0.00889918693812442 0.006465637775217206 -0.023625
488 -0.01046162167924669 0.003399186938124423 -0.023625
489 -0.0032328188876086 0.009949593469062209 -0.03039918693812442
490 -0.006149186938124419 0.008463629727231947 -0.03039918693812442
491 -0.008463629727231943 0.006149186938124423 -0.03039918693812442
492 -0.009949593469062209 0.003232818887608604 -0.03039918693812442
493 -0.002749999999999998 0.008463629727231947 -0.0334656377752172
494 -0.005230810839623343 0.007199593469062212 -0.0334656377752172
495 -0.007199593469062211 0.005230810839623346 -0.0334656377752172
496 -0.008463629727231947 0.002750000000000002 -0.0334656377752172
497 -0.001997991952014741 0.006149186938124421 -0.03589918693812442
498 -0.003800406530937788 0.005230810839623345 -0.03589918693812442
499 -0.005230810839623344 0.00380040653093779 -0.03589918693812442
500 -0.006149186938124421 0.001997991952014744 -0.03589918693812442
501 -0.001050406530937788 0.003232818887608602 -0.03746162167924669
502 -0.001997991952014742 0.002750000000000001 -0.03746162167924669
503 -0.00275 0.001997991952014743 -0.03746162167924669
504 -0.003232818887608602 0.00105040653093779 -0.03746162167924669
505 -0.008786474456445117 -0.003266177659560422 0.02859649465737718
506 -0.004303699784759717 -0.007781602784254741 -0.02958279315392721
507 -0.007535653973637006 -0.005295833817774214 0.001319908454455636
508 -0.00656748282056363 -0.005639767467054751 -0.001526810947691183
509 -0.007646805731569411 -0.00512091810757291 -0.01188057998281052
510 -0.002761781422761878 -0.008593504981370237 -0.008471134054282074
511 -0.003053974069068362 -0.002789016169551943 -0.0354513403097871
512 -0.005750420770741944 0.003769401069473358 -0.03396868078362025
513 0.009070030362002752 0.002986565476067502 -0.01505271415217036
514 -0.005933144280006188 0.006390350206784116 -0.0181482163089708
515 -0.005537738060015555 0.007578358703306132 -0.001718455895878434
516 -0.007724455325680018 0.00562523269444527 0.0116778686527838
517 0.001135609713615374 0.007790549795809084 0.002149605208317576
518 -0.005008062375094936 0.006914080072527109 0.004894933321211385
519 -0.002489201577662018 0.008683895728730694 0.02865376133869431
520 -0.005552096360093266 -0.006539437152944544 0.01132173860389411
521 -0.007214402890988169 -0.00569958359095156 0.0217831497028821
522 -0.006887733856848891 -0.004863850515311434 0.01918847396964812
523 -0.008905645747232349 -0.0009279743995425232 0.01492555108492216
524 -0.00691154179576523 -0.004877536145514368 0.00499688046077113
525 -0.008714184790527343 -0.002689956392574516 0.01154358840468171
526 0.0004695357033148485 -0.00852073935511681 0.01469876537665899
527 -0.003963333120202197 -0.008724409185054781 0.02155479423083098
528 -0.006359116254727223 -0.005247173816406252 0.03136936993851401
529 -0.002433224918127189 -0.006174371423437235 0.03398333126353261
530 -0.002563231340654008 -0.003913345058525318 0.0359823644093914
531 0.001114632138477908 -0.004207237607904043 0.03574588957488294
532 -6.300315383386446e-05 -0.008980464824220073 0.008639519643241672
533 0.008478987154483444 -0.004186704302791405 0.02218637213716802
534 0.002115166793227928 -0.008509974166749106 0.02514121965187702
535 0.00744430508555675 -0.005699474878217305 0.02526579857815111
536 0.009013785894234934 0.001713846017375884 0.03002493760086794
537 0.005654030593047969 0.007889076392624695 0.02553605249531336
538 0.005473086430497536 0.007606176282929953 0.01186910315363336
539 -0.0002687472387102697 0.009691408812092406 0.01879708847119606
540 0.008699484152751997 0.002830212067940663 0.0186246567682907
541 0.008691333200180795 0.002659747453060845 0.008131420732058459
542 0.009023312435763462 0.003014896490794396 0.004921904569491221
543 0.009075943134779163 0.002963890493960209 -0.01179426541917401
544 -0.001140164370490498 0.008708677374811276 -0.008263435950764488
545 0.007211746317944125 0.005540758606894796 0.001882573423143517
546 0.005445993475551038 0.007668560303144521 -0.02185225110709163
547 0.001662869811663245 0.004130040099703108 -0.03593847828467829
548 0.006044794043847254 -0.0005565475498908809 -0.03317000322377388
549 0.009167618439172236 0.0002875844436016413 -0.02170588167610187
550 0.008964396528965341 0.002544011877051297 -0.02524828190767659
551 0.008948889700167783 0.0003867002059122875 -0.001412069993433654
552 0.00153973638661822 -0.004047669440215953 -0.03452721651909452
553 9.325548183772541e-05 -0.009550114721661384 -0.01178300845061023
554 0.007541612305986788 -0.005453004095966521 0.001709592973405054
555 0.005452136830718962 -0.007405240751313219 -0.005050595825819826
556 0.007409095555399581 -0.005444732276882965 -0.01527739116863478
557 0.005666027136742433 -0.005837274970323237 -0.03118350354537702
558 -0.006465868656623588 0.006552190171155815 -0.02552599388757761
559 0.006337084880875911 0.004866644453740998 0.02676460484941357
560 0.004224601105179028 -0.003866104642608246 -0.0185625
561 0.001365679463400138 0.004203129201564943 -0.005895858460086863
562 -0.003831300724556855 -0.001952145223828159 0.01808424398761508
563 0.002235333026608461 0.00438708808132441 0.003095908534878336
564 0.001423070556713928 -0.001423070556713927 -0.028096168699547
565 -0.002151007015905605 -0.0005099039784875188 0.02800074290497845
566 -0.0002147817814011251 -0.001781374647501311 0.009557786076290032
567 -0.001954948017670899 -0.000372840123965607 -0.01295643049726483
568 0.000672095272595995 0.002896529695741279 -0.02127710178854275
569 -0.000876085854390936 -0.002473167612886891 -0.001002634553745328
570 0.002541458961994598 -0.000698952716067292 0.02220570708232217
571 0.0004476218242604788 0.003735559431333245 0.0165231154187011
572 -0.000818710981669414 0.002817492303130428 -0.03198216385720072
573 0.002831082645219663 -0.002831082645219662 -0.007022165542989988
574 -0.004377174598361813 -0.0009292964434968248 0.00443904615942545
575 0.004306705992565744 -0.001312864411993384 0.02862871901269197
576 0.001380108021571022 -0.004528264335953025 0.01521116405992344
577 0.003490321811251489 0.002862088199170117 -0.01518350038828528
578 0.001945957075751324 0.004214342709089688 0.01030237655165199
579 -0.003738479259281539 0.002603925014639881 0.01211850882082178
580 -0.002632531913773232 0.004300870622865893 0.006566699258216568
581 -0.00156062898200191 -0.004459798414713488 0.02326968742017803
582 0.003906044394425428 -0.002049182131498166 0.003629056750981374
583 -0.0005908704226167129 -0.001159648498819827 0.03281854282192278
584 -0.00317601548861296 0.003376238007586786 -7.5799886573533e-05
585 -0.004876679302035774 -0.002817359548312003 0.01237663349884084
586 0.005192601293802426 0.0004476878598865842 -0.02404705345759965
587 -0.001869685478820431 -0.003669464362723395 -0.02221676653895263
588 -0.00127514832800246 -0.003009354401216786 -0.03224905871547171
589 -0.003455708186631627 -0.004122674687623646 -0.02756908339947299
590 -0.0001660585637162251 0.005101839752904761 0.02780805203388929
591 0.004527808022469057 0.000482664962500208 -0.002028110733013767
592 -0.004271317880831801 0.000447825472456479 -0.006087409457652963
593 0.005518042116266275 0.0001223228281459934 0.008628340986771125
594 0.004172881235526178 0.001342469255895683 -0.03126344593547825
595 0.003326255400090128 -0.004972641760964697 0.02503584849138777
596 -0.004515628034898823 0.002300827404231471 -0.0180204301708623
597 -0.002540381438487467 -0.004498147886005764 -0.008786888234939533
598 0.001016105096946061 -0.005262187758652781 -0.01321010832190034
599 -0.002637074996181665 0.002630659271924309 0.02242085910598902
600 0.005868417990532148 0.001620806943524471 0.01691173465640886
601 0.005259558204074877 0.001228873273917373 -0.01008687494443884
602 0.00174711949173684 0.004257252025973168 -0.02683970328159101
603 -0.003293547577137522 0.001545820673226717 -0.02679168071930947
604 -0.005864722964588506 -0.002372601455829253 0.02246755767045972
605 0.00093106206277669 -0.005878494509112812 0.006551679490208647
606 -0.00309822041463878 -0.004318831892691966 0.03049911301944786
607 -0.004408616098486057 -0.00452988177527857 -0.0132472408221306
608 -0.006298134406562924 0.001416576473437906 0.0158952369253605
609 -0.0009053700239256897 0.005716281359902227 -0.01052749825207165
610 -0.00573202700518119 -0.003141239205861665 0.0269636438996981
611 0.005401532331343157 -0.002678313494374641 -0.01372723540170586
612 -0.005843340446999127 -0.002414330133232 -0.0016875
613 0.002668782788975627 0.002668782788975625 0.03152866695683126
614 0.002300359282858622 -0.005103616229367572 0.02011799591900302
615 0.003166907631979772 -0.004597621215318072 -0.02404155786145758
616 0.005477169324597044 -0.002732313966519677 -0.02970430637325332
617 -0.003018439425235396 0.003018439425235398 0.03146280654596161
618 0.002341168548458119 0.005117299628473806 0.021631420194159
619 0.006627304117277094 0.001678738810833034 0.001546636500740708
620 -0.004035464929770077 -0.005013271343758289 0.001928507606293179
621 0.004317019134896296 0.004792079869390379 -0.02316060719261206
622 -0.006543203396985085 0.0007134899235532024 0.008755773733788299
623 -0.003170686340728009 -0.006222822321974469 0.01972004739939441
624 -0.004749082981914108 0.00162954762470556 -0.03202020422555318
625 0.002669180351602011 -0.001937027462021495 -0.0334726275090515
626 -0.006821328178395305 -0.002124491999906069 0.0293550175234758
627 0.00582726972478934 0.00198215591549788 -0.01941906835306905
628 -0.00497860492961098 -0.00497860492961098 0.008386038901629086
629 0.002979223536693272 7.716019050110702e-05 0.01297074407099681
630 0.0001637767751709032 0.0005390417237297492 0.005313566143681151
631 0.004082945181253988 -0.004376678749298838 0.01065611553555537
632 -0.004822486428244156 0.003554940969305088 0.0268263764875311
633 -0.0009827603768412692 0.005757557012534826 -0.01590366275889401
634 0.0029827039492085 -0.005853886105528298 -0.00351997026082581
635 -0.001314853835776029 0.006573202729499584 0.01950085388478422
636 -0.003197042100731247 0.006274548413437398 -0.003115403493561698
637 -0.0004404246350789882 -0.006399398699149511 0.02732535707815404
638 -0.001509339922517138 0.007341340125464418 0.01049817825396945
639 -0.005838697358648355 -0.0001875220675944182 -0.02249383477196712
640 0.001827889602569617 -0.005321542770103655 -0.03034892700641039
641 -0.0002251886364712061 -0.001080799516399713 -0.01790582459728604
642 -0.001376809436402848 -0.006122411415785718 0.0114953597691236
643 0.006572536051935801 0.003486687090044816 -0.02605650543804624
644 0.004629654742533046 0.004974713043690632 0.013327719765829
645 0.006106016758447861 -0.002929023494573206 0.02011000595167008
646 0.003131776899070027 0.00661999663387232 -0.01895738280397922
647 -0.005791576725276103 0.003236723315688077 0.003565460918626948
648 0.0047627457522561 -0.004868068414606409 0.0003720460147396954
649 0.007021196890171758 0.0006704677492194951 -0.01563394114596395
650 -0.005064218285883772 -0.00297466786055712 -0.01816899877558105
651 -0.001355501790022441 -0.0006233446950121946 0.01441423894680613
652 0.001934602521147343 -0.004615913528524441 0.03093685864253713
653 -0.002889108426376432 -0.005670194549149835 -0.0040740059476954
654 0.00210876252513404 0.002329330220951369 -0.03395553926246432
655 0.006138116352837836 0.003378097041964776 0.006046268376659123
656 0.006736302843738842 -0.002590477042366589 0.0253125
657 -0.005217681281329748 0.002856444184754566 -0.01056840517719779
658 0.001242984736931686 0.003628490864639072 -0.001332415290979133
659 0.001577160829674042 0.001261499502836939 0.02595847935955745
660 -0.001692392025259983 0.006414900524094244 0.002787668442315627
661 0.006790635409367437 -0.001703547009157211 -0.02094103642500948
662 0.006566020435023578 0.003375877209378869 -0.01296947078654075
663 -0.0009673522202688052 -0.00610762154594644 -0.01785053385986815
664 -0.003025058363924539 0.006147522654655045 0.01486694723590699
665 -0.0008703011599797373 -0.007303842130921245 -0.006845978489473702
666 0.002702858698230556 0.006753928062860189 0.02537953824037681
667 -0.002000707419912009 -0.006850726719687226 0.01549331712906809
668 -0.0007730952305048419 -0.007268105013517885 -0.01059483068853538
669 -0.002275114656951182 0.00565873647049323 -0.028786059862858
670 0.0005092724455696405 -0.006502341715936439 0.00182780203870696
671 -0.006107419457643042 -0.001694228300942294 -0.009934318086275876
672 0.005953241469574072 -0.003020850288022664 0.01514954912318296
673 0.005924318922744361 0.002954383617364385 0.02139982986485876
674 -0.001732080361710865 0.005988536032449569 -0.02403697481497715
675 -0.001103632627744131 0.002002637496396735 0.009314194826672052
676 0.001104223144322029 0.006673721483417152 0.006716415782040398
677 -0.005457657000847704 0.005302153122656894 0.01037888891992745
678 -0.003327302360038016 -0.0006399076777386182 -0.03409820807531441
679 0.00211408721557965 -0.002893001993347131 0.0340322631937453
680 -0.001607912808382688 -0.004142631922452841 0.0340087207549512
681 0.005891461716990827 0.002964399459020124 -0.005771642291414392
682 0.006048710697499844 0.002102831991757689 0.02956879601421517
683 0.002376952105839662 0.005041901737627426 -0.03084855954616331
684 0.0009588700448199302 -0.0006973660959516566 -0.02378796407598954
685 -0.001110561754305984 -0.007877275871105193 0.02218513216732321
686 -0.0006285666508043953 -0.0004012439306045937 -0.008631657668030196
687 0.001149619376174347 -0.0009016477178819647 0.01855170961517801
688 -0.003463947570097724 0.006001011907653589 0.02928104620705158
$EndNodes
$Elements
3607
1 15 2 0 0 1
2 15 2 0 1 2
3 15 2 0 2 3
4 15 2 0 3 4
5 15 2 0 4 5
6 15 2 0 6 6
7 15 2 0 9 7
8 15 2 0 11 8
9 15 2 0 14 9
10 15 2 0 16 10
11 15 2 0 19 11
12 15 2 0 21 12
13 1 2 0 1 1 13
14 1 2 0 1 13 14
15 1 2 0 1 14 15
16 1 2 0 1 15 16
17 1 2 0 1 16 2
18 1 2 0 2 2 17
19 1 2 0 2 17 18
20 1 2 0 2 18 19
21 1 2 0 2 19 20
22 1 2 0 2 20 21
23 1 2 0 2 21 22
24 1 2 0 2 22 23
25 1 2 0 2 23 24
26 1 2 0 2 24 25
27 1 2 0 2 25 26
28 1 2 0 2 26 27
29 1 2 0 2 27 28
30 1 2 0 2 28 29
31 1 2 0 2 29 30
32 1 2 0 2 30 31
33 1 2 0 2 31 4
34 1 2 0 3 4 32
35 1 2 0 3 32 33
36 1 2 0 3 33 34
37 1 2 0 3 34 35
38 1 2 0 3 35 5
39 1 2 0 4 1 36
40 1 2 0 4 36 37
41 1 2 0 4 37 38
42 1 2 0 4 38 39
43 1 2 0 4 39 7
44 1 2 0 5 2 40
45 1 2 0 5 40 41
46 1 2 0 5 41 42
47 1 2 0 5 42 43
48 1 2 0 5 43 7
49 1 2 0 7 7 44
50 1 2 0 7 44 45
51 1 2 0 7 45 46
52 1 2 0 7 46 47
53 1 2 0 7 47 48
54 1 2 0 7 48 49
55 1 2 0 7 49 50
56 1 2 0 7 50 51
57 1 2 0 7 51 52
58 1 2 0 7 52 53
59 1 2 0 7 53 54
60 1 2 0 7 54 55
61 1 2 0 7 55 56
62 1 2 0 7 56 57
63 1 2 0 7 57 58
64 1 2 0 7 58 8
65 1 2 0 9 4 59
66 1 2 0 9 59 60
67 1 2 0 9 60 61
68 1 2 0 9 61 62
69 1 2 0 9 62 8
70 1 2 0 11 8 63
71 1 2 0 11 63 64
72 1 2 0 11 64 65
73 1 2 0 11 65 66
74 1 2 0 11 66 5
75 1 2 0 14 1 67
76 1 2 0 14 67 68
77 1 2 0 14 68 69
78 1 2 0 14 69 70
79 1 2 0 14 70 9
80 1 2 0 15 7 71
81 1 2 0 15 71 72
82 1 2 0 15 72 73
83 1 2 0 15 73 74
84 1 2 0 15 74 9
85 1 2 0 17 9 75
86 1 2 0 17 75 76
87 1 2 0 17 76 77
88 1 2 0 17 77 78
89 1 2 0 17 78 79
90 1 2 0 17 79 80
91 1 2 0 17 80 81
92 1 2 0 17 81 82
93 1 2 0 17 82 83
94 1 2 0 17 83 84
95 1 2 0 17 84 85
96 1 2 0 17 85 86
97 1 2 0 17 86 87
98 1 2 0 17 87 88
99 1 2 0 17 88 89
100 1 2 0 17 89 10
101 1 2 0 19 8 90
102 1 2 0 19 90 91
103 1 2 0 19 91 92
104 1 2 0 19 92 93
105 1 2 0 19 93 10
106 1 2 0 21 10 94
107 1 2 0 21 94 95
108 1 2 0 21 95 96
109 1 2 0 21 96 97
110 1 2 0 21 97 5
111 1 2 0 24 1 98
112 1 2 0 24 98 99
113 1 2 0 24 99 100
114 1 2 0 24 100 101
115 1 2 0 24 101 11
116 1 2 0 25 9 102
117 1 2 0 25 102 103
118 1 2 0 25 103 104
119 1 2 0 25 104 105
120 1 2 0 25 105 11
121 1 2 0 27 11 106
122 1 2 0 27 106 107
123 1 2 0 27 107 108
124 1 2 0 27 108 109
125 1 2 0 27 109 110
126 1 2 0 27 110 111
127 1 2 0 27 111 112
128 1 2 0 27 112 113
129 1 2 0 27 113 114
130 1 2 0 27 114 115
131 1 2 0 27 115 116
132 1 2 0 27 116 117
133 1 2 0 27 117 118
134 1 2 0 27 118 119
135 1 2 0 27 119 120
136 1 2 0 27 120 12
137 1 2 0 29 10 121
138 1 2 0 29 121 122
139 1 2 0 29 122 123
140 1 2 0 29 123 124
141 1 2 0 29 124 12
142 1 2 0 31 12 125
143 1 2 0 31 125 126
144 1 2 0 31 126 127
145 1 2 0 31 127 128
146 1 2 0 31 128 5
147 1 2 0 35 11 129
148 1 2 0 35 129 130
149 1 2 0 35 130 131
150 1 2 0 35 131 132
151 1 2 0 35 132 2
152 1 2 0 39 12 133
153 1 2 0 39 133 134
154 1 2 0 39 134 135
155 1 2 0 39 135 136
156 1 2 0 39 136 4
157 2 2 0 6 1 13 137
158 2 2 0 6 1 140 36
159 2 2 0 6 1 137 138
160 2 2 0 6 1 138 139
161 2 2 0 6 1 139 140
162 2 2 0 6 16 2 40
163 2 2 0 6 152 7 39
164 2 2 0 6 152 43 7
165 2 2 0 6 13 14 141
166 2 2 0 6 13 141 137
167 2 2 0 6 14 15 145
168 2 2 0 6 14 145 141
169 2 2 0 6 15 16 149
170 2 2 0 6 15 149 145
171 2 2 0 6 16 40 149
172 2 2 0 6 140 37 36
173 2 2 0 6 144 38 37
174 2 2 0 6 140 144 37
175 2 2 0 6 148 39 38
176 2 2 0 6 144 148 38
177 2 2 0 6 148 152 39
178 2 2 0 6 149 40 41
179 2 2 0 6 150 41 42
180 2 2 0 6 149 41 150
181 2 2 0 6 151 42 43
182 2 2 0 6 150 42 151
183 2 2 0 6 151 43 152
184 2 2 0 6 137 142 138
185 2 2 0 6 137 141 142
186 2 2 0 6 138 143 139
187 2 2 0 6 138 142 143
188 2 2 0 6 139 144 140
189 2 2 0 6 139 143 144
190 2 2 0 6 141 146 142
191 2 2 0 6 141 145 146
192 2 2 0 6 142 147 143
193 2 2 0 6 142 146 147
194 2 2 0 6 143 148 144
195 2 2 0 6 143 147 148
196 2 2 0 6 145 150 146
197 2 2 0 6 145 149 150
198 2 2 0 6 146 151 147
199 2 2 0 6 146 150 151
200 2 2 0 6 147 152 148
201 2 2 0 6 147 151 152
202 2 2 0 10 2 17 153
203 2 2 0 10 2 153 40
204 2 2 0 10 31 4 59
205 2 2 0 10 43 44 7
206 2 2 0 10 212 8 58
207 2 2 0 10 212 62 8
208 2 2 0 10 17 18 157
209 2 2 0 10 17 157 153
210 2 2 0 10 18 19 161
211 2 2 0 10 18 161 157
212 2 2 0 10 19 20 165
213 2 2 0 10 19 165 161
214 2 2 0 10 20 21 169
215 2 2 0 10 20 169 165
216 2 2 0 10 21 22 173
217 2 2 0 10 21 173 169
218 2 2 0 10 22 23 177
219 2 2 0 10 22 177 173
220 2 2 0 10 23 24 181
221 2 2 0 10 23 181 177
222 2 2 0 10 24 25 185
223 2 2 0 10 24 185 181
224 2 2 0 10 25 26 189
225 2 2 0 10 25 189 185
226 2 2 0 10 26 27 193
227 2 2 0 10 26 193 189
228 2 2 0 10 27 28 197
229 2 2 0 10 27 197 193
230 2 2 0 10 28 29 201
231 2 2 0 10 28 201 197
232 2 2 0 10 29 30 205
233 2 2 0 10 29 205 201
234 2 2 0 10 30 31 209
235 2 2 0 10 30 209 205
236 2 2 0 10 31 59 209
237 2 2 0 10 40 154 41
238 2 2 0 10 40 153 154
239 2 2 0 10 41 155 42
240 2 2 0 10 41 154 155
241 2 2 0 10 42 156 43
242 2 2 0 10 42 155 156
243 2 2 0 10 43 156 44
244 2 2 0 10 156 45 44
245 2 2 0 10 160 46 45
246 2 2 0 10 156 160 45
247 2 2 0 10 164 47 46
248 2 2 0 10 160 164 46
249 2 2 0 10 168 48 47
250 2 2 0 10 164 168 47
251 2 2 0 10 172 49 48
252 2 2 0 10 168 172 48
253 2 2 0 10 176 50 49
254 2 2 0 10 172 176 49
255 2 2 0 10 180 51 50
256 2 2 0 10 176 180 50
257 2 2 0 10 184 52 51
258 2 2 0 10 180 184 51
259 2 2 0 10 188 53 52
260 2 2 0 10 184 188 52
261 2 2 0 10 192 54 53
262 2 2 0 10 188 192 53
263 2 2 0 10 196 55 54
264 2 2 0 10 192 196 54
265 2 2 0 10 200 56 55
266 2 2 0 10 196 200 55
267 2 2 0 10 204 57 56
268 2 2 0 10 200 204 56
269 2 2 0 10 208 58 57
270 2 2 0 10 204 208 57
271 2 2 0 10 208 212 58
272 2 2 0 10 209 59 60
273 2 2 0 10 210 60 61
274 2 2 0 10 209 60 210
275 2 2 0 10 211 61 62
276 2 2 0 10 210 61 211
277 2 2 0 10 211 62 212
278 2 2 0 10 153 158 154
279 2 2 0 10 153 157 158
280 2 2 0 10 154 159 155
281 2 2 0 10 154 158 159
282 2 2 0 10 155 160 156
283 2 2 0 10 155 159 160
284 2 2 0 10 157 162 158
285 2 2 0 10 157 161 162
286 2 2 0 10 158 163 159
287 2 2 0 10 158 162 163
288 2 2 0 10 159 164 160
289 2 2 0 10 159 163 164
290 2 2 0 10 161 166 162
291 2 2 0 10 161 165 166
292 2 2 0 10 162 167 163
293 2 2 0 10 162 166 167
294 2 2 0 10 163 168 164
295 2 2 0 10 163 167 168
296 2 2 0 10 165 170 166
297 2 2 0 10 165 169 170
298 2 2 0 10 166 171 167
299 2 2 0 10 166 170 171
300 2 2 0 10 167 172 168
301 2 2 0 10 167 171 172
302 2 2 0 10 169 174 170
303 2 2 0 10 169 173 174
304 2 2 0 10 170 175 171
305 2 2 0 10 170 174 175
306 2 2 0 10 171 176 172
307 2 2 0 10 171 175 176
308 2 2 0 10 173 178 174
309 2 2 0 10 173 177 178
310 2 2 0 10 174 179 175
311 2 2 0 10 174 178 179
312 2 2 0 10 175 180 176
313 2 2 0 10 175 179 180
314 2 2 0 10 177 182 178
315 2 2 0 10 177 181 182
316 2 2 0 10 178 183 179
317 2 2 0 10 178 182 183
318 2 2 0 10 179 184 180
319 2 2 0 10 179 183 184
320 2 2 0 10 181 186 182
321 2 2 0 10 181 185 186
322 2 2 0 10 182 187 183
323 2 2 0 10 182 186 187
324 2 2 0 10 183 188 184
325 2 2 0 10 183 187 188
326 2 2 0 10 185 190 186
327 2 2 0 10 185 189 190
328 2 2 0 10 186 191 187
329 2 2 0 10 186 190 191
330 2 2 0 10 187 192 188
331 2 2 0 10 187 191 192
332 2 2 0 10 189 194 190
333 2 2 0 10 189 193 194
334 2 2 0 10 190 195 191
335 2 2 0 10 190 194 195
336 2 2 0 10 191 196 192
337 2 2 0 10 191 195 196
338 2 2 0 10 193 198 194
339 2 2 0 10 193 197 198
340 2 2 0 10 194 199 195
341 2 2 0 10 194 198 199
342 2 2 0 10 195 200 196
343 2 2 0 10 195 199 200
344 2 2 0 10 197 202 198
345 2 2 0 10 197 201 202
346 2 2 0 10 198 203 199
347 2 2 0 10 198 202 203
348 2 2 0 10 199 204 200
349 2 2 0 10 199 203 204
350 2 2 0 10 201 206 202
351 2 2 0 10 201 205 206
352 2 2 0 10 202 207 203
353 2 2 0 10 202 206 207
354 2 2 0 10 203 208 204
355 2 2 0 10 203 207 208
356 2 2 0 10 205 210 206
357 2 2 0 10 205 209 210
358 2 2 0 10 206 211 207
359 2 2 0 10 206 210 211
360 2 2 0 10 207 212 208
361 2 2 0 10 207 211 212
362 2 2 0 13 4 32 213
363 2 2 0 13 4 213 59
364 2 2 0 13 35 5 225
365 2 2 0 13 228 5 66
366 2 2 0 13 225 5 226
367 2 2 0 13 226 5 227
368 2 2 0 13 227 5 228
369 2 2 0 13 62 63 8
370 2 2 0 13 32 33 217
371 2 2 0 13 32 217 213
372 2 2 0 13 33 34 221
373 2 2 0 13 33 221 217
374 2 2 0 13 34 35 225
375 2 2 0 13 34 225 221
376 2 2 0 13 59 214 60
377 2 2 0 13 59 213 214
378 2 2 0 13 60 215 61
379 2 2 0 13 60 214 215
380 2 2 0 13 61 216 62
381 2 2 0 13 61 215 216
382 2 2 0 13 62 216 63
383 2 2 0 13 216 64 63
384 2 2 0 13 220 65 64
385 2 2 0 13 216 220 64
386 2 2 0 13 224 66 65
387 2 2 0 13 220 224 65
388 2 2 0 13 224 228 66
389 2 2 0 13 213 218 214
390 2 2 0 13 213 217 218
391 2 2 0 13 214 219 215
392 2 2 0 13 214 218 219
393 2 2 0 13 215 220 216
394 2 2 0 13 215 219 220
395 2 2 0 13 217 222 218
396 2 2 0 13 217 221 222
397 2 2 0 13 218 223 219
398 2 2 0 13 218 222 223
399 2 2 0 13 219 224 220
400 2 2 0 13 219 223 224
401 2 2 0 13 221 226 222
402 2 2 0 13 221 225 226
403 2 2 0 13 222 227 223
404 2 2 0 13 222 226 227
405 2 2 0 13 223 228 224
406 2 2 0 13 223 227 228
407 2 2 0 16 1 36 229
408 2 2 0 16 1 232 67
409 2 2 0 16 1 229 230
410 2 2 0 16 1 230 231
411 2 2 0 16 1 231 232
412 2 2 0 16 39 7 71
413 2 2 0 16 244 9 70
414 2 2 0 16 244 74 9
415 2 2 0 16 36 37 233
416 2 2 0 16 36 233 229
417 2 2 0 16 37 38 237
418 2 2 0 16 37 237 233
419 2 2 0 16 38 39 241
420 2 2 0 16 38 241 237
421 2 2 0 16 39 71 241
422 2 2 0 16 232 68 67
423 2 2 0 16 236 69 68
424 2 2 0 16 232 236 68
425 2 2 0 16 240 70 69
426 2 2 0 16 236 240 69
427 2 2 0 16 240 244 70
428 2 2 0 16 241 71 72
429 2 2 0 16 242 72 73
430 2 2 0 16 241 72 242
431 2 2 0 16 243 73 74
432 2 2 0 16 242 73 243
433 2 2 0 16 243 74 244
434 2 2 0 16 229 234 230
435 2 2 0 16 229 233 234
436 2 2 0 16 230 235 231
437 2 2 0 16 230 234 235
438 2 2 0 16 231 236 232
439 2 2 0 16 231 235 236
440 2 2 0 16 233 238 234
441 2 2 0 16 233 237 238
442 2 2 0 16 234 239 235
443 2 2 0 16 234 238 239
444 2 2 0 16 235 240 236
445 2 2 0 16 235 239 240
446 2 2 0 16 237 242 238
447 2 2 0 16 237 241 242
448 2 2 0 16 238 243 239
449 2 2 0 16 238 242 243
450 2 2 0 16 239 244 240
451 2 2 0 16 239 243 244
452 2 2 0 20 7 44 245
453 2 2 0 20 7 245 71
454 2 2 0 20 58 8 90
455 2 2 0 20 74 75 9
456 2 2 0 20 304 10 89
457 2 2 0 20 304 93 10
458 2 2 0 20 44 45 249
459 2 2 0 20 44 249 245
460 2 2 0 20 45 46 253
461 2 2 0 20 45 253 249
462 2 2 0 20 46 47 257
463 2 2 0 20 46 257 253
464 2 2 0 20 47 48 261
465 2 2 0 20 47 261 257
466 2 2 0 20 48 49 265
467 2 2 0 20 48 265 261
468 2 2 0 20 49 50 269
469 2 2 0 20 49 269 265
470 2 2 0 20 50 51 273
471 2 2 0 20 50 273 269
472 2 2 0 20 51 52 277
473 2 2 0 20 51 277 273
474 2 2 0 20 52 53 281
475 2 2 0 20 52 281 277
476 2 2 0 20 53 54 285
477 2 2 0 20 53 285 281
478 2 2 0 20 54 55 289
479 2 2 0 20 54 289 285
480 2 2 0 20 55 56 293
481 2 2 0 20 55 293 289
482 2 2 0 20 56 57 297
483 2 2 0 20 56 297 293
484 2 2 0 20 57 58 301
485 2 2 0 20 57 301 297
486 2 2 0 20 58 90 301
487 2 2 0 20 71 246 72
488 2 2 0 20 71 245 246
489 2 2 0 20 72 247 73
490 2 2 0 20 72 246 247
491 2 2 0 20 73 248 74
492 2 2 0 20 73 247 248
493 2 2 0 20 74 248 75
494 2 2 0 20 248 76 75
495 2 2 0 20 252 77 76
496 2 2 0 20 248 252 76
497 2 2 0 20 256 78 77
498 2 2 0 20 252 256 77
499 2 2 0 20 260 79 78
500 2 2 0 20 256 260 78
501 2 2 0 20 264 80 79
502 2 2 0 20 260 264 79
503 2 2 0 20 268 81 80
504 2 2 0 20 264 268 80
505 2 2 0 20 272 82 81
506 2 2 0 20 268 272 81
507 2 2 0 20 276 83 82
508 2 2 0 20 272 276 82
509 2 2 0 20 280 84 83
510 2 2 0 20 276 280 83
511 2 2 0 20 284 85 84
512 2 2 0 20 280 284 84
513 2 2 0 20 288 86 85
514 2 2 0 20 284 288 85
515 2 2 0 20 292 87 86
516 2 2 0 20 288 292 86
517 2 2 0 20 296 88 87
518 2 2 0 20 292 296 87
519 2 2 0 20 300 89 88
520 2 2 0 20 296 300 88
521 2 2 0 20 300 304 89
522 2 2 0 20 301 90 91
523 2 2 0 20 302 91 92
524 2 2 0 20 301 91 302
525 2 2 0 20 303 92 93
526 2 2 0 20 302 92 303
527 2 2 0 20 303 93 304
528 2 2 0 20 245 250 246
529 2 2 0 20 245 249 250
530 2 2 0 20 246 251 247
531 2 2 0 20 246 250 251
532 2 2 0 20 247 252 248
533 2 2 0 20 247 251 252
534 2 2 0 20 249 254 250
535 2 2 0 20 249 253 254
536 2 2 0 20 250 255 251
537 2 2 0 20 250 254 255
538 2 2 0 20 251 256 252
539 2 2 0 20 251 255 256
540 2 2 0 20 253 258 254
541 2 2 0 20 253 257 258
542 2 2 0 20 254 259 255
543 2 2 0 20 254 258 259
544 2 2 0 20 255 260 256
545 2 2 0 20 255 259 260
546 2 2 0 20 257 262 258
547 2 2 0 20 257 261 262
548 2 2 0 20 258 263 259
549 2 2 0 20 258 262 263
550 2 2 0 20 259 264 260
551 2 2 0 20 259 263 264
552 2 2 0 20 261 266 262
553 2 2 0 20 261 265 266
554 2 2 0 20 262 267 263
555 2 2 0 20 262 266 267
556 2 2 0 20 263 268 264
557 2 2 0 20 263 267 268
558 2 2 0 20 265 270 266
559 2 2 0 20 265 269 270
560 2 2 0 20 266 271 267
561 2 2 0 20 266 270 271
562 2 2 0 20 267 272 268
563 2 2 0 20 267 271 272
564 2 2 0 20 269 274 270
565 2 2 0 20 269 273 274
566 2 2 0 20 270 275 271
567 2 2 0 20 270 274 275
568 2 2 0 20 271 276 272
569 2 2 0 20 271 275 276
570 2 2 0 20 273 278 274
571 2 2 0 20 273 277 278
572 2 2 0 20 274 279 275
573 2 2 0 20 274 278 279
574 2 2 0 20 275 280 276
575 2 2 0 20 275 279 280
576 2 2 0 20 277 282 278
577 2 2 0 20 277 281 282
578 2 2 0 20 278 283 279
579 2 2 0 20 278 282 283
580 2 2 0 20 279 284 280
581 2 2 0 20 279 283 284
582 2 2 0 20 281 286 282
583 2 2 0 20 281 285 286
584 2 2 0 20 282 287 283
585 2 2 0 20 282 286 287
586 2 2 0 20 283 288 284
587 2 2 0 20 283 287 288
588 2 2 0 20 285 290 286
589 2 2 0 20 285 289 290
590 2 2 0 20 286 291 287
591 2 2 0 20 286 290 291
592 2 2 0 20 287 292 288
593 2 2 0 20 287 291 292
594 2 2 0 20 289 294 290
595 2 2 0 20 289 293 294
596 2 2 0 20 290 295 291
597 2 2 0 20 290 294 295
598 2 2 0 20 291 296 292
599 2 2 0 20 291 295 296
600 2 2 0 20 293 298 294
601 2 2 0 20 293 297 298
602 2 2 0 20 294 299 295
603 2 2 0 20 294 298 299
604 2 2 0 20 295 300 296
605 2 2 0 20 295 299 300
606 2 2 0 20 297 302 298
607 2 2 0 20 297 301 302
608 2 2 0 20 298 303 299
609 2 2 0 20 298 302 303
610 2 2 0 20 299 304 300
611 2 2 0 20 299 303 304
612 2 2 0 23 66 5 317
613 2 2 0 23 320 5 97
614 2 2 0 23 317 5 318
615 2 2 0 23 318 5 319
616 2 2 0 23 319 5 320
617 2 2 0 23 8 63 305
618 2 2 0 23 8 305 90
619 2 2 0 23 93 94 10
620 2 2 0 23 63 64 309
621 2 2 0 23 63 309 305
622 2 2 0 23 64 65 313
623 2 2 0 23 64 313 309
624 2 2 0 23 65 66 317
625 2 2 0 23 65 317 313
626 2 2 0 23 90 306 91
627 2 2 0 23 90 305 306
628 2 2 0 23 91 307 92
629 2 2 0 23 91 306 307
630 2 2 0 23 92 308 93
631 2 2 0 23 92 307 308
632 2 2 0 23 93 308 94
633 2 2 0 23 308 95 94
634 2 2 0 23 312 96 95
635 2 2 0 23 308 312 95
636 2 2 0 23 316 97 96
637 2 2 0 23 312 316 96
638 2 2 0 23 316 320 97
639 2 2 0 23 305 310 306
640 2 2 0 23 305 309 310
641 2 2 0 23 306 311 307
642 2 2 0 23 306 310 311
643 2 2 0 23 307 312 308
644 2 2 0 23 307 311 312
645 2 2 0 23 309 314 310
646 2 2 0 23 309 313 314
647 2 2 0 23 310 315 311
648 2 2 0 23 310 314 315
649 2 2 0 23 311 316 312
650 2 2 0 23 311 315 316
651 2 2 0 23 313 318 314
652 2 2 0 23 313 317 318
653 2 2 0 23 314 319 315
654 2 2 0 23 314 318 319
655 2 2 0 23 315 320 316
656 2 2 0 23 315 319 320
657 2 2 0 26 1 67 321
658 2 2 0 26 1 324 98
659 2 2 0 26 1 321 322
660 2 2 0 26 1 322 323
661 2 2 0 26 1 323 324
662 2 2 0 26 70 9 102
663 2 2 0 26 336 11 101
664 2 2 0 26 336 105 11
665 2 2 0 26 67 68 325
666 2 2 0 26 67 325 321
667 2 2 0 26 68 69 329
668 2 2 0 26 68 329 325
669 2 2 0 26 69 70 333
670 2 2 0 26 69 333 329
671 2 2 0 26 70 102 333
672 2 2 0 26 324 99 98
673 2 2 0 26 328 100 99
674 2 2 0 26 324 328 99
675 2 2 0 26 332 101 100
676 2 2 0 26 328 332 100
677 2 2 0 26 332 336 101
678 2 2 0 26 333 102 103
679 2 2 0 26 334 103 104
680 2 2 0 26 333 103 334
681 2 2 0 26 335 104 105
682 2 2 0 26 334 104 335
683 2 2 0 26 335 105 336
684 2 2 0 26 321 326 322
685 2 2 0 26 321 325 326
686 2 2 0 26 322 327 323
687 2 2 0 26 322 326 327
688 2 2 0 26 323 328 324
689 2 2 0 26 323 327 328
690 2 2 0 26 325 330 326
691 2 2 0 26 325 329 330
692 2 2 0 26 326 331 327
693 2 2 0 26 326 330 331
694 2 2 0 26 327 332 328
695 2 2 0 26 327 331 332
696 2 2 0 26 329 334 330
697 2 2 0 26 329 333 334
698 2 2 0 26 330 335 331
699 2 2 0 26 330 334 335
700 2 2 0 26 331 336 332
701 2 2 0 26 331 335 336
702 2 2 0 30 9 75 337
703 2 2 0 30 9 337 102
704 2 2 0 30 89 10 121
705 2 2 0 30 105 106 11
706 2 2 0 30 396 12 120
707 2 2 0 30 396 124 12
708 2 2 0 30 75 76 341
709 2 2 0 30 75 341 337
710 2 2 0 30 76 77 345
711 2 2 0 30 76 345 341
712 2 2 0 30 77 78 349
713 2 2 0 30 77 349 345
714 2 2 0 30 78 79 353
715 2 2 0 30 78 353 349
716 2 2 0 30 79 80 357
717 2 2 0 30 79 357 353
718 2 2 0 30 80 81 361
719 2 2 0 30 80 361 357
720 2 2 0 30 81 82 365
721 2 2 0 30 81 365 361
722 2 2 0 30 82 83 369
723 2 2 0 30 82 369 365
724 2 2 0 30 83 84 373
725 2 2 0 30 83 373 369
726 2 2 0 30 84 85 377
727 2 2 0 30 84 377 373
728 2 2 0 30 85 86 381
729 2 2 0 30 85 381 377
730 2 2 0 30 86 87 385
731 2 2 0 30 86 385 381
732 2 2 0 30 87 88 389
733 2 2 0 30 87 389 385
734 2 2 0 30 88 89 393
735 2 2 0 30 88 393 389
736 2 2 0 30 89 121 393
737 2 2 0 30 102 338 103
738 2 2 0 30 102 337 338
739 2 2 0 30 103 339 104
740 2 2 0 30 103 338 339
741 2 2 0 30 104 340 105
742 2 2 0 30 104 339 340
743 2 2 0 30 105 340 106
744 2 2 0 30 340 107 106
745 2 2 0 30 344 108 107
746 2 2 0 30 340 344 107
747 2 2 0 30 348 109 108
748 2 2 0 30 344 348 108
749 2 2 0 30 352 110 109
750 2 2 0 30 348 352 109
751 2 2 0 30 356 111 110
752 2 2 0 30 352 356 110
753 2 2 0 30 360 112 111
754 2 2 0 30 356 360 111
755 2 2 0 30 364 113 112
756 2 2 0 30 360 364 112
757 2 2 0 30 368 114 113
758 2 2 0 30 364 368 113
759 2 2 0 30 372 115 114
760 2 2 0 30 368 372 114
761 2 2 0 30 376 116 115
762 2 2 0 30 372 376 115
763 2 2 0 30 380 117 116
764 2 2 0 30 376 380 116
765 2 2 0 30 384 118 117
766 2 2 0 30 380 384 117
767 2 2 0 30 388 119 118
768 2 2 0 30 384 388 118
769 2 2 0 30 392 120 119
770 2 2 0 30 388 392 119
771 2 2 0 30 392 396 120
772 2 2 0 30 393 121 122
773 2 2 0 30 394 122 123
774 2 2 0 30 393 122 394
775 2 2 0 30 395 123 124
776 2 2 0 30 394 123 395
777 2 2 0 30 395 124 396
778 2 2 0 30 337 342 338
779 2 2 0 30 337 341 342
780 2 2 0 30 338 343 339
781 2 2 0 30 338 342 343
782 2 2 0 30 339 344 340
783 2 2 0 30 339 343 344
784 2 2 0 30 341 346 342
785 2 2 0 30 341 345 346
786 2 2 0 30 342 347 343
787 2 2 0 30 342 346 347
788 2 2 0 30 343 348 344
789 2 2 0 30 343 347 348
790 2 2 0 30 345 350 346
791 2 2 0 30 345 349 350
792 2 2 0 30 346 351 347
793 2 2 0 30 346 350 351
794 2 2 0 30 347 352 348
795 2 2 0 30 347 351 352
796 2 2 0 30 349 354 350
797 2 2 0 30 349 353 354
798 2 2 0 30 350 355 351
799 2 2 0 30 350 354 355
800 2 2 0 30 351 356 352
801 2 2 0 30 351 355 356
802 2 2 0 30 353 358 354
803 2 2 0 30 353 357 358
804 2 2 0 30 354 359 355
805 2 2 0 30 354 358 359
806 2 2 0 30 355 360 356
807 2 2 0 30 355 359 360
808 2 2 0 30 357 362 358
809 2 2 0 30 357 361 362
810 2 2 0 30 358 363 359
811 2 2 0 30 358 362 363
812 2 2 0 30 359 364 360
813 2 2 0 30 359 363 364
814 2 2 0 30 361 366 362
815 2 2 0 30 361 365 366
816 2 2 0 30 362 367 363
817 2 2 0 30 362 366 367
818 2 2 0 30 363 368 364
819 2 2 0 30 363 367 368
820 2 2 0 30 365 370 366
821 2 2 0 30 365 369 370
822 2 2 0 30 366 371 367
823 2 2 0 30 366 370 371
824 2 2 0 30 367 372 368
825 2 2 0 30 367 371 372
826 2 2 0 30 369 374 370
827 2 2 0 30 369 373 374
828 2 2 0 30 370 375 371
829 2 2 0 30 370 374 375
830 2 2 0 30 371 376 372
831 2 2 0 30 371 375 376
832 2 2 0 30 373 378 374
833 2 2 0 30 373 377 378
834 2 2 0 30 374 379 375
835 2 2 0 30 374 378 379
836 2 2 0 30 375 380 376
837 2 2 0 30 375 379 380
838 2 2 0 30 377 382 378
839 2 2 0 30 377 381 382
840 2 2 0 30 378 383 379
841 2 2 0 30 378 382 383
842 2 2 0 30 379 384 380
843 2 2 0 30 379 383 384
844 2 2 0 30 381 386 382
845 2 2 0 30 381 385 386
846 2 2 0 30 382 387 383
847 2 2 0 30 382 386 387
848 2 2 0 30 383 388 384
849 2 2 0 30 383 387 388
850 2 2 0 30 385 390 386
851 2 2 0 30 385 389 390
852 2 2 0 30 386 391 387
853 2 2 0 30 386 390 391
854 2 2 0 30 387 392 388
855 2 2 0 30 387 391 392
856 2 2 0 30 389 394 390
857 2 2 0 30 389 393 394
858 2 2 0 30 390 395 391
859 2 2 0 30 390 394 395
860 2 2 0 30 391 396 392
861 2 2 0 30 391 395 396
862 2 2 0 33 97 5 409
863 2 2 0 33 412 5 128
864 2 2 0 33 409 5 410
865 2 2 0 33 410 5 411
866 2 2 0 33 411 5 412
867 2 2 0 33 10 94 397
868 2 2 0 33 10 397 121
869 2 2 0 33 124 125 12
870 2 2 0 33 94 95 401
871 2 2 0 33 94 401 397
872 2 2 0 33 95 96 405
873 2 2 0 33 95 405 401
874 2 2 0 33 96 97 409
875 2 2 0 33 96 409 405
876 2 2 0 33 121 398 122
877 2 2 0 33 121 397 398
878 2 2 0 33 122 399 123
879 2 2 0 33 122 398 399
880 2 2 0 33 123 400 124
881 2 2 0 33 123 399 400
882 2 2 0 33 124 400 125
883 2 2 0 33 400 126 125
884 2 2 0 33 404 127 126
885 2 2 0 33 400 404 126
886 2 2 0 33 408 128 127
887 2 2 0 33 404 408 127
888 2 2 0 33 408 412 128
889 2 2 0 33 397 402 398
890 2 2 0 33 397 401 402
891 2 2 0 33 398 403 399
892 2 2 0 33 398 402 403
893 2 2 0 33 399 404 400
894 2 2 0 33 399 403 404
895 2 2 0 33 401 406 402
896 2 2 0 33 401 405 406
897 2 2 0 33 402 407 403
898 2 2 0 33 402 406 407
899 2 2 0 33 403 408 404
900 2 2 0 33 403 407 408
901 2 2 0 33 405 410 406
902 2 2 0 33 405 409 410
903 2 2 0 33 406 411 407
904 2 2 0 33 406 410 411
905 2 2 0 33 407 412 408
906 2 2 0 33 407 411 412
907 2 2 0 36 1 416 13
908 2 2 0 36 1 98 413
909 2 2 0 36 1 413 414
910 2 2 0 36 1 414 415
911 2 2 0 36 1 415 416
912 2 2 0 36 428 2 16
913 2 2 0 36 428 132 2
914 2 2 0 36 101 11 129
915 2 2 0 36 416 14 13
916 2 2 0 36 420 15 14
917 2 2 0 36 416 420 14
918 2 2 0 36 424 16 15
919 2 2 0 36 420 424 15
920 2 2 0 36 424 428 16
921 2 2 0 36 98 99 417
922 2 2 0 36 98 417 413
923 2 2 0 36 99 100 421
924 2 2 0 36 99 421 417
925 2 2 0 36 100 101 425
926 2 2 0 36 100 425 421
927 2 2 0 36 101 129 425
928 2 2 0 36 425 129 130
929 2 2 0 36 426 130 131
930 2 2 0 36 425 130 426
931 2 2 0 36 427 131 132
932 2 2 0 36 426 131 427
933 2 2 0 36 427 132 428
934 2 2 0 36 413 418 414
935 2 2 0 36 413 417 418
936 2 2 0 36 414 419 415
937 2 2 0 36 414 418 419
938 2 2 0 36 415 420 416
939 2 2 0 36 415 419 420
940 2 2 0 36 417 422 418
941 2 2 0 36 417 421 422
942 2 2 0 36 418 423 419
943 2 2 0 36 418 422 423
944 2 2 0 36 419 424 420
945 2 2 0 36 419 423 424
946 2 2 0 36 421 426 422
947 2 2 0 36 421 425 426
948 2 2 0 36 422 427 423
949 2 2 0 36 422 426 427
950 2 2 0 36 423 428 424
951 2 2 0 36 423 427 428
952 2 2 0 40 132 17 2
953 2 2 0 40 488 4 31
954 2 2 0 40 488 136 4
955 2 2 0 40 11 106 429
956 2 2 0 40 11 429 129
957 2 2 0 40 120 12 133
958 2 2 0 40 432 18 17
959 2 2 0 40 132 432 17
960 2 2 0 40 436 19 18
961 2 2 0 40 432 436 18
962 2 2 0 40 440 20 19
963 2 2 0 40 436 440 19
964 2 2 0 40 444 21 20
965 2 2 0 40 440 444 20
966 2 2 0 40 448 22 21
967 2 2 0 40 444 448 21
968 2 2 0 40 452 23 22
969 2 2 0 40 448 452 22
970 2 2 0 40 456 24 23
971 2 2 0 40 452 456 23
972 2 2 0 40 460 25 24
973 2 2 0 40 456 460 24
974 2 2 0 40 464 26 25
975 2 2 0 40 460 464 25
976 2 2 0 40 468 27 26
977 2 2 0 40 464 468 26
978 2 2 0 40 472 28 27
979 2 2 0 40 468 472 27
980 2 2 0 40 476 29 28
981 2 2 0 40 472 476 28
982 2 2 0 40 480 30 29
983 2 2 0 40 476 480 29
984 2 2 0 40 484 31 30
985 2 2 0 40 480 484 30
986 2 2 0 40 484 488 31
987 2 2 0 40 106 107 433
988 2 2 0 40 106 433 429
989 2 2 0 40 107 108 437
990 2 2 0 40 107 437 433
991 2 2 0 40 108 109 441
992 2 2 0 40 108 441 437
993 2 2 0 40 109 110 445
994 2 2 0 40 109 445 441
995 2 2 0 40 110 111 449
996 2 2 0 40 110 449 445
997 2 2 0 40 111 112 453
998 2 2 0 40 111 453 449
999 2 2 0 40 112 113 457
1000 2 2 0 40 112 457 453
1001 2 2 0 40 113 114 461
1002 2 2 0 40 113 461 457
1003 2 2 0 40 114 115 465
1004 2 2 0 40 114 465 461
1005 2 2 0 40 115 116 469
1006 2 2 0 40 115 469 465
1007 2 2 0 40 116 117 473
1008 2 2 0 40 116 473 469
1009 2 2 0 40 117 118 477
1010 2 2 0 40 117 477 473
1011 2 2 0 40 118 119 481
1012 2 2 0 40 118 481 477
1013 2 2 0 40 119 120 485
1014 2 2 0 40 119 485 481
1015 2 2 0 40 120 133 485
1016 2 2 0 40 129 430 130
1017 2 2 0 40 129 429 430
1018 2 2 0 40 130 431 131
1019 2 2 0 40 130 430 431
1020 2 2 0 40 131 432 132
1021 2 2 0 40 131 431 432
1022 2 2 0 40 485 133 134
1023 2 2 0 40 486 134 135
1024 2 2 0 40 485 134 486
1025 2 2 0 40 487 135 136
1026 2 2 0 40 486 135 487
1027 2 2 0 40 487 136 488
1028 2 2 0 40 429 434 430
1029 2 2 0 40 429 433 434
1030 2 2 0 40 430 435 431
1031 2 2 0 40 430 434 435
1032 2 2 0 40 431 436 432
1033 2 2 0 40 431 435 436
1034 2 2 0 40 433 438 434
1035 2 2 0 40 433 437 438
1036 2 2 0 40 434 439 435
1037 2 2 0 40 434 438 439
1038 2 2 0 40 435 440 436
1039 2 2 0 40 435 439 440
1040 2 2 0 40 437 442 438
1041 2 2 0 40 437 441 442
1042 2 2 0 40 438 443 439
1043 2 2 0 40 438 442 443
1044 2 2 0 40 439 444 440
1045 2 2 0 40 439 443 444
1046 2 2 0 40 441 446 442
1047 2 2 0 40 441 445 446
1048 2 2 0 40 442 447 443
1049 2 2 0 40 442 446 447
1050 2 2 0 40 443 448 444
1051 2 2 0 40 443 447 448
1052 2 2 0 40 445 450 446
1053 2 2 0 40 445 449 450
1054 2 2 0 40 446 451 447
1055 2 2 0 40 446 450 451
1056 2 2 0 40 447 452 448
1057 2 2 0 40 447 451 452
1058 2 2 0 40 449 454 450
1059 2 2 0 40 449 453 454
1060 2 2 0 40 450 455 451
1061 2 2 0 40 450 454 455
1062 2 2 0 40 451 456 452
1063 2 2 0 40 451 455 456
1064 2 2 0 40 453 458 454
1065 2 2 0 40 453 457 458
1066 2 2 0 40 454 459 455
1067 2 2 0 40 454 458 459
1068 2 2 0 40 455 460 456
1069 2 2 0 40 455 459 460
1070 2 2 0 40 457 462 458
1071 2 2 0 40 457 461 462
1072 2 2 0 40 458 463 459
1073 2 2 0 40 458 462 463
1074 2 2 0 40 459 464 460
1075 2 2 0 40 459 463 464
1076 2 2 0 40 461 466 462
1077 2 2 0 40 461 465 466
1078 2 2 0 40 462 467 463
1079 2 2 0 40 462 466 467
1080 2 2 0 40 463 468 464
1081 2 2 0 40 463 467 468
1082 2 2 0 40 465 470 466
1083 2 2 0 40 465 469 470
1084 2 2 0 40 466 471 467
1085 2 2 0 40 466 470 471
1086 2 2 0 40 467 472 468
1087 2 2 0 40 467 471 472
1088 2 2 0 40 469 474 470
1089 2 2 0 40 469 473 474
1090 2 2 0 40 470 475 471
1091 2 2 0 40 470 474 475
1092 2 2 0 40 471 476 472
1093 2 2 0 40 471 475 476
1094 2 2 0 40 473 478 474
1095 2 2 0 40 473 477 478
1096 2 2 0 40 474 479 475
1097 2 2 0 40 474 478 479
1098 2 2 0 40 475 480 476
1099 2 2 0 40 475 479 480
1100 2 2 0 40 477 482 478
1101 2 2 0 40 477 481 482
1102 2 2 0 40 478 483 479
1103 2 2 0 40 478 482 483
1104 2 2 0 40 479 484 480
1105 2 2 0 40 479 483 484
1106 2 2 0 40 481 486 482
1107 2 2 0 40 481 485 486
1108 2 2 0 40 482 487 483
1109 2 2 0 40 482 486 487
1110 2 2 0 40 483 488 484
1111 2 2 0 40 483 487 488
1112 2 2 0 43 136 32 4
1113 2 2 0 43 504 5 35
1114 2 2 0 43 128 5 501
1115 2 2 0 43 501 5 502
1116 2 2 0 43 502 5 503
1117 2 2 0 43 503 5 504
1118 2 2 0 43 12 125 489
1119 2 2 0 43 12 489 133
1120 2 2 0 43 492 33 32
1121 2 2 0 43 136 492 32
1122 2 2 0 43 496 34 33
1123 2 2 0 43 492 496 33
1124 2 2 0 43 500 35 34
1125 2 2 0 43 496 500 34
1126 2 2 0 43 500 504 35
1127 2 2 0 43 125 126 493
1128 2 2 0 43 125 493 489
1129 2 2 0 43 126 127 497
1130 2 2 0 43 126 497 493
1131 2 2 0 43 127 128 501
1132 2 2 0 43 127 501 497
1133 2 2 0 43 133 490 134
1134 2 2 0 43 133 489 490
1135 2 2 0 43 134 491 135
1136 2 2 0 43 134 490 491
1137 2 2 0 43 135 492 136
1138 2 2 0 43 135 491 492
1139 2 2 0 43 489 494 490
1140 2 2 0 43 489 493 494
1141 2 2 0 43 490 495 491
1142 2 2 0 43 490 494 495
1143 2 2 0 43 491 496 492
1144 2 2 0 43 491 495 496
1145 2 2 0 43 493 498 494
1146 2 2 0 43 493 497 498
1147 2 2 0 43 494 499 495
1148 2 2 0 43 494 498 499
1149 2 2 0 43 495 500 496
1150 2 2 0 43 495 499 500
1151 2 2 0 43 497 502 498
1152 2 2 0 43 497 501 502
1153 2 2 0 43 498 503 499
1154 2 2 0 43 498 502 503
1155 2 2 0 43 499 504 500
1156 2 2 0 43 499 503 504
1157 4 2 0 1 28 650 567 671
1158 4 2 0 1 14 617 583 626
1159 4 2 0 1 14 583 141 626
1160 4 2 0 1 567 650 607 671
1161 4 2 0 1 28 607 650 671
1162 4 2 0 1 383 609 577 662
1163 4 2 0 1 565 595 581 659
1164 4 2 0 1 601 609 379 662
1165 4 2 0 1 590 599 635 666
1166 4 2 0 1 464 584 592 636
1167 4 2 0 1 28 596 567 650
1168 4 2 0 1 28 567 657 671
1169 4 2 0 1 464 463 584 636
1170 4 2 0 1 565 581 595 637
1171 4 2 0 1 8 589 615 640
1172 4 2 0 1 590 635 429 666
1173 4 2 0 1 276 551 280 591
1174 4 2 0 1 58 589 587 615
1175 4 2 0 1 216 506 62 589
1176 4 2 0 1 464 592 584 612
1177 4 2 0 1 217 624 589 678
1178 4 2 0 1 58 8 589 615
1179 4 2 0 1 285 665 573 668
1180 4 2 0 1 599 604 436 608
1181 4 2 0 1 20 579 585 622
1182 4 2 0 1 28 567 596 657
1183 4 2 0 1 286 573 598 668
1184 4 2 0 1 597 665 510 668
1185 4 2 0 1 218 589 588 678
1186 4 2 0 1 190 653 597 671
1187 4 2 0 1 383 379 609 662
1188 4 2 0 1 284 573 591 681
1189 4 2 0 1 581 599 565 659
1190 4 2 0 1 561 569 591 658
1191 4 2 0 1 581 610 42 637
1192 4 2 0 1 59 589 213 603
1193 4 2 0 1 569 573 561 591
1194 4 2 0 1 286 285 573 668
1195 4 2 0 1 569 584 630 658
1196 4 2 0 1 583 606 141 626
1197 4 2 0 1 17 610 604 632
1198 4 2 0 1 517 113 658 660
1199 4 2 0 1 597 653 592 671
1200 4 2 0 1 464 584 460 612
1201 4 2 0 1 460 612 584 647
1202 4 2 0 1 435 599 608 635
1203 4 2 0 1 20 585 579 608
1204 4 2 0 1 570 599 581 659
1205 4 2 0 1 581 599 570 687
1206 4 2 0 1 565 599 581 604
1207 4 2 0 1 517 658 563 660
1208 4 2 0 1 284 573 280 591
1209 4 2 0 1 218 217 589 678
1210 4 2 0 1 584 630 580 647
1211 4 2 0 1 444 516 443 579
1212 4 2 0 1 286 598 285 668
1213 4 2 0 1 580 630 584 660
1214 4 2 0 1 213 32 4 603
1215 4 2 0 1 354 541 593 655
1216 4 2 0 1 379 601 561 609
1217 4 2 0 1 4 59 213 603
1218 4 2 0 1 98 583 413 617
1219 4 2 0 1 280 551 83 591
1220 4 2 0 1 280 591 573 634
1221 4 2 0 1 284 591 84 681
1222 4 2 0 1 591 658 370 681
1223 4 2 0 1 384 577 383 609
1224 4 2 0 1 534 637 595 685
1225 4 2 0 1 370 591 366 658
1226 4 2 0 1 354 541 353 593
1227 4 2 0 1 618 635 599 666
1228 4 2 0 1 548 616 594 625
1229 4 2 0 1 84 591 83 681
1230 4 2 0 1 451 518 580 647
1231 4 2 0 1 578 651 579 675
1232 4 2 0 1 212 587 58 589
1233 4 2 0 1 589 603 59 639
1234 4 2 0 1 569 592 584 658
1235 4 2 0 1 580 647 518 660
1236 4 2 0 1 17 2 610 632
1237 4 2 0 1 366 591 619 658
1238 4 2 0 1 93 615 586 616
1239 4 2 0 1 565 604 581 610
1240 4 2 0 1 439 635 608 664
1241 4 2 0 1 435 608 439 635
1242 4 2 0 1 284 280 84 591
1243 4 2 0 1 280 83 84 591
1244 4 2 0 1 590 599 429 635
1245 4 2 0 1 558 596 639 674
1246 4 2 0 1 592 636 584 658
1247 4 2 0 1 569 584 574 630
1248 4 2 0 1 570 581 595 659
1249 4 2 0 1 368 517 113 658
1250 4 2 0 1 565 583 617 626
1251 4 2 0 1 42 581 155 610
1252 4 2 0 1 128 547 127 654
1253 4 2 0 1 564 615 589 640
1254 4 2 0 1 29 596 28 650
1255 4 2 0 1 8 62 212 589
1256 4 2 0 1 212 58 8 589
1257 4 2 0 1 18 436 604 608
1258 4 2 0 1 569 630 582 658
1259 4 2 0 1 28 596 476 657
1260 4 2 0 1 483 596 558 674
1261 4 2 0 1 561 573 569 686
1262 4 2 0 1 581 604 155 610
1263 4 2 0 1 444 579 20 622
1264 4 2 0 1 577 609 601 662
1265 4 2 0 1 435 599 436 608
1266 4 2 0 1 562 604 599 608
1267 4 2 0 1 494 512 498 624
1268 4 2 0 1 141 606 583 680
1269 4 2 0 1 98 613 583 617
1270 4 2 0 1 449 580 518 660
1271 4 2 0 1 368 563 517 658
1272 4 2 0 1 558 596 483 639
1273 4 2 0 1 569 561 592 658
1274 4 2 0 1 213 589 217 624
1275 4 2 0 1 177 507 612 620
1276 4 2 0 1 524 574 173 628
1277 4 2 0 1 604 610 565 632
1278 4 2 0 1 601 609 577 686
1279 4 2 0 1 562 599 581 687
1280 4 2 0 1 429 599 590 632
1281 4 2 0 1 621 646 396 674
1282 4 2 0 1 349 593 629 644
1283 4 2 0 1 190 592 653 671
1284 4 2 0 1 466 609 636 657
1285 4 2 0 1 524 620 574 628
1286 4 2 0 1 4 59 603 639
1287 4 2 0 1 436 599 432 604
1288 4 2 0 1 582 591 569 658
1289 4 2 0 1 261 605 532 642
1290 4 2 0 1 106 429 635 666
1291 4 2 0 1 28 607 197 650
1292 4 2 0 1 575 565 595 637
1293 4 2 0 1 68 575 236 679
1294 4 2 0 1 561 601 379 681
1295 4 2 0 1 510 597 191 665
1296 4 2 0 1 365 591 551 619
1297 4 2 0 1 369 551 365 591
1298 4 2 0 1 620 630 605 670
1299 4 2 0 1 513 386 649 662
1300 4 2 0 1 432 604 599 632
1301 4 2 0 1 487 558 483 639
1302 4 2 0 1 98 324 583 613
1303 4 2 0 1 567 577 609 686
1304 4 2 0 1 475 596 633 657
1305 4 2 0 1 2 626 610 632
1306 4 2 0 1 561 569 592 686
1307 4 2 0 1 28 197 607 671
1308 4 2 0 1 592 636 609 657
1309 4 2 0 1 585 622 579 675
1310 4 2 0 1 565 606 583 626
1311 4 2 0 1 605 620 574 630
1312 4 2 0 1 157 522 562 604
1313 4 2 0 1 571 347 618 673
1314 4 2 0 1 380 384 379 609
1315 4 2 0 1 384 383 379 609
1316 4 2 0 1 109 352 571 644
1317 4 2 0 1 633 646 568 674
1318 4 2 0 1 464 592 463 636
1319 4 2 0 1 532 605 176 642
1320 4 2 0 1 78 349 593 629
1321 4 2 0 1 575 595 565 659
1322 4 2 0 1 177 507 181 612
1323 4 2 0 1 15 617 14 626
1324 4 2 0 1 565 610 581 637
1325 4 2 0 1 444 20 579 608
1326 4 2 0 1 312 616 548 625
1327 4 2 0 1 467 636 592 657
1328 4 2 0 1 458 459 515 584
1329 4 2 0 1 282 555 283 573
1330 4 2 0 1 571 600 347 673
1331 4 2 0 1 276 619 591 648
1332 4 2 0 1 100 590 617 688
1333 4 2 0 1 21 525 169 622
1334 4 2 0 1 284 601 573 681
1335 4 2 0 1 559 659 575 682
1336 4 2 0 1 596 633 568 674
1337 4 2 0 1 572 588 564 603
1338 4 2 0 1 467 466 636 657
1339 4 2 0 1 563 582 630 658
1340 4 2 0 1 69 575 68 682
1341 4 2 0 1 571 608 599 635
1342 4 2 0 1 563 630 584 658
1343 4 2 0 1 577 609 384 633
1344 4 2 0 1 119 646 633 674
1345 4 2 0 1 450 451 518 580
1346 4 2 0 1 290 556 294 611
1347 4 2 0 1 475 633 474 657
1348 4 2 0 1 101 519 590 688
1349 4 2 0 1 561 609 592 636
1350 4 2 0 1 581 599 562 604
1351 4 2 0 1 347 600 571 644
1352 4 2 0 1 267 582 605 631
1353 4 2 0 1 584 647 580 660
1354 4 2 0 1 284 84 601 681
1355 4 2 0 1 571 579 578 651
1356 4 2 0 1 556 560 294 611
1357 4 2 0 1 215 506 219 589
1358 4 2 0 1 369 83 551 591
1359 4 2 0 1 177 574 524 620
1360 4 2 0 1 190 592 612 653
1361 4 2 0 1 323 1 324 583
1362 4 2 0 1 57 615 587 663
1363 4 2 0 1 366 367 371 658
1364 4 2 0 1 371 370 366 658
1365 4 2 0 1 584 612 574 647
1366 4 2 0 1 413 583 414 617
1367 4 2 0 1 569 630 620 670
1368 4 2 0 1 93 92 615 616
1369 4 2 0 1 95 594 548 616
1370 4 2 0 1 562 604 522 623
1371 4 2 0 1 286 598 573 611
1372 4 2 0 1 348 539 108 635
1373 4 2 0 1 99 613 98 617
1374 4 2 0 1 323 322 1 583
1375 4 2 0 1 324 1 98 583
1376 4 2 0 1 8 615 90 640
1377 4 2 0 1 349 629 600 644
1378 4 2 0 1 157 522 161 562
1379 4 2 0 1 324 323 583 613
1380 4 2 0 1 280 573 279 634
1381 4 2 0 1 575 656 559 682
1382 4 2 0 1 562 599 571 608
1383 4 2 0 1 58 587 57 615
1384 4 2 0 1 371 370 658 681
1385 4 2 0 1 267 593 582 631
1386 4 2 0 1 42 155 581 637
1387 4 2 0 1 575 565 637 652
1388 4 2 0 1 191 510 195 597
1389 4 2 0 1 380 379 561 609
1390 4 2 0 1 94 594 616 643
1391 4 2 0 1 566 622 585 675
1392 4 2 0 1 448 579 444 622
1393 4 2 0 1 172 532 176 642
1394 4 2 0 1 17 604 432 632
1395 4 2 0 1 460 464 459 584
1396 4 2 0 1 463 459 464 584
1397 4 2 0 1 288 573 601 611
1398 4 2 0 1 98 413 417 617
1399 4 2 0 1 156 581 155 637
1400 4 2 0 1 119 633 481 674
1401 4 2 0 1 190 189 592 671
1402 4 2 0 1 597 598 573 668
1403 4 2 0 1 245 534 595 685
1404 4 2 0 1 439 438 635 664
1405 4 2 0 1 428 617 626 632
1406 4 2 0 1 78 629 593 672
1407 4 2 0 1 588 589 564 603
1408 4 2 0 1 574 566 605 630
1409 4 2 0 1 78 600 349 629
1410 4 2 0 1 266 267 605 631
1411 4 2 0 1 508 620 183 653
1412 4 2 0 1 286 573 287 611
1413 4 2 0 1 322 583 323 613
1414 4 2 0 1 520 585 167 642
1415 4 2 0 1 321 1 322 583
1416 4 2 0 1 413 98 1 583
1417 4 2 0 1 57 297 615 663
1418 4 2 0 1 586 10 616 643
1419 4 2 0 1 564 594 602 643
1420 4 2 0 1 288 287 573 611
1421 4 2 0 1 20 165 525 585
1422 4 2 0 1 236 68 69 575
1423 4 2 0 1 612 620 508 653
1424 4 2 0 1 344 539 348 635
1425 4 2 0 1 492 603 32 624
1426 4 2 0 1 321 583 322 613
1427 4 2 0 1 93 304 586 615
1428 4 2 0 1 569 574 620 630
1429 4 2 0 1 161 522 162 562
1430 4 2 0 1 100 613 99 617
1431 4 2 0 1 566 585 622 628
1432 4 2 0 1 281 573 285 665
1433 4 2 0 1 435 439 434 635
1434 4 2 0 1 439 438 434 635
1435 4 2 0 1 587 589 210 639
1436 4 2 0 1 460 24 612 647
1437 4 2 0 1 173 524 177 574
1438 4 2 0 1 266 267 582 605
1439 4 2 0 1 615 616 91 640
1440 4 2 0 1 571 608 635 664
1441 4 2 0 1 575 595 242 652
1442 4 2 0 1 8 63 589 640
1443 4 2 0 1 577 560 627 649
1444 4 2 0 1 100 590 613 617
1445 4 2 0 1 429 430 599 632
1446 4 2 0 1 569 582 630 670
1447 4 2 0 1 257 526 253 576
1448 4 2 0 1 337 656 559 673
1449 4 2 0 1 284 283 279 573
1450 4 2 0 1 284 279 280 573
1451 4 2 0 1 482 483 558 674
1452 4 2 0 1 565 583 575 613
1453 4 2 0 1 582 605 630 670
1454 4 2 0 1 534 44 637 685
1455 4 2 0 1 574 630 584 647
1456 4 2 0 1 574 605 566 628
1457 4 2 0 1 599 618 570 687
1458 4 2 0 1 566 574 622 675
1459 4 2 0 1 581 637 156 685
1460 4 2 0 1 424 428 617 626
1461 4 2 0 1 284 288 573 601
1462 4 2 0 1 564 602 586 643
1463 4 2 0 1 189 190 592 612
1464 4 2 0 1 599 604 565 632
1465 4 2 0 1 582 593 566 631
1466 4 2 0 1 566 622 574 628
1467 4 2 0 1 348 571 347 618
1468 4 2 0 1 276 591 280 648
1469 4 2 0 1 559 590 335 666
1470 4 2 0 1 236 575 240 679
1471 4 2 0 1 568 646 621 674
1472 4 2 0 1 78 600 629 672
1473 4 2 0 1 597 653 573 686
1474 4 2 0 1 578 655 630 676
1475 4 2 0 1 80 542 81 655
1476 4 2 0 1 209 210 589 639
1477 4 2 0 1 209 589 59 639
1478 4 2 0 1 375 561 379 681
1479 4 2 0 1 567 577 611 641
1480 4 2 0 1 582 566 605 631
1481 4 2 0 1 578 629 651 675
1482 4 2 0 1 355 538 356 578
1483 4 2 0 1 542 619 81 655
1484 4 2 0 1 574 584 569 612
1485 4 2 0 1 429 590 129 632
1486 4 2 0 1 276 582 619 648
1487 4 2 0 1 176 532 49 605
1488 4 2 0 1 463 592 467 636
1489 4 2 0 1 413 1 414 583
1490 4 2 0 1 141 13 137 583
1491 4 2 0 1 492 136 32 603
1492 4 2 0 1 4 32 136 603
1493 4 2 0 1 586 615 564 616
1494 4 2 0 1 29 480 476 596
1495 4 2 0 1 28 29 476 596
1496 4 2 0 1 415 414 583 617
1497 4 2 0 1 389 393 549 627
1498 4 2 0 1 396 602 621 674
1499 4 2 0 1 559 656 575 659
1500 4 2 0 1 272 554 271 582
1501 4 2 0 1 559 656 102 682
1502 4 2 0 1 379 378 601 662
1503 4 2 0 1 577 633 384 646
1504 4 2 0 1 567 598 611 686
1505 4 2 0 1 577 611 560 649
1506 4 2 0 1 106 635 618 666
1507 4 2 0 1 201 29 28 650
1508 4 2 0 1 28 197 201 650
1509 4 2 0 1 297 560 615 663
1510 4 2 0 1 417 99 98 617
1511 4 2 0 1 420 416 14 617
1512 4 2 0 1 9 102 656 682
1513 4 2 0 1 568 639 596 674
1514 4 2 0 1 561 636 592 658
1515 4 2 0 1 450 518 449 580
1516 4 2 0 1 10 586 550 643
1517 4 2 0 1 69 240 236 575
1518 4 2 0 1 578 630 593 675
1519 4 2 0 1 560 641 627 684
1520 4 2 0 1 431 432 436 599
1521 4 2 0 1 436 435 431 599
1522 4 2 0 1 597 573 665 668
1523 4 2 0 1 95 548 312 616
1524 4 2 0 1 568 627 641 684
1525 4 2 0 1 560 627 661 684
1526 4 2 0 1 178 507 177 620
1527 4 2 0 1 216 589 63 640
1528 4 2 0 1 605 620 176 628
1529 4 2 0 1 584 630 563 660
1530 4 2 0 1 636 658 113 660
1531 4 2 0 1 476 596 475 657
1532 4 2 0 1 569 573 653 686
1533 4 2 0 1 242 575 243 595
1534 4 2 0 1 601 611 573 686
1535 4 2 0 1 93 586 10 616
1536 4 2 0 1 267 268 582 593
1537 4 2 0 1 94 616 10 643
1538 4 2 0 1 584 592 569 612
1539 4 2 0 1 270 605 582 648
1540 4 2 0 1 98 99 324 613
1541 4 2 0 1 492 491 603 624
1542 4 2 0 1 57 297 301 615
1543 4 2 0 1 301 58 57 615
1544 4 2 0 1 435 434 599 635
1545 4 2 0 1 162 585 562 667
1546 4 2 0 1 598 573 611 686
1547 4 2 0 1 316 312 548 625
1548 4 2 0 1 100 617 421 688
1549 4 2 0 1 571 618 599 687
1550 4 2 0 1 592 653 597 686
1551 4 2 0 1 282 286 281 573
1552 4 2 0 1 286 285 281 573
1553 4 2 0 1 283 284 288 573
1554 4 2 0 1 288 287 283 573
1555 4 2 0 1 571 608 579 651
1556 4 2 0 1 335 590 559 613
1557 4 2 0 1 60 59 209 589
1558 4 2 0 1 209 210 60 589
1559 4 2 0 1 415 583 416 617
1560 4 2 0 1 18 604 562 608
1561 4 2 0 1 336 335 590 666
1562 4 2 0 1 145 14 141 626
1563 4 2 0 1 579 622 448 677
1564 4 2 0 1 353 593 349 644
1565 4 2 0 1 371 658 561 681
1566 4 2 0 1 114 636 561 658
1567 4 2 0 1 218 219 588 589
1568 4 2 0 1 613 659 590 682
1569 4 2 0 1 155 521 154 604
1570 4 2 0 1 352 356 578 638
1571 4 2 0 1 587 639 210 650
1572 4 2 0 1 218 217 213 589
1573 4 2 0 1 593 630 566 675
1574 4 2 0 1 80 81 593 655
1575 4 2 0 1 178 177 524 620
1576 4 2 0 1 378 379 601 681
1577 4 2 0 1 569 653 592 686
1578 4 2 0 1 591 619 582 648
1579 4 2 0 1 603 624 491 669
1580 4 2 0 1 78 593 260 672
1581 4 2 0 1 566 593 582 630
1582 4 2 0 1 575 583 565 652
1583 4 2 0 1 578 566 629 675
1584 4 2 0 1 210 587 211 589
1585 4 2 0 1 571 599 562 687
1586 4 2 0 1 578 593 566 675
1587 4 2 0 1 375 376 380 561
1588 4 2 0 1 380 379 375 561
1589 4 2 0 1 574 620 605 628
1590 4 2 0 1 4 603 136 639
1591 4 2 0 1 565 626 617 632
1592 4 2 0 1 141 142 606 680
1593 4 2 0 1 206 587 210 650
1594 4 2 0 1 593 630 578 655
1595 4 2 0 1 23 574 177 612
1596 4 2 0 1 66 65 552 588
1597 4 2 0 1 48 532 172 642
1598 4 2 0 1 424 617 15 626
1599 4 2 0 1 586 615 304 661
1600 4 2 0 1 415 414 1 583
1601 4 2 0 1 396 646 392 674
1602 4 2 0 1 385 513 386 649
1603 4 2 0 1 114 113 636 658
1604 4 2 0 1 336 590 335 613
1605 4 2 0 1 136 603 488 639
1606 4 2 0 1 266 582 270 605
1607 4 2 0 1 488 603 558 639
1608 4 2 0 1 260 593 264 672
1609 4 2 0 1 603 639 568 674
1610 4 2 0 1 578 644 593 655
1611 4 2 0 1 108 109 348 571
1612 4 2 0 1 348 109 352 571
1613 4 2 0 1 206 210 639 650
1614 4 2 0 1 474 633 609 657
1615 4 2 0 1 112 660 517 676
1616 4 2 0 1 18 436 432 604
1617 4 2 0 1 432 17 18 604
1618 4 2 0 1 384 383 577 646
1619 4 2 0 1 577 567 609 633
1620 4 2 0 1 161 562 585 608
1621 4 2 0 1 146 606 528 626
1622 4 2 0 1 582 648 605 670
1623 4 2 0 1 241 595 637 652
1624 4 2 0 1 141 583 137 680
1625 4 2 0 1 216 62 63 589
1626 4 2 0 1 13 141 14 583
1627 4 2 0 1 93 303 304 615
1628 4 2 0 1 93 92 303 615
1629 4 2 0 1 567 633 596 657
1630 4 2 0 1 62 8 63 589
1631 4 2 0 1 431 432 599 632
1632 4 2 0 1 492 491 135 603
1633 4 2 0 1 213 214 218 589
1634 4 2 0 1 136 558 488 603
1635 4 2 0 1 565 583 613 617
1636 4 2 0 1 365 366 591 619
1637 4 2 0 1 571 578 629 651
1638 4 2 0 1 558 639 603 674
1639 4 2 0 1 119 392 646 674
1640 4 2 0 1 587 639 568 684
1641 4 2 0 1 135 136 492 603
1642 4 2 0 1 348 571 352 644
1643 4 2 0 1 372 114 561 658
1644 4 2 0 1 42 610 606 637
1645 4 2 0 1 79 264 260 593
1646 4 2 0 1 78 79 260 593
1647 4 2 0 1 337 75 656 673
1648 4 2 0 1 575 637 595 652
1649 4 2 0 1 359 655 578 676
1650 4 2 0 1 348 347 571 644
1651 4 2 0 1 5 228 588 678
1652 4 2 0 1 565 613 575 659
1653 4 2 0 1 572 564 602 603
1654 4 2 0 1 568 639 603 684
1655 4 2 0 1 366 370 365 591
1656 4 2 0 1 365 370 369 591
1657 4 2 0 1 593 631 264 672
1658 4 2 0 1 228 66 5 588
1659 4 2 0 1 597 573 653 665
1660 4 2 0 1 448 444 21 622
1661 4 2 0 1 444 20 21 622
1662 4 2 0 1 89 550 10 586
1663 4 2 0 1 371 372 561 658
1664 4 2 0 1 571 618 348 635
1665 4 2 0 1 25 592 464 612
1666 4 2 0 1 579 608 571 664
1667 4 2 0 1 564 616 615 640
1668 4 2 0 1 211 587 212 589
1669 4 2 0 1 586 661 627 684
1670 4 2 0 1 580 675 630 676
1671 4 2 0 1 242 243 575 652
1672 4 2 0 1 571 562 608 651
1673 4 2 0 1 520 628 585 642
1674 4 2 0 1 114 368 113 658
1675 4 2 0 1 372 368 114 658
1676 4 2 0 1 572 654 588 678
1677 4 2 0 1 540 600 76 673
1678 4 2 0 1 630 675 578 676
1679 4 2 0 1 587 568 639 641
1680 4 2 0 1 187 508 183 653
1681 4 2 0 1 610 626 565 632
1682 4 2 0 1 464 468 463 592
1683 4 2 0 1 467 463 468 592
1684 4 2 0 1 569 591 582 648
1685 4 2 0 1 564 594 572 602
1686 4 2 0 1 102 559 337 656
1687 4 2 0 1 570 656 645 673
1688 4 2 0 1 145 15 14 626
1689 4 2 0 1 429 599 430 635
1690 4 2 0 1 458 647 584 660
1691 4 2 0 1 81 272 268 582
1692 4 2 0 1 367 368 372 658
1693 4 2 0 1 371 367 372 658
1694 4 2 0 1 145 141 606 626
1695 4 2 0 1 109 571 108 664
1696 4 2 0 1 100 590 332 613
1697 4 2 0 1 454 518 647 660
1698 4 2 0 1 324 99 328 613
1699 4 2 0 1 561 591 573 681
1700 4 2 0 1 570 618 659 673
1701 4 2 0 1 580 622 574 675
1702 4 2 0 1 577 627 560 641
1703 4 2 0 1 567 611 598 641
1704 4 2 0 1 162 161 562 585
1705 4 2 0 1 353 79 78 593
1706 4 2 0 1 78 349 353 593
1707 4 2 0 1 491 558 135 603
1708 4 2 0 1 71 595 534 637
1709 4 2 0 1 559 659 618 673
1710 4 2 0 1 176 605 180 620
1711 4 2 0 1 173 574 622 628
1712 4 2 0 1 354 644 578 655
1713 4 2 0 1 52 634 653 670
1714 4 2 0 1 566 630 574 675
1715 4 2 0 1 88 627 549 661
1716 4 2 0 1 101 425 519 688
1717 4 2 0 1 577 567 633 641
1718 4 2 0 1 156 155 581 685
1719 4 2 0 1 38 529 37 680
1720 4 2 0 1 460 584 459 647
1721 4 2 0 1 276 582 272 619
1722 4 2 0 1 88 389 549 627
1723 4 2 0 1 563 630 655 676
1724 4 2 0 1 332 590 336 613
1725 4 2 0 1 580 574 630 675
1726 4 2 0 1 166 585 162 667
1727 4 2 0 1 17 432 132 632
1728 4 2 0 1 132 2 17 632
1729 4 2 0 1 559 613 590 682
1730 4 2 0 1 431 435 430 599
1731 4 2 0 1 434 430 435 599
1732 4 2 0 1 347 346 600 644
1733 4 2 0 1 559 590 659 682
1734 4 2 0 1 570 595 581 614
1735 4 2 0 1 596 639 568 641
1736 4 2 0 1 561 609 601 686
1737 4 2 0 1 347 600 346 673
1738 4 2 0 1 190 191 597 653
1739 4 2 0 1 509 607 197 671
1740 4 2 0 1 565 613 590 617
1741 4 2 0 1 558 603 491 669
1742 4 2 0 1 271 270 266 582
1743 4 2 0 1 266 267 271 582
1744 4 2 0 1 575 652 239 679
1745 4 2 0 1 18 562 19 608
1746 4 2 0 1 206 207 211 587
1747 4 2 0 1 212 208 58 587
1748 4 2 0 1 57 58 208 587
1749 4 2 0 1 210 206 211 587
1750 4 2 0 1 91 615 92 616
1751 4 2 0 1 582 605 566 630
1752 4 2 0 1 369 591 370 681
1753 4 2 0 1 354 593 644 655
1754 4 2 0 1 75 645 656 673
1755 4 2 0 1 48 261 532 642
1756 4 2 0 1 25 464 460 612
1757 4 2 0 1 460 24 25 612
1758 4 2 0 1 240 575 239 679
1759 4 2 0 1 598 607 200 668
1760 4 2 0 1 241 242 595 652
1761 4 2 0 1 568 577 633 641
1762 4 2 0 1 393 621 586 627
1763 4 2 0 1 5 227 228 678
1764 4 2 0 1 218 588 222 678
1765 4 2 0 1 396 602 124 621
1766 4 2 0 1 482 558 486 674
1767 4 2 0 1 578 579 638 675
1768 4 2 0 1 77 76 540 600
1769 4 2 0 1 564 603 589 684
1770 4 2 0 1 120 396 392 674
1771 4 2 0 1 119 120 392 674
1772 4 2 0 1 267 268 593 631
1773 4 2 0 1 101 519 11 590
1774 4 2 0 1 415 1 416 583
1775 4 2 0 1 570 614 581 687
1776 4 2 0 1 181 24 23 612
1777 4 2 0 1 23 177 181 612
1778 4 2 0 1 142 138 530 680
1779 4 2 0 1 359 578 355 676
1780 4 2 0 1 161 523 19 608
1781 4 2 0 1 135 558 136 603
1782 4 2 0 1 560 611 577 641
1783 4 2 0 1 178 524 179 620
1784 4 2 0 1 167 520 166 585
1785 4 2 0 1 343 618 347 673
1786 4 2 0 1 574 580 630 647
1787 4 2 0 1 428 626 132 632
1788 4 2 0 1 161 19 562 608
1789 4 2 0 1 328 99 100 613
1790 4 2 0 1 174 175 524 628
1791 4 2 0 1 577 649 386 662
1792 4 2 0 1 397 594 94 643
1793 4 2 0 1 354 578 355 655
1794 4 2 0 1 130 430 129 632
1795 4 2 0 1 430 429 129 632
1796 4 2 0 1 52 653 51 670
1797 4 2 0 1 9 102 337 656
1798 4 2 0 1 337 75 9 656
1799 4 2 0 1 359 355 578 655
1800 4 2 0 1 618 659 559 666
1801 4 2 0 1 364 517 368 563
1802 4 2 0 1 281 634 573 665
1803 4 2 0 1 573 591 569 634
1804 4 2 0 1 282 287 286 573
1805 4 2 0 1 283 287 282 573
1806 4 2 0 1 129 11 519 590
1807 4 2 0 1 566 593 578 629
1808 4 2 0 1 466 470 609 657
1809 4 2 0 1 241 595 71 637
1810 4 2 0 1 91 90 615 640
1811 4 2 0 1 565 590 613 659
1812 4 2 0 1 33 32 217 624
1813 4 2 0 1 18 157 562 604
1814 4 2 0 1 14 15 420 617
1815 4 2 0 1 421 99 417 617
1816 4 2 0 1 112 517 364 676
1817 4 2 0 1 190 597 194 671
1818 4 2 0 1 2 132 626 632
1819 4 2 0 1 195 607 597 668
1820 4 2 0 1 367 563 368 658
1821 4 2 0 1 124 602 123 621
1822 4 2 0 1 57 587 208 663
1823 4 2 0 1 568 641 587 684
1824 4 2 0 1 175 176 620 628
1825 4 2 0 1 569 634 591 648
1826 4 2 0 1 186 612 508 653
1827 4 2 0 1 180 620 605 670
1828 4 2 0 1 335 613 559 682
1829 4 2 0 1 90 58 301 615
1830 4 2 0 1 8 58 90 615
1831 4 2 0 1 498 503 502 572
1832 4 2 0 1 388 384 633 646
1833 4 2 0 1 173 622 169 628
1834 4 2 0 1 573 598 597 686
1835 4 2 0 1 380 561 376 609
1836 4 2 0 1 430 599 434 635
1837 4 2 0 1 483 596 484 639
1838 4 2 0 1 206 207 587 650
1839 4 2 0 1 268 264 593 631
1840 4 2 0 1 346 600 540 673
1841 4 2 0 1 353 354 593 644
1842 4 2 0 1 167 585 166 667
1843 4 2 0 1 575 613 583 679
1844 4 2 0 1 443 608 579 664
1845 4 2 0 1 565 606 610 637
1846 4 2 0 1 232 1 67 679
1847 4 2 0 1 331 332 336 613
1848 4 2 0 1 614 623 45 685
1849 4 2 0 1 475 480 479 596
1850 4 2 0 1 476 480 475 596
1851 4 2 0 1 560 598 294 611
1852 4 2 0 1 483 484 488 639
1853 4 2 0 1 488 487 483 639
1854 4 2 0 1 576 631 257 642
1855 4 2 0 1 157 161 18 562
1856 4 2 0 1 18 161 19 562
1857 4 2 0 1 592 609 561 686
1858 4 2 0 1 352 110 356 638
1859 4 2 0 1 109 110 352 638
1860 4 2 0 1 177 612 574 620
1861 4 2 0 1 431 599 430 632
1862 4 2 0 1 155 604 154 610
1863 4 2 0 1 86 649 601 662
1864 4 2 0 1 189 26 25 592
1865 4 2 0 1 62 506 61 589
1866 4 2 0 1 586 621 602 684
1867 4 2 0 1 190 612 186 653
1868 4 2 0 1 568 586 627 684
1869 4 2 0 1 290 294 598 611
1870 4 2 0 1 51 653 184 670
1871 4 2 0 1 213 217 32 624
1872 4 2 0 1 468 657 592 671
1873 4 2 0 1 427 617 632 688
1874 4 2 0 1 602 669 125 683
1875 4 2 0 1 578 638 356 676
1876 4 2 0 1 451 622 580 677
1877 4 2 0 1 586 621 393 643
1878 4 2 0 1 594 643 398 683
1879 4 2 0 1 325 329 68 682
1880 4 2 0 1 580 622 451 647
1881 4 2 0 1 123 643 602 683
1882 4 2 0 1 46 614 576 667
1883 4 2 0 1 498 512 499 624
1884 4 2 0 1 614 623 581 687
1885 4 2 0 1 365 551 82 619
1886 4 2 0 1 587 615 560 663
1887 4 2 0 1 468 592 26 671
1888 4 2 0 1 43 156 42 637
1889 4 2 0 1 42 156 155 637
1890 4 2 0 1 584 658 636 660
1891 4 2 0 1 293 294 560 598
1892 4 2 0 1 46 623 614 667
1893 4 2 0 1 124 602 396 674
1894 4 2 0 1 577 627 386 649
1895 4 2 0 1 254 576 614 672
1896 4 2 0 1 11 129 429 590
1897 4 2 0 1 589 603 587 684
1898 4 2 0 1 290 598 286 611
1899 4 2 0 1 497 493 498 572
1900 4 2 0 1 100 332 328 613
1901 4 2 0 1 115 561 114 636
1902 4 2 0 1 284 85 288 601
1903 4 2 0 1 85 284 84 601
1904 4 2 0 1 609 633 567 657
1905 4 2 0 1 147 143 529 680
1906 4 2 0 1 568 627 577 641
1907 4 2 0 1 246 614 595 645
1908 4 2 0 1 387 577 383 646
1909 4 2 0 1 293 598 560 663
1910 4 2 0 1 336 335 331 613
1911 4 2 0 1 80 593 541 655
1912 4 2 0 1 562 651 571 687
1913 4 2 0 1 568 603 602 684
1914 4 2 0 1 30 596 29 650
1915 4 2 0 1 416 1 13 583
1916 4 2 0 1 596 633 567 641
1917 4 2 0 1 443 444 579 608
1918 4 2 0 1 348 347 343 618
1919 4 2 0 1 343 344 348 618
1920 4 2 0 1 101 590 100 688
1921 4 2 0 1 495 512 494 624
1922 4 2 0 1 459 584 458 647
1923 4 2 0 1 424 420 15 617
1924 4 2 0 1 100 99 421 617
1925 4 2 0 1 564 586 602 684
1926 4 2 0 1 303 304 615 661
1927 4 2 0 1 253 576 46 614
1928 4 2 0 1 560 615 587 684
1929 4 2 0 1 30 639 596 650
1930 4 2 0 1 383 577 387 662
1931 4 2 0 1 241 242 72 595
1932 4 2 0 1 606 637 565 652
1933 4 2 0 1 12 602 124 674
1934 4 2 0 1 166 170 525 585
1935 4 2 0 1 71 241 72 595
1936 4 2 0 1 394 621 393 627
1937 4 2 0 1 254 614 645 672
1938 4 2 0 1 184 653 620 670
1939 4 2 0 1 393 550 89 586
1940 4 2 0 1 390 621 394 627
1941 4 2 0 1 413 414 418 617
1942 4 2 0 1 415 416 420 617
1943 4 2 0 1 629 631 593 672
1944 4 2 0 1 497 127 126 572
1945 4 2 0 1 564 602 603 684
1946 4 2 0 1 45 614 46 623
1947 4 2 0 1 331 613 335 682
1948 4 2 0 1 467 592 468 657
1949 4 2 0 1 7 534 44 637
1950 4 2 0 1 268 263 264 631
1951 4 2 0 1 267 263 268 631
1952 4 2 0 1 561 573 601 681
1953 4 2 0 1 564 589 588 640
1954 4 2 0 1 592 657 609 686
1955 4 2 0 1 387 383 388 646
1956 4 2 0 1 384 388 383 646
1957 4 2 0 1 387 577 386 662
1958 4 2 0 1 162 163 167 667
1959 4 2 0 1 167 166 162 667
1960 4 2 0 1 123 621 602 643
1961 4 2 0 1 147 529 606 680
1962 4 2 0 1 9 656 575 682
1963 4 2 0 1 501 5 128 654
1964 4 2 0 1 595 656 570 659
1965 4 2 0 1 261 257 631 642
1966 4 2 0 1 602 621 568 684
1967 4 2 0 1 297 560 298 615
1968 4 2 0 1 587 603 589 639
1969 4 2 0 1 550 586 393 643
1970 4 2 0 1 17 153 604 610
1971 4 2 0 1 86 611 601 649
1972 4 2 0 1 245 44 534 685
1973 4 2 0 1 261 631 605 642
1974 4 2 0 1 449 638 580 676
1975 4 2 0 1 265 532 261 605
1976 4 2 0 1 192 510 191 665
1977 4 2 0 1 472 657 468 671
1978 4 2 0 1 580 563 630 660
1979 4 2 0 1 562 581 623 687
1980 4 2 0 1 494 498 572 624
1981 4 2 0 1 560 587 641 684
1982 4 2 0 1 117 384 609 633
1983 4 2 0 1 605 628 176 642
1984 4 2 0 1 568 633 596 641
1985 4 2 0 1 468 26 27 671
1986 4 2 0 1 27 472 468 671
1987 4 2 0 1 344 348 618 635
1988 4 2 0 1 125 602 12 669
1989 4 2 0 1 569 573 634 653
1990 4 2 0 1 141 142 146 606
1991 4 2 0 1 568 633 577 646
1992 4 2 0 1 428 16 2 626
1993 4 2 0 1 580 638 450 677
1994 4 2 0 1 186 508 187 653
1995 4 2 0 1 599 632 565 659
1996 4 2 0 1 453 449 518 660
1997 4 2 0 1 123 399 643 683
1998 4 2 0 1 195 194 190 597
1999 4 2 0 1 190 191 195 597
2000 4 2 0 1 2 132 428 626
2001 4 2 0 1 218 223 222 588
2002 4 2 0 1 207 587 650 663
2003 4 2 0 1 75 76 645 673
2004 4 2 0 1 207 208 212 587
2005 4 2 0 1 212 211 207 587
2006 4 2 0 1 583 606 565 652
2007 4 2 0 1 345 540 346 600
2008 4 2 0 1 22 173 574 622
2009 4 2 0 1 61 211 62 589
2010 4 2 0 1 211 212 62 589
2011 4 2 0 1 595 637 581 685
2012 4 2 0 1 271 267 272 582
2013 4 2 0 1 267 268 272 582
2014 4 2 0 1 580 660 449 676
2015 4 2 0 1 294 556 295 560
2016 4 2 0 1 69 68 329 682
2017 4 2 0 1 126 669 572 683
2018 4 2 0 1 348 108 571 635
2019 4 2 0 1 483 487 482 558
2020 4 2 0 1 482 487 486 558
2021 4 2 0 1 586 568 621 684
2022 4 2 0 1 38 637 606 652
2023 4 2 0 1 561 601 573 686
2024 4 2 0 1 166 165 161 585
2025 4 2 0 1 162 166 161 585
2026 4 2 0 1 494 624 572 669
2027 4 2 0 1 488 558 487 639
2028 4 2 0 1 239 575 243 652
2029 4 2 0 1 12 125 124 602
2030 4 2 0 1 473 609 474 633
2031 4 2 0 1 375 379 374 681
2032 4 2 0 1 378 374 379 681
2033 4 2 0 1 590 559 659 666
2034 4 2 0 1 568 602 603 674
2035 4 2 0 1 395 546 396 621
2036 4 2 0 1 174 524 173 628
2037 4 2 0 1 590 565 632 659
2038 4 2 0 1 494 498 493 572
2039 4 2 0 1 82 272 81 619
2040 4 2 0 1 82 276 272 619
2041 4 2 0 1 5 625 97 654
2042 4 2 0 1 235 236 240 679
2043 4 2 0 1 345 77 540 600
2044 4 2 0 1 26 468 464 592
2045 4 2 0 1 25 26 464 592
2046 4 2 0 1 291 556 290 611
2047 4 2 0 1 353 541 79 593
2048 4 2 0 1 593 582 630 655
2049 4 2 0 1 207 208 587 663
2050 4 2 0 1 127 547 408 654
2051 4 2 0 1 428 427 617 632
2052 4 2 0 1 180 179 175 620
2053 4 2 0 1 175 176 180 620
2054 4 2 0 1 581 614 595 685
2055 4 2 0 1 190 185 186 612
2056 4 2 0 1 189 185 190 612
2057 4 2 0 1 396 120 12 674
2058 4 2 0 1 12 124 396 674
2059 4 2 0 1 102 9 536 682
2060 4 2 0 1 583 652 575 679
2061 4 2 0 1 575 656 595 659
2062 4 2 0 1 560 649 296 661
2063 4 2 0 1 126 572 127 683
2064 4 2 0 1 570 618 599 659
2065 4 2 0 1 488 31 4 639
2066 4 2 0 1 4 136 488 639
2067 4 2 0 1 80 541 357 655
2068 4 2 0 1 332 100 101 590
2069 4 2 0 1 245 595 614 685
2070 4 2 0 1 375 371 561 681
2071 4 2 0 1 1 137 13 583
2072 4 2 0 1 254 576 253 614
2073 4 2 0 1 483 514 479 596
2074 4 2 0 1 126 493 497 572
2075 4 2 0 1 572 602 594 683
2076 4 2 0 1 272 582 81 619
2077 4 2 0 1 321 322 326 613
2078 4 2 0 1 324 328 323 613
2079 4 2 0 1 52 51 634 670
2080 4 2 0 1 193 509 197 671
2081 4 2 0 1 424 15 16 626
2082 4 2 0 1 330 613 331 682
2083 4 2 0 1 171 628 520 642
2084 4 2 0 1 355 578 356 676
2085 4 2 0 1 587 603 639 684
2086 4 2 0 1 123 602 124 683
2087 4 2 0 1 126 493 572 669
2088 4 2 0 1 52 188 184 653
2089 4 2 0 1 51 52 184 653
2090 4 2 0 1 375 371 376 561
2091 4 2 0 1 371 372 376 561
2092 4 2 0 1 372 114 115 561
2093 4 2 0 1 115 376 372 561
2094 4 2 0 1 166 525 165 585
2095 4 2 0 1 450 580 449 638
2096 4 2 0 1 597 598 567 686
2097 4 2 0 1 563 630 582 655
2098 4 2 0 1 502 501 497 572
2099 4 2 0 1 420 419 415 617
2100 4 2 0 1 417 413 418 617
2101 4 2 0 1 38 652 606 680
2102 4 2 0 1 394 390 546 621
2103 4 2 0 1 293 560 297 663
2104 4 2 0 1 395 396 124 621
2105 4 2 0 1 124 123 395 621
2106 4 2 0 1 569 653 634 670
2107 4 2 0 1 26 592 189 671
2108 4 2 0 1 601 649 577 662
2109 4 2 0 1 293 289 294 598
2110 4 2 0 1 289 290 294 598
2111 4 2 0 1 341 540 76 673
2112 4 2 0 1 607 641 598 663
2113 4 2 0 1 80 79 541 593
2114 4 2 0 1 504 5 503 678
2115 4 2 0 1 578 629 593 644
2116 4 2 0 1 494 572 493 669
2117 4 2 0 1 170 585 520 628
2118 4 2 0 1 108 571 635 664
2119 4 2 0 1 560 611 296 649
2120 4 2 0 1 205 206 210 639
2121 4 2 0 1 210 209 205 639
2122 4 2 0 1 258 257 576 631
2123 4 2 0 1 5 320 97 625
2124 4 2 0 1 156 527 155 685
2125 4 2 0 1 145 141 146 606
2126 4 2 0 1 474 609 470 657
2127 4 2 0 1 560 661 615 684
2128 4 2 0 1 359 563 655 676
2129 4 2 0 1 598 607 567 641
2130 4 2 0 1 219 223 218 588
2131 4 2 0 1 200 607 598 663
2132 4 2 0 1 590 632 599 659
2133 4 2 0 1 214 213 59 589
2134 4 2 0 1 399 398 643 683
2135 4 2 0 1 246 250 614 645
2136 4 2 0 1 110 356 638 676
2137 4 2 0 1 598 611 560 641
2138 4 2 0 1 60 214 59 589
2139 4 2 0 1 424 428 423 617
2140 4 2 0 1 218 214 219 589
2141 4 2 0 1 64 588 220 640
2142 4 2 0 1 333 102 536 682
2143 4 2 0 1 262 605 261 631
2144 4 2 0 1 266 605 262 631
2145 4 2 0 1 299 615 560 661
2146 4 2 0 1 101 336 332 590
2147 4 2 0 1 457 636 113 660
2148 4 2 0 1 107 539 344 635
2149 4 2 0 1 153 2 40 610
2150 4 2 0 1 17 2 153 610
2151 4 2 0 1 634 653 573 665
2152 4 2 0 1 173 177 22 574
2153 4 2 0 1 22 177 23 574
2154 4 2 0 1 602 643 594 683
2155 4 2 0 1 42 606 151 637
2156 4 2 0 1 380 376 116 609
2157 4 2 0 1 39 606 38 637
2158 4 2 0 1 206 639 205 650
2159 4 2 0 1 151 606 42 610
2160 4 2 0 1 12 669 602 674
2161 4 2 0 1 424 16 428 626
2162 4 2 0 1 563 580 630 676
2163 4 2 0 1 258 631 576 672
2164 4 2 0 1 450 451 580 677
2165 4 2 0 1 639 641 596 650
2166 4 2 0 1 224 220 65 588
2167 4 2 0 1 491 624 495 669
2168 4 2 0 1 597 607 598 668
2169 4 2 0 1 246 535 247 595
2170 4 2 0 1 587 641 639 650
2171 4 2 0 1 435 436 440 608
2172 4 2 0 1 440 439 435 608
2173 4 2 0 1 458 454 647 660
2174 4 2 0 1 10 550 121 643
2175 4 2 0 1 150 610 505 626
2176 4 2 0 1 240 239 235 679
2177 4 2 0 1 288 601 85 611
2178 4 2 0 1 415 419 414 617
2179 4 2 0 1 215 61 506 589
2180 4 2 0 1 209 59 31 639
2181 4 2 0 1 4 31 59 639
2182 4 2 0 1 64 220 216 640
2183 4 2 0 1 330 331 335 682
2184 4 2 0 1 197 509 198 607
2185 4 2 0 1 386 627 577 646
2186 4 2 0 1 299 298 560 615
2187 4 2 0 1 582 569 648 670
2188 4 2 0 1 398 594 397 643
2189 4 2 0 1 304 89 10 586
2190 4 2 0 1 10 93 304 586
2191 4 2 0 1 166 520 170 585
2192 4 2 0 1 363 563 359 676
2193 4 2 0 1 566 629 576 631
2194 4 2 0 1 275 554 276 648
2195 4 2 0 1 226 227 5 678
2196 4 2 0 1 199 607 195 668
2197 4 2 0 1 579 608 585 651
2198 4 2 0 1 597 653 191 665
2199 4 2 0 1 65 588 64 640
2200 4 2 0 1 138 137 1 583
2201 4 2 0 1 210 211 61 589
2202 4 2 0 1 60 210 61 589
2203 4 2 0 1 299 303 615 661
2204 4 2 0 1 85 601 86 611
2205 4 2 0 1 571 629 578 644
2206 4 2 0 1 645 672 614 687
2207 4 2 0 1 258 576 254 672
2208 4 2 0 1 369 83 591 681
2209 4 2 0 1 214 215 219 589
2210 4 2 0 1 423 428 427 617
2211 4 2 0 1 239 240 244 575
2212 4 2 0 1 480 29 30 596
2213 4 2 0 1 30 484 480 596
2214 4 2 0 1 495 624 494 669
2215 4 2 0 1 127 572 654 683
2216 4 2 0 1 199 200 607 668
2217 4 2 0 1 94 594 95 616
2218 4 2 0 1 118 633 119 646
2219 4 2 0 1 30 484 596 639
2220 4 2 0 1 586 564 615 684
2221 4 2 0 1 200 195 196 668
2222 4 2 0 1 199 195 200 668
2223 4 2 0 1 576 629 566 651
2224 4 2 0 1 22 452 622 647
2225 4 2 0 1 451 455 518 647
2226 4 2 0 1 622 675 580 677
2227 4 2 0 1 577 627 568 646
2228 4 2 0 1 266 261 262 605
2229 4 2 0 1 261 266 265 605
2230 4 2 0 1 152 606 39 637
2231 4 2 0 1 566 628 605 642
2232 4 2 0 1 232 231 1 679
2233 4 2 0 1 326 325 321 613
2234 4 2 0 1 323 328 327 613
2235 4 2 0 1 586 621 568 627
2236 4 2 0 1 377 543 85 601
2237 4 2 0 1 638 675 580 676
2238 4 2 0 1 576 614 672 687
2239 4 2 0 1 423 617 427 688
2240 4 2 0 1 592 569 612 653
2241 4 2 0 1 386 577 387 646
2242 4 2 0 1 409 5 97 654
2243 4 2 0 1 148 38 39 606
2244 4 2 0 1 400 399 123 683
2245 4 2 0 1 70 575 9 656
2246 4 2 0 1 70 240 69 575
2247 4 2 0 1 254 645 255 672
2248 4 2 0 1 216 63 64 640
2249 4 2 0 1 123 124 400 683
2250 4 2 0 1 335 334 330 682
2251 4 2 0 1 50 180 605 670
2252 4 2 0 1 562 585 651 667
2253 4 2 0 1 620 653 569 670
2254 4 2 0 1 254 614 250 645
2255 4 2 0 1 72 535 246 595
2256 4 2 0 1 456 24 460 647
2257 4 2 0 1 456 23 24 647
2258 4 2 0 1 497 498 502 572
2259 4 2 0 1 244 575 70 656
2260 4 2 0 1 599 618 571 635
2261 4 2 0 1 607 650 641 663
2262 4 2 0 1 579 675 622 677
2263 4 2 0 1 566 651 629 675
2264 4 2 0 1 576 566 642 651
2265 4 2 0 1 254 258 253 576
2266 4 2 0 1 258 257 253 576
2267 4 2 0 1 217 222 221 678
2268 4 2 0 1 563 582 619 655
2269 4 2 0 1 152 151 606 637
2270 4 2 0 1 55 200 598 663
2271 4 2 0 1 246 245 595 614
2272 4 2 0 1 291 290 286 611
2273 4 2 0 1 286 287 291 611
2274 4 2 0 1 615 661 586 684
2275 4 2 0 1 576 566 631 642
2276 4 2 0 1 280 279 275 648
2277 4 2 0 1 275 276 280 648
2278 4 2 0 1 140 1 36 583
2279 4 2 0 1 138 1 139 583
2280 4 2 0 1 572 603 602 669
2281 4 2 0 1 244 243 239 575
2282 4 2 0 1 302 298 303 615
2283 4 2 0 1 299 303 298 615
2284 4 2 0 1 249 253 45 614
2285 4 2 0 1 45 253 46 614
2286 4 2 0 1 322 323 327 613
2287 4 2 0 1 497 501 127 572
2288 4 2 0 1 467 471 466 657
2289 4 2 0 1 466 471 470 657
2290 4 2 0 1 402 594 398 683
2291 4 2 0 1 52 653 634 665
2292 4 2 0 1 320 5 319 625
2293 4 2 0 1 560 641 587 663
2294 4 2 0 1 621 627 390 646
2295 4 2 0 1 96 316 548 625
2296 4 2 0 1 571 629 600 687
2297 4 2 0 1 145 606 146 626
2298 4 2 0 1 219 224 223 588
2299 4 2 0 1 64 65 220 588
2300 4 2 0 1 172 176 628 642
2301 4 2 0 1 55 553 289 598
2302 4 2 0 1 601 611 577 649
2303 4 2 0 1 642 651 585 667
2304 4 2 0 1 80 357 542 655
2305 4 2 0 1 289 285 290 598
2306 4 2 0 1 286 290 285 598
2307 4 2 0 1 359 563 363 655
2308 4 2 0 1 167 642 585 667
2309 4 2 0 1 336 590 105 666
2310 4 2 0 1 140 139 1 583
2311 4 2 0 1 629 672 600 687
2312 4 2 0 1 567 598 597 607
2313 4 2 0 1 39 152 148 606
2314 4 2 0 1 296 556 292 611
2315 4 2 0 1 200 204 607 663
2316 4 2 0 1 382 383 387 662
2317 4 2 0 1 387 386 382 662
2318 4 2 0 1 240 70 244 575
2319 4 2 0 1 574 612 569 620
2320 4 2 0 1 159 158 521 623
2321 4 2 0 1 232 67 68 679
2322 4 2 0 1 142 137 138 680
2323 4 2 0 1 439 608 443 664
2324 4 2 0 1 562 623 667 687
2325 4 2 0 1 594 616 564 625
2326 4 2 0 1 418 414 419 617
2327 4 2 0 1 39 637 38 652
2328 4 2 0 1 203 650 607 663
2329 4 2 0 1 183 620 184 653
2330 4 2 0 1 118 477 481 633
2331 4 2 0 1 119 118 481 633
2332 4 2 0 1 567 641 607 650
2333 4 2 0 1 495 494 490 669
2334 4 2 0 1 600 672 645 687
2335 4 2 0 1 11 105 590 666
2336 4 2 0 1 204 203 607 663
2337 4 2 0 1 77 645 600 672
2338 4 2 0 1 288 85 86 611
2339 4 2 0 1 86 292 288 611
2340 4 2 0 1 576 672 629 687
2341 4 2 0 1 244 243 575 656
2342 4 2 0 1 567 596 641 650
2343 4 2 0 1 568 621 602 674
2344 4 2 0 1 585 642 566 651
2345 4 2 0 1 349 600 345 644
2346 4 2 0 1 128 5 412 654
2347 4 2 0 1 22 21 173 622
2348 4 2 0 1 169 173 21 622
2349 4 2 0 1 264 263 259 631
2350 4 2 0 1 581 604 562 623
2351 4 2 0 1 207 650 203 663
2352 4 2 0 1 302 301 297 615
2353 4 2 0 1 297 298 302 615
2354 4 2 0 1 307 91 92 616
2355 4 2 0 1 293 56 598 663
2356 4 2 0 1 571 651 629 687
2357 4 2 0 1 564 625 616 640
2358 4 2 0 1 202 197 198 607
2359 4 2 0 1 563 658 584 660
2360 4 2 0 1 566 593 629 631
2361 4 2 0 1 86 543 381 662
2362 4 2 0 1 152 43 151 637
2363 4 2 0 1 364 368 363 563
2364 4 2 0 1 367 363 368 563
2365 4 2 0 1 43 42 151 637
2366 4 2 0 1 305 63 8 640
2367 4 2 0 1 266 270 265 605
2368 4 2 0 1 270 269 265 605
2369 4 2 0 1 50 180 176 605
2370 4 2 0 1 176 49 50 605
2371 4 2 0 1 77 600 78 672
2372 4 2 0 1 279 555 278 634
2373 4 2 0 1 600 645 76 673
2374 4 2 0 1 8 90 305 640
2375 4 2 0 1 590 565 617 632
2376 4 2 0 1 51 273 634 670
2377 4 2 0 1 627 649 560 661
2378 4 2 0 1 77 256 645 672
2379 4 2 0 1 285 54 665 668
2380 4 2 0 1 574 622 580 647
2381 4 2 0 1 88 649 627 661
2382 4 2 0 1 575 659 613 682
2383 4 2 0 1 218 222 217 678
2384 4 2 0 1 346 345 600 644
2385 4 2 0 1 385 386 627 649
2386 4 2 0 1 41 42 155 610
2387 4 2 0 1 41 155 154 610
2388 4 2 0 1 407 654 406 683
2389 4 2 0 1 490 491 495 669
2390 4 2 0 1 560 598 641 663
2391 4 2 0 1 354 358 541 655
2392 4 2 0 1 30 205 639 650
2393 4 2 0 1 389 390 394 627
2394 4 2 0 1 394 393 389 627
2395 4 2 0 1 425 100 421 688
2396 4 2 0 1 429 430 434 635
2397 4 2 0 1 434 433 429 635
2398 4 2 0 1 226 511 227 678
2399 4 2 0 1 106 618 340 666
2400 4 2 0 1 456 452 23 647
2401 4 2 0 1 22 23 452 647
2402 4 2 0 1 510 665 54 668
2403 4 2 0 1 29 201 205 650
2404 4 2 0 1 30 29 205 650
2405 4 2 0 1 605 631 566 642
2406 4 2 0 1 476 472 28 657
2407 4 2 0 1 364 563 363 676
2408 4 2 0 1 588 625 564 640
2409 4 2 0 1 127 654 408 683
2410 4 2 0 1 94 308 93 616
2411 4 2 0 1 71 534 7 637
2412 4 2 0 1 220 224 219 588
2413 4 2 0 1 238 239 243 652
2414 4 2 0 1 93 10 94 616
2415 4 2 0 1 402 654 594 683
2416 4 2 0 1 285 553 54 668
2417 4 2 0 1 327 326 322 613
2418 4 2 0 1 81 542 361 619
2419 4 2 0 1 90 306 305 640
2420 4 2 0 1 296 649 87 661
2421 4 2 0 1 504 35 5 678
2422 4 2 0 1 91 306 90 640
2423 4 2 0 1 469 470 474 609
2424 4 2 0 1 474 473 469 609
2425 4 2 0 1 380 116 117 609
2426 4 2 0 1 117 384 380 609
2427 4 2 0 1 394 393 621 643
2428 4 2 0 1 298 297 293 560
2429 4 2 0 1 293 294 298 560
2430 4 2 0 1 78 77 349 600
2431 4 2 0 1 345 349 77 600
2432 4 2 0 1 246 251 250 645
2433 4 2 0 1 454 518 455 647
2434 4 2 0 1 244 70 9 656
2435 4 2 0 1 406 594 402 654
2436 4 2 0 1 55 289 293 598
2437 4 2 0 1 293 56 55 598
2438 4 2 0 1 229 1 230 679
2439 4 2 0 1 74 244 9 656
2440 4 2 0 1 76 600 77 645
2441 4 2 0 1 352 538 351 644
2442 4 2 0 1 231 230 1 679
2443 4 2 0 1 609 657 567 686
2444 4 2 0 1 576 651 642 667
2445 4 2 0 1 462 515 463 636
2446 4 2 0 1 406 654 402 683
2447 4 2 0 1 137 583 138 680
2448 4 2 0 1 578 675 638 676
2449 4 2 0 1 204 203 199 607
2450 4 2 0 1 199 200 204 607
2451 4 2 0 1 397 94 10 643
2452 4 2 0 1 386 513 382 662
2453 4 2 0 1 571 600 629 644
2454 4 2 0 1 68 236 232 679
2455 4 2 0 1 595 614 570 645
2456 4 2 0 1 397 10 121 643
2457 4 2 0 1 141 137 142 680
2458 4 2 0 1 101 100 425 688
2459 4 2 0 1 41 505 150 610
2460 4 2 0 1 226 5 225 678
2461 4 2 0 1 359 358 354 655
2462 4 2 0 1 359 354 355 655
2463 4 2 0 1 343 347 342 673
2464 4 2 0 1 347 346 342 673
2465 4 2 0 1 329 536 69 682
2466 4 2 0 1 48 47 261 642
2467 4 2 0 1 261 47 257 642
2468 4 2 0 1 249 245 614 685
2469 4 2 0 1 570 600 645 687
2470 4 2 0 1 117 118 384 633
2471 4 2 0 1 118 388 384 633
2472 4 2 0 1 634 648 569 670
2473 4 2 0 1 595 645 570 656
2474 4 2 0 1 242 238 243 652
2475 4 2 0 1 335 559 334 682
2476 4 2 0 1 140 583 36 680
2477 4 2 0 1 106 107 618 635
2478 4 2 0 1 412 547 128 654
2479 4 2 0 1 580 675 638 677
2480 4 2 0 1 402 401 397 594
2481 4 2 0 1 377 378 601 681
2482 4 2 0 1 38 37 652 680
2483 4 2 0 1 95 94 401 594
2484 4 2 0 1 140 139 583 680
2485 4 2 0 1 87 649 88 661
2486 4 2 0 1 590 632 617 688
2487 4 2 0 1 585 628 566 642
2488 4 2 0 1 567 671 597 686
2489 4 2 0 1 246 250 245 614
2490 4 2 0 1 249 245 250 614
2491 4 2 0 1 193 194 509 671
2492 4 2 0 1 273 648 634 670
2493 4 2 0 1 176 172 49 532
2494 4 2 0 1 48 49 172 532
2495 4 2 0 1 114 461 465 636
2496 4 2 0 1 115 114 465 636
2497 4 2 0 1 462 463 467 636
2498 4 2 0 1 467 466 462 636
2499 4 2 0 1 97 625 96 654
2500 4 2 0 1 561 658 591 681
2501 4 2 0 1 377 85 84 601
2502 4 2 0 1 410 5 409 654
2503 4 2 0 1 359 355 360 676
2504 4 2 0 1 360 355 356 676
2505 4 2 0 1 55 598 56 663
2506 4 2 0 1 328 332 327 613
2507 4 2 0 1 325 326 330 613
2508 4 2 0 1 51 273 277 634
2509 4 2 0 1 277 52 51 634
2510 4 2 0 1 346 540 342 673
2511 4 2 0 1 101 11 336 590
2512 4 2 0 1 55 56 200 663
2513 4 2 0 1 56 204 200 663
2514 4 2 0 1 346 350 345 644
2515 4 2 0 1 350 349 345 644
2516 4 2 0 1 348 352 347 644
2517 4 2 0 1 347 352 351 644
2518 4 2 0 1 336 11 105 590
2519 4 2 0 1 108 539 437 635
2520 4 2 0 1 254 250 255 645
2521 4 2 0 1 250 251 255 645
2522 4 2 0 1 104 559 335 666
2523 4 2 0 1 602 621 586 643
2524 4 2 0 1 567 607 597 671
2525 4 2 0 1 199 509 195 607
2526 4 2 0 1 440 436 19 608
2527 4 2 0 1 18 19 436 608
2528 4 2 0 1 572 624 603 669
2529 4 2 0 1 269 648 273 670
2530 4 2 0 1 531 679 37 680
2531 4 2 0 1 225 5 35 678
2532 4 2 0 1 585 608 562 651
2533 4 2 0 1 391 392 546 646
2534 4 2 0 1 33 221 34 678
2535 4 2 0 1 477 473 478 633
2536 4 2 0 1 473 474 478 633
2537 4 2 0 1 397 398 402 594
2538 4 2 0 1 359 360 364 676
2539 4 2 0 1 364 363 359 676
2540 4 2 0 1 106 107 340 618
2541 4 2 0 1 344 340 107 618
2542 4 2 0 1 117 609 473 633
2543 4 2 0 1 125 669 126 683
2544 4 2 0 1 397 401 94 594
2545 4 2 0 1 92 91 302 615
2546 4 2 0 1 302 303 92 615
2547 4 2 0 1 449 111 638 676
2548 4 2 0 1 563 660 580 676
2549 4 2 0 1 453 518 454 660
2550 4 2 0 1 454 455 459 647
2551 4 2 0 1 459 458 454 647
2552 4 2 0 1 581 623 614 685
2553 4 2 0 1 262 261 257 631
2554 4 2 0 1 258 262 257 631
2555 4 2 0 1 111 449 660 676
2556 4 2 0 1 638 675 579 677
2557 4 2 0 1 66 228 224 588
2558 4 2 0 1 312 311 616 625
2559 4 2 0 1 5 411 412 654
2560 4 2 0 1 138 583 139 680
2561 4 2 0 1 310 306 557 640
2562 4 2 0 1 310 625 314 640
2563 4 2 0 1 105 335 336 666
2564 4 2 0 1 138 139 530 680
2565 4 2 0 1 483 479 484 596
2566 4 2 0 1 479 480 484 596
2567 4 2 0 1 104 335 105 666
2568 4 2 0 1 471 475 470 657
2569 4 2 0 1 474 470 475 657
2570 4 2 0 1 254 253 249 614
2571 4 2 0 1 249 250 254 614
2572 4 2 0 1 196 553 200 668
2573 4 2 0 1 266 262 267 631
2574 4 2 0 1 262 263 267 631
2575 4 2 0 1 97 96 409 654
2576 4 2 0 1 388 633 118 646
2577 4 2 0 1 33 624 217 678
2578 4 2 0 1 597 671 592 686
2579 4 2 0 1 304 89 586 661
2580 4 2 0 1 151 42 150 610
2581 4 2 0 1 446 450 638 677
2582 4 2 0 1 41 150 42 610
2583 4 2 0 1 490 558 491 669
2584 4 2 0 1 202 607 203 650
2585 4 2 0 1 485 481 486 674
2586 4 2 0 1 482 486 481 674
2587 4 2 0 1 339 618 343 673
2588 4 2 0 1 399 398 122 643
2589 4 2 0 1 190 186 191 653
2590 4 2 0 1 187 191 186 653
2591 4 2 0 1 395 621 123 643
2592 4 2 0 1 123 399 122 643
2593 4 2 0 1 583 679 36 680
2594 4 2 0 1 302 91 301 615
2595 4 2 0 1 90 301 91 615
2596 4 2 0 1 37 679 652 680
2597 4 2 0 1 421 617 422 688
2598 4 2 0 1 394 546 395 621
2599 4 2 0 1 629 651 576 687
2600 4 2 0 1 281 277 555 634
2601 4 2 0 1 410 411 5 654
2602 4 2 0 1 568 627 621 646
2603 4 2 0 1 570 645 600 673
2604 4 2 0 1 407 406 402 683
2605 4 2 0 1 33 34 624 678
2606 4 2 0 1 241 637 39 652
2607 4 2 0 1 147 529 148 606
2608 4 2 0 1 327 332 331 613
2609 4 2 0 1 296 295 560 661
2610 4 2 0 1 44 156 637 685
2611 4 2 0 1 314 310 315 625
2612 4 2 0 1 315 311 316 625
2613 4 2 0 1 147 528 146 606
2614 4 2 0 1 386 390 627 646
2615 4 2 0 1 259 631 258 672
2616 4 2 0 1 153 521 157 604
2617 4 2 0 1 295 299 560 661
2618 4 2 0 1 33 217 221 678
2619 4 2 0 1 111 110 638 676
2620 4 2 0 1 269 270 274 648
2621 4 2 0 1 269 274 273 648
2622 4 2 0 1 296 300 295 661
2623 4 2 0 1 295 300 299 661
2624 4 2 0 1 12 133 669 674
2625 4 2 0 1 447 516 448 677
2626 4 2 0 1 264 79 80 593
2627 4 2 0 1 80 268 264 593
2628 4 2 0 1 422 617 423 688
2629 4 2 0 1 153 154 604 610
2630 4 2 0 1 603 669 558 674
2631 4 2 0 1 151 528 147 606
2632 4 2 0 1 274 270 554 648
2633 4 2 0 1 504 503 499 678
2634 4 2 0 1 119 392 388 646
2635 4 2 0 1 388 118 119 646
2636 4 2 0 1 244 74 243 656
2637 4 2 0 1 204 208 203 663
2638 4 2 0 1 207 203 208 663
2639 4 2 0 1 293 297 56 663
2640 4 2 0 1 56 297 57 663
2641 4 2 0 1 112 113 517 660
2642 4 2 0 1 183 184 188 653
2643 4 2 0 1 187 183 188 653
2644 4 2 0 1 472 471 467 657
2645 4 2 0 1 467 468 472 657
2646 4 2 0 1 65 64 313 640
2647 4 2 0 1 249 614 45 685
2648 4 2 0 1 418 422 417 617
2649 4 2 0 1 419 420 424 617
2650 4 2 0 1 378 373 374 681
2651 4 2 0 1 377 373 378 681
2652 4 2 0 1 111 660 112 676
2653 4 2 0 1 427 632 131 688
2654 4 2 0 1 606 652 583 680
2655 4 2 0 1 109 441 638 664
2656 4 2 0 1 354 349 350 644
2657 4 2 0 1 353 349 354 644
2658 4 2 0 1 224 65 66 588
2659 4 2 0 1 333 102 70 536
2660 4 2 0 1 52 634 277 665
2661 4 2 0 1 70 102 9 536
2662 4 2 0 1 239 652 238 679
2663 4 2 0 1 277 634 281 665
2664 4 2 0 1 572 669 602 683
2665 4 2 0 1 451 622 452 647
2666 4 2 0 1 445 446 450 638
2667 4 2 0 1 450 449 445 638
2668 4 2 0 1 457 461 113 636
2669 4 2 0 1 114 113 461 636
2670 4 2 0 1 292 296 611 649
2671 4 2 0 1 132 432 131 632
2672 4 2 0 1 431 131 432 632
2673 4 2 0 1 565 610 606 626
2674 4 2 0 1 485 120 119 674
2675 4 2 0 1 119 481 485 674
2676 4 2 0 1 77 256 252 645
2677 4 2 0 1 252 76 77 645
2678 4 2 0 1 96 405 409 654
2679 4 2 0 1 314 313 309 640
2680 4 2 0 1 567 657 671 686
2681 4 2 0 1 265 49 532 605
2682 4 2 0 1 86 292 611 649
2683 4 2 0 1 402 403 407 683
2684 4 2 0 1 570 645 614 687
2685 4 2 0 1 180 184 620 670
2686 4 2 0 1 431 430 130 632
2687 4 2 0 1 130 131 431 632
2688 4 2 0 1 202 203 207 650
2689 4 2 0 1 206 202 207 650
2690 4 2 0 1 107 344 618 635
2691 4 2 0 1 50 605 269 670
2692 4 2 0 1 311 557 307 616
2693 4 2 0 1 292 556 291 611
2694 4 2 0 1 131 632 130 688
2695 4 2 0 1 153 154 521 604
2696 4 2 0 1 576 631 629 672
2697 4 2 0 1 315 310 311 625
2698 4 2 0 1 312 316 311 625
2699 4 2 0 1 215 214 60 589
2700 4 2 0 1 60 61 215 589
2701 4 2 0 1 602 669 603 674
2702 4 2 0 1 337 559 338 673
2703 4 2 0 1 235 239 234 679
2704 4 2 0 1 592 671 657 686
2705 4 2 0 1 110 445 449 638
2706 4 2 0 1 449 111 110 638
2707 4 2 0 1 36 679 531 680
2708 4 2 0 1 340 618 339 666
2709 4 2 0 1 33 496 492 624
2710 4 2 0 1 395 394 621 643
2711 4 2 0 1 402 398 403 683
2712 4 2 0 1 379 383 378 662
2713 4 2 0 1 378 383 382 662
2714 4 2 0 1 279 634 278 648
2715 4 2 0 1 375 370 371 681
2716 4 2 0 1 374 370 375 681
2717 4 2 0 1 112 111 453 660
2718 4 2 0 1 453 111 449 660
2719 4 2 0 1 46 164 623 667
2720 4 2 0 1 326 327 331 613
2721 4 2 0 1 228 223 224 588
2722 4 2 0 1 569 620 612 653
2723 4 2 0 1 194 193 189 671
2724 4 2 0 1 190 194 189 671
2725 4 2 0 1 64 309 313 640
2726 4 2 0 1 237 241 38 652
2727 4 2 0 1 37 531 233 679
2728 4 2 0 1 52 281 53 665
2729 4 2 0 1 52 277 281 665
2730 4 2 0 1 424 423 419 617
2731 4 2 0 1 421 417 422 617
2732 4 2 0 1 350 538 354 644
2733 4 2 0 1 44 156 43 637
2734 4 2 0 1 43 7 44 637
2735 4 2 0 1 408 404 127 683
2736 4 2 0 1 40 505 41 610
2737 4 2 0 1 442 638 664 677
2738 4 2 0 1 288 292 287 611
2739 4 2 0 1 291 287 292 611
2740 4 2 0 1 36 531 37 680
2741 4 2 0 1 499 500 504 678
2742 4 2 0 1 197 27 193 671
2743 4 2 0 1 28 27 197 671
2744 4 2 0 1 95 312 308 616
2745 4 2 0 1 84 83 373 681
2746 4 2 0 1 369 373 83 681
2747 4 2 0 1 37 233 652 679
2748 4 2 0 1 558 669 133 674
2749 4 2 0 1 495 491 496 624
2750 4 2 0 1 164 160 46 623
2751 4 2 0 1 160 45 46 623
2752 4 2 0 1 492 32 33 624
2753 4 2 0 1 398 399 403 683
2754 4 2 0 1 274 634 273 648
2755 4 2 0 1 116 544 469 609
2756 4 2 0 1 179 507 178 620
2757 4 2 0 1 309 310 314 640
2758 4 2 0 1 427 131 426 688
2759 4 2 0 1 131 130 426 688
2760 4 2 0 1 30 31 484 639
2761 4 2 0 1 488 484 31 639
2762 4 2 0 1 428 132 427 632
2763 4 2 0 1 233 237 37 652
2764 4 2 0 1 461 457 515 636
2765 4 2 0 1 427 132 131 632
2766 4 2 0 1 241 39 38 652
2767 4 2 0 1 50 49 269 605
2768 4 2 0 1 265 269 49 605
2769 4 2 0 1 179 183 507 620
2770 4 2 0 1 130 519 426 688
2771 4 2 0 1 401 406 405 594
2772 4 2 0 1 343 339 344 618
2773 4 2 0 1 344 339 340 618
2774 4 2 0 1 341 76 75 673
2775 4 2 0 1 337 341 75 673
2776 4 2 0 1 338 339 343 673
2777 4 2 0 1 343 342 338 673
2778 4 2 0 1 108 635 437 664
2779 4 2 0 1 422 423 427 688
2780 4 2 0 1 188 653 52 665
2781 4 2 0 1 308 94 95 616
2782 4 2 0 1 239 238 234 679
2783 4 2 0 1 53 285 54 665
2784 4 2 0 1 53 281 285 665
2785 4 2 0 1 106 433 107 635
2786 4 2 0 1 106 429 433 635
2787 4 2 0 1 126 125 493 669
2788 4 2 0 1 438 439 443 664
2789 4 2 0 1 443 442 438 664
2790 4 2 0 1 446 638 442 677
2791 4 2 0 1 438 437 635 664
2792 4 2 0 1 469 473 116 609
2793 4 2 0 1 117 116 473 609
2794 4 2 0 1 492 496 491 624
2795 4 2 0 1 146 142 147 606
2796 4 2 0 1 641 650 587 663
2797 4 2 0 1 537 559 104 666
2798 4 2 0 1 254 255 259 672
2799 4 2 0 1 259 258 254 672
2800 4 2 0 1 330 326 331 613
2801 4 2 0 1 41 154 40 610
2802 4 2 0 1 153 40 154 610
2803 4 2 0 1 87 86 513 649
2804 4 2 0 1 167 168 172 642
2805 4 2 0 1 439 440 444 608
2806 4 2 0 1 443 439 444 608
2807 4 2 0 1 78 260 256 672
2808 4 2 0 1 256 77 78 672
2809 4 2 0 1 437 539 433 635
2810 4 2 0 1 171 172 628 642
2811 4 2 0 1 126 127 404 683
2812 4 2 0 1 440 19 523 608
2813 4 2 0 1 405 594 406 654
2814 4 2 0 1 17 153 157 604
2815 4 2 0 1 18 17 157 604
2816 4 2 0 1 441 442 638 664
2817 4 2 0 1 88 393 89 549
2818 4 2 0 1 389 393 88 549
2819 4 2 0 1 179 174 175 524
2820 4 2 0 1 178 174 179 524
2821 4 2 0 1 426 422 427 688
2822 4 2 0 1 167 168 642 667
2823 4 2 0 1 408 654 407 683
2824 4 2 0 1 142 530 143 680
2825 4 2 0 1 489 493 125 669
2826 4 2 0 1 30 205 209 639
2827 4 2 0 1 209 31 30 639
2828 4 2 0 1 192 191 653 665
2829 4 2 0 1 307 92 308 616
2830 4 2 0 1 259 263 258 631
2831 4 2 0 1 258 263 262 631
2832 4 2 0 1 26 189 193 671
2833 4 2 0 1 193 27 26 671
2834 4 2 0 1 92 93 308 616
2835 4 2 0 1 499 624 500 678
2836 4 2 0 1 37 237 38 652
2837 4 2 0 1 203 198 199 607
2838 4 2 0 1 202 198 203 607
2839 4 2 0 1 438 433 434 635
2840 4 2 0 1 438 437 433 635
2841 4 2 0 1 446 445 441 638
2842 4 2 0 1 441 442 446 638
2843 4 2 0 1 402 406 401 594
2844 4 2 0 1 126 404 400 683
2845 4 2 0 1 389 385 390 627
2846 4 2 0 1 385 386 390 627
2847 4 2 0 1 477 118 117 633
2848 4 2 0 1 117 473 477 633
2849 4 2 0 1 471 472 476 657
2850 4 2 0 1 476 475 471 657
2851 4 2 0 1 88 300 296 661
2852 4 2 0 1 296 87 88 661
2853 4 2 0 1 229 531 36 679
2854 4 2 0 1 176 175 171 628
2855 4 2 0 1 169 170 174 628
2856 4 2 0 1 171 172 176 628
2857 4 2 0 1 174 173 169 628
2858 4 2 0 1 579 664 638 677
2859 4 2 0 1 408 547 407 654
2860 4 2 0 1 39 241 71 637
2861 4 2 0 1 71 7 39 637
2862 4 2 0 1 86 87 292 649
2863 4 2 0 1 292 87 296 649
2864 4 2 0 1 298 294 299 560
2865 4 2 0 1 295 299 294 560
2866 4 2 0 1 454 458 453 660
2867 4 2 0 1 453 458 457 660
2868 4 2 0 1 441 109 108 664
2869 4 2 0 1 108 437 441 664
2870 4 2 0 1 199 198 509 607
2871 4 2 0 1 275 279 274 648
2872 4 2 0 1 274 279 278 648
2873 4 2 0 1 418 419 423 617
2874 4 2 0 1 382 543 378 662
2875 4 2 0 1 37 529 144 680
2876 4 2 0 1 489 125 12 669
2877 4 2 0 1 12 133 489 669
2878 4 2 0 1 386 387 391 646
2879 4 2 0 1 386 391 390 646
2880 4 2 0 1 333 536 329 682
2881 4 2 0 1 485 133 120 674
2882 4 2 0 1 12 120 133 674
2883 4 2 0 1 53 54 510 665
2884 4 2 0 1 445 109 441 638
2885 4 2 0 1 109 445 110 638
2886 4 2 0 1 237 238 242 652
2887 4 2 0 1 358 363 362 655
2888 4 2 0 1 359 363 358 655
2889 4 2 0 1 97 320 316 625
2890 4 2 0 1 400 125 126 683
2891 4 2 0 1 456 460 455 647
2892 4 2 0 1 455 460 459 647
2893 4 2 0 1 133 558 134 669
2894 4 2 0 1 24 181 185 612
2895 4 2 0 1 25 24 185 612
2896 4 2 0 1 500 512 496 624
2897 4 2 0 1 572 594 654 683
2898 4 2 0 1 201 202 206 650
2899 4 2 0 1 206 205 201 650
2900 4 2 0 1 499 512 500 624
2901 4 2 0 1 160 45 623 685
2902 4 2 0 1 50 51 180 670
2903 4 2 0 1 180 51 184 670
2904 4 2 0 1 134 558 490 669
2905 4 2 0 1 256 255 645 672
2906 4 2 0 1 485 558 133 674
2907 4 2 0 1 358 362 542 655
2908 4 2 0 1 385 87 513 649
2909 4 2 0 1 340 339 537 666
2910 4 2 0 1 242 241 237 652
2911 4 2 0 1 196 510 54 668
2912 4 2 0 1 340 537 105 666
2913 4 2 0 1 148 152 147 606
2914 4 2 0 1 494 493 489 669
2915 4 2 0 1 423 422 418 617
2916 4 2 0 1 129 101 425 519
2917 4 2 0 1 129 11 101 519
2918 4 2 0 1 394 123 122 643
2919 4 2 0 1 395 123 394 643
2920 4 2 0 1 274 278 634 648
2921 4 2 0 1 105 537 104 666
2922 4 2 0 1 495 496 512 624
2923 4 2 0 1 273 274 278 634
2924 4 2 0 1 273 278 277 634
2925 4 2 0 1 274 554 275 648
2926 4 2 0 1 179 184 183 620
2927 4 2 0 1 184 179 180 620
2928 4 2 0 1 356 111 360 676
2929 4 2 0 1 356 110 111 676
2930 4 2 0 1 652 679 583 680
2931 4 2 0 1 277 278 555 634
2932 4 2 0 1 196 54 553 668
2933 4 2 0 1 446 442 516 677
2934 4 2 0 1 151 147 152 606
2935 4 2 0 1 233 238 237 652
2936 4 2 0 1 316 96 97 625
2937 4 2 0 1 489 490 494 669
2938 4 2 0 1 408 407 403 683
2939 4 2 0 1 360 111 112 676
2940 4 2 0 1 364 360 112 676
2941 4 2 0 1 456 455 451 647
2942 4 2 0 1 451 452 456 647
2943 4 2 0 1 187 188 192 653
2944 4 2 0 1 192 191 187 653
2945 4 2 0 1 309 64 63 640
2946 4 2 0 1 160 527 156 685
2947 4 2 0 1 46 526 164 667
2948 4 2 0 1 170 520 171 628
2949 4 2 0 1 57 204 56 663
2950 4 2 0 1 204 57 208 663
2951 4 2 0 1 299 304 303 661
2952 4 2 0 1 304 299 300 661
2953 4 2 0 1 22 452 448 622
2954 4 2 0 1 448 21 22 622
2955 4 2 0 1 107 433 539 635
2956 4 2 0 1 112 453 457 660
2957 4 2 0 1 112 457 113 660
2958 4 2 0 1 81 361 365 619
2959 4 2 0 1 82 81 365 619
2960 4 2 0 1 358 357 541 655
2961 4 2 0 1 168 47 48 642
2962 4 2 0 1 168 48 172 642
2963 4 2 0 1 347 351 346 644
2964 4 2 0 1 351 350 346 644
2965 4 2 0 1 7 152 39 637
2966 4 2 0 1 309 305 310 640
2967 4 2 0 1 462 466 461 636
2968 4 2 0 1 465 461 466 636
2969 4 2 0 1 249 44 245 685
2970 4 2 0 1 44 249 45 685
2971 4 2 0 1 152 7 43 637
2972 4 2 0 1 489 133 490 669
2973 4 2 0 1 63 305 309 640
2974 4 2 0 1 106 340 105 666
2975 4 2 0 1 11 106 105 666
2976 4 2 0 1 133 134 490 669
2977 4 2 0 1 403 404 408 683
2978 4 2 0 1 168 47 642 667
2979 4 2 0 1 192 653 188 665
2980 4 2 0 1 426 519 425 688
2981 4 2 0 1 252 256 251 645
2982 4 2 0 1 256 255 251 645
2983 4 2 0 1 485 486 558 674
2984 4 2 0 1 330 334 329 682
2985 4 2 0 1 136 135 487 558
2986 4 2 0 1 488 136 487 558
2987 4 2 0 1 310 305 306 640
2988 4 2 0 1 74 248 535 656
2989 4 2 0 1 257 46 253 526
2990 4 2 0 1 47 46 257 526
2991 4 2 0 1 393 122 121 550
2992 4 2 0 1 186 181 182 508
2993 4 2 0 1 341 345 76 540
2994 4 2 0 1 76 345 77 540
2995 4 2 0 1 170 165 166 525
2996 4 2 0 1 169 165 170 525
2997 4 2 0 1 195 191 196 510
2998 4 2 0 1 191 192 196 510
2999 4 2 0 1 122 121 550 643
3000 4 2 0 1 410 409 405 654
3001 4 2 0 1 382 513 381 662
3002 4 2 0 1 426 421 422 688
3003 4 2 0 1 398 397 121 643
3004 4 2 0 1 398 121 122 643
3005 4 2 0 1 311 307 312 616
3006 4 2 0 1 333 559 102 682
3007 4 2 0 1 231 232 236 679
3008 4 2 0 1 351 538 350 644
3009 4 2 0 1 164 163 623 667
3010 4 2 0 1 333 329 334 682
3011 4 2 0 1 50 269 273 670
3012 4 2 0 1 273 51 50 670
3013 4 2 0 1 490 134 491 558
3014 4 2 0 1 135 491 134 558
3015 4 2 0 1 160 623 527 685
3016 4 2 0 1 367 366 362 545
3017 4 2 0 1 367 362 363 545
3018 4 2 0 1 461 515 462 636
3019 4 2 0 1 404 403 399 683
3020 4 2 0 1 333 334 559 682
3021 4 2 0 1 215 220 219 506
3022 4 2 0 1 425 421 426 688
3023 4 2 0 1 308 312 307 616
3024 4 2 0 1 150 505 149 626
3025 4 2 0 1 374 373 369 681
3026 4 2 0 1 369 370 374 681
3027 4 2 0 1 192 188 53 665
3028 4 2 0 1 188 52 53 665
3029 4 2 0 1 88 549 300 661
3030 4 2 0 1 149 505 16 626
3031 4 2 0 1 358 542 357 655
3032 4 2 0 1 485 134 133 558
3033 4 2 0 1 486 134 485 558
3034 4 2 0 1 400 404 399 683
3035 4 2 0 1 75 248 74 656
3036 4 2 0 1 74 9 75 656
3037 4 2 0 1 405 406 410 654
3038 4 2 0 1 387 392 391 646
3039 4 2 0 1 387 388 392 646
3040 4 2 0 1 216 220 215 506
3041 4 2 0 1 235 231 236 679
3042 4 2 0 1 320 319 315 625
3043 4 2 0 1 159 527 160 623
3044 4 2 0 1 164 168 163 667
3045 4 2 0 1 167 163 168 667
3046 4 2 0 1 450 446 451 677
3047 4 2 0 1 447 451 446 677
3048 4 2 0 1 382 381 543 662
3049 4 2 0 1 504 500 35 678
3050 4 2 0 1 496 34 500 624
3051 4 2 0 1 338 103 537 559
3052 4 2 0 1 259 255 260 672
3053 4 2 0 1 256 260 255 672
3054 4 2 0 1 251 533 252 645
3055 4 2 0 1 15 145 149 626
3056 4 2 0 1 149 145 150 626
3057 4 2 0 1 164 163 159 623
3058 4 2 0 1 159 160 164 623
3059 4 2 0 1 149 16 15 626
3060 4 2 0 1 341 342 540 673
3061 4 2 0 1 442 441 437 664
3062 4 2 0 1 438 442 437 664
3063 4 2 0 1 342 341 337 673
3064 4 2 0 1 337 338 342 673
3065 4 2 0 1 315 316 320 625
3066 4 2 0 1 496 33 34 624
3067 4 2 0 1 500 624 34 678
3068 4 2 0 1 500 34 35 678
3069 4 2 0 1 410 406 411 654
3070 4 2 0 1 53 510 192 665
3071 4 2 0 1 337 102 338 559
3072 4 2 0 1 338 102 103 559
3073 4 2 0 1 333 334 103 559
3074 4 2 0 1 171 175 170 628
3075 4 2 0 1 175 174 170 628
3076 4 2 0 1 103 102 333 559
3077 4 2 0 1 407 411 406 654
3078 4 2 0 1 233 531 234 679
3079 4 2 0 1 144 529 143 680
3080 4 2 0 1 144 143 530 680
3081 4 2 0 1 446 516 447 677
3082 4 2 0 1 35 34 225 678
3083 4 2 0 1 140 36 37 680
3084 4 2 0 1 334 335 104 559
3085 4 2 0 1 104 103 334 559
3086 4 2 0 1 230 231 235 679
3087 4 2 0 1 486 135 134 558
3088 4 2 0 1 486 487 135 558
3089 4 2 0 1 221 225 34 678
3090 4 2 0 1 144 140 37 680
3091 4 2 0 1 104 537 103 559
3092 4 2 0 1 45 160 156 685
3093 4 2 0 1 45 156 44 685
3094 4 2 0 1 235 234 230 679
3095 4 2 0 1 469 115 465 544
3096 4 2 0 1 385 86 381 513
3097 4 2 0 1 442 447 446 516
3098 4 2 0 1 186 182 187 508
3099 4 2 0 1 183 182 178 507
3100 4 2 0 1 182 177 178 507
3101 4 2 0 1 314 318 313 552
3102 4 2 0 1 364 112 113 517
3103 4 2 0 1 147 143 148 529
3104 4 2 0 1 144 148 143 529
3105 4 2 0 1 158 162 157 522
3106 4 2 0 1 104 339 103 537
3107 4 2 0 1 74 248 73 535
3108 4 2 0 1 391 395 390 546
3109 4 2 0 1 447 442 443 516
3110 4 2 0 1 294 290 295 556
3111 4 2 0 1 365 369 82 551
3112 4 2 0 1 187 182 183 508
3113 4 2 0 1 443 448 447 516
3114 4 2 0 1 195 199 194 509
3115 4 2 0 1 196 192 54 510
3116 4 2 0 1 223 227 222 511
3117 4 2 0 1 179 183 178 507
3118 4 2 0 1 499 494 495 512
3119 4 2 0 1 498 494 499 512
3120 4 2 0 1 198 194 199 509
3121 4 2 0 1 153 158 157 521
3122 4 2 0 1 53 54 192 510
3123 4 2 0 1 369 83 82 551
3124 4 2 0 1 317 66 65 552
3125 4 2 0 1 20 169 21 525
3126 4 2 0 1 385 381 386 513
3127 4 2 0 1 386 381 382 513
3128 4 2 0 1 86 385 87 513
3129 4 2 0 1 229 234 233 531
3130 4 2 0 1 458 459 463 515
3131 4 2 0 1 462 458 463 515
3132 4 2 0 1 319 318 314 552
3133 4 2 0 1 454 450 455 518
3134 4 2 0 1 271 272 276 554
3135 4 2 0 1 478 479 483 514
3136 4 2 0 1 457 462 461 515
3137 4 2 0 1 458 462 457 515
3138 4 2 0 1 245 7 71 534
3139 4 2 0 1 174 178 173 524
3140 4 2 0 1 226 222 227 511
3141 4 2 0 1 425 130 129 519
3142 4 2 0 1 173 178 177 524
3143 4 2 0 1 426 130 425 519
3144 4 2 0 1 340 104 105 537
3145 4 2 0 1 159 155 160 527
3146 4 2 0 1 451 455 450 518
3147 4 2 0 1 113 368 364 517
3148 4 2 0 1 270 271 275 554
3149 4 2 0 1 166 171 170 520
3150 4 2 0 1 166 167 171 520
3151 4 2 0 1 355 351 356 538
3152 4 2 0 1 281 277 282 555
3153 4 2 0 1 62 216 61 506
3154 4 2 0 1 215 61 216 506
3155 4 2 0 1 162 161 157 522
3156 4 2 0 1 251 247 252 533
3157 4 2 0 1 155 159 154 521
3158 4 2 0 1 47 164 46 526
3159 4 2 0 1 158 163 162 522
3160 4 2 0 1 270 275 274 554
3161 4 2 0 1 161 165 19 523
3162 4 2 0 1 19 165 20 523
3163 4 2 0 1 396 391 392 546
3164 4 2 0 1 20 165 169 525
3165 4 2 0 1 198 193 194 509
3166 4 2 0 1 156 160 155 527
3167 4 2 0 1 154 158 153 521
3168 4 2 0 1 500 499 495 512
3169 4 2 0 1 150 146 151 528
3170 4 2 0 1 151 146 147 528
3171 4 2 0 1 148 144 38 529
3172 4 2 0 1 38 144 37 529
3173 4 2 0 1 37 36 233 531
3174 4 2 0 1 143 139 144 530
3175 4 2 0 1 261 265 48 532
3176 4 2 0 1 229 233 36 531
3177 4 2 0 1 48 265 49 532
3178 4 2 0 1 292 296 291 556
3179 4 2 0 1 44 7 245 534
3180 4 2 0 1 247 73 248 535
3181 4 2 0 1 252 247 248 533
3182 4 2 0 1 358 353 354 541
3183 4 2 0 1 394 390 395 546
3184 4 2 0 1 495 496 500 512
3185 4 2 0 1 344 107 108 539
3186 4 2 0 1 437 108 107 539
3187 4 2 0 1 154 159 158 521
3188 4 2 0 1 247 72 73 535
3189 4 2 0 1 138 139 143 530
3190 4 2 0 1 143 142 138 530
3191 4 2 0 1 127 128 408 547
3192 4 2 0 1 329 333 69 536
3193 4 2 0 1 69 333 70 536
3194 4 2 0 1 346 345 341 540
3195 4 2 0 1 353 357 79 541
3196 4 2 0 1 103 339 338 537
3197 4 2 0 1 104 340 339 537
3198 4 2 0 1 81 80 361 542
3199 4 2 0 1 342 346 341 540
3200 4 2 0 1 352 356 351 538
3201 4 2 0 1 358 357 353 541
3202 4 2 0 1 381 377 382 543
3203 4 2 0 1 382 377 378 543
3204 4 2 0 1 351 355 350 538
3205 4 2 0 1 348 344 108 539
3206 4 2 0 1 395 391 396 546
3207 4 2 0 1 291 296 295 556
3208 4 2 0 1 444 448 443 516
3209 4 2 0 1 454 449 450 518
3210 4 2 0 1 80 79 357 541
3211 4 2 0 1 361 357 362 542
3212 4 2 0 1 361 80 357 542
3213 4 2 0 1 86 85 381 543
3214 4 2 0 1 381 85 377 543
3215 4 2 0 1 453 449 454 518
3216 4 2 0 1 279 283 278 555
3217 4 2 0 1 65 313 317 552
3218 4 2 0 1 116 115 469 544
3219 4 2 0 1 82 83 276 551
3220 4 2 0 1 407 408 412 547
3221 4 2 0 1 72 247 246 535
3222 4 2 0 1 193 198 197 509
3223 4 2 0 1 412 408 128 547
3224 4 2 0 1 96 95 405 548
3225 4 2 0 1 312 96 316 548
3226 4 2 0 1 95 96 312 548
3227 4 2 0 1 149 150 41 505
3228 4 2 0 1 121 89 393 550
3229 4 2 0 1 88 89 300 549
3230 4 2 0 1 280 276 83 551
3231 4 2 0 1 10 89 121 550
3232 4 2 0 1 276 275 271 554
3233 4 2 0 1 482 478 483 514
3234 4 2 0 1 182 181 177 507
3235 4 2 0 1 282 278 283 555
3236 4 2 0 1 313 318 317 552
3237 4 2 0 1 200 196 55 553
3238 4 2 0 1 55 196 54 553
3239 4 2 0 1 285 289 54 553
3240 4 2 0 1 55 54 289 553
3241 4 2 0 1 307 311 306 557
3242 4 2 0 1 41 40 149 505
3243 4 2 0 1 278 282 277 555
3244 4 2 0 1 291 295 290 556
3245 4 2 0 1 40 16 149 505
3246 4 2 0 1 310 306 311 557
3247 4 2 0 1 362 357 358 542
3248 4 2 0 1 354 350 355 538
3249 4 2 0 1 107 433 437 539
3250 4 2 0 1 20 440 19 523
3251 4 2 0 1 622 525 20 21
3252 4 2 0 1 622 20 525 585
3253 4 2 0 1 216 588 640 220
3254 4 2 0 1 640 588 216 589
3255 4 2 0 1 506 219 588 220
3256 4 2 0 1 588 219 506 589
3257 4 2 0 1 216 506 588 220
3258 4 2 0 1 588 506 216 589
3259 4 2 0 1 622 525 628 585
3260 4 2 0 1 622 628 525 169
3261 4 2 0 1 170 628 525 585
3262 4 2 0 1 170 525 628 169
3263 4 2 0 1 276 551 619 82
3264 4 2 0 1 276 619 551 591
3265 4 2 0 1 579 516 448 444
3266 4 2 0 1 579 448 516 677
3267 4 2 0 1 481 514 477 482
3268 4 2 0 1 481 477 514 633
3269 4 2 0 1 477 514 478 482
3270 4 2 0 1 477 478 514 633
3271 4 2 0 1 668 510 195 196
3272 4 2 0 1 668 195 510 597
3273 4 2 0 1 603 213 624 589
3274 4 2 0 1 603 624 213 32
3275 4 2 0 1 442 516 664 443
3276 4 2 0 1 442 664 516 677
3277 4 2 0 1 579 664 516 443
3278 4 2 0 1 579 516 664 677
3279 4 2 0 1 584 515 463 459
3280 4 2 0 1 584 463 515 636
3281 4 2 0 1 636 609 544 561
3282 4 2 0 1 636 115 544 465
3283 4 2 0 1 544 115 636 561
3284 4 2 0 1 483 514 674 482
3285 4 2 0 1 483 674 514 596
3286 4 2 0 1 481 674 514 482
3287 4 2 0 1 523 20 585 165
3288 4 2 0 1 585 20 523 608
3289 4 2 0 1 585 161 523 165
3290 4 2 0 1 523 161 585 608
3291 4 2 0 1 529 606 38 148
3292 4 2 0 1 529 38 606 680
3293 4 2 0 1 538 578 352 356
3294 4 2 0 1 538 352 578 644
3295 4 2 0 1 686 577 611 567
3296 4 2 0 1 686 611 577 601
3297 4 2 0 1 582 554 276 272
3298 4 2 0 1 582 276 554 648
3299 4 2 0 1 633 514 474 478
3300 4 2 0 1 479 474 514 478
3301 4 2 0 1 634 280 648 279
3302 4 2 0 1 634 648 280 591
3303 4 2 0 1 555 573 279 283
3304 4 2 0 1 555 279 573 634
3305 4 2 0 1 583 416 14 13
3306 4 2 0 1 583 14 416 617
3307 4 2 0 1 116 544 376 115
3308 4 2 0 1 116 376 544 609
3309 4 2 0 1 561 376 544 115
3310 4 2 0 1 561 544 376 609
3311 4 2 0 1 633 475 514 596
3312 4 2 0 1 633 514 475 474
3313 4 2 0 1 479 514 475 596
3314 4 2 0 1 479 475 514 474
3315 4 2 0 1 130 519 632 129
3316 4 2 0 1 130 632 519 688
3317 4 2 0 1 590 632 519 129
3318 4 2 0 1 590 519 632 688
3319 4 2 0 1 545 367 563 363
3320 4 2 0 1 659 673 656 570
3321 4 2 0 1 656 673 659 559
3322 4 2 0 1 457 515 660 458
3323 4 2 0 1 457 660 515 636
3324 4 2 0 1 584 660 515 458
3325 4 2 0 1 584 515 660 636
3326 4 2 0 1 543 601 86 85
3327 4 2 0 1 543 86 601 662
3328 4 2 0 1 352 638 644 109
3329 4 2 0 1 644 638 352 578
3330 4 2 0 1 664 571 644 109
3331 4 2 0 1 644 571 664 578
3332 4 2 0 1 638 664 644 109
3333 4 2 0 1 644 664 638 578
3334 4 2 0 1 627 549 586 393
3335 4 2 0 1 627 586 549 661
3336 4 2 0 1 89 586 549 393
3337 4 2 0 1 89 549 586 661
3338 4 2 0 1 643 564 616 586
3339 4 2 0 1 643 616 564 594
3340 4 2 0 1 573 555 281 282
3341 4 2 0 1 573 281 555 634
3342 4 2 0 1 646 396 546 621
3343 4 2 0 1 646 546 396 392
3344 4 2 0 1 666 429 11 106
3345 4 2 0 1 666 11 429 590
3346 4 2 0 1 526 576 46 253
3347 4 2 0 1 526 46 576 667
3348 4 2 0 1 588 5 654 625
3349 4 2 0 1 588 654 5 678
3350 4 2 0 1 585 675 651 566
3351 4 2 0 1 651 675 585 579
3352 4 2 0 1 667 526 642 576
3353 4 2 0 1 667 642 526 47
3354 4 2 0 1 257 642 526 576
3355 4 2 0 1 257 526 642 47
3356 4 2 0 1 589 684 615 564
3357 4 2 0 1 615 684 589 587
3358 4 2 0 1 554 582 270 271
3359 4 2 0 1 554 270 582 648
3360 4 2 0 1 163 522 667 162
3361 4 2 0 1 163 667 522 623
3362 4 2 0 1 562 667 522 162
3363 4 2 0 1 562 522 667 623
3364 4 2 0 1 9 536 575 70
3365 4 2 0 1 9 575 536 682
3366 4 2 0 1 69 575 536 70
3367 4 2 0 1 69 536 575 682
3368 4 2 0 1 666 599 659 590
3369 4 2 0 1 666 659 599 618
3370 4 2 0 1 553 598 285 289
3371 4 2 0 1 553 285 598 668
3372 4 2 0 1 578 538 354 355
3373 4 2 0 1 578 354 538 644
3374 4 2 0 1 68 325 679 67
3375 4 2 0 1 600 687 673 571
3376 4 2 0 1 600 673 687 570
3377 4 2 0 1 618 673 687 571
3378 4 2 0 1 618 687 673 570
3379 4 2 0 1 655 582 81 593
3380 4 2 0 1 655 81 582 619
3381 4 2 0 1 546 646 390 391
3382 4 2 0 1 390 646 546 621
3383 4 2 0 1 81 593 268 80
3384 4 2 0 1 268 593 81 582
3385 4 2 0 1 612 23 647 24
3386 4 2 0 1 612 647 23 574
3387 4 2 0 1 676 517 563 660
3388 4 2 0 1 676 563 517 364
3389 4 2 0 1 625 552 640 588
3390 4 2 0 1 65 640 552 588
3391 4 2 0 1 65 552 640 313
3392 4 2 0 1 619 658 582 563
3393 4 2 0 1 582 658 619 591
3394 4 2 0 1 557 640 625 310
3395 4 2 0 1 625 640 557 616
3396 4 2 0 1 625 311 557 310
3397 4 2 0 1 557 311 625 616
3398 4 2 0 1 527 685 581 155
3399 4 2 0 1 581 685 527 623
3400 4 2 0 1 527 581 604 155
3401 4 2 0 1 604 581 527 623
3402 4 2 0 1 527 604 521 155
3403 4 2 0 1 521 604 527 623
3404 4 2 0 1 527 521 159 155
3405 4 2 0 1 159 521 527 623
3406 4 2 0 1 296 556 560 295
3407 4 2 0 1 560 556 296 611
3408 4 2 0 1 664 578 579 638
3409 4 2 0 1 664 579 578 571
3410 4 2 0 1 623 521 522 158
3411 4 2 0 1 623 522 521 604
3412 4 2 0 1 157 522 521 158
3413 4 2 0 1 157 521 522 604
3414 4 2 0 1 666 537 618 339
3415 4 2 0 1 666 618 537 559
3416 4 2 0 1 618 537 673 339
3417 4 2 0 1 618 673 537 559
3418 4 2 0 1 673 537 338 339
3419 4 2 0 1 673 338 537 559
3420 4 2 0 1 671 509 597 194
3421 4 2 0 1 671 597 509 607
3422 4 2 0 1 195 597 509 194
3423 4 2 0 1 195 509 597 607
3424 4 2 0 1 640 557 91 306
3425 4 2 0 1 640 91 557 616
3426 4 2 0 1 307 91 557 306
3427 4 2 0 1 307 557 91 616
3428 4 2 0 1 511 588 222 223
3429 4 2 0 1 511 222 588 678
3430 4 2 0 1 678 5 572 654
3431 4 2 0 1 501 5 572 502
3432 4 2 0 1 501 572 5 654
3433 4 2 0 1 544 469 470 465
3434 4 2 0 1 544 470 469 609
3435 4 2 0 1 466 544 470 465
3436 4 2 0 1 466 470 544 609
3437 4 2 0 1 636 544 466 465
3438 4 2 0 1 636 466 544 609
3439 4 2 0 1 528 626 610 150
3440 4 2 0 1 610 626 528 606
3441 4 2 0 1 610 151 528 150
3442 4 2 0 1 528 151 610 606
3443 4 2 0 1 656 595 243 575
3444 4 2 0 1 598 553 200 55
3445 4 2 0 1 598 200 553 668
3446 4 2 0 1 612 189 25 592
3447 4 2 0 1 612 25 189 185
3448 4 2 0 1 503 572 5 502
3449 4 2 0 1 503 5 572 678
3450 4 2 0 1 661 89 300 304
3451 4 2 0 1 661 300 89 549
3452 4 2 0 1 72 535 242 73
3453 4 2 0 1 72 242 535 595
3454 4 2 0 1 242 535 243 73
3455 4 2 0 1 242 243 535 595
3456 4 2 0 1 243 656 535 595
3457 4 2 0 1 619 366 361 365
3458 4 2 0 1 647 22 574 622
3459 4 2 0 1 647 574 22 23
3460 4 2 0 1 671 472 28 27
3461 4 2 0 1 671 28 472 657
3462 4 2 0 1 405 548 654 96
3463 4 2 0 1 405 654 548 594
3464 4 2 0 1 625 654 548 96
3465 4 2 0 1 625 548 654 594
3466 4 2 0 1 146 626 150 145
3467 4 2 0 1 150 626 146 528
3468 4 2 0 1 595 71 246 72
3469 4 2 0 1 654 501 127 128
3470 4 2 0 1 654 127 501 572
3471 4 2 0 1 642 171 167 520
3472 4 2 0 1 642 167 171 172
3473 4 2 0 1 682 325 330 613
3474 4 2 0 1 682 330 325 329
3475 4 2 0 1 595 656 533 645
3476 4 2 0 1 533 595 246 247
3477 4 2 0 1 246 595 533 645
3478 4 2 0 1 533 246 251 247
3479 4 2 0 1 251 246 533 645
3480 4 2 0 1 650 197 202 607
3481 4 2 0 1 650 202 197 201
3482 4 2 0 1 264 672 259 260
3483 4 2 0 1 259 672 264 631
3484 4 2 0 1 624 498 678 499
3485 4 2 0 1 624 678 498 572
3486 4 2 0 1 503 678 498 499
3487 4 2 0 1 503 498 678 572
3488 4 2 0 1 678 228 511 227
3489 4 2 0 1 678 511 228 588
3490 4 2 0 1 223 511 228 227
3491 4 2 0 1 223 228 511 588
3492 4 2 0 1 601 543 378 377
3493 4 2 0 1 601 378 543 662
3494 4 2 0 1 620 508 507 612
3495 4 2 0 1 181 508 507 182
3496 4 2 0 1 181 507 508 612
3497 4 2 0 1 683 124 125 602
3498 4 2 0 1 683 125 124 400
3499 4 2 0 1 594 95 405 401
3500 4 2 0 1 594 405 95 548
3501 4 2 0 1 595 245 71 534
3502 4 2 0 1 595 71 245 246
3503 4 2 0 1 620 175 524 179
3504 4 2 0 1 620 524 175 628
3505 4 2 0 1 608 20 440 444
3506 4 2 0 1 608 440 20 523
3507 4 2 0 1 656 533 75 248
3508 4 2 0 1 656 75 533 645
3509 4 2 0 1 75 533 76 248
3510 4 2 0 1 75 76 533 645
3511 4 2 0 1 76 533 252 248
3512 4 2 0 1 76 252 533 645
3513 4 2 0 1 385 649 389 87
3514 4 2 0 1 385 389 649 627
3515 4 2 0 1 88 389 649 87
3516 4 2 0 1 88 649 389 627
3517 4 2 0 1 36 679 1 229
3518 4 2 0 1 1 679 36 583
3519 4 2 0 1 269 648 605 270
3520 4 2 0 1 269 605 648 670
3521 4 2 0 1 623 158 163 159
3522 4 2 0 1 623 163 158 522
3523 4 2 0 1 667 47 164 168
3524 4 2 0 1 667 164 47 526
3525 4 2 0 1 610 505 2 40
3526 4 2 0 1 610 2 505 626
3527 4 2 0 1 16 2 505 40
3528 4 2 0 1 16 505 2 626
3529 4 2 0 1 552 314 640 313
3530 4 2 0 1 552 640 314 625
3531 4 2 0 1 612 186 181 185
3532 4 2 0 1 612 181 186 508
3533 4 2 0 1 183 507 508 182
3534 4 2 0 1 508 507 183 620
3535 4 2 0 1 362 542 619 361
3536 4 2 0 1 362 619 542 655
3537 4 2 0 1 681 377 84 601
3538 4 2 0 1 681 84 377 373
3539 4 2 0 1 86 513 662 381
3540 4 2 0 1 662 513 86 649
3541 4 2 0 1 362 619 366 361
3542 4 2 0 1 366 619 362 545
3543 4 2 0 1 680 147 142 606
3544 4 2 0 1 680 142 147 143
3545 4 2 0 1 679 238 233 652
3546 4 2 0 1 679 233 238 234
3547 4 2 0 1 643 393 122 394
3548 4 2 0 1 643 122 393 550
3549 4 2 0 1 248 535 533 247
3550 4 2 0 1 248 533 535 656
3551 4 2 0 1 595 533 535 247
3552 4 2 0 1 595 535 533 656
3553 4 2 0 1 678 226 221 225
3554 4 2 0 1 679 229 234 230
3555 4 2 0 1 679 234 229 531
3556 4 2 0 1 412 407 654 411
3557 4 2 0 1 654 407 412 547
3558 4 2 0 1 139 144 680 140
3559 4 2 0 1 139 680 144 530
3560 4 2 0 1 563 545 658 367
3561 4 2 0 1 563 658 545 619
3562 4 2 0 1 366 658 545 367
3563 4 2 0 1 366 545 658 619
3564 4 2 0 1 552 588 5 66
3565 4 2 0 1 5 588 552 625
3566 4 2 0 1 5 317 552 66
3567 4 2 0 1 654 588 594 572
3568 4 2 0 1 654 594 588 625
3569 4 2 0 1 564 594 588 572
3570 4 2 0 1 564 588 594 625
3571 4 2 0 1 667 687 614 576
3572 4 2 0 1 614 687 667 623
3573 4 2 0 1 667 687 651 562
3574 4 2 0 1 651 687 667 576
3575 4 2 0 1 318 552 5 317
3576 4 2 0 1 677 451 452 447
3577 4 2 0 1 452 451 677 622
3578 4 2 0 1 452 448 677 447
3579 4 2 0 1 677 448 452 622
3580 4 2 0 1 319 552 5 318
3581 4 2 0 1 5 552 319 625
3582 4 2 0 1 222 678 226 221
3583 4 2 0 1 226 678 222 511
3584 4 2 0 1 625 314 319 315
3585 4 2 0 1 625 319 314 552
3586 4 2 0 1 674 514 633 481
3587 4 2 0 1 674 633 514 596
3588 4 2 0 1 619 545 655 362
3589 4 2 0 1 619 655 545 563
3590 4 2 0 1 363 655 545 362
3591 4 2 0 1 363 545 655 563
3592 4 2 0 1 325 679 682 68
3593 4 2 0 1 325 682 679 613
3594 4 2 0 1 575 682 679 68
3595 4 2 0 1 575 679 682 613
3596 4 2 0 1 325 583 613 679
3597 4 2 0 1 613 583 325 321
3598 4 2 0 1 67 1 583 679
3599 4 2 0 1 583 1 67 321
3600 4 2 0 1 325 67 583 679
3601 4 2 0 1 583 67 325 321
3602 4 2 0 1 535 243 74 656
3603 4 2 0 1 74 243 535 73
3604 4 2 0 1 572 678 603 624
3605 4 2 0 1 572 603 678 588
3606 4 2 0 1 589 603 678 624
3607 4 2 0 1 589 678 603 588
$EndElements
