0.000000000000000000e+00 7.822968418199911866e+02
1.000000000000000021e-02 7.802968418199911866e+02
2.000000000000000042e-02 7.782968418199911866e+02
2.999999999999999889e-02 7.762968418199911866e+02
4.000000000000000083e-02 7.742968418199911866e+02
5.000000000000000278e-02 7.722968418199911866e+02
5.999999999999999778e-02 7.702968418199911866e+02
7.000000000000000666e-02 7.682968418199911866e+02
8.000000000000000167e-02 7.662968418199911866e+02
8.999999999999999667e-02 7.642968418199911866e+02
1.000000000000000056e-01 7.622968418199911866e+02
1.100000000000000006e-01 7.602968418199911866e+02
1.199999999999999956e-01 7.582968418199911866e+02
1.300000000000000044e-01 7.562968418199911866e+02
1.400000000000000133e-01 7.542968418199911866e+02
1.499999999999999944e-01 7.522968418199911866e+02
1.600000000000000033e-01 7.502968418199911866e+02
1.700000000000000122e-01 7.482968418199911866e+02
1.799999999999999933e-01 7.462968418199911866e+02
1.900000000000000022e-01 7.442968418199911866e+02
2.000000000000000111e-01 7.422968418199911866e+02
2.099999999999999922e-01 7.402968418199911866e+02
2.200000000000000011e-01 7.382968418199911866e+02
2.300000000000000100e-01 7.362968418199911866e+02
2.399999999999999911e-01 7.342968418199911866e+02
2.500000000000000000e-01 7.322968418199911866e+02
2.600000000000000089e-01 7.302968418199911866e+02
2.700000000000000178e-01 7.282968418199911866e+02
2.800000000000000266e-01 7.262968418199911866e+02
2.899999999999999800e-01 7.242968418199911866e+02
2.999999999999999889e-01 7.222968418199911866e+02
3.099999999999999978e-01 7.202968418199911866e+02
3.200000000000000067e-01 7.182968418199911866e+02
3.300000000000000155e-01 7.162968418199911866e+02
3.400000000000000244e-01 7.142968418199911866e+02
3.500000000000000333e-01 7.122968418199911866e+02
3.599999999999999867e-01 7.102968418199911866e+02
3.699999999999999956e-01 7.082968418199911866e+02
3.800000000000000044e-01 7.062968418199911866e+02
3.900000000000000133e-01 7.042968418199911866e+02
4.000000000000000222e-01 7.022968418199911866e+02
4.100000000000000311e-01 7.002968418199911866e+02
4.199999999999999845e-01 6.982968418199911866e+02
4.299999999999999933e-01 6.962968418199911866e+02
4.400000000000000022e-01 6.942968418199911866e+02
4.500000000000000111e-01 6.922968418199911866e+02
4.600000000000000200e-01 6.902968418199911866e+02
4.700000000000000289e-01 6.882968418199911866e+02
4.799999999999999822e-01 6.862968418199913003e+02
4.899999999999999911e-01 6.842968418199913003e+02
5.000000000000000000e-01 6.822968418199913003e+02
5.100000000000000089e-01 6.802968418199913003e+02
5.200000000000000178e-01 6.782968418199913003e+02
5.300000000000000266e-01 6.762968418199913003e+02
5.400000000000000355e-01 6.742968418199913003e+02
5.500000000000000444e-01 6.722968418199913003e+02
5.600000000000000533e-01 6.702968418199913003e+02
5.700000000000000622e-01 6.682968418199913003e+02
5.799999999999999600e-01 6.662968418199913003e+02
5.899999999999999689e-01 6.642968418199913003e+02
5.999999999999999778e-01 6.622968418199913003e+02
6.099999999999999867e-01 6.602968418199913003e+02
6.199999999999999956e-01 6.582968418199913003e+02
6.300000000000000044e-01 6.562968418199913003e+02
6.400000000000000133e-01 6.542968418199913003e+02
6.500000000000000222e-01 6.522968418199913003e+02
6.600000000000000311e-01 6.502968418199913003e+02
6.700000000000000400e-01 6.482968418199913003e+02
6.800000000000000488e-01 6.462968418199913003e+02
6.900000000000000577e-01 6.442968418199913003e+02
7.000000000000000666e-01 6.422968418199913003e+02
7.099999999999999645e-01 6.402968418199913003e+02
7.199999999999999734e-01 6.382968418199913003e+02
7.299999999999999822e-01 6.362968418199913003e+02
7.399999999999999911e-01 6.342968418199913003e+02
7.500000000000000000e-01 6.322968418199913003e+02
7.600000000000000089e-01 6.302968418199913003e+02
7.700000000000000178e-01 6.282968418199913003e+02
7.800000000000000266e-01 6.262968418199913003e+02
7.900000000000000355e-01 6.242968418199913003e+02
8.000000000000000444e-01 6.222968418199913003e+02
8.100000000000000533e-01 6.202968418199913003e+02
8.200000000000000622e-01 6.182968418199913003e+02
8.300000000000000711e-01 6.162968418199913003e+02
8.399999999999999689e-01 6.142968418199913003e+02
8.499999999999999778e-01 6.122968418199913003e+02
8.599999999999999867e-01 6.102968418199913003e+02
8.699999999999999956e-01 6.082968418199913003e+02
8.800000000000000044e-01 6.062968418199913003e+02
8.900000000000000133e-01 6.042968418199913003e+02
9.000000000000000222e-01 6.022968418199913003e+02
9.100000000000000311e-01 6.002968418199913003e+02
9.200000000000000400e-01 5.982968418199913003e+02
9.300000000000000488e-01 5.962968418199913003e+02
9.400000000000000577e-01 5.942968418199913003e+02
9.500000000000000666e-01 5.922968418199913003e+02
9.599999999999999645e-01 5.902968418199914140e+02
9.699999999999999734e-01 5.882968418199914140e+02
9.799999999999999822e-01 5.862968418199914140e+02
9.899999999999999911e-01 5.842968418199914140e+02
1.000000000000000000e+00 5.822968418199914140e+02
1.010000000000000009e+00 5.802968418199914140e+02
1.020000000000000018e+00 5.782968418199914140e+02
1.030000000000000027e+00 5.762968418199914140e+02
1.040000000000000036e+00 5.742968418199914140e+02
1.050000000000000044e+00 5.722968418199914140e+02
1.060000000000000053e+00 5.702968418199914140e+02
1.070000000000000062e+00 5.682968418199914140e+02
1.080000000000000071e+00 5.662968418199914140e+02
1.090000000000000080e+00 5.642968418199914140e+02
1.100000000000000089e+00 5.622968418199914140e+02
1.110000000000000098e+00 5.602968418199914140e+02
1.120000000000000107e+00 5.582968418199914140e+02
1.130000000000000115e+00 5.562968418199914140e+02
1.140000000000000124e+00 5.542968418199914140e+02
1.150000000000000133e+00 5.522968418199914140e+02
1.159999999999999920e+00 5.502968418199914140e+02
1.169999999999999929e+00 5.482968418199914140e+02
1.179999999999999938e+00 5.462968418199914140e+02
1.189999999999999947e+00 5.442968418199914140e+02
1.199999999999999956e+00 5.422968418199914140e+02
1.209999999999999964e+00 5.402968418199914140e+02
1.219999999999999973e+00 5.382968418199914140e+02
1.229999999999999982e+00 5.362968418199914140e+02
1.239999999999999991e+00 5.342968418199914140e+02
1.250000000000000000e+00 5.322968418199914140e+02
1.260000000000000009e+00 5.302968418199914140e+02
1.270000000000000018e+00 5.282968418199914140e+02
1.280000000000000027e+00 5.262968418199914140e+02
1.290000000000000036e+00 5.242968418199914140e+02
1.300000000000000044e+00 5.222968418199914140e+02
1.310000000000000053e+00 5.202968418199914140e+02
1.320000000000000062e+00 5.182968418199914140e+02
1.330000000000000071e+00 5.162968418199914140e+02
1.340000000000000080e+00 5.142968418199914140e+02
1.350000000000000089e+00 5.122968418199914140e+02
1.360000000000000098e+00 5.102968418199914140e+02
1.370000000000000107e+00 5.082968418199914140e+02
1.380000000000000115e+00 5.062968418199914140e+02
1.390000000000000124e+00 5.042968418199914140e+02
1.400000000000000133e+00 5.022968418199914140e+02
1.409999999999999920e+00 5.002968418199914709e+02
1.419999999999999929e+00 4.982968418199914709e+02
1.429999999999999938e+00 4.962968418199914709e+02
1.439999999999999947e+00 4.942968418199914709e+02
1.449999999999999956e+00 4.922968418199914709e+02
1.459999999999999964e+00 4.902968418199914709e+02
1.469999999999999973e+00 4.882968418199914709e+02
1.479999999999999982e+00 4.862968418199914709e+02
1.489999999999999991e+00 4.842968418199914709e+02
1.500000000000000000e+00 4.822968418199914709e+02
1.510000000000000009e+00 4.802968418199914709e+02
1.520000000000000018e+00 4.782968418199914709e+02
1.530000000000000027e+00 4.762968418199914709e+02
1.540000000000000036e+00 4.742968418199914709e+02
1.550000000000000044e+00 4.722968418199914709e+02
1.560000000000000053e+00 4.702968418199914709e+02
1.570000000000000062e+00 4.682968418199914709e+02
1.580000000000000071e+00 4.662968418199914709e+02
1.590000000000000080e+00 4.642968418199914709e+02
1.600000000000000089e+00 4.622968418199914709e+02
1.610000000000000098e+00 4.602968418199914709e+02
1.620000000000000107e+00 4.582968418199914709e+02
1.630000000000000115e+00 4.562968418199914709e+02
1.640000000000000124e+00 4.542968418199914709e+02
1.650000000000000133e+00 4.522968418199914709e+02
1.660000000000000142e+00 4.502968418199914709e+02
1.669999999999999929e+00 4.482968418199915277e+02
1.679999999999999938e+00 4.462968418199915277e+02
1.689999999999999947e+00 4.442968418199915277e+02
1.699999999999999956e+00 4.422968418199915277e+02
1.709999999999999964e+00 4.402968418199915277e+02
1.719999999999999973e+00 4.382968418199915277e+02
1.729999999999999982e+00 4.362968418199915277e+02
1.739999999999999991e+00 4.342968418199915277e+02
1.750000000000000000e+00 4.322968418199915277e+02
1.760000000000000009e+00 4.302968418199915277e+02
1.770000000000000018e+00 4.282968418199915277e+02
1.780000000000000027e+00 4.262968418199915277e+02
1.790000000000000036e+00 4.242968418199915277e+02
1.800000000000000044e+00 4.222968418199915277e+02
1.810000000000000053e+00 4.202968418199915277e+02
1.820000000000000062e+00 4.182968418199915277e+02
1.830000000000000071e+00 4.162968418199915277e+02
1.840000000000000080e+00 4.142968418199915277e+02
1.850000000000000089e+00 4.122968418199915277e+02
1.860000000000000098e+00 4.102968418199915277e+02
1.870000000000000107e+00 4.082968418199915277e+02
1.880000000000000115e+00 4.062968418199915277e+02
1.890000000000000124e+00 4.042968418199915277e+02
1.900000000000000133e+00 4.022968418199915277e+02
1.910000000000000142e+00 4.002968418199915277e+02
1.919999999999999929e+00 3.982968418199915845e+02
1.929999999999999938e+00 3.962968418199915845e+02
1.939999999999999947e+00 3.942968418199915845e+02
1.949999999999999956e+00 3.922968418199915845e+02
1.959999999999999964e+00 3.902968418199915845e+02
1.969999999999999973e+00 3.882968418199915845e+02
1.979999999999999982e+00 3.862968418199915845e+02
1.989999999999999991e+00 3.842968418199915845e+02
2.000000000000000000e+00 3.822968418199915845e+02
2.010000000000000231e+00 3.802968418199915277e+02
2.020000000000000018e+00 3.782968418199915845e+02
2.030000000000000249e+00 3.762968418199915277e+02
2.040000000000000036e+00 3.742968418199915845e+02
2.049999999999999822e+00 3.722968418199916414e+02
2.060000000000000053e+00 3.702968418199915845e+02
2.069999999999999840e+00 3.682968418199916414e+02
2.080000000000000071e+00 3.662968418199915845e+02
2.089999999999999858e+00 3.642968418199916414e+02
2.100000000000000089e+00 3.622968418199915845e+02
2.109999999999999876e+00 3.602968418199916414e+02
2.120000000000000107e+00 3.582968418199915845e+02
2.129999999999999893e+00 3.562968418199916414e+02
2.140000000000000124e+00 3.542968418199915845e+02
2.149999999999999911e+00 3.522968418199916414e+02
2.160000000000000142e+00 3.502968418199915845e+02
2.169999999999999929e+00 3.482968418199916414e+02
2.180000000000000160e+00 3.462968418199915845e+02
2.189999999999999947e+00 3.442968418199916414e+02
2.200000000000000178e+00 3.422968418199915845e+02
2.209999999999999964e+00 3.402968418199916414e+02
2.220000000000000195e+00 3.382968418199915845e+02
2.229999999999999982e+00 3.362968418199916414e+02
2.240000000000000213e+00 3.342968418199915845e+02
2.250000000000000000e+00 3.322968418199916414e+02
2.260000000000000231e+00 3.302968418199915845e+02
2.270000000000000018e+00 3.282968418199916414e+02
2.280000000000000249e+00 3.262968418199915845e+02
2.290000000000000036e+00 3.242968418199916414e+02
2.300000000000000266e+00 3.222968418199915845e+02
2.310000000000000053e+00 3.202968418199916414e+02
2.319999999999999840e+00 3.182968418199916982e+02
2.330000000000000071e+00 3.162968418199916414e+02
2.339999999999999858e+00 3.142968418199916982e+02
2.350000000000000089e+00 3.122968418199916414e+02
2.359999999999999876e+00 3.102968418199916982e+02
2.370000000000000107e+00 3.082968418199916414e+02
2.379999999999999893e+00 3.062968418199916982e+02
2.390000000000000124e+00 3.042968418199916414e+02
2.399999999999999911e+00 3.022968418199916982e+02
2.410000000000000142e+00 3.002968418199916414e+02
2.419999999999999929e+00 2.982968418199916982e+02
2.430000000000000160e+00 2.962968418199916414e+02
2.439999999999999947e+00 2.942968418199916982e+02
2.450000000000000178e+00 2.922968418199916414e+02
2.459999999999999964e+00 2.902968418199916982e+02
2.470000000000000195e+00 2.882968418199916414e+02
2.479999999999999982e+00 2.862968418199916982e+02
2.490000000000000213e+00 2.842968418199916414e+02
2.500000000000000000e+00 2.822968418199916982e+02
2.510000000000000231e+00 2.802968418199916414e+02
2.520000000000000018e+00 2.782968418199916982e+02
2.530000000000000249e+00 2.762968418199916414e+02
2.540000000000000036e+00 2.742968418199916982e+02
2.550000000000000266e+00 2.722968418199916414e+02
2.560000000000000053e+00 2.702968418199916982e+02
2.569999999999999840e+00 2.682968418199917551e+02
2.580000000000000071e+00 2.662968418199917551e+02
2.589999999999999858e+00 2.642968418199917551e+02
2.600000000000000089e+00 2.622968418199917551e+02
2.609999999999999876e+00 2.602968418199917551e+02
2.620000000000000107e+00 2.582968418199917551e+02
2.629999999999999893e+00 2.562968418199917551e+02
2.640000000000000124e+00 2.542968418199917551e+02
2.649999999999999911e+00 2.522968418199917551e+02
2.660000000000000142e+00 2.502968418199917551e+02
2.669999999999999929e+00 2.482968418199917551e+02
2.680000000000000160e+00 2.462968418199917551e+02
2.689999999999999947e+00 2.442968418199917551e+02
2.700000000000000178e+00 2.422968418199917551e+02
2.709999999999999964e+00 2.402968418199917551e+02
2.720000000000000195e+00 2.382968418199917551e+02
2.729999999999999982e+00 2.362968418199917551e+02
2.740000000000000213e+00 2.342968418199917551e+02
2.750000000000000000e+00 2.322968418199917551e+02
2.760000000000000231e+00 2.302968418199917551e+02
2.770000000000000018e+00 2.282968418199917551e+02
2.780000000000000249e+00 2.262968418199917551e+02
2.790000000000000036e+00 2.242968418199917551e+02
2.800000000000000266e+00 2.222968418199917551e+02
2.810000000000000053e+00 2.202968418199917551e+02
2.819999999999999840e+00 2.182968418199917551e+02
2.830000000000000071e+00 2.162968418199917551e+02
2.839999999999999858e+00 2.142968418199917551e+02
2.850000000000000089e+00 2.122968418199917551e+02
2.859999999999999876e+00 2.102968418199917551e+02
2.870000000000000107e+00 2.082968418199917551e+02
2.879999999999999893e+00 2.062968418199917551e+02
2.890000000000000124e+00 2.042968418199917551e+02
2.899999999999999911e+00 2.022968418199917551e+02
2.910000000000000142e+00 2.002968418199917551e+02
2.919999999999999929e+00 1.982968418199917551e+02
2.930000000000000160e+00 1.962968418199917551e+02
2.939999999999999947e+00 1.942968418199917551e+02
2.950000000000000178e+00 1.922968418199917551e+02
2.959999999999999964e+00 1.902968418199917551e+02
2.970000000000000195e+00 1.882968418199917551e+02
2.979999999999999982e+00 1.862968418199917551e+02
2.990000000000000213e+00 1.842968418199917551e+02
3.000000000000000000e+00 1.822968418199917551e+02
3.010000000000000231e+00 1.802968418199917551e+02
3.020000000000000018e+00 1.782968418199917551e+02
3.030000000000000249e+00 1.762968418199917551e+02
3.040000000000000036e+00 1.742968418199917551e+02
3.050000000000000266e+00 1.722968418199917551e+02
3.060000000000000053e+00 1.702968418199917551e+02
3.070000000000000284e+00 1.682968418199917551e+02
3.080000000000000071e+00 1.662968418199917551e+02
3.089999999999999858e+00 1.642968418199917551e+02
3.100000000000000089e+00 1.622968418199917551e+02
3.109999999999999876e+00 1.602968418199917551e+02
3.120000000000000107e+00 1.582968418199917551e+02
3.129999999999999893e+00 1.562968418199917551e+02
3.140000000000000124e+00 1.542968418199917551e+02
3.149999999999999911e+00 1.522968418199917551e+02
3.160000000000000142e+00 1.502968418199917551e+02
3.169999999999999929e+00 1.482968418199917551e+02
3.180000000000000160e+00 1.462968418199917551e+02
3.189999999999999947e+00 1.442968418199917551e+02
3.200000000000000178e+00 1.422968418199917551e+02
3.209999999999999964e+00 1.402968418199917551e+02
3.220000000000000195e+00 1.382968418199917551e+02
3.229999999999999982e+00 1.362968418199917551e+02
3.240000000000000213e+00 1.342968418199917551e+02
3.250000000000000000e+00 1.322968418199917551e+02
3.260000000000000231e+00 1.302968418199917551e+02
3.270000000000000018e+00 1.282968418199917551e+02
3.280000000000000249e+00 1.262968418199917551e+02
3.290000000000000036e+00 1.242968418199917551e+02
3.300000000000000266e+00 1.222968418199917551e+02
3.310000000000000053e+00 1.202968418199917551e+02
3.320000000000000284e+00 1.182968418199917551e+02
3.330000000000000071e+00 1.162968418199917551e+02
3.339999999999999858e+00 1.142968418199917551e+02
3.350000000000000089e+00 1.122968418199917551e+02
3.359999999999999876e+00 1.102968418199917551e+02
3.370000000000000107e+00 1.082968418199917551e+02
3.379999999999999893e+00 1.062968418199917551e+02
3.390000000000000124e+00 1.042968418199917551e+02
3.399999999999999911e+00 1.022968418199917551e+02
3.410000000000000142e+00 1.002968418199917551e+02
3.419999999999999929e+00 9.829684181999175507e+01
3.430000000000000160e+00 9.629684181999175507e+01
3.439999999999999947e+00 9.429684181999175507e+01
3.450000000000000178e+00 9.229684181999175507e+01
3.459999999999999964e+00 9.029684181999175507e+01
3.470000000000000195e+00 8.829684181999175507e+01
3.479999999999999982e+00 8.629684181999175507e+01
3.490000000000000213e+00 8.429684181999175507e+01
3.500000000000000000e+00 8.229684181999175507e+01
3.510000000000000231e+00 8.029684181999175507e+01
3.520000000000000018e+00 7.829684181999175507e+01
3.530000000000000249e+00 7.629684181999175507e+01
3.540000000000000036e+00 7.429684181999175507e+01
3.550000000000000266e+00 7.229684181999175507e+01
3.560000000000000053e+00 7.029684181999175507e+01
3.570000000000000284e+00 6.829684181999175507e+01
3.580000000000000071e+00 6.634113316150262563e+01
3.589999999999999858e+00 6.444168774853676496e+01
3.600000000000000089e+00 6.259680916560137121e+01
3.609999999999999876e+00 6.080485545687167814e+01
3.620000000000000107e+00 5.906423725772356192e+01
3.629999999999999893e+00 5.737341599474086706e+01
3.640000000000000124e+00 5.573090215151933080e+01
3.649999999999999911e+00 5.413525359770733303e+01
3.660000000000000142e+00 5.258507397882272016e+01
3.669999999999999929e+00 5.107901116449454548e+01
3.680000000000000160e+00 4.961575575286633466e+01
3.689999999999999947e+00 4.819403962899821181e+01
3.700000000000000178e+00 4.681263457518934956e+01
3.709999999999999964e+00 4.547035093122894978e+01
3.720000000000000195e+00 4.416603630266445180e+01
3.729999999999999982e+00 4.289857431525433640e+01
3.740000000000000213e+00 4.166688341384576688e+01
3.750000000000000000e+00 4.046991570398938620e+01
3.760000000000000231e+00 3.930665583467259694e+01
3.770000000000000018e+00 3.817611992061586079e+01
3.780000000000000249e+00 3.707735450263999155e+01
3.790000000000000036e+00 3.600943554467323793e+01
3.800000000000000266e+00 3.497146746602197709e+01
3.810000000000000053e+00 3.396258220758556945e+01
3.820000000000000284e+00 3.298193833074731174e+01
3.830000000000000071e+00 3.202872014772424336e+01
3.839999999999999858e+00 3.110213688220653694e+01
3.850000000000000089e+00 3.020142185916347444e+01
3.859999999999999876e+00 2.932583172273655236e+01
3.870000000000000107e+00 2.847464568118471107e+01
3.879999999999999893e+00 2.764716477788374505e+01
3.890000000000000124e+00 2.684271118742458384e+01
3.899999999999999911e+00 2.606062753589071690e+01
3.910000000000000142e+00 2.530027624442959677e+01
3.919999999999999929e+00 2.456103889527014417e+01
3.930000000000000160e+00 2.384231561936871913e+01
3.939999999999999947e+00 2.314352450489855073e+01
3.950000000000000178e+00 2.246410102582808577e+01
3.959999999999999964e+00 2.180349748986270697e+01
3.970000000000000195e+00 2.116118250505076048e+01
3.979999999999999982e+00 2.053664046438359492e+01
3.990000000000000213e+00 1.992937104774387080e+01
4.000000000000000000e+00 1.933888874058061447e+01
4.009999999999999787e+00 1.876472236871393307e+01
4.020000000000000462e+00 1.820641464869436277e+01
4.030000000000000249e+00 1.766352175316421835e+01
4.040000000000000036e+00 1.713561289068786664e+01
4.049999999999999822e+00 1.662226989954001510e+01
4.060000000000000497e+00 1.612308685495770533e+01
4.070000000000000284e+00 1.563766968938296031e+01
4.080000000000000071e+00 1.516563582523781406e+01
4.089999999999999858e+00 1.470661381979368798e+01
4.099999999999999645e+00 1.426024302171072122e+01
4.110000000000000320e+00 1.382617323883937388e+01
4.120000000000000107e+00 1.340406441689287931e+01
4.129999999999999893e+00 1.299358632861162732e+01
4.139999999999999680e+00 1.259441827305522565e+01
4.150000000000000355e+00 1.220624878467276631e+01
4.160000000000000142e+00 1.182877535181273743e+01
4.169999999999999929e+00 1.146170414434675422e+01
4.179999999999999716e+00 1.110474975009492482e+01
4.190000000000000391e+00 1.075763491974930730e+01
4.200000000000000178e+00 1.042009032000589741e+01
4.209999999999999964e+00 1.009185429462320371e+01
4.219999999999999751e+00 9.772672633138313358e+00
4.230000000000000426e+00 9.462298346979082453e+00
4.240000000000000213e+00 9.160491452721430505e+00
4.250000000000000000e+00 8.867018762250268082e+00
4.259999999999999787e+00 8.581653679589749117e+00
4.270000000000000462e+00 8.304176004178316362e+00
4.280000000000000249e+00 8.034371740371511805e+00
4.290000000000000036e+00 7.772032912963254603e+00
4.299999999999999822e+00 7.516957388523564987e+00
4.310000000000000497e+00 7.268948702358784431e+00
4.320000000000000284e+00 7.027815890905458218e+00
4.330000000000000071e+00 6.793373329378141534e+00
4.339999999999999858e+00 6.565440574495028159e+00
4.350000000000000533e+00 6.343842212114282120e+00
4.360000000000000320e+00 6.128407709617363253e+00
4.370000000000000107e+00 5.918971272883140955e+00
4.379999999999999893e+00 5.715371707700569459e+00
4.389999999999999680e+00 5.517452285475314966e+00
4.400000000000000355e+00 5.325060613087316597e+00
4.410000000000000142e+00 5.138048506765244383e+00
4.419999999999999929e+00 4.956271869844727007e+00
4.429999999999999716e+00 4.779590574284270588e+00
4.440000000000000391e+00 4.607868345816996225e+00
4.450000000000000178e+00 4.440972652618711436e+00
4.459999999999999964e+00 4.278774597379310762e+00
4.469999999999999751e+00 4.121148812666660888e+00
4.480000000000000426e+00 3.967973359476445694e+00
4.490000000000000213e+00 3.819129628865994164e+00
4.500000000000000000e+00 3.674502246571591968e+00
4.509999999999999787e+00 3.533978980514348223e+00
4.520000000000000462e+00 3.397450651101507901e+00
4.530000000000000249e+00 3.264811044234193105e+00
4.540000000000000036e+00 3.135956826934261699e+00
4.549999999999999822e+00 3.010787465507519300e+00
4.560000000000000497e+00 2.889205146162453275e+00
4.570000000000000284e+00 2.771114698005931132e+00
4.580000000000000071e+00 2.656423518341398449e+00
4.589999999999999858e+00 2.545041500195793560e+00
4.600000000000000533e+00 2.436880962005488982e+00
4.610000000000000320e+00 2.331856579392933781e+00
4.620000000000000107e+00 2.229885318968058527e+00
4.629999999999999893e+00 2.130886374091119251e+00
4.639999999999999680e+00 2.034781102535362152e+00
4.650000000000000355e+00 1.941492965990164521e+00
4.660000000000000142e+00 1.850947471346898965e+00
4.669999999999999929e+00 1.763072113712382816e+00
4.679999999999999716e+00 1.677796321095797794e+00
4.690000000000000391e+00 1.595051400717466095e+00
4.700000000000000178e+00 1.514770486888664891e+00
4.709999999999999964e+00 1.436888490414389707e+00
4.719999999999999751e+00 1.361342049472000326e+00
4.730000000000000426e+00 1.288069481919478676e+00
4.740000000000000213e+00 1.217010738991007202e+00
4.750000000000000000e+00 1.148107360334847726e+00
4.759999999999999787e+00 1.081302430354753596e+00
4.770000000000000462e+00 1.016540535813533097e+00
4.780000000000000249e+00 9.537677246605653636e-01
4.790000000000000036e+00 8.929314660459795050e-01
4.799999999999999822e+00 8.339806114857992725e-01
4.810000000000000497e+00 7.768653571421282322e-01
4.820000000000000284e+00 7.215372071855199465e-01
4.830000000000000071e+00 6.679489382061092329e-01
4.839999999999999858e+00 6.160545646423543076e-01
4.850000000000000533e+00 5.658093051960122466e-01
4.860000000000000320e+00 5.171695502042439330e-01
4.870000000000000107e+00 4.700928299396309740e-01
4.879999999999999893e+00 4.245377838109334334e-01
4.889999999999999680e+00 3.804641304367351040e-01
4.900000000000000355e+00 3.378326385660557207e-01
4.910000000000000142e+00 2.966050988214874451e-01
4.919999999999999929e+00 2.567442962393897687e-01
4.929999999999999716e+00 2.182139835836096609e-01
4.940000000000000391e+00 1.809788554098759050e-01
4.950000000000000178e+00 1.450045228590397528e-01
4.959999999999999964e+00 1.102574891566519000e-01
4.969999999999999751e+00 7.670512579875321535e-02
4.980000000000000426e+00 4.431564940341559122e-02
4.990000000000000213e+00 1.305809920836509264e-02
5.000000000000000000e+00 -1.709768480441198335e-02
5.009999999999999787e+00 -4.618108317515634553e-02
5.020000000000000462e+00 -7.422071764210613765e-02
5.030000000000000249e+00 -1.012444712434898975e-01
5.040000000000000036e+00 -1.272795078631361321e-01
5.049999999999999822e+00 -1.523522912345924851e-01
5.060000000000000497e+00 -1.764886034216033295e-01
5.070000000000000284e+00 -1.997135627877923980e-01
5.080000000000000071e+00 -2.220516414727171650e-01
5.089999999999999858e+00 -2.435266823861184093e-01
5.100000000000000533e+00 -2.641619157369632376e-01
5.110000000000000320e+00 -2.839799751081955037e-01
5.120000000000000107e+00 -3.030029130923139746e-01
5.129999999999999893e+00 -3.212522164991469253e-01
5.139999999999999680e+00 -3.387488211483287159e-01
5.150000000000000355e+00 -3.555131262594386499e-01
5.160000000000000142e+00 -3.715650084493518079e-01
5.169999999999999929e+00 -3.869238353502169048e-01
5.179999999999999716e+00 -4.016084788570424280e-01
5.190000000000000391e+00 -4.156373280168281781e-01
5.200000000000000178e+00 -4.290283015685645296e-01
5.209999999999999964e+00 -4.417988601443312291e-01
5.219999999999999751e+00 -4.539660181415001716e-01
5.230000000000000426e+00 -4.655463552743412947e-01
5.240000000000000213e+00 -4.765560278153770923e-01
5.250000000000000000e+00 -4.870107795341027668e-01
5.259999999999999787e+00 -4.969259523423943392e-01
5.270000000000000462e+00 -5.063164966545627976e-01
5.280000000000000249e+00 -5.151969814700123607e-01
5.290000000000000036e+00 -5.235816041863472492e-01
5.299999999999999822e+00 -5.314842001507713576e-01
5.310000000000000497e+00 -5.389182519564883478e-01
5.320000000000000284e+00 -5.458968984918328715e-01
5.330000000000000071e+00 -5.524329437486130701e-01
5.339999999999999858e+00 -5.585388653968266226e-01
5.350000000000000533e+00 -5.642268231314346849e-01
5.360000000000000320e+00 -5.695086667988107365e-01
5.370000000000000107e+00 -5.743959443076391835e-01
5.379999999999999893e+00 -5.788999093309712407e-01
5.389999999999999680e+00 -5.830315288051224343e-01
5.400000000000000355e+00 -5.868014902310960679e-01
5.410000000000000142e+00 -5.902202087836485589e-01
5.419999999999999929e+00 -5.932978342332262400e-01
5.429999999999999716e+00 -5.960442576870264020e-01
5.440000000000000391e+00 -5.984691181523658088e-01
5.450000000000000178e+00 -6.005818089288368355e-01
5.459999999999999964e+00 -6.023914838328892074e-01
5.469999999999999751e+00 -6.039070632600669342e-01
5.480000000000000426e+00 -6.051372400888794800e-01
5.490000000000000213e+00 -6.060904854309683287e-01
5.500000000000000000e+00 -6.067750542313206097e-01
5.509999999999999787e+00 -6.071989907231909456e-01
5.520000000000000462e+00 -6.073701337414831869e-01
5.530000000000000249e+00 -6.072961218976615783e-01
5.540000000000000036e+00 -6.069843986213072640e-01
5.549999999999999822e+00 -6.064422170710486171e-01
5.560000000000000497e+00 -6.056766449180486234e-01
5.570000000000000284e+00 -6.046945690068241674e-01
5.580000000000000071e+00 -6.035026998953298971e-01
5.589999999999999858e+00 -6.021075762778309581e-01
5.600000000000000533e+00 -6.005155692949983859e-01
5.610000000000000320e+00 -5.987328867320229620e-01
5.620000000000000107e+00 -5.967655771097497563e-01
5.629999999999999893e+00 -5.946195336707660317e-01
5.639999999999999680e+00 -5.923004982629436199e-01
5.650000000000000355e+00 -5.898140651243011234e-01
5.660000000000000142e+00 -5.871656845705501837e-01
5.669999999999999929e+00 -5.843606665887364215e-01
5.679999999999999716e+00 -5.814041843390214126e-01
5.690000000000000391e+00 -5.783012775676752426e-01
5.700000000000000178e+00 -5.750568559326438844e-01
5.709999999999999964e+00 -5.716757022449883152e-01
5.719999999999999751e+00 -5.681624756277869892e-01
5.730000000000000426e+00 -5.645217145948890902e-01
5.740000000000000213e+00 -5.607578400516786132e-01
5.750000000000000000e+00 -5.568751582197819516e-01
5.759999999999999787e+00 -5.528778634878790399e-01
5.770000000000000462e+00 -5.487700411904370412e-01
5.780000000000000249e+00 -5.445556703162992562e-01
5.790000000000000036e+00 -5.402386261488345554e-01
5.799999999999999822e+00 -5.358226828396936980e-01
5.810000000000000497e+00 -5.313115159177641544e-01
5.820000000000000284e+00 -5.267087047349150453e-01
5.830000000000000071e+00 -5.220177348503511894e-01
5.839999999999999858e+00 -5.172420003551678747e-01
5.850000000000000533e+00 -5.123848061385842811e-01
5.860000000000000320e+00 -5.074493700973334853e-01
5.870000000000000107e+00 -5.024388252898006613e-01
5.879999999999999893e+00 -4.973562220361600339e-01
5.889999999999999680e+00 -4.922045299661022000e-01
5.900000000000000355e+00 -4.869866400157434327e-01
5.910000000000000142e+00 -4.817053663740580305e-01
5.919999999999999929e+00 -4.763634483814485066e-01
5.929999999999999716e+00 -4.709635523805673074e-01
5.940000000000000391e+00 -4.655082735214364220e-01
5.950000000000000178e+00 -4.600001375214333166e-01
5.959999999999999964e+00 -4.544416023817348105e-01
5.969999999999999751e+00 -4.488350600610147012e-01
5.980000000000000426e+00 -4.431828381076456935e-01
5.990000000000000213e+00 -4.374872012518835618e-01
6.000000000000000000e+00 -4.317503529576924848e-01
6.009999999999999787e+00 -4.260365551599534228e-01
6.020000000000000462e+00 -4.204076844570181493e-01
6.030000000000000249e+00 -4.148623405916396223e-01
6.040000000000000036e+00 -4.093991486604409147e-01
6.049999999999999822e+00 -4.040167586142615619e-01
6.060000000000000497e+00 -3.987138447683946652e-01
6.070000000000000284e+00 -3.934891053240789915e-01
6.080000000000000071e+00 -3.883412618994270815e-01
6.089999999999999858e+00 -3.832690590708125455e-01
6.100000000000000533e+00 -3.782712639239207419e-01
6.110000000000000320e+00 -3.733466656141217754e-01
6.120000000000000107e+00 -3.684940749359384426e-01
6.129999999999999893e+00 -3.637123239024049326e-01
6.140000000000000568e+00 -3.590002653321562320e-01
6.150000000000000355e+00 -3.543567724461809121e-01
6.160000000000000142e+00 -3.497807384724183066e-01
6.169999999999999929e+00 -3.452710762589958904e-01
6.179999999999999716e+00 -3.408267178950836751e-01
6.190000000000000391e+00 -3.364466143405024923e-01
6.200000000000000178e+00 -3.321297350620397992e-01
6.209999999999999964e+00 -3.278750676781783113e-01
6.219999999999999751e+00 -3.236816176107595311e-01
6.230000000000000426e+00 -3.195484077439232351e-01
6.240000000000000213e+00 -3.154744780902092316e-01
6.250000000000000000e+00 -3.114588854635940152e-01
6.259999999999999787e+00 -3.075007031591212581e-01
6.270000000000000462e+00 -3.035990206393535118e-01
6.280000000000000249e+00 -2.997529432270766847e-01
6.290000000000000036e+00 -2.959615918042572957e-01
6.299999999999999822e+00 -2.922241025177072515e-01
6.310000000000000497e+00 -2.885396264899782182e-01
6.320000000000000284e+00 -2.849073295367361425e-01
6.330000000000000071e+00 -2.813263918899338023e-01
6.339999999999999858e+00 -2.777960079262129511e-01
6.350000000000000533e+00 -2.743153859011044915e-01
6.360000000000000320e+00 -2.708837476886856166e-01
6.370000000000000107e+00 -2.675003285264665465e-01
6.379999999999999893e+00 -2.641643767653931718e-01
6.390000000000000568e+00 -2.608751536246245450e-01
6.400000000000000355e+00 -2.576319329521084001e-01
6.410000000000000142e+00 -2.544340009891357113e-01
6.419999999999999929e+00 -2.512806561398974736e-01
6.429999999999999716e+00 -2.481712087458163296e-01
6.440000000000000391e+00 -2.451049808644256700e-01
6.450000000000000178e+00 -2.420813060524551474e-01
6.459999999999999964e+00 -2.390995291532362899e-01
6.469999999999999751e+00 -2.361590060888829612e-01
6.480000000000000426e+00 -2.332591036558824271e-01
6.490000000000000213e+00 -2.303991993253475812e-01
6.500000000000000000e+00 -2.275786810467934629e-01
6.509999999999999787e+00 -2.247969470561201888e-01
6.520000000000000462e+00 -2.220534056874612361e-01
6.530000000000000249e+00 -2.193474751883286444e-01
6.540000000000000036e+00 -2.166785835387372572e-01
6.549999999999999822e+00 -2.140461682740806282e-01
6.560000000000000497e+00 -2.114496763111901600e-01
6.570000000000000284e+00 -2.088885637775774740e-01
6.580000000000000071e+00 -2.063622958447695055e-01
6.589999999999999858e+00 -2.038703465642583978e-01
6.600000000000000533e+00 -2.014121987069756869e-01
6.610000000000000320e+00 -1.989873436058360312e-01
6.620000000000000107e+00 -1.965952810013504859e-01
6.629999999999999893e+00 -1.942355188901956353e-01
6.640000000000000568e+00 -1.919075733769659564e-01
6.650000000000000355e+00 -1.896109685283136059e-01
6.660000000000000142e+00 -1.873452362304988128e-01
6.669999999999999929e+00 -1.851099160495550677e-01
6.679999999999999716e+00 -1.829045550936143627e-01
6.690000000000000391e+00 -1.807287078787567225e-01
6.700000000000000178e+00 -1.785819361967924124e-01
6.709999999999999964e+00 -1.764638089858863168e-01
6.719999999999999751e+00 -1.743739022036834285e-01
6.730000000000000426e+00 -1.723117987025943876e-01
6.740000000000000213e+00 -1.702770881079231913e-01
6.750000000000000000e+00 -1.682693666978138936e-01
6.759999999999999787e+00 -1.662882372861531621e-01
6.770000000000000462e+00 -1.643333091068370777e-01
6.780000000000000249e+00 -1.624041977009937909e-01
6.790000000000000036e+00 -1.605005248062525425e-01
6.799999999999999822e+00 -1.586219182474906120e-01
6.810000000000000497e+00 -1.567680118306498116e-01
6.820000000000000284e+00 -1.549384452376898480e-01
6.830000000000000071e+00 -1.531328639239291078e-01
6.839999999999999858e+00 -1.513509190174318064e-01
6.850000000000000533e+00 -1.495922672198730652e-01
6.860000000000000320e+00 -1.478565707097914128e-01
6.870000000000000107e+00 -1.461434970472055284e-01
6.879999999999999893e+00 -1.444527190803910344e-01
6.890000000000000568e+00 -1.427839148542489056e-01
6.900000000000000355e+00 -1.411367675202654937e-01
6.910000000000000142e+00 -1.395109652481778539e-01
6.919999999999999929e+00 -1.379062011397991228e-01
6.929999999999999716e+00 -1.363221731436397022e-01
6.940000000000000391e+00 -1.347585839718021816e-01
6.950000000000000178e+00 -1.332151410178994411e-01
6.959999999999999964e+00 -1.316915562767917436e-01
6.969999999999999751e+00 -1.301875462661428173e-01
6.980000000000000426e+00 -1.287028319484306849e-01
6.990000000000000213e+00 -1.272371386554596029e-01
7.000000000000000000e+00 -1.257901960137814967e-01
7.009999999999999787e+00 -1.243617378713679500e-01
7.020000000000000462e+00 -1.229515022258738099e-01
7.030000000000000249e+00 -1.215592311543787218e-01
7.040000000000000036e+00 -1.201846707439244710e-01
7.049999999999999822e+00 -1.188275710237576277e-01
7.060000000000000497e+00 -1.174876858983679995e-01
7.070000000000000284e+00 -1.161647730824597602e-01
7.080000000000000071e+00 -1.148585940364910130e-01
7.089999999999999858e+00 -1.135689139034639084e-01
7.100000000000000533e+00 -1.122955014471926916e-01
7.110000000000000320e+00 -1.110381289913675573e-01
7.120000000000000107e+00 -1.097965723598690602e-01
7.129999999999999893e+00 -1.085706108183330798e-01
7.140000000000000568e+00 -1.073600270162842207e-01
7.150000000000000355e+00 -1.061646069307471407e-01
7.160000000000000142e+00 -1.049841398108810608e-01
7.169999999999999929e+00 -1.038184181231827097e-01
7.179999999999999716e+00 -1.026672374983945701e-01
7.190000000000000391e+00 -1.015303966786404999e-01
7.200000000000000178e+00 -1.004076974659255939e-01
7.209999999999999964e+00 -9.929894467131816782e-02
7.219999999999999751e+00 -9.820394606538229709e-02
7.230000000000000426e+00 -9.712251232917878951e-02
7.240000000000000213e+00 -9.605445700628933992e-02
7.250000000000000000e+00 -9.499959645563649246e-02
7.259999999999999787e+00 -9.395774980521309772e-02
7.270000000000000462e+00 -9.292873890660757752e-02
7.280000000000000249e+00 -9.191238829032499780e-02
7.290000000000000036e+00 -9.090852512179026235e-02
7.299999999999999822e+00 -8.991697915837448818e-02
7.310000000000000497e+00 -8.893758270698981505e-02
7.320000000000000284e+00 -8.797017058248002286e-02
7.330000000000000071e+00 -8.701458006692064373e-02
7.339999999999999858e+00 -8.607065086903276097e-02
7.350000000000000533e+00 -8.513822508530211053e-02
7.360000000000000320e+00 -8.421714716098449571e-02
7.370000000000000107e+00 -8.330726385190700967e-02
7.379999999999999893e+00 -8.240842418729243946e-02
7.390000000000000568e+00 -8.152047943292473065e-02
7.400000000000000355e+00 -8.064328305511025974e-02
7.410000000000000142e+00 -7.977669068509385397e-02
7.419999999999999929e+00 -7.892056008427061897e-02
7.429999999999999716e+00 -7.807475111007988744e-02
7.440000000000000391e+00 -7.723912568212654151e-02
7.450000000000000178e+00 -7.641354774921182980e-02
7.459999999999999964e+00 -7.559788325704630552e-02
7.469999999999999751e+00 -7.479200011584907770e-02
7.480000000000000426e+00 -7.399576816953867819e-02
7.490000000000000213e+00 -7.320905916435549443e-02
7.500000000000000000e+00 -7.243174671907581796e-02
7.509999999999999787e+00 -7.166370629488483246e-02
7.520000000000000462e+00 -7.090481516615909641e-02
7.530000000000000249e+00 -7.015495239181746001e-02
7.540000000000000036e+00 -6.941399878712672944e-02
7.549999999999999822e+00 -6.868183689550733106e-02
7.560000000000000497e+00 -6.795835096181690460e-02
7.570000000000000284e+00 -6.724342690495177521e-02
7.580000000000000071e+00 -6.653695229181266768e-02
7.589999999999999858e+00 -6.583881631127042056e-02
7.600000000000000533e+00 -6.514890974858644768e-02
7.610000000000000320e+00 -6.446712496062900755e-02
7.620000000000000107e+00 -6.379335585086209903e-02
7.629999999999999893e+00 -6.312749784535753861e-02
7.640000000000000568e+00 -6.246944786892072443e-02
7.650000000000000355e+00 -6.181910432189852145e-02
7.660000000000000142e+00 -6.117636705675977282e-02
7.669999999999999929e+00 -6.054113735581267974e-02
7.679999999999999716e+00 -5.991331790880849439e-02
7.690000000000000391e+00 -5.929281279122733395e-02
7.700000000000000178e+00 -5.867952744256399455e-02
7.709999999999999964e+00 -5.807336864552326006e-02
7.719999999999999751e+00 -5.747424450476046331e-02
7.730000000000000426e+00 -5.688206442675891594e-02
7.740000000000000213e+00 -5.629673909993471170e-02
7.750000000000000000e+00 -5.571818047428678256e-02
7.759999999999999787e+00 -5.514630174263857043e-02
7.770000000000000462e+00 -5.458101732108389115e-02
7.780000000000000249e+00 -5.402224283034229302e-02
7.790000000000000036e+00 -5.346989507722810231e-02
7.799999999999999822e+00 -5.292389203668790287e-02
7.810000000000000497e+00 -5.238415283361064212e-02
7.820000000000000284e+00 -5.185059772554723168e-02
7.830000000000000071e+00 -5.132314808531646122e-02
7.839999999999999858e+00 -5.080172638395197282e-02
7.850000000000000533e+00 -5.028625617410398263e-02
7.860000000000000320e+00 -4.977666207344100258e-02
7.870000000000000107e+00 -4.927286974861999624e-02
7.879999999999999893e+00 -4.877480589948390843e-02
7.890000000000000568e+00 -4.828239824314550788e-02
7.900000000000000355e+00 -4.779557549875335098e-02
7.910000000000000142e+00 -4.731426737225774559e-02
7.919999999999999929e+00 -4.683840454185883573e-02
7.930000000000000604e+00 -4.636791864288625220e-02
7.940000000000000391e+00 -4.590274225358825788e-02
7.950000000000000178e+00 -4.544280888126195350e-02
7.959999999999999964e+00 -4.498805294770136243e-02
7.969999999999999751e+00 -4.453840977612344432e-02
7.980000000000000426e+00 -4.409381557718461409e-02
7.990000000000000213e+00 -4.365420743602044240e-02
8.000000000000000000e+00 -4.321952329894429568e-02
8.009999999999999787e+00 -4.278970196082809707e-02
8.019999999999999574e+00 -4.236468305236940068e-02
8.029999999999999361e+00 -4.194440702758583939e-02
8.040000000000000924e+00 -4.152881515165063320e-02
8.050000000000000711e+00 -4.111784948884178448e-02
8.060000000000000497e+00 -4.071145289071864681e-02
8.070000000000000284e+00 -4.030956898441218073e-02
8.080000000000000071e+00 -3.991214216125626990e-02
8.089999999999999858e+00 -3.951911756530535058e-02
8.099999999999999645e+00 -3.913044108242047514e-02
8.109999999999999432e+00 -3.874605932935537567e-02
8.120000000000000995e+00 -3.836591964284252754e-02
8.130000000000000782e+00 -3.798997006913396035e-02
8.140000000000000568e+00 -3.761815935342838202e-02
8.150000000000000355e+00 -3.725043692998042388e-02
8.160000000000000142e+00 -3.688675291152776481e-02
8.169999999999999929e+00 -3.652705807974143681e-02
8.179999999999999716e+00 -3.617130387522138335e-02
8.189999999999999503e+00 -3.581944238817413861e-02
8.199999999999999289e+00 -3.547142634852207266e-02
8.210000000000000853e+00 -3.512720911703581805e-02
8.220000000000000639e+00 -3.478674467589826236e-02
8.230000000000000426e+00 -3.444998761972328793e-02
8.240000000000000213e+00 -3.411689314668819861e-02
8.250000000000000000e+00 -3.378741704977983318e-02
8.259999999999999787e+00 -3.346151570826805255e-02
8.269999999999999574e+00 -3.313914607917922694e-02
8.279999999999999361e+00 -3.282026568888340989e-02
8.290000000000000924e+00 -3.250483262490888592e-02
8.300000000000000711e+00 -3.219280552809777873e-02
8.310000000000000497e+00 -3.188414358442059893e-02
8.320000000000000284e+00 -3.157880651701816532e-02
8.330000000000000071e+00 -3.127675457881196053e-02
8.339999999999999858e+00 -3.097794854477342597e-02
8.349999999999999645e+00 -3.068234970430694375e-02
8.359999999999999432e+00 -3.038991985420125275e-02
8.370000000000000995e+00 -3.010062129123980412e-02
8.380000000000000782e+00 -2.981441680492480373e-02
8.390000000000000568e+00 -2.953126967065600184e-02
8.400000000000000355e+00 -2.925114364268210920e-02
8.410000000000000142e+00 -2.897400294750696048e-02
8.419999999999999929e+00 -2.869981227695461712e-02
8.429999999999999716e+00 -2.842853678157553077e-02
8.439999999999999503e+00 -2.816014206439376721e-02
8.449999999999999289e+00 -2.789459417431316979e-02
8.460000000000000853e+00 -2.763185959986458329e-02
8.470000000000000639e+00 -2.737190526295307791e-02
8.480000000000000426e+00 -2.711469851271886000e-02
8.490000000000000213e+00 -2.686020711973924335e-02
8.500000000000000000e+00 -2.660839927000324678e-02
8.509999999999999787e+00 -2.635924355888619175e-02
8.519999999999999574e+00 -2.611270898557904729e-02
8.529999999999999361e+00 -2.586876494751777500e-02
8.540000000000000924e+00 -2.562738123458530026e-02
8.550000000000000711e+00 -2.538852802388191776e-02
8.560000000000000497e+00 -2.515217587404094957e-02
8.570000000000000284e+00 -2.491829572011283744e-02
8.580000000000000071e+00 -2.468685886833554832e-02
8.589999999999999858e+00 -2.445783699079129292e-02
8.599999999999999645e+00 -2.423120212040430488e-02
8.609999999999999432e+00 -2.400692664593861991e-02
8.620000000000000995e+00 -2.378498330722322862e-02
8.630000000000000782e+00 -2.356534519003616879e-02
8.640000000000000568e+00 -2.334798572144336504e-02
8.650000000000000355e+00 -2.313287866502378165e-02
8.660000000000000142e+00 -2.291999811643563589e-02
8.669999999999999929e+00 -2.270931849841417716e-02
8.679999999999999716e+00 -2.250081455679264764e-02
8.689999999999999503e+00 -2.229446135550006147e-02
8.700000000000001066e+00 -2.209023427280953911e-02
8.710000000000000853e+00 -2.188810899644977326e-02
8.720000000000000639e+00 -2.168806151973967644e-02
8.730000000000000426e+00 -2.149006813715459430e-02
8.740000000000000213e+00 -2.129410544046095310e-02
8.750000000000000000e+00 -2.110015031450984679e-02
8.759999999999999787e+00 -2.090817993314431078e-02
8.769999999999999574e+00 -2.071817175556134316e-02
8.779999999999999361e+00 -2.053010352199180488e-02
8.790000000000000924e+00 -2.034395325028981460e-02
8.800000000000000711e+00 -2.015969923195370939e-02
8.810000000000000497e+00 -1.997732002848806587e-02
8.820000000000000284e+00 -1.979679446765203465e-02
8.830000000000000071e+00 -1.961810164004873513e-02
8.839999999999999858e+00 -1.944122089514621621e-02
8.849999999999999645e+00 -1.926613183843528532e-02
8.859999999999999432e+00 -1.909281432733678230e-02
8.870000000000000995e+00 -1.892124846813203476e-02
8.880000000000000782e+00 -1.875141461266593979e-02
8.890000000000000568e+00 -1.858329335493635881e-02
8.900000000000000355e+00 -1.841686552779719932e-02
8.910000000000000142e+00 -1.825211219977518340e-02
8.919999999999999929e+00 -1.808901467200030311e-02
8.929999999999999716e+00 -1.792755447502258903e-02
8.939999999999999503e+00 -1.776771336562887882e-02
8.950000000000001066e+00 -1.760947332422801992e-02
8.960000000000000853e+00 -1.745281655132657761e-02
8.970000000000000639e+00 -1.729772546502772457e-02
8.980000000000000426e+00 -1.714418269784800941e-02
8.990000000000000213e+00 -1.699217109410255944e-02
9.000000000000000000e+00 -1.684167370683553600e-02
9.009999999999999787e+00 -1.669267379531902407e-02
9.019999999999999574e+00 -1.654515482209717447e-02
9.029999999999999361e+00 -1.639910045037140662e-02
9.040000000000000924e+00 -1.625449454138561123e-02
9.050000000000000711e+00 -1.611132115192503989e-02
9.060000000000000497e+00 -1.596956453147413413e-02
9.070000000000000284e+00 -1.582920911971541500e-02
9.080000000000000071e+00 -1.569023954425574630e-02
9.089999999999999858e+00 -1.555264061801153730e-02
9.099999999999999645e+00 -1.541639733670763235e-02
9.109999999999999432e+00 -1.528149487648988725e-02
9.120000000000000995e+00 -1.514791859176511934e-02
9.130000000000000782e+00 -1.501565401258631027e-02
9.140000000000000568e+00 -1.488468684260624286e-02
9.150000000000000355e+00 -1.475500295657639072e-02
9.160000000000000142e+00 -1.462658839841424196e-02
9.169999999999999929e+00 -1.449942937847481517e-02
9.179999999999999716e+00 -1.437351227207273041e-02
9.189999999999999503e+00 -1.424882361675372522e-02
9.200000000000001066e+00 -1.412535011058935197e-02
9.210000000000000853e+00 -1.400307860978955432e-02
9.220000000000000639e+00 -1.388199612676999095e-02
9.230000000000000426e+00 -1.376208982821935933e-02
9.240000000000000213e+00 -1.364334703293934581e-02
9.250000000000000000e+00 -1.352575521013932303e-02
9.259999999999999787e+00 -1.340930197704892635e-02
9.269999999999999574e+00 -1.329397509755381179e-02
9.279999999999999361e+00 -1.317976247992191929e-02
9.290000000000000924e+00 -1.306665217498448328e-02
9.300000000000000711e+00 -1.295463237454441696e-02
9.310000000000000497e+00 -1.284369140921626240e-02
9.320000000000000284e+00 -1.273381774694826163e-02
9.330000000000000071e+00 -1.262499999108968041e-02
9.339999999999999858e+00 -1.251722687868550565e-02
9.349999999999999645e+00 -1.241048727888482972e-02
9.359999999999999432e+00 -1.230477019112186099e-02
9.370000000000000995e+00 -1.220006474341062130e-02
9.380000000000000782e+00 -1.209636019086701708e-02
9.390000000000000568e+00 -1.199364591400353675e-02
9.400000000000000355e+00 -1.189191141713763500e-02
9.410000000000000142e+00 -1.179114632680011709e-02
9.419999999999999929e+00 -1.169134039014352311e-02
9.429999999999999716e+00 -1.159248347357788589e-02
9.439999999999999503e+00 -1.149456556117911532e-02
9.450000000000001066e+00 -1.139757675321106944e-02
9.460000000000000853e+00 -1.130150726442025189e-02
9.470000000000000639e+00 -1.120634742301263032e-02
9.480000000000000426e+00 -1.111208766883464705e-02
9.490000000000000213e+00 -1.101871855223635066e-02
9.500000000000000000e+00 -1.092623073259346711e-02
9.509999999999999787e+00 -1.083461497682947083e-02
9.519999999999999574e+00 -1.074386215827871638e-02
9.529999999999999361e+00 -1.065396325520850951e-02
9.540000000000000924e+00 -1.056490934945486515e-02
9.550000000000000711e+00 -1.047669162528563902e-02
9.560000000000000497e+00 -1.038930136803628557e-02
9.570000000000000284e+00 -1.030272996274561592e-02
9.580000000000000071e+00 -1.021696889301892952e-02
9.589999999999999858e+00 -1.013200974000483257e-02
9.599999999999999645e+00 -1.004784418068993546e-02
9.609999999999999432e+00 -9.964463987103044929e-03
9.620000000000000995e+00 -9.881861025064608839e-03
9.630000000000000782e+00 -9.800027252822474111e-03
9.640000000000000568e+00 -9.718954720256078872e-03
9.650000000000000355e+00 -9.638635567398523563e-03
9.660000000000000142e+00 -9.559062023413389397e-03
9.669999999999999929e+00 -9.480226405685243662e-03
9.679999999999999716e+00 -9.402121118569084501e-03
9.689999999999999503e+00 -9.324738652253472537e-03
9.700000000000001066e+00 -9.248071581851036171e-03
9.710000000000000853e+00 -9.172112566147916368e-03
9.720000000000000639e+00 -9.096854346921645629e-03
9.730000000000000426e+00 -9.022289747576905938e-03
9.740000000000000213e+00 -8.948411672349720902e-03
9.750000000000000000e+00 -8.875213105056900531e-03
9.759999999999999787e+00 -8.802687108641293889e-03
9.769999999999999574e+00 -8.730826823580173368e-03
9.779999999999999361e+00 -8.659625467316800496e-03
9.790000000000000924e+00 -8.589076333237244398e-03
9.800000000000000711e+00 -8.519172789760887099e-03
9.810000000000000497e+00 -8.449908279430928815e-03
9.820000000000000284e+00 -8.381276317891206418e-03
9.830000000000000071e+00 -8.313270493090385571e-03
9.839999999999999858e+00 -8.245884464486152865e-03
9.849999999999999645e+00 -8.179111962022034277e-03
9.859999999999999432e+00 -8.112946785445274145e-03
9.870000000000000995e+00 -8.047382803283653629e-03
9.880000000000000782e+00 -7.982413952049682848e-03
9.890000000000000568e+00 -7.918034235444793012e-03
9.900000000000000355e+00 -7.854237723677215399e-03
9.910000000000000142e+00 -7.791018552552486653e-03
9.919999999999999929e+00 -7.728370922450267244e-03
9.929999999999999716e+00 -7.666289098096967791e-03
9.939999999999999503e+00 -7.604767407201507012e-03
9.950000000000001066e+00 -7.543800240000564372e-03
9.960000000000000853e+00 -7.483382048576459056e-03
9.970000000000000639e+00 -7.423507345947655267e-03
9.980000000000000426e+00 -7.364170705386641202e-03
9.990000000000000213e+00 -7.305366759737808025e-03
1.000000000000000000e+01 -7.247090200735328835e-03
1.000999999999999979e+01 -7.189335778093663976e-03
1.001999999999999957e+01 -7.132098299052813672e-03
1.002999999999999936e+01 -7.075372627582510177e-03
1.004000000000000092e+01 -7.019153683700096735e-03
1.005000000000000071e+01 -6.963436443015780242e-03
1.006000000000000050e+01 -6.908215935595762858e-03
1.007000000000000028e+01 -6.853487245848555176e-03
1.008000000000000007e+01 -6.799245511501794681e-03
1.008999999999999986e+01 -6.745485923147498397e-03
1.009999999999999964e+01 -6.692203723559941864e-03
1.010999999999999943e+01 -6.639394207127224945e-03
1.012000000000000099e+01 -6.587052719169150805e-03
1.013000000000000078e+01 -6.535174655482478556e-03
1.014000000000000057e+01 -6.483755461431428557e-03
1.015000000000000036e+01 -6.432790631833995576e-03
1.016000000000000014e+01 -6.382275709938767250e-03
1.016999999999999993e+01 -6.332206286970176734e-03
1.017999999999999972e+01 -6.282578001901129028e-03
1.018999999999999950e+01 -6.233386540316132596e-03
1.020000000000000107e+01 -6.184627634411299368e-03
1.021000000000000085e+01 -6.136297061971163203e-03
1.022000000000000064e+01 -6.088390646254993044e-03
1.023000000000000043e+01 -6.040904255200985062e-03
1.024000000000000021e+01 -5.993833801085202140e-03
1.025000000000000000e+01 -5.947175239725766005e-03
1.025999999999999979e+01 -5.900924570369170397e-03
1.026999999999999957e+01 -5.855077834667099523e-03
1.027999999999999936e+01 -5.809631116790114902e-03
1.029000000000000092e+01 -5.764580542518160655e-03
1.030000000000000071e+01 -5.719922278785816161e-03
1.031000000000000050e+01 -5.675652533341235539e-03
1.032000000000000028e+01 -5.631767554177713464e-03
1.033000000000000007e+01 -5.588263629192624649e-03
1.033999999999999986e+01 -5.545137085618989659e-03
1.034999999999999964e+01 -5.502384289570727560e-03
1.035999999999999943e+01 -5.460001645587908570e-03
1.037000000000000099e+01 -5.417985596182006702e-03
1.038000000000000078e+01 -5.376332621608526097e-03
1.039000000000000057e+01 -5.335039239184879989e-03
1.040000000000000036e+01 -5.294102002835643361e-03
1.041000000000000014e+01 -5.253517502865179267e-03
1.041999999999999993e+01 -5.213282365389204642e-03
1.042999999999999972e+01 -5.173393252107416629e-03
1.043999999999999950e+01 -5.133846859735058388e-03
1.045000000000000107e+01 -5.094639919548171747e-03
1.046000000000000085e+01 -5.055769197156223527e-03
1.047000000000000064e+01 -5.017231492047358188e-03
1.048000000000000043e+01 -4.979023637133650482e-03
1.049000000000000021e+01 -4.941142498523731774e-03
1.050000000000000000e+01 -4.903584974954355857e-03
1.050999999999999979e+01 -4.866347997563025274e-03
1.051999999999999957e+01 -4.829428529433243966e-03
1.052999999999999936e+01 -4.792823565253456763e-03
1.054000000000000092e+01 -4.756530131089675706e-03
1.055000000000000071e+01 -4.720545283703359019e-03
1.056000000000000050e+01 -4.684866110665097949e-03
1.057000000000000028e+01 -4.649489729558808904e-03
1.058000000000000007e+01 -4.614413287981733447e-03
1.058999999999999986e+01 -4.579633962976004113e-03
1.059999999999999964e+01 -4.545148960801270732e-03
1.060999999999999943e+01 -4.510955516479953076e-03
1.062000000000000099e+01 -4.477050893797240860e-03
1.063000000000000078e+01 -4.443432384618972719e-03
1.064000000000000057e+01 -4.410097308664262528e-03
1.065000000000000036e+01 -4.377043013391812565e-03
1.066000000000000014e+01 -4.344266873545166163e-03
1.066999999999999993e+01 -4.311766290584273520e-03
1.067999999999999972e+01 -4.279538693026552210e-03
1.068999999999999950e+01 -4.247581535423705645e-03
1.070000000000000107e+01 -4.215892298589096754e-03
1.071000000000000085e+01 -4.184468489143000625e-03
1.072000000000000064e+01 -4.153307639057857159e-03
1.073000000000000043e+01 -4.122407305658271071e-03
1.074000000000000021e+01 -4.091765071279951371e-03
1.075000000000000000e+01 -4.061378542701277183e-03
1.075999999999999979e+01 -4.031245351143297739e-03
1.076999999999999957e+01 -4.001363152042358706e-03
1.077999999999999936e+01 -3.971729624709041673e-03
1.079000000000000092e+01 -3.942342471873416798e-03
1.080000000000000071e+01 -3.913199419685042812e-03
1.081000000000000050e+01 -3.884298217371906503e-03
1.082000000000000028e+01 -3.855636636899362202e-03
1.083000000000000007e+01 -3.827212472856444947e-03
1.083999999999999986e+01 -3.799023542114809970e-03
1.084999999999999964e+01 -3.771067683601359022e-03
1.085999999999999943e+01 -3.743342758070866694e-03
1.087000000000000099e+01 -3.715846647878606746e-03
1.088000000000000078e+01 -3.688577256639291591e-03
1.089000000000000057e+01 -3.661532509113385458e-03
1.090000000000000036e+01 -3.634710351093417557e-03
1.091000000000000014e+01 -3.608108748721861048e-03
1.091999999999999993e+01 -3.581725688832193555e-03
1.092999999999999972e+01 -3.555559178266776144e-03
1.093999999999999950e+01 -3.529607243990540155e-03
1.095000000000000107e+01 -3.503867932636239857e-03
1.096000000000000085e+01 -3.478339310390765604e-03
1.097000000000000064e+01 -3.453019462767770165e-03
1.098000000000000043e+01 -3.427906494493981882e-03
1.099000000000000021e+01 -3.402998529054457322e-03
1.100000000000000000e+01 -3.378293708692581276e-03
1.100999999999999979e+01 -3.353790194182693085e-03
1.101999999999999957e+01 -3.329486164602712961e-03
1.102999999999999936e+01 -3.305379817106768314e-03
1.104000000000000092e+01 -3.281469366697820078e-03
1.105000000000000071e+01 -3.257753046227662708e-03
1.106000000000000050e+01 -3.234229106055863667e-03
1.107000000000000028e+01 -3.210895813708702917e-03
1.108000000000000007e+01 -3.187751453992859751e-03
1.108999999999999986e+01 -3.164794328654352285e-03
1.109999999999999964e+01 -3.142022756264850614e-03
1.110999999999999943e+01 -3.119435071880616306e-03
1.112000000000000099e+01 -3.097029627042502398e-03
1.113000000000000078e+01 -3.074804789434892882e-03
1.114000000000000057e+01 -3.052758942999389546e-03
1.115000000000000036e+01 -3.030890487480064621e-03
1.116000000000000014e+01 -3.009197838196087105e-03
1.116999999999999993e+01 -2.987679426269096439e-03
1.117999999999999972e+01 -2.966333698054768320e-03
1.118999999999999950e+01 -2.945159115256501536e-03
1.120000000000000107e+01 -2.924154154470670619e-03
1.121000000000000085e+01 -2.903317307300312677e-03
1.122000000000000064e+01 -2.882647080127753725e-03
1.123000000000000043e+01 -2.862141993773548165e-03
1.124000000000000021e+01 -2.841800583610165631e-03
1.125000000000000000e+01 -2.821621399334617308e-03
1.125999999999999979e+01 -2.801603004627395421e-03
1.126999999999999957e+01 -2.781743977152473235e-03
1.127999999999999936e+01 -2.762042908557305054e-03
1.129000000000000092e+01 -2.742498404018078872e-03
1.130000000000000071e+01 -2.723109082353403210e-03
1.131000000000000050e+01 -2.703873575683246600e-03
1.132000000000000028e+01 -2.684790529428937589e-03
1.133000000000000007e+01 -2.665858602085791063e-03
1.133999999999999986e+01 -2.647076465109421406e-03
1.134999999999999964e+01 -2.628442802802055667e-03
1.135999999999999943e+01 -2.609956312312533555e-03
1.137000000000000099e+01 -2.591615703067873255e-03
1.138000000000000078e+01 -2.573419697228018777e-03
1.139000000000000057e+01 -2.555367029117405764e-03
1.140000000000000036e+01 -2.537456445224961499e-03
1.141000000000000014e+01 -2.519686704090418061e-03
1.141999999999999993e+01 -2.502056576190625492e-03
1.142999999999999972e+01 -2.484564843712178117e-03
1.143999999999999950e+01 -2.467210300665101386e-03
1.145000000000000107e+01 -2.449991752655478194e-03
1.146000000000000085e+01 -2.432908016430701537e-03
1.147000000000000064e+01 -2.415957920334221853e-03
1.148000000000000043e+01 -2.399140303850799683e-03
1.149000000000000021e+01 -2.382454017379131983e-03
1.150000000000000000e+01 -2.365897922459225811e-03
1.150999999999999979e+01 -2.349470891317650967e-03
1.151999999999999957e+01 -2.333171807094913675e-03
1.152999999999999936e+01 -2.316999563390709227e-03
1.154000000000000092e+01 -2.300953064491295663e-03
1.155000000000000071e+01 -2.285031224914746417e-03
1.156000000000000050e+01 -2.269232969638323993e-03
1.157000000000000028e+01 -2.253557233643732616e-03
1.158000000000000007e+01 -2.238002962144491903e-03
1.158999999999999986e+01 -2.222569110244876356e-03
1.159999999999999964e+01 -2.207254643053602194e-03
1.160999999999999943e+01 -2.192058535342766845e-03
1.162000000000000099e+01 -2.176979771547848941e-03
1.163000000000000078e+01 -2.162017345767708321e-03
1.164000000000000057e+01 -2.147170261537212355e-03
1.165000000000000036e+01 -2.132437531827235944e-03
1.166000000000000014e+01 -2.117818178703601006e-03
1.166999999999999993e+01 -2.103311233668136992e-03
1.167999999999999972e+01 -2.088915737203933531e-03
1.168999999999999950e+01 -2.074630738661653595e-03
1.170000000000000107e+01 -2.060455296600594011e-03
1.171000000000000085e+01 -2.046388478106564435e-03
1.172000000000000064e+01 -2.032429359246634704e-03
1.173000000000000043e+01 -2.018577024500700645e-03
1.174000000000000021e+01 -2.004830566988857754e-03
1.175000000000000000e+01 -1.991189088357714354e-03
1.175999999999999979e+01 -1.977651698553017923e-03
1.176999999999999957e+01 -1.964217515819655091e-03
1.177999999999999936e+01 -1.950885666701651644e-03
1.179000000000000092e+01 -1.937655285814798845e-03
1.180000000000000071e+01 -1.924525515732966596e-03
1.181000000000000050e+01 -1.911495507101790281e-03
1.182000000000000028e+01 -1.898564418411297083e-03
1.183000000000000007e+01 -1.885731415995905991e-03
1.183999999999999986e+01 -1.872995673807054118e-03
1.184999999999999964e+01 -1.860356373526883544e-03
1.185999999999999943e+01 -1.847812704340867640e-03
1.187000000000000099e+01 -1.835363863051497901e-03
1.188000000000000078e+01 -1.823009053737223439e-03
1.189000000000000057e+01 -1.810747487866137817e-03
1.190000000000000036e+01 -1.798578384182292211e-03
1.191000000000000014e+01 -1.786500968705695414e-03
1.191999999999999993e+01 -1.774514474391253316e-03
1.192999999999999972e+01 -1.762618141356142587e-03
1.193999999999999950e+01 -1.750811216766123835e-03
1.195000000000000107e+01 -1.739092954608167929e-03
1.196000000000000085e+01 -1.727462615690456005e-03
1.197000000000000064e+01 -1.715919467642379459e-03
1.198000000000000043e+01 -1.704462784687166277e-03
1.199000000000000021e+01 -1.693091847869254707e-03
1.200000000000000000e+01 -1.681805944713232748e-03
1.200999999999999979e+01 -1.670604369337524986e-03
1.201999999999999957e+01 -1.659486422113332083e-03
1.203000000000000114e+01 -1.648451409892004449e-03
1.204000000000000092e+01 -1.637498645891355409e-03
1.205000000000000071e+01 -1.626627449581974361e-03
1.206000000000000050e+01 -1.615837146459853102e-03
1.207000000000000028e+01 -1.605127068273759505e-03
1.208000000000000007e+01 -1.594496552911550680e-03
1.208999999999999986e+01 -1.583944944172799296e-03
1.209999999999999964e+01 -1.573471591768793587e-03
1.210999999999999943e+01 -1.563075851436224184e-03
1.212000000000000099e+01 -1.552757084596123605e-03
1.213000000000000078e+01 -1.542514658467553090e-03
1.214000000000000057e+01 -1.532347946067602606e-03
1.215000000000000036e+01 -1.522256326097704004e-03
1.216000000000000014e+01 -1.512239182716257346e-03
1.216999999999999993e+01 -1.502295905766004580e-03
1.217999999999999972e+01 -1.492425890432969027e-03
1.218999999999999950e+01 -1.482628537473829056e-03
1.220000000000000107e+01 -1.472903253102231247e-03
1.221000000000000085e+01 -1.463249448647729878e-03
1.222000000000000064e+01 -1.453666540896847437e-03
1.223000000000000043e+01 -1.444153951865700947e-03
1.224000000000000021e+01 -1.434711108572628291e-03
1.225000000000000000e+01 -1.425337443379248725e-03
1.225999999999999979e+01 -1.416032393649402366e-03
1.226999999999999957e+01 -1.406795401635463350e-03
1.228000000000000114e+01 -1.397625914819400350e-03
1.229000000000000092e+01 -1.388523385458029225e-03
1.230000000000000071e+01 -1.379487270696699852e-03
1.231000000000000050e+01 -1.370517032569296134e-03
1.232000000000000028e+01 -1.361612137884549156e-03
1.233000000000000007e+01 -1.352772058226037188e-03
1.233999999999999986e+01 -1.343996269838498847e-03
1.234999999999999964e+01 -1.335284253627833095e-03
1.235999999999999943e+01 -1.326635495047412405e-03
1.237000000000000099e+01 -1.318049484098082758e-03
1.238000000000000078e+01 -1.309525715441850480e-03
1.239000000000000057e+01 -1.301063688174508570e-03
1.240000000000000036e+01 -1.292662905711949861e-03
1.241000000000000014e+01 -1.284322876017540693e-03
1.241999999999999993e+01 -1.276043111261060403e-03
1.242999999999999972e+01 -1.267823127932388161e-03
1.243999999999999950e+01 -1.259662446955189807e-03
1.245000000000000107e+01 -1.251560593232170504e-03
1.246000000000000085e+01 -1.243517095986135246e-03
1.247000000000000064e+01 -1.235531488532615185e-03
1.248000000000000043e+01 -1.227603308279867633e-03
1.249000000000000021e+01 -1.219732096842562896e-03
1.250000000000000000e+01 -1.211917399587036925e-03
1.250999999999999979e+01 -1.204158766199725505e-03
1.251999999999999957e+01 -1.196455750005043228e-03
1.253000000000000114e+01 -1.188807908420130843e-03
1.254000000000000092e+01 -1.181214802613794745e-03
1.255000000000000071e+01 -1.173675997733880649e-03
1.256000000000000050e+01 -1.166191062679899915e-03
1.257000000000000028e+01 -1.158759569989342708e-03
1.258000000000000007e+01 -1.151381096178738517e-03
1.258999999999999986e+01 -1.144055221175221959e-03
1.259999999999999964e+01 -1.136781528657593299e-03
1.260999999999999943e+01 -1.129559606056318444e-03
1.262000000000000099e+01 -1.122389044212468434e-03
1.263000000000000078e+01 -1.115269437605093117e-03
1.264000000000000057e+01 -1.108200384237534308e-03
1.265000000000000036e+01 -1.101181485523738957e-03
1.266000000000000014e+01 -1.094212346515632817e-03
1.266999999999999993e+01 -1.087292575448373100e-03
1.267999999999999972e+01 -1.080421784081408987e-03
1.268999999999999950e+01 -1.073599587584794790e-03
1.270000000000000107e+01 -1.066825604311816278e-03
1.271000000000000085e+01 -1.060099456026364351e-03
1.272000000000000064e+01 -1.053420767561874527e-03
1.273000000000000043e+01 -1.046789167276074295e-03
1.274000000000000021e+01 -1.040204286482548923e-03
1.275000000000000000e+01 -1.033665759791801975e-03
1.275999999999999979e+01 -1.027173224883881630e-03
1.276999999999999957e+01 -1.020726322622067528e-03
1.278000000000000114e+01 -1.014324696939183923e-03
1.279000000000000092e+01 -1.007967994837599690e-03
1.280000000000000071e+01 -1.001655866275541484e-03
1.281000000000000050e+01 -9.953879641670937417e-04
1.282000000000000028e+01 -9.891639444958855165e-04
1.283000000000000007e+01 -9.829834662014036439e-04
1.283999999999999986e+01 -9.768461911789927399e-04
1.284999999999999964e+01 -9.707517840524815256e-04
1.285999999999999943e+01 -9.646999122878696653e-04
1.287000000000000099e+01 -9.586902464207014418e-04
1.288000000000000078e+01 -9.527224596013184055e-04
1.289000000000000057e+01 -9.467962278222330497e-04
1.290000000000000036e+01 -9.409112298044419731e-04
1.291000000000000014e+01 -9.350671471111127175e-04
1.291999999999999993e+01 -9.292636638065232546e-04
1.292999999999999972e+01 -9.235004667971224990e-04
1.293999999999999950e+01 -9.177772456041566329e-04
1.295000000000000107e+01 -9.120936923636691063e-04
1.296000000000000085e+01 -9.064495017128137988e-04
1.297000000000000064e+01 -9.008443711309155333e-04
1.298000000000000043e+01 -8.952780004847227247e-04
1.299000000000000021e+01 -8.897500921420942177e-04
1.300000000000000000e+01 -8.842603509719992871e-04
1.300999999999999979e+01 -8.788084844582044752e-04
1.301999999999999957e+01 -8.733942025855867541e-04
1.303000000000000114e+01 -8.680172174990730127e-04
1.304000000000000092e+01 -8.626772440720742452e-04
1.305000000000000071e+01 -8.573739994517382002e-04
1.306000000000000050e+01 -8.521072030589493806e-04
1.307000000000000028e+01 -8.468765768157027196e-04
1.308000000000000007e+01 -8.416818450314167421e-04
1.308999999999999986e+01 -8.365227340618730523e-04
1.309999999999999964e+01 -8.313989728776505217e-04
1.310999999999999943e+01 -8.263102924956911011e-04
1.312000000000000099e+01 -8.212564262066734955e-04
1.313000000000000078e+01 -8.162371095750131644e-04
1.314000000000000057e+01 -8.112520803251754842e-04
1.315000000000000036e+01 -8.063010785690494231e-04
1.316000000000000014e+01 -8.013838462375133531e-04
1.316999999999999993e+01 -7.965001277625560760e-04
1.317999999999999972e+01 -7.916496693951557972e-04
1.318999999999999950e+01 -7.868322197737143142e-04
1.320000000000000107e+01 -7.820475293556228280e-04
1.321000000000000085e+01 -7.772953508720092941e-04
1.322000000000000064e+01 -7.725754391003647470e-04
1.323000000000000043e+01 -7.678875507508564624e-04
1.324000000000000021e+01 -7.632314445800147951e-04
1.325000000000000000e+01 -7.586068813907331787e-04
1.325999999999999979e+01 -7.540136239185812883e-04
1.326999999999999957e+01 -7.494514368318050401e-04
1.328000000000000114e+01 -7.449200867313265917e-04
1.329000000000000092e+01 -7.404193423781180172e-04
1.330000000000000071e+01 -7.359489741247671191e-04
1.331000000000000050e+01 -7.315087543702247785e-04
1.332000000000000028e+01 -7.270984573324312805e-04
1.333000000000000007e+01 -7.227178591620031511e-04
1.333999999999999986e+01 -7.183667378285463201e-04
1.334999999999999964e+01 -7.140448731206561206e-04
1.335999999999999943e+01 -7.097520466459172894e-04
1.337000000000000099e+01 -7.054880417172171292e-04
1.338000000000000078e+01 -7.012526434664323460e-04
1.339000000000000057e+01 -6.970456388444290496e-04
1.340000000000000036e+01 -6.928668165073759155e-04
1.341000000000000014e+01 -6.887159669304310228e-04
1.341999999999999993e+01 -6.845928820666813408e-04
1.342999999999999972e+01 -6.804973558018900803e-04
1.343999999999999950e+01 -6.764291836134361802e-04
1.345000000000000107e+01 -6.723881626840011450e-04
1.346000000000000085e+01 -6.683740917878822074e-04
1.347000000000000064e+01 -6.643867714046791662e-04
1.348000000000000043e+01 -6.604260034919207101e-04
1.349000000000000021e+01 -6.564915918261249317e-04
1.350000000000000000e+01 -6.525833416617388139e-04
1.350999999999999979e+01 -6.487010598448250676e-04
1.351999999999999957e+01 -6.448445548130621319e-04
1.353000000000000114e+01 -6.410136365957441740e-04
1.354000000000000092e+01 -6.372081165864074137e-04
1.355000000000000071e+01 -6.334278078838906367e-04
1.356000000000000050e+01 -6.296725250649615191e-04
1.357000000000000028e+01 -6.259420841843166272e-04
1.358000000000000007e+01 -6.222363027745814179e-04
1.358999999999999986e+01 -6.185549998463102384e-04
1.359999999999999964e+01 -6.148979958879863261e-04
1.360999999999999943e+01 -6.112651127523349714e-04
1.362000000000000099e+01 -6.076561738836971927e-04
1.363000000000000078e+01 -6.040710040906560607e-04
1.364000000000000057e+01 -6.005094294323498616e-04
1.365000000000000036e+01 -5.969712775595326093e-04
1.366000000000000014e+01 -5.934563773735135328e-04
1.366999999999999993e+01 -5.899645593672175892e-04
1.367999999999999972e+01 -5.864956551704381127e-04
1.368999999999999950e+01 -5.830494977772104903e-04
1.370000000000000107e+01 -5.796259215458121616e-04
1.371000000000000085e+01 -5.762247623124494567e-04
1.372000000000000064e+01 -5.728458570501970826e-04
1.373000000000000043e+01 -5.694890440963717992e-04
1.374000000000000021e+01 -5.661541630388455815e-04
1.375000000000000000e+01 -5.628410548297324567e-04
1.375999999999999979e+01 -5.595495615580148296e-04
1.376999999999999957e+01 -5.562795267906039953e-04
1.378000000000000114e+01 -5.530307951175927883e-04
1.379000000000000092e+01 -5.498032123796292581e-04
1.380000000000000071e+01 -5.465966257816035068e-04
1.381000000000000050e+01 -5.434108836652740138e-04
1.382000000000000028e+01 -5.402458356229544734e-04
1.383000000000000007e+01 -5.371013323838269571e-04
1.383999999999999986e+01 -5.339772258139419137e-04
1.384999999999999964e+01 -5.308733691435918445e-04
1.385999999999999943e+01 -5.277896165125639527e-04
1.387000000000000099e+01 -5.247258234248874942e-04
1.388000000000000078e+01 -5.216818464077732642e-04
1.389000000000000057e+01 -5.186575431253004353e-04
1.390000000000000036e+01 -5.156527723784165573e-04
1.391000000000000014e+01 -5.126673941049375571e-04
1.391999999999999993e+01 -5.097012693795477389e-04
1.392999999999999972e+01 -5.067542604137997841e-04
1.393999999999999950e+01 -5.038262303287410759e-04
1.395000000000000107e+01 -5.009170433822873747e-04
1.396000000000000085e+01 -4.980265649692228180e-04
1.397000000000000064e+01 -4.951546615075130831e-04
1.398000000000000043e+01 -4.923012005519922241e-04
1.399000000000000021e+01 -4.894660504533021594e-04
1.400000000000000000e+01 -4.866490808126400225e-04
1.400999999999999979e+01 -4.838501622543844860e-04
1.401999999999999957e+01 -4.810691661987220868e-04
1.403000000000000114e+01 -4.783059653163945768e-04
1.404000000000000092e+01 -4.755604331876384094e-04
1.405000000000000071e+01 -4.728324443021847401e-04
1.406000000000000050e+01 -4.701218742866331013e-04
1.407000000000000028e+01 -4.674285995633908897e-04
1.408000000000000007e+01 -4.647524976917338790e-04
1.408999999999999986e+01 -4.620934470267457073e-04
1.409999999999999964e+01 -4.594513269466915517e-04
1.410999999999999943e+01 -4.568260177393312915e-04
1.412000000000000099e+01 -4.542174007156063453e-04
1.413000000000000078e+01 -4.516253579822659958e-04
1.414000000000000057e+01 -4.490497725555542274e-04
1.415000000000000036e+01 -4.464905284748965641e-04
1.416000000000000014e+01 -4.439475106892132317e-04
1.416999999999999993e+01 -4.414206048295454821e-04
1.417999999999999972e+01 -4.389096976638029446e-04
1.418999999999999950e+01 -4.364146766420162749e-04
1.420000000000000107e+01 -4.339354302373976680e-04
1.421000000000000085e+01 -4.314718477189671830e-04
1.422000000000000064e+01 -4.290238191515527433e-04
1.423000000000000043e+01 -4.265912355094769737e-04
1.424000000000000021e+01 -4.241739885628703632e-04
1.425000000000000000e+01 -4.217719709913581028e-04
1.425999999999999979e+01 -4.193850762703732471e-04
1.426999999999999957e+01 -4.170131986711567151e-04
1.428000000000000114e+01 -4.146562332607572898e-04
1.429000000000000092e+01 -4.123140760157184559e-04
1.430000000000000071e+01 -4.099866235947047244e-04
1.431000000000000050e+01 -4.076737734521884704e-04
1.432000000000000028e+01 -4.053754239521367708e-04
1.433000000000000007e+01 -4.030914740269508911e-04
1.433999999999999986e+01 -4.008218236322136363e-04
1.434999999999999964e+01 -3.985663732919419999e-04
1.435999999999999943e+01 -3.963250243259608396e-04
1.437000000000000099e+01 -3.940976789635897148e-04
1.438000000000000078e+01 -3.918842398888955358e-04
1.439000000000000057e+01 -3.896846108091267524e-04
1.440000000000000036e+01 -3.874986961136528407e-04
1.441000000000000014e+01 -3.853264007602774655e-04
1.441999999999999993e+01 -3.831676305026121554e-04
1.442999999999999972e+01 -3.810222918900763034e-04
1.443999999999999950e+01 -3.788902921542103286e-04
1.445000000000000107e+01 -3.767715392086756765e-04
1.446000000000000085e+01 -3.746659416492548189e-04
1.447000000000000064e+01 -3.725734087538512540e-04
1.448000000000000043e+01 -3.704938505961763440e-04
1.449000000000000021e+01 -3.684271777046888019e-04
1.450000000000000000e+01 -3.663733015173420426e-04
1.450999999999999979e+01 -3.643321340405236697e-04
1.451999999999999957e+01 -3.623035879627423128e-04
1.453000000000000114e+01 -3.602875766546276282e-04
1.454000000000000092e+01 -3.582840141689302982e-04
1.455000000000000071e+01 -3.562928150131483562e-04
1.456000000000000050e+01 -3.543138946042745374e-04
1.457000000000000028e+01 -3.523471688140489277e-04
1.458000000000000007e+01 -3.503925541963326395e-04
1.458999999999999986e+01 -3.484499678734209738e-04
1.459999999999999964e+01 -3.465193277634170954e-04
1.460999999999999943e+01 -3.446005522391715203e-04
1.462000000000000099e+01 -3.426935603556557908e-04
1.463000000000000078e+01 -3.407982717362756375e-04
1.464000000000000057e+01 -3.389146066865578177e-04
1.465000000000000036e+01 -3.370424860804632772e-04
1.466000000000000014e+01 -3.351818312467003125e-04
1.466999999999999993e+01 -3.333325643097850843e-04
1.467999999999999972e+01 -3.314946078489811043e-04
1.468999999999999950e+01 -3.296678850119860726e-04
1.470000000000000107e+01 -3.278523196286187158e-04
1.471000000000000085e+01 -3.260478359834451112e-04
1.472000000000000064e+01 -3.242543590431523626e-04
1.473000000000000043e+01 -3.224718141154880868e-04
1.474000000000000021e+01 -3.207001273040077649e-04
1.475000000000000000e+01 -3.189392251670142286e-04
1.475999999999999979e+01 -3.171890348312444985e-04
1.476999999999999957e+01 -3.154494838781829458e-04
1.478000000000000114e+01 -3.137205005714349682e-04
1.479000000000000092e+01 -3.120020136293533142e-04
1.480000000000000071e+01 -3.102939522250380833e-04
1.481000000000000050e+01 -3.085962462137104012e-04
1.482000000000000028e+01 -3.069088257916519069e-04
1.483000000000000007e+01 -3.052316218372652656e-04
1.483999999999999986e+01 -3.035645656837004935e-04
1.484999999999999964e+01 -3.019075891188549576e-04
1.485999999999999943e+01 -3.002606243853733758e-04
1.487000000000000099e+01 -2.986236044080214924e-04
1.488000000000000078e+01 -2.969964625663124025e-04
1.489000000000000057e+01 -2.953791325808197143e-04
1.490000000000000036e+01 -2.937715487405512249e-04
1.491000000000000014e+01 -2.921736459029489197e-04
1.491999999999999993e+01 -2.905853592665152973e-04
1.492999999999999972e+01 -2.890066247118738829e-04
1.493999999999999950e+01 -2.874373783470218768e-04
1.495000000000000107e+01 -2.858775568483906682e-04
1.496000000000000085e+01 -2.843270973471589969e-04
1.497000000000000064e+01 -2.827859374292529537e-04
1.498000000000000043e+01 -2.812540152490328182e-04
1.499000000000000021e+01 -2.797312693019193830e-04
1.500000000000000000e+01 -2.782176385380807915e-04
1.500999999999999979e+01 -2.767130623624325381e-04
1.501999999999999957e+01 -2.752174806346374680e-04
1.503000000000000114e+01 -2.737308336691057775e-04
1.504000000000000092e+01 -2.722530621213081758e-04
1.505000000000000071e+01 -2.707841072151495609e-04
1.506000000000000050e+01 -2.693239106292821816e-04
1.507000000000000028e+01 -2.678724142697319621e-04
1.508000000000000007e+01 -2.664295606109590153e-04
1.508999999999999986e+01 -2.649952924684839672e-04
1.509999999999999964e+01 -2.635695532262616325e-04
1.510999999999999943e+01 -2.621522864956205012e-04
1.512000000000000099e+01 -2.607434363426364143e-04
1.513000000000000078e+01 -2.593429472881325637e-04
1.514000000000000057e+01 -2.579507641939926543e-04
1.515000000000000036e+01 -2.565668324905345798e-04
1.516000000000000014e+01 -2.551910977217630716e-04
1.516999999999999993e+01 -2.538235061138038873e-04
1.517999999999999972e+01 -2.524640041201564600e-04
1.518999999999999950e+01 -2.511125385353807360e-04
1.520000000000000107e+01 -2.497690566087840125e-04
1.521000000000000085e+01 -2.484335060444209375e-04
1.522000000000000064e+01 -2.471058347737198346e-04
1.523000000000000043e+01 -2.457859912965432159e-04
1.524000000000000021e+01 -2.444739242264404311e-04
1.525000000000000000e+01 -2.431695827453950187e-04
1.525999999999999979e+01 -2.418729163764510304e-04
1.526999999999999957e+01 -2.405838749837130308e-04
1.528000000000000114e+01 -2.393024086586592603e-04
1.529000000000000092e+01 -2.380284680612021475e-04
1.530000000000000071e+01 -2.367620041923146346e-04
1.531000000000000050e+01 -2.355029681666565011e-04
1.532000000000000028e+01 -2.342513116673217155e-04
1.533000000000000007e+01 -2.330069867184647592e-04
1.533999999999999986e+01 -2.317699455716137891e-04
1.534999999999999964e+01 -2.305401409330443130e-04
1.535999999999999943e+01 -2.293175258500923519e-04
1.537000000000000099e+01 -2.281020535974676022e-04
1.538000000000000078e+01 -2.268936777909402736e-04
1.539000000000000057e+01 -2.256923525010279263e-04
1.540000000000000036e+01 -2.244980319119349588e-04
1.541000000000000014e+01 -2.233106707762999577e-04
1.541999999999999993e+01 -2.221302240741351852e-04
1.542999999999999972e+01 -2.209566471265134169e-04
1.543999999999999950e+01 -2.197898954818811035e-04
1.545000000000000107e+01 -2.186299250297452090e-04
1.546000000000000085e+01 -2.174766920006732107e-04
1.547000000000000064e+01 -2.163301530799799366e-04
1.548000000000000043e+01 -2.151902649529802147e-04
1.549000000000000021e+01 -2.140569848734230618e-04
1.550000000000000000e+01 -2.129302703224311699e-04
1.550999999999999979e+01 -2.118100790085009066e-04
1.551999999999999957e+01 -2.106963689811891527e-04
1.553000000000000114e+01 -2.095890986311133020e-04
1.554000000000000092e+01 -2.084882266899512615e-04
1.555000000000000071e+01 -2.073937120030677761e-04
1.556000000000000050e+01 -2.063055138705749414e-04
1.557000000000000028e+01 -2.052235917062716908e-04
1.558000000000000007e+01 -2.041479053787043085e-04
1.558999999999999986e+01 -2.030784149837927544e-04
1.559999999999999964e+01 -2.020150809585175011e-04
1.561000000000000121e+01 -2.009578638535458595e-04
1.562000000000000099e+01 -1.999067246742924908e-04
1.563000000000000078e+01 -1.988616245398588944e-04
1.564000000000000057e+01 -1.978225250240939204e-04
1.565000000000000036e+01 -1.967893878145332565e-04
1.566000000000000014e+01 -1.957621749397731037e-04
1.566999999999999993e+01 -1.947408486557833385e-04
1.567999999999999972e+01 -1.937253714459075127e-04
1.568999999999999950e+01 -1.927157061345496913e-04
1.570000000000000107e+01 -1.917118158871744527e-04
1.571000000000000085e+01 -1.907136639829332125e-04
1.572000000000000064e+01 -1.897212139283510623e-04
1.573000000000000043e+01 -1.887344296847004443e-04
1.574000000000000021e+01 -1.877532752132538008e-04
1.575000000000000000e+01 -1.867777149300309247e-04
1.575999999999999979e+01 -1.858077133647384471e-04
1.576999999999999957e+01 -1.848432353881435120e-04
1.578000000000000114e+01 -1.838842459847001010e-04
1.579000000000000092e+01 -1.829307105936095468e-04
1.580000000000000071e+01 -1.819825946540731820e-04
1.581000000000000050e+01 -1.810398640600396902e-04
1.582000000000000028e+01 -1.801024848191445926e-04
1.583000000000000007e+01 -1.791704231663970859e-04
1.583999999999999986e+01 -1.782436456778668799e-04
1.584999999999999964e+01 -1.773221190433105221e-04
1.586000000000000121e+01 -1.764058101798582356e-04
1.587000000000000099e+01 -1.754946863457007566e-04
1.588000000000000078e+01 -1.745887149127156590e-04
1.589000000000000057e+01 -1.736878635938410298e-04
1.590000000000000036e+01 -1.727921002157017938e-04
1.591000000000000014e+01 -1.719013928322965512e-04
1.591999999999999993e+01 -1.710157098386844154e-04
1.592999999999999972e+01 -1.701350197436113376e-04
1.593999999999999950e+01 -1.692592912831969443e-04
1.595000000000000107e+01 -1.683884933072476997e-04
1.596000000000000085e+01 -1.675225951203174191e-04
1.597000000000000064e+01 -1.666615661406467552e-04
1.598000000000000043e+01 -1.658053759001631988e-04
1.599000000000000021e+01 -1.649539941581679159e-04
1.600000000000000000e+01 -1.641073910150225856e-04
1.601000000000000156e+01 -1.632655365710888873e-04
1.601999999999999957e+01 -1.624284013814758509e-04
1.603000000000000114e+01 -1.615959560012925067e-04
1.603999999999999915e+01 -1.607681712130215601e-04
1.605000000000000071e+01 -1.599450181402062299e-04
1.605999999999999872e+01 -1.591264680200765724e-04
1.607000000000000028e+01 -1.583124922035494819e-04
1.608000000000000185e+01 -1.575030622689155280e-04
1.608999999999999986e+01 -1.566981501355257933e-04
1.610000000000000142e+01 -1.558977277227313607e-04
1.610999999999999943e+01 -1.551017671772569884e-04
1.612000000000000099e+01 -1.543102409868879477e-04
1.612999999999999901e+01 -1.535231216394095100e-04
1.614000000000000057e+01 -1.527403819636674598e-04
1.614999999999999858e+01 -1.519619949021944194e-04
1.616000000000000014e+01 -1.511879335112098488e-04
1.617000000000000171e+01 -1.504181710743068834e-04
1.617999999999999972e+01 -1.496526811024523340e-04
1.619000000000000128e+01 -1.488914373339866870e-04
1.619999999999999929e+01 -1.481344136209372664e-04
1.621000000000000085e+01 -1.473815839290182339e-04
1.621999999999999886e+01 -1.466329224513174267e-04
1.623000000000000043e+01 -1.458884036082963576e-04
1.624000000000000199e+01 -1.451480018204165390e-04
1.625000000000000000e+01 -1.444116919628868345e-04
1.626000000000000156e+01 -1.436794487972292700e-04
1.626999999999999957e+01 -1.429512474260263843e-04
1.628000000000000114e+01 -1.422270631792343920e-04
1.628999999999999915e+01 -1.415068712731226697e-04
1.630000000000000071e+01 -1.407906473787079449e-04
1.630999999999999872e+01 -1.400783672806937830e-04
1.632000000000000028e+01 -1.393700067637837492e-04
1.633000000000000185e+01 -1.386655418400550843e-04
1.633999999999999986e+01 -1.379649487489587045e-04
1.635000000000000142e+01 -1.372682039573192014e-04
1.635999999999999943e+01 -1.365752839319611667e-04
1.637000000000000099e+01 -1.358861653670828673e-04
1.637999999999999901e+01 -1.352008250705694081e-04
1.639000000000000057e+01 -1.345192400776795694e-04
1.639999999999999858e+01 -1.338413874236721313e-04
1.641000000000000014e+01 -1.331672445985532249e-04
1.642000000000000171e+01 -1.324967888649553061e-04
1.642999999999999972e+01 -1.318299979402581812e-04
1.644000000000000128e+01 -1.311668496555284946e-04
1.644999999999999929e+01 -1.305073217281460529e-04
1.646000000000000085e+01 -1.298513923302380135e-04
1.646999999999999886e+01 -1.291990396339315339e-04
1.648000000000000043e+01 -1.285502420387274469e-04
1.649000000000000199e+01 -1.279049779441265855e-04
1.650000000000000000e+01 -1.272632259770034580e-04
1.651000000000000156e+01 -1.266249649916062481e-04
1.651999999999999957e+01 -1.259901738421831396e-04
1.653000000000000114e+01 -1.253588316103559919e-04
1.653999999999999915e+01 -1.247309174914335017e-04
1.655000000000000071e+01 -1.241064107944112038e-04
1.655999999999999872e+01 -1.234852909419714706e-04
1.657000000000000028e+01 -1.228675375841703499e-04
1.658000000000000185e+01 -1.222531304847507272e-04
1.658999999999999986e+01 -1.216420495211423258e-04
1.660000000000000142e+01 -1.210342746844617068e-04
1.660999999999999943e+01 -1.204297860795122688e-04
1.662000000000000099e+01 -1.198285639247842482e-04
1.662999999999999901e+01 -1.192305887798283948e-04
1.664000000000000057e+01 -1.186358410905086203e-04
1.664999999999999858e+01 -1.180443014163756743e-04
1.666000000000000014e+01 -1.174559506580408197e-04
1.667000000000000171e+01 -1.168707697161153192e-04
1.667999999999999972e+01 -1.162887396048972732e-04
1.669000000000000128e+01 -1.157098414523716201e-04
1.669999999999999929e+01 -1.151340566138969734e-04
1.671000000000000085e+01 -1.145613664448319469e-04
1.671999999999999886e+01 -1.139917525279088295e-04
1.673000000000000043e+01 -1.134251964458599105e-04
1.674000000000000199e+01 -1.128616800087911543e-04
1.675000000000000000e+01 -1.123011851404953632e-04
1.676000000000000156e+01 -1.117436937647653394e-04
1.676999999999999957e+01 -1.111891880327675608e-04
1.678000000000000114e+01 -1.106376502093553427e-04
1.678999999999999915e+01 -1.100890626730688382e-04
1.680000000000000071e+01 -1.095434079161350382e-04
1.680999999999999872e+01 -1.090006684307809337e-04
1.682000000000000028e+01 -1.084608270502940286e-04
1.683000000000000185e+01 -1.079238664942749892e-04
1.683999999999999986e+01 -1.073897697096981574e-04
1.685000000000000142e+01 -1.068585197572247125e-04
1.685999999999999943e+01 -1.063300998112026718e-04
1.687000000000000099e+01 -1.058044930459800526e-04
1.687999999999999901e+01 -1.052816828632785473e-04
1.689000000000000057e+01 -1.047616527785066864e-04
1.689999999999999858e+01 -1.042443864207598381e-04
1.691000000000000014e+01 -1.037298674191333703e-04
1.692000000000000171e+01 -1.032180795164094889e-04
1.692999999999999972e+01 -1.027090066827440751e-04
1.694000000000000128e+01 -1.022026328882930102e-04
1.694999999999999929e+01 -1.016989422168990131e-04
1.696000000000000085e+01 -1.011979189797784784e-04
1.696999999999999886e+01 -1.006995473744609626e-04
1.698000000000000043e+01 -1.002038119395365356e-04
1.699000000000000199e+01 -9.971069709990842966e-05
1.700000000000000000e+01 -9.922018750785355223e-05
1.701000000000000156e+01 -9.873226792933564866e-05
1.701999999999999957e+01 -9.824692301663162652e-05
1.703000000000000114e+01 -9.776413787676574429e-05
1.703999999999999915e+01 -9.728389738938858500e-05
1.705000000000000071e+01 -9.680618666152440710e-05
1.705999999999999872e+01 -9.633099091388430679e-05
1.707000000000000028e+01 -9.585829548086621799e-05
1.708000000000000185e+01 -9.538808581055491231e-05
1.708999999999999986e+01 -9.492034723734832369e-05
1.710000000000000142e+01 -9.445506543670489918e-05
1.710999999999999943e+01 -9.399222608408308588e-05
1.712000000000000099e+01 -9.353181485494133085e-05
1.712999999999999901e+01 -9.307381765211175662e-05
1.714000000000000057e+01 -9.261822049211332342e-05
1.715000000000000213e+01 -9.216500927777815377e-05
1.716000000000000014e+01 -9.171417025299888337e-05
1.717000000000000171e+01 -9.126568954798131017e-05
1.717999999999999972e+01 -9.081955352030490758e-05
1.719000000000000128e+01 -9.037574852754914900e-05
1.719999999999999929e+01 -8.993426104098034557e-05
1.721000000000000085e+01 -8.949507764555164613e-05
1.721999999999999886e+01 -8.905818492621619953e-05
1.723000000000000043e+01 -8.862356969530083006e-05
1.724000000000000199e+01 -8.819121876513236202e-05
1.725000000000000000e+01 -8.776111894803761970e-05
1.726000000000000156e+01 -8.733325728371710284e-05
1.726999999999999957e+01 -8.690762092555814888e-05
1.728000000000000114e+01 -8.648419691326125758e-05
1.728999999999999915e+01 -8.606297251390060410e-05
1.730000000000000071e+01 -8.564393499455036363e-05
1.730999999999999872e+01 -8.522707173597154906e-05
1.732000000000000028e+01 -8.481237034629884874e-05
1.733000000000000185e+01 -8.439981820629327558e-05
1.733999999999999986e+01 -8.398940303777635563e-05
1.735000000000000142e+01 -8.358111256256961497e-05
1.735999999999999943e+01 -8.317493450249457965e-05
1.737000000000000099e+01 -8.277085680674645118e-05
1.737999999999999901e+01 -8.236886731083359336e-05
1.739000000000000057e+01 -8.196895407763804542e-05
1.740000000000000213e+01 -8.157110528372868430e-05
1.741000000000000014e+01 -8.117530899198754923e-05
1.742000000000000171e+01 -8.078155349267035490e-05
1.742999999999999972e+01 -8.038982707603281597e-05
1.744000000000000128e+01 -8.000011803233064711e-05
1.744999999999999929e+01 -7.961241499288007617e-05
1.746000000000000085e+01 -7.922670636162365554e-05
1.746999999999999886e+01 -7.884298088356445078e-05
1.748000000000000043e+01 -7.846122707633185200e-05
1.749000000000000199e+01 -7.808143379861576250e-05
1.750000000000000000e+01 -7.770358990910608554e-05
1.751000000000000156e+01 -7.732768415280588670e-05
1.751999999999999957e+01 -7.695370561577874469e-05
1.753000000000000114e+01 -7.658164327040140051e-05
1.753999999999999915e+01 -7.621148620273743290e-05
1.755000000000000071e+01 -7.584322361253725830e-05
1.755999999999999872e+01 -7.547684469955129316e-05
1.757000000000000028e+01 -7.511233877721679164e-05
1.758000000000000185e+01 -7.474969515897100791e-05
1.758999999999999986e+01 -7.438890338562487159e-05
1.760000000000000142e+01 -7.402995288430247456e-05
1.760999999999999943e+01 -7.367283330950158415e-05
1.762000000000000099e+01 -7.331753420203312999e-05
1.762999999999999901e+01 -7.296404521639487939e-05
1.764000000000000057e+01 -7.261235623445827514e-05
1.765000000000000213e+01 -7.226245702440792229e-05
1.766000000000000014e+01 -7.191433746811526362e-05
1.767000000000000171e+01 -7.156798744745174190e-05
1.767999999999999972e+01 -7.122339707166247535e-05
1.769000000000000128e+01 -7.088055633630574448e-05
1.769999999999999929e+01 -7.053945546431350522e-05
1.771000000000000085e+01 -7.020008456493087579e-05
1.771999999999999886e+01 -6.986243397477664985e-05
1.773000000000000043e+01 -6.952649391678278334e-05
1.774000000000000199e+01 -6.919225484125490766e-05
1.775000000000000000e+01 -6.885970719849865418e-05
1.776000000000000156e+01 -6.852884143881965429e-05
1.776999999999999957e+01 -6.819964812621037709e-05
1.778000000000000114e+01 -6.787211782466329169e-05
1.778999999999999915e+01 -6.754624121185770491e-05
1.780000000000000071e+01 -6.722200907915976131e-05
1.780999999999999872e+01 -6.689941221793560544e-05
1.782000000000000028e+01 -6.657844141955138184e-05
1.783000000000000185e+01 -6.625908758906007279e-05
1.783999999999999986e+01 -6.594134174520149827e-05
1.785000000000000142e+01 -6.562519479302864056e-05
1.785999999999999943e+01 -6.531063786496815737e-05
1.787000000000000099e+01 -6.499766209344670642e-05
1.787999999999999901e+01 -6.468625861089094542e-05
1.789000000000000057e+01 -6.437641866341436980e-05
1.790000000000000213e+01 -6.406813349713047501e-05
1.791000000000000014e+01 -6.376139447183959419e-05
1.792000000000000171e+01 -6.345619294734206051e-05
1.792999999999999972e+01 -6.315252039712504484e-05
1.794000000000000128e+01 -6.285036840836255578e-05
1.794999999999999929e+01 -6.254972834085492650e-05
1.796000000000000085e+01 -6.225059189546300331e-05
1.796999999999999886e+01 -6.195295077304763254e-05
1.798000000000000043e+01 -6.165679656078282278e-05
1.799000000000000199e+01 -6.136212107321625808e-05
1.800000000000000000e+01 -6.106891612489562249e-05
1.801000000000000156e+01 -6.077717353036860004e-05
1.801999999999999957e+01 -6.048688521786971251e-05
1.803000000000000114e+01 -6.019804311563348165e-05
1.803999999999999915e+01 -5.991063926558126695e-05
1.805000000000000071e+01 -5.962466559594759019e-05
1.805999999999999872e+01 -5.934011437602748629e-05
1.807000000000000028e+01 -5.905697764774231473e-05
1.808000000000000185e+01 -5.877524756670027273e-05
1.808999999999999986e+01 -5.849491640219639521e-05
1.810000000000000142e+01 -5.821597653721255483e-05
1.810999999999999943e+01 -5.793842012735694880e-05
1.812000000000000099e+01 -5.766223966929828748e-05
1.812999999999999901e+01 -5.738742754601844354e-05
1.814000000000000057e+01 -5.711397625418612733e-05
1.815000000000000213e+01 -5.684187840415688697e-05
1.816000000000000014e+01 -5.657112637891259510e-05
1.817000000000000171e+01 -5.630171290249563754e-05
1.817999999999999972e+01 -5.603363058526156237e-05
1.819000000000000128e+01 -5.576687215125275543e-05
1.819999999999999929e+01 -5.550143032451160252e-05
1.821000000000000085e+01 -5.523729782908048946e-05
1.821999999999999886e+01 -5.497446761637547752e-05
1.823000000000000043e+01 -5.471293241043895250e-05
1.824000000000000199e+01 -5.445268527637381339e-05
1.825000000000000000e+01 -5.419371905190928373e-05
1.826000000000000156e+01 -5.393602680214826250e-05
1.826999999999999957e+01 -5.367960147850681096e-05
1.828000000000000114e+01 -5.342443625977466581e-05
1.828999999999999915e+01 -5.317052421105472604e-05
1.830000000000000071e+01 -5.291785851113672834e-05
1.830999999999999872e+01 -5.266643245249724714e-05
1.832000000000000028e+01 -5.241623921392601915e-05
1.833000000000000185e+01 -5.216727208789961878e-05
1.833999999999999986e+01 -5.191952436689462047e-05
1.835000000000000142e+01 -5.167298945707443636e-05
1.835999999999999943e+01 -5.142766076460247859e-05
1.837000000000000099e+01 -5.118353169564215932e-05
1.837999999999999901e+01 -5.094059577004372841e-05
1.839000000000000057e+01 -5.069884650765743572e-05
1.840000000000000213e+01 -5.045827742833353113e-05
1.841000000000000014e+01 -5.021888216560910223e-05
1.842000000000000171e+01 -4.998065435302123660e-05
1.842999999999999972e+01 -4.974358773779385956e-05
1.844000000000000128e+01 -4.950767595346405869e-05
1.844999999999999929e+01 -4.927291274725575931e-05
1.846000000000000085e+01 -4.903929198007972445e-05
1.846999999999999886e+01 -4.880680739915987942e-05
1.848000000000000043e+01 -4.857545286540698726e-05
1.849000000000000199e+01 -4.834522235341864871e-05
1.850000000000000000e+01 -4.811610983779246453e-05
1.851000000000000156e+01 -4.788810917943919776e-05
1.851999999999999957e+01 -4.766121446664328687e-05
1.853000000000000114e+01 -4.743541967400233261e-05
1.853999999999999915e+01 -4.721071888980077347e-05
1.855000000000000071e+01 -4.698710620232304791e-05
1.855999999999999872e+01 -4.676457581354043214e-05
1.857000000000000028e+01 -4.654312192542420235e-05
1.858000000000000185e+01 -4.632273873994563473e-05
1.858999999999999986e+01 -4.610342045907600550e-05
1.860000000000000142e+01 -4.588516139847342856e-05
1.860999999999999943e+01 -4.566795587379601784e-05
1.862000000000000099e+01 -4.545179820070188725e-05
1.862999999999999901e+01 -4.523668280853598844e-05
1.864000000000000057e+01 -4.502260412664327305e-05
1.865000000000000213e+01 -4.480955658436869271e-05
1.866000000000000014e+01 -4.459753472474403679e-05
1.867000000000000171e+01 -4.438653297711425694e-05
1.867999999999999972e+01 -4.417654599819798023e-05
1.869000000000000128e+01 -4.396756821734015830e-05
1.869999999999999929e+01 -4.375959440494625596e-05
1.871000000000000085e+01 -4.355261910404806258e-05
1.871999999999999886e+01 -4.334663697136420524e-05
1.873000000000000043e+01 -4.314164277730014874e-05
1.874000000000000199e+01 -4.293763129226135788e-05
1.875000000000000000e+01 -4.273459717296645977e-05
1.876000000000000156e+01 -4.253253530350775691e-05
1.876999999999999957e+01 -4.233144056797755184e-05
1.878000000000000114e+01 -4.213130773678130936e-05
1.878999999999999915e+01 -4.193213169401133200e-05
1.880000000000000071e+01 -4.173390732375992229e-05
1.880999999999999872e+01 -4.153662962380622048e-05
1.882000000000000028e+01 -4.134029359192936681e-05
1.883000000000000185e+01 -4.114489422590850154e-05
1.883999999999999986e+01 -4.095042663720960263e-05
1.885000000000000142e+01 -4.075688582361181034e-05
1.885999999999999943e+01 -4.056426689658110263e-05
1.887000000000000099e+01 -4.037256485389661975e-05
1.887999999999999901e+01 -4.018177503439801512e-05
1.889000000000000057e+01 -3.999189254955126671e-05
1.890000000000000213e+01 -3.980291251082235249e-05
1.891000000000000014e+01 -3.961483025705092587e-05
1.892000000000000171e+01 -3.942764101338980254e-05
1.892999999999999972e+01 -3.924134011867863592e-05
1.894000000000000128e+01 -3.905592291175707942e-05
1.894999999999999929e+01 -3.887138461777794873e-05
1.896000000000000085e+01 -3.868772068926773500e-05
1.896999999999999886e+01 -3.850492657875292934e-05
1.898000000000000043e+01 -3.832299762507318519e-05
1.899000000000000199e+01 -3.814192928075499367e-05
1.900000000000000000e+01 -3.796171711201168364e-05
1.901000000000000156e+01 -3.778235645768290851e-05
1.901999999999999957e+01 -3.760384299766883487e-05
1.903000000000000114e+01 -3.742617229818279156e-05
1.903999999999999915e+01 -3.724933981175126974e-05
1.905000000000000071e+01 -3.707334121827443596e-05
1.905999999999999872e+01 -3.689817219765245682e-05
1.907000000000000028e+01 -3.672382831609866116e-05
1.908000000000000185e+01 -3.655030536720005330e-05
1.908999999999999986e+01 -3.637759891716996208e-05
1.910000000000000142e+01 -3.620570487328222953e-05
1.910999999999999943e+01 -3.603461880175018450e-05
1.912000000000000099e+01 -3.586433660984766902e-05
1.912999999999999901e+01 -3.569485409116168739e-05
1.914000000000000057e+01 -3.552616703927924391e-05
1.915000000000000213e+01 -3.535827136147418059e-05
1.916000000000000014e+01 -3.519116285133350175e-05
1.917000000000000171e+01 -3.502483752981788712e-05
1.917999999999999972e+01 -3.485929119051434100e-05
1.919000000000000128e+01 -3.469451985438354313e-05
1.919999999999999929e+01 -3.453051942869933555e-05
1.921000000000000085e+01 -3.436728604810923571e-05
1.921999999999999886e+01 -3.420481561988708563e-05
1.923000000000000043e+01 -3.404310416499356506e-05
1.924000000000000199e+01 -3.388214781807619147e-05
1.925000000000000000e+01 -3.372194260009564459e-05
1.926000000000000156e+01 -3.356248464569944190e-05
1.926999999999999957e+01 -3.340377008953510085e-05
1.928000000000000114e+01 -3.324579506625013892e-05
1.928999999999999915e+01 -3.308855571049207356e-05
1.930000000000000071e+01 -3.293204827059525996e-05
1.930999999999999872e+01 -3.277626899489405332e-05
1.932000000000000028e+01 -3.262121413172280882e-05
1.933000000000000185e+01 -3.246687981572904391e-05
1.933999999999999986e+01 -3.231326240893395152e-05
1.935000000000000142e+01 -3.216035827335872455e-05
1.935999999999999943e+01 -3.200816365733771818e-05
1.937000000000000099e+01 -3.185667492289212532e-05
1.937999999999999901e+01 -3.170588843204313889e-05
1.939000000000000057e+01 -3.155580054681195179e-05
1.940000000000000213e+01 -3.140640774290659465e-05
1.941000000000000014e+01 -3.125770638234826038e-05
1.942000000000000171e+01 -3.110969282715814188e-05
1.942999999999999972e+01 -3.096236366673110751e-05
1.944000000000000128e+01 -3.081571537677518791e-05
1.944999999999999929e+01 -3.066974443299841369e-05
1.946000000000000085e+01 -3.052444742479565321e-05
1.946999999999999886e+01 -3.037982082787493709e-05
1.948000000000000043e+01 -3.023586123163113371e-05
1.949000000000000199e+01 -3.009256522545911139e-05
1.950000000000000000e+01 -2.994992939875373850e-05
1.951000000000000156e+01 -2.980795034090988338e-05
1.951999999999999957e+01 -2.966662475500925211e-05
1.953000000000000114e+01 -2.952594923044671305e-05
1.953999999999999915e+01 -2.938592047030397225e-05
1.955000000000000071e+01 -2.924653517766273580e-05
1.955999999999999872e+01 -2.910779016929154750e-05
1.957000000000000028e+01 -2.896968203458527569e-05
1.958000000000000185e+01 -2.883220759031246416e-05
1.958999999999999986e+01 -2.869536365324165672e-05
1.960000000000000142e+01 -2.855914692645455943e-05
1.960999999999999943e+01 -2.842355422671971610e-05
1.962000000000000099e+01 -2.828858237080567051e-05
1.962999999999999901e+01 -2.815422828916780418e-05
1.964000000000000057e+01 -2.802048879857466090e-05
1.965000000000000213e+01 -2.788736071579478448e-05
1.966000000000000014e+01 -2.775484097128355643e-05
1.967000000000000171e+01 -2.762292649549635826e-05
1.967999999999999972e+01 -2.749161421888857149e-05
1.969000000000000128e+01 -2.736090107191557763e-05
1.969999999999999929e+01 -2.723078409871959593e-05
1.971000000000000085e+01 -2.710126022975600790e-05
1.971999999999999886e+01 -2.697232639548019506e-05
1.973000000000000043e+01 -2.684397964003437664e-05
1.974000000000000199e+01 -2.671621700756077189e-05
1.975000000000000000e+01 -2.658903554220160004e-05
1.976000000000000156e+01 -2.646243240178591805e-05
1.976999999999999957e+01 -2.633640451676910743e-05
1.978000000000000114e+01 -2.621094904498022515e-05
1.978999999999999915e+01 -2.608606314424832817e-05
1.980000000000000071e+01 -2.596174385871563572e-05
1.980999999999999872e+01 -2.583798845989804249e-05
1.982000000000000028e+01 -2.571479399193776771e-05
1.983000000000000185e+01 -2.559215772635070607e-05
1.983999999999999986e+01 -2.547007670727907680e-05
1.985000000000000142e+01 -2.534854820623877458e-05
1.985999999999999943e+01 -2.522756949474569410e-05
1.987000000000000099e+01 -2.510713784431573004e-05
1.987999999999999901e+01 -2.498725041277793935e-05
1.989000000000000057e+01 -2.486790447164821671e-05
1.990000000000000213e+01 -2.474909740612929454e-05
1.991000000000000014e+01 -2.463082637405022979e-05
1.992000000000000171e+01 -2.451308876061375486e-05
1.992999999999999972e+01 -2.439588195102260215e-05
1.994000000000000128e+01 -2.427920321679266635e-05
1.994999999999999929e+01 -2.416304994312667986e-05
1.996000000000000085e+01 -2.404741951522737509e-05
1.996999999999999886e+01 -2.393230920461064670e-05
1.998000000000000043e+01 -2.381771651016606484e-05
1.999000000000000199e+01 -2.370363893078319961e-05
2.000000000000000000e+01 -2.359007373797794571e-05
2.001000000000000156e+01 -2.347701843063987326e-05
2.001999999999999957e+01 -2.336447050765855238e-05
2.003000000000000114e+01 -2.325242735423671547e-05
2.003999999999999915e+01 -2.314088658295077039e-05
2.005000000000000071e+01 -2.302984557900344953e-05
2.005999999999999872e+01 -2.291930195497116074e-05
2.007000000000000028e+01 -2.280925309605663642e-05
2.008000000000000185e+01 -2.269969661483628443e-05
2.008999999999999986e+01 -2.259063012388651259e-05
2.010000000000000142e+01 -2.248205112209689105e-05
2.010999999999999943e+01 -2.237395722204382764e-05
2.012000000000000099e+01 -2.226634603630373022e-05
2.012999999999999901e+01 -2.215921506376616890e-05
2.014000000000000057e+01 -2.205256203069438925e-05
2.015000000000000213e+01 -2.194638454966479912e-05
2.016000000000000014e+01 -2.184068023325380636e-05
2.017000000000000171e+01 -2.173544680772465654e-05
2.017999999999999972e+01 -2.163068188565375749e-05
2.019000000000000128e+01 -2.152638319330435479e-05
2.019999999999999929e+01 -2.142254834325285628e-05
2.021000000000000085e+01 -2.131917506176250754e-05
2.021999999999999886e+01 -2.121626118878339184e-05
2.023000000000000043e+01 -2.111380433689191705e-05
2.024000000000000199e+01 -2.101180223235132871e-05
2.025000000000000000e+01 -2.091025271511171013e-05
2.026000000000000156e+01 -2.080915351143630687e-05
2.026999999999999957e+01 -2.070850246127520222e-05
2.028000000000000114e+01 -2.060829729089164175e-05
2.028999999999999915e+01 -2.050853584023570875e-05
2.030000000000000071e+01 -2.040921594925748650e-05
2.030999999999999872e+01 -2.031033534422022058e-05
2.032000000000000028e+01 -2.021189197876083199e-05
2.033000000000000185e+01 -2.011388369282940403e-05
2.033999999999999986e+01 -2.001630832637601998e-05
2.035000000000000142e+01 -1.991916371935076313e-05
2.035999999999999943e+01 -1.982244782539055450e-05
2.037000000000000099e+01 -1.972615848444547737e-05
2.037999999999999901e+01 -1.963029365015245276e-05
2.039000000000000057e+01 -1.953485127614840167e-05
2.040000000000000213e+01 -1.943982920238340739e-05
2.041000000000000014e+01 -1.934522538249439094e-05
2.042000000000000171e+01 -1.925103788380511105e-05
2.042999999999999972e+01 -1.915726454626565101e-05
2.044000000000000128e+01 -1.906390343719976954e-05
2.044999999999999929e+01 -1.897095251024438767e-05
2.046000000000000085e+01 -1.887840971903642640e-05
2.046999999999999886e+01 -1.878627313089964446e-05
2.048000000000000043e+01 -1.869454069947096286e-05
2.049000000000000199e+01 -1.860321060576097807e-05
2.050000000000000000e+01 -1.851228068971977336e-05
2.051000000000000156e+01 -1.842174913235794520e-05
2.051999999999999957e+01 -1.833161400099925231e-05
2.053000000000000114e+01 -1.824187336296745343e-05
2.053999999999999915e+01 -1.815252528558630729e-05
2.055000000000000071e+01 -1.806356783617957262e-05
2.055999999999999872e+01 -1.797499908207100816e-05
2.057000000000000028e+01 -1.788681720427121036e-05
2.058000000000000185e+01 -1.779902027010393795e-05
2.058999999999999986e+01 -1.771160646057978738e-05
2.060000000000000142e+01 -1.762457395670935512e-05
2.060999999999999943e+01 -1.753792082581639988e-05
2.062000000000000099e+01 -1.745164524891151814e-05
2.062999999999999901e+01 -1.736574540700530633e-05
2.064000000000000057e+01 -1.728021948110836092e-05
2.065000000000000213e+01 -1.719506576591811609e-05
2.066000000000000014e+01 -1.711028232875833055e-05
2.067000000000000171e+01 -1.702586746432643849e-05
2.067999999999999972e+01 -1.694181935363303637e-05
2.069000000000000128e+01 -1.685813617768872064e-05
2.069999999999999929e+01 -1.677481623119092546e-05
2.071000000000000085e+01 -1.669185780883708503e-05
2.071999999999999886e+01 -1.660925909163779579e-05
2.073000000000000043e+01 -1.652701837429049192e-05
2.074000000000000199e+01 -1.644513395149260759e-05
2.075000000000000000e+01 -1.636360400425473927e-05
2.076000000000000156e+01 -1.628242694096115883e-05
2.076999999999999957e+01 -1.620160105630930047e-05
2.078000000000000114e+01 -1.612112464499659836e-05
2.078999999999999915e+01 -1.604099600172048667e-05
2.080000000000000071e+01 -1.596121353486523731e-05
2.080999999999999872e+01 -1.588177553912828444e-05
2.082000000000000028e+01 -1.580268030920706224e-05
2.083000000000000185e+01 -1.572392625348584261e-05
2.083999999999999986e+01 -1.564551178034889745e-05
2.085000000000000142e+01 -1.556743518449366093e-05
2.085999999999999943e+01 -1.548969487430440495e-05
2.087000000000000099e+01 -1.541228925816540141e-05
2.087999999999999901e+01 -1.533521674446092220e-05
2.089000000000000057e+01 -1.525847574157523923e-05
2.090000000000000213e+01 -1.518206465789262438e-05
2.091000000000000014e+01 -1.510598190179734956e-05
2.092000000000000171e+01 -1.503022588167368667e-05
2.092999999999999972e+01 -1.495479511959274532e-05
2.094000000000000128e+01 -1.487968802393879741e-05
2.094999999999999929e+01 -1.480490300309611484e-05
2.096000000000000085e+01 -1.473043857913580723e-05
2.096999999999999886e+01 -1.465629316044214647e-05
2.098000000000000043e+01 -1.458246538277307991e-05
2.099000000000000199e+01 -1.450895354082604172e-05
2.100000000000000000e+01 -1.443575627035897924e-05
2.101000000000000156e+01 -1.436287197975616436e-05
2.101999999999999957e+01 -1.429029930477554444e-05
2.103000000000000114e+01 -1.421803665380139137e-05
2.103999999999999915e+01 -1.414608266259165248e-05
2.105000000000000071e+01 -1.407443573953059968e-05
2.105999999999999872e+01 -1.400309452037618030e-05
2.107000000000000028e+01 -1.393205752719950397e-05
2.108000000000000185e+01 -1.386132328207168030e-05
2.108999999999999986e+01 -1.379089042075065663e-05
2.110000000000000142e+01 -1.372075746530754259e-05
2.110999999999999943e+01 -1.365092305150028551e-05
2.112000000000000099e+01 -1.358138570139999501e-05
2.112999999999999901e+01 -1.351214405076461844e-05
2.114000000000000057e+01 -1.344319673535210313e-05
2.115000000000000213e+01 -1.337454227723355871e-05
2.116000000000000014e+01 -1.330617931216693250e-05
2.117000000000000171e+01 -1.323810658959700959e-05
2.117999999999999972e+01 -1.317032263159489958e-05
2.119000000000000128e+01 -1.310282607391854981e-05
2.119999999999999929e+01 -1.303561555232590763e-05
2.121000000000000085e+01 -1.296868981626175810e-05
2.121999999999999886e+01 -1.290204738779721083e-05
2.123000000000000043e+01 -1.283568701637705090e-05
2.124000000000000199e+01 -1.276960745144606335e-05
2.125000000000000000e+01 -1.270380721507535782e-05
2.126000000000000156e+01 -1.263828505670971936e-05
2.126999999999999957e+01 -1.257303972579393303e-05
2.128000000000000114e+01 -1.250806985808594618e-05
2.128999999999999915e+01 -1.244337420303054387e-05
2.130000000000000071e+01 -1.237895151007251116e-05
2.130999999999999872e+01 -1.231480041496979538e-05
2.132000000000000028e+01 -1.225091966716718161e-05
2.133000000000000185e+01 -1.218730801610945491e-05
2.133999999999999986e+01 -1.212396421124140033e-05
2.135000000000000142e+01 -1.206088700200780295e-05
2.135999999999999943e+01 -1.199807513785344781e-05
2.137000000000000099e+01 -1.193552736822311999e-05
2.137999999999999901e+01 -1.187324244256160455e-05
2.139000000000000057e+01 -1.181121922400052426e-05
2.140000000000000213e+01 -1.174945634829782648e-05
2.141000000000000014e+01 -1.168795267858513398e-05
2.142000000000000171e+01 -1.162670707799406955e-05
2.142999999999999972e+01 -1.156571829596941825e-05
2.144000000000000128e+01 -1.150498508195596514e-05
2.144999999999999929e+01 -1.144450629908533301e-05
2.146000000000000085e+01 -1.138428069680230692e-05
2.146999999999999886e+01 -1.132430713823850965e-05
2.148000000000000043e+01 -1.126458448652556399e-05
2.149000000000000199e+01 -1.120511149110825500e-05
2.150000000000000000e+01 -1.114588712880504318e-05
2.151000000000000156e+01 -1.108691014906071359e-05
2.151999999999999957e+01 -1.102817941500688903e-05
2.153000000000000114e+01 -1.096969378977519227e-05
2.153999999999999915e+01 -1.091145213649724610e-05
2.155000000000000071e+01 -1.085345331830467330e-05
2.155999999999999872e+01 -1.079569619832909666e-05
2.157000000000000028e+01 -1.073817963970213896e-05
2.158000000000000185e+01 -1.068090261924226070e-05
2.158999999999999986e+01 -1.062386400008108467e-05
2.160000000000000142e+01 -1.056706264535023365e-05
2.160999999999999943e+01 -1.051049741818133043e-05
2.162000000000000099e+01 -1.045416729539283551e-05
2.162999999999999901e+01 -1.039807114011637168e-05
2.164000000000000057e+01 -1.034220792917039944e-05
2.165000000000000213e+01 -1.028657663937337929e-05
2.166000000000000014e+01 -1.023117613385693403e-05
2.167000000000000171e+01 -1.017600527575268643e-05
2.167999999999999972e+01 -1.012106315556593472e-05
2.169000000000000128e+01 -1.006634863642830169e-05
2.169999999999999929e+01 -1.001186058147141011e-05
2.171000000000000085e+01 -9.957598081200558227e-06
2.171999999999999886e+01 -9.903560112434206530e-06
2.173000000000000043e+01 -9.849745538303977810e-06
2.174000000000000199e+01 -9.796153449315170292e-06
2.175000000000000000e+01 -9.742782708599406760e-06
2.176000000000000156e+01 -9.689632406661985442e-06
2.176999999999999957e+01 -9.636701406634529121e-06
2.178000000000000114e+01 -9.583988799022336025e-06
2.178999999999999915e+01 -9.531493560643866658e-06
2.180000000000000071e+01 -9.479214668317581527e-06
2.180999999999999872e+01 -9.427151212548778858e-06
2.182000000000000028e+01 -9.375302170155919157e-06
2.183000000000000185e+01 -9.323666517957462929e-06
2.183999999999999986e+01 -9.272243346458708402e-06
2.185000000000000142e+01 -9.221031632478116080e-06
2.185999999999999943e+01 -9.170030466520984191e-06
2.187000000000000099e+01 -9.119238825405773241e-06
2.187999999999999901e+01 -9.068655799637781456e-06
2.189000000000000057e+01 -9.018280366035469342e-06
2.190000000000000213e+01 -8.968111615104135126e-06
2.191000000000000014e+01 -8.918148637349077035e-06
2.192000000000000171e+01 -8.868390409588755574e-06
2.192999999999999972e+01 -8.818836136015306693e-06
2.194000000000000128e+01 -8.769484793447190896e-06
2.194999999999999929e+01 -8.720335472389706410e-06
2.196000000000000085e+01 -8.671387263348151464e-06
2.196999999999999886e+01 -8.622639256827824283e-06
2.198000000000000043e+01 -8.574090543334023096e-06
2.199000000000000199e+01 -8.525740213372046128e-06
2.200000000000000000e+01 -8.477587357447191607e-06
2.201000000000000156e+01 -8.429631066064757761e-06
2.201999999999999957e+01 -8.381870543416880537e-06
2.203000000000000114e+01 -8.334304766322020441e-06
2.203999999999999915e+01 -8.286932938972313423e-06
2.205000000000000071e+01 -8.239754151873057708e-06
2.205999999999999872e+01 -8.192767495529551525e-06
2.207000000000000028e+01 -8.145972174133930821e-06
2.208000000000000185e+01 -8.099367278191493824e-06
2.208999999999999986e+01 -8.052952011894376483e-06
2.210000000000000142e+01 -8.006725465747877024e-06
2.210999999999999943e+01 -7.960686730257293675e-06
2.212000000000000099e+01 -7.914835009614762384e-06
2.212999999999999901e+01 -7.869169508012419101e-06
2.214000000000000057e+01 -7.823689315955562051e-06
2.215000000000000213e+01 -7.778393637636327185e-06
2.216000000000000014e+01 -7.733281677246850450e-06
2.217000000000000171e+01 -7.688352525292430073e-06
2.217999999999999972e+01 -7.643605385965202004e-06
2.219000000000000128e+01 -7.599039463457302190e-06
2.219999999999999929e+01 -7.554653961960866582e-06
2.221000000000000085e+01 -7.510447971981193405e-06
2.221999999999999886e+01 -7.466420811397256330e-06
2.223000000000000043e+01 -7.422571570714353584e-06
2.224000000000000199e+01 -7.378899567811458837e-06
2.225000000000000000e+01 -7.335403893193870317e-06
2.226000000000000156e+01 -7.292083751053723972e-06
2.226999999999999957e+01 -7.248938459269993473e-06
2.228000000000000114e+01 -7.205967222034814768e-06
2.228999999999999915e+01 -7.163169129853486083e-06
2.230000000000000071e+01 -7.120543500604981091e-06
2.230999999999999872e+01 -7.078089538481435739e-06
2.232000000000000028e+01 -7.035806561361823697e-06
2.233000000000000185e+01 -6.993693773438280914e-06
2.233999999999999986e+01 -6.951750265216105618e-06
2.235000000000000142e+01 -6.909975468261109199e-06
2.235999999999999943e+01 -6.868368586765427608e-06
2.237000000000000099e+01 -6.826928824921196792e-06
2.237999999999999901e+01 -6.785655386920552701e-06
2.239000000000000057e+01 -6.744547590642469004e-06
2.240000000000000213e+01 -6.703604753965919372e-06
2.241000000000000014e+01 -6.662826081083039753e-06
2.242000000000000171e+01 -6.622210889872803818e-06
2.242999999999999972e+01 -6.581758384527347516e-06
2.244000000000000128e+01 -6.541467882925644517e-06
2.244999999999999929e+01 -6.501338589259830769e-06
2.246000000000000085e+01 -6.461369821408879943e-06
2.246999999999999886e+01 -6.421560897251765709e-06
2.248000000000000043e+01 -6.381911134667461738e-06
2.249000000000000199e+01 -6.342419851534941699e-06
2.250000000000000000e+01 -6.303086252046341542e-06
2.251000000000000156e+01 -6.263909654080634937e-06
2.251999999999999957e+01 -6.224889375516795553e-06
2.253000000000000114e+01 -6.186024734233797062e-06
2.253999999999999915e+01 -6.147315048110613134e-06
2.255000000000000071e+01 -6.108759635026217438e-06
2.255999999999999872e+01 -6.070357812859583646e-06
2.257000000000000028e+01 -6.032108899489685427e-06
2.258000000000000185e+01 -5.994012099108658731e-06
2.258999999999999986e+01 -5.956066843282314949e-06
2.260000000000000142e+01 -5.918272563576465473e-06
2.260999999999999943e+01 -5.880628464183246251e-06
2.262000000000000099e+01 -5.843133862981630955e-06
2.262999999999999901e+01 -5.805788191537430976e-06
2.264000000000000057e+01 -5.768590767729619984e-06
2.265000000000000213e+01 -5.731540909437171649e-06
2.266000000000000014e+01 -5.694637934539059643e-06
2.267000000000000171e+01 -5.657881274601095356e-06
2.267999999999999972e+01 -5.621270247502252460e-06
2.269000000000000128e+01 -5.584804171121504623e-06
2.269999999999999929e+01 -5.548482477024663240e-06
2.271000000000000085e+01 -5.512304483090701979e-06
2.271999999999999886e+01 -5.476269620885432232e-06
2.273000000000000043e+01 -5.440377208287827671e-06
2.274000000000000199e+01 -5.404626676863699686e-06
2.275000000000000000e+01 -5.369017344492021948e-06
2.276000000000000156e+01 -5.333548529051768128e-06
2.276999999999999957e+01 -5.298219775795587339e-06
2.278000000000000114e+01 -5.263030288915615529e-06
2.278999999999999915e+01 -5.227979613664501812e-06
2.280000000000000071e+01 -5.193067067921219859e-06
2.280999999999999872e+01 -5.158292083251581062e-06
2.282000000000000028e+01 -5.123653977534559090e-06
2.283000000000000185e+01 -5.089152296022803057e-06
2.283999999999999986e+01 -5.054786356595286634e-06
2.285000000000000142e+01 -5.020555590817821212e-06
2.285999999999999943e+01 -4.986459316569380462e-06
2.287000000000000099e+01 -4.952497079102613498e-06
2.287999999999999901e+01 -4.918668196296493988e-06
2.289000000000000057e+01 -4.884972099716833327e-06
2.290000000000000213e+01 -4.851408220929442905e-06
2.291000000000000014e+01 -4.817975991500134114e-06
2.292000000000000171e+01 -4.784674842994718347e-06
2.292999999999999972e+01 -4.751504206979006995e-06
2.294000000000000128e+01 -4.718463515018811449e-06
2.294999999999999929e+01 -4.685552198679943103e-06
2.296000000000000085e+01 -4.652769689528213348e-06
2.296999999999999886e+01 -4.620115419129433576e-06
2.298000000000000043e+01 -4.587588819049415179e-06
2.299000000000000199e+01 -4.555189434540807270e-06
2.300000000000000000e+01 -4.522916583482583519e-06
2.301000000000000156e+01 -4.490769811127393041e-06
2.301999999999999957e+01 -4.458748549041047227e-06
2.303000000000000114e+01 -4.426852228789357468e-06
2.303999999999999915e+01 -4.395080281938135158e-06
2.305000000000000071e+01 -4.363432253740029410e-06
2.305999999999999872e+01 -4.331907462074013893e-06
2.307000000000000028e+01 -4.300505565879575443e-06
2.308000000000000185e+01 -4.269225883035687730e-06
2.308999999999999986e+01 -4.238067958794999868e-06
2.310000000000000142e+01 -4.207031224723323248e-06
2.310999999999999943e+01 -4.176115226073306985e-06
2.312000000000000099e+01 -4.145319394410762470e-06
2.312999999999999901e+01 -4.114643161301501095e-06
2.314000000000000057e+01 -4.084086071998171974e-06
2.315000000000000213e+01 -4.053647558066586498e-06
2.316000000000000014e+01 -4.023327164759393781e-06
2.317000000000000171e+01 -3.993124323642405216e-06
2.317999999999999972e+01 -3.963038579968269914e-06
2.319000000000000128e+01 -3.933069478989636991e-06
2.319999999999999929e+01 -3.903216452272317838e-06
2.321000000000000085e+01 -3.873479045068961568e-06
2.321999999999999886e+01 -3.843856688945379574e-06
2.323000000000000043e+01 -3.814348929154220968e-06
2.324000000000000199e+01 -3.784955310948134866e-06
2.325000000000000000e+01 -3.755675265892932657e-06
2.326000000000000156e+01 -3.726508339241263457e-06
2.326999999999999957e+01 -3.697454076245776378e-06
2.328000000000000114e+01 -3.668511908472282812e-06
2.328999999999999915e+01 -3.639681494860269595e-06
2.330000000000000071e+01 -3.610962266975548118e-06
2.330999999999999872e+01 -3.582353770070767496e-06
2.332000000000000028e+01 -3.553855435711739119e-06
2.333000000000000185e+01 -3.525466922837949824e-06
2.333999999999999986e+01 -3.497187663015211001e-06
2.335000000000000142e+01 -3.469017315183009487e-06
2.335999999999999943e+01 -3.440955310907156672e-06
2.337000000000000099e+01 -3.413001195440301672e-06
2.337999999999999901e+01 -3.385154514035093598e-06
2.339000000000000057e+01 -3.357414811944181565e-06
2.340000000000000213e+01 -3.329781634420214687e-06
2.341000000000000014e+01 -3.302254526715842076e-06
2.342000000000000171e+01 -3.274833034083712846e-06
2.342999999999999972e+01 -3.247516815463313833e-06
2.344000000000000128e+01 -3.220305302420456428e-06
2.344999999999999929e+01 -3.193198040207789745e-06
2.346000000000000085e+01 -3.166194574077962898e-06
2.346999999999999886e+01 -3.139294562970462721e-06
2.348000000000000043e+01 -3.112497438451100606e-06
2.349000000000000199e+01 -3.085802859459363390e-06
2.350000000000000000e+01 -3.059210371247900184e-06
2.351000000000000156e+01 -3.032719519069360103e-06
2.351999999999999957e+01 -3.006329961863229983e-06
2.353000000000000114e+01 -2.980041131195321213e-06
2.353999999999999915e+01 -2.953852686005120631e-06
2.355000000000000071e+01 -2.927764171545277350e-06
2.355999999999999872e+01 -2.901775133068440482e-06
2.357000000000000028e+01 -2.875885229514096864e-06
2.358000000000000185e+01 -2.850094006134895608e-06
2.358999999999999986e+01 -2.824401008183485828e-06
2.360000000000000142e+01 -2.798805894599354360e-06
2.360999999999999943e+01 -2.773308096948312595e-06
2.362000000000000099e+01 -2.747907387856685091e-06
2.362999999999999901e+01 -2.722603312577120960e-06
2.364000000000000057e+01 -2.697395416362269316e-06
2.365000000000000213e+01 -2.672283244464779273e-06
2.366000000000000014e+01 -2.647266455824137665e-06
2.367000000000000171e+01 -2.622344709379831329e-06
2.367999999999999972e+01 -2.597517550384509377e-06
2.369000000000000128e+01 -2.572784524090820923e-06
2.369999999999999929e+01 -2.548145289438252803e-06
2.371000000000000085e+01 -2.523599391679454129e-06
2.371999999999999886e+01 -2.499146489753911737e-06
2.373000000000000043e+01 -2.474786242601112463e-06
2.374000000000000199e+01 -2.450518195473705418e-06
2.375000000000000000e+01 -2.426342007311177440e-06
2.376000000000000156e+01 -2.402257223366177641e-06
2.376999999999999957e+01 -2.378263502578192856e-06
2.378000000000000114e+01 -2.354360503886709921e-06
2.378999999999999915e+01 -2.330547772544377949e-06
2.380000000000000071e+01 -2.306824967490683775e-06
2.380999999999999872e+01 -2.283191633978276514e-06
2.382000000000000028e+01 -2.259647544633480720e-06
2.383000000000000185e+01 -2.236192244708945509e-06
2.383999999999999986e+01 -2.212825279457319994e-06
2.385000000000000142e+01 -2.189546421504928730e-06
2.385999999999999943e+01 -2.166355216104420833e-06
2.387000000000000099e+01 -2.143251322195283137e-06
2.387999999999999901e+01 -2.120234398717002477e-06
2.389000000000000057e+01 -2.097304104609065689e-06
2.390000000000000213e+01 -2.074459985124121886e-06
2.391000000000000014e+01 -2.051701699201657902e-06
2.392000000000000171e+01 -2.029028905781160574e-06
2.392999999999999972e+01 -2.006441263802116737e-06
2.394000000000000128e+01 -1.983938432204013225e-06
2.394999999999999929e+01 -1.961520069926336873e-06
2.396000000000000085e+01 -1.939185835908574518e-06
2.396999999999999886e+01 -1.916935275403375272e-06
2.398000000000000043e+01 -1.894768161037063692e-06
2.399000000000000199e+01 -1.872684038062288892e-06
2.400000000000000000e+01 -1.850682565418537706e-06
2.401000000000000156e+01 -1.828763515732134692e-06
2.401999999999999957e+01 -1.806926434255728964e-06
2.403000000000000114e+01 -1.785170979928807355e-06
2.403999999999999915e+01 -1.763496925377694424e-06
2.405000000000000071e+01 -1.741903815855039284e-06
2.406000000000000227e+01 -1.720391423987166490e-06
2.407000000000000028e+01 -1.698959295026725158e-06
2.408000000000000185e+01 -1.677607201600039843e-06
2.408999999999999986e+01 -1.656334688959759660e-06
2.410000000000000142e+01 -1.635141529732209165e-06
2.410999999999999943e+01 -1.614027382856875192e-06
2.412000000000000099e+01 -1.592991907273244578e-06
2.412999999999999901e+01 -1.572034761920804158e-06
2.414000000000000057e+01 -1.551155605739040766e-06
2.415000000000000213e+01 -1.530354211354278959e-06
2.416000000000000014e+01 -1.509630124019167852e-06
2.417000000000000171e+01 -1.488983116360032000e-06
2.417999999999999972e+01 -1.468412847316358238e-06
2.419000000000000128e+01 -1.447918975827633403e-06
2.419999999999999929e+01 -1.427501274520182051e-06
2.421000000000000085e+01 -1.407159402333491016e-06
2.421999999999999886e+01 -1.386893018207047135e-06
2.423000000000000043e+01 -1.366701781080337241e-06
2.424000000000000199e+01 -1.346585349892848171e-06
2.425000000000000000e+01 -1.326543497270904481e-06
2.426000000000000156e+01 -1.306575882153993007e-06
2.426999999999999957e+01 -1.286682163481600583e-06
2.428000000000000114e+01 -1.266862113880051766e-06
2.428999999999999915e+01 -1.247115392288833391e-06
2.430000000000000071e+01 -1.227441657647432294e-06
2.431000000000000227e+01 -1.207840682582173031e-06
2.432000000000000028e+01 -1.188312126032542437e-06
2.433000000000000185e+01 -1.168855760624865070e-06
2.433999999999999986e+01 -1.149471245298627764e-06
2.435000000000000142e+01 -1.130158238993317354e-06
2.435999999999999943e+01 -1.110916514335258398e-06
2.437000000000000099e+01 -1.091745730263937730e-06
2.437999999999999901e+01 -1.072645659405679908e-06
2.439000000000000057e+01 -1.053615960699971765e-06
2.440000000000000213e+01 -1.034656293086300138e-06
2.441000000000000014e+01 -1.015766429190989584e-06
2.442000000000000171e+01 -9.969461416403646581e-07
2.442999999999999972e+01 -9.781950893739121966e-07
2.444000000000000128e+01 -9.595129313311190344e-07
2.444999999999999929e+01 -9.408994401383097284e-07
2.446000000000000085e+01 -9.223543884218088351e-07
2.446999999999999886e+01 -9.038774351211031899e-07
2.448000000000000043e+01 -8.854683528625173494e-07
2.449000000000000199e+01 -8.671268005855381489e-07
2.450000000000000000e+01 -8.488525509164901450e-07
2.451000000000000156e+01 -8.306452627948601730e-07
2.451999999999999957e+01 -8.125047088469727896e-07
2.453000000000000114e+01 -7.944306616991525516e-07
2.453999999999999915e+01 -7.764227802908862941e-07
2.455000000000000071e+01 -7.584808372484985739e-07
2.456000000000000227e+01 -7.406044915114762262e-07
2.457000000000000028e+01 -7.227935157061438076e-07
2.458000000000000185e+01 -7.050476824588258751e-07
2.458999999999999986e+01 -6.873667643958469853e-07
2.460000000000000142e+01 -6.697504204566939734e-07
2.460999999999999943e+01 -6.521984232676913962e-07
2.462000000000000099e+01 -6.347104317683260888e-07
2.462999999999999901e+01 -6.172863322717603296e-07
2.464000000000000057e+01 -5.999257837174809538e-07
2.465000000000000213e+01 -5.826284450449747965e-07
2.466000000000000014e+01 -5.653942025674041361e-07
2.467000000000000171e+01 -5.482227152242558077e-07
2.467999999999999972e+01 -5.311137556418543682e-07
2.469000000000000128e+01 -5.140670964465243742e-07
2.469999999999999929e+01 -4.970823965777526610e-07
2.471000000000000085e+01 -4.801595423487015069e-07
2.471999999999999886e+01 -4.632981926988577470e-07
2.473000000000000043e+01 -4.464981202545459382e-07
2.474000000000000199e+01 -4.297590976420906372e-07
2.475000000000000000e+01 -4.130808974878164008e-07
2.476000000000000156e+01 -3.964631787312100641e-07
2.476999999999999957e+01 -3.799057139985961840e-07
2.478000000000000114e+01 -3.634083896031370386e-07
2.478999999999999915e+01 -3.469708644843194634e-07
2.480000000000000071e+01 -3.305929112684680149e-07
2.481000000000000227e+01 -3.142743025819072500e-07
2.482000000000000028e+01 -2.980146973641240038e-07
2.483000000000000185e+01 -2.818139819282805547e-07
2.483999999999999986e+01 -2.656719289007014595e-07
2.485000000000000142e+01 -2.495881972208735533e-07
2.485999999999999943e+01 -2.335625595151213929e-07
2.487000000000000099e+01 -2.175949020966072567e-07
2.487999999999999901e+01 -2.016848839048179798e-07
2.489000000000000057e+01 -1.858323912529158406e-07
2.490000000000000213e+01 -1.700370830803876743e-07
2.491000000000000014e+01 -1.542987320135580376e-07
2.492000000000000171e+01 -1.386171106787514873e-07
2.492999999999999972e+01 -1.229921053891303018e-07
2.494000000000000128e+01 -1.074233750841813162e-07
2.494999999999999929e+01 -9.191069239022908732e-08
2.496000000000000085e+01 -7.645394362043589354e-08
2.496999999999999886e+01 -6.105278771428856999e-08
2.498000000000000043e+01 -4.570699729811167344e-08
2.499000000000000199e+01 -3.041645868506748229e-08
2.500000000000000000e+01 -1.518083081464283168e-08
2.501000000000000156e+01 0.000000000000000000e+00
2.501999999999999957e+01 0.000000000000000000e+00
2.503000000000000114e+01 0.000000000000000000e+00
2.503999999999999915e+01 0.000000000000000000e+00
2.505000000000000071e+01 0.000000000000000000e+00
2.506000000000000227e+01 0.000000000000000000e+00
2.507000000000000028e+01 0.000000000000000000e+00
2.508000000000000185e+01 0.000000000000000000e+00
2.508999999999999986e+01 0.000000000000000000e+00
2.510000000000000142e+01 0.000000000000000000e+00
2.510999999999999943e+01 0.000000000000000000e+00
2.512000000000000099e+01 0.000000000000000000e+00
2.512999999999999901e+01 0.000000000000000000e+00
2.514000000000000057e+01 0.000000000000000000e+00
2.515000000000000213e+01 0.000000000000000000e+00
2.516000000000000014e+01 0.000000000000000000e+00
2.517000000000000171e+01 0.000000000000000000e+00
2.517999999999999972e+01 0.000000000000000000e+00
2.519000000000000128e+01 0.000000000000000000e+00
2.519999999999999929e+01 0.000000000000000000e+00
2.521000000000000085e+01 0.000000000000000000e+00
2.521999999999999886e+01 0.000000000000000000e+00
2.523000000000000043e+01 0.000000000000000000e+00
2.524000000000000199e+01 0.000000000000000000e+00
2.525000000000000000e+01 0.000000000000000000e+00
2.526000000000000156e+01 0.000000000000000000e+00
2.526999999999999957e+01 0.000000000000000000e+00
2.528000000000000114e+01 0.000000000000000000e+00
2.528999999999999915e+01 0.000000000000000000e+00
2.530000000000000071e+01 0.000000000000000000e+00
2.531000000000000227e+01 0.000000000000000000e+00
2.532000000000000028e+01 0.000000000000000000e+00
2.533000000000000185e+01 0.000000000000000000e+00
2.533999999999999986e+01 0.000000000000000000e+00
2.535000000000000142e+01 0.000000000000000000e+00
2.535999999999999943e+01 0.000000000000000000e+00
2.537000000000000099e+01 0.000000000000000000e+00
2.537999999999999901e+01 0.000000000000000000e+00
2.539000000000000057e+01 0.000000000000000000e+00
2.540000000000000213e+01 0.000000000000000000e+00
2.541000000000000014e+01 0.000000000000000000e+00
2.542000000000000171e+01 0.000000000000000000e+00
2.542999999999999972e+01 0.000000000000000000e+00
2.544000000000000128e+01 0.000000000000000000e+00
2.544999999999999929e+01 0.000000000000000000e+00
2.546000000000000085e+01 0.000000000000000000e+00
2.546999999999999886e+01 0.000000000000000000e+00
2.548000000000000043e+01 0.000000000000000000e+00
2.549000000000000199e+01 0.000000000000000000e+00
2.550000000000000000e+01 0.000000000000000000e+00
2.551000000000000156e+01 0.000000000000000000e+00
2.551999999999999957e+01 0.000000000000000000e+00
2.553000000000000114e+01 0.000000000000000000e+00
2.553999999999999915e+01 0.000000000000000000e+00
2.555000000000000071e+01 0.000000000000000000e+00
2.556000000000000227e+01 0.000000000000000000e+00
2.557000000000000028e+01 0.000000000000000000e+00
2.558000000000000185e+01 0.000000000000000000e+00
2.558999999999999986e+01 0.000000000000000000e+00
2.560000000000000142e+01 0.000000000000000000e+00
2.560999999999999943e+01 0.000000000000000000e+00
2.562000000000000099e+01 0.000000000000000000e+00
2.562999999999999901e+01 0.000000000000000000e+00
2.564000000000000057e+01 0.000000000000000000e+00
2.565000000000000213e+01 0.000000000000000000e+00
2.566000000000000014e+01 0.000000000000000000e+00
2.567000000000000171e+01 0.000000000000000000e+00
2.567999999999999972e+01 0.000000000000000000e+00
2.569000000000000128e+01 0.000000000000000000e+00
2.569999999999999929e+01 0.000000000000000000e+00
2.571000000000000085e+01 0.000000000000000000e+00
2.571999999999999886e+01 0.000000000000000000e+00
2.573000000000000043e+01 0.000000000000000000e+00
2.574000000000000199e+01 0.000000000000000000e+00
2.575000000000000000e+01 0.000000000000000000e+00
2.576000000000000156e+01 0.000000000000000000e+00
2.576999999999999957e+01 0.000000000000000000e+00
2.578000000000000114e+01 0.000000000000000000e+00
2.578999999999999915e+01 0.000000000000000000e+00
2.580000000000000071e+01 0.000000000000000000e+00
2.581000000000000227e+01 0.000000000000000000e+00
2.582000000000000028e+01 0.000000000000000000e+00
2.583000000000000185e+01 0.000000000000000000e+00
2.583999999999999986e+01 0.000000000000000000e+00
2.585000000000000142e+01 0.000000000000000000e+00
2.585999999999999943e+01 0.000000000000000000e+00
2.587000000000000099e+01 0.000000000000000000e+00
2.587999999999999901e+01 0.000000000000000000e+00
2.589000000000000057e+01 0.000000000000000000e+00
2.590000000000000213e+01 0.000000000000000000e+00
2.591000000000000014e+01 0.000000000000000000e+00
2.592000000000000171e+01 0.000000000000000000e+00
2.592999999999999972e+01 0.000000000000000000e+00
2.594000000000000128e+01 0.000000000000000000e+00
2.594999999999999929e+01 0.000000000000000000e+00
2.596000000000000085e+01 0.000000000000000000e+00
2.596999999999999886e+01 0.000000000000000000e+00
2.598000000000000043e+01 0.000000000000000000e+00
2.599000000000000199e+01 0.000000000000000000e+00
2.600000000000000000e+01 0.000000000000000000e+00
2.601000000000000156e+01 0.000000000000000000e+00
2.601999999999999957e+01 0.000000000000000000e+00
2.603000000000000114e+01 0.000000000000000000e+00
2.603999999999999915e+01 0.000000000000000000e+00
2.605000000000000071e+01 0.000000000000000000e+00
2.606000000000000227e+01 0.000000000000000000e+00
2.607000000000000028e+01 0.000000000000000000e+00
2.608000000000000185e+01 0.000000000000000000e+00
2.608999999999999986e+01 0.000000000000000000e+00
2.610000000000000142e+01 0.000000000000000000e+00
2.610999999999999943e+01 0.000000000000000000e+00
2.612000000000000099e+01 0.000000000000000000e+00
2.612999999999999901e+01 0.000000000000000000e+00
2.614000000000000057e+01 0.000000000000000000e+00
2.615000000000000213e+01 0.000000000000000000e+00
2.616000000000000014e+01 0.000000000000000000e+00
2.617000000000000171e+01 0.000000000000000000e+00
2.617999999999999972e+01 0.000000000000000000e+00
2.619000000000000128e+01 0.000000000000000000e+00
2.619999999999999929e+01 0.000000000000000000e+00
2.621000000000000085e+01 0.000000000000000000e+00
2.621999999999999886e+01 0.000000000000000000e+00
2.623000000000000043e+01 0.000000000000000000e+00
2.624000000000000199e+01 0.000000000000000000e+00
2.625000000000000000e+01 0.000000000000000000e+00
2.626000000000000156e+01 0.000000000000000000e+00
2.626999999999999957e+01 0.000000000000000000e+00
2.628000000000000114e+01 0.000000000000000000e+00
2.628999999999999915e+01 0.000000000000000000e+00
2.630000000000000071e+01 0.000000000000000000e+00
2.631000000000000227e+01 0.000000000000000000e+00
2.632000000000000028e+01 0.000000000000000000e+00
2.633000000000000185e+01 0.000000000000000000e+00
2.633999999999999986e+01 0.000000000000000000e+00
2.635000000000000142e+01 0.000000000000000000e+00
2.635999999999999943e+01 0.000000000000000000e+00
2.637000000000000099e+01 0.000000000000000000e+00
2.637999999999999901e+01 0.000000000000000000e+00
2.639000000000000057e+01 0.000000000000000000e+00
2.640000000000000213e+01 0.000000000000000000e+00
2.641000000000000014e+01 0.000000000000000000e+00
2.642000000000000171e+01 0.000000000000000000e+00
2.642999999999999972e+01 0.000000000000000000e+00
2.644000000000000128e+01 0.000000000000000000e+00
2.644999999999999929e+01 0.000000000000000000e+00
2.646000000000000085e+01 0.000000000000000000e+00
2.646999999999999886e+01 0.000000000000000000e+00
2.648000000000000043e+01 0.000000000000000000e+00
2.649000000000000199e+01 0.000000000000000000e+00
2.650000000000000000e+01 0.000000000000000000e+00
2.651000000000000156e+01 0.000000000000000000e+00
2.651999999999999957e+01 0.000000000000000000e+00
2.653000000000000114e+01 0.000000000000000000e+00
2.653999999999999915e+01 0.000000000000000000e+00
2.655000000000000071e+01 0.000000000000000000e+00
2.656000000000000227e+01 0.000000000000000000e+00
2.657000000000000028e+01 0.000000000000000000e+00
2.658000000000000185e+01 0.000000000000000000e+00
2.658999999999999986e+01 0.000000000000000000e+00
2.660000000000000142e+01 0.000000000000000000e+00
2.660999999999999943e+01 0.000000000000000000e+00
2.662000000000000099e+01 0.000000000000000000e+00
2.662999999999999901e+01 0.000000000000000000e+00
2.664000000000000057e+01 0.000000000000000000e+00
2.665000000000000213e+01 0.000000000000000000e+00
2.666000000000000014e+01 0.000000000000000000e+00
2.667000000000000171e+01 0.000000000000000000e+00
2.667999999999999972e+01 0.000000000000000000e+00
2.669000000000000128e+01 0.000000000000000000e+00
2.669999999999999929e+01 0.000000000000000000e+00
2.671000000000000085e+01 0.000000000000000000e+00
2.671999999999999886e+01 0.000000000000000000e+00
2.673000000000000043e+01 0.000000000000000000e+00
2.674000000000000199e+01 0.000000000000000000e+00
2.675000000000000000e+01 0.000000000000000000e+00
2.676000000000000156e+01 0.000000000000000000e+00
2.676999999999999957e+01 0.000000000000000000e+00
2.678000000000000114e+01 0.000000000000000000e+00
2.678999999999999915e+01 0.000000000000000000e+00
2.680000000000000071e+01 0.000000000000000000e+00
2.681000000000000227e+01 0.000000000000000000e+00
2.682000000000000028e+01 0.000000000000000000e+00
2.683000000000000185e+01 0.000000000000000000e+00
2.683999999999999986e+01 0.000000000000000000e+00
2.685000000000000142e+01 0.000000000000000000e+00
2.685999999999999943e+01 0.000000000000000000e+00
2.687000000000000099e+01 0.000000000000000000e+00
2.687999999999999901e+01 0.000000000000000000e+00
2.689000000000000057e+01 0.000000000000000000e+00
2.690000000000000213e+01 0.000000000000000000e+00
2.691000000000000014e+01 0.000000000000000000e+00
2.692000000000000171e+01 0.000000000000000000e+00
2.692999999999999972e+01 0.000000000000000000e+00
2.694000000000000128e+01 0.000000000000000000e+00
2.694999999999999929e+01 0.000000000000000000e+00
2.696000000000000085e+01 0.000000000000000000e+00
2.696999999999999886e+01 0.000000000000000000e+00
2.698000000000000043e+01 0.000000000000000000e+00
2.699000000000000199e+01 0.000000000000000000e+00
2.700000000000000000e+01 0.000000000000000000e+00
2.701000000000000156e+01 0.000000000000000000e+00
2.701999999999999957e+01 0.000000000000000000e+00
2.703000000000000114e+01 0.000000000000000000e+00
2.703999999999999915e+01 0.000000000000000000e+00
2.705000000000000071e+01 0.000000000000000000e+00
2.706000000000000227e+01 0.000000000000000000e+00
2.707000000000000028e+01 0.000000000000000000e+00
2.708000000000000185e+01 0.000000000000000000e+00
2.708999999999999986e+01 0.000000000000000000e+00
2.710000000000000142e+01 0.000000000000000000e+00
2.710999999999999943e+01 0.000000000000000000e+00
2.712000000000000099e+01 0.000000000000000000e+00
2.712999999999999901e+01 0.000000000000000000e+00
2.714000000000000057e+01 0.000000000000000000e+00
2.715000000000000213e+01 0.000000000000000000e+00
2.716000000000000014e+01 0.000000000000000000e+00
2.717000000000000171e+01 0.000000000000000000e+00
2.717999999999999972e+01 0.000000000000000000e+00
2.719000000000000128e+01 0.000000000000000000e+00
2.719999999999999929e+01 0.000000000000000000e+00
2.721000000000000085e+01 0.000000000000000000e+00
2.721999999999999886e+01 0.000000000000000000e+00
2.723000000000000043e+01 0.000000000000000000e+00
2.724000000000000199e+01 0.000000000000000000e+00
2.725000000000000000e+01 0.000000000000000000e+00
2.726000000000000156e+01 0.000000000000000000e+00
2.726999999999999957e+01 0.000000000000000000e+00
2.728000000000000114e+01 0.000000000000000000e+00
2.728999999999999915e+01 0.000000000000000000e+00
2.730000000000000071e+01 0.000000000000000000e+00
2.731000000000000227e+01 0.000000000000000000e+00
2.732000000000000028e+01 0.000000000000000000e+00
2.733000000000000185e+01 0.000000000000000000e+00
2.733999999999999986e+01 0.000000000000000000e+00
2.735000000000000142e+01 0.000000000000000000e+00
2.735999999999999943e+01 0.000000000000000000e+00
2.737000000000000099e+01 0.000000000000000000e+00
2.737999999999999901e+01 0.000000000000000000e+00
2.739000000000000057e+01 0.000000000000000000e+00
2.740000000000000213e+01 0.000000000000000000e+00
2.741000000000000014e+01 0.000000000000000000e+00
2.742000000000000171e+01 0.000000000000000000e+00
2.742999999999999972e+01 0.000000000000000000e+00
2.744000000000000128e+01 0.000000000000000000e+00
2.744999999999999929e+01 0.000000000000000000e+00
2.746000000000000085e+01 0.000000000000000000e+00
2.746999999999999886e+01 0.000000000000000000e+00
2.748000000000000043e+01 0.000000000000000000e+00
2.749000000000000199e+01 0.000000000000000000e+00
2.750000000000000000e+01 0.000000000000000000e+00
2.751000000000000156e+01 0.000000000000000000e+00
2.751999999999999957e+01 0.000000000000000000e+00
2.753000000000000114e+01 0.000000000000000000e+00
2.753999999999999915e+01 0.000000000000000000e+00
2.755000000000000071e+01 0.000000000000000000e+00
2.756000000000000227e+01 0.000000000000000000e+00
2.757000000000000028e+01 0.000000000000000000e+00
2.758000000000000185e+01 0.000000000000000000e+00
2.758999999999999986e+01 0.000000000000000000e+00
2.760000000000000142e+01 0.000000000000000000e+00
2.760999999999999943e+01 0.000000000000000000e+00
2.762000000000000099e+01 0.000000000000000000e+00
2.762999999999999901e+01 0.000000000000000000e+00
2.764000000000000057e+01 0.000000000000000000e+00
2.765000000000000213e+01 0.000000000000000000e+00
2.766000000000000014e+01 0.000000000000000000e+00
2.767000000000000171e+01 0.000000000000000000e+00
2.767999999999999972e+01 0.000000000000000000e+00
2.769000000000000128e+01 0.000000000000000000e+00
2.769999999999999929e+01 0.000000000000000000e+00
2.771000000000000085e+01 0.000000000000000000e+00
2.771999999999999886e+01 0.000000000000000000e+00
2.773000000000000043e+01 0.000000000000000000e+00
2.774000000000000199e+01 0.000000000000000000e+00
2.775000000000000000e+01 0.000000000000000000e+00
2.776000000000000156e+01 0.000000000000000000e+00
2.776999999999999957e+01 0.000000000000000000e+00
2.778000000000000114e+01 0.000000000000000000e+00
2.778999999999999915e+01 0.000000000000000000e+00
2.780000000000000071e+01 0.000000000000000000e+00
2.781000000000000227e+01 0.000000000000000000e+00
2.782000000000000028e+01 0.000000000000000000e+00
2.783000000000000185e+01 0.000000000000000000e+00
2.783999999999999986e+01 0.000000000000000000e+00
2.785000000000000142e+01 0.000000000000000000e+00
2.785999999999999943e+01 0.000000000000000000e+00
2.787000000000000099e+01 0.000000000000000000e+00
2.787999999999999901e+01 0.000000000000000000e+00
2.789000000000000057e+01 0.000000000000000000e+00
2.790000000000000213e+01 0.000000000000000000e+00
2.791000000000000014e+01 0.000000000000000000e+00
2.792000000000000171e+01 0.000000000000000000e+00
2.792999999999999972e+01 0.000000000000000000e+00
2.794000000000000128e+01 0.000000000000000000e+00
2.794999999999999929e+01 0.000000000000000000e+00
2.796000000000000085e+01 0.000000000000000000e+00
2.796999999999999886e+01 0.000000000000000000e+00
2.798000000000000043e+01 0.000000000000000000e+00
2.799000000000000199e+01 0.000000000000000000e+00
2.800000000000000000e+01 0.000000000000000000e+00
2.801000000000000156e+01 0.000000000000000000e+00
2.801999999999999957e+01 0.000000000000000000e+00
2.803000000000000114e+01 0.000000000000000000e+00
2.803999999999999915e+01 0.000000000000000000e+00
2.805000000000000071e+01 0.000000000000000000e+00
2.806000000000000227e+01 0.000000000000000000e+00
2.807000000000000028e+01 0.000000000000000000e+00
2.808000000000000185e+01 0.000000000000000000e+00
2.808999999999999986e+01 0.000000000000000000e+00
2.810000000000000142e+01 0.000000000000000000e+00
2.810999999999999943e+01 0.000000000000000000e+00
2.812000000000000099e+01 0.000000000000000000e+00
2.812999999999999901e+01 0.000000000000000000e+00
2.814000000000000057e+01 0.000000000000000000e+00
2.815000000000000213e+01 0.000000000000000000e+00
2.816000000000000014e+01 0.000000000000000000e+00
2.817000000000000171e+01 0.000000000000000000e+00
2.817999999999999972e+01 0.000000000000000000e+00
2.819000000000000128e+01 0.000000000000000000e+00
2.819999999999999929e+01 0.000000000000000000e+00
2.821000000000000085e+01 0.000000000000000000e+00
2.821999999999999886e+01 0.000000000000000000e+00
2.823000000000000043e+01 0.000000000000000000e+00
2.824000000000000199e+01 0.000000000000000000e+00
2.825000000000000000e+01 0.000000000000000000e+00
2.826000000000000156e+01 0.000000000000000000e+00
2.826999999999999957e+01 0.000000000000000000e+00
2.828000000000000114e+01 0.000000000000000000e+00
2.828999999999999915e+01 0.000000000000000000e+00
2.830000000000000071e+01 0.000000000000000000e+00
2.831000000000000227e+01 0.000000000000000000e+00
2.832000000000000028e+01 0.000000000000000000e+00
2.833000000000000185e+01 0.000000000000000000e+00
2.833999999999999986e+01 0.000000000000000000e+00
2.835000000000000142e+01 0.000000000000000000e+00
2.835999999999999943e+01 0.000000000000000000e+00
2.837000000000000099e+01 0.000000000000000000e+00
2.837999999999999901e+01 0.000000000000000000e+00
2.839000000000000057e+01 0.000000000000000000e+00
2.840000000000000213e+01 0.000000000000000000e+00
2.841000000000000014e+01 0.000000000000000000e+00
2.842000000000000171e+01 0.000000000000000000e+00
2.842999999999999972e+01 0.000000000000000000e+00
2.844000000000000128e+01 0.000000000000000000e+00
2.844999999999999929e+01 0.000000000000000000e+00
2.846000000000000085e+01 0.000000000000000000e+00
2.846999999999999886e+01 0.000000000000000000e+00
2.848000000000000043e+01 0.000000000000000000e+00
2.849000000000000199e+01 0.000000000000000000e+00
2.850000000000000000e+01 0.000000000000000000e+00
2.851000000000000156e+01 0.000000000000000000e+00
2.851999999999999957e+01 0.000000000000000000e+00
2.853000000000000114e+01 0.000000000000000000e+00
2.853999999999999915e+01 0.000000000000000000e+00
2.855000000000000071e+01 0.000000000000000000e+00
2.856000000000000227e+01 0.000000000000000000e+00
2.857000000000000028e+01 0.000000000000000000e+00
2.858000000000000185e+01 0.000000000000000000e+00
2.858999999999999986e+01 0.000000000000000000e+00
2.860000000000000142e+01 0.000000000000000000e+00
2.860999999999999943e+01 0.000000000000000000e+00
2.862000000000000099e+01 0.000000000000000000e+00
2.862999999999999901e+01 0.000000000000000000e+00
2.864000000000000057e+01 0.000000000000000000e+00
2.865000000000000213e+01 0.000000000000000000e+00
2.866000000000000014e+01 0.000000000000000000e+00
2.867000000000000171e+01 0.000000000000000000e+00
2.867999999999999972e+01 0.000000000000000000e+00
2.869000000000000128e+01 0.000000000000000000e+00
2.869999999999999929e+01 0.000000000000000000e+00
2.871000000000000085e+01 0.000000000000000000e+00
2.871999999999999886e+01 0.000000000000000000e+00
2.873000000000000043e+01 0.000000000000000000e+00
2.874000000000000199e+01 0.000000000000000000e+00
2.875000000000000000e+01 0.000000000000000000e+00
2.876000000000000156e+01 0.000000000000000000e+00
2.876999999999999957e+01 0.000000000000000000e+00
2.878000000000000114e+01 0.000000000000000000e+00
2.878999999999999915e+01 0.000000000000000000e+00
2.880000000000000071e+01 0.000000000000000000e+00
2.881000000000000227e+01 0.000000000000000000e+00
2.882000000000000028e+01 0.000000000000000000e+00
2.883000000000000185e+01 0.000000000000000000e+00
2.883999999999999986e+01 0.000000000000000000e+00
2.885000000000000142e+01 0.000000000000000000e+00
2.885999999999999943e+01 0.000000000000000000e+00
2.887000000000000099e+01 0.000000000000000000e+00
2.887999999999999901e+01 0.000000000000000000e+00
2.889000000000000057e+01 0.000000000000000000e+00
2.890000000000000213e+01 0.000000000000000000e+00
2.891000000000000014e+01 0.000000000000000000e+00
2.892000000000000171e+01 0.000000000000000000e+00
2.892999999999999972e+01 0.000000000000000000e+00
2.894000000000000128e+01 0.000000000000000000e+00
2.894999999999999929e+01 0.000000000000000000e+00
2.896000000000000085e+01 0.000000000000000000e+00
2.896999999999999886e+01 0.000000000000000000e+00
2.898000000000000043e+01 0.000000000000000000e+00
2.899000000000000199e+01 0.000000000000000000e+00
2.900000000000000000e+01 0.000000000000000000e+00
2.901000000000000156e+01 0.000000000000000000e+00
2.901999999999999957e+01 0.000000000000000000e+00
2.903000000000000114e+01 0.000000000000000000e+00
2.903999999999999915e+01 0.000000000000000000e+00
2.905000000000000071e+01 0.000000000000000000e+00
2.906000000000000227e+01 0.000000000000000000e+00
2.907000000000000028e+01 0.000000000000000000e+00
2.908000000000000185e+01 0.000000000000000000e+00
2.908999999999999986e+01 0.000000000000000000e+00
2.910000000000000142e+01 0.000000000000000000e+00
2.910999999999999943e+01 0.000000000000000000e+00
2.912000000000000099e+01 0.000000000000000000e+00
2.912999999999999901e+01 0.000000000000000000e+00
2.914000000000000057e+01 0.000000000000000000e+00
2.915000000000000213e+01 0.000000000000000000e+00
2.916000000000000014e+01 0.000000000000000000e+00
2.917000000000000171e+01 0.000000000000000000e+00
2.917999999999999972e+01 0.000000000000000000e+00
2.919000000000000128e+01 0.000000000000000000e+00
2.919999999999999929e+01 0.000000000000000000e+00
2.921000000000000085e+01 0.000000000000000000e+00
2.921999999999999886e+01 0.000000000000000000e+00
2.923000000000000043e+01 0.000000000000000000e+00
2.924000000000000199e+01 0.000000000000000000e+00
2.925000000000000000e+01 0.000000000000000000e+00
2.926000000000000156e+01 0.000000000000000000e+00
2.926999999999999957e+01 0.000000000000000000e+00
2.928000000000000114e+01 0.000000000000000000e+00
2.928999999999999915e+01 0.000000000000000000e+00
2.930000000000000071e+01 0.000000000000000000e+00
2.931000000000000227e+01 0.000000000000000000e+00
2.932000000000000028e+01 0.000000000000000000e+00
2.933000000000000185e+01 0.000000000000000000e+00
2.933999999999999986e+01 0.000000000000000000e+00
2.935000000000000142e+01 0.000000000000000000e+00
2.935999999999999943e+01 0.000000000000000000e+00
2.937000000000000099e+01 0.000000000000000000e+00
2.937999999999999901e+01 0.000000000000000000e+00
2.939000000000000057e+01 0.000000000000000000e+00
2.940000000000000213e+01 0.000000000000000000e+00
2.941000000000000014e+01 0.000000000000000000e+00
2.942000000000000171e+01 0.000000000000000000e+00
2.942999999999999972e+01 0.000000000000000000e+00
2.944000000000000128e+01 0.000000000000000000e+00
2.944999999999999929e+01 0.000000000000000000e+00
2.946000000000000085e+01 0.000000000000000000e+00
2.946999999999999886e+01 0.000000000000000000e+00
2.948000000000000043e+01 0.000000000000000000e+00
2.949000000000000199e+01 0.000000000000000000e+00
2.950000000000000000e+01 0.000000000000000000e+00
2.951000000000000156e+01 0.000000000000000000e+00
2.951999999999999957e+01 0.000000000000000000e+00
2.953000000000000114e+01 0.000000000000000000e+00
2.953999999999999915e+01 0.000000000000000000e+00
2.955000000000000071e+01 0.000000000000000000e+00
2.956000000000000227e+01 0.000000000000000000e+00
2.957000000000000028e+01 0.000000000000000000e+00
2.958000000000000185e+01 0.000000000000000000e+00
2.958999999999999986e+01 0.000000000000000000e+00
2.960000000000000142e+01 0.000000000000000000e+00
2.960999999999999943e+01 0.000000000000000000e+00
2.962000000000000099e+01 0.000000000000000000e+00
2.962999999999999901e+01 0.000000000000000000e+00
2.964000000000000057e+01 0.000000000000000000e+00
2.965000000000000213e+01 0.000000000000000000e+00
2.966000000000000014e+01 0.000000000000000000e+00
2.967000000000000171e+01 0.000000000000000000e+00
2.967999999999999972e+01 0.000000000000000000e+00
2.969000000000000128e+01 0.000000000000000000e+00
2.969999999999999929e+01 0.000000000000000000e+00
2.971000000000000085e+01 0.000000000000000000e+00
2.971999999999999886e+01 0.000000000000000000e+00
2.973000000000000043e+01 0.000000000000000000e+00
2.974000000000000199e+01 0.000000000000000000e+00
2.975000000000000000e+01 0.000000000000000000e+00
2.976000000000000156e+01 0.000000000000000000e+00
2.976999999999999957e+01 0.000000000000000000e+00
2.978000000000000114e+01 0.000000000000000000e+00
2.978999999999999915e+01 0.000000000000000000e+00
2.980000000000000071e+01 0.000000000000000000e+00
2.981000000000000227e+01 0.000000000000000000e+00
2.982000000000000028e+01 0.000000000000000000e+00
2.983000000000000185e+01 0.000000000000000000e+00
2.983999999999999986e+01 0.000000000000000000e+00
2.985000000000000142e+01 0.000000000000000000e+00
2.985999999999999943e+01 0.000000000000000000e+00
2.987000000000000099e+01 0.000000000000000000e+00
2.987999999999999901e+01 0.000000000000000000e+00
2.989000000000000057e+01 0.000000000000000000e+00
2.990000000000000213e+01 0.000000000000000000e+00
2.991000000000000014e+01 0.000000000000000000e+00
2.992000000000000171e+01 0.000000000000000000e+00
2.992999999999999972e+01 0.000000000000000000e+00
2.994000000000000128e+01 0.000000000000000000e+00
2.994999999999999929e+01 0.000000000000000000e+00
2.996000000000000085e+01 0.000000000000000000e+00
2.996999999999999886e+01 0.000000000000000000e+00
2.998000000000000043e+01 0.000000000000000000e+00
2.999000000000000199e+01 0.000000000000000000e+00
3.000000000000000000e+01 0.000000000000000000e+00
3.001000000000000156e+01 0.000000000000000000e+00
3.001999999999999957e+01 0.000000000000000000e+00
3.003000000000000114e+01 0.000000000000000000e+00
3.003999999999999915e+01 0.000000000000000000e+00
3.005000000000000071e+01 0.000000000000000000e+00
3.006000000000000227e+01 0.000000000000000000e+00
3.007000000000000028e+01 0.000000000000000000e+00
3.008000000000000185e+01 0.000000000000000000e+00
3.008999999999999986e+01 0.000000000000000000e+00
3.010000000000000142e+01 0.000000000000000000e+00
3.010999999999999943e+01 0.000000000000000000e+00
3.012000000000000099e+01 0.000000000000000000e+00
3.012999999999999901e+01 0.000000000000000000e+00
3.014000000000000057e+01 0.000000000000000000e+00
3.015000000000000213e+01 0.000000000000000000e+00
3.016000000000000014e+01 0.000000000000000000e+00
3.017000000000000171e+01 0.000000000000000000e+00
3.017999999999999972e+01 0.000000000000000000e+00
3.019000000000000128e+01 0.000000000000000000e+00
3.019999999999999929e+01 0.000000000000000000e+00
3.021000000000000085e+01 0.000000000000000000e+00
3.021999999999999886e+01 0.000000000000000000e+00
3.023000000000000043e+01 0.000000000000000000e+00
3.024000000000000199e+01 0.000000000000000000e+00
3.025000000000000000e+01 0.000000000000000000e+00
3.026000000000000156e+01 0.000000000000000000e+00
3.026999999999999957e+01 0.000000000000000000e+00
3.028000000000000114e+01 0.000000000000000000e+00
3.028999999999999915e+01 0.000000000000000000e+00
3.030000000000000071e+01 0.000000000000000000e+00
3.031000000000000227e+01 0.000000000000000000e+00
3.032000000000000028e+01 0.000000000000000000e+00
3.033000000000000185e+01 0.000000000000000000e+00
3.033999999999999986e+01 0.000000000000000000e+00
3.035000000000000142e+01 0.000000000000000000e+00
3.035999999999999943e+01 0.000000000000000000e+00
3.037000000000000099e+01 0.000000000000000000e+00
3.037999999999999901e+01 0.000000000000000000e+00
3.039000000000000057e+01 0.000000000000000000e+00
3.040000000000000213e+01 0.000000000000000000e+00
3.041000000000000014e+01 0.000000000000000000e+00
3.042000000000000171e+01 0.000000000000000000e+00
3.042999999999999972e+01 0.000000000000000000e+00
3.044000000000000128e+01 0.000000000000000000e+00
3.044999999999999929e+01 0.000000000000000000e+00
3.046000000000000085e+01 0.000000000000000000e+00
3.046999999999999886e+01 0.000000000000000000e+00
3.048000000000000043e+01 0.000000000000000000e+00
3.049000000000000199e+01 0.000000000000000000e+00
3.050000000000000000e+01 0.000000000000000000e+00
3.051000000000000156e+01 0.000000000000000000e+00
3.051999999999999957e+01 0.000000000000000000e+00
3.053000000000000114e+01 0.000000000000000000e+00
3.053999999999999915e+01 0.000000000000000000e+00
3.055000000000000071e+01 0.000000000000000000e+00
3.056000000000000227e+01 0.000000000000000000e+00
3.057000000000000028e+01 0.000000000000000000e+00
3.058000000000000185e+01 0.000000000000000000e+00
3.058999999999999986e+01 0.000000000000000000e+00
3.060000000000000142e+01 0.000000000000000000e+00
3.060999999999999943e+01 0.000000000000000000e+00
3.062000000000000099e+01 0.000000000000000000e+00
3.062999999999999901e+01 0.000000000000000000e+00
3.064000000000000057e+01 0.000000000000000000e+00
3.065000000000000213e+01 0.000000000000000000e+00
3.066000000000000014e+01 0.000000000000000000e+00
3.067000000000000171e+01 0.000000000000000000e+00
3.067999999999999972e+01 0.000000000000000000e+00
3.069000000000000128e+01 0.000000000000000000e+00
3.069999999999999929e+01 0.000000000000000000e+00
3.071000000000000085e+01 0.000000000000000000e+00
3.071999999999999886e+01 0.000000000000000000e+00
3.073000000000000043e+01 0.000000000000000000e+00
3.074000000000000199e+01 0.000000000000000000e+00
3.075000000000000000e+01 0.000000000000000000e+00
3.076000000000000156e+01 0.000000000000000000e+00
3.076999999999999957e+01 0.000000000000000000e+00
3.078000000000000114e+01 0.000000000000000000e+00
3.078999999999999915e+01 0.000000000000000000e+00
3.080000000000000071e+01 0.000000000000000000e+00
3.081000000000000227e+01 0.000000000000000000e+00
3.082000000000000028e+01 0.000000000000000000e+00
3.083000000000000185e+01 0.000000000000000000e+00
3.083999999999999986e+01 0.000000000000000000e+00
3.085000000000000142e+01 0.000000000000000000e+00
3.085999999999999943e+01 0.000000000000000000e+00
3.087000000000000099e+01 0.000000000000000000e+00
3.087999999999999901e+01 0.000000000000000000e+00
3.089000000000000057e+01 0.000000000000000000e+00
3.090000000000000213e+01 0.000000000000000000e+00
3.091000000000000014e+01 0.000000000000000000e+00
3.092000000000000171e+01 0.000000000000000000e+00
3.092999999999999972e+01 0.000000000000000000e+00
3.094000000000000128e+01 0.000000000000000000e+00
3.094999999999999929e+01 0.000000000000000000e+00
3.096000000000000085e+01 0.000000000000000000e+00
3.097000000000000242e+01 0.000000000000000000e+00
3.098000000000000043e+01 0.000000000000000000e+00
3.099000000000000199e+01 0.000000000000000000e+00
3.100000000000000000e+01 0.000000000000000000e+00
3.101000000000000156e+01 0.000000000000000000e+00
3.101999999999999957e+01 0.000000000000000000e+00
3.103000000000000114e+01 0.000000000000000000e+00
3.103999999999999915e+01 0.000000000000000000e+00
3.105000000000000071e+01 0.000000000000000000e+00
3.106000000000000227e+01 0.000000000000000000e+00
3.107000000000000028e+01 0.000000000000000000e+00
3.108000000000000185e+01 0.000000000000000000e+00
3.108999999999999986e+01 0.000000000000000000e+00
3.110000000000000142e+01 0.000000000000000000e+00
3.110999999999999943e+01 0.000000000000000000e+00
3.112000000000000099e+01 0.000000000000000000e+00
3.112999999999999901e+01 0.000000000000000000e+00
3.114000000000000057e+01 0.000000000000000000e+00
3.115000000000000213e+01 0.000000000000000000e+00
3.116000000000000014e+01 0.000000000000000000e+00
3.117000000000000171e+01 0.000000000000000000e+00
3.117999999999999972e+01 0.000000000000000000e+00
3.119000000000000128e+01 0.000000000000000000e+00
3.119999999999999929e+01 0.000000000000000000e+00
3.121000000000000085e+01 0.000000000000000000e+00
3.122000000000000242e+01 0.000000000000000000e+00
3.123000000000000043e+01 0.000000000000000000e+00
3.124000000000000199e+01 0.000000000000000000e+00
3.125000000000000000e+01 0.000000000000000000e+00
3.126000000000000156e+01 0.000000000000000000e+00
3.126999999999999957e+01 0.000000000000000000e+00
3.128000000000000114e+01 0.000000000000000000e+00
3.128999999999999915e+01 0.000000000000000000e+00
3.130000000000000071e+01 0.000000000000000000e+00
3.131000000000000227e+01 0.000000000000000000e+00
3.132000000000000028e+01 0.000000000000000000e+00
3.133000000000000185e+01 0.000000000000000000e+00
3.133999999999999986e+01 0.000000000000000000e+00
3.135000000000000142e+01 0.000000000000000000e+00
3.135999999999999943e+01 0.000000000000000000e+00
3.137000000000000099e+01 0.000000000000000000e+00
3.137999999999999901e+01 0.000000000000000000e+00
3.139000000000000057e+01 0.000000000000000000e+00
3.140000000000000213e+01 0.000000000000000000e+00
3.141000000000000014e+01 0.000000000000000000e+00
3.142000000000000171e+01 0.000000000000000000e+00
3.142999999999999972e+01 0.000000000000000000e+00
3.144000000000000128e+01 0.000000000000000000e+00
3.144999999999999929e+01 0.000000000000000000e+00
3.146000000000000085e+01 0.000000000000000000e+00
3.147000000000000242e+01 0.000000000000000000e+00
3.148000000000000043e+01 0.000000000000000000e+00
3.149000000000000199e+01 0.000000000000000000e+00
3.150000000000000000e+01 0.000000000000000000e+00
3.151000000000000156e+01 0.000000000000000000e+00
3.151999999999999957e+01 0.000000000000000000e+00
3.153000000000000114e+01 0.000000000000000000e+00
3.153999999999999915e+01 0.000000000000000000e+00
3.155000000000000071e+01 0.000000000000000000e+00
3.156000000000000227e+01 0.000000000000000000e+00
3.157000000000000028e+01 0.000000000000000000e+00
3.158000000000000185e+01 0.000000000000000000e+00
3.158999999999999986e+01 0.000000000000000000e+00
3.160000000000000142e+01 0.000000000000000000e+00
3.160999999999999943e+01 0.000000000000000000e+00
3.162000000000000099e+01 0.000000000000000000e+00
3.162999999999999901e+01 0.000000000000000000e+00
3.164000000000000057e+01 0.000000000000000000e+00
3.165000000000000213e+01 0.000000000000000000e+00
3.166000000000000014e+01 0.000000000000000000e+00
3.167000000000000171e+01 0.000000000000000000e+00
3.167999999999999972e+01 0.000000000000000000e+00
3.169000000000000128e+01 0.000000000000000000e+00
3.169999999999999929e+01 0.000000000000000000e+00
3.171000000000000085e+01 0.000000000000000000e+00
3.172000000000000242e+01 0.000000000000000000e+00
3.173000000000000043e+01 0.000000000000000000e+00
3.174000000000000199e+01 0.000000000000000000e+00
3.175000000000000000e+01 0.000000000000000000e+00
3.176000000000000156e+01 0.000000000000000000e+00
3.176999999999999957e+01 0.000000000000000000e+00
3.178000000000000114e+01 0.000000000000000000e+00
3.178999999999999915e+01 0.000000000000000000e+00
3.180000000000000071e+01 0.000000000000000000e+00
3.181000000000000227e+01 0.000000000000000000e+00
3.182000000000000028e+01 0.000000000000000000e+00
3.183000000000000185e+01 0.000000000000000000e+00
3.183999999999999986e+01 0.000000000000000000e+00
3.185000000000000142e+01 0.000000000000000000e+00
3.185999999999999943e+01 0.000000000000000000e+00
3.187000000000000099e+01 0.000000000000000000e+00
3.187999999999999901e+01 0.000000000000000000e+00
3.189000000000000057e+01 0.000000000000000000e+00
3.190000000000000213e+01 0.000000000000000000e+00
3.191000000000000014e+01 0.000000000000000000e+00
3.192000000000000171e+01 0.000000000000000000e+00
3.192999999999999972e+01 0.000000000000000000e+00
3.194000000000000128e+01 0.000000000000000000e+00
3.194999999999999929e+01 0.000000000000000000e+00
3.196000000000000085e+01 0.000000000000000000e+00
3.197000000000000242e+01 0.000000000000000000e+00
3.198000000000000043e+01 0.000000000000000000e+00
3.199000000000000199e+01 0.000000000000000000e+00
3.200000000000000000e+01 0.000000000000000000e+00
3.200999999999999801e+01 0.000000000000000000e+00
3.202000000000000313e+01 0.000000000000000000e+00
3.203000000000000114e+01 0.000000000000000000e+00
3.203999999999999915e+01 0.000000000000000000e+00
3.204999999999999716e+01 0.000000000000000000e+00
3.206000000000000227e+01 0.000000000000000000e+00
3.207000000000000028e+01 0.000000000000000000e+00
3.207999999999999829e+01 0.000000000000000000e+00
3.209000000000000341e+01 0.000000000000000000e+00
3.210000000000000142e+01 0.000000000000000000e+00
3.210999999999999943e+01 0.000000000000000000e+00
3.211999999999999744e+01 0.000000000000000000e+00
3.213000000000000256e+01 0.000000000000000000e+00
3.214000000000000057e+01 0.000000000000000000e+00
3.214999999999999858e+01 0.000000000000000000e+00
3.216000000000000369e+01 0.000000000000000000e+00
3.217000000000000171e+01 0.000000000000000000e+00
3.217999999999999972e+01 0.000000000000000000e+00
3.218999999999999773e+01 0.000000000000000000e+00
3.220000000000000284e+01 0.000000000000000000e+00
3.221000000000000085e+01 0.000000000000000000e+00
3.221999999999999886e+01 0.000000000000000000e+00
3.223000000000000398e+01 0.000000000000000000e+00
3.224000000000000199e+01 0.000000000000000000e+00
3.225000000000000000e+01 0.000000000000000000e+00
3.225999999999999801e+01 0.000000000000000000e+00
3.227000000000000313e+01 0.000000000000000000e+00
3.228000000000000114e+01 0.000000000000000000e+00
3.228999999999999915e+01 0.000000000000000000e+00
3.229999999999999716e+01 0.000000000000000000e+00
3.231000000000000227e+01 0.000000000000000000e+00
3.232000000000000028e+01 0.000000000000000000e+00
3.232999999999999829e+01 0.000000000000000000e+00
3.234000000000000341e+01 0.000000000000000000e+00
3.235000000000000142e+01 0.000000000000000000e+00
3.235999999999999943e+01 0.000000000000000000e+00
3.236999999999999744e+01 0.000000000000000000e+00
3.238000000000000256e+01 0.000000000000000000e+00
3.239000000000000057e+01 0.000000000000000000e+00
3.239999999999999858e+01 0.000000000000000000e+00
3.241000000000000369e+01 0.000000000000000000e+00
3.242000000000000171e+01 0.000000000000000000e+00
3.242999999999999972e+01 0.000000000000000000e+00
3.243999999999999773e+01 0.000000000000000000e+00
3.245000000000000284e+01 0.000000000000000000e+00
3.246000000000000085e+01 0.000000000000000000e+00
3.246999999999999886e+01 0.000000000000000000e+00
3.248000000000000398e+01 0.000000000000000000e+00
3.249000000000000199e+01 0.000000000000000000e+00
3.250000000000000000e+01 0.000000000000000000e+00
3.250999999999999801e+01 0.000000000000000000e+00
3.252000000000000313e+01 0.000000000000000000e+00
3.253000000000000114e+01 0.000000000000000000e+00
3.253999999999999915e+01 0.000000000000000000e+00
3.254999999999999716e+01 0.000000000000000000e+00
3.256000000000000227e+01 0.000000000000000000e+00
3.257000000000000028e+01 0.000000000000000000e+00
3.257999999999999829e+01 0.000000000000000000e+00
3.259000000000000341e+01 0.000000000000000000e+00
3.260000000000000142e+01 0.000000000000000000e+00
3.260999999999999943e+01 0.000000000000000000e+00
3.261999999999999744e+01 0.000000000000000000e+00
3.263000000000000256e+01 0.000000000000000000e+00
3.264000000000000057e+01 0.000000000000000000e+00
3.264999999999999858e+01 0.000000000000000000e+00
3.266000000000000369e+01 0.000000000000000000e+00
3.267000000000000171e+01 0.000000000000000000e+00
3.267999999999999972e+01 0.000000000000000000e+00
3.268999999999999773e+01 0.000000000000000000e+00
3.270000000000000284e+01 0.000000000000000000e+00
3.271000000000000085e+01 0.000000000000000000e+00
3.271999999999999886e+01 0.000000000000000000e+00
3.273000000000000398e+01 0.000000000000000000e+00
3.274000000000000199e+01 0.000000000000000000e+00
3.275000000000000000e+01 0.000000000000000000e+00
3.275999999999999801e+01 0.000000000000000000e+00
3.277000000000000313e+01 0.000000000000000000e+00
3.278000000000000114e+01 0.000000000000000000e+00
3.278999999999999915e+01 0.000000000000000000e+00
3.279999999999999716e+01 0.000000000000000000e+00
3.281000000000000227e+01 0.000000000000000000e+00
3.282000000000000028e+01 0.000000000000000000e+00
3.282999999999999829e+01 0.000000000000000000e+00
3.284000000000000341e+01 0.000000000000000000e+00
3.285000000000000142e+01 0.000000000000000000e+00
3.285999999999999943e+01 0.000000000000000000e+00
3.286999999999999744e+01 0.000000000000000000e+00
3.288000000000000256e+01 0.000000000000000000e+00
3.289000000000000057e+01 0.000000000000000000e+00
3.289999999999999858e+01 0.000000000000000000e+00
3.291000000000000369e+01 0.000000000000000000e+00
3.292000000000000171e+01 0.000000000000000000e+00
3.292999999999999972e+01 0.000000000000000000e+00
3.293999999999999773e+01 0.000000000000000000e+00
3.295000000000000284e+01 0.000000000000000000e+00
3.296000000000000085e+01 0.000000000000000000e+00
3.296999999999999886e+01 0.000000000000000000e+00
3.298000000000000398e+01 0.000000000000000000e+00
3.299000000000000199e+01 0.000000000000000000e+00
3.300000000000000000e+01 0.000000000000000000e+00
3.300999999999999801e+01 0.000000000000000000e+00
3.302000000000000313e+01 0.000000000000000000e+00
3.303000000000000114e+01 0.000000000000000000e+00
3.303999999999999915e+01 0.000000000000000000e+00
3.304999999999999716e+01 0.000000000000000000e+00
3.306000000000000227e+01 0.000000000000000000e+00
3.307000000000000028e+01 0.000000000000000000e+00
3.307999999999999829e+01 0.000000000000000000e+00
3.309000000000000341e+01 0.000000000000000000e+00
3.310000000000000142e+01 0.000000000000000000e+00
3.310999999999999943e+01 0.000000000000000000e+00
3.311999999999999744e+01 0.000000000000000000e+00
3.313000000000000256e+01 0.000000000000000000e+00
3.314000000000000057e+01 0.000000000000000000e+00
3.314999999999999858e+01 0.000000000000000000e+00
3.316000000000000369e+01 0.000000000000000000e+00
3.317000000000000171e+01 0.000000000000000000e+00
3.317999999999999972e+01 0.000000000000000000e+00
3.318999999999999773e+01 0.000000000000000000e+00
3.320000000000000284e+01 0.000000000000000000e+00
3.321000000000000085e+01 0.000000000000000000e+00
3.321999999999999886e+01 0.000000000000000000e+00
3.323000000000000398e+01 0.000000000000000000e+00
3.324000000000000199e+01 0.000000000000000000e+00
3.325000000000000000e+01 0.000000000000000000e+00
3.325999999999999801e+01 0.000000000000000000e+00
3.327000000000000313e+01 0.000000000000000000e+00
3.328000000000000114e+01 0.000000000000000000e+00
3.328999999999999915e+01 0.000000000000000000e+00
3.329999999999999716e+01 0.000000000000000000e+00
3.331000000000000227e+01 0.000000000000000000e+00
3.332000000000000028e+01 0.000000000000000000e+00
3.332999999999999829e+01 0.000000000000000000e+00
3.334000000000000341e+01 0.000000000000000000e+00
3.335000000000000142e+01 0.000000000000000000e+00
3.335999999999999943e+01 0.000000000000000000e+00
3.336999999999999744e+01 0.000000000000000000e+00
3.338000000000000256e+01 0.000000000000000000e+00
3.339000000000000057e+01 0.000000000000000000e+00
3.339999999999999858e+01 0.000000000000000000e+00
3.341000000000000369e+01 0.000000000000000000e+00
3.342000000000000171e+01 0.000000000000000000e+00
3.342999999999999972e+01 0.000000000000000000e+00
3.343999999999999773e+01 0.000000000000000000e+00
3.345000000000000284e+01 0.000000000000000000e+00
3.346000000000000085e+01 0.000000000000000000e+00
3.346999999999999886e+01 0.000000000000000000e+00
3.348000000000000398e+01 0.000000000000000000e+00
3.349000000000000199e+01 0.000000000000000000e+00
3.350000000000000000e+01 0.000000000000000000e+00
3.350999999999999801e+01 0.000000000000000000e+00
3.352000000000000313e+01 0.000000000000000000e+00
3.353000000000000114e+01 0.000000000000000000e+00
3.353999999999999915e+01 0.000000000000000000e+00
3.354999999999999716e+01 0.000000000000000000e+00
3.356000000000000227e+01 0.000000000000000000e+00
3.357000000000000028e+01 0.000000000000000000e+00
3.357999999999999829e+01 0.000000000000000000e+00
3.359000000000000341e+01 0.000000000000000000e+00
3.360000000000000142e+01 0.000000000000000000e+00
3.360999999999999943e+01 0.000000000000000000e+00
3.361999999999999744e+01 0.000000000000000000e+00
3.363000000000000256e+01 0.000000000000000000e+00
3.364000000000000057e+01 0.000000000000000000e+00
3.364999999999999858e+01 0.000000000000000000e+00
3.366000000000000369e+01 0.000000000000000000e+00
3.367000000000000171e+01 0.000000000000000000e+00
3.367999999999999972e+01 0.000000000000000000e+00
3.368999999999999773e+01 0.000000000000000000e+00
3.370000000000000284e+01 0.000000000000000000e+00
3.371000000000000085e+01 0.000000000000000000e+00
3.371999999999999886e+01 0.000000000000000000e+00
3.373000000000000398e+01 0.000000000000000000e+00
3.374000000000000199e+01 0.000000000000000000e+00
3.375000000000000000e+01 0.000000000000000000e+00
3.375999999999999801e+01 0.000000000000000000e+00
3.377000000000000313e+01 0.000000000000000000e+00
3.378000000000000114e+01 0.000000000000000000e+00
3.378999999999999915e+01 0.000000000000000000e+00
3.379999999999999716e+01 0.000000000000000000e+00
3.381000000000000227e+01 0.000000000000000000e+00
3.382000000000000028e+01 0.000000000000000000e+00
3.382999999999999829e+01 0.000000000000000000e+00
3.384000000000000341e+01 0.000000000000000000e+00
3.385000000000000142e+01 0.000000000000000000e+00
3.385999999999999943e+01 0.000000000000000000e+00
3.386999999999999744e+01 0.000000000000000000e+00
3.388000000000000256e+01 0.000000000000000000e+00
3.389000000000000057e+01 0.000000000000000000e+00
3.389999999999999858e+01 0.000000000000000000e+00
3.391000000000000369e+01 0.000000000000000000e+00
3.392000000000000171e+01 0.000000000000000000e+00
3.392999999999999972e+01 0.000000000000000000e+00
3.393999999999999773e+01 0.000000000000000000e+00
3.395000000000000284e+01 0.000000000000000000e+00
3.396000000000000085e+01 0.000000000000000000e+00
3.396999999999999886e+01 0.000000000000000000e+00
3.398000000000000398e+01 0.000000000000000000e+00
3.399000000000000199e+01 0.000000000000000000e+00
3.400000000000000000e+01 0.000000000000000000e+00
3.400999999999999801e+01 0.000000000000000000e+00
3.402000000000000313e+01 0.000000000000000000e+00
3.403000000000000114e+01 0.000000000000000000e+00
3.403999999999999915e+01 0.000000000000000000e+00
3.404999999999999716e+01 0.000000000000000000e+00
3.406000000000000227e+01 0.000000000000000000e+00
3.407000000000000028e+01 0.000000000000000000e+00
3.407999999999999829e+01 0.000000000000000000e+00
3.409000000000000341e+01 0.000000000000000000e+00
3.410000000000000142e+01 0.000000000000000000e+00
3.410999999999999943e+01 0.000000000000000000e+00
3.411999999999999744e+01 0.000000000000000000e+00
3.413000000000000256e+01 0.000000000000000000e+00
3.414000000000000057e+01 0.000000000000000000e+00
3.414999999999999858e+01 0.000000000000000000e+00
3.416000000000000369e+01 0.000000000000000000e+00
3.417000000000000171e+01 0.000000000000000000e+00
3.417999999999999972e+01 0.000000000000000000e+00
3.418999999999999773e+01 0.000000000000000000e+00
3.420000000000000284e+01 0.000000000000000000e+00
3.421000000000000085e+01 0.000000000000000000e+00
3.421999999999999886e+01 0.000000000000000000e+00
3.423000000000000398e+01 0.000000000000000000e+00
3.424000000000000199e+01 0.000000000000000000e+00
3.425000000000000000e+01 0.000000000000000000e+00
3.425999999999999801e+01 0.000000000000000000e+00
3.427000000000000313e+01 0.000000000000000000e+00
3.428000000000000114e+01 0.000000000000000000e+00
3.428999999999999915e+01 0.000000000000000000e+00
3.430000000000000426e+01 0.000000000000000000e+00
3.431000000000000227e+01 0.000000000000000000e+00
3.432000000000000028e+01 0.000000000000000000e+00
3.432999999999999829e+01 0.000000000000000000e+00
3.434000000000000341e+01 0.000000000000000000e+00
3.435000000000000142e+01 0.000000000000000000e+00
3.435999999999999943e+01 0.000000000000000000e+00
3.436999999999999744e+01 0.000000000000000000e+00
3.438000000000000256e+01 0.000000000000000000e+00
3.439000000000000057e+01 0.000000000000000000e+00
3.439999999999999858e+01 0.000000000000000000e+00
3.441000000000000369e+01 0.000000000000000000e+00
3.442000000000000171e+01 0.000000000000000000e+00
3.442999999999999972e+01 0.000000000000000000e+00
3.443999999999999773e+01 0.000000000000000000e+00
3.445000000000000284e+01 0.000000000000000000e+00
3.446000000000000085e+01 0.000000000000000000e+00
3.446999999999999886e+01 0.000000000000000000e+00
3.448000000000000398e+01 0.000000000000000000e+00
3.449000000000000199e+01 0.000000000000000000e+00
3.450000000000000000e+01 0.000000000000000000e+00
3.450999999999999801e+01 0.000000000000000000e+00
3.452000000000000313e+01 0.000000000000000000e+00
3.453000000000000114e+01 0.000000000000000000e+00
3.453999999999999915e+01 0.000000000000000000e+00
3.455000000000000426e+01 0.000000000000000000e+00
3.456000000000000227e+01 0.000000000000000000e+00
3.457000000000000028e+01 0.000000000000000000e+00
3.457999999999999829e+01 0.000000000000000000e+00
3.459000000000000341e+01 0.000000000000000000e+00
3.460000000000000142e+01 0.000000000000000000e+00
3.460999999999999943e+01 0.000000000000000000e+00
3.461999999999999744e+01 0.000000000000000000e+00
3.463000000000000256e+01 0.000000000000000000e+00
3.464000000000000057e+01 0.000000000000000000e+00
3.464999999999999858e+01 0.000000000000000000e+00
3.466000000000000369e+01 0.000000000000000000e+00
3.467000000000000171e+01 0.000000000000000000e+00
3.467999999999999972e+01 0.000000000000000000e+00
3.468999999999999773e+01 0.000000000000000000e+00
3.470000000000000284e+01 0.000000000000000000e+00
3.471000000000000085e+01 0.000000000000000000e+00
3.471999999999999886e+01 0.000000000000000000e+00
3.473000000000000398e+01 0.000000000000000000e+00
3.474000000000000199e+01 0.000000000000000000e+00
3.475000000000000000e+01 0.000000000000000000e+00
3.475999999999999801e+01 0.000000000000000000e+00
3.477000000000000313e+01 0.000000000000000000e+00
3.478000000000000114e+01 0.000000000000000000e+00
3.478999999999999915e+01 0.000000000000000000e+00
3.480000000000000426e+01 0.000000000000000000e+00
3.481000000000000227e+01 0.000000000000000000e+00
3.482000000000000028e+01 0.000000000000000000e+00
3.482999999999999829e+01 0.000000000000000000e+00
3.484000000000000341e+01 0.000000000000000000e+00
3.485000000000000142e+01 0.000000000000000000e+00
3.485999999999999943e+01 0.000000000000000000e+00
3.486999999999999744e+01 0.000000000000000000e+00
3.488000000000000256e+01 0.000000000000000000e+00
3.489000000000000057e+01 0.000000000000000000e+00
3.489999999999999858e+01 0.000000000000000000e+00
3.491000000000000369e+01 0.000000000000000000e+00
3.492000000000000171e+01 0.000000000000000000e+00
3.492999999999999972e+01 0.000000000000000000e+00
3.493999999999999773e+01 0.000000000000000000e+00
3.495000000000000284e+01 0.000000000000000000e+00
3.496000000000000085e+01 0.000000000000000000e+00
3.496999999999999886e+01 0.000000000000000000e+00
3.498000000000000398e+01 0.000000000000000000e+00
3.499000000000000199e+01 0.000000000000000000e+00
3.500000000000000000e+01 0.000000000000000000e+00
3.500999999999999801e+01 0.000000000000000000e+00
3.502000000000000313e+01 0.000000000000000000e+00
3.503000000000000114e+01 0.000000000000000000e+00
3.503999999999999915e+01 0.000000000000000000e+00
3.505000000000000426e+01 0.000000000000000000e+00
3.506000000000000227e+01 0.000000000000000000e+00
3.507000000000000028e+01 0.000000000000000000e+00
3.507999999999999829e+01 0.000000000000000000e+00
3.509000000000000341e+01 0.000000000000000000e+00
3.510000000000000142e+01 0.000000000000000000e+00
3.510999999999999943e+01 0.000000000000000000e+00
3.511999999999999744e+01 0.000000000000000000e+00
3.513000000000000256e+01 0.000000000000000000e+00
3.514000000000000057e+01 0.000000000000000000e+00
3.514999999999999858e+01 0.000000000000000000e+00
3.516000000000000369e+01 0.000000000000000000e+00
3.517000000000000171e+01 0.000000000000000000e+00
3.517999999999999972e+01 0.000000000000000000e+00
3.518999999999999773e+01 0.000000000000000000e+00
3.520000000000000284e+01 0.000000000000000000e+00
3.521000000000000085e+01 0.000000000000000000e+00
3.521999999999999886e+01 0.000000000000000000e+00
3.523000000000000398e+01 0.000000000000000000e+00
3.524000000000000199e+01 0.000000000000000000e+00
3.525000000000000000e+01 0.000000000000000000e+00
3.525999999999999801e+01 0.000000000000000000e+00
3.527000000000000313e+01 0.000000000000000000e+00
3.528000000000000114e+01 0.000000000000000000e+00
3.528999999999999915e+01 0.000000000000000000e+00
3.530000000000000426e+01 0.000000000000000000e+00
3.531000000000000227e+01 0.000000000000000000e+00
3.532000000000000028e+01 0.000000000000000000e+00
3.532999999999999829e+01 0.000000000000000000e+00
3.534000000000000341e+01 0.000000000000000000e+00
3.535000000000000142e+01 0.000000000000000000e+00
3.535999999999999943e+01 0.000000000000000000e+00
3.536999999999999744e+01 0.000000000000000000e+00
3.538000000000000256e+01 0.000000000000000000e+00
3.539000000000000057e+01 0.000000000000000000e+00
3.539999999999999858e+01 0.000000000000000000e+00
3.541000000000000369e+01 0.000000000000000000e+00
3.542000000000000171e+01 0.000000000000000000e+00
3.542999999999999972e+01 0.000000000000000000e+00
3.543999999999999773e+01 0.000000000000000000e+00
3.545000000000000284e+01 0.000000000000000000e+00
3.546000000000000085e+01 0.000000000000000000e+00
3.546999999999999886e+01 0.000000000000000000e+00
3.548000000000000398e+01 0.000000000000000000e+00
3.549000000000000199e+01 0.000000000000000000e+00
3.550000000000000000e+01 0.000000000000000000e+00
3.550999999999999801e+01 0.000000000000000000e+00
3.552000000000000313e+01 0.000000000000000000e+00
3.553000000000000114e+01 0.000000000000000000e+00
3.553999999999999915e+01 0.000000000000000000e+00
3.555000000000000426e+01 0.000000000000000000e+00
3.556000000000000227e+01 0.000000000000000000e+00
3.557000000000000028e+01 0.000000000000000000e+00
3.557999999999999829e+01 0.000000000000000000e+00
3.559000000000000341e+01 0.000000000000000000e+00
3.560000000000000142e+01 0.000000000000000000e+00
3.560999999999999943e+01 0.000000000000000000e+00
3.561999999999999744e+01 0.000000000000000000e+00
3.563000000000000256e+01 0.000000000000000000e+00
3.564000000000000057e+01 0.000000000000000000e+00
3.564999999999999858e+01 0.000000000000000000e+00
3.566000000000000369e+01 0.000000000000000000e+00
3.567000000000000171e+01 0.000000000000000000e+00
3.567999999999999972e+01 0.000000000000000000e+00
3.568999999999999773e+01 0.000000000000000000e+00
3.570000000000000284e+01 0.000000000000000000e+00
3.571000000000000085e+01 0.000000000000000000e+00
3.571999999999999886e+01 0.000000000000000000e+00
3.573000000000000398e+01 0.000000000000000000e+00
3.574000000000000199e+01 0.000000000000000000e+00
3.575000000000000000e+01 0.000000000000000000e+00
3.575999999999999801e+01 0.000000000000000000e+00
3.577000000000000313e+01 0.000000000000000000e+00
3.578000000000000114e+01 0.000000000000000000e+00
3.578999999999999915e+01 0.000000000000000000e+00
3.580000000000000426e+01 0.000000000000000000e+00
3.581000000000000227e+01 0.000000000000000000e+00
3.582000000000000028e+01 0.000000000000000000e+00
3.582999999999999829e+01 0.000000000000000000e+00
3.584000000000000341e+01 0.000000000000000000e+00
3.585000000000000142e+01 0.000000000000000000e+00
3.585999999999999943e+01 0.000000000000000000e+00
3.586999999999999744e+01 0.000000000000000000e+00
3.588000000000000256e+01 0.000000000000000000e+00
3.589000000000000057e+01 0.000000000000000000e+00
3.589999999999999858e+01 0.000000000000000000e+00
3.591000000000000369e+01 0.000000000000000000e+00
3.592000000000000171e+01 0.000000000000000000e+00
3.592999999999999972e+01 0.000000000000000000e+00
3.593999999999999773e+01 0.000000000000000000e+00
3.595000000000000284e+01 0.000000000000000000e+00
3.596000000000000085e+01 0.000000000000000000e+00
3.596999999999999886e+01 0.000000000000000000e+00
3.598000000000000398e+01 0.000000000000000000e+00
3.599000000000000199e+01 0.000000000000000000e+00
3.600000000000000000e+01 0.000000000000000000e+00
3.600999999999999801e+01 0.000000000000000000e+00
3.602000000000000313e+01 0.000000000000000000e+00
3.603000000000000114e+01 0.000000000000000000e+00
3.603999999999999915e+01 0.000000000000000000e+00
3.605000000000000426e+01 0.000000000000000000e+00
3.606000000000000227e+01 0.000000000000000000e+00
3.607000000000000028e+01 0.000000000000000000e+00
3.607999999999999829e+01 0.000000000000000000e+00
3.609000000000000341e+01 0.000000000000000000e+00
3.610000000000000142e+01 0.000000000000000000e+00
3.610999999999999943e+01 0.000000000000000000e+00
3.611999999999999744e+01 0.000000000000000000e+00
3.613000000000000256e+01 0.000000000000000000e+00
3.614000000000000057e+01 0.000000000000000000e+00
3.614999999999999858e+01 0.000000000000000000e+00
3.616000000000000369e+01 0.000000000000000000e+00
3.617000000000000171e+01 0.000000000000000000e+00
3.617999999999999972e+01 0.000000000000000000e+00
3.618999999999999773e+01 0.000000000000000000e+00
3.620000000000000284e+01 0.000000000000000000e+00
3.621000000000000085e+01 0.000000000000000000e+00
3.621999999999999886e+01 0.000000000000000000e+00
3.623000000000000398e+01 0.000000000000000000e+00
3.624000000000000199e+01 0.000000000000000000e+00
3.625000000000000000e+01 0.000000000000000000e+00
3.625999999999999801e+01 0.000000000000000000e+00
3.627000000000000313e+01 0.000000000000000000e+00
3.628000000000000114e+01 0.000000000000000000e+00
3.628999999999999915e+01 0.000000000000000000e+00
3.630000000000000426e+01 0.000000000000000000e+00
3.631000000000000227e+01 0.000000000000000000e+00
3.632000000000000028e+01 0.000000000000000000e+00
3.632999999999999829e+01 0.000000000000000000e+00
3.634000000000000341e+01 0.000000000000000000e+00
3.635000000000000142e+01 0.000000000000000000e+00
3.635999999999999943e+01 0.000000000000000000e+00
3.636999999999999744e+01 0.000000000000000000e+00
3.638000000000000256e+01 0.000000000000000000e+00
3.639000000000000057e+01 0.000000000000000000e+00
3.639999999999999858e+01 0.000000000000000000e+00
3.641000000000000369e+01 0.000000000000000000e+00
3.642000000000000171e+01 0.000000000000000000e+00
3.642999999999999972e+01 0.000000000000000000e+00
3.643999999999999773e+01 0.000000000000000000e+00
3.645000000000000284e+01 0.000000000000000000e+00
3.646000000000000085e+01 0.000000000000000000e+00
3.646999999999999886e+01 0.000000000000000000e+00
3.648000000000000398e+01 0.000000000000000000e+00
3.649000000000000199e+01 0.000000000000000000e+00
3.650000000000000000e+01 0.000000000000000000e+00
3.650999999999999801e+01 0.000000000000000000e+00
3.652000000000000313e+01 0.000000000000000000e+00
3.653000000000000114e+01 0.000000000000000000e+00
3.653999999999999915e+01 0.000000000000000000e+00
3.655000000000000426e+01 0.000000000000000000e+00
3.656000000000000227e+01 0.000000000000000000e+00
3.657000000000000028e+01 0.000000000000000000e+00
3.657999999999999829e+01 0.000000000000000000e+00
3.659000000000000341e+01 0.000000000000000000e+00
3.660000000000000142e+01 0.000000000000000000e+00
3.660999999999999943e+01 0.000000000000000000e+00
3.661999999999999744e+01 0.000000000000000000e+00
3.663000000000000256e+01 0.000000000000000000e+00
3.664000000000000057e+01 0.000000000000000000e+00
3.664999999999999858e+01 0.000000000000000000e+00
3.666000000000000369e+01 0.000000000000000000e+00
3.667000000000000171e+01 0.000000000000000000e+00
3.667999999999999972e+01 0.000000000000000000e+00
3.668999999999999773e+01 0.000000000000000000e+00
3.670000000000000284e+01 0.000000000000000000e+00
3.671000000000000085e+01 0.000000000000000000e+00
3.671999999999999886e+01 0.000000000000000000e+00
3.673000000000000398e+01 0.000000000000000000e+00
3.674000000000000199e+01 0.000000000000000000e+00
3.675000000000000000e+01 0.000000000000000000e+00
3.675999999999999801e+01 0.000000000000000000e+00
3.677000000000000313e+01 0.000000000000000000e+00
3.678000000000000114e+01 0.000000000000000000e+00
3.678999999999999915e+01 0.000000000000000000e+00
3.680000000000000426e+01 0.000000000000000000e+00
3.681000000000000227e+01 0.000000000000000000e+00
3.682000000000000028e+01 0.000000000000000000e+00
3.682999999999999829e+01 0.000000000000000000e+00
3.684000000000000341e+01 0.000000000000000000e+00
3.685000000000000142e+01 0.000000000000000000e+00
3.685999999999999943e+01 0.000000000000000000e+00
3.686999999999999744e+01 0.000000000000000000e+00
3.688000000000000256e+01 0.000000000000000000e+00
3.689000000000000057e+01 0.000000000000000000e+00
3.689999999999999858e+01 0.000000000000000000e+00
3.691000000000000369e+01 0.000000000000000000e+00
3.692000000000000171e+01 0.000000000000000000e+00
3.692999999999999972e+01 0.000000000000000000e+00
3.693999999999999773e+01 0.000000000000000000e+00
3.695000000000000284e+01 0.000000000000000000e+00
3.696000000000000085e+01 0.000000000000000000e+00
3.696999999999999886e+01 0.000000000000000000e+00
3.698000000000000398e+01 0.000000000000000000e+00
3.699000000000000199e+01 0.000000000000000000e+00
3.700000000000000000e+01 0.000000000000000000e+00
3.700999999999999801e+01 0.000000000000000000e+00
3.702000000000000313e+01 0.000000000000000000e+00
3.703000000000000114e+01 0.000000000000000000e+00
3.703999999999999915e+01 0.000000000000000000e+00
3.705000000000000426e+01 0.000000000000000000e+00
3.706000000000000227e+01 0.000000000000000000e+00
3.707000000000000028e+01 0.000000000000000000e+00
3.707999999999999829e+01 0.000000000000000000e+00
3.709000000000000341e+01 0.000000000000000000e+00
3.710000000000000142e+01 0.000000000000000000e+00
3.710999999999999943e+01 0.000000000000000000e+00
3.711999999999999744e+01 0.000000000000000000e+00
3.713000000000000256e+01 0.000000000000000000e+00
3.714000000000000057e+01 0.000000000000000000e+00
3.714999999999999858e+01 0.000000000000000000e+00
3.716000000000000369e+01 0.000000000000000000e+00
3.717000000000000171e+01 0.000000000000000000e+00
3.717999999999999972e+01 0.000000000000000000e+00
3.718999999999999773e+01 0.000000000000000000e+00
3.720000000000000284e+01 0.000000000000000000e+00
3.721000000000000085e+01 0.000000000000000000e+00
3.721999999999999886e+01 0.000000000000000000e+00
3.723000000000000398e+01 0.000000000000000000e+00
3.724000000000000199e+01 0.000000000000000000e+00
3.725000000000000000e+01 0.000000000000000000e+00
3.725999999999999801e+01 0.000000000000000000e+00
3.727000000000000313e+01 0.000000000000000000e+00
3.728000000000000114e+01 0.000000000000000000e+00
3.728999999999999915e+01 0.000000000000000000e+00
3.730000000000000426e+01 0.000000000000000000e+00
3.731000000000000227e+01 0.000000000000000000e+00
3.732000000000000028e+01 0.000000000000000000e+00
3.732999999999999829e+01 0.000000000000000000e+00
3.734000000000000341e+01 0.000000000000000000e+00
3.735000000000000142e+01 0.000000000000000000e+00
3.735999999999999943e+01 0.000000000000000000e+00
3.736999999999999744e+01 0.000000000000000000e+00
3.738000000000000256e+01 0.000000000000000000e+00
3.739000000000000057e+01 0.000000000000000000e+00
3.739999999999999858e+01 0.000000000000000000e+00
3.741000000000000369e+01 0.000000000000000000e+00
3.742000000000000171e+01 0.000000000000000000e+00
3.742999999999999972e+01 0.000000000000000000e+00
3.743999999999999773e+01 0.000000000000000000e+00
3.745000000000000284e+01 0.000000000000000000e+00
3.746000000000000085e+01 0.000000000000000000e+00
3.746999999999999886e+01 0.000000000000000000e+00
3.748000000000000398e+01 0.000000000000000000e+00
3.749000000000000199e+01 0.000000000000000000e+00
3.750000000000000000e+01 0.000000000000000000e+00
3.750999999999999801e+01 0.000000000000000000e+00
3.752000000000000313e+01 0.000000000000000000e+00
3.753000000000000114e+01 0.000000000000000000e+00
3.753999999999999915e+01 0.000000000000000000e+00
3.755000000000000426e+01 0.000000000000000000e+00
3.756000000000000227e+01 0.000000000000000000e+00
3.757000000000000028e+01 0.000000000000000000e+00
3.757999999999999829e+01 0.000000000000000000e+00
3.759000000000000341e+01 0.000000000000000000e+00
3.760000000000000142e+01 0.000000000000000000e+00
3.760999999999999943e+01 0.000000000000000000e+00
3.761999999999999744e+01 0.000000000000000000e+00
3.763000000000000256e+01 0.000000000000000000e+00
3.764000000000000057e+01 0.000000000000000000e+00
3.764999999999999858e+01 0.000000000000000000e+00
3.766000000000000369e+01 0.000000000000000000e+00
3.767000000000000171e+01 0.000000000000000000e+00
3.767999999999999972e+01 0.000000000000000000e+00
3.768999999999999773e+01 0.000000000000000000e+00
3.770000000000000284e+01 0.000000000000000000e+00
3.771000000000000085e+01 0.000000000000000000e+00
3.771999999999999886e+01 0.000000000000000000e+00
3.773000000000000398e+01 0.000000000000000000e+00
3.774000000000000199e+01 0.000000000000000000e+00
3.775000000000000000e+01 0.000000000000000000e+00
3.775999999999999801e+01 0.000000000000000000e+00
3.777000000000000313e+01 0.000000000000000000e+00
3.778000000000000114e+01 0.000000000000000000e+00
3.778999999999999915e+01 0.000000000000000000e+00
3.780000000000000426e+01 0.000000000000000000e+00
3.781000000000000227e+01 0.000000000000000000e+00
3.782000000000000028e+01 0.000000000000000000e+00
3.782999999999999829e+01 0.000000000000000000e+00
3.784000000000000341e+01 0.000000000000000000e+00
3.785000000000000142e+01 0.000000000000000000e+00
3.785999999999999943e+01 0.000000000000000000e+00
3.786999999999999744e+01 0.000000000000000000e+00
3.788000000000000256e+01 0.000000000000000000e+00
3.789000000000000057e+01 0.000000000000000000e+00
3.789999999999999858e+01 0.000000000000000000e+00
3.791000000000000369e+01 0.000000000000000000e+00
3.792000000000000171e+01 0.000000000000000000e+00
3.792999999999999972e+01 0.000000000000000000e+00
3.793999999999999773e+01 0.000000000000000000e+00
3.795000000000000284e+01 0.000000000000000000e+00
3.796000000000000085e+01 0.000000000000000000e+00
3.796999999999999886e+01 0.000000000000000000e+00
3.798000000000000398e+01 0.000000000000000000e+00
3.799000000000000199e+01 0.000000000000000000e+00
3.800000000000000000e+01 0.000000000000000000e+00
3.800999999999999801e+01 0.000000000000000000e+00
3.802000000000000313e+01 0.000000000000000000e+00
3.803000000000000114e+01 0.000000000000000000e+00
3.803999999999999915e+01 0.000000000000000000e+00
3.805000000000000426e+01 0.000000000000000000e+00
3.806000000000000227e+01 0.000000000000000000e+00
3.807000000000000028e+01 0.000000000000000000e+00
3.807999999999999829e+01 0.000000000000000000e+00
3.809000000000000341e+01 0.000000000000000000e+00
3.810000000000000142e+01 0.000000000000000000e+00
3.810999999999999943e+01 0.000000000000000000e+00
3.811999999999999744e+01 0.000000000000000000e+00
3.813000000000000256e+01 0.000000000000000000e+00
3.814000000000000057e+01 0.000000000000000000e+00
3.814999999999999858e+01 0.000000000000000000e+00
3.816000000000000369e+01 0.000000000000000000e+00
3.817000000000000171e+01 0.000000000000000000e+00
3.817999999999999972e+01 0.000000000000000000e+00
3.818999999999999773e+01 0.000000000000000000e+00
3.820000000000000284e+01 0.000000000000000000e+00
3.821000000000000085e+01 0.000000000000000000e+00
3.821999999999999886e+01 0.000000000000000000e+00
3.823000000000000398e+01 0.000000000000000000e+00
3.824000000000000199e+01 0.000000000000000000e+00
3.825000000000000000e+01 0.000000000000000000e+00
3.825999999999999801e+01 0.000000000000000000e+00
3.827000000000000313e+01 0.000000000000000000e+00
3.828000000000000114e+01 0.000000000000000000e+00
3.828999999999999915e+01 0.000000000000000000e+00
3.830000000000000426e+01 0.000000000000000000e+00
3.831000000000000227e+01 0.000000000000000000e+00
3.832000000000000028e+01 0.000000000000000000e+00
3.832999999999999829e+01 0.000000000000000000e+00
3.834000000000000341e+01 0.000000000000000000e+00
3.835000000000000142e+01 0.000000000000000000e+00
3.835999999999999943e+01 0.000000000000000000e+00
3.836999999999999744e+01 0.000000000000000000e+00
3.838000000000000256e+01 0.000000000000000000e+00
3.839000000000000057e+01 0.000000000000000000e+00
3.839999999999999858e+01 0.000000000000000000e+00
3.841000000000000369e+01 0.000000000000000000e+00
3.842000000000000171e+01 0.000000000000000000e+00
3.842999999999999972e+01 0.000000000000000000e+00
3.843999999999999773e+01 0.000000000000000000e+00
3.845000000000000284e+01 0.000000000000000000e+00
3.846000000000000085e+01 0.000000000000000000e+00
3.846999999999999886e+01 0.000000000000000000e+00
3.848000000000000398e+01 0.000000000000000000e+00
3.849000000000000199e+01 0.000000000000000000e+00
3.850000000000000000e+01 0.000000000000000000e+00
3.850999999999999801e+01 0.000000000000000000e+00
3.852000000000000313e+01 0.000000000000000000e+00
3.853000000000000114e+01 0.000000000000000000e+00
3.853999999999999915e+01 0.000000000000000000e+00
3.855000000000000426e+01 0.000000000000000000e+00
3.856000000000000227e+01 0.000000000000000000e+00
3.857000000000000028e+01 0.000000000000000000e+00
3.857999999999999829e+01 0.000000000000000000e+00
3.859000000000000341e+01 0.000000000000000000e+00
3.860000000000000142e+01 0.000000000000000000e+00
3.860999999999999943e+01 0.000000000000000000e+00
3.861999999999999744e+01 0.000000000000000000e+00
3.863000000000000256e+01 0.000000000000000000e+00
3.864000000000000057e+01 0.000000000000000000e+00
3.864999999999999858e+01 0.000000000000000000e+00
3.866000000000000369e+01 0.000000000000000000e+00
3.867000000000000171e+01 0.000000000000000000e+00
3.867999999999999972e+01 0.000000000000000000e+00
3.868999999999999773e+01 0.000000000000000000e+00
3.870000000000000284e+01 0.000000000000000000e+00
3.871000000000000085e+01 0.000000000000000000e+00
3.871999999999999886e+01 0.000000000000000000e+00
3.873000000000000398e+01 0.000000000000000000e+00
3.874000000000000199e+01 0.000000000000000000e+00
3.875000000000000000e+01 0.000000000000000000e+00
3.875999999999999801e+01 0.000000000000000000e+00
3.877000000000000313e+01 0.000000000000000000e+00
3.878000000000000114e+01 0.000000000000000000e+00
3.878999999999999915e+01 0.000000000000000000e+00
3.880000000000000426e+01 0.000000000000000000e+00
3.881000000000000227e+01 0.000000000000000000e+00
3.882000000000000028e+01 0.000000000000000000e+00
3.882999999999999829e+01 0.000000000000000000e+00
3.884000000000000341e+01 0.000000000000000000e+00
3.885000000000000142e+01 0.000000000000000000e+00
3.885999999999999943e+01 0.000000000000000000e+00
3.886999999999999744e+01 0.000000000000000000e+00
3.888000000000000256e+01 0.000000000000000000e+00
3.889000000000000057e+01 0.000000000000000000e+00
3.889999999999999858e+01 0.000000000000000000e+00
3.891000000000000369e+01 0.000000000000000000e+00
3.892000000000000171e+01 0.000000000000000000e+00
3.892999999999999972e+01 0.000000000000000000e+00
3.893999999999999773e+01 0.000000000000000000e+00
3.895000000000000284e+01 0.000000000000000000e+00
3.896000000000000085e+01 0.000000000000000000e+00
3.896999999999999886e+01 0.000000000000000000e+00
3.898000000000000398e+01 0.000000000000000000e+00
3.899000000000000199e+01 0.000000000000000000e+00
3.900000000000000000e+01 0.000000000000000000e+00
3.900999999999999801e+01 0.000000000000000000e+00
3.902000000000000313e+01 0.000000000000000000e+00
3.903000000000000114e+01 0.000000000000000000e+00
3.903999999999999915e+01 0.000000000000000000e+00
3.905000000000000426e+01 0.000000000000000000e+00
3.906000000000000227e+01 0.000000000000000000e+00
3.907000000000000028e+01 0.000000000000000000e+00
3.907999999999999829e+01 0.000000000000000000e+00
3.909000000000000341e+01 0.000000000000000000e+00
3.910000000000000142e+01 0.000000000000000000e+00
3.910999999999999943e+01 0.000000000000000000e+00
3.911999999999999744e+01 0.000000000000000000e+00
3.913000000000000256e+01 0.000000000000000000e+00
3.914000000000000057e+01 0.000000000000000000e+00
3.914999999999999858e+01 0.000000000000000000e+00
3.916000000000000369e+01 0.000000000000000000e+00
3.917000000000000171e+01 0.000000000000000000e+00
3.917999999999999972e+01 0.000000000000000000e+00
3.918999999999999773e+01 0.000000000000000000e+00
3.920000000000000284e+01 0.000000000000000000e+00
3.921000000000000085e+01 0.000000000000000000e+00
3.921999999999999886e+01 0.000000000000000000e+00
3.923000000000000398e+01 0.000000000000000000e+00
3.924000000000000199e+01 0.000000000000000000e+00
3.925000000000000000e+01 0.000000000000000000e+00
3.925999999999999801e+01 0.000000000000000000e+00
3.927000000000000313e+01 0.000000000000000000e+00
3.928000000000000114e+01 0.000000000000000000e+00
3.928999999999999915e+01 0.000000000000000000e+00
3.930000000000000426e+01 0.000000000000000000e+00
3.931000000000000227e+01 0.000000000000000000e+00
3.932000000000000028e+01 0.000000000000000000e+00
3.932999999999999829e+01 0.000000000000000000e+00
3.934000000000000341e+01 0.000000000000000000e+00
3.935000000000000142e+01 0.000000000000000000e+00
3.935999999999999943e+01 0.000000000000000000e+00
3.936999999999999744e+01 0.000000000000000000e+00
3.938000000000000256e+01 0.000000000000000000e+00
3.939000000000000057e+01 0.000000000000000000e+00
3.939999999999999858e+01 0.000000000000000000e+00
3.941000000000000369e+01 0.000000000000000000e+00
3.942000000000000171e+01 0.000000000000000000e+00
3.942999999999999972e+01 0.000000000000000000e+00
3.943999999999999773e+01 0.000000000000000000e+00
3.945000000000000284e+01 0.000000000000000000e+00
3.946000000000000085e+01 0.000000000000000000e+00
3.946999999999999886e+01 0.000000000000000000e+00
3.948000000000000398e+01 0.000000000000000000e+00
3.949000000000000199e+01 0.000000000000000000e+00
3.950000000000000000e+01 0.000000000000000000e+00
3.950999999999999801e+01 0.000000000000000000e+00
3.952000000000000313e+01 0.000000000000000000e+00
3.953000000000000114e+01 0.000000000000000000e+00
3.953999999999999915e+01 0.000000000000000000e+00
3.955000000000000426e+01 0.000000000000000000e+00
3.956000000000000227e+01 0.000000000000000000e+00
3.957000000000000028e+01 0.000000000000000000e+00
3.957999999999999829e+01 0.000000000000000000e+00
3.959000000000000341e+01 0.000000000000000000e+00
3.960000000000000142e+01 0.000000000000000000e+00
3.960999999999999943e+01 0.000000000000000000e+00
3.961999999999999744e+01 0.000000000000000000e+00
3.963000000000000256e+01 0.000000000000000000e+00
3.964000000000000057e+01 0.000000000000000000e+00
3.964999999999999858e+01 0.000000000000000000e+00
3.966000000000000369e+01 0.000000000000000000e+00
3.967000000000000171e+01 0.000000000000000000e+00
3.967999999999999972e+01 0.000000000000000000e+00
3.968999999999999773e+01 0.000000000000000000e+00
3.970000000000000284e+01 0.000000000000000000e+00
3.971000000000000085e+01 0.000000000000000000e+00
3.971999999999999886e+01 0.000000000000000000e+00
3.973000000000000398e+01 0.000000000000000000e+00
3.974000000000000199e+01 0.000000000000000000e+00
3.975000000000000000e+01 0.000000000000000000e+00
3.975999999999999801e+01 0.000000000000000000e+00
3.977000000000000313e+01 0.000000000000000000e+00
3.978000000000000114e+01 0.000000000000000000e+00
3.978999999999999915e+01 0.000000000000000000e+00
3.980000000000000426e+01 0.000000000000000000e+00
3.981000000000000227e+01 0.000000000000000000e+00
3.982000000000000028e+01 0.000000000000000000e+00
3.982999999999999829e+01 0.000000000000000000e+00
3.984000000000000341e+01 0.000000000000000000e+00
3.985000000000000142e+01 0.000000000000000000e+00
3.985999999999999943e+01 0.000000000000000000e+00
3.986999999999999744e+01 0.000000000000000000e+00
3.988000000000000256e+01 0.000000000000000000e+00
3.989000000000000057e+01 0.000000000000000000e+00
3.989999999999999858e+01 0.000000000000000000e+00
3.991000000000000369e+01 0.000000000000000000e+00
3.992000000000000171e+01 0.000000000000000000e+00
3.992999999999999972e+01 0.000000000000000000e+00
3.993999999999999773e+01 0.000000000000000000e+00
3.995000000000000284e+01 0.000000000000000000e+00
3.996000000000000085e+01 0.000000000000000000e+00
3.996999999999999886e+01 0.000000000000000000e+00
3.998000000000000398e+01 0.000000000000000000e+00
3.999000000000000199e+01 0.000000000000000000e+00
4.000000000000000000e+01 0.000000000000000000e+00
4.000999999999999801e+01 0.000000000000000000e+00
4.002000000000000313e+01 0.000000000000000000e+00
4.003000000000000114e+01 0.000000000000000000e+00
4.003999999999999915e+01 0.000000000000000000e+00
4.005000000000000426e+01 0.000000000000000000e+00
4.006000000000000227e+01 0.000000000000000000e+00
4.007000000000000028e+01 0.000000000000000000e+00
4.007999999999999829e+01 0.000000000000000000e+00
4.009000000000000341e+01 0.000000000000000000e+00
4.010000000000000142e+01 0.000000000000000000e+00
4.010999999999999943e+01 0.000000000000000000e+00
4.011999999999999744e+01 0.000000000000000000e+00
4.013000000000000256e+01 0.000000000000000000e+00
4.014000000000000057e+01 0.000000000000000000e+00
4.014999999999999858e+01 0.000000000000000000e+00
4.016000000000000369e+01 0.000000000000000000e+00
4.017000000000000171e+01 0.000000000000000000e+00
4.017999999999999972e+01 0.000000000000000000e+00
4.018999999999999773e+01 0.000000000000000000e+00
4.020000000000000284e+01 0.000000000000000000e+00
4.021000000000000085e+01 0.000000000000000000e+00
4.021999999999999886e+01 0.000000000000000000e+00
4.023000000000000398e+01 0.000000000000000000e+00
4.024000000000000199e+01 0.000000000000000000e+00
4.025000000000000000e+01 0.000000000000000000e+00
4.025999999999999801e+01 0.000000000000000000e+00
4.027000000000000313e+01 0.000000000000000000e+00
4.028000000000000114e+01 0.000000000000000000e+00
4.028999999999999915e+01 0.000000000000000000e+00
4.030000000000000426e+01 0.000000000000000000e+00
4.031000000000000227e+01 0.000000000000000000e+00
4.032000000000000028e+01 0.000000000000000000e+00
4.032999999999999829e+01 0.000000000000000000e+00
4.034000000000000341e+01 0.000000000000000000e+00
4.035000000000000142e+01 0.000000000000000000e+00
4.035999999999999943e+01 0.000000000000000000e+00
4.036999999999999744e+01 0.000000000000000000e+00
4.038000000000000256e+01 0.000000000000000000e+00
4.039000000000000057e+01 0.000000000000000000e+00
4.039999999999999858e+01 0.000000000000000000e+00
4.041000000000000369e+01 0.000000000000000000e+00
4.042000000000000171e+01 0.000000000000000000e+00
4.042999999999999972e+01 0.000000000000000000e+00
4.043999999999999773e+01 0.000000000000000000e+00
4.045000000000000284e+01 0.000000000000000000e+00
4.046000000000000085e+01 0.000000000000000000e+00
4.046999999999999886e+01 0.000000000000000000e+00
4.048000000000000398e+01 0.000000000000000000e+00
4.049000000000000199e+01 0.000000000000000000e+00
4.050000000000000000e+01 0.000000000000000000e+00
4.050999999999999801e+01 0.000000000000000000e+00
4.052000000000000313e+01 0.000000000000000000e+00
4.053000000000000114e+01 0.000000000000000000e+00
4.053999999999999915e+01 0.000000000000000000e+00
4.055000000000000426e+01 0.000000000000000000e+00
4.056000000000000227e+01 0.000000000000000000e+00
4.057000000000000028e+01 0.000000000000000000e+00
4.057999999999999829e+01 0.000000000000000000e+00
4.059000000000000341e+01 0.000000000000000000e+00
4.060000000000000142e+01 0.000000000000000000e+00
4.060999999999999943e+01 0.000000000000000000e+00
4.061999999999999744e+01 0.000000000000000000e+00
4.063000000000000256e+01 0.000000000000000000e+00
4.064000000000000057e+01 0.000000000000000000e+00
4.064999999999999858e+01 0.000000000000000000e+00
4.066000000000000369e+01 0.000000000000000000e+00
4.067000000000000171e+01 0.000000000000000000e+00
4.067999999999999972e+01 0.000000000000000000e+00
4.068999999999999773e+01 0.000000000000000000e+00
4.070000000000000284e+01 0.000000000000000000e+00
4.071000000000000085e+01 0.000000000000000000e+00
4.071999999999999886e+01 0.000000000000000000e+00
4.073000000000000398e+01 0.000000000000000000e+00
4.074000000000000199e+01 0.000000000000000000e+00
4.075000000000000000e+01 0.000000000000000000e+00
4.075999999999999801e+01 0.000000000000000000e+00
4.077000000000000313e+01 0.000000000000000000e+00
4.078000000000000114e+01 0.000000000000000000e+00
4.078999999999999915e+01 0.000000000000000000e+00
4.080000000000000426e+01 0.000000000000000000e+00
4.081000000000000227e+01 0.000000000000000000e+00
4.082000000000000028e+01 0.000000000000000000e+00
4.082999999999999829e+01 0.000000000000000000e+00
4.084000000000000341e+01 0.000000000000000000e+00
4.085000000000000142e+01 0.000000000000000000e+00
4.085999999999999943e+01 0.000000000000000000e+00
4.086999999999999744e+01 0.000000000000000000e+00
4.088000000000000256e+01 0.000000000000000000e+00
4.089000000000000057e+01 0.000000000000000000e+00
4.089999999999999858e+01 0.000000000000000000e+00
4.091000000000000369e+01 0.000000000000000000e+00
4.092000000000000171e+01 0.000000000000000000e+00
4.092999999999999972e+01 0.000000000000000000e+00
4.093999999999999773e+01 0.000000000000000000e+00
4.095000000000000284e+01 0.000000000000000000e+00
4.096000000000000085e+01 0.000000000000000000e+00
4.096999999999999886e+01 0.000000000000000000e+00
4.098000000000000398e+01 0.000000000000000000e+00
4.099000000000000199e+01 0.000000000000000000e+00
4.100000000000000000e+01 0.000000000000000000e+00
4.100999999999999801e+01 0.000000000000000000e+00
4.102000000000000313e+01 0.000000000000000000e+00
4.103000000000000114e+01 0.000000000000000000e+00
4.103999999999999915e+01 0.000000000000000000e+00
4.105000000000000426e+01 0.000000000000000000e+00
4.106000000000000227e+01 0.000000000000000000e+00
4.107000000000000028e+01 0.000000000000000000e+00
4.107999999999999829e+01 0.000000000000000000e+00
4.109000000000000341e+01 0.000000000000000000e+00
4.110000000000000142e+01 0.000000000000000000e+00
4.110999999999999943e+01 0.000000000000000000e+00
4.111999999999999744e+01 0.000000000000000000e+00
4.113000000000000256e+01 0.000000000000000000e+00
4.114000000000000057e+01 0.000000000000000000e+00
4.114999999999999858e+01 0.000000000000000000e+00
4.116000000000000369e+01 0.000000000000000000e+00
4.117000000000000171e+01 0.000000000000000000e+00
4.117999999999999972e+01 0.000000000000000000e+00
4.118999999999999773e+01 0.000000000000000000e+00
4.120000000000000284e+01 0.000000000000000000e+00
4.121000000000000085e+01 0.000000000000000000e+00
4.121999999999999886e+01 0.000000000000000000e+00
4.123000000000000398e+01 0.000000000000000000e+00
4.124000000000000199e+01 0.000000000000000000e+00
4.125000000000000000e+01 0.000000000000000000e+00
4.125999999999999801e+01 0.000000000000000000e+00
4.127000000000000313e+01 0.000000000000000000e+00
4.128000000000000114e+01 0.000000000000000000e+00
4.128999999999999915e+01 0.000000000000000000e+00
4.130000000000000426e+01 0.000000000000000000e+00
4.131000000000000227e+01 0.000000000000000000e+00
4.132000000000000028e+01 0.000000000000000000e+00
4.132999999999999829e+01 0.000000000000000000e+00
4.134000000000000341e+01 0.000000000000000000e+00
4.135000000000000142e+01 0.000000000000000000e+00
4.135999999999999943e+01 0.000000000000000000e+00
4.136999999999999744e+01 0.000000000000000000e+00
4.138000000000000256e+01 0.000000000000000000e+00
4.139000000000000057e+01 0.000000000000000000e+00
4.139999999999999858e+01 0.000000000000000000e+00
4.141000000000000369e+01 0.000000000000000000e+00
4.142000000000000171e+01 0.000000000000000000e+00
4.142999999999999972e+01 0.000000000000000000e+00
4.143999999999999773e+01 0.000000000000000000e+00
4.145000000000000284e+01 0.000000000000000000e+00
4.146000000000000085e+01 0.000000000000000000e+00
4.146999999999999886e+01 0.000000000000000000e+00
4.148000000000000398e+01 0.000000000000000000e+00
4.149000000000000199e+01 0.000000000000000000e+00
4.150000000000000000e+01 0.000000000000000000e+00
4.150999999999999801e+01 0.000000000000000000e+00
4.152000000000000313e+01 0.000000000000000000e+00
4.153000000000000114e+01 0.000000000000000000e+00
4.153999999999999915e+01 0.000000000000000000e+00
4.155000000000000426e+01 0.000000000000000000e+00
4.156000000000000227e+01 0.000000000000000000e+00
4.157000000000000028e+01 0.000000000000000000e+00
4.157999999999999829e+01 0.000000000000000000e+00
4.159000000000000341e+01 0.000000000000000000e+00
4.160000000000000142e+01 0.000000000000000000e+00
4.160999999999999943e+01 0.000000000000000000e+00
4.161999999999999744e+01 0.000000000000000000e+00
4.163000000000000256e+01 0.000000000000000000e+00
4.164000000000000057e+01 0.000000000000000000e+00
4.164999999999999858e+01 0.000000000000000000e+00
4.166000000000000369e+01 0.000000000000000000e+00
4.167000000000000171e+01 0.000000000000000000e+00
4.167999999999999972e+01 0.000000000000000000e+00
4.168999999999999773e+01 0.000000000000000000e+00
4.170000000000000284e+01 0.000000000000000000e+00
4.171000000000000085e+01 0.000000000000000000e+00
4.171999999999999886e+01 0.000000000000000000e+00
4.173000000000000398e+01 0.000000000000000000e+00
4.174000000000000199e+01 0.000000000000000000e+00
4.175000000000000000e+01 0.000000000000000000e+00
4.175999999999999801e+01 0.000000000000000000e+00
4.177000000000000313e+01 0.000000000000000000e+00
4.178000000000000114e+01 0.000000000000000000e+00
4.178999999999999915e+01 0.000000000000000000e+00
4.180000000000000426e+01 0.000000000000000000e+00
4.181000000000000227e+01 0.000000000000000000e+00
4.182000000000000028e+01 0.000000000000000000e+00
4.182999999999999829e+01 0.000000000000000000e+00
4.184000000000000341e+01 0.000000000000000000e+00
4.185000000000000142e+01 0.000000000000000000e+00
4.185999999999999943e+01 0.000000000000000000e+00
4.186999999999999744e+01 0.000000000000000000e+00
4.188000000000000256e+01 0.000000000000000000e+00
4.189000000000000057e+01 0.000000000000000000e+00
4.189999999999999858e+01 0.000000000000000000e+00
4.191000000000000369e+01 0.000000000000000000e+00
4.192000000000000171e+01 0.000000000000000000e+00
4.192999999999999972e+01 0.000000000000000000e+00
4.193999999999999773e+01 0.000000000000000000e+00
4.195000000000000284e+01 0.000000000000000000e+00
4.196000000000000085e+01 0.000000000000000000e+00
4.196999999999999886e+01 0.000000000000000000e+00
4.198000000000000398e+01 0.000000000000000000e+00
4.199000000000000199e+01 0.000000000000000000e+00
4.200000000000000000e+01 0.000000000000000000e+00
4.200999999999999801e+01 0.000000000000000000e+00
4.202000000000000313e+01 0.000000000000000000e+00
4.203000000000000114e+01 0.000000000000000000e+00
4.203999999999999915e+01 0.000000000000000000e+00
4.205000000000000426e+01 0.000000000000000000e+00
4.206000000000000227e+01 0.000000000000000000e+00
4.207000000000000028e+01 0.000000000000000000e+00
4.207999999999999829e+01 0.000000000000000000e+00
4.209000000000000341e+01 0.000000000000000000e+00
4.210000000000000142e+01 0.000000000000000000e+00
4.210999999999999943e+01 0.000000000000000000e+00
4.211999999999999744e+01 0.000000000000000000e+00
4.213000000000000256e+01 0.000000000000000000e+00
4.214000000000000057e+01 0.000000000000000000e+00
4.214999999999999858e+01 0.000000000000000000e+00
4.216000000000000369e+01 0.000000000000000000e+00
4.217000000000000171e+01 0.000000000000000000e+00
4.217999999999999972e+01 0.000000000000000000e+00
4.218999999999999773e+01 0.000000000000000000e+00
4.220000000000000284e+01 0.000000000000000000e+00
4.221000000000000085e+01 0.000000000000000000e+00
4.221999999999999886e+01 0.000000000000000000e+00
4.223000000000000398e+01 0.000000000000000000e+00
4.224000000000000199e+01 0.000000000000000000e+00
4.225000000000000000e+01 0.000000000000000000e+00
4.225999999999999801e+01 0.000000000000000000e+00
4.227000000000000313e+01 0.000000000000000000e+00
4.228000000000000114e+01 0.000000000000000000e+00
4.228999999999999915e+01 0.000000000000000000e+00
4.230000000000000426e+01 0.000000000000000000e+00
4.231000000000000227e+01 0.000000000000000000e+00
4.232000000000000028e+01 0.000000000000000000e+00
4.232999999999999829e+01 0.000000000000000000e+00
4.234000000000000341e+01 0.000000000000000000e+00
4.235000000000000142e+01 0.000000000000000000e+00
4.235999999999999943e+01 0.000000000000000000e+00
4.236999999999999744e+01 0.000000000000000000e+00
4.238000000000000256e+01 0.000000000000000000e+00
4.239000000000000057e+01 0.000000000000000000e+00
4.239999999999999858e+01 0.000000000000000000e+00
4.241000000000000369e+01 0.000000000000000000e+00
4.242000000000000171e+01 0.000000000000000000e+00
4.242999999999999972e+01 0.000000000000000000e+00
4.243999999999999773e+01 0.000000000000000000e+00
4.245000000000000284e+01 0.000000000000000000e+00
4.246000000000000085e+01 0.000000000000000000e+00
4.246999999999999886e+01 0.000000000000000000e+00
4.248000000000000398e+01 0.000000000000000000e+00
4.249000000000000199e+01 0.000000000000000000e+00
4.250000000000000000e+01 0.000000000000000000e+00
4.250999999999999801e+01 0.000000000000000000e+00
4.252000000000000313e+01 0.000000000000000000e+00
4.253000000000000114e+01 0.000000000000000000e+00
4.253999999999999915e+01 0.000000000000000000e+00
4.255000000000000426e+01 0.000000000000000000e+00
4.256000000000000227e+01 0.000000000000000000e+00
4.257000000000000028e+01 0.000000000000000000e+00
4.257999999999999829e+01 0.000000000000000000e+00
4.259000000000000341e+01 0.000000000000000000e+00
4.260000000000000142e+01 0.000000000000000000e+00
4.260999999999999943e+01 0.000000000000000000e+00
4.261999999999999744e+01 0.000000000000000000e+00
4.263000000000000256e+01 0.000000000000000000e+00
4.264000000000000057e+01 0.000000000000000000e+00
4.264999999999999858e+01 0.000000000000000000e+00
4.266000000000000369e+01 0.000000000000000000e+00
4.267000000000000171e+01 0.000000000000000000e+00
4.267999999999999972e+01 0.000000000000000000e+00
4.268999999999999773e+01 0.000000000000000000e+00
4.270000000000000284e+01 0.000000000000000000e+00
4.271000000000000085e+01 0.000000000000000000e+00
4.271999999999999886e+01 0.000000000000000000e+00
4.273000000000000398e+01 0.000000000000000000e+00
4.274000000000000199e+01 0.000000000000000000e+00
4.275000000000000000e+01 0.000000000000000000e+00
4.275999999999999801e+01 0.000000000000000000e+00
4.277000000000000313e+01 0.000000000000000000e+00
4.278000000000000114e+01 0.000000000000000000e+00
4.278999999999999915e+01 0.000000000000000000e+00
4.280000000000000426e+01 0.000000000000000000e+00
4.281000000000000227e+01 0.000000000000000000e+00
4.282000000000000028e+01 0.000000000000000000e+00
4.282999999999999829e+01 0.000000000000000000e+00
4.284000000000000341e+01 0.000000000000000000e+00
4.285000000000000142e+01 0.000000000000000000e+00
4.285999999999999943e+01 0.000000000000000000e+00
4.286999999999999744e+01 0.000000000000000000e+00
4.288000000000000256e+01 0.000000000000000000e+00
4.289000000000000057e+01 0.000000000000000000e+00
4.289999999999999858e+01 0.000000000000000000e+00
4.291000000000000369e+01 0.000000000000000000e+00
4.292000000000000171e+01 0.000000000000000000e+00
4.292999999999999972e+01 0.000000000000000000e+00
4.293999999999999773e+01 0.000000000000000000e+00
4.295000000000000284e+01 0.000000000000000000e+00
4.296000000000000085e+01 0.000000000000000000e+00
4.296999999999999886e+01 0.000000000000000000e+00
4.298000000000000398e+01 0.000000000000000000e+00
4.299000000000000199e+01 0.000000000000000000e+00
4.300000000000000000e+01 0.000000000000000000e+00
4.300999999999999801e+01 0.000000000000000000e+00
4.302000000000000313e+01 0.000000000000000000e+00
4.303000000000000114e+01 0.000000000000000000e+00
4.303999999999999915e+01 0.000000000000000000e+00
4.305000000000000426e+01 0.000000000000000000e+00
4.306000000000000227e+01 0.000000000000000000e+00
4.307000000000000028e+01 0.000000000000000000e+00
4.307999999999999829e+01 0.000000000000000000e+00
4.309000000000000341e+01 0.000000000000000000e+00
4.310000000000000142e+01 0.000000000000000000e+00
4.310999999999999943e+01 0.000000000000000000e+00
4.311999999999999744e+01 0.000000000000000000e+00
4.313000000000000256e+01 0.000000000000000000e+00
4.314000000000000057e+01 0.000000000000000000e+00
4.314999999999999858e+01 0.000000000000000000e+00
4.316000000000000369e+01 0.000000000000000000e+00
4.317000000000000171e+01 0.000000000000000000e+00
4.317999999999999972e+01 0.000000000000000000e+00
4.318999999999999773e+01 0.000000000000000000e+00
4.320000000000000284e+01 0.000000000000000000e+00
4.321000000000000085e+01 0.000000000000000000e+00
4.321999999999999886e+01 0.000000000000000000e+00
4.323000000000000398e+01 0.000000000000000000e+00
4.324000000000000199e+01 0.000000000000000000e+00
4.325000000000000000e+01 0.000000000000000000e+00
4.325999999999999801e+01 0.000000000000000000e+00
4.327000000000000313e+01 0.000000000000000000e+00
4.328000000000000114e+01 0.000000000000000000e+00
4.328999999999999915e+01 0.000000000000000000e+00
4.330000000000000426e+01 0.000000000000000000e+00
4.331000000000000227e+01 0.000000000000000000e+00
4.332000000000000028e+01 0.000000000000000000e+00
4.332999999999999829e+01 0.000000000000000000e+00
4.334000000000000341e+01 0.000000000000000000e+00
4.335000000000000142e+01 0.000000000000000000e+00
4.335999999999999943e+01 0.000000000000000000e+00
4.336999999999999744e+01 0.000000000000000000e+00
4.338000000000000256e+01 0.000000000000000000e+00
4.339000000000000057e+01 0.000000000000000000e+00
4.339999999999999858e+01 0.000000000000000000e+00
4.341000000000000369e+01 0.000000000000000000e+00
4.342000000000000171e+01 0.000000000000000000e+00
4.342999999999999972e+01 0.000000000000000000e+00
4.343999999999999773e+01 0.000000000000000000e+00
4.345000000000000284e+01 0.000000000000000000e+00
4.346000000000000085e+01 0.000000000000000000e+00
4.346999999999999886e+01 0.000000000000000000e+00
4.348000000000000398e+01 0.000000000000000000e+00
4.349000000000000199e+01 0.000000000000000000e+00
4.350000000000000000e+01 0.000000000000000000e+00
4.350999999999999801e+01 0.000000000000000000e+00
4.352000000000000313e+01 0.000000000000000000e+00
4.353000000000000114e+01 0.000000000000000000e+00
4.353999999999999915e+01 0.000000000000000000e+00
4.355000000000000426e+01 0.000000000000000000e+00
4.356000000000000227e+01 0.000000000000000000e+00
4.357000000000000028e+01 0.000000000000000000e+00
4.357999999999999829e+01 0.000000000000000000e+00
4.359000000000000341e+01 0.000000000000000000e+00
4.360000000000000142e+01 0.000000000000000000e+00
4.360999999999999943e+01 0.000000000000000000e+00
4.361999999999999744e+01 0.000000000000000000e+00
4.363000000000000256e+01 0.000000000000000000e+00
4.364000000000000057e+01 0.000000000000000000e+00
4.364999999999999858e+01 0.000000000000000000e+00
4.366000000000000369e+01 0.000000000000000000e+00
4.367000000000000171e+01 0.000000000000000000e+00
4.367999999999999972e+01 0.000000000000000000e+00
4.368999999999999773e+01 0.000000000000000000e+00
4.370000000000000284e+01 0.000000000000000000e+00
4.371000000000000085e+01 0.000000000000000000e+00
4.371999999999999886e+01 0.000000000000000000e+00
4.373000000000000398e+01 0.000000000000000000e+00
4.374000000000000199e+01 0.000000000000000000e+00
4.375000000000000000e+01 0.000000000000000000e+00
4.375999999999999801e+01 0.000000000000000000e+00
4.377000000000000313e+01 0.000000000000000000e+00
4.378000000000000114e+01 0.000000000000000000e+00
4.378999999999999915e+01 0.000000000000000000e+00
4.380000000000000426e+01 0.000000000000000000e+00
4.381000000000000227e+01 0.000000000000000000e+00
4.382000000000000028e+01 0.000000000000000000e+00
4.382999999999999829e+01 0.000000000000000000e+00
4.384000000000000341e+01 0.000000000000000000e+00
4.385000000000000142e+01 0.000000000000000000e+00
4.385999999999999943e+01 0.000000000000000000e+00
4.386999999999999744e+01 0.000000000000000000e+00
4.388000000000000256e+01 0.000000000000000000e+00
4.389000000000000057e+01 0.000000000000000000e+00
4.389999999999999858e+01 0.000000000000000000e+00
4.391000000000000369e+01 0.000000000000000000e+00
4.392000000000000171e+01 0.000000000000000000e+00
4.392999999999999972e+01 0.000000000000000000e+00
4.393999999999999773e+01 0.000000000000000000e+00
4.395000000000000284e+01 0.000000000000000000e+00
4.396000000000000085e+01 0.000000000000000000e+00
4.396999999999999886e+01 0.000000000000000000e+00
4.398000000000000398e+01 0.000000000000000000e+00
4.399000000000000199e+01 0.000000000000000000e+00
4.400000000000000000e+01 0.000000000000000000e+00
4.400999999999999801e+01 0.000000000000000000e+00
4.402000000000000313e+01 0.000000000000000000e+00
4.403000000000000114e+01 0.000000000000000000e+00
4.403999999999999915e+01 0.000000000000000000e+00
4.405000000000000426e+01 0.000000000000000000e+00
4.406000000000000227e+01 0.000000000000000000e+00
4.407000000000000028e+01 0.000000000000000000e+00
4.407999999999999829e+01 0.000000000000000000e+00
4.409000000000000341e+01 0.000000000000000000e+00
4.410000000000000142e+01 0.000000000000000000e+00
4.410999999999999943e+01 0.000000000000000000e+00
4.411999999999999744e+01 0.000000000000000000e+00
4.413000000000000256e+01 0.000000000000000000e+00
4.414000000000000057e+01 0.000000000000000000e+00
4.414999999999999858e+01 0.000000000000000000e+00
4.416000000000000369e+01 0.000000000000000000e+00
4.417000000000000171e+01 0.000000000000000000e+00
4.417999999999999972e+01 0.000000000000000000e+00
4.418999999999999773e+01 0.000000000000000000e+00
4.420000000000000284e+01 0.000000000000000000e+00
4.421000000000000085e+01 0.000000000000000000e+00
4.421999999999999886e+01 0.000000000000000000e+00
4.423000000000000398e+01 0.000000000000000000e+00
4.424000000000000199e+01 0.000000000000000000e+00
4.425000000000000000e+01 0.000000000000000000e+00
4.425999999999999801e+01 0.000000000000000000e+00
4.427000000000000313e+01 0.000000000000000000e+00
4.428000000000000114e+01 0.000000000000000000e+00
4.428999999999999915e+01 0.000000000000000000e+00
4.430000000000000426e+01 0.000000000000000000e+00
4.431000000000000227e+01 0.000000000000000000e+00
4.432000000000000028e+01 0.000000000000000000e+00
4.432999999999999829e+01 0.000000000000000000e+00
4.434000000000000341e+01 0.000000000000000000e+00
4.435000000000000142e+01 0.000000000000000000e+00
4.435999999999999943e+01 0.000000000000000000e+00
4.436999999999999744e+01 0.000000000000000000e+00
4.438000000000000256e+01 0.000000000000000000e+00
4.439000000000000057e+01 0.000000000000000000e+00
4.439999999999999858e+01 0.000000000000000000e+00
4.441000000000000369e+01 0.000000000000000000e+00
4.442000000000000171e+01 0.000000000000000000e+00
4.442999999999999972e+01 0.000000000000000000e+00
4.443999999999999773e+01 0.000000000000000000e+00
4.445000000000000284e+01 0.000000000000000000e+00
4.446000000000000085e+01 0.000000000000000000e+00
4.446999999999999886e+01 0.000000000000000000e+00
4.448000000000000398e+01 0.000000000000000000e+00
4.449000000000000199e+01 0.000000000000000000e+00
4.450000000000000000e+01 0.000000000000000000e+00
4.450999999999999801e+01 0.000000000000000000e+00
4.452000000000000313e+01 0.000000000000000000e+00
4.453000000000000114e+01 0.000000000000000000e+00
4.453999999999999915e+01 0.000000000000000000e+00
4.455000000000000426e+01 0.000000000000000000e+00
4.456000000000000227e+01 0.000000000000000000e+00
4.457000000000000028e+01 0.000000000000000000e+00
4.457999999999999829e+01 0.000000000000000000e+00
4.459000000000000341e+01 0.000000000000000000e+00
4.460000000000000142e+01 0.000000000000000000e+00
4.460999999999999943e+01 0.000000000000000000e+00
4.461999999999999744e+01 0.000000000000000000e+00
4.463000000000000256e+01 0.000000000000000000e+00
4.464000000000000057e+01 0.000000000000000000e+00
4.464999999999999858e+01 0.000000000000000000e+00
4.466000000000000369e+01 0.000000000000000000e+00
4.467000000000000171e+01 0.000000000000000000e+00
4.467999999999999972e+01 0.000000000000000000e+00
4.468999999999999773e+01 0.000000000000000000e+00
4.470000000000000284e+01 0.000000000000000000e+00
4.471000000000000085e+01 0.000000000000000000e+00
4.471999999999999886e+01 0.000000000000000000e+00
4.473000000000000398e+01 0.000000000000000000e+00
4.474000000000000199e+01 0.000000000000000000e+00
4.475000000000000000e+01 0.000000000000000000e+00
4.475999999999999801e+01 0.000000000000000000e+00
4.477000000000000313e+01 0.000000000000000000e+00
4.478000000000000114e+01 0.000000000000000000e+00
4.478999999999999915e+01 0.000000000000000000e+00
4.480000000000000426e+01 0.000000000000000000e+00
4.481000000000000227e+01 0.000000000000000000e+00
4.482000000000000028e+01 0.000000000000000000e+00
4.482999999999999829e+01 0.000000000000000000e+00
4.484000000000000341e+01 0.000000000000000000e+00
4.485000000000000142e+01 0.000000000000000000e+00
4.485999999999999943e+01 0.000000000000000000e+00
4.486999999999999744e+01 0.000000000000000000e+00
4.488000000000000256e+01 0.000000000000000000e+00
4.489000000000000057e+01 0.000000000000000000e+00
4.489999999999999858e+01 0.000000000000000000e+00
4.491000000000000369e+01 0.000000000000000000e+00
4.492000000000000171e+01 0.000000000000000000e+00
4.492999999999999972e+01 0.000000000000000000e+00
4.493999999999999773e+01 0.000000000000000000e+00
4.495000000000000284e+01 0.000000000000000000e+00
4.496000000000000085e+01 0.000000000000000000e+00
4.496999999999999886e+01 0.000000000000000000e+00
4.498000000000000398e+01 0.000000000000000000e+00
4.499000000000000199e+01 0.000000000000000000e+00
4.500000000000000000e+01 0.000000000000000000e+00
4.500999999999999801e+01 0.000000000000000000e+00
4.502000000000000313e+01 0.000000000000000000e+00
4.503000000000000114e+01 0.000000000000000000e+00
4.503999999999999915e+01 0.000000000000000000e+00
4.505000000000000426e+01 0.000000000000000000e+00
4.506000000000000227e+01 0.000000000000000000e+00
4.507000000000000028e+01 0.000000000000000000e+00
4.507999999999999829e+01 0.000000000000000000e+00
4.509000000000000341e+01 0.000000000000000000e+00
4.510000000000000142e+01 0.000000000000000000e+00
4.510999999999999943e+01 0.000000000000000000e+00
4.511999999999999744e+01 0.000000000000000000e+00
4.513000000000000256e+01 0.000000000000000000e+00
4.514000000000000057e+01 0.000000000000000000e+00
4.514999999999999858e+01 0.000000000000000000e+00
4.516000000000000369e+01 0.000000000000000000e+00
4.517000000000000171e+01 0.000000000000000000e+00
4.517999999999999972e+01 0.000000000000000000e+00
4.518999999999999773e+01 0.000000000000000000e+00
4.520000000000000284e+01 0.000000000000000000e+00
4.521000000000000085e+01 0.000000000000000000e+00
4.521999999999999886e+01 0.000000000000000000e+00
4.523000000000000398e+01 0.000000000000000000e+00
4.524000000000000199e+01 0.000000000000000000e+00
4.525000000000000000e+01 0.000000000000000000e+00
4.525999999999999801e+01 0.000000000000000000e+00
4.527000000000000313e+01 0.000000000000000000e+00
4.528000000000000114e+01 0.000000000000000000e+00
4.528999999999999915e+01 0.000000000000000000e+00
4.530000000000000426e+01 0.000000000000000000e+00
4.531000000000000227e+01 0.000000000000000000e+00
4.532000000000000028e+01 0.000000000000000000e+00
4.532999999999999829e+01 0.000000000000000000e+00
4.534000000000000341e+01 0.000000000000000000e+00
4.535000000000000142e+01 0.000000000000000000e+00
4.535999999999999943e+01 0.000000000000000000e+00
4.536999999999999744e+01 0.000000000000000000e+00
4.538000000000000256e+01 0.000000000000000000e+00
4.539000000000000057e+01 0.000000000000000000e+00
4.539999999999999858e+01 0.000000000000000000e+00
4.541000000000000369e+01 0.000000000000000000e+00
4.542000000000000171e+01 0.000000000000000000e+00
4.542999999999999972e+01 0.000000000000000000e+00
4.543999999999999773e+01 0.000000000000000000e+00
4.545000000000000284e+01 0.000000000000000000e+00
4.546000000000000085e+01 0.000000000000000000e+00
4.546999999999999886e+01 0.000000000000000000e+00
4.548000000000000398e+01 0.000000000000000000e+00
4.549000000000000199e+01 0.000000000000000000e+00
4.550000000000000000e+01 0.000000000000000000e+00
4.550999999999999801e+01 0.000000000000000000e+00
4.552000000000000313e+01 0.000000000000000000e+00
4.553000000000000114e+01 0.000000000000000000e+00
4.553999999999999915e+01 0.000000000000000000e+00
4.555000000000000426e+01 0.000000000000000000e+00
4.556000000000000227e+01 0.000000000000000000e+00
4.557000000000000028e+01 0.000000000000000000e+00
4.557999999999999829e+01 0.000000000000000000e+00
4.559000000000000341e+01 0.000000000000000000e+00
4.560000000000000142e+01 0.000000000000000000e+00
4.560999999999999943e+01 0.000000000000000000e+00
4.561999999999999744e+01 0.000000000000000000e+00
4.563000000000000256e+01 0.000000000000000000e+00
4.564000000000000057e+01 0.000000000000000000e+00
4.564999999999999858e+01 0.000000000000000000e+00
4.566000000000000369e+01 0.000000000000000000e+00
4.567000000000000171e+01 0.000000000000000000e+00
4.567999999999999972e+01 0.000000000000000000e+00
4.568999999999999773e+01 0.000000000000000000e+00
4.570000000000000284e+01 0.000000000000000000e+00
4.571000000000000085e+01 0.000000000000000000e+00
4.571999999999999886e+01 0.000000000000000000e+00
4.573000000000000398e+01 0.000000000000000000e+00
4.574000000000000199e+01 0.000000000000000000e+00
4.575000000000000000e+01 0.000000000000000000e+00
4.575999999999999801e+01 0.000000000000000000e+00
4.577000000000000313e+01 0.000000000000000000e+00
4.578000000000000114e+01 0.000000000000000000e+00
4.578999999999999915e+01 0.000000000000000000e+00
4.580000000000000426e+01 0.000000000000000000e+00
4.581000000000000227e+01 0.000000000000000000e+00
4.582000000000000028e+01 0.000000000000000000e+00
4.582999999999999829e+01 0.000000000000000000e+00
4.584000000000000341e+01 0.000000000000000000e+00
4.585000000000000142e+01 0.000000000000000000e+00
4.585999999999999943e+01 0.000000000000000000e+00
4.586999999999999744e+01 0.000000000000000000e+00
4.588000000000000256e+01 0.000000000000000000e+00
4.589000000000000057e+01 0.000000000000000000e+00
4.589999999999999858e+01 0.000000000000000000e+00
4.591000000000000369e+01 0.000000000000000000e+00
4.592000000000000171e+01 0.000000000000000000e+00
4.592999999999999972e+01 0.000000000000000000e+00
4.593999999999999773e+01 0.000000000000000000e+00
4.595000000000000284e+01 0.000000000000000000e+00
4.596000000000000085e+01 0.000000000000000000e+00
4.596999999999999886e+01 0.000000000000000000e+00
4.598000000000000398e+01 0.000000000000000000e+00
4.599000000000000199e+01 0.000000000000000000e+00
4.600000000000000000e+01 0.000000000000000000e+00
4.600999999999999801e+01 0.000000000000000000e+00
4.602000000000000313e+01 0.000000000000000000e+00
4.603000000000000114e+01 0.000000000000000000e+00
4.603999999999999915e+01 0.000000000000000000e+00
4.605000000000000426e+01 0.000000000000000000e+00
4.606000000000000227e+01 0.000000000000000000e+00
4.607000000000000028e+01 0.000000000000000000e+00
4.607999999999999829e+01 0.000000000000000000e+00
4.609000000000000341e+01 0.000000000000000000e+00
4.610000000000000142e+01 0.000000000000000000e+00
4.610999999999999943e+01 0.000000000000000000e+00
4.611999999999999744e+01 0.000000000000000000e+00
4.613000000000000256e+01 0.000000000000000000e+00
4.614000000000000057e+01 0.000000000000000000e+00
4.614999999999999858e+01 0.000000000000000000e+00
4.616000000000000369e+01 0.000000000000000000e+00
4.617000000000000171e+01 0.000000000000000000e+00
4.617999999999999972e+01 0.000000000000000000e+00
4.618999999999999773e+01 0.000000000000000000e+00
4.620000000000000284e+01 0.000000000000000000e+00
4.621000000000000085e+01 0.000000000000000000e+00
4.621999999999999886e+01 0.000000000000000000e+00
4.623000000000000398e+01 0.000000000000000000e+00
4.624000000000000199e+01 0.000000000000000000e+00
4.625000000000000000e+01 0.000000000000000000e+00
4.625999999999999801e+01 0.000000000000000000e+00
4.627000000000000313e+01 0.000000000000000000e+00
4.628000000000000114e+01 0.000000000000000000e+00
4.628999999999999915e+01 0.000000000000000000e+00
4.630000000000000426e+01 0.000000000000000000e+00
4.631000000000000227e+01 0.000000000000000000e+00
4.632000000000000028e+01 0.000000000000000000e+00
4.632999999999999829e+01 0.000000000000000000e+00
4.634000000000000341e+01 0.000000000000000000e+00
4.635000000000000142e+01 0.000000000000000000e+00
4.635999999999999943e+01 0.000000000000000000e+00
4.636999999999999744e+01 0.000000000000000000e+00
4.638000000000000256e+01 0.000000000000000000e+00
4.639000000000000057e+01 0.000000000000000000e+00
4.639999999999999858e+01 0.000000000000000000e+00
4.641000000000000369e+01 0.000000000000000000e+00
4.642000000000000171e+01 0.000000000000000000e+00
4.642999999999999972e+01 0.000000000000000000e+00
4.643999999999999773e+01 0.000000000000000000e+00
4.645000000000000284e+01 0.000000000000000000e+00
4.646000000000000085e+01 0.000000000000000000e+00
4.646999999999999886e+01 0.000000000000000000e+00
4.648000000000000398e+01 0.000000000000000000e+00
4.649000000000000199e+01 0.000000000000000000e+00
4.650000000000000000e+01 0.000000000000000000e+00
4.650999999999999801e+01 0.000000000000000000e+00
4.652000000000000313e+01 0.000000000000000000e+00
4.653000000000000114e+01 0.000000000000000000e+00
4.653999999999999915e+01 0.000000000000000000e+00
4.655000000000000426e+01 0.000000000000000000e+00
4.656000000000000227e+01 0.000000000000000000e+00
4.657000000000000028e+01 0.000000000000000000e+00
4.657999999999999829e+01 0.000000000000000000e+00
4.659000000000000341e+01 0.000000000000000000e+00
4.660000000000000142e+01 0.000000000000000000e+00
4.660999999999999943e+01 0.000000000000000000e+00
4.661999999999999744e+01 0.000000000000000000e+00
4.663000000000000256e+01 0.000000000000000000e+00
4.664000000000000057e+01 0.000000000000000000e+00
4.664999999999999858e+01 0.000000000000000000e+00
4.666000000000000369e+01 0.000000000000000000e+00
4.667000000000000171e+01 0.000000000000000000e+00
4.667999999999999972e+01 0.000000000000000000e+00
4.668999999999999773e+01 0.000000000000000000e+00
4.670000000000000284e+01 0.000000000000000000e+00
4.671000000000000085e+01 0.000000000000000000e+00
4.671999999999999886e+01 0.000000000000000000e+00
4.673000000000000398e+01 0.000000000000000000e+00
4.674000000000000199e+01 0.000000000000000000e+00
4.675000000000000000e+01 0.000000000000000000e+00
4.675999999999999801e+01 0.000000000000000000e+00
4.677000000000000313e+01 0.000000000000000000e+00
4.678000000000000114e+01 0.000000000000000000e+00
4.678999999999999915e+01 0.000000000000000000e+00
4.680000000000000426e+01 0.000000000000000000e+00
4.681000000000000227e+01 0.000000000000000000e+00
4.682000000000000028e+01 0.000000000000000000e+00
4.682999999999999829e+01 0.000000000000000000e+00
4.684000000000000341e+01 0.000000000000000000e+00
4.685000000000000142e+01 0.000000000000000000e+00
4.685999999999999943e+01 0.000000000000000000e+00
4.686999999999999744e+01 0.000000000000000000e+00
4.688000000000000256e+01 0.000000000000000000e+00
4.689000000000000057e+01 0.000000000000000000e+00
4.689999999999999858e+01 0.000000000000000000e+00
4.691000000000000369e+01 0.000000000000000000e+00
4.692000000000000171e+01 0.000000000000000000e+00
4.692999999999999972e+01 0.000000000000000000e+00
4.693999999999999773e+01 0.000000000000000000e+00
4.695000000000000284e+01 0.000000000000000000e+00
4.696000000000000085e+01 0.000000000000000000e+00
4.696999999999999886e+01 0.000000000000000000e+00
4.698000000000000398e+01 0.000000000000000000e+00
4.699000000000000199e+01 0.000000000000000000e+00
4.700000000000000000e+01 0.000000000000000000e+00
4.700999999999999801e+01 0.000000000000000000e+00
4.702000000000000313e+01 0.000000000000000000e+00
4.703000000000000114e+01 0.000000000000000000e+00
4.703999999999999915e+01 0.000000000000000000e+00
4.705000000000000426e+01 0.000000000000000000e+00
4.706000000000000227e+01 0.000000000000000000e+00
4.707000000000000028e+01 0.000000000000000000e+00
4.707999999999999829e+01 0.000000000000000000e+00
4.709000000000000341e+01 0.000000000000000000e+00
4.710000000000000142e+01 0.000000000000000000e+00
4.710999999999999943e+01 0.000000000000000000e+00
4.711999999999999744e+01 0.000000000000000000e+00
4.713000000000000256e+01 0.000000000000000000e+00
4.714000000000000057e+01 0.000000000000000000e+00
4.714999999999999858e+01 0.000000000000000000e+00
4.716000000000000369e+01 0.000000000000000000e+00
4.717000000000000171e+01 0.000000000000000000e+00
4.717999999999999972e+01 0.000000000000000000e+00
4.718999999999999773e+01 0.000000000000000000e+00
4.720000000000000284e+01 0.000000000000000000e+00
4.721000000000000085e+01 0.000000000000000000e+00
4.721999999999999886e+01 0.000000000000000000e+00
4.723000000000000398e+01 0.000000000000000000e+00
4.724000000000000199e+01 0.000000000000000000e+00
4.725000000000000000e+01 0.000000000000000000e+00
4.725999999999999801e+01 0.000000000000000000e+00
4.727000000000000313e+01 0.000000000000000000e+00
4.728000000000000114e+01 0.000000000000000000e+00
4.728999999999999915e+01 0.000000000000000000e+00
4.730000000000000426e+01 0.000000000000000000e+00
4.731000000000000227e+01 0.000000000000000000e+00
4.732000000000000028e+01 0.000000000000000000e+00
4.732999999999999829e+01 0.000000000000000000e+00
4.734000000000000341e+01 0.000000000000000000e+00
4.735000000000000142e+01 0.000000000000000000e+00
4.735999999999999943e+01 0.000000000000000000e+00
4.736999999999999744e+01 0.000000000000000000e+00
4.738000000000000256e+01 0.000000000000000000e+00
4.739000000000000057e+01 0.000000000000000000e+00
4.739999999999999858e+01 0.000000000000000000e+00
4.741000000000000369e+01 0.000000000000000000e+00
4.742000000000000171e+01 0.000000000000000000e+00
4.742999999999999972e+01 0.000000000000000000e+00
4.743999999999999773e+01 0.000000000000000000e+00
4.745000000000000284e+01 0.000000000000000000e+00
4.746000000000000085e+01 0.000000000000000000e+00
4.746999999999999886e+01 0.000000000000000000e+00
4.748000000000000398e+01 0.000000000000000000e+00
4.749000000000000199e+01 0.000000000000000000e+00
4.750000000000000000e+01 0.000000000000000000e+00
4.750999999999999801e+01 0.000000000000000000e+00
4.752000000000000313e+01 0.000000000000000000e+00
4.753000000000000114e+01 0.000000000000000000e+00
4.753999999999999915e+01 0.000000000000000000e+00
4.755000000000000426e+01 0.000000000000000000e+00
4.756000000000000227e+01 0.000000000000000000e+00
4.757000000000000028e+01 0.000000000000000000e+00
4.757999999999999829e+01 0.000000000000000000e+00
4.759000000000000341e+01 0.000000000000000000e+00
4.760000000000000142e+01 0.000000000000000000e+00
4.760999999999999943e+01 0.000000000000000000e+00
4.761999999999999744e+01 0.000000000000000000e+00
4.763000000000000256e+01 0.000000000000000000e+00
4.764000000000000057e+01 0.000000000000000000e+00
4.764999999999999858e+01 0.000000000000000000e+00
4.766000000000000369e+01 0.000000000000000000e+00
4.767000000000000171e+01 0.000000000000000000e+00
4.767999999999999972e+01 0.000000000000000000e+00
4.768999999999999773e+01 0.000000000000000000e+00
4.770000000000000284e+01 0.000000000000000000e+00
4.771000000000000085e+01 0.000000000000000000e+00
4.771999999999999886e+01 0.000000000000000000e+00
4.773000000000000398e+01 0.000000000000000000e+00
4.774000000000000199e+01 0.000000000000000000e+00
4.775000000000000000e+01 0.000000000000000000e+00
4.775999999999999801e+01 0.000000000000000000e+00
4.777000000000000313e+01 0.000000000000000000e+00
4.778000000000000114e+01 0.000000000000000000e+00
4.778999999999999915e+01 0.000000000000000000e+00
4.780000000000000426e+01 0.000000000000000000e+00
4.781000000000000227e+01 0.000000000000000000e+00
4.782000000000000028e+01 0.000000000000000000e+00
4.782999999999999829e+01 0.000000000000000000e+00
4.784000000000000341e+01 0.000000000000000000e+00
4.785000000000000142e+01 0.000000000000000000e+00
4.785999999999999943e+01 0.000000000000000000e+00
4.787000000000000455e+01 0.000000000000000000e+00
4.788000000000000256e+01 0.000000000000000000e+00
4.789000000000000057e+01 0.000000000000000000e+00
4.789999999999999858e+01 0.000000000000000000e+00
4.791000000000000369e+01 0.000000000000000000e+00
4.792000000000000171e+01 0.000000000000000000e+00
4.792999999999999972e+01 0.000000000000000000e+00
4.793999999999999773e+01 0.000000000000000000e+00
4.795000000000000284e+01 0.000000000000000000e+00
4.796000000000000085e+01 0.000000000000000000e+00
4.796999999999999886e+01 0.000000000000000000e+00
4.798000000000000398e+01 0.000000000000000000e+00
4.799000000000000199e+01 0.000000000000000000e+00
4.800000000000000000e+01 0.000000000000000000e+00
4.800999999999999801e+01 0.000000000000000000e+00
4.802000000000000313e+01 0.000000000000000000e+00
4.803000000000000114e+01 0.000000000000000000e+00
4.803999999999999915e+01 0.000000000000000000e+00
4.805000000000000426e+01 0.000000000000000000e+00
4.806000000000000227e+01 0.000000000000000000e+00
4.807000000000000028e+01 0.000000000000000000e+00
4.807999999999999829e+01 0.000000000000000000e+00
4.809000000000000341e+01 0.000000000000000000e+00
4.810000000000000142e+01 0.000000000000000000e+00
4.810999999999999943e+01 0.000000000000000000e+00
4.812000000000000455e+01 0.000000000000000000e+00
4.813000000000000256e+01 0.000000000000000000e+00
4.814000000000000057e+01 0.000000000000000000e+00
4.814999999999999858e+01 0.000000000000000000e+00
4.816000000000000369e+01 0.000000000000000000e+00
4.817000000000000171e+01 0.000000000000000000e+00
4.817999999999999972e+01 0.000000000000000000e+00
4.818999999999999773e+01 0.000000000000000000e+00
4.820000000000000284e+01 0.000000000000000000e+00
4.821000000000000085e+01 0.000000000000000000e+00
4.821999999999999886e+01 0.000000000000000000e+00
4.823000000000000398e+01 0.000000000000000000e+00
4.824000000000000199e+01 0.000000000000000000e+00
4.825000000000000000e+01 0.000000000000000000e+00
4.825999999999999801e+01 0.000000000000000000e+00
4.827000000000000313e+01 0.000000000000000000e+00
4.828000000000000114e+01 0.000000000000000000e+00
4.828999999999999915e+01 0.000000000000000000e+00
4.830000000000000426e+01 0.000000000000000000e+00
4.831000000000000227e+01 0.000000000000000000e+00
4.832000000000000028e+01 0.000000000000000000e+00
4.832999999999999829e+01 0.000000000000000000e+00
4.834000000000000341e+01 0.000000000000000000e+00
4.835000000000000142e+01 0.000000000000000000e+00
4.835999999999999943e+01 0.000000000000000000e+00
4.837000000000000455e+01 0.000000000000000000e+00
4.838000000000000256e+01 0.000000000000000000e+00
4.839000000000000057e+01 0.000000000000000000e+00
4.839999999999999858e+01 0.000000000000000000e+00
4.841000000000000369e+01 0.000000000000000000e+00
4.842000000000000171e+01 0.000000000000000000e+00
4.842999999999999972e+01 0.000000000000000000e+00
4.843999999999999773e+01 0.000000000000000000e+00
4.845000000000000284e+01 0.000000000000000000e+00
4.846000000000000085e+01 0.000000000000000000e+00
4.846999999999999886e+01 0.000000000000000000e+00
4.848000000000000398e+01 0.000000000000000000e+00
4.849000000000000199e+01 0.000000000000000000e+00
4.850000000000000000e+01 0.000000000000000000e+00
4.850999999999999801e+01 0.000000000000000000e+00
4.852000000000000313e+01 0.000000000000000000e+00
4.853000000000000114e+01 0.000000000000000000e+00
4.853999999999999915e+01 0.000000000000000000e+00
4.855000000000000426e+01 0.000000000000000000e+00
4.856000000000000227e+01 0.000000000000000000e+00
4.857000000000000028e+01 0.000000000000000000e+00
4.857999999999999829e+01 0.000000000000000000e+00
4.859000000000000341e+01 0.000000000000000000e+00
4.860000000000000142e+01 0.000000000000000000e+00
4.860999999999999943e+01 0.000000000000000000e+00
4.862000000000000455e+01 0.000000000000000000e+00
4.863000000000000256e+01 0.000000000000000000e+00
4.864000000000000057e+01 0.000000000000000000e+00
4.864999999999999858e+01 0.000000000000000000e+00
4.866000000000000369e+01 0.000000000000000000e+00
4.867000000000000171e+01 0.000000000000000000e+00
4.867999999999999972e+01 0.000000000000000000e+00
4.868999999999999773e+01 0.000000000000000000e+00
4.870000000000000284e+01 0.000000000000000000e+00
4.871000000000000085e+01 0.000000000000000000e+00
4.871999999999999886e+01 0.000000000000000000e+00
4.873000000000000398e+01 0.000000000000000000e+00
4.874000000000000199e+01 0.000000000000000000e+00
4.875000000000000000e+01 0.000000000000000000e+00
4.875999999999999801e+01 0.000000000000000000e+00
4.877000000000000313e+01 0.000000000000000000e+00
4.878000000000000114e+01 0.000000000000000000e+00
4.878999999999999915e+01 0.000000000000000000e+00
4.880000000000000426e+01 0.000000000000000000e+00
4.881000000000000227e+01 0.000000000000000000e+00
4.882000000000000028e+01 0.000000000000000000e+00
4.882999999999999829e+01 0.000000000000000000e+00
4.884000000000000341e+01 0.000000000000000000e+00
4.885000000000000142e+01 0.000000000000000000e+00
4.885999999999999943e+01 0.000000000000000000e+00
4.887000000000000455e+01 0.000000000000000000e+00
4.888000000000000256e+01 0.000000000000000000e+00
4.889000000000000057e+01 0.000000000000000000e+00
4.889999999999999858e+01 0.000000000000000000e+00
4.891000000000000369e+01 0.000000000000000000e+00
4.892000000000000171e+01 0.000000000000000000e+00
4.892999999999999972e+01 0.000000000000000000e+00
4.893999999999999773e+01 0.000000000000000000e+00
4.895000000000000284e+01 0.000000000000000000e+00
4.896000000000000085e+01 0.000000000000000000e+00
4.896999999999999886e+01 0.000000000000000000e+00
4.898000000000000398e+01 0.000000000000000000e+00
4.899000000000000199e+01 0.000000000000000000e+00
4.900000000000000000e+01 0.000000000000000000e+00
4.900999999999999801e+01 0.000000000000000000e+00
4.902000000000000313e+01 0.000000000000000000e+00
4.903000000000000114e+01 0.000000000000000000e+00
4.903999999999999915e+01 0.000000000000000000e+00
4.905000000000000426e+01 0.000000000000000000e+00
4.906000000000000227e+01 0.000000000000000000e+00
4.907000000000000028e+01 0.000000000000000000e+00
4.907999999999999829e+01 0.000000000000000000e+00
4.909000000000000341e+01 0.000000000000000000e+00
4.910000000000000142e+01 0.000000000000000000e+00
4.910999999999999943e+01 0.000000000000000000e+00
4.912000000000000455e+01 0.000000000000000000e+00
4.913000000000000256e+01 0.000000000000000000e+00
4.914000000000000057e+01 0.000000000000000000e+00
4.914999999999999858e+01 0.000000000000000000e+00
4.916000000000000369e+01 0.000000000000000000e+00
4.917000000000000171e+01 0.000000000000000000e+00
4.917999999999999972e+01 0.000000000000000000e+00
4.918999999999999773e+01 0.000000000000000000e+00
4.920000000000000284e+01 0.000000000000000000e+00
4.921000000000000085e+01 0.000000000000000000e+00
4.921999999999999886e+01 0.000000000000000000e+00
4.923000000000000398e+01 0.000000000000000000e+00
4.924000000000000199e+01 0.000000000000000000e+00
4.925000000000000000e+01 0.000000000000000000e+00
4.925999999999999801e+01 0.000000000000000000e+00
4.927000000000000313e+01 0.000000000000000000e+00
4.928000000000000114e+01 0.000000000000000000e+00
4.928999999999999915e+01 0.000000000000000000e+00
4.930000000000000426e+01 0.000000000000000000e+00
4.931000000000000227e+01 0.000000000000000000e+00
4.932000000000000028e+01 0.000000000000000000e+00
4.932999999999999829e+01 0.000000000000000000e+00
4.934000000000000341e+01 0.000000000000000000e+00
4.935000000000000142e+01 0.000000000000000000e+00
4.935999999999999943e+01 0.000000000000000000e+00
4.937000000000000455e+01 0.000000000000000000e+00
4.938000000000000256e+01 0.000000000000000000e+00
4.939000000000000057e+01 0.000000000000000000e+00
4.939999999999999858e+01 0.000000000000000000e+00
4.941000000000000369e+01 0.000000000000000000e+00
4.942000000000000171e+01 0.000000000000000000e+00
4.942999999999999972e+01 0.000000000000000000e+00
4.943999999999999773e+01 0.000000000000000000e+00
4.945000000000000284e+01 0.000000000000000000e+00
4.946000000000000085e+01 0.000000000000000000e+00
4.946999999999999886e+01 0.000000000000000000e+00
4.948000000000000398e+01 0.000000000000000000e+00
4.949000000000000199e+01 0.000000000000000000e+00
4.950000000000000000e+01 0.000000000000000000e+00
4.950999999999999801e+01 0.000000000000000000e+00
4.952000000000000313e+01 0.000000000000000000e+00
4.953000000000000114e+01 0.000000000000000000e+00
4.953999999999999915e+01 0.000000000000000000e+00
4.955000000000000426e+01 0.000000000000000000e+00
4.956000000000000227e+01 0.000000000000000000e+00
4.957000000000000028e+01 0.000000000000000000e+00
4.957999999999999829e+01 0.000000000000000000e+00
4.959000000000000341e+01 0.000000000000000000e+00
4.960000000000000142e+01 0.000000000000000000e+00
4.960999999999999943e+01 0.000000000000000000e+00
4.962000000000000455e+01 0.000000000000000000e+00
4.963000000000000256e+01 0.000000000000000000e+00
4.964000000000000057e+01 0.000000000000000000e+00
4.964999999999999858e+01 0.000000000000000000e+00
4.966000000000000369e+01 0.000000000000000000e+00
4.967000000000000171e+01 0.000000000000000000e+00
4.967999999999999972e+01 0.000000000000000000e+00
4.968999999999999773e+01 0.000000000000000000e+00
4.970000000000000284e+01 0.000000000000000000e+00
4.971000000000000085e+01 0.000000000000000000e+00
4.971999999999999886e+01 0.000000000000000000e+00
4.973000000000000398e+01 0.000000000000000000e+00
4.974000000000000199e+01 0.000000000000000000e+00
4.975000000000000000e+01 0.000000000000000000e+00
4.975999999999999801e+01 0.000000000000000000e+00
4.977000000000000313e+01 0.000000000000000000e+00
4.978000000000000114e+01 0.000000000000000000e+00
4.978999999999999915e+01 0.000000000000000000e+00
4.980000000000000426e+01 0.000000000000000000e+00
4.981000000000000227e+01 0.000000000000000000e+00
4.982000000000000028e+01 0.000000000000000000e+00
4.982999999999999829e+01 0.000000000000000000e+00
4.984000000000000341e+01 0.000000000000000000e+00
4.985000000000000142e+01 0.000000000000000000e+00
4.985999999999999943e+01 0.000000000000000000e+00
4.987000000000000455e+01 0.000000000000000000e+00
4.988000000000000256e+01 0.000000000000000000e+00
4.989000000000000057e+01 0.000000000000000000e+00
4.989999999999999858e+01 0.000000000000000000e+00
4.991000000000000369e+01 0.000000000000000000e+00
4.992000000000000171e+01 0.000000000000000000e+00
4.992999999999999972e+01 0.000000000000000000e+00
4.993999999999999773e+01 0.000000000000000000e+00
4.995000000000000284e+01 0.000000000000000000e+00
4.996000000000000085e+01 0.000000000000000000e+00
4.996999999999999886e+01 0.000000000000000000e+00
4.998000000000000398e+01 0.000000000000000000e+00
4.999000000000000199e+01 0.000000000000000000e+00
5.000000000000000000e+01 0.000000000000000000e+00
